model,wall_seed,seat,prevalent_wind,score,rank,win,self_draw,deal_in,deal_in_fan,big_deal_in,draw,draw_tenpai,call_rate,decisions,mean_decision_ms,p95_decision_ms,max_decision_ms,invalid_or_timeout,steps
candidate,20260706,0,3,35.0,1.0,1,0,0,0,0,0,0,0.075,40,10.851603001356125,3.420701902359724,336.63174137473106,0,80
candidate,20260706,1,3,-17.0,4.0,0,0,1,9,0,0,0,0.09090909090909091,33,2.501752001769615,3.259066492319107,3.277946263551712,0,66
candidate,20260706,2,3,-19.0,4.0,0,0,1,11,0,0,0,0.0,40,2.6815265417099,3.9030744694173336,4.102859646081924,0,80
candidate,20260706,3,3,-8.0,2.5,0,0,0,0,0,0,0,0.0,40,2.5587049312889576,3.316110093146561,6.707506254315376,0,80
candidate,20260707,0,1,-8.0,2.5,0,0,0,0,0,0,0,0.019230769230769232,52,2.5615855836524415,3.3092839643359184,3.3351704478263855,0,104
candidate,20260707,1,1,-29.0,4.0,0,0,1,21,0,0,0,0.04477611940298507,67,2.6011974064271843,3.358962945640087,5.5100880563259125,0,134
candidate,20260707,2,1,-31.0,3.0,0,0,0,0,0,0,0,0.016666666666666666,60,2.515781670808792,3.2736883498728275,3.4277942031621933,0,121
candidate,20260707,3,1,45.0,1.0,1,0,0,0,0,0,0,0.014925373134328358,67,2.6598071762874946,4.005785100162029,5.683375522494316,0,134
candidate,20260708,0,0,102.0,1.0,1,1,0,0,0,0,0,0.0,45,2.6127167873912387,3.393140062689781,3.5438016057014465,0,89
candidate,20260708,1,0,-34.0,3.0,0,0,0,0,0,0,0,0.06818181818181818,44,2.568835646591403,3.3381504006683826,4.585402086377144,0,89
candidate,20260708,2,0,-34.0,3.0,0,0,0,0,0,0,0,0.0,44,2.6490412313829768,3.678005188703537,5.370642989873886,0,89
candidate,20260708,3,0,-34.0,3.0,0,0,0,0,0,0,0,0.022727272727272728,44,2.467263786291534,3.188624419271946,3.3832956105470657,0,89
candidate,20260709,0,1,-8.0,2.5,0,0,0,0,0,0,0,0.0,28,2.585593012294599,3.369645122438669,3.3978503197431564,0,56
candidate,20260709,1,1,-8.0,2.5,0,0,0,0,0,0,0,0.02564102564102564,39,2.491242753771635,3.188740648329258,3.281267359852791,0,78
candidate,20260709,2,1,-8.0,2.5,0,0,0,0,0,0,0,0.023809523809523808,42,2.517771153222947,3.357150312513113,3.423985093832016,0,84
candidate,20260709,3,1,35.0,1.0,1,0,0,0,0,0,0,0.03571428571428571,28,2.507964348686593,3.474396001547575,3.6278869956731796,0,56
candidate,20260710,0,2,-23.0,3.0,0,0,0,0,0,0,0,0.0,29,2.7327683979067308,3.3585894852876663,6.576532498002052,0,59
candidate,20260710,1,2,69.0,1.0,1,1,0,0,0,0,0,0.0,30,2.547598071396351,3.304890263825655,3.3559370785951614,0,59
candidate,20260710,2,2,-23.0,3.0,0,0,0,0,0,0,0,0.034482758620689655,29,2.4761955157436173,3.240211308002472,3.2537709921598434,0,59
candidate,20260710,3,2,-23.0,3.0,0,0,0,0,0,0,0,0.0,29,2.548857431473403,3.4246914088726044,3.4393761307001114,0,59
candidate,20260711,0,3,-24.0,3.0,0,0,0,0,0,0,0,0.0,74,2.648158451995334,3.4746733494102955,3.545014187693596,0,149
candidate,20260711,1,3,0.0,2.5,0,0,0,0,0,1,1,0.011904761904761904,84,2.5033801572308656,3.1896475702524185,3.3493638038635254,0,168
candidate,20260711,2,3,-8.0,2.5,0,0,0,0,0,0,0,0.0,68,2.591588205712683,3.526567295193672,3.547539934515953,0,136
candidate,20260711,3,3,-8.0,2.5,0,0,0,0,0,0,0,0.024390243902439025,41,2.511439481522979,3.3556148409843445,3.409493714570999,0,82
candidate,20260712,0,1,-8.0,2.5,0,0,0,0,0,0,0,0.041666666666666664,72,2.48014016283883,3.144137654453516,3.383176401257515,0,144
candidate,20260712,1,1,52.0,1.0,1,0,0,0,0,0,0,0.0,52,2.641780588489312,3.6866380833089347,3.764299675822258,0,104
candidate,20260712,2,1,-8.0,2.5,0,0,0,0,0,0,0,0.0,50,2.4901334568858147,3.3582680858671665,3.489149734377861,0,100
candidate,20260712,3,1,-8.0,2.5,0,0,0,0,0,0,0,0.038461538461538464,52,2.469160916427007,3.0921277590095997,3.3322516828775406,0,104
candidate,20260713,0,0,48.0,1.0,1,0,0,0,0,0,0,0.0,56,2.6090594806841443,3.4223771654069424,3.533102571964264,0,112
candidate,20260713,1,0,-22.0,3.0,0,0,0,0,0,0,0,0.01694915254237288,59,2.48323254666086,3.2318374142050743,3.336464986205101,0,119
candidate,20260713,2,0,-8.0,2.5,0,0,0,0,0,0,0,0.09523809523809523,42,2.402774457420622,2.9530333355069156,3.247791901230812,0,84
candidate,20260713,3,0,34.0,1.0,1,0,0,0,0,0,0,0.03389830508474576,59,2.440589527457447,3.155159577727318,3.173587843775749,0,118
candidate,20260714,0,0,-18.0,3.0,0,0,0,0,0,0,0,0.0392156862745098,51,2.601402464742754,3.4578796476125717,3.984510898590088,0,103
candidate,20260714,1,0,-18.0,3.0,0,0,0,0,0,0,0,0.0392156862745098,51,2.487507557459906,3.268376924097538,3.4042317420244217,0,103
candidate,20260714,2,0,-8.0,2.5,0,0,0,0,0,0,0,0.06666666666666667,45,2.4433889322810702,3.2046381384134293,3.3227764070034027,0,90
candidate,20260714,3,0,32.0,1.0,1,0,0,0,0,0,0,0.024390243902439025,41,2.5292650410314885,3.592913970351219,3.6258623003959656,0,82
candidate,20260715,0,1,141.0,1.0,1,1,0,0,0,0,0,0.05,60,2.476053467641274,3.211183287203312,3.354297950863838,0,119
candidate,20260715,1,1,33.0,1.0,1,0,0,0,0,0,0,0.0,62,2.6530862275150513,3.709947969764471,3.79854254424572,0,124
candidate,20260715,2,1,-17.0,4.0,0,0,1,9,0,0,0,0.016129032258064516,62,2.5172644264755712,3.3348588272929187,3.3724624663591385,0,124
candidate,20260715,3,1,-8.0,2.5,0,0,0,0,0,0,0,0.01639344262295082,61,2.4812021521759813,3.3556800335645676,3.4374408423900604,0,122
candidate,20260716,0,1,-8.0,2.5,0,0,0,0,0,0,0,0.0,27,2.7747615757915707,3.5027988255023956,7.1612149477005005,0,54
candidate,20260716,1,1,42.0,1.0,1,0,0,0,0,0,0,0.037037037037037035,27,2.5861762739993908,3.4538045525550842,3.587355837225914,0,54
candidate,20260716,2,1,-26.0,4.0,0,0,1,18,0,0,0,0.07407407407407407,27,2.4513959608696125,3.0653269961476326,3.231419250369072,0,54
candidate,20260716,3,1,-8.0,2.5,0,0,0,0,0,0,0,0.038461538461538464,26,2.479021867307333,3.3381893299520016,3.3705271780490875,0,52
candidate,20260717,0,3,-24.0,4.0,0,0,1,16,0,0,0,0.0,49,2.6099407399187284,3.324055671691894,3.884289413690567,0,98
candidate,20260717,1,3,40.0,1.0,1,0,0,0,0,0,0,0.0,49,2.5726327938692912,3.566974401473999,3.6248471587896347,0,98
candidate,20260717,2,3,-23.0,4.0,0,0,1,15,0,0,0,0.012658227848101266,79,2.6226228786797465,3.8208074867725363,4.133649170398712,0,158
candidate,20260717,3,3,-8.0,2.5,0,0,0,0,0,0,0,0.0,49,2.610431451882635,3.3679068088531494,7.437663152813911,0,98
candidate,20260718,0,2,0.0,2.5,0,0,0,0,0,1,1,0.023529411764705882,85,2.5876613224253937,3.3505436033010483,4.604503512382507,0,169
candidate,20260718,1,2,-17.0,4.0,0,0,1,9,0,0,0,0.03225806451612903,62,2.508383935257312,3.3194891177117816,5.245178937911987,0,124
candidate,20260718,2,2,32.0,1.0,1,0,0,0,0,0,0,0.015625,64,2.525600459193811,3.3797397278249264,4.535360261797905,0,128
candidate,20260718,3,2,33.0,1.0,1,0,0,0,0,0,0,0.0,62,2.5533412192617693,3.4562711603939533,3.6601070314645767,0,124
candidate,20260719,0,0,32.0,1.0,1,0,0,0,0,0,0,0.02857142857142857,70,2.580335257308824,3.243818879127502,5.729692056775093,0,140
candidate,20260719,1,0,-8.0,2.5,0,0,0,0,0,0,0,0.0,70,2.5903627276420593,3.428670484572649,4.843082278966904,0,140
candidate,20260719,2,0,0.0,2.5,0,0,0,0,0,1,0,0.011627906976744186,86,2.607270100608815,3.2624630257487297,6.723562255501747,0,172
candidate,20260719,3,0,0.0,2.5,0,0,0,0,0,1,0,0.0,86,2.6425234973430634,3.57868243008852,5.92411682009697,0,172
candidate,20260720,0,2,34.0,1.0,1,0,0,0,0,0,0,0.029850746268656716,67,2.5693632439890903,3.304407559335232,4.65015135705471,0,134
candidate,20260720,1,2,-8.0,2.5,0,0,0,0,0,0,0,0.0,67,2.671218685694595,3.6800784990191455,5.414556711912155,0,134
candidate,20260720,2,2,33.0,1.0,1,0,0,0,0,0,0,0.031746031746031744,63,2.506804992518728,3.3147839829325676,4.362389445304871,0,126
candidate,20260720,3,2,-18.0,4.0,0,0,1,10,0,0,0,0.046153846153846156,65,2.496685001712579,3.4075494855642314,3.857383504509926,0,130
candidate,20260721,0,1,-8.0,2.5,0,0,0,0,0,0,0,0.041666666666666664,24,2.5525721721351147,3.348404075950384,3.3720098435878754,0,48
candidate,20260721,1,1,-8.0,2.5,0,0,0,0,0,0,0,0.0,24,2.5012030576666198,3.3726309426128864,3.423703834414482,0,48
candidate,20260721,2,1,34.0,1.0,1,0,0,0,0,0,0,0.08333333333333333,24,2.514859661459923,3.329100739210844,3.4639332443475723,0,48
candidate,20260721,3,1,-19.0,3.0,0,0,0,0,0,0,0,0.0,63,2.5521036947057363,3.3911775797605515,3.8861315697431564,0,127
candidate,20260722,0,3,33.0,1.0,1,0,0,0,0,0,0,0.05084745762711865,59,2.491440371436588,3.0470566824078555,3.4112073481082916,0,118
candidate,20260722,1,3,-18.0,4.0,0,0,1,10,0,0,0,0.03389830508474576,59,2.476232126355171,3.1186066567897797,3.205597400665283,0,118
candidate,20260722,2,3,-8.0,2.5,0,0,0,0,0,0,0,0.03389830508474576,59,2.4778543324288673,3.128371573984623,3.715032711625099,0,118
candidate,20260722,3,3,-8.0,2.5,0,0,0,0,0,0,0,0.01694915254237288,59,2.492371978143514,3.2402820885181427,3.337603062391281,0,118
candidate,20260723,0,0,-8.0,2.5,0,0,0,0,0,0,0,0.0,39,2.6998832248724423,3.697538748383522,3.7484318017959595,0,78
candidate,20260723,1,0,-18.0,3.0,0,0,0,0,0,0,0,0.0,37,2.6655914010228337,3.5883411765098563,5.210528150200844,0,75
candidate,20260723,2,0,-20.0,4.0,0,0,1,12,0,0,0,0.0,35,2.777710876294545,4.07466776669025,5.828050896525383,0,70
candidate,20260723,3,0,-8.0,2.5,0,0,0,0,0,0,0,0.02564102564102564,39,2.5117951803482494,3.5018285736441612,3.545667976140976,0,78
candidate,20260724,0,2,-34.0,3.0,0,0,0,0,0,0,0,0.014925373134328358,67,2.6309561373582526,3.621981479227543,3.681749105453491,0,135
candidate,20260724,1,2,-17.0,4.0,0,0,1,9,0,0,0,0.029850746268656716,67,2.6146941609791856,3.4229487180709834,6.376495584845543,0,134
candidate,20260724,2,2,33.0,1.0,1,0,0,0,0,0,0,0.0,50,2.6746628805994987,3.4526964649558063,5.086397752165794,0,100
candidate,20260724,3,2,102.0,1.0,1,1,0,0,0,0,0,0.0,56,2.6741189815636193,3.475720528513193,4.788484424352646,0,111
candidate,20260725,0,2,51.0,1.0,1,1,0,0,0,0,0,0.0,43,2.6259495508532193,3.56143806129694,3.6169812083244324,0,85
candidate,20260725,1,2,-17.0,3.0,0,0,0,0,0,0,0,0.04878048780487805,41,2.4887773140174585,3.2310783863067627,3.3244937658309937,0,83
candidate,20260725,2,2,-17.0,3.0,0,0,0,0,0,0,0,0.0,40,2.527150046080351,3.3391371369361877,3.3670030534267426,0,81
candidate,20260725,3,2,-8.0,2.5,0,0,0,0,0,0,0,0.05555555555555555,54,2.710820072227054,3.831111453473568,8.2045067101717,0,108
candidate,20260726,0,1,-8.0,2.5,0,0,0,0,0,0,0,0.0,69,2.631990050060162,3.4382171928882594,4.923319444060326,0,138
candidate,20260726,1,1,-8.0,2.5,0,0,0,0,0,0,0,0.014925373134328358,67,2.5712684241693413,3.4549592062830925,3.818424418568611,0,134
candidate,20260726,2,1,-8.0,2.5,0,0,0,0,0,0,0,0.04411764705882353,68,2.4932818213368164,3.293072432279587,4.152853041887283,0,136
candidate,20260726,3,1,35.0,1.0,1,0,0,0,0,0,0,0.014705882352941176,68,2.5734451380284393,3.513489942997694,5.039598792791367,0,136
candidate,20260727,0,1,-8.0,2.5,0,0,0,0,0,0,0,0.024390243902439025,41,2.5860376474333973,3.3336039632558823,3.3735763281583786,0,82
candidate,20260727,1,1,-8.0,2.5,0,0,0,0,0,0,0,0.0,41,2.635207572361318,3.6002956330776215,3.847165033221245,0,82
candidate,20260727,2,1,-17.0,4.0,0,0,1,9,0,0,0,0.0,41,2.5092466030179,3.3482667058706284,3.3858511596918106,0,82
candidate,20260727,3,1,33.0,1.0,1,0,0,0,0,0,0,0.07317073170731707,41,2.403318927418895,2.974042668938637,3.02252359688282,0,82
candidate,20260728,0,1,-16.0,3.0,0,0,0,0,0,0,0,0.04878048780487805,41,2.5499508511729356,3.2561607658863068,4.167372360825539,0,83
candidate,20260728,1,1,-16.0,3.0,0,0,0,0,0,0,0,0.0,39,2.5749743366852784,3.3725740388035774,3.419961780309677,0,79
candidate,20260728,2,1,-16.0,3.0,0,0,0,0,0,0,0,0.024390243902439025,41,2.497902957767975,3.316029906272888,3.3824071288108826,0,83
candidate,20260728,3,1,-8.0,2.5,0,0,0,0,0,0,0,0.0,59,2.5529037466493705,3.656964749097824,3.752298653125763,0,118
candidate,20260729,0,3,-19.0,4.0,0,0,1,11,0,0,0,0.0,65,2.7612751779647975,3.601909801363945,8.636275306344032,0,130
candidate,20260729,1,3,34.0,1.0,1,0,0,0,0,0,0,0.0,68,2.6090997819076565,3.5995465703308582,3.6745909601449966,0,136
candidate,20260729,2,3,-19.0,4.0,0,0,1,11,0,0,0,0.0,51,2.595834105330355,3.328041173517704,5.225216969847679,0,102
candidate,20260729,3,3,-18.0,4.0,0,0,1,10,0,0,0,0.0,68,2.5876566000721035,3.675459511578083,3.976084291934967,0,136
candidate,20260730,0,1,32.0,1.0,1,0,0,0,0,0,0,0.05357142857142857,56,2.5701364169695546,3.128834068775177,6.500329822301865,0,112
candidate,20260730,1,1,-8.0,2.5,0,0,0,0,0,0,0,0.041666666666666664,48,2.545401376361648,3.405936900526285,5.453700199723244,0,96
candidate,20260730,2,1,-19.0,3.0,0,0,0,0,0,0,0,0.0,33,2.5831821628592233,3.449651598930359,4.448728635907173,0,67
candidate,20260730,3,1,33.0,1.0,1,0,0,0,0,0,0,0.03225806451612903,31,2.5507281384160443,3.4007467329502106,4.265433177351952,0,62
candidate,20260731,0,2,-8.0,2.5,0,0,0,0,0,0,0,0.013513513513513514,74,2.5497775122120574,3.3076065592467785,3.4178029745817184,0,148
candidate,20260731,1,2,-17.0,3.0,0,0,0,0,0,0,0,0.0,54,2.7682005462271198,3.707925509661436,8.128710091114044,0,109
candidate,20260731,2,2,-17.0,3.0,0,0,0,0,0,0,0,0.018518518518518517,54,2.6152966957953243,3.5831435583531857,4.470294341444969,0,109
candidate,20260731,3,2,-8.0,2.5,0,0,0,0,0,0,0,0.03333333333333333,60,2.486941466728846,3.198114037513733,3.369128331542015,0,120
candidate,20260732,0,1,38.0,1.0,1,0,0,0,0,0,0,0.07142857142857142,28,2.5894071773758958,3.327377699315548,3.7934519350528717,0,56
candidate,20260732,1,1,33.0,1.0,1,0,0,0,0,0,0,0.027777777777777776,36,2.4973747527433767,3.2156668603420258,3.253784030675888,0,72
candidate,20260732,2,1,-8.0,2.5,0,0,0,0,0,0,0,0.0,28,2.5172389910689423,3.3736223354935646,3.4504812210798264,0,56
candidate,20260732,3,1,-24.0,3.0,0,0,0,0,0,0,0,0.0,28,2.564591821283102,3.484269790351391,4.168765619397163,0,57
candidate,20260733,0,1,-23.0,3.0,0,0,0,0,0,0,0,0.0,60,2.654834402104219,3.3798156306147575,9.492479264736176,0,121
candidate,20260733,1,1,-8.0,2.5,0,0,0,0,0,0,0,0.030303030303030304,66,2.471398703302398,3.0902125872671604,3.2730959355831146,0,132
candidate,20260733,2,1,63.0,1.0,1,1,0,0,0,0,0,0.015151515151515152,66,2.4854688425407265,3.2303715124726295,3.6427397280931473,0,131
candidate,20260733,3,1,-21.0,3.0,0,0,0,0,0,0,0,0.015384615384615385,65,2.52283880343804,3.38604636490345,4.152532666921616,0,131
candidate,20260734,0,0,-18.0,3.0,0,0,0,0,0,0,0,0.02666666666666667,75,2.545766979455948,3.1356869265437126,3.673352301120758,0,151
candidate,20260734,1,0,-18.0,3.0,0,0,0,0,0,0,0,0.0,75,2.6944933086633682,3.7264721468091007,4.9558375030756,0,151
candidate,20260734,2,0,-18.0,3.0,0,0,0,0,0,0,0,0.0136986301369863,73,2.562088815316762,3.4188818186521526,4.485195502638817,0,147
candidate,20260734,3,0,-8.0,2.5,0,0,0,0,0,0,0,0.01694915254237288,59,2.4743241463172234,3.277243673801422,3.4303758293390274,0,118
candidate,20260735,0,3,-8.0,2.5,0,0,0,0,0,0,0,0.0196078431372549,51,2.5692310768599604,3.224629908800125,4.091789945960045,0,102
candidate,20260735,1,3,32.0,1.0,1,0,0,0,0,0,0,0.0,39,2.709951490545884,3.6077816039323807,7.191268727183342,0,78
candidate,20260735,2,3,-8.0,2.5,0,0,0,0,0,0,0,0.0,47,2.579291212431928,3.563301265239715,3.8110893219709396,0,94
candidate,20260735,3,3,-21.0,4.0,0,0,1,13,0,0,0,0.0392156862745098,51,2.4534677538801644,3.2447846606373787,3.4241918474435806,0,102
candidate,20260736,0,0,-27.0,4.0,0,0,1,19,0,0,0,0.08571428571428572,35,2.5001990475824902,3.06665301322937,3.249051049351692,0,70
candidate,20260736,1,0,-8.0,2.5,0,0,0,0,0,0,0,0.02857142857142857,35,2.4963379970618655,3.1765544787049294,3.285462036728859,0,70
candidate,20260736,2,0,-8.0,2.5,0,0,0,0,0,0,0,0.0,35,2.541961201599666,3.3605528995394707,4.139574244618416,0,70
candidate,20260736,3,0,54.0,1.0,1,1,0,0,0,0,0,0.047619047619047616,42,2.421735031973748,3.1697207130491734,3.3561233431100845,0,83
candidate,20260737,0,0,-24.0,3.0,0,0,0,0,0,0,0,0.029411764705882353,34,2.573036150458981,3.2271653413772583,3.310736268758774,0,69
candidate,20260737,1,0,-24.0,3.0,0,0,0,0,0,0,0,0.0,34,2.59013578076573,3.510831668972969,3.558143973350525,0,69
candidate,20260737,2,0,-17.0,4.0,0,0,1,9,0,0,0,0.0,66,2.7171969413757324,4.23800852149725,4.440050572156906,0,132
candidate,20260737,3,0,-24.0,3.0,0,0,0,0,0,0,0,0.058823529411764705,34,2.439071972142248,3.3013226464390755,3.35567444562912,0,69
candidate,20260738,0,0,33.0,1.0,1,0,0,0,0,0,0,0.04878048780487805,41,2.6374675515221386,3.442680463194847,4.737770184874535,0,84
candidate,20260738,1,0,-17.0,4.0,0,0,1,9,0,0,0,0.047619047619047616,42,2.6191349274345805,3.342337254434824,6.1036888509988785,0,84
candidate,20260738,2,0,-8.0,2.5,0,0,0,0,0,0,0,0.0,41,2.7127345433322394,3.8365982472896576,5.413731560111046,0,84
candidate,20260738,3,0,-8.0,2.5,0,0,0,0,0,0,0,0.06521739130434782,46,2.5078052573877834,3.0265552923083305,5.196301266551018,0,92
candidate,20260739,0,0,-26.0,3.0,0,0,0,0,0,0,0,0.0,36,2.7815521591239505,4.059323575347662,4.928344860672951,0,73
candidate,20260739,1,0,-26.0,3.0,0,0,0,0,0,0,0,0.05555555555555555,36,2.5271478936904006,3.2645678147673607,3.3490806818008423,0,73
candidate,20260739,2,0,-26.0,3.0,0,0,0,0,0,0,0,0.0,36,2.565424320184522,3.5236962139606476,3.5388320684432983,0,73
candidate,20260739,3,0,-8.0,2.5,0,0,0,0,0,0,0,0.05555555555555555,54,2.429823115192078,2.977733965963125,3.3510401844978333,0,108
candidate,20260740,0,1,-8.0,2.5,0,0,0,0,0,0,0,0.0,38,2.7373146853948893,3.7464062683284283,4.073532298207283,0,76
candidate,20260740,1,1,-19.0,4.0,0,0,1,11,0,0,0,0.0,34,2.5446945801377296,3.4257728606462474,3.5929959267377853,0,68
candidate,20260740,2,1,35.0,1.0,1,0,0,0,0,0,0,0.07894736842105263,38,2.41143227015671,2.913447003811598,3.0048415064811707,0,76
candidate,20260740,3,1,-8.0,2.5,0,0,0,0,0,0,0,0.0,38,2.510110357482182,3.3829505555331707,3.495994955301285,0,76
candidate,20260741,0,1,-8.0,2.5,0,0,0,0,0,0,0,0.022727272727272728,44,2.4898667735132305,3.189435787498951,3.1974706798791885,0,88
candidate,20260741,1,1,32.0,1.0,1,0,0,0,0,0,0,0.06666666666666667,30,2.5510412951310477,3.4144461154937744,3.46941314637661,0,60
candidate,20260741,2,1,-19.0,4.0,0,0,1,11,0,0,0,0.0,45,2.5716604044040046,3.4658536314964294,3.5578683018684387,0,90
candidate,20260741,3,1,35.0,1.0,1,0,0,0,0,0,0,0.045454545454545456,44,2.4568727663294836,3.3691521733999252,3.4024231135845184,0,88
candidate,20260742,0,1,32.0,1.0,1,0,0,0,0,0,0,0.017857142857142856,56,2.6271294336766005,3.401507157832384,5.8909691870212555,0,112
candidate,20260742,1,1,-16.0,4.0,0,0,1,8,0,0,0,0.022727272727272728,44,2.68199277872389,3.529269527643919,4.887675866484642,0,88
candidate,20260742,2,1,39.0,1.0,1,0,0,0,0,0,0,0.0,64,2.648597437655553,3.4603375941514964,6.205214187502861,0,128
candidate,20260742,3,1,-8.0,2.5,0,0,0,0,0,0,0,0.03125,64,2.4712981248740107,3.0987348407506943,5.551492795348167,0,128
candidate,20260743,0,3,-24.0,4.0,0,0,1,16,0,0,0,0.018867924528301886,53,2.5924794586761943,3.3347077667713165,5.082294344902039,0,106
candidate,20260743,1,3,-8.0,2.5,0,0,0,0,0,0,0,0.0,47,2.6721854476218527,3.413120098412037,6.732068955898285,0,94
candidate,20260743,2,3,0.0,2.5,0,0,0,0,0,1,0,0.011494252873563218,87,2.554774412821079,3.320598602294922,5.30577078461647,0,174
candidate,20260743,3,3,81.0,1.0,1,1,0,0,0,0,0,0.0,78,2.699860252248935,4.1609713807702065,6.589973345398903,0,155
candidate,20260744,0,3,-16.0,3.0,0,0,0,0,0,0,0,0.0,48,2.599269151687622,3.3424414694309235,3.4256000071763992,0,97
candidate,20260744,1,3,-18.0,3.0,0,0,0,0,0,0,0,0.0,47,2.5487698693858816,3.2902054488658905,3.7262365221977234,0,95
candidate,20260744,2,3,48.0,1.0,1,1,0,0,0,0,0,0.0,49,2.577875151622052,3.624311462044716,3.7579871714115143,0,97
candidate,20260744,3,3,-16.0,3.0,0,0,0,0,0,0,0,0.020833333333333332,48,2.5142691641425094,3.456903900951147,3.5083889961242676,0,97
candidate,20260745,0,3,57.0,1.0,1,1,0,0,0,0,0,0.03125,64,2.5111032591667026,3.279586788266897,3.337213769555092,0,127
candidate,20260745,1,3,-19.0,3.0,0,0,0,0,0,0,0,0.047619047619047616,63,2.461517880123759,3.3451976254582405,3.4048669040203094,0,127
candidate,20260745,2,3,-19.0,3.0,0,0,0,0,0,0,0,0.015873015873015872,63,2.5200523613464263,3.3166930079460144,3.360304981470108,0,127
candidate,20260745,3,3,38.0,1.0,1,0,0,0,0,0,0,0.0,43,2.611457261928292,3.837091661989689,5.00107929110527,0,86
candidate,20260746,0,1,-28.0,4.0,0,0,1,20,0,0,0,0.02631578947368421,38,2.5266455486416817,3.0983526259660716,3.311432898044586,0,76
candidate,20260746,1,1,0.0,2.5,0,0,0,0,0,1,1,0.011363636363636364,88,2.5506312535567717,3.3778763376176357,3.451414406299591,0,176
candidate,20260746,2,1,43.0,1.0,1,0,0,0,0,0,0,0.07692307692307693,26,2.523429261950346,3.264468163251877,4.576180130243301,0,52
candidate,20260746,3,1,-27.0,4.0,0,0,1,19,0,0,0,0.038461538461538464,26,2.5662771927622647,3.424275666475296,3.5328641533851624,0,52
candidate,20260747,0,3,-8.0,2.5,0,0,0,0,0,0,0,0.016129032258064516,62,2.607724629342556,3.4956345334649086,3.6501772701740265,0,124
candidate,20260747,1,3,-8.0,2.5,0,0,0,0,0,0,0,0.0,85,2.5405051953652324,3.402414917945862,3.597687929868698,0,170
candidate,20260747,2,3,-20.0,4.0,0,0,1,12,0,0,0,0.0,65,2.5641943399722757,3.3921796828508377,5.211632698774338,0,130
candidate,20260747,3,3,-8.0,2.5,0,0,0,0,0,0,0,0.03076923076923077,65,2.4275866265480337,3.072623908519745,3.2422970980405807,0,130
candidate,20260748,0,2,54.0,1.0,1,1,0,0,0,0,0,0.0,55,2.6030261408198965,3.368542529642582,3.402620553970337,0,109
candidate,20260748,1,2,0.0,2.5,0,0,0,0,0,1,0,0.011904761904761904,84,2.612663632524865,3.583569824695587,3.6319177597761154,0,169
candidate,20260748,2,2,-19.0,3.0,0,0,0,0,0,0,0,0.0,80,2.6177126448601484,3.5980463959276676,3.940155729651451,0,161
candidate,20260748,3,2,0.0,2.5,0,0,0,0,0,1,1,0.0,84,2.532899690171083,3.3427860587835307,3.7432238459587097,0,169
candidate,20260749,0,3,33.0,1.0,1,0,0,0,0,0,0,0.0,26,2.6363942485589247,3.5562976263463497,3.7744827568531036,0,52
candidate,20260749,1,3,-24.0,4.0,0,0,1,16,0,0,0,0.0,26,2.5450923981574864,3.316194750368595,3.332439810037613,0,52
candidate,20260749,2,3,-8.0,2.5,0,0,0,0,0,0,0,0.0,34,2.4827536305083946,3.1705083325505257,3.239968791604042,0,68
candidate,20260749,3,3,-8.0,2.5,0,0,0,0,0,0,0,0.0,26,2.5241822004318237,3.4670825116336346,3.4974049776792526,0,52
candidate,20260750,0,3,-16.0,3.0,0,0,0,0,0,0,0,0.0,40,2.734872419387102,3.766841907054186,3.801453858613968,0,81
candidate,20260750,1,3,32.0,1.0,1,0,0,0,0,0,0,0.029411764705882353,34,2.4834814317086162,3.3617940731346607,3.418136388063431,0,68
candidate,20260750,2,3,-8.0,2.5,0,0,0,0,0,0,0,0.058823529411764705,34,2.490415347411352,3.001715335994959,5.412142723798752,0,68
candidate,20260750,3,3,-17.0,4.0,0,0,1,9,0,0,0,0.08,25,2.467959225177765,3.0892271548509598,3.259550780057907,0,50
candidate,20260751,0,0,-26.0,4.0,0,0,1,18,0,0,0,0.0,78,2.6365132190478153,3.4037552773952484,3.581378608942032,0,156
candidate,20260751,1,0,-23.0,3.0,0,0,0,0,0,0,0,0.0,61,2.5714235838319435,3.3463742583990097,3.4905876964330673,0,123
candidate,20260751,2,0,0.0,2.5,0,0,0,0,0,1,0,0.0,90,2.5210261137949095,3.381716553121805,3.697868436574936,0,180
candidate,20260751,3,0,-8.0,2.5,0,0,0,0,0,0,0,0.044444444444444446,45,2.471404398481051,3.198364377021789,3.354763612151146,0,90
candidate,20260752,0,2,-8.0,2.5,0,0,0,0,0,0,0,0.018518518518518517,54,2.6304921549227505,3.505504410713911,3.5374369472265244,0,108
candidate,20260752,1,2,-8.0,2.5,0,0,0,0,0,0,0,0.022222222222222223,45,2.588212862610817,3.486396372318268,3.5350434482097626,0,90
candidate,20260752,2,2,-32.0,3.0,0,0,0,0,0,0,0,0.0,58,2.5580612428743263,3.3961630426347256,3.538530319929123,0,117
candidate,20260752,3,2,96.0,1.0,1,1,0,0,0,0,0,0.01694915254237288,59,2.5575351033170346,3.709198720753193,3.873080015182495,0,117
candidate,20260753,0,0,-8.0,2.5,0,0,0,0,0,0,0,0.0,66,2.6980496830109395,3.766962792724371,3.8295332342386246,0,132
candidate,20260753,1,0,-32.0,4.0,0,0,1,24,0,0,0,0.0,66,2.5439409990653847,3.3740010112524033,3.4440886229276657,0,132
candidate,20260753,2,0,48.0,1.0,1,0,0,0,0,0,0,0.0,66,2.510061543999296,3.3920733258128166,3.4344717860221863,0,132
candidate,20260753,3,0,48.0,1.0,1,1,0,0,0,0,0,0.018518518518518517,54,2.499078331446206,3.3681019209325314,3.473833203315735,0,107
candidate,20260754,0,1,-8.0,2.5,0,0,0,0,0,0,0,0.0,52,2.5882850974225082,3.350850287824869,3.426823765039444,0,104
candidate,20260754,1,1,51.0,1.0,1,1,0,0,0,0,0,0.0,56,2.6730232472930635,3.839319571852684,4.190331324934959,0,111
candidate,20260754,2,1,-41.0,3.0,0,0,0,0,0,0,0,0.01639344262295082,61,2.4893626753912597,3.1791795045137405,3.2886993139982224,0,123
candidate,20260754,3,1,-17.0,3.0,0,0,0,0,0,0,0,0.03636363636363636,55,2.5120891630649567,3.305373899638653,3.3284518867731094,0,111
candidate,20260755,0,3,-8.0,2.5,0,0,0,0,0,0,0,0.016666666666666666,60,2.5416058177749314,3.255255334079265,3.3678393810987473,0,120
candidate,20260755,1,3,-17.0,3.0,0,0,0,0,0,0,0,0.02564102564102564,39,2.5898727755516004,3.5474343225359917,3.7438422441482544,0,79
candidate,20260755,2,3,-17.0,3.0,0,0,0,0,0,0,0,0.0,42,2.5303421453351067,3.3608087338507175,3.3674482256174088,0,85
candidate,20260755,3,3,32.0,1.0,1,0,0,0,0,0,0,0.02564102564102564,39,2.54932833978763,3.6376379430294037,3.704797476530075,0,78
candidate,20260756,0,1,-20.0,4.0,0,0,1,12,0,0,0,0.018867924528301886,53,2.492891659714141,2.989247441291809,3.2650548964738846,0,106
candidate,20260756,1,1,-8.0,2.5,0,0,0,0,0,0,0,0.058823529411764705,51,2.4792174352150336,3.167981281876564,3.3900178968906403,0,102
candidate,20260756,2,1,-8.0,2.5,0,0,0,0,0,0,0,0.0,53,2.5448735170769243,3.4423954784870148,3.467762842774391,0,106
candidate,20260756,3,1,36.0,1.0,1,0,0,0,0,0,0,0.018867924528301886,53,2.5262460464014196,3.499169647693634,3.682134672999382,0,106
candidate,20260757,0,1,-32.0,4.0,0,0,1,24,0,0,0,0.02702702702702703,74,2.518480719142669,3.1383869238197803,3.262331709265709,0,148
candidate,20260757,1,1,48.0,1.0,1,0,0,0,0,0,0,0.0,73,2.5746653698486823,3.460903838276863,3.5547874867916107,0,146
candidate,20260757,2,1,33.0,1.0,1,0,0,0,0,0,0,0.0,12,2.591341268271208,3.5312010906636715,3.6140456795692444,0,24
candidate,20260757,3,1,-8.0,2.5,0,0,0,0,0,0,0,0.02702702702702703,37,2.4832689983619227,3.379475697875023,3.4244339913129807,0,74
candidate,20260758,0,0,-21.0,3.0,0,0,0,0,0,0,0,0.024390243902439025,41,2.557164784975168,3.3254772424697876,3.437163308262825,0,83
candidate,20260758,1,0,-21.0,3.0,0,0,0,0,0,0,0,0.023809523809523808,42,2.4771240229407945,3.2909059897065163,3.4365784376859665,0,85
candidate,20260758,2,0,-21.0,3.0,0,0,0,0,0,0,0,0.07142857142857142,42,2.464789187624341,3.0347942374646664,3.23428213596344,0,85
candidate,20260758,3,0,63.0,1.0,1,1,0,0,0,0,0,0.0,43,2.601454814159593,3.624385967850685,3.6895442754030228,0,85
candidate,20260759,0,3,-20.0,3.0,0,0,0,0,0,0,0,0.016129032258064516,62,2.5228970353641818,3.073947131633758,3.2921768724918365,0,125
candidate,20260759,1,3,-20.0,3.0,0,0,0,0,0,0,0,0.03225806451612903,62,2.4376842944372084,2.9664767906069756,3.0573271214962006,0,125
candidate,20260759,2,3,-8.0,2.5,0,0,0,0,0,0,0,0.025,80,2.5973398936912417,3.4895562566816807,6.786974146962166,0,160
candidate,20260759,3,3,-17.0,4.0,0,0,1,9,0,0,0,0.027777777777777776,72,2.4902580512894525,3.3476325683295727,4.458427429199219,0,144
candidate,20260760,0,2,-16.0,3.0,0,0,0,0,0,0,0,0.038461538461538464,52,2.681527824069445,3.6442524753510943,7.523130625486374,0,105
candidate,20260760,1,2,-17.0,3.0,0,0,0,0,0,0,0,0.038461538461538464,52,2.495459746569395,3.3264601603150368,3.8112755864858627,0,105
candidate,20260760,2,2,48.0,1.0,1,1,0,0,0,0,0,0.018867924528301886,53,2.5644225402260727,3.205481916666031,6.024831905961037,0,105
candidate,20260760,3,2,-17.0,4.0,0,0,1,9,0,0,0,0.0,42,2.515004016458988,3.376840054988861,3.5191401839256287,0,84
candidate,20260761,0,3,-8.0,2.5,0,0,0,0,0,0,0,0.025974025974025976,77,2.556606982048456,3.239135444164276,3.2929014414548874,0,154
candidate,20260761,1,3,-20.0,4.0,0,0,1,12,0,0,0,0.0,73,2.6420641894618124,3.6170605570077896,3.8057155907154083,0,146
candidate,20260761,2,3,-8.0,2.5,0,0,0,0,0,0,0,0.0,68,2.6478203670943485,3.7492898292839527,3.9358437061309814,0,136
candidate,20260761,3,3,52.0,1.0,1,0,0,0,0,0,0,0.0,77,2.563625525731545,3.5211943089962006,3.623219206929207,0,154
candidate,20260762,0,0,-8.0,2.5,0,0,0,0,0,0,0,0.0,59,2.75209119890706,3.8374844938516617,4.277408123016357,0,118
candidate,20260762,1,0,-8.0,2.5,0,0,0,0,0,0,0,0.012658227848101266,79,2.583873917973494,3.36736012250185,5.590410903096199,0,158
candidate,20260762,2,0,-20.0,4.0,0,0,1,12,0,0,0,0.0,75,2.6587104300657907,4.008394293487072,4.220008850097656,0,150
candidate,20260762,3,0,36.0,1.0,1,0,0,0,0,0,0,0.014925373134328358,67,2.5170590839724043,3.4552538767457004,3.4882649779319763,0,134
candidate,20260763,0,1,-8.0,2.5,0,0,0,0,0,0,0,0.03225806451612903,31,2.576255449844945,3.2191649079322815,3.68407741189003,0,62
candidate,20260763,1,1,-8.0,2.5,0,0,0,0,0,0,0,0.03225806451612903,31,2.6577958656895544,3.601520322263241,3.8783513009548187,0,62
candidate,20260763,2,1,36.0,1.0,1,0,0,0,0,0,0,0.0,34,2.5034419206135414,3.4237634390592575,3.452559933066368,0,68
candidate,20260763,3,1,36.0,1.0,1,0,0,0,0,0,0,0.12903225806451613,31,2.343866733774062,3.003763034939766,3.101237118244171,0,62
candidate,20260764,0,1,-16.0,4.0,0,0,1,8,0,0,0,0.023255813953488372,43,2.684808920982272,3.654860146343708,3.678714856505394,0,86
candidate,20260764,1,1,-17.0,4.0,0,0,1,9,0,0,0,0.024096385542168676,83,2.5483543524541052,3.2840481027960777,4.230756312608719,0,166
candidate,20260764,2,1,32.0,1.0,1,0,0,0,0,0,0,0.0425531914893617,47,2.490631007450692,3.419370204210281,3.5211965441703796,0,94
candidate,20260764,3,1,-8.0,2.5,0,0,0,0,0,0,0,0.0,86,2.581958983873212,3.68356890976429,3.8349218666553497,0,172
candidate,20260765,0,2,-8.0,2.5,0,0,0,0,0,0,0,0.047619047619047616,42,2.5632665270850774,3.2904029823839664,3.344256430864334,0,84
candidate,20260765,1,2,-8.0,2.5,0,0,0,0,0,0,0,0.025,40,2.566457912325859,3.401846438646316,3.6338120698928833,0,80
candidate,20260765,2,2,-8.0,2.5,0,0,0,0,0,0,0,0.016129032258064516,62,2.5399229038626916,3.3572593703866005,3.494858741760254,0,124
candidate,20260765,3,2,35.0,1.0,1,0,0,0,0,0,0,0.023809523809523808,42,2.5949952680440176,3.820141125470399,3.991147503256798,0,84
candidate,20260766,0,0,-39.0,3.0,0,0,0,0,0,0,0,0.0,35,2.657510286995343,3.5331029444932938,3.846611827611923,0,71
candidate,20260766,1,0,-16.0,3.0,0,0,0,0,0,0,0,0.029411764705882353,68,2.4882084142197582,3.025216329842806,3.4096259623765945,0,137
candidate,20260766,2,0,-8.0,2.5,0,0,0,0,0,0,0,0.03636363636363636,55,2.598748491568999,3.417384624481201,5.705619230866432,0,110
candidate,20260766,3,0,32.0,1.0,1,0,0,0,0,0,0,0.017543859649122806,57,2.54965511461099,3.3011872321367264,6.9587938487529755,0,114
candidate,20260767,0,3,-8.0,2.5,0,0,0,0,0,0,0,0.027777777777777776,36,2.563001225805945,3.2834247685968876,3.951428458094597,0,72
candidate,20260767,1,3,-18.0,4.0,0,0,1,10,0,0,0,0.027777777777777776,36,2.4892332342763743,3.043943550437689,3.262823447585106,0,72
candidate,20260767,2,3,34.0,1.0,1,0,0,0,0,0,0,0.027777777777777776,36,2.5078998878598213,3.4019416198134422,3.5838745534420013,0,72
candidate,20260767,3,3,-8.0,2.5,0,0,0,0,0,0,0,0.027777777777777776,36,2.471657573348946,3.3584213815629482,3.4473631531000137,0,72
candidate,20260768,0,3,-18.0,3.0,0,0,0,0,0,0,0,0.016666666666666666,60,2.5805984002848468,3.2715176232159138,3.83613258600235,0,121
candidate,20260768,1,3,-18.0,3.0,0,0,0,0,0,0,0,0.016666666666666666,60,2.5463100522756577,3.2173767685890198,5.016172304749489,0,121
candidate,20260768,2,3,-8.0,2.5,0,0,0,0,0,0,0,0.0,61,2.5658482594079657,3.654656931757927,3.88372503221035,0,122
candidate,20260768,3,3,44.0,1.0,1,0,0,0,0,0,0,0.05357142857142857,56,2.4159939161368778,3.127381671220064,3.320544958114624,0,112
candidate,20260769,0,2,43.0,1.0,1,0,0,0,0,0,0,0.03125,64,2.5730908673722297,3.3578991889953613,3.422655165195465,0,128
candidate,20260769,1,2,36.0,1.0,1,0,0,0,0,0,0,0.07894736842105263,38,2.5144065975358614,3.112943097949028,3.391401842236519,0,76
candidate,20260769,2,2,-8.0,2.5,0,0,0,0,0,0,0,0.016129032258064516,62,2.566134316786643,3.289327397942543,3.376716747879982,0,124
candidate,20260769,3,2,33.0,1.0,1,0,0,0,0,0,0,0.04411764705882353,68,2.5299849153003273,3.4567734226584435,3.801640123128891,0,136
candidate,20260770,0,2,-8.0,2.5,0,0,0,0,0,0,0,0.034482758620689655,58,2.5633157327257354,3.189202304929495,3.3285636454820633,0,116
candidate,20260770,1,2,34.0,1.0,1,0,0,0,0,0,0,0.017241379310344827,58,2.581212059434118,3.422564547508955,3.7910006940364838,0,116
candidate,20260770,2,2,0.0,2.5,0,0,0,0,0,1,0,0.0,86,2.5815451301114503,3.4506316296756268,3.610435873270035,0,172
candidate,20260770,3,2,-8.0,2.5,0,0,0,0,0,0,0,0.03571428571428571,28,2.5491382527564252,3.1978064216673374,4.172269254922867,0,56
candidate,20260771,0,1,69.0,1.0,1,1,0,0,0,0,0,0.07317073170731707,41,2.500839940294987,3.2943151891231537,3.374103456735611,0,81
candidate,20260771,1,1,34.0,1.0,1,0,0,0,0,0,0,0.0,55,2.566754377701066,3.5413337871432304,3.7304088473320007,0,110
candidate,20260771,2,1,-17.0,3.0,0,0,0,0,0,0,0,0.045454545454545456,44,2.4569017219949854,3.2430917955935,3.353351727128029,0,89
candidate,20260771,3,1,-34.0,4.0,0,0,1,26,0,0,0,0.05263157894736842,38,2.463979009342821,3.2946497201919556,3.345966339111328,0,76
candidate,20260772,0,0,-8.0,2.5,0,0,0,0,0,0,0,0.03333333333333333,30,2.5459216286738715,3.2631878741085525,3.430485725402832,0,60
candidate,20260772,1,0,-8.0,2.5,0,0,0,0,0,0,0,0.0,25,2.5612039119005203,3.3642303198575974,3.3865589648485184,0,50
candidate,20260772,2,0,-8.0,2.5,0,0,0,0,0,0,0,0.0,57,2.5148995612796985,3.3545389771461487,3.3720191568136215,0,114
candidate,20260772,3,0,35.0,1.0,1,0,0,0,0,0,0,0.04,25,2.547963932156563,3.5963956266641617,3.6259666085243225,0,50
candidate,20260773,0,3,10.0,2.0,0,0,0,0,0,0,0,0.012048192771084338,83,2.6126531547451592,3.4481069073081017,3.7359092384576797,1,168
candidate,20260773,1,3,-19.0,3.0,0,0,0,0,0,0,0,0.0,54,2.5687094225927636,3.394967596977949,3.4804027527570724,0,109
candidate,20260773,2,3,-25.0,4.0,0,0,1,17,0,0,0,0.0,37,2.504947771494453,3.325159475207329,3.3322926610708237,0,74
candidate,20260773,3,3,-19.0,3.0,0,0,0,0,0,0,0,0.018518518518518517,54,2.5117651179984763,3.289774339646101,3.5843607038259506,0,109
candidate,20260774,0,0,-19.0,3.0,0,0,0,0,0,0,0,0.024390243902439025,41,2.586916225349031,3.363756462931633,3.4764353185892105,0,83
candidate,20260774,1,0,-19.0,3.0,0,0,0,0,0,0,0,0.0,41,2.5406116392554305,3.3677201718091965,3.3745188266038895,0,83
candidate,20260774,2,0,-19.0,3.0,0,0,0,0,0,0,0,0.024390243902439025,41,2.5305417252749933,3.437438979744911,3.504430875182152,0,83
candidate,20260774,3,0,-29.0,3.0,0,0,0,0,0,0,0,0.05357142857142857,56,2.397045592910477,2.9234117828309536,3.0800923705101013,0,114
candidate,20260775,0,0,-18.0,4.0,0,0,1,10,0,0,0,0.014285714285714285,70,2.590561844408512,3.3591806888580322,4.201870411634445,0,140
candidate,20260775,1,0,-16.0,4.0,0,0,1,8,0,0,0,0.06451612903225806,31,2.6356100194877192,3.6279410123825073,4.877243191003799,0,62
candidate,20260775,2,0,-8.0,2.5,0,0,0,0,0,0,0,0.016129032258064516,62,2.474963454709899,3.1921750865876675,3.3735428005456924,0,124
candidate,20260775,3,0,-8.0,2.5,0,0,0,0,0,0,0,0.04838709677419355,62,2.485663930494939,3.028117027133703,5.3829625248909,0,125
candidate,20260776,0,2,-17.0,3.0,0,0,0,0,0,0,0,0.0,40,2.580199856311083,3.49399633705616,3.5849567502737045,0,81
candidate,20260776,1,2,-17.0,3.0,0,0,0,0,0,0,0,0.05,40,2.4820495396852493,3.2082232646644115,3.2992027699947357,0,81
candidate,20260776,2,2,-17.0,3.0,0,0,0,0,0,0,0,0.023255813953488372,43,2.6151212582061456,3.4063659608364105,3.6758575588464737,0,86
candidate,20260776,3,2,51.0,1.0,1,1,0,0,0,0,0,0.0,41,2.5803426326048085,3.6275554448366165,3.7674326449632645,0,81
candidate,20260777,0,0,0.0,2.5,0,0,0,0,0,1,0,0.0,85,2.717191945104038,3.49605530500412,6.975607946515083,0,170
candidate,20260777,1,0,69.0,1.0,1,1,0,0,0,0,0,0.013333333333333334,75,2.5016453117132187,3.239499218761921,3.5840123891830444,0,149
candidate,20260777,2,0,-8.0,2.5,0,0,0,0,0,0,0,0.0425531914893617,47,2.5414382206632737,3.403781726956367,4.402151331305504,0,94
candidate,20260777,3,0,32.0,1.0,1,0,0,0,0,0,0,0.0,64,2.587463561212644,3.492854535579681,4.551837220788002,0,128
candidate,20260778,0,2,10.0,2.0,0,0,0,0,0,0,0,0.030303030303030304,66,2.4924985782215088,2.965326886624098,3.298971801996231,1,133
candidate,20260778,1,2,90.0,1.0,1,1,0,0,0,0,0,0.016129032258064516,62,2.5198160400313716,3.320218995213508,3.3745281398296356,0,123
candidate,20260778,2,2,10.0,2.0,0,0,0,0,0,0,0,0.014084507042253521,71,2.5245947894495977,3.3979536965489388,3.4612156450748444,1,143
candidate,20260778,3,2,0.0,2.5,0,0,0,0,0,1,0,0.0,85,2.5412476676351883,3.4245703369379044,3.6150943487882614,0,170
candidate,20260779,0,2,-8.0,2.5,0,0,0,0,0,0,0,0.03389830508474576,59,2.5618465585728822,3.3092014491558075,3.373386338353157,0,118
candidate,20260779,1,2,46.0,1.0,1,0,0,0,0,0,0,0.0,59,2.6563756736153263,3.865143842995167,3.9533041417598724,0,118
candidate,20260779,2,2,-30.0,4.0,0,0,1,22,0,0,0,0.03389830508474576,59,2.4949655378774063,3.1885810196399684,3.3860281109809875,0,118
candidate,20260779,3,2,-8.0,2.5,0,0,0,0,0,0,0,0.05084745762711865,59,2.446061600062807,3.3337371423840523,3.463568165898323,0,118
candidate,20260780,0,3,-8.0,2.5,0,0,0,0,0,0,0,0.03636363636363636,55,2.5102766400033776,3.1465785577893257,3.258228302001953,0,110
candidate,20260780,1,3,-8.0,2.5,0,0,0,0,0,0,0,0.0,82,2.5768966482179922,3.4139540046453476,3.547152504324913,0,164
candidate,20260780,2,3,-8.0,2.5,0,0,0,0,0,0,0,0.05555555555555555,54,2.452951855957508,3.3018724992871284,3.388378769159317,0,108
candidate,20260780,3,3,-8.0,2.5,0,0,0,0,0,0,0,0.016129032258064516,62,2.453615558483908,3.1097011640667915,3.251420333981514,0,124
candidate,20260781,0,2,32.0,1.0,1,0,0,0,0,0,0,0.04411764705882353,68,2.5070962934371304,3.117791749536991,3.4788958728313446,0,136
candidate,20260781,1,2,43.0,1.0,1,0,0,0,0,0,0,0.058823529411764705,34,2.4927844676901314,3.2254470512270927,3.285093232989311,0,68
candidate,20260781,2,2,-8.0,2.5,0,0,0,0,0,0,0,0.047619047619047616,63,2.4242521455836674,2.979484759271145,3.357771784067154,0,126
candidate,20260781,3,2,-32.0,4.0,0,0,1,24,0,0,0,0.0273972602739726,73,2.459110003219892,3.3010203391313553,3.406120464205742,0,146
candidate,20260782,0,1,-20.0,3.0,0,0,0,0,0,0,0,0.022222222222222223,45,2.5760873738262386,3.3012352883815765,3.356652334332466,0,91
candidate,20260782,1,1,38.0,1.0,1,0,0,0,0,0,0,0.0,48,2.6087613853936396,3.601823467761278,3.8713179528713226,0,96
candidate,20260782,2,1,-8.0,2.5,0,0,0,0,0,0,0,0.0,48,2.507230693784853,3.2628770917654037,3.2904669642448425,0,96
candidate,20260782,3,1,-20.0,3.0,0,0,0,0,0,0,0,0.0,51,2.5662948176556943,3.4499745815992355,3.7565622478723526,0,103
candidate,20260783,0,2,-16.0,4.0,0,0,1,8,0,0,0,0.022727272727272728,44,2.5953169573437083,3.420099802315235,3.519279882311821,0,88
candidate,20260783,1,2,32.0,1.0,1,0,0,0,0,0,0,0.06818181818181818,44,2.446488096294078,3.2127213664352894,3.2452531158924103,0,88
candidate,20260783,2,2,-17.0,4.0,0,0,1,9,0,0,0,0.0,42,2.6147996651984395,3.6419135518372054,3.82433645427227,0,84
candidate,20260783,3,2,-8.0,2.5,0,0,0,0,0,0,0,0.0,36,2.619681621177329,3.444539848715067,6.265314295887947,0,72
candidate,20260784,0,1,-8.0,2.5,0,0,0,0,0,0,0,0.0,40,2.6879973243921995,3.393793385475874,6.3780806958675385,0,80
candidate,20260784,1,1,-8.0,2.5,0,0,0,0,0,0,0,0.023809523809523808,42,2.651476478647618,3.3092408441007133,6.75877183675766,0,84
candidate,20260784,2,1,-8.0,2.5,0,0,0,0,0,0,0,0.0,40,2.6801954954862595,3.633166104555126,5.242517217993736,0,80
candidate,20260784,3,1,35.0,1.0,1,0,0,0,0,0,0,0.0,40,2.718381118029356,3.734341636300082,7.567545399069786,0,80
candidate,20260785,0,0,-8.0,2.5,0,0,0,0,0,0,0,0.0,70,2.6800744235515594,3.653911780565977,6.154457107186317,0,140
candidate,20260785,1,0,-8.0,2.5,0,0,0,0,0,0,0,0.025974025974025976,77,2.5327469573005454,3.2821211963891983,5.0532035529613495,0,154
candidate,20260785,2,0,33.0,1.0,1,0,0,0,0,0,0,0.046875,64,2.431159489788115,3.312284499406814,3.3632665872573853,0,128
candidate,20260785,3,0,-8.0,2.5,0,0,0,0,0,0,0,0.0,78,2.547022791054004,3.5168428905308247,3.758380189538002,0,156
candidate,20260786,0,2,44.0,1.0,1,0,0,0,0,0,0,0.0,80,2.7583216316998005,3.9730196818709373,5.049420520663261,0,160
candidate,20260786,1,2,-8.0,2.5,0,0,0,0,0,0,0,0.012658227848101266,79,2.525549075460132,3.1176380813121796,4.588451236486435,0,158
candidate,20260786,2,2,32.0,1.0,1,0,0,0,0,0,0,0.0273972602739726,73,2.4473071353484506,3.0074410140514365,4.460761323571205,0,146
candidate,20260786,3,2,-19.0,3.0,0,0,0,0,0,0,0,0.024691358024691357,81,2.4641707861497077,3.078604117035866,4.077304154634476,0,163
candidate,20260787,0,0,35.0,1.0,1,0,0,0,0,0,0,0.0,44,2.659894356673414,3.6379482597112656,3.8561802357435226,0,88
candidate,20260787,1,0,-8.0,2.5,0,0,0,0,0,0,0,0.0,44,2.566719554703344,3.3945520408451557,3.4564193338155746,0,88
candidate,20260787,2,0,-8.0,2.5,0,0,0,0,0,0,0,0.05,20,2.4706507101655006,3.1377963721752167,3.284687176346779,0,40
candidate,20260787,3,0,35.0,1.0,1,0,0,0,0,0,0,0.03896103896103896,77,2.528109575633879,3.1637694686651234,6.312282755970955,0,154
candidate,20260788,0,3,-8.0,2.5,0,0,0,0,0,0,0,0.03125,32,2.6495885686017573,3.433494921773672,4.320118576288223,0,64
candidate,20260788,1,3,-19.0,4.0,0,0,1,11,0,0,0,0.06382978723404255,47,2.457824634744766,2.8954051434993744,4.892947152256966,0,94
candidate,20260788,2,3,32.0,1.0,1,0,0,0,0,0,0,0.0,24,2.7378671802580357,3.7126531824469566,5.719950422644615,0,48
candidate,20260788,3,3,-8.0,2.5,0,0,0,0,0,0,0,0.03125,32,2.5182439130730927,3.3071760088205338,3.3137407153844833,0,64
candidate,20260789,0,2,-8.0,2.5,0,0,0,0,0,0,0,0.0,77,2.697827826653208,3.604009747505188,5.198325961828232,0,154
candidate,20260789,1,2,-8.0,2.5,0,0,0,0,0,0,0,0.017241379310344827,58,2.5106338334494622,3.306682128459215,3.4341439604759216,0,116
candidate,20260789,2,2,33.0,1.0,1,0,0,0,0,0,0,0.014705882352941176,68,2.5074372670668015,3.3327555283904076,3.420613706111908,0,136
candidate,20260789,3,2,-17.0,4.0,0,0,1,9,0,0,0,0.034482758620689655,58,2.4984775689141503,3.3938261680305004,3.4905187785625458,0,116
candidate,20260790,0,1,-36.0,3.0,0,0,0,0,0,0,0,0.01639344262295082,61,2.626331920017962,3.3348221331834793,4.655702039599419,0,123
candidate,20260790,1,1,-8.0,2.5,0,0,0,0,0,0,0,0.022222222222222223,45,2.6086183885733285,3.700669482350349,3.767920657992363,0,90
candidate,20260790,2,1,84.0,1.0,1,1,0,0,0,0,0,0.03389830508474576,59,2.52553268130553,3.5413773730397224,3.5944748669862747,0,117
candidate,20260790,3,1,-28.0,3.0,0,0,0,0,0,0,0,0.0,58,2.587413029937909,3.576411120593548,3.865431994199753,0,117
candidate,20260791,0,1,32.0,1.0,1,0,0,0,0,0,0,0.014492753623188406,69,2.610057457417682,3.4494001418352127,3.994269296526909,0,138
candidate,20260791,1,1,-20.0,4.0,0,0,1,12,0,0,0,0.0,77,2.6351108953550266,3.636479750275612,3.724250942468643,0,154
candidate,20260791,2,1,-8.0,2.5,0,0,0,0,0,0,0,0.0,63,2.555992365593002,3.4678952768445015,3.52507084608078,0,126
candidate,20260791,3,1,-8.0,2.5,0,0,0,0,0,0,0,0.0273972602739726,73,2.592406299424498,3.1572397798299785,5.87112084031105,0,145
candidate,20260792,0,0,34.0,1.0,1,0,0,0,0,0,0,0.03125,32,2.6929047307930887,3.5526986233890057,4.105215892195702,0,64
candidate,20260792,1,0,-18.0,3.0,0,0,0,0,0,0,0,0.04081632653061224,49,2.4773976480474276,3.230639919638633,3.3727139234542847,0,99
candidate,20260792,2,0,33.0,1.0,1,0,0,0,0,0,0,0.05714285714285714,35,2.434871026447841,3.131469152867794,3.1812693923711777,0,70
candidate,20260792,3,0,-8.0,2.5,0,0,0,0,0,0,0,0.09375,32,2.4514576653018594,3.143392503261566,3.3218245953321457,0,64
candidate,20260793,0,1,36.0,1.0,1,0,0,0,0,0,0,0.03571428571428571,56,2.5382660595434055,3.2995007932186127,3.4085772931575775,0,112
candidate,20260793,1,1,-23.0,3.0,0,0,0,0,0,0,0,0.03333333333333333,60,2.4662611385186515,3.0794841237366195,3.590695559978485,0,121
candidate,20260793,2,1,-8.0,2.5,0,0,0,0,0,0,0,0.05084745762711865,59,2.474963380876234,3.1275184825062747,3.3881422132253647,0,117
candidate,20260793,3,1,35.0,1.0,1,0,0,0,0,0,0,0.011235955056179775,89,2.5500278040934146,3.4022461622953415,4.405399784445763,0,179
candidate,20260794,0,2,-8.0,2.5,0,0,0,0,0,0,0,0.0,20,2.543236967176199,3.3132223412394524,3.362368792295456,0,40
candidate,20260794,1,2,38.0,1.0,1,0,0,0,0,0,0,0.1,20,2.492276020348072,3.2896779477596283,3.330036997795105,0,40
candidate,20260794,2,2,-8.0,2.5,0,0,0,0,0,0,0,0.09523809523809523,21,2.571049988979385,3.4416373819112778,3.462590277194977,0,42
candidate,20260794,3,2,-22.0,4.0,0,0,1,14,0,0,0,0.05714285714285714,35,2.577786094376019,3.247535228729248,5.154123529791832,0,70
candidate,20260795,0,3,40.0,1.0,1,0,0,0,0,0,0,0.0,24,2.6900780697663627,3.3338035456836224,6.345866248011589,0,48
candidate,20260795,1,3,-8.0,2.5,0,0,0,0,0,0,0,0.08333333333333333,24,2.5175923947244883,3.3353562466800213,3.3577177673578262,0,48
candidate,20260795,2,3,-8.0,2.5,0,0,0,0,0,0,0,0.0,24,2.5477337185293436,3.354861121624708,3.4148991107940674,0,48
candidate,20260795,3,3,-24.0,4.0,0,0,1,16,0,0,0,0.0,24,2.6730972652633986,3.4012602642178535,5.788736045360565,0,48
candidate,20260796,0,0,0.0,2.5,0,0,0,0,0,1,0,0.022988505747126436,87,2.5153352782644074,3.0452804639935493,3.47241573035717,0,174
candidate,20260796,1,0,-8.0,2.5,0,0,0,0,0,0,0,0.0,82,2.6031287114431216,3.477288596332073,4.99609112739563,0,164
candidate,20260796,2,0,0.0,2.5,0,0,0,0,0,1,1,0.024096385542168676,83,2.5437133813119797,3.3297736197710015,5.777483806014061,0,166
candidate,20260796,3,0,-8.0,2.5,0,0,0,0,0,0,0,0.0,36,2.465930198215776,3.265890758484602,3.288229927420616,0,72
candidate,20260797,0,0,-16.0,3.0,0,0,0,0,0,0,0,0.047619047619047616,42,2.6241708103389967,3.3485103398561478,4.908772185444832,0,85
candidate,20260797,1,0,48.0,1.0,1,1,0,0,0,0,0,0.0,43,2.663545527083929,3.6476805806159973,5.373602733016014,0,85
candidate,20260797,2,0,57.0,1.0,1,1,0,0,0,0,0,0.08333333333333333,36,2.4596741940412254,3.2599628902971745,3.357835114002228,0,71
candidate,20260797,3,0,-16.0,3.0,0,0,0,0,0,0,0,0.023809523809523808,42,2.4921627981322154,3.4250805154442787,3.5295989364385605,0,85
candidate,20260798,0,1,-17.0,4.0,0,0,1,9,0,0,0,0.043478260869565216,23,2.6478881583265634,3.3262282609939575,3.3369306474924088,0,46
candidate,20260798,1,1,32.0,1.0,1,0,0,0,0,0,0,0.0,17,2.5811600772773517,3.5717103630304337,3.6255139857530594,0,34
candidate,20260798,2,1,-8.0,2.5,0,0,0,0,0,0,0,0.0,42,2.5588211470416615,3.5653030499815936,3.7123169749975204,0,84
candidate,20260798,3,1,-18.0,4.0,0,0,1,10,0,0,0,0.05263157894736842,38,2.519598034651656,3.2340909354388714,4.243016242980957,0,76
candidate,20260799,0,0,-20.0,3.0,0,0,0,0,0,0,0,0.0,38,2.6778591012484148,3.826542105525732,4.208719357848167,0,77
candidate,20260799,1,0,35.0,1.0,1,0,0,0,0,0,0,0.05,40,2.478113165125251,3.131274692714214,3.3333804458379745,0,80
candidate,20260799,2,0,-8.0,2.5,0,0,0,0,0,0,0,0.023809523809523808,42,2.585972747987225,3.4668417647480965,4.692338407039642,0,84
candidate,20260799,3,0,-8.0,2.5,0,0,0,0,0,0,0,0.023809523809523808,42,2.5697298170555207,3.353935945779085,4.858357831835747,0,84
candidate,20260800,0,3,-8.0,2.5,0,0,0,0,0,0,0,0.0,41,2.618560658358946,3.335561603307724,5.504893139004707,0,82
candidate,20260800,1,3,63.0,1.0,1,1,0,0,0,0,0,0.023809523809523808,42,2.4879117097173418,3.31450505182147,3.343813121318817,0,83
candidate,20260800,2,3,0.0,2.5,0,0,0,0,0,1,0,0.0,84,2.5323676832375073,3.4098139964044094,3.4948941320180893,0,169
candidate,20260800,3,3,0.0,2.5,0,0,0,0,0,1,0,0.0,84,2.5491252585890747,3.477225638926029,3.6697257310152054,0,168
candidate,20260801,0,2,0.0,2.5,0,0,0,0,0,1,0,0.0,83,2.6264003511652887,3.371860459446907,4.5153796672821045,0,166
candidate,20260801,1,2,-18.0,4.0,0,0,1,10,0,0,0,0.0,78,2.6439701039821673,3.723216708749532,3.9705391973257065,0,156
candidate,20260801,2,2,0.0,2.5,0,0,0,0,0,1,0,0.011904761904761904,84,2.511074012588887,3.158603236079216,4.454437643289566,0,168
candidate,20260801,3,2,34.0,1.0,1,0,0,0,0,0,0,0.04,50,2.505500316619873,3.1088747084140778,5.858063697814941,0,100
candidate,20260802,0,3,-8.0,2.5,0,0,0,0,0,0,0,0.029411764705882353,34,2.5813289205817616,3.24315745383501,3.4163445234298706,0,68
candidate,20260802,1,3,-20.0,4.0,0,0,1,12,0,0,0,0.029411764705882353,34,2.5509043651468613,3.3937180414795876,3.5368110984563828,0,68
candidate,20260802,2,3,36.0,1.0,1,0,0,0,0,0,0,0.029411764705882353,34,2.4936112630016662,3.2111802138388152,4.401590675115585,0,68
candidate,20260802,3,3,-8.0,2.5,0,0,0,0,0,0,0,0.058823529411764705,34,2.5132471585974976,3.433976974338293,3.4815240651369095,0,68
candidate,20260803,0,1,-8.0,2.5,0,0,0,0,0,0,0,0.021739130434782608,46,2.53900946320399,3.19359777495265,3.3864323049783707,0,92
candidate,20260803,1,1,-8.0,2.5,0,0,0,0,0,0,0,0.0,68,2.642554806216675,3.633491974323988,3.9513204246759415,0,136
candidate,20260803,2,1,34.0,1.0,1,0,0,0,0,0,0,0.02127659574468085,47,2.5183684093520995,3.423078916966915,3.5724230110645294,0,94
candidate,20260803,3,1,-16.0,4.0,0,0,1,8,0,0,0,0.03389830508474576,59,2.4684250544188386,3.1271737068891525,3.341393545269966,0,118
candidate,20260804,0,1,57.0,1.0,1,1,0,0,0,0,0,0.017857142857142856,56,2.5788321758487394,3.308326005935669,5.340412259101868,0,111
candidate,20260804,1,1,-8.0,2.5,0,0,0,0,0,0,0,0.0,34,2.648284877924358,3.3446374349296093,6.792854517698288,0,68
candidate,20260804,2,1,-19.0,3.0,0,0,0,0,0,0,0,0.07272727272727272,55,2.435027401555668,2.9609812423586845,4.816215485334396,0,111
candidate,20260804,3,1,-8.0,2.5,0,0,0,0,0,0,0,0.0,34,2.5775478604961846,3.583630453795194,3.7758946418762207,0,68
candidate,20260805,0,2,0.0,2.5,0,0,0,0,0,1,0,0.0,84,2.628987499823173,3.4066502936184406,6.065480411052704,0,169
candidate,20260805,1,2,35.0,1.0,1,0,0,0,0,0,0,0.03571428571428571,56,2.6681562553026845,3.421600442379713,6.543396040797234,0,112
candidate,20260805,2,2,-8.0,2.5,0,0,0,0,0,0,0,0.0,54,2.619548079868158,3.461031150072813,6.093025207519531,0,108
candidate,20260805,3,2,-19.0,4.0,0,0,1,11,0,0,0,0.013333333333333334,75,2.6562529305617013,3.5782519727945328,6.355103105306625,0,149
candidate,20260806,0,0,-8.0,2.5,0,0,0,0,0,0,0,0.05405405405405406,37,2.779120730387198,3.5705078393220866,6.075151264667511,0,74
candidate,20260806,1,0,36.0,1.0,1,0,0,0,0,0,0,0.0,60,2.6686453260481358,3.6045599728822704,4.909789189696312,0,120
candidate,20260806,2,0,-8.0,2.5,0,0,0,0,0,0,0,0.0,60,2.6128681066135564,3.5865491256117816,3.767212852835655,0,120
candidate,20260806,3,0,45.0,1.0,1,0,0,0,0,0,0,0.014492753623188406,69,2.598426561208739,3.6968640983104697,4.1725486516952515,0,138
candidate,20260807,0,1,49.0,1.0,1,0,0,0,0,0,0,0.0,69,2.6294981547887772,3.371376171708107,5.018344148993492,0,138
candidate,20260807,1,1,-17.0,4.0,0,0,1,9,0,0,0,0.028985507246376812,69,2.5130741946075275,2.966777607798576,5.2327606827020645,0,138
candidate,20260807,2,1,36.0,1.0,1,0,0,0,0,0,0,0.020833333333333332,48,2.5788818408424654,3.4483599476516247,6.2203481793403625,0,96
candidate,20260807,3,1,-20.0,4.0,0,0,1,12,0,0,0,0.07272727272727272,55,2.4109557271003723,3.053122945129871,3.315431997179985,0,110
candidate,20260808,0,3,-18.0,3.0,0,0,0,0,0,0,0,0.0,38,2.8416417833221588,3.8827184587717034,6.448816508054733,0,77
candidate,20260808,1,3,-18.0,3.0,0,0,0,0,0,0,0,0.0,38,2.687077577176847,3.835670556873083,3.979397937655449,0,77
candidate,20260808,2,3,54.0,1.0,1,1,0,0,0,0,0,0.0,39,2.5238807384784403,3.3769039437174797,3.3849645406007767,0,77
candidate,20260808,3,3,48.0,1.0,1,0,0,0,0,0,0,0.0,42,2.5205076006906375,3.414500318467617,3.438718616962433,0,85
candidate,20260809,0,0,-8.0,2.5,0,0,0,0,0,0,0,0.0,27,2.626162988168222,3.498245030641556,3.5893041640520096,0,54
candidate,20260809,1,0,33.0,1.0,1,0,0,0,0,0,0,0.07407407407407407,27,2.619153647511094,3.4108391031622887,5.212884396314621,0,54
candidate,20260809,2,0,-17.0,4.0,0,0,1,9,0,0,0,0.07407407407407407,27,2.6123313302243196,3.287655860185623,5.389964208006859,0,54
candidate,20260809,3,0,-8.0,2.5,0,0,0,0,0,0,0,0.037037037037037035,27,2.600630400357423,3.3445751294493675,5.4955873638391495,0,54
candidate,20260810,0,0,60.0,1.0,1,1,0,0,0,0,0,0.05405405405405406,37,2.5139720858754337,3.3379454165697098,3.565290942788124,0,73
candidate,20260810,1,0,-20.0,3.0,0,0,0,0,0,0,0,0.0,36,2.6117140530712075,3.3198464661836624,5.391251295804977,0,73
candidate,20260810,2,0,-20.0,3.0,0,0,0,0,0,0,0,0.0,36,2.5252969418134956,3.3584865741431713,3.385476768016815,0,73
candidate,20260810,3,0,-20.0,3.0,0,0,0,0,0,0,0,0.027777777777777776,36,2.4945432734158306,3.3301631920039654,3.363870084285736,0,73
candidate,20260811,0,2,39.0,1.0,1,0,0,0,0,0,0,0.06060606060606061,33,2.46929975621628,2.9686730355024338,3.289340063929558,0,66
candidate,20260811,1,2,-19.0,3.0,0,0,0,0,0,0,0,0.02702702702702703,37,2.5958427907647312,3.2927867025136948,5.726741626858711,0,75
candidate,20260811,2,2,-19.0,3.0,0,0,0,0,0,0,0,0.02564102564102564,39,2.5787566048212542,3.3153461292386055,5.406895652413368,0,79
candidate,20260811,3,2,-19.0,3.0,0,0,0,0,0,0,0,0.0,37,2.5293532054166534,3.5217616707086563,3.5795439034700394,0,75
candidate,20260812,0,2,-8.0,2.5,0,0,0,0,0,0,0,0.019230769230769232,52,2.570559736341238,3.272760473191738,3.3675171434879303,0,104
candidate,20260812,1,2,-8.0,2.5,0,0,0,0,0,0,0,0.057692307692307696,52,2.5371089935875855,3.1938023865222926,4.325365647673607,0,104
candidate,20260812,2,2,-8.0,2.5,0,0,0,0,0,0,0,0.022222222222222223,45,2.444023680355814,3.263789042830467,3.320680931210518,0,90
candidate,20260812,3,2,35.0,1.0,1,0,0,0,0,0,0,0.0,52,2.6215059467806268,3.933268878608942,3.9802473038434982,0,104
candidate,20260813,0,2,-16.0,3.0,0,0,0,0,0,0,0,0.037037037037037035,27,2.605297844167109,3.365541994571686,3.4268219023942947,0,55
candidate,20260813,1,2,48.0,1.0,1,1,0,0,0,0,0,0.0,28,2.6157027376549586,3.7941959686577316,3.895876929163933,0,55
candidate,20260813,2,2,-16.0,3.0,0,0,0,0,0,0,0,0.0,27,2.503159490448457,3.4331226721405983,3.461381420493126,0,55
candidate,20260813,3,2,-16.0,3.0,0,0,0,0,0,0,0,0.0,27,2.501509807727955,3.381468914449215,3.483101725578308,0,55
candidate,20260814,0,2,38.0,1.0,1,0,0,0,0,0,0,0.0,74,2.6698477213849894,3.741667326539755,3.8010571151971817,0,148
candidate,20260814,1,2,-8.0,2.5,0,0,0,0,0,0,0,0.01282051282051282,78,2.656940418558243,3.7619007751345634,3.881547600030899,0,156
candidate,20260814,2,2,-8.0,2.5,0,0,0,0,0,0,0,0.0,72,2.5065725203603506,3.338383138179779,3.553532063961029,0,144
candidate,20260814,3,2,0.0,2.5,0,0,0,0,0,1,0,0.023529411764705882,85,2.44515255531844,3.0179154127836227,3.255777060985565,0,170
candidate,20260815,0,0,-18.0,3.0,0,0,0,0,0,0,0,0.0,30,2.581415014962355,3.296401258558035,3.3250730484724045,0,61
candidate,20260815,1,0,-8.0,2.5,0,0,0,0,0,0,0,0.03278688524590164,61,2.4639689592552965,3.0810777097940445,3.323020413517952,0,122
candidate,20260815,2,0,54.0,1.0,1,1,0,0,0,0,0,0.06451612903225806,31,2.4641472846269608,3.3662617206573486,3.3985786139965057,0,61
candidate,20260815,3,0,-18.0,3.0,0,0,0,0,0,0,0,0.0,30,2.5082708025972047,3.3305508084595203,3.3588875085115433,0,61
candidate,20260816,0,2,-17.0,3.0,0,0,0,0,0,0,0,0.034482758620689655,58,2.460144781346979,2.9682169668376446,3.2338984310626984,0,117
candidate,20260816,1,2,-17.0,3.0,0,0,0,0,0,0,0,0.0,58,2.5905006854184744,3.423476219177246,3.7999991327524185,0,117
candidate,20260816,2,2,51.0,1.0,1,1,0,0,0,0,0,0.06521739130434782,46,2.441383128904778,3.2940120436251163,3.3210087567567825,0,91
candidate,20260816,3,2,-17.0,3.0,0,0,0,0,0,0,0,0.034482758620689655,58,2.4419215925294777,3.150237910449505,3.351520746946335,0,117
candidate,20260817,0,0,-32.0,4.0,0,0,1,24,0,0,0,0.08163265306122448,49,2.5394799529897925,3.4601781517267227,3.5824868828058243,0,98
candidate,20260817,1,0,-8.0,2.5,0,0,0,0,0,0,0,0.0,34,2.5716430562383987,3.3475395292043686,3.402968868613243,0,68
candidate,20260817,2,0,-19.0,3.0,0,0,0,0,0,0,0,0.0,48,2.512579783797264,3.2732888124883175,3.3014118671417236,0,97
candidate,20260817,3,0,-17.0,4.0,0,0,1,9,0,0,0,0.0,34,2.5303539655664387,3.5133710131049156,3.600524738430977,0,68
candidate,20260818,0,3,-33.0,3.0,0,0,0,0,0,0,0,0.0,36,2.7511540489892163,3.9730891585350037,4.053991287946701,0,73
candidate,20260818,1,3,99.0,1.0,1,1,0,0,0,0,0,0.0,37,2.520641160977853,3.363379091024399,3.4256838262081146,0,73
candidate,20260818,2,3,-33.0,3.0,0,0,0,0,0,0,0,0.027777777777777776,36,2.457753186010652,3.248217049986124,3.3099129796028137,0,73
candidate,20260818,3,3,-33.0,3.0,0,0,0,0,0,0,0,0.027777777777777776,36,2.4969809067746005,3.356493543833494,3.4827012568712234,0,73
candidate,20260819,0,3,69.0,1.0,1,1,0,0,0,0,0,0.024691358024691357,81,2.523323314057456,3.3340416848659515,3.4382790327072144,0,161
candidate,20260819,1,3,-20.0,4.0,0,0,1,12,0,0,0,0.017241379310344827,58,2.5663873309205316,3.4161999821662903,3.5724546760320663,0,116
candidate,20260819,2,3,-20.0,4.0,0,0,1,12,0,0,0,0.0,71,2.5086900822713343,3.432180732488632,3.5869237035512924,0,142
candidate,20260819,3,3,-20.0,4.0,0,0,1,12,0,0,0,0.0,68,2.542811308932655,3.606550768017769,3.716936334967613,0,136
candidate,20260820,0,3,-25.0,3.0,0,0,0,0,0,0,0,0.03571428571428571,56,2.539931164522256,3.135271370410919,5.4690539836883545,0,113
candidate,20260820,1,3,-8.0,2.5,0,0,0,0,0,0,0,0.04,25,2.5313884019851685,3.2364509999752045,3.2947566360235214,0,50
candidate,20260820,2,3,-25.0,3.0,0,0,0,0,0,0,0,0.017857142857142856,56,2.5037529412657022,3.352436702698469,3.463350236415863,0,114
candidate,20260820,3,3,34.0,1.0,1,0,0,0,0,0,0,0.025,40,2.439114125445485,3.0737882480025287,3.2281242311000824,0,80
candidate,20260821,0,0,-19.0,3.0,0,0,0,0,0,0,0,0.0,29,2.604494963226647,3.363553062081337,3.4463945776224136,0,59
candidate,20260821,1,0,57.0,1.0,1,1,0,0,0,0,0,0.06666666666666667,30,2.448996218542258,3.2884291373193264,3.3130813390016556,0,59
candidate,20260821,2,0,-19.0,3.0,0,0,0,0,0,0,0,0.06896551724137931,29,2.449743578146244,3.156343102455139,3.502318635582924,0,59
candidate,20260821,3,0,-17.0,4.0,0,0,1,9,0,0,0,0.0,24,2.5055836886167526,3.312577586621046,3.604436293244362,0,48
candidate,20260822,0,0,42.0,1.0,1,0,0,0,0,0,0,0.0,56,2.642664559451597,3.5394965671002865,3.8696788251399994,0,112
candidate,20260822,1,0,-19.0,4.0,0,0,1,11,0,0,0,0.0,57,2.5789236094345127,3.483888879418373,3.56871634721756,0,114
candidate,20260822,2,0,-8.0,2.5,0,0,0,0,0,0,0,0.0,56,2.6013668892639026,3.6305426619946957,3.760574385523796,0,112
candidate,20260822,3,0,-26.0,4.0,0,0,1,18,0,0,0,0.03571428571428571,56,2.445813168638519,3.1795897521078587,3.2561402767896652,0,112
candidate,20260823,0,1,-8.0,2.5,0,0,0,0,0,0,0,0.05263157894736842,38,2.5362197897936167,3.2727496698498726,3.299463540315628,0,76
candidate,20260823,1,1,-17.0,4.0,0,0,1,9,0,0,0,0.0,42,2.556613291658106,3.4789274446666236,3.518754616379738,0,84
candidate,20260823,2,1,-30.0,4.0,0,0,1,22,0,0,0,0.03389830508474576,59,2.4887478705179893,3.333965875208378,3.4102555364370346,0,118
candidate,20260823,3,1,0.0,2.5,0,0,0,0,0,1,1,0.0,86,2.7198965422982395,4.143930971622467,4.637615755200386,0,172
candidate,20260824,0,3,-24.0,3.0,0,0,0,0,0,0,0,0.019230769230769232,52,2.5774910329626155,3.276106435805559,3.3053606748580933,0,105
candidate,20260824,1,3,-24.0,3.0,0,0,0,0,0,0,0,0.0,52,2.518753055483103,3.3885917626321316,3.3959373831748962,0,105
candidate,20260824,2,3,72.0,1.0,1,1,0,0,0,0,0,0.05660377358490566,53,2.3945122605787135,2.9355138540267944,3.2359231263399124,0,105
candidate,20260824,3,3,-24.0,3.0,0,0,0,0,0,0,0,0.0,52,2.5298407731147914,3.335446026176214,3.3964700996875763,0,105
candidate,20260825,0,3,-19.0,3.0,0,0,0,0,0,0,0,0.0,44,2.5663267482410776,3.3236118964850903,3.364056348800659,0,89
candidate,20260825,1,3,-8.0,2.5,0,0,0,0,0,0,0,0.020833333333333332,48,2.570634901834031,3.282128367573023,3.6337971687316895,0,96
candidate,20260825,2,3,-8.0,2.5,0,0,0,0,0,0,0,0.0125,80,2.500404533930123,3.282740246504545,3.4305863082408905,0,160
candidate,20260825,3,3,0.0,2.5,0,0,0,0,0,1,1,0.024096385542168676,83,2.4465006069246544,3.2312044873833656,3.35543230175972,0,166
candidate,20260826,0,3,-8.0,2.5,0,0,0,0,0,0,0,0.0,38,2.618753302254175,3.4921827726066113,3.605291247367859,0,76
candidate,20260826,1,3,-32.0,4.0,0,0,1,24,0,0,0,0.02631578947368421,38,2.5142402339138483,3.3672393299639225,3.383992239832878,0,76
candidate,20260826,2,3,-8.0,2.5,0,0,0,0,0,0,0,0.0,40,2.535748528316617,3.4187017008662224,3.682689741253853,0,80
candidate,20260826,3,3,48.0,1.0,1,0,0,0,0,0,0,0.0,38,2.518724307025734,3.3514303155243397,3.5603418946266174,0,76
candidate,20260827,0,2,-20.0,3.0,0,0,0,0,0,0,0,0.0,39,2.6155395958668146,3.3542970195412636,3.452138975262642,0,79
candidate,20260827,1,2,72.0,1.0,1,1,0,0,0,0,0,0.0,38,2.6189494681985757,3.8054640404880042,4.1992031037807465,0,75
candidate,20260827,2,2,-21.0,3.0,0,0,0,0,0,0,0,0.0,43,2.5828227747318357,3.651202842593193,3.671471029520035,0,87
candidate,20260827,3,2,-21.0,3.0,0,0,0,0,0,0,0,0.023255813953488372,43,2.4894462508517643,3.182186372578144,3.344127908349037,0,87
candidate,20260828,0,1,-8.0,2.5,0,0,0,0,0,0,0,0.028169014084507043,71,2.479967674319173,3.046983852982521,3.2718051224946976,0,142
candidate,20260828,1,1,-28.0,4.0,0,0,1,20,0,0,0,0.045454545454545456,66,2.4433192147901566,2.977872733026743,3.5416018217802048,0,132
candidate,20260828,2,1,-8.0,2.5,0,0,0,0,0,0,0,0.0,35,2.647698830280985,3.827037662267685,3.8893967866897583,0,70
candidate,20260828,3,1,-19.0,3.0,0,0,0,0,0,0,0,0.025,80,2.4807558162137866,3.3408503979444504,3.4577958285808563,0,161
candidate,20260829,0,1,-8.0,2.5,0,0,0,0,0,0,0,0.058823529411764705,34,2.537636743748889,3.2999574206769466,3.359399735927582,0,68
candidate,20260829,1,1,-8.0,2.5,0,0,0,0,0,0,0,0.09375,32,2.4239293998107314,3.0430088751018047,3.1934604048728943,0,64
candidate,20260829,2,1,44.0,1.0,1,0,0,0,0,0,0,0.03125,32,2.477129455655813,3.250204585492611,3.380885347723961,0,64
candidate,20260829,3,1,-28.0,4.0,0,0,1,20,0,0,0,0.03571428571428571,28,2.4834576595042432,3.3402521163225174,3.3879727125167847,0,56
candidate,20260830,0,2,0.0,2.5,0,0,0,0,0,1,0,0.0,83,2.5792371212358933,3.3985311165452003,3.987327218055725,0,167
candidate,20260830,1,2,43.0,1.0,1,0,0,0,0,0,0,0.015873015873015872,63,2.6510639323128595,3.7568630650639534,5.8936066925525665,0,126
candidate,20260830,2,2,-23.0,3.0,0,0,0,0,0,0,0,0.013333333333333334,75,2.5608421117067337,3.546239249408245,3.6878008395433426,0,150
candidate,20260830,3,2,-8.0,2.5,0,0,0,0,0,0,0,0.027777777777777776,72,2.471608497823278,3.2745384611189365,3.3163316547870636,0,144
candidate,20260831,0,3,63.0,1.0,1,1,0,0,0,0,0,0.08,25,2.4880165606737137,3.1429879367351523,3.29679436981678,0,49
candidate,20260831,1,3,-21.0,3.0,0,0,0,0,0,0,0,0.08695652173913043,23,2.5778229793776637,3.3795038238167763,3.390507772564888,0,47
candidate,20260831,2,3,-21.0,3.0,0,0,0,0,0,0,0,0.041666666666666664,24,2.4762487349410853,3.399890474975109,3.430834040045738,0,49
candidate,20260831,3,3,-21.0,3.0,0,0,0,0,0,0,0,0.0,24,2.510674064978957,3.5780850797891612,3.6236047744750977,0,49
candidate,20260832,0,1,63.0,1.0,1,1,0,0,0,0,0,0.0196078431372549,51,2.5979288871966157,3.4929076209664345,3.526918590068817,0,102
candidate,20260832,1,1,-8.0,2.5,0,0,0,0,0,0,0,0.04878048780487805,41,2.52381126146491,3.230096772313118,3.253985196352005,0,81
candidate,20260832,2,1,-17.0,4.0,0,0,1,9,0,0,0,0.024390243902439025,41,2.5196067261986617,3.4169629216194153,3.455422818660736,0,83
candidate,20260832,3,1,33.0,1.0,1,0,0,0,0,0,0,0.0,41,2.5384656903220386,3.5616811364889145,3.6196354776620865,0,83
candidate,20260833,0,0,-8.0,2.5,0,0,0,0,0,0,0,0.0425531914893617,47,2.525941290436907,3.2962510362267485,3.445122390985489,0,94
candidate,20260833,1,0,-16.0,4.0,0,0,1,8,0,0,0,0.0425531914893617,47,2.4551212629105184,3.0226057395339008,3.4504029899835587,0,94
candidate,20260833,2,0,-16.0,3.0,0,0,0,0,0,0,0,0.04819277108433735,83,2.4114696600710053,2.992488443851471,3.239508718252182,0,167
candidate,20260833,3,0,-17.0,4.0,0,0,1,9,0,0,0,0.037037037037037035,81,2.374609242434855,2.833031117916107,3.02201509475708,0,162
candidate,20260834,0,2,-8.0,2.5,0,0,0,0,0,0,0,0.0,44,2.6113092475994066,3.539609909057617,4.4607967138290405,0,88
candidate,20260834,1,2,32.0,1.0,1,0,0,0,0,0,0,0.09375,32,2.391030779108405,2.9126678593456745,2.92140431702137,0,64
candidate,20260834,2,2,-16.0,4.0,0,0,1,8,0,0,0,0.08333333333333333,24,2.5006704963743687,3.240001294761896,3.2808296382427216,0,48
candidate,20260834,3,2,-8.0,2.5,0,0,0,0,0,0,0,0.0,32,2.4439654662273824,3.236757218837738,3.290751948952675,0,64
candidate,20260835,0,2,-16.0,3.0,0,0,0,0,0,0,0,0.0,37,2.6333045113731073,3.5653386265039444,3.676595166325569,0,75
candidate,20260835,1,2,-18.0,3.0,0,0,0,0,0,0,0,0.05,80,2.4862666381523013,3.320233058184385,3.634881228208542,0,161
candidate,20260835,2,2,-18.0,3.0,0,0,0,0,0,0,0,0.0,76,2.68030855314512,3.7545734085142612,5.873788148164749,0,153
candidate,20260835,3,2,-8.0,2.5,0,0,0,0,0,0,0,0.0,55,2.568814192305912,3.5430116578936577,3.682367503643036,0,110
candidate,20260836,0,3,34.0,1.0,1,0,0,0,0,0,0,0.061224489795918366,49,2.4719567855401916,3.115160390734672,3.3053886145353317,0,98
candidate,20260836,1,3,0.0,2.5,0,0,0,0,0,1,1,0.011494252873563218,87,2.530034246115849,3.3567149192094803,3.47951240837574,0,174
candidate,20260836,2,3,-8.0,2.5,0,0,0,0,0,0,0,0.012048192771084338,83,2.4502919650221444,3.1765932217240334,3.267034888267517,0,166
candidate,20260836,3,3,-17.0,3.0,0,0,0,0,0,0,0,0.03333333333333333,60,2.521489312251409,3.3639117144048214,5.148600786924362,0,121
candidate,20260837,0,1,-22.0,3.0,0,0,0,0,0,0,0,0.0,46,2.578533092594665,3.294873982667923,3.7280339747667313,0,93
candidate,20260837,1,1,-22.0,3.0,0,0,0,0,0,0,0,0.0,46,2.5602776314253393,3.397757653146982,3.442782908678055,0,93
candidate,20260837,2,1,-8.0,2.5,0,0,0,0,0,0,0,0.0,58,2.6126159355044365,3.612280450761318,3.732411190867424,0,116
candidate,20260837,3,1,-22.0,3.0,0,0,0,0,0,0,0,0.0,46,2.5011933935077293,3.380001988261938,3.413612022995949,0,93
candidate,20260838,0,1,-17.0,3.0,0,0,0,0,0,0,0,0.0967741935483871,31,2.492500228747245,3.0151065438985825,3.341272473335266,0,63
candidate,20260838,1,1,-8.0,2.5,0,0,0,0,0,0,0,0.029411764705882353,34,2.517673625227283,3.2730198465287685,3.37018258869648,0,68
candidate,20260838,2,1,51.0,1.0,1,1,0,0,0,0,0,0.0625,32,2.4681606446392834,3.3212517388164997,3.431759774684906,0,63
candidate,20260838,3,1,-17.0,3.0,0,0,0,0,0,0,0,0.0,31,2.4428490789667254,3.400423564016819,3.432564437389374,0,63
candidate,20260839,0,2,-16.0,4.0,0,0,1,8,0,0,0,0.0,45,2.597239530748791,3.3629782497882843,3.9415359497070312,0,90
candidate,20260839,1,2,-8.0,2.5,0,0,0,0,0,0,0,0.0,45,2.5636768175495996,3.3783573657274246,4.515407606959343,0,90
candidate,20260839,2,2,32.0,1.0,1,0,0,0,0,0,0,0.022222222222222223,45,2.500989163915316,3.4441661089658733,3.4986604005098343,0,90
candidate,20260839,3,2,-8.0,2.5,0,0,0,0,0,0,0,0.018518518518518517,54,2.4990871962573795,3.1244774349033833,4.36774455010891,0,108
candidate,20260840,0,2,-31.0,3.0,0,0,0,0,0,0,0,0.045454545454545456,44,2.568571235645901,3.3609959296882153,3.380952402949333,0,89
candidate,20260840,1,2,-27.0,3.0,0,0,0,0,0,0,0,0.0,42,2.560217066534928,3.3883094787597656,3.4469962120056152,0,85
candidate,20260840,2,2,84.0,1.0,1,1,0,0,0,0,0,0.022727272727272728,44,2.512032250789079,3.429462481290102,3.5859495401382446,0,87
candidate,20260840,3,2,-28.0,3.0,0,0,0,0,0,0,0,0.046511627906976744,43,2.4560292273066766,3.3202797174453735,3.373080864548683,0,87
candidate,20260841,0,0,-17.0,4.0,0,0,1,9,0,0,0,0.0,40,2.6649711187928915,3.503747936338186,3.6733224987983704,0,80
candidate,20260841,1,0,-8.0,2.5,0,0,0,0,0,0,0,0.025,40,2.4793161544948816,3.113823384046554,3.3259931951761246,0,80
candidate,20260841,2,0,-8.0,2.5,0,0,0,0,0,0,0,0.02,50,2.5973236188292503,3.7941824644804,3.939485177397728,0,100
candidate,20260841,3,0,33.0,1.0,1,0,0,0,0,0,0,0.05,40,2.408706024289131,3.0172450467944145,3.0831359326839447,0,80
candidate,20260842,0,0,-20.0,4.0,0,0,1,12,0,0,0,0.020833333333333332,48,2.5662622259308896,3.296565543860197,3.384539857506752,0,96
candidate,20260842,1,0,-8.0,2.5,0,0,0,0,0,0,0,0.05454545454545454,55,2.4719204753637314,3.372845239937305,3.4587718546390533,0,110
candidate,20260842,2,0,-8.0,2.5,0,0,0,0,0,0,0,0.020833333333333332,48,2.560831645193199,3.5343674942851067,5.803268402814865,0,96
candidate,20260842,3,0,-8.0,2.5,0,0,0,0,0,0,0,0.041666666666666664,48,2.4423961682866016,3.16947503015399,3.1870976090431213,0,96
candidate,20260843,0,1,-8.0,2.5,0,0,0,0,0,0,0,0.02,50,2.6028353348374367,3.4648981876671314,3.486793488264084,0,100
candidate,20260843,1,1,37.0,1.0,1,0,0,0,0,0,0,0.031746031746031744,63,2.489181205866829,3.2946692779660225,3.3882558345794678,0,126
candidate,20260843,2,1,75.0,1.0,1,1,0,0,0,0,0,0.0196078431372549,51,2.5374542410467185,3.4780940040946007,3.768010064959526,0,101
candidate,20260843,3,1,-8.0,2.5,0,0,0,0,0,0,0,0.0,50,2.555687688291073,3.6495366133749485,3.7976279854774475,0,100
candidate,20260844,0,2,-16.0,4.0,0,0,1,8,0,0,0,0.0,48,2.6115562844400606,3.4407836385071278,3.5410765558481216,0,96
candidate,20260844,1,2,-8.0,2.5,0,0,0,0,0,0,0,0.017543859649122806,57,2.47192595219403,3.26361246407032,3.2924599945545197,0,114
candidate,20260844,2,2,-19.0,3.0,0,0,0,0,0,0,0,0.05714285714285714,35,2.492050879767963,3.2121140509843826,3.2426007091999054,0,71
candidate,20260844,3,2,-8.0,2.5,0,0,0,0,0,0,0,0.02,50,2.583373039960861,3.4802055917680264,4.596320912241936,0,100
candidate,20260845,0,3,-8.0,2.5,0,0,0,0,0,0,0,0.025,40,2.661461941897869,3.4750381484627724,3.5302508622407913,0,80
candidate,20260845,1,3,87.0,1.0,1,1,0,0,0,0,0,0.05128205128205128,39,2.546828335676438,3.4676592797040953,4.71981056034565,0,77
candidate,20260845,2,3,44.0,1.0,1,0,0,0,0,0,0,0.024390243902439025,41,2.8020304786722834,3.892514854669571,7.185649126768112,0,82
candidate,20260845,3,3,-8.0,2.5,0,0,0,0,0,0,0,0.05555555555555555,36,2.429542959564262,3.0231759883463383,3.054806962609291,0,72
candidate,20260846,0,2,-8.0,2.5,0,0,0,0,0,0,0,0.0,46,2.5985076942521594,3.337885718792677,3.427913412451744,0,92
candidate,20260846,1,2,-8.0,2.5,0,0,0,0,0,0,0,0.029411764705882353,68,2.561638241305071,3.4393582493066788,3.6237090826034546,0,136
candidate,20260846,2,2,0.0,2.5,0,0,0,0,0,1,0,0.012048192771084338,83,2.5896010134952614,3.6373939365148544,3.7861280143260956,0,166
candidate,20260846,3,2,-18.0,4.0,0,0,1,10,0,0,0,0.013333333333333334,75,2.49351737399896,3.319307044148445,4.0144845843315125,0,150
candidate,20260847,0,2,-17.0,3.0,0,0,0,0,0,0,0,0.021739130434782608,46,2.576713085822437,3.4026135690510273,3.4428946673870087,0,93
candidate,20260847,1,2,-17.0,3.0,0,0,0,0,0,0,0,0.021739130434782608,46,2.6230227364146192,3.5982257686555386,3.701578825712204,0,93
candidate,20260847,2,2,32.0,1.0,1,0,0,0,0,0,0,0.018867924528301886,53,2.5941709161929363,3.673030808568001,4.093870520591736,0,106
candidate,20260847,3,2,-8.0,2.5,0,0,0,0,0,0,0,0.0,43,2.520001298466394,3.3469388261437416,3.430509939789772,0,86
candidate,20260848,0,0,-8.0,2.5,0,0,0,0,0,0,0,0.0425531914893617,47,2.5470814410042255,3.39802298694849,3.4817922860383987,0,94
candidate,20260848,1,0,43.0,1.0,1,0,0,0,0,0,0,0.02127659574468085,47,2.5277356121768344,3.2599547877907753,3.704635426402092,0,94
candidate,20260848,2,0,-27.0,4.0,0,0,1,19,0,0,0,0.02127659574468085,47,2.474154365506578,3.309684433043003,3.3733434975147247,0,94
candidate,20260848,3,0,-27.0,4.0,0,0,1,19,0,0,0,0.0,40,2.493280405178666,3.3155135810375214,3.3734384924173355,0,80
candidate,20260849,0,3,-17.0,4.0,0,0,1,9,0,0,0,0.03278688524590164,61,2.498226301347623,3.114880993962288,3.4224186092615128,0,122
candidate,20260849,1,3,-8.0,2.5,0,0,0,0,0,0,0,0.03389830508474576,59,2.5456902902510206,3.470870852470398,3.7199072539806366,0,118
candidate,20260849,2,3,-8.0,2.5,0,0,0,0,0,0,0,0.0,68,2.509542220436475,3.3191020600497723,3.350134938955307,0,136
candidate,20260849,3,3,-16.0,4.0,0,0,1,8,0,0,0,0.03571428571428571,56,2.4762074795684645,3.2040784135460854,3.480648621916771,0,112
candidate,20260850,0,0,-8.0,2.5,0,0,0,0,0,0,0,0.02666666666666667,75,2.553425654768944,3.4029465168714523,3.477606922388077,0,150
candidate,20260850,1,0,33.0,1.0,1,0,0,0,0,0,0,0.015151515151515152,66,2.660174204996138,3.824442159384489,3.9820801466703415,0,132
candidate,20260850,2,0,-18.0,3.0,0,0,0,0,0,0,0,0.0,68,2.585822661571643,3.7096229381859303,3.8852933794260025,0,137
candidate,20260850,3,0,0.0,2.5,0,0,0,0,0,1,1,0.036585365853658534,82,2.4470660562922313,3.120233677327633,3.3040326088666916,0,164
candidate,20260851,0,1,37.0,1.0,1,0,0,0,0,0,0,0.1111111111111111,27,2.494307372857023,3.1621024012565613,3.298254683613777,0,54
candidate,20260851,1,1,-8.0,2.5,0,0,0,0,0,0,0,0.037037037037037035,27,2.527564764022827,3.346947394311428,3.419937565922737,0,54
candidate,20260851,2,1,-22.0,3.0,0,0,0,0,0,0,0,0.09375,32,2.44717625901103,3.0593293718993664,3.23687307536602,0,65
candidate,20260851,3,1,-8.0,2.5,0,0,0,0,0,0,0,0.0,25,2.499121204018593,3.539356216788292,3.6167874932289124,0,50
candidate,20260852,0,3,-8.0,2.5,0,0,0,0,0,0,0,0.0,36,2.6696637893716493,3.8080131635069847,3.9201192557811737,0,72
candidate,20260852,1,3,-8.0,2.5,0,0,0,0,0,0,0,0.0,36,2.5801826785835953,3.5378490574657917,3.648890182375908,0,72
candidate,20260852,2,3,36.0,1.0,1,0,0,0,0,0,0,0.0,36,2.516125225358539,3.3664540387690067,3.5261884331703186,0,72
candidate,20260852,3,3,-20.0,4.0,0,0,1,12,0,0,0,0.05555555555555555,36,2.4485175187389054,3.319078590720892,3.3461451530456543,0,72
candidate,20260853,0,2,-33.0,4.0,0,0,1,25,0,0,0,0.0625,32,2.536320884246379,3.3267665654420853,3.365425392985344,0,64
candidate,20260853,1,2,-8.0,2.5,0,0,0,0,0,0,0,0.0,32,2.615667355712503,3.6521689034998417,4.031194373965263,0,64
candidate,20260853,2,2,117.0,1.0,1,1,0,0,0,0,0,0.0,45,2.4923548930221133,3.289487585425377,3.3293869346380234,0,89
candidate,20260853,3,2,-33.0,3.0,0,0,0,0,0,0,0,0.03278688524590164,61,2.4425356236637614,3.180762752890587,3.3655576407909393,0,123
candidate,20260854,0,1,-8.0,2.5,0,0,0,0,0,0,0,0.0,30,2.608604480822881,3.476878348737955,3.544844686985016,0,60
candidate,20260854,1,1,57.0,1.0,1,1,0,0,0,0,0,0.03333333333333333,30,2.505514149864515,3.406521864235401,3.476211801171303,0,59
candidate,20260854,2,1,36.0,1.0,1,0,0,0,0,0,0,0.0,30,2.5010410075386367,3.370997868478298,3.39684821665287,0,60
candidate,20260854,3,1,-8.0,2.5,0,0,0,0,0,0,0,0.05263157894736842,38,2.4727149131266692,3.403053618967533,3.4458208829164505,0,76
candidate,20260855,0,1,-8.0,2.5,0,0,0,0,0,0,0,0.019230769230769232,52,2.622516001932896,3.60540971159935,4.083432257175446,0,104
candidate,20260855,1,1,-19.0,4.0,0,0,1,11,0,0,0,0.043478260869565216,46,2.4400282975124274,2.9393257573246956,3.1864698976278305,0,92
candidate,20260855,2,1,-8.0,2.5,0,0,0,0,0,0,0,0.021739130434782608,46,2.5052486149513205,3.4329653717577457,3.464033827185631,0,92
candidate,20260855,3,1,-17.0,3.0,0,0,0,0,0,0,0,0.027777777777777776,72,2.471107911939422,3.085398953408003,3.2155998051166534,0,145
candidate,20260856,0,1,33.0,1.0,1,0,0,0,0,0,0,0.0,58,2.704719306323035,3.9914626628160477,4.1297320276498795,0,116
candidate,20260856,1,1,-8.0,2.5,0,0,0,0,0,0,0,0.03225806451612903,62,2.518106011613723,3.320218063890933,4.211015999317169,0,124
candidate,20260856,2,1,-16.0,4.0,0,0,1,8,0,0,0,0.0,66,2.5892578008951563,3.528992645442486,3.626372665166855,0,132
candidate,20260856,3,1,0.0,2.5,0,0,0,0,0,1,0,0.011494252873563218,87,2.546569075563858,3.4035636112093925,4.213972017168999,0,174
candidate,20260857,0,0,-8.0,2.5,0,0,0,0,0,0,0,0.03225806451612903,31,2.5704149757662127,3.390953876078129,3.47251258790493,0,62
candidate,20260857,1,0,34.0,1.0,1,0,0,0,0,0,0,0.034482758620689655,29,2.4801873569858484,3.2004177570343018,3.357594832777977,0,58
candidate,20260857,2,0,-8.0,2.5,0,0,0,0,0,0,0,0.0,33,2.5421083537918148,3.4163326025009155,3.5743210464715958,0,66
candidate,20260857,3,0,-18.0,4.0,0,0,1,10,0,0,0,0.0,43,2.528792853618777,3.398801013827324,3.452904522418976,0,86
candidate,20260858,0,2,-20.0,3.0,0,0,0,0,0,0,0,0.03773584905660377,53,2.5340963576762183,3.1423278152942657,3.333576023578644,0,108
candidate,20260858,1,2,33.0,1.0,1,0,0,0,0,0,0,0.046511627906976744,43,2.496147095117458,3.230384923517704,3.3059529960155487,0,86
candidate,20260858,2,2,36.0,1.0,1,0,0,0,0,0,0,0.0,30,2.515616205831369,3.400338441133499,3.4059640020132065,0,60
candidate,20260858,3,2,57.0,1.0,1,1,0,0,0,0,0,0.0,58,2.533663417501696,3.3684206195175648,3.8479678332805634,0,115
candidate,20260859,0,1,-8.0,2.5,0,0,0,0,0,0,0,0.0,36,2.5421612275143466,3.2115308567881584,3.232572227716446,0,72
candidate,20260859,1,1,33.0,1.0,1,0,0,0,0,0,0,0.027777777777777776,36,2.5965417735278606,3.2895137555897236,6.247827783226967,0,72
candidate,20260859,2,1,-8.0,2.5,0,0,0,0,0,0,0,0.03773584905660377,53,2.595845363893599,3.593878820538521,8.074970915913582,0,106
candidate,20260859,3,1,-8.0,2.5,0,0,0,0,0,0,0,0.0,35,2.4791665375232697,3.291097842156887,3.323376178741455,0,70
candidate,20260860,0,0,39.0,1.0,1,0,0,0,0,0,0,0.0,45,2.588548180129793,3.375476971268654,3.464493900537491,0,90
candidate,20260860,1,0,66.0,1.0,1,1,0,0,0,0,0,0.03571428571428571,56,2.494817233777472,3.3185151405632496,3.8466136902570724,0,111
candidate,20260860,2,0,-24.0,4.0,0,0,1,16,0,0,0,0.034482758620689655,29,2.4702132775865753,3.106255829334259,3.2176021486520767,0,58
candidate,20260860,3,0,-22.0,3.0,0,0,0,0,0,0,0,0.0,55,2.5631510737267407,3.6309419199824333,3.6540552973747253,0,111
candidate,20260861,0,3,49.0,1.0,1,0,0,0,0,0,0,0.0,8,2.544155577197671,3.2625467516481876,3.2851509749889374,0,16
candidate,20260861,1,3,-8.0,2.5,0,0,0,0,0,0,0,0.0,8,2.5116580072790384,3.217046521604061,3.227619454264641,0,16
candidate,20260861,2,3,-8.0,2.5,0,0,0,0,0,0,0,0.0,8,2.481581876054406,3.1703482381999493,3.1707491725683212,0,16
candidate,20260861,3,3,-33.0,4.0,0,0,1,25,0,0,0,0.0,8,2.50512408092618,3.273357357829809,3.2851696014404297,0,16
candidate,20260862,0,0,51.0,1.0,1,0,0,0,0,0,0,0.06896551724137931,29,2.5393775311009636,3.3490754663944244,3.4362487494945526,0,58
candidate,20260862,1,0,-35.0,4.0,0,0,1,27,0,0,0,0.0,36,2.6373414115773306,3.352401778101921,7.931789383292198,0,72
candidate,20260862,2,0,-8.0,2.5,0,0,0,0,0,0,0,0.030303030303030304,33,2.5335101015640027,3.445011004805565,3.488333895802498,0,66
candidate,20260862,3,0,-8.0,2.5,0,0,0,0,0,0,0,0.027777777777777776,36,2.5117272097203465,3.2882285304367542,3.5631731152534485,0,72
candidate,20260863,0,3,-24.0,3.0,0,0,0,0,0,0,0,0.019230769230769232,52,2.692714405174439,3.849104512482881,5.325518548488617,0,105
candidate,20260863,1,3,-23.0,4.0,0,0,1,15,0,0,0,0.0196078431372549,51,2.5283157752425063,3.0455347150564194,5.642268806695938,0,102
candidate,20260863,2,3,-24.0,3.0,0,0,0,0,0,0,0,0.02,50,2.537151388823986,3.448999859392643,3.67911159992218,0,101
candidate,20260863,3,3,72.0,1.0,1,1,0,0,0,0,0,0.05660377358490566,53,2.373198293290048,2.8731293976306915,3.010692074894905,0,105
candidate,20260864,0,3,-8.0,2.5,0,0,0,0,0,0,0,0.0,27,2.759374678134918,4.217897169291972,4.942022264003754,0,54
candidate,20260864,1,3,37.0,1.0,1,0,0,0,0,0,0,0.0,27,2.5648060772154064,3.496425785124302,3.55636328458786,0,54
candidate,20260864,2,3,-23.0,3.0,0,0,0,0,0,0,0,0.0,37,2.6656979745304263,3.7224061787128377,6.448052823543549,0,75
candidate,20260864,3,3,-8.0,2.5,0,0,0,0,0,0,0,0.0,27,2.5873093831318394,3.4124795347452164,5.016148090362549,0,54
candidate,20260865,0,0,-17.0,3.0,0,0,0,0,0,0,0,0.0,53,2.6870013899960608,3.4646019339561462,7.314017042517662,0,107
candidate,20260865,1,0,-22.0,3.0,0,0,0,0,0,0,0,0.0625,32,2.527790900785476,3.363524377346039,3.3805537968873978,0,65
candidate,20260865,2,0,-23.0,4.0,0,0,1,15,0,0,0,0.03333333333333333,30,2.4505733201901116,3.1817659735679626,3.2722298055887222,0,60
candidate,20260865,3,0,-8.0,2.5,0,0,0,0,0,0,0,0.09375,32,2.5764573365449905,3.5284019075334068,6.629465147852898,0,64
candidate,20260866,0,3,-23.0,3.0,0,0,0,0,0,0,0,0.0,36,2.605217302011119,3.375997766852379,3.415001556277275,0,73
candidate,20260866,1,3,-8.0,2.5,0,0,0,0,0,0,0,0.04838709677419355,62,2.437497459111675,3.137860167771577,3.253178671002388,0,124
candidate,20260866,2,3,-48.0,3.0,0,0,0,0,0,0,0,0.04054054054054054,74,2.4534707788277315,3.37451109662652,4.151115193963051,0,149
candidate,20260866,3,3,-8.0,2.5,0,0,0,0,0,0,0,0.0425531914893617,47,2.449819065154867,3.3806297928094864,3.445519134402275,0,94
candidate,20260867,0,1,-45.0,4.0,0,0,1,37,1,0,0,0.0392156862745098,51,2.5320045065646077,3.217768855392933,3.2924339175224304,0,102
candidate,20260867,1,1,-8.0,2.5,0,0,0,0,0,0,0,0.0196078431372549,51,2.475988813767246,3.2780375331640244,3.492835909128189,0,102
candidate,20260867,2,1,61.0,1.0,1,0,0,0,0,0,0,0.058823529411764705,51,2.4747928129691705,3.279406577348709,3.737175837159157,0,102
candidate,20260867,3,1,37.0,1.0,1,0,0,0,0,0,0,0.041666666666666664,48,2.4542337050661445,3.1603016890585423,3.5619325935840607,0,96
candidate,20260868,0,2,-8.0,2.5,0,0,0,0,0,0,0,0.0,35,2.5731950466121947,3.4509072080254555,3.549167886376381,0,70
candidate,20260868,1,2,-20.0,4.0,0,0,1,12,0,0,0,0.05714285714285714,35,2.491110297186034,3.119374997913837,3.2232925295829773,0,70
candidate,20260868,2,2,36.0,1.0,1,0,0,0,0,0,0,0.0,35,2.5364205773387636,3.3401262015104294,3.394411876797676,0,70
candidate,20260868,3,2,-8.0,2.5,0,0,0,0,0,0,0,0.05714285714285714,35,2.616171964577266,3.441532142460346,6.879914551973343,0,70
candidate,20260869,0,3,-8.0,2.5,0,0,0,0,0,0,0,0.019230769230769232,52,2.648109319404914,3.482805471867322,4.0708668529987335,0,104
candidate,20260869,1,3,-8.0,2.5,0,0,0,0,0,0,0,0.019230769230769232,52,2.5348402201556244,3.2852464355528355,5.052831023931503,0,104
candidate,20260869,2,3,33.0,1.0,1,0,0,0,0,0,0,0.025,40,2.585203107446432,3.6534455604851246,3.7115179002285004,0,80
candidate,20260869,3,3,-19.0,4.0,0,0,1,11,0,0,0,0.0,52,2.588948879677516,3.5133222118020058,4.361411556601524,0,104
candidate,20260870,0,2,-21.0,3.0,0,0,0,0,0,0,0,0.02,50,2.552318163216114,3.277725167572498,3.3885929733514786,0,101
candidate,20260870,1,2,36.0,1.0,1,0,0,0,0,0,0,0.0,60,2.608763240277767,3.4156144596636295,7.824717089533806,0,120
candidate,20260870,2,2,-8.0,2.5,0,0,0,0,0,0,0,0.019230769230769232,52,2.4836101354314732,3.208798076957464,3.3191945403814316,0,104
candidate,20260870,3,2,-21.0,3.0,0,0,0,0,0,0,0,0.0,46,2.4908054215104682,3.352551721036434,3.4301895648241043,0,93
candidate,20260871,0,1,-21.0,3.0,0,0,0,0,0,0,0,0.03389830508474576,59,2.5349447850958775,3.06914448738098,4.1260793805122375,0,119
candidate,20260871,1,1,0.0,2.5,0,0,0,0,0,1,1,0.023255813953488372,86,2.5174690973620084,3.2757273875176907,4.119152203202248,0,171
candidate,20260871,2,1,-8.0,2.5,0,0,0,0,0,0,0,0.02666666666666667,75,2.5710402925809226,3.3782118931412697,5.204439163208008,0,151
candidate,20260871,3,1,0.0,2.5,0,0,0,0,0,1,1,0.0,88,2.597768473523584,3.390879370272159,7.343210279941559,0,177
candidate,20260872,0,3,-8.0,2.5,0,0,0,0,0,0,0,0.06382978723404255,47,2.833437253820135,3.694830276072025,3.80796380341053,0,95
candidate,20260872,1,3,-8.0,2.5,0,0,0,0,0,0,0,0.06153846153846154,65,2.4813062869585476,3.1202655285596843,4.454769194126129,0,129
candidate,20260872,2,3,32.0,1.0,1,0,0,0,0,0,0,0.02857142857142857,70,2.459563607616084,3.106429986655712,3.2750405371189117,0,141
candidate,20260872,3,3,-17.0,4.0,0,0,1,9,0,0,0,0.022727272727272728,44,2.696111501956528,4.323693551123144,4.567960277199745,0,89
candidate,20260873,0,1,-8.0,2.5,0,0,0,0,0,0,0,0.0425531914893617,47,2.6685968041419983,3.3314136788249016,4.646310582756996,0,94
candidate,20260873,1,1,33.0,1.0,1,0,0,0,0,0,0,0.02127659574468085,47,2.516045056759043,3.1622296199202538,3.528151661157608,0,94
candidate,20260873,2,1,-8.0,2.5,0,0,0,0,0,0,0,0.0,47,2.500004788979571,3.366485610604286,3.4437961876392365,0,94
candidate,20260873,3,1,-17.0,4.0,0,0,1,9,0,0,0,0.023255813953488372,43,2.457742167766704,3.307829611003399,3.3288467675447464,0,86
candidate,20260874,0,1,-8.0,2.5,0,0,0,0,0,0,0,0.0,18,2.463617982963721,3.1476041302084923,3.203863278031349,0,36
candidate,20260874,1,1,33.0,1.0,1,0,0,0,0,0,0,0.1111111111111111,18,2.4841187728775873,3.078931383788585,3.338390961289406,0,36
candidate,20260874,2,1,-8.0,2.5,0,0,0,0,0,0,0,0.0,18,2.554347842103905,3.3657521940767765,3.3805444836616516,0,36
candidate,20260874,3,1,-17.0,4.0,0,0,1,9,0,0,0,0.0,18,2.585348983605703,3.5003803670406337,3.8393791764974594,0,36
candidate,20260875,0,3,-8.0,2.5,0,0,0,0,0,0,0,0.0,72,2.6932026052640543,3.802566323429346,3.8827750831842422,0,144
candidate,20260875,1,3,-8.0,2.5,0,0,0,0,0,0,0,0.043478260869565216,46,2.4699533925108286,3.217138350009918,3.35020013153553,0,92
candidate,20260875,2,3,48.0,1.0,1,1,0,0,0,0,0,0.015384615384615385,65,2.533555976473368,3.4274064004421234,3.7156715989112854,0,129
candidate,20260875,3,3,47.0,1.0,1,0,0,0,0,0,0,0.041666666666666664,72,2.425478874809212,3.1246245838701725,3.3444277942180634,0,144
candidate,20260876,0,2,-8.0,2.5,0,0,0,0,0,0,0,0.04081632653061224,49,2.5079470051794637,3.3471833914518356,3.396039828658104,0,98
candidate,20260876,1,2,-16.0,4.0,0,0,1,8,0,0,0,0.04,50,2.467375323176384,3.071862366050482,3.6269966512918472,0,100
candidate,20260876,2,2,32.0,1.0,1,0,0,0,0,0,0,0.0392156862745098,51,2.5019803102694307,3.492743708193302,3.6066658794879913,0,102
candidate,20260876,3,2,48.0,1.0,1,0,0,0,0,0,0,0.0,46,2.4823172665808513,3.332479391247034,3.376355394721031,0,92
candidate,20260877,0,0,78.0,1.0,1,1,0,0,0,0,0,0.0,51,2.562990704295682,3.339880146086216,3.3890251070261,0,102
candidate,20260877,1,0,-26.0,4.0,0,0,1,18,0,0,0,0.03571428571428571,56,2.4610758492989198,3.1920084729790688,3.283299505710602,0,113
candidate,20260877,2,0,-8.0,2.5,0,0,0,0,0,0,0,0.046153846153846156,65,2.4122600085460224,3.030853345990181,3.0994173139333725,0,129
candidate,20260877,3,0,40.0,1.0,1,0,0,0,0,0,0,0.03125,64,2.4914535460993648,3.380012232810259,4.3876804411411285,0,129
candidate,20260878,0,2,33.0,1.0,1,0,0,0,0,0,0,0.04,50,2.5118107721209526,3.21593526750803,3.3067725598812103,0,100
candidate,20260878,1,2,-8.0,2.5,0,0,0,0,0,0,0,0.017543859649122806,57,2.5668210562383917,3.5666182637214656,3.7759635597467422,0,114
candidate,20260878,2,2,33.0,1.0,1,0,0,0,0,0,0,0.0,51,2.6773094181336607,3.8194097578525543,5.604580044746399,0,102
candidate,20260878,3,2,-8.0,2.5,0,0,0,0,0,0,0,0.0,57,2.4856786782804288,3.275381773710251,3.3944547176361084,0,114
candidate,20260879,0,0,-8.0,2.5,0,0,0,0,0,0,0,0.03225806451612903,31,2.586275519382569,3.3115101978182793,3.3630728721618652,0,62
candidate,20260879,1,0,-8.0,2.5,0,0,0,0,0,0,0,0.027777777777777776,36,2.4353287493189177,3.054632805287838,3.2616686075925827,0,72
candidate,20260879,2,0,-17.0,4.0,0,0,1,9,0,0,0,0.05263157894736842,38,2.448783060045619,3.293776884675026,3.365296870470047,0,76
candidate,20260879,3,0,-8.0,2.5,0,0,0,0,0,0,0,0.025,40,2.522435365244746,3.309334255754947,3.5824328660964966,0,80
candidate,20260880,0,3,0.0,2.5,0,0,0,0,0,1,0,0.0,76,2.6291718363369765,3.45398997887969,3.6382488906383514,0,154
candidate,20260880,1,3,33.0,1.0,1,0,0,0,0,0,0,0.02857142857142857,70,2.5009304817233766,3.1895387917757034,3.3372119069099426,0,142
candidate,20260880,2,3,99.0,1.0,1,1,0,0,0,0,0,0.01639344262295082,61,2.555889031681858,3.404427319765091,3.449210897088051,0,120
candidate,20260880,3,3,0.0,2.5,0,0,0,0,0,1,1,0.02631578947368421,76,2.428092675185517,3.056589514017105,3.5735052078962326,0,154
candidate,20260881,0,0,-16.0,3.0,0,0,0,0,0,0,0,0.07142857142857142,28,2.5560555181332996,3.323608823120594,3.363078460097313,0,58
candidate,20260881,1,0,-16.0,3.0,0,0,0,0,0,0,0,0.0,30,2.5060605257749557,3.3040850423276424,3.348641097545624,0,62
candidate,20260881,2,0,-16.0,3.0,0,0,0,0,0,0,0,0.10714285714285714,28,2.3973073943385055,2.949421014636755,2.967625856399536,0,58
candidate,20260881,3,0,75.0,1.0,1,1,0,0,0,0,0,0.0,34,2.5596640017979286,3.554872702807188,3.828013315796852,0,67
candidate,20260882,0,3,-22.0,3.0,0,0,0,0,0,0,0,0.013513513513513514,74,2.621458440616324,3.4965114668011656,3.994496539235115,0,149
candidate,20260882,1,3,-16.0,4.0,0,0,1,8,0,0,0,0.0,24,2.581054267163078,3.3733395859599113,3.4326575696468353,0,48
candidate,20260882,2,3,-8.0,2.5,0,0,0,0,0,0,0,0.03125,32,2.466550678946078,3.3408910036087036,3.4365560859441757,0,64
candidate,20260882,3,3,-8.0,2.5,0,0,0,0,0,0,0,0.0625,32,2.473067317623645,3.3950572833418846,3.4314803779125214,0,64
candidate,20260883,0,2,-16.0,4.0,0,0,1,8,0,0,0,0.013157894736842105,76,2.561080588125869,3.2927049323916435,3.45437228679657,0,152
candidate,20260883,1,2,-16.0,3.0,0,0,0,0,0,0,0,0.025,40,2.498165750876069,3.256611619144678,3.290720283985138,0,81
candidate,20260883,2,2,-20.0,3.0,0,0,0,0,0,0,0,0.0,59,2.5250856464697145,3.3417828381061554,3.377862274646759,0,119
candidate,20260883,3,2,-16.0,3.0,0,0,0,0,0,0,0,0.025,40,2.5375373661518097,3.3433175645768642,3.6138854920864105,0,81
candidate,20260884,0,3,57.0,1.0,1,1,0,0,0,0,0,0.05,20,2.535079326480627,3.3581478521227837,3.4169629216194153,0,39
candidate,20260884,1,3,-19.0,3.0,0,0,0,0,0,0,0,0.045454545454545456,22,2.4868956851688298,3.257407248020172,3.272300586104393,0,45
candidate,20260884,2,3,-19.0,3.0,0,0,0,0,0,0,0,0.0,19,2.469763061717937,3.308122605085373,3.3081527799367905,0,39
candidate,20260884,3,3,-19.0,3.0,0,0,0,0,0,0,0,0.05263157894736842,19,2.4704408684843466,3.262150101363659,3.2685119658708572,0,39
candidate,20260885,0,3,32.0,1.0,1,0,0,0,0,0,0,0.0,43,2.6909260209216628,3.78944780677557,4.028471186757088,0,87
candidate,20260885,1,3,-18.0,4.0,0,0,1,10,0,0,0,0.029411764705882353,34,2.4865187485428417,3.2302037812769413,3.260292112827301,0,69
candidate,20260885,2,3,34.0,1.0,1,0,0,0,0,0,0,0.05714285714285714,35,2.455125961984907,3.1070198863744736,3.1235385686159134,0,69
candidate,20260885,3,3,41.0,1.0,1,0,0,0,0,0,0,0.04,25,2.4985679984092712,3.4141909331083293,3.436664119362831,0,51
candidate,20260886,0,2,-8.0,2.5,0,0,0,0,0,0,0,0.0196078431372549,51,2.5665926582673015,3.347553312778473,3.6428067833185196,0,102
candidate,20260886,1,2,-33.0,3.0,0,0,0,0,0,0,0,0.05,40,2.4823548272252083,3.3660683780908585,3.846175968647003,0,81
candidate,20260886,2,2,63.0,1.0,1,1,0,0,0,0,0,0.0,57,2.512288394204357,3.332624584436416,3.4557636827230453,0,113
candidate,20260886,3,2,-33.0,3.0,0,0,0,0,0,0,0,0.075,40,2.3932882118970156,2.9971561394631863,3.033088520169258,0,81
candidate,20260887,0,3,37.0,1.0,1,0,0,0,0,0,0,0.0,63,2.612082790287714,3.5211363807320595,4.210764542222023,0,126
candidate,20260887,1,3,-8.0,2.5,0,0,0,0,0,0,0,0.016129032258064516,62,2.522029343151277,3.3789245411753654,3.582477569580078,0,124
candidate,20260887,2,3,60.0,1.0,1,1,0,0,0,0,0,0.03278688524590164,61,2.4301142844020345,3.012668341398239,3.94623726606369,0,121
candidate,20260887,3,3,-21.0,4.0,0,0,1,13,0,0,0,0.015625,64,2.4988643708638847,3.2223270274698734,4.331160336732864,0,128
candidate,20260888,0,3,-18.0,3.0,0,0,0,0,0,0,0,0.0,35,2.5710911623069217,3.4030310809612274,3.671392798423767,0,71
candidate,20260888,1,3,-22.0,3.0,0,0,0,0,0,0,0,0.0,36,2.592785025222434,3.4675742499530315,3.523964434862137,0,73
candidate,20260888,2,3,66.0,1.0,1,1,0,0,0,0,0,0.08571428571428572,35,2.4119113704987933,2.9559519141912456,3.303155303001404,0,69
candidate,20260888,3,3,-22.0,3.0,0,0,0,0,0,0,0,0.02857142857142857,35,2.4184616016490117,3.156469762325287,3.2078083604574203,0,71
candidate,20260889,0,0,-8.0,2.5,0,0,0,0,0,0,0,0.03125,64,2.5534654851071537,3.327672928571701,3.394942730665207,0,128
candidate,20260889,1,0,-20.0,4.0,0,0,1,12,0,0,0,0.0,42,2.552110923542863,3.3577291294932365,3.3760759979486465,0,84
candidate,20260889,2,0,63.0,1.0,1,1,0,0,0,0,0,0.014084507042253521,71,2.537386177081457,3.5755354911088943,3.6588646471500397,0,141
candidate,20260889,3,0,36.0,1.0,1,0,0,0,0,0,0,0.0,62,2.552565217258469,3.3565400168299675,3.700215369462967,0,124
candidate,20260890,0,2,-26.0,4.0,0,0,1,18,0,0,0,0.046511627906976744,43,2.4845004514899363,3.1655641272664066,3.2279454171657562,0,86
candidate,20260890,1,2,42.0,1.0,1,0,0,0,0,0,0,0.023255813953488372,43,2.5193461671818134,3.346233442425728,3.4919120371341705,0,86
candidate,20260890,2,2,-8.0,2.5,0,0,0,0,0,0,0,0.023255813953488372,43,2.540666999858479,3.4912725910544395,3.620382398366928,0,86
candidate,20260890,3,2,-8.0,2.5,0,0,0,0,0,0,0,0.023255813953488372,43,2.4333139664905015,3.29398550093174,3.337498754262924,0,86
candidate,20260891,0,1,39.0,1.0,1,0,0,0,0,0,0,0.056338028169014086,71,2.4257831695214125,2.9185181483626366,3.1727124005556107,0,142
candidate,20260891,1,1,33.0,1.0,1,0,0,0,0,0,0,0.0425531914893617,47,2.4801512902721448,3.2100223004817954,3.3560730516910553,0,94
candidate,20260891,2,1,-23.0,4.0,0,0,1,15,0,0,0,0.023255813953488372,43,2.461332178046537,3.239862062036991,3.3303406089544296,0,86
candidate,20260891,3,1,0.0,2.5,0,0,0,0,0,1,0,0.011627906976744186,86,2.4800733988021695,3.2640034332871437,3.3143702894449234,0,171
candidate,20260892,0,0,-16.0,3.0,0,0,0,0,0,0,0,0.03508771929824561,57,2.592017351273905,3.5168513655662537,3.535868600010872,0,115
candidate,20260892,1,0,-8.0,2.5,0,0,0,0,0,0,0,0.0,48,2.6769290367762246,3.7538561038672924,4.738723859190941,0,96
candidate,20260892,2,0,36.0,1.0,1,0,0,0,0,0,0,0.02857142857142857,35,2.4798881262540817,3.274725005030632,3.2995622605085373,0,70
candidate,20260892,3,0,-8.0,2.5,0,0,0,0,0,0,0,0.04,50,2.4710429832339287,3.316798061132431,3.540484234690666,0,100
candidate,20260893,0,3,-8.0,2.5,0,0,0,0,0,0,0,0.01818181818181818,55,2.5849777189168064,3.3308051526546474,3.4949202090501785,0,110
candidate,20260893,1,3,-16.0,4.0,0,0,1,8,0,0,0,0.03225806451612903,62,2.5248918081483533,3.42131145298481,3.506910055875778,0,124
candidate,20260893,2,3,32.0,1.0,1,0,0,0,0,0,0,0.03225806451612903,62,2.421538946369002,3.0879067257046695,3.422742709517479,0,124
candidate,20260893,3,3,-8.0,2.5,0,0,0,0,0,0,0,0.03225806451612903,62,2.4183273856197633,2.9881724156439304,3.2269153743982315,0,124
candidate,20260894,0,1,48.0,1.0,1,0,0,0,0,0,0,0.0,22,2.5557625022801487,3.2830259762704372,3.28611396253109,0,44
candidate,20260894,1,1,-32.0,4.0,0,0,1,24,0,0,0,0.07692307692307693,26,2.4649169152745833,3.120638430118561,3.1647123396396637,0,52
candidate,20260894,2,1,-8.0,2.5,0,0,0,0,0,0,0,0.0,26,2.4901100506003084,3.3090985380113125,3.343697637319565,0,52
candidate,20260894,3,1,-8.0,2.5,0,0,0,0,0,0,0,0.0,26,2.5307872834113927,3.4975940361618996,3.6946292966604233,0,52
candidate,20260895,0,1,-19.0,4.0,0,0,1,11,0,0,0,0.031746031746031744,63,2.556605264544487,3.3437421545386314,3.6607664078474045,0,126
candidate,20260895,1,1,-18.0,4.0,0,0,1,10,0,0,0,0.021739130434782608,46,2.5001842852519904,3.1593297608196735,3.332223743200302,0,92
candidate,20260895,2,1,0.0,2.5,0,0,0,0,0,1,0,0.0,86,2.531084361984286,3.3669322729110718,3.557467833161354,0,172
candidate,20260895,3,1,35.0,1.0,1,0,0,0,0,0,0,0.06818181818181818,44,2.373739145696163,2.8824754990637302,3.4293755888938904,0,88
candidate,20260896,0,2,34.0,1.0,1,0,0,0,0,0,0,0.038461538461538464,52,2.5048559674849877,3.0732360668480396,3.316182643175125,0,105
candidate,20260896,1,2,-8.0,2.5,0,0,0,0,0,0,0,0.025,40,2.487689396366477,3.0708686448633666,3.2360758632421494,0,80
candidate,20260896,2,2,-18.0,4.0,0,0,1,10,0,0,0,0.027777777777777776,36,2.5670587913029723,3.33847152069211,4.889009520411491,0,72
candidate,20260896,3,2,-8.0,2.5,0,0,0,0,0,0,0,0.020833333333333332,48,2.4282772404452166,3.1606465578079224,3.2911058515310287,0,97
candidate,20260897,0,1,-16.0,4.0,0,0,1,8,0,0,0,0.0,29,2.5526810565899156,3.3170122653245926,3.3446718007326126,0,58
candidate,20260897,1,1,32.0,1.0,1,0,0,0,0,0,0,0.034482758620689655,29,2.6065434232867997,3.5678960382938385,3.5719145089387894,0,58
candidate,20260897,2,1,-8.0,2.5,0,0,0,0,0,0,0,0.034482758620689655,29,2.471024684351066,3.106424584984779,3.2288599759340286,0,58
candidate,20260897,3,1,-8.0,2.5,0,0,0,0,0,0,0,0.06896551724137931,29,2.4566712050602355,3.128157928586006,3.1546875834465027,0,58
candidate,20260898,0,1,66.0,1.0,1,1,0,0,0,0,0,0.0,27,2.6324715603280953,3.7561582401394844,3.826731815934181,0,53
candidate,20260898,1,1,-18.0,4.0,0,0,1,10,0,0,0,0.019230769230769232,52,2.504035006635464,3.356526233255863,3.5181324928998947,0,104
candidate,20260898,2,1,-19.0,4.0,0,0,1,11,0,0,0,0.034482758620689655,29,2.471249293664406,3.1748097389936443,3.2328851521015167,0,58
candidate,20260898,3,1,-8.0,2.5,0,0,0,0,0,0,0,0.034482758620689655,29,2.425193015871377,3.0569303780794144,3.083871677517891,0,58
candidate,20260899,0,3,-8.0,2.5,0,0,0,0,0,0,0,0.07142857142857142,28,2.529233561030456,3.107356373220682,3.333764150738716,0,56
candidate,20260899,1,3,-21.0,3.0,0,0,0,0,0,0,0,0.03125,64,2.5592071760911494,3.4796549938619137,3.716127946972847,0,129
candidate,20260899,2,3,35.0,1.0,1,0,0,0,0,0,0,0.0,49,2.5723223403400306,3.58765535056591,3.6059413105249405,0,98
candidate,20260899,3,3,-8.0,2.5,0,0,0,0,0,0,0,0.043478260869565216,46,2.4525909887059876,3.1494474969804287,3.1879544258117676,0,92
candidate,20260900,0,1,-20.0,3.0,0,0,0,0,0,0,0,0.05,20,2.5786063633859158,3.2817150466144085,3.324868157505989,0,41
candidate,20260900,1,1,60.0,1.0,1,1,0,0,0,0,0,0.09523809523809523,21,2.4013082895960127,2.8274226933717728,3.0107125639915466,0,41
candidate,20260900,2,1,-20.0,3.0,0,0,0,0,0,0,0,0.0,20,2.54393694922328,3.495138417929411,3.5079196095466614,0,41
candidate,20260900,3,1,-20.0,3.0,0,0,0,0,0,0,0,0.0,20,2.4763891473412514,3.388467524200678,3.4130867570638657,0,41
candidate,20260901,0,0,60.0,1.0,1,1,0,0,0,0,0,0.023809523809523808,42,2.571087951461474,3.437261935323477,3.7351567298173904,0,83
candidate,20260901,1,0,-20.0,3.0,0,0,0,0,0,0,0,0.02564102564102564,39,2.5561140993466744,3.5452403128147125,3.6242548376321793,0,79
candidate,20260901,2,0,-20.0,3.0,0,0,0,0,0,0,0,0.023809523809523808,42,2.5210555731540634,3.1968063674867153,3.6234669387340546,0,85
candidate,20260901,3,0,-20.0,3.0,0,0,0,0,0,0,0,0.024390243902439025,41,2.548351475014919,3.467140719294548,3.826867789030075,0,83
candidate,20260902,0,2,-19.0,3.0,0,0,0,0,0,0,0,0.045454545454545456,22,2.57710088044405,3.35937412455678,3.4051164984703064,0,45
candidate,20260902,1,2,-19.0,3.0,0,0,0,0,0,0,0,0.0,22,2.511716955764727,3.184299264103174,3.1967051327228546,0,45
candidate,20260902,2,2,57.0,1.0,1,1,0,0,0,0,0,0.043478260869565216,23,2.4972100458715274,3.4145625308156013,3.445025533437729,0,45
candidate,20260902,3,2,-19.0,3.0,0,0,0,0,0,0,0,0.0,22,2.531965093856508,3.4692483954131603,3.6447085440158844,0,45
candidate,20260903,0,2,-8.0,2.5,0,0,0,0,0,0,0,0.012345679012345678,81,2.5296475922251926,3.2321903854608536,3.291776403784752,0,163
candidate,20260903,1,2,34.0,1.0,1,0,0,0,0,0,0,0.0,83,2.787387065858726,4.3229518458247185,4.36902791261673,0,167
candidate,20260903,2,2,-18.0,4.0,0,0,1,10,0,0,0,0.024691358024691357,81,2.443016380255605,3.0791983008384705,3.1194444745779037,0,163
candidate,20260903,3,2,35.0,1.0,1,0,0,0,0,0,0,0.03225806451612903,62,2.440175942836269,3.2514489255845547,3.377094864845276,0,123
candidate,20260904,0,0,-8.0,2.5,0,0,0,0,0,0,0,0.01282051282051282,78,2.515757575822182,3.245695028454065,3.339923918247223,0,157
candidate,20260904,1,0,-8.0,2.5,0,0,0,0,0,0,0,0.0,40,2.5680205319076777,3.507651388645172,3.5340674221515656,0,80
candidate,20260904,2,0,32.0,1.0,1,0,0,0,0,0,0,0.025,40,2.5065435096621513,3.4553231671452522,3.572918474674225,0,80
candidate,20260904,3,0,-8.0,2.5,0,0,0,0,0,0,0,0.05,40,2.4272131733596325,3.0364656820893283,3.227701410651207,0,80
candidate,20260905,0,3,44.0,1.0,1,0,0,0,0,0,0,0.03333333333333333,30,2.557783822218577,3.331796545535326,3.398435190320015,0,60
candidate,20260905,1,3,-8.0,2.5,0,0,0,0,0,0,0,0.022727272727272728,88,2.4605304934084415,3.0587414279580116,3.3775251358747482,0,176
candidate,20260905,2,3,-8.0,2.5,0,0,0,0,0,0,0,0.0,30,2.4848656107982,3.3545348793268204,3.4064967185258865,0,60
candidate,20260905,3,3,35.0,1.0,1,0,0,0,0,0,0,0.0975609756097561,41,2.42540935372434,3.3181626349687576,3.3565685153007507,0,82
candidate,20260906,0,2,49.0,1.0,1,0,0,0,0,0,0,0.0,30,2.6643472413221994,3.359413333237171,4.228850826621056,0,60
candidate,20260906,1,2,-8.0,2.5,0,0,0,0,0,0,0,0.020833333333333332,48,2.5573972379788756,3.345129732042551,4.046976566314697,0,96
candidate,20260906,2,2,33.0,1.0,1,0,0,0,0,0,0,0.022727272727272728,44,2.5593816641379488,3.430071845650673,4.235256463289261,0,88
candidate,20260906,3,2,-8.0,2.5,0,0,0,0,0,0,0,0.0,30,2.504344036181768,3.407656494528055,3.442525863647461,0,60
candidate,20260907,0,1,43.0,1.0,1,0,0,0,0,0,0,0.0392156862745098,51,2.609352161194764,3.51872481405735,5.5099353194236755,0,102
candidate,20260907,1,1,-8.0,2.5,0,0,0,0,0,0,0,0.04,50,2.447010949254036,3.081556037068367,3.31328809261322,0,100
candidate,20260907,2,1,-8.0,2.5,0,0,0,0,0,0,0,0.0196078431372549,51,2.565396328767141,3.437054343521595,5.436040461063385,0,102
candidate,20260907,3,1,-28.0,4.0,0,0,1,20,0,0,0,0.02,50,2.4558373540639877,3.2230041921138763,3.273559734225273,0,100
candidate,20260908,0,1,-8.0,2.5,0,0,0,0,0,0,0,0.0,79,2.684997913392284,3.6751424893736835,5.627524107694626,0,158
candidate,20260908,1,1,49.0,1.0,1,0,0,0,0,0,0,0.0,55,2.560290897434408,3.412869945168495,3.4635066986083984,0,110
candidate,20260908,2,1,-18.0,4.0,0,0,1,10,0,0,0,0.036585365853658534,82,2.4314151577106338,3.1526547856628895,3.311585634946823,0,164
candidate,20260908,3,1,-8.0,2.5,0,0,0,0,0,0,0,0.030303030303030304,66,2.4101235198252127,3.153038676828146,3.224216401576996,0,132
candidate,20260909,0,0,33.0,1.0,1,0,0,0,0,0,0,0.05555555555555555,54,2.527193131822127,3.270305041223764,6.182791665196419,0,108
candidate,20260909,1,0,-8.0,2.5,0,0,0,0,0,0,0,0.018518518518518517,54,2.4418155490248292,3.165617771446705,3.2406840473413467,0,108
candidate,20260909,2,0,-17.0,4.0,0,0,1,9,0,0,0,0.08,50,2.4062303453683853,3.220683708786964,3.35906445980072,0,100
candidate,20260909,3,0,-8.0,2.5,0,0,0,0,0,0,0,0.061224489795918366,49,2.4138441955556673,3.2102439552545547,3.2577551901340485,0,98
candidate,20260910,0,2,-21.0,3.0,0,0,0,0,0,0,0,0.025,40,2.5494045577943325,3.392740711569786,3.4502632915973663,0,81
candidate,20260910,1,2,-21.0,3.0,0,0,0,0,0,0,0,0.0,40,2.6574740186333656,3.662770427763462,5.621163174510002,0,81
candidate,20260910,2,2,63.0,1.0,1,1,0,0,0,0,0,0.0,41,2.4567489489549543,3.3413320779800415,3.3794958144426346,0,81
candidate,20260910,3,2,-21.0,3.0,0,0,0,0,0,0,0,0.0,40,2.4459047242999077,3.2329246401786804,3.237098455429077,0,81
candidate,20260911,0,1,-8.0,2.5,0,0,0,0,0,0,0,0.0,52,2.632115000429062,3.661051392555237,3.8550421595573425,0,104
candidate,20260911,1,1,34.0,1.0,1,0,0,0,0,0,0,0.057692307692307696,52,2.3970149744015474,3.0210273340344416,3.2314490526914597,0,104
candidate,20260911,2,1,-8.0,2.5,0,0,0,0,0,0,0,0.030303030303030304,33,2.430068611195593,3.1092949211597443,3.1391922384500504,0,66
candidate,20260911,3,1,-18.0,4.0,0,0,1,10,0,0,0,0.0,56,2.5598399474152496,3.60804982483387,3.638776019215584,0,112
candidate,20260912,0,0,-17.0,4.0,0,0,1,9,0,0,0,0.023255813953488372,43,2.5799730576054993,3.558400273323059,3.622807562351227,0,86
candidate,20260912,1,0,-8.0,2.5,0,0,0,0,0,0,0,0.023809523809523808,42,2.6000582923491797,3.629150055348873,3.876456990838051,0,84
candidate,20260912,2,0,-20.0,3.0,0,0,0,0,0,0,0,0.0,47,2.5450554379123322,3.5351525992155075,3.6393925547599792,0,95
candidate,20260912,3,0,-8.0,2.5,0,0,0,0,0,0,0,0.0,43,2.566710937508317,3.387833572924137,3.58506478369236,0,86
candidate,20260913,0,0,66.0,1.0,1,1,0,0,0,0,0,0.05263157894736842,38,2.45261814837393,3.099146950989961,3.2860953360795975,0,75
candidate,20260913,1,0,-22.0,3.0,0,0,0,0,0,0,0,0.05405405405405406,37,2.4526497802218876,3.1453117728233333,3.3561307936906815,0,75
candidate,20260913,2,0,-22.0,3.0,0,0,0,0,0,0,0,0.08108108108108109,37,2.438127440777985,3.155888989567756,3.314189612865448,0,75
candidate,20260913,3,0,-23.0,4.0,0,0,1,15,0,0,0,0.018518518518518517,54,2.5935895327064724,3.6474798806011677,3.774259239435196,0,107
candidate,20260914,0,3,33.0,1.0,1,0,0,0,0,0,0,0.0410958904109589,73,2.4561786590373678,3.1129140406846996,3.337385132908821,0,146
candidate,20260914,1,3,-8.0,2.5,0,0,0,0,0,0,0,0.02702702702702703,37,2.4950151407235377,3.3677030354738235,3.393331542611122,0,74
candidate,20260914,2,3,-8.0,2.5,0,0,0,0,0,0,0,0.03389830508474576,59,2.5060068563384523,3.223715722560882,3.5309232771396637,0,118
candidate,20260914,3,3,-8.0,2.5,0,0,0,0,0,0,0,0.01694915254237288,59,2.521438082143412,3.3944277092814437,4.808239638805389,0,118
candidate,20260915,0,1,-20.0,3.0,0,0,0,0,0,0,0,0.0,81,2.6740223675230403,3.7374254316091537,4.083612933754921,0,163
candidate,20260915,1,1,0.0,2.5,0,0,0,0,0,1,0,0.012195121951219513,82,2.4917241549346505,3.368596080690623,3.663528710603714,0,164
candidate,20260915,2,1,0.0,2.5,0,0,0,0,0,1,0,0.0,86,2.501365771993648,3.25983390212059,4.3966639786958694,0,172
candidate,20260915,3,1,38.0,1.0,1,0,0,0,0,0,0,0.0,68,2.6066490887280773,3.4878315404057503,7.360281422734261,0,136
candidate,20260916,0,0,38.0,1.0,1,0,0,0,0,0,0,0.0425531914893617,47,2.5134618057215468,3.1964337453246108,5.167221650481224,0,94
candidate,20260916,1,0,-23.0,4.0,0,0,1,15,0,0,0,0.024390243902439025,41,2.5013803799704806,3.042338415980339,5.711067467927933,0,82
candidate,20260916,2,0,-8.0,2.5,0,0,0,0,0,0,0,0.0975609756097561,41,2.5781134552345044,3.3323150128126144,6.051894277334213,0,82
candidate,20260916,3,0,-8.0,2.5,0,0,0,0,0,0,0,0.027777777777777776,36,2.420616646607717,3.2068509608507156,3.2365545630455017,0,72
candidate,20260917,0,1,-8.0,2.5,0,0,0,0,0,0,0,0.0392156862745098,51,2.4740986672102236,3.2074060291051865,3.338053822517395,0,102
candidate,20260917,1,1,-8.0,2.5,0,0,0,0,0,0,0,0.027777777777777776,36,2.43804846993751,3.266246058046818,3.3073704689741135,0,72
candidate,20260917,2,1,33.0,1.0,1,0,0,0,0,0,0,0.0425531914893617,47,2.3568226618969694,2.895614132285118,2.9276274144649506,0,94
candidate,20260917,3,1,-17.0,3.0,0,0,0,0,0,0,0,0.016666666666666666,60,2.453684185942014,3.2042069360613823,3.354191780090332,0,121
candidate,20260918,0,1,-18.0,4.0,0,0,1,10,0,0,0,0.058823529411764705,34,2.5415764573742363,3.356472961604595,3.463638946413994,0,68
candidate,20260918,1,1,34.0,1.0,1,0,0,0,0,0,0,0.09090909090909091,44,2.379491247914054,2.8426372446119785,3.1804945319890976,0,88
candidate,20260918,2,1,-8.0,2.5,0,0,0,0,0,0,0,0.0,33,2.552251641949018,3.365178406238556,5.900591611862183,0,66
candidate,20260918,3,1,-22.0,3.0,0,0,0,0,0,0,0,0.0,34,2.553715480162817,3.463217057287693,3.5419762134552,0,69
candidate,20260919,0,0,34.0,1.0,1,0,0,0,0,0,0,0.05,60,2.4599441327154636,3.1289448961615562,3.2083578407764435,0,121
candidate,20260919,1,0,-23.0,4.0,0,0,1,15,0,0,0,0.014705882352941176,68,2.5136049234253517,3.3605395816266537,3.503940999507904,0,137
candidate,20260919,2,0,-8.0,2.5,0,0,0,0,0,0,0,0.046511627906976744,43,2.4379189884246784,3.129442408680916,3.1544119119644165,0,85
candidate,20260919,3,0,-8.0,2.5,0,0,0,0,0,0,0,0.045454545454545456,66,2.4865258654410187,3.344593569636345,5.6954119354486465,0,133
candidate,20260920,0,2,36.0,1.0,1,0,0,0,0,0,0,0.06666666666666667,30,2.521898038685322,3.3422302454710007,3.398716449737549,0,60
candidate,20260920,1,2,-8.0,2.5,0,0,0,0,0,0,0,0.03333333333333333,30,2.5420586268107095,3.4266160801053047,3.4814439713954926,0,60
candidate,20260920,2,2,-8.0,2.5,0,0,0,0,0,0,0,0.0,28,2.5105937384068966,3.3045602031052113,3.3624377101659775,0,56
candidate,20260920,3,2,-8.0,2.5,0,0,0,0,0,0,0,0.0,31,2.448825946738643,3.305172547698021,3.3296849578619003,0,62
candidate,20260921,0,1,-8.0,2.5,0,0,0,0,0,0,0,0.0,49,2.5609148172091465,3.4624263644218445,3.5033728927373886,0,98
candidate,20260921,1,1,0.0,2.5,0,0,0,0,0,1,1,0.023255813953488372,86,2.4522427729395933,3.0367798171937466,3.529634326696396,0,172
candidate,20260921,2,1,50.0,1.0,1,0,0,0,0,0,0,0.04081632653061224,49,2.4942570955169443,3.327305242419243,3.3478308469057083,0,98
candidate,20260921,3,1,-33.0,4.0,0,0,1,25,0,0,0,0.0,75,2.5646192083756127,3.548227809369564,3.8375016301870346,0,151
candidate,20260922,0,0,-19.0,3.0,0,0,0,0,0,0,0,0.0,59,2.5746201370227135,3.3582378178834915,3.530537709593773,0,119
candidate,20260922,1,0,-8.0,2.5,0,0,0,0,0,0,0,0.04838709677419355,62,2.380974771034333,2.891171630471945,3.004850819706917,0,124
candidate,20260922,2,0,33.0,1.0,1,0,0,0,0,0,0,0.05084745762711865,59,2.445794641971588,3.1783089041709895,3.2910332083702087,0,118
candidate,20260922,3,0,-20.0,3.0,0,0,0,0,0,0,0,0.014925373134328358,67,2.480908171899283,3.282342851161957,3.3459626138210297,0,135
candidate,20260923,0,1,-8.0,2.5,0,0,0,0,0,0,0,0.017241379310344827,58,2.5701813785166574,3.277108445763588,5.209190770983696,0,116
candidate,20260923,1,1,-8.0,2.5,0,0,0,0,0,0,0,0.0196078431372549,51,2.6299688307677997,3.531663678586483,6.58675841987133,0,102
candidate,20260923,2,1,-8.0,2.5,0,0,0,0,0,0,0,0.0,58,2.5238444514829537,3.3077185042202473,3.3329352736473083,0,116
candidate,20260923,3,1,35.0,1.0,1,0,0,0,0,0,0,0.0,58,2.5683492100958167,3.6002574488520622,3.966832533478737,0,116
candidate,20260924,0,2,54.0,1.0,1,1,0,0,0,0,0,0.027777777777777776,36,2.536529623385933,3.3756927587091923,3.5242680460214615,0,71
candidate,20260924,1,2,-18.0,3.0,0,0,0,0,0,0,0,0.02857142857142857,35,2.6012369032417024,3.444455191493034,4.724651575088501,0,71
candidate,20260924,2,2,-18.0,3.0,0,0,0,0,0,0,0,0.08571428571428572,35,2.5539205010448183,3.289996460080147,7.366955280303955,0,71
candidate,20260924,3,2,-18.0,3.0,0,0,0,0,0,0,0,0.0,35,2.4923282542399,3.3937256783246994,3.4277308732271194,0,71
candidate,20260925,0,3,-8.0,2.5,0,0,0,0,0,0,0,0.03225806451612903,31,2.502153717702435,3.275402821600437,3.3613741397857666,0,62
candidate,20260925,1,3,33.0,1.0,1,0,0,0,0,0,0,0.07692307692307693,26,2.475512643846182,3.2893111929297447,3.328852355480194,0,52
candidate,20260925,2,3,-19.0,3.0,0,0,0,0,0,0,0,0.046153846153846156,65,2.4459133641077924,3.0182763934135437,5.171447992324829,0,131
candidate,20260925,3,3,-21.0,4.0,0,0,1,13,0,0,0,0.0,35,2.4458881467580795,3.363765403628349,3.476003184914589,0,70
candidate,20260926,0,1,-17.0,4.0,0,0,1,9,0,0,0,0.03125,32,2.5836583226919174,3.389577753841877,3.4093428403139114,0,64
candidate,20260926,1,1,-17.0,3.0,0,0,0,0,0,0,0,0.07692307692307693,39,2.382490974970353,2.89983544498682,3.2033082097768784,0,79
candidate,20260926,2,1,33.0,1.0,1,0,0,0,0,0,0,0.03125,32,2.4273439194075763,3.1247954815626144,3.1383447349071503,0,64
candidate,20260926,3,1,-8.0,2.5,0,0,0,0,0,0,0,0.0,32,2.463405719026923,3.267868049442768,3.3188052475452423,0,64
candidate,20260927,0,2,32.0,1.0,1,0,0,0,0,0,0,0.017857142857142856,56,2.579089753063662,3.448881208896637,3.5259872674942017,0,112
candidate,20260927,1,2,-17.0,4.0,0,0,1,9,0,0,0,0.013513513513513514,74,2.4589234963059425,3.108107950538397,3.1239036470651627,0,148
candidate,20260927,2,2,0.0,2.5,0,0,0,0,0,1,1,0.0,86,2.560474281740743,3.607924561947584,3.7615951150655746,0,172
candidate,20260927,3,2,-8.0,2.5,0,0,0,0,0,0,0,0.014925373134328358,67,2.4859957508186796,3.4670859575271606,3.5439804196357727,0,134
candidate,20260928,0,0,63.0,1.0,1,1,0,0,0,0,0,0.014084507042253521,71,2.508728227145235,3.136838786303997,4.5268721878528595,0,141
candidate,20260928,1,0,-21.0,3.0,0,0,0,0,0,0,0,0.014285714285714285,70,2.5997753920299664,3.5233085975050926,3.807252272963524,0,141
candidate,20260928,2,0,-21.0,3.0,0,0,0,0,0,0,0,0.0,70,2.5730167914714133,3.753045666962862,4.122596234083176,0,141
candidate,20260928,3,0,-18.0,3.0,0,0,0,0,0,0,0,0.0,58,2.5274105498502992,3.4520117565989494,4.314575344324112,0,117
candidate,20260929,0,3,0.0,2.5,0,0,0,0,0,1,0,0.022727272727272728,88,2.5017566936598583,3.2365267165005203,3.378676250576973,0,176
candidate,20260929,1,3,-8.0,2.5,0,0,0,0,0,0,0,0.0,62,2.5673715938483515,3.606800176203251,3.6919116973876953,0,124
candidate,20260929,2,3,-17.0,4.0,0,0,1,9,0,0,0,0.05660377358490566,53,2.5263242072091914,3.307853639125824,5.962764844298363,0,106
candidate,20260929,3,3,-17.0,4.0,0,0,1,9,0,0,0,0.0,62,2.609644986448749,3.7507297471165657,3.8517527282238007,0,124
candidate,20260930,0,3,-8.0,2.5,0,0,0,0,0,0,0,0.0,35,2.619385772517749,3.711677156388759,3.8685742765665054,0,70
candidate,20260930,1,3,-19.0,4.0,0,0,1,11,0,0,0,0.06896551724137931,29,2.4762847300233513,3.284948691725731,3.3019427210092545,0,58
candidate,20260930,2,3,33.0,1.0,1,0,0,0,0,0,0,0.0,50,2.501147724688053,3.43176182359457,3.544570878148079,0,100
candidate,20260930,3,3,-8.0,2.5,0,0,0,0,0,0,0,0.02,50,2.477813698351383,3.3543274737894535,3.3958256244659424,0,100
candidate,20260931,0,1,63.0,1.0,1,1,0,0,0,0,0,0.021739130434782608,46,2.4915390202532643,3.2055010087788105,3.38633731007576,0,91
candidate,20260931,1,1,-21.0,3.0,0,0,0,0,0,0,0,0.043478260869565216,46,2.4298089353934578,3.043442964553833,3.336085006594658,0,93
candidate,20260931,2,1,-21.0,3.0,0,0,0,0,0,0,0,0.044444444444444446,45,2.4022004256645837,2.941511571407318,3.2288115471601486,0,91
candidate,20260931,3,1,-16.0,3.0,0,0,0,0,0,0,0,0.0,68,2.561402233207927,3.428339958190918,5.774807184934616,0,137
candidate,20260932,0,0,-8.0,2.5,0,0,0,0,0,0,0,0.0,39,2.735481096001772,3.635629266500473,5.330190062522888,0,78
candidate,20260932,1,0,-8.0,2.5,0,0,0,0,0,0,0,0.05,40,2.4777759332209826,3.3087299205362797,4.770876839756966,0,80
candidate,20260932,2,0,-8.0,2.5,0,0,0,0,0,0,0,0.047619047619047616,42,2.527896226162002,3.290696255862713,5.333619192242622,0,84
candidate,20260932,3,0,-19.0,4.0,0,0,1,11,0,0,0,0.05,40,2.3903410881757736,2.9616915620863438,3.1888876110315323,0,80
candidate,20260933,0,3,36.0,1.0,1,0,0,0,0,0,0,0.0,46,2.6020050939658415,3.4089339897036552,4.895422607660294,0,92
candidate,20260933,1,3,-20.0,4.0,0,0,1,12,0,0,0,0.04878048780487805,41,2.5341242733525067,3.0585043132305145,7.570520043373108,0,82
candidate,20260933,2,3,-8.0,2.5,0,0,0,0,0,0,0,0.0,41,2.5038898627205595,3.3674873411655426,4.056058824062347,0,82
candidate,20260933,3,3,-8.0,2.5,0,0,0,0,0,0,0,0.044444444444444446,45,2.4085496448808246,3.088997676968574,3.367168828845024,0,90
candidate,20260934,0,0,-16.0,4.0,0,0,1,8,0,0,0,0.03389830508474576,59,2.4801105008286943,3.098335862159729,3.2691918313503265,0,118
candidate,20260934,1,0,-8.0,2.5,0,0,0,0,0,0,0,0.05084745762711865,59,2.4009168274321797,2.9895506799221034,3.2236333936452866,0,118
candidate,20260934,2,0,-36.0,3.0,0,0,0,0,0,0,0,0.0,81,2.624716724694511,3.8238614797592163,4.077058285474777,0,163
candidate,20260934,3,0,-16.0,3.0,0,0,0,0,0,0,0,0.0,46,2.5321157325221146,3.310325089842081,4.017338156700134,0,93
candidate,20260935,0,3,-8.0,2.5,0,0,0,0,0,0,0,0.0,39,2.55253638785619,3.362657129764557,3.382492810487747,0,78
candidate,20260935,1,3,49.0,1.0,1,0,0,0,0,0,0,0.0,39,2.6128781147492237,3.634656593203545,3.816381096839905,0,78
candidate,20260935,2,3,-8.0,2.5,0,0,0,0,0,0,0,0.02564102564102564,39,2.423879475547717,3.126825951039791,3.201322630047798,0,78
candidate,20260935,3,3,-33.0,4.0,0,0,1,25,0,0,0,0.05128205128205128,39,2.5646193669392514,3.4243088215589523,6.160134449601173,0,78
candidate,20260936,0,0,-31.0,3.0,0,0,0,0,0,0,0,0.0,39,2.5153354001350894,3.208484686911106,3.3044815063476562,0,79
candidate,20260936,1,0,-31.0,3.0,0,0,0,0,0,0,0,0.0,39,2.5967626044383416,3.287166729569435,5.406290292739868,0,79
candidate,20260936,2,0,-31.0,3.0,0,0,0,0,0,0,0,0.0,39,2.6233987643932686,3.65828312933445,6.146935746073723,0,79
candidate,20260936,3,0,-21.0,3.0,0,0,0,0,0,0,0,0.0,42,2.593324918832098,3.780127223581075,5.184430629014969,0,85
candidate,20260937,0,0,-16.0,3.0,0,0,0,0,0,0,0,0.07142857142857142,28,2.6674768222229823,3.5505860112607475,5.907302722334862,0,57
candidate,20260937,1,0,48.0,1.0,1,1,0,0,0,0,0,0.06896551724137931,29,2.4534118971947967,3.1548883765935893,3.2974500209093094,0,57
candidate,20260937,2,0,-16.0,3.0,0,0,0,0,0,0,0,0.0,28,2.602870110422373,3.430487308651209,4.967886954545975,0,57
candidate,20260937,3,0,-16.0,3.0,0,0,0,0,0,0,0,0.0,28,2.702999993094376,3.8262897171080112,4.918972030282021,0,57
candidate,20260938,0,3,-8.0,2.5,0,0,0,0,0,0,0,0.037037037037037035,27,2.6087383567183107,3.495507128536701,3.817422315478325,0,54
candidate,20260938,1,3,-8.0,2.5,0,0,0,0,0,0,0,0.0,31,2.5962767822127186,3.59299685806036,3.6502033472061157,0,62
candidate,20260938,2,3,34.0,1.0,1,0,0,0,0,0,0,0.0625,32,2.5916676386259496,3.3917290158569813,5.660919472575188,0,64
candidate,20260938,3,3,-17.0,4.0,0,0,1,9,0,0,0,0.05,40,2.528933249413967,3.46347726881504,5.019485950469971,0,80
candidate,20260939,0,3,-19.0,3.0,0,0,0,0,0,0,0,0.021739130434782608,46,2.5311154920769776,3.3529442735016346,3.626333549618721,0,93
candidate,20260939,1,3,-19.0,3.0,0,0,0,0,0,0,0,0.08695652173913043,46,2.428128991437995,3.006880171597004,4.066266119480133,0,93
candidate,20260939,2,3,57.0,1.0,1,1,0,0,0,0,0,0.0425531914893617,47,2.4221127337597785,3.068562224507332,3.285123035311699,0,93
candidate,20260939,3,3,-19.0,3.0,0,0,0,0,0,0,0,0.0,45,2.528985424174203,3.4935016185045242,3.548368811607361,0,91
candidate,20260940,0,2,-20.0,3.0,0,0,0,0,0,0,0,0.0,26,2.6033128110262065,3.2990979962050915,3.8426555693149567,0,53
candidate,20260940,1,2,-18.0,3.0,0,0,0,0,0,0,0,0.0,30,2.6630391677220664,3.876773174852132,4.016220569610596,0,61
candidate,20260940,2,2,60.0,1.0,1,1,0,0,0,0,0,0.0,27,2.5034277113499463,3.48370261490345,3.6123953759670258,0,53
candidate,20260940,3,2,-18.0,3.0,0,0,0,0,0,0,0,0.03333333333333333,30,2.6428222035368285,4.201875068247314,5.847278982400894,0,61
candidate,20260941,0,1,-23.0,4.0,0,0,1,15,0,0,0,0.03225806451612903,62,2.5116007234300337,3.234401810914277,3.361023962497711,0,124
candidate,20260941,1,1,-8.0,2.5,0,0,0,0,0,0,0,0.03225806451612903,31,2.6532841786261527,3.313027322292328,6.326986476778984,0,62
candidate,20260941,2,1,-35.0,3.0,0,0,0,0,0,0,0,0.0,53,2.5320767231707304,3.407766669988632,6.048422306776047,0,107
candidate,20260941,3,1,39.0,1.0,1,0,0,0,0,0,0,0.047619047619047616,42,2.4569699806826457,2.9671568423509598,5.507597699761391,0,84
candidate,20260942,0,2,-27.0,3.0,0,0,0,0,0,0,0,0.0,48,2.866725359732906,4.7649567015469065,6.329676136374474,0,97
candidate,20260942,1,2,34.0,1.0,1,0,0,0,0,0,0,0.023809523809523808,42,2.52009378302665,3.15770385786891,3.9604566991329193,0,84
candidate,20260942,2,2,-8.0,2.5,0,0,0,0,0,0,0,0.024390243902439025,41,2.533398614060588,3.233460709452629,4.644976928830147,0,82
candidate,20260942,3,2,-18.0,4.0,0,0,1,10,0,0,0,0.0,42,2.574230499920391,3.5924160853028297,3.732748329639435,0,84
candidate,20260943,0,3,-8.0,2.5,0,0,0,0,0,0,0,0.030303030303030304,33,2.4715219483231055,3.03155779838562,3.1866002827882767,0,66
candidate,20260943,1,3,-8.0,2.5,0,0,0,0,0,0,0,0.030303030303030304,33,2.768576653166251,4.325585067272186,7.185898721218109,0,66
candidate,20260943,2,3,-18.0,4.0,0,0,1,10,0,0,0,0.037037037037037035,27,2.538582448054243,3.394004702568054,3.4509431570768356,0,54
candidate,20260943,3,3,32.0,1.0,1,0,0,0,0,0,0,0.06060606060606061,33,2.5279768601511465,3.3435404300689697,4.036635160446167,0,66
candidate,20260944,0,3,-23.0,3.0,0,0,0,0,0,0,0,0.047619047619047616,21,2.5405435867252804,3.3552832901477814,3.363408148288727,0,43
candidate,20260944,1,3,-23.0,3.0,0,0,0,0,0,0,0,0.0,21,2.6300223100753057,3.5829059779644012,3.610042855143547,0,43
candidate,20260944,2,3,69.0,1.0,1,1,0,0,0,0,0,0.0,22,2.649379301477562,3.6117360927164555,6.260477006435394,0,43
candidate,20260944,3,3,-23.0,3.0,0,0,0,0,0,0,0,0.0,21,2.421481889628229,3.3446811139583588,3.3606886863708496,0,43
candidate,20260945,0,1,-8.0,2.5,0,0,0,0,0,0,0,0.03333333333333333,30,2.561262001593908,3.3333889208734035,3.3689886331558228,0,60
candidate,20260945,1,1,-16.0,4.0,0,0,1,8,0,0,0,0.05128205128205128,39,2.581153924648578,3.5142850130796432,3.609694540500641,0,78
candidate,20260945,2,1,35.0,1.0,1,0,0,0,0,0,0,0.05084745762711865,59,2.4450488893662468,3.348575159907341,3.474680706858635,0,118
candidate,20260945,3,1,35.0,1.0,1,0,0,0,0,0,0,0.06666666666666667,30,2.447959097723166,2.978630550205707,4.213910549879074,0,60
candidate,20260946,0,2,-8.0,2.5,0,0,0,0,0,0,0,0.030303030303030304,66,2.534413512683276,3.3284490928053856,3.4685879945755005,0,132
candidate,20260946,1,2,32.0,1.0,1,0,0,0,0,0,0,0.04838709677419355,62,2.5092373271622965,3.272673301398754,5.048016086220741,0,124
candidate,20260946,2,2,0.0,2.5,0,0,0,0,0,1,0,0.0,88,2.499375069005923,3.3752381801605225,3.5604313015937805,0,176
candidate,20260946,3,2,0.0,2.5,0,0,0,0,0,1,1,0.02197802197802198,91,2.438362094235944,3.117114305496216,3.3101998269557953,0,182
candidate,20260947,0,0,-16.0,4.0,0,0,1,8,0,0,0,0.041666666666666664,48,2.4944098743920526,3.1433912925422187,4.393924027681351,0,96
candidate,20260947,1,0,54.0,1.0,1,1,0,0,0,0,0,0.0425531914893617,47,2.538590315491595,3.396475128829479,4.650726914405823,0,93
candidate,20260947,2,0,57.0,1.0,1,1,0,0,0,0,0,0.0,46,2.6069627669842346,3.5508256405591965,4.7379229217767715,0,91
candidate,20260947,3,0,-18.0,3.0,0,0,0,0,0,0,0,0.0,42,2.4620951375081424,3.2318804413080215,4.249943420290947,0,85
candidate,20260948,0,3,-8.0,2.5,0,0,0,0,0,0,0,0.02702702702702703,37,2.5224536153915764,3.0376676470041266,5.078766494989395,0,74
candidate,20260948,1,3,-19.0,3.0,0,0,0,0,0,0,0,0.018867924528301886,53,2.551236523772186,3.48445363342762,3.9490964263677597,0,107
candidate,20260948,2,3,-16.0,4.0,0,0,1,8,0,0,0,0.0,38,2.574202800659757,3.3563148230314255,6.062734872102737,0,76
candidate,20260948,3,3,-16.0,4.0,0,0,1,8,0,0,0,0.0,37,2.4595474572600544,3.3342301845550537,3.34303081035614,0,74
candidate,20260949,0,0,-8.0,2.5,0,0,0,0,0,0,0,0.08823529411764706,34,2.4261949036051247,2.881053369492292,3.262760117650032,0,68
candidate,20260949,1,0,90.0,1.0,1,1,0,0,0,0,0,0.014285714285714285,70,2.45088485202619,3.1562378630042076,3.220159560441971,0,139
candidate,20260949,2,0,-16.0,4.0,0,0,1,8,0,0,0,0.0,63,2.5211495776025075,3.4421805292367935,3.865208476781845,0,126
candidate,20260949,3,0,-16.0,4.0,0,0,1,8,0,0,0,0.0,34,2.49645349514835,3.362565767019987,4.1158124804496765,0,68
candidate,20260950,0,3,54.0,1.0,1,1,0,0,0,0,0,0.013157894736842105,76,2.4746118946687172,3.2361550256609917,3.2791588455438614,0,152
candidate,20260950,1,3,-20.0,4.0,0,0,1,12,0,0,0,0.0,39,2.499620740612348,3.421703539788723,3.5078395158052444,0,78
candidate,20260950,2,3,-32.0,3.0,0,0,0,0,0,0,0,0.019230769230769232,52,2.490803850098298,3.2365188002586365,4.4234152883291245,0,105
candidate,20260950,3,3,-8.0,2.5,0,0,0,0,0,0,0,0.0,65,2.6882395148277283,3.673907369375229,6.6545698791742325,0,130
candidate,20260951,0,1,-8.0,2.5,0,0,0,0,0,0,0,0.0,59,2.8020012176642983,3.9449073374271393,7.413173094391823,0,118
candidate,20260951,1,1,48.0,1.0,1,0,0,0,0,0,0,0.0,59,2.5324923444097327,3.381199389696121,3.949364647269249,0,118
candidate,20260951,2,1,-24.0,3.0,0,0,0,0,0,0,0,0.0379746835443038,79,2.465132458866397,3.1693043187260628,4.374271258711815,0,159
candidate,20260951,3,1,-8.0,2.5,0,0,0,0,0,0,0,0.01694915254237288,59,2.5582896640240134,3.45435943454504,4.913443699479103,0,118
candidate,20260952,0,2,-33.0,3.0,0,0,0,0,0,0,0,0.0,70,2.5502877309918404,3.342288266867399,3.57184000313282,0,141
candidate,20260952,1,2,-8.0,2.5,0,0,0,0,0,0,0,0.0,60,2.5120898770789304,3.457962069660425,3.537064418196678,0,120
candidate,20260952,2,2,-33.0,3.0,0,0,0,0,0,0,0,0.04477611940298507,67,2.4366787454085563,3.1350387260317794,4.092397168278694,0,135
candidate,20260952,3,2,34.0,1.0,1,0,0,0,0,0,0,0.020833333333333332,48,2.5362599408254027,3.3061807975172997,4.282720386981964,0,96
candidate,20260953,0,0,48.0,1.0,1,1,0,0,0,0,0,0.0,37,2.6441873428789346,3.523332253098488,6.075507029891014,0,73
candidate,20260953,1,0,-16.0,3.0,0,0,0,0,0,0,0,0.0,32,2.525142510421574,3.4139768220484257,3.478698432445526,0,65
candidate,20260953,2,0,-16.0,3.0,0,0,0,0,0,0,0,0.0,36,2.5130873546004295,3.4248256124556065,3.59412282705307,0,73
candidate,20260953,3,0,-16.0,3.0,0,0,0,0,0,0,0,0.027777777777777776,36,2.5897140925129256,3.3886078745126724,5.525369197130203,0,73
candidate,20260954,0,0,0.0,2.5,0,0,0,0,0,1,1,0.0,84,2.7552017321189246,3.9536274969577785,7.115332409739494,0,168
candidate,20260954,1,0,32.0,1.0,1,0,0,0,0,0,0,0.012658227848101266,79,2.5893266583922543,3.450659103691578,6.6225565969944,0,158
candidate,20260954,2,0,-8.0,2.5,0,0,0,0,0,0,0,0.0,61,2.5870054044195863,3.7024635821580887,4.2166393250226974,0,122
candidate,20260954,3,0,90.0,1.0,1,1,0,0,0,0,0,0.0379746835443038,79,2.472189667670033,3.336024098098277,5.445424467325211,0,157
candidate,20260955,0,2,0.0,2.5,0,0,0,0,0,1,0,0.023529411764705882,85,2.512997235445415,3.254817798733711,4.639020189642906,0,169
candidate,20260955,1,2,-8.0,2.5,0,0,0,0,0,0,0,0.0,73,2.7198320739481545,3.8938678801059723,5.702074617147446,0,147
candidate,20260955,2,2,-8.0,2.5,0,0,0,0,0,0,0,0.0,70,2.4965197114007815,3.217963967472315,4.384787753224373,0,141
candidate,20260955,3,2,-19.0,3.0,0,0,0,0,0,0,0,0.037037037037037035,81,2.4060831623680796,3.0785370618104935,3.347966820001602,0,164
candidate,20260956,0,2,-8.0,2.5,0,0,0,0,0,0,0,0.030303030303030304,33,2.5263192188559156,3.2422956079244614,3.3016707748174667,0,66
candidate,20260956,1,2,37.0,1.0,1,0,0,0,0,0,0,0.0,33,2.7021931653672997,3.5153046250343323,6.155200302600861,0,66
candidate,20260956,2,2,-21.0,4.0,0,0,1,13,0,0,0,0.0,33,2.586810990716472,3.481481224298477,5.978744477033615,0,66
candidate,20260956,3,2,-8.0,2.5,0,0,0,0,0,0,0,0.09090909090909091,33,2.365047112107277,3.017786517739296,3.073010593652725,0,66
candidate,20260957,0,2,33.0,1.0,1,0,0,0,0,0,0,0.027777777777777776,36,2.6114659590853586,3.5580159164965153,4.8288144171237946,0,72
candidate,20260957,1,2,-8.0,2.5,0,0,0,0,0,0,0,0.0625,32,2.4459887063130736,3.210082184523344,3.270559012889862,0,64
candidate,20260957,2,2,-8.0,2.5,0,0,0,0,0,0,0,0.020833333333333332,48,2.452861323642234,3.2181749120354652,3.399904817342758,0,96
candidate,20260957,3,2,-17.0,4.0,0,0,1,9,0,0,0,0.015625,64,2.475749352015555,3.3428408205509186,3.4341197460889816,0,128
candidate,20260958,0,3,-8.0,2.5,0,0,0,0,0,0,0,0.0,30,2.5725290179252625,3.4767845645546913,3.544725477695465,0,60
candidate,20260958,1,3,-18.0,4.0,0,0,1,10,0,0,0,0.014925373134328358,67,2.5290817077924954,3.2166827470064154,5.259297788143158,0,134
candidate,20260958,2,3,-8.0,2.5,0,0,0,0,0,0,0,0.03333333333333333,30,2.4772786224881806,3.2564627006649967,3.3195558935403824,0,60
candidate,20260958,3,3,-17.0,4.0,0,0,1,9,0,0,0,0.02040816326530612,49,2.471224537917546,3.321586549282074,3.389822319149971,0,98
candidate,20260959,0,1,-25.0,3.0,0,0,0,0,0,0,0,0.0,28,2.5771782467407838,3.4244409762322903,3.614194691181183,0,57
candidate,20260959,1,1,40.0,1.0,1,0,0,0,0,0,0,0.07142857142857142,28,2.4258578196167946,3.2162255607545376,3.8186870515346527,0,56
candidate,20260959,2,1,-25.0,3.0,0,0,0,0,0,0,0,0.07142857142857142,28,2.4398274586669038,3.061929438263178,3.284277394413948,0,57
candidate,20260959,3,1,-25.0,3.0,0,0,0,0,0,0,0,0.07142857142857142,28,2.4966996030083726,3.2916244119405746,3.3222083002328873,0,57
candidate,20260960,0,3,54.0,1.0,1,1,0,0,0,0,0,0.02,50,2.5554683059453964,3.2963047735393047,4.963234066963196,0,99
candidate,20260960,1,3,-16.0,4.0,0,0,1,8,0,0,0,0.014925373134328358,67,2.459801566689762,3.0849508941173553,3.2610632479190826,0,134
candidate,20260960,2,3,38.0,1.0,1,0,0,0,0,0,0,0.029411764705882353,68,2.451996401171474,3.4248497337102886,3.6010518670082092,0,136
candidate,20260960,3,3,-21.0,3.0,0,0,0,0,0,0,0,0.016666666666666666,60,2.4524640291929245,3.049174230545759,3.2089650630950928,0,121
candidate,20260961,0,3,-16.0,3.0,0,0,0,0,0,0,0,0.02631578947368421,38,2.5377490214611353,3.372256550937891,3.4279879182577133,0,77
candidate,20260961,1,3,-25.0,4.0,0,0,1,17,0,0,0,0.06382978723404255,47,2.5615336650863605,3.072313591837883,7.385492324829102,0,94
candidate,20260961,2,3,-16.0,3.0,0,0,0,0,0,0,0,0.05263157894736842,38,2.548570793710257,3.358028270304203,6.035560742020607,0,77
candidate,20260961,3,3,-16.0,3.0,0,0,0,0,0,0,0,0.02631578947368421,38,2.447632190428282,3.333549853414297,3.3643972128629684,0,77
candidate,20260962,0,1,-26.0,4.0,0,0,1,18,0,0,0,0.03125,32,2.5297641986981034,3.2538351602852345,3.282655030488968,0,64
candidate,20260962,1,1,-35.0,3.0,0,0,0,0,0,0,0,0.014084507042253521,71,2.516729914596383,3.237791359424591,3.3673271536827087,0,143
candidate,20260962,2,1,-8.0,2.5,0,0,0,0,0,0,0,0.041666666666666664,48,2.4286362264926233,3.2278801314532757,3.3184196799993515,0,96
candidate,20260962,3,1,45.0,1.0,1,0,0,0,0,0,0,0.041666666666666664,48,2.430736436508596,3.179258480668068,3.7841014564037323,0,96
candidate,20260963,0,3,34.0,1.0,1,0,0,0,0,0,0,0.0,23,2.8027974716995074,3.9842473343014717,4.509022459387779,0,46
candidate,20260963,1,3,-8.0,2.5,0,0,0,0,0,0,0,0.0,23,2.6125746738651525,3.2328644767403603,5.690522491931915,0,46
candidate,20260963,2,3,-18.0,4.0,0,0,1,10,0,0,0,0.043478260869565216,23,2.4087531897036927,2.963014878332615,3.094984218478203,0,46
candidate,20260963,3,3,-8.0,2.5,0,0,0,0,0,0,0,0.043478260869565216,23,2.5253277271986008,3.453555889427662,3.4663956612348557,0,46
candidate,20260964,0,2,-8.0,2.5,0,0,0,0,0,0,0,0.017241379310344827,58,2.459071126991305,3.099304437637329,3.2248515635728836,0,116
candidate,20260964,1,2,39.0,1.0,1,0,0,0,0,0,0,0.07894736842105263,38,2.4100844993403086,3.148048557341099,3.207128494977951,0,76
candidate,20260964,2,2,-24.0,3.0,0,0,0,0,0,0,0,0.0,54,2.5410472794815346,3.4416832961142063,3.4782327711582184,0,109
candidate,20260964,3,2,-24.0,3.0,0,0,0,0,0,0,0,0.0,54,2.595022355240804,3.6285301670432077,3.9687994867563248,0,109
candidate,20260965,0,2,-17.0,3.0,0,0,0,0,0,0,0,0.034482758620689655,29,2.5513976298529526,3.382226824760437,3.451140597462654,0,59
candidate,20260965,1,2,-8.0,2.5,0,0,0,0,0,0,0,0.038461538461538464,52,2.416982100560115,3.0118009075522423,3.0329152941703796,0,104
candidate,20260965,2,2,-17.0,3.0,0,0,0,0,0,0,0,0.017543859649122806,57,2.4477203229540274,3.1646590679883957,3.263711929321289,0,115
candidate,20260965,3,2,-17.0,3.0,0,0,0,0,0,0,0,0.0,57,2.525309786984795,3.4410174936056137,3.655988723039627,0,115
candidate,20260966,0,1,41.0,1.0,1,0,0,0,0,0,0,0.022727272727272728,44,2.4908339520069687,3.210764564573765,3.233550116419792,0,88
candidate,20260966,1,1,-18.0,4.0,0,0,1,10,0,0,0,0.0,40,2.5472751818597317,3.3267001621425147,3.4376364201307297,0,80
candidate,20260966,2,1,-8.0,2.5,0,0,0,0,0,0,0,0.0,57,2.5762365967558143,3.410128131508827,4.803862422704697,0,114
candidate,20260966,3,1,-8.0,2.5,0,0,0,0,0,0,0,0.0,56,2.7085556648671627,3.7035499699413776,3.828214481472969,0,112
candidate,20260967,0,1,-19.0,4.0,0,0,1,11,0,0,0,0.0,33,2.6482117334098527,3.403516113758087,3.4765470772981644,0,66
candidate,20260967,1,1,36.0,1.0,1,0,0,0,0,0,0,0.0,61,2.6056203746893365,3.4132059663534164,3.469165414571762,0,122
candidate,20260967,2,1,-8.0,2.5,0,0,0,0,0,0,0,0.01639344262295082,61,2.573314687756241,3.4520477056503296,3.5661831498146057,0,122
candidate,20260967,3,1,-8.0,2.5,0,0,0,0,0,0,0,0.0,61,2.632747816502071,3.722602501511574,3.7663355469703674,0,122
candidate,20260968,0,0,0.0,2.5,0,0,0,0,0,1,0,0.0,83,2.742690920650241,3.793828003108501,3.9461683481931686,0,166
candidate,20260968,1,0,-19.0,4.0,0,0,1,11,0,0,0,0.0,34,2.6372451444759086,3.422475792467594,3.4645479172468185,0,68
candidate,20260968,2,0,32.0,1.0,1,0,0,0,0,0,0,0.047619047619047616,42,2.5405995547771454,3.378847148269415,3.604436293244362,0,84
candidate,20260968,3,0,-21.0,4.0,0,0,1,13,0,0,0,0.0,63,2.696393353361932,3.8042662665247917,3.8777031004428864,0,126
candidate,20260969,0,0,-16.0,4.0,0,0,1,8,0,0,0,0.015873015873015872,63,2.6397396115556595,3.2500840723514557,3.406316041946411,0,126
candidate,20260969,1,0,0.0,2.5,0,0,0,0,0,1,0,0.011904761904761904,84,2.6707638365526996,3.497943002730608,5.474299192428589,0,168
candidate,20260969,2,0,-8.0,2.5,0,0,0,0,0,0,0,0.03409090909090909,88,2.4426841727373274,3.1353749334812164,3.2036900520324707,0,176
candidate,20260969,3,0,-17.0,4.0,0,0,1,9,0,0,0,0.045454545454545456,66,2.4072725156491455,3.096349071711302,3.3485423773527145,0,132
candidate,20260970,0,1,-8.0,2.5,0,0,0,0,0,0,0,0.0,46,2.5998753616991253,3.3906851895153522,3.6525744944810867,0,92
candidate,20260970,1,1,-8.0,2.5,0,0,0,0,0,0,0,0.06521739130434782,46,2.4363605062598768,2.967964857816696,3.281012177467346,0,92
candidate,20260970,2,1,-19.0,4.0,0,0,1,11,0,0,0,0.021739130434782608,46,2.498763167987699,3.151357639580965,3.221863880753517,0,92
candidate,20260970,3,1,-18.0,4.0,0,0,1,10,0,0,0,0.045454545454545456,44,2.485464411703023,3.418117854744196,3.509635105729103,0,88
candidate,20260971,0,3,168.0,1.0,1,1,0,0,0,0,0,0.1,30,2.44093748430411,2.924342919141054,3.1449683010578156,0,59
candidate,20260971,1,3,-19.0,3.0,0,0,0,0,0,0,0,0.0,33,2.6372759744073404,3.6081407219171524,3.856498748064041,0,67
candidate,20260971,2,3,-55.0,4.0,0,0,1,47,1,0,0,0.07142857142857142,28,2.4279354007116387,3.008491452783346,3.047224134206772,0,56
candidate,20260971,3,3,-8.0,2.5,0,0,0,0,0,0,0,0.0,16,2.4685608223080635,3.403903916478157,3.4313350915908813,0,32
candidate,20260972,0,3,-8.0,2.5,0,0,0,0,0,0,0,0.043478260869565216,23,2.554570284226666,3.2823381945490837,3.3862516283988953,0,46
candidate,20260972,1,3,37.0,1.0,1,0,0,0,0,0,0,0.04,25,2.520291358232498,3.255191072821617,3.265688195824623,0,50
candidate,20260972,2,3,-8.0,2.5,0,0,0,0,0,0,0,0.06666666666666667,30,2.464934252202511,3.2858685590326786,3.319535404443741,0,60
candidate,20260972,3,3,-16.0,4.0,0,0,1,8,0,0,0,0.0,26,2.5670561366356335,3.682413138449192,3.841182217001915,0,52
candidate,20260973,0,3,32.0,1.0,1,0,0,0,0,0,0,0.029411764705882353,34,2.5258398998309586,3.188389167189598,3.196289762854576,0,68
candidate,20260973,1,3,0.0,2.5,0,0,0,0,0,1,0,0.011627906976744186,86,2.5260033692384876,3.2409043051302433,3.441484645009041,0,172
candidate,20260973,2,3,-18.0,3.0,0,0,0,0,0,0,0,0.014492753623188406,69,2.4678491163944853,3.260217234492302,3.282833844423294,0,139
candidate,20260973,3,3,-8.0,2.5,0,0,0,0,0,0,0,0.0,34,2.5290736709447468,3.453726042062044,3.530828282237053,0,68
candidate,20260974,0,1,-8.0,2.5,0,0,0,0,0,0,0,0.0,73,2.6623263750990778,3.748299926519394,4.093114286661148,0,146
candidate,20260974,1,1,38.0,1.0,1,0,0,0,0,0,0,0.014705882352941176,68,2.5225638357155464,3.35916755720973,3.4361854195594788,0,136
candidate,20260974,2,1,-8.0,2.5,0,0,0,0,0,0,0,0.014705882352941176,68,2.5417989339022076,3.524185437709093,3.6393534392118454,0,136
candidate,20260974,3,1,-22.0,4.0,0,0,1,14,0,0,0,0.029411764705882353,68,2.50683182521778,3.3980684354901314,3.91492061316967,0,136
candidate,20260975,0,3,-26.0,3.0,0,0,0,0,0,0,0,0.03571428571428571,28,2.5057507944958552,3.1934036873280998,3.305671736598015,0,57
candidate,20260975,1,3,-26.0,3.0,0,0,0,0,0,0,0,0.0,28,2.5583792344800065,3.3852146938443184,3.4343022853136063,0,57
candidate,20260975,2,3,-22.0,3.0,0,0,0,0,0,0,0,0.11538461538461539,26,2.4366502721722307,3.1077368184924126,3.171302378177643,0,53
candidate,20260975,3,3,78.0,1.0,1,1,0,0,0,0,0,0.034482758620689655,29,2.4050131825537515,3.0650746077299114,3.1601786613464355,0,57
candidate,20260976,0,2,-18.0,3.0,0,0,0,0,0,0,0,0.0625,48,2.4613819550722837,2.9762654565274715,3.2674912363290787,0,97
candidate,20260976,1,2,33.0,1.0,1,0,0,0,0,0,0,0.05405405405405406,37,2.456323872949626,3.1125262379646292,3.3271759748458862,0,74
candidate,20260976,2,2,-18.0,3.0,0,0,0,0,0,0,0,0.0,49,2.595139439312779,3.6116477102041245,3.7908684462308884,0,99
candidate,20260976,3,2,-16.0,4.0,0,0,1,8,0,0,0,0.022727272727272728,44,2.495089207183231,3.442905191332102,3.4873411059379578,0,88
candidate,20260977,0,2,-21.0,3.0,0,0,0,0,0,0,0,0.0,40,2.6687619742006063,3.9004952646791935,4.1650403290987015,0,81
candidate,20260977,1,2,-21.0,3.0,0,0,0,0,0,0,0,0.04878048780487805,41,2.4650123697228548,3.1934157013893127,3.2295361161231995,0,83
candidate,20260977,2,2,-32.0,4.0,0,0,1,24,0,0,0,0.05,40,2.4540953803807497,3.0245336703956123,3.209339454770088,0,80
candidate,20260977,3,2,63.0,1.0,1,1,0,0,0,0,0,0.0,41,2.4974854981026997,3.3816490322351456,3.490077331662178,0,81
candidate,20260978,0,0,-8.0,2.5,0,0,0,0,0,0,0,0.05128205128205128,39,2.4780360743021355,3.0703237280249596,3.3025406301021576,0,78
candidate,20260978,1,0,-8.0,2.5,0,0,0,0,0,0,0,0.01282051282051282,78,2.4699273590858164,3.1926886178553104,3.284987062215805,0,156
candidate,20260978,2,0,84.0,1.0,1,1,0,0,0,0,0,0.012195121951219513,82,2.606569221470414,3.8142056204378605,4.186958074569702,0,163
candidate,20260978,3,0,0.0,2.5,0,0,0,0,0,1,0,0.011764705882352941,85,2.4429974748807797,3.126993030309677,3.278840333223343,0,170
candidate,20260979,0,3,-19.0,4.0,0,0,1,11,0,0,0,0.06451612903225806,31,2.5110933328828504,3.0546681955456734,3.395477309823036,0,62
candidate,20260979,1,3,-8.0,2.5,0,0,0,0,0,0,0,0.06451612903225806,31,2.533676583440073,3.196634352207184,4.001434892416,0,62
candidate,20260979,2,3,-8.0,2.5,0,0,0,0,0,0,0,0.03225806451612903,31,2.452820359218505,3.2957037910819054,3.374040126800537,0,62
candidate,20260979,3,3,35.0,1.0,1,0,0,0,0,0,0,0.0,31,2.56049795256507,3.731546923518181,3.883933648467064,0,62
candidate,20260980,0,0,-8.0,2.5,0,0,0,0,0,0,0,0.020833333333333332,48,2.5572626618668437,3.3225730061531067,4.336921498179436,0,96
candidate,20260980,1,0,44.0,1.0,1,0,0,0,0,0,0,0.0,48,2.7327250378827252,4.107106849551201,4.237813875079155,0,96
candidate,20260980,2,0,-8.0,2.5,0,0,0,0,0,0,0,0.0,48,2.5098517071455717,3.3640689216554165,3.3779554069042206,0,96
candidate,20260980,3,0,35.0,1.0,1,0,0,0,0,0,0,0.05405405405405406,37,2.435041792892121,3.153047710657119,3.3369604498147964,0,74
candidate,20260981,0,3,-16.0,4.0,0,0,1,8,0,0,0,0.0,45,2.5756453060441546,3.3707283437252045,3.3808257430791855,0,90
candidate,20260981,1,3,33.0,1.0,1,0,0,0,0,0,0,0.06976744186046512,43,2.505224977814874,3.4405166283249855,3.4664981067180634,0,86
candidate,20260981,2,3,-8.0,2.5,0,0,0,0,0,0,0,0.023255813953488372,43,2.435377214190572,3.0683541670441628,3.34290973842144,0,86
candidate,20260981,3,3,47.0,1.0,1,0,0,0,0,0,0,0.05405405405405406,37,2.5207444622709945,3.450779989361763,4.036964848637581,0,74
candidate,20260982,0,0,-8.0,2.5,0,0,0,0,0,0,0,0.0,30,2.561171477039655,3.3042041584849358,3.3558066934347153,0,60
candidate,20260982,1,0,35.0,1.0,1,0,0,0,0,0,0,0.0,49,2.5770728457338956,3.6022372543811794,3.6495961248874664,0,98
candidate,20260982,2,0,-8.0,2.5,0,0,0,0,0,0,0,0.04081632653061224,49,2.395120050225939,2.979733422398567,3.0386224389076233,0,98
candidate,20260982,3,0,-8.0,2.5,0,0,0,0,0,0,0,0.03333333333333333,30,2.4527400732040405,3.1429021619260307,3.8783997297286987,0,60
candidate,20260983,0,0,-8.0,2.5,0,0,0,0,0,0,0,0.07017543859649122,57,2.446617310245832,2.9120985418558116,3.312166780233383,0,114
candidate,20260983,1,0,84.0,1.0,1,1,0,0,0,0,0,0.017857142857142856,56,2.4918338416942527,3.2629556953907013,3.2964199781417847,0,111
candidate,20260983,2,0,-27.0,4.0,0,0,1,19,0,0,0,0.017543859649122806,57,2.570629479330883,3.551235795021057,3.738436847925186,0,114
candidate,20260983,3,0,-17.0,4.0,0,0,1,9,0,0,0,0.02857142857142857,35,2.4593673114265715,3.2822495326399803,3.385273739695549,0,70
candidate,20260984,0,2,0.0,2.5,0,0,0,0,0,1,0,0.0,84,2.63013005522745,3.597479965537786,3.7543531507253647,0,168
candidate,20260984,1,2,-8.0,2.5,0,0,0,0,0,0,0,0.01818181818181818,55,2.549477835947817,3.37421428412199,3.536272794008255,0,110
candidate,20260984,2,2,-8.0,2.5,0,0,0,0,0,0,0,0.016666666666666666,60,2.4956689216196537,3.344802651554346,3.4105610102415085,0,120
candidate,20260984,3,2,-19.0,4.0,0,0,1,11,0,0,0,0.017857142857142856,56,2.5485221163502763,3.5669030621647835,3.6869198083877563,0,112
candidate,20260985,0,2,-8.0,2.5,0,0,0,0,0,0,0,0.0,32,2.6025287806987762,3.4874262288212776,3.5521946847438812,0,64
candidate,20260985,1,2,46.0,1.0,1,0,0,0,0,0,0,0.0,35,2.6636695755379542,3.81215438246727,3.919733688235283,0,70
candidate,20260985,2,2,-30.0,4.0,0,0,1,22,0,0,0,0.0,35,2.5099651089736392,3.2937344163656235,3.301037475466728,0,70
candidate,20260985,3,2,-8.0,2.5,0,0,0,0,0,0,0,0.02857142857142857,35,2.4724400469235013,3.3983735367655754,3.4083332866430283,0,70
candidate,20260986,0,1,-8.0,2.5,0,0,0,0,0,0,0,0.0,59,2.563666868007789,3.340647369623184,3.5271458327770233,0,118
candidate,20260986,1,1,-20.0,3.0,0,0,0,0,0,0,0,0.03125,64,2.497461886378005,3.3217119984328747,3.3801402896642685,0,129
candidate,20260986,2,1,-8.0,2.5,0,0,0,0,0,0,0,0.015625,64,2.4740584776736796,3.3267770893871784,3.4454483538866043,0,128
candidate,20260986,3,1,-18.0,4.0,0,0,1,10,0,0,0,0.05,40,2.4912449531257153,3.4397377632558346,3.4970007836818695,0,80
candidate,20260987,0,3,0.0,2.5,0,0,0,0,0,1,1,0.023529411764705882,85,2.4875849266262615,3.1825043261051174,3.3356714993715286,0,170
candidate,20260987,1,3,34.0,1.0,1,0,0,0,0,0,0,0.0,68,2.583557630286497,3.504594322293997,4.269320517778397,0,136
candidate,20260987,2,3,-8.0,2.5,0,0,0,0,0,0,0,0.0,74,2.5040833531199276,3.3203464932739735,3.3746808767318726,0,148
candidate,20260987,3,3,-18.0,4.0,0,0,1,10,0,0,0,0.0,68,2.5861773859052097,3.555916342884302,3.621194511651993,0,136
candidate,20260988,0,2,-19.0,4.0,0,0,1,11,0,0,0,0.043478260869565216,69,2.5048902987138084,3.2395601272583003,3.347918391227722,0,138
candidate,20260988,1,2,42.0,1.0,1,0,0,0,0,0,0,0.05405405405405406,37,2.474798896425479,3.2773774117231365,3.369264304637909,0,74
candidate,20260988,2,2,-8.0,2.5,0,0,0,0,0,0,0,0.013513513513513514,74,2.504246384912246,3.2445929013192654,3.9920900017023087,0,148
candidate,20260988,3,2,-8.0,2.5,0,0,0,0,0,0,0,0.0,40,2.5569313671439886,3.4340210258960724,4.998141899704933,0,80
candidate,20260989,0,3,60.0,1.0,1,1,0,0,0,0,0,0.0,23,2.8578572623107745,3.98194957524538,7.0715732872486115,0,45
candidate,20260989,1,3,-20.0,3.0,0,0,0,0,0,0,0,0.045454545454545456,22,2.6490400460633365,3.55811333283782,4.418332129716873,0,45
candidate,20260989,2,3,-20.0,3.0,0,0,0,0,0,0,0,0.0,22,2.527255903590809,3.500074613839388,3.526141867041588,0,45
candidate,20260989,3,3,-20.0,3.0,0,0,0,0,0,0,0,0.045454545454545456,22,2.4612000720067457,3.174604009836912,3.2457541674375534,0,45
candidate,20260990,0,0,-16.0,4.0,0,0,1,8,0,0,0,0.0,48,2.6633142648885646,3.478723019361496,3.76264750957489,0,96
candidate,20260990,1,0,0.0,2.5,0,0,0,0,0,1,1,0.012658227848101266,79,2.5956036075006557,3.5772180184721947,4.967348650097847,0,158
candidate,20260990,2,0,-8.0,2.5,0,0,0,0,0,0,0,0.0,60,2.5520694131652513,3.4249422140419483,4.611793905496597,0,120
candidate,20260990,3,0,-16.0,4.0,0,0,1,8,0,0,0,0.05,60,2.4636334739625454,3.158221300691366,5.251176655292511,0,120
candidate,20260991,0,3,-8.0,2.5,0,0,0,0,0,0,0,0.0425531914893617,47,2.5245609118583356,3.360369615256786,3.5438723862171173,0,94
candidate,20260991,1,3,-28.0,4.0,0,0,1,20,0,0,0,0.06382978723404255,47,2.4549731231750327,3.0360227450728403,4.390493035316467,0,94
candidate,20260991,2,3,44.0,1.0,1,0,0,0,0,0,0,0.02127659574468085,47,2.5313446258610868,3.489539213478565,3.5465285181999207,0,94
candidate,20260991,3,3,-27.0,4.0,0,0,1,19,0,0,0,0.0,25,2.4930061399936676,3.3775795251131058,3.3807288855314255,0,50
candidate,20260992,0,0,-22.0,3.0,0,0,0,0,0,0,0,0.0425531914893617,47,2.520725408450086,3.266390599310398,3.321995958685875,0,95
candidate,20260992,1,0,-8.0,2.5,0,0,0,0,0,0,0,0.02702702702702703,37,2.4881935300859244,3.3665694296360016,3.4392867237329483,0,74
candidate,20260992,2,0,66.0,1.0,1,1,0,0,0,0,0,0.04,50,2.441907189786434,3.303629159927368,3.3489633351564407,0,99
candidate,20260992,3,0,-8.0,2.5,0,0,0,0,0,0,0,0.047619047619047616,42,2.4894262176184427,3.324600309133529,3.439607098698616,0,84
candidate,20260993,0,1,-8.0,2.5,0,0,0,0,0,0,0,0.034482758620689655,29,2.6579351517660865,3.718286380171776,3.8229022175073624,0,58
candidate,20260993,1,1,-8.0,2.5,0,0,0,0,0,0,0,0.0,29,2.56888240832707,3.4753497689962387,3.504592925310135,0,58
candidate,20260993,2,1,-18.0,4.0,0,0,1,10,0,0,0,0.0,29,2.513097085315606,3.369145840406418,3.4375470131635666,0,58
candidate,20260993,3,1,-17.0,3.0,0,0,0,0,0,0,0,0.13636363636363635,22,2.393705601041967,2.9627030715346336,3.285294398665428,0,45
candidate,20260994,0,1,48.0,1.0,1,1,0,0,0,0,0,0.058823529411764705,17,2.5606705423663643,3.440890461206436,3.658559173345566,0,33
candidate,20260994,1,1,-8.0,2.5,0,0,0,0,0,0,0,0.05555555555555555,36,2.442860406719976,3.0495417304337025,3.2092053443193436,0,72
candidate,20260994,2,1,-17.0,4.0,0,0,1,9,0,0,0,0.06521739130434782,46,2.4073149037101995,3.076392225921154,3.2745301723480225,0,92
candidate,20260994,3,1,-8.0,2.5,0,0,0,0,0,0,0,0.07142857142857142,14,2.4244551147733415,3.108703251928091,3.12819704413414,0,28
candidate,20260995,0,2,-17.0,3.0,0,0,0,0,0,0,0,0.025974025974025976,77,2.5238444810950913,3.311872109770775,3.3485740423202515,0,155
candidate,20260995,1,2,34.0,1.0,1,0,0,0,0,0,0,0.014492753623188406,69,2.499725615632707,3.2917551696300507,3.4551769495010376,0,138
candidate,20260995,2,2,-8.0,2.5,0,0,0,0,0,0,0,0.0,72,2.5028768771638474,3.3926147036254406,3.5692546516656876,0,144
candidate,20260995,3,2,-8.0,2.5,0,0,0,0,0,0,0,0.02702702702702703,74,2.4080238229519613,3.023378923535347,3.071203827857971,0,148
candidate,20260996,0,3,-17.0,3.0,0,0,0,0,0,0,0,0.01818181818181818,55,2.7863878418098795,3.9185937494039536,4.230055958032608,0,111
candidate,20260996,1,3,-38.0,4.0,0,0,1,30,0,0,0,0.0,52,2.610737063850348,3.693977277725935,3.7476569414138794,0,104
candidate,20260996,2,3,-17.0,3.0,0,0,0,0,0,0,0,0.0,57,2.5036348716208807,3.3403992652893066,3.3643022179603577,0,115
candidate,20260996,3,3,-8.0,2.5,0,0,0,0,0,0,0,0.047619047619047616,21,2.4478344158047722,3.2379906624555588,3.278018906712532,0,42
candidate,20260997,0,0,-8.0,2.5,0,0,0,0,0,0,0,0.0,41,2.6171348262123946,3.4525226801633835,3.5047773271799088,0,82
candidate,20260997,1,0,36.0,1.0,1,0,0,0,0,0,0,0.0,41,2.4815494330917915,3.321167081594467,3.361860290169716,0,82
candidate,20260997,2,0,-8.0,2.5,0,0,0,0,0,0,0,0.024390243902439025,41,2.4387743778345063,3.154415637254715,3.1989309936761856,0,82
candidate,20260997,3,0,-20.0,4.0,0,0,1,12,0,0,0,0.024390243902439025,41,2.4383471052094206,3.0509550124406815,3.1929612159729004,0,82
candidate,20260998,0,2,-19.0,4.0,0,0,1,11,0,0,0,0.0,69,2.698916968876037,3.6949217319488525,3.8882791996002197,0,138
candidate,20260998,1,2,37.0,1.0,1,0,0,0,0,0,0,0.0,71,2.620725302209317,3.4005949273705482,3.6599505692720413,0,142
candidate,20260998,2,2,32.0,1.0,1,0,0,0,0,0,0,0.015384615384615385,65,2.5139614939689636,3.1956713646650314,4.931267350912094,0,130
candidate,20260998,3,2,-8.0,2.5,0,0,0,0,0,0,0,0.04225352112676056,71,2.4847423421664976,3.2585272565484047,3.899596631526947,0,142
candidate,20260999,0,3,81.0,1.0,1,1,0,0,0,0,0,0.04,50,2.4529900029301643,3.12640881165862,3.3599287271499634,0,99
candidate,20260999,1,3,-8.0,2.5,0,0,0,0,0,0,0,0.038461538461538464,52,2.594938179334769,3.350146859884262,6.564011797308922,0,104
candidate,20260999,2,3,-27.0,3.0,0,0,0,0,0,0,0,0.06,50,2.433101423084736,3.074239380657673,3.2699555158615112,0,101
candidate,20260999,3,3,-27.0,3.0,0,0,0,0,0,0,0,0.0,49,2.581630510335066,3.499365597963333,3.59964556992054,0,99
candidate,20261000,0,0,-17.0,4.0,0,0,1,9,0,0,0,0.018867924528301886,53,2.590469207684949,3.3111628144979477,4.086904227733612,0,106
candidate,20261000,1,0,-8.0,2.5,0,0,0,0,0,0,0,0.0,53,2.5720681362556963,3.4992229193449016,3.755902871489525,0,106
candidate,20261000,2,0,32.0,1.0,1,0,0,0,0,0,0,0.023809523809523808,42,2.5498981011055766,3.5266698338091373,5.64483180642128,0,84
candidate,20261000,3,0,-8.0,2.5,0,0,0,0,0,0,0,0.03508771929824561,57,2.544814263258064,3.4234490245580664,4.534166306257248,0,114
candidate,20261001,0,0,-8.0,2.5,0,0,0,0,0,0,0,0.0,31,2.6516040727015464,3.583044745028019,3.6165788769721985,0,62
candidate,20261001,1,0,-8.0,2.5,0,0,0,0,0,0,0,0.03225806451612903,31,2.5103533219906593,3.307742066681385,3.3718980848789215,0,62
candidate,20261001,2,0,-21.0,3.0,0,0,0,0,0,0,0,0.0,45,2.482366727458106,3.225747123360634,3.24304960668087,0,91
candidate,20261001,3,0,33.0,1.0,1,0,0,0,0,0,0,0.06451612903225806,31,2.429802992170857,3.2641496509313583,3.303416073322296,0,62
candidate,20261002,0,3,-8.0,2.5,0,0,0,0,0,0,0,0.0,36,2.720092319779926,3.696688450872898,5.812358111143112,0,72
candidate,20261002,1,3,93.0,1.0,1,1,0,0,0,0,0,0.0,57,2.6533904959235275,3.800833225250244,3.939364105463028,0,113
candidate,20261002,2,3,-8.0,2.5,0,0,0,0,0,0,0,0.047619047619047616,42,2.4169894112717536,3.037379216402769,3.260912373661995,0,84
candidate,20261002,3,3,-17.0,4.0,0,0,1,9,0,0,0,0.08333333333333333,36,2.38610136633118,2.94713769108057,3.2547973096370697,0,72
candidate,20261003,0,1,-18.0,3.0,0,0,0,0,0,0,0,0.0,42,2.6661066249722527,3.6581850610673423,3.701554611325264,0,85
candidate,20261003,1,1,-18.0,3.0,0,0,0,0,0,0,0,0.023809523809523808,42,2.5167625308746384,3.322577103972435,3.480134531855583,0,85
candidate,20261003,2,1,54.0,1.0,1,1,0,0,0,0,0,0.05128205128205128,39,2.441649922193625,3.140893206000328,3.3292509615421295,0,77
candidate,20261003,3,1,-18.0,3.0,0,0,0,0,0,0,0,0.023809523809523808,42,2.535145020201093,3.4458440728485584,3.64743173122406,0,85
candidate,20261004,0,1,-8.0,2.5,0,0,0,0,0,0,0,0.02702702702702703,37,2.5501565353290454,3.3222243189811707,3.3653825521469116,0,75
candidate,20261004,1,1,33.0,1.0,1,0,0,0,0,0,0,0.037037037037037035,54,2.4829450994729996,3.271014150232076,3.415532410144806,0,107
candidate,20261004,2,1,-8.0,2.5,0,0,0,0,0,0,0,0.0,35,2.4814495018550327,3.2956501469016075,3.3223535865545273,0,71
candidate,20261004,3,1,-8.0,2.5,0,0,0,0,0,0,0,0.03773584905660377,53,2.4343797901891313,3.153763338923454,3.37783619761467,0,107
candidate,20261005,0,3,0.0,2.5,0,0,0,0,0,1,0,0.0,88,2.5618145961991767,3.31112090498209,3.420598804950714,0,176
candidate,20261005,1,3,0.0,2.5,0,0,0,0,0,1,0,0.0,84,2.6355499978221597,3.678061906248331,3.915395587682724,0,168
candidate,20261005,2,3,-8.0,2.5,0,0,0,0,0,0,0,0.034482758620689655,87,2.374988370414438,2.868911251425743,3.0570849776268005,0,174
candidate,20261005,3,3,0.0,2.5,0,0,0,0,0,1,1,0.011764705882352941,85,2.471623503986527,3.237500786781311,3.3949576318264008,0,170
candidate,20261006,0,0,-29.0,3.0,0,0,0,0,0,0,0,0.0,53,2.6899165702315995,3.8201626390218735,4.187997430562973,0,107
candidate,20261006,1,0,54.0,1.0,1,1,0,0,0,0,0,0.047619047619047616,42,2.486976307062876,3.3244115300476547,3.350531682372093,0,83
candidate,20261006,2,0,-18.0,3.0,0,0,0,0,0,0,0,0.024390243902439025,41,2.469358238868597,3.314567729830742,3.3730119466781616,0,83
candidate,20261006,3,0,-18.0,3.0,0,0,0,0,0,0,0,0.0,41,2.5512338956681693,3.3553596585989,4.343537613749504,0,83
candidate,20261007,0,0,32.0,1.0,1,0,0,0,0,0,0,0.0,50,2.553815543651581,3.2095729373395443,3.2664407044649124,0,100
candidate,20261007,1,0,99.0,1.0,1,1,0,0,0,0,0,0.0,52,2.5360633690769854,3.318117745220661,3.410831093788147,0,103
candidate,20261007,2,0,-33.0,3.0,0,0,0,0,0,0,0,0.0,51,2.5224795236307034,3.433474339544773,3.5407692193984985,0,103
candidate,20261007,3,0,-33.0,3.0,0,0,0,0,0,0,0,0.0,51,2.560431685517816,3.6238962784409523,3.972616046667099,0,103
candidate,20261008,0,0,-16.0,4.0,0,0,1,8,0,0,0,0.0,35,2.628078098808016,3.391564078629017,3.5157576203346252,0,70
candidate,20261008,1,0,-8.0,2.5,0,0,0,0,0,0,0,0.0,70,2.6267274415918758,3.6882457323372364,3.738211467862129,0,140
candidate,20261008,2,0,-8.0,2.5,0,0,0,0,0,0,0,0.023255813953488372,43,2.396999793343766,2.861960604786873,2.8953589498996735,0,86
candidate,20261008,3,0,-19.0,4.0,0,0,1,11,0,0,0,0.017241379310344827,58,2.4854851372796913,3.2339027151465416,3.2891593873500824,0,116
candidate,20261009,0,1,33.0,1.0,1,0,0,0,0,0,0,0.03389830508474576,59,2.5274846387111536,3.119846433401107,3.3928342163562775,0,118
candidate,20261009,1,1,-8.0,2.5,0,0,0,0,0,0,0,0.02,50,2.545994706451893,3.395691327750683,3.5484563559293747,0,100
candidate,20261009,2,1,-27.0,4.0,0,0,1,19,0,0,0,0.014925373134328358,67,2.5119211580326306,3.350993432104587,5.706461146473885,0,134
candidate,20261009,3,1,-8.0,2.5,0,0,0,0,0,0,0,0.05084745762711865,59,2.4497974663972855,3.1636513769626617,3.234008327126503,0,118
candidate,20261010,0,2,-8.0,2.5,0,0,0,0,0,0,0,0.0,78,2.6730482394878683,3.616653848439455,6.56820647418499,0,156
candidate,20261010,1,2,-19.0,4.0,0,0,1,11,0,0,0,0.05128205128205128,78,2.5042442557139273,3.060791641473769,5.3574517369270325,0,156
candidate,20261010,2,2,-23.0,3.0,0,0,0,0,0,0,0,0.011764705882352941,85,2.645896506660125,3.6033570766448975,4.561511799693108,0,171
candidate,20261010,3,2,10.0,2.0,0,0,0,0,0,0,0,0.012195121951219513,82,2.4922125541218896,3.2630491070449357,4.145622253417969,1,165
candidate,20261011,0,1,-8.0,2.5,0,0,0,0,0,0,0,0.045454545454545456,44,2.5415077212859285,3.3134526573121548,3.3536069095134735,0,88
candidate,20261011,1,1,-8.0,2.5,0,0,0,0,0,0,0,0.024390243902439025,41,2.597580777435768,3.545571118593216,3.8314666599035263,0,82
candidate,20261011,2,1,32.0,1.0,1,0,0,0,0,0,0,0.02631578947368421,38,2.4821777877054716,3.239218518137932,3.2959505915641785,0,76
candidate,20261011,3,1,-8.0,2.5,0,0,0,0,0,0,0,0.0,41,2.5339840298018803,3.4847725182771683,3.5275742411613464,0,82
candidate,20261012,0,2,-18.0,4.0,0,0,1,10,0,0,0,0.03773584905660377,53,2.6574934709746882,3.472272679209709,4.780761897563934,0,106
candidate,20261012,1,2,75.0,1.0,1,1,0,0,0,0,0,0.0,58,2.5484401347308325,3.333297371864319,5.640335381031036,0,115
candidate,20261012,2,2,32.0,1.0,1,0,0,0,0,0,0,0.018518518518518517,54,2.46495874253688,3.3031493425369263,3.3875349909067154,0,108
candidate,20261012,3,2,-8.0,2.5,0,0,0,0,0,0,0,0.0,54,2.7600288805034427,4.130589775741099,6.201151758432388,0,108
candidate,20261013,0,1,-28.0,4.0,0,0,1,20,0,0,0,0.0,25,2.629159539937973,3.5583931952714916,3.616543486714363,0,50
candidate,20261013,1,1,-8.0,2.5,0,0,0,0,0,0,0,0.04,25,2.8127120435237885,3.9848841726779938,5.98343089222908,0,50
candidate,20261013,2,1,44.0,1.0,1,0,0,0,0,0,0,0.08,25,2.4405431002378464,3.1286150217056274,3.275267779827118,0,50
candidate,20261013,3,1,-8.0,2.5,0,0,0,0,0,0,0,0.0,25,2.575046643614769,3.5346101969480515,3.554755821824074,0,50
candidate,20261014,0,1,90.0,1.0,1,1,0,0,0,0,0,0.018867924528301886,53,2.6373125542447253,3.5463858395814896,5.860352888703346,0,105
candidate,20261014,1,1,-30.0,3.0,0,0,0,0,0,0,0,0.019230769230769232,52,2.4889157726787605,3.2474338077008724,3.4381840378046036,0,105
candidate,20261014,2,1,-30.0,3.0,0,0,0,0,0,0,0,0.0,52,2.5368774524674964,3.440783452242613,3.486335277557373,0,105
candidate,20261014,3,1,-30.0,3.0,0,0,0,0,0,0,0,0.038461538461538464,52,2.5299669315035525,3.3017679117619987,4.675485193729401,0,105
candidate,20261015,0,2,-8.0,2.5,0,0,0,0,0,0,0,0.0,32,2.61217902880162,3.371960110962391,3.417881205677986,0,64
candidate,20261015,1,2,48.0,1.0,1,1,0,0,0,0,0,0.06,50,2.397722266614437,2.9339755885303016,3.276251256465912,0,99
candidate,20261015,2,2,-8.0,2.5,0,0,0,0,0,0,0,0.05555555555555555,36,2.5115948584344654,3.095854539424181,5.243917927145958,0,72
candidate,20261015,3,2,51.0,1.0,1,1,0,0,0,0,0,0.027777777777777776,36,2.6837095307807126,3.9950981736183167,6.113804876804352,0,71
candidate,20261016,0,0,52.0,1.0,1,0,0,0,0,0,0,0.0,53,2.692082685963163,3.338479995727539,7.452679798007011,0,106
candidate,20261016,1,0,0.0,2.5,0,0,0,0,0,1,1,0.011764705882352941,85,2.6055518099490333,3.599913418292999,4.910657182335854,0,169
candidate,20261016,2,0,32.0,1.0,1,0,0,0,0,0,0,0.028169014084507043,71,2.422823767426988,3.0078422278165817,3.2906271517276764,0,143
candidate,20261016,3,0,0.0,2.5,0,0,0,0,0,1,1,0.03571428571428571,84,2.3621415852435996,2.75478046387434,3.194361925125122,0,169
candidate,20261017,0,2,-8.0,2.5,0,0,0,0,0,0,0,0.061224489795918366,49,2.5685964418309077,3.331255540251731,4.1867997497320175,0,98
candidate,20261017,1,2,-16.0,4.0,0,0,1,8,0,0,0,0.05,20,2.5190400891005993,3.2221943140029907,3.2270215451717377,0,40
candidate,20261017,2,2,-8.0,2.5,0,0,0,0,0,0,0,0.1,20,2.456943318247795,3.1956261955201626,3.208782523870468,0,40
candidate,20261017,3,2,32.0,1.0,1,0,0,0,0,0,0,0.0,20,2.4170069955289364,3.4080992452800274,3.4217722713947296,0,40
candidate,20261018,0,3,-8.0,2.5,0,0,0,0,0,0,0,0.0,46,2.6078433932169625,3.55953024700284,3.626784309744835,0,93
candidate,20261018,1,3,-18.0,4.0,0,0,1,10,0,0,0,0.02127659574468085,47,2.5021894735858794,3.2308628782629967,3.2810643315315247,0,93
candidate,20261018,2,3,37.0,1.0,1,0,0,0,0,0,0,0.0,42,2.6339758187532425,3.85234048590064,4.743853583931923,0,85
candidate,20261018,3,3,-21.0,4.0,0,0,1,13,0,0,0,0.025,40,2.673598937690258,3.529162146151066,7.865101099014282,0,81
candidate,20261019,0,3,-18.0,3.0,0,0,0,0,0,0,0,0.0136986301369863,73,2.5099406197462995,3.153703734278679,3.3461563289165497,0,147
candidate,20261019,1,3,10.0,2.0,0,0,0,0,0,0,0,0.0,71,2.597309911335018,3.341143950819969,6.41019269824028,1,143
candidate,20261019,2,3,51.0,1.0,1,1,0,0,0,0,0,0.0,72,2.55613484316402,3.5000999458134174,3.70648130774498,0,143
candidate,20261019,3,3,-8.0,2.5,0,0,0,0,0,0,0,0.0,65,2.5173334834667354,3.312467038631439,3.3806823194026947,0,130
candidate,20261020,0,3,32.0,1.0,1,0,0,0,0,0,0,0.01818181818181818,55,2.530954710461877,3.0335506424307823,5.844011902809143,0,110
candidate,20261020,1,3,-8.0,2.5,0,0,0,0,0,0,0,0.03636363636363636,55,2.4931482293389062,2.9932711273431774,5.737822502851486,0,110
candidate,20261020,2,3,-18.0,4.0,0,0,1,10,0,0,0,0.031746031746031744,63,2.493121794291905,3.332371264696121,4.383951425552368,0,126
candidate,20261020,3,3,-8.0,2.5,0,0,0,0,0,0,0,0.0,55,2.572829852050001,3.4384757280349727,4.661915823817253,0,110
candidate,20261021,0,0,35.0,1.0,1,0,0,0,0,0,0,0.015625,64,2.553034049924463,3.2127024605870247,5.058446899056435,0,128
candidate,20261021,1,0,-20.0,4.0,0,0,1,12,0,0,0,0.046153846153846156,65,2.5218926083583098,3.2466761767864227,7.076671347022057,0,130
candidate,20261021,2,0,34.0,1.0,1,0,0,0,0,0,0,0.03508771929824561,57,2.4196545413711616,3.152792155742645,3.3365245908498764,0,114
candidate,20261021,3,0,-8.0,2.5,0,0,0,0,0,0,0,0.017857142857142856,56,2.4359815953565493,3.2139699906110764,3.3222362399101257,0,112
candidate,20261022,0,2,-20.0,3.0,0,0,0,0,0,0,0,0.06451612903225806,31,2.544953878368101,3.235449083149433,3.315310925245285,0,63
candidate,20261022,1,2,-20.0,3.0,0,0,0,0,0,0,0,0.03225806451612903,31,2.478373146826221,3.295695409178734,3.3861156553030014,0,63
candidate,20261022,2,2,60.0,1.0,1,1,0,0,0,0,0,0.125,32,2.460313495248556,2.947487495839596,5.7365428656339645,0,63
candidate,20261022,3,2,-20.0,3.0,0,0,0,0,0,0,0,0.0,31,2.60965880607405,3.716239705681801,4.388030618429184,0,63
candidate,20261023,0,3,-17.0,4.0,0,0,1,9,0,0,0,0.022222222222222223,45,2.6677644501129785,3.3316198736429214,6.467305123806,0,90
candidate,20261023,1,3,34.0,1.0,1,0,0,0,0,0,0,0.04081632653061224,49,2.4823160575968877,3.0144162476062775,4.72014956176281,0,98
candidate,20261023,2,3,-8.0,2.5,0,0,0,0,0,0,0,0.061224489795918366,49,2.3953213679547214,3.01067754626274,3.316771239042282,0,98
candidate,20261023,3,3,-8.0,2.5,0,0,0,0,0,0,0,0.0,49,2.53232302410262,3.31137552857399,6.28245621919632,0,98
candidate,20261024,0,1,39.0,1.0,1,0,0,0,0,0,0,0.06451612903225806,62,2.533614875808839,3.4791871905326843,3.5775359719991684,0,124
candidate,20261024,1,1,32.0,1.0,1,0,0,0,0,0,0,0.075,40,2.5868444703519344,3.3620918169617653,6.206201389431953,0,80
candidate,20261024,2,1,-19.0,3.0,0,0,0,0,0,0,0,0.015625,64,2.517808461561799,3.2813983969390392,7.072305306792259,0,129
candidate,20261024,3,1,-30.0,4.0,0,0,1,22,0,0,0,0.015384615384615385,65,2.5891021753732977,3.6669597029685974,4.814978688955307,0,130
candidate,20261025,0,1,-8.0,2.5,0,0,0,0,0,0,0,0.03333333333333333,60,2.5211865392824016,3.295610938221216,4.776261746883392,0,120
candidate,20261025,1,1,57.0,1.0,1,1,0,0,0,0,0,0.0,51,2.5778361322248684,3.5714898258447647,4.905980080366135,0,101
candidate,20261025,2,1,-8.0,2.5,0,0,0,0,0,0,0,0.04918032786885246,61,2.420250265324702,2.904677763581276,5.14591857790947,0,122
candidate,20261025,3,1,-8.0,2.5,0,0,0,0,0,0,0,0.016666666666666666,60,2.5136251002550125,3.2905196771025658,4.755264148116112,0,120
candidate,20261026,0,2,-20.0,3.0,0,0,0,0,0,0,0,0.0,46,2.6898756623268127,3.6626048386096954,4.164928570389748,0,93
candidate,20261026,1,2,60.0,1.0,1,1,0,0,0,0,0,0.022222222222222223,45,2.560481304923693,3.1805429607629776,5.9614479541778564,0,89
candidate,20261026,2,2,-8.0,2.5,0,0,0,0,0,0,0,0.0,49,2.587550376750985,3.6125555634498596,5.405452102422714,0,98
candidate,20261026,3,2,-8.0,2.5,0,0,0,0,0,0,0,0.045454545454545456,44,2.5367909534410997,3.2985161058604717,5.04317507147789,0,88
candidate,20261027,0,0,0.0,2.5,0,0,0,0,0,1,1,0.011764705882352941,85,2.525601996218457,3.1988508999347687,3.3455267548561096,0,170
candidate,20261027,1,0,-27.0,3.0,0,0,0,0,0,0,0,0.03529411764705882,85,2.4531395777183422,3.276166692376137,3.3779069781303406,0,171
candidate,20261027,2,0,-22.0,3.0,0,0,0,0,0,0,0,0.011904761904761904,84,2.5880225667996064,3.5804210230708122,5.725288763642311,0,169
candidate,20261027,3,0,0.0,2.5,0,0,0,0,0,1,1,0.023529411764705882,85,2.479976788163185,3.1920906156301494,6.234161555767059,0,170
candidate,20261028,0,0,56.0,1.0,1,0,0,0,0,0,0,0.024096385542168676,83,2.51023525215057,3.244681283831596,6.682625040411949,0,166
candidate,20261028,1,0,-8.0,2.5,0,0,0,0,0,0,0,0.012048192771084338,83,2.524388482771724,3.24880164116621,6.5529923886060715,0,166
candidate,20261028,2,0,-8.0,2.5,0,0,0,0,0,0,0,0.04081632653061224,49,2.4876677032027925,3.1882721930742264,4.200849682092667,0,98
candidate,20261028,3,0,-48.0,4.0,0,0,1,40,1,0,0,0.0,83,2.582423703139087,3.7166891619563103,3.978399559855461,0,166
candidate,20261029,0,2,-8.0,2.5,0,0,0,0,0,0,0,0.016129032258064516,62,2.7147441080981687,3.586122766137123,6.885737180709839,0,124
candidate,20261029,1,2,-32.0,3.0,0,0,0,0,0,0,0,0.0,50,2.4962471798062325,3.2193883322179317,3.852972760796547,0,101
candidate,20261029,2,2,33.0,1.0,1,0,0,0,0,0,0,0.015384615384615385,65,2.5375827860373716,3.315923362970352,5.371404811739922,0,130
candidate,20261029,3,2,96.0,1.0,1,1,0,0,0,0,0,0.0,52,2.5908976363447995,3.7720608524978156,3.98191437125206,0,103
candidate,20261030,0,1,34.0,1.0,1,0,0,0,0,0,0,0.058823529411764705,34,2.568753819693537,3.326736204326153,4.524072632193565,0,68
candidate,20261030,1,1,-18.0,4.0,0,0,1,10,0,0,0,0.058823529411764705,34,2.4916002088609863,3.2496594823896885,3.3794064074754715,0,68
candidate,20261030,2,1,-8.0,2.5,0,0,0,0,0,0,0,0.058823529411764705,34,2.4376297369599342,3.292319178581238,3.316398710012436,0,68
candidate,20261030,3,1,-8.0,2.5,0,0,0,0,0,0,0,0.029411764705882353,34,2.4920774842886364,3.380550071597099,3.69098037481308,0,68
candidate,20261031,0,2,35.0,1.0,1,0,0,0,0,0,0,0.025,40,2.596257720142603,3.5690228454768658,3.6942027509212494,0,80
candidate,20261031,1,2,-20.0,3.0,0,0,0,0,0,0,0,0.058823529411764705,34,2.491593251333517,3.1612662598490715,4.371298477053642,0,69
candidate,20261031,2,2,54.0,1.0,1,1,0,0,0,0,0,0.0,42,2.553448480154787,3.6945709958672523,3.7794988602399826,0,83
candidate,20261031,3,2,-8.0,2.5,0,0,0,0,0,0,0,0.06451612903225806,62,2.4511398026539433,3.001195564866066,4.313921555876732,0,123
candidate,20261032,0,1,-8.0,2.5,0,0,0,0,0,0,0,0.0,30,2.6900839060544968,3.4387472085654736,6.0253143310546875,0,60
candidate,20261032,1,1,57.0,1.0,1,1,0,0,0,0,0,0.03125,32,2.44186632335186,2.9658022336661816,3.2155029475688934,0,63
candidate,20261032,2,1,-20.0,3.0,0,0,0,0,0,0,0,0.0,31,2.6076486514460657,3.621254116296768,3.7044640630483627,0,63
candidate,20261032,3,1,-20.0,3.0,0,0,0,0,0,0,0,0.03225806451612903,31,2.4413955548117237,3.211262635886669,3.323683515191078,0,63
candidate,20261033,0,0,0.0,2.5,0,0,0,0,0,1,1,0.012345679012345678,81,2.623266597956787,3.4999772906303406,5.926787853240967,0,161
candidate,20261033,1,0,-8.0,2.5,0,0,0,0,0,0,0,0.02247191011235955,89,2.5449725851584017,3.5561591386795044,4.877481609582901,0,178
candidate,20261033,2,0,-8.0,2.5,0,0,0,0,0,0,0,0.013157894736842105,76,2.5477133397209015,3.4258845262229443,6.30936399102211,0,153
candidate,20261033,3,0,0.0,2.5,0,0,0,0,0,1,0,0.0,85,2.6124286081861046,3.5685598850250244,5.579523742198944,0,170
candidate,20261034,0,2,-21.0,4.0,0,0,1,13,0,0,0,0.02702702702702703,37,2.551834174507373,3.3666078001260757,3.4045036882162094,0,74
candidate,20261034,1,2,-8.0,2.5,0,0,0,0,0,0,0,0.08108108108108109,37,2.555738530448965,3.2972536981105804,5.873717367649078,0,74
candidate,20261034,2,2,-8.0,2.5,0,0,0,0,0,0,0,0.02702702702702703,37,2.4393288972409994,3.121356666088104,3.23445163667202,0,74
candidate,20261034,3,2,37.0,1.0,1,0,0,0,0,0,0,0.08108108108108109,37,2.39488880175191,3.2265618443489075,3.3499952405691147,0,74
candidate,20261035,0,0,-8.0,2.5,0,0,0,0,0,0,0,0.06976744186046512,43,2.5418169016754906,3.5034116357564926,3.5239681601524353,0,86
candidate,20261035,1,0,0.0,2.5,0,0,0,0,0,1,0,0.0,83,2.524589917745935,3.366781026124954,4.0426962077617645,0,166
candidate,20261035,2,0,33.0,1.0,1,0,0,0,0,0,0,0.014285714285714285,70,2.4698885955980847,3.3098012208938594,3.501731902360916,0,141
candidate,20261035,3,0,0.0,2.5,0,0,0,0,0,1,0,0.023809523809523808,84,2.43887903967074,3.2890469767153263,3.3557675778865814,0,169
candidate,20261036,0,1,-27.0,4.0,0,0,1,19,0,0,0,0.044444444444444446,45,2.544206256667773,3.3299028873443604,3.3759623765945435,0,90
candidate,20261036,1,1,-8.0,2.5,0,0,0,0,0,0,0,0.024390243902439025,41,2.5056640549403864,3.303196281194687,3.3391695469617844,0,82
candidate,20261036,2,1,-17.0,4.0,0,0,1,9,0,0,0,0.0,43,2.5949336934921354,3.734601102769375,3.803662955760956,0,86
candidate,20261036,3,1,-8.0,2.5,0,0,0,0,0,0,0,0.03389830508474576,59,2.451331875586914,3.2456405460834503,3.271905705332756,0,118
candidate,20261037,0,0,-19.0,3.0,0,0,0,0,0,0,0,0.02564102564102564,78,2.593629396496675,3.4527712501585484,4.181653261184692,0,157
candidate,20261037,1,0,-18.0,4.0,0,0,1,10,0,0,0,0.0,45,2.5375282598866358,3.3138781785964966,3.5561826080083847,0,90
candidate,20261037,2,0,35.0,1.0,1,0,0,0,0,0,0,0.03389830508474576,59,2.418829854262077,3.255064971745014,3.341875970363617,0,118
candidate,20261037,3,0,-8.0,2.5,0,0,0,0,0,0,0,0.03508771929824561,57,2.3853174949947156,2.935931086540222,3.2220371067523956,0,114
candidate,20261038,0,2,32.0,1.0,1,0,0,0,0,0,0,0.047619047619047616,21,2.593046941217922,3.38803231716156,3.518490120768547,0,42
candidate,20261038,1,2,-19.0,4.0,0,0,1,11,0,0,0,0.047619047619047616,21,2.460458271560215,3.291737288236618,3.3060312271118164,0,42
candidate,20261038,2,2,-8.0,2.5,0,0,0,0,0,0,0,0.047619047619047616,21,2.431726260554223,3.1086988747119904,3.2308902591466904,0,42
candidate,20261038,3,2,-8.0,2.5,0,0,0,0,0,0,0,0.0,21,2.4715613219000043,3.254694864153862,3.366159275174141,0,42
candidate,20261039,0,0,-8.0,2.5,0,0,0,0,0,0,0,0.05,40,2.452131872996688,2.9701664112508297,3.2795164734125137,0,80
candidate,20261039,1,0,-19.0,4.0,0,0,1,11,0,0,0,0.1,40,2.4281057063490152,3.0078312382102013,3.215741366147995,0,80
candidate,20261039,2,0,-8.0,2.5,0,0,0,0,0,0,0,0.025,40,2.4053503293544054,3.031438961625099,3.1489133834838867,0,80
candidate,20261039,3,0,32.0,1.0,1,0,0,0,0,0,0,0.0196078431372549,51,2.470617785173304,3.336990252137184,3.43380868434906,0,102
candidate,20261040,0,2,-8.0,2.5,0,0,0,0,0,0,0,0.0,49,2.661920969887656,3.722529113292694,3.9173252880573273,0,98
candidate,20261040,1,2,42.0,1.0,1,0,0,0,0,0,0,0.04878048780487805,41,2.4872489455269604,3.383992239832878,3.5856328904628754,0,82
candidate,20261040,2,2,-31.0,3.0,0,0,0,0,0,0,0,0.09523809523809523,42,2.399921195492858,3.1812537461519232,3.223162144422531,0,85
candidate,20261040,3,2,-8.0,2.5,0,0,0,0,0,0,0,0.029850746268656716,67,2.428577851448486,3.1381089240312563,4.6687498688697815,0,134
candidate,20261041,0,2,-20.0,3.0,0,0,0,0,0,0,0,0.02666666666666667,75,2.517631327112516,3.2410867512226105,5.109308287501335,0,151
candidate,20261041,1,2,-16.0,3.0,0,0,0,0,0,0,0,0.0,72,2.569066412332985,3.5064436495304108,3.7537533789873123,0,145
candidate,20261041,2,2,-16.0,4.0,0,0,1,8,0,0,0,0.05357142857142857,56,2.4729931527482614,3.0640489421784878,4.092739894986153,0,112
candidate,20261041,3,2,-8.0,2.5,0,0,0,0,0,0,0,0.017857142857142856,56,2.619134428511773,3.5370481200516224,5.2537620067596436,0,112
candidate,20261042,0,1,48.0,1.0,1,0,0,0,0,0,0,0.0,35,2.545131796172687,3.3241724595427513,3.365868702530861,0,70
candidate,20261042,1,1,-8.0,2.5,0,0,0,0,0,0,0,0.027777777777777776,36,2.5810722986029253,3.4999018535017967,5.285637453198433,0,72
candidate,20261042,2,1,-32.0,4.0,0,0,1,24,0,0,0,0.02857142857142857,35,2.5503886065312793,3.2039850950241084,6.801288574934006,0,70
candidate,20261042,3,1,-8.0,2.5,0,0,0,0,0,0,0,0.02857142857142857,35,2.4555651204926625,3.1515864655375476,4.672013223171234,0,70
candidate,20261043,0,2,57.0,1.0,1,1,0,0,0,0,0,0.041666666666666664,48,2.5493369127313295,3.312256932258606,3.8213953375816345,0,95
candidate,20261043,1,2,33.0,1.0,1,0,0,0,0,0,0,0.0,74,2.6939775845086253,4.006386268883944,4.2825136333703995,0,148
candidate,20261043,2,2,-8.0,2.5,0,0,0,0,0,0,0,0.013888888888888888,72,2.4431273858580322,3.131359163671732,3.2926946878433228,0,144
candidate,20261043,3,2,-8.0,2.5,0,0,0,0,0,0,0,0.027777777777777776,72,2.4259824874914355,3.1118147075176243,3.2628513872623444,0,144
candidate,20261044,0,1,40.0,1.0,1,0,0,0,0,0,0,0.02040816326530612,49,2.5471654549545173,3.232034295797348,3.4442562609910965,0,98
candidate,20261044,1,1,-8.0,2.5,0,0,0,0,0,0,0,0.04081632653061224,49,2.4866973030932096,3.0475005507469177,4.871543496847153,0,98
candidate,20261044,2,1,0.0,2.5,0,0,0,0,0,1,0,0.0,87,2.507845667758207,3.380543924868107,3.5686008632183075,0,174
candidate,20261044,3,1,0.0,2.5,0,0,0,0,0,1,1,0.03333333333333333,90,2.3931741300556393,2.902433928102255,3.2373499125242233,0,180
candidate,20261045,0,2,-18.0,4.0,0,0,1,10,0,0,0,0.0,52,2.641686238348484,3.5261226817965508,3.745613619685173,0,104
candidate,20261045,1,2,39.0,1.0,1,0,0,0,0,0,0,0.05084745762711865,59,2.424681969618393,2.95928455889225,3.1709279865026474,0,118
candidate,20261045,2,2,10.0,2.0,0,0,0,0,0,0,0,0.041666666666666664,72,2.3865816442088947,2.8234696947038174,2.9289517551660538,1,146
candidate,20261045,3,2,-8.0,2.5,0,0,0,0,0,0,0,0.03125,64,2.4550822272431105,3.268026001751423,3.385329619050026,0,129
candidate,20261046,0,0,-22.0,4.0,0,0,1,14,0,0,0,0.03225806451612903,62,2.5271383985396354,3.3925178460776806,3.5347063094377518,0,124
candidate,20261046,1,0,-8.0,2.5,0,0,0,0,0,0,0,0.0,47,2.5136225480348506,3.3537255600094795,3.4057721495628357,0,94
candidate,20261046,2,0,-8.0,2.5,0,0,0,0,0,0,0,0.0,56,2.5572147153850113,3.6256560124456882,3.695448860526085,0,112
candidate,20261046,3,0,32.0,1.0,1,0,0,0,0,0,0,0.0196078431372549,51,2.485977303163678,3.371836617588997,3.433000296354294,0,102
candidate,20261047,0,0,-8.0,2.5,0,0,0,0,0,0,0,0.0,54,2.6445039720446974,3.6712455563247195,4.018515348434448,0,108
candidate,20261047,1,0,33.0,1.0,1,0,0,0,0,0,0,0.06521739130434782,46,2.4104477513743485,2.830703742802143,3.2044202089309692,0,92
candidate,20261047,2,0,33.0,1.0,1,0,0,0,0,0,0,0.017543859649122806,57,2.512617134734204,3.545806184411049,3.6474354565143585,0,114
candidate,20261047,3,0,34.0,1.0,1,0,0,0,0,0,0,0.045454545454545456,44,2.7001030658456413,3.6278528161346912,4.130665212869644,0,88
candidate,20261048,0,1,-19.0,4.0,0,0,1,11,0,0,0,0.03076923076923077,65,2.511777298954817,3.130233660340309,3.3183135092258453,0,130
candidate,20261048,1,1,-8.0,2.5,0,0,0,0,0,0,0,0.03076923076923077,65,2.4466081020923762,3.168162330985069,3.7033092230558395,0,130
candidate,20261048,2,1,-19.0,3.0,0,0,0,0,0,0,0,0.016666666666666666,60,2.4690824250380197,3.2439421862363815,3.409039229154587,0,121
candidate,20261048,3,1,48.0,1.0,1,0,0,0,0,0,0,0.0,37,2.4963181868598268,3.383263945579529,3.4243017435073853,0,74
candidate,20261049,0,2,-16.0,4.0,0,0,1,8,0,0,0,0.046511627906976744,43,2.5491314225418624,3.376002609729767,3.466632217168808,0,86
candidate,20261049,1,2,-8.0,2.5,0,0,0,0,0,0,0,0.044444444444444446,45,2.4417892926269107,3.0787747353315353,3.282228484749794,0,90
candidate,20261049,2,2,-8.0,2.5,0,0,0,0,0,0,0,0.0,33,2.480543472550132,3.277577832341194,3.3042244613170624,0,66
candidate,20261049,3,2,32.0,1.0,1,0,0,0,0,0,0,0.05128205128205128,39,2.396176210962809,3.050604835152626,3.055177628993988,0,78
candidate,20261050,0,1,-8.0,2.5,0,0,0,0,0,0,0,0.0,64,2.629034162964672,3.5718808881938457,3.922443836927414,0,128
candidate,20261050,1,1,-8.0,2.5,0,0,0,0,0,0,0,0.0,64,2.5445304927416146,3.4004654735326763,3.782849758863449,0,128
candidate,20261050,2,1,33.0,1.0,1,0,0,0,0,0,0,0.03125,64,2.4267522094305605,3.0601334758102894,3.2955333590507507,0,128
candidate,20261050,3,1,32.0,1.0,1,0,0,0,0,0,0,0.013513513513513514,74,2.524863349626193,3.481825254857539,4.012338817119598,0,148
candidate,20261051,0,3,35.0,1.0,1,0,0,0,0,0,0,0.016129032258064516,62,2.5303587017040097,3.141465224325657,3.3404380083084106,0,124
candidate,20261051,1,3,-19.0,4.0,0,0,1,11,0,0,0,0.03225806451612903,62,2.4964544741857435,3.2726003788411617,4.307018592953682,0,124
candidate,20261051,2,3,-17.0,3.0,0,0,0,0,0,0,0,0.0,51,2.504978146330983,3.3490676432847977,3.401750698685646,0,103
candidate,20261051,3,3,126.0,1.0,1,1,0,0,0,0,0,0.04477611940298507,67,2.41445249585963,3.3513564616441727,3.591734915971756,0,133
candidate,20261052,0,1,63.0,1.0,1,1,0,0,0,0,0,0.05263157894736842,38,2.5290379202679585,3.3483894541859627,3.411397337913513,0,75
candidate,20261052,1,1,-8.0,2.5,0,0,0,0,0,0,0,0.021739130434782608,46,2.560720981463142,3.535753581672907,3.6382805556058884,0,92
candidate,20261052,2,1,39.0,1.0,1,0,0,0,0,0,0,0.043478260869565216,46,2.4125460616272427,3.0510020442306995,3.35749052464962,0,92
candidate,20261052,3,1,-8.0,2.5,0,0,0,0,0,0,0,0.045454545454545456,44,2.4583036587996916,3.2324711792171,3.3828727900981903,0,88
candidate,20261053,0,0,-17.0,4.0,0,0,1,9,0,0,0,0.037037037037037035,27,2.5633511443932853,3.3703891560435295,3.3918358385562897,0,55
candidate,20261053,1,0,-8.0,2.5,0,0,0,0,0,0,0,0.0,31,2.5154314334354093,3.331432119011879,3.549588844180107,0,63
candidate,20261053,2,0,33.0,1.0,1,0,0,0,0,0,0,0.0967741935483871,31,2.408578871719299,3.147727809846401,3.162318840622902,0,63
candidate,20261053,3,0,-8.0,2.5,0,0,0,0,0,0,0,0.03125,32,2.4798015947453678,3.193212114274502,3.224838525056839,0,63
candidate,20261054,0,3,-19.0,4.0,0,0,1,11,0,0,0,0.05,40,2.5629110168665648,3.382302448153496,3.4935399889945984,0,80
candidate,20261054,1,3,-8.0,2.5,0,0,0,0,0,0,0,0.05,40,2.4143004789948463,2.9382606968283653,3.241652622818947,0,80
candidate,20261054,2,3,35.0,1.0,1,0,0,0,0,0,0,0.0,40,2.5272720493376255,3.5604297183454037,3.748958930373192,0,80
candidate,20261054,3,3,-8.0,2.5,0,0,0,0,0,0,0,0.058823529411764705,34,2.4607866892919823,3.3166597597301006,3.350038081407547,0,68
candidate,20261055,0,3,33.0,1.0,1,0,0,0,0,0,0,0.028985507246376812,69,2.507796538048896,3.361855074763298,3.390960395336151,0,138
candidate,20261055,1,3,-21.0,3.0,0,0,0,0,0,0,0,0.0,59,2.5865862430152244,3.6329511553049088,3.666101023554802,0,119
candidate,20261055,2,3,-21.0,3.0,0,0,0,0,0,0,0,0.031746031746031744,63,2.4479514963570095,3.111840784549713,3.2850857824087143,0,127
candidate,20261055,3,3,56.0,1.0,1,0,0,0,0,0,0,0.0,86,2.497977663784526,3.3060796558856964,3.540879115462303,0,172
candidate,20261056,0,1,-8.0,2.5,0,0,0,0,0,0,0,0.02,50,2.537083849310875,3.1993760727345943,3.3206362277269363,0,100
candidate,20261056,1,1,35.0,1.0,1,0,0,0,0,0,0,0.021739130434782608,46,2.466996038413566,3.268227446824312,3.3592302352190018,0,92
candidate,20261056,2,1,-28.0,3.0,0,0,0,0,0,0,0,0.018867924528301886,53,2.422630119155038,3.0597489327192307,3.1025130301713943,0,107
candidate,20261056,3,1,54.0,1.0,1,1,0,0,0,0,0,0.04,50,2.4308909475803375,3.08716194704175,3.3179279416799545,0,99
candidate,20261057,0,3,-16.0,3.0,0,0,0,0,0,0,0,0.03636363636363636,55,2.5202168998393146,3.3534446731209755,3.5729166120290756,0,111
candidate,20261057,1,3,-16.0,3.0,0,0,0,0,0,0,0,0.03508771929824561,57,2.4705495554627035,3.024337813258171,3.36514413356781,0,115
candidate,20261057,2,3,48.0,1.0,1,1,0,0,0,0,0,0.034482758620689655,58,2.3977692913392494,3.0554588884115215,3.282953053712845,0,115
candidate,20261057,3,3,37.0,1.0,1,0,0,0,0,0,0,0.03571428571428571,56,2.413162762033088,2.994994167238474,3.2101385295391083,0,112
candidate,20261058,0,2,34.0,1.0,1,0,0,0,0,0,0,0.02564102564102564,39,2.655099408748822,3.6362603306770325,4.393471404910088,0,78
candidate,20261058,1,2,-8.0,2.5,0,0,0,0,0,0,0,0.02127659574468085,47,2.556836668481218,3.4567888826131816,3.6742445081472397,0,94
candidate,20261058,2,2,-16.0,4.0,0,0,1,8,0,0,0,0.0,67,2.5168251135011217,3.395605832338333,3.4890491515398026,0,134
candidate,20261058,3,2,32.0,1.0,1,0,0,0,0,0,0,0.05,40,2.468407154083252,3.318470995873213,3.423895686864853,0,80
candidate,20261059,0,1,35.0,1.0,1,0,0,0,0,0,0,0.06060606060606061,33,2.5256490617087395,3.3268891274929047,3.3492743968963623,0,66
candidate,20261059,1,1,40.0,1.0,1,0,0,0,0,0,0,0.0,44,2.6310618374158037,3.950131870806217,4.003409296274185,0,88
candidate,20261059,2,1,-8.0,2.5,0,0,0,0,0,0,0,0.019230769230769232,52,2.478782517405657,3.1887879595160484,3.4978725016117096,0,104
candidate,20261059,3,1,-23.0,3.0,0,0,0,0,0,0,0,0.11764705882352941,34,2.3851874558364643,3.0085761100053783,3.241179510951042,0,69
candidate,20261060,0,1,-8.0,2.5,0,0,0,0,0,0,0,0.0,48,2.630300587043166,3.3986350521445274,3.4815706312656403,0,96
candidate,20261060,1,1,34.0,1.0,1,0,0,0,0,0,0,0.016666666666666666,60,2.5518028686443963,3.4390219487249847,3.5552382469177246,0,120
candidate,20261060,2,1,-18.0,3.0,0,0,0,0,0,0,0,0.0,75,2.511631647745768,3.4293299540877342,3.6381930112838745,0,151
candidate,20261060,3,1,-8.0,2.5,0,0,0,0,0,0,0,0.0,63,2.506586264759775,3.464999422430992,3.5060159862041473,0,126
candidate,20261061,0,3,42.0,1.0,1,0,0,0,0,0,0,0.017857142857142856,56,2.5354920819933926,3.373890183866024,3.4588035196065903,0,112
candidate,20261061,1,3,-8.0,2.5,0,0,0,0,0,0,0,0.03125,64,2.4197645543608814,2.9195597395300865,3.1525101512670517,0,128
candidate,20261061,2,3,-8.0,2.5,0,0,0,0,0,0,0,0.04081632653061224,49,2.433141427380698,3.1956478953361493,3.3493172377347946,0,98
candidate,20261061,3,3,-8.0,2.5,0,0,0,0,0,0,0,0.0,55,2.592329443855719,3.6926208063960075,3.8808155804872513,0,110
candidate,20261062,0,1,-21.0,3.0,0,0,0,0,0,0,0,0.02631578947368421,76,2.524819323106816,3.150280099362135,3.27233225107193,0,153
candidate,20261062,1,1,-21.0,3.0,0,0,0,0,0,0,0,0.02,50,2.461196854710579,3.1210246495902534,3.276469185948372,0,101
candidate,20261062,2,1,-19.0,3.0,0,0,0,0,0,0,0,0.0,46,2.5251800923243812,3.4268656745553017,3.4699849784374237,0,93
candidate,20261062,3,1,-19.0,3.0,0,0,0,0,0,0,0,0.022727272727272728,44,2.4935826235874132,3.2761615701019764,3.405725583434105,0,89
candidate,20261063,0,0,-8.0,2.5,0,0,0,0,0,0,0,0.0,34,2.538028994903845,3.330580238252878,3.409566357731819,0,68
candidate,20261063,1,0,33.0,1.0,1,0,0,0,0,0,0,0.08823529411764706,34,2.442934221642859,3.2157118432223797,3.2420046627521515,0,68
candidate,20261063,2,0,-17.0,4.0,0,0,1,9,0,0,0,0.0,34,2.5319210527574314,3.3733188174664974,3.494877368211746,0,68
candidate,20261063,3,0,-8.0,2.5,0,0,0,0,0,0,0,0.029411764705882353,34,2.4983126341420063,3.3861414529383183,3.42550128698349,0,68
candidate,20261064,0,3,34.0,1.0,1,0,0,0,0,0,0,0.019230769230769232,52,2.538740921479005,3.398004919290542,3.5457201302051544,0,104
candidate,20261064,1,3,-17.0,3.0,0,0,0,0,0,0,0,0.046875,64,2.4193169665522873,2.91164917871356,3.187224268913269,0,129
candidate,20261064,2,3,-16.0,3.0,0,0,0,0,0,0,0,0.0136986301369863,73,2.4366378784179688,3.097854182124138,3.2377485185861588,0,147
candidate,20261064,3,3,-18.0,3.0,0,0,0,0,0,0,0,0.0,51,2.55975905148422,3.609132021665573,4.347428679466248,0,103
candidate,20261065,0,1,-8.0,2.5,0,0,0,0,0,0,0,0.0,47,2.6212998844207602,3.496997430920601,3.540078178048134,0,94
candidate,20261065,1,1,32.0,1.0,1,0,0,0,0,0,0,0.02127659574468085,47,2.504351093096936,3.232760727405548,3.5670194774866104,0,94
candidate,20261065,2,1,-16.0,4.0,0,0,1,8,0,0,0,0.0,18,2.619420074754291,3.5366954281926137,4.4592637568712234,0,36
candidate,20261065,3,1,-8.0,2.5,0,0,0,0,0,0,0,0.0425531914893617,47,2.444486708400097,3.109237179160118,3.263171762228012,0,94
candidate,20261066,0,1,-28.0,4.0,0,0,1,20,0,0,0,0.06060606060606061,33,2.488741312514652,3.0513349920511246,3.3480916172266006,0,66
candidate,20261066,1,1,44.0,1.0,1,0,0,0,0,0,0,0.030303030303030304,33,2.5749557623357484,3.518936038017273,3.564879298210144,0,66
candidate,20261066,2,1,-8.0,2.5,0,0,0,0,0,0,0,0.06060606060606061,33,2.4266657278393255,3.3075284212827682,3.3255964517593384,0,66
candidate,20261066,3,1,-8.0,2.5,0,0,0,0,0,0,0,0.030303030303030304,33,2.4466739233696098,3.3526461571455,3.439381718635559,0,66
candidate,20261067,0,2,-8.0,2.5,0,0,0,0,0,0,0,0.05454545454545454,55,2.4571276185187427,2.9235536232590675,3.7404894828796387,0,110
candidate,20261067,1,2,-27.0,4.0,0,0,1,19,0,0,0,0.05263157894736842,57,2.4894060272919503,3.2907810062170024,3.3784694969654083,0,114
candidate,20261067,2,2,-8.0,2.5,0,0,0,0,0,0,0,0.03636363636363636,55,2.4706506593660875,3.231710009276867,4.0784962475299835,0,110
candidate,20261067,3,2,33.0,1.0,1,0,0,0,0,0,0,0.01818181818181818,55,2.4976884099570187,3.440566547214985,3.6526452749967575,0,110
candidate,20261068,0,2,-22.0,4.0,0,0,1,14,0,0,0,0.037037037037037035,27,2.6449107185558036,3.3628998324275017,4.913771525025368,0,54
candidate,20261068,1,2,-8.0,2.5,0,0,0,0,0,0,0,0.08695652173913043,23,2.4021370741336243,2.93173398822546,3.2307449728250504,0,46
candidate,20261068,2,2,33.0,1.0,1,0,0,0,0,0,0,0.045454545454545456,44,2.427630465139042,2.9769734479486942,4.089111462235451,0,88
candidate,20261068,3,2,-8.0,2.5,0,0,0,0,0,0,0,0.0,23,2.5957060734862867,3.408968821167946,3.7346985191106796,0,46
candidate,20261069,0,1,-19.0,4.0,0,0,1,11,0,0,0,0.028169014084507043,71,2.4610610127868786,2.939518541097641,3.239136189222336,0,142
candidate,20261069,1,1,-8.0,2.5,0,0,0,0,0,0,0,0.014084507042253521,71,2.5880652624116816,3.6292998120188713,3.673076629638672,0,142
candidate,20261069,2,1,-8.0,2.5,0,0,0,0,0,0,0,0.03225806451612903,62,2.470648006325768,3.290910553187132,3.81583534181118,0,124
candidate,20261069,3,1,-19.0,3.0,0,0,0,0,0,0,0,0.04,50,2.4275076016783714,3.1733637675642967,3.2346341758966446,0,101
candidate,20261070,0,3,-89.0,3.0,0,0,0,0,0,0,0,0.0,69,2.6007306532583376,3.4546554088592525,4.450883716344833,0,139
candidate,20261070,1,3,-26.0,3.0,0,0,0,0,0,0,0,0.029411764705882353,68,2.4837906034115482,3.1704917550086975,3.2824520021677017,0,137
candidate,20261070,2,3,36.0,1.0,1,0,0,0,0,0,0,0.023529411764705882,85,2.4168175590388916,3.001626208424568,3.2897386699914932,0,170
candidate,20261070,3,3,99.0,1.0,1,1,0,0,0,0,0,0.0,48,2.4816232811038694,3.2850067131221294,3.3365022391080856,0,95
candidate,20261071,0,3,-8.0,2.5,0,0,0,0,0,0,0,0.023255813953488372,43,2.6126973937417186,3.666054457426071,3.9180442690849304,0,86
candidate,20261071,1,3,-16.0,3.0,0,0,0,0,0,0,0,0.06153846153846154,65,2.420920592087966,2.928633615374565,3.2382123172283173,0,131
candidate,20261071,2,3,41.0,1.0,1,0,0,0,0,0,0,0.018867924528301886,53,2.481896535686727,3.2620057463645935,3.3788327127695084,0,106
candidate,20261071,3,3,-16.0,3.0,0,0,0,0,0,0,0,0.047619047619047616,42,2.4322194623805227,3.0443535186350346,3.2708924263715744,0,85
candidate,20261072,0,0,10.0,2.0,0,0,0,0,0,0,0,0.017241379310344827,58,2.536583948751976,3.3264213241636753,3.4126583486795425,1,117
candidate,20261072,1,0,-8.0,2.5,0,0,0,0,0,0,0,0.022222222222222223,45,2.4860514120923147,3.126542642712593,3.4955069422721863,0,90
candidate,20261072,2,0,53.0,1.0,1,0,0,0,0,0,0,0.017543859649122806,57,2.471239224337695,3.1899433583021164,3.410862758755684,0,114
candidate,20261072,3,0,33.0,1.0,1,0,0,0,0,0,0,0.03278688524590164,61,2.4081801720818534,3.1734947115182877,3.2661594450473785,0,122
candidate,20261073,0,1,-21.0,3.0,0,0,0,0,0,0,0,0.0,18,2.5646426818437047,3.2876557670533657,3.289373591542244,0,37
candidate,20261073,1,1,-21.0,3.0,0,0,0,0,0,0,0,0.0,18,2.5345529947015972,3.2863400876522064,3.287220373749733,0,37
candidate,20261073,2,1,63.0,1.0,1,1,0,0,0,0,0,0.0,19,2.508751655879774,3.567427210509777,3.5995617508888245,0,37
candidate,20261073,3,1,-21.0,3.0,0,0,0,0,0,0,0,0.0,18,2.461851781441106,3.28857135027647,3.3054836094379425,0,37
candidate,20261074,0,1,-8.0,2.5,0,0,0,0,0,0,0,0.0,56,2.697200215022479,3.684855531901121,3.7502124905586243,0,112
candidate,20261074,1,1,-16.0,4.0,0,0,1,8,0,0,0,0.017857142857142856,56,2.513788806806718,3.242890816181898,3.2502803951501846,0,112
candidate,20261074,2,1,-8.0,2.5,0,0,0,0,0,0,0,0.03571428571428571,56,2.4294222239404917,3.1489753164350986,3.2860785722732544,0,112
candidate,20261074,3,1,32.0,1.0,1,0,0,0,0,0,0,0.018518518518518517,54,2.528784520648144,3.6718659102916713,3.9574671536684036,0,108
candidate,20261075,0,0,-8.0,2.5,0,0,0,0,0,0,0,0.023809523809523808,42,2.5107163847202347,3.2555390149354935,3.2913368195295334,0,84
candidate,20261075,1,0,32.0,1.0,1,0,0,0,0,0,0,0.047619047619047616,42,2.4650260539991513,3.2035211101174355,3.2567810267210007,0,84
candidate,20261075,2,0,-8.0,2.5,0,0,0,0,0,0,0,0.0,42,2.5372572154516266,3.5288967192173004,3.556862473487854,0,84
candidate,20261075,3,0,-8.0,2.5,0,0,0,0,0,0,0,0.0,41,2.481488510966301,3.3558737486600876,3.3966153860092163,0,82
candidate,20261076,0,3,-20.0,3.0,0,0,0,0,0,0,0,0.01694915254237288,59,2.545050108584307,3.3051591366529465,3.3592674881219864,0,119
candidate,20261076,1,3,-8.0,2.5,0,0,0,0,0,0,0,0.0,44,2.630852035839449,3.705043625086546,3.749452531337738,0,88
candidate,20261076,2,3,-8.0,2.5,0,0,0,0,0,0,0,0.022727272727272728,44,2.5130741467530076,3.2617902383208275,4.101395606994629,0,88
candidate,20261076,3,3,-20.0,3.0,0,0,0,0,0,0,0,0.0,40,2.563375700265169,3.534337878227234,3.62403504550457,0,81
candidate,20261077,0,0,-8.0,2.5,0,0,0,0,0,0,0,0.0,84,2.5653127536532425,3.2929304987192154,3.34777869284153,0,168
candidate,20261077,1,0,-8.0,2.5,0,0,0,0,0,0,0,0.05172413793103448,58,2.3627368219453713,2.770978305488825,3.1433477997779846,0,116
candidate,20261077,2,0,-8.0,2.5,0,0,0,0,0,0,0,0.017857142857142856,56,2.531724516302347,3.175627440214157,4.327176138758659,0,112
candidate,20261077,3,0,-17.0,4.0,0,0,1,9,0,0,0,0.0,40,2.5752816814929247,3.5405000671744347,3.8268622010946274,0,81
candidate,20261078,0,3,-8.0,2.5,0,0,0,0,0,0,0,0.021739130434782608,46,2.442376202215319,2.9343445785343647,3.2103508710861206,0,92
candidate,20261078,1,3,-30.0,4.0,0,0,1,22,0,0,0,0.06521739130434782,46,2.4292487651109695,3.112953156232834,3.1821485608816147,0,92
candidate,20261078,2,3,46.0,1.0,1,0,0,0,0,0,0,0.043478260869565216,46,2.5077619711342067,3.1445701606571674,5.440035834908485,0,92
candidate,20261078,3,3,-8.0,2.5,0,0,0,0,0,0,0,0.06521739130434782,46,2.4831469130256902,3.236886113882065,6.00033812224865,0,92
candidate,20261079,0,2,-22.0,3.0,0,0,0,0,0,0,0,0.03125,32,2.494399785064161,3.1066893599927425,3.276487812399864,0,65
candidate,20261079,1,2,66.0,1.0,1,1,0,0,0,0,0,0.0,33,2.529405283205437,3.506244719028473,3.5947635769844055,0,65
candidate,20261079,2,2,-22.0,3.0,0,0,0,0,0,0,0,0.03125,32,2.4634822621010244,3.303123451769352,3.3405479043722153,0,65
candidate,20261079,3,2,-22.0,3.0,0,0,0,0,0,0,0,0.03125,32,2.4124152841977775,3.25572257861495,3.317473456263542,0,65
candidate,20261080,0,2,44.0,1.0,1,0,0,0,0,0,0,0.03125,32,2.5849654339253902,3.4248466603457928,3.4695733338594437,0,64
candidate,20261080,1,2,-16.0,4.0,0,0,1,8,0,0,0,0.05263157894736842,57,2.5312817541130803,3.037291392683982,5.962599068880081,0,114
candidate,20261080,2,2,0.0,2.5,0,0,0,0,0,1,1,0.03529411764705882,85,2.454571469741709,3.009186312556267,5.408903583884239,0,170
candidate,20261080,3,2,-18.0,4.0,0,0,1,10,0,0,0,0.0,62,2.599833503125175,3.4483509138226505,6.390336900949478,0,124
candidate,20261081,0,2,-8.0,2.5,0,0,0,0,0,0,0,0.0,47,2.5768653350941677,3.377467207610607,5.060013383626938,0,95
candidate,20261081,1,2,-21.0,3.0,0,0,0,0,0,0,0,0.02857142857142857,70,2.450080854552133,3.0796925537288184,3.675609827041626,0,140
candidate,20261081,2,2,-8.0,2.5,0,0,0,0,0,0,0,0.022222222222222223,45,2.4989079270097942,3.219197690486908,5.965856835246086,0,91
candidate,20261081,3,2,60.0,1.0,1,1,0,0,0,0,0,0.0,52,2.603543958125206,3.863473422825336,4.004301503300667,0,104
candidate,20261082,0,0,-28.0,3.0,0,0,0,0,0,0,0,0.024390243902439025,41,2.552671357989311,3.3052004873752594,3.31672839820385,0,83
candidate,20261082,1,0,45.0,1.0,1,0,0,0,0,0,0,0.0,49,2.7113643151764966,4.024192690849304,5.440831184387207,0,98
candidate,20261082,2,0,-28.0,3.0,0,0,0,0,0,0,0,0.0,41,2.5294439003961844,3.3215489238500595,3.53090837597847,0,83
candidate,20261082,3,0,-8.0,2.5,0,0,0,0,0,0,0,0.02040816326530612,49,2.4506997088996734,3.2306443899869914,3.301728516817093,0,98
candidate,20261083,0,3,-33.0,3.0,0,0,0,0,0,0,0,0.0,58,2.651632217497661,3.661348670721054,5.308924242854118,0,117
candidate,20261083,1,3,-33.0,3.0,0,0,0,0,0,0,0,0.0,58,2.6839594517288536,3.900722786784172,4.506591707468033,0,117
candidate,20261083,2,3,99.0,1.0,1,1,0,0,0,0,0,0.0,59,2.539924330125421,3.308352269232273,6.637156009674072,0,117
candidate,20261083,3,3,-33.0,3.0,0,0,0,0,0,0,0,0.017241379310344827,58,2.482932349988099,3.1192734837532043,5.386041477322578,0,117
candidate,20261084,0,2,-30.0,4.0,0,0,0,0,0,0,0,0.04838709677419355,62,2.4839381897641766,3.239702992141247,3.3301394432783127,1,123
candidate,20261084,1,2,39.0,1.0,1,0,0,0,0,0,0,0.08333333333333333,60,2.4366540213425956,3.1752034090459347,5.716904997825623,0,120
candidate,20261084,2,2,32.0,1.0,1,0,0,0,0,0,0,0.0,48,2.637421013787389,3.7556601688265796,5.959011614322662,0,96
candidate,20261084,3,2,54.0,1.0,1,1,0,0,0,0,0,0.0,42,2.5823432508678663,3.4327994100749493,3.9730723947286606,0,83
candidate,20261085,0,2,60.0,1.0,1,1,0,0,0,0,0,0.0,44,2.6276656849817797,3.487689234316349,5.123162642121315,0,87
candidate,20261085,1,2,-20.0,3.0,0,0,0,0,0,0,0,0.0,43,2.4744639129832735,3.2545577734708786,3.371691331267357,0,87
candidate,20261085,2,2,-20.0,3.0,0,0,0,0,0,0,0,0.06976744186046512,43,2.3853193621995836,3.119390085339546,3.177192062139511,0,87
candidate,20261085,3,2,-20.0,3.0,0,0,0,0,0,0,0,0.0,44,2.552489750087261,3.379148803651333,3.6318153142929077,0,89
candidate,20261086,0,0,43.0,1.0,1,0,0,0,0,0,0,0.02564102564102564,39,2.5048423558473587,2.856633067131043,5.773380398750305,0,78
candidate,20261086,1,0,-8.0,2.5,0,0,0,0,0,0,0,0.023255813953488372,43,2.5337201997984287,3.514816053211689,3.989188000559807,0,86
candidate,20261086,2,0,-27.0,4.0,0,0,1,19,0,0,0,0.02564102564102564,39,2.504562481473654,3.1239043921232224,5.6855399161577225,0,78
candidate,20261086,3,0,-8.0,2.5,0,0,0,0,0,0,0,0.02564102564102564,39,2.422750187225831,3.035124018788338,3.221595659852028,0,78
candidate,20261087,0,3,-8.0,2.5,0,0,0,0,0,0,0,0.07142857142857142,42,2.518720082229092,3.0219214968383312,5.525140091776848,0,84
candidate,20261087,1,3,-26.0,3.0,0,0,0,0,0,0,0,0.0,54,2.644859702774772,3.7295424379408355,5.282144993543625,0,109
candidate,20261087,2,3,78.0,1.0,1,1,0,0,0,0,0,0.0,55,2.504319291223179,3.454073518514633,3.5246871411800385,0,109
candidate,20261087,3,3,-26.0,3.0,0,0,0,0,0,0,0,0.0,54,2.4970343543423548,3.335209935903549,3.4615248441696167,0,109
candidate,20261088,0,1,-19.0,4.0,0,0,1,11,0,0,0,0.05555555555555555,36,2.7942034519380994,4.266338422894478,4.370354115962982,0,72
candidate,20261088,1,1,-8.0,2.5,0,0,0,0,0,0,0,0.0,34,2.604086116394576,3.5376687534153457,3.8862135261297226,0,68
candidate,20261088,2,1,-31.0,3.0,0,0,0,0,0,0,0,0.0,47,2.5658419633165317,3.560757637023926,4.115598276257515,0,95
candidate,20261088,3,1,93.0,1.0,1,1,0,0,0,0,0,0.0,51,2.533854295810064,3.6696726456284523,4.0938761085271835,0,101
candidate,20261089,0,1,-17.0,4.0,0,0,1,9,0,0,0,0.02,50,2.561064511537552,3.349053766578436,3.505142405629158,0,100
candidate,20261089,1,1,-8.0,2.5,0,0,0,0,0,0,0,0.03773584905660377,53,2.415831780658578,2.9537122696638107,3.2802242785692215,0,106
candidate,20261089,2,1,33.0,1.0,1,0,0,0,0,0,0,0.057692307692307696,52,2.4236531641620855,3.253743704408407,3.5789255052804947,0,104
candidate,20261089,3,1,-8.0,2.5,0,0,0,0,0,0,0,0.0,51,2.5020279720717786,3.3254073932766914,3.377821296453476,0,102
candidate,20261090,0,3,51.0,1.0,1,1,0,0,0,0,0,0.047619047619047616,21,2.635073537627856,3.377160057425499,4.733365029096603,0,41
candidate,20261090,1,3,-17.0,3.0,0,0,0,0,0,0,0,0.0,20,2.497846819460392,3.28405499458313,3.3040717244148254,0,41
candidate,20261090,2,3,-17.0,3.0,0,0,0,0,0,0,0,0.0,20,2.5580624118447304,3.6615774035453796,3.9206836372613907,0,41
candidate,20261090,3,3,-17.0,3.0,0,0,0,0,0,0,0,0.0,20,2.4793303571641445,3.278982453048229,3.304721787571907,0,41
candidate,20261091,0,1,-26.0,3.0,0,0,0,0,0,0,0,0.03278688524590164,61,2.445882766461763,3.193732351064682,3.2453760504722595,0,123
candidate,20261091,1,1,-26.0,3.0,0,0,0,0,0,0,0,0.06557377049180328,61,2.4728939914312518,3.1184665858745575,3.6298632621765137,0,123
candidate,20261091,2,1,75.0,1.0,1,1,0,0,0,0,0,0.0273972602739726,73,2.4119284106035757,3.2088831067085266,3.28073650598526,0,145
candidate,20261091,3,1,38.0,1.0,1,0,0,0,0,0,0,0.0784313725490196,51,2.4428858111302056,3.298858180642128,4.530550912022591,0,102
candidate,20261092,0,3,34.0,1.0,1,0,0,0,0,0,0,0.024390243902439025,41,2.5675951435071664,3.3545996993780136,3.437766805291176,0,82
candidate,20261092,1,3,-8.0,2.5,0,0,0,0,0,0,0,0.0,45,2.5441118826468787,3.5675428807735443,3.6873240023851395,0,90
candidate,20261092,2,3,-17.0,4.0,0,0,1,9,0,0,0,0.044444444444444446,45,2.4356961250305176,3.28630730509758,3.311270847916603,0,90
candidate,20261092,3,3,-8.0,2.5,0,0,0,0,0,0,0,0.06666666666666667,45,2.3808581133683524,2.974926307797432,3.442414104938507,0,90
candidate,20261093,0,1,-16.0,4.0,0,0,1,8,0,0,0,0.037037037037037035,27,2.4531804439094334,2.8410719707608223,3.319650888442993,0,54
candidate,20261093,1,1,-16.0,3.0,0,0,0,0,0,0,0,0.0,26,2.536074115106693,3.3616223372519016,3.401525318622589,0,53
candidate,20261093,2,1,-16.0,3.0,0,0,0,0,0,0,0,0.038461538461538464,26,2.5282295134205084,3.409719094634056,3.434581682085991,0,53
candidate,20261093,3,1,48.0,1.0,1,1,0,0,0,0,0,0.037037037037037035,27,2.4803678884550378,3.359130769968033,4.693131893873215,0,53
candidate,20261094,0,1,-8.0,2.5,0,0,0,0,0,0,0,0.025,40,2.510741911828518,3.282392304390669,3.3944211900234222,0,80
candidate,20261094,1,1,48.0,1.0,1,1,0,0,0,0,0,0.02,50,2.4975865334272385,3.300541266798973,3.5187173634767532,0,99
candidate,20261094,2,1,-8.0,2.5,0,0,0,0,0,0,0,0.0,40,2.493558544665575,3.263899777084589,3.2836515456438065,0,80
candidate,20261094,3,1,-16.0,3.0,0,0,0,0,0,0,0,0.0,49,2.49691402577624,3.3043991774320602,3.625856712460518,0,99
candidate,20261095,0,0,54.0,1.0,1,1,0,0,0,0,0,0.017543859649122806,57,2.506316100296221,3.183560073375702,3.2433047890663147,0,113
candidate,20261095,1,0,57.0,1.0,1,1,0,0,0,0,0,0.06451612903225806,62,2.406012597343614,3.014469612389803,3.0588917434215546,0,123
candidate,20261095,2,0,-19.0,3.0,0,0,0,0,0,0,0,0.03278688524590164,61,2.449928767612723,3.2321177423000336,3.2565612345933914,0,123
candidate,20261095,3,0,-19.0,3.0,0,0,0,0,0,0,0,0.0,61,2.674322392119736,3.9401985704898834,5.105180665850639,0,123
candidate,20261096,0,0,-8.0,2.5,0,0,0,0,0,0,0,0.041666666666666664,48,2.5047378536934652,3.2863440923392773,3.4938640892505646,0,96
candidate,20261096,1,0,38.0,1.0,1,0,0,0,0,0,0,0.0625,48,2.363090015326937,2.9083816334605217,3.00554558634758,0,96
candidate,20261096,2,0,-8.0,2.5,0,0,0,0,0,0,0,0.013513513513513514,74,2.4698073598178656,3.2484828494489193,4.27829846739769,0,148
candidate,20261096,3,0,-22.0,4.0,0,0,1,14,0,0,0,0.020833333333333332,48,2.491910786678394,3.3377273939549923,3.6468058824539185,0,96
candidate,20261097,0,1,-17.0,4.0,0,0,1,9,0,0,0,0.07142857142857142,28,2.4926017836800645,3.236755635589361,4.071490839123726,0,56
candidate,20261097,1,1,-8.0,2.5,0,0,0,0,0,0,0,0.07407407407407407,27,2.43450328707695,3.108174540102482,3.2084230333566666,0,54
candidate,20261097,2,1,38.0,1.0,1,0,0,0,0,0,0,0.041666666666666664,24,2.4901797684530416,3.2926567830145355,3.33530455827713,0,48
candidate,20261097,3,1,-17.0,4.0,0,0,1,9,0,0,0,0.037037037037037035,27,2.438011199787811,3.167083114385605,3.225112333893776,0,54
candidate,20261098,0,3,-8.0,2.5,0,0,0,0,0,0,0,0.024390243902439025,82,2.534684225371698,3.303689416497946,5.086498335003853,0,164
candidate,20261098,1,3,0.0,2.5,0,0,0,0,0,1,0,0.023255813953488372,86,2.438113938064076,3.077334724366665,3.2977405935525894,0,172
candidate,20261098,2,3,102.0,1.0,1,1,0,0,0,0,0,0.0,55,2.5056281211701306,3.4252366051077843,3.514600917696953,0,109
candidate,20261098,3,3,-8.0,2.5,0,0,0,0,0,0,0,0.02531645569620253,79,2.4316171066293233,3.2165849581360817,4.5975372195243835,0,158
candidate,20261099,0,2,-26.0,3.0,0,0,0,0,0,0,0,0.0,55,2.6075064458630304,3.537018969655037,3.779524937272072,0,111
candidate,20261099,1,2,78.0,1.0,1,1,0,0,0,0,0,0.017857142857142856,56,2.533305502895798,3.5763713531196117,4.01727482676506,0,111
candidate,20261099,2,2,-8.0,2.5,0,0,0,0,0,0,0,0.015151515151515152,66,2.501144243234938,3.2311277464032173,4.554294049739838,0,132
candidate,20261099,3,2,34.0,1.0,1,0,0,0,0,0,0,0.058823529411764705,51,2.4015714286589156,3.090944141149521,3.2088644802570343,0,102
candidate,20261100,0,1,10.0,2.0,0,0,0,0,0,0,0,0.022727272727272728,44,2.601142083718018,3.4981009550392628,3.5426653921604156,1,89
candidate,20261100,1,1,-28.0,4.0,0,0,1,20,0,0,0,0.05555555555555555,36,2.670059653206004,3.764024470001459,4.072999581694603,0,72
candidate,20261100,2,1,-8.0,2.5,0,0,0,0,0,0,0,0.05555555555555555,36,2.483198419213295,3.2891849987208843,4.071192815899849,0,72
candidate,20261100,3,1,-8.0,2.5,0,0,0,0,0,0,0,0.027777777777777776,36,2.4306405749585895,3.067820332944393,3.1260084360837936,0,72
candidate,20261101,0,2,-8.0,2.5,0,0,0,0,0,0,0,0.021739130434782608,46,2.579692872646062,3.482591360807419,4.526160657405853,0,92
candidate,20261101,1,2,-8.0,2.5,0,0,0,0,0,0,0,0.021739130434782608,46,2.5704271848434987,3.3402550034224987,3.37035208940506,0,92
candidate,20261101,2,2,34.0,1.0,1,0,0,0,0,0,0,0.043478260869565216,46,2.4557585382591123,3.2673520036041737,3.381159156560898,0,92
candidate,20261101,3,2,-18.0,4.0,0,0,1,10,0,0,0,0.0,46,2.5623322909940844,3.67665383964777,3.710620105266571,0,92
candidate,20261102,0,2,-8.0,2.5,0,0,0,0,0,0,0,0.02857142857142857,70,2.6335797405668666,3.68836997076869,4.334144294261932,0,140
candidate,20261102,1,2,38.0,1.0,1,0,0,0,0,0,0,0.039473684210526314,76,2.4596837006117167,2.9817665927112103,3.5982560366392136,0,152
candidate,20261102,2,2,-8.0,2.5,0,0,0,0,0,0,0,0.028985507246376812,69,2.4718096938686096,3.221554309129715,3.4898146986961365,0,138
candidate,20261102,3,2,-8.0,2.5,0,0,0,0,0,0,0,0.03636363636363636,55,2.4943288415670395,3.479190543293953,3.5323183983564377,0,110
candidate,20261103,0,1,-18.0,4.0,0,0,1,10,0,0,0,0.028169014084507043,71,2.6314633465568784,3.316303715109825,6.04112446308136,0,142
candidate,20261103,1,1,-8.0,2.5,0,0,0,0,0,0,0,0.014925373134328358,67,2.489166918085582,3.216947801411151,4.204249009490013,0,134
candidate,20261103,2,1,-8.0,2.5,0,0,0,0,0,0,0,0.030303030303030304,66,2.5622948834841903,3.2043461687862873,6.8249814212322235,0,132
candidate,20261103,3,1,34.0,1.0,1,0,0,0,0,0,0,0.029850746268656716,67,2.4823747130472267,3.2082272693514824,3.351949155330658,0,134
candidate,20261104,0,1,-8.0,2.5,0,0,0,0,0,0,0,0.043478260869565216,46,2.5754748722133427,3.361630719155073,3.903033211827278,0,92
candidate,20261104,1,1,-8.0,2.5,0,0,0,0,0,0,0,0.025,40,2.468990907073021,3.2243036665022373,3.5548843443393707,0,80
candidate,20261104,2,1,35.0,1.0,1,0,0,0,0,0,0,0.047619047619047616,42,2.4941608841930116,3.0294910073280334,3.926418721675873,0,84
candidate,20261104,3,1,-17.0,4.0,0,0,1,9,0,0,0,0.0,40,2.652855357155204,3.716523665934801,5.363009870052338,0,80
candidate,20261105,0,2,-8.0,2.5,0,0,0,0,0,0,0,0.022222222222222223,45,2.550247684121132,3.3632826060056686,3.541959449648857,0,90
candidate,20261105,1,2,-32.0,4.0,0,0,1,24,0,0,0,0.044444444444444446,45,2.4722742951578565,3.0689798295497894,3.654344007372856,0,90
candidate,20261105,2,2,-20.0,4.0,0,0,1,12,0,0,0,0.05555555555555555,54,2.4963010585418455,3.326911013573408,4.373414441943169,0,108
candidate,20261105,3,2,35.0,1.0,1,0,0,0,0,0,0,0.038461538461538464,52,2.4679533134286222,3.32871088758111,3.382435068488121,0,104
candidate,20261106,0,1,-8.0,2.5,0,0,0,0,0,0,0,0.0,41,2.737033521620239,3.7146173417568207,4.680506885051727,0,82
candidate,20261106,1,1,-8.0,2.5,0,0,0,0,0,0,0,0.015625,64,2.58017927990295,3.4123944118618965,3.970809280872345,0,128
candidate,20261106,2,1,-16.0,4.0,0,0,1,8,0,0,0,0.024390243902439025,41,2.5069325617173823,3.2691434025764465,3.3203773200511932,0,82
candidate,20261106,3,1,32.0,1.0,1,0,0,0,0,0,0,0.024390243902439025,41,2.5133054430891826,3.51065956056118,3.553684800863266,0,82
candidate,20261107,0,0,40.0,1.0,1,0,0,0,0,0,0,0.02702702702702703,37,2.549691276775824,3.1757205724716187,3.474947065114975,0,74
candidate,20261107,1,0,-24.0,4.0,0,0,1,16,0,0,0,0.02702702702702703,37,2.512336230358562,3.2331541180610652,3.287920728325844,0,74
candidate,20261107,2,0,-8.0,2.5,0,0,0,0,0,0,0,0.0,37,2.551767270307283,3.5819929093122473,3.7420224398374557,0,74
candidate,20261107,3,0,-8.0,2.5,0,0,0,0,0,0,0,0.05405405405405406,37,2.4333482960591444,3.2648712396621704,3.387957811355591,0,74
candidate,20261108,0,0,-8.0,2.5,0,0,0,0,0,0,0,0.023255813953488372,86,2.4966601888800777,3.0742748640477657,3.3714808523654938,0,172
candidate,20261108,1,0,-8.0,2.5,0,0,0,0,0,0,0,0.0,85,2.514475167674177,3.2894976437091827,3.4556258469820023,0,170
candidate,20261108,2,0,-8.0,2.5,0,0,0,0,0,0,0,0.0,36,2.507703171836005,3.36266215890646,3.386920318007469,0,72
candidate,20261108,3,0,0.0,2.5,0,0,0,0,0,1,1,0.011627906976744186,86,2.498339471775432,3.3607990480959415,3.4562740474939346,0,172
candidate,20261109,0,1,0.0,2.5,0,0,0,0,0,1,1,0.03529411764705882,85,2.479093982016339,3.0255958437919617,3.2715238630771637,0,170
candidate,20261109,1,1,0.0,2.5,0,0,0,0,0,1,1,0.023529411764705882,85,2.442918739774648,3.1337860971689215,3.3066030591726303,0,170
candidate,20261109,2,1,51.0,1.0,1,0,0,0,0,0,0,0.0,38,2.522268332540989,3.246631845831871,3.408541902899742,0,76
candidate,20261109,3,1,0.0,2.5,0,0,0,0,0,1,1,0.0,85,2.5488145430298412,3.606414422392845,3.6646369844675064,0,170
candidate,20261110,0,0,34.0,1.0,1,0,0,0,0,0,0,0.02702702702702703,37,2.603063963957735,3.4504130482673645,3.458913415670395,0,74
candidate,20261110,1,0,-8.0,2.5,0,0,0,0,0,0,0,0.04081632653061224,49,2.4880042337641424,3.265620768070221,3.2913684844970703,0,98
candidate,20261110,2,0,-18.0,4.0,0,0,1,10,0,0,0,0.02702702702702703,37,2.4509222020168564,3.1472913920879364,3.236975520849228,0,74
candidate,20261110,3,0,-8.0,2.5,0,0,0,0,0,0,0,0.08108108108108109,37,2.415151461153417,3.0346691608428955,3.0954312533140182,0,74
candidate,20261111,0,0,-17.0,3.0,0,0,0,0,0,0,0,0.07894736842105263,38,2.47897761628816,3.079725988209247,3.270236775279045,0,77
candidate,20261111,1,0,-8.0,2.5,0,0,0,0,0,0,0,0.061224489795918366,49,2.4353364976693173,3.0225515365600586,3.256557509303093,0,98
candidate,20261111,2,0,47.0,1.0,1,0,0,0,0,0,0,0.013513513513513514,74,2.4844559815687104,3.3585399389266968,3.397958353161812,0,148
candidate,20261111,3,0,-8.0,2.5,0,0,0,0,0,0,0,0.019230769230769232,52,2.5591719537400284,3.5675969906151295,3.7626679986715317,0,104
candidate,20261112,0,1,34.0,1.0,1,0,0,0,0,0,0,0.047619047619047616,42,2.492367068216914,3.0280163511633873,3.3150501549243927,0,85
candidate,20261112,1,1,-8.0,2.5,0,0,0,0,0,0,0,0.02127659574468085,47,2.5963828443212713,3.5023599863052364,5.3458381444215775,0,95
candidate,20261112,2,1,-8.0,2.5,0,0,0,0,0,0,0,0.0,42,2.554078098563921,3.49361440166831,3.5935305058956146,0,85
candidate,20261112,3,1,40.0,1.0,1,0,0,0,0,0,0,0.016129032258064516,62,2.432276404673053,3.077237121760845,3.134859725832939,0,123
candidate,20261113,0,2,-33.0,3.0,0,0,0,0,0,0,0,0.0,65,2.6553260878874707,3.456110879778862,5.376232787966728,0,131
candidate,20261113,1,2,99.0,1.0,1,1,0,0,0,0,0,0.0,65,2.603143253005468,3.534956276416778,4.220603033900261,0,129
candidate,20261113,2,2,-33.0,3.0,0,0,0,0,0,0,0,0.03076923076923077,65,2.4402314940324197,3.267563134431839,3.3373311161994934,0,131
candidate,20261113,3,2,32.0,1.0,1,0,0,0,0,0,0,0.05263157894736842,38,2.429871868930365,3.0719597823917866,3.1125638633966446,0,76
candidate,20261114,0,1,-8.0,2.5,0,0,0,0,0,0,0,0.024390243902439025,41,2.634496768800224,3.321586176753044,4.810364916920662,0,82
candidate,20261114,1,1,57.0,1.0,1,1,0,0,0,0,0,0.0,40,2.6674038730561733,3.798667434602976,3.988189622759819,0,79
candidate,20261114,2,1,-18.0,3.0,0,0,0,0,0,0,0,0.0,72,2.748754108324647,4.167572781443596,4.2816102504730225,0,145
candidate,20261114,3,1,-16.0,4.0,0,0,1,8,0,0,0,0.04878048780487805,41,2.387529375349603,2.968335524201393,3.255389630794525,0,82
candidate,20261115,0,3,-8.0,2.5,0,0,0,0,0,0,0,0.02857142857142857,35,2.5816487414496287,3.3394962549209595,3.363514319062233,0,70
candidate,20261115,1,3,36.0,1.0,1,0,0,0,0,0,0,0.02857142857142857,35,2.564120665192604,3.5289952531456947,3.540249541401863,0,70
candidate,20261115,2,3,35.0,1.0,1,0,0,0,0,0,0,0.03333333333333333,60,2.4715230179329715,3.281298838555813,3.43138724565506,0,120
candidate,20261115,3,3,-8.0,2.5,0,0,0,0,0,0,0,0.02857142857142857,35,2.482369009937559,3.4707462415099144,3.509940579533577,0,70
candidate,20261116,0,1,-16.0,3.0,0,0,0,0,0,0,0,0.02564102564102564,39,2.536831471400383,3.2669877633452415,3.3270567655563354,0,79
candidate,20261116,1,1,-16.0,3.0,0,0,0,0,0,0,0,0.02564102564102564,39,2.525246869295071,3.3342288807034492,3.410596400499344,0,79
candidate,20261116,2,1,-16.0,3.0,0,0,0,0,0,0,0,0.0,39,2.5078717332619886,3.299926035106182,3.3469628542661667,0,79
candidate,20261116,3,1,48.0,1.0,1,1,0,0,0,0,0,0.0,40,2.5399459525942802,3.6395519040524955,3.7546306848526,0,79
candidate,20261117,0,3,-30.0,3.0,0,0,0,0,0,0,0,0.0,83,2.5582980050379973,3.2584568485617638,3.283262252807617,0,167
candidate,20261117,1,3,-23.0,4.0,0,0,1,15,0,0,0,0.0,58,2.5755707816830995,3.4346971660852432,3.5464316606521606,0,116
candidate,20261117,2,3,35.0,1.0,1,0,0,0,0,0,0,0.043478260869565216,46,2.4905122573608938,3.289629705250263,3.3549442887306213,0,92
candidate,20261117,3,3,90.0,1.0,1,1,0,0,0,0,0,0.0,84,2.5965126364358833,3.711487166583538,3.945115953683853,0,167
candidate,20261118,0,1,-8.0,2.5,0,0,0,0,0,0,0,0.06,50,2.5035057589411736,3.118792828172445,3.2451171427965164,0,100
candidate,20261118,1,1,40.0,1.0,1,0,0,0,0,0,0,0.0,53,2.649235626998937,3.674926981329918,4.29113395512104,0,106
candidate,20261118,2,1,-8.0,2.5,0,0,0,0,0,0,0,0.022222222222222223,45,2.487475507789188,3.2359071075916286,3.3356137573719025,0,90
candidate,20261118,3,1,-8.0,2.5,0,0,0,0,0,0,0,0.0625,32,2.471207408234477,3.283270355314016,3.651922568678856,0,64
candidate,20261119,0,1,-33.0,3.0,0,0,0,0,0,0,0,0.01639344262295082,61,2.5155596801492033,3.1534843146800995,3.3628158271312714,0,123
candidate,20261119,1,1,-24.0,4.0,0,0,1,16,0,0,0,0.030303030303030304,66,2.48882919549942,3.3317594788968563,3.4332983195781708,0,132
candidate,20261119,2,1,-33.0,3.0,0,0,0,0,0,0,0,0.04918032786885246,61,2.442950932461707,3.0566472560167313,3.2436437904834747,0,123
candidate,20261119,3,1,99.0,1.0,1,1,0,0,0,0,0,0.0,62,2.5226557026467016,3.4380029886960983,3.5907309502363205,0,123
candidate,20261120,0,0,43.0,1.0,1,0,0,0,0,0,0,0.08333333333333333,12,2.5507694420715175,3.3956647850573063,3.407217562198639,0,24
candidate,20261120,1,0,-8.0,2.5,0,0,0,0,0,0,0,0.16666666666666666,12,2.5473920007546744,3.125145100057125,3.12747061252594,0,24
candidate,20261120,2,0,-27.0,4.0,0,0,1,19,0,0,0,0.0625,16,2.5101674254983664,3.3562066964805126,3.362424671649933,0,32
candidate,20261120,3,0,-8.0,2.5,0,0,0,0,0,0,0,0.08333333333333333,12,2.3881561743716397,3.1501974910497665,3.1551066786050797,0,24
candidate,20261121,0,0,32.0,1.0,1,0,0,0,0,0,0,0.05,40,2.5217562913894653,3.4172531217336655,3.41971218585968,0,80
candidate,20261121,1,0,-8.0,2.5,0,0,0,0,0,0,0,0.0,40,2.6117359288036823,3.9083984680473804,4.054240882396698,0,80
candidate,20261121,2,0,-16.0,4.0,0,0,1,8,0,0,0,0.0,26,2.4989784623567877,3.369370009750128,3.378896042704582,0,52
candidate,20261121,3,0,-17.0,3.0,0,0,0,0,0,0,0,0.08333333333333333,48,2.4093608759964504,3.0120819807052612,3.058837726712227,0,97
candidate,20261122,0,2,-8.0,2.5,0,0,0,0,0,0,0,0.023529411764705882,85,2.570118448313545,3.163527324795723,5.101917311549187,0,169
candidate,20261122,1,2,-8.0,2.5,0,0,0,0,0,0,0,0.0,39,2.5253952122651615,3.3340105786919594,3.41608002781868,0,78
candidate,20261122,2,2,-8.0,2.5,0,0,0,0,0,0,0,0.0,75,2.6575866838296256,3.972882218658924,5.166884511709213,0,151
candidate,20261122,3,2,0.0,2.5,0,0,0,0,0,1,1,0.023809523809523808,84,2.4375857652298043,3.131249826401472,3.620985895395279,0,169
candidate,20261123,0,1,33.0,1.0,1,0,0,0,0,0,0,0.025,40,2.5828604586422443,3.466812800616026,3.805873915553093,0,80
candidate,20261123,1,1,-8.0,2.5,0,0,0,0,0,0,0,0.0,40,2.6166161987930536,3.610473312437534,3.881240263581276,0,80
candidate,20261123,2,1,-8.0,2.5,0,0,0,0,0,0,0,0.05,40,2.47216890566051,3.1405257061123844,3.3622030168771744,0,80
candidate,20261123,3,1,-17.0,4.0,0,0,1,9,0,0,0,0.025,40,2.5170722510665655,3.404381405562162,3.589371219277382,0,80
candidate,20261124,0,1,-28.0,3.0,0,0,0,0,0,0,0,0.06666666666666667,45,2.4745227148135505,3.0223328620195384,3.29476036131382,0,91
candidate,20261124,1,1,84.0,1.0,1,1,0,0,0,0,0,0.043478260869565216,46,2.5682146458522133,3.436320461332798,3.4789126366376877,0,91
candidate,20261124,2,1,-17.0,4.0,0,0,1,9,0,0,0,0.015384615384615385,65,2.4721538791289697,3.1208228319883347,3.7506278604269028,0,131
candidate,20261124,3,1,0.0,2.5,0,0,0,0,0,1,0,0.012195121951219513,82,2.540726146501739,3.613742161542177,3.726862370967865,0,165
candidate,20261125,0,2,-8.0,2.5,0,0,0,0,0,0,0,0.021739130434782608,46,2.578574718664522,3.3593191765248775,3.460930660367012,0,92
candidate,20261125,1,2,-8.0,2.5,0,0,0,0,0,0,0,0.046875,64,2.460188727127388,3.021571785211563,3.2451730221509933,0,128
candidate,20261125,2,2,-8.0,2.5,0,0,0,0,0,0,0,0.03389830508474576,59,2.518489420161409,3.365810588002205,3.405025228857994,0,118
candidate,20261125,3,2,33.0,1.0,1,0,0,0,0,0,0,0.06,50,2.4285806715488434,3.2930657267570496,3.3898111432790756,0,100
candidate,20261126,0,2,33.0,1.0,1,0,0,0,0,0,0,0.05128205128205128,39,2.5195119281609855,3.312338702380657,3.4428369253873825,0,78
candidate,20261126,1,2,-8.0,2.5,0,0,0,0,0,0,0,0.0,39,2.5959662042367153,3.668631426990032,3.694262355566025,0,78
candidate,20261126,2,2,-17.0,4.0,0,0,1,9,0,0,0,0.02127659574468085,47,2.49403049337103,3.211902640759945,3.325236961245537,0,94
candidate,20261126,3,2,-8.0,2.5,0,0,0,0,0,0,0,0.05128205128205128,39,2.413368568970607,3.072020597755909,3.153439611196518,0,78
candidate,20261127,0,1,32.0,1.0,1,0,0,0,0,0,0,0.05263157894736842,38,2.4932061174982474,3.1113276258111,3.327731043100357,0,76
candidate,20261127,1,1,-16.0,4.0,0,0,1,8,0,0,0,0.0,57,2.5815064446967946,3.368106484413147,3.390952944755554,0,114
candidate,20261127,2,1,0.0,2.5,0,0,0,0,0,1,0,0.0,86,2.516530259230802,3.434662241488695,3.5527702420949936,0,172
candidate,20261127,3,1,33.0,1.0,1,0,0,0,0,0,0,0.02666666666666667,75,2.430956115325292,3.227207437157631,3.3320803195238113,0,150
candidate,20261128,0,3,34.0,1.0,1,0,0,0,0,0,0,0.0,37,2.7606145957031765,4.114785045385361,4.30159829556942,0,74
candidate,20261128,1,3,102.0,1.0,1,1,0,0,0,0,0,0.08333333333333333,36,2.483050390664074,3.29007999971509,4.117665812373161,0,71
candidate,20261128,2,3,-8.0,2.5,0,0,0,0,0,0,0,0.0,70,2.4975959211587906,3.290175087749958,3.525935113430023,0,140
candidate,20261128,3,3,37.0,1.0,1,0,0,0,0,0,0,0.058823529411764705,51,2.433300894849441,2.983342856168747,3.2792873680591583,0,102
candidate,20261129,0,2,-8.0,2.5,0,0,0,0,0,0,0,0.0,59,2.6628619407193135,3.73495239764452,3.830093890428543,0,118
candidate,20261129,1,2,37.0,1.0,1,0,0,0,0,0,0,0.0,61,2.608299988215087,3.722613677382469,3.825439140200615,0,122
candidate,20261129,2,2,-21.0,4.0,0,0,1,13,0,0,0,0.05660377358490566,53,2.4803708887325144,3.307504951953888,3.390684723854065,0,106
candidate,20261129,3,2,-8.0,2.5,0,0,0,0,0,0,0,0.0,61,2.536725497148076,3.5081282258033752,3.835504874587059,0,122
candidate,20261130,0,1,-21.0,3.0,0,0,0,0,0,0,0,0.016666666666666666,60,2.5635993108153343,3.2918603159487247,5.061430856585503,0,121
candidate,20261130,1,1,90.0,1.0,1,1,0,0,0,0,0,0.0,62,2.6177171197149063,3.4584355540573597,4.025544971227646,0,123
candidate,20261130,2,1,-8.0,2.5,0,0,0,0,0,0,0,0.04081632653061224,49,2.5432406335460898,3.4276783466339107,4.9681589007377625,0,98
candidate,20261130,3,1,-34.0,3.0,0,0,0,0,0,0,0,0.013333333333333334,75,2.638509397705396,3.8868285715579987,4.09918837249279,0,151
candidate,20261131,0,3,51.0,1.0,1,1,0,0,0,0,0,0.022222222222222223,45,2.528827264904976,3.2345682382583614,3.57910618185997,0,89
candidate,20261131,1,3,-17.0,3.0,0,0,0,0,0,0,0,0.0,44,2.6115288280627946,3.6000226624310017,3.8935597985982895,0,89
candidate,20261131,2,3,-17.0,3.0,0,0,0,0,0,0,0,0.0,44,2.511346543377096,3.288088086992502,3.342045471072197,0,89
candidate,20261131,3,3,-17.0,3.0,0,0,0,0,0,0,0,0.0,44,2.6042388159443033,3.3627649769186974,5.022134631872177,0,89
candidate,20261132,0,3,-17.0,4.0,0,0,1,9,0,0,0,0.0,49,2.6416354337517096,3.470479324460029,3.808801993727684,0,98
candidate,20261132,1,3,-8.0,2.5,0,0,0,0,0,0,0,0.02040816326530612,49,2.5224448466787535,3.3351436257362366,4.646023735404015,0,98
candidate,20261132,2,3,48.0,1.0,1,1,0,0,0,0,0,0.023255813953488372,43,2.4496587209923324,3.1769031658768654,3.2130777835845947,0,85
candidate,20261132,3,3,0.0,2.5,0,0,0,0,0,1,0,0.0,84,2.591476243521486,3.6791371181607246,4.000125452876091,0,168
candidate,20261133,0,1,34.0,1.0,1,0,0,0,0,0,0,0.06,50,2.462634854018688,2.8793982230126858,3.265390172600746,0,100
candidate,20261133,1,1,34.0,1.0,1,0,0,0,0,0,0,0.02,50,2.5285200029611588,3.33930142223835,3.481827676296234,0,100
candidate,20261133,2,1,-8.0,2.5,0,0,0,0,0,0,0,0.0,41,2.527374728787236,3.350723534822464,3.3538155257701874,0,82
candidate,20261133,3,1,-8.0,2.5,0,0,0,0,0,0,0,0.024390243902439025,41,2.5308557854193015,3.5738833248615265,3.604976460337639,0,82
candidate,20261134,0,0,-8.0,2.5,0,0,0,0,0,0,0,0.019230769230769232,52,2.5553198961111216,3.3432654105126858,3.3725928515195847,0,104
candidate,20261134,1,0,-8.0,2.5,0,0,0,0,0,0,0,0.022727272727272728,44,2.478247720070861,3.2697158865630627,3.33482027053833,0,88
candidate,20261134,2,0,-17.0,4.0,0,0,1,9,0,0,0,0.057692307692307696,52,2.4877571357557406,3.192716743797064,3.313252702355385,0,104
candidate,20261134,3,0,45.0,1.0,1,0,0,0,0,0,0,0.057692307692307696,52,2.441446726711897,3.170757181942462,3.3293627202510834,0,104
candidate,20261135,0,3,-8.0,2.5,0,0,0,0,0,0,0,0.0,61,2.703392969780281,3.9067063480615616,4.134736955165863,0,122
candidate,20261135,1,3,35.0,1.0,1,0,0,0,0,0,0,0.01639344262295082,61,2.5356945688607264,3.433370962738991,3.465672954916954,0,122
candidate,20261135,2,3,-19.0,4.0,0,0,1,11,0,0,0,0.02857142857142857,35,2.51473459814276,3.460705280303955,3.507401794195175,0,70
candidate,20261135,3,3,-8.0,2.5,0,0,0,0,0,0,0,0.0,59,2.4938907284857863,3.2912267372012134,3.4256968647241592,0,118
candidate,20261136,0,1,32.0,1.0,1,0,0,0,0,0,0,0.06451612903225806,31,2.4851852607342506,3.1332746148109436,3.2499954104423523,0,62
candidate,20261136,1,1,-8.0,2.5,0,0,0,0,0,0,0,0.0,48,2.539833115103344,3.3698616549372673,3.534127026796341,0,96
candidate,20261136,2,1,-8.0,2.5,0,0,0,0,0,0,0,0.022727272727272728,44,2.522917464375496,3.4072797745466232,3.4745782613754272,0,88
candidate,20261136,3,1,-8.0,2.5,0,0,0,0,0,0,0,0.0,43,2.4943030331023905,3.3052323386073112,3.3282749354839325,0,86
candidate,20261137,0,0,-8.0,2.5,0,0,0,0,0,0,0,0.0,39,2.5899758419165244,3.378714434802532,3.4041404724121094,0,78
candidate,20261137,1,0,-32.0,4.0,0,0,1,24,0,0,0,0.0425531914893617,47,2.4735473809724158,3.306538052856922,3.355426713824272,0,94
candidate,20261137,2,0,-8.0,2.5,0,0,0,0,0,0,0,0.07692307692307693,39,2.4160903233748217,3.0224815011024475,3.265896812081337,0,78
candidate,20261137,3,0,48.0,1.0,1,0,0,0,0,0,0,0.0,47,2.518377603685602,3.423284739255905,3.4831538796424866,0,94
candidate,20261138,0,0,-18.0,3.0,0,0,0,0,0,0,0,0.02127659574468085,47,2.5364735579871116,3.296498954296112,3.366483375430107,0,95
candidate,20261138,1,0,-20.0,4.0,0,0,1,12,0,0,0,0.019230769230769232,52,2.5480463384435725,3.3827354200184345,3.4177135676145554,0,104
candidate,20261138,2,0,63.0,1.0,1,1,0,0,0,0,0,0.014925373134328358,67,2.4528167585828413,3.1729627400636673,3.3138934522867203,0,133
candidate,20261138,3,0,-8.0,2.5,0,0,0,0,0,0,0,0.028985507246376812,69,2.4592375409775884,3.4028057008981705,3.419365733861923,0,138
candidate,20261139,0,2,33.0,1.0,1,0,0,0,0,0,0,0.03333333333333333,30,2.669179563721021,3.4296689555048943,5.28254359960556,0,60
candidate,20261139,1,2,-8.0,2.5,0,0,0,0,0,0,0,0.0,30,2.5145252545674643,3.277542721480131,3.3234693109989166,0,60
candidate,20261139,2,2,0.0,2.5,0,0,0,0,0,1,1,0.0,83,2.6283476681235327,3.709917701780796,4.384269937872887,0,166
candidate,20261139,3,2,34.0,1.0,1,0,0,0,0,0,0,0.0392156862745098,51,2.47509291797292,3.207450732588768,3.2640937715768814,0,102
candidate,20261140,0,1,32.0,1.0,1,0,0,0,0,0,0,0.05357142857142857,56,2.569222856046898,3.2388605177402496,5.290519446134567,0,113
candidate,20261140,1,1,0.0,2.5,0,0,0,0,0,1,0,0.01282051282051282,78,2.5542228458783565,3.414227068424225,3.515038639307022,0,155
candidate,20261140,2,1,43.0,1.0,1,0,0,0,0,0,0,0.01639344262295082,61,2.47379938964961,3.231007605791092,3.50181944668293,0,123
candidate,20261140,3,1,-8.0,2.5,0,0,0,0,0,0,0,0.0,60,2.47030525157849,3.2912561669945717,3.3297743648290634,0,121
candidate,20261141,0,2,-8.0,2.5,0,0,0,0,0,0,0,0.0,84,2.624067012220621,3.4420299343764778,4.10839170217514,0,168
candidate,20261141,1,2,0.0,2.5,0,0,0,0,0,1,0,0.011627906976744186,86,2.5075914251596427,3.211171366274357,3.6760959774255753,0,172
candidate,20261141,2,2,48.0,1.0,1,1,0,0,0,0,0,0.03278688524590164,61,2.483445662455481,3.328213468194008,3.4627243876457214,0,121
candidate,20261141,3,2,-16.0,3.0,0,0,0,0,0,0,0,0.0,60,2.6900706502298513,4.033133573830128,4.275353625416756,0,121
candidate,20261142,0,2,-8.0,2.5,0,0,0,0,0,0,0,0.028169014084507043,71,2.5406159513013464,3.31746693700552,3.3874716609716415,0,142
candidate,20261142,1,2,-17.0,4.0,0,0,1,9,0,0,0,0.09090909090909091,44,2.5242646648125215,3.175411932170391,3.2000765204429626,0,88
candidate,20261142,2,2,-8.0,2.5,0,0,0,0,0,0,0,0.0,42,2.498564709510122,3.3023099415004253,3.5486482083797455,0,84
candidate,20261142,3,2,-8.0,2.5,0,0,0,0,0,0,0,0.0,34,2.44225567097173,3.303205966949463,3.354674205183983,0,68
candidate,20261143,0,0,-8.0,2.5,0,0,0,0,0,0,0,0.02127659574468085,47,2.5742285429163183,3.329429402947426,3.414776176214218,0,94
candidate,20261143,1,0,-17.0,4.0,0,0,1,9,0,0,0,0.0,43,2.6418404263812443,3.6545829847455025,3.729492425918579,0,86
candidate,20261143,2,0,-8.0,2.5,0,0,0,0,0,0,0,0.02127659574468085,47,2.5035094549047185,3.4698037430644035,3.786267712712288,0,94
candidate,20261143,3,0,32.0,1.0,1,0,0,0,0,0,0,0.029411764705882353,68,2.44384168592446,3.230113908648491,3.3950917422771454,0,136
candidate,20261144,0,0,51.0,1.0,1,1,0,0,0,0,0,0.07407407407407407,27,2.504782820189441,3.266792930662632,3.459872677922249,0,53
candidate,20261144,1,0,-17.0,3.0,0,0,0,0,0,0,0,0.038461538461538464,26,2.5207024927322683,3.458450548350811,3.473147749900818,0,53
candidate,20261144,2,0,-17.0,3.0,0,0,0,0,0,0,0,0.0,26,2.544885787826318,3.5119783133268356,3.575235605239868,0,53
candidate,20261144,3,0,-17.0,3.0,0,0,0,0,0,0,0,0.07692307692307693,26,2.476267946454195,3.2571624033153057,3.321204334497452,0,53
candidate,20261145,0,1,75.0,1.0,1,1,0,0,0,0,0,0.05,40,2.474482823163271,3.181967604905367,3.23597714304924,0,79
candidate,20261145,1,1,-25.0,3.0,0,0,0,0,0,0,0,0.0,39,2.568386590633637,3.399689495563507,3.4693628549575806,0,79
candidate,20261145,2,1,-25.0,3.0,0,0,0,0,0,0,0,0.02564102564102564,39,2.45655948917071,3.2904967665672302,3.3447928726673126,0,79
candidate,20261145,3,1,-25.0,3.0,0,0,0,0,0,0,0,0.05128205128205128,39,2.4612492475754175,3.247721306979656,3.308851271867752,0,79
candidate,20261146,0,2,52.0,1.0,1,0,0,0,0,0,0,0.0,83,2.5838237614875816,3.475821390748024,3.6204922944307327,0,167
candidate,20261146,1,2,35.0,1.0,1,0,0,0,0,0,0,0.03896103896103896,77,2.4100214533217543,2.8514333069324493,3.217265009880066,0,153
candidate,20261146,2,2,-16.0,4.0,0,0,1,8,0,0,0,0.05357142857142857,56,2.457162265532783,3.278338350355625,3.364499658346176,0,112
candidate,20261146,3,2,-8.0,2.5,0,0,0,0,0,0,0,0.0196078431372549,51,2.463015344213037,3.2354556024074554,3.3997073769569397,0,102
candidate,20261147,0,3,-8.0,2.5,0,0,0,0,0,0,0,0.0,57,2.569316020398809,3.440525010228157,3.667004406452179,0,114
candidate,20261147,1,3,-8.0,2.5,0,0,0,0,0,0,0,0.047619047619047616,42,2.445786570509275,3.00192441791296,3.1747967004776,0,84
candidate,20261147,2,3,-20.0,4.0,0,0,1,12,0,0,0,0.027777777777777776,36,2.5454673191739454,3.3732610754668713,3.4033171832561493,0,72
candidate,20261147,3,3,-31.0,4.0,0,0,1,23,0,0,0,0.05263157894736842,57,2.434022136424717,3.1347382813692093,3.361014649271965,0,114
candidate,20261148,0,3,63.0,1.0,1,1,0,0,0,0,0,0.0,35,2.620197300400053,3.573192097246647,3.638656809926033,0,69
candidate,20261148,1,3,-8.0,2.5,0,0,0,0,0,0,0,0.02702702702702703,37,2.5103856884949916,3.4620501101016994,3.6692414432764053,0,74
candidate,20261148,2,3,-8.0,2.5,0,0,0,0,0,0,0,0.05405405405405406,37,2.4549206467093647,3.331533074378967,3.415348008275032,0,74
candidate,20261148,3,3,-18.0,4.0,0,0,1,10,0,0,0,0.02702702702702703,37,2.494980807642679,3.1569521874189377,3.676189109683037,0,74
candidate,20261149,0,1,-16.0,3.0,0,0,0,0,0,0,0,0.0,42,2.5933678040192243,3.4255551174283023,3.547530621290207,0,85
candidate,20261149,1,1,-16.0,3.0,0,0,0,0,0,0,0,0.0,42,2.530835746299653,3.3128906041383743,3.3526625484228134,0,85
candidate,20261149,2,1,48.0,1.0,1,1,0,0,0,0,0,0.0,43,2.5583035204299662,3.4914039075374603,4.960590973496437,0,85
candidate,20261149,3,1,-16.0,3.0,0,0,0,0,0,0,0,0.0,42,2.581197413660231,3.6518294364213943,3.902466967701912,0,85
candidate,20261150,0,1,33.0,1.0,1,0,0,0,0,0,0,0.05714285714285714,35,2.612894879920142,3.433729335665703,3.791293129324913,0,70
candidate,20261150,1,1,-8.0,2.5,0,0,0,0,0,0,0,0.05128205128205128,39,2.4980786614693127,3.3357808366417885,3.4236758947372437,0,78
candidate,20261150,2,1,-17.0,4.0,0,0,1,9,0,0,0,0.02564102564102564,39,2.5220983781111546,3.3211253583431244,3.343544900417328,0,78
candidate,20261150,3,1,-8.0,2.5,0,0,0,0,0,0,0,0.02857142857142857,35,2.466124509062086,3.2654039561748505,3.2932255417108536,0,70
candidate,20261151,0,1,32.0,1.0,1,0,0,0,0,0,0,0.043478260869565216,23,2.5644822289114413,3.37320938706398,3.432687371969223,0,46
candidate,20261151,1,1,-8.0,2.5,0,0,0,0,0,0,0,0.043478260869565216,23,2.562990898023481,3.420019894838333,3.632945939898491,0,46
candidate,20261151,2,1,-16.0,4.0,0,0,1,8,0,0,0,0.0,23,2.52556889925314,3.296598605811596,3.34833562374115,0,46
candidate,20261151,3,1,-8.0,2.5,0,0,0,0,0,0,0,0.0,43,2.527212983993597,3.3746909350156784,3.4320205450057983,0,86
candidate,20261152,0,2,-8.0,2.5,0,0,0,0,0,0,0,0.017543859649122806,57,2.5788395289789166,3.395892307162285,4.465918987989426,0,114
candidate,20261152,1,2,-16.0,4.0,0,0,1,8,0,0,0,0.08,25,2.4673831462860107,3.0315395444631577,3.1309351325035095,0,50
candidate,20261152,2,2,33.0,1.0,1,0,0,0,0,0,0,0.027777777777777776,36,2.6610652502212258,3.752628806978464,6.017517298460007,0,72
candidate,20261152,3,2,-17.0,4.0,0,0,1,9,0,0,0,0.03333333333333333,60,2.5194327967862287,3.3214383758604527,3.8990844041109085,0,120
candidate,20261153,0,2,-8.0,2.5,0,0,0,0,0,0,0,0.0,39,2.7026434739430747,3.6089936271309853,4.41395677626133,0,78
candidate,20261153,1,2,-8.0,2.5,0,0,0,0,0,0,0,0.0,41,2.6080260825593298,3.5507753491401672,3.6476776003837585,0,82
candidate,20261153,2,2,-20.0,3.0,0,0,0,0,0,0,0,0.0,65,2.4944236072210164,3.3393964171409607,3.4363679587841034,0,131
candidate,20261153,3,2,-21.0,3.0,0,0,0,0,0,0,0,0.0,54,2.5965319256539696,3.615409694612026,3.6922860890626907,0,109
candidate,20261154,0,1,-17.0,3.0,0,0,0,0,0,0,0,0.06451612903225806,31,2.5218547952751957,3.117811866104603,3.7839841097593307,0,63
candidate,20261154,1,1,-17.0,3.0,0,0,0,0,0,0,0,0.06451612903225806,31,2.578085528746728,3.3866167068481445,5.207393318414688,0,63
candidate,20261154,2,1,-17.0,3.0,0,0,0,0,0,0,0,0.03225806451612903,31,2.4653815574222997,3.2083168625831604,3.429064527153969,0,63
candidate,20261154,3,1,-21.0,3.0,0,0,0,0,0,0,0,0.0,77,2.690588232952279,4.035585373640061,5.2646733820438385,0,155
candidate,20261155,0,0,-20.0,3.0,0,0,0,0,0,0,0,0.0,36,2.589701364437739,3.434011247009039,3.4437552094459534,0,73
candidate,20261155,1,0,-20.0,3.0,0,0,0,0,0,0,0,0.027777777777777776,36,2.5134969813128314,3.266722895205021,3.310134634375572,0,73
candidate,20261155,2,0,66.0,1.0,1,1,0,0,0,0,0,0.05405405405405406,37,2.4929972415840305,3.3414606004953384,3.9908550679683685,0,73
candidate,20261155,3,0,-20.0,3.0,0,0,0,0,0,0,0,0.0,36,2.547014711631669,3.5966048017144203,3.623291850090027,0,73
candidate,20261156,0,1,46.0,1.0,1,0,0,0,0,0,0,0.058823529411764705,34,2.504105241421391,3.086883574724197,4.043789580464363,0,68
candidate,20261156,1,1,-30.0,4.0,0,0,1,22,0,0,0,0.03125,32,2.553059603087604,3.3515453338623047,3.3853426575660706,0,64
candidate,20261156,2,1,-8.0,2.5,0,0,0,0,0,0,0,0.03125,32,2.4451151839457452,3.26722776517272,3.293389454483986,0,64
candidate,20261156,3,1,-8.0,2.5,0,0,0,0,0,0,0,0.03125,32,2.45902466122061,3.2907326705753803,3.3256206661462784,0,64
candidate,20261157,0,0,54.0,1.0,1,1,0,0,0,0,0,0.05714285714285714,35,2.577384827392442,3.402460366487503,3.418099135160446,0,69
candidate,20261157,1,0,-18.0,3.0,0,0,0,0,0,0,0,0.0,34,2.6984523762674892,3.72246541082859,4.833469167351723,0,69
candidate,20261157,2,0,-18.0,3.0,0,0,0,0,0,0,0,0.0,34,2.594259293640361,3.6083883605897427,3.877716138958931,0,69
candidate,20261157,3,0,-18.0,3.0,0,0,0,0,0,0,0,0.0,34,2.539517741431208,3.574985545128584,3.7121549248695374,0,69
candidate,20261158,0,2,-16.0,4.0,0,0,1,8,0,0,0,0.0,60,2.5714710975686708,3.361213393509388,3.8371775299310684,0,120
candidate,20261158,1,2,-17.0,3.0,0,0,0,0,0,0,0,0.03773584905660377,53,2.4495375746825956,3.0604682862758636,3.198668360710144,0,107
candidate,20261158,2,2,-20.0,4.0,0,0,1,12,0,0,0,0.05263157894736842,38,2.435887722592605,3.182660508900881,3.289397805929184,0,76
candidate,20261158,3,2,-21.0,4.0,0,0,1,13,0,0,0,0.0,29,2.5023244449804567,3.26792448759079,3.3245179802179337,0,58
candidate,20261159,0,0,-32.0,3.0,0,0,0,0,0,0,0,0.04081632653061224,49,2.5098623365772013,3.252486512064933,3.8115400820970535,0,99
candidate,20261159,1,0,-8.0,2.5,0,0,0,0,0,0,0,0.05454545454545454,55,2.485412901098078,3.0949721112847324,4.3518878519535065,0,110
candidate,20261159,2,0,46.0,1.0,1,0,0,0,0,0,0,0.058823529411764705,34,2.493100514745011,3.33496006205678,3.9605479687452316,0,68
candidate,20261159,3,0,-22.0,4.0,0,0,1,14,0,0,0,0.045454545454545456,22,2.4109312587163667,2.963495906442404,2.9972046613693237,0,44
candidate,20261160,0,1,-17.0,4.0,0,0,1,9,0,0,0,0.0,21,2.6694351718539284,3.4460239112377167,3.8849003612995148,0,42
candidate,20261160,1,1,-8.0,2.5,0,0,0,0,0,0,0,0.047619047619047616,21,2.6353242851438976,3.319868817925453,5.070021376013756,0,42
candidate,20261160,2,1,-8.0,2.5,0,0,0,0,0,0,0,0.034482758620689655,58,2.5544086599658273,3.3872450701892376,4.989175125956535,0,116
candidate,20261160,3,1,34.0,1.0,1,0,0,0,0,0,0,0.0,27,2.6074309867841228,3.650319017469883,3.961823880672455,0,54
candidate,20261161,0,1,-17.0,3.0,0,0,0,0,0,0,0,0.0,65,2.6339869373119793,3.5209383815526962,3.634415566921234,0,131
candidate,20261161,1,1,-17.0,3.0,0,0,0,0,0,0,0,0.015384615384615385,65,2.494122890325693,3.0859991908073425,5.152858793735504,0,131
candidate,20261161,2,1,51.0,1.0,1,1,0,0,0,0,0,0.030303030303030304,66,2.4388957994453833,3.119212109595537,3.3929403871297836,0,132
candidate,20261161,3,1,-17.0,3.0,0,0,0,0,0,0,0,0.046153846153846156,65,2.389819920063019,2.8397060930728912,3.513675183057785,0,132
candidate,20261162,0,1,-16.0,3.0,0,0,0,0,0,0,0,0.0,10,2.589123696088791,3.3523116260766983,3.3928900957107544,0,21
candidate,20261162,1,1,-16.0,3.0,0,0,0,0,0,0,0,0.1,10,2.5963623076677322,3.2096841372549534,3.215460106730461,0,21
candidate,20261162,2,1,48.0,1.0,1,1,0,0,0,0,0,0.0,11,2.454502508044243,3.4632226452231407,3.5107675939798355,0,21
candidate,20261162,3,1,-16.0,3.0,0,0,0,0,0,0,0,0.0,10,2.416572906076908,3.239388857036829,3.239491954445839,0,21
candidate,20261163,0,2,-8.0,2.5,0,0,0,0,0,0,0,0.0425531914893617,47,2.4791505346272853,2.9735304415225983,3.3050309866666794,0,94
candidate,20261163,1,2,32.0,1.0,1,0,0,0,0,0,0,0.037037037037037035,81,2.493277238107022,3.311503678560257,4.661571234464645,0,162
candidate,20261163,2,2,-21.0,4.0,0,0,1,13,0,0,0,0.0,43,2.5327724166387737,3.318481333553791,3.846297040581703,0,86
candidate,20261163,3,2,0.0,2.5,0,0,0,0,0,1,1,0.033707865168539325,89,2.4352866863266804,3.1935397535562515,3.2739322632551193,0,178
candidate,20261164,0,0,-16.0,3.0,0,0,0,0,0,0,0,0.0,33,2.5898982403856334,3.2651353627443314,3.344457596540451,0,67
candidate,20261164,1,0,48.0,1.0,1,1,0,0,0,0,0,0.0,34,2.6834407711730286,3.5939919762313366,3.8188472390174866,0,67
candidate,20261164,2,0,-20.0,3.0,0,0,0,0,0,0,0,0.0,33,2.516567311955221,3.277513012290001,3.309682011604309,0,67
candidate,20261164,3,0,-16.0,3.0,0,0,0,0,0,0,0,0.0,33,2.636965194886381,3.716842830181121,5.721386522054672,0,67
candidate,20261165,0,0,-17.0,3.0,0,0,0,0,0,0,0,0.0,57,2.6729967967982877,3.622695803642273,4.373311996459961,0,115
candidate,20261165,1,0,-19.0,3.0,0,0,0,0,0,0,0,0.0,58,2.537152408782778,3.3088840544223785,3.345359116792679,0,117
candidate,20261165,2,0,-25.0,3.0,0,0,0,0,0,0,0,0.03333333333333333,60,2.4541161643962064,3.2182197086513042,3.7141870707273483,0,121
candidate,20261165,3,0,-25.0,3.0,0,0,0,0,0,0,0,0.03333333333333333,60,2.459051087498665,3.2492000609636307,4.395073279738426,0,121
candidate,20261166,0,1,-27.0,3.0,0,0,0,0,0,0,0,0.02,50,2.5364651530981064,3.2598456367850304,3.2890960574150085,0,101
candidate,20261166,1,1,-27.0,3.0,0,0,0,0,0,0,0,0.018867924528301886,53,2.571791761888648,3.4680813550949097,3.5875849425792694,0,107
candidate,20261166,2,1,-8.0,2.5,0,0,0,0,0,0,0,0.0,60,2.585099016626676,3.833558782935142,4.01298888027668,0,120
candidate,20261166,3,1,-27.0,3.0,0,0,0,0,0,0,0,0.02,50,2.4433964490890503,3.21826608851552,3.3344533294439316,0,101
candidate,20261167,0,2,60.0,1.0,1,1,0,0,0,0,0,0.06,50,2.5281234085559845,3.371467161923647,3.4046489745378494,0,99
candidate,20261167,1,2,32.0,1.0,1,0,0,0,0,0,0,0.020833333333333332,48,2.5978730991482735,3.578035347163677,3.702634945511818,0,96
candidate,20261167,2,2,-16.0,4.0,0,0,1,8,0,0,0,0.0,34,2.57143093382611,3.583297785371542,3.7435833364725113,0,68
candidate,20261167,3,2,-8.0,2.5,0,0,0,0,0,0,0,0.0,29,2.544153545951021,3.40934582054615,3.5894419997930527,0,58
candidate,20261168,0,0,-21.0,3.0,0,0,0,0,0,0,0,0.18181818181818182,11,2.5483225895599886,3.1497403979301453,3.282316029071808,0,23
candidate,20261168,1,0,35.0,1.0,1,0,0,0,0,0,0,0.058823529411764705,34,2.514960025163258,3.1238130293786526,3.905918449163437,0,68
candidate,20261168,2,0,-21.0,3.0,0,0,0,0,0,0,0,0.09090909090909091,11,2.4935032495043497,3.2558226957917213,3.2709725201129913,0,23
candidate,20261168,3,0,-21.0,3.0,0,0,0,0,0,0,0,0.0,11,2.353569662029093,2.8884485363960266,3.3024363219738007,0,23
candidate,20261169,0,1,-17.0,3.0,0,0,0,0,0,0,0,0.03225806451612903,62,2.524561038421046,3.2579644583165646,3.3320486545562744,0,125
candidate,20261169,1,1,-8.0,2.5,0,0,0,0,0,0,0,0.029850746268656716,67,2.5666184278566444,3.3226167783141136,4.710514098405838,0,134
candidate,20261169,2,1,33.0,1.0,1,0,0,0,0,0,0,0.029411764705882353,68,2.440134693375405,3.1436916440725327,3.3735428005456924,0,136
candidate,20261169,3,1,0.0,2.5,0,0,0,0,0,1,0,0.0,83,2.5066242115684303,3.4102723002433777,3.4577324986457825,0,166
candidate,20261170,0,2,51.0,1.0,1,1,0,0,0,0,0,0.03278688524590164,61,2.5135817647468848,3.190828487277031,3.4608524292707443,0,121
candidate,20261170,1,2,-20.0,3.0,0,0,0,0,0,0,0,0.0,56,2.580369988988553,3.5614408552646637,3.7550460547208786,0,113
candidate,20261170,2,2,-20.0,3.0,0,0,0,0,0,0,0,0.0,56,2.745285364133971,3.9970423094928265,5.247190594673157,0,113
candidate,20261170,3,2,-20.0,3.0,0,0,0,0,0,0,0,0.0,56,2.588575007393956,3.4521324560046196,5.630843341350555,0,113
candidate,20261171,0,3,-21.0,3.0,0,0,0,0,0,0,0,0.1111111111111111,27,2.530269393766368,3.2150428742170334,3.290187567472458,0,55
candidate,20261171,1,3,-21.0,3.0,0,0,0,0,0,0,0,0.09523809523809523,21,2.482582859340168,3.056000918149948,3.2312441617250443,0,43
candidate,20261171,2,3,-21.0,3.0,0,0,0,0,0,0,0,0.0,21,2.5015902661141896,3.367014229297638,3.381917253136635,0,43
candidate,20261171,3,3,63.0,1.0,1,1,0,0,0,0,0,0.0,22,2.4623745544390245,3.510262444615364,3.5672783851623535,0,43
candidate,20261172,0,1,-8.0,2.5,0,0,0,0,0,0,0,0.03333333333333333,30,2.535630762577057,3.233085386455059,3.2733865082263947,0,60
candidate,20261172,1,1,43.0,1.0,1,0,0,0,0,0,0,0.06666666666666667,30,2.4576508750518165,3.0572094954550266,3.422679379582405,0,60
candidate,20261172,2,1,-17.0,3.0,0,0,0,0,0,0,0,0.0,38,2.548910677433014,3.411076683551073,3.5853013396263123,0,77
candidate,20261172,3,1,-27.0,4.0,0,0,1,19,0,0,0,0.0,34,2.5050603401134994,3.3179336227476597,3.3572278916835785,0,68
candidate,20261173,0,3,34.0,1.0,1,0,0,0,0,0,0,0.0,49,2.7430676379982306,3.8485687226057053,4.203855991363525,0,98
candidate,20261173,1,3,39.0,1.0,1,0,0,0,0,0,0,0.0,83,2.6328680834856377,3.5217972472310066,5.262555554509163,0,166
candidate,20261173,2,3,-18.0,4.0,0,0,1,10,0,0,0,0.0196078431372549,51,2.4865153884770823,3.3119581639766693,3.408340737223625,0,103
candidate,20261173,3,3,-33.0,3.0,0,0,0,0,0,0,0,0.017543859649122806,57,2.5181590922568975,3.3983126282691956,3.7293750792741776,0,114
candidate,20261174,0,1,-8.0,2.5,0,0,0,0,0,0,0,0.0,32,2.5457798619754612,3.225340787321329,3.2890774309635162,0,64
candidate,20261174,1,1,40.0,1.0,1,0,0,0,0,0,0,0.1,30,2.4211213613549867,3.0754277482628813,3.2767150551080704,0,60
candidate,20261174,2,1,-20.0,4.0,0,0,1,12,0,0,0,0.0,38,2.554871926182195,3.343979176133871,3.6674197763204575,0,76
candidate,20261174,3,1,-8.0,2.5,0,0,0,0,0,0,0,0.0,30,2.5441226239005723,3.4261180087924004,3.573695197701454,0,60
candidate,20261175,0,3,-17.0,4.0,0,0,1,9,0,0,0,0.061224489795918366,49,2.6038752450626723,3.268050029873848,5.498986691236496,0,98
candidate,20261175,1,3,67.0,1.0,1,0,0,0,0,0,0,0.014925373134328358,67,2.643566467423937,3.736006096005439,4.831323400139809,0,134
candidate,20261175,2,3,51.0,1.0,1,1,0,0,0,0,0,0.024096385542168676,83,2.4503526468592955,3.2296355813741666,3.3135339617729187,0,165
candidate,20261175,3,3,37.0,1.0,1,0,0,0,0,0,0,0.0,79,2.584256585451621,3.8031553849577904,4.232706502079964,0,158
candidate,20261176,0,2,32.0,1.0,1,0,0,0,0,0,0,0.04,25,2.720036879181862,3.4753628075122833,3.7543661892414093,0,50
candidate,20261176,1,2,-16.0,4.0,0,0,1,8,0,0,0,0.0,25,2.62799009680748,3.4822706133127213,3.5241078585386276,0,50
candidate,20261176,2,2,99.0,1.0,1,1,0,0,0,0,0,0.0,47,2.5144123492088726,3.3439429476857185,3.4327954053878784,0,93
candidate,20261176,3,2,-8.0,2.5,0,0,0,0,0,0,0,0.04,25,2.4722861498594284,3.392741084098816,3.4737568348646164,0,50
candidate,20261177,0,1,-22.0,4.0,0,0,1,14,0,0,0,0.0,25,2.587290406227112,3.32137867808342,3.332003951072693,0,50
candidate,20261177,1,1,-8.0,2.5,0,0,0,0,0,0,0,0.047619047619047616,21,2.4625271381366822,3.0070655047893524,3.01278755068779,0,42
candidate,20261177,2,1,-8.0,2.5,0,0,0,0,0,0,0,0.047619047619047616,21,2.4769754991644906,3.1512659043073654,3.1720586121082306,0,42
candidate,20261177,3,1,38.0,1.0,1,0,0,0,0,0,0,0.047619047619047616,21,2.467732166960126,3.3921338617801666,3.4368373453617096,0,42
candidate,20261178,0,1,-8.0,2.5,0,0,0,0,0,0,0,0.0,39,2.545607729982107,3.304368071258068,3.3240262418985367,0,78
candidate,20261178,1,1,35.0,1.0,1,0,0,0,0,0,0,0.02564102564102564,39,2.5708689712561092,3.439781628549099,4.775581881403923,0,78
candidate,20261178,2,1,-8.0,2.5,0,0,0,0,0,0,0,0.0,39,2.5405435799024043,3.4819718450307846,3.619590774178505,0,78
candidate,20261178,3,1,-19.0,4.0,0,0,1,11,0,0,0,0.020833333333333332,48,2.5772462831810117,3.4476645290851593,5.442207679152489,0,96
candidate,20261179,0,0,-8.0,2.5,0,0,0,0,0,0,0,0.015384615384615385,65,2.8315029178674402,4.117553308606148,4.903791472315788,0,130
candidate,20261179,1,0,69.0,1.0,1,1,0,0,0,0,0,0.02040816326530612,49,2.4734764378897998,3.153664991259575,3.202959895133972,0,97
candidate,20261179,2,0,-18.0,4.0,0,0,1,10,0,0,0,0.015384615384615385,65,2.4940602767925997,3.3051829785108566,3.418121486902237,0,130
candidate,20261179,3,0,-8.0,2.5,0,0,0,0,0,0,0,0.0,44,2.6174797253175215,3.616058360785246,4.121161997318268,0,88
candidate,20261180,0,2,10.0,2.0,0,0,0,0,0,0,0,0.046153846153846156,65,2.4848908185958862,2.995818108320236,4.707979038357735,1,132
candidate,20261180,1,2,32.0,1.0,1,0,0,0,0,0,0,0.06666666666666667,30,2.4809250608086586,3.0416710302233696,3.2573360949754715,0,60
candidate,20261180,2,2,-16.0,4.0,0,0,1,8,0,0,0,0.0,30,2.6277109359701476,3.6778400652110577,3.7110503762960434,0,60
candidate,20261180,3,2,-8.0,2.5,0,0,0,0,0,0,0,0.0,30,2.5941173856457076,3.408929426223039,4.54096682369709,0,60
candidate,20261181,0,0,48.0,1.0,1,0,0,0,0,0,0,0.0,45,2.5517878433068595,3.359776735305786,3.381209447979927,0,90
candidate,20261181,1,0,-37.0,3.0,0,0,0,0,0,0,0,0.021739130434782608,46,2.57293912379638,3.395932260900736,4.70251590013504,0,93
candidate,20261181,2,0,39.0,1.0,1,0,0,0,0,0,0,0.06382978723404255,47,2.4595982296035643,3.2253779470920554,3.636300563812256,0,94
candidate,20261181,3,0,-8.0,2.5,0,0,0,0,0,0,0,0.0,45,2.5596442735857434,3.2998349517583847,4.272496327757835,0,90
candidate,20261182,0,3,-16.0,3.0,0,0,0,0,0,0,0,0.047619047619047616,21,2.5571975857019424,3.164423629641533,3.4252721816301346,0,43
candidate,20261182,1,3,48.0,1.0,1,1,0,0,0,0,0,0.0,22,2.5374143469062718,3.6195038817822933,3.638029098510742,0,43
candidate,20261182,2,3,-16.0,3.0,0,0,0,0,0,0,0,0.09523809523809523,21,2.4994432571388425,3.2428931444883347,3.2478831708431244,0,43
candidate,20261182,3,3,-19.0,3.0,0,0,0,0,0,0,0,0.041666666666666664,24,2.4839718050012984,3.3452995121479034,3.4049227833747864,0,49
candidate,20261183,0,1,-29.0,3.0,0,0,0,0,0,0,0,0.02857142857142857,35,2.5743154010602405,3.4018218517303467,3.4982990473508835,0,71
candidate,20261183,1,1,43.0,1.0,1,0,0,0,0,0,0,0.0,30,2.6341328397393227,3.6898533813655376,3.932500258088112,0,60
candidate,20261183,2,1,-8.0,2.5,0,0,0,0,0,0,0,0.029411764705882353,34,2.4692215134992317,3.2245916314423084,3.2450389117002487,0,68
candidate,20261183,3,1,-27.0,4.0,0,0,1,19,0,0,0,0.0,30,2.55034031967322,3.3772286027669907,3.414856269955635,0,60
candidate,20261184,0,1,-8.0,2.5,0,0,0,0,0,0,0,0.05555555555555555,36,2.46880068961117,3.0445875599980354,3.3378880470991135,0,72
candidate,20261184,1,1,33.0,1.0,1,0,0,0,0,0,0,0.13043478260869565,23,2.4745278870281964,3.219805657863617,3.3165793865919113,0,46
candidate,20261184,2,1,35.0,1.0,1,0,0,0,0,0,0,0.0,14,2.602331872497286,3.8018095307052135,4.0890369564294815,0,28
candidate,20261184,3,1,-19.0,4.0,0,0,1,11,0,0,0,0.0,36,2.5353017263114452,3.4046508371829987,3.4106001257896423,0,72
candidate,20261185,0,1,-8.0,2.5,0,0,0,0,0,0,0,0.03773584905660377,53,2.5043479465651064,3.0453048646450043,3.3058300614356995,0,106
candidate,20261185,1,1,-19.0,4.0,0,0,1,11,0,0,0,0.05405405405405406,37,2.492607445330233,3.2543502748012543,3.3024046570062637,0,74
candidate,20261185,2,1,-8.0,2.5,0,0,0,0,0,0,0,0.022727272727272728,44,2.4757226929068565,3.3403724431991577,3.6144591867923737,0,88
candidate,20261185,3,1,10.0,2.0,0,0,0,0,0,0,0,0.043478260869565216,69,2.389372420915659,2.995092049241066,3.3079907298088074,1,139
candidate,20261186,0,3,-20.0,4.0,0,0,1,12,0,0,0,0.037037037037037035,54,2.5089234113693237,3.0425026081502438,3.4033432602882385,0,108
candidate,20261186,1,3,-8.0,2.5,0,0,0,0,0,0,0,0.05128205128205128,39,2.4892690663154307,3.394336625933647,3.477972000837326,0,78
candidate,20261186,2,3,-8.0,2.5,0,0,0,0,0,0,0,0.06818181818181818,44,2.4734948846426876,3.2158419489860535,4.483258351683617,0,88
candidate,20261186,3,3,-17.0,4.0,0,0,1,9,0,0,0,0.0,36,2.5038343543807664,3.3644973300397396,3.398885950446129,0,72
candidate,20261187,0,3,-17.0,3.0,0,0,0,0,0,0,0,0.017543859649122806,57,2.59340636170747,3.403927758336067,3.4796465188264847,0,115
candidate,20261187,1,3,-8.0,2.5,0,0,0,0,0,0,0,0.0,44,2.6126183061437174,3.506448958069086,3.6331024020910263,0,88
candidate,20261187,2,3,37.0,1.0,1,0,0,0,0,0,0,0.0,44,2.5807703760537235,3.6352827213704586,3.714345395565033,0,88
candidate,20261187,3,3,-17.0,3.0,0,0,0,0,0,0,0,0.017543859649122806,57,2.4971511018903634,3.3412691205739975,3.400031477212906,0,115
candidate,20261188,0,1,-8.0,2.5,0,0,0,0,0,0,0,0.0,39,2.568329421755595,3.2767334952950478,3.4227538853883743,0,78
candidate,20261188,1,1,78.0,1.0,1,1,0,0,0,0,0,0.017857142857142856,56,2.5851666993860687,3.6200820468366146,3.7958379834890366,0,111
candidate,20261188,2,1,-22.0,3.0,0,0,0,0,0,0,0,0.027777777777777776,72,2.4133438968824015,2.9895106330513954,3.0465014278888702,0,145
candidate,20261188,3,1,-8.0,2.5,0,0,0,0,0,0,0,0.07692307692307693,39,2.4086640049249697,3.1952446326613426,3.2074041664600372,0,78
candidate,20261189,0,3,-8.0,2.5,0,0,0,0,0,0,0,0.018867924528301886,53,2.535448673198808,3.156769275665283,3.3361855894327164,0,106
candidate,20261189,1,3,-17.0,4.0,0,0,1,9,0,0,0,0.05263157894736842,57,2.510536560102513,3.37575264275074,3.5213660448789597,0,114
candidate,20261189,2,3,33.0,1.0,1,0,0,0,0,0,0,0.018867924528301886,53,2.4898135858886645,3.391898423433304,3.4691859036684036,0,106
candidate,20261189,3,3,-8.0,2.5,0,0,0,0,0,0,0,0.061224489795918366,49,2.419273464047179,3.328992798924446,3.3915508538484573,0,98
candidate,20261190,0,1,-8.0,2.5,0,0,0,0,0,0,0,0.0,57,2.5707212064349863,3.449373692274093,3.6690086126327515,0,114
candidate,20261190,1,1,38.0,1.0,1,0,0,0,0,0,0,0.07017543859649122,57,2.5012830370350887,3.335541859269142,4.670124500989914,0,114
candidate,20261190,2,1,-24.0,3.0,0,0,0,0,0,0,0,0.0,58,2.6933396042420945,3.787899762392044,4.102418199181557,0,117
candidate,20261190,3,1,54.0,1.0,1,1,0,0,0,0,0,0.0,53,2.590839909213894,3.81881333887577,4.1722264140844345,0,105
candidate,20261191,0,0,-19.0,3.0,0,0,0,0,0,0,0,0.0,53,2.6397962334021083,3.635222464799881,4.13268618285656,0,107
candidate,20261191,1,0,-8.0,2.5,0,0,0,0,0,0,0,0.0,43,2.4996483048727347,3.184222988784313,3.226395696401596,0,86
candidate,20261191,2,0,-8.0,2.5,0,0,0,0,0,0,0,0.05263157894736842,38,2.44648553627102,3.0122349970042706,3.0584875494241714,0,76
candidate,20261191,3,0,54.0,1.0,1,1,0,0,0,0,0,0.018518518518518517,54,2.515572088736075,3.4281891770660877,3.520471975207329,0,107
candidate,20261192,0,2,46.0,1.0,1,0,0,0,0,0,0,0.0,54,2.6721863283051386,3.6941559985280037,4.398668184876442,0,108
candidate,20261192,1,2,36.0,1.0,1,0,0,0,0,0,0,0.0,43,2.678452622751857,3.7862503901124,4.64685820043087,0,86
candidate,20261192,2,2,-8.0,2.5,0,0,0,0,0,0,0,0.0,54,2.57036741822958,3.4891410730779158,3.705918788909912,0,108
candidate,20261192,3,2,-8.0,2.5,0,0,0,0,0,0,0,0.0,47,2.5478170273151806,3.507432155311107,3.5473592579364777,0,94
candidate,20261193,0,1,-21.0,3.0,0,0,0,0,0,0,0,0.044444444444444446,45,2.5559987872838974,3.4802183508872986,3.6569610238075256,0,91
candidate,20261193,1,1,72.0,1.0,1,1,0,0,0,0,0,0.0,42,2.5868827388400124,3.5811769776046276,3.688853234052658,0,83
candidate,20261193,2,1,-21.0,3.0,0,0,0,0,0,0,0,0.06666666666666667,45,2.3697411434517965,2.835950627923012,3.4592878073453903,0,91
candidate,20261193,3,1,-21.0,3.0,0,0,0,0,0,0,0,0.022222222222222223,45,2.434767327374882,3.0357595533132553,3.092736005783081,0,91
candidate,20261194,0,0,-8.0,2.5,0,0,0,0,0,0,0,0.0,48,2.5338686148946485,3.161304071545601,3.3396165817976,0,96
candidate,20261194,1,0,-8.0,2.5,0,0,0,0,0,0,0,0.0,60,2.5344133066634336,3.3356716856360435,3.398654982447624,0,120
candidate,20261194,2,0,0.0,2.5,0,0,0,0,0,1,0,0.0,83,2.518260290464723,3.4034207463264465,3.424348309636116,0,167
candidate,20261194,3,0,-21.0,4.0,0,0,1,13,0,0,0,0.016666666666666666,60,2.5223656557500362,3.3925646916031837,3.4468621015548706,0,120
candidate,20261195,0,0,-21.0,3.0,0,0,0,0,0,0,0,0.0273972602739726,73,2.4936564062556177,3.1946364790201187,3.369418904185295,0,147
candidate,20261195,1,0,35.0,1.0,1,0,0,0,0,0,0,0.046511627906976744,43,2.431193626550741,3.204816579818725,3.2869409769773483,0,86
candidate,20261195,2,0,-8.0,2.5,0,0,0,0,0,0,0,0.0,42,2.5506196100087393,3.494741395115852,3.851383924484253,0,84
candidate,20261195,3,0,-8.0,2.5,0,0,0,0,0,0,0,0.023809523809523808,42,2.482982263678596,3.409749362617731,3.5476014018058777,0,84
candidate,20261196,0,1,32.0,1.0,1,0,0,0,0,0,0,0.015384615384615385,65,2.5391630828380585,3.307972475886345,3.3721644431352615,0,130
candidate,20261196,1,1,0.0,2.5,0,0,0,0,0,1,1,0.0,85,2.604285693343948,3.48241925239563,3.6022737622261047,0,170
candidate,20261196,2,1,0.0,2.5,0,0,0,0,0,1,1,0.0,85,2.514649314038894,3.3835798501968384,3.501748666167259,0,170
candidate,20261196,3,1,0.0,2.5,0,0,0,0,0,1,1,0.011904761904761904,84,2.6896399268437,4.224006831645965,4.7374144196510315,0,168
candidate,20261197,0,1,-8.0,2.5,0,0,0,0,0,0,0,0.02857142857142857,35,2.561558783054352,3.3504383638501167,3.4099966287612915,0,70
candidate,20261197,1,1,-19.0,4.0,0,0,1,11,0,0,0,0.0,39,2.536921833570187,3.4128135070204735,3.5005509853363037,0,78
candidate,20261197,2,1,35.0,1.0,1,0,0,0,0,0,0,0.02564102564102564,39,2.453918592670025,3.4087853506207466,3.5845059901475906,0,78
candidate,20261197,3,1,-21.0,3.0,0,0,0,0,0,0,0,0.08695652173913043,46,2.425028983017673,3.1614466570317745,3.267766907811165,0,93
candidate,20261198,0,0,-8.0,2.5,0,0,0,0,0,0,0,0.05172413793103448,58,2.440375789743045,2.913777157664299,3.1644366681575775,0,116
candidate,20261198,1,0,-16.0,4.0,0,0,1,8,0,0,0,0.01639344262295082,61,2.498816576648931,3.1824838370084763,3.2536014914512634,0,122
candidate,20261198,2,0,-8.0,2.5,0,0,0,0,0,0,0,0.0,61,2.507080186585911,3.3627189695835114,3.4846067428588867,0,122
candidate,20261198,3,0,-16.0,4.0,0,0,1,8,0,0,0,0.0,39,2.5259207169979048,3.3519992604851723,4.449019208550453,0,78
candidate,20261199,0,1,-17.0,3.0,0,0,0,0,0,0,0,0.034482758620689655,58,2.532807114566195,3.1280341558158393,3.961896523833275,0,117
candidate,20261199,1,1,-8.0,2.5,0,0,0,0,0,0,0,0.023809523809523808,42,2.5252426664034524,3.3738634549081326,3.3987071365118027,0,84
candidate,20261199,2,1,-8.0,2.5,0,0,0,0,0,0,0,0.04878048780487805,41,2.4361301031781406,2.98859179019928,3.9717014878988266,0,82
candidate,20261199,3,1,-16.0,4.0,0,0,1,8,0,0,0,0.04878048780487805,41,2.4458628329561978,3.0423272401094437,3.497874364256859,0,82
candidate,20261200,0,0,-8.0,2.5,0,0,0,0,0,0,0,0.023809523809523808,42,2.578416129662877,3.4472635947167873,3.7077590823173523,0,84
candidate,20261200,1,0,39.0,1.0,1,0,0,0,0,0,0,0.07142857142857142,42,2.465301060250827,3.2262508757412434,3.2603107392787933,0,84
candidate,20261200,2,0,-24.0,4.0,0,0,1,16,0,0,0,0.0,37,2.6024037317649737,3.5561915487051,4.297679290175438,0,74
candidate,20261200,3,0,50.0,1.0,1,0,0,0,0,0,0,0.0,45,2.5582830939027996,3.5481479018926616,4.169721156358719,0,90
candidate,20261201,0,3,-8.0,2.5,0,0,0,0,0,0,0,0.01694915254237288,59,2.5145181659924782,3.091380931437015,3.342682495713234,0,118
candidate,20261201,1,3,32.0,1.0,1,0,0,0,0,0,0,0.01694915254237288,59,2.5180250848248855,3.426945023238659,3.5990960896015167,0,118
candidate,20261201,2,3,41.0,1.0,1,0,0,0,0,0,0,0.0,77,2.5409671973872494,3.498266637325287,3.581605851650238,0,154
candidate,20261201,3,3,-16.0,4.0,0,0,1,8,0,0,0,0.01694915254237288,59,2.448128031219466,3.1973484903573985,3.3392831683158875,0,118
candidate,20261202,0,2,-8.0,2.5,0,0,0,0,0,0,0,0.0,80,2.5836756452918053,3.306851349771023,3.5107657313346863,0,160
candidate,20261202,1,2,-21.0,3.0,0,0,0,0,0,0,0,0.02040816326530612,49,2.5807632399456844,3.6272883415222164,3.8533825427293777,0,99
candidate,20261202,2,2,-8.0,2.5,0,0,0,0,0,0,0,0.0,57,2.5232827062146708,3.3956103026866913,3.4567508846521378,0,114
candidate,20261202,3,2,-21.0,3.0,0,0,0,0,0,0,0,0.02040816326530612,49,2.462884031084119,3.1775198876857758,3.333158791065216,0,99
candidate,20261203,0,3,-20.0,4.0,0,0,1,12,0,0,0,0.0,36,2.625460477752818,3.4995395690202713,3.817029297351837,0,72
candidate,20261203,1,3,-22.0,3.0,0,0,0,0,0,0,0,0.015625,64,2.488536003511399,3.08275269344449,3.3117178827524185,0,129
candidate,20261203,2,3,36.0,1.0,1,0,0,0,0,0,0,0.0,36,2.5775725435879497,3.563658334314823,3.798810765147209,0,72
candidate,20261203,3,3,-8.0,2.5,0,0,0,0,0,0,0,0.025,40,2.4779788684099913,3.2993195578455925,3.4286119043827057,0,80
candidate,20261204,0,2,-21.0,3.0,0,0,0,0,0,0,0,0.0,48,2.5670366594567895,3.3074909821152687,3.3560674637556076,0,97
candidate,20261204,1,2,-21.0,3.0,0,0,0,0,0,0,0,0.0,46,2.5499065447112788,3.295124974101782,3.4042950719594955,0,93
candidate,20261204,2,2,63.0,1.0,1,1,0,0,0,0,0,0.0,47,2.4912795250086073,3.3582666888833046,3.4176241606473923,0,93
candidate,20261204,3,2,50.0,1.0,1,0,0,0,0,0,0,0.0,45,2.5163349592023425,3.4287646412849426,3.468841314315796,0,90
candidate,20261205,0,1,84.0,1.0,1,1,0,0,0,0,0,0.05970149253731343,67,2.487212530712583,3.0866993591189384,3.2707378268241882,0,134
candidate,20261205,1,1,48.0,1.0,1,1,0,0,0,0,0,0.015151515151515152,66,2.49051878398115,3.2341154292225838,3.403453156352043,0,131
candidate,20261205,2,1,-8.0,2.5,0,0,0,0,0,0,0,0.022727272727272728,44,2.4413231506266375,3.0845613218843937,3.25775146484375,0,88
candidate,20261205,3,1,-28.0,3.0,0,0,0,0,0,0,0,0.0,65,2.586492752799621,3.5257063806056976,3.587614744901657,0,131
