model,wall_seed,seat,prevalent_wind,score,rank,win,self_draw,deal_in,deal_in_fan,big_deal_in,draw,draw_tenpai,call_rate,decisions,mean_decision_ms,p95_decision_ms,max_decision_ms,invalid_or_timeout,steps
candidate,20260706,0,3,35.0,1.0,1,0,0,0,0,0,0,0.075,40,10.543270874768496,3.345164004713295,326.2114357203245,0,80
candidate,20260706,1,3,-17.0,4.0,0,0,1,9,0,0,0,0.09090909090909091,33,2.537353415832375,3.261325880885124,3.298260271549225,0,66
candidate,20260706,2,3,-19.0,4.0,0,0,1,11,0,0,0,0.0,40,2.735380409285426,3.955976106226444,4.178579896688461,0,80
candidate,20260706,3,3,-8.0,2.5,0,0,0,0,0,0,0,0.0,40,2.4625363759696484,3.338604886084795,3.387749195098877,0,80
candidate,20260707,0,1,-8.0,2.5,0,0,0,0,0,0,0,0.019230769230769232,52,2.5852137746719213,3.329853154718876,3.9135999977588654,0,104
candidate,20260707,1,1,-29.0,4.0,0,0,1,21,0,0,0,0.04477611940298507,67,2.458628294850463,3.256450593471527,3.314672037959099,0,134
candidate,20260707,2,1,-31.0,3.0,0,0,0,0,0,0,0,0.016666666666666666,60,2.4285427294671535,3.106198366731405,3.6600641906261444,0,121
candidate,20260707,3,1,45.0,1.0,1,0,0,0,0,0,0,0.014925373134328358,67,2.5296177047846924,3.7303352728486048,5.206441506743431,0,134
candidate,20260708,0,0,102.0,1.0,1,1,0,0,0,0,0,0.0,45,2.524124417040083,3.3031687140464783,3.435855731368065,0,89
candidate,20260708,1,0,-34.0,3.0,0,0,0,0,0,0,0,0.06818181818181818,44,2.3939261974936183,3.0969095416367054,3.2809190452098846,0,89
candidate,20260708,2,0,-34.0,3.0,0,0,0,0,0,0,0,0.0,44,2.519020980054682,3.5964936017990112,3.623591735959053,0,89
candidate,20260708,3,0,-34.0,3.0,0,0,0,0,0,0,0,0.022727272727272728,44,2.3865092715079133,3.143805917352438,3.2637324184179306,0,89
candidate,20260709,0,1,-8.0,2.5,0,0,0,0,0,0,0,0.0,28,2.4870113203568116,3.3048581331968307,3.3226758241653442,0,56
candidate,20260709,1,1,-8.0,2.5,0,0,0,0,0,0,0,0.02564102564102564,39,2.443612051697878,3.1393738463521004,3.1795818358659744,0,78
candidate,20260709,2,1,-8.0,2.5,0,0,0,0,0,0,0,0.023809523809523808,42,2.5095134263946894,3.3307399600744247,4.724686965346336,0,84
candidate,20260709,3,1,35.0,1.0,1,0,0,0,0,0,0,0.03571428571428571,28,2.451343262302024,3.4268981777131557,3.52688692510128,0,56
candidate,20260710,0,2,-23.0,3.0,0,0,0,0,0,0,0,0.0,29,2.52651859974039,3.233766555786133,3.2609086483716965,0,59
candidate,20260710,1,2,69.0,1.0,1,1,0,0,0,0,0,0.0,30,2.454693429172039,3.231939487159252,3.2670460641384125,0,59
candidate,20260710,2,2,-23.0,3.0,0,0,0,0,0,0,0,0.034482758620689655,29,2.411214506317829,3.1580109149217606,3.1746700406074524,0,59
candidate,20260710,3,2,-23.0,3.0,0,0,0,0,0,0,0,0.0,29,2.4426456155448126,3.2936032861471176,3.3646225929260254,0,59
candidate,20260711,0,3,-24.0,3.0,0,0,0,0,0,0,0,0.0,74,2.5950908862255715,3.5036051645874977,3.540579229593277,0,149
candidate,20260711,1,3,0.0,2.5,0,0,0,0,0,1,1,0.011904761904761904,84,2.4417931258323646,3.198547475039959,3.351926803588867,0,168
candidate,20260711,2,3,-8.0,2.5,0,0,0,0,0,0,0,0.0,68,2.5497261325226113,3.465376887470484,3.7416107952594757,0,136
candidate,20260711,3,3,-8.0,2.5,0,0,0,0,0,0,0,0.024390243902439025,41,2.481151553915768,3.2959915697574615,5.774306133389473,0,82
candidate,20260712,0,1,-8.0,2.5,0,0,0,0,0,0,0,0.041666666666666664,72,2.433185620854298,3.067849949002266,4.976695403456688,0,144
candidate,20260712,1,1,52.0,1.0,1,0,0,0,0,0,0,0.0,52,2.537666318508295,3.614653274416923,3.6731474101543427,0,104
candidate,20260712,2,1,-8.0,2.5,0,0,0,0,0,0,0,0.0,50,2.4300430715084076,3.2781360670924187,3.4789200872182846,0,100
candidate,20260712,3,1,-8.0,2.5,0,0,0,0,0,0,0,0.038461538461538464,52,2.4225554214074063,3.011084161698818,5.44254295527935,0,104
candidate,20260713,0,0,48.0,1.0,1,0,0,0,0,0,0,0.0,56,2.5170948689005206,3.320979420095682,3.4524835646152496,0,112
candidate,20260713,1,0,-22.0,3.0,0,0,0,0,0,0,0,0.01694915254237288,59,2.4541359142226686,3.1558007001876827,5.573024973273277,0,119
candidate,20260713,2,0,-8.0,2.5,0,0,0,0,0,0,0,0.09523809523809523,42,2.3250898701094447,2.8678952716290946,3.137623891234398,0,84
candidate,20260713,3,0,34.0,1.0,1,0,0,0,0,0,0,0.03389830508474576,59,2.3749996039826993,3.0630752444267273,3.4570805728435516,0,118
candidate,20260714,0,0,-18.0,3.0,0,0,0,0,0,0,0,0.0392156862745098,51,2.5003117819627128,3.3314041793346405,3.4342780709266663,0,103
candidate,20260714,1,0,-18.0,3.0,0,0,0,0,0,0,0,0.0392156862745098,51,2.450899787101091,3.2663559541106224,4.74948063492775,0,103
candidate,20260714,2,0,-8.0,2.5,0,0,0,0,0,0,0,0.06666666666666667,45,2.348481739560763,3.098779544234276,3.238596022129059,0,90
candidate,20260714,3,0,32.0,1.0,1,0,0,0,0,0,0,0.024390243902439025,41,2.4525539086359305,3.5134516656398773,3.613928332924843,0,82
candidate,20260715,0,1,141.0,1.0,1,1,0,0,0,0,0,0.05,60,2.3974983332057795,3.1710452400147915,3.2404009252786636,0,119
candidate,20260715,1,1,33.0,1.0,1,0,0,0,0,0,0,0.0,62,2.5856702798797238,3.6433746106922626,3.7852730602025986,0,124
candidate,20260715,2,1,-17.0,4.0,0,0,1,9,0,0,0,0.016129032258064516,62,2.425395643278476,3.242794144898653,3.338417038321495,0,124
candidate,20260715,3,1,-8.0,2.5,0,0,0,0,0,0,0,0.01639344262295082,61,2.3873979989133898,3.2466668635606766,3.3406447619199753,0,122
candidate,20260716,0,1,-8.0,2.5,0,0,0,0,0,0,0,0.0,27,2.505330506850172,3.2978277653455734,3.4083444625139236,0,54
candidate,20260716,1,1,42.0,1.0,1,0,0,0,0,0,0,0.037037037037037035,27,2.483788256843885,3.3496027812361717,3.4345593303442,0,54
candidate,20260716,2,1,-26.0,4.0,0,0,1,18,0,0,0,0.07407407407407407,27,2.3537385794851513,2.9486630111932755,3.1340159475803375,0,54
candidate,20260716,3,1,-8.0,2.5,0,0,0,0,0,0,0,0.038461538461538464,26,2.3905500196493588,3.229101188480854,3.279116004705429,0,52
candidate,20260717,0,3,-24.0,4.0,0,0,1,16,0,0,0,0.0,49,2.5176232186507206,3.232233226299286,3.306182101368904,0,98
candidate,20260717,1,3,40.0,1.0,1,0,0,0,0,0,0,0.0,49,2.4885776243647753,3.4904859960079193,3.57636995613575,0,98
candidate,20260717,2,3,-23.0,4.0,0,0,1,15,0,0,0,0.012658227848101266,79,2.532345844031889,3.7640048190951343,4.027478396892548,0,158
candidate,20260717,3,3,-8.0,2.5,0,0,0,0,0,0,0,0.0,49,2.449841029485878,3.3176857978105545,3.3697914332151413,0,98
candidate,20260718,0,2,32.0,1.0,1,0,0,0,0,0,0,0.02631578947368421,76,2.627667211192219,3.5954746417701244,4.872601479291916,0,151
candidate,20260718,1,2,-17.0,4.0,0,0,1,9,0,0,0,0.03225806451612903,62,2.4010726521092076,3.238614182919263,3.3363401889801025,0,124
candidate,20260718,2,2,32.0,1.0,1,0,0,0,0,0,0,0.015625,64,2.4150446988642216,3.3021196722984314,3.3498723059892654,0,128
candidate,20260718,3,2,33.0,1.0,1,0,0,0,0,0,0,0.0,62,2.4582177040077027,3.359095100313425,3.6291666328907013,0,124
candidate,20260719,0,0,32.0,1.0,1,0,0,0,0,0,0,0.02857142857142857,70,2.4422265589237213,3.0353082343935966,3.4248419106006622,0,140
candidate,20260719,1,0,-8.0,2.5,0,0,0,0,0,0,0,0.0,70,2.4612275351371085,3.33251953125,3.3734794706106186,0,140
candidate,20260719,2,0,0.0,2.5,0,0,0,0,0,1,0,0.011627906976744186,86,2.4040716288741244,3.145422786474228,3.200063481926918,0,172
candidate,20260719,3,0,0.0,2.5,0,0,0,0,0,1,0,0.0,86,2.4963663890957832,3.4551541320979595,3.7694405764341354,0,172
candidate,20260720,0,2,34.0,1.0,1,0,0,0,0,0,0,0.029850746268656716,67,2.452981032764734,3.1167628243565555,3.839479759335518,0,134
candidate,20260720,1,2,-8.0,2.5,0,0,0,0,0,0,0,0.0,67,2.592322235899185,3.666447289288044,3.898920491337776,0,134
candidate,20260720,2,2,33.0,1.0,1,0,0,0,0,0,0,0.031746031746031744,63,2.6766201629052087,3.8706811144948,4.844505339860916,0,126
candidate,20260720,3,2,-18.0,4.0,0,0,1,10,0,0,0,0.046153846153846156,65,2.4063014640257907,3.07975672185421,3.440041095018387,0,130
candidate,20260721,0,1,-8.0,2.5,0,0,0,0,0,0,0,0.041666666666666664,24,2.455012717594703,3.2398514449596405,3.282196819782257,0,48
candidate,20260721,1,1,-8.0,2.5,0,0,0,0,0,0,0,0.0,24,2.4041392219563327,3.2854674383997917,3.315947949886322,0,48
candidate,20260721,2,1,34.0,1.0,1,0,0,0,0,0,0,0.08333333333333333,24,2.3977099917829037,3.172169718891382,3.210369497537613,0,48
candidate,20260721,3,1,-19.0,3.0,0,0,0,0,0,0,0,0.0,63,2.457226109173563,3.3146314322948456,3.720328211784363,0,127
candidate,20260722,0,3,33.0,1.0,1,0,0,0,0,0,0,0.05084745762711865,59,2.417962871870752,3.026214987039566,3.297898918390274,0,118
candidate,20260722,1,3,-18.0,4.0,0,0,1,10,0,0,0,0.03389830508474576,59,2.4299074153778917,3.075902350246906,4.091707989573479,0,118
candidate,20260722,2,3,-8.0,2.5,0,0,0,0,0,0,0,0.03389830508474576,59,2.363084357673839,3.0197907239198685,3.071693703532219,0,118
candidate,20260722,3,3,-8.0,2.5,0,0,0,0,0,0,0,0.01694915254237288,59,2.422954192606069,3.165533952414989,3.27177532017231,0,118
candidate,20260723,0,0,-8.0,2.5,0,0,0,0,0,0,0,0.0,39,2.5878624560741277,3.6376889795064926,3.6764200776815414,0,78
candidate,20260723,1,0,-18.0,3.0,0,0,0,0,0,0,0,0.0,37,2.5099704193102346,3.4089952707290645,3.6181993782520294,0,75
candidate,20260723,2,0,-20.0,4.0,0,0,1,12,0,0,0,0.0,35,2.5196473513330733,3.5121306777000427,3.6428719758987427,0,70
candidate,20260723,3,0,-8.0,2.5,0,0,0,0,0,0,0,0.02564102564102564,39,2.4141197880873313,3.1394369900226597,3.500092774629593,0,78
candidate,20260724,0,2,-34.0,3.0,0,0,0,0,0,0,0,0.014925373134328358,67,2.5444784159980602,3.494790382683277,3.5686269402503967,0,135
candidate,20260724,1,2,-17.0,4.0,0,0,1,9,0,0,0,0.029850746268656716,67,2.465831032439844,3.2433537766337395,3.5892613232135773,0,134
candidate,20260724,2,2,33.0,1.0,1,0,0,0,0,0,0,0.0,50,2.4636558815836906,3.3047540113329887,3.5435110330581665,0,100
candidate,20260724,3,2,102.0,1.0,1,1,0,0,0,0,0,0.0,56,2.4575782008469105,3.3287093974649906,3.8509201258420944,0,111
candidate,20260725,0,2,51.0,1.0,1,1,0,0,0,0,0,0.0,43,2.5476235463175665,3.526430018246174,3.7209484726190567,0,85
candidate,20260725,1,2,-17.0,3.0,0,0,0,0,0,0,0,0.04878048780487805,41,2.4299885532478007,3.2458193600177765,3.540312871336937,0,83
candidate,20260725,2,2,-17.0,3.0,0,0,0,0,0,0,0,0.0,40,2.4497717153280973,3.2936242409050465,3.6861803382635117,0,81
candidate,20260725,3,2,-8.0,2.5,0,0,0,0,0,0,0,0.05555555555555555,54,2.4719523196970976,3.5986900329589844,3.7658344954252243,0,108
candidate,20260726,0,1,-8.0,2.5,0,0,0,0,0,0,0,0.0,69,2.4950409011132475,3.3297527581453323,3.4606195986270905,0,138
candidate,20260726,1,1,-8.0,2.5,0,0,0,0,0,0,0,0.014925373134328358,67,2.55278372831309,3.418056480586529,4.793556407094002,0,134
candidate,20260726,2,1,-8.0,2.5,0,0,0,0,0,0,0,0.04411764705882353,68,2.382354947793133,3.2014690339565277,3.4621115773916245,0,136
candidate,20260726,3,1,35.0,1.0,1,0,0,0,0,0,0,0.014705882352941176,68,2.478411722490016,3.433619625866413,4.954151809215546,0,136
candidate,20260727,0,1,-8.0,2.5,0,0,0,0,0,0,0,0.024390243902439025,41,2.5615069742609813,3.2656602561473846,5.225127562880516,0,82
candidate,20260727,1,1,-8.0,2.5,0,0,0,0,0,0,0,0.0,41,2.524410170025942,3.439774736762047,3.546247258782387,0,82
candidate,20260727,2,1,-17.0,4.0,0,0,1,9,0,0,0,0.0,41,2.447967258531873,3.3164620399475098,3.3521316945552826,0,82
candidate,20260727,3,1,33.0,1.0,1,0,0,0,0,0,0,0.07317073170731707,41,2.3127098272486433,2.8696004301309586,2.9001962393522263,0,82
candidate,20260728,0,1,-16.0,3.0,0,0,0,0,0,0,0,0.04878048780487805,41,2.411270286978745,2.985302358865738,3.2101646065711975,0,83
candidate,20260728,1,1,-16.0,3.0,0,0,0,0,0,0,0,0.0,39,2.543019703947581,3.277193196117878,6.862375885248184,0,79
candidate,20260728,2,1,-16.0,3.0,0,0,0,0,0,0,0,0.024390243902439025,41,2.505485740740125,3.261363133788109,7.344897836446762,0,83
candidate,20260728,3,1,-8.0,2.5,0,0,0,0,0,0,0,0.0,59,2.5942237511024637,3.6729535087943077,5.996529012918472,0,118
candidate,20260729,0,3,-19.0,4.0,0,0,1,11,0,0,0,0.0,65,2.5537129778128405,3.492136672139168,3.637107089161873,0,130
candidate,20260729,1,3,34.0,1.0,1,0,0,0,0,0,0,0.0,68,2.5300496696111034,3.562924452126026,3.6734025925397873,0,136
candidate,20260729,2,3,-19.0,4.0,0,0,1,11,0,0,0,0.0,51,2.463043393457637,3.2301750034093857,3.384627401828766,0,102
candidate,20260729,3,3,-18.0,4.0,0,0,1,10,0,0,0,0.0,68,2.50752703012789,3.5652734339237213,3.980761393904686,0,136
candidate,20260730,0,1,32.0,1.0,1,0,0,0,0,0,0,0.05357142857142857,56,2.3986380214669873,2.963124308735132,3.329448401927948,0,112
candidate,20260730,1,1,-8.0,2.5,0,0,0,0,0,0,0,0.041666666666666664,48,2.4465194437652826,3.2945566810667515,4.0475353598594666,0,96
candidate,20260730,2,1,-19.0,3.0,0,0,0,0,0,0,0,0.0,33,2.4362926681836448,3.2790452241897583,3.431282937526703,0,67
candidate,20260730,3,1,33.0,1.0,1,0,0,0,0,0,0,0.03225806451612903,31,2.4452627666534914,3.316763788461685,3.3757612109184265,0,62
candidate,20260731,0,2,-8.0,2.5,0,0,0,0,0,0,0,0.013513513513513514,74,2.5215880139856726,3.2607464119791985,4.89119254052639,0,148
candidate,20260731,1,2,-17.0,3.0,0,0,0,0,0,0,0,0.0,54,2.5756734733780227,3.6063754931092262,6.099171936511993,0,109
candidate,20260731,2,2,-17.0,3.0,0,0,0,0,0,0,0,0.018518518518518517,54,2.5307360553631075,3.486157674342394,4.72012534737587,0,109
candidate,20260731,3,2,-8.0,2.5,0,0,0,0,0,0,0,0.03333333333333333,60,2.4457505283256373,3.1527765095233917,5.214089527726173,0,120
candidate,20260732,0,1,38.0,1.0,1,0,0,0,0,0,0,0.07142857142857142,28,2.458138657467706,3.2696534879505634,3.370556980371475,0,56
candidate,20260732,1,1,33.0,1.0,1,0,0,0,0,0,0,0.027777777777777776,36,2.4116426809794373,3.1211436726152897,3.2054204493761063,0,72
candidate,20260732,2,1,-8.0,2.5,0,0,0,0,0,0,0,0.0,28,2.434041484126023,3.2832314260303974,3.3669844269752502,0,56
candidate,20260732,3,1,-24.0,3.0,0,0,0,0,0,0,0,0.0,28,2.4166882171162536,3.32136582583189,3.401719033718109,0,57
candidate,20260733,0,1,-23.0,3.0,0,0,0,0,0,0,0,0.0,60,2.47120363637805,3.288185689598322,3.41646745800972,0,121
candidate,20260733,1,1,-8.0,2.5,0,0,0,0,0,0,0,0.030303030303030304,66,2.3907933553511445,2.993818838149309,3.2353289425373077,0,132
candidate,20260733,2,1,63.0,1.0,1,1,0,0,0,0,0,0.015151515151515152,66,2.405718420491074,3.1848102807998657,3.5165678709745407,0,131
candidate,20260733,3,1,-21.0,3.0,0,0,0,0,0,0,0,0.015384615384615385,65,2.42497233244089,3.2904189079999924,3.4663863480091095,0,131
candidate,20260734,0,0,-18.0,3.0,0,0,0,0,0,0,0,0.02666666666666667,75,2.4326935907204947,3.023587167263031,3.2710786908864975,0,151
candidate,20260734,1,0,-18.0,3.0,0,0,0,0,0,0,0,0.0,75,2.554386779665947,3.574316017329693,4.023224115371704,0,151
candidate,20260734,2,0,-18.0,3.0,0,0,0,0,0,0,0,0.0136986301369863,73,2.460155585040785,3.316956013441086,3.446107730269432,0,147
candidate,20260734,3,0,-8.0,2.5,0,0,0,0,0,0,0,0.01694915254237288,59,2.385940371175944,3.1587099656462665,3.305867314338684,0,118
candidate,20260735,0,3,-8.0,2.5,0,0,0,0,0,0,0,0.0196078431372549,51,2.4399360386179945,3.1185895204544067,3.2091010361909866,0,102
candidate,20260735,1,3,32.0,1.0,1,0,0,0,0,0,0,0.0,39,2.4959341360208316,3.5539820790290833,3.9963535964488983,0,78
candidate,20260735,2,3,-8.0,2.5,0,0,0,0,0,0,0,0.0,47,2.4821663552776294,3.4590732306241985,3.6684460937976837,0,94
candidate,20260735,3,3,-21.0,4.0,0,0,1,13,0,0,0,0.0392156862745098,51,2.380727005063319,3.1809955835342407,3.3168327063322067,0,102
candidate,20260736,0,0,-27.0,4.0,0,0,1,19,0,0,0,0.08571428571428572,35,2.4304563445704326,3.1355196610093117,3.339756280183792,0,70
candidate,20260736,1,0,-8.0,2.5,0,0,0,0,0,0,0,0.02857142857142857,35,2.4252268884863173,3.125819563865661,3.568340092897415,0,70
candidate,20260736,2,0,-8.0,2.5,0,0,0,0,0,0,0,0.0,35,2.4022389203310013,3.267030604183674,3.3048316836357117,0,70
candidate,20260736,3,0,54.0,1.0,1,1,0,0,0,0,0,0.047619047619047616,42,2.323402003163383,3.0677969567477703,3.227824345231056,0,83
candidate,20260737,0,0,-24.0,3.0,0,0,0,0,0,0,0,0.029411764705882353,34,2.4553984951447037,3.1453012488782406,3.245897591114044,0,69
candidate,20260737,1,0,-24.0,3.0,0,0,0,0,0,0,0,0.0,34,2.493985052056172,3.425242193043232,3.4400206059217453,0,69
candidate,20260737,2,0,-17.0,4.0,0,0,1,9,0,0,0,0.0,66,2.6034445812304816,4.078280180692673,4.345769062638283,0,132
candidate,20260737,3,0,-24.0,3.0,0,0,0,0,0,0,0,0.058823529411764705,34,2.353519146495006,3.2256338745355606,3.253888338804245,0,69
candidate,20260738,0,0,33.0,1.0,1,0,0,0,0,0,0,0.04878048780487805,41,2.484634518623352,3.2784491777420044,3.39340977370739,0,84
candidate,20260738,1,0,-17.0,4.0,0,0,1,9,0,0,0,0.047619047619047616,42,2.4588514296781447,3.226611763238907,3.2764822244644165,0,84
candidate,20260738,2,0,-8.0,2.5,0,0,0,0,0,0,0,0.0,41,2.5497723098208263,3.740428015589714,4.042265936732292,0,84
candidate,20260738,3,0,-8.0,2.5,0,0,0,0,0,0,0,0.06521739130434782,46,2.330261890007102,2.840176224708557,2.947872504591942,0,92
candidate,20260739,0,0,-26.0,3.0,0,0,0,0,0,0,0,0.0,36,2.6369380971623793,3.779570572078228,4.264082759618759,0,73
candidate,20260739,1,0,-26.0,3.0,0,0,0,0,0,0,0,0.05555555555555555,36,2.393738470143742,3.159838728606701,3.1698402017354965,0,73
candidate,20260739,2,0,-26.0,3.0,0,0,0,0,0,0,0,0.0,36,2.5380918135245643,3.5014962777495384,3.9436835795640945,0,73
candidate,20260739,3,0,-8.0,2.5,0,0,0,0,0,0,0,0.05555555555555555,54,2.350862448414167,2.894271910190582,3.2950006425380707,0,108
candidate,20260740,0,1,-8.0,2.5,0,0,0,0,0,0,0,0.0,38,2.6198407929194603,3.7180567160248756,3.963116556406021,0,76
candidate,20260740,1,1,-19.0,4.0,0,0,1,11,0,0,0,0.0,34,2.4641548447749195,3.334666509181261,3.520522266626358,0,68
candidate,20260740,2,1,35.0,1.0,1,0,0,0,0,0,0,0.07894736842105263,38,2.3325224358000254,2.831683214753866,2.907855436205864,0,76
candidate,20260740,3,1,-8.0,2.5,0,0,0,0,0,0,0,0.0,38,2.4347152855051193,3.299088589847088,3.343714401125908,0,76
candidate,20260741,0,1,-8.0,2.5,0,0,0,0,0,0,0,0.022727272727272728,44,2.400497482581572,3.079432062804699,3.1017400324344635,0,88
candidate,20260741,1,1,32.0,1.0,1,0,0,0,0,0,0,0.06666666666666667,30,2.4467607339223227,3.334312979131937,3.4117475152015686,0,60
candidate,20260741,2,1,-19.0,4.0,0,0,1,11,0,0,0,0.0,45,2.4785546792878046,3.362884745001793,3.383137285709381,0,90
candidate,20260741,3,1,35.0,1.0,1,0,0,0,0,0,0,0.045454545454545456,44,2.381280530244112,3.2727752812206745,3.335859626531601,0,88
candidate,20260742,0,1,32.0,1.0,1,0,0,0,0,0,0,0.017857142857142856,56,2.4890472580279623,3.295464441180229,3.3991634845733643,0,112
candidate,20260742,1,1,-16.0,4.0,0,0,1,8,0,0,0,0.022727272727272728,44,2.572685818780552,3.4590897150337696,3.6040525883436203,0,88
candidate,20260742,2,1,39.0,1.0,1,0,0,0,0,0,0,0.0,64,2.4591611581854522,3.3856590278446674,3.539605066180229,0,128
candidate,20260742,3,1,-8.0,2.5,0,0,0,0,0,0,0,0.03125,64,2.3378470505122095,2.982989326119423,3.202540799975395,0,128
candidate,20260743,0,3,-24.0,4.0,0,0,1,16,0,0,0,0.018867924528301886,53,2.4706912490556823,3.2435286790132523,3.2616518437862396,0,106
candidate,20260743,1,3,-8.0,2.5,0,0,0,0,0,0,0,0.0,47,2.572563179629914,3.389316238462925,3.687683492898941,0,94
candidate,20260743,2,3,0.0,2.5,0,0,0,0,0,1,0,0.011494252873563218,87,2.407515549968029,3.18059753626585,3.3507291227579117,0,174
candidate,20260743,3,3,81.0,1.0,1,1,0,0,0,0,0,0.0,78,2.5785244428194485,4.043602012097835,4.71864640712738,0,155
candidate,20260744,0,3,-16.0,3.0,0,0,0,0,0,0,0,0.0,48,2.5004675068582096,3.262328915297985,3.296421840786934,0,97
candidate,20260744,1,3,-18.0,3.0,0,0,0,0,0,0,0,0.0,47,2.4460336946426553,3.1991971656680107,3.2637473195791245,0,95
candidate,20260744,2,3,48.0,1.0,1,1,0,0,0,0,0,0.0,49,2.5211262839789295,3.5627949982881546,3.6948751658201218,0,97
candidate,20260744,3,3,-16.0,3.0,0,0,0,0,0,0,0,0.020833333333333332,48,2.444606895248095,3.376822080463171,3.3946894109249115,0,97
candidate,20260745,0,3,57.0,1.0,1,1,0,0,0,0,0,0.03125,64,2.4311135930474848,3.2008586451411247,3.309924155473709,0,127
candidate,20260745,1,3,-19.0,3.0,0,0,0,0,0,0,0,0.047619047619047616,63,2.400505312141918,3.325445018708706,3.8971081376075745,0,127
candidate,20260745,2,3,-19.0,3.0,0,0,0,0,0,0,0,0.015873015873015872,63,2.4191316158052474,3.253864496946335,3.4292247146368027,0,127
candidate,20260745,3,3,38.0,1.0,1,0,0,0,0,0,0,0.0,43,2.5149511043415513,3.7913931533694267,3.8781408220529556,0,86
candidate,20260746,0,1,-28.0,4.0,0,0,1,20,0,0,0,0.02631578947368421,38,2.4898914914382133,3.232063725590706,3.737572580575943,0,76
candidate,20260746,1,1,0.0,2.5,0,0,0,0,0,1,1,0.011363636363636364,88,2.4761452593586664,3.2915206626057625,3.5881269723176956,0,176
candidate,20260746,2,1,43.0,1.0,1,0,0,0,0,0,0,0.07692307692307693,26,2.3466496226879268,3.005031030625105,3.251252695918083,0,52
candidate,20260746,3,1,-27.0,4.0,0,0,1,19,0,0,0,0.038461538461538464,26,2.4884861822311697,3.3678272739052773,3.4717265516519547,0,52
candidate,20260747,0,3,-8.0,2.5,0,0,0,0,0,0,0,0.016129032258064516,62,2.5461759237993147,3.4709624014794827,3.570565953850746,0,124
candidate,20260747,1,3,-8.0,2.5,0,0,0,0,0,0,0,0.0,85,2.470117171897608,3.32222618162632,3.5821031779050827,0,170
candidate,20260747,2,3,-20.0,4.0,0,0,1,12,0,0,0,0.0,65,2.516508990755448,3.2733649015426636,4.740629345178604,0,130
candidate,20260747,3,3,-8.0,2.5,0,0,0,0,0,0,0,0.03076923076923077,65,2.5089974300219464,3.733883425593375,5.347263067960739,0,130
candidate,20260748,0,2,54.0,1.0,1,1,0,0,0,0,0,0.0,55,2.5392135097221895,3.247385285794735,3.5852286964654922,0,109
candidate,20260748,1,2,0.0,2.5,0,0,0,0,0,1,0,0.011904761904761904,84,2.582611826558908,3.450170625001192,5.113251507282257,0,169
candidate,20260748,2,2,-19.0,3.0,0,0,0,0,0,0,0,0.0,80,2.561370632611215,3.4795342013239856,4.9446262419223785,0,161
candidate,20260748,3,2,0.0,2.5,0,0,0,0,0,1,1,0.0,84,2.464755970452513,3.2761583104729652,3.6441925913095474,0,169
candidate,20260749,0,3,33.0,1.0,1,0,0,0,0,0,0,0.0,26,2.7504459453316836,3.4626685082912445,7.764611393213272,0,52
candidate,20260749,1,3,-24.0,4.0,0,0,1,16,0,0,0,0.0,26,2.797604753420903,4.411649890244007,4.613159224390984,0,52
candidate,20260749,2,3,-8.0,2.5,0,0,0,0,0,0,0,0.0,34,2.3935621275621304,3.0791531316936016,3.096960484981537,0,68
candidate,20260749,3,3,-8.0,2.5,0,0,0,0,0,0,0,0.0,26,2.43023310143214,3.373805433511734,3.404010087251663,0,52
candidate,20260750,0,3,-16.0,3.0,0,0,0,0,0,0,0,0.0,40,2.637789025902748,3.6670593544840813,3.7291646003723145,0,81
candidate,20260750,1,3,32.0,1.0,1,0,0,0,0,0,0,0.029411764705882353,34,2.398540101507131,3.302253410220146,3.3585913479328156,0,68
candidate,20260750,2,3,-8.0,2.5,0,0,0,0,0,0,0,0.058823529411764705,34,2.322826808428063,2.887530717998743,2.9685404151678085,0,68
candidate,20260750,3,3,-17.0,4.0,0,0,1,9,0,0,0,0.08,25,2.3756422847509384,2.9747597873210907,3.135416656732559,0,50
candidate,20260751,0,0,-26.0,4.0,0,0,1,18,0,0,0,0.0,78,2.5414407778626833,3.322884626686573,3.4933630377054214,0,156
candidate,20260751,1,0,-23.0,3.0,0,0,0,0,0,0,0,0.0,61,2.4783880007071573,3.2905470579862595,3.47982719540596,0,123
candidate,20260751,2,0,0.0,2.5,0,0,0,0,0,1,0,0.0,90,2.420239212612311,3.3048931509256363,3.574524074792862,0,180
candidate,20260751,3,0,-8.0,2.5,0,0,0,0,0,0,0,0.044444444444444446,45,2.422007131907675,3.1352240592241287,4.389055073261261,0,90
candidate,20260752,0,2,-8.0,2.5,0,0,0,0,0,0,0,0.018518518518518517,54,2.5216246851616435,3.3928890712559223,3.4377574920654297,0,108
candidate,20260752,1,2,-8.0,2.5,0,0,0,0,0,0,0,0.022222222222222223,45,2.4913529141081705,3.3676117658615112,3.4490395337343216,0,90
candidate,20260752,2,2,-32.0,3.0,0,0,0,0,0,0,0,0.0,58,2.4407220169388015,3.3108869567513466,3.415539860725403,0,117
candidate,20260752,3,2,96.0,1.0,1,1,0,0,0,0,0,0.01694915254237288,59,2.4597039604085986,3.6143993958830833,3.772059455513954,0,117
candidate,20260753,0,0,-8.0,2.5,0,0,0,0,0,0,0,0.0,66,2.6028207362149702,3.6968765780329704,3.722347319126129,0,132
candidate,20260753,1,0,-32.0,4.0,0,0,1,24,0,0,0,0.0,66,2.4541659901539483,3.308557905256748,3.371626138687134,0,132
candidate,20260753,2,0,48.0,1.0,1,0,0,0,0,0,0,0.0,66,2.41932701883894,3.284560050815344,3.3292993903160095,0,132
candidate,20260753,3,0,48.0,1.0,1,1,0,0,0,0,0,0.018518518518518517,54,2.409927753938569,3.2860823906958103,3.3745039254426956,0,107
candidate,20260754,0,1,-8.0,2.5,0,0,0,0,0,0,0,0.0,52,2.494453416707424,3.2517965883016586,3.301495686173439,0,104
candidate,20260754,1,1,51.0,1.0,1,1,0,0,0,0,0,0.0,56,2.5864430104515383,3.730710595846176,4.106426611542702,0,111
candidate,20260754,2,1,-41.0,3.0,0,0,0,0,0,0,0,0.01639344262295082,61,2.45418765994369,3.130916506052017,4.807194694876671,0,123
candidate,20260754,3,1,-17.0,3.0,0,0,0,0,0,0,0,0.03636363636363636,55,2.4656586349010468,3.209451027214527,4.409065470099449,0,111
candidate,20260755,0,3,-8.0,2.5,0,0,0,0,0,0,0,0.016666666666666666,60,2.4885407648980618,3.2503271475434303,3.6271195858716965,0,120
candidate,20260755,1,3,-17.0,3.0,0,0,0,0,0,0,0,0.02564102564102564,39,2.4927042615719333,3.4633586183190346,3.703232854604721,0,79
candidate,20260755,2,3,-17.0,3.0,0,0,0,0,0,0,0,0.0,42,2.5356256269982884,3.315716329962015,4.397278651595116,0,85
candidate,20260755,3,3,32.0,1.0,1,0,0,0,0,0,0,0.02564102564102564,39,2.5705258147074628,3.5596543923020363,7.877172902226448,0,78
candidate,20260756,0,1,-20.0,4.0,0,0,1,12,0,0,0,0.018867924528301886,53,2.4150332330532795,2.9287733137607574,3.208490088582039,0,106
candidate,20260756,1,1,-8.0,2.5,0,0,0,0,0,0,0,0.058823529411764705,51,2.4224421484213248,3.147800453007221,4.132091999053955,0,102
candidate,20260756,2,1,-8.0,2.5,0,0,0,0,0,0,0,0.0,53,2.482723128402008,3.389224410057068,3.713158890604973,0,106
candidate,20260756,3,1,36.0,1.0,1,0,0,0,0,0,0,0.018867924528301886,53,2.4360927208414616,3.4695107489824295,3.5785119980573654,0,106
candidate,20260757,0,1,-32.0,4.0,0,0,1,24,0,0,0,0.02702702702702703,74,2.417497638915036,3.0823421664536,3.153335303068161,0,148
candidate,20260757,1,1,48.0,1.0,1,0,0,0,0,0,0,0.0,73,2.474690723704965,3.3323843032121654,3.49334254860878,0,146
candidate,20260757,2,1,33.0,1.0,1,0,0,0,0,0,0,0.0,12,2.501351914058129,3.4584076143801212,3.5356320440769196,0,24
candidate,20260757,3,1,-8.0,2.5,0,0,0,0,0,0,0,0.02702702702702703,37,2.389909397508647,3.265669569373131,3.3661741763353348,0,74
candidate,20260758,0,0,-21.0,3.0,0,0,0,0,0,0,0,0.024390243902439025,41,2.459463413532187,3.2229311764240265,3.2578054815530777,0,83
candidate,20260758,1,0,-21.0,3.0,0,0,0,0,0,0,0,0.023809523809523808,42,2.38028062241418,3.1696861609816547,3.2358989119529724,0,85
candidate,20260758,2,0,-21.0,3.0,0,0,0,0,0,0,0,0.07142857142857142,42,2.3663780607637905,2.9227259568870068,3.1269583851099014,0,85
candidate,20260758,3,0,63.0,1.0,1,1,0,0,0,0,0,0.0,43,2.487272760549257,3.528555855154991,3.564152866601944,0,85
candidate,20260759,0,3,-20.0,3.0,0,0,0,0,0,0,0,0.016129032258064516,62,2.4204335566009245,3.0176428146660323,3.187403082847595,0,125
candidate,20260759,1,3,-20.0,3.0,0,0,0,0,0,0,0,0.03225806451612903,62,2.3467244219876107,2.895764634013176,2.984488382935524,0,125
candidate,20260759,2,3,-8.0,2.5,0,0,0,0,0,0,0,0.025,80,2.416176116093993,3.384027536958456,3.415459766983986,0,160
candidate,20260759,3,3,-17.0,4.0,0,0,1,9,0,0,0,0.027777777777777776,72,2.353689012428125,3.2298912294209003,3.265637904405594,0,144
candidate,20260760,0,2,-16.0,3.0,0,0,0,0,0,0,0,0.038461538461538464,52,2.470618507896478,3.4243188798427577,3.606937825679779,0,105
candidate,20260760,1,2,-17.0,3.0,0,0,0,0,0,0,0,0.038461538461538464,52,2.361430786550045,3.0342173762619487,3.2466407865285873,0,105
candidate,20260760,2,2,48.0,1.0,1,1,0,0,0,0,0,0.018867924528301886,53,2.3975059179202565,3.0421175062656403,3.3010225743055344,0,105
candidate,20260760,3,2,-17.0,4.0,0,0,1,9,0,0,0,0.0,42,2.410437911748886,3.2906511798501015,3.4112930297851562,0,84
candidate,20260761,0,3,-8.0,2.5,0,0,0,0,0,0,0,0.025974025974025976,77,2.455112004241386,3.131311386823654,3.157828003168106,0,154
candidate,20260761,1,3,-20.0,4.0,0,0,1,12,0,0,0,0.0,73,2.5364014332833356,3.5188578069210052,3.6483313888311386,0,146
candidate,20260761,2,3,-8.0,2.5,0,0,0,0,0,0,0,0.0,68,2.550965257208137,3.55911236256361,3.9824042469263077,0,136
candidate,20260761,3,3,52.0,1.0,1,0,0,0,0,0,0,0.0,77,2.4156510200980423,3.2965365797281265,3.4285057336091995,0,154
candidate,20260762,0,0,-8.0,2.5,0,0,0,0,0,0,0,0.0,59,2.589297338815059,3.6730401217937465,3.983212634921074,0,118
candidate,20260762,1,0,-8.0,2.5,0,0,0,0,0,0,0,0.012658227848101266,79,2.469939828107629,3.246106393635273,5.426416173577309,0,158
candidate,20260762,2,0,-20.0,4.0,0,0,1,12,0,0,0,0.0,75,2.6210300624370575,4.082877933979034,5.38972020149231,0,150
candidate,20260762,3,0,36.0,1.0,1,0,0,0,0,0,0,0.014925373134328358,67,2.689314033113309,4.367127828299994,5.756421014666557,0,134
candidate,20260763,0,1,-8.0,2.5,0,0,0,0,0,0,0,0.03225806451612903,31,2.4291264914697215,3.048667684197426,3.2774023711681366,0,62
candidate,20260763,1,1,-8.0,2.5,0,0,0,0,0,0,0,0.03225806451612903,31,2.44944314322164,3.142818808555603,3.156527876853943,0,62
candidate,20260763,2,1,36.0,1.0,1,0,0,0,0,0,0,0.0,34,2.478316042791395,3.2893624156713486,4.477251321077347,0,68
candidate,20260763,3,1,36.0,1.0,1,0,0,0,0,0,0,0.12903225806451613,31,2.29078963879616,3.0010445043444633,3.023216500878334,0,62
candidate,20260764,0,1,-16.0,4.0,0,0,1,8,0,0,0,0.023255813953488372,43,2.6689950203479724,3.603842668235302,4.401281476020813,0,86
candidate,20260764,1,1,-17.0,4.0,0,0,1,9,0,0,0,0.024096385542168676,83,2.353067767907338,2.9104959219694133,3.2838843762874603,0,166
candidate,20260764,2,1,32.0,1.0,1,0,0,0,0,0,0,0.0425531914893617,47,2.4290511662021594,3.363015130162239,3.56871634721756,0,94
candidate,20260764,3,1,-8.0,2.5,0,0,0,0,0,0,0,0.0,86,2.492099892088147,3.5757957957684994,3.724103793501854,0,172
candidate,20260765,0,2,-8.0,2.5,0,0,0,0,0,0,0,0.047619047619047616,42,2.4097652751065435,3.1853082589805126,3.2388120889663696,0,84
candidate,20260765,1,2,-8.0,2.5,0,0,0,0,0,0,0,0.025,40,2.40688337944448,3.224550560116768,3.298630937933922,0,80
candidate,20260765,2,2,-8.0,2.5,0,0,0,0,0,0,0,0.016129032258064516,62,2.3670236489945844,3.1630911864340305,3.2277610152959824,0,124
candidate,20260765,3,2,35.0,1.0,1,0,0,0,0,0,0,0.023809523809523808,42,2.47130636125803,3.6987610161304465,3.85245680809021,0,84
candidate,20260766,0,0,-39.0,3.0,0,0,0,0,0,0,0,0.0,35,2.460143981235368,3.2624412328004837,3.2888799905776978,0,71
candidate,20260766,1,0,-16.0,3.0,0,0,0,0,0,0,0,0.029411764705882353,68,2.3289471864700317,2.8955775313079357,3.2815951853990555,0,137
candidate,20260766,2,0,-8.0,2.5,0,0,0,0,0,0,0,0.03636363636363636,55,2.3599493232640354,3.095345757901668,3.284519538283348,0,110
candidate,20260766,3,0,32.0,1.0,1,0,0,0,0,0,0,0.017543859649122806,57,2.37843194943771,3.1707704067230225,3.343762829899788,0,114
candidate,20260767,0,3,-8.0,2.5,0,0,0,0,0,0,0,0.027777777777777776,36,2.406654672490226,3.041492309421301,3.244362771511078,0,72
candidate,20260767,1,3,-18.0,4.0,0,0,1,10,0,0,0,0.027777777777777776,36,2.3775616039832435,2.9275179840624332,3.1117890030145645,0,72
candidate,20260767,2,3,34.0,1.0,1,0,0,0,0,0,0,0.027777777777777776,36,2.39848495564527,3.3050160855054855,3.522070124745369,0,72
candidate,20260767,3,3,-8.0,2.5,0,0,0,0,0,0,0,0.027777777777777776,36,2.3535326019757323,3.243617247790098,3.3340323716402054,0,72
candidate,20260768,0,3,-18.0,3.0,0,0,0,0,0,0,0,0.016666666666666666,60,2.4332073206702867,3.1406777910888195,3.2777469605207443,0,121
candidate,20260768,1,3,-18.0,3.0,0,0,0,0,0,0,0,0.016666666666666666,60,2.430296875536442,3.1175675801932807,4.298051819205284,0,121
candidate,20260768,2,3,-8.0,2.5,0,0,0,0,0,0,0,0.0,61,2.4569878873766444,3.5364218056201935,3.768404945731163,0,122
candidate,20260768,3,3,44.0,1.0,1,0,0,0,0,0,0,0.05357142857142857,56,2.326007134148053,3.032032400369644,3.252508118748665,0,112
candidate,20260769,0,2,43.0,1.0,1,0,0,0,0,0,0,0.03125,64,2.4311417946591973,3.233860805630684,3.2855048775672913,0,128
candidate,20260769,1,2,36.0,1.0,1,0,0,0,0,0,0,0.07894736842105263,38,2.368409186601639,2.883102558553219,4.733014851808548,0,76
candidate,20260769,2,2,-8.0,2.5,0,0,0,0,0,0,0,0.016129032258064516,62,2.3729690320549475,3.164060413837433,3.212062641978264,0,124
candidate,20260769,3,2,33.0,1.0,1,0,0,0,0,0,0,0.04411764705882353,68,2.3485622094834553,3.26107582077384,3.324287012219429,0,136
candidate,20260770,0,2,-8.0,2.5,0,0,0,0,0,0,0,0.034482758620689655,58,2.4055647824344963,3.000387270003557,3.1925756484270096,0,116
candidate,20260770,1,2,34.0,1.0,1,0,0,0,0,0,0,0.017241379310344827,58,2.4310530901982865,3.32215316593647,4.393978044390678,0,116
candidate,20260770,2,2,0.0,2.5,0,0,0,0,0,1,0,0.0,86,2.4008705215745194,3.2496717758476734,3.371266648173332,0,172
candidate,20260770,3,2,-8.0,2.5,0,0,0,0,0,0,0,0.03571428571428571,28,2.396534662693739,3.0807849019765854,3.1306184828281403,0,56
candidate,20260771,0,1,69.0,1.0,1,1,0,0,0,0,0,0.07317073170731707,41,2.4016140619429147,3.204554319381714,3.2124556601047516,0,81
candidate,20260771,1,1,34.0,1.0,1,0,0,0,0,0,0,0.0,55,2.5276133959943596,3.4236805513501167,6.849775090813637,0,110
candidate,20260771,2,1,-17.0,3.0,0,0,0,0,0,0,0,0.045454545454545456,44,2.340170681815256,3.1209850683808327,3.2262448221445084,0,89
candidate,20260771,3,1,-34.0,4.0,0,0,1,26,0,0,0,0.05263157894736842,38,2.363390387280991,3.23297968134284,3.261800855398178,0,76
candidate,20260772,0,0,-8.0,2.5,0,0,0,0,0,0,0,0.03333333333333333,30,2.440535339216391,3.154679294675588,3.249427303671837,0,60
candidate,20260772,1,0,-8.0,2.5,0,0,0,0,0,0,0,0.0,25,2.432924285531044,3.266654908657074,3.2919105142354965,0,50
candidate,20260772,2,0,-8.0,2.5,0,0,0,0,0,0,0,0.0,57,2.4044814993414962,3.2442674040794373,3.2687243074178696,0,114
candidate,20260772,3,0,35.0,1.0,1,0,0,0,0,0,0,0.04,25,2.4385804682970047,3.5043258219957347,3.5255011171102524,0,50
candidate,20260773,0,3,10.0,2.0,0,0,0,0,0,0,0,0.012048192771084338,83,2.5242706872971663,3.3800268545746803,3.7212762981653214,1,168
candidate,20260773,1,3,-19.0,3.0,0,0,0,0,0,0,0,0.0,54,2.454673009062255,3.2849332317709923,3.393065184354782,0,109
candidate,20260773,2,3,-25.0,4.0,0,0,1,17,0,0,0,0.0,37,2.500451748838296,3.2180141657590866,6.043527275323868,0,74
candidate,20260773,3,3,-19.0,3.0,0,0,0,0,0,0,0,0.018518518518518517,54,2.3760839399916156,3.171255532652139,3.2481160014867783,0,109
candidate,20260774,0,0,-19.0,3.0,0,0,0,0,0,0,0,0.024390243902439025,41,2.5978105188142964,3.2803956419229507,7.6384954154491425,0,83
candidate,20260774,1,0,-19.0,3.0,0,0,0,0,0,0,0,0.0,41,2.464633344150171,3.2724477350711823,3.452485427260399,0,83
candidate,20260774,2,0,-19.0,3.0,0,0,0,0,0,0,0,0.024390243902439025,41,2.4249168430886616,3.3638160675764084,3.4773647785186768,0,83
candidate,20260774,3,0,-29.0,3.0,0,0,0,0,0,0,0,0.05357142857142857,56,2.275749275993024,2.807818353176117,2.935398370027542,0,114
candidate,20260775,0,0,-18.0,4.0,0,0,1,10,0,0,0,0.014285714285714285,70,2.4497945393834795,3.1515399925410748,3.3037960529327393,0,140
candidate,20260775,1,0,-16.0,4.0,0,0,1,8,0,0,0,0.06451612903225806,31,2.406402100478449,3.184789791703224,3.2127927988767624,0,62
candidate,20260775,2,0,-8.0,2.5,0,0,0,0,0,0,0,0.016129032258064516,62,2.3643806756984804,3.097751457244158,3.32646444439888,0,124
candidate,20260775,3,0,-8.0,2.5,0,0,0,0,0,0,0,0.04838709677419355,62,2.2851980982288236,2.8111593797802925,3.1504277139902115,0,125
candidate,20260776,0,2,-17.0,3.0,0,0,0,0,0,0,0,0.0,40,2.458491688594222,3.3438372425734997,3.41661274433136,0,81
candidate,20260776,1,2,-17.0,3.0,0,0,0,0,0,0,0,0.05,40,2.357899257913232,3.107822500169277,3.1532198190689087,0,81
candidate,20260776,2,2,-17.0,3.0,0,0,0,0,0,0,0,0.023255813953488372,43,2.4272149731946544,3.2365357503294945,3.2505765557289124,0,86
candidate,20260776,3,2,51.0,1.0,1,1,0,0,0,0,0,0.0,41,2.45238981414132,3.470182418823242,3.681635484099388,0,81
candidate,20260777,0,0,0.0,2.5,0,0,0,0,0,1,0,0.0,85,2.490786331541398,3.3579953014850616,3.422863781452179,0,170
candidate,20260777,1,0,69.0,1.0,1,1,0,0,0,0,0,0.013333333333333334,75,2.3757574210564294,3.1274670735001564,3.2997746020555496,0,149
candidate,20260777,2,0,-8.0,2.5,0,0,0,0,0,0,0,0.0425531914893617,47,2.3391049038222493,3.156384639441967,3.3371802419424057,0,94
candidate,20260777,3,0,32.0,1.0,1,0,0,0,0,0,0,0.0,64,2.4628697719890624,3.3656717278063293,3.503570333123207,0,128
candidate,20260778,0,2,10.0,2.0,0,0,0,0,0,0,0,0.030303030303030304,66,2.3923134995680866,2.8951470740139484,3.1655244529247284,1,133
candidate,20260778,1,2,90.0,1.0,1,1,0,0,0,0,0,0.016129032258064516,62,2.4000696477390107,3.213725425302982,3.2613109797239304,0,123
candidate,20260778,2,2,0.0,2.5,0,0,0,0,0,1,0,0.011363636363636364,88,2.419364871457219,3.2708616927266116,4.52791154384613,0,176
candidate,20260778,3,2,0.0,2.5,0,0,0,0,0,1,0,0.0,85,2.409956735723159,3.3273376524448395,3.517085686326027,0,170
candidate,20260779,0,2,-8.0,2.5,0,0,0,0,0,0,0,0.03389830508474576,59,2.4227819452851507,3.1647877767682076,3.1808484345674515,0,118
candidate,20260779,1,2,46.0,1.0,1,0,0,0,0,0,0,0.0,59,2.536329014574067,3.738660179078579,3.872005268931389,0,118
candidate,20260779,2,2,-30.0,4.0,0,0,1,22,0,0,0,0.03389830508474576,59,2.4077771705085946,3.126381896436214,4.536762833595276,0,118
candidate,20260779,3,2,-8.0,2.5,0,0,0,0,0,0,0,0.05084745762711865,59,2.3276980145502897,3.1686423346400256,3.341222181916237,0,118
candidate,20260780,0,3,-8.0,2.5,0,0,0,0,0,0,0,0.03636363636363636,55,2.3917003788731317,3.017262928187847,3.094801679253578,0,110
candidate,20260780,1,3,-8.0,2.5,0,0,0,0,0,0,0,0.0,82,2.524497578056847,3.354000300168991,5.570774897933006,0,164
candidate,20260780,2,3,-8.0,2.5,0,0,0,0,0,0,0,0.05555555555555555,54,2.332493973275026,3.1938165426254272,3.2366495579481125,0,108
candidate,20260780,3,3,-8.0,2.5,0,0,0,0,0,0,0,0.016129032258064516,62,2.3308739727062564,2.989806327968836,3.1734760850667953,0,124
candidate,20260781,0,2,32.0,1.0,1,0,0,0,0,0,0,0.04411764705882353,68,2.430660485783044,3.010512702167034,4.405166953802109,0,136
candidate,20260781,1,2,43.0,1.0,1,0,0,0,0,0,0,0.058823529411764705,34,2.3620176841230953,3.081109467893839,3.1247809529304504,0,68
candidate,20260781,2,2,-8.0,2.5,0,0,0,0,0,0,0,0.047619047619047616,63,2.316895487999159,2.9844293370842934,3.286616876721382,0,126
candidate,20260781,3,2,-32.0,4.0,0,0,1,24,0,0,0,0.0273972602739726,73,2.3454428484586822,3.184730187058449,3.2641813158988953,0,146
candidate,20260782,0,1,-20.0,3.0,0,0,0,0,0,0,0,0.022222222222222223,45,2.452062484290865,3.1887315213680267,3.2303426414728165,0,91
candidate,20260782,1,1,38.0,1.0,1,0,0,0,0,0,0,0.0,48,2.4942594269911447,3.5262536257505417,3.7437230348587036,0,96
candidate,20260782,2,1,-8.0,2.5,0,0,0,0,0,0,0,0.0,48,2.387320234750708,3.1252597458660603,3.1453408300876617,0,96
candidate,20260782,3,1,-20.0,3.0,0,0,0,0,0,0,0,0.0,51,2.4449852313481126,3.379947505891323,3.6356523633003235,0,103
candidate,20260783,0,2,-16.0,4.0,0,0,1,8,0,0,0,0.022727272727272728,44,2.4738225408575754,3.2887871377170086,3.450356423854828,0,88
candidate,20260783,1,2,32.0,1.0,1,0,0,0,0,0,0,0.06818181818181818,44,2.333580981940031,3.0975747853517532,3.1379107385873795,0,88
candidate,20260783,2,2,-17.0,4.0,0,0,1,9,0,0,0,0.0,42,2.4947235360741615,3.517915401607752,3.6596525460481644,0,84
candidate,20260783,3,2,-8.0,2.5,0,0,0,0,0,0,0,0.0,36,2.4310999239484468,3.3099455758929253,3.3768005669116974,0,72
candidate,20260784,0,1,-8.0,2.5,0,0,0,0,0,0,0,0.0,40,2.4762907065451145,3.283918648958206,3.2994765788316727,0,80
candidate,20260784,1,1,-19.0,4.0,0,0,1,11,0,0,0,0.0547945205479452,73,2.3379235030853587,3.092414140701294,3.1168609857559204,0,146
candidate,20260784,2,1,-8.0,2.5,0,0,0,0,0,0,0,0.0,40,2.421004604548216,3.2944524660706516,3.4083183854818344,0,80
candidate,20260784,3,1,35.0,1.0,1,0,0,0,0,0,0,0.0,40,2.42677410133183,3.458078764379024,3.5721566528081894,0,80
candidate,20260785,0,0,-8.0,2.5,0,0,0,0,0,0,0,0.0,70,2.517826429435185,3.4777826629579067,3.563007339835167,0,140
candidate,20260785,1,0,-8.0,2.5,0,0,0,0,0,0,0,0.025974025974025976,77,2.3912798323027498,3.1624648720026016,3.200942650437355,0,154
candidate,20260785,2,0,33.0,1.0,1,0,0,0,0,0,0,0.046875,64,2.312365541001782,3.2001671381294727,3.245428204536438,0,128
candidate,20260785,3,0,-8.0,2.5,0,0,0,0,0,0,0,0.0,78,2.433529052023704,3.4103360958397384,3.6463458091020584,0,156
candidate,20260786,0,2,44.0,1.0,1,0,0,0,0,0,0,0.0,80,2.5604786816984415,3.5847708582878104,4.464339464902878,0,160
candidate,20260786,1,2,-8.0,2.5,0,0,0,0,0,0,0,0.012658227848101266,79,2.3778423289709454,2.9971683397889137,3.2720565795898438,0,158
candidate,20260786,2,2,32.0,1.0,1,0,0,0,0,0,0,0.0273972602739726,73,2.3027122122784185,2.845460176467895,3.1735673546791077,0,146
candidate,20260786,3,2,-19.0,3.0,0,0,0,0,0,0,0,0.024691358024691357,81,2.3253833024222175,2.9724352061748505,3.2296348363161087,0,163
candidate,20260787,0,0,35.0,1.0,1,0,0,0,0,0,0,0.0,44,2.55621491338719,3.5773543640971184,3.753330558538437,0,88
candidate,20260787,1,0,-8.0,2.5,0,0,0,0,0,0,0,0.0,44,2.419018821621483,3.2649838365614414,3.3370554447174072,0,88
candidate,20260787,2,0,-8.0,2.5,0,0,0,0,0,0,0,0.05,20,2.3519588634371758,3.016533702611923,3.169391304254532,0,40
candidate,20260787,3,0,35.0,1.0,1,0,0,0,0,0,0,0.03896103896103896,77,2.3488746109333904,2.9788028448820114,4.148706793785095,0,154
candidate,20260788,0,3,-8.0,2.5,0,0,0,0,0,0,0,0.03125,32,2.486268465872854,3.26834823936224,3.2957475632429123,0,64
candidate,20260788,1,3,-19.0,4.0,0,0,1,11,0,0,0,0.06382978723404255,47,2.4005220608508333,2.8916649520397186,5.2914004772901535,0,94
candidate,20260788,2,3,32.0,1.0,1,0,0,0,0,0,0,0.0,24,2.4837968715777,3.530470374971628,3.616703674197197,0,48
candidate,20260788,3,3,-8.0,2.5,0,0,0,0,0,0,0,0.03125,32,2.455273934174329,3.1898416578769684,4.845326766371727,0,64
candidate,20260789,0,2,-8.0,2.5,0,0,0,0,0,0,0,0.0,77,2.542815280038041,3.4247685223817825,3.76216322183609,0,154
candidate,20260789,1,2,-8.0,2.5,0,0,0,0,0,0,0,0.017241379310344827,58,2.4314276745607115,3.2542159780859947,4.361320286989212,0,116
candidate,20260789,2,2,33.0,1.0,1,0,0,0,0,0,0,0.014705882352941176,68,2.39853686926996,3.2346160151064396,3.2780785113573074,0,136
candidate,20260789,3,2,-17.0,4.0,0,0,1,9,0,0,0,0.034482758620689655,58,2.407701204306093,3.27943516895175,3.3932793885469437,0,116
candidate,20260790,0,1,-36.0,3.0,0,0,0,0,0,0,0,0.01639344262295082,61,2.5051699676474586,3.2195840030908585,4.567032679915428,0,123
candidate,20260790,1,1,-8.0,2.5,0,0,0,0,0,0,0,0.022222222222222223,45,2.467276155948639,3.561562672257423,3.6518536508083344,0,90
candidate,20260790,2,1,84.0,1.0,1,1,0,0,0,0,0,0.03389830508474576,59,2.428829638382136,3.4101832658052444,3.5167522728443146,0,117
candidate,20260790,3,1,-28.0,3.0,0,0,0,0,0,0,0,0.0,58,2.553053521390619,3.585058823227882,4.818374291062355,0,117
candidate,20260791,0,1,32.0,1.0,1,0,0,0,0,0,0,0.014492753623188406,69,2.5326988889255384,3.3731982111930843,4.905723035335541,0,138
candidate,20260791,1,1,-20.0,4.0,0,0,1,12,0,0,0,0.0,77,2.51462934659673,3.519142046570778,3.6045368760824203,0,154
candidate,20260791,2,1,-8.0,2.5,0,0,0,0,0,0,0,0.0,63,2.4174016619485523,3.3136218786239624,3.42416949570179,0,126
candidate,20260791,3,1,-8.0,2.5,0,0,0,0,0,0,0,0.0273972602739726,73,2.3578048415788233,2.9898185282945633,3.0611716210842133,0,145
candidate,20260792,0,0,34.0,1.0,1,0,0,0,0,0,0,0.03125,32,2.636913093738258,3.4551688469946384,5.600372329354286,0,64
candidate,20260792,1,0,-18.0,3.0,0,0,0,0,0,0,0,0.04081632653061224,49,2.3725189800773347,3.1773298978805538,3.2672975212335587,0,99
candidate,20260792,2,0,33.0,1.0,1,0,0,0,0,0,0,0.05714285714285714,35,2.4477827229670117,3.0604686588048935,7.289141416549683,0,70
candidate,20260792,3,0,-8.0,2.5,0,0,0,0,0,0,0,0.09375,32,2.3309471434913576,3.044260758906603,3.2118409872055054,0,64
candidate,20260793,0,1,36.0,1.0,1,0,0,0,0,0,0,0.03571428571428571,56,2.4260838316487416,3.1951572746038437,3.282759338617325,0,112
candidate,20260793,1,1,-23.0,3.0,0,0,0,0,0,0,0,0.03333333333333333,60,2.3397651500999928,2.914703730493784,3.2136496156454086,0,121
candidate,20260793,2,1,-8.0,2.5,0,0,0,0,0,0,0,0.05084745762711865,59,2.474427696759418,3.22672463953495,6.276419386267662,0,117
candidate,20260793,3,1,35.0,1.0,1,0,0,0,0,0,0,0.011235955056179775,89,2.4040858522894677,3.271570429205894,3.3670850098133087,0,179
candidate,20260794,0,2,-8.0,2.5,0,0,0,0,0,0,0,0.0,20,2.4226377718150616,3.2229804433882236,3.272011876106262,0,40
candidate,20260794,1,2,38.0,1.0,1,0,0,0,0,0,0,0.1,20,2.4152249097824097,3.2160671427845955,3.2304320484399796,0,40
candidate,20260794,2,2,-8.0,2.5,0,0,0,0,0,0,0,0.09523809523809523,21,2.4426822506246113,3.401530906558037,3.416767343878746,0,42
candidate,20260794,3,2,-22.0,4.0,0,0,1,14,0,0,0,0.05714285714285714,35,2.423324648823057,3.1324373558163643,4.767358303070068,0,70
candidate,20260795,0,3,40.0,1.0,1,0,0,0,0,0,0,0.0,24,2.4707424454391003,3.21792084723711,3.2243747264146805,0,48
candidate,20260795,1,3,-8.0,2.5,0,0,0,0,0,0,0,0.08333333333333333,24,2.412687133376797,3.2707356847822666,3.3267252147197723,0,48
candidate,20260795,2,3,-8.0,2.5,0,0,0,0,0,0,0,0.0,24,2.5452487946798406,3.3147725276649,4.925243556499481,0,48
candidate,20260795,3,3,-24.0,4.0,0,0,1,16,0,0,0,0.0,24,2.5231880135834217,3.26902037486434,5.50420768558979,0,48
candidate,20260796,0,0,0.0,2.5,0,0,0,0,0,1,0,0.022988505747126436,87,2.3951286385799277,2.9217250645160675,4.089981317520142,0,174
candidate,20260796,1,0,-8.0,2.5,0,0,0,0,0,0,0,0.0,82,2.46755619783227,3.338000178337097,3.411088138818741,0,164
candidate,20260796,2,0,0.0,2.5,0,0,0,0,0,1,1,0.024096385542168676,83,2.6095516261566116,4.040920548141003,5.4294150322675705,0,166
candidate,20260796,3,0,-8.0,2.5,0,0,0,0,0,0,0,0.0,36,2.351999075876342,3.1410101801156998,3.1508244574069977,0,72
candidate,20260797,0,0,-16.0,3.0,0,0,0,0,0,0,0,0.047619047619047616,42,2.4695234107119695,3.2658619806170464,3.648551180958748,0,85
candidate,20260797,1,0,48.0,1.0,1,1,0,0,0,0,0,0.0,43,2.5026119465744774,3.5527868196368217,3.7278998643159866,0,85
candidate,20260797,2,0,57.0,1.0,1,1,0,0,0,0,0,0.08333333333333333,36,2.3700134932167,3.1739664264023304,3.221966326236725,0,71
candidate,20260797,3,0,-16.0,3.0,0,0,0,0,0,0,0,0.023809523809523808,42,2.3975780765925134,3.2972765155136585,3.373190760612488,0,85
candidate,20260798,0,1,-17.0,4.0,0,0,1,9,0,0,0,0.043478260869565216,23,2.4931680249131243,3.246406465768814,3.256814554333687,0,46
candidate,20260798,1,1,32.0,1.0,1,0,0,0,0,0,0,0.0,17,2.463349962935728,3.4347813576459885,3.521313890814781,0,34
candidate,20260798,2,1,-8.0,2.5,0,0,0,0,0,0,0,0.0,42,2.5313872666586015,3.5669996403157707,5.207091569900513,0,84
candidate,20260798,3,1,-18.0,4.0,0,0,1,10,0,0,0,0.05263157894736842,38,2.404289810281051,3.155424725264311,3.511318936944008,0,76
candidate,20260799,0,0,-20.0,3.0,0,0,0,0,0,0,0,0.0,38,2.5747600746782204,3.756253607571125,4.115292802453041,0,77
candidate,20260799,1,0,35.0,1.0,1,0,0,0,0,0,0,0.05,40,2.368105575442314,2.9766287654638286,3.2313577830791473,0,80
candidate,20260799,2,0,-8.0,2.5,0,0,0,0,0,0,0,0.023809523809523808,42,2.4193585628554937,3.3763655461370945,3.525529056787491,0,84
candidate,20260799,3,0,-8.0,2.5,0,0,0,0,0,0,0,0.023809523809523808,42,2.395938682769026,3.2023733481764793,3.4825392067432404,0,84
candidate,20260800,0,3,-8.0,2.5,0,0,0,0,0,0,0,0.0,41,2.485807485333303,3.2607559114694595,3.8472171872854233,0,82
candidate,20260800,1,3,63.0,1.0,1,1,0,0,0,0,0,0.023809523809523808,42,2.426032065635636,3.193808998912573,4.331409931182861,0,83
candidate,20260800,2,3,0.0,2.5,0,0,0,0,0,1,0,0.0,84,2.460929010772989,3.308009263128042,4.824521020054817,0,169
candidate,20260800,3,3,0.0,2.5,0,0,0,0,0,1,0,0.0,84,2.479643450074253,3.3581119030714035,4.895389080047607,0,168
candidate,20260801,0,2,-8.0,2.5,0,0,0,0,0,0,0,0.0,51,2.4755265490681517,3.22737917304039,3.6555975675582886,0,102
candidate,20260801,1,2,-18.0,4.0,0,0,1,10,0,0,0,0.0,78,2.6093029345457373,3.9475121535360786,5.703357979655266,0,156
candidate,20260801,2,2,0.0,2.5,0,0,0,0,0,1,0,0.011904761904761904,84,2.3637484271256697,3.0485862866044044,3.200571984052658,0,168
candidate,20260801,3,2,34.0,1.0,1,0,0,0,0,0,0,0.04,50,2.3330679535865784,2.9199660755693913,3.2506342977285385,0,100
candidate,20260802,0,3,-8.0,2.5,0,0,0,0,0,0,0,0.029411764705882353,34,2.4693027029142662,3.191140573471784,3.2938197255134583,0,68
candidate,20260802,1,3,-20.0,4.0,0,0,1,12,0,0,0,0.029411764705882353,34,2.626370364690528,4.124603606760497,5.568373948335648,0,68
candidate,20260802,2,3,36.0,1.0,1,0,0,0,0,0,0,0.029411764705882353,34,2.3371977183748696,3.0328137800097466,3.192892298102379,0,68
candidate,20260802,3,3,-8.0,2.5,0,0,0,0,0,0,0,0.058823529411764705,34,2.3694631150540184,3.2777019776403904,3.4493859857320786,0,68
candidate,20260803,0,1,-8.0,2.5,0,0,0,0,0,0,0,0.021739130434782608,46,2.4754994184426637,3.1048785895109177,4.576623439788818,0,92
candidate,20260803,1,1,-8.0,2.5,0,0,0,0,0,0,0,0.0,68,2.5152969995842263,3.4946144558489323,3.947880119085312,0,136
candidate,20260803,2,1,34.0,1.0,1,0,0,0,0,0,0,0.02127659574468085,47,2.6119224172323308,3.9581235498189917,5.321476608514786,0,94
candidate,20260803,3,1,-16.0,4.0,0,0,1,8,0,0,0,0.03389830508474576,59,2.341408787642495,3.0419670045375824,3.2635051757097244,0,118
candidate,20260804,0,1,57.0,1.0,1,1,0,0,0,0,0,0.017857142857142856,56,2.4413999635726213,3.21689760312438,4.63671050965786,0,111
candidate,20260804,1,1,-8.0,2.5,0,0,0,0,0,0,0,0.0,34,2.4630292592679752,3.2844310626387596,4.048734903335571,0,68
candidate,20260804,2,1,-19.0,3.0,0,0,0,0,0,0,0,0.07272727272727272,55,2.321009710431099,2.9348187148571006,3.654882311820984,0,111
candidate,20260804,3,1,-8.0,2.5,0,0,0,0,0,0,0,0.0,34,2.4693705798948513,3.472186345607042,3.6765076220035553,0,68
candidate,20260805,0,2,0.0,2.5,0,0,0,0,0,1,0,0.0,84,2.5047113054565022,3.314602840691805,4.740353673696518,0,169
candidate,20260805,1,2,35.0,1.0,1,0,0,0,0,0,0,0.03571428571428571,56,2.4400257638522556,3.2907254062592983,3.489062190055847,0,112
candidate,20260805,2,2,-8.0,2.5,0,0,0,0,0,0,0,0.0,54,2.4560490554129637,3.377771377563476,4.182413220405579,0,108
candidate,20260805,3,2,-19.0,4.0,0,0,1,11,0,0,0,0.013333333333333334,75,2.4816100051005683,3.417498804628849,3.5598166286945343,0,149
candidate,20260806,0,0,-8.0,2.5,0,0,0,0,0,0,0,0.05405405405405406,37,2.4551566992257094,3.2791513949632645,3.2881759107112885,0,74
candidate,20260806,1,0,36.0,1.0,1,0,0,0,0,0,0,0.0,60,2.6646878259877362,3.7775306031107867,7.756294682621956,0,120
candidate,20260806,2,0,-8.0,2.5,0,0,0,0,0,0,0,0.0,60,2.480896500249704,3.464423026889562,3.6061257123947144,0,120
candidate,20260806,3,0,45.0,1.0,1,0,0,0,0,0,0,0.014492753623188406,69,2.4646585402281387,3.589828684926032,4.039332270622253,0,138
candidate,20260807,0,1,49.0,1.0,1,0,0,0,0,0,0,0.0,69,2.4654197952021724,3.222981840372085,3.328390419483185,0,138
candidate,20260807,1,1,-17.0,4.0,0,0,1,9,0,0,0,0.028985507246376812,69,2.3869372148444685,2.8792381286621094,5.302922800183296,0,138
candidate,20260807,2,1,36.0,1.0,1,0,0,0,0,0,0,0.020833333333333332,48,2.439034559453527,3.3612314611673355,3.9780065417289734,0,96
candidate,20260807,3,1,-20.0,4.0,0,0,1,12,0,0,0,0.07272727272727272,55,2.2985623302784832,2.95562483370304,3.222225233912468,0,110
candidate,20260808,0,3,-18.0,3.0,0,0,0,0,0,0,0,0.0,38,2.556435224649153,3.534728568047285,3.6843102425336838,0,77
candidate,20260808,1,3,-18.0,3.0,0,0,0,0,0,0,0,0.0,38,2.567201852798462,3.7666892632842064,3.8815587759017944,0,77
candidate,20260808,2,3,54.0,1.0,1,1,0,0,0,0,0,0.0,39,2.505703805348812,3.2749097794294357,5.893131718039513,0,77
candidate,20260808,3,3,48.0,1.0,1,0,0,0,0,0,0,0.0,42,2.4884823443634168,3.3284373581409454,4.901031032204628,0,85
candidate,20260809,0,0,-8.0,2.5,0,0,0,0,0,0,0,0.0,27,2.498874716736652,3.358408622443676,3.411736339330673,0,54
candidate,20260809,1,0,33.0,1.0,1,0,0,0,0,0,0,0.07407407407407407,27,2.393206512486493,3.287147730588913,3.303511068224907,0,54
candidate,20260809,2,0,-17.0,4.0,0,0,1,9,0,0,0,0.07407407407407407,27,2.3725799250381963,3.1901026144623756,3.2158102840185165,0,54
candidate,20260809,3,0,-8.0,2.5,0,0,0,0,0,0,0,0.037037037037037035,27,2.357856818923244,3.129836916923523,3.225613385438919,0,54
candidate,20260810,0,0,60.0,1.0,1,1,0,0,0,0,0,0.05405405405405406,37,2.390335691539017,3.25564444065094,3.431091085076332,0,73
candidate,20260810,1,0,-20.0,3.0,0,0,0,0,0,0,0,0.0,36,2.4405406374070377,3.2365843653678894,3.2717082649469376,0,73
candidate,20260810,2,0,-20.0,3.0,0,0,0,0,0,0,0,0.0,36,2.4390645428664155,3.280484117567539,4.384972155094147,0,73
candidate,20260810,3,0,-20.0,3.0,0,0,0,0,0,0,0,0.027777777777777776,36,2.4900146139164767,3.252204041928053,6.357043981552124,0,73
candidate,20260811,0,2,39.0,1.0,1,0,0,0,0,0,0,0.06060606060606061,33,2.351591250661648,2.825336903333664,3.1297486275434494,0,66
candidate,20260811,1,2,-19.0,3.0,0,0,0,0,0,0,0,0.02702702702702703,37,2.413313030391126,3.1842753291130066,3.2234173268079758,0,75
candidate,20260811,2,2,-19.0,3.0,0,0,0,0,0,0,0,0.02564102564102564,39,2.508177398106991,3.245757892727852,6.591718643903732,0,79
candidate,20260811,3,2,-19.0,3.0,0,0,0,0,0,0,0,0.0,37,2.48526333755738,3.477787971496582,4.475625231862068,0,75
candidate,20260812,0,2,-8.0,2.5,0,0,0,0,0,0,0,0.019230769230769232,52,2.4236952527784386,3.1086092814803123,3.183821216225624,0,104
candidate,20260812,1,2,-8.0,2.5,0,0,0,0,0,0,0,0.057692307692307696,52,2.3535923459208927,2.966147568076849,3.083188086748123,0,104
candidate,20260812,2,2,-8.0,2.5,0,0,0,0,0,0,0,0.022222222222222223,45,2.3594480007886887,3.171298280358314,3.323659300804138,0,90
candidate,20260812,3,2,35.0,1.0,1,0,0,0,0,0,0,0.0,52,2.5180536322295666,3.8241264410316944,3.8868989795446396,0,104
candidate,20260813,0,2,-16.0,3.0,0,0,0,0,0,0,0,0.037037037037037035,27,2.6829815987083645,3.3061617985367775,6.8439338356256485,0,55
candidate,20260813,1,2,48.0,1.0,1,1,0,0,0,0,0,0.0,28,2.594225042100464,3.7927305325865746,5.508933216333389,0,55
candidate,20260813,2,2,-16.0,3.0,0,0,0,0,0,0,0,0.0,27,2.3939230099872306,3.288315050303936,3.335012122988701,0,55
candidate,20260813,3,2,-16.0,3.0,0,0,0,0,0,0,0,0.0,27,2.392293264468511,3.2604223117232323,3.3393148332834244,0,55
candidate,20260814,0,2,38.0,1.0,1,0,0,0,0,0,0,0.0,74,2.5784551493219428,3.6481427960097785,4.717160016298294,0,148
candidate,20260814,1,2,-8.0,2.5,0,0,0,0,0,0,0,0.01282051282051282,78,2.609608575510673,3.698061872273683,7.526665925979614,0,156
candidate,20260814,2,2,-8.0,2.5,0,0,0,0,0,0,0,0.0,72,2.4722894757158227,3.2606925815343857,5.228279158473015,0,144
candidate,20260814,3,2,0.0,2.5,0,0,0,0,0,1,0,0.023529411764705882,85,2.3449174840660656,2.911560609936714,3.156375139951706,0,170
candidate,20260815,0,0,-18.0,3.0,0,0,0,0,0,0,0,0.0,30,2.453042628864447,3.1677693128585815,3.1846314668655396,0,61
candidate,20260815,1,0,-8.0,2.5,0,0,0,0,0,0,0,0.03278688524590164,61,2.352794357499138,2.9813218861818314,3.137625753879547,0,122
candidate,20260815,2,0,54.0,1.0,1,1,0,0,0,0,0,0.06451612903225806,31,2.3687144801501305,3.2630013301968575,3.3130813390016556,0,61
candidate,20260815,3,0,-18.0,3.0,0,0,0,0,0,0,0,0.0,30,2.408056892454624,3.2482502050697803,3.269229084253311,0,61
candidate,20260816,0,2,-17.0,3.0,0,0,0,0,0,0,0,0.034482758620689655,58,2.3629217376482896,2.855387330055237,3.125714138150215,0,117
candidate,20260816,1,2,-17.0,3.0,0,0,0,0,0,0,0,0.0,58,2.480739245897737,3.293665684759617,3.663433715701103,0,117
candidate,20260816,2,2,51.0,1.0,1,1,0,0,0,0,0,0.06521739130434782,46,2.3422712946067685,3.209291025996208,3.2530631870031357,0,91
candidate,20260816,3,2,-17.0,3.0,0,0,0,0,0,0,0,0.034482758620689655,58,2.3428584802253494,3.0391844920814037,3.230968490242958,0,117
candidate,20260817,0,0,-32.0,4.0,0,0,1,24,0,0,0,0.08163265306122448,49,2.433664108417472,3.3709634095430374,3.4614820033311844,0,98
candidate,20260817,1,0,-8.0,2.5,0,0,0,0,0,0,0,0.0,34,2.4693302591057384,3.2238573767244816,3.290601074695587,0,68
candidate,20260817,2,0,-19.0,3.0,0,0,0,0,0,0,0,0.0,48,2.4379851141323647,3.1657817773520947,3.209821879863739,0,97
candidate,20260817,3,0,-17.0,4.0,0,0,1,9,0,0,0,0.0,34,2.438890583374921,3.405783884227276,3.4784656018018723,0,68
candidate,20260818,0,3,-33.0,3.0,0,0,0,0,0,0,0,0.0,36,2.6567366698549852,3.9016627706587315,4.056748002767563,0,73
candidate,20260818,1,3,99.0,1.0,1,1,0,0,0,0,0,0.0,37,2.5044684172482103,3.2626766711473465,5.611611530184746,0,73
candidate,20260818,2,3,-33.0,3.0,0,0,0,0,0,0,0,0.027777777777777776,36,2.46668653562665,3.259303979575634,4.6911463141441345,0,73
candidate,20260818,3,3,-33.0,3.0,0,0,0,0,0,0,0,0.027777777777777776,36,2.422364635599984,3.2798550091683865,3.3244788646698,0,73
candidate,20260819,0,3,69.0,1.0,1,1,0,0,0,0,0,0.024691358024691357,81,2.4117021648972123,3.233775496482849,3.3032912760972977,0,161
candidate,20260819,1,3,-20.0,4.0,0,0,1,12,0,0,0,0.017241379310344827,58,2.458761895781961,3.261143621057272,3.4599807113409042,0,116
candidate,20260819,2,3,-20.0,4.0,0,0,1,12,0,0,0,0.0,71,2.418566600117885,3.355558030307293,3.482293337583542,0,142
candidate,20260819,3,3,-20.0,4.0,0,0,1,12,0,0,0,0.0,68,2.435205257771646,3.500599041581154,3.62992100417614,0,136
candidate,20260820,0,3,-25.0,3.0,0,0,0,0,0,0,0,0.03571428571428571,56,2.3764025286904404,3.010065294802189,3.365933895111084,0,113
candidate,20260820,1,3,-8.0,2.5,0,0,0,0,0,0,0,0.04,25,2.446821704506874,3.1370390206575394,3.4788474440574646,0,50
candidate,20260820,2,3,-18.0,4.0,0,0,1,10,0,0,0,0.025,40,2.430114522576332,3.286553267389536,3.3432580530643463,0,80
candidate,20260820,3,3,34.0,1.0,1,0,0,0,0,0,0,0.025,40,2.329840511083603,2.8864917345345016,3.1402092427015305,0,80
candidate,20260821,0,0,-19.0,3.0,0,0,0,0,0,0,0,0.0,29,2.4879746267507814,3.267456963658333,3.2805558294057846,0,59
candidate,20260821,1,0,57.0,1.0,1,1,0,0,0,0,0,0.06666666666666667,30,2.3402214671174684,3.138449043035507,3.226233646273613,0,59
candidate,20260821,2,0,-19.0,3.0,0,0,0,0,0,0,0,0.06896551724137931,29,2.344894768862889,3.0536454170942307,3.306955099105835,0,59
candidate,20260821,3,0,-17.0,4.0,0,0,1,9,0,0,0,0.0,24,2.390329958871007,3.209779690951109,3.2166969031095505,0,48
candidate,20260822,0,0,42.0,1.0,1,0,0,0,0,0,0,0.0,56,2.5190127281738177,3.447896335273981,3.512062132358551,0,112
candidate,20260822,1,0,-19.0,4.0,0,0,1,11,0,0,0,0.0,57,2.4703150255638255,3.362669050693512,3.5023409873247147,0,114
candidate,20260822,2,0,-8.0,2.5,0,0,0,0,0,0,0,0.0,56,2.4949783525828804,3.539126366376877,3.6110393702983856,0,112
candidate,20260822,3,0,-26.0,4.0,0,0,1,18,0,0,0,0.03571428571428571,56,2.335091254540852,3.104046918451786,3.148844465613365,0,112
candidate,20260823,0,1,-8.0,2.5,0,0,0,0,0,0,0,0.05263157894736842,38,2.433885035938338,3.1919694505631924,3.206998109817505,0,76
candidate,20260823,1,1,-17.0,4.0,0,0,1,9,0,0,0,0.0,42,2.450623372126193,3.3677702769637103,3.39597649872303,0,84
candidate,20260823,2,1,-30.0,4.0,0,0,1,22,0,0,0,0.03389830508474576,59,2.3862171791872737,3.2521866261959076,3.2860971987247467,0,118
candidate,20260823,3,1,0.0,2.5,0,0,0,0,0,1,1,0.0,86,2.609799442769483,4.042959306389093,4.540048539638519,0,172
candidate,20260824,0,3,-24.0,3.0,0,0,0,0,0,0,0,0.019230769230769232,52,2.4676617020024705,3.1893947161734104,3.231879323720932,0,105
candidate,20260824,1,3,-24.0,3.0,0,0,0,0,0,0,0,0.0,52,2.4189275975983877,3.291420266032219,3.3183973282575607,0,105
candidate,20260824,2,3,72.0,1.0,1,1,0,0,0,0,0,0.05660377358490566,53,2.2926239191361195,2.8405018150806427,3.0874088406562805,0,105
candidate,20260824,3,3,-24.0,3.0,0,0,0,0,0,0,0,0.0,52,2.4359638516146402,3.2403411343693733,3.2919850200414658,0,105
candidate,20260825,0,3,-19.0,3.0,0,0,0,0,0,0,0,0.0,44,2.4544020945375618,3.211269248276949,3.2417085021734238,0,89
candidate,20260825,1,3,-8.0,2.5,0,0,0,0,0,0,0,0.020833333333333332,48,2.40573399545004,3.1121750362217426,3.1939931213855743,0,96
candidate,20260825,2,3,-8.0,2.5,0,0,0,0,0,0,0,0.0125,80,2.393323229625821,3.168616723269224,3.321027383208275,0,160
candidate,20260825,3,3,0.0,2.5,0,0,0,0,0,1,1,0.024096385542168676,83,2.353158813104572,3.141463734209537,3.620004281401634,0,166
candidate,20260826,0,3,-8.0,2.5,0,0,0,0,0,0,0,0.0,38,2.5114650887094045,3.4055824391543865,3.4927502274513245,0,76
candidate,20260826,1,3,-32.0,4.0,0,0,1,24,0,0,0,0.02631578947368421,38,2.4227514176776537,3.24373347684741,3.2567959278821945,0,76
candidate,20260826,2,3,-8.0,2.5,0,0,0,0,0,0,0,0.0,40,2.438643528148532,3.3099079504609104,3.5585518926382065,0,80
candidate,20260826,3,3,48.0,1.0,1,0,0,0,0,0,0,0.0,38,2.3940935436832276,3.182428330183029,3.2847635447978973,0,76
candidate,20260827,0,2,-20.0,3.0,0,0,0,0,0,0,0,0.0,39,2.5476797555501642,3.2666197046637535,3.3015478402376175,0,79
candidate,20260827,1,2,72.0,1.0,1,1,0,0,0,0,0,0.0,38,2.521505187216558,3.739599138498306,4.134994000196457,0,75
candidate,20260827,2,2,-21.0,3.0,0,0,0,0,0,0,0,0.0,43,2.4718715007915053,3.5631325095891953,3.5818666219711304,0,87
candidate,20260827,3,2,-21.0,3.0,0,0,0,0,0,0,0,0.023255813953488372,43,2.3700187285972194,3.0684243887662888,3.19061242043972,0,87
candidate,20260828,0,1,-8.0,2.5,0,0,0,0,0,0,0,0.028169014084507043,71,2.3759040509311244,2.989675849676132,3.237515687942505,0,142
candidate,20260828,1,1,-28.0,4.0,0,0,1,20,0,0,0,0.045454545454545456,66,2.320894096611124,2.7819103561341763,3.192950040102005,0,132
candidate,20260828,2,1,-8.0,2.5,0,0,0,0,0,0,0,0.0,35,2.543587876217706,3.708479553461075,3.7615932524204254,0,70
candidate,20260828,3,1,-19.0,3.0,0,0,0,0,0,0,0,0.025,80,2.3708648746833205,3.2825214788317676,3.397686406970024,0,161
candidate,20260829,0,1,-8.0,2.5,0,0,0,0,0,0,0,0.058823529411764705,34,2.434260047533933,3.20802154019475,3.3725444227457047,0,68
candidate,20260829,1,1,-8.0,2.5,0,0,0,0,0,0,0,0.09375,32,2.3199815186671913,2.9217456467449665,3.092564642429352,0,64
candidate,20260829,2,1,44.0,1.0,1,0,0,0,0,0,0,0.03125,32,2.3730871034786105,3.1616204418241978,3.3029448240995407,0,64
candidate,20260829,3,1,-28.0,4.0,0,0,1,20,0,0,0,0.03571428571428571,28,2.370302033211504,3.210980724543333,3.2492931932210922,0,56
candidate,20260830,0,2,0.0,2.5,0,0,0,0,0,1,0,0.0,83,2.4645703070494065,3.2961882650852203,3.45827080309391,0,167
candidate,20260830,1,2,43.0,1.0,1,0,0,0,0,0,0,0.015873015873015872,63,2.5129465770626824,3.532075695693493,3.7564150989055634,0,126
candidate,20260830,2,2,-23.0,3.0,0,0,0,0,0,0,0,0.013333333333333334,75,2.4503272275129953,3.465129993855953,3.594059497117996,0,150
candidate,20260830,3,2,-8.0,2.5,0,0,0,0,0,0,0,0.027777777777777776,72,2.5253531833489737,3.482857998460532,4.510849714279175,0,144
candidate,20260831,0,3,63.0,1.0,1,1,0,0,0,0,0,0.08,25,2.893945202231407,3.982743248343467,4.141980782151222,0,49
candidate,20260831,1,3,-21.0,3.0,0,0,0,0,0,0,0,0.08695652173913043,23,2.494001680094263,3.3083632588386536,3.3276714384555817,0,47
candidate,20260831,2,3,-21.0,3.0,0,0,0,0,0,0,0,0.041666666666666664,24,2.3763092079510293,3.3082550391554832,3.3217836171388626,0,49
candidate,20260831,3,3,-21.0,3.0,0,0,0,0,0,0,0,0.0,24,2.415252306188146,3.4700867719948287,3.563128411769867,0,49
candidate,20260832,0,1,63.0,1.0,1,1,0,0,0,0,0,0.0196078431372549,51,2.503158122885461,3.4131426364183426,3.4587346017360687,0,102
candidate,20260832,1,1,-8.0,2.5,0,0,0,0,0,0,0,0.04878048780487805,41,2.3984037248826606,3.1359121203422546,3.1537432223558426,0,81
candidate,20260832,2,1,-17.0,4.0,0,0,1,9,0,0,0,0.024390243902439025,41,2.4193083276835883,3.3110417425632477,3.368411213159561,0,83
candidate,20260832,3,1,33.0,1.0,1,0,0,0,0,0,0,0.0,41,2.4361871637222245,3.441073000431061,3.552395850419998,0,83
candidate,20260833,0,0,-8.0,2.5,0,0,0,0,0,0,0,0.0425531914893617,47,2.423612836827623,3.216810151934623,3.3543556928634644,0,94
candidate,20260833,1,0,-16.0,4.0,0,0,1,8,0,0,0,0.0425531914893617,47,2.348999671162443,2.927318215370178,3.360241651535034,0,94
candidate,20260833,2,0,-16.0,3.0,0,0,0,0,0,0,0,0.04819277108433735,83,2.308274495852999,2.8880886733531947,3.0824337154626846,0,167
candidate,20260833,3,0,-17.0,4.0,0,0,1,9,0,0,0,0.037037037037037035,81,2.276236743286804,2.746943384408951,2.9061343520879745,0,162
candidate,20260834,0,2,-8.0,2.5,0,0,0,0,0,0,0,0.0,44,2.451925665478815,3.304301481693983,3.4467820078134537,0,88
candidate,20260834,1,2,32.0,1.0,1,0,0,0,0,0,0,0.09375,32,2.3020095541141927,2.835346944630146,2.8734151273965836,0,64
candidate,20260834,2,2,-16.0,4.0,0,0,1,8,0,0,0,0.08333333333333333,24,2.4073917884379625,3.180238511413336,3.230409696698189,0,48
candidate,20260834,3,2,-8.0,2.5,0,0,0,0,0,0,0,0.0,32,2.3486262653023005,3.1488431617617607,3.1815320253372192,0,64
candidate,20260835,0,2,-16.0,3.0,0,0,0,0,0,0,0,0.0,37,2.527273687961939,3.4141790121793743,3.643730655312538,0,75
candidate,20260835,1,2,-18.0,3.0,0,0,0,0,0,0,0,0.05,80,2.384655806235969,3.2687079161405563,3.5096481442451477,0,161
candidate,20260835,2,2,-18.0,3.0,0,0,0,0,0,0,0,0.0,76,2.506343917431016,3.471966367214918,3.832012414932251,0,153
candidate,20260835,3,2,-8.0,2.5,0,0,0,0,0,0,0,0.0,55,2.4742438711903314,3.4583033993840218,3.5410188138484955,0,110
candidate,20260836,0,3,34.0,1.0,1,0,0,0,0,0,0,0.061224489795918366,49,2.372442079441888,2.9763754457235336,3.1727775931358337,0,98
candidate,20260836,1,3,0.0,2.5,0,0,0,0,0,1,1,0.011494252873563218,87,2.425064022342364,3.235527127981186,3.3573824912309647,0,174
candidate,20260836,2,3,-8.0,2.5,0,0,0,0,0,0,0,0.012048192771084338,83,2.3562335465327804,3.0715353786945343,3.1918957829475403,0,166
candidate,20260836,3,3,-17.0,3.0,0,0,0,0,0,0,0,0.03333333333333333,60,2.383074536919594,3.242363315075636,3.2735448330640793,0,121
candidate,20260837,0,1,-22.0,3.0,0,0,0,0,0,0,0,0.0,46,2.4665910750627518,3.1821602024137974,3.978343680500984,0,93
candidate,20260837,1,1,-22.0,3.0,0,0,0,0,0,0,0,0.0,46,2.467104274293651,3.2953042536973953,3.3662281930446625,0,93
candidate,20260837,2,1,-8.0,2.5,0,0,0,0,0,0,0,0.0,58,2.5145606426843283,3.5546230152249336,3.701206296682358,0,116
candidate,20260837,3,1,-22.0,3.0,0,0,0,0,0,0,0,0.0,46,2.4123068332024244,3.2702614553272724,3.308327868580818,0,93
candidate,20260838,0,1,-17.0,3.0,0,0,0,0,0,0,0,0.0967741935483871,31,2.389855202167265,2.9099658131599426,3.207312896847725,0,63
candidate,20260838,1,1,-8.0,2.5,0,0,0,0,0,0,0,0.029411764705882353,34,2.4534556466866944,3.215828910470009,3.4730806946754456,0,68
candidate,20260838,2,1,51.0,1.0,1,1,0,0,0,0,0,0.0625,32,2.377214841544628,3.1937588937580585,3.4248866140842438,0,63
candidate,20260838,3,1,-17.0,3.0,0,0,0,0,0,0,0,0.0,31,2.3412008078828936,3.278946503996849,3.367142751812935,0,63
candidate,20260839,0,2,-16.0,4.0,0,0,1,8,0,0,0,0.0,45,2.480012592342165,3.2622601836919785,3.359375521540642,0,90
candidate,20260839,1,2,-8.0,2.5,0,0,0,0,0,0,0,0.0,45,2.4211151318417654,3.2830141484737396,3.333810716867447,0,90
candidate,20260839,2,2,32.0,1.0,1,0,0,0,0,0,0,0.022222222222222223,45,2.3981001642015247,3.3580750226974487,3.403216600418091,0,90
candidate,20260839,3,2,-8.0,2.5,0,0,0,0,0,0,0,0.018518518518518517,54,2.3357899583600186,3.00559950992465,3.124512732028961,0,108
candidate,20260840,0,2,-31.0,3.0,0,0,0,0,0,0,0,0.045454545454545456,44,2.463316587223248,3.2731045968830585,3.2906457781791687,0,89
candidate,20260840,1,2,-27.0,3.0,0,0,0,0,0,0,0,0.0,42,2.4613342469646815,3.323331475257873,3.392428159713745,0,85
candidate,20260840,2,2,84.0,1.0,1,1,0,0,0,0,0,0.022727272727272728,44,2.4237769063223493,3.3563757315278053,3.4587737172842026,0,87
candidate,20260840,3,2,-28.0,3.0,0,0,0,0,0,0,0,0.046511627906976744,43,2.3498606629842937,3.2131776213645935,3.2763201743364334,0,87
candidate,20260841,0,0,-17.0,4.0,0,0,1,9,0,0,0,0.0,40,2.5719537399709225,3.4844507463276386,3.611115738749504,0,80
candidate,20260841,1,0,-8.0,2.5,0,0,0,0,0,0,0,0.025,40,2.384783048182726,3.0381639488041396,3.192964941263199,0,80
candidate,20260841,2,0,-8.0,2.5,0,0,0,0,0,0,0,0.02,50,2.5028810277581215,3.7164902314543724,3.877531737089157,0,100
candidate,20260841,3,0,33.0,1.0,1,0,0,0,0,0,0,0.05,40,2.3064998909831047,2.8954535722732544,2.9332004487514496,0,80
candidate,20260842,0,0,-20.0,4.0,0,0,1,12,0,0,0,0.020833333333333332,48,2.4724717950448394,3.227312210947275,3.68436798453331,0,96
candidate,20260842,1,0,-8.0,2.5,0,0,0,0,0,0,0,0.05454545454545454,55,2.3642438379201023,3.2739557325839996,3.3672451972961426,0,110
candidate,20260842,2,0,-8.0,2.5,0,0,0,0,0,0,0,0.020833333333333332,48,2.4039901715392866,3.414905723184347,3.4742094576358795,0,96
candidate,20260842,3,0,-8.0,2.5,0,0,0,0,0,0,0,0.041666666666666664,48,2.33884050976485,3.046149108558893,3.082718700170517,0,96
candidate,20260843,0,1,-8.0,2.5,0,0,0,0,0,0,0,0.02,50,2.488335743546486,3.3562831580638885,3.423590213060379,0,100
candidate,20260843,1,1,37.0,1.0,1,0,0,0,0,0,0,0.031746031746031744,63,2.3835992943199855,3.2177910208702087,3.2899323850870132,0,126
candidate,20260843,2,1,75.0,1.0,1,1,0,0,0,0,0,0.0196078431372549,51,2.4024264558273205,3.3541908487677574,3.4656189382076263,0,101
candidate,20260843,3,1,-8.0,2.5,0,0,0,0,0,0,0,0.0,50,2.4552401527762413,3.549012169241905,3.661101683974266,0,100
candidate,20260844,0,2,-16.0,4.0,0,0,1,8,0,0,0,0.0,48,2.5156211340799928,3.337839152663946,3.471147269010544,0,96
candidate,20260844,1,2,-8.0,2.5,0,0,0,0,0,0,0,0.017543859649122806,57,2.3799829119653033,3.168102353811264,3.2245349138975143,0,114
candidate,20260844,2,2,-19.0,3.0,0,0,0,0,0,0,0,0.05714285714285714,35,2.3854137531348636,3.113728202879429,3.1325332820415497,0,71
candidate,20260844,3,2,-8.0,2.5,0,0,0,0,0,0,0,0.02,50,2.424943223595619,3.3203636296093464,3.5682693123817444,0,100
candidate,20260845,0,3,-8.0,2.5,0,0,0,0,0,0,0,0.025,40,2.505408274009824,3.351324610412121,3.383152186870575,0,80
candidate,20260845,1,3,87.0,1.0,1,1,0,0,0,0,0,0.05128205128205128,39,2.364307928543824,3.231460228562355,3.3616162836551666,0,77
candidate,20260845,2,3,44.0,1.0,1,0,0,0,0,0,0,0.024390243902439025,41,2.4918172417617424,3.569437190890312,3.8405731320381165,0,82
candidate,20260845,3,3,-8.0,2.5,0,0,0,0,0,0,0,0.05555555555555555,36,2.330544301205211,2.94451043009758,3.01334448158741,0,72
candidate,20260846,0,2,-8.0,2.5,0,0,0,0,0,0,0,0.0,46,2.4875627587670865,3.2533654011785984,3.280084580183029,0,92
candidate,20260846,1,2,-8.0,2.5,0,0,0,0,0,0,0,0.029411764705882353,68,2.4457960937391308,3.3113984391093254,3.420863300561905,0,136
candidate,20260846,2,2,0.0,2.5,0,0,0,0,0,1,0,0.012048192771084338,83,2.4770629109747437,3.5380316898226734,3.7974677979946136,0,166
candidate,20260846,3,2,-18.0,4.0,0,0,1,10,0,0,0,0.013333333333333334,75,2.4013291547695794,3.221205249428749,3.4597814083099365,0,150
candidate,20260847,0,2,-17.0,3.0,0,0,0,0,0,0,0,0.021739130434782608,46,2.478479772158291,3.3558947034180164,3.3757388591766357,0,93
candidate,20260847,1,2,-17.0,3.0,0,0,0,0,0,0,0,0.021739130434782608,46,2.5146605203980985,3.502138890326023,3.639979287981987,0,93
candidate,20260847,2,2,32.0,1.0,1,0,0,0,0,0,0,0.018867924528301886,53,2.5057596910112307,3.5354841500520706,4.612011834979057,0,106
candidate,20260847,3,2,-8.0,2.5,0,0,0,0,0,0,0,0.0,43,2.4526928833057715,3.2337473705410957,3.3044274896383286,0,86
candidate,20260848,0,0,-8.0,2.5,0,0,0,0,0,0,0,0.0425531914893617,47,2.4391772185868406,3.3267538994550705,3.336546942591667,0,94
candidate,20260848,1,0,43.0,1.0,1,0,0,0,0,0,0,0.02127659574468085,47,2.4007445875000446,3.1566115096211433,3.1879637390375137,0,94
candidate,20260848,2,0,-27.0,4.0,0,0,1,19,0,0,0,0.02127659574468085,47,2.376556990945593,3.230753540992737,3.2359883189201355,0,94
candidate,20260848,3,0,-27.0,4.0,0,0,1,19,0,0,0,0.0,40,2.401116257533431,3.2056027092039585,3.269404172897339,0,80
candidate,20260849,0,3,-17.0,4.0,0,0,1,9,0,0,0,0.03278688524590164,61,2.3911818861961365,3.0423924326896667,3.3211037516593933,0,122
candidate,20260849,1,3,-8.0,2.5,0,0,0,0,0,0,0,0.03389830508474576,59,2.464866802348929,3.375673294067383,3.6093126982450485,0,118
candidate,20260849,2,3,-8.0,2.5,0,0,0,0,0,0,0,0.0,68,2.4283381781595597,3.246193751692772,3.3184345811605453,0,136
candidate,20260849,3,3,-16.0,4.0,0,0,1,8,0,0,0,0.03571428571428571,56,2.3792021508727754,3.1094509176909924,3.3591166138648987,0,112
candidate,20260850,0,0,-8.0,2.5,0,0,0,0,0,0,0,0.02666666666666667,75,2.4605503429969153,3.2743755728006363,3.38682159781456,0,150
candidate,20260850,1,0,33.0,1.0,1,0,0,0,0,0,0,0.015151515151515152,66,2.55805290671009,3.7340749986469746,3.8717705756425858,0,132
candidate,20260850,2,0,-18.0,3.0,0,0,0,0,0,0,0,0.0,68,2.48760571155478,3.6044233478605747,3.7815216928720474,0,137
candidate,20260850,3,0,0.0,2.5,0,0,0,0,0,1,1,0.036585365853658534,82,2.3491953431469637,3.0245807953178883,3.2153725624084473,0,164
candidate,20260851,0,1,37.0,1.0,1,0,0,0,0,0,0,0.1111111111111111,27,2.3951798815418175,3.093901090323925,3.1619053333997726,0,54
candidate,20260851,1,1,-8.0,2.5,0,0,0,0,0,0,0,0.037037037037037035,27,2.424905697504679,3.2659897580742836,3.3110976219177246,0,54
candidate,20260851,2,1,-22.0,3.0,0,0,0,0,0,0,0,0.09375,32,2.349387214053422,2.98962015658617,3.1101685017347336,0,65
candidate,20260851,3,1,-8.0,2.5,0,0,0,0,0,0,0,0.0,25,2.394905239343643,3.442312404513359,3.490392118692398,0,50
candidate,20260852,0,3,-8.0,2.5,0,0,0,0,0,0,0,0.0,36,2.5727502587768765,3.7150951102375984,3.845101222395897,0,72
candidate,20260852,1,3,-8.0,2.5,0,0,0,0,0,0,0,0.0,36,2.4821570970945888,3.4552798606455326,3.5203639417886734,0,72
candidate,20260852,2,3,36.0,1.0,1,0,0,0,0,0,0,0.0,36,2.4017499138911567,3.220347687602043,3.2888296991586685,0,72
candidate,20260852,3,3,-20.0,4.0,0,0,1,12,0,0,0,0.05555555555555555,36,2.3436547877887883,3.260414581745863,3.2728780061006546,0,72
candidate,20260853,0,2,-33.0,4.0,0,0,1,25,0,0,0,0.0625,32,2.4329478037543595,3.241501562297344,3.2621920108795166,0,64
candidate,20260853,1,2,-8.0,2.5,0,0,0,0,0,0,0,0.0,32,2.5262063136324286,3.570783231407404,3.9146840572357178,0,64
candidate,20260853,2,2,117.0,1.0,1,1,0,0,0,0,0,0.0,45,2.389009834991561,3.189825266599655,3.2395608723163605,0,89
candidate,20260853,3,2,-33.0,3.0,0,0,0,0,0,0,0,0.03278688524590164,61,2.3436063564703113,2.9915980994701385,3.2121092081069946,0,123
candidate,20260854,0,1,-8.0,2.5,0,0,0,0,0,0,0,0.0,30,2.518163062632084,3.4345314837992187,3.4847967326641083,0,60
candidate,20260854,1,1,57.0,1.0,1,1,0,0,0,0,0,0.03333333333333333,30,2.4198340252041817,3.330614883452654,3.5758204758167267,0,59
candidate,20260854,2,1,36.0,1.0,1,0,0,0,0,0,0,0.0,30,2.3938896134495735,3.287739958614111,3.3350419253110886,0,60
candidate,20260854,3,1,-8.0,2.5,0,0,0,0,0,0,0,0.05263157894736842,38,2.36480305657575,3.3026966266334057,3.352528437972069,0,76
candidate,20260855,0,1,-8.0,2.5,0,0,0,0,0,0,0,0.019230769230769232,52,2.5173651341062326,3.5022382624447346,3.952750936150551,0,104
candidate,20260855,1,1,-19.0,4.0,0,0,1,11,0,0,0,0.043478260869565216,46,2.3322910394357597,2.831656951457262,3.1090527772903442,0,92
candidate,20260855,2,1,-8.0,2.5,0,0,0,0,0,0,0,0.021739130434782608,46,2.399918501791747,3.3447351306676865,3.6833230406045914,0,92
candidate,20260855,3,1,-17.0,3.0,0,0,0,0,0,0,0,0.027777777777777776,72,2.3409558149675527,2.9575778171420097,3.069985657930374,0,145
candidate,20260856,0,1,33.0,1.0,1,0,0,0,0,0,0,0.0,58,2.591417941810756,3.913427982479334,3.988010808825493,0,116
candidate,20260856,1,1,-8.0,2.5,0,0,0,0,0,0,0,0.03225806451612903,62,2.398018605045734,3.089149575680494,3.361376002430916,0,124
candidate,20260856,2,1,-16.0,4.0,0,0,1,8,0,0,0,0.0,66,2.478985567436074,3.4501305781304836,3.527682274580002,0,132
candidate,20260856,3,1,0.0,2.5,0,0,0,0,0,1,0,0.011494252873563218,87,2.4209260812093474,3.278440050780773,3.528926521539688,0,174
candidate,20260857,0,0,-8.0,2.5,0,0,0,0,0,0,0,0.03225806451612903,31,2.475423437933768,3.271031193435192,3.357077017426491,0,62
candidate,20260857,1,0,34.0,1.0,1,0,0,0,0,0,0,0.034482758620689655,29,2.382708071120854,3.1523104757070537,3.2146330922842026,0,58
candidate,20260857,2,0,-8.0,2.5,0,0,0,0,0,0,0,0.0,33,2.4313986527197287,3.324483707547188,3.473052754998207,0,66
candidate,20260857,3,0,-18.0,4.0,0,0,1,10,0,0,0,0.0,43,2.4383718277825865,3.277825564146042,3.2986029982566833,0,86
candidate,20260858,0,2,-20.0,3.0,0,0,0,0,0,0,0,0.03773584905660377,53,2.401320369176145,3.026658669114113,3.215283155441284,0,108
candidate,20260858,1,2,33.0,1.0,1,0,0,0,0,0,0,0.046511627906976744,43,2.389430566582569,3.1552599743008614,3.1598657369613647,0,86
candidate,20260858,2,2,36.0,1.0,1,0,0,0,0,0,0,0.0,30,2.403965468207995,3.3435771241784096,3.362715244293213,0,60
candidate,20260858,3,2,57.0,1.0,1,1,0,0,0,0,0,0.0,58,2.3990839655543197,3.2335699535906315,3.3080410212278366,0,115
candidate,20260859,0,1,-8.0,2.5,0,0,0,0,0,0,0,0.0,36,2.432349707103438,3.0945506878197193,3.1305626034736633,0,72
candidate,20260859,1,1,33.0,1.0,1,0,0,0,0,0,0,0.027777777777777776,36,2.3807407253318362,3.1500766053795815,3.228612244129181,0,72
candidate,20260859,2,1,-8.0,2.5,0,0,0,0,0,0,0,0.03773584905660377,53,2.403929443010744,3.4972622990608215,3.5219788551330566,0,106
candidate,20260859,3,1,-8.0,2.5,0,0,0,0,0,0,0,0.0,35,2.374108135700226,3.1861281022429466,3.217361867427826,0,70
candidate,20260860,0,0,39.0,1.0,1,0,0,0,0,0,0,0.0,45,2.4861363487111197,3.2715238630771637,3.2839812338352203,0,90
candidate,20260860,1,0,66.0,1.0,1,1,0,0,0,0,0,0.03571428571428571,56,2.3642011718558416,3.066794015467167,3.3375397324562073,0,111
candidate,20260860,2,0,-24.0,4.0,0,0,1,16,0,0,0,0.034482758620689655,29,2.3404062436572435,3.0025724321603775,3.0166245996952057,0,58
candidate,20260860,3,0,-22.0,3.0,0,0,0,0,0,0,0,0.0,55,2.4644963443279266,3.530500829219818,3.545476123690605,0,111
candidate,20260861,0,3,49.0,1.0,1,0,0,0,0,0,0,0.0,8,2.456127665936947,3.183608315885067,3.211457282304764,0,16
candidate,20260861,1,3,-8.0,2.5,0,0,0,0,0,0,0,0.0,8,2.4119014851748943,3.1186613254249096,3.11867892742157,0,16
candidate,20260861,2,3,-8.0,2.5,0,0,0,0,0,0,0,0.0,8,2.390962094068527,3.109024092555046,3.134477883577347,0,16
candidate,20260861,3,3,-33.0,4.0,0,0,1,25,0,0,0,0.0,8,2.404868369922042,3.179625514894724,3.1821634620428085,0,16
candidate,20260862,0,0,51.0,1.0,1,0,0,0,0,0,0,0.06896551724137931,29,2.4294317539395958,3.222493454813957,3.2721664756536484,0,58
candidate,20260862,1,0,-35.0,4.0,0,0,1,27,0,0,0,0.0,36,2.4039788792530694,3.2663801684975624,3.281276673078537,0,72
candidate,20260862,2,0,-8.0,2.5,0,0,0,0,0,0,0,0.030303030303030304,33,2.4250569104245217,3.3227164298295975,3.4183915704488754,0,66
candidate,20260862,3,0,-8.0,2.5,0,0,0,0,0,0,0,0.027777777777777776,36,2.4011025929616556,3.187654074281454,3.4894440323114395,0,72
candidate,20260863,0,3,-24.0,3.0,0,0,0,0,0,0,0,0.019230769230769232,52,2.470888627263216,3.3110584132373333,3.437412902712822,0,105
candidate,20260863,1,3,-23.0,4.0,0,0,1,15,0,0,0,0.0196078431372549,51,2.360264642858038,2.92955432087183,3.176739439368248,0,102
candidate,20260863,2,3,-24.0,3.0,0,0,0,0,0,0,0,0.02,50,2.4356450140476227,3.3690559677779675,3.5929065197706223,0,101
candidate,20260863,3,3,72.0,1.0,1,1,0,0,0,0,0,0.05660377358490566,53,2.303026089409612,2.844628691673279,2.927100285887718,0,105
candidate,20260864,0,3,-8.0,2.5,0,0,0,0,0,0,0,0.0,27,2.4892179364407503,3.2236313447356224,3.227703273296356,0,54
candidate,20260864,1,3,37.0,1.0,1,0,0,0,0,0,0,0.0,27,2.475167590158957,3.401069901883602,3.456501290202141,0,54
candidate,20260864,2,3,-23.0,3.0,0,0,0,0,0,0,0,0.0,37,2.4213552273608543,3.266504779458046,3.3112671226263046,0,75
candidate,20260864,3,3,-8.0,2.5,0,0,0,0,0,0,0,0.0,27,2.3701795273356967,3.166724182665348,3.183456137776375,0,54
candidate,20260865,0,0,-17.0,3.0,0,0,0,0,0,0,0,0.0,53,2.5129994061195626,3.343377262353897,3.3970121294260025,0,107
candidate,20260865,1,0,-22.0,3.0,0,0,0,0,0,0,0,0.0625,32,2.396159979980439,3.204591665416956,3.314107656478882,0,65
candidate,20260865,2,0,-23.0,4.0,0,0,1,15,0,0,0,0.03333333333333333,30,2.349350725611051,3.0592606402933598,3.1750965863466263,0,60
candidate,20260865,3,0,-8.0,2.5,0,0,0,0,0,0,0,0.09375,32,2.3145648883655667,3.0500583350658417,3.1801145523786545,0,64
candidate,20260866,0,3,-23.0,3.0,0,0,0,0,0,0,0,0.0,36,2.4897318022946515,3.2867202535271645,3.3184923231601715,0,73
candidate,20260866,1,3,-8.0,2.5,0,0,0,0,0,0,0,0.04838709677419355,62,2.3337733601370165,3.0739293433725825,3.158705309033394,0,124
candidate,20260866,2,3,-48.0,3.0,0,0,0,0,0,0,0,0.04054054054054054,74,2.3224378206037186,3.2447870820760727,3.3428743481636047,0,149
candidate,20260866,3,3,-8.0,2.5,0,0,0,0,0,0,0,0.0425531914893617,47,2.350798946745852,3.311515413224697,3.3303461968898773,0,94
candidate,20260867,0,1,-45.0,4.0,0,0,1,37,1,0,0,0.0392156862745098,51,2.4209027635116205,3.0314382165670395,3.1851623207330704,0,102
candidate,20260867,1,1,-8.0,2.5,0,0,0,0,0,0,0,0.0196078431372549,51,2.3613196304615807,3.087869845330715,3.2615531235933304,0,102
candidate,20260867,2,1,61.0,1.0,1,0,0,0,0,0,0,0.058823529411764705,51,2.3365992249227037,3.0684545636177063,3.24803963303566,0,102
candidate,20260867,3,1,37.0,1.0,1,0,0,0,0,0,0,0.041666666666666664,48,2.354843347954253,3.0673005618155003,3.452301025390625,0,96
candidate,20260868,0,2,-8.0,2.5,0,0,0,0,0,0,0,0.0,35,2.4727321629013335,3.35466880351305,3.4987740218639374,0,70
candidate,20260868,1,2,-20.0,4.0,0,0,1,12,0,0,0,0.05714285714285714,35,2.3801425205809728,2.9964292421936984,3.110745921730995,0,70
candidate,20260868,2,2,36.0,1.0,1,0,0,0,0,0,0,0.0,35,2.4420761104140962,3.2741760835051537,3.31057608127594,0,70
candidate,20260868,3,2,-8.0,2.5,0,0,0,0,0,0,0,0.05714285714285714,35,2.385770795600755,3.320198133587837,3.3832713961601257,0,70
candidate,20260869,0,3,-8.0,2.5,0,0,0,0,0,0,0,0.019230769230769232,52,2.4670897983014584,3.2593325711786747,3.284512087702751,0,104
candidate,20260869,1,3,-8.0,2.5,0,0,0,0,0,0,0,0.019230769230769232,52,2.40174147228782,3.197810798883438,3.3088382333517075,0,104
candidate,20260869,2,3,33.0,1.0,1,0,0,0,0,0,0,0.025,40,2.490672515705228,3.5673043690621853,3.612399101257324,0,80
candidate,20260869,3,3,-19.0,4.0,0,0,1,11,0,0,0,0.0,52,2.4732666161771,3.39302234351635,3.524111583828926,0,104
candidate,20260870,0,2,-21.0,3.0,0,0,0,0,0,0,0,0.02,50,2.447396107017994,3.209078963845968,3.28105129301548,0,101
candidate,20260870,1,2,36.0,1.0,1,0,0,0,0,0,0,0.0,60,2.446490370978912,3.354212734848261,3.610929474234581,0,120
candidate,20260870,2,2,-8.0,2.5,0,0,0,0,0,0,0,0.019230769230769232,52,2.3905505211307454,3.117717429995537,3.2398737967014313,0,104
candidate,20260870,3,2,-21.0,3.0,0,0,0,0,0,0,0,0.0,46,2.430926036575566,3.305977676063776,3.3398810774087906,0,93
candidate,20260871,0,1,-21.0,3.0,0,0,0,0,0,0,0,0.03389830508474576,59,2.4301493066852378,3.1499128788709636,3.2913126051425934,0,119
candidate,20260871,1,1,0.0,2.5,0,0,0,0,0,1,1,0.023255813953488372,86,2.4076661008388496,3.205757588148117,3.213474527001381,0,171
candidate,20260871,2,1,-8.0,2.5,0,0,0,0,0,0,0,0.02666666666666667,75,2.3917014400164285,3.2540488988161087,3.297552466392517,0,151
candidate,20260871,3,1,0.0,2.5,0,0,0,0,0,1,1,0.0,88,2.433066489174962,3.2472184859216213,3.325406461954117,0,177
candidate,20260872,0,3,-8.0,2.5,0,0,0,0,0,0,0,0.06382978723404255,47,2.4302557031524943,3.262937068939209,3.334246575832367,0,95
candidate,20260872,1,3,-8.0,2.5,0,0,0,0,0,0,0,0.06153846153846154,65,2.3559359117196155,2.9423020780086517,3.484867513179779,0,129
candidate,20260872,2,3,32.0,1.0,1,0,0,0,0,0,0,0.02857142857142857,70,2.3872505075165202,3.025954868644476,3.227127715945244,0,141
candidate,20260872,3,3,-17.0,4.0,0,0,1,9,0,0,0,0.022727272727272728,44,2.3935685272921217,3.2688412815332413,3.3399350941181183,0,89
candidate,20260873,0,1,-8.0,2.5,0,0,0,0,0,0,0,0.0425531914893617,47,2.446486991136632,3.2408902421593666,3.2918453216552734,0,94
candidate,20260873,1,1,33.0,1.0,1,0,0,0,0,0,0,0.02127659574468085,47,2.391854895556227,3.0981937423348427,3.170408308506012,0,94
candidate,20260873,2,1,-8.0,2.5,0,0,0,0,0,0,0,0.0,47,2.408857635678129,3.2805560156702995,3.346150740981102,0,94
candidate,20260873,3,1,-17.0,4.0,0,0,1,9,0,0,0,0.023255813953488372,43,2.3758312643960466,3.1803635880351067,3.254082053899765,0,86
candidate,20260874,0,1,-8.0,2.5,0,0,0,0,0,0,0,0.0,18,2.359769307076931,3.026281390339136,3.052251413464546,0,36
candidate,20260874,1,1,33.0,1.0,1,0,0,0,0,0,0,0.1111111111111111,18,2.398822663558854,3.0011812224984165,3.2616984099149704,0,36
candidate,20260874,2,1,-8.0,2.5,0,0,0,0,0,0,0,0.0,18,2.460001450445917,3.26172998175025,3.272928297519684,0,36
candidate,20260874,3,1,-17.0,4.0,0,0,1,9,0,0,0,0.0,18,2.475673539770974,3.380924556404352,3.387078642845154,0,36
candidate,20260875,0,3,-8.0,2.5,0,0,0,0,0,0,0,0.0,72,2.6167957112193108,3.7200916558504105,3.8022026419639587,0,144
candidate,20260875,1,3,-8.0,2.5,0,0,0,0,0,0,0,0.043478260869565216,46,2.381457825717719,3.102397546172142,3.2868143171072006,0,92
candidate,20260875,2,3,48.0,1.0,1,1,0,0,0,0,0,0.015384615384615385,65,2.4249174560491857,3.338025137782097,3.5713035613298416,0,129
candidate,20260875,3,3,47.0,1.0,1,0,0,0,0,0,0,0.041666666666666664,72,2.3474531092991433,3.0353160575032234,3.21095809340477,0,144
candidate,20260876,0,2,-8.0,2.5,0,0,0,0,0,0,0,0.04081632653061224,49,2.415060730917113,3.233276680111885,3.3174585551023483,0,98
candidate,20260876,1,2,-16.0,4.0,0,0,1,8,0,0,0,0.04,50,2.36625749617815,2.9691961593925953,3.0317623168230057,0,100
candidate,20260876,2,2,32.0,1.0,1,0,0,0,0,0,0,0.0392156862745098,51,2.4117877816452697,3.4014349803328514,3.5113561898469925,0,102
candidate,20260876,3,2,48.0,1.0,1,0,0,0,0,0,0,0.0,46,2.4023782866804497,3.2056886702775955,3.2885484397411346,0,92
candidate,20260877,0,0,78.0,1.0,1,1,0,0,0,0,0,0.0,51,2.4800253484178993,3.2680239528417587,3.298720344901085,0,102
candidate,20260877,1,0,-26.0,4.0,0,0,1,18,0,0,0,0.03571428571428571,56,2.3782024093504464,3.1870417296886444,3.3864229917526245,0,113
candidate,20260877,2,0,-8.0,2.5,0,0,0,0,0,0,0,0.046153846153846156,65,2.322739276748437,2.924109995365143,2.9799360781908035,0,129
candidate,20260877,3,0,40.0,1.0,1,0,0,0,0,0,0,0.03125,64,2.390758541878313,3.235438745468855,3.3303312957286835,0,129
candidate,20260878,0,2,33.0,1.0,1,0,0,0,0,0,0,0.04,50,2.4205685779452324,3.1704315915703773,3.38042713701725,0,100
candidate,20260878,1,2,-8.0,2.5,0,0,0,0,0,0,0,0.017543859649122806,57,2.4731557228063283,3.440985828638077,3.601865842938423,0,114
candidate,20260878,2,2,33.0,1.0,1,0,0,0,0,0,0,0.0,51,2.5104301452052358,3.5569174215197563,3.7454571574926376,0,102
candidate,20260878,3,2,-8.0,2.5,0,0,0,0,0,0,0,0.0,57,2.4045051255247047,3.178621083498001,3.246460109949112,0,114
candidate,20260879,0,0,-8.0,2.5,0,0,0,0,0,0,0,0.03225806451612903,31,2.4897061408527437,3.202543593943119,3.25576588511467,0,62
candidate,20260879,1,0,-8.0,2.5,0,0,0,0,0,0,0,0.027777777777777776,36,2.3433462095757327,2.9636980034410954,3.104928880929947,0,72
candidate,20260879,2,0,-17.0,4.0,0,0,1,9,0,0,0,0.05263157894736842,38,2.350669501251296,3.2210915349423885,3.31815704703331,0,76
candidate,20260879,3,0,-8.0,2.5,0,0,0,0,0,0,0,0.025,40,2.405019709840417,3.26910987496376,3.451002761721611,0,80
candidate,20260880,0,3,0.0,2.5,0,0,0,0,0,1,0,0.0,76,2.5059732755548074,3.324659075587988,3.5322215408086777,0,154
candidate,20260880,1,3,33.0,1.0,1,0,0,0,0,0,0,0.02857142857142857,70,2.4076728682432855,3.1388184055685997,3.2834094017744064,0,142
candidate,20260880,2,3,99.0,1.0,1,1,0,0,0,0,0,0.01639344262295082,61,2.450451682336995,3.3382903784513474,3.3690501004457474,0,120
candidate,20260880,3,3,0.0,2.5,0,0,0,0,0,1,1,0.02631578947368421,76,2.32421555311272,2.912900410592556,3.2002106308937073,0,154
candidate,20260881,0,0,-16.0,3.0,0,0,0,0,0,0,0,0.07142857142857142,28,2.4591241297977313,3.2352032139897346,3.2690558582544327,0,58
candidate,20260881,1,0,-16.0,3.0,0,0,0,0,0,0,0,0.0,30,2.407870627939701,3.207799419760704,3.2504908740520477,0,62
candidate,20260881,2,0,-16.0,3.0,0,0,0,0,0,0,0,0.10714285714285714,28,2.312567683735064,2.8440460562705994,2.9214955866336823,0,58
candidate,20260881,3,0,75.0,1.0,1,1,0,0,0,0,0,0.0,34,2.543615670326878,3.486496489495039,3.759356215596199,0,67
candidate,20260882,0,3,-22.0,3.0,0,0,0,0,0,0,0,0.013513513513513514,74,2.5066567735897527,3.3358180895447727,3.9073042571544647,0,149
candidate,20260882,1,3,-16.0,4.0,0,0,1,8,0,0,0,0.0,24,2.4913859087973833,3.3048287965357304,3.3558178693056107,0,48
candidate,20260882,2,3,-8.0,2.5,0,0,0,0,0,0,0,0.03125,32,2.3804448428563774,3.253359068185091,3.276323899626732,0,64
candidate,20260882,3,3,-8.0,2.5,0,0,0,0,0,0,0,0.0625,32,2.410777087789029,3.3167759887874126,3.6593712866306305,0,64
candidate,20260883,0,2,-16.0,4.0,0,0,1,8,0,0,0,0.013157894736842105,76,2.475558829150702,3.275302704423666,3.63718718290329,0,152
candidate,20260883,1,2,-16.0,3.0,0,0,0,0,0,0,0,0.025,40,2.3994125425815582,3.1716628931462765,3.2472312450408936,0,81
candidate,20260883,2,2,-20.0,3.0,0,0,0,0,0,0,0,0.0,59,2.4455854258799956,3.2720591872930522,3.964850679039955,0,119
candidate,20260883,3,2,-16.0,3.0,0,0,0,0,0,0,0,0.025,40,2.4032902903854847,3.2233777455985546,3.246234729886055,0,81
candidate,20260884,0,3,57.0,1.0,1,1,0,0,0,0,0,0.05,20,2.4386988021433353,3.2060908153653145,3.3323951065540314,0,39
candidate,20260884,1,3,-19.0,3.0,0,0,0,0,0,0,0,0.045454545454545456,22,2.4010770192200486,3.194044716656208,3.2206084579229355,0,45
candidate,20260884,2,3,-19.0,3.0,0,0,0,0,0,0,0,0.0,19,2.3899478347677934,3.1833600252866745,3.2600779086351395,0,39
candidate,20260884,3,3,-19.0,3.0,0,0,0,0,0,0,0,0.05263157894736842,19,2.3943288741927398,3.1788894906640053,3.2463520765304565,0,39
candidate,20260885,0,3,32.0,1.0,1,0,0,0,0,0,0,0.0,43,2.5945186701624894,3.7615416571497913,4.055129364132881,0,87
candidate,20260885,1,3,-18.0,4.0,0,0,1,10,0,0,0,0.029411764705882353,34,2.4163912543479134,3.1479548662900925,3.8040820509195328,0,69
candidate,20260885,2,3,34.0,1.0,1,0,0,0,0,0,0,0.05714285714285714,35,2.358798310160637,3.017975203692913,3.741556778550148,0,69
candidate,20260885,3,3,41.0,1.0,1,0,0,0,0,0,0,0.04,25,2.40330308675766,3.3611353486776347,3.3863615244627,0,51
candidate,20260886,0,2,-8.0,2.5,0,0,0,0,0,0,0,0.0196078431372549,51,2.4610122702285353,3.2346639782190323,3.3951476216316223,0,102
candidate,20260886,1,2,-33.0,3.0,0,0,0,0,0,0,0,0.05,40,2.3635910358279943,3.2018144614994526,3.268100321292877,0,81
candidate,20260886,2,2,63.0,1.0,1,1,0,0,0,0,0,0.0,57,2.4102380858701573,3.264939412474632,4.037674516439438,0,113
candidate,20260886,3,2,-33.0,3.0,0,0,0,0,0,0,0,0.075,40,2.290964685380459,2.928375545889139,2.9320064932107925,0,81
candidate,20260887,0,3,37.0,1.0,1,0,0,0,0,0,0,0.0,63,2.561717161110469,3.727727942168712,4.293464124202728,0,126
candidate,20260887,1,3,-8.0,2.5,0,0,0,0,0,0,0,0.016129032258064516,62,2.4430918837747266,3.2898754812777042,3.4945569932460785,0,124
candidate,20260887,2,3,60.0,1.0,1,1,0,0,0,0,0,0.03278688524590164,61,2.3431826199664445,2.8873197734355927,3.2048430293798447,0,121
candidate,20260887,3,3,-21.0,4.0,0,0,1,13,0,0,0,0.015625,64,2.406738087302074,3.120795637369156,3.2836589962244034,0,128
candidate,20260888,0,3,-18.0,3.0,0,0,0,0,0,0,0,0.0,35,2.506676529135023,3.3528735861182213,3.3583994954824448,0,71
candidate,20260888,1,3,-22.0,3.0,0,0,0,0,0,0,0,0.0,36,2.49319135521849,3.4300959669053555,3.4693367779254913,0,73
candidate,20260888,2,3,66.0,1.0,1,1,0,0,0,0,0,0.08571428571428572,35,2.3297544036592757,2.9887510463595386,3.2158251851797104,0,69
candidate,20260888,3,3,-22.0,3.0,0,0,0,0,0,0,0,0.02857142857142857,35,2.344777062535286,3.067392483353615,3.091331571340561,0,71
candidate,20260889,0,0,-8.0,2.5,0,0,0,0,0,0,0,0.03125,64,2.4807747977320105,3.285250347107649,3.3649541437625885,0,128
candidate,20260889,1,0,-20.0,4.0,0,0,1,12,0,0,0,0.0,42,2.5190581079749834,3.2852322794497013,3.9043407887220383,0,84
candidate,20260889,2,0,63.0,1.0,1,1,0,0,0,0,0,0.014084507042253521,71,2.4666465084317704,3.5088611766695976,3.665907308459282,0,141
candidate,20260889,3,0,36.0,1.0,1,0,0,0,0,0,0,0.0,62,2.4391148359544816,3.2525811344385147,3.279929980635643,0,124
candidate,20260890,0,2,-26.0,4.0,0,0,1,18,0,0,0,0.046511627906976744,43,2.423953481538351,3.1900569796562195,3.5190749913454056,0,86
candidate,20260890,1,2,42.0,1.0,1,0,0,0,0,0,0,0.023255813953488372,43,2.4560159288866577,3.272145241498947,3.3805500715970993,0,86
candidate,20260890,2,2,-8.0,2.5,0,0,0,0,0,0,0,0.023255813953488372,43,2.4869250090316286,3.467246331274509,3.5551488399505615,0,86
candidate,20260890,3,2,-8.0,2.5,0,0,0,0,0,0,0,0.023255813953488372,43,2.356950366912886,3.24519332498312,3.315914422273636,0,86
candidate,20260891,0,1,39.0,1.0,1,0,0,0,0,0,0,0.056338028169014086,71,2.3575969774958114,2.8964830562472343,3.2585319131612778,0,142
candidate,20260891,1,1,33.0,1.0,1,0,0,0,0,0,0,0.0425531914893617,47,2.419300575522666,3.121539950370788,3.375524654984474,0,94
candidate,20260891,2,1,-23.0,4.0,0,0,1,15,0,0,0,0.023255813953488372,43,2.419805414108343,3.2490134239196777,4.77244146168232,0,86
candidate,20260891,3,1,0.0,2.5,0,0,0,0,0,1,0,0.011627906976744186,86,2.4239647440439045,3.180461935698986,4.198966547846794,0,171
candidate,20260892,0,0,-16.0,3.0,0,0,0,0,0,0,0,0.03508771929824561,57,2.5087432903155946,3.4343507140874863,3.5244952887296677,0,115
candidate,20260892,1,0,-8.0,2.5,0,0,0,0,0,0,0,0.0,48,2.5914728563899794,3.7088840268552303,4.555532708764076,0,96
candidate,20260892,2,0,36.0,1.0,1,0,0,0,0,0,0,0.02857142857142857,35,2.437193106327738,3.2219916582107544,3.3176355063915253,0,70
candidate,20260892,3,0,-8.0,2.5,0,0,0,0,0,0,0,0.04,50,2.391073778271675,3.1967614777386184,3.426389768719673,0,100
candidate,20260893,0,3,-8.0,2.5,0,0,0,0,0,0,0,0.01818181818181818,55,2.50526023182002,3.3507831394672394,3.460511565208435,0,110
candidate,20260893,1,3,-16.0,4.0,0,0,1,8,0,0,0,0.03225806451612903,62,2.4334492101784675,3.3257298171520233,3.3705811947584152,0,124
candidate,20260893,2,3,32.0,1.0,1,0,0,0,0,0,0,0.03225806451612903,62,2.344369587879027,3.020520973950624,3.3371765166521072,0,124
candidate,20260893,3,3,-8.0,2.5,0,0,0,0,0,0,0,0.03225806451612903,62,2.3516808906870503,2.986401040107012,3.641672432422638,0,124
candidate,20260894,0,1,48.0,1.0,1,0,0,0,0,0,0,0.0,22,2.4564442309466274,3.1686275266110897,3.198927268385887,0,44
candidate,20260894,1,1,-32.0,4.0,0,0,1,24,0,0,0,0.07692307692307693,26,2.4402555651389637,3.0666361562907696,3.372233361005783,0,52
candidate,20260894,2,1,-8.0,2.5,0,0,0,0,0,0,0,0.0,26,2.4729400443343015,3.2806387171149254,4.200989380478859,0,52
candidate,20260894,3,1,-8.0,2.5,0,0,0,0,0,0,0,0.0,26,2.4331921998124857,3.4539159387350082,3.5776328295469284,0,52
candidate,20260895,0,1,-19.0,4.0,0,0,1,11,0,0,0,0.031746031746031744,63,2.434637545356675,3.1729716807603836,3.3107157796621323,0,126
candidate,20260895,1,1,-18.0,4.0,0,0,1,10,0,0,0,0.021739130434782608,46,2.4256940283205197,3.1423023901879787,3.3277105540037155,0,92
candidate,20260895,2,1,0.0,2.5,0,0,0,0,0,1,0,0.0,86,2.423864637696466,3.3186618238687515,3.733348101377487,0,172
candidate,20260895,3,1,35.0,1.0,1,0,0,0,0,0,0,0.06818181818181818,44,2.306694249537858,2.80979722738266,3.405531868338585,0,88
candidate,20260896,0,2,34.0,1.0,1,0,0,0,0,0,0,0.038461538461538464,52,2.398940698745159,2.9640245251357555,3.3222343772649765,0,105
candidate,20260896,1,2,-8.0,2.5,0,0,0,0,0,0,0,0.025,40,2.4332170840352774,3.145052492618561,3.4337490797042847,0,80
candidate,20260896,2,2,-18.0,4.0,0,0,1,10,0,0,0,0.027777777777777776,36,2.4289216639267073,3.2077855430543423,3.2403599470853806,0,72
candidate,20260896,3,2,-8.0,2.5,0,0,0,0,0,0,0,0.020833333333333332,48,2.362937511255344,3.151789214462042,3.2981745898723602,0,97
candidate,20260897,0,1,-16.0,4.0,0,0,1,8,0,0,0,0.0,29,2.476741399230628,3.323216736316681,3.4049488604068756,0,58
candidate,20260897,1,1,32.0,1.0,1,0,0,0,0,0,0,0.034482758620689655,29,2.483753615926052,3.5055402666330338,3.537982702255249,0,58
candidate,20260897,2,1,-8.0,2.5,0,0,0,0,0,0,0,0.034482758620689655,29,2.3663264281790832,2.9175329953432083,3.0853301286697388,0,58
candidate,20260897,3,1,-8.0,2.5,0,0,0,0,0,0,0,0.06896551724137931,29,2.3643660905032324,3.023536130785942,3.099340945482254,0,58
candidate,20260898,0,1,66.0,1.0,1,1,0,0,0,0,0,0.0,27,2.5808424171474247,3.7434905767440796,3.8205906748771667,0,53
candidate,20260898,1,1,-18.0,4.0,0,0,1,10,0,0,0,0.019230769230769232,52,2.426460456962769,3.299660701304674,3.4231003373861313,0,104
candidate,20260898,2,1,-19.0,4.0,0,0,1,11,0,0,0,0.034482758620689655,29,2.396533137251591,3.0738160014152522,3.279533237218857,0,58
candidate,20260898,3,1,-8.0,2.5,0,0,0,0,0,0,0,0.034482758620689655,29,2.3392256477783464,2.9502850025892258,3.0276328325271606,0,58
candidate,20260899,0,3,-8.0,2.5,0,0,0,0,0,0,0,0.07142857142857142,28,2.435029949992895,2.9696417041122913,3.1687766313552856,0,56
candidate,20260899,1,3,-21.0,3.0,0,0,0,0,0,0,0,0.03125,64,2.493932523066178,3.487234003841877,4.5726969838142395,0,129
candidate,20260899,2,3,35.0,1.0,1,0,0,0,0,0,0,0.0,49,2.51431512285252,3.5007625818252563,3.5490505397319794,0,98
candidate,20260899,3,3,-8.0,2.5,0,0,0,0,0,0,0,0.043478260869565216,46,2.3732684633654095,3.0900617130100727,3.1700674444437027,0,92
candidate,20260900,0,1,-20.0,3.0,0,0,0,0,0,0,0,0.05,20,2.4933398701250553,3.207361977547407,3.2345186918973923,0,41
candidate,20260900,1,1,60.0,1.0,1,1,0,0,0,0,0,0.09523809523809523,21,2.3065880827960514,2.7705468237400055,2.909846603870392,0,41
candidate,20260900,2,1,-20.0,3.0,0,0,0,0,0,0,0,0.0,20,2.4447294883430004,3.3559861592948437,3.4130122512578964,0,41
candidate,20260900,3,1,-20.0,3.0,0,0,0,0,0,0,0,0.0,20,2.375769056379795,3.2988538034260273,3.327649086713791,0,41
candidate,20260901,0,0,60.0,1.0,1,1,0,0,0,0,0,0.023809523809523808,42,2.4560014052050456,3.332501836121082,3.5704877227544785,0,83
candidate,20260901,1,0,-20.0,3.0,0,0,0,0,0,0,0,0.02564102564102564,39,2.4605240577306504,3.4557266160845757,3.527749329805374,0,79
candidate,20260901,2,0,-20.0,3.0,0,0,0,0,0,0,0,0.023809523809523808,42,2.3949937007966495,3.135456331074238,3.1479112803936005,0,85
candidate,20260901,3,0,-20.0,3.0,0,0,0,0,0,0,0,0.024390243902439025,41,2.4462808832162763,3.3540036529302597,3.7330109626054764,0,83
candidate,20260902,0,2,-19.0,3.0,0,0,0,0,0,0,0,0.045454545454545456,22,2.4590417742729187,3.2179675064980984,3.287235274910927,0,45
candidate,20260902,1,2,-19.0,3.0,0,0,0,0,0,0,0,0.0,22,2.4084325202486734,3.1017196364700794,3.1405556946992874,0,45
candidate,20260902,2,2,57.0,1.0,1,1,0,0,0,0,0,0.043478260869565216,23,2.3879307605650113,3.3181026577949524,3.3519361168146133,0,45
candidate,20260902,3,2,-19.0,3.0,0,0,0,0,0,0,0,0.0,22,2.42431140081449,3.37344529107213,3.5263393074274063,0,45
candidate,20260903,0,2,-8.0,2.5,0,0,0,0,0,0,0,0.012345679012345678,81,2.462627619136999,3.153527155518532,3.4298356622457504,0,163
candidate,20260903,1,2,34.0,1.0,1,0,0,0,0,0,0,0.0,83,2.6780636868922105,4.2402660474181175,4.300745204091072,0,167
candidate,20260903,2,2,-18.0,4.0,0,0,1,10,0,0,0,0.024691358024691357,81,2.336749071140348,2.9661469161510468,3.0306167900562286,0,163
candidate,20260903,3,2,35.0,1.0,1,0,0,0,0,0,0,0.03225806451612903,62,2.3621815226731764,3.159571811556816,3.3202040940523148,0,123
candidate,20260904,0,0,-8.0,2.5,0,0,0,0,0,0,0,0.01282051282051282,78,2.417032105418352,3.121235873550176,3.2543502748012543,0,157
candidate,20260904,1,0,-8.0,2.5,0,0,0,0,0,0,0,0.0,40,2.4644270539283752,3.354865126311779,3.4222956746816635,0,80
candidate,20260904,2,0,32.0,1.0,1,0,0,0,0,0,0,0.025,40,2.4136068765074015,3.3821805380284786,3.4545063972473145,0,80
candidate,20260904,3,0,-8.0,2.5,0,0,0,0,0,0,0,0.05,40,2.3206349927932024,2.9383748769760127,3.1205862760543823,0,80
candidate,20260905,0,3,44.0,1.0,1,0,0,0,0,0,0,0.03333333333333333,30,2.4721303954720497,3.2074096612632275,3.333689644932747,0,60
candidate,20260905,1,3,-8.0,2.5,0,0,0,0,0,0,0,0.022727272727272728,88,2.369588664309545,2.9803641140460964,3.3310092985630035,0,176
candidate,20260905,2,3,-8.0,2.5,0,0,0,0,0,0,0,0.0,30,2.382861947019895,3.2129768282175064,3.311406821012497,0,60
candidate,20260905,3,3,35.0,1.0,1,0,0,0,0,0,0,0.0975609756097561,41,2.3161391841202246,3.218846395611763,3.317682072520256,0,82
candidate,20260906,0,2,49.0,1.0,1,0,0,0,0,0,0,0.0,30,2.4888077129920325,3.2134507782757282,3.245621919631958,0,60
candidate,20260906,1,2,-8.0,2.5,0,0,0,0,0,0,0,0.020833333333333332,48,2.4135648660982647,3.2042892649769783,3.6879554390907288,0,96
candidate,20260906,2,2,33.0,1.0,1,0,0,0,0,0,0,0.022727272727272728,44,2.4058600802990524,3.3116920851171017,3.495495766401291,0,88
candidate,20260906,3,2,-8.0,2.5,0,0,0,0,0,0,0,0.0,30,2.388510542611281,3.2552392221987247,3.275221213698387,0,60
candidate,20260907,0,1,43.0,1.0,1,0,0,0,0,0,0,0.0392156862745098,51,2.3733912510614767,2.9004449024796486,3.1733419746160507,0,102
candidate,20260907,1,1,-8.0,2.5,0,0,0,0,0,0,0,0.04,50,2.358747534453869,3.0257712118327618,3.259994089603424,0,100
candidate,20260907,2,1,-8.0,2.5,0,0,0,0,0,0,0,0.0196078431372549,51,2.438567688359934,3.4026214852929115,3.563515841960907,0,102
candidate,20260907,3,1,-28.0,4.0,0,0,1,20,0,0,0,0.02,50,2.4014460295438766,3.163500502705574,3.2309796661138535,0,100
candidate,20260908,0,1,-8.0,2.5,0,0,0,0,0,0,0,0.0,79,2.561462995938108,3.5646354779601097,3.7405211478471756,0,158
candidate,20260908,1,1,49.0,1.0,1,0,0,0,0,0,0,0.0,55,2.4892121214758265,3.3577002584934235,3.427339717745781,0,110
candidate,20260908,2,1,-18.0,4.0,0,0,1,10,0,0,0,0.036585365853658534,82,2.376970676023786,3.0791318975389004,3.215208649635315,0,164
candidate,20260908,3,1,-8.0,2.5,0,0,0,0,0,0,0,0.030303030303030304,66,2.353695672795628,3.1507150270044804,3.2412223517894745,0,132
candidate,20260909,0,0,33.0,1.0,1,0,0,0,0,0,0,0.05555555555555555,54,2.400008444156912,3.17212026566267,3.231912851333618,0,108
candidate,20260909,1,0,-8.0,2.5,0,0,0,0,0,0,0,0.018518518518518517,54,2.4062213315456003,3.1422256492078304,4.632787778973579,0,108
candidate,20260909,2,0,-17.0,4.0,0,0,1,9,0,0,0,0.08,50,2.383807748556137,3.2535902224481106,3.367016091942787,0,100
candidate,20260909,3,0,-8.0,2.5,0,0,0,0,0,0,0,0.061224489795918366,49,2.345572624887739,3.1120974570512767,3.201274201273918,0,98
candidate,20260910,0,2,-21.0,3.0,0,0,0,0,0,0,0,0.025,40,2.478463063016534,3.3247879706323147,3.359135240316391,0,81
candidate,20260910,1,2,-21.0,3.0,0,0,0,0,0,0,0,0.0,40,2.5421148631721735,3.607868030667305,3.683125600218773,0,81
candidate,20260910,2,2,63.0,1.0,1,1,0,0,0,0,0,0.0,41,2.3940533581303387,3.302359953522682,3.347853198647499,0,81
candidate,20260910,3,2,-21.0,3.0,0,0,0,0,0,0,0,0.0,40,2.3718117270618677,3.1443162821233273,3.208281472325325,0,81
candidate,20260911,0,1,-8.0,2.5,0,0,0,0,0,0,0,0.0,52,2.557691258306687,3.551605623215437,3.79173643887043,0,104
candidate,20260911,1,1,34.0,1.0,1,0,0,0,0,0,0,0.057692307692307696,52,2.3095798320495167,2.9206658713519564,3.1455568969249725,0,104
candidate,20260911,2,1,-8.0,2.5,0,0,0,0,0,0,0,0.038461538461538464,52,2.343893051147461,3.001819644123316,3.0524935573339462,0,104
candidate,20260911,3,1,-18.0,4.0,0,0,1,10,0,0,0,0.0,56,2.481467622731413,3.5257148556411266,3.56275774538517,0,112
candidate,20260912,0,0,-17.0,4.0,0,0,1,9,0,0,0,0.023255813953488372,43,2.4946646894826445,3.478896804153919,3.5005472600460052,0,86
candidate,20260912,1,0,-8.0,2.5,0,0,0,0,0,0,0,0.023809523809523808,42,2.5401846283958074,3.5735088400542736,3.8490798324346542,0,84
candidate,20260912,2,0,-20.0,3.0,0,0,0,0,0,0,0,0.0,47,2.472831372250902,3.467874974012375,3.544393926858902,0,95
candidate,20260912,3,0,-8.0,2.5,0,0,0,0,0,0,0,0.0,43,2.4544630026401477,3.3233260735869408,3.343723714351654,0,86
candidate,20260913,0,0,66.0,1.0,1,1,0,0,0,0,0,0.05263157894736842,38,2.3738426695528783,3.036885242909193,3.1724534928798676,0,75
candidate,20260913,1,0,-22.0,3.0,0,0,0,0,0,0,0,0.05405405405405406,37,2.3671057377312636,3.0626256018877016,3.293687477707863,0,75
candidate,20260913,2,0,-22.0,3.0,0,0,0,0,0,0,0,0.08108108108108109,37,2.3465467163839855,3.114179521799087,3.2564662396907806,0,75
candidate,20260913,3,0,-23.0,4.0,0,0,1,15,0,0,0,0.018518518518518517,54,2.5097057223320007,3.605434764176607,3.6602336913347244,0,107
candidate,20260914,0,3,33.0,1.0,1,0,0,0,0,0,0,0.0410958904109589,73,2.374736872846133,3.026860207319259,3.2923799008131027,0,146
candidate,20260914,1,3,-8.0,2.5,0,0,0,0,0,0,0,0.02702702702702703,37,2.421029767877347,3.3058244735002518,3.3215265721082687,0,74
candidate,20260914,2,3,-8.0,2.5,0,0,0,0,0,0,0,0.03389830508474576,59,2.388385582273289,3.133799508213997,3.29507514834404,0,118
candidate,20260914,3,3,-8.0,2.5,0,0,0,0,0,0,0,0.01694915254237288,59,2.40733764939389,3.2514613121747966,3.487003967165947,0,118
candidate,20260915,0,1,-20.0,3.0,0,0,0,0,0,0,0,0.0,81,2.596659355877358,3.737837076187134,4.041858017444611,0,163
candidate,20260915,1,1,0.0,2.5,0,0,0,0,0,1,0,0.012195121951219513,82,2.41445316138064,3.2814703881740575,3.5801418125629425,0,164
candidate,20260915,2,1,0.0,2.5,0,0,0,0,0,1,0,0.0,86,2.401912454948869,3.2144892029464245,3.260551020503044,0,172
candidate,20260915,3,1,38.0,1.0,1,0,0,0,0,0,0,0.0,68,2.431669053347672,3.2987493090331554,3.4550465643405914,0,136
candidate,20260916,0,0,38.0,1.0,1,0,0,0,0,0,0,0.0425531914893617,47,2.3774645747022425,2.895686961710452,3.232330083847046,0,94
candidate,20260916,1,0,-23.0,4.0,0,0,1,15,0,0,0,0.024390243902439025,41,2.3535832126693026,2.929551526904106,3.233015537261963,0,82
candidate,20260916,2,0,-8.0,2.5,0,0,0,0,0,0,0,0.0975609756097561,41,2.367727594768129,3.2271109521389008,3.611495718359947,0,82
candidate,20260916,3,0,-8.0,2.5,0,0,0,0,0,0,0,0.027777777777777776,36,2.3457352072000504,3.133605234324932,3.187844529747963,0,72
candidate,20260917,0,1,-8.0,2.5,0,0,0,0,0,0,0,0.0392156862745098,51,2.406895051107687,3.1495457515120506,3.239266574382782,0,102
candidate,20260917,1,1,-8.0,2.5,0,0,0,0,0,0,0,0.027777777777777776,36,2.3644998048742614,3.216247074306011,3.249499946832657,0,72
candidate,20260917,2,1,34.0,1.0,1,0,0,0,0,0,0,0.044444444444444446,45,2.320215395755238,2.839532122015953,3.1808409839868546,0,90
candidate,20260917,3,1,-17.0,3.0,0,0,0,0,0,0,0,0.016666666666666666,60,2.4391167797148228,3.214661031961441,4.722697660326958,0,121
candidate,20260918,0,1,-18.0,4.0,0,0,1,10,0,0,0,0.058823529411764705,34,2.5249037015087463,3.3293625339865685,4.350872710347176,0,68
candidate,20260918,1,1,34.0,1.0,1,0,0,0,0,0,0,0.09090909090909091,44,2.312918659299612,2.8016778640449047,3.1411144882440567,0,88
candidate,20260918,2,1,-8.0,2.5,0,0,0,0,0,0,0,0.0,33,2.396982332522219,3.2326266169548035,3.3325348049402237,0,66
candidate,20260918,3,1,-22.0,3.0,0,0,0,0,0,0,0,0.0,34,2.4572038913474366,3.390216361731291,3.406018018722534,0,69
candidate,20260919,0,0,34.0,1.0,1,0,0,0,0,0,0,0.05,60,2.4519024106363454,3.0838009901344776,4.787832498550415,0,121
candidate,20260919,1,0,-23.0,4.0,0,0,1,15,0,0,0,0.014705882352941176,68,2.4268452954642914,3.2700332812964916,3.4178476780653,0,137
candidate,20260919,2,0,-8.0,2.5,0,0,0,0,0,0,0,0.046511627906976744,43,2.358391231229139,3.044797107577324,3.123840317130089,0,85
candidate,20260919,3,0,-8.0,2.5,0,0,0,0,0,0,0,0.045454545454545456,66,2.3454307776057357,3.2105050049722195,3.2475311309099197,0,133
candidate,20260920,0,2,36.0,1.0,1,0,0,0,0,0,0,0.06666666666666667,30,2.446289857228597,3.258672822266817,3.3295005559921265,0,60
candidate,20260920,1,2,-8.0,2.5,0,0,0,0,0,0,0,0.03333333333333333,30,2.4657852947711945,3.3710400573909283,3.3982694149017334,0,60
candidate,20260920,2,2,-8.0,2.5,0,0,0,0,0,0,0,0.0,28,2.401445260537522,3.2450449652969837,3.2725203782320023,0,56
candidate,20260920,3,2,-8.0,2.5,0,0,0,0,0,0,0,0.0,31,2.3654340015303705,3.229435533285141,3.247654065489769,0,62
candidate,20260921,0,1,-8.0,2.5,0,0,0,0,0,0,0,0.0,49,2.483250535264307,3.399653360247612,3.43184731900692,0,98
candidate,20260921,1,1,0.0,2.5,0,0,0,0,0,1,1,0.023255813953488372,86,2.3520532345702483,2.9425984248518944,3.1338799744844437,0,172
candidate,20260921,2,1,50.0,1.0,1,0,0,0,0,0,0,0.04081632653061224,49,2.409921959042549,3.2666832208633423,3.3075809478759766,0,98
candidate,20260921,3,1,-33.0,4.0,0,0,1,25,0,0,0,0.0,75,2.4779529124498367,3.463432379066944,3.732936456799507,0,151
candidate,20260922,0,0,-19.0,3.0,0,0,0,0,0,0,0,0.0,59,2.4914438125945755,3.2562153413891792,3.4719277173280716,0,119
candidate,20260922,1,0,-8.0,2.5,0,0,0,0,0,0,0,0.04838709677419355,62,2.2847634409704516,2.7838079258799553,2.939172089099884,0,124
candidate,20260922,2,0,33.0,1.0,1,0,0,0,0,0,0,0.05084745762711865,59,2.3610655028941268,3.090877830982208,3.194659948348999,0,118
candidate,20260922,3,0,-20.0,3.0,0,0,0,0,0,0,0,0.014925373134328358,67,2.3941595051715625,3.207830712199211,3.2516829669475555,0,135
candidate,20260923,0,1,-8.0,2.5,0,0,0,0,0,0,0,0.017241379310344827,58,2.439360551793,3.0683727003633976,3.3570509403944016,0,116
candidate,20260923,1,1,-8.0,2.5,0,0,0,0,0,0,0,0.0196078431372549,51,2.4636698631094953,3.426377661526203,3.550104796886444,0,102
candidate,20260923,2,1,-8.0,2.5,0,0,0,0,0,0,0,0.0,58,2.4183419179813614,3.2248416915535927,3.3074282109737396,0,116
candidate,20260923,3,1,35.0,1.0,1,0,0,0,0,0,0,0.0,58,2.469289501936271,3.5131833516061306,3.753630444407463,0,116
candidate,20260924,0,2,54.0,1.0,1,1,0,0,0,0,0,0.027777777777777776,36,2.424083287931151,3.2534063793718815,3.3163558691740036,0,71
candidate,20260924,1,2,-18.0,3.0,0,0,0,0,0,0,0,0.02857142857142857,35,2.435849447335516,3.3362822607159615,3.4004654735326767,0,71
candidate,20260924,2,2,-18.0,3.0,0,0,0,0,0,0,0,0.08571428571428572,35,2.3476838001183102,3.1888186931610107,3.371475264430046,0,71
candidate,20260924,3,2,-18.0,3.0,0,0,0,0,0,0,0,0.0,35,2.391971541302545,3.307903930544853,3.3824872225522995,0,71
candidate,20260925,0,3,-8.0,2.5,0,0,0,0,0,0,0,0.03225806451612903,31,2.4303272366523743,3.2123439013957977,3.2334886491298676,0,62
candidate,20260925,1,3,37.0,1.0,1,0,0,0,0,0,0,0.08571428571428572,35,2.444894558617047,3.2414356246590614,3.3653434365987778,0,70
candidate,20260925,2,3,-19.0,3.0,0,0,0,0,0,0,0,0.046153846153846156,65,2.3798130452632904,2.9563020914793015,4.602732136845589,0,131
candidate,20260925,3,3,-21.0,4.0,0,0,1,13,0,0,0,0.0,35,2.402815275958606,3.396466374397278,3.5735536366701126,0,70
candidate,20260926,0,1,-17.0,4.0,0,0,1,9,0,0,0,0.03125,32,2.5038537569344044,3.3003486692905426,3.3125896006822586,0,64
candidate,20260926,1,1,-17.0,3.0,0,0,0,0,0,0,0,0.07692307692307693,39,2.331264030474883,2.8618551790714264,3.1718481332063675,0,79
candidate,20260926,2,1,33.0,1.0,1,0,0,0,0,0,0,0.03125,32,2.355330274440348,3.0610079877078533,3.0931849032640457,0,64
candidate,20260926,3,1,-8.0,2.5,0,0,0,0,0,0,0,0.0,32,2.3913547629490495,3.206450678408146,3.238026052713394,0,64
candidate,20260927,0,2,32.0,1.0,1,0,0,0,0,0,0,0.017857142857142856,56,2.5059707861925875,3.385476302355528,3.449317067861557,0,112
candidate,20260927,1,2,-17.0,4.0,0,0,1,9,0,0,0,0.013513513513513514,74,2.4355289752821663,3.0546666122972965,6.528871133923531,0,148
candidate,20260927,2,2,0.0,2.5,0,0,0,0,0,1,1,0.0,86,2.544015342759532,3.5407301038503647,6.5344590693712234,0,172
candidate,20260927,3,2,-8.0,2.5,0,0,0,0,0,0,0,0.014925373134328358,67,2.4254409068111165,3.410375118255615,4.084967076778412,0,134
candidate,20260928,0,0,63.0,1.0,1,1,0,0,0,0,0,0.014084507042253521,71,2.4455940272186845,3.0854176729917526,4.300260916352272,0,141
candidate,20260928,1,0,48.0,1.0,1,1,0,0,0,0,0,0.019230769230769232,52,2.5242544137514553,3.487623948603868,4.010951146483421,0,103
candidate,20260928,2,0,-21.0,3.0,0,0,0,0,0,0,0,0.0,70,2.504528553358146,3.6773270927369595,4.0252190083265305,0,141
candidate,20260928,3,0,-18.0,3.0,0,0,0,0,0,0,0,0.0,58,2.4288374095641334,3.3742216415703297,3.40970978140831,0,117
candidate,20260929,0,3,0.0,2.5,0,0,0,0,0,1,0,0.022727272727272728,88,2.426573308184743,3.1864835880696774,3.308206796646118,0,176
candidate,20260929,1,3,-8.0,2.5,0,0,0,0,0,0,0,0.0,62,2.4923328009824597,3.5309272818267345,3.6170464009046555,0,124
candidate,20260929,2,3,-17.0,4.0,0,0,1,9,0,0,0,0.05660377358490566,53,2.4707250929666014,3.2041314989328384,7.160734385251999,0,106
candidate,20260929,3,3,-17.0,4.0,0,0,1,9,0,0,0,0.0,62,2.525004858691846,3.6395386792719364,3.732452169060707,0,124
candidate,20260930,0,3,-8.0,2.5,0,0,0,0,0,0,0,0.0,35,2.5431018322706223,3.6414792761206622,3.7689879536628723,0,70
candidate,20260930,1,3,-19.0,4.0,0,0,1,11,0,0,0,0.06896551724137931,29,2.3955535785905244,3.1918179243803024,3.2216832041740417,0,58
candidate,20260930,2,3,33.0,1.0,1,0,0,0,0,0,0,0.0,50,2.42230661213398,3.3663599751889706,3.4657511860132217,0,100
candidate,20260930,3,3,-8.0,2.5,0,0,0,0,0,0,0,0.02,50,2.3994629085063934,3.3018329180777073,3.3262427896261215,0,100
candidate,20260931,0,1,63.0,1.0,1,1,0,0,0,0,0,0.021739130434782608,46,2.4180432943546255,3.1653232872486115,3.30355204641819,0,91
candidate,20260931,1,1,-21.0,3.0,0,0,0,0,0,0,0,0.043478260869565216,46,2.350425023747527,2.956672105938196,3.2332483679056168,0,93
candidate,20260931,2,1,-21.0,3.0,0,0,0,0,0,0,0,0.044444444444444446,45,2.322059621413549,2.85092331469059,3.127899020910263,0,91
candidate,20260931,3,1,-16.0,3.0,0,0,0,0,0,0,0,0.0,68,2.411078689072062,3.288402408361435,3.5124458372592926,0,137
candidate,20260932,0,0,-8.0,2.5,0,0,0,0,0,0,0,0.0,39,2.5825102646381426,3.55887059122324,3.6003831773996353,0,78
candidate,20260932,1,0,-8.0,2.5,0,0,0,0,0,0,0,0.05,40,2.3445675149559975,2.9448079876601687,3.288114443421364,0,80
candidate,20260932,2,0,-21.0,4.0,0,0,1,13,0,0,0,0.0,39,2.437385897605847,3.356570191681385,3.4224558621644974,0,78
candidate,20260932,3,0,-19.0,4.0,0,0,1,11,0,0,0,0.05,40,2.3082503583282232,2.911463752388954,3.0735358595848083,0,80
candidate,20260933,0,3,36.0,1.0,1,0,0,0,0,0,0,0.0,46,2.4741864965661713,3.3121914602816105,3.426212817430496,0,92
candidate,20260933,1,3,-20.0,4.0,0,0,1,12,0,0,0,0.04878048780487805,41,2.3409416671933196,2.9366519302129745,3.0348096042871475,0,82
candidate,20260933,2,3,-8.0,2.5,0,0,0,0,0,0,0,0.0,41,2.406321193386869,3.3096447587013245,3.357596695423126,0,82
candidate,20260933,3,3,-8.0,2.5,0,0,0,0,0,0,0,0.044444444444444446,45,2.323199063539505,2.9881879687309265,3.2653436064720154,0,90
candidate,20260934,0,0,-16.0,4.0,0,0,1,8,0,0,0,0.03389830508474576,59,2.3852355020531153,3.032982163131237,3.150559961795807,0,118
candidate,20260934,1,0,-8.0,2.5,0,0,0,0,0,0,0,0.05084745762711865,59,2.312868044285451,2.919756807386875,3.1620170921087265,0,118
candidate,20260934,2,0,-36.0,3.0,0,0,0,0,0,0,0,0.0,81,2.583581448337178,3.8280636072158813,7.1379635483026505,0,163
candidate,20260934,3,0,-16.0,3.0,0,0,0,0,0,0,0,0.0,46,2.481637401101382,3.217673394829035,4.910467192530632,0,93
candidate,20260935,0,3,-8.0,2.5,0,0,0,0,0,0,0,0.0,39,2.532298127428079,3.2909007743000984,4.64179553091526,0,78
candidate,20260935,1,3,49.0,1.0,1,0,0,0,0,0,0,0.0,39,2.5286781004606147,3.5417314618825917,3.7073157727718353,0,78
candidate,20260935,2,3,-8.0,2.5,0,0,0,0,0,0,0,0.02564102564102564,39,2.3449133986081834,3.051155246794224,3.1618867069482803,0,78
candidate,20260935,3,3,-33.0,4.0,0,0,1,25,0,0,0,0.05128205128205128,39,2.3593483731532707,3.2790619879961014,3.361063078045845,0,78
candidate,20260936,0,0,-31.0,3.0,0,0,0,0,0,0,0,0.0,39,2.598341076801985,3.3857580274343513,7.562818005681038,0,79
candidate,20260936,1,0,-31.0,3.0,0,0,0,0,0,0,0,0.0,39,2.5071650743484497,3.2690830528736123,4.250435158610344,0,79
candidate,20260936,2,0,-31.0,3.0,0,0,0,0,0,0,0,0.0,39,2.7433144740569286,4.727230593562126,4.87552210688591,0,79
candidate,20260936,3,0,-21.0,3.0,0,0,0,0,0,0,0,0.0,42,2.495037391781807,3.686604928225279,4.100482910871506,0,85
candidate,20260937,0,0,-16.0,3.0,0,0,0,0,0,0,0,0.07142857142857142,28,2.575891158942665,3.5687663592398167,3.9437003433704376,0,57
candidate,20260937,1,0,48.0,1.0,1,1,0,0,0,0,0,0.06896551724137931,29,2.6351135737937073,4.123853519558903,4.780162125825882,0,57
candidate,20260937,2,0,-16.0,3.0,0,0,0,0,0,0,0,0.0,28,2.5832013093999455,3.302727732807398,7.984006777405739,0,57
candidate,20260937,3,0,-16.0,3.0,0,0,0,0,0,0,0,0.0,28,2.642541724656309,3.7126979790627956,7.118744775652885,0,57
candidate,20260938,0,3,-8.0,2.5,0,0,0,0,0,0,0,0.037037037037037035,27,2.515892325728028,3.439263626933098,3.6824028939008713,0,54
candidate,20260938,1,3,-8.0,2.5,0,0,0,0,0,0,0,0.0,31,2.511977188048824,3.5023437812924385,3.560597077012062,0,62
candidate,20260938,2,3,34.0,1.0,1,0,0,0,0,0,0,0.0625,32,2.4071286898106337,3.2954239286482334,3.331383690237999,0,64
candidate,20260938,3,3,-17.0,4.0,0,0,1,9,0,0,0,0.05,40,2.4025725666433573,3.3689585514366627,3.5557150840759277,0,80
candidate,20260939,0,3,-19.0,3.0,0,0,0,0,0,0,0,0.021739130434782608,46,2.4230319034794103,3.2313065603375435,3.3013708889484406,0,93
candidate,20260939,1,3,-19.0,3.0,0,0,0,0,0,0,0,0.08695652173913043,46,2.314492979127428,2.893115859478712,3.0954740941524506,0,93
candidate,20260939,2,3,57.0,1.0,1,1,0,0,0,0,0,0.0425531914893617,47,2.3396582679545626,3.0079685151576996,3.231143578886986,0,93
candidate,20260939,3,3,-19.0,3.0,0,0,0,0,0,0,0,0.0,45,2.4322576406929226,3.3956333994865417,3.4881681203842163,0,91
candidate,20260940,0,2,-20.0,3.0,0,0,0,0,0,0,0,0.0,26,2.462434797332837,3.1816288828849792,3.2246075570583344,0,53
candidate,20260940,1,2,-18.0,3.0,0,0,0,0,0,0,0,0.0,30,2.5757097949584327,3.8163188844919196,3.9433855563402176,0,61
candidate,20260940,2,2,60.0,1.0,1,1,0,0,0,0,0,0.0,27,2.4252501488835723,3.4404894337058067,3.5839658230543137,0,53
candidate,20260940,3,2,-18.0,3.0,0,0,0,0,0,0,0,0.03333333333333333,30,2.400976295272509,3.245412092655897,3.273528069257736,0,61
candidate,20260941,0,1,-23.0,4.0,0,0,1,15,0,0,0,0.03225806451612903,62,2.417096838114723,3.2002258114516726,3.2878778874874115,0,124
candidate,20260941,1,1,-8.0,2.5,0,0,0,0,0,0,0,0.03225806451612903,31,2.4418688469356105,3.2277004793286324,3.246758133172989,0,62
candidate,20260941,2,1,-35.0,3.0,0,0,0,0,0,0,0,0.0,53,2.399389755051091,3.310849145054817,3.396710380911827,0,107
candidate,20260941,3,1,39.0,1.0,1,0,0,0,0,0,0,0.047619047619047616,42,2.2931298063624475,2.884034998714924,2.922138199210167,0,84
candidate,20260942,0,2,-27.0,3.0,0,0,0,0,0,0,0,0.0,48,2.798654449482759,4.695501457899808,5.384983494877815,0,97
candidate,20260942,1,2,34.0,1.0,1,0,0,0,0,0,0,0.023809523809523808,42,2.421364188194275,3.0964874662458897,3.216642886400223,0,84
candidate,20260942,2,2,-8.0,2.5,0,0,0,0,0,0,0,0.024390243902439025,41,2.3928742128901366,3.1450260430574417,3.2858289778232574,0,82
candidate,20260942,3,2,-18.0,4.0,0,0,1,10,0,0,0,0.0,42,2.4728988341632343,3.460758924484253,3.5466551780700684,0,84
candidate,20260943,0,3,-8.0,2.5,0,0,0,0,0,0,0,0.030303030303030304,33,2.3940385629733405,2.9443763196468353,3.14955972135067,0,66
candidate,20260943,1,3,-8.0,2.5,0,0,0,0,0,0,0,0.030303030303030304,33,2.4764800839351886,3.4091122448444366,3.509216010570526,0,66
candidate,20260943,2,3,-18.0,4.0,0,0,1,10,0,0,0,0.037037037037037035,27,2.4923490429366075,3.3699706196784973,4.101896658539772,0,54
candidate,20260943,3,3,32.0,1.0,1,0,0,0,0,0,0,0.06060606060606061,33,2.29657023693576,3.0758492648601528,3.212371841073036,0,66
candidate,20260944,0,3,-23.0,3.0,0,0,0,0,0,0,0,0.047619047619047616,21,2.44723508755366,3.2228007912635803,3.2563433051109314,0,43
candidate,20260944,1,3,-23.0,3.0,0,0,0,0,0,0,0,0.0,21,2.544471107068516,3.5161375999450684,3.526192158460617,0,43
candidate,20260944,2,3,69.0,1.0,1,1,0,0,0,0,0,0.0,22,2.4321377277374268,3.375155385583639,3.5411082208156586,0,43
candidate,20260944,3,3,-23.0,3.0,0,0,0,0,0,0,0,0.0,21,2.343200147151947,3.236711025238037,3.310415893793106,0,43
candidate,20260945,0,1,-8.0,2.5,0,0,0,0,0,0,0,0.03333333333333333,30,2.4731126303474107,3.2358729280531406,3.2579507678747177,0,60
candidate,20260945,1,1,-16.0,4.0,0,0,1,8,0,0,0,0.05128205128205128,39,2.499626949429512,3.4390922635793686,3.5234391689300537,0,78
candidate,20260945,2,1,35.0,1.0,1,0,0,0,0,0,0,0.05084745762711865,59,2.366447095143593,3.294814378023147,3.402840346097946,0,118
candidate,20260945,3,1,35.0,1.0,1,0,0,0,0,0,0,0.06666666666666667,30,2.2951661298672357,2.8216338716447353,2.98856757581234,0,60
candidate,20260946,0,2,-8.0,2.5,0,0,0,0,0,0,0,0.030303030303030304,66,2.4470367722890596,3.2150321640074253,3.378981724381447,0,132
candidate,20260946,1,2,32.0,1.0,1,0,0,0,0,0,0,0.04838709677419355,62,2.395228843294805,3.159888181835413,6.312916055321693,0,124
candidate,20260946,2,2,0.0,2.5,0,0,0,0,0,1,0,0.0,88,2.5035211054438893,3.3666026778519154,5.958676338195801,0,176
candidate,20260946,3,2,0.0,2.5,0,0,0,0,0,1,1,0.02197802197802198,91,2.4184746729148614,3.0555827543139458,6.060153245925903,0,182
candidate,20260947,0,0,-16.0,4.0,0,0,1,8,0,0,0,0.041666666666666664,48,2.3770512004072466,2.9125955887138844,3.2052379101514816,0,96
candidate,20260947,1,0,54.0,1.0,1,1,0,0,0,0,0,0.0425531914893617,47,2.4684134157414133,3.3042261376976967,5.809091031551361,0,93
candidate,20260947,2,0,57.0,1.0,1,1,0,0,0,0,0,0.0,46,2.4793890669294028,3.4219659864902496,3.564571961760521,0,91
candidate,20260947,3,0,-18.0,3.0,0,0,0,0,0,0,0,0.0,42,2.4418476969003677,3.1715060584247112,6.676331162452698,0,85
candidate,20260948,0,3,-8.0,2.5,0,0,0,0,0,0,0,0.02702702702702703,37,2.445502156341398,2.979581430554389,5.32391294836998,0,74
candidate,20260948,1,3,-19.0,3.0,0,0,0,0,0,0,0,0.018867924528301886,53,2.4394892718432084,3.348417580127716,3.450252115726471,0,107
candidate,20260948,2,3,-16.0,4.0,0,0,1,8,0,0,0,0.0,38,2.4222614439694503,3.2078574411571026,3.3111143857240677,0,76
candidate,20260948,3,3,-16.0,4.0,0,0,1,8,0,0,0,0.0,37,2.3782410835092134,3.2697655260562897,3.2852143049240112,0,74
candidate,20260949,0,0,-8.0,2.5,0,0,0,0,0,0,0,0.08823529411764706,34,2.352195791900158,2.8390414081513877,3.240838646888733,0,68
candidate,20260949,1,0,90.0,1.0,1,1,0,0,0,0,0,0.014285714285714285,70,2.4400905040758,3.1426236033439636,5.656832829117775,0,139
candidate,20260949,2,0,-8.0,2.5,0,0,0,0,0,0,0,0.0,73,2.4710732371839756,3.4540690481662746,5.8237966150045395,0,146
candidate,20260949,3,0,-16.0,4.0,0,0,1,8,0,0,0,0.0,34,2.504957182442441,3.2997693866491318,6.704226136207581,0,68
candidate,20260950,0,3,54.0,1.0,1,1,0,0,0,0,0,0.013157894736842105,76,2.423824472843032,3.1836796551942825,4.358120262622833,0,152
candidate,20260950,1,3,-20.0,4.0,0,0,1,12,0,0,0,0.0,39,2.5034470913501887,3.340183198451996,5.1920730620622635,0,78
candidate,20260950,2,3,-32.0,3.0,0,0,0,0,0,0,0,0.019230769230769232,52,2.40633303586107,3.195361513644457,4.099825397133827,0,105
candidate,20260950,3,3,-8.0,2.5,0,0,0,0,0,0,0,0.0,65,2.598455634254676,3.6256536841392517,5.8837998658418655,0,130
candidate,20260951,0,1,-8.0,2.5,0,0,0,0,0,0,0,0.0,59,2.658662591445244,3.9025647565722466,4.656150937080383,0,118
candidate,20260951,1,1,48.0,1.0,1,0,0,0,0,0,0,0.0,59,2.554447942618596,3.3019924536347385,6.652172654867172,0,118
candidate,20260951,2,1,-24.0,3.0,0,0,0,0,0,0,0,0.0379746835443038,79,2.3587752558008024,3.095632418990135,3.278004005551338,0,159
candidate,20260951,3,1,-8.0,2.5,0,0,0,0,0,0,0,0.01694915254237288,59,2.408197623188213,3.3521806821227074,3.407128155231476,0,118
candidate,20260952,0,2,-33.0,3.0,0,0,0,0,0,0,0,0.0,70,2.4659209485564912,3.265309426933527,3.55495885014534,0,141
candidate,20260952,1,2,-8.0,2.5,0,0,0,0,0,0,0,0.0,60,2.4658245034515858,3.3488530665636063,5.761472508311272,0,120
candidate,20260952,2,2,-33.0,3.0,0,0,0,0,0,0,0,0.04477611940298507,67,2.3914246138796877,3.153271414339542,4.922783002257347,0,135
candidate,20260952,3,2,34.0,1.0,1,0,0,0,0,0,0,0.020833333333333332,48,2.3875565578540168,3.132659662514925,3.226378932595253,0,96
candidate,20260953,0,0,48.0,1.0,1,1,0,0,0,0,0,0.0,37,2.5588208557786167,3.3608041703701015,5.621382966637611,0,73
candidate,20260953,1,0,-16.0,3.0,0,0,0,0,0,0,0,0.0,32,2.4512517265975475,3.343625459820032,3.4478548914194107,0,65
candidate,20260953,2,0,-16.0,3.0,0,0,0,0,0,0,0,0.0,36,2.435219008475542,3.3727609552443027,3.528878092765808,0,73
candidate,20260953,3,0,-16.0,3.0,0,0,0,0,0,0,0,0.027777777777777776,36,2.3952496962414846,3.2596057280898094,3.2997094094753265,0,73
candidate,20260954,0,0,0.0,2.5,0,0,0,0,0,1,1,0.0,84,2.6212670352487337,3.8316747173666954,4.10112552344799,0,168
candidate,20260954,1,0,32.0,1.0,1,0,0,0,0,0,0,0.012658227848101266,79,2.531997152144396,3.367469273507595,7.679598405957222,0,158
candidate,20260954,2,0,-8.0,2.5,0,0,0,0,0,0,0,0.0,61,2.47318297624588,3.6519095301628113,3.730524331331253,0,122
candidate,20260954,3,0,90.0,1.0,1,1,0,0,0,0,0,0.0379746835443038,79,2.393234544728376,3.399551101028919,5.009263753890991,0,157
candidate,20260955,0,2,0.0,2.5,0,0,0,0,0,1,0,0.023529411764705882,85,2.4062516277327255,3.033249080181122,3.3091064542531967,0,169
candidate,20260955,1,2,-8.0,2.5,0,0,0,0,0,0,0,0.0,73,2.583750077102282,3.8588047027587886,4.189426079392433,0,147
candidate,20260955,2,2,-8.0,2.5,0,0,0,0,0,0,0,0.0,70,2.4185629029359137,3.1481342390179634,4.019562155008316,0,141
candidate,20260955,3,2,-19.0,3.0,0,0,0,0,0,0,0,0.037037037037037035,81,2.31899245193711,2.9341280460357666,3.0270200222730637,0,164
candidate,20260956,0,2,-8.0,2.5,0,0,0,0,0,0,0,0.030303030303030304,33,2.4628337246902063,3.140607848763466,3.2586827874183655,0,66
candidate,20260956,1,2,37.0,1.0,1,0,0,0,0,0,0,0.0,33,2.509930594400926,3.442685678601265,3.4754984080791473,0,66
candidate,20260956,2,2,-21.0,4.0,0,0,1,13,0,0,0,0.0,33,2.528948483593536,3.361542522907257,7.643291726708412,0,66
candidate,20260956,3,2,-8.0,2.5,0,0,0,0,0,0,0,0.09090909090909091,33,2.3000178237756095,2.9318466782569885,3.009667620062828,0,66
candidate,20260957,0,2,33.0,1.0,1,0,0,0,0,0,0,0.027777777777777776,36,2.535199849969811,3.5308711230754852,4.083922132849693,0,72
candidate,20260957,1,2,-8.0,2.5,0,0,0,0,0,0,0,0.0625,32,2.462291100528091,3.187122568488121,5.133677273988724,0,64
candidate,20260957,2,2,-8.0,2.5,0,0,0,0,0,0,0,0.020833333333333332,48,2.507281955331564,3.247661329805851,6.190137937664986,0,96
candidate,20260957,3,2,-17.0,4.0,0,0,1,9,0,0,0,0.015625,64,2.4810180184431374,3.2580524682998657,7.4232835322618484,0,128
candidate,20260958,0,3,-8.0,2.5,0,0,0,0,0,0,0,0.0,30,2.473419842620691,3.3706678077578545,3.406910225749016,0,60
candidate,20260958,1,3,-18.0,4.0,0,0,1,10,0,0,0,0.014925373134328358,67,2.411342434473892,3.065024688839912,3.3139344304800034,0,134
candidate,20260958,2,3,-8.0,2.5,0,0,0,0,0,0,0,0.03333333333333333,30,2.5596491992473602,3.2590607181191444,7.158258929848671,0,60
candidate,20260958,3,3,-17.0,4.0,0,0,1,9,0,0,0,0.02040816326530612,49,2.4499429047715906,3.2606400549411774,5.366118624806404,0,98
candidate,20260959,0,1,-25.0,3.0,0,0,0,0,0,0,0,0.0,28,2.660567539611033,3.489721287041902,7.571527734398842,0,57
candidate,20260959,1,1,40.0,1.0,1,0,0,0,0,0,0,0.07142857142857142,28,2.3136351124516557,3.0248813331127162,3.1745899468660355,0,56
candidate,20260959,2,1,-25.0,3.0,0,0,0,0,0,0,0,0.07142857142857142,28,2.3286258801817894,2.969136741012335,3.1823087483644485,0,57
candidate,20260959,3,1,-25.0,3.0,0,0,0,0,0,0,0,0.07142857142857142,28,2.443090746445315,3.2265331596136093,3.2526273280382156,0,57
candidate,20260960,0,3,54.0,1.0,1,1,0,0,0,0,0,0.02,50,2.5371207296848297,3.241258952766657,6.860341876745224,0,99
candidate,20260960,1,3,-16.0,4.0,0,0,1,8,0,0,0,0.014925373134328358,67,2.3806953052086617,3.0395738780498505,3.2663997262716293,0,134
candidate,20260960,2,3,38.0,1.0,1,0,0,0,0,0,0,0.029411764705882353,68,2.400836660800611,3.42270340770483,4.158740863204002,0,136
candidate,20260960,3,3,-21.0,3.0,0,0,0,0,0,0,0,0.016666666666666666,60,2.4058264990647635,2.9806913807988167,5.724750459194183,0,121
candidate,20260961,0,3,-16.0,3.0,0,0,0,0,0,0,0,0.02631578947368421,38,2.5331771099253704,3.3127514645457268,5.213262513279915,0,77
candidate,20260961,1,3,-25.0,4.0,0,0,1,17,0,0,0,0.06382978723404255,47,2.398149605761183,3.029677644371986,3.7621762603521347,0,94
candidate,20260961,2,3,-16.0,3.0,0,0,0,0,0,0,0,0.05263157894736842,38,2.380614757145706,3.279031440615654,3.310883417725563,0,77
candidate,20260961,3,3,-16.0,3.0,0,0,0,0,0,0,0,0.02631578947368421,38,2.3570956270161427,3.241009544581175,3.264734521508217,0,77
candidate,20260962,0,1,-26.0,4.0,0,0,1,18,0,0,0,0.03125,32,2.4517386336810887,3.1507939100265503,3.176480531692505,0,64
candidate,20260962,1,1,-35.0,3.0,0,0,0,0,0,0,0,0.014084507042253521,71,2.4481075487925974,3.147052600979805,5.77828474342823,0,143
candidate,20260962,2,1,-8.0,2.5,0,0,0,0,0,0,0,0.041666666666666664,48,2.4723869282752275,3.2750790007412434,5.931731313467026,0,96
candidate,20260962,3,1,45.0,1.0,1,0,0,0,0,0,0,0.041666666666666664,48,2.334875869564712,3.0991642735898495,3.118099644780159,0,96
candidate,20260963,0,3,34.0,1.0,1,0,0,0,0,0,0,0.0,23,2.646792113133099,3.8064911961555477,4.369383677840233,0,46
candidate,20260963,1,3,-8.0,2.5,0,0,0,0,0,0,0,0.0,23,2.511451344775117,3.1204070895910263,4.286535084247589,0,46
candidate,20260963,2,3,-18.0,4.0,0,0,1,10,0,0,0,0.043478260869565216,23,2.3317608334448026,2.882716804742813,3.0900444835424423,0,46
candidate,20260963,3,3,-8.0,2.5,0,0,0,0,0,0,0,0.043478260869565216,23,2.4022899730050047,3.361019864678383,3.438318148255348,0,46
candidate,20260964,0,2,-8.0,2.5,0,0,0,0,0,0,0,0.017241379310344827,58,2.398212697228481,3.026440180838108,3.1596142798662186,0,116
candidate,20260964,1,2,39.0,1.0,1,0,0,0,0,0,0,0.07894736842105263,38,2.3374287901740325,3.1093085184693336,3.168933093547821,0,76
candidate,20260964,2,2,-24.0,3.0,0,0,0,0,0,0,0,0.0,54,2.4712603125307293,3.3364429138600826,3.383232280611992,0,109
candidate,20260964,3,2,-24.0,3.0,0,0,0,0,0,0,0,0.0,54,2.5010949207676783,3.563653025776147,3.9045456796884537,0,109
candidate,20260965,0,2,-17.0,3.0,0,0,0,0,0,0,0,0.034482758620689655,29,2.475582191656376,3.3096123486757274,3.454655408859253,0,59
candidate,20260965,1,2,-8.0,2.5,0,0,0,0,0,0,0,0.038461538461538464,52,2.3385158453423243,2.916556410491466,2.994948998093605,0,104
candidate,20260965,2,2,-17.0,3.0,0,0,0,0,0,0,0,0.017543859649122806,57,2.48781663545391,3.182974085211754,5.470234900712967,0,115
candidate,20260965,3,2,-17.0,3.0,0,0,0,0,0,0,0,0.0,57,2.4884361773729324,3.45902070403099,4.987800493836403,0,115
candidate,20260966,0,1,41.0,1.0,1,0,0,0,0,0,0,0.022727272727272728,44,2.4946166879751464,3.1006560660898685,4.914797842502594,0,88
candidate,20260966,1,1,-18.0,4.0,0,0,1,10,0,0,0,0.0,40,2.4628523271530867,3.272209595888853,3.3696070313453674,0,80
candidate,20260966,2,1,-8.0,2.5,0,0,0,0,0,0,0,0.0,57,2.4195056277931783,3.249460458755493,3.4525208175182343,0,114
candidate,20260966,3,1,-8.0,2.5,0,0,0,0,0,0,0,0.0,56,2.586204625133957,3.517626319080591,6.347065791487694,0,112
candidate,20260967,0,1,-19.0,4.0,0,0,1,11,0,0,0,0.0,33,2.4594913490793924,3.223886713385582,3.285584971308708,0,66
candidate,20260967,1,1,36.0,1.0,1,0,0,0,0,0,0,0.0,61,2.4249868497985307,3.2614506781101227,3.627931699156761,0,122
candidate,20260967,2,1,-8.0,2.5,0,0,0,0,0,0,0,0.01639344262295082,61,2.4664503995512352,3.267308697104454,6.017059087753296,0,122
candidate,20260967,3,1,-8.0,2.5,0,0,0,0,0,0,0,0.0,61,2.6107486337423325,3.588596358895302,6.983162835240364,0,122
candidate,20260968,0,0,0.0,2.5,0,0,0,0,0,1,0,0.0,83,2.572932179613286,3.6084998399019237,3.8881786167621613,0,166
candidate,20260968,1,0,-19.0,4.0,0,0,1,11,0,0,0,0.0,34,2.5167275110588356,3.2773264683783054,4.180720075964928,0,68
candidate,20260968,2,0,32.0,1.0,1,0,0,0,0,0,0,0.047619047619047616,42,2.3489885386966525,3.1850822269916534,3.4284498542547226,0,84
candidate,20260968,3,0,-21.0,4.0,0,0,1,13,0,0,0,0.0,63,2.5450352520223647,3.6597654223442078,4.168080165982246,0,126
candidate,20260969,0,0,-16.0,4.0,0,0,1,8,0,0,0,0.015873015873015872,63,2.4096773316462836,3.0217530205845833,3.229500725865364,0,126
candidate,20260969,1,0,0.0,2.5,0,0,0,0,0,1,0,0.011904761904761904,84,2.4375252736111483,3.241031151264906,4.820516332983971,0,168
candidate,20260969,2,0,-8.0,2.5,0,0,0,0,0,0,0,0.03409090909090909,88,2.3598404685882004,3.0328324064612384,3.6315619945526123,0,176
candidate,20260969,3,0,-17.0,4.0,0,0,1,9,0,0,0,0.045454545454545456,66,2.3278113680355474,3.0894153751432896,3.2908767461776733,0,132
candidate,20260970,0,1,-8.0,2.5,0,0,0,0,0,0,0,0.0,46,2.495872747638951,3.276942763477564,3.3182334154844284,0,92
candidate,20260970,1,1,-8.0,2.5,0,0,0,0,0,0,0,0.06521739130434782,46,2.3332332949275556,2.8591337613761425,3.2463502138853073,0,92
candidate,20260970,2,1,-19.0,4.0,0,0,1,11,0,0,0,0.021739130434782608,46,2.37530959851068,3.0552130192518234,3.1654369086027145,0,92
candidate,20260970,3,1,-18.0,4.0,0,0,1,10,0,0,0,0.045454545454545456,44,2.4696345525709065,3.40717900544405,5.435707047581673,0,88
candidate,20260971,0,3,168.0,1.0,1,1,0,0,0,0,0,0.1,30,2.353063908716043,2.9399722814559928,3.1271595507860184,0,59
candidate,20260971,1,3,-8.0,2.5,0,0,0,0,0,0,0,0.0,16,2.383850049227476,3.2339044846594334,3.3594556152820587,0,32
candidate,20260971,2,3,-55.0,4.0,0,0,1,47,1,0,0,0.07142857142857142,28,2.3216021779392446,2.896390203386545,2.907460555434227,0,56
candidate,20260971,3,3,-8.0,2.5,0,0,0,0,0,0,0,0.0,16,2.4238148471340537,3.333786968141794,3.33397276699543,0,32
candidate,20260972,0,3,-8.0,2.5,0,0,0,0,0,0,0,0.043478260869565216,23,2.540236257988474,3.232268802821636,4.11565788090229,0,46
candidate,20260972,1,3,37.0,1.0,1,0,0,0,0,0,0,0.04,25,2.419365346431732,3.162594884634018,3.1687114387750626,0,50
candidate,20260972,2,3,-8.0,2.5,0,0,0,0,0,0,0,0.06666666666666667,30,2.3919313525160155,3.2053254544734955,3.2641272991895676,0,60
candidate,20260972,3,3,-16.0,4.0,0,0,1,8,0,0,0,0.0,26,2.4877631893524756,3.6122319288551807,3.7687998265028,0,52
candidate,20260973,0,3,32.0,1.0,1,0,0,0,0,0,0,0.029411764705882353,34,2.4205777136718525,3.0843486078083515,3.127656877040863,0,68
candidate,20260973,1,3,0.0,2.5,0,0,0,0,0,1,0,0.011627906976744186,86,2.408582933766897,3.142271190881729,3.314616158604622,0,172
candidate,20260973,2,3,-18.0,3.0,0,0,0,0,0,0,0,0.014492753623188406,69,2.382566315540369,3.1593237072229385,4.088548943400383,0,139
candidate,20260973,3,3,-8.0,2.5,0,0,0,0,0,0,0,0.0,34,2.503477584789781,3.3994482830166817,4.6381354331970215,0,68
candidate,20260974,0,1,-8.0,2.5,0,0,0,0,0,0,0,0.0,73,2.5920149908490377,3.6382216960191722,5.137773230671883,0,146
candidate,20260974,1,1,38.0,1.0,1,0,0,0,0,0,0,0.014705882352941176,68,2.428593798814451,3.2594339922070503,3.3804643899202347,0,136
candidate,20260974,2,1,-8.0,2.5,0,0,0,0,0,0,0,0.014705882352941176,68,2.4920642266378685,3.3991042524576187,5.867386236786842,0,136
candidate,20260974,3,1,-22.0,4.0,0,0,1,14,0,0,0,0.029411764705882353,68,2.410285037887447,3.2668628729879856,3.3769961446523666,0,136
candidate,20260975,0,3,-26.0,3.0,0,0,0,0,0,0,0,0.03571428571428571,28,2.4042758824569836,3.108457196503877,3.2174400985240936,0,57
candidate,20260975,1,3,-26.0,3.0,0,0,0,0,0,0,0,0.0,28,2.592893982572215,3.303392883390188,6.1076972633600235,0,57
candidate,20260975,2,3,-22.0,3.0,0,0,0,0,0,0,0,0.11538461538461539,26,2.3383333419377985,3.087962046265602,3.1320620328187943,0,53
candidate,20260975,3,3,78.0,1.0,1,1,0,0,0,0,0,0.034482758620689655,29,2.360866822559258,3.0406352132558823,3.509368747472763,0,57
candidate,20260976,0,2,-18.0,3.0,0,0,0,0,0,0,0,0.0625,48,2.4011232114086547,3.1115851365029807,3.415321931242943,0,97
candidate,20260976,1,2,33.0,1.0,1,0,0,0,0,0,0,0.05405405405405406,37,2.4538415710668304,3.3819932490587212,5.270903930068016,0,74
candidate,20260976,2,2,-18.0,3.0,0,0,0,0,0,0,0,0.0,49,2.49441922167126,3.5168845206499095,3.7533603608608246,0,99
candidate,20260976,3,2,-16.0,4.0,0,0,1,8,0,0,0,0.022727272727272728,44,2.4949757128276606,3.3587563782930374,6.420407444238663,0,88
candidate,20260977,0,2,-21.0,3.0,0,0,0,0,0,0,0,0.0,40,2.604910731315613,3.8384458050131793,4.0700603276491165,0,81
candidate,20260977,1,2,-21.0,3.0,0,0,0,0,0,0,0,0.04878048780487805,41,2.494081900250621,3.142036497592926,7.107416167855263,0,83
candidate,20260977,2,2,-32.0,4.0,0,0,1,24,0,0,0,0.05,40,2.339538186788559,2.9153713025152683,3.1321942806243896,0,80
candidate,20260977,3,2,63.0,1.0,1,1,0,0,0,0,0,0.0,41,2.423906789683714,3.3133551478385925,4.145776852965355,0,81
candidate,20260978,0,0,-8.0,2.5,0,0,0,0,0,0,0,0.05128205128205128,39,2.3814541025039477,2.9642315581440926,3.230668604373932,0,78
candidate,20260978,1,0,-8.0,2.5,0,0,0,0,0,0,0,0.01282051282051282,78,2.3822851288012967,3.1254759058356285,3.19506973028183,0,156
candidate,20260978,2,0,84.0,1.0,1,1,0,0,0,0,0,0.012195121951219513,82,2.519938822199659,3.7240521982312202,4.092652350664139,0,163
candidate,20260978,3,0,0.0,2.5,0,0,0,0,0,1,0,0.011764705882352941,85,2.3606107734582005,3.047008067369461,3.258775919675827,0,170
candidate,20260979,0,3,-19.0,4.0,0,0,1,11,0,0,0,0.06451612903225806,31,2.420977238685854,2.957303076982498,3.2997876405715942,0,62
candidate,20260979,1,3,-8.0,2.5,0,0,0,0,0,0,0,0.06451612903225806,31,2.3855327237998285,3.0496418476104736,3.1750518828630447,0,62
candidate,20260979,2,3,-8.0,2.5,0,0,0,0,0,0,0,0.03225806451612903,31,2.3638207705751544,3.2161790877580643,3.2558441162109375,0,62
candidate,20260979,3,3,35.0,1.0,1,0,0,0,0,0,0,0.0,31,2.4565723874876575,3.6356523633003235,3.79960797727108,0,62
candidate,20260980,0,0,-8.0,2.5,0,0,0,0,0,0,0,0.020833333333333332,48,2.4310583636785545,3.2185238786041737,3.3690035343170166,0,96
candidate,20260980,1,0,44.0,1.0,1,0,0,0,0,0,0,0.0,48,2.6421830989420414,3.9600061252713203,4.1594114154577255,0,96
candidate,20260980,2,0,-8.0,2.5,0,0,0,0,0,0,0,0.0,48,2.423084069353839,3.2839016057550907,3.3058878034353256,0,96
candidate,20260980,3,0,35.0,1.0,1,0,0,0,0,0,0,0.05405405405405406,37,2.345118621313894,3.0499812215566626,3.2732542604207993,0,74
candidate,20260981,0,3,-16.0,4.0,0,0,1,8,0,0,0,0.0,45,2.4931804173522525,3.3004052937030792,3.3158790320158005,0,90
candidate,20260981,1,3,33.0,1.0,1,0,0,0,0,0,0,0.06976744186046512,43,2.411919884210409,3.353677876293659,3.381110727787018,0,86
candidate,20260981,2,3,-8.0,2.5,0,0,0,0,0,0,0,0.023255813953488372,43,2.335691781238068,2.9757633805274963,3.241974860429764,0,86
candidate,20260981,3,3,47.0,1.0,1,0,0,0,0,0,0,0.05405405405405406,37,2.4022322047401117,3.313199430704117,3.3576563000679016,0,74
candidate,20260982,0,0,-8.0,2.5,0,0,0,0,0,0,0,0.0,30,2.466881647706032,3.2080812379717827,3.243887796998024,0,60
candidate,20260982,1,0,35.0,1.0,1,0,0,0,0,0,0,0.0,49,2.48295612329123,3.4608852118253703,3.56428325176239,0,98
candidate,20260982,2,0,-8.0,2.5,0,0,0,0,0,0,0,0.04081632653061224,49,2.30550332641115,2.888573706150055,2.961415797472,0,98
candidate,20260982,3,0,-8.0,2.5,0,0,0,0,0,0,0,0.03333333333333333,30,2.3307397961616516,3.073404543101787,3.215162083506584,0,60
candidate,20260983,0,0,-8.0,2.5,0,0,0,0,0,0,0,0.07017543859649122,57,2.3556371595253025,2.805683016777038,3.2021552324295044,0,114
candidate,20260983,1,0,84.0,1.0,1,1,0,0,0,0,0,0.017857142857142856,56,2.400242257863283,3.156085032969713,3.1822770833969116,0,111
candidate,20260983,2,0,-27.0,4.0,0,0,1,19,0,0,0,0.017543859649122806,57,2.4496424747140786,3.443945199251175,3.6642365157604218,0,114
candidate,20260983,3,0,-17.0,4.0,0,0,1,9,0,0,0,0.02857142857142857,35,2.3560633616788045,3.168586455285549,3.2360609620809555,0,70
candidate,20260984,0,2,0.0,2.5,0,0,0,0,0,1,0,0.0,84,2.56306298875383,3.5292171873152256,5.384625867009163,0,168
candidate,20260984,1,2,-8.0,2.5,0,0,0,0,0,0,0,0.01818181818181818,55,2.4625812741843136,3.3387435600161552,3.473835065960884,0,110
candidate,20260984,2,2,-8.0,2.5,0,0,0,0,0,0,0,0.016666666666666666,60,2.436381299048662,3.266855888068676,4.254007712006569,0,120
candidate,20260984,3,2,-19.0,4.0,0,0,1,11,0,0,0,0.017857142857142856,56,2.4569088460079263,3.4845927730202675,3.6221761256456375,0,112
candidate,20260985,0,2,-8.0,2.5,0,0,0,0,0,0,0,0.0,32,2.5119498022831976,3.40029401704669,3.506595268845558,0,64
candidate,20260985,1,2,46.0,1.0,1,0,0,0,0,0,0,0.0,35,2.6879750192165375,3.7908315658569336,4.466928541660309,0,70
candidate,20260985,2,2,-30.0,4.0,0,0,1,22,0,0,0,0.0,35,2.4441483297518323,3.1990384683012962,3.650408238172531,0,70
candidate,20260985,3,2,-8.0,2.5,0,0,0,0,0,0,0,0.02857142857142857,35,2.430340594479016,3.309938684105873,4.143372178077698,0,70
candidate,20260986,0,1,-8.0,2.5,0,0,0,0,0,0,0,0.0,59,2.525029293561386,3.288215771317481,5.575468763709068,0,118
candidate,20260986,1,1,-20.0,3.0,0,0,0,0,0,0,0,0.03125,64,2.4066334299277514,3.244872484356165,3.3220797777175903,0,129
candidate,20260986,2,1,-8.0,2.5,0,0,0,0,0,0,0,0.015625,64,2.4077544803731143,3.2698912546038623,4.38850000500679,0,128
candidate,20260986,3,1,-18.0,4.0,0,0,1,10,0,0,0,0.05,40,2.392164198681712,3.3791846595704556,3.430631011724472,0,80
candidate,20260987,0,3,0.0,2.5,0,0,0,0,0,1,1,0.023529411764705882,85,2.396701188648448,3.083933144807815,3.2115858048200607,0,170
candidate,20260987,1,3,34.0,1.0,1,0,0,0,0,0,0,0.0,68,2.5203268262831604,3.4039659425616264,6.590425968170166,0,136
candidate,20260987,2,3,-8.0,2.5,0,0,0,0,0,0,0,0.0,74,2.3994769246594325,3.2298547215759754,3.2910536974668503,0,148
candidate,20260987,3,3,-18.0,4.0,0,0,1,10,0,0,0,0.0,68,2.474269802298616,3.452159557491541,3.4817513078451157,0,136
candidate,20260988,0,2,-19.0,4.0,0,0,1,11,0,0,0,0.043478260869565216,69,2.404222318875617,3.1108383089303966,3.2432246953248978,0,138
candidate,20260988,1,2,42.0,1.0,1,0,0,0,0,0,0,0.05405405405405406,37,2.381067370643487,3.2226923853158946,3.3751986920833588,0,74
candidate,20260988,2,2,-8.0,2.5,0,0,0,0,0,0,0,0.013513513513513514,74,2.3827321223310522,3.1659440137445927,3.2395850867033005,0,148
candidate,20260988,3,2,-8.0,2.5,0,0,0,0,0,0,0,0.0,40,2.3972319904714823,3.333680145442486,3.408540040254593,0,80
candidate,20260989,0,3,60.0,1.0,1,1,0,0,0,0,0,0.0,23,2.6179296976846196,3.669038414955139,3.9211753755807877,0,45
candidate,20260989,1,3,-20.0,3.0,0,0,0,0,0,0,0,0.045454545454545456,22,2.460074018348347,3.369532711803913,3.4835301339626312,0,45
candidate,20260989,2,3,-20.0,3.0,0,0,0,0,0,0,0,0.0,22,2.4316387081688102,3.393118642270565,3.4685004502534866,0,45
candidate,20260989,3,3,-20.0,3.0,0,0,0,0,0,0,0,0.045454545454545456,22,2.3622136055068537,3.0746315605938435,3.1718071550130844,0,45
candidate,20260990,0,0,-16.0,4.0,0,0,1,8,0,0,0,0.0,48,2.560706421112021,3.4195290878415108,3.616888076066971,0,96
candidate,20260990,1,0,0.0,2.5,0,0,0,0,0,1,1,0.012658227848101266,79,2.40867830152753,3.374589793384075,3.4169573336839676,0,158
candidate,20260990,2,0,-8.0,2.5,0,0,0,0,0,0,0,0.0,60,2.42234089722236,3.350058291107416,3.4105535596609116,0,120
candidate,20260990,3,0,-16.0,4.0,0,0,1,8,0,0,0,0.05,60,2.3188826317588487,3.0659694224596024,3.1728800386190414,0,120
candidate,20260991,0,3,-8.0,2.5,0,0,0,0,0,0,0,0.0425531914893617,47,2.4824622384411223,3.3770795911550513,4.75878082215786,0,94
candidate,20260991,1,3,-28.0,4.0,0,0,1,20,0,0,0,0.06382978723404255,47,2.307218796712287,2.75121983140707,3.0040033161640167,0,94
candidate,20260991,2,3,44.0,1.0,1,0,0,0,0,0,0,0.02127659574468085,47,2.4024708236151553,3.3423101529479022,3.4407880157232285,0,94
candidate,20260991,3,3,-27.0,4.0,0,0,1,19,0,0,0,0.0,25,2.4080347269773483,3.2876092940568924,3.327375277876854,0,50
candidate,20260992,0,0,-22.0,3.0,0,0,0,0,0,0,0,0.0425531914893617,47,2.4246250061278647,3.197002224624157,3.207983449101448,0,95
candidate,20260992,1,0,-8.0,2.5,0,0,0,0,0,0,0,0.02702702702702703,37,2.3975771021198584,3.3127106726169586,3.352174535393715,0,74
candidate,20260992,2,0,66.0,1.0,1,1,0,0,0,0,0,0.04,50,2.3530854657292366,3.2155368477106094,3.3409763127565384,0,99
candidate,20260992,3,0,-8.0,2.5,0,0,0,0,0,0,0,0.047619047619047616,42,2.3873193366896537,3.247437253594398,3.336431458592415,0,84
candidate,20260993,0,1,-8.0,2.5,0,0,0,0,0,0,0,0.034482758620689655,29,2.5714181748957468,3.6492209881544113,3.8199517875909805,0,58
candidate,20260993,1,1,-8.0,2.5,0,0,0,0,0,0,0,0.0,29,2.503439976737417,3.4479327499866486,4.0656886994838715,0,58
candidate,20260993,2,1,-18.0,4.0,0,0,1,10,0,0,0,0.0,29,2.499775639895735,3.3397797495126724,3.407742828130722,0,58
candidate,20260993,3,1,-17.0,3.0,0,0,0,0,0,0,0,0.13636363636363635,22,2.3229277100075376,2.9796654358506203,3.2231640070676804,0,45
candidate,20260994,0,1,48.0,1.0,1,1,0,0,0,0,0,0.058823529411764705,17,2.4891145089093376,3.3906038850545883,3.635501489043236,0,33
candidate,20260994,1,1,-8.0,2.5,0,0,0,0,0,0,0,0.05555555555555555,36,2.4328286138673625,3.2011051662266254,4.114300012588501,0,72
candidate,20260994,2,1,-17.0,4.0,0,0,1,9,0,0,0,0.06521739130434782,46,2.379407134392987,3.1984099186956882,4.005687311291695,0,92
candidate,20260994,3,1,-8.0,2.5,0,0,0,0,0,0,0,0.07142857142857142,14,2.3211840806262836,2.9928374104201794,3.0244626104831696,0,28
candidate,20260995,0,2,-17.0,3.0,0,0,0,0,0,0,0,0.025974025974025976,77,2.456375966211418,3.276299312710762,3.8813743740320206,0,155
candidate,20260995,1,2,34.0,1.0,1,0,0,0,0,0,0,0.014492753623188406,69,2.4066061537334886,3.227890282869339,3.4140460193157196,0,138
candidate,20260995,2,2,-8.0,2.5,0,0,0,0,0,0,0,0.0,72,2.4451545646621122,3.323088213801384,4.545621573925018,0,144
candidate,20260995,3,2,-8.0,2.5,0,0,0,0,0,0,0,0.02702702702702703,74,2.3136067682424106,2.9448973946273327,3.000957891345024,0,148
candidate,20260996,0,3,-17.0,3.0,0,0,0,0,0,0,0,0.01818181818181818,55,2.6992714540524916,3.843742422759533,4.13116067647934,0,111
candidate,20260996,1,3,-38.0,4.0,0,0,1,30,0,0,0,0.0,52,2.5367018623420825,3.5892754793167114,3.6635510623455048,0,104
candidate,20260996,2,3,-17.0,3.0,0,0,0,0,0,0,0,0.0,57,2.3998472382102096,3.2519325613975525,3.30430269241333,0,115
candidate,20260996,3,3,-8.0,2.5,0,0,0,0,0,0,0,0.047619047619047616,21,2.3459629820925847,3.1626373529434204,3.1981244683265686,0,42
candidate,20260997,0,0,-8.0,2.5,0,0,0,0,0,0,0,0.0,41,2.5315717226121484,3.38091142475605,3.393659368157387,0,82
candidate,20260997,1,0,36.0,1.0,1,0,0,0,0,0,0,0.0,41,2.3852710771124537,3.230636939406395,3.259170800447464,0,82
candidate,20260997,2,0,-8.0,2.5,0,0,0,0,0,0,0,0.024390243902439025,41,2.346874828018793,3.0878838151693344,3.184789791703224,0,82
candidate,20260997,3,0,-20.0,4.0,0,0,1,12,0,0,0,0.024390243902439025,41,2.346218722622569,2.9724184423685074,3.1579863280057907,0,82
candidate,20260998,0,2,-19.0,4.0,0,0,1,11,0,0,0,0.0,69,2.593324317232422,3.6401279270648956,3.7356335669755936,0,138
candidate,20260998,1,2,37.0,1.0,1,0,0,0,0,0,0,0.0,71,2.5107356601617705,3.2895226031541824,3.533853217959404,0,142
candidate,20260998,2,2,32.0,1.0,1,0,0,0,0,0,0,0.015384615384615385,65,2.370897623208853,3.064248710870743,3.2636690884828568,0,130
candidate,20260998,3,2,-8.0,2.5,0,0,0,0,0,0,0,0.04225352112676056,71,2.344438779941747,3.045842982828617,3.3192355185747147,0,142
candidate,20260999,0,3,81.0,1.0,1,1,0,0,0,0,0,0.04,50,2.3653441667556763,3.0407471582293506,3.2830126583576202,0,99
candidate,20260999,1,3,-8.0,2.5,0,0,0,0,0,0,0,0.038461538461538464,52,2.39448116805691,3.2515169121325016,3.297246992588043,0,104
candidate,20260999,2,3,-27.0,3.0,0,0,0,0,0,0,0,0.06,50,2.3414066433906555,3.0274190939962864,3.1796880066394806,0,101
candidate,20260999,3,3,-27.0,3.0,0,0,0,0,0,0,0,0.0,49,2.4833364450201696,3.4118346869945526,3.525298088788986,0,99
candidate,20261000,0,0,-17.0,4.0,0,0,1,9,0,0,0,0.018867924528301886,53,2.4653421890623166,3.208021819591522,3.322657197713852,0,106
candidate,20261000,1,0,-8.0,2.5,0,0,0,0,0,0,0,0.0,53,2.4824304119595944,3.4321639686822887,3.685278818011284,0,106
candidate,20261000,2,0,32.0,1.0,1,0,0,0,0,0,0,0.023809523809523808,42,2.4115307079184625,3.4295045770704746,3.4958217293024063,0,84
candidate,20261000,3,0,-8.0,2.5,0,0,0,0,0,0,0,0.03508771929824561,57,2.3937845896733436,3.2258812338113785,3.489656373858452,0,114
candidate,20261001,0,0,-8.0,2.5,0,0,0,0,0,0,0,0.0,31,2.53924505124169,3.490080125629902,3.5238508135080338,0,62
candidate,20261001,1,0,-8.0,2.5,0,0,0,0,0,0,0,0.03225806451612903,31,2.407284453511238,3.249548375606537,3.251137211918831,0,62
candidate,20261001,2,0,-21.0,3.0,0,0,0,0,0,0,0,0.0,45,2.388379557265176,3.1293846666812897,3.1948070973157883,0,91
candidate,20261001,3,0,33.0,1.0,1,0,0,0,0,0,0,0.06451612903225806,31,2.3326408118009567,3.167189657688141,3.221483901143074,0,62
candidate,20261002,0,3,-8.0,2.5,0,0,0,0,0,0,0,0.0,36,2.5575431581172676,3.6075813695788383,3.669779747724533,0,72
candidate,20261002,1,3,93.0,1.0,1,1,0,0,0,0,0,0.0,57,2.5666293018219766,3.7402115762233734,3.885935992002487,0,113
candidate,20261002,2,3,-8.0,2.5,0,0,0,0,0,0,0,0.047619047619047616,42,2.3232681144561087,2.916204556822777,3.2211318612098694,0,84
candidate,20261002,3,3,-17.0,4.0,0,0,1,9,0,0,0,0.08333333333333333,36,2.434740722593334,3.1794048845767975,5.899319425225258,0,72
candidate,20261003,0,1,-18.0,3.0,0,0,0,0,0,0,0,0.0,42,2.5818786096005213,3.6441829986870284,3.6752838641405106,0,85
candidate,20261003,1,1,-18.0,3.0,0,0,0,0,0,0,0,0.023809523809523808,42,2.534324746756327,3.4237226471304893,6.476465612649918,0,85
candidate,20261003,2,1,54.0,1.0,1,1,0,0,0,0,0,0.05128205128205128,39,2.337486315996219,3.022668696939945,3.2502058893442154,0,77
candidate,20261003,3,1,-18.0,3.0,0,0,0,0,0,0,0,0.023809523809523808,42,2.477890235327539,3.512899298220872,4.449542611837387,0,85
candidate,20261004,0,1,-8.0,2.5,0,0,0,0,0,0,0,0.02702702702702703,37,2.491202759178909,3.237788751721382,3.2517947256565094,0,75
candidate,20261004,1,1,33.0,1.0,1,0,0,0,0,0,0,0.037037037037037035,54,2.413580401076211,3.290458954870701,3.4646838903427124,0,107
candidate,20261004,2,1,-8.0,2.5,0,0,0,0,0,0,0,0.0,35,2.387681550213269,3.2350994646549225,3.248196095228195,0,71
candidate,20261004,3,1,-8.0,2.5,0,0,0,0,0,0,0,0.03773584905660377,53,2.399494449766177,3.2567188143730164,5.456175655126572,0,107
candidate,20261005,0,3,0.0,2.5,0,0,0,0,0,1,0,0.0,88,2.5101814800026743,3.253606706857681,6.601313129067421,0,176
candidate,20261005,1,3,0.0,2.5,0,0,0,0,0,1,0,0.0,84,2.6019935141361894,3.612616192549467,6.926994770765305,0,168
candidate,20261005,2,3,-8.0,2.5,0,0,0,0,0,0,0,0.034482758620689655,87,2.2884709225303825,2.791781537234783,3.2549891620874405,0,174
candidate,20261005,3,3,0.0,2.5,0,0,0,0,0,1,1,0.011764705882352941,85,2.3865102625945034,3.1855933368206024,3.297504037618637,0,170
candidate,20261006,0,0,-29.0,3.0,0,0,0,0,0,0,0,0.0,53,2.5995561747618443,3.6696478724479675,3.862706944346428,0,107
candidate,20261006,1,0,54.0,1.0,1,1,0,0,0,0,0,0.047619047619047616,42,2.4138850026897023,3.2793802209198475,3.298835828900337,0,83
candidate,20261006,2,0,-18.0,3.0,0,0,0,0,0,0,0,0.024390243902439025,41,2.3781811682189384,3.2382160425186157,3.3139996230602264,0,83
candidate,20261006,3,0,-18.0,3.0,0,0,0,0,0,0,0,0.0,41,2.3954469801449196,3.2299067825078964,3.2463278621435165,0,83
candidate,20261007,0,0,32.0,1.0,1,0,0,0,0,0,0,0.0,50,2.4681461974978447,3.1403053551912308,3.1754393130540848,0,100
candidate,20261007,1,0,99.0,1.0,1,1,0,0,0,0,0,0.0,52,2.4471887960456886,3.2364621758461,3.3048074692487717,0,103
candidate,20261007,2,0,-33.0,3.0,0,0,0,0,0,0,0,0.0,51,2.429897221280079,3.3674556761980057,3.4965816885232925,0,103
candidate,20261007,3,0,-33.0,3.0,0,0,0,0,0,0,0,0.0,51,2.4591394353146647,3.574071452021599,3.8925912231206894,0,103
candidate,20261008,0,0,-16.0,4.0,0,0,1,8,0,0,0,0.0,35,2.517636333193098,3.315801545977592,3.3922605216503143,0,70
candidate,20261008,1,0,-8.0,2.5,0,0,0,0,0,0,0,0.0,70,2.5254193427307263,3.6005765199661255,3.666788339614868,0,140
candidate,20261008,2,0,-8.0,2.5,0,0,0,0,0,0,0,0.023255813953488372,43,2.295910965564639,2.761133760213852,2.835439518094063,0,86
candidate,20261008,3,0,-19.0,4.0,0,0,1,11,0,0,0,0.017241379310344827,58,2.383987547765518,3.140754345804453,3.22687067091465,0,116
candidate,20261009,0,1,33.0,1.0,1,0,0,0,0,0,0,0.03389830508474576,59,2.426861832707615,3.0715355649590483,3.281565383076668,0,118
candidate,20261009,1,1,-8.0,2.5,0,0,0,0,0,0,0,0.02,50,2.4630602449178696,3.3361672423779964,3.4952443093061447,0,100
candidate,20261009,2,1,-27.0,4.0,0,0,1,19,0,0,0,0.014925373134328358,67,2.390793733187576,3.2657071948051453,3.319922834634781,0,134
candidate,20261009,3,1,-8.0,2.5,0,0,0,0,0,0,0,0.05,60,2.372825921823581,3.1056280247867107,3.161199390888214,0,120
candidate,20261010,0,2,-8.0,2.5,0,0,0,0,0,0,0,0.0,78,2.518305602746132,3.521634079515934,3.5697221755981445,0,156
candidate,20261010,1,2,-19.0,4.0,0,0,1,11,0,0,0,0.05128205128205128,78,2.366112186931647,2.995752729475498,3.151640295982361,0,156
candidate,20261010,2,2,-23.0,3.0,0,0,0,0,0,0,0,0.011764705882352941,85,2.5194379117558983,3.4968361258506775,3.651496022939682,0,171
candidate,20261010,3,2,10.0,2.0,0,0,0,0,0,0,0,0.012195121951219513,82,2.361442325863896,3.08179147541523,3.244267776608467,1,165
candidate,20261011,0,1,-8.0,2.5,0,0,0,0,0,0,0,0.045454545454545456,44,2.5094529529186813,3.30564072355628,3.356635570526123,0,88
candidate,20261011,1,1,-8.0,2.5,0,0,0,0,0,0,0,0.024390243902439025,41,2.492043348710711,3.4898295998573303,3.5135969519615173,0,82
candidate,20261011,2,1,32.0,1.0,1,0,0,0,0,0,0,0.02631578947368421,38,2.4841973852170143,3.319716546684503,3.706846386194229,0,76
candidate,20261011,3,1,-8.0,2.5,0,0,0,0,0,0,0,0.0,41,2.44283939643604,3.3856872469186783,3.4180432558059692,0,82
candidate,20261012,0,2,-18.0,4.0,0,0,1,10,0,0,0,0.03773584905660377,53,2.484997347840723,3.3316414803266525,3.4028366208076477,0,106
candidate,20261012,1,2,75.0,1.0,1,1,0,0,0,0,0,0.0,58,2.4885363106069893,3.266116790473461,6.432861089706421,0,115
candidate,20261012,2,2,32.0,1.0,1,0,0,0,0,0,0,0.018518518518518517,54,2.3744627833366394,3.2109377905726433,3.3058766275644302,0,108
candidate,20261012,3,2,-8.0,2.5,0,0,0,0,0,0,0,0.0,54,2.631000070660203,3.8949611596763125,8.316051214933395,0,108
candidate,20261013,0,1,-28.0,4.0,0,0,1,20,0,0,0,0.0,25,2.726670876145363,3.5079356282949448,6.950726732611656,0,50
candidate,20261013,1,1,-8.0,2.5,0,0,0,0,0,0,0,0.04,25,2.7411533892154694,3.912564367055893,6.177723407745361,0,50
candidate,20261013,2,1,44.0,1.0,1,0,0,0,0,0,0,0.08,25,2.356787621974945,3.047051280736923,3.2046083360910416,0,50
candidate,20261013,3,1,-8.0,2.5,0,0,0,0,0,0,0,0.0,25,2.502666637301445,3.464709594845772,3.47977876663208,0,50
candidate,20261014,0,1,90.0,1.0,1,1,0,0,0,0,0,0.018867924528301886,53,2.475250723227015,3.363879770040512,3.700369969010353,0,105
candidate,20261014,1,1,-30.0,3.0,0,0,0,0,0,0,0,0.019230769230769232,52,2.5421690840560656,3.31729520112276,6.7226700484752655,0,105
candidate,20261014,2,1,-30.0,3.0,0,0,0,0,0,0,0,0.0,52,2.4394734332767816,3.3687145449221134,3.4259725362062454,0,105
candidate,20261014,3,1,-30.0,3.0,0,0,0,0,0,0,0,0.038461538461538464,52,2.3496834059747367,3.1981028616428375,3.2673440873622894,0,105
candidate,20261015,0,2,-8.0,2.5,0,0,0,0,0,0,0,0.0,32,2.5008333614096045,3.3303928561508656,3.344006836414337,0,64
candidate,20261015,1,2,48.0,1.0,1,1,0,0,0,0,0,0.06,50,2.313237152993679,2.898594364523887,3.187270835042,0,99
candidate,20261015,2,2,-8.0,2.5,0,0,0,0,0,0,0,0.05555555555555555,36,2.3139836784038277,2.939490135759115,3.1372979283332825,0,72
candidate,20261015,3,2,51.0,1.0,1,1,0,0,0,0,0,0.027777777777777776,36,2.4187576232684984,3.475814126431942,3.590719774365425,0,71
candidate,20261016,0,0,52.0,1.0,1,0,0,0,0,0,0,0.0,53,2.4722898203246997,3.2558809965848923,3.304464742541313,0,106
candidate,20261016,1,0,0.0,2.5,0,0,0,0,0,1,1,0.011764705882352941,85,2.5057287558036694,3.491000086069107,3.9733387529850006,0,169
candidate,20261016,2,0,32.0,1.0,1,0,0,0,0,0,0,0.028169014084507043,71,2.3379436313686237,2.9786936938762665,3.227055072784424,0,143
candidate,20261016,3,0,0.0,2.5,0,0,0,0,0,1,1,0.03571428571428571,84,2.266367232160909,2.6987066492438316,3.141535446047783,0,169
candidate,20261017,0,2,-8.0,2.5,0,0,0,0,0,0,0,0.061224489795918366,49,2.384358218738011,3.0329760164022432,3.154471516609192,0,98
candidate,20261017,1,2,-16.0,4.0,0,0,1,8,0,0,0,0.05,20,2.623774204403162,3.330982010811569,5.8311037719249725,0,40
candidate,20261017,2,2,-8.0,2.5,0,0,0,0,0,0,0,0.1,20,2.37796688452363,3.170580230653286,3.1759701669216156,0,40
candidate,20261017,3,2,32.0,1.0,1,0,0,0,0,0,0,0.0,20,2.338037174195051,3.3321662805974483,3.373401239514351,0,40
candidate,20261018,0,3,-8.0,2.5,0,0,0,0,0,0,0,0.0,46,2.5400508033192675,3.511577844619751,3.5558175295591354,0,93
candidate,20261018,1,3,-18.0,4.0,0,0,1,10,0,0,0,0.02127659574468085,47,2.4165141772716603,3.1748073175549507,3.219855949282646,0,93
candidate,20261018,2,3,37.0,1.0,1,0,0,0,0,0,0,0.0,42,2.515123137051151,3.6876002326607704,3.9588846266269684,0,85
candidate,20261018,3,3,-21.0,4.0,0,0,1,13,0,0,0,0.025,40,2.468310482800007,3.4321656450629234,3.4600291401147842,0,81
candidate,20261019,0,3,-18.0,3.0,0,0,0,0,0,0,0,0.0136986301369863,73,2.4274063028701365,3.0935313552618027,3.2907724380493164,0,147
candidate,20261019,1,3,10.0,2.0,0,0,0,0,0,0,0,0.0,71,2.468510255427428,3.261977806687355,3.330465406179428,1,143
candidate,20261019,2,3,51.0,1.0,1,1,0,0,0,0,0,0.0,72,2.4611822639902434,3.3945598639547825,3.5945307463407516,0,143
candidate,20261019,3,3,-8.0,2.5,0,0,0,0,0,0,0,0.0,65,2.4325559059014688,3.2232604920864105,3.312058746814728,0,130
candidate,20261020,0,3,32.0,1.0,1,0,0,0,0,0,0,0.01818181818181818,55,2.386359904300083,2.977685071527958,3.2272636890411377,0,110
candidate,20261020,1,3,-8.0,2.5,0,0,0,0,0,0,0,0.03636363636363636,55,2.342715012756261,2.8927164152264595,3.0678454786539078,0,110
candidate,20261020,2,3,-18.0,4.0,0,0,1,10,0,0,0,0.031746031746031744,63,2.3762344545315184,3.268768824636936,3.3167563378810883,0,126
candidate,20261020,3,3,-8.0,2.5,0,0,0,0,0,0,0,0.0,55,2.4418424476276743,3.2911131158471107,3.597516566514969,0,110
candidate,20261021,0,0,35.0,1.0,1,0,0,0,0,0,0,0.015625,64,2.473527827532962,3.162599168717861,5.204418674111366,0,128
candidate,20261021,1,0,-20.0,4.0,0,0,1,12,0,0,0,0.046153846153846156,65,2.376200946477743,3.143538534641265,4.639456048607826,0,130
candidate,20261021,2,0,34.0,1.0,1,0,0,0,0,0,0,0.03508771929824561,57,2.3301903223782254,3.0546009540557852,3.36250476539135,0,114
candidate,20261021,3,0,-8.0,2.5,0,0,0,0,0,0,0,0.017857142857142856,56,2.4126768444797824,3.2216287218034267,5.826754495501518,0,112
candidate,20261022,0,2,-20.0,3.0,0,0,0,0,0,0,0,0.06451612903225806,31,2.4603736857252736,3.172670491039753,3.2792389392852783,0,63
candidate,20261022,1,2,-20.0,3.0,0,0,0,0,0,0,0,0.03225806451612903,31,2.396770242241121,3.264486789703369,3.3311117440462112,0,63
candidate,20261022,2,2,60.0,1.0,1,1,0,0,0,0,0,0.125,32,2.2680978872813284,2.8237965889275074,2.890000119805336,0,63
candidate,20261022,3,2,-20.0,3.0,0,0,0,0,0,0,0,0.0,31,2.435565175067994,3.5427669063210487,3.5926606506109238,0,63
candidate,20261023,0,3,-17.0,4.0,0,0,1,9,0,0,0,0.022222222222222223,45,2.557968224088351,3.351664543151855,6.11443817615509,0,90
candidate,20261023,1,3,34.0,1.0,1,0,0,0,0,0,0,0.04081632653061224,49,2.4578631760514513,2.9497168958187103,7.771071046590805,0,98
candidate,20261023,2,3,-8.0,2.5,0,0,0,0,0,0,0,0.061224489795918366,49,2.320076510006068,2.98541709780693,3.2420754432678223,0,98
candidate,20261023,3,3,-8.0,2.5,0,0,0,0,0,0,0,0.0,49,2.4724624746916244,3.245964646339416,6.286880001425743,0,98
candidate,20261024,0,1,39.0,1.0,1,0,0,0,0,0,0,0.06451612903225806,62,2.4609677793998874,3.424040973186493,3.512861207127571,0,124
candidate,20261024,1,1,32.0,1.0,1,0,0,0,0,0,0,0.075,40,2.40854793228209,3.291933611035347,3.3189132809638977,0,80
candidate,20261024,2,1,-19.0,3.0,0,0,0,0,0,0,0,0.015625,64,2.420323377009481,3.1993540935218334,5.11336512863636,0,129
candidate,20261024,3,1,-30.0,4.0,0,0,1,22,0,0,0,0.015384615384615385,65,2.4695491848083644,3.5562943667173386,4.128219559788704,0,130
candidate,20261025,0,1,-8.0,2.5,0,0,0,0,0,0,0,0.03333333333333333,60,2.5441682587067285,3.197084553539753,8.310534060001373,0,120
candidate,20261025,1,1,57.0,1.0,1,1,0,0,0,0,0,0.0,51,2.5178237872965195,3.538350574672222,6.940729916095734,0,101
candidate,20261025,2,1,-8.0,2.5,0,0,0,0,0,0,0,0.04918032786885246,61,2.353709649111404,2.847224473953247,6.065836176276207,0,122
candidate,20261025,3,1,-8.0,2.5,0,0,0,0,0,0,0,0.016666666666666666,60,2.3673310255010924,3.1624342314898968,3.2792799174785614,0,120
candidate,20261026,0,2,-20.0,3.0,0,0,0,0,0,0,0,0.0,46,2.6239934579833695,3.6641196347773075,5.860002711415291,0,93
candidate,20261026,1,2,60.0,1.0,1,1,0,0,0,0,0,0.022222222222222223,45,2.3920384546120963,3.1177256256341934,3.229346126317978,0,89
candidate,20261026,2,2,-8.0,2.5,0,0,0,0,0,0,0,0.0,49,2.50345130203938,3.526149690151214,5.449872463941574,0,98
candidate,20261026,3,2,-8.0,2.5,0,0,0,0,0,0,0,0.045454545454545456,44,2.4590998972681435,3.2364257611334324,6.508892402052879,0,88
candidate,20261027,0,0,0.0,2.5,0,0,0,0,0,1,1,0.011764705882352941,85,2.459758344818564,3.1607329845428462,5.183478817343712,0,170
candidate,20261027,1,0,-27.0,3.0,0,0,0,0,0,0,0,0.03529411764705882,85,2.3937028339680504,3.229406848549843,4.941632971167564,0,171
candidate,20261027,2,0,-22.0,3.0,0,0,0,0,0,0,0,0.011904761904761904,84,2.581737846845672,3.6161792464554305,6.10915943980217,0,169
candidate,20261027,3,0,0.0,2.5,0,0,0,0,0,1,1,0.023529411764705882,85,2.4311793201109944,3.160928189754486,6.432568654417992,0,170
candidate,20261028,0,0,56.0,1.0,1,0,0,0,0,0,0,0.024096385542168676,83,2.4647379226713295,3.1983647495508194,4.654744639992714,0,166
candidate,20261028,1,0,-8.0,2.5,0,0,0,0,0,0,0,0.012048192771084338,83,2.4521757949547593,3.2152367755770683,4.6844035387039185,0,166
candidate,20261028,2,0,-8.0,2.5,0,0,0,0,0,0,0,0.04081632653061224,49,2.3764111481759014,3.144187852740288,3.2076574862003326,0,98
candidate,20261028,3,0,-48.0,4.0,0,0,1,40,1,0,0,0.0,83,2.5520687361797654,3.7752665579318996,6.711343303322792,0,166
candidate,20261029,0,2,-8.0,2.5,0,0,0,0,0,0,0,0.016129032258064516,62,2.6005916898289034,3.5823549143970013,5.760615691542625,0,124
candidate,20261029,1,2,-32.0,3.0,0,0,0,0,0,0,0,0.0,50,2.466477118432522,3.157916199415922,6.833270192146301,0,101
candidate,20261029,2,2,33.0,1.0,1,0,0,0,0,0,0,0.015384615384615385,65,2.507951884315564,3.30059714615345,7.0960186421871185,0,130
candidate,20261029,3,2,96.0,1.0,1,1,0,0,0,0,0,0.0,52,2.6119921284799394,3.79837118089199,7.4756331741809845,0,103
candidate,20261030,0,1,34.0,1.0,1,0,0,0,0,0,0,0.058823529411764705,34,2.5458963697447494,3.2209799624979496,6.078198552131653,0,68
candidate,20261030,1,1,-18.0,4.0,0,0,1,10,0,0,0,0.058823529411764705,34,2.58923858842429,3.26202493160963,9.282859042286873,0,68
candidate,20261030,2,1,-8.0,2.5,0,0,0,0,0,0,0,0.058823529411764705,34,2.352652085178039,3.2244049943983555,3.249533474445343,0,68
candidate,20261030,3,1,-8.0,2.5,0,0,0,0,0,0,0,0.029411764705882353,34,2.5082188932334675,3.5335087217390537,5.729151889681816,0,68
candidate,20261031,0,2,35.0,1.0,1,0,0,0,0,0,0,0.025,40,2.5139429140836,3.505726344883442,3.651093691587448,0,80
candidate,20261031,1,2,-20.0,3.0,0,0,0,0,0,0,0,0.058823529411764705,34,2.3824647068977356,3.0774946324527264,3.1002815812826157,0,69
candidate,20261031,2,2,54.0,1.0,1,1,0,0,0,0,0,0.0,42,2.5663857481309345,3.66250928491354,7.610408589243889,0,83
candidate,20261031,3,2,-8.0,2.5,0,0,0,0,0,0,0,0.06451612903225806,62,2.316643544022114,2.9176301322877407,2.937953919172287,0,123
candidate,20261032,0,1,-8.0,2.5,0,0,0,0,0,0,0,0.0,30,2.4743943164745965,3.310706000775099,3.3648088574409485,0,60
candidate,20261032,1,1,57.0,1.0,1,1,0,0,0,0,0,0.03125,32,2.345363318454474,2.857065387070179,3.116285428404808,0,63
candidate,20261032,2,1,-20.0,3.0,0,0,0,0,0,0,0,0.0,31,2.6254947747915023,3.613916225731373,5.570240318775177,0,63
candidate,20261032,3,1,-20.0,3.0,0,0,0,0,0,0,0,0.03225806451612903,31,2.358279821853484,3.1489739194512367,3.315381705760956,0,63
candidate,20261033,0,0,0.0,2.5,0,0,0,0,0,1,1,0.012345679012345678,81,2.595339545313223,3.4857839345932007,6.786499172449112,0,161
candidate,20261033,1,0,-8.0,2.5,0,0,0,0,0,0,0,0.02247191011235955,89,2.4800979312551155,3.494330868124962,5.267862230539322,0,178
candidate,20261033,2,0,-8.0,2.5,0,0,0,0,0,0,0,0.013157894736842105,76,2.4459117435311017,3.345729783177376,3.80697101354599,0,153
candidate,20261033,3,0,0.0,2.5,0,0,0,0,0,1,0,0.0,85,2.472249374670141,3.4700654447078705,3.585752099752426,0,170
candidate,20261034,0,2,-21.0,4.0,0,0,1,13,0,0,0,0.02702702702702703,37,2.5115885041855477,3.359787166118622,3.8079041987657547,0,74
candidate,20261034,1,2,-8.0,2.5,0,0,0,0,0,0,0,0.08108108108108109,37,2.3683243607347078,3.099893033504485,3.3045150339603424,0,74
candidate,20261034,2,2,-8.0,2.5,0,0,0,0,0,0,0,0.02702702702702703,37,2.364394984938003,3.0689354985952373,3.1726881861686707,0,74
candidate,20261034,3,2,37.0,1.0,1,0,0,0,0,0,0,0.08108108108108109,37,2.313310985226889,3.1648050993680954,3.254655748605728,0,74
candidate,20261035,0,0,-8.0,2.5,0,0,0,0,0,0,0,0.06976744186046512,43,2.5906716581693914,3.4574199467897415,7.393527776002884,0,86
candidate,20261035,1,0,0.0,2.5,0,0,0,0,0,1,0,0.0,83,2.477656892803778,3.3244857564568515,4.867441952228546,0,166
candidate,20261035,2,0,33.0,1.0,1,0,0,0,0,0,0,0.014285714285714285,70,2.3839681542345454,3.258389793336391,3.427654504776001,0,141
candidate,20261035,3,0,0.0,2.5,0,0,0,0,0,1,0,0.023809523809523808,84,2.380483428991976,3.216707520186901,4.7135744243860245,0,169
candidate,20261036,0,1,-27.0,4.0,0,0,1,19,0,0,0,0.044444444444444446,45,2.547787088486883,3.3060844987630844,3.552507609128952,0,90
candidate,20261036,1,1,-8.0,2.5,0,0,0,0,0,0,0,0.024390243902439025,41,2.460772307907663,3.2080896198749542,4.722548648715019,0,82
candidate,20261036,2,1,-17.0,4.0,0,0,1,9,0,0,0,0.0,43,2.570599967310595,3.708495944738388,6.32922537624836,0,86
candidate,20261036,3,1,-8.0,2.5,0,0,0,0,0,0,0,0.03389830508474576,59,2.421302752474607,3.174843452870846,5.640694871544838,0,118
candidate,20261037,0,0,-19.0,3.0,0,0,0,0,0,0,0,0.02564102564102564,78,2.549732509904947,3.3908708021044727,6.075184792280197,0,157
candidate,20261037,1,0,-18.0,4.0,0,0,1,10,0,0,0,0.0,45,2.488781428999371,3.463434427976608,3.5908035933971405,0,90
candidate,20261037,2,0,35.0,1.0,1,0,0,0,0,0,0,0.03389830508474576,59,2.3898442228466776,3.2117679715156555,5.238242447376251,0,118
candidate,20261037,3,0,-8.0,2.5,0,0,0,0,0,0,0,0.03508771929824561,57,2.3023014594065514,2.872057259082794,3.1651873141527176,0,114
candidate,20261038,0,2,32.0,1.0,1,0,0,0,0,0,0,0.047619047619047616,21,2.52456705839861,3.338361158967018,3.442559391260147,0,42
candidate,20261038,1,2,-19.0,4.0,0,0,1,11,0,0,0,0.047619047619047616,21,2.37887893759069,3.238130360841751,3.2725706696510315,0,42
candidate,20261038,2,2,-8.0,2.5,0,0,0,0,0,0,0,0.047619047619047616,21,2.5015750988608314,3.134448081254959,5.288012325763702,0,42
candidate,20261038,3,2,-8.0,2.5,0,0,0,0,0,0,0,0.0,21,2.390660345554352,3.230886533856392,3.2871123403310776,0,42
candidate,20261039,0,0,-8.0,2.5,0,0,0,0,0,0,0,0.05,40,2.3729802574962378,2.942704875022173,3.1729228794574738,0,80
candidate,20261039,1,0,-19.0,4.0,0,0,1,11,0,0,0,0.1,40,2.5970681570470333,3.250997792929398,7.8671518713235855,0,80
candidate,20261039,2,0,-8.0,2.5,0,0,0,0,0,0,0,0.025,40,2.3939937353134155,3.0055350624024864,5.110463127493858,0,80
candidate,20261039,3,0,32.0,1.0,1,0,0,0,0,0,0,0.0196078431372549,51,2.5366617403194014,3.3390438184142113,7.52309150993824,0,102
candidate,20261040,0,2,-8.0,2.5,0,0,0,0,0,0,0,0.0,49,2.5923196606490078,3.678704053163528,3.87534499168396,0,98
candidate,20261040,1,2,42.0,1.0,1,0,0,0,0,0,0,0.04878048780487805,41,2.4093029248278315,3.3753663301467896,3.60165536403656,0,82
candidate,20261040,2,2,-31.0,3.0,0,0,0,0,0,0,0,0.09523809523809523,42,2.317007010181745,3.144062124192714,3.1721312552690506,0,85
candidate,20261040,3,2,-8.0,2.5,0,0,0,0,0,0,0,0.029850746268656716,67,2.3088852193818163,2.883314900100231,3.1980983912944794,0,134
candidate,20261041,0,2,-20.0,3.0,0,0,0,0,0,0,0,0.02666666666666667,75,2.4103929847478867,3.1565895304083824,3.2701026648283005,0,151
candidate,20261041,1,2,-16.0,3.0,0,0,0,0,0,0,0,0.0,72,2.539161696202225,3.502983320504427,5.5957697331905365,0,145
candidate,20261041,2,2,-16.0,4.0,0,0,1,8,0,0,0,0.05357142857142857,56,2.3553866693483934,3.0221734195947647,3.063298761844635,0,112
candidate,20261041,3,2,-8.0,2.5,0,0,0,0,0,0,0,0.017857142857142856,56,2.4936743014092957,3.4120134077966213,3.6121439188718796,0,112
candidate,20261042,0,1,48.0,1.0,1,0,0,0,0,0,0,0.0,35,2.466614863702229,3.284607455134392,3.3021755516529083,0,70
candidate,20261042,1,1,-8.0,2.5,0,0,0,0,0,0,0,0.027777777777777776,36,2.473387039370007,3.4731929190456867,4.500271752476692,0,72
candidate,20261042,2,1,-32.0,4.0,0,0,1,24,0,0,0,0.02857142857142857,35,2.3599801851170406,3.0443521216511726,3.2309498637914658,0,70
candidate,20261042,3,1,-8.0,2.5,0,0,0,0,0,0,0,0.02857142857142857,35,2.4349134947572435,3.0355855822563163,6.207676604390144,0,70
candidate,20261043,0,2,57.0,1.0,1,1,0,0,0,0,0,0.041666666666666664,48,2.4863077560439706,3.1739438883960243,5.614114925265312,0,95
candidate,20261043,1,2,33.0,1.0,1,0,0,0,0,0,0,0.0,74,2.6206653313459576,3.9623023942112923,4.213785752654076,0,148
candidate,20261043,2,2,-8.0,2.5,0,0,0,0,0,0,0,0.013888888888888888,72,2.438834092269341,3.1172338873147964,5.577396601438522,0,144
candidate,20261043,3,2,-8.0,2.5,0,0,0,0,0,0,0,0.027777777777777776,72,2.336399086440603,3.0764159746468067,3.1692031770944595,0,144
candidate,20261044,0,1,40.0,1.0,1,0,0,0,0,0,0,0.02040816326530612,49,2.463443850984379,3.1881269067525864,3.404323011636734,0,98
candidate,20261044,1,1,-8.0,2.5,0,0,0,0,0,0,0,0.04081632653061224,49,2.3475580145509873,3.004760295152664,3.090951591730118,0,98
candidate,20261044,2,1,0.0,2.5,0,0,0,0,0,1,0,0.0,87,2.417375237263482,3.3410895615816116,3.482179716229439,0,174
candidate,20261044,3,1,0.0,2.5,0,0,0,0,0,1,1,0.03333333333333333,90,2.3484398507409625,2.8701840899884696,6.55725970864296,0,180
candidate,20261045,0,2,-18.0,4.0,0,0,1,10,0,0,0,0.0,52,2.576170489192009,3.435034118592739,3.7670116871595383,0,104
candidate,20261045,1,2,39.0,1.0,1,0,0,0,0,0,0,0.05084745762711865,59,2.3379910547854537,2.88387518376112,3.174334764480591,0,118
candidate,20261045,2,2,10.0,2.0,0,0,0,0,0,0,0,0.041666666666666664,72,2.3527299571368427,2.73892255499959,7.338380441069603,1,146
candidate,20261045,3,2,-8.0,2.5,0,0,0,0,0,0,0,0.03125,64,2.4562798789702356,3.271072916686535,6.665565073490143,0,129
candidate,20261046,0,0,-22.0,4.0,0,0,1,14,0,0,0,0.03225806451612903,62,2.442465854748603,3.279614821076393,3.39641235768795,0,124
candidate,20261046,1,0,-8.0,2.5,0,0,0,0,0,0,0,0.0,47,2.422511894652184,3.2962972298264503,3.386901691555977,0,94
candidate,20261046,2,0,-8.0,2.5,0,0,0,0,0,0,0,0.0,56,2.4738694275064126,3.5586864687502384,3.6336705088615417,0,112
candidate,20261046,3,0,32.0,1.0,1,0,0,0,0,0,0,0.0196078431372549,51,2.4224578530765046,3.3033937215805054,3.6101508885622025,0,102
candidate,20261047,0,0,-8.0,2.5,0,0,0,0,0,0,0,0.0,54,2.640107060196223,3.7289127707481367,6.171906366944313,0,108
candidate,20261047,1,0,33.0,1.0,1,0,0,0,0,0,0,0.06521739130434782,46,2.304961580945098,2.7377987280488014,3.152068704366684,0,92
candidate,20261047,2,0,33.0,1.0,1,0,0,0,0,0,0,0.017543859649122806,57,2.6932508733711744,4.353585094213486,4.481108859181404,0,114
candidate,20261047,3,0,34.0,1.0,1,0,0,0,0,0,0,0.045454545454545456,44,2.3083539086986673,2.8768474236130714,3.1869877129793167,0,88
candidate,20261048,0,1,-19.0,4.0,0,0,1,11,0,0,0,0.03076923076923077,65,2.394777393111816,2.9798880219459534,3.205709159374237,0,130
candidate,20261048,1,1,-8.0,2.5,0,0,0,0,0,0,0,0.03076923076923077,65,2.350604018339744,3.0752707272768016,3.1941216439008713,0,130
candidate,20261048,2,1,-19.0,3.0,0,0,0,0,0,0,0,0.016666666666666666,60,2.397119253873825,3.1752225942909718,4.273641854524612,0,121
candidate,20261048,3,1,48.0,1.0,1,0,0,0,0,0,0,0.0,37,2.400435960373363,3.3290162682533264,3.3438950777053833,0,74
candidate,20261049,0,2,-16.0,4.0,0,0,1,8,0,0,0,0.046511627906976744,43,2.449462320222411,3.319002129137516,3.3787041902542114,0,86
candidate,20261049,1,2,-8.0,2.5,0,0,0,0,0,0,0,0.044444444444444446,45,2.3495441095696554,3.0017364770174026,3.1546782702207565,0,90
candidate,20261049,2,2,-8.0,2.5,0,0,0,0,0,0,0,0.0,33,2.388534728776325,3.198040649294853,3.20499949157238,0,66
candidate,20261049,3,2,32.0,1.0,1,0,0,0,0,0,0,0.05128205128205128,39,2.3059539783459444,2.97530647367239,3.0489303171634674,0,78
candidate,20261050,0,1,-8.0,2.5,0,0,0,0,0,0,0,0.0,64,2.529599762056023,3.4485282376408577,3.514748066663742,0,128
candidate,20261050,1,1,-8.0,2.5,0,0,0,0,0,0,0,0.0,64,2.4327851133421063,3.27890794724226,3.3610034734010696,0,128
candidate,20261050,2,1,33.0,1.0,1,0,0,0,0,0,0,0.03125,64,2.327936002984643,2.9832194559276104,3.2824818044900894,0,128
candidate,20261050,3,1,32.0,1.0,1,0,0,0,0,0,0,0.013513513513513514,74,2.424860222114099,3.2771154306828976,4.154901951551437,0,148
candidate,20261051,0,3,35.0,1.0,1,0,0,0,0,0,0,0.016129032258064516,62,2.4314897074814765,3.117929305881262,3.2430775463581085,0,124
candidate,20261051,1,3,-19.0,4.0,0,0,1,11,0,0,0,0.03225806451612903,62,2.389521668514898,3.233126737177372,3.276912495493889,0,124
candidate,20261051,2,3,-17.0,3.0,0,0,0,0,0,0,0,0.0,51,2.4293769589241814,3.2783541828393936,3.3355075865983963,0,103
candidate,20261051,3,3,126.0,1.0,1,1,0,0,0,0,0,0.04477611940298507,67,2.3252682676955834,3.267925046384334,3.5667922347784042,0,133
candidate,20261052,0,1,63.0,1.0,1,1,0,0,0,0,0,0.05263157894736842,38,2.433385258834613,3.250834159553051,3.331519663333893,0,75
candidate,20261052,1,1,-8.0,2.5,0,0,0,0,0,0,0,0.021739130434782608,46,2.450880189628705,3.4370427019894123,3.5117920488119125,0,92
candidate,20261052,2,1,39.0,1.0,1,0,0,0,0,0,0,0.043478260869565216,46,2.3212152654710025,2.9863431118428707,3.239840269088745,0,92
candidate,20261052,3,1,-8.0,2.5,0,0,0,0,0,0,0,0.045454545454545456,44,2.363503190942786,3.16716730594635,3.31277959048748,0,88
candidate,20261053,0,0,-17.0,4.0,0,0,1,9,0,0,0,0.037037037037037035,27,2.4687147664803044,3.288063406944275,3.3506006002426147,0,55
candidate,20261053,1,0,-8.0,2.5,0,0,0,0,0,0,0,0.0,31,2.413219862407254,3.2070688903331757,3.406202420592308,0,63
candidate,20261053,2,0,33.0,1.0,1,0,0,0,0,0,0,0.0967741935483871,31,2.3263174319459545,3.1249672174453735,3.1456798315048218,0,63
candidate,20261053,3,0,-8.0,2.5,0,0,0,0,0,0,0,0.03125,32,2.3910580202937126,3.114101570099592,3.162810578942299,0,63
candidate,20261054,0,3,-19.0,4.0,0,0,1,11,0,0,0,0.05,40,2.4549006950110197,3.326235618442297,3.4160111099481583,0,80
candidate,20261054,1,3,-8.0,2.5,0,0,0,0,0,0,0,0.05,40,2.3247691337019205,2.88462545722723,3.1046662479639053,0,80
candidate,20261054,2,3,35.0,1.0,1,0,0,0,0,0,0,0.0,40,2.441673679277301,3.5493193194270134,3.6555491387844086,0,80
candidate,20261054,3,3,-8.0,2.5,0,0,0,0,0,0,0,0.058823529411764705,34,2.3683932993341896,3.2257603481411934,3.262486308813095,0,68
candidate,20261055,0,3,57.0,1.0,1,1,0,0,0,0,0,0.03333333333333333,60,2.4725882026056447,3.35969515144825,3.480657935142517,0,119
candidate,20261055,1,3,-21.0,3.0,0,0,0,0,0,0,0,0.0,59,2.4954981912495726,3.546060062944889,3.6160871386528015,0,119
candidate,20261055,2,3,-21.0,3.0,0,0,0,0,0,0,0,0.031746031746031744,63,2.3557387647174655,3.078301064670086,3.2483916729688644,0,127
candidate,20261055,3,3,56.0,1.0,1,0,0,0,0,0,0,0.0,86,2.521759960367236,3.3850977197289467,4.554117098450661,0,172
candidate,20261056,0,1,-8.0,2.5,0,0,0,0,0,0,0,0.02,50,2.5127092376351357,3.1580347567796707,6.117032840847969,0,100
candidate,20261056,1,1,35.0,1.0,1,0,0,0,0,0,0,0.021739130434782608,46,2.426290641660276,3.2636658288538456,4.130885004997253,0,92
candidate,20261056,2,1,-28.0,3.0,0,0,0,0,0,0,0,0.018867924528301886,53,2.414362153635835,3.0268538743257523,6.110930815339088,0,107
candidate,20261056,3,1,54.0,1.0,1,1,0,0,0,0,0,0.04,50,2.425251640379429,3.058719914406538,5.978945642709732,0,99
candidate,20261057,0,3,-16.0,3.0,0,0,0,0,0,0,0,0.03636363636363636,55,2.555192532864484,3.3397397026419635,5.974592640995979,0,111
candidate,20261057,1,3,-16.0,3.0,0,0,0,0,0,0,0,0.03508771929824561,57,2.3993927854717825,3.019038215279578,3.38667631149292,0,115
candidate,20261057,2,3,48.0,1.0,1,1,0,0,0,0,0,0.034482758620689655,58,2.4717999301080047,3.1723162159323692,8.145127445459366,0,115
candidate,20261057,3,3,37.0,1.0,1,0,0,0,0,0,0,0.03571428571428571,56,2.3130913863756826,2.9228259809315205,3.131948411464691,0,112
candidate,20261058,0,2,34.0,1.0,1,0,0,0,0,0,0,0.02564102564102564,39,2.597497203029119,3.545728325843811,5.366113036870956,0,78
candidate,20261058,1,2,-8.0,2.5,0,0,0,0,0,0,0,0.02127659574468085,47,2.5836780984350978,3.4128908067941666,8.49890150129795,0,94
candidate,20261058,2,2,-16.0,4.0,0,0,1,8,0,0,0,0.0,67,2.4559286826137288,3.3411210402846336,3.822527825832367,0,134
candidate,20261058,3,2,32.0,1.0,1,0,0,0,0,0,0,0.05,40,2.3813276551663876,3.2449638471007347,3.3474210649728775,0,80
candidate,20261059,0,1,35.0,1.0,1,0,0,0,0,0,0,0.06060606060606061,33,2.4331148262276794,3.2480470836162567,3.260614350438118,0,66
candidate,20261059,1,1,40.0,1.0,1,0,0,0,0,0,0,0.0,44,2.5451764549044045,3.8193016313016415,3.9303600788116455,0,88
candidate,20261059,2,1,-8.0,2.5,0,0,0,0,0,0,0,0.019230769230769232,52,2.344162704852911,3.0433936044573784,3.16556915640831,0,104
candidate,20261059,3,1,-23.0,3.0,0,0,0,0,0,0,0,0.11764705882352941,34,2.2985611439627758,2.9412040486931796,3.147874027490616,0,69
candidate,20261060,0,1,-8.0,2.5,0,0,0,0,0,0,0,0.0,48,2.50962368833522,3.2986318692564964,3.4202951937913895,0,96
candidate,20261060,1,1,34.0,1.0,1,0,0,0,0,0,0,0.016666666666666666,60,2.4574972689151764,3.3902212977409363,3.4695807844400406,0,120
candidate,20261060,2,1,-18.0,3.0,0,0,0,0,0,0,0,0.0,75,2.473627875248591,3.371754102408886,7.56017304956913,0,151
candidate,20261060,3,1,-8.0,2.5,0,0,0,0,0,0,0,0.0,63,2.417305898335245,3.4011943265795708,3.4700334072113037,0,126
candidate,20261061,0,3,42.0,1.0,1,0,0,0,0,0,0,0.017857142857142856,56,2.4466307035514285,3.314834553748369,3.350336104631424,0,112
candidate,20261061,1,3,-8.0,2.5,0,0,0,0,0,0,0,0.03125,64,2.3282062029466033,2.853920590132475,3.077864646911621,0,128
candidate,20261061,2,3,-8.0,2.5,0,0,0,0,0,0,0,0.04081632653061224,49,2.3502361181439184,3.2473787665367126,3.269888460636139,0,98
candidate,20261061,3,3,-8.0,2.5,0,0,0,0,0,0,0,0.0,55,2.4882518432357092,3.628547303378582,3.8111545145511627,0,110
candidate,20261062,0,1,-21.0,3.0,0,0,0,0,0,0,0,0.02631578947368421,76,2.4392904566698954,3.102960530668497,3.216957673430443,0,153
candidate,20261062,1,1,-21.0,3.0,0,0,0,0,0,0,0,0.02,50,2.3758015036582947,3.0782365240156646,3.215853124856949,0,101
candidate,20261062,2,1,-19.0,3.0,0,0,0,0,0,0,0,0.0,46,2.4285330639585205,3.36579792201519,3.420894965529442,0,93
candidate,20261062,3,1,-19.0,3.0,0,0,0,0,0,0,0,0.022727272727272728,44,2.3898548785258424,3.2222930341959,3.3087581396102905,0,89
candidate,20261063,0,0,-8.0,2.5,0,0,0,0,0,0,0,0.0,34,2.4496713543639466,3.2852433621883392,3.348933532834053,0,68
candidate,20261063,1,0,33.0,1.0,1,0,0,0,0,0,0,0.08823529411764706,34,2.338458510006175,3.1377301551401615,3.203604370355606,0,68
candidate,20261063,2,0,-17.0,4.0,0,0,1,9,0,0,0,0.0,34,2.4225033052703915,3.2829849049448967,3.3401474356651306,0,68
candidate,20261063,3,0,-8.0,2.5,0,0,0,0,0,0,0,0.029411764705882353,34,2.387412768952987,3.323435876518488,3.3683478832244873,0,68
candidate,20261064,0,3,34.0,1.0,1,0,0,0,0,0,0,0.019230769230769232,52,2.448616549372673,3.338400367647409,3.5055596381425858,0,104
candidate,20261064,1,3,-17.0,3.0,0,0,0,0,0,0,0,0.046875,64,2.339742350159213,2.8591164387762547,3.135155886411667,0,129
candidate,20261064,2,3,-16.0,3.0,0,0,0,0,0,0,0,0.0136986301369863,73,2.4031713758021187,3.015182539820671,6.9644879549741745,0,147
candidate,20261064,3,3,-18.0,3.0,0,0,0,0,0,0,0,0.0,51,2.467635726811839,3.569674678146839,4.80320118367672,0,103
candidate,20261065,0,1,-8.0,2.5,0,0,0,0,0,0,0,0.0,47,2.7502800952246846,4.3002881109714455,6.314046680927277,0,94
candidate,20261065,1,1,32.0,1.0,1,0,0,0,0,0,0,0.02127659574468085,47,2.410912529585209,3.1545786187052727,3.55733186006546,0,94
candidate,20261065,2,1,-16.0,4.0,0,0,1,8,0,0,0,0.0,18,2.3922018913759127,3.3026068471372128,3.350827842950821,0,36
candidate,20261065,3,1,-8.0,2.5,0,0,0,0,0,0,0,0.0425531914893617,47,2.3683946421171758,3.0589280650019646,3.1714793294668198,0,94
candidate,20261066,0,1,-28.0,4.0,0,0,1,20,0,0,0,0.06060606060606061,33,2.3988166428876645,2.952701225876808,3.170536831021309,0,66
candidate,20261066,1,1,44.0,1.0,1,0,0,0,0,0,0,0.030303030303030304,33,2.486476053794225,3.440849483013153,3.45408171415329,0,66
candidate,20261066,2,1,-8.0,2.5,0,0,0,0,0,0,0,0.06060606060606061,33,2.3668153832356134,3.2408658415079117,3.25196236371994,0,66
candidate,20261066,3,1,-8.0,2.5,0,0,0,0,0,0,0,0.030303030303030304,33,2.566622231494297,4.241821542382237,7.8365858644247055,0,66
candidate,20261067,0,2,-8.0,2.5,0,0,0,0,0,0,0,0.05454545454545454,55,2.371022410013459,2.9100775718688965,3.0518434941768646,0,110
candidate,20261067,1,2,-27.0,4.0,0,0,1,19,0,0,0,0.05263157894736842,57,2.4305994442680428,3.272371366620064,3.7356410175561905,0,114
candidate,20261067,2,2,-8.0,2.5,0,0,0,0,0,0,0,0.03636363636363636,55,2.3890617896210062,3.202272206544876,3.270205110311508,0,110
candidate,20261067,3,2,33.0,1.0,1,0,0,0,0,0,0,0.01818181818181818,55,2.446886422959241,3.4475486725568767,4.086444154381752,0,110
candidate,20261068,0,2,-22.0,4.0,0,0,1,14,0,0,0,0.037037037037037035,27,2.524058438009686,3.273880109190941,3.880869597196579,0,54
candidate,20261068,1,2,-8.0,2.5,0,0,0,0,0,0,0,0.08695652173913043,23,2.3175371891778447,2.8553569689393044,3.199055790901184,0,46
candidate,20261068,2,2,33.0,1.0,1,0,0,0,0,0,0,0.045454545454545456,44,2.2945481521839444,2.8351702727377415,2.9785223305225372,0,88
candidate,20261068,3,2,-8.0,2.5,0,0,0,0,0,0,0,0.0,23,2.449152343299078,3.308999538421631,3.3254697918891907,0,46
candidate,20261069,0,1,-19.0,4.0,0,0,1,11,0,0,0,0.028169014084507043,71,2.363079135686579,2.8421832248568535,3.1689703464508057,0,142
candidate,20261069,1,1,-8.0,2.5,0,0,0,0,0,0,0,0.014084507042253521,71,2.4934841031339805,3.530438058078289,3.6004427820444107,0,142
candidate,20261069,2,1,-8.0,2.5,0,0,0,0,0,0,0,0.03225806451612903,62,2.363218114741387,3.2165897078812122,3.330143168568611,0,124
candidate,20261069,3,1,-19.0,3.0,0,0,0,0,0,0,0,0.04,50,2.3288482427597046,3.088936675339937,3.1582266092300415,0,101
candidate,20261070,0,3,-89.0,3.0,0,0,0,0,0,0,0,0.0,69,2.459158958948177,3.2626546919345856,3.496779128909111,0,139
candidate,20261070,1,3,-26.0,3.0,0,0,0,0,0,0,0,0.029411764705882353,68,2.3942662074285397,3.1367269344627857,3.2363571226596832,0,137
candidate,20261070,2,3,36.0,1.0,1,0,0,0,0,0,0,0.023529411764705882,85,2.3337101892513386,2.9517289251089096,3.2243169844150543,0,170
candidate,20261070,3,3,99.0,1.0,1,1,0,0,0,0,0,0.0,48,2.3984812820951142,3.194332215934992,3.2985229045152664,0,95
candidate,20261071,0,3,-8.0,2.5,0,0,0,0,0,0,0,0.023255813953488372,43,2.5291345407103383,3.568190522491932,3.82235087454319,0,86
candidate,20261071,1,3,-16.0,3.0,0,0,0,0,0,0,0,0.06153846153846154,65,2.3373433030568638,2.905729040503502,3.2163280993700027,0,131
candidate,20261071,2,3,41.0,1.0,1,0,0,0,0,0,0,0.018867924528301886,53,2.3956393014709905,3.1783241778612137,3.250017762184143,0,106
candidate,20261071,3,3,-16.0,3.0,0,0,0,0,0,0,0,0.047619047619047616,42,2.343743063864254,2.942472044378519,3.170458599925041,0,85
candidate,20261072,0,0,10.0,2.0,0,0,0,0,0,0,0,0.017241379310344827,58,2.4445157112746405,3.2548426650464535,3.3401399850845337,1,117
candidate,20261072,1,0,-8.0,2.5,0,0,0,0,0,0,0,0.022222222222222223,45,2.395532156030337,3.064257651567459,3.427686169743538,0,90
candidate,20261072,2,0,53.0,1.0,1,0,0,0,0,0,0,0.017543859649122806,57,2.377397821922051,3.1296182423830032,3.307100385427475,0,114
candidate,20261072,3,0,33.0,1.0,1,0,0,0,0,0,0,0.03278688524590164,61,2.3151376880094654,3.0827876180410385,3.223750740289688,0,122
candidate,20261073,0,1,-21.0,3.0,0,0,0,0,0,0,0,0.0,18,2.4710282062490783,3.175379242748022,3.2006558030843735,0,37
candidate,20261073,1,1,-21.0,3.0,0,0,0,0,0,0,0,0.0,18,2.4500230534209146,3.2252744771540165,3.2380782067775726,0,37
candidate,20261073,2,1,63.0,1.0,1,1,0,0,0,0,0,0.0,19,2.4271313297121146,3.5294320434331894,3.5328418016433716,0,37
candidate,20261073,3,1,-21.0,3.0,0,0,0,0,0,0,0,0.0,18,2.3689175852470927,3.2011975534260273,3.2213665544986725,0,37
candidate,20261074,0,1,-8.0,2.5,0,0,0,0,0,0,0,0.0,56,2.612052285777671,3.6492403596639633,3.7094634026288986,0,112
candidate,20261074,1,1,-16.0,4.0,0,0,1,8,0,0,0,0.017857142857142856,56,2.423426169635994,3.160483669489622,3.1801238656044006,0,112
candidate,20261074,2,1,-8.0,2.5,0,0,0,0,0,0,0,0.03571428571428571,56,2.4701271738324846,3.221043385565281,6.970906630158424,0,112
candidate,20261074,3,1,32.0,1.0,1,0,0,0,0,0,0,0.018518518518518517,54,2.440089773800638,3.6093018949031825,3.884498029947281,0,108
candidate,20261075,0,0,-8.0,2.5,0,0,0,0,0,0,0,0.023809523809523808,42,2.425099368251505,3.2061576843261714,3.252169117331505,0,84
candidate,20261075,1,0,32.0,1.0,1,0,0,0,0,0,0,0.047619047619047616,42,2.4754844960712252,3.1849635764956474,7.211163640022278,0,84
candidate,20261075,2,0,-8.0,2.5,0,0,0,0,0,0,0,0.0,42,2.4559775899563516,3.4452570602297783,3.4699905663728714,0,84
candidate,20261075,3,0,-8.0,2.5,0,0,0,0,0,0,0,0.0,41,2.443813877861674,3.3133793622255325,4.658915102481842,0,82
candidate,20261076,0,3,-20.0,3.0,0,0,0,0,0,0,0,0.01694915254237288,59,2.4846696563191335,3.2547710463404655,4.343792796134949,0,119
candidate,20261076,1,3,-8.0,2.5,0,0,0,0,0,0,0,0.0,44,2.536061854863709,3.6310807801783085,3.909129649400711,0,88
candidate,20261076,2,3,-8.0,2.5,0,0,0,0,0,0,0,0.022727272727272728,44,2.3627542805942623,3.091417718678713,3.1125620007514954,0,88
candidate,20261076,3,3,-20.0,3.0,0,0,0,0,0,0,0,0.0,40,2.467738976702094,3.4442977979779243,3.573235124349594,0,81
candidate,20261077,0,0,-8.0,2.5,0,0,0,0,0,0,0,0.0,84,2.5127981789410114,3.223531600087881,5.643200129270554,0,168
candidate,20261077,1,0,-8.0,2.5,0,0,0,0,0,0,0,0.05172413793103448,58,2.3434896278997948,2.7184054255485535,6.713876500725746,0,116
candidate,20261077,2,0,-8.0,2.5,0,0,0,0,0,0,0,0.017857142857142856,56,2.3636971932968924,3.0405335128307343,3.097187727689743,0,112
candidate,20261077,3,0,-17.0,4.0,0,0,1,9,0,0,0,0.0,40,2.481097402051091,3.497947286814451,3.772703930735588,0,81
candidate,20261078,0,3,-8.0,2.5,0,0,0,0,0,0,0,0.021739130434782608,46,2.3743892493455308,2.9152161441743374,3.1528323888778687,0,92
candidate,20261078,1,3,-30.0,4.0,0,0,1,22,0,0,0,0.06521739130434782,46,2.3515337835187498,3.0580037273466587,3.1366273760795593,0,92
candidate,20261078,2,3,46.0,1.0,1,0,0,0,0,0,0,0.043478260869565216,46,2.372145976709283,3.098385874181986,3.277461975812912,0,92
candidate,20261078,3,3,-8.0,2.5,0,0,0,0,0,0,0,0.06521739130434782,46,2.3792758179099662,3.0543850734829903,5.207877606153488,0,92
candidate,20261079,0,2,-22.0,3.0,0,0,0,0,0,0,0,0.03125,32,2.4245461099781096,3.0484777875244617,3.242475911974907,0,65
candidate,20261079,1,2,66.0,1.0,1,1,0,0,0,0,0,0.0,33,2.4639989503405313,3.4731458872556686,3.531530499458313,0,65
candidate,20261079,2,2,-22.0,3.0,0,0,0,0,0,0,0,0.03125,32,2.40388885140419,3.3063442446291447,3.4113358706235886,0,65
candidate,20261079,3,2,-22.0,3.0,0,0,0,0,0,0,0,0.03125,32,2.3376268218271434,3.203403390944004,3.2701529562473297,0,65
candidate,20261080,0,2,44.0,1.0,1,0,0,0,0,0,0,0.03125,32,2.5081888888962567,3.38685754686594,3.421744331717491,0,64
candidate,20261080,1,2,-16.0,4.0,0,0,1,8,0,0,0,0.05263157894736842,57,2.3528949537298134,2.946639433503151,3.225419670343399,0,114
candidate,20261080,2,2,0.0,2.5,0,0,0,0,0,1,1,0.03529411764705882,85,2.3408585173242233,2.9620498418807983,2.9955003410577774,0,170
candidate,20261080,3,2,-18.0,4.0,0,0,1,10,0,0,0,0.0,62,2.4213870206186847,3.3120479434728622,3.4242328256368637,0,124
candidate,20261081,0,2,-8.0,2.5,0,0,0,0,0,0,0,0.0,47,2.4623681414634624,3.292378224432468,3.356257453560829,0,95
candidate,20261081,1,2,-21.0,3.0,0,0,0,0,0,0,0,0.02857142857142857,70,2.3908608726092746,3.0394262634217735,4.6003833413124084,0,140
candidate,20261081,2,2,-8.0,2.5,0,0,0,0,0,0,0,0.022222222222222223,45,2.3570729626549616,3.1759481877088542,3.2502394169569016,0,91
candidate,20261081,3,2,60.0,1.0,1,1,0,0,0,0,0,0.0,52,2.529192680063156,3.8297085091471668,3.974488005042076,0,104
candidate,20261082,0,0,-28.0,3.0,0,0,0,0,0,0,0,0.024390243902439025,41,2.4810360699165157,3.280969336628914,3.2885540276765823,0,83
candidate,20261082,1,0,45.0,1.0,1,0,0,0,0,0,0,0.0,49,2.5674353676791095,3.9516288787126537,4.006939008831978,0,98
candidate,20261082,2,0,-28.0,3.0,0,0,0,0,0,0,0,0.0,41,2.4641640938636735,3.322431817650795,3.5029910504817963,0,83
candidate,20261082,3,0,-8.0,2.5,0,0,0,0,0,0,0,0.02040816326530612,49,2.383817937605235,3.1784635037183757,3.2971668988466263,0,98
candidate,20261083,0,3,-33.0,3.0,0,0,0,0,0,0,0,0.0,58,2.534069795289944,3.5488903522491455,3.8085803389549255,0,117
candidate,20261083,1,3,-33.0,3.0,0,0,0,0,0,0,0,0.0,58,2.572514020420354,3.8672775961458683,3.887910395860672,0,117
candidate,20261083,2,3,99.0,1.0,1,1,0,0,0,0,0,0.0,59,2.397304085099091,3.262176550924778,3.324124962091446,0,117
candidate,20261083,3,3,-33.0,3.0,0,0,0,0,0,0,0,0.017241379310344827,58,2.394385892769386,3.105298988521099,3.691425547003746,0,117
candidate,20261084,0,2,-30.0,4.0,0,0,0,0,0,0,0,0.04838709677419355,62,2.4100783311070932,3.1834183260798454,3.3459849655628204,1,123
candidate,20261084,1,2,39.0,1.0,1,0,0,0,0,0,0,0.08333333333333333,60,2.3404331567386785,3.1681032851338387,4.114056006073952,0,120
candidate,20261084,2,2,32.0,1.0,1,0,0,0,0,0,0,0.0,48,2.4764988338574767,3.5740156657993793,4.036052152514458,0,96
candidate,20261084,3,2,54.0,1.0,1,1,0,0,0,0,0,0.0,42,2.9263060894750414,4.784371703863144,5.838068202137947,0,83
candidate,20261085,0,2,60.0,1.0,1,1,0,0,0,0,0,0.0,44,2.608792729337107,3.5383631475269794,4.937300458550453,0,87
candidate,20261085,1,2,-20.0,3.0,0,0,0,0,0,0,0,0.0,43,2.4446419245281885,3.328457660973072,3.3427532762289047,0,87
candidate,20261085,2,2,-20.0,3.0,0,0,0,0,0,0,0,0.06976744186046512,43,2.3714711586403294,3.147795982658863,3.234654664993286,0,87
candidate,20261085,3,2,-20.0,3.0,0,0,0,0,0,0,0,0.0,44,2.4809727275913414,3.3970405347645283,3.5310033708810806,0,89
candidate,20261086,0,0,43.0,1.0,1,0,0,0,0,0,0,0.02564102564102564,39,2.4092566604033494,2.8944857418537144,3.4776832908391953,0,78
candidate,20261086,1,0,-8.0,2.5,0,0,0,0,0,0,0,0.023255813953488372,43,2.522176348192747,3.523426502943039,3.8841888308525085,0,86
candidate,20261086,2,0,-27.0,4.0,0,0,1,19,0,0,0,0.02564102564102564,39,2.4480212193268995,3.117222897708416,3.705846145749092,0,78
candidate,20261086,3,0,-8.0,2.5,0,0,0,0,0,0,0,0.02564102564102564,39,2.379245196397488,3.0305763706564903,3.1801071017980576,0,78
candidate,20261087,0,3,-8.0,2.5,0,0,0,0,0,0,0,0.07142857142857142,42,2.4094429044496444,3.0028994195163246,3.452213481068611,0,84
candidate,20261087,1,3,-26.0,3.0,0,0,0,0,0,0,0,0.0,54,2.5583569788270526,3.669060952961445,3.9685722440481186,0,109
candidate,20261087,2,3,78.0,1.0,1,1,0,0,0,0,0,0.0,55,2.4694117294116453,3.484218381345272,3.826126456260681,0,109
candidate,20261087,3,3,-8.0,2.5,0,0,0,0,0,0,0,0.0,47,2.421128305983036,3.3384619280695915,3.399265930056572,0,94
candidate,20261088,0,1,-19.0,4.0,0,0,1,11,0,0,0,0.05555555555555555,36,2.4299127463665275,3.0165477655828,3.2516755163669586,0,72
candidate,20261088,1,1,-8.0,2.5,0,0,0,0,0,0,0,0.0,34,2.5222052765243195,3.4167662262916565,3.5479310899972916,0,68
candidate,20261088,2,1,-31.0,3.0,0,0,0,0,0,0,0,0.0,47,2.4885073541960816,3.49697582423687,3.540419042110443,0,95
candidate,20261088,3,1,93.0,1.0,1,1,0,0,0,0,0,0.0,51,2.506747001818582,3.781229257583618,4.107978194952011,0,101
candidate,20261089,0,1,-17.0,4.0,0,0,1,9,0,0,0,0.02,50,2.5203394144773483,3.3599039539694786,3.4815631806850433,0,100
candidate,20261089,1,1,-8.0,2.5,0,0,0,0,0,0,0,0.03773584905660377,53,2.37330010617679,2.9524050652980804,3.25743667781353,0,106
candidate,20261089,2,1,33.0,1.0,1,0,0,0,0,0,0,0.057692307692307696,52,2.347615296737506,3.206881321966648,3.2826028764247894,0,104
candidate,20261089,3,1,-8.0,2.5,0,0,0,0,0,0,0,0.0,51,2.4419018231770573,3.2849377021193504,3.3097490668296814,0,102
candidate,20261090,0,3,51.0,1.0,1,1,0,0,0,0,0,0.047619047619047616,21,2.4803573531763896,3.3379849046468735,3.4577641636133194,0,41
candidate,20261090,1,3,-17.0,3.0,0,0,0,0,0,0,0,0.0,20,2.464170102030039,3.337492048740387,3.3645443618297577,0,41
candidate,20261090,2,3,-17.0,3.0,0,0,0,0,0,0,0,0.0,20,2.5056177750229836,3.626207541674376,3.939317539334297,0,41
candidate,20261090,3,3,-17.0,3.0,0,0,0,0,0,0,0,0.0,20,2.4212668649852276,3.3232702873647213,3.333786502480507,0,41
candidate,20261091,0,1,-26.0,3.0,0,0,0,0,0,0,0,0.03278688524590164,61,2.3878274149582035,3.1746067106723785,3.20599228143692,0,123
candidate,20261091,1,1,-26.0,3.0,0,0,0,0,0,0,0,0.06557377049180328,61,2.381686365506688,3.105776384472847,3.1287167221307755,0,123
candidate,20261091,2,1,75.0,1.0,1,1,0,0,0,0,0,0.0273972602739726,73,2.3552255883608777,3.170348703861236,3.3002104610204697,0,145
candidate,20261091,3,1,38.0,1.0,1,0,0,0,0,0,0,0.0784313725490196,51,2.3167943034101937,3.169447183609009,3.2951943576335907,0,102
candidate,20261092,0,3,34.0,1.0,1,0,0,0,0,0,0,0.024390243902439025,41,2.500803959442348,3.318618983030319,3.370927646756172,0,82
candidate,20261092,1,3,-8.0,2.5,0,0,0,0,0,0,0,0.0,45,2.473925343818135,3.494618833065033,3.6467760801315308,0,90
candidate,20261092,2,3,-17.0,4.0,0,0,1,9,0,0,0,0.044444444444444446,45,2.360748623808225,3.2290898263454437,3.302512690424919,0,90
candidate,20261092,3,3,-8.0,2.5,0,0,0,0,0,0,0,0.06666666666666667,45,2.322323785887824,2.936510741710663,3.1748320907354355,0,90
candidate,20261093,0,1,-16.0,4.0,0,0,1,8,0,0,0,0.037037037037037035,27,2.4093978658870414,2.8043046593666077,3.2872799783945084,0,54
candidate,20261093,1,1,-16.0,3.0,0,0,0,0,0,0,0,0.0,26,2.4900220047969084,3.334946930408478,3.445493057370186,0,53
candidate,20261093,2,1,-16.0,3.0,0,0,0,0,0,0,0,0.038461538461538464,26,2.4829073450886288,3.4220884554088116,3.4767761826515198,0,53
candidate,20261093,3,1,48.0,1.0,1,1,0,0,0,0,0,0.037037037037037035,27,2.3439505171996577,3.3107172697782516,3.3507607877254486,0,53
candidate,20261094,0,1,-8.0,2.5,0,0,0,0,0,0,0,0.025,40,2.46258107945323,3.2633724622428417,3.3503249287605286,0,80
candidate,20261094,1,1,48.0,1.0,1,1,0,0,0,0,0,0.02,50,2.4426013603806496,3.2705727033317085,3.6190617829561234,0,99
candidate,20261094,2,1,-8.0,2.5,0,0,0,0,0,0,0,0.0,40,2.4418854154646397,3.2854432240128513,3.44204343855381,0,80
candidate,20261094,3,1,-16.0,3.0,0,0,0,0,0,0,0,0.0,49,2.535809629729816,3.465861827135086,4.100866615772247,0,99
candidate,20261095,0,0,54.0,1.0,1,1,0,0,0,0,0,0.017543859649122806,57,2.5287530662720665,3.3953290432691574,3.5888534039258957,0,113
candidate,20261095,1,0,57.0,1.0,1,1,0,0,0,0,0,0.06451612903225806,62,2.3807167045531736,3.0700957402586937,3.206457942724228,0,123
candidate,20261095,2,0,-19.0,3.0,0,0,0,0,0,0,0,0.03278688524590164,61,2.4569214733897664,3.277847543358803,3.8161873817443848,0,123
candidate,20261095,3,0,-19.0,3.0,0,0,0,0,0,0,0,0.0,61,2.621664314484987,3.897259011864662,4.0634386241436005,0,123
candidate,20261096,0,0,-8.0,2.5,0,0,0,0,0,0,0,0.041666666666666664,48,2.5369541253894567,3.3642188645899296,3.480551764369011,0,96
candidate,20261096,1,0,38.0,1.0,1,0,0,0,0,0,0,0.0625,48,2.4075963689635196,3.112226072698831,3.498384729027748,0,96
candidate,20261096,2,0,-8.0,2.5,0,0,0,0,0,0,0,0.013513513513513514,74,2.455199942798228,3.3399767242372036,3.7974119186401367,0,148
candidate,20261096,3,0,-22.0,4.0,0,0,1,14,0,0,0,0.020833333333333332,48,2.5047390178466835,3.469522949308157,3.6952663213014603,0,96
candidate,20261097,0,1,-17.0,4.0,0,0,1,9,0,0,0,0.07142857142857142,28,2.4480117884065424,3.2079171389341354,3.2904427498579025,0,56
candidate,20261097,1,1,-8.0,2.5,0,0,0,0,0,0,0,0.07407407407407407,27,2.433981677448308,3.1733114272356033,3.388265147805214,0,54
candidate,20261097,2,1,38.0,1.0,1,0,0,0,0,0,0,0.041666666666666664,24,2.4365040007978678,3.2790864817798133,3.3331159502267838,0,48
candidate,20261097,3,1,-17.0,4.0,0,0,1,9,0,0,0,0.037037037037037035,27,2.3749163029370486,3.1140269711613655,3.247920423746109,0,54
candidate,20261098,0,3,-8.0,2.5,0,0,0,0,0,0,0,0.024390243902439025,82,2.475669652950473,3.3014753833413124,4.232302308082581,0,164
candidate,20261098,1,3,0.0,2.5,0,0,0,0,0,1,0,0.023255813953488372,86,2.3866753895268884,3.036969806998968,3.313906490802765,0,172
candidate,20261098,2,3,102.0,1.0,1,1,0,0,0,0,0,0.0,55,2.433507889509201,3.3735068514943123,3.4213680773973465,0,109
candidate,20261098,3,3,-8.0,2.5,0,0,0,0,0,0,0,0.02531645569620253,79,2.3664753365365763,3.1238086521625514,4.728745669126511,0,158
candidate,20261099,0,2,-26.0,3.0,0,0,0,0,0,0,0,0.0,55,2.6292953978885305,3.540226072072983,6.957296282052994,0,111
candidate,20261099,1,2,78.0,1.0,1,1,0,0,0,0,0,0.017857142857142856,56,2.4762789918375865,3.5511665046215057,3.6388691514730453,0,111
candidate,20261099,2,2,-8.0,2.5,0,0,0,0,0,0,0,0.015151515151515152,66,2.414377011132963,3.159123472869396,3.3301319926977158,0,132
candidate,20261099,3,2,34.0,1.0,1,0,0,0,0,0,0,0.058823529411764705,51,2.3768612494071326,3.1267069280147552,4.721628502011299,0,102
candidate,20261100,0,1,10.0,2.0,0,0,0,0,0,0,0,0.022727272727272728,44,2.6122883639552374,3.540043067187071,3.5835038870573044,1,89
candidate,20261100,1,1,-28.0,4.0,0,0,1,20,0,0,0,0.05555555555555555,36,2.656430575168795,3.9554410614073277,4.146352410316467,0,72
candidate,20261100,2,1,-8.0,2.5,0,0,0,0,0,0,0,0.05555555555555555,36,2.413810541232427,3.025584854185581,4.376336932182312,0,72
candidate,20261100,3,1,-8.0,2.5,0,0,0,0,0,0,0,0.027777777777777776,36,2.355543120453755,3.0156299471855164,3.0445829033851624,0,72
candidate,20261101,0,2,-8.0,2.5,0,0,0,0,0,0,0,0.021739130434782608,46,2.487542229178159,3.4186108969151974,3.4810900688171387,0,92
candidate,20261101,1,2,-8.0,2.5,0,0,0,0,0,0,0,0.021739130434782608,46,2.4718485124733136,3.2952092587947845,3.3226385712623596,0,92
candidate,20261101,2,2,34.0,1.0,1,0,0,0,0,0,0,0.043478260869565216,46,2.3977647980918055,3.299908246845007,4.1756462305784225,0,92
candidate,20261101,3,2,-18.0,4.0,0,0,1,10,0,0,0,0.0,46,2.5481416884323824,3.653735388070345,4.572512581944466,0,92
candidate,20261102,0,2,-8.0,2.5,0,0,0,0,0,0,0,0.02857142857142857,70,2.5958598724433353,3.7238596938550472,4.554659128189087,0,140
candidate,20261102,1,2,38.0,1.0,1,0,0,0,0,0,0,0.039473684210526314,76,2.334342240110824,2.9020016081631184,3.115171566605568,0,152
candidate,20261102,2,2,-8.0,2.5,0,0,0,0,0,0,0,0.028985507246376812,69,2.4292027388793835,3.2334543764591213,3.462068736553192,0,138
candidate,20261102,3,2,-8.0,2.5,0,0,0,0,0,0,0,0.03636363636363636,55,2.406226098537445,3.393346816301346,3.4594163298606873,0,110
candidate,20261103,0,1,-18.0,4.0,0,0,1,10,0,0,0,0.028169014084507043,71,2.418270859290177,3.1552938744425774,3.2612401992082596,0,142
candidate,20261103,1,1,-8.0,2.5,0,0,0,0,0,0,0,0.014925373134328358,67,2.4065995005084506,3.1081955879926673,3.7757977843284607,0,134
candidate,20261103,2,1,-8.0,2.5,0,0,0,0,0,0,0,0.030303030303030304,66,2.3434133071339494,3.0261334031820297,3.1263958662748337,0,132
candidate,20261103,3,1,34.0,1.0,1,0,0,0,0,0,0,0.029850746268656716,67,2.3938699889538895,3.139353357255459,3.268269822001457,0,134
candidate,20261104,0,1,-8.0,2.5,0,0,0,0,0,0,0,0.043478260869565216,46,2.421175899065059,3.2224138267338276,3.3019836992025375,0,92
candidate,20261104,1,1,-17.0,4.0,0,0,1,9,0,0,0,0.0,38,2.468203733626165,3.3475421369075775,4.170931875705719,0,76
candidate,20261104,2,1,35.0,1.0,1,0,0,0,0,0,0,0.047619047619047616,42,2.457898065802597,3.533874731510875,4.652796313166618,0,84
candidate,20261104,3,1,-17.0,4.0,0,0,1,9,0,0,0,0.0,40,2.5590294040739536,3.546776063740253,3.7471968680620193,0,80
candidate,20261105,0,2,-8.0,2.5,0,0,0,0,0,0,0,0.022222222222222223,45,2.4788685970836215,3.315761312842369,3.4901387989521027,0,90
candidate,20261105,1,2,-32.0,4.0,0,0,1,24,0,0,0,0.044444444444444446,45,2.3745524800486035,2.944375202059746,3.0660033226013184,0,90
candidate,20261105,2,2,-20.0,4.0,0,0,1,12,0,0,0,0.05555555555555555,54,2.3760547930443727,3.2392365857958794,3.5019833594560623,0,108
candidate,20261105,3,2,35.0,1.0,1,0,0,0,0,0,0,0.038461538461538464,52,2.397966857713002,3.221812192350626,3.2758917659521103,0,104
candidate,20261106,0,1,-8.0,2.5,0,0,0,0,0,0,0,0.0,41,2.6343652478805404,3.6353599280118942,4.33015264570713,0,82
candidate,20261106,1,1,-8.0,2.5,0,0,0,0,0,0,0,0.015625,64,2.459458715748042,3.2902966253459454,3.4096501767635345,0,128
candidate,20261106,2,1,-16.0,4.0,0,0,1,8,0,0,0,0.024390243902439025,41,2.424492977741288,3.2027922570705414,3.910928964614868,0,82
candidate,20261106,3,1,32.0,1.0,1,0,0,0,0,0,0,0.024390243902439025,41,2.4274162402967128,3.4084003418684006,3.414042294025421,0,82
candidate,20261107,0,0,40.0,1.0,1,0,0,0,0,0,0,0.02702702702702703,37,2.486411180045154,3.165473416447638,3.7207473069429398,0,74
candidate,20261107,1,0,-24.0,4.0,0,0,1,16,0,0,0,0.02702702702702703,37,2.4342814309371485,3.2263007014989853,3.3045485615730286,0,74
candidate,20261107,2,0,-8.0,2.5,0,0,0,0,0,0,0,0.0,37,2.4638450326951773,3.5392887890338893,3.6680027842521667,0,74
candidate,20261107,3,0,-8.0,2.5,0,0,0,0,0,0,0,0.05405405405405406,37,2.416149838953405,3.2176636159420013,4.561269655823708,0,74
candidate,20261108,0,0,-8.0,2.5,0,0,0,0,0,0,0,0.023255813953488372,86,2.41072213840346,3.0133393593132496,3.3111833035945892,0,172
candidate,20261108,1,0,-8.0,2.5,0,0,0,0,0,0,0,0.0,85,2.4613349972402347,3.2405290752649307,3.9344225078821182,0,170
candidate,20261108,2,0,-8.0,2.5,0,0,0,0,0,0,0,0.0,36,2.4468919469250574,3.3231540583074093,3.3379364758729935,0,72
candidate,20261108,3,0,0.0,2.5,0,0,0,0,0,1,1,0.011627906976744186,86,2.415680499790713,3.297667019069195,3.391226753592491,0,172
candidate,20261109,0,1,0.0,2.5,0,0,0,0,0,1,1,0.03529411764705882,85,2.4320591898525463,3.0491743236780167,3.5540591925382614,0,170
candidate,20261109,1,1,0.0,2.5,0,0,0,0,0,1,1,0.023529411764705882,85,2.359209406901808,3.0656501650810233,3.292560577392578,0,170
candidate,20261109,2,1,51.0,1.0,1,0,0,0,0,0,0,0.0,38,2.4217637745957625,3.166498150676489,3.206700086593628,0,76
candidate,20261109,3,1,0.0,2.5,0,0,0,0,0,1,1,0.0,85,2.479097816873999,3.5303931683301926,3.6065559834241867,0,170
candidate,20261110,0,0,34.0,1.0,1,0,0,0,0,0,0,0.02702702702702703,37,2.514488793708183,3.371351584792137,3.4168921411037445,0,74
candidate,20261110,1,0,-8.0,2.5,0,0,0,0,0,0,0,0.04081632653061224,49,2.407732894834207,3.2340187579393387,3.276655450463295,0,98
candidate,20261110,2,0,-18.0,4.0,0,0,1,10,0,0,0,0.02702702702702703,37,2.3691522309908994,3.0806805938482285,3.1806398183107376,0,74
candidate,20261110,3,0,-8.0,2.5,0,0,0,0,0,0,0,0.08108108108108109,37,2.3295386518175536,2.9887963086366653,3.0035581439733505,0,74
candidate,20261111,0,0,-17.0,3.0,0,0,0,0,0,0,0,0.07894736842105263,38,2.3903308534308483,2.963768877089023,3.1577181071043015,0,77
candidate,20261111,1,0,-8.0,2.5,0,0,0,0,0,0,0,0.061224489795918366,49,2.3417881480893312,2.966500073671341,3.114445134997368,0,98
candidate,20261111,2,0,47.0,1.0,1,0,0,0,0,0,0,0.013513513513513514,74,2.4015144822565286,3.304889053106308,3.3744648098945618,0,148
candidate,20261111,3,0,-8.0,2.5,0,0,0,0,0,0,0,0.019230769230769232,52,2.509337420073839,3.536897432059049,3.955528140068054,0,104
candidate,20261112,0,1,34.0,1.0,1,0,0,0,0,0,0,0.047619047619047616,42,2.4182147656877837,2.950121182948351,3.2820887863636017,0,85
candidate,20261112,1,1,-8.0,2.5,0,0,0,0,0,0,0,0.02127659574468085,47,2.4712464990133935,3.328949958086014,3.3805761486291885,0,95
candidate,20261112,2,1,-8.0,2.5,0,0,0,0,0,0,0,0.0,42,2.4900850174682483,3.4692165441811085,4.032673314213753,0,85
candidate,20261112,3,1,40.0,1.0,1,0,0,0,0,0,0,0.016129032258064516,62,2.3523967172349654,2.9717063531279564,3.056799992918968,0,123
candidate,20261113,0,2,-33.0,3.0,0,0,0,0,0,0,0,0.0,65,2.516561345412181,3.3736947923898697,3.5066157579421997,0,131
candidate,20261113,1,2,99.0,1.0,1,1,0,0,0,0,0,0.0,65,2.5143868934649687,3.3425644040107727,3.866134211421013,0,129
candidate,20261113,2,2,-33.0,3.0,0,0,0,0,0,0,0,0.03076923076923077,65,2.385776719221702,3.1961698085069656,4.383161664009094,0,131
candidate,20261113,3,2,32.0,1.0,1,0,0,0,0,0,0,0.05263157894736842,38,2.3235850232212165,2.981114014983177,3.0355844646692276,0,76
candidate,20261114,0,1,-8.0,2.5,0,0,0,0,0,0,0,0.024390243902439025,41,2.5056190334442183,3.2156147062778473,3.262709826231003,0,82
candidate,20261114,1,1,57.0,1.0,1,1,0,0,0,0,0,0.0,40,2.560502151027322,3.5689887590706344,3.783011808991432,0,79
candidate,20261114,2,1,-18.0,3.0,0,0,0,0,0,0,0,0.0,72,2.693288028240204,4.126785695552826,4.388598725199699,0,145
candidate,20261114,3,1,-16.0,4.0,0,0,1,8,0,0,0,0.04878048780487805,41,2.309887011240168,2.8934739530086517,3.171181306242943,0,82
candidate,20261115,0,3,-8.0,2.5,0,0,0,0,0,0,0,0.02857142857142857,35,2.5810917573315755,3.309529833495617,4.685366526246071,0,70
candidate,20261115,1,3,36.0,1.0,1,0,0,0,0,0,0,0.02857142857142857,35,2.4937670677900314,3.4468328580260277,3.5030730068683624,0,70
candidate,20261115,2,3,35.0,1.0,1,0,0,0,0,0,0,0.03333333333333333,60,2.400986229379972,3.210629615932703,3.4013185650110245,0,120
candidate,20261115,3,3,-8.0,2.5,0,0,0,0,0,0,0,0.02857142857142857,35,2.4654501250811984,3.436487913131714,4.373366013169289,0,70
candidate,20261116,0,1,-16.0,3.0,0,0,0,0,0,0,0,0.02564102564102564,39,2.505345317797783,3.2430294901132584,4.110081121325493,0,79
candidate,20261116,1,1,-16.0,3.0,0,0,0,0,0,0,0,0.0,39,2.522006630897522,3.324250504374504,3.4543052315711975,0,79
candidate,20261116,2,1,-16.0,3.0,0,0,0,0,0,0,0,0.0,39,2.426125395756501,3.2608671113848686,3.2803453505039215,0,79
candidate,20261116,3,1,48.0,1.0,1,1,0,0,0,0,0,0.0,40,2.4502210319042206,3.541222587227821,3.7289652973413467,0,79
candidate,20261117,0,3,-30.0,3.0,0,0,0,0,0,0,0,0.0,83,2.5049371936594147,3.1784016638994217,4.508955404162407,0,167
candidate,20261117,1,3,-23.0,4.0,0,0,1,15,0,0,0,0.0,58,2.4893551358375055,3.34122683852911,3.4791529178619385,0,116
candidate,20261117,2,3,35.0,1.0,1,0,0,0,0,0,0,0.043478260869565216,46,2.4263239263192466,3.2177073881030083,3.300270065665245,0,92
candidate,20261117,3,3,90.0,1.0,1,1,0,0,0,0,0,0.0,84,2.4906409948709465,3.558569774031639,3.854949027299881,0,167
candidate,20261118,0,1,-8.0,2.5,0,0,0,0,0,0,0,0.06,50,2.4985049664974213,3.1947920098900795,4.772379994392395,0,100
candidate,20261118,1,1,40.0,1.0,1,0,0,0,0,0,0,0.0,53,2.5813150096614406,3.586304187774658,5.190066993236542,0,106
candidate,20261118,2,1,-8.0,2.5,0,0,0,0,0,0,0,0.022222222222222223,45,2.4097546107239194,3.2286617904901505,3.592204302549362,0,90
candidate,20261118,3,1,-8.0,2.5,0,0,0,0,0,0,0,0.0625,32,2.3794766166247427,3.221218194812536,3.606058657169342,0,64
candidate,20261119,0,1,-33.0,3.0,0,0,0,0,0,0,0,0.01639344262295082,61,2.4696394007225506,3.0713751912117004,3.827163949608803,0,123
candidate,20261119,1,1,-24.0,4.0,0,0,1,16,0,0,0,0.030303030303030304,66,2.452222997266235,3.2804892398416996,3.742760047316551,0,132
candidate,20261119,2,1,-33.0,3.0,0,0,0,0,0,0,0,0.04918032786885246,61,2.3443127570093654,3.0153151601552963,3.1204000115394592,0,123
candidate,20261119,3,1,99.0,1.0,1,1,0,0,0,0,0,0.0,62,2.4291987440759137,3.3816915936768055,3.5325810313224792,0,123
candidate,20261120,0,0,43.0,1.0,1,0,0,0,0,0,0,0.08333333333333333,12,2.4953514027098813,3.3785559237003326,3.3797770738601685,0,24
candidate,20261120,1,0,-8.0,2.5,0,0,0,0,0,0,0,0.16666666666666666,12,2.6229838840663433,3.8845046423375593,4.831980913877487,0,24
candidate,20261120,2,0,-27.0,4.0,0,0,1,19,0,0,0,0.0625,16,2.490837243385613,3.298938274383545,3.3093318343162537,0,32
candidate,20261120,3,0,-8.0,2.5,0,0,0,0,0,0,0,0.08333333333333333,12,2.292079540590445,3.0378440394997597,3.055933862924576,0,24
candidate,20261121,0,0,32.0,1.0,1,0,0,0,0,0,0,0.05,40,2.4920050986111164,3.354337438941002,4.121083766222,0,80
candidate,20261121,1,0,-8.0,2.5,0,0,0,0,0,0,0,0.0,40,2.5579013396054506,3.8288415409624577,3.970775753259659,0,80
candidate,20261121,2,0,-16.0,4.0,0,0,1,8,0,0,0,0.0,26,2.424274356319354,3.3262320794165134,3.862891346216202,0,52
candidate,20261121,3,0,-17.0,3.0,0,0,0,0,0,0,0,0.08333333333333333,48,2.3555110674351454,3.022040333598852,3.49976122379303,0,97
candidate,20261122,0,2,-8.0,2.5,0,0,0,0,0,0,0,0.023529411764705882,85,2.445454764015534,3.0887965112924576,3.3035539090633392,0,169
candidate,20261122,1,2,-8.0,2.5,0,0,0,0,0,0,0,0.0,39,2.47688682224506,3.338850289583206,3.8665886968374252,0,78
candidate,20261122,2,2,-8.0,2.5,0,0,0,0,0,0,0,0.0,75,2.5548259913921356,3.9263317361474037,4.082748666405678,0,151
candidate,20261122,3,2,0.0,2.5,0,0,0,0,0,1,1,0.023809523809523808,84,2.330251902874027,3.0277015641331673,3.0879639089107513,0,169
candidate,20261123,0,1,33.0,1.0,1,0,0,0,0,0,0,0.025,40,2.5032399222254753,3.413081541657448,3.7351343780755997,0,80
candidate,20261123,1,1,-8.0,2.5,0,0,0,0,0,0,0,0.0,40,2.5436955504119396,3.562410734593868,3.739217296242714,0,80
candidate,20261123,2,1,-8.0,2.5,0,0,0,0,0,0,0,0.05,40,2.38085282035172,3.032352309674024,3.2784733921289444,0,80
candidate,20261123,3,1,-17.0,4.0,0,0,1,9,0,0,0,0.025,40,2.471625152975321,3.330181632190942,4.744347184896469,0,80
candidate,20261124,0,1,-28.0,3.0,0,0,0,0,0,0,0,0.06666666666666667,45,2.4516463693645267,3.1321063637733455,4.882717505097389,0,91
candidate,20261124,1,1,84.0,1.0,1,1,0,0,0,0,0,0.043478260869565216,46,2.4949210574445515,3.3769477158784866,4.368770867586136,0,91
candidate,20261124,2,1,-17.0,4.0,0,0,1,9,0,0,0,0.015384615384615385,65,2.3773494248206797,3.0277445912361145,3.1173788011074066,0,131
candidate,20261124,3,1,0.0,2.5,0,0,0,0,0,1,0,0.012195121951219513,82,2.4410362650708453,3.514374792575836,3.615971654653549,0,165
candidate,20261125,0,2,-8.0,2.5,0,0,0,0,0,0,0,0.021739130434782608,46,2.4745730359269227,3.252591472119093,3.4292563796043396,0,92
candidate,20261125,1,2,-8.0,2.5,0,0,0,0,0,0,0,0.046875,64,2.3723276681266725,2.9664809815585613,3.1630005687475204,0,128
candidate,20261125,2,2,-8.0,2.5,0,0,0,0,0,0,0,0.03389830508474576,59,2.4284038187588677,3.270208276808262,3.342127427458763,0,118
candidate,20261125,3,2,33.0,1.0,1,0,0,0,0,0,0,0.06,50,2.34587412327528,3.213760629296303,3.3136364072561264,0,100
candidate,20261126,0,2,33.0,1.0,1,0,0,0,0,0,0,0.05128205128205128,39,2.444296358869626,3.212881088256836,3.347354009747505,0,78
candidate,20261126,1,2,-8.0,2.5,0,0,0,0,0,0,0,0.0,39,2.5263204215428767,3.528546541929245,3.683852031826973,0,78
candidate,20261126,2,2,-17.0,4.0,0,0,1,9,0,0,0,0.02127659574468085,47,2.3893856621803122,3.1248224899172783,3.2849498093128204,0,94
candidate,20261126,3,2,-8.0,2.5,0,0,0,0,0,0,0,0.05128205128205128,39,2.3488936802515616,3.0364377424120903,3.0716676265001297,0,78
candidate,20261127,0,1,32.0,1.0,1,0,0,0,0,0,0,0.05263157894736842,38,2.4150042353492034,2.9827533289790154,3.2372400164604187,0,76
candidate,20261127,1,1,-16.0,4.0,0,0,1,8,0,0,0,0.0,57,2.4963314073127614,3.283616155385971,3.314368426799774,0,114
candidate,20261127,2,1,0.0,2.5,0,0,0,0,0,1,0,0.0,86,2.4268975871246914,3.3452739007771015,3.4923236817121506,0,172
candidate,20261127,3,1,33.0,1.0,1,0,0,0,0,0,0,0.02666666666666667,75,2.3440192391475043,3.163331188261509,3.2477211207151413,0,150
candidate,20261128,0,3,34.0,1.0,1,0,0,0,0,0,0,0.0,37,2.6823794720946132,4.021806642413139,4.266815260052681,0,74
candidate,20261128,1,3,102.0,1.0,1,1,0,0,0,0,0,0.08333333333333333,36,2.4008421848217645,3.2277158461511135,3.2506119459867477,0,71
candidate,20261128,2,3,-8.0,2.5,0,0,0,0,0,0,0,0.0,70,2.4151638682399477,3.2166050747036934,3.490166738629341,0,140
candidate,20261128,3,3,37.0,1.0,1,0,0,0,0,0,0,0.058823529411764705,51,2.3396422027372847,2.906814217567444,3.14251147210598,0,102
candidate,20261129,0,2,-8.0,2.5,0,0,0,0,0,0,0,0.0,59,2.5809860583079063,3.6344015970826145,3.7886518985033035,0,118
candidate,20261129,1,2,37.0,1.0,1,0,0,0,0,0,0,0.0,61,2.5339380944850016,3.6626774817705154,3.7961583584547043,0,122
candidate,20261129,2,2,-21.0,4.0,0,0,1,13,0,0,0,0.05660377358490566,53,2.3966314587390647,3.2246652990579605,3.346635028719902,0,106
candidate,20261129,3,2,-8.0,2.5,0,0,0,0,0,0,0,0.0,61,2.4534752134416924,3.389274701476097,3.764485940337181,0,122
candidate,20261130,0,1,-21.0,3.0,0,0,0,0,0,0,0,0.016666666666666666,60,2.4558941833674908,3.2152561470866203,3.3935513347387314,0,121
candidate,20261130,1,1,-8.0,2.5,0,0,0,0,0,0,0,0.0,49,2.510354150922931,3.3947467803955074,3.6339443176984787,0,98
candidate,20261130,2,1,-8.0,2.5,0,0,0,0,0,0,0,0.04081632653061224,49,2.3767953092346388,3.286658227443695,3.3400263637304306,0,98
candidate,20261130,3,1,-34.0,3.0,0,0,0,0,0,0,0,0.013333333333333334,75,2.484335775176684,3.7277566269040108,4.014769569039345,0,151
candidate,20261131,0,3,51.0,1.0,1,1,0,0,0,0,0,0.022222222222222223,45,2.4208193023999534,2.9915563762187958,3.2395292073488235,0,89
candidate,20261131,1,3,-17.0,3.0,0,0,0,0,0,0,0,0.0,44,2.5160740214315327,3.536038100719452,3.7171971052885056,0,89
candidate,20261131,2,3,-17.0,3.0,0,0,0,0,0,0,0,0.0,44,2.453883559527722,3.218592330813408,3.9996877312660217,0,89
candidate,20261131,3,3,-17.0,3.0,0,0,0,0,0,0,0,0.0,44,2.49696590683677,3.310472145676613,3.41135635972023,0,89
candidate,20261132,0,3,-17.0,4.0,0,0,1,9,0,0,0,0.0,49,2.543517217344167,3.344876691699028,3.4871455281972885,0,98
candidate,20261132,1,3,-8.0,2.5,0,0,0,0,0,0,0,0.02040816326530612,49,2.4116043837703005,3.1466107815504065,3.3179931342601776,0,98
candidate,20261132,2,3,48.0,1.0,1,1,0,0,0,0,0,0.023255813953488372,43,2.3732779244350835,3.112209402024746,3.732282668352127,0,85
candidate,20261132,3,3,0.0,2.5,0,0,0,0,0,1,0,0.0,84,2.522488900770744,3.6174851469695564,4.303544759750366,0,168
candidate,20261133,0,1,34.0,1.0,1,0,0,0,0,0,0,0.06,50,2.3946137353777885,2.816175855696201,3.6300625652074814,0,100
candidate,20261133,1,1,34.0,1.0,1,0,0,0,0,0,0,0.02,50,2.4260294809937477,3.21807237342,3.405371680855751,0,100
candidate,20261133,2,1,-8.0,2.5,0,0,0,0,0,0,0,0.0,41,2.4011264577871416,3.2748226076364517,3.2848715782165527,0,82
candidate,20261133,3,1,-8.0,2.5,0,0,0,0,0,0,0,0.024390243902439025,41,2.427062292287989,3.4297537058591843,3.5518724471330643,0,82
candidate,20261134,0,0,-8.0,2.5,0,0,0,0,0,0,0,0.019230769230769232,52,2.4601020850241184,3.2421084120869637,3.317788243293762,0,104
candidate,20261134,1,0,-8.0,2.5,0,0,0,0,0,0,0,0.022727272727272728,44,2.392843196337873,3.1986068934202194,3.2344628125429153,0,88
candidate,20261134,2,0,-17.0,4.0,0,0,1,9,0,0,0,0.057692307692307696,52,2.4021058701551876,3.1285803765058517,3.2657328993082047,0,104
candidate,20261134,3,0,45.0,1.0,1,0,0,0,0,0,0,0.057692307692307696,52,2.344012761918398,3.074229322373866,3.2298173755407333,0,104
candidate,20261135,0,3,-8.0,2.5,0,0,0,0,0,0,0,0.0,61,2.621094131323158,3.8320794701576233,4.098532721400261,0,122
candidate,20261135,1,3,35.0,1.0,1,0,0,0,0,0,0,0.01639344262295082,61,2.452448560077636,3.329150378704071,3.425443544983864,0,122
candidate,20261135,2,3,-19.0,4.0,0,0,1,11,0,0,0,0.02857142857142857,35,2.4325812501566753,3.3989295363426204,3.4740809351205826,0,70
candidate,20261135,3,3,-8.0,2.5,0,0,0,0,0,0,0,0.0,59,2.4043207640870143,3.2302485778927803,3.379279747605324,0,118
candidate,20261136,0,1,32.0,1.0,1,0,0,0,0,0,0,0.06451612903225806,31,2.374630541570725,2.9331576079130173,3.1202994287014008,0,62
candidate,20261136,1,1,-8.0,2.5,0,0,0,0,0,0,0,0.0,48,2.458935797524949,3.273046761751175,3.4926757216453552,0,96
candidate,20261136,2,1,-8.0,2.5,0,0,0,0,0,0,0,0.022727272727272728,44,2.4286606349051,3.3422671258449554,3.3882986754179,0,88
candidate,20261136,3,1,-8.0,2.5,0,0,0,0,0,0,0,0.0,43,2.3883867922217346,3.2104605808854103,3.2388437539339066,0,86
candidate,20261137,0,0,-8.0,2.5,0,0,0,0,0,0,0,0.0,39,2.496027172758029,3.2755766063928604,3.336666151881218,0,78
candidate,20261137,1,0,-32.0,4.0,0,0,1,24,0,0,0,0.0425531914893617,47,2.3862299053592886,3.233756870031357,3.3137351274490356,0,94
candidate,20261137,2,0,-8.0,2.5,0,0,0,0,0,0,0,0.07692307692307693,39,2.336699229020339,2.948287874460221,3.3891666680574417,0,78
candidate,20261137,3,0,48.0,1.0,1,0,0,0,0,0,0,0.0,47,2.426428720355034,3.327563963830471,3.350367769598961,0,94
candidate,20261138,0,0,-18.0,3.0,0,0,0,0,0,0,0,0.02127659574468085,47,2.4390247987305864,3.216707333922386,3.230474889278412,0,95
candidate,20261138,1,0,-20.0,4.0,0,0,1,12,0,0,0,0.019230769230769232,52,2.46897884286367,3.3222599886357784,3.4147854894399643,0,104
candidate,20261138,2,0,63.0,1.0,1,1,0,0,0,0,0,0.014925373134328358,67,2.3663716474130974,3.0586639419198036,3.2311808317899704,0,133
candidate,20261138,3,0,-8.0,2.5,0,0,0,0,0,0,0,0.028985507246376812,69,2.3933335382869276,3.3646486699581146,3.6860648542642593,0,138
candidate,20261139,0,2,33.0,1.0,1,0,0,0,0,0,0,0.03333333333333333,30,2.5427600368857384,3.3709024079144,3.8919970393180847,0,60
candidate,20261139,1,2,-8.0,2.5,0,0,0,0,0,0,0,0.0,30,2.4180764332413673,3.1733643263578415,3.183288499712944,0,60
candidate,20261139,2,2,0.0,2.5,0,0,0,0,0,1,1,0.0,83,2.5201232722365714,3.6378551274538036,4.233742132782936,0,166
candidate,20261139,3,2,34.0,1.0,1,0,0,0,0,0,0,0.0392156862745098,51,2.3724005064543556,3.0856262892484665,3.153672441840172,0,102
candidate,20261140,0,1,32.0,1.0,1,0,0,0,0,0,0,0.05357142857142857,56,2.508671854489616,3.221750259399414,4.642907530069351,0,113
candidate,20261140,1,1,0.0,2.5,0,0,0,0,0,1,0,0.01282051282051282,78,2.442318755082595,3.2698745839297767,3.31697054207325,0,155
candidate,20261140,2,1,43.0,1.0,1,0,0,0,0,0,0,0.01639344262295082,61,2.3585635802296343,3.0403677374124527,3.192806616425514,0,123
candidate,20261140,3,1,-8.0,2.5,0,0,0,0,0,0,0,0.0,60,2.4165269918739796,3.2203182578086853,4.2950063943862915,0,121
candidate,20261141,0,2,-8.0,2.5,0,0,0,0,0,0,0,0.0,84,2.5020657728115716,3.272773139178753,3.4355446696281433,0,168
candidate,20261141,1,2,0.0,2.5,0,0,0,0,0,1,0,0.011627906976744186,86,2.419979289867157,3.1276457011699677,4.248613491654396,0,172
candidate,20261141,2,2,48.0,1.0,1,1,0,0,0,0,0,0.03278688524590164,61,2.411796482371502,3.2790973782539368,3.6587249487638474,0,121
candidate,20261141,3,2,-16.0,3.0,0,0,0,0,0,0,0,0.0,60,2.592870375762383,4.001132119446993,4.185870289802551,0,121
candidate,20261142,0,2,-8.0,2.5,0,0,0,0,0,0,0,0.028169014084507043,71,2.4435213753874874,3.2276222482323647,3.307558596134186,0,142
candidate,20261142,1,2,-17.0,4.0,0,0,1,9,0,0,0,0.09090909090909091,44,2.4273345585573805,3.0770651064813137,3.1071212142705917,0,88
candidate,20261142,2,2,-8.0,2.5,0,0,0,0,0,0,0,0.0,42,2.408867524493308,3.222439158707857,3.4545324742794037,0,84
candidate,20261142,3,2,-8.0,2.5,0,0,0,0,0,0,0,0.0,34,2.339047982412226,3.2438539899885654,3.2844040542840958,0,68
candidate,20261143,0,0,-8.0,2.5,0,0,0,0,0,0,0,0.02127659574468085,47,2.4863615869841675,3.2504672184586525,3.3132843673229218,0,94
candidate,20261143,1,0,-17.0,4.0,0,0,1,9,0,0,0,0.0,43,2.5518576852804005,3.5213353112339973,3.765074536204338,0,86
candidate,20261143,2,0,-8.0,2.5,0,0,0,0,0,0,0,0.02127659574468085,47,2.383654738994355,3.3686822280287743,3.488309681415558,0,94
candidate,20261143,3,0,32.0,1.0,1,0,0,0,0,0,0,0.029411764705882353,68,2.3574369192561684,3.166381176561117,3.275131806731224,0,136
candidate,20261144,0,0,51.0,1.0,1,1,0,0,0,0,0,0.07407407407407407,27,2.4321362100265644,3.1951123848557472,3.3199042081832886,0,53
candidate,20261144,1,0,-17.0,3.0,0,0,0,0,0,0,0,0.038461538461538464,26,2.419766540137621,3.3036619424819946,3.3716168254613876,0,53
candidate,20261144,2,0,-17.0,3.0,0,0,0,0,0,0,0,0.0,26,2.448374692064065,3.422682173550129,3.4422967582941055,0,53
candidate,20261144,3,0,-17.0,3.0,0,0,0,0,0,0,0,0.07692307692307693,26,2.379344991193368,3.1484696082770824,3.2315384596586227,0,53
candidate,20261145,0,1,75.0,1.0,1,1,0,0,0,0,0,0.05,40,2.3789212107658386,3.102273028343916,3.151457756757736,0,79
candidate,20261145,1,1,-25.0,3.0,0,0,0,0,0,0,0,0.0,39,2.465353562281682,3.2738111913204193,3.3732131123542786,0,79
candidate,20261145,2,1,-25.0,3.0,0,0,0,0,0,0,0,0.02564102564102564,39,2.364290878176689,3.187277726829052,3.2846666872501373,0,79
candidate,20261145,3,1,-25.0,3.0,0,0,0,0,0,0,0,0.05128205128205128,39,2.3778310188880334,3.165522962808609,3.319108858704567,0,79
candidate,20261146,0,2,52.0,1.0,1,0,0,0,0,0,0,0.0,83,2.5017535291522384,3.4365590661764145,3.528894856572151,0,167
candidate,20261146,1,2,35.0,1.0,1,0,0,0,0,0,0,0.03896103896103896,77,2.306245243201008,2.717018872499466,3.0661914497613907,0,153
candidate,20261146,2,2,-16.0,4.0,0,0,1,8,0,0,0,0.05357142857142857,56,2.3617622376020466,3.1795320101082325,3.2593347132205963,0,112
candidate,20261146,3,2,-8.0,2.5,0,0,0,0,0,0,0,0.0196078431372549,51,2.379299269295206,3.17198783159256,3.2834336161613464,0,102
candidate,20261147,0,3,-8.0,2.5,0,0,0,0,0,0,0,0.0,57,2.493831933590404,3.3769376575946803,3.6476999521255493,0,114
candidate,20261147,1,3,-8.0,2.5,0,0,0,0,0,0,0,0.047619047619047616,42,2.3487133993988945,2.8943817131221294,3.116551786661148,0,84
candidate,20261147,2,3,-20.0,4.0,0,0,1,12,0,0,0,0.027777777777777776,36,2.4643061268660755,3.3382116816937923,3.359142690896988,0,72
candidate,20261147,3,3,-31.0,4.0,0,0,1,23,0,0,0,0.05263157894736842,57,2.342971172510532,3.042953833937645,3.261806443333626,0,114
candidate,20261148,0,3,63.0,1.0,1,1,0,0,0,0,0,0.0,35,2.523275784083775,3.468139097094536,3.539491444826126,0,69
candidate,20261148,1,3,-8.0,2.5,0,0,0,0,0,0,0,0.02702702702702703,37,2.4269873628745207,3.3508259803056717,3.435196354985237,0,74
candidate,20261148,2,3,-8.0,2.5,0,0,0,0,0,0,0,0.05405405405405406,37,2.3636156944809734,3.3037200570106506,3.330955281853676,0,74
candidate,20261148,3,3,-18.0,4.0,0,0,1,10,0,0,0,0.02702702702702703,37,2.363067674073013,3.069041296839714,3.1315889209508896,0,74
candidate,20261149,0,1,-16.0,3.0,0,0,0,0,0,0,0,0.0,42,2.49450294567006,3.3295155502855773,3.379063680768013,0,85
candidate,20261149,1,1,-16.0,3.0,0,0,0,0,0,0,0,0.0,42,2.513450171266283,3.3082132227718826,3.9233118295669556,0,85
candidate,20261149,2,1,48.0,1.0,1,1,0,0,0,0,0,0.0,43,2.440826707454615,3.4072360023856163,3.446180373430252,0,85
candidate,20261149,3,1,-16.0,3.0,0,0,0,0,0,0,0,0.0,42,2.4897512048482895,3.5094493068754673,3.779808059334755,0,85
candidate,20261150,0,1,33.0,1.0,1,0,0,0,0,0,0,0.05714285714285714,35,2.5558500417641232,3.364730626344681,4.696901887655258,0,70
candidate,20261150,1,1,-8.0,2.5,0,0,0,0,0,0,0,0.05128205128205128,39,2.4514176811163244,3.2892486080527306,3.9870664477348328,0,78
candidate,20261150,2,1,-17.0,4.0,0,0,1,9,0,0,0,0.02564102564102564,39,2.4896674813368382,3.356137312948704,4.369983449578285,0,78
candidate,20261150,3,1,-8.0,2.5,0,0,0,0,0,0,0,0.02857142857142857,35,2.4252478033304214,3.2310957089066505,3.3477339893579483,0,70
candidate,20261151,0,1,32.0,1.0,1,0,0,0,0,0,0,0.043478260869565216,23,2.5447376234375914,3.314388729631901,3.850366920232773,0,46
candidate,20261151,1,1,-8.0,2.5,0,0,0,0,0,0,0,0.043478260869565216,23,2.4870847878248794,3.2879505306482315,3.3199209719896317,0,46
candidate,20261151,2,1,-16.0,4.0,0,0,1,8,0,0,0,0.0,23,2.4248646653216817,3.1862840056419373,3.192199394106865,0,46
candidate,20261151,3,1,-8.0,2.5,0,0,0,0,0,0,0,0.0,43,2.406788340141607,3.2463304698467255,3.3226870000362396,0,86
candidate,20261152,0,2,-8.0,2.5,0,0,0,0,0,0,0,0.017543859649122806,57,2.4884145118688283,3.285575658082962,3.326788544654846,0,114
candidate,20261152,1,2,-16.0,4.0,0,0,1,8,0,0,0,0.08,25,2.430078834295273,3.112958744168281,3.4914538264274597,0,50
candidate,20261152,2,2,33.0,1.0,1,0,0,0,0,0,0,0.027777777777777776,36,2.453136257827282,3.384622745215893,3.4462139010429382,0,72
candidate,20261152,3,2,-17.0,4.0,0,0,1,9,0,0,0,0.03333333333333333,60,2.397928573191166,3.12762139365077,3.2102148979902267,0,120
candidate,20261153,0,2,-8.0,2.5,0,0,0,0,0,0,0,0.0,39,2.5538008373517256,3.5057194530963898,3.5763755440711975,0,78
candidate,20261153,1,2,-8.0,2.5,0,0,0,0,0,0,0,0.0,41,2.503381133442972,3.476681187748909,3.5194475203752518,0,82
candidate,20261153,2,2,-20.0,3.0,0,0,0,0,0,0,0,0.0,65,2.403689233156351,3.2494477927684784,3.3557694405317307,0,131
candidate,20261153,3,2,-21.0,3.0,0,0,0,0,0,0,0,0.0,54,2.50757013068155,3.542434424161911,3.5842284560203552,0,109
candidate,20261154,0,1,-17.0,3.0,0,0,0,0,0,0,0,0.06451612903225806,31,2.372954942045673,2.862682566046715,3.141028806567192,0,63
candidate,20261154,1,1,-17.0,3.0,0,0,0,0,0,0,0,0.06451612903225806,31,2.4150220617171256,3.2738912850618362,3.3243559300899506,0,63
candidate,20261154,2,1,-17.0,3.0,0,0,0,0,0,0,0,0.03225806451612903,31,2.3694402508197294,3.069669008255005,3.1238961964845657,0,63
candidate,20261154,3,1,-21.0,3.0,0,0,0,0,0,0,0,0.0,77,2.57734153661635,3.920265287160874,4.454668611288071,0,155
candidate,20261155,0,0,-20.0,3.0,0,0,0,0,0,0,0,0.0,36,2.4945887012614145,3.3349073491990566,3.505995497107506,0,73
candidate,20261155,1,0,-20.0,3.0,0,0,0,0,0,0,0,0.027777777777777776,36,2.4327920853263802,3.1879046000540257,3.1967386603355408,0,73
candidate,20261155,2,0,66.0,1.0,1,1,0,0,0,0,0,0.05405405405405406,37,2.379722490503981,3.254113718867302,3.321247175335884,0,73
candidate,20261155,3,0,-20.0,3.0,0,0,0,0,0,0,0,0.0,36,2.457234232376019,3.4997244365513325,3.5533439368009567,0,73
candidate,20261156,0,1,46.0,1.0,1,0,0,0,0,0,0,0.058823529411764705,34,2.3563789642032456,2.8613442555069923,3.1474586576223373,0,68
candidate,20261156,1,1,-30.0,4.0,0,0,1,22,0,0,0,0.03125,32,2.471101295668632,3.291620220988989,3.3191610127687454,0,64
candidate,20261156,2,1,-8.0,2.5,0,0,0,0,0,0,0,0.03125,32,2.365267020650208,3.2118082977831364,3.2668840140104294,0,64
candidate,20261156,3,1,-8.0,2.5,0,0,0,0,0,0,0,0.03125,32,2.3737300070933998,3.2227368094027042,3.259250894188881,0,64
candidate,20261157,0,0,54.0,1.0,1,1,0,0,0,0,0,0.05714285714285714,35,2.4776338998760497,3.255266137421131,3.3119190484285355,0,69
candidate,20261157,1,0,-18.0,3.0,0,0,0,0,0,0,0,0.0,34,2.5299026028198353,3.5900715738534927,3.8513801991939545,0,69
candidate,20261157,2,0,-18.0,3.0,0,0,0,0,0,0,0,0.0,34,2.5102057329872074,3.5142057575285435,3.746846690773964,0,69
candidate,20261157,3,0,-18.0,3.0,0,0,0,0,0,0,0,0.0,34,2.450037090217366,3.522338066250086,3.6406628787517548,0,69
candidate,20261158,0,2,-16.0,4.0,0,0,1,8,0,0,0,0.0,60,2.4577247289319835,3.2568510621786118,3.358626738190651,0,120
candidate,20261158,1,2,-17.0,3.0,0,0,0,0,0,0,0,0.03773584905660377,53,2.357345882732913,2.9908116906881332,3.074517473578453,0,107
candidate,20261158,2,2,-20.0,4.0,0,0,1,12,0,0,0,0.05263157894736842,38,2.323820990951438,3.076664265245199,3.1608734279870987,0,76
candidate,20261158,3,2,-21.0,4.0,0,0,1,13,0,0,0,0.0,29,2.403088813198024,3.183111920952797,3.227975219488144,0,58
candidate,20261159,0,0,-32.0,3.0,0,0,0,0,0,0,0,0.04081632653061224,49,2.3957632329999186,3.0300099402666087,3.2656043767929077,0,99
candidate,20261159,1,0,-8.0,2.5,0,0,0,0,0,0,0,0.05454545454545454,55,2.328740195794539,2.869107387959957,3.0790474265813828,0,110
candidate,20261159,2,0,46.0,1.0,1,0,0,0,0,0,0,0.058823529411764705,34,2.374672002213843,3.278793301433325,3.3303722739219666,0,68
candidate,20261159,3,0,-22.0,4.0,0,0,1,14,0,0,0,0.045454545454545456,22,2.305365252223882,2.904830686748028,2.9126182198524475,0,44
candidate,20261160,0,1,-17.0,4.0,0,0,1,9,0,0,0,0.0,21,2.4983490861597515,3.273921087384224,3.307940438389778,0,42
candidate,20261160,1,1,-8.0,2.5,0,0,0,0,0,0,0,0.047619047619047616,21,2.4430363305977414,3.275791183114052,3.28991562128067,0,42
candidate,20261160,2,1,-8.0,2.5,0,0,0,0,0,0,0,0.034482758620689655,58,2.4002405076191344,3.243252355605364,3.3462289720773697,0,116
candidate,20261160,3,1,34.0,1.0,1,0,0,0,0,0,0,0.0,27,2.560030599987065,3.589637577533722,3.8827210664749146,0,54
candidate,20261161,0,1,-17.0,3.0,0,0,0,0,0,0,0,0.0,65,2.5539925751777797,3.4675661474466324,3.5489704459905624,0,131
candidate,20261161,1,1,-17.0,3.0,0,0,0,0,0,0,0,0.015384615384615385,65,2.3879695397156935,3.0298836529254913,3.1380802392959595,0,131
candidate,20261161,2,1,51.0,1.0,1,1,0,0,0,0,0,0.030303030303030304,66,2.3578066153056696,3.0686594545841217,3.27124260365963,0,132
candidate,20261161,3,1,-17.0,3.0,0,0,0,0,0,0,0,0.046153846153846156,65,2.31940124470454,2.8827048838138576,3.617430105805397,0,132
candidate,20261162,0,1,-16.0,3.0,0,0,0,0,0,0,0,0.0,10,2.518426813185215,3.272938635200262,3.342794254422188,0,21
candidate,20261162,1,1,-16.0,3.0,0,0,0,0,0,0,0,0.1,10,2.4375123903155327,3.1431577168405056,3.145059570670128,0,21
candidate,20261162,2,1,48.0,1.0,1,1,0,0,0,0,0,0.0,11,2.3598730225454676,3.3661257475614548,3.378169611096382,0,21
candidate,20261162,3,1,-16.0,3.0,0,0,0,0,0,0,0,0.0,10,2.3357687518000603,3.192810248583555,3.221483901143074,0,21
candidate,20261163,0,2,-8.0,2.5,0,0,0,0,0,0,0,0.0425531914893617,47,2.393356900899968,2.8590790927410126,3.2050572335720062,0,94
candidate,20261163,1,2,32.0,1.0,1,0,0,0,0,0,0,0.037037037037037035,81,2.3620622347534437,3.1348448246717453,3.4072138369083405,0,162
candidate,20261163,2,2,-21.0,4.0,0,0,1,13,0,0,0,0.0,43,2.382742024438326,3.202728182077408,3.3108852803707123,0,86
candidate,20261163,3,2,0.0,2.5,0,0,0,0,0,1,1,0.033707865168539325,89,2.3385372138425207,3.08651365339756,3.1864363700151443,0,178
candidate,20261164,0,0,-16.0,3.0,0,0,0,0,0,0,0,0.0,33,2.485244901794376,3.206118941307068,3.250064328312874,0,67
candidate,20261164,1,0,48.0,1.0,1,1,0,0,0,0,0,0.0,34,2.5921050897415947,3.5816736519336696,3.7329401820898056,0,67
candidate,20261164,2,0,-20.0,3.0,0,0,0,0,0,0,0,0.0,33,2.412272786552256,3.1993601471185684,3.245381638407707,0,67
candidate,20261164,3,0,-16.0,3.0,0,0,0,0,0,0,0,0.0,33,2.4705526955199963,3.4327302128076553,3.8296766579151154,0,67
candidate,20261165,0,0,-17.0,3.0,0,0,0,0,0,0,0,0.0,57,2.5386873371245566,3.487620875239372,3.6668572574853897,0,115
candidate,20261165,1,0,-19.0,3.0,0,0,0,0,0,0,0,0.0,58,2.4504706520458748,3.213644213974476,3.2867081463336945,0,117
candidate,20261165,2,0,-25.0,3.0,0,0,0,0,0,0,0,0.03333333333333333,60,2.375216751048962,3.111642226576805,3.5861916840076447,0,121
candidate,20261165,3,0,-25.0,3.0,0,0,0,0,0,0,0,0.03333333333333333,60,2.3486011351148286,3.010153211653232,3.2149627804756165,0,121
candidate,20261166,0,1,-27.0,3.0,0,0,0,0,0,0,0,0.02,50,2.4631263315677643,3.143184259533882,3.330724313855171,0,101
candidate,20261166,1,1,-27.0,3.0,0,0,0,0,0,0,0,0.018867924528301886,53,2.466007539967321,3.3823195844888687,3.4408830106258392,0,107
candidate,20261166,2,1,-8.0,2.5,0,0,0,0,0,0,0,0.0,60,2.5028735088805356,3.7473174743354316,3.9786789566278458,0,120
candidate,20261166,3,1,-27.0,3.0,0,0,0,0,0,0,0,0.02,50,2.3568368703126907,3.135250508785248,3.1963884830474854,0,101
candidate,20261167,0,2,60.0,1.0,1,1,0,0,0,0,0,0.06,50,2.450086511671543,3.29468697309494,3.3532660454511642,0,99
candidate,20261167,1,2,32.0,1.0,1,0,0,0,0,0,0,0.020833333333333332,48,2.497261118454238,3.53241004049778,3.657883033156395,0,96
candidate,20261167,2,2,-16.0,4.0,0,0,1,8,0,0,0,0.0,34,2.4823926060515293,3.48966047167778,3.603702411055565,0,68
candidate,20261167,3,2,-8.0,2.5,0,0,0,0,0,0,0,0.0,29,2.4132709950208664,3.3423826098442078,3.37226502597332,0,58
candidate,20261168,0,0,-21.0,3.0,0,0,0,0,0,0,0,0.18181818181818182,11,2.4647306312214243,3.053693100810051,3.20420041680336,0,23
candidate,20261168,1,0,35.0,1.0,1,0,0,0,0,0,0,0.058823529411764705,34,2.3759309859836804,2.9877725057303905,3.010643646121025,0,68
candidate,20261168,2,0,-21.0,3.0,0,0,0,0,0,0,0,0.09090909090909091,11,2.6006988165053455,3.519384190440178,3.853505477309227,0,23
candidate,20261168,3,0,-21.0,3.0,0,0,0,0,0,0,0,0.0,11,2.3057765581391076,3.087124787271023,3.4671295434236526,0,23
candidate,20261169,0,1,-17.0,3.0,0,0,0,0,0,0,0,0.03225806451612903,62,2.44537602749563,3.176442440599203,3.2806433737277985,0,125
candidate,20261169,1,1,-8.0,2.5,0,0,0,0,0,0,0,0.029850746268656716,67,2.467137914317757,3.1957507133483887,3.2284893095493317,0,134
candidate,20261169,2,1,33.0,1.0,1,0,0,0,0,0,0,0.029411764705882353,68,2.3465889560825683,3.089431207627058,3.259865567088127,0,136
candidate,20261169,3,1,0.0,2.5,0,0,0,0,0,1,0,0.0,83,2.420991636722921,3.342670761048794,3.7673451006412506,0,166
candidate,20261170,0,2,51.0,1.0,1,1,0,0,0,0,0,0.03278688524590164,61,2.410637550666684,3.0197836458683014,3.2844580709934235,0,121
candidate,20261170,1,2,-20.0,3.0,0,0,0,0,0,0,0,0.0,56,2.500303754849093,3.46432626247406,3.708982840180397,0,113
candidate,20261170,2,2,-20.0,3.0,0,0,0,0,0,0,0,0.0,56,2.634609118103981,3.861804027110338,4.527788609266281,0,113
candidate,20261170,3,2,-20.0,3.0,0,0,0,0,0,0,0,0.0,56,2.453910619286554,3.383694216609001,3.4237168729305267,0,113
candidate,20261171,0,3,-21.0,3.0,0,0,0,0,0,0,0,0.1111111111111111,27,2.4329314215315714,3.1421689316630363,3.2016634941101074,0,55
candidate,20261171,1,3,-21.0,3.0,0,0,0,0,0,0,0,0.09523809523809523,21,2.4290001463322413,3.142664209008217,3.6326199769973755,0,43
candidate,20261171,2,3,-21.0,3.0,0,0,0,0,0,0,0,0.0,21,2.395192959478923,3.2642316073179245,3.266330808401108,0,43
candidate,20261171,3,3,63.0,1.0,1,1,0,0,0,0,0,0.0,22,2.3663437671282073,3.4349394030869007,3.4663360565900803,0,43
candidate,20261172,0,1,-8.0,2.5,0,0,0,0,0,0,0,0.03333333333333333,30,2.47423704713583,3.1777004711329937,3.2914672046899796,0,60
candidate,20261172,1,1,43.0,1.0,1,0,0,0,0,0,0,0.06666666666666667,30,2.414492703974247,3.20194587111473,3.6003608256578445,0,60
candidate,20261172,2,1,-17.0,3.0,0,0,0,0,0,0,0,0.0,38,2.4115923596055886,3.26772453263402,3.2714959233999252,0,77
candidate,20261172,3,1,-27.0,4.0,0,0,1,19,0,0,0,0.0,34,2.4123765966471504,3.230180684477091,3.2408982515335083,0,68
candidate,20261173,0,3,34.0,1.0,1,0,0,0,0,0,0,0.0,49,2.6539444771348215,3.7694863975048065,4.158804193139076,0,98
candidate,20261173,1,3,39.0,1.0,1,0,0,0,0,0,0,0.0,83,2.556104325206883,3.48534882068634,5.077991634607315,0,166
candidate,20261173,2,3,-18.0,4.0,0,0,1,10,0,0,0,0.0196078431372549,51,2.4269674630726086,3.2562250271439552,4.207024350762367,0,103
candidate,20261173,3,3,-33.0,3.0,0,0,0,0,0,0,0,0.017543859649122806,57,2.4203640784610783,3.281770646572113,3.3659283071756363,0,114
candidate,20261174,0,1,-8.0,2.5,0,0,0,0,0,0,0,0.0,32,2.4557080469094217,3.1686401925981045,3.1825918704271317,0,64
candidate,20261174,1,1,40.0,1.0,1,0,0,0,0,0,0,0.1,30,2.3312819500764212,3.001921717077493,3.1958092004060745,0,60
candidate,20261174,2,1,-20.0,4.0,0,0,1,12,0,0,0,0.0,38,2.4328785213200668,3.234691731631756,3.2370612025260925,0,76
candidate,20261174,3,1,-8.0,2.5,0,0,0,0,0,0,0,0.0,30,2.4107919385035834,3.334135189652443,3.4438837319612503,0,60
candidate,20261175,0,3,-17.0,4.0,0,0,1,9,0,0,0,0.061224489795918366,49,2.4567346791831817,3.166508674621582,3.276059404015541,0,98
candidate,20261175,1,3,67.0,1.0,1,0,0,0,0,0,0,0.014925373134328358,67,2.4668347757698883,3.2936153933405876,4.019644111394882,0,134
candidate,20261175,2,3,51.0,1.0,1,1,0,0,0,0,0,0.024096385542168676,83,2.3585161396178855,3.063286840915679,4.268288612365723,0,165
candidate,20261175,3,3,37.0,1.0,1,0,0,0,0,0,0,0.0,79,2.4923397157388396,3.7083314731717105,4.1588470339775085,0,158
candidate,20261176,0,2,32.0,1.0,1,0,0,0,0,0,0,0.04,25,2.544625401496887,3.340468928217888,3.3561717718839645,0,50
candidate,20261176,1,2,-16.0,4.0,0,0,1,8,0,0,0,0.0,25,2.503433972597122,3.3777717500925064,3.4515857696533203,0,50
candidate,20261176,2,2,99.0,1.0,1,1,0,0,0,0,0,0.0,47,2.418180888003491,3.2747115939855576,3.523096442222595,0,93
candidate,20261176,3,2,-8.0,2.5,0,0,0,0,0,0,0,0.04,25,2.3780614882707596,3.3204272389411926,3.384998068213463,0,50
candidate,20261177,0,1,-22.0,4.0,0,0,1,14,0,0,0,0.0,25,2.498827949166298,3.2391972839832306,3.2468903809785843,0,50
candidate,20261177,1,1,-8.0,2.5,0,0,0,0,0,0,0,0.047619047619047616,21,2.3452909219832647,2.9193274676799774,2.9372163116931915,0,42
candidate,20261177,2,1,-8.0,2.5,0,0,0,0,0,0,0,0.047619047619047616,21,2.3634702499423708,3.0299294739961624,3.19487601518631,0,42
candidate,20261177,3,1,38.0,1.0,1,0,0,0,0,0,0,0.047619047619047616,21,2.3940466344356537,3.300366923213005,3.342892974615097,0,42
candidate,20261178,0,1,-8.0,2.5,0,0,0,0,0,0,0,0.0,39,2.5299862504769592,3.2536746934056286,3.7221405655145645,0,78
candidate,20261178,1,1,35.0,1.0,1,0,0,0,0,0,0,0.02564102564102564,39,2.4405628060683227,3.333382122218609,3.439774736762047,0,78
candidate,20261178,2,1,-8.0,2.5,0,0,0,0,0,0,0,0.0,39,2.4668662689435177,3.463253751397133,3.548135980963707,0,78
candidate,20261178,3,1,-19.0,4.0,0,0,1,11,0,0,0,0.020833333333333332,48,2.440289167376856,3.380284830927849,3.6126598715782166,0,96
candidate,20261179,0,0,-8.0,2.5,0,0,0,0,0,0,0,0.015384615384615385,65,2.740878898363847,4.0579840540885925,5.086412653326988,0,130
candidate,20261179,1,0,69.0,1.0,1,1,0,0,0,0,0,0.02040816326530612,49,2.3850891358998356,3.086913749575615,3.1654369086027145,0,97
candidate,20261179,2,0,-18.0,4.0,0,0,1,10,0,0,0,0.015384615384615385,65,2.4357606871769977,3.296845033764839,4.022013396024704,0,130
candidate,20261179,3,0,-8.0,2.5,0,0,0,0,0,0,0,0.0,44,2.4724792773750695,3.4728990867733955,3.535078838467598,0,88
candidate,20261180,0,2,10.0,2.0,0,0,0,0,0,0,0,0.046153846153846156,65,2.3830882058693814,2.8782688081264496,3.2278280705213547,1,132
candidate,20261180,1,2,32.0,1.0,1,0,0,0,0,0,0,0.06666666666666667,30,2.429678849875927,3.114331327378749,3.416595980525017,0,60
candidate,20261180,2,2,-16.0,4.0,0,0,1,8,0,0,0,0.0,30,2.5475112721323967,3.5911166109144688,3.6325082182884216,0,60
candidate,20261180,3,2,-8.0,2.5,0,0,0,0,0,0,0,0.0,30,2.4389450127879777,3.320844657719135,3.3846870064735413,0,60
candidate,20261181,0,0,48.0,1.0,1,0,0,0,0,0,0,0.0,45,2.4944228844510183,3.2289795577526093,3.300819545984268,0,90
candidate,20261181,1,0,-37.0,3.0,0,0,0,0,0,0,0,0.021739130434782608,46,2.436186065492423,3.2807085663080215,3.7105660885572433,0,93
candidate,20261181,2,0,39.0,1.0,1,0,0,0,0,0,0,0.06382978723404255,47,2.3685755564811384,3.1480446457862845,3.7349220365285873,0,94
candidate,20261181,3,0,-8.0,2.5,0,0,0,0,0,0,0,0.0,45,2.4089219255579843,3.210221976041794,3.227485343813896,0,90
candidate,20261182,0,3,-16.0,3.0,0,0,0,0,0,0,0,0.047619047619047616,21,2.4773508665107546,3.1684543937444687,3.3096615225076675,0,43
candidate,20261182,1,3,48.0,1.0,1,1,0,0,0,0,0,0.0,22,2.483565868301825,3.497850801795721,3.5559069365262985,0,43
candidate,20261182,2,3,-16.0,3.0,0,0,0,0,0,0,0,0.09523809523809523,21,2.415173820086888,3.1865760684013367,3.189940005540848,0,43
candidate,20261182,3,3,-19.0,3.0,0,0,0,0,0,0,0,0.041666666666666664,24,2.3945618886500597,3.239724412560463,3.3145472407341003,0,49
candidate,20261183,0,1,-29.0,3.0,0,0,0,0,0,0,0,0.02857142857142857,35,2.48900263437203,3.329973481595516,3.3441316336393356,0,71
candidate,20261183,1,1,43.0,1.0,1,0,0,0,0,0,0,0.0,30,2.5430833299954734,3.6074048839509487,3.818988800048828,0,60
candidate,20261183,2,1,-8.0,2.5,0,0,0,0,0,0,0,0.029411764705882353,34,2.3827858488349354,3.1344004906713963,3.1994394958019257,0,68
candidate,20261183,3,1,-27.0,4.0,0,0,1,19,0,0,0,0.0,30,2.456177274386088,3.2706065103411674,3.282705321907997,0,60
candidate,20261184,0,1,-8.0,2.5,0,0,0,0,0,0,0,0.05555555555555555,36,2.414874008132352,2.956528216600418,3.177233040332794,0,72
candidate,20261184,1,1,33.0,1.0,1,0,0,0,0,0,0,0.13043478260869565,23,2.37528704430746,3.123622387647629,3.2894331961870193,0,46
candidate,20261184,2,1,35.0,1.0,1,0,0,0,0,0,0,0.0,14,2.5099160681877817,3.7198114208877087,3.998752683401108,0,28
candidate,20261184,3,1,-19.0,4.0,0,0,1,11,0,0,0,0.0,36,2.4414345518582397,3.292602486908436,3.345584496855736,0,72
candidate,20261185,0,1,-8.0,2.5,0,0,0,0,0,0,0,0.03773584905660377,53,2.429527423854144,2.948911488056183,3.2082684338092804,0,106
candidate,20261185,1,1,-19.0,4.0,0,0,1,11,0,0,0,0.05405405405405406,37,2.4095922205093743,3.174282610416412,3.2555796205997467,0,74
candidate,20261185,2,1,-8.0,2.5,0,0,0,0,0,0,0,0.022727272727272728,44,2.3939149792898786,3.3227909356355667,3.57716903090477,0,88
candidate,20261185,3,1,10.0,2.0,0,0,0,0,0,0,0,0.043478260869565216,69,2.2998878435380217,2.926504611968994,3.2183080911636353,1,139
candidate,20261186,0,3,-20.0,4.0,0,0,1,12,0,0,0,0.037037037037037035,54,2.424963163556876,2.981750015169382,3.306189551949501,0,108
candidate,20261186,1,3,-8.0,2.5,0,0,0,0,0,0,0,0.05128205128205128,39,2.4666892221340766,3.3995890989899635,4.148436710238457,0,78
candidate,20261186,2,3,-8.0,2.5,0,0,0,0,0,0,0,0.06818181818181818,44,2.3581796664405954,3.0018805526196957,3.1305979937314987,0,88
candidate,20261186,3,3,-17.0,4.0,0,0,1,9,0,0,0,0.0,36,2.415070724156168,3.2851542346179485,3.335772082209587,0,72
candidate,20261187,0,3,-17.0,3.0,0,0,0,0,0,0,0,0.017543859649122806,57,2.5157975849875234,3.370293602347374,3.4024566411972046,0,115
candidate,20261187,1,3,-8.0,2.5,0,0,0,0,0,0,0,0.0,44,2.544241703369401,3.4424278885126114,3.5664252936840057,0,88
candidate,20261187,2,3,37.0,1.0,1,0,0,0,0,0,0,0.0,44,2.4976593611592595,3.5380651243031025,3.573494032025337,0,88
candidate,20261187,3,3,-17.0,3.0,0,0,0,0,0,0,0,0.017543859649122806,57,2.418975133383483,3.269016742706299,3.3458247780799866,0,115
candidate,20261188,0,1,-8.0,2.5,0,0,0,0,0,0,0,0.0,39,2.510386734054639,3.1946979463100433,3.3574718981981277,0,78
candidate,20261188,1,1,78.0,1.0,1,1,0,0,0,0,0,0.017857142857142856,56,2.5443495251238346,3.521336242556572,3.689473494887352,0,111
candidate,20261188,2,1,-22.0,3.0,0,0,0,0,0,0,0,0.027777777777777776,72,2.3400526649008193,2.906611654907465,3.146763890981674,0,145
candidate,20261188,3,1,-8.0,2.5,0,0,0,0,0,0,0,0.07692307692307693,39,2.3353948520544248,3.072528913617134,3.108937293291092,0,78
candidate,20261189,0,3,-8.0,2.5,0,0,0,0,0,0,0,0.018867924528301886,53,2.468064954539515,3.1129997223615646,3.2935533672571182,0,106
candidate,20261189,1,3,-17.0,4.0,0,0,1,9,0,0,0,0.05263157894736842,57,2.434054716375836,3.2998863607645035,3.468157723546028,0,114
candidate,20261189,2,3,33.0,1.0,1,0,0,0,0,0,0,0.018867924528301886,53,2.467458505394324,3.334338590502739,4.029890522360802,0,106
candidate,20261189,3,3,-8.0,2.5,0,0,0,0,0,0,0,0.061224489795918366,49,2.3588833912294738,3.284801170229912,3.3609215170145035,0,98
candidate,20261190,0,1,-8.0,2.5,0,0,0,0,0,0,0,0.0,57,2.5097409491999105,3.4118305891752243,3.632180392742157,0,114
candidate,20261190,1,1,38.0,1.0,1,0,0,0,0,0,0,0.07017543859649122,57,2.3910644415177797,3.2371923327445984,3.2909084111452103,0,114
candidate,20261190,2,1,-24.0,3.0,0,0,0,0,0,0,0,0.0,58,2.593749267017019,3.7756334990262985,4.027692601084709,0,117
candidate,20261190,3,1,54.0,1.0,1,1,0,0,0,0,0,0.0,53,2.5184251157180317,3.7777565419673915,4.090143367648125,0,105
candidate,20261191,0,0,-19.0,3.0,0,0,0,0,0,0,0,0.0,53,2.515556466466976,3.5038381814956665,3.608766943216324,0,107
candidate,20261191,1,0,-8.0,2.5,0,0,0,0,0,0,0,0.0,43,2.437199227685152,3.13226617872715,3.1357556581497192,0,86
candidate,20261191,2,0,-8.0,2.5,0,0,0,0,0,0,0,0.05263157894736842,38,2.363980110538633,2.938534691929817,2.983061596751213,0,76
candidate,20261191,3,0,54.0,1.0,1,1,0,0,0,0,0,0.018518518518518517,54,2.448378717181859,3.4169327467679977,3.865256905555725,0,107
candidate,20261192,0,2,46.0,1.0,1,0,0,0,0,0,0,0.0,54,2.595882586858891,3.6036339588463306,4.993103444576263,0,108
candidate,20261192,1,2,36.0,1.0,1,0,0,0,0,0,0,0.0,43,2.552004877564519,3.584362007677555,3.662109375,0,86
candidate,20261192,2,2,-8.0,2.5,0,0,0,0,0,0,0,0.0,54,2.463247316579024,3.4728476777672763,3.618920221924782,0,108
candidate,20261192,3,2,-8.0,2.5,0,0,0,0,0,0,0,0.0,47,2.4842943282837564,3.3956415951251984,3.8092415779829025,0,94
candidate,20261193,0,1,-21.0,3.0,0,0,0,0,0,0,0,0.044444444444444446,45,2.4688944634464054,3.3880162984132767,3.5424549132585526,0,91
candidate,20261193,1,1,72.0,1.0,1,1,0,0,0,0,0,0.0,42,2.548706496045703,3.582764789462089,4.180066287517548,0,83
candidate,20261193,2,1,-21.0,3.0,0,0,0,0,0,0,0,0.06666666666666667,45,2.3090473893615933,2.761482447385788,3.856506198644638,0,91
candidate,20261193,3,1,-21.0,3.0,0,0,0,0,0,0,0,0.022222222222222223,45,2.347335177991125,2.9733631759881973,2.986384555697441,0,91
candidate,20261194,0,0,-8.0,2.5,0,0,0,0,0,0,0,0.0,48,2.4678739331041775,3.1003297306597233,3.1813886016607285,0,96
candidate,20261194,1,0,-8.0,2.5,0,0,0,0,0,0,0,0.0,60,2.499438760181268,3.3013922162353992,4.637621343135834,0,120
candidate,20261194,2,0,0.0,2.5,0,0,0,0,0,1,0,0.0,83,2.4567951324833444,3.340313956141472,3.364507108926773,0,167
candidate,20261194,3,0,-21.0,4.0,0,0,1,13,0,0,0,0.016666666666666666,60,2.4819593876600266,3.3763976767659187,4.569742828607559,0,120
candidate,20261195,0,0,-21.0,3.0,0,0,0,0,0,0,0,0.0273972602739726,73,2.5037693956943405,3.267920017242431,6.51123933494091,0,147
candidate,20261195,1,0,35.0,1.0,1,0,0,0,0,0,0,0.046511627906976744,43,2.3450674705727157,3.137993067502975,3.1931474804878235,0,86
candidate,20261195,2,0,-8.0,2.5,0,0,0,0,0,0,0,0.0,42,2.454439045063087,3.415666427463293,3.6073848605155945,0,84
candidate,20261195,3,0,-8.0,2.5,0,0,0,0,0,0,0,0.023809523809523808,42,2.4160474893592654,3.4059827215969563,3.46980057656765,0,84
candidate,20261196,0,1,32.0,1.0,1,0,0,0,0,0,0,0.015384615384615385,65,2.501620495548615,3.2338548451662064,5.098452791571617,0,130
candidate,20261196,1,1,0.0,2.5,0,0,0,0,0,1,1,0.0,85,2.5322998928673126,3.3995918929576874,4.234327003359795,0,170
candidate,20261196,2,1,0.0,2.5,0,0,0,0,0,1,1,0.0,85,2.4617754142074024,3.3858001232147217,5.637472495436668,0,170
candidate,20261196,3,1,0.0,2.5,0,0,0,0,0,1,1,0.011904761904761904,84,2.629741316749936,4.220585711300373,4.634670913219452,0,168
candidate,20261197,0,1,-8.0,2.5,0,0,0,0,0,0,0,0.02857142857142857,35,2.5526147335767746,3.482276760041712,4.371175542473793,0,70
candidate,20261197,1,1,-19.0,4.0,0,0,1,11,0,0,0,0.0,39,2.450676061786138,3.322646953165531,3.387385979294777,0,78
candidate,20261197,2,1,35.0,1.0,1,0,0,0,0,0,0,0.02564102564102564,39,2.3811664909888535,3.395589254796505,3.542467951774597,0,78
candidate,20261197,3,1,-21.0,3.0,0,0,0,0,0,0,0,0.08695652173913043,46,2.3461658021678096,3.0615823343396187,3.1625069677829742,0,93
candidate,20261198,0,0,-8.0,2.5,0,0,0,0,0,0,0,0.05172413793103448,58,2.372546827998655,2.9592538252472878,3.1271595507860184,0,116
candidate,20261198,1,0,-16.0,4.0,0,0,1,8,0,0,0,0.01639344262295082,61,2.4928349207659237,3.1772833317518234,5.538608878850937,0,122
candidate,20261198,2,0,-8.0,2.5,0,0,0,0,0,0,0,0.0,61,2.4783281517810507,3.3072587102651596,6.400680169463158,0,122
candidate,20261198,3,0,-16.0,4.0,0,0,1,8,0,0,0,0.0,39,2.391438358105146,3.2385483384132385,3.270011395215988,0,78
candidate,20261199,0,1,-17.0,3.0,0,0,0,0,0,0,0,0.034482758620689655,58,2.4837899053918906,3.050512727349996,6.462099030613899,0,117
candidate,20261199,1,1,-8.0,2.5,0,0,0,0,0,0,0,0.023809523809523808,42,2.44102498427743,3.2724170945584774,3.295527771115303,0,84
candidate,20261199,2,1,-8.0,2.5,0,0,0,0,0,0,0,0.04878048780487805,41,2.3157223604801223,2.9253102838993073,3.0679721385240555,0,82
candidate,20261199,3,1,-16.0,4.0,0,0,1,8,0,0,0,0.04878048780487805,41,2.3436268291822295,2.972705289721489,3.011813387274742,0,82
candidate,20261200,0,0,-8.0,2.5,0,0,0,0,0,0,0,0.023809523809523808,42,2.454947680234909,3.3313145861029625,3.4531932324171066,0,84
candidate,20261200,1,0,39.0,1.0,1,0,0,0,0,0,0,0.07142857142857142,42,2.3748002768982026,3.139378782361746,3.179434686899185,0,84
candidate,20261200,2,0,-24.0,4.0,0,0,1,16,0,0,0,0.0,37,2.534524562793809,3.4793276339769355,3.7799756973981857,0,74
candidate,20261200,3,0,-23.0,4.0,0,0,1,15,0,0,0,0.023809523809523808,42,2.543093991421518,3.545395843684673,4.844095557928085,0,84
candidate,20261201,0,3,-8.0,2.5,0,0,0,0,0,0,0,0.01694915254237288,59,2.4804453034017047,3.0519455671310416,5.582498386502266,0,118
candidate,20261201,1,3,32.0,1.0,1,0,0,0,0,0,0,0.01694915254237288,59,2.440194709826324,3.397357650101185,3.473849967122078,0,118
candidate,20261201,2,3,41.0,1.0,1,0,0,0,0,0,0,0.0,77,2.4795481669051305,3.436810150742531,4.0890611708164215,0,154
candidate,20261201,3,3,-16.0,4.0,0,0,1,8,0,0,0,0.01694915254237288,59,2.3645495332903783,3.1176052987575527,3.2421257346868515,0,118
candidate,20261202,0,2,-8.0,2.5,0,0,0,0,0,0,0,0.0,80,2.5199045659974217,3.2740199007093906,5.403336137533188,0,160
candidate,20261202,1,2,-21.0,3.0,0,0,0,0,0,0,0,0.02040816326530612,49,2.573639154434204,3.5626083612442017,7.223267108201981,0,99
candidate,20261202,2,2,-8.0,2.5,0,0,0,0,0,0,0,0.0,57,2.5455874243849204,3.3645413815975185,6.027247756719589,0,114
candidate,20261202,3,2,-21.0,3.0,0,0,0,0,0,0,0,0.02040816326530612,49,2.3668287892122657,3.085292875766754,3.2620709389448166,0,99
candidate,20261203,0,3,-20.0,4.0,0,0,1,12,0,0,0,0.0,36,2.503157282869021,3.4020249731838703,3.4782811999320984,0,72
candidate,20261203,1,3,-22.0,3.0,0,0,0,0,0,0,0,0.015625,64,2.5312337384093553,3.2372045330703254,6.009455770254135,0,129
candidate,20261203,2,3,36.0,1.0,1,0,0,0,0,0,0,0.0,36,2.5458960897392697,3.543510567396879,4.757922142744064,0,72
candidate,20261203,3,3,-8.0,2.5,0,0,0,0,0,0,0,0.025,40,2.4847647175192833,3.3205722458660603,4.456333816051483,0,80
candidate,20261204,0,2,-21.0,3.0,0,0,0,0,0,0,0,0.0,48,2.4854032089933753,3.1977584585547447,3.261679783463478,0,97
candidate,20261204,1,2,-21.0,3.0,0,0,0,0,0,0,0,0.0,46,2.4662055885014325,3.2201497815549374,3.2644085586071014,0,93
candidate,20261204,2,2,63.0,1.0,1,1,0,0,0,0,0,0.0,47,2.3983583805408886,3.2731637358665466,3.3110547810792923,0,93
candidate,20261204,3,2,50.0,1.0,1,0,0,0,0,0,0,0.0,45,2.438280110557874,3.3498287200927734,3.3902786672115326,0,90
candidate,20261205,0,1,84.0,1.0,1,1,0,0,0,0,0,0.05970149253731343,67,2.415128191238019,3.0167149379849434,3.2212529331445694,0,134
candidate,20261205,1,1,48.0,1.0,1,1,0,0,0,0,0,0.015151515151515152,66,2.411366779018532,3.1679687090218067,3.325255587697029,0,131
candidate,20261205,2,1,-8.0,2.5,0,0,0,0,0,0,0,0.022727272727272728,44,2.3720725016160444,3.0320443212985992,3.1732041388750076,0,88
candidate,20261205,3,1,-28.0,3.0,0,0,0,0,0,0,0,0.0,65,2.5014528861412635,3.4544918686151505,3.53165902197361,0,131
