model,wall_seed,seat,prevalent_wind,score,rank,win,self_draw,deal_in,deal_in_fan,big_deal_in,draw,draw_tenpai,call_rate,decisions,mean_decision_ms,p95_decision_ms,max_decision_ms,invalid_or_timeout,steps
old_e17,20260706,0,3,35.0,1.0,1,0,0,0,0,0,0,0.075,40,10.835419548675418,3.2213220372795996,337.12914027273655,0,80
old_e17,20260706,1,3,-17.0,4.0,0,0,1,9,0,0,0,0.09090909090909091,33,2.367418880263964,2.874741703271866,2.9275547713041306,0,66
old_e17,20260706,2,3,-19.0,4.0,0,0,1,11,0,0,0,0.0,36,2.4785183680554232,3.2741371542215347,3.4769847989082336,0,72
old_e17,20260706,3,3,-8.0,2.5,0,0,0,0,0,0,0,0.0,40,2.316921204328537,2.9135704040527344,2.9427185654640198,0,80
old_e17,20260707,0,1,-8.0,2.5,0,0,0,0,0,0,0,0.019230769230769232,52,2.5108240258235197,2.903526369482279,7.172496989369392,0,104
old_e17,20260707,1,1,-29.0,4.0,0,0,1,21,0,0,0,0.04477611940298507,67,2.4327335517797897,2.9737483710050583,4.692655056715012,0,134
old_e17,20260707,2,1,-8.0,2.5,0,0,0,0,0,0,0,0.014925373134328358,67,2.408066347463807,2.8775081038475037,5.58890774846077,0,134
old_e17,20260707,3,1,45.0,1.0,1,0,0,0,0,0,0,0.014925373134328358,67,2.4982336352565397,3.4872015938162804,4.87271323800087,0,134
old_e17,20260708,0,0,102.0,1.0,1,1,0,0,0,0,0,0.0,45,2.4748716917302875,3.1002264469861984,3.219524398446083,0,89
old_e17,20260708,1,0,-34.0,3.0,0,0,0,0,0,0,0,0.045454545454545456,44,2.356816040859981,2.8258846141397953,2.9317867010831833,0,89
old_e17,20260708,2,0,-34.0,3.0,0,0,0,0,0,0,0,0.045454545454545456,44,2.6068392379040066,3.775219339877367,3.825053572654724,0,89
old_e17,20260708,3,0,-34.0,3.0,0,0,0,0,0,0,0,0.022727272727272728,44,2.439740791239522,2.8931899927556515,6.583003327250481,0,89
old_e17,20260709,0,1,-8.0,2.5,0,0,0,0,0,0,0,0.0,28,2.409457295600857,2.897610329091549,2.9805991798639297,0,56
old_e17,20260709,1,1,-19.0,4.0,0,0,1,11,0,0,0,0.0,26,2.403745069526709,2.899658866226673,2.9678717255592346,0,52
old_e17,20260709,2,1,-8.0,2.5,0,0,0,0,0,0,0,0.022727272727272728,44,2.3634109053422105,2.9070116579532623,2.932421863079071,0,88
old_e17,20260709,3,1,35.0,1.0,1,0,0,0,0,0,0,0.03571428571428571,28,2.449278852769307,3.1935845501720905,5.558447912335396,0,56
old_e17,20260710,0,2,-23.0,3.0,0,0,0,0,0,0,0,0.0,29,2.454185408764872,2.9440902173519135,2.9579680413007736,0,59
old_e17,20260710,1,2,69.0,1.0,1,1,0,0,0,0,0,0.0,30,2.3929263775547347,2.9562192037701607,2.9761455953121185,0,59
old_e17,20260710,2,2,-23.0,3.0,0,0,0,0,0,0,0,0.034482758620689655,29,2.3342293269675354,2.843870595097542,2.886718139052391,0,59
old_e17,20260710,3,2,-23.0,3.0,0,0,0,0,0,0,0,0.0,29,2.402704915609853,3.047487512230873,3.0896365642547607,0,59
old_e17,20260711,0,3,-24.0,3.0,0,0,0,0,0,0,0,0.0,74,2.53177758910366,3.236174862831831,3.8988199084997177,0,149
old_e17,20260711,1,3,57.0,1.0,1,1,0,0,0,0,0,0.02702702702702703,74,2.3453897872083895,2.8084575198590755,2.8877537697553635,0,147
old_e17,20260711,2,3,-8.0,2.5,0,0,0,0,0,0,0,0.0,68,2.5200616732677994,3.2334068790078163,5.280328914523125,0,136
old_e17,20260711,3,3,-8.0,2.5,0,0,0,0,0,0,0,0.024390243902439025,41,2.357949616342056,2.9085762798786163,3.017006441950798,0,82
old_e17,20260712,0,1,-8.0,2.5,0,0,0,0,0,0,0,0.038461538461538464,52,2.3994745256809087,2.8026889078319073,3.0875392258167267,0,104
old_e17,20260712,1,1,52.0,1.0,1,0,0,0,0,0,0,0.0,52,2.5582952926365228,3.4017857164144516,4.959441721439362,0,104
old_e17,20260712,2,1,-28.0,3.0,0,0,0,0,0,0,0,0.0,60,2.4561486206948757,3.0356178060173984,6.670953705906868,0,121
old_e17,20260712,3,1,84.0,1.0,1,1,0,0,0,0,0,0.06557377049180328,61,2.352787853508699,2.6679448783397675,6.556704640388489,0,121
old_e17,20260713,0,0,48.0,1.0,1,0,0,0,0,0,0,0.0,56,2.4269521569034884,2.9670484364032745,3.010975196957588,0,112
old_e17,20260713,1,0,-22.0,3.0,0,0,0,0,0,0,0,0.01694915254237288,59,2.3582022700269345,2.8623746708035465,3.5859178751707077,0,119
old_e17,20260713,2,0,-18.0,3.0,0,0,0,0,0,0,0,0.03333333333333333,60,2.306208976854881,2.7081189677119255,2.9078032821416855,0,121
old_e17,20260713,3,0,33.0,1.0,1,0,0,0,0,0,0,0.04878048780487805,41,2.33976320340866,2.7926675975322723,2.831071615219116,0,82
old_e17,20260714,0,0,-8.0,2.5,0,0,0,0,0,0,0,0.02564102564102564,39,2.587386144277377,3.1041596084833145,7.384229451417923,0,78
old_e17,20260714,1,0,-8.0,2.5,0,0,0,0,0,0,0,0.04878048780487805,41,2.3988289531411193,2.9496848583221436,3.7623774260282516,0,82
old_e17,20260714,2,0,-16.0,4.0,0,0,1,8,0,0,0,0.0,41,2.4588267523341063,3.379814326763153,5.199287086725235,0,82
old_e17,20260714,3,0,32.0,1.0,1,0,0,0,0,0,0,0.024390243902439025,41,2.389643750176197,3.1800977885723114,3.200765699148178,0,82
old_e17,20260715,0,1,108.0,1.0,1,1,0,0,0,0,0,0.03571428571428571,56,2.390622460682477,2.9482650570571423,3.741636872291565,0,111
old_e17,20260715,1,1,33.0,1.0,1,0,0,0,0,0,0,0.0,62,2.4984103417204273,3.2811119221150875,3.421217203140259,0,124
old_e17,20260715,2,1,-17.0,4.0,0,0,1,9,0,0,0,0.016129032258064516,62,2.389774807999211,2.9523946344852448,3.772292286157608,0,124
old_e17,20260715,3,1,35.0,1.0,1,0,0,0,0,0,0,0.01639344262295082,61,2.357514727799619,2.9621627181768417,3.0412618070840836,0,122
old_e17,20260716,0,1,-8.0,2.5,0,0,0,0,0,0,0,0.0,40,2.4475106969475746,3.078520018607378,3.2609254121780396,0,80
old_e17,20260716,1,1,42.0,1.0,1,0,0,0,0,0,0,0.037037037037037035,27,2.4290129680324486,3.028431162238121,3.176974132657051,0,54
old_e17,20260716,2,1,-26.0,4.0,0,0,1,18,0,0,0,0.07407407407407407,27,2.3381580357198364,2.801741845905781,2.853095531463623,0,54
old_e17,20260716,3,1,-8.0,2.5,0,0,0,0,0,0,0,0.0,27,2.3579845135962523,2.9456883668899536,3.00016812980175,0,54
old_e17,20260717,0,3,-24.0,4.0,0,0,1,16,0,0,0,0.0,49,2.439778982376566,2.9477037489414215,3.1800996512174606,0,98
old_e17,20260717,1,3,40.0,1.0,1,0,0,0,0,0,0,0.0,49,2.4232485768746357,3.1717848032712936,3.2274387776851654,0,98
old_e17,20260717,2,3,35.0,1.0,1,0,0,0,0,0,0,0.030303030303030304,66,2.726947916953853,4.103634040802717,5.7635847479105,0,132
old_e17,20260717,3,3,-8.0,2.5,0,0,0,0,0,0,0,0.0,49,2.410779079916526,2.9844388365745544,4.318824037909508,0,98
old_e17,20260718,0,2,-8.0,2.5,0,0,0,0,0,0,0,0.016129032258064516,62,2.4026963379113906,2.879109885543585,2.9520802199840546,0,124
old_e17,20260718,1,2,-17.0,4.0,0,0,1,9,0,0,0,0.03225806451612903,62,2.4610388903848586,2.889561653137207,6.684476509690285,0,124
old_e17,20260718,2,2,-8.0,2.5,0,0,0,0,0,0,0,0.016129032258064516,62,2.3649713445094322,2.9520511627197266,3.0602775514125824,0,124
old_e17,20260718,3,2,-36.0,3.0,0,0,0,0,0,0,0,0.01282051282051282,78,2.365713365949117,2.9934887774288654,3.0854959040880203,0,157
old_e17,20260719,0,0,32.0,1.0,1,0,0,0,0,0,0,0.012987012987012988,77,2.4244325211295834,2.9218506067991257,3.7417281419038773,0,154
old_e17,20260719,1,0,-8.0,2.5,0,0,0,0,0,0,0,0.0,74,2.398934920091887,3.00508514046669,3.08079831302166,0,148
old_e17,20260719,2,0,-16.0,4.0,0,0,1,8,0,0,0,0.03896103896103896,77,2.407699000912827,2.7489997446537022,7.562955841422081,0,154
old_e17,20260719,3,0,-17.0,3.0,0,0,0,0,0,0,0,0.012345679012345678,81,2.503864168200964,3.2197795808315277,6.829483434557915,0,163
old_e17,20260720,0,2,-8.0,2.5,0,0,0,0,0,0,0,0.047619047619047616,63,2.3651840313086434,2.7551792562007904,2.9240045696496964,0,126
old_e17,20260720,1,2,35.0,1.0,1,0,0,0,0,0,0,0.0,66,2.5308525584863895,3.30875301733613,6.18613138794899,0,132
old_e17,20260720,2,2,33.0,1.0,1,0,0,0,0,0,0,0.031746031746031744,63,2.3847515916540507,2.9763469472527504,4.380548372864723,0,126
old_e17,20260720,3,2,-18.0,4.0,0,0,1,10,0,0,0,0.015625,64,2.4040337884798646,2.873921673744917,6.72842375934124,0,128
old_e17,20260721,0,1,-8.0,2.5,0,0,0,0,0,0,0,0.041666666666666664,24,2.4962505170454583,3.0004633590579033,4.216717556118965,0,48
old_e17,20260721,1,1,-8.0,2.5,0,0,0,0,0,0,0,0.0,20,2.3329456336796284,2.9106562957167625,2.9658544808626175,0,40
old_e17,20260721,2,1,34.0,1.0,1,0,0,0,0,0,0,0.08333333333333333,24,2.344371983781457,2.8920630924403667,2.9577743262052536,0,48
old_e17,20260721,3,1,-18.0,4.0,0,0,1,10,0,0,0,0.0,24,2.3910001230736575,2.9069549404084682,3.010367974638939,0,48
old_e17,20260722,0,3,34.0,1.0,1,0,0,0,0,0,0,0.05084745762711865,59,2.367686953837589,2.7168879285454746,2.9727593064308167,0,118
old_e17,20260722,1,3,-18.0,4.0,0,0,1,10,0,0,0,0.03389830508474576,59,2.464711634536921,2.794581465423107,8.368855342268944,0,118
old_e17,20260722,2,3,-8.0,2.5,0,0,0,0,0,0,0,0.03389830508474576,59,2.3680145583920558,2.763100527226925,6.024869158864021,0,118
old_e17,20260722,3,3,-8.0,2.5,0,0,0,0,0,0,0,0.01694915254237288,59,2.408707040851399,2.862100303173065,7.188122719526291,0,118
old_e17,20260723,0,0,-18.0,3.0,0,0,0,0,0,0,0,0.02702702702702703,37,2.4354156811495087,2.992303296923637,3.0603762716054916,0,75
old_e17,20260723,1,0,36.0,1.0,1,0,0,0,0,0,0,0.0,39,2.4147859464089074,3.0036304146051407,3.122275695204735,0,78
old_e17,20260723,2,0,48.0,1.0,1,1,0,0,0,0,0,0.06666666666666667,30,2.405388094484806,3.2089367508888245,3.230048343539238,0,59
old_e17,20260723,3,0,-8.0,2.5,0,0,0,0,0,0,0,0.02564102564102564,39,2.4407610583763857,3.1183863058686256,5.70344366133213,0,78
old_e17,20260724,0,2,-34.0,3.0,0,0,0,0,0,0,0,0.014925373134328358,67,2.55289890650493,3.1677698716521263,7.436592131853104,0,135
old_e17,20260724,1,2,-17.0,4.0,0,0,1,9,0,0,0,0.046153846153846156,65,2.4874805830992184,3.014106303453445,6.9766417145729065,0,130
old_e17,20260724,2,2,-33.0,4.0,0,0,1,25,0,0,0,0.0,59,2.423629669819848,3.223338536918163,3.362981602549553,0,118
old_e17,20260724,3,2,49.0,1.0,1,0,0,0,0,0,0,0.0,67,2.516618359889557,3.1652793288230896,7.8863706439733505,0,134
old_e17,20260725,0,2,35.0,1.0,1,0,0,0,0,0,0,0.0,61,2.5231489820069952,3.293924033641815,3.607615828514099,0,122
old_e17,20260725,1,2,-17.0,3.0,0,0,0,0,0,0,0,0.047619047619047616,42,2.4251177729595277,2.884313557296991,5.71359321475029,0,85
old_e17,20260725,2,2,-8.0,2.5,0,0,0,0,0,0,0,0.0,27,2.3665027347979724,2.891520783305168,2.896692603826523,0,54
old_e17,20260725,3,2,34.0,1.0,1,0,0,0,0,0,0,0.02564102564102564,78,2.424467952014544,3.290708549320698,3.4824851900339127,0,157
old_e17,20260726,0,1,-19.0,4.0,0,0,1,11,0,0,0,0.0,68,2.4750357329407158,2.965637668967247,5.677476525306702,0,136
old_e17,20260726,1,1,-8.0,2.5,0,0,0,0,0,0,0,0.014925373134328358,67,2.3916483259023127,3.0338363721966743,3.105258569121361,0,134
old_e17,20260726,2,1,-8.0,2.5,0,0,0,0,0,0,0,0.015151515151515152,66,2.538368162332159,3.359131049364805,5.838865414261818,0,132
old_e17,20260726,3,1,35.0,1.0,1,0,0,0,0,0,0,0.014705882352941176,68,2.3983668207245716,3.0709083192050457,3.1362976878881454,0,136
old_e17,20260727,0,1,-8.0,2.5,0,0,0,0,0,0,0,0.04878048780487805,41,2.425233674485509,2.7473215013742447,5.204301327466965,0,82
old_e17,20260727,1,1,-8.0,2.5,0,0,0,0,0,0,0,0.0,41,2.4692881398084685,3.1831208616495132,3.4881308674812317,0,82
old_e17,20260727,2,1,-17.0,4.0,0,0,1,9,0,0,0,0.0,41,2.3568610138282544,2.907419577240944,2.945728600025177,0,82
old_e17,20260727,3,1,33.0,1.0,1,0,0,0,0,0,0,0.07317073170731707,41,2.456346572172351,2.679402008652687,6.012484431266785,0,82
old_e17,20260728,0,1,-16.0,3.0,0,0,0,0,0,0,0,0.04878048780487805,41,2.3601643014244917,2.7920547872781754,2.9037408530712128,0,83
old_e17,20260728,1,1,-8.0,2.5,0,0,0,0,0,0,0,0.0,52,2.378504042728589,2.94818002730608,2.9855258762836456,0,104
old_e17,20260728,2,1,-16.0,3.0,0,0,0,0,0,0,0,0.024390243902439025,41,2.4315447705547983,2.902338281273842,5.990266799926758,0,83
old_e17,20260728,3,1,60.0,1.0,1,1,0,0,0,0,0,0.0,44,2.4253071539781312,3.230828046798706,3.9884336292743683,0,87
old_e17,20260729,0,3,-19.0,4.0,0,0,1,11,0,0,0,0.0,65,2.515673952607008,3.196335583925247,4.071712493896484,0,130
old_e17,20260729,1,3,34.0,1.0,1,0,0,0,0,0,0,0.0,68,2.511326360571034,3.2166186720132828,6.334956735372543,0,136
old_e17,20260729,2,3,-8.0,2.5,0,0,0,0,0,0,0,0.014705882352941176,68,2.3914290701641754,2.9661319218575954,3.1016599386930466,0,136
old_e17,20260729,3,3,0.0,2.5,0,0,0,0,0,1,1,0.011764705882352941,85,2.3965062902254215,2.8839312493801117,5.188247188925743,0,170
old_e17,20260730,0,1,-17.0,4.0,0,0,1,9,0,0,0,0.047058823529411764,85,2.3991892442983738,2.7449898421764374,4.403512924909592,0,170
old_e17,20260730,1,1,-8.0,2.5,0,0,0,0,0,0,0,0.03225806451612903,31,2.377113147128013,2.946014516055584,3.00024077296257,0,62
old_e17,20260730,2,1,-8.0,2.5,0,0,0,0,0,0,0,0.03225806451612903,31,2.4554248779050765,2.917408011853695,5.977129563689232,0,62
old_e17,20260730,3,1,33.0,1.0,1,0,0,0,0,0,0,0.03225806451612903,31,2.397157852688143,2.9725031927227974,3.0205491930246353,0,62
old_e17,20260731,0,2,51.0,1.0,1,1,0,0,0,0,0,0.01818181818181818,55,2.4486377496610987,3.037996217608452,3.63321416079998,0,109
old_e17,20260731,1,2,-8.0,2.5,0,0,0,0,0,0,0,0.0,51,2.5973446009790195,3.475039266049862,5.682148039340973,0,102
old_e17,20260731,2,2,-17.0,3.0,0,0,0,0,0,0,0,0.018518518518518517,54,2.420761829449071,3.15882358700037,3.2093115150928497,0,109
old_e17,20260731,3,2,-8.0,2.5,0,0,0,0,0,0,0,0.022222222222222223,45,2.339319181111124,2.843288332223892,2.9295943677425385,0,90
old_e17,20260732,0,1,38.0,1.0,1,0,0,0,0,0,0,0.07142857142857142,28,2.3941571957298686,2.906832005828619,2.934880554676056,0,56
old_e17,20260732,1,1,-8.0,2.5,0,0,0,0,0,0,0,0.02,50,2.530565522611141,2.859908062964678,7.091030478477478,0,100
old_e17,20260732,2,1,-8.0,2.5,0,0,0,0,0,0,0,0.0,28,2.37357902473637,2.9633047059178352,3.015439957380295,0,56
old_e17,20260732,3,1,-17.0,4.0,0,0,1,9,0,0,0,0.0,28,2.537946349808148,3.158882260322571,6.182603538036346,0,56
old_e17,20260733,0,1,-21.0,3.0,0,0,0,0,0,0,0,0.03076923076923077,65,2.4106414845356574,2.8985098004341125,3.5897009074687958,0,131
old_e17,20260733,1,1,-8.0,2.5,0,0,0,0,0,0,0,0.030303030303030304,66,2.349050518012408,2.7859467081725597,2.8944220393896103,0,132
old_e17,20260733,2,1,63.0,1.0,1,1,0,0,0,0,0,0.015151515151515152,66,2.419364723292264,3.006238956004381,5.129935219883919,0,131
old_e17,20260733,3,1,-21.0,3.0,0,0,0,0,0,0,0,0.0,65,2.385571140509385,3.0624669045209885,3.500569611787796,0,131
old_e17,20260734,0,0,-18.0,3.0,0,0,0,0,0,0,0,0.02666666666666667,75,2.428937926888466,2.845594845712185,4.917467013001442,0,151
old_e17,20260734,1,0,-17.0,4.0,0,0,1,9,0,0,0,0.0,32,2.417582320049405,3.048249427229166,3.0819978564977646,0,64
old_e17,20260734,2,0,38.0,1.0,1,0,0,0,0,0,0,0.0,68,2.3815114708507763,3.0576002784073353,3.0838344246149063,0,136
old_e17,20260734,3,0,54.0,1.0,1,1,0,0,0,0,0,0.013888888888888888,72,2.3324263747781515,2.903713658452034,3.0022505670785904,0,143
old_e17,20260735,0,3,-8.0,2.5,0,0,0,0,0,0,0,0.02127659574468085,47,2.3862920860026744,2.8148986399173737,2.9282886534929276,0,94
old_e17,20260735,1,3,36.0,1.0,1,0,0,0,0,0,0,0.0,52,2.413126926582593,3.1290989369153976,3.3012796193361282,0,104
old_e17,20260735,2,3,-8.0,2.5,0,0,0,0,0,0,0,0.0196078431372549,51,2.395162651059674,3.0672727152705193,3.0888058245182037,0,102
old_e17,20260735,3,3,-21.0,4.0,0,0,1,13,0,0,0,0.0392156862745098,51,2.3322037110726037,2.888093702495098,2.9980558902025223,0,102
old_e17,20260736,0,0,-28.0,4.0,0,0,1,20,0,0,0,0.08571428571428572,35,2.36072481742927,2.708776853978634,2.857144922018051,0,70
old_e17,20260736,1,0,-8.0,2.5,0,0,0,0,0,0,0,0.02857142857142857,35,2.3631990488086427,2.809259667992592,2.9067154973745346,0,70
old_e17,20260736,2,0,-8.0,2.5,0,0,0,0,0,0,0,0.0,19,2.3171897781522652,2.897512912750244,2.904225140810013,0,38
old_e17,20260736,3,0,43.0,1.0,1,0,0,0,0,0,0,0.10526315789473684,19,2.2701170099409005,2.7462719008326526,2.9008425772190094,0,38
old_e17,20260737,0,0,-24.0,3.0,0,0,0,0,0,0,0,0.029411764705882353,34,2.4016854517600117,2.8374110348522663,2.980899065732956,0,69
old_e17,20260737,1,0,-24.0,3.0,0,0,0,0,0,0,0,0.0,34,2.408896408536855,3.034542314708233,3.1432416290044785,0,69
old_e17,20260737,2,0,34.0,1.0,1,0,0,0,0,0,0,0.0,34,2.4386100361452385,3.24727576225996,3.586217761039734,0,68
old_e17,20260737,3,0,-24.0,3.0,0,0,0,0,0,0,0,0.058823529411764705,34,2.30702363392886,2.8824785724282265,2.948615700006485,0,69
old_e17,20260738,0,0,75.0,1.0,1,1,0,0,0,0,0,0.0,64,2.432535053230822,2.989746071398258,3.06817889213562,0,129
old_e17,20260738,1,0,-17.0,4.0,0,0,1,9,0,0,0,0.044444444444444446,45,2.392930785814921,2.928446978330612,2.971535548567772,0,90
old_e17,20260738,2,0,-8.0,2.5,0,0,0,0,0,0,0,0.0,41,2.4969191176862253,3.4466292709112167,3.6975331604480743,0,84
old_e17,20260738,3,0,-8.0,2.5,0,0,0,0,0,0,0,0.07142857142857142,42,2.279949729286489,2.669841423630714,2.7304161339998245,0,84
old_e17,20260739,0,0,-26.0,3.0,0,0,0,0,0,0,0,0.0,36,2.5455644871625633,3.422707784920931,3.701990470290184,0,73
old_e17,20260739,1,0,-26.0,3.0,0,0,0,0,0,0,0,0.027777777777777776,36,2.377918352269464,2.8885984793305397,2.941722050309181,0,73
old_e17,20260739,2,0,-26.0,3.0,0,0,0,0,0,0,0,0.0,36,2.478483236498303,3.177480772137642,4.4221095740795135,0,73
old_e17,20260739,3,0,78.0,1.0,1,1,0,0,0,0,0,0.08108108108108109,37,2.3097761881512566,2.693633362650871,2.9612500220537186,0,73
old_e17,20260740,0,1,-8.0,2.5,0,0,0,0,0,0,0,0.0,38,2.5540385885458243,3.354643564671278,3.683280199766159,0,76
old_e17,20260740,1,1,-19.0,4.0,0,0,1,11,0,0,0,0.0,38,2.409045829584724,3.0998419038951397,3.138408064842224,0,76
old_e17,20260740,2,1,-33.0,4.0,0,0,1,25,0,0,0,0.06,50,2.298150695860386,2.6540102437138557,2.6748720556497574,0,100
old_e17,20260740,3,1,-20.0,4.0,0,0,1,12,0,0,0,0.0,28,2.354332378932408,2.93381055817008,2.948302775621414,0,56
old_e17,20260741,0,1,-8.0,2.5,0,0,0,0,0,0,0,0.022727272727272728,44,2.5150609541345728,2.852167282253504,9.598083794116974,0,88
old_e17,20260741,1,1,-8.0,2.5,0,0,0,0,0,0,0,0.045454545454545456,44,2.4444741958921608,2.7991442009806633,5.703255534172058,0,88
old_e17,20260741,2,1,-19.0,4.0,0,0,1,11,0,0,0,0.0,45,2.465083160334163,3.0276287347078323,5.2728187292814255,0,90
old_e17,20260741,3,1,35.0,1.0,1,0,0,0,0,0,0,0.045454545454545456,44,2.331499433652921,2.9804417863488197,3.0220877379179,0,88
old_e17,20260742,0,1,32.0,1.0,1,0,0,0,0,0,0,0.017857142857142856,56,2.535769815689751,3.156021237373352,6.664073094725609,0,112
old_e17,20260742,1,1,-23.0,4.0,0,0,1,15,0,0,0,0.027777777777777776,72,2.4664283005727663,3.230836521834135,3.931194543838501,0,144
old_e17,20260742,2,1,-8.0,2.5,0,0,0,0,0,0,0,0.0,44,2.5136467831378635,3.0698485672473907,6.623504683375359,0,88
old_e17,20260742,3,1,-8.0,2.5,0,0,0,0,0,0,0,0.046875,64,2.3777910391800106,2.756678592413664,6.702961400151253,0,128
old_e17,20260743,0,3,-8.0,2.5,0,0,0,0,0,0,0,0.0,22,2.425788224420764,2.9163015075027943,2.938436344265938,0,44
old_e17,20260743,1,3,-8.0,2.5,0,0,0,0,0,0,0,0.0,47,2.8152484446763992,4.102990962564945,4.242172464728355,0,94
old_e17,20260743,2,3,0.0,2.5,0,0,0,0,0,1,0,0.011494252873563218,87,2.3884868955817717,2.946784347295761,3.5982485860586166,0,174
old_e17,20260743,3,3,0.0,2.5,0,0,0,0,0,1,0,0.0,84,2.399956142263753,3.0751519836485386,3.149382770061493,0,168
old_e17,20260744,0,3,-16.0,3.0,0,0,0,0,0,0,0,0.020833333333333332,48,2.385334810242057,2.836584858596325,2.9235761612653732,0,97
old_e17,20260744,1,3,-18.0,3.0,0,0,0,0,0,0,0,0.0,47,2.3688347415721163,2.883896604180336,2.914929762482643,0,95
old_e17,20260744,2,3,-18.0,3.0,0,0,0,0,0,0,0,0.0,49,2.449225330231141,3.1956590712070465,3.3145789057016373,0,99
old_e17,20260744,3,3,-16.0,3.0,0,0,0,0,0,0,0,0.020833333333333332,48,2.3705147905275226,3.0104135163128376,3.1172167509794235,0,97
old_e17,20260745,0,3,57.0,1.0,1,1,0,0,0,0,0,0.03125,64,2.3717692238278687,2.8464453294873238,2.9222238808870316,0,127
old_e17,20260745,1,3,-19.0,3.0,0,0,0,0,0,0,0,0.047619047619047616,63,2.325363013715971,2.9316918924450874,2.961898222565651,0,127
old_e17,20260745,2,3,-8.0,2.5,0,0,0,0,0,0,0,0.046511627906976744,43,2.333024170163066,2.754935808479786,2.8818510472774506,0,86
old_e17,20260745,3,3,-19.0,3.0,0,0,0,0,0,0,0,0.015873015873015872,63,2.3387533036016284,2.8956949710845947,2.9289796948432922,0,127
old_e17,20260746,0,1,-8.0,2.5,0,0,0,0,0,0,0,0.0,26,2.4527164462667246,2.987620886415243,3.0155759304761887,0,52
old_e17,20260746,1,1,-8.0,2.5,0,0,0,0,0,0,0,0.07692307692307693,26,2.3679218899745207,2.900251653045416,2.9068905860185623,0,52
old_e17,20260746,2,1,43.0,1.0,1,0,0,0,0,0,0,0.07692307692307693,26,2.2921165308127036,2.725532278418541,2.931058406829834,0,52
old_e17,20260746,3,1,-27.0,4.0,0,0,1,19,0,0,0,0.03333333333333333,30,2.4101600671807923,3.085527941584587,3.2095760107040405,0,60
old_e17,20260747,0,3,-8.0,2.5,0,0,0,0,0,0,0,0.015384615384615385,65,2.485902492816632,3.110174834728241,4.017811268568039,0,130
old_e17,20260747,1,3,0.0,2.5,0,0,0,0,0,1,0,0.0,84,2.394133624398992,3.0059022828936577,3.15098837018013,0,168
old_e17,20260747,2,3,-20.0,4.0,0,0,1,12,0,0,0,0.0,65,2.3723018857148976,2.9914382845163345,3.0227117240428925,0,130
old_e17,20260747,3,3,-20.0,4.0,0,0,1,12,0,0,0,0.03225806451612903,62,2.3167712253428276,2.752129454165697,2.862434834241867,0,124
old_e17,20260748,0,2,48.0,1.0,1,1,0,0,0,0,0,0.06557377049180328,61,2.4040069308925847,3.013303503394127,3.071276471018791,0,121
old_e17,20260748,1,2,0.0,2.5,0,0,0,0,0,1,1,0.0,83,2.4617166449147536,3.188866376876831,3.3331476151943207,0,167
old_e17,20260748,2,2,0.0,2.5,0,0,0,0,0,1,1,0.011904761904761904,84,2.449603152594396,3.2388790510594845,3.414701670408249,0,167
old_e17,20260748,3,2,-17.0,4.0,0,0,1,9,0,0,0,0.0,60,2.3805078119039536,2.917321678251028,3.079695627093315,0,121
old_e17,20260749,0,3,32.0,1.0,1,0,0,0,0,0,0,0.01818181818181818,55,2.5022886354814875,3.299739770591259,3.418123349547386,0,110
old_e17,20260749,1,3,-24.0,4.0,0,0,1,16,0,0,0,0.0,26,2.392590045928955,2.9225535690784454,2.9293242841959,0,52
old_e17,20260749,2,3,-8.0,2.5,0,0,0,0,0,0,0,0.0,34,2.4098167743752983,2.9082254506647587,3.803955391049385,0,68
old_e17,20260749,3,3,-8.0,2.5,0,0,0,0,0,0,0,0.038461538461538464,26,2.3267996282531667,2.816747408360243,2.9304269701242447,0,52
old_e17,20260750,0,3,32.0,1.0,1,0,0,0,0,0,0,0.014705882352941176,68,2.5080699090133693,3.213988523930311,4.225004464387894,0,137
old_e17,20260750,1,3,32.0,1.0,1,0,0,0,0,0,0,0.029411764705882353,34,2.454170792856637,3.2058989629149433,3.6476552486419678,0,68
old_e17,20260750,2,3,-8.0,2.5,0,0,0,0,0,0,0,0.058823529411764705,34,2.3050712531103805,2.686561457812786,2.7219951152801514,0,68
old_e17,20260750,3,3,-8.0,2.5,0,0,0,0,0,0,0,0.058823529411764705,34,2.3445481544031814,2.7612404897809024,3.4050364047288895,0,68
old_e17,20260751,0,0,0.0,2.5,0,0,0,0,0,1,1,0.03488372093023256,86,2.4193033229473024,2.8784479945898056,4.59820032119751,0,172
old_e17,20260751,1,0,-22.0,3.0,0,0,0,0,0,0,0,0.03225806451612903,62,2.3553103148456542,2.6666891761124134,3.17964144051075,0,125
old_e17,20260751,2,0,-8.0,2.5,0,0,0,0,0,0,0,0.0,38,2.4724019887415984,3.219137527048585,4.839383065700531,0,76
old_e17,20260751,3,0,-8.0,2.5,0,0,0,0,0,0,0,0.023255813953488372,43,2.3492536572522895,2.844918891787529,2.9952935874462128,0,86
old_e17,20260752,0,2,-8.0,2.5,0,0,0,0,0,0,0,0.02,50,2.5437643006443977,3.160138428211212,5.8281924575567245,0,100
old_e17,20260752,1,2,-8.0,2.5,0,0,0,0,0,0,0,0.022222222222222223,45,2.482477906677458,3.1228795647621155,3.5855229943990707,0,90
old_e17,20260752,2,2,-32.0,3.0,0,0,0,0,0,0,0,0.0,58,2.4554564071626497,3.0231494456529617,5.490491166710854,0,117
old_e17,20260752,3,2,102.0,1.0,1,1,0,0,0,0,0,0.0,55,2.5014645674011926,3.4852657467126846,4.142368212342262,0,109
old_e17,20260753,0,0,-8.0,2.5,0,0,0,0,0,0,0,0.0,66,2.5411103146545813,3.3477717079222202,3.411354497075081,0,132
old_e17,20260753,1,0,-20.0,4.0,0,0,1,12,0,0,0,0.0,58,2.402355220040371,2.97766150906682,2.9930714517831802,0,116
old_e17,20260753,2,0,48.0,1.0,1,0,0,0,0,0,0,0.0,66,2.3680135720607005,2.956715412437916,2.981811761856079,0,132
old_e17,20260753,3,0,-8.0,2.5,0,0,0,0,0,0,0,0.017241379310344827,58,2.346349558953581,2.9737452045083046,3.0393600463867188,0,116
old_e17,20260754,0,1,-8.0,2.5,0,0,0,0,0,0,0,0.0,52,2.420301620776837,2.9016165994107723,2.9242001473903656,0,104
old_e17,20260754,1,1,-21.0,3.0,0,0,0,0,0,0,0,0.02040816326530612,49,2.374849339224854,2.9571492224931704,3.16477008163929,0,99
old_e17,20260754,2,1,-41.0,3.0,0,0,0,0,0,0,0,0.01639344262295082,61,2.354242212948252,2.8776712715625763,2.9303990304470062,0,123
old_e17,20260754,3,1,37.0,1.0,1,0,0,0,0,0,0,0.019230769230769232,52,2.3805955424904823,2.9485159553587437,3.137657418847084,0,104
old_e17,20260755,0,3,-19.0,4.0,0,0,1,11,0,0,0,0.022222222222222223,45,2.4234510544273586,2.9222488403320312,3.0497051775455475,0,90
old_e17,20260755,1,3,-17.0,3.0,0,0,0,0,0,0,0,0.02564102564102564,39,2.4441713228439674,3.165879286825657,3.402242437005043,0,79
old_e17,20260755,2,3,-8.0,2.5,0,0,0,0,0,0,0,0.0,45,2.3638303495115705,2.9374275356531143,2.9740147292613983,0,90
old_e17,20260755,3,3,-8.0,2.5,0,0,0,0,0,0,0,0.044444444444444446,45,2.419902425673273,3.226157277822494,3.5714469850063324,0,90
old_e17,20260756,0,1,-8.0,2.5,0,0,0,0,0,0,0,0.02857142857142857,35,2.3775546678474972,2.726980298757553,2.9339920729398727,0,70
old_e17,20260756,1,1,-8.0,2.5,0,0,0,0,0,0,0,0.03773584905660377,53,2.344794219957208,2.8255045413970947,2.9366519302129745,0,106
old_e17,20260756,2,1,-8.0,2.5,0,0,0,0,0,0,0,0.0,53,2.4173670922810175,3.1145766377449036,3.26666422188282,0,106
old_e17,20260756,3,1,36.0,1.0,1,0,0,0,0,0,0,0.018867924528301886,53,2.3857351603373043,3.1480349600315094,3.3011920750141144,0,106
old_e17,20260757,0,1,34.0,1.0,1,0,0,0,0,0,0,0.02702702702702703,37,2.430780211815963,2.8881166130304337,3.0021630227565765,0,74
old_e17,20260757,1,1,-18.0,4.0,0,0,1,10,0,0,0,0.0,33,2.4178760182676893,2.967987582087517,3.0056852847337723,0,66
old_e17,20260757,2,1,-8.0,2.5,0,0,0,0,0,0,0,0.02702702702702703,37,2.33891888244732,2.736485004425049,3.009861335158348,0,74
old_e17,20260757,3,1,-8.0,2.5,0,0,0,0,0,0,0,0.0,37,2.357716848318641,2.9777828603982925,2.997184172272682,0,74
old_e17,20260758,0,0,-21.0,3.0,0,0,0,0,0,0,0,0.0,42,2.5021869777923538,3.154925722628832,3.3606495708227158,0,85
old_e17,20260758,1,0,-21.0,3.0,0,0,0,0,0,0,0,0.0,42,2.42004335104,3.239044081419706,3.2720882445573807,0,85
old_e17,20260758,2,0,-21.0,3.0,0,0,0,0,0,0,0,0.07142857142857142,42,2.3192468409736953,2.7228947728872295,2.8523746877908707,0,85
old_e17,20260758,3,0,63.0,1.0,1,1,0,0,0,0,0,0.0,43,2.424176262561665,3.1833237037062645,3.236871212720871,0,85
old_e17,20260759,0,3,-20.0,3.0,0,0,0,0,0,0,0,0.016129032258064516,62,2.3880675735492862,2.841685246676206,2.9407087713479996,0,125
old_e17,20260759,1,3,-18.0,3.0,0,0,0,0,0,0,0,0.03125,64,2.351904520764947,2.705164812505245,3.6849454045295715,0,129
old_e17,20260759,2,3,48.0,1.0,1,1,0,0,0,0,0,0.0,55,2.4986211210489273,3.2433001324534407,5.862493067979813,0,109
old_e17,20260759,3,3,-20.0,3.0,0,0,0,0,0,0,0,0.04838709677419355,62,2.3180518840109148,2.8940956108272076,2.9846802353858948,0,125
old_e17,20260760,0,2,-16.0,3.0,0,0,0,0,0,0,0,0.0,52,2.5772608171861906,3.437905106693506,3.723515197634697,0,105
old_e17,20260760,1,2,-16.0,3.0,0,0,0,0,0,0,0,0.037037037037037035,54,2.444958383286441,3.0452646315097787,5.330940708518028,0,109
old_e17,20260760,2,2,32.0,1.0,1,0,0,0,0,0,0,0.041666666666666664,48,2.3849607290079198,2.8656971640884876,3.4149494022130966,0,96
old_e17,20260760,3,2,-16.0,3.0,0,0,0,0,0,0,0,0.0,52,2.4117700254114776,2.996962331235409,4.542263224720955,0,105
old_e17,20260761,0,3,-22.0,4.0,0,0,1,14,0,0,0,0.09375,32,2.369612397160381,2.66346400603652,2.905590459704399,0,64
old_e17,20260761,1,3,-20.0,4.0,0,0,1,12,0,0,0,0.0,73,2.515648121703161,3.2890185713767996,4.37789224088192,0,146
old_e17,20260761,2,3,-8.0,2.5,0,0,0,0,0,0,0,0.0,68,2.4922129369395623,3.2775756902992725,3.428919240832329,0,136
old_e17,20260761,3,3,52.0,1.0,1,0,0,0,0,0,0,0.0,77,2.4403449776884796,3.009946271777153,7.119633257389069,0,154
old_e17,20260762,0,0,-8.0,2.5,0,0,0,0,0,0,0,0.0,59,2.626190214591511,3.4560825675725932,6.395252421498299,0,118
old_e17,20260762,1,0,-8.0,2.5,0,0,0,0,0,0,0,0.024096385542168676,83,2.3608896656926857,2.8120411559939384,3.03439237177372,0,166
old_e17,20260762,2,0,-20.0,4.0,0,0,1,12,0,0,0,0.012658227848101266,79,2.3873597619277014,2.9645249247550964,3.1433813273906708,0,158
old_e17,20260762,3,0,-17.0,4.0,0,0,1,9,0,0,0,0.02702702702702703,74,2.3444159006750263,2.8441829606890674,3.016941249370575,0,148
old_e17,20260763,0,1,-8.0,2.5,0,0,0,0,0,0,0,0.03225806451612903,31,2.3960399651719677,2.795236185193062,2.9561761766672134,0,62
old_e17,20260763,1,1,-8.0,2.5,0,0,0,0,0,0,0,0.03225806451612903,31,2.366616781200132,2.7924850583076477,2.8674155473709106,0,62
old_e17,20260763,2,1,-20.0,4.0,0,0,1,12,0,0,0,0.0,31,2.373498473917284,2.9697883874177933,3.0248835682868958,0,62
old_e17,20260763,3,1,35.0,1.0,1,0,0,0,0,0,0,0.04285714285714286,70,2.253975346684456,2.5585287250578403,2.7685072273015976,0,140
old_e17,20260764,0,1,0.0,2.5,0,0,0,0,0,1,1,0.02247191011235955,89,2.3948868966839285,2.9223546385765076,3.0792243778705597,0,178
old_e17,20260764,1,1,-8.0,2.5,0,0,0,0,0,0,0,0.025,80,2.3232043953612447,2.6529069989919662,2.9800962656736374,0,160
old_e17,20260764,2,1,-17.0,4.0,0,0,1,9,0,0,0,0.025,80,2.3538753390312195,2.862870600074529,3.158159554004669,0,160
old_e17,20260764,3,1,33.0,1.0,1,0,0,0,0,0,0,0.0,80,2.4462140863761306,3.3140123821794987,3.637745976448059,0,160
old_e17,20260765,0,2,36.0,1.0,1,0,0,0,0,0,0,0.05,40,2.390954364091158,2.9075372964143753,2.956198528409004,0,80
old_e17,20260765,1,2,-8.0,2.5,0,0,0,0,0,0,0,0.025,40,2.373279118910432,2.900696638971567,2.9781628400087357,0,80
old_e17,20260765,2,2,57.0,1.0,1,1,0,0,0,0,0,0.09090909090909091,44,2.2997736761515792,2.8626731596887116,2.9120631515979767,0,87
old_e17,20260765,3,2,35.0,1.0,1,0,0,0,0,0,0,0.023809523809523808,42,2.427326470968269,3.459140472114085,3.503335639834404,0,84
old_e17,20260766,0,0,-39.0,3.0,0,0,0,0,0,0,0,0.0,35,2.4160188223634447,2.9136035591363907,3.0151084065437317,0,71
old_e17,20260766,1,0,-16.0,3.0,0,0,0,0,0,0,0,0.029411764705882353,68,2.339044092770885,2.7579509653151035,2.9793772846460342,0,137
old_e17,20260766,2,0,-16.0,3.0,0,0,0,0,0,0,0,0.04411764705882353,68,2.3359790006104637,2.793578337877989,2.985747531056404,0,137
old_e17,20260766,3,0,32.0,1.0,1,0,0,0,0,0,0,0.017543859649122806,57,2.399741361538569,2.946951985359192,5.057627335190773,0,114
old_e17,20260767,0,3,-8.0,2.5,0,0,0,0,0,0,0,0.027777777777777776,36,2.376966644078493,2.7874079532921314,2.9321331530809402,0,72
old_e17,20260767,1,3,-17.0,3.0,0,0,0,0,0,0,0,0.043478260869565216,46,2.3393771084754365,2.713059075176716,2.8759054839611053,0,93
old_e17,20260767,2,3,34.0,1.0,1,0,0,0,0,0,0,0.027777777777777776,36,2.40927841514349,3.1051049008965492,3.6968477070331573,0,72
old_e17,20260767,3,3,-8.0,2.5,0,0,0,0,0,0,0,0.027777777777777776,36,2.362305815849039,2.9877997003495693,3.0147340148687363,0,72
old_e17,20260768,0,3,-22.0,3.0,0,0,0,0,0,0,0,0.016666666666666666,60,2.4429840656618276,2.9496023431420326,4.8820748925209045,0,121
old_e17,20260768,1,3,-18.0,3.0,0,0,0,0,0,0,0,0.03333333333333333,60,2.3594838256637254,2.7846932411193848,2.946825698018074,0,121
old_e17,20260768,2,3,54.0,1.0,1,1,0,0,0,0,0,0.03278688524590164,61,2.3502014638459094,2.9934272170066833,3.154568374156952,0,121
old_e17,20260768,3,3,-18.0,3.0,0,0,0,0,0,0,0,0.05,60,2.413301138828198,2.893827576190233,5.737848579883575,0,121
old_e17,20260769,0,2,-8.0,2.5,0,0,0,0,0,0,0,0.0,58,2.5638027180885445,3.6006213165819645,3.8535315543413162,0,117
old_e17,20260769,1,2,-8.0,2.5,0,0,0,0,0,0,0,0.0392156862745098,51,2.4468275700129714,2.84433551132679,5.504800006747246,0,102
old_e17,20260769,2,2,-8.0,2.5,0,0,0,0,0,0,0,0.016129032258064516,62,2.394717577244005,2.942987158894539,4.033861681818962,0,124
old_e17,20260769,3,2,-32.0,3.0,0,0,0,0,0,0,0,0.038461538461538464,78,2.368186910947164,3.00140269100666,3.9530210196971893,0,157
old_e17,20260770,0,2,32.0,1.0,1,0,0,0,0,0,0,0.016666666666666666,60,2.4707218011220298,2.915739268064499,4.876520484685898,0,120
old_e17,20260770,1,2,-8.0,2.5,0,0,0,0,0,0,0,0.016666666666666666,60,2.434052930523952,3.112724330276251,3.196345642209053,0,120
old_e17,20260770,2,2,-16.0,4.0,0,0,1,8,0,0,0,0.05,60,2.308893700440725,2.6629575528204437,2.87693552672863,0,120
old_e17,20260770,3,2,-8.0,2.5,0,0,0,0,0,0,0,0.03571428571428571,28,2.3399526918573037,2.8332137502729893,2.8362534940242767,0,56
old_e17,20260771,0,1,-20.0,3.0,0,0,0,0,0,0,0,0.03278688524590164,61,2.40297865916471,2.943657338619232,3.0564051121473312,0,123
old_e17,20260771,1,1,60.0,1.0,1,1,0,0,0,0,0,0.0,62,2.4361202733651286,3.245685901492834,3.3059827983379364,0,123
old_e17,20260771,2,1,-20.0,3.0,0,0,0,0,0,0,0,0.06557377049180328,61,2.2938632879589425,2.735799178481102,2.7730856090784073,0,123
old_e17,20260771,3,1,-34.0,4.0,0,0,1,26,0,0,0,0.05263157894736842,38,2.3365570722441924,2.9072255827486515,2.942292019724846,0,76
old_e17,20260772,0,0,-19.0,4.0,0,0,1,11,0,0,0,0.0,25,2.4334921687841415,2.9348615556955338,2.9377173632383347,0,50
old_e17,20260772,1,0,-8.0,2.5,0,0,0,0,0,0,0,0.0,25,2.394324317574501,2.9735997319221497,2.980399876832962,0,50
old_e17,20260772,2,0,34.0,1.0,1,0,0,0,0,0,0,0.02857142857142857,35,2.331170013972691,2.8202809393405914,2.8640590608119965,0,70
old_e17,20260772,3,0,35.0,1.0,1,0,0,0,0,0,0,0.04,25,2.4039706587791443,3.1845238059759136,3.3099986612796783,0,50
old_e17,20260773,0,3,-18.0,4.0,0,0,1,10,0,0,0,0.023255813953488372,43,2.483018002537794,3.059401549398899,3.3417027443647385,0,86
old_e17,20260773,1,3,-19.0,3.0,0,0,0,0,0,0,0,0.018518518518518517,54,2.3489186057338007,2.779244724661112,2.8682872653007507,0,109
old_e17,20260773,2,3,-25.0,4.0,0,0,1,17,0,0,0,0.0,49,2.420845308474132,3.2941248267889023,3.6100316792726517,0,98
old_e17,20260773,3,3,-8.0,2.5,0,0,0,0,0,0,0,0.028985507246376812,69,2.339112315920816,2.8936788439750667,3.880919888615608,0,138
old_e17,20260774,0,0,-19.0,3.0,0,0,0,0,0,0,0,0.0,41,2.5040331501059416,3.1945686787366867,3.3339764922857285,0,83
old_e17,20260774,1,0,-19.0,3.0,0,0,0,0,0,0,0,0.0,41,2.4050839427040844,3.0087921768426895,3.046143800020218,0,83
old_e17,20260774,2,0,-19.0,3.0,0,0,0,0,0,0,0,0.024390243902439025,41,2.38695836103544,3.073001280426979,3.099704161286354,0,83
old_e17,20260774,3,0,38.0,1.0,1,0,0,0,0,0,0,0.10526315789473684,38,2.268318233913497,2.6382840238511562,2.6808399707078934,0,76
old_e17,20260775,0,0,-18.0,4.0,0,0,1,10,0,0,0,0.04838709677419355,62,2.372504211962223,2.7088041417300697,3.0506961047649384,0,125
old_e17,20260775,1,0,-16.0,4.0,0,0,1,8,0,0,0,0.06451612903225806,31,2.3717942136910652,2.884414978325367,2.9336921870708466,0,62
old_e17,20260775,2,0,34.0,1.0,1,0,0,0,0,0,0,0.023809523809523808,42,2.323501565981479,2.802118193358183,2.814752981066704,0,84
old_e17,20260775,3,0,-8.0,2.5,0,0,0,0,0,0,0,0.04838709677419355,62,2.2884394913431136,2.6704251766204834,2.868572250008583,0,125
old_e17,20260776,0,2,-17.0,3.0,0,0,0,0,0,0,0,0.0,40,2.433622209355235,3.05264201015234,3.142828121781349,0,81
old_e17,20260776,1,2,-17.0,3.0,0,0,0,0,0,0,0,0.05,40,2.3432185873389244,2.841557562351227,2.8817616403102875,0,81
old_e17,20260776,2,2,-17.0,3.0,0,0,0,0,0,0,0,0.025,40,2.439518552273512,3.022289741784334,4.410712048411369,0,81
old_e17,20260776,3,2,-8.0,2.5,0,0,0,0,0,0,0,0.0,78,2.4622866931634073,3.2961846329271793,3.370314836502075,0,157
old_e17,20260777,0,0,-23.0,3.0,0,0,0,0,0,0,0,0.029411764705882353,68,2.455002162605524,2.9853833839297295,3.080323338508606,0,137
old_e17,20260777,1,0,72.0,1.0,1,1,0,0,0,0,0,0.0,71,2.6912095523636106,3.561309538781643,6.83065690100193,0,141
old_e17,20260777,2,0,52.0,1.0,1,0,0,0,0,0,0,0.02702702702702703,74,2.369406054148803,2.914526406675577,4.703640937805176,0,148
old_e17,20260777,3,0,33.0,1.0,1,0,0,0,0,0,0,0.0,55,2.4753107604655353,3.2138317823410034,4.689887166023254,0,110
old_e17,20260778,0,2,50.0,1.0,1,0,0,0,0,0,0,0.08571428571428572,35,2.367542471204485,2.8246689587831493,2.9525402933359146,0,70
old_e17,20260778,1,2,0.0,2.5,0,0,0,0,0,1,0,0.011494252873563218,87,2.4470213543752144,2.9722608625888824,5.490478128194809,0,175
old_e17,20260778,2,2,-20.0,3.0,0,0,0,0,0,0,0,0.0,55,2.4832927706566723,3.2766450196504593,3.5693980753421783,0,111
old_e17,20260778,3,2,-8.0,2.5,0,0,0,0,0,0,0,0.0,55,2.4163737554441798,3.2441291958093643,3.344641998410225,0,110
old_e17,20260779,0,2,44.0,1.0,1,0,0,0,0,0,0,0.04,50,2.4528151750564575,2.938276156783104,3.147060051560402,0,100
old_e17,20260779,1,2,36.0,1.0,1,0,0,0,0,0,0,0.0,52,2.6492181305701914,3.559146169573068,4.884563386440277,0,104
old_e17,20260779,2,2,-30.0,4.0,0,0,1,22,0,0,0,0.03389830508474576,59,2.402094145447521,2.883732877671718,5.09171187877655,0,118
old_e17,20260779,3,2,-8.0,2.5,0,0,0,0,0,0,0,0.06779661016949153,59,2.3837663485842238,2.9788538813591,6.601937115192413,0,118
old_e17,20260780,0,3,-8.0,2.5,0,0,0,0,0,0,0,0.018518518518518517,54,2.391944328943888,2.8094762936234474,2.9252637177705765,0,108
old_e17,20260780,1,3,35.0,1.0,1,0,0,0,0,0,0,0.038461538461538464,52,2.4024742798736463,2.9279931448400016,3.0139312148094177,0,104
old_e17,20260780,2,3,-8.0,2.5,0,0,0,0,0,0,0,0.05555555555555555,54,2.3307330492469998,2.9573313891887665,3.012426197528839,0,108
old_e17,20260780,3,3,-8.0,2.5,0,0,0,0,0,0,0,0.016129032258064516,62,2.3547010195832097,2.840390522032976,3.297535702586174,0,124
old_e17,20260781,0,2,32.0,1.0,1,0,0,0,0,0,0,0.04411764705882353,68,2.4506454903851536,2.7981217950582504,5.749257281422615,0,136
old_e17,20260781,1,2,-8.0,2.5,0,0,0,0,0,0,0,0.014492753623188406,69,2.3505174541387004,2.8159938752651215,2.8788764029741287,0,138
old_e17,20260781,2,2,-8.0,2.5,0,0,0,0,0,0,0,0.047619047619047616,63,2.2949023793141046,2.7630697935819626,2.903638407588005,0,126
old_e17,20260781,3,2,-8.0,2.5,0,0,0,0,0,0,0,0.03571428571428571,56,2.4349219830972806,2.9748138040304184,5.255639553070068,0,112
old_e17,20260782,0,1,0.0,2.5,0,0,0,0,0,1,1,0.033707865168539325,89,2.4029948235897534,2.8718601912260056,2.9561594128608704,0,178
old_e17,20260782,1,1,38.0,1.0,1,0,0,0,0,0,0,0.0,48,2.4979926723365984,3.346776310354471,4.193097352981567,0,96
old_e17,20260782,2,1,-8.0,2.5,0,0,0,0,0,0,0,0.0,48,2.404398323657612,2.9413039796054363,4.846725612878799,0,96
old_e17,20260782,3,1,-20.0,3.0,0,0,0,0,0,0,0,0.022222222222222223,45,2.3610027299986944,2.9571615159511566,3.041911870241165,0,91
old_e17,20260783,0,2,-16.0,4.0,0,0,1,8,0,0,0,0.022727272727272728,44,2.5701955892145634,3.095039911568165,6.453752517700195,0,88
old_e17,20260783,1,2,32.0,1.0,1,0,0,0,0,0,0,0.06818181818181818,44,2.3388361388986763,2.828570641577244,2.8365980833768845,0,88
old_e17,20260783,2,2,-16.0,3.0,0,0,0,0,0,0,0,0.03225806451612903,62,2.416270664863048,3.0813392251729965,4.133382812142372,0,125
old_e17,20260783,3,2,-16.0,4.0,0,0,1,8,0,0,0,0.0,55,2.507608824155547,3.4363089129328728,4.1297487914562225,0,110
old_e17,20260784,0,1,-8.0,2.5,0,0,0,0,0,0,0,0.02857142857142857,35,2.436023790921484,3.0105773359537125,3.014812245965004,0,70
old_e17,20260784,1,1,-19.0,4.0,0,0,1,11,0,0,0,0.05,40,2.4315362330526114,2.8978575952351076,3.538336604833603,0,80
old_e17,20260784,2,1,-8.0,2.5,0,0,0,0,0,0,0,0.0,40,2.3871020413935184,3.016199637204408,3.144931048154831,0,80
old_e17,20260784,3,1,35.0,1.0,1,0,0,0,0,0,0,0.0,40,2.4437139742076397,3.2581265084445477,4.377763718366623,0,80
old_e17,20260785,0,0,0.0,2.5,0,0,0,0,0,1,1,0.0,82,2.5458355184371877,3.3332467079162598,4.349811002612114,0,164
old_e17,20260785,1,0,-8.0,2.5,0,0,0,0,0,0,0,0.018518518518518517,54,2.4483976885676384,2.9966196045279503,4.341721534729004,0,108
old_e17,20260785,2,0,33.0,1.0,1,0,0,0,0,0,0,0.046875,64,2.341351209906861,2.9471696354448795,3.842046484351158,0,128
old_e17,20260785,3,0,-22.0,3.0,0,0,0,0,0,0,0,0.0,76,2.3834143128050003,3.0449172481894493,3.0748452991247177,0,153
old_e17,20260786,0,2,-8.0,2.5,0,0,0,0,0,0,0,0.0,79,2.534450043605853,3.3817093819379798,3.589179366827011,0,158
old_e17,20260786,1,2,33.0,1.0,1,0,0,0,0,0,0,0.03409090909090909,88,2.345662923868407,2.9720857739448543,3.522127866744995,0,176
old_e17,20260786,2,2,96.0,1.0,1,1,0,0,0,0,0,0.025,80,2.3292747791856527,2.76230713352561,3.136932849884033,0,159
old_e17,20260786,3,2,-20.0,3.0,0,0,0,0,0,0,0,0.029411764705882353,68,2.323964857222403,2.7690225280821323,3.3071227371692657,0,137
old_e17,20260787,0,0,35.0,1.0,1,0,0,0,0,0,0,0.0,44,2.506486690518531,3.255907353013754,3.397071734070778,0,88
old_e17,20260787,1,0,-8.0,2.5,0,0,0,0,0,0,0,0.043478260869565216,46,2.354976397169673,2.8106276877224445,3.438081592321396,0,92
old_e17,20260787,2,0,-31.0,3.0,0,0,0,0,0,0,0,0.07692307692307693,39,2.321872143791272,2.8108563274145126,3.04509699344635,0,79
old_e17,20260787,3,0,40.0,1.0,1,0,0,0,0,0,0,0.04081632653061224,49,2.34245132578879,2.8631318360567093,3.513326868414879,0,98
old_e17,20260788,0,3,-8.0,2.5,0,0,0,0,0,0,0,0.03125,32,2.441811258904636,2.968463022261858,2.992045134305954,0,64
old_e17,20260788,1,3,-19.0,4.0,0,0,1,11,0,0,0,0.0625,32,2.3510417668148875,2.7076948434114456,3.5338588058948517,0,64
old_e17,20260788,2,3,54.0,1.0,1,1,0,0,0,0,0,0.06060606060606061,33,2.3202433843504298,2.8793174773454666,3.008425235748291,0,65
old_e17,20260788,3,3,-8.0,2.5,0,0,0,0,0,0,0,0.03125,32,2.4008906329981983,2.97579113394022,3.5491660237312317,0,64
old_e17,20260789,0,2,-8.0,2.5,0,0,0,0,0,0,0,0.018518518518518517,54,2.4609483295568713,3.0967645347118373,3.701748326420784,0,108
old_e17,20260789,1,2,-8.0,2.5,0,0,0,0,0,0,0,0.017241379310344827,58,2.3747483461067596,2.9132820665836334,2.991350367665291,0,116
old_e17,20260789,2,2,33.0,1.0,1,0,0,0,0,0,0,0.014705882352941176,68,2.3769257480607315,2.9627026058733463,3.3152922987937927,0,136
old_e17,20260789,3,2,-17.0,4.0,0,0,1,9,0,0,0,0.034482758620689655,58,2.385842324844722,2.962695527821779,3.312632441520691,0,116
old_e17,20260790,0,1,-8.0,2.5,0,0,0,0,0,0,0,0.02127659574468085,47,2.435650280181398,2.9042618349194527,3.1942781060934067,0,94
old_e17,20260790,1,1,108.0,1.0,1,1,0,0,0,0,0,0.030303030303030304,66,2.3744654361948823,3.0555538833141327,3.4690015017986298,0,131
old_e17,20260790,2,1,-18.0,4.0,0,0,1,10,0,0,0,0.02127659574468085,47,2.4551400082542543,3.221471793949604,3.313949331641197,0,94
old_e17,20260790,3,1,-28.0,3.0,0,0,0,0,0,0,0,0.017241379310344827,58,2.414190049829154,3.1327386386692524,3.1704995781183243,0,117
old_e17,20260791,0,1,-8.0,2.5,0,0,0,0,0,0,0,0.0,73,2.5230251150588465,3.2540913671255107,3.430236130952835,0,147
old_e17,20260791,1,1,-20.0,4.0,0,0,1,12,0,0,0,0.0,73,2.5195325023099167,3.3272113651037216,3.53841669857502,0,147
old_e17,20260791,2,1,10.0,2.0,0,0,0,0,0,0,0,0.0,52,2.365166894518412,2.947898581624031,3.538556396961212,1,105
old_e17,20260791,3,1,-8.0,2.5,0,0,0,0,0,0,0,0.017857142857142856,56,2.3381768925381556,2.8106444515287876,2.924662083387375,0,112
old_e17,20260792,0,0,34.0,1.0,1,0,0,0,0,0,0,0.03125,32,2.485642966348678,3.099213819950819,3.1406953930854797,0,64
old_e17,20260792,1,0,-27.0,4.0,0,0,1,19,0,0,0,0.045454545454545456,44,2.3631305772472513,2.8904540464282036,2.9386840760707855,0,88
old_e17,20260792,2,0,-18.0,3.0,0,0,0,0,0,0,0,0.04081632653061224,49,2.315007986462846,2.771782875061035,2.823907881975174,0,99
old_e17,20260792,3,0,-8.0,2.5,0,0,0,0,0,0,0,0.09375,32,2.3315534344874322,2.8001129627227783,2.9242970049381256,0,64
old_e17,20260793,0,1,36.0,1.0,1,0,0,0,0,0,0,0.03571428571428571,56,2.3991822132042477,2.9294826090335846,3.008998930454254,0,112
old_e17,20260793,1,1,-23.0,3.0,0,0,0,0,0,0,0,0.03333333333333333,60,2.344370726495981,2.738969400525093,2.9193032532930374,0,121
old_e17,20260793,2,1,72.0,1.0,1,1,0,0,0,0,0,0.0196078431372549,51,2.332272336763494,2.828340046107769,2.9579568654298782,0,101
old_e17,20260793,3,1,-23.0,3.0,0,0,0,0,0,0,0,0.016666666666666666,60,2.4384154938161373,3.2326385378837585,3.547990694642067,0,121
old_e17,20260794,0,2,-23.0,4.0,0,0,1,15,0,0,0,0.025,40,2.413817634806037,2.9244626872241497,2.972271293401718,0,80
old_e17,20260794,1,2,38.0,1.0,1,0,0,0,0,0,0,0.1,20,2.3789200000464916,2.96253627166152,2.9691029340028763,0,40
old_e17,20260794,2,2,-22.0,4.0,0,0,1,14,0,0,0,0.0,19,2.433416188547486,3.1127149239182472,3.133302554488182,0,38
old_e17,20260794,3,2,-8.0,2.5,0,0,0,0,0,0,0,0.05555555555555555,18,2.3075101069278188,2.779889479279518,2.7846265584230423,0,36
old_e17,20260795,0,3,40.0,1.0,1,0,0,0,0,0,0,0.0,24,2.420454674089948,2.915593609213829,2.95819528400898,0,48
old_e17,20260795,1,3,-8.0,2.5,0,0,0,0,0,0,0,0.08333333333333333,24,2.3780469006548324,2.912928257137537,2.9682479798793793,0,48
old_e17,20260795,2,3,-8.0,2.5,0,0,0,0,0,0,0,0.0,24,2.4160219666858516,3.0536714009940624,3.103211522102356,0,48
old_e17,20260795,3,3,-24.0,4.0,0,0,1,16,0,0,0,0.0,24,2.3565706020841994,2.9260601848363876,2.9389802366495132,0,48
old_e17,20260796,0,0,-16.0,4.0,0,0,1,8,0,0,0,0.027777777777777776,36,2.4384940043091774,2.9007266275584698,4.092598333954811,0,72
old_e17,20260796,1,0,-8.0,2.5,0,0,0,0,0,0,0,0.0,36,2.4292945551375547,2.9626074247062206,3.8209520280361176,0,72
old_e17,20260796,2,0,34.0,1.0,1,0,0,0,0,0,0,0.024390243902439025,82,2.3387630992546313,2.763986773788929,3.109291195869446,0,164
old_e17,20260796,3,0,-8.0,2.5,0,0,0,0,0,0,0,0.0,36,2.334429882466793,2.8769527561962605,2.901732921600342,0,72
old_e17,20260797,0,0,-16.0,3.0,0,0,0,0,0,0,0,0.047619047619047616,42,2.465945313728991,3.014365490525961,3.749944269657135,0,85
old_e17,20260797,1,0,48.0,1.0,1,1,0,0,0,0,0,0.0,43,2.439839722112168,3.2312970608472824,3.507126122713089,0,85
old_e17,20260797,2,0,57.0,1.0,1,1,0,0,0,0,0,0.08333333333333333,36,2.329901222967439,2.8949608094990253,2.928476780653,0,71
old_e17,20260797,3,0,-16.0,3.0,0,0,0,0,0,0,0,0.07142857142857142,42,2.3455505835868062,2.930040750652551,2.977553755044937,0,85
old_e17,20260798,0,1,-16.0,4.0,0,0,1,8,0,0,0,0.0,17,2.4472594480304157,2.9417723417282104,2.9567182064056396,0,34
old_e17,20260798,1,1,34.0,1.0,1,0,0,0,0,0,0,0.023809523809523808,42,2.4566672564972016,3.136832173913717,3.4302398562431335,0,84
old_e17,20260798,2,1,-8.0,2.5,0,0,0,0,0,0,0,0.0,42,2.444246162970861,3.2227114774286743,3.344874829053879,0,84
old_e17,20260798,3,1,-18.0,4.0,0,0,1,10,0,0,0,0.07317073170731707,41,2.290565247942762,2.692747861146927,2.840740606188774,0,82
old_e17,20260799,0,0,-8.0,2.5,0,0,0,0,0,0,0,0.0,40,2.549626026302576,3.627115953713655,3.827109932899475,0,80
old_e17,20260799,1,0,-8.0,2.5,0,0,0,0,0,0,0,0.03333333333333333,60,2.339597325772047,2.7663390152156353,2.906935289502144,0,120
old_e17,20260799,2,0,-8.0,2.5,0,0,0,0,0,0,0,0.023809523809523808,42,2.3916442656800863,3.0854864977300167,3.2377243041992188,0,84
old_e17,20260799,3,0,-8.0,2.5,0,0,0,0,0,0,0,0.025,40,2.3493042681366205,2.9110935516655445,2.986183390021324,0,80
old_e17,20260800,0,3,0.0,2.5,0,0,0,0,0,1,0,0.011627906976744186,86,2.4298613804370857,2.9707676731050014,3.065047785639763,0,172
old_e17,20260800,1,3,51.0,1.0,1,1,0,0,0,0,0,0.045454545454545456,44,2.3698760619895025,2.8445626609027386,3.101607784628868,0,87
old_e17,20260800,2,3,0.0,2.5,0,0,0,0,0,1,0,0.0,84,2.404350476960341,3.0639169737696648,3.242332488298416,0,169
old_e17,20260800,3,3,-17.0,3.0,0,0,0,0,0,0,0,0.046511627906976744,43,2.3771403140799943,2.989836595952511,3.5635605454444885,0,87
old_e17,20260801,0,2,-8.0,2.5,0,0,0,0,0,0,0,0.0,62,2.471937317281,3.0652089044451714,3.5277586430311203,0,124
old_e17,20260801,1,2,0.0,2.5,0,0,0,0,0,1,1,0.022727272727272728,88,2.414345106279308,2.9978634789586063,3.428846597671509,0,176
old_e17,20260801,2,2,-24.0,4.0,0,0,1,16,0,0,0,0.03614457831325301,83,2.3611915937389236,2.818472683429718,3.414105623960495,0,166
old_e17,20260801,3,2,36.0,1.0,1,0,0,0,0,0,0,0.037037037037037035,54,2.327363731132613,2.7436823584139347,3.0017755925655365,0,108
old_e17,20260802,0,3,-8.0,2.5,0,0,0,0,0,0,0,0.029411764705882353,34,2.439530347200001,3.0007212422788143,3.6273598670959473,0,68
old_e17,20260802,1,3,-20.0,4.0,0,0,1,12,0,0,0,0.029411764705882353,34,2.4281290414578773,3.0051857233047485,3.1689628958702087,0,68
old_e17,20260802,2,3,36.0,1.0,1,0,0,0,0,0,0,0.029411764705882353,34,2.344870611148722,2.849501557648182,2.905275672674179,0,68
old_e17,20260802,3,3,-8.0,2.5,0,0,0,0,0,0,0,0.058823529411764705,34,2.3645155460518947,2.9651476070284843,3.064678981900215,0,68
old_e17,20260803,0,1,-8.0,2.5,0,0,0,0,0,0,0,0.022222222222222223,45,2.428362477156851,2.8507351875305176,3.827368840575218,0,90
old_e17,20260803,1,1,32.0,1.0,1,0,0,0,0,0,0,0.0,66,2.5033433216087744,3.3601103350520134,4.26902063190937,0,132
old_e17,20260803,2,1,34.0,1.0,1,0,0,0,0,0,0,0.022222222222222223,45,2.3836931420697107,3.0484125018119808,3.147576004266739,0,90
old_e17,20260803,3,1,36.0,1.0,1,0,0,0,0,0,0,0.04225352112676056,71,2.330181070826423,2.7512554079294205,2.9604360461235046,0,142
old_e17,20260804,0,1,57.0,1.0,1,1,0,0,0,0,0,0.0196078431372549,51,2.4234523594963786,2.910398878157139,3.037136048078537,0,101
old_e17,20260804,1,1,-19.0,3.0,0,0,0,0,0,0,0,0.058823529411764705,51,2.3720680790788986,2.90466845035553,3.970090299844742,0,103
old_e17,20260804,2,1,-21.0,3.0,0,0,0,0,0,0,0,0.05084745762711865,59,2.290000160366802,2.659311704337597,2.89754755795002,0,119
old_e17,20260804,3,1,-8.0,2.5,0,0,0,0,0,0,0,0.0,34,2.472276087192928,3.25382649898529,3.4833159297704697,0,68
old_e17,20260805,0,2,-8.0,2.5,0,0,0,0,0,0,0,0.018867924528301886,53,2.463470511841324,2.957206219434738,5.257491022348404,0,106
old_e17,20260805,1,2,35.0,1.0,1,0,0,0,0,0,0,0.03773584905660377,53,2.4200636752933824,3.018467500805855,3.321520984172821,0,106
old_e17,20260805,2,2,-8.0,2.5,0,0,0,0,0,0,0,0.0,54,2.4071471006781966,3.104018233716488,3.3211056143045425,0,108
old_e17,20260805,3,2,-8.0,2.5,0,0,0,0,0,0,0,0.0,53,2.449342875548129,3.2134637236595154,3.456762060523033,0,106
old_e17,20260806,0,0,-17.0,3.0,0,0,0,0,0,0,0,0.014925373134328358,67,2.4629546357179755,2.9669634997844696,3.02213616669178,0,135
old_e17,20260806,1,0,-18.0,4.0,0,0,1,10,0,0,0,0.0,74,2.5241728116934365,3.4623926505446434,3.6729108542203903,0,148
old_e17,20260806,2,0,-8.0,2.5,0,0,0,0,0,0,0,0.0,60,2.4530837001899877,3.1931942328810687,3.3932719379663467,0,120
old_e17,20260806,3,0,45.0,1.0,1,0,0,0,0,0,0,0.014492753623188406,69,2.437211681103361,3.3403106033802024,3.740161657333374,0,138
old_e17,20260807,0,1,-16.0,4.0,0,0,1,8,0,0,0,0.0,64,2.4555179406888783,3.022900689393282,3.1233523041009903,0,128
old_e17,20260807,1,1,0.0,2.5,0,0,0,0,0,1,1,0.023255813953488372,86,2.344715019124885,2.7763228863477707,2.89081409573555,0,172
old_e17,20260807,2,1,36.0,1.0,1,0,0,0,0,0,0,0.020833333333333332,48,2.3809090877572694,3.0190099962055683,3.048183396458626,0,96
old_e17,20260807,3,1,-17.0,4.0,0,0,1,9,0,0,0,0.038461538461538464,52,2.325459849089384,2.783086989074945,2.9300712049007416,0,104
old_e17,20260808,0,3,-18.0,3.0,0,0,0,0,0,0,0,0.0,38,2.517315166953363,3.256963286548853,3.3240709453821182,0,77
old_e17,20260808,1,3,-18.0,3.0,0,0,0,0,0,0,0,0.0,38,2.5410045330461704,3.479063604027033,3.62209789454937,0,77
old_e17,20260808,2,3,-24.0,4.0,0,0,1,16,0,0,0,0.022727272727272728,44,2.3899068632586435,2.97496747225523,3.05216945707798,0,87
old_e17,20260808,3,3,-18.0,3.0,0,0,0,0,0,0,0,0.0,38,2.369831365190054,2.9750803485512733,2.9957517981529236,0,77
old_e17,20260809,0,0,-8.0,2.5,0,0,0,0,0,0,0,0.0,27,2.4494138304834014,3.0267223715782166,3.139195963740349,0,54
old_e17,20260809,1,0,33.0,1.0,1,0,0,0,0,0,0,0.07407407407407407,27,2.3856534864063614,3.036053478717804,3.0840057879686356,0,54
old_e17,20260809,2,0,-17.0,4.0,0,0,1,9,0,0,0,0.07407407407407407,27,2.3473728172205113,2.876140736043453,2.8942041099071503,0,54
old_e17,20260809,3,0,-8.0,2.5,0,0,0,0,0,0,0,0.037037037037037035,27,2.3463646432867757,2.884572185575962,2.946583554148674,0,54
old_e17,20260810,0,0,60.0,1.0,1,1,0,0,0,0,0,0.05405405405405406,37,2.3887733853346593,2.978746220469475,3.122849389910698,0,73
old_e17,20260810,1,0,-20.0,3.0,0,0,0,0,0,0,0,0.0,36,2.3897080164816646,2.9269573278725147,2.932855859398842,0,73
old_e17,20260810,2,0,-20.0,3.0,0,0,0,0,0,0,0,0.0,36,2.3665930041008525,2.9389066621661186,2.971511334180832,0,73
old_e17,20260810,3,0,-20.0,3.0,0,0,0,0,0,0,0,0.027777777777777776,36,2.357232798304823,2.9824976809322834,3.007763996720314,0,73
old_e17,20260811,0,2,57.0,1.0,1,1,0,0,0,0,0,0.05263157894736842,38,2.3416018015459965,2.645792905241251,2.902880311012268,0,75
old_e17,20260811,1,2,-19.0,3.0,0,0,0,0,0,0,0,0.0,37,2.438456021450661,3.1519144773483276,3.192853182554245,0,75
old_e17,20260811,2,2,-19.0,3.0,0,0,0,0,0,0,0,0.0,37,2.414707648190292,3.091452270746231,3.1073279678821564,0,75
old_e17,20260811,3,2,-19.0,3.0,0,0,0,0,0,0,0,0.0,37,2.39404512418283,3.1396452337503433,3.4205839037895203,0,75
old_e17,20260812,0,2,-8.0,2.5,0,0,0,0,0,0,0,0.02564102564102564,78,2.4131557259422083,2.9221310280263424,2.967461943626404,0,156
old_e17,20260812,1,2,-8.0,2.5,0,0,0,0,0,0,0,0.057692307692307696,52,2.3465088138786645,2.736725378781557,2.838434651494026,0,104
old_e17,20260812,2,2,-8.0,2.5,0,0,0,0,0,0,0,0.01639344262295082,61,2.37442708772714,2.9409993439912796,3.6284010857343674,0,122
old_e17,20260812,3,2,33.0,1.0,1,0,0,0,0,0,0,0.0392156862745098,51,2.456689216926986,3.477003425359726,3.665350377559662,0,102
old_e17,20260813,0,2,-16.0,3.0,0,0,0,0,0,0,0,0.037037037037037035,27,2.461896105496972,3.001965582370758,3.0156634747982025,0,55
old_e17,20260813,1,2,48.0,1.0,1,1,0,0,0,0,0,0.0,28,2.478398183094604,3.407423663884401,3.4812018275260925,0,55
old_e17,20260813,2,2,-16.0,3.0,0,0,0,0,0,0,0,0.0,27,2.360592423765748,2.9815424233675003,2.9911212623119354,0,55
old_e17,20260813,3,2,-16.0,3.0,0,0,0,0,0,0,0,0.0,27,2.375907023195867,3.0113782733678818,3.1497031450271606,0,55
old_e17,20260814,0,2,-31.0,4.0,0,0,1,23,0,0,0,0.0,80,2.546570310369134,3.2618866302073,3.7024449557065964,0,160
old_e17,20260814,1,2,0.0,2.5,0,0,0,0,0,1,1,0.0,83,2.567617132900709,3.57301440089941,4.698248580098152,0,166
old_e17,20260814,2,2,0.0,2.5,0,0,0,0,0,1,1,0.012048192771084338,83,2.3904540632144515,2.9810890555381775,3.2715462148189545,0,166
old_e17,20260814,3,2,0.0,2.5,0,0,0,0,0,1,1,0.023529411764705882,85,2.3414095096728382,2.771594002842903,3.0785929411649704,0,170
old_e17,20260815,0,0,-18.0,3.0,0,0,0,0,0,0,0,0.0,30,2.4753338346878686,2.940204367041588,3.9796121418476105,0,61
old_e17,20260815,1,0,33.0,1.0,1,0,0,0,0,0,0,0.02702702702702703,74,2.352440175977913,2.7556123211979866,3.3249352127313614,0,148
old_e17,20260815,2,0,54.0,1.0,1,1,0,0,0,0,0,0.06451612903225806,31,2.367781294930366,2.9905103147029877,3.022821620106697,0,61
old_e17,20260815,3,0,-18.0,3.0,0,0,0,0,0,0,0,0.0,30,2.3909862463672957,3.018245380371809,3.0441228300333023,0,61
old_e17,20260816,0,2,-18.0,3.0,0,0,0,0,0,0,0,0.05405405405405406,37,2.369696123374475,2.692549303174019,2.913646399974823,0,75
old_e17,20260816,1,2,-17.0,3.0,0,0,0,0,0,0,0,0.0,58,2.4810238452307107,3.071288950741291,3.383105620741844,0,117
old_e17,20260816,2,2,54.0,1.0,1,1,0,0,0,0,0,0.01694915254237288,59,2.377968534069546,2.944967709481716,3.2782386988401413,0,117
old_e17,20260816,3,2,-17.0,3.0,0,0,0,0,0,0,0,0.034482758620689655,58,2.342173861789292,2.8959039598703384,2.939430996775627,0,117
old_e17,20260817,0,0,33.0,1.0,1,0,0,0,0,0,0,0.058823529411764705,34,2.439802293391789,3.10705928131938,3.16721573472023,0,68
old_e17,20260817,1,0,-8.0,2.5,0,0,0,0,0,0,0,0.0,34,2.515638849752791,3.102194331586361,4.470640793442726,0,68
old_e17,20260817,2,0,-8.0,2.5,0,0,0,0,0,0,0,0.0,36,2.381298639294174,2.9797786846756935,3.0655674636363983,0,72
old_e17,20260817,3,0,-17.0,4.0,0,0,1,9,0,0,0,0.0,34,2.3944712079623165,3.1458765268325806,3.2474547624588013,0,68
old_e17,20260818,0,3,-33.0,3.0,0,0,0,0,0,0,0,0.0,36,2.611406095739868,3.584114834666252,3.6915112286806107,0,73
old_e17,20260818,1,3,99.0,1.0,1,1,0,0,0,0,0,0.0,37,2.3757871743795036,2.9396384954452515,2.9803570359945297,0,73
old_e17,20260818,2,3,-33.0,3.0,0,0,0,0,0,0,0,0.027777777777777776,36,2.3334434566398463,2.8814184479415417,2.9056891798973083,0,73
old_e17,20260818,3,3,-33.0,3.0,0,0,0,0,0,0,0,0.027777777777777776,36,2.3779534838265843,3.024384379386902,3.0854418873786926,0,73
old_e17,20260819,0,3,-8.0,2.5,0,0,0,0,0,0,0,0.028169014084507043,71,2.3990569662460137,2.8960565105080605,2.9782969504594803,0,142
old_e17,20260819,1,3,34.0,1.0,1,0,0,0,0,0,0,0.0273972602739726,73,2.3796482853693504,2.9132485389709473,3.1025633215904236,0,146
old_e17,20260819,2,3,-20.0,4.0,0,0,1,12,0,0,0,0.0,71,2.3565999114177596,2.98490934073925,3.0667968094348907,0,142
old_e17,20260819,3,3,-20.0,4.0,0,0,1,12,0,0,0,0.0,68,2.421108211445458,3.217910695821047,3.6114417016506195,0,136
old_e17,20260820,0,3,-19.0,3.0,0,0,0,0,0,0,0,0.018518518518518517,54,2.4410167502032385,3.0878162011504173,3.2257363200187683,0,110
old_e17,20260820,1,3,-8.0,2.5,0,0,0,0,0,0,0,0.04,25,2.371281683444977,2.8649475425481796,2.887396141886711,0,50
old_e17,20260820,2,3,-18.0,4.0,0,0,1,10,0,0,0,0.0,36,2.4091700195438333,3.066293429583311,3.1127482652664185,0,72
old_e17,20260820,3,3,-8.0,2.5,0,0,0,0,0,0,0,0.05660377358490566,53,2.2966213313476094,2.6976823806762695,2.901453524827957,0,105
old_e17,20260821,0,0,-19.0,3.0,0,0,0,0,0,0,0,0.0,29,2.447581047127987,2.9620863497257233,3.04282084107399,0,59
old_e17,20260821,1,0,57.0,1.0,1,1,0,0,0,0,0,0.06666666666666667,30,2.325167258580526,2.862365636974573,2.9725953936576843,0,59
old_e17,20260821,2,0,-19.0,3.0,0,0,0,0,0,0,0,0.06896551724137931,29,2.3262521316265237,2.8031885623931885,2.948608249425888,0,59
old_e17,20260821,3,0,-19.0,3.0,0,0,0,0,0,0,0,0.034482758620689655,29,2.355941603409833,2.9246293008327484,2.947058528661728,0,59
old_e17,20260822,0,0,42.0,1.0,1,0,0,0,0,0,0,0.0,56,2.486812782340816,3.155965358018875,3.190482035279274,0,112
old_e17,20260822,1,0,-19.0,4.0,0,0,1,11,0,0,0,0.0,57,2.4317551338881778,3.0558399856090546,3.150874748826027,0,114
old_e17,20260822,2,0,-8.0,2.5,0,0,0,0,0,0,0,0.0,56,2.466132930879082,3.256562165915966,3.4227855503559113,0,112
old_e17,20260822,3,0,-21.0,4.0,0,0,1,13,0,0,0,0.03636363636363636,55,2.3161352696743878,2.8285108506679535,2.8807073831558228,0,110
old_e17,20260823,0,1,-8.0,2.5,0,0,0,0,0,0,0,0.0,38,2.4521714076399803,2.988138794898987,3.0663181096315384,0,76
old_e17,20260823,1,1,-8.0,2.5,0,0,0,0,0,0,0,0.0,43,2.4384216427109964,3.081776387989521,3.7327073514461517,0,86
old_e17,20260823,2,1,-8.0,2.5,0,0,0,0,0,0,0,0.02631578947368421,38,2.389033619118364,2.985281776636839,4.083119332790375,0,76
old_e17,20260823,3,1,44.0,1.0,1,0,0,0,0,0,0,0.02127659574468085,47,2.3866946551393955,3.060383535921573,3.3531729131937027,0,94
old_e17,20260824,0,3,-24.0,3.0,0,0,0,0,0,0,0,0.0,52,2.4565418179218588,2.946850284934044,2.9731933027505875,0,105
old_e17,20260824,1,3,-24.0,3.0,0,0,0,0,0,0,0,0.0,52,2.3921822341015706,2.982735075056553,3.0025914311408997,0,105
old_e17,20260824,2,3,72.0,1.0,1,1,0,0,0,0,0,0.05660377358490566,53,2.3067465298018366,2.6959843933582306,3.364749252796173,0,105
old_e17,20260824,3,3,-24.0,3.0,0,0,0,0,0,0,0,0.0,52,2.4086075046887765,3.0242749489843845,3.171289339661598,0,105
old_e17,20260825,0,3,-19.0,3.0,0,0,0,0,0,0,0,0.0,44,2.450107977810231,3.0538441613316536,3.1257513910531998,0,89
old_e17,20260825,1,3,-23.0,3.0,0,0,0,0,0,0,0,0.022727272727272728,44,2.3811666548929433,2.929760981351137,3.0131731182336807,0,89
old_e17,20260825,2,3,0.0,2.5,0,0,0,0,0,1,1,0.012048192771084338,83,2.3918027529515418,3.0205737799406047,3.1429026275873184,0,166
old_e17,20260825,3,3,-27.0,4.0,0,0,1,19,0,0,0,0.0,73,2.4277849301491696,3.2054066658020015,3.396710380911827,0,146
old_e17,20260826,0,3,-8.0,2.5,0,0,0,0,0,0,0,0.0,38,2.4740285681266534,3.1362234614789486,3.206763416528702,0,76
old_e17,20260826,1,3,-32.0,4.0,0,0,1,24,0,0,0,0.047619047619047616,42,2.3695584830074083,2.896674908697605,3.001723438501358,0,84
old_e17,20260826,2,3,-8.0,2.5,0,0,0,0,0,0,0,0.0,38,2.418839078592627,3.221559803932905,3.574315458536148,0,76
old_e17,20260826,3,3,-30.0,4.0,0,0,1,22,0,0,0,0.0,36,2.384707900798983,2.991612069308758,3.0612796545028687,0,72
old_e17,20260827,0,2,-21.0,3.0,0,0,0,0,0,0,0,0.0,43,2.4910795307436655,3.029133938252926,3.3097639679908752,0,87
old_e17,20260827,1,2,60.0,1.0,1,1,0,0,0,0,0,0.022727272727272728,44,2.3690152659334918,2.909223921597004,3.033403307199478,0,87
old_e17,20260827,2,2,48.0,1.0,1,1,0,0,0,0,0,0.0,25,2.388424500823021,3.063838928937912,3.117714077234268,0,49
old_e17,20260827,3,2,-21.0,3.0,0,0,0,0,0,0,0,0.023255813953488372,43,2.3601451931997786,2.8387755155563354,3.4935958683490753,0,87
old_e17,20260828,0,1,-8.0,2.5,0,0,0,0,0,0,0,0.029850746268656716,67,2.3648371892188913,2.7393922209739685,2.8932951390743256,0,134
old_e17,20260828,1,1,35.0,1.0,1,0,0,0,0,0,0,0.05555555555555555,72,2.2972666710201235,2.57272906601429,2.862948924303055,0,144
old_e17,20260828,2,1,-8.0,2.5,0,0,0,0,0,0,0,0.0,71,2.550453787118616,3.537342883646488,3.746185451745987,0,142
old_e17,20260828,3,1,-23.0,4.0,0,0,1,15,0,0,0,0.028169014084507043,71,2.333530605259076,2.802131697535515,2.8673913329839706,0,142
old_e17,20260829,0,1,-8.0,2.5,0,0,0,0,0,0,0,0.0625,32,2.3865654948167503,2.8992101550102234,2.951083704829216,0,64
old_e17,20260829,1,1,-8.0,2.5,0,0,0,0,0,0,0,0.06060606060606061,33,2.338539188106855,2.8341781347990036,2.8430894017219543,0,66
old_e17,20260829,2,1,44.0,1.0,1,0,0,0,0,0,0,0.03125,32,2.372141112573445,2.9467028565704823,3.0168797820806503,0,64
old_e17,20260829,3,1,-28.0,4.0,0,0,1,20,0,0,0,0.03125,32,2.3650263901799917,2.968548610806465,2.9946714639663696,0,64
old_e17,20260830,0,2,-21.0,4.0,0,0,1,13,0,0,0,0.0,64,2.4366564757656306,2.96131307259202,2.9930397868156433,0,128
old_e17,20260830,1,2,35.0,1.0,1,0,0,0,0,0,0,0.0,68,2.606601344750208,3.706130012869835,4.029279574751854,0,136
old_e17,20260830,2,2,-23.0,3.0,0,0,0,0,0,0,0,0.013333333333333334,75,2.438702161113421,3.2291609793901443,3.400791436433792,0,150
old_e17,20260830,3,2,-8.0,2.5,0,0,0,0,0,0,0,0.027777777777777776,72,2.355364461739858,2.908402867615223,3.0432604253292084,0,144
old_e17,20260831,0,3,63.0,1.0,1,1,0,0,0,0,0,0.08,25,2.366197630763054,2.842302992939948,2.932727336883545,0,49
old_e17,20260831,1,3,-21.0,3.0,0,0,0,0,0,0,0,0.041666666666666664,24,2.405271322155992,2.9496537521481514,2.9778052121400833,0,49
old_e17,20260831,2,3,-21.0,3.0,0,0,0,0,0,0,0,0.041666666666666664,24,2.344302445029219,3.0096170492470264,3.0577704310417175,0,49
old_e17,20260831,3,3,-21.0,3.0,0,0,0,0,0,0,0,0.0,24,2.3832717755188546,3.09103038161993,3.251951187849045,0,49
old_e17,20260832,0,1,-8.0,2.5,0,0,0,0,0,0,0,0.024390243902439025,41,2.4905020325649074,3.1101200729608536,3.16605344414711,0,83
old_e17,20260832,1,1,-26.0,4.0,0,0,1,18,0,0,0,0.0392156862745098,51,2.3793663245205785,2.8554340824484825,2.9188059270381927,0,101
old_e17,20260832,2,1,-19.0,3.0,0,0,0,0,0,0,0,0.02,50,2.410813346505165,3.0359171330928802,4.684844985604286,0,102
old_e17,20260832,3,1,33.0,1.0,1,0,0,0,0,0,0,0.0,41,2.4208390585533004,3.2290127128362656,3.325842320919037,0,83
old_e17,20260833,0,0,-8.0,2.5,0,0,0,0,0,0,0,0.0425531914893617,47,2.40141454529255,2.940507605671882,3.0089877545833588,0,94
old_e17,20260833,1,0,-19.0,4.0,0,0,1,11,0,0,0,0.011904761904761904,84,2.3987249781688056,2.986298967152834,3.0295047909021378,0,168
old_e17,20260833,2,0,-8.0,2.5,0,0,0,0,0,0,0,0.0851063829787234,47,2.324399003323088,2.6778850704431534,2.937067300081253,0,94
old_e17,20260833,3,0,32.0,1.0,1,0,0,0,0,0,0,0.06382978723404255,47,2.277085834995229,2.600171603262424,2.6842374354600906,0,94
old_e17,20260834,0,2,-8.0,2.5,0,0,0,0,0,0,0,0.0,46,2.4810244288781416,2.963134553283453,4.346230998635292,0,92
old_e17,20260834,1,2,32.0,1.0,1,0,0,0,0,0,0,0.09375,32,2.310210431460291,2.6437665335834026,2.680964767932892,0,64
old_e17,20260834,2,2,-16.0,4.0,0,0,1,8,0,0,0,0.08333333333333333,24,2.3592667809377112,2.8676348738372326,2.900095656514168,0,48
old_e17,20260834,3,2,-8.0,2.5,0,0,0,0,0,0,0,0.0392156862745098,51,2.338982899399365,2.8819311410188675,3.022408112883568,0,102
old_e17,20260835,0,2,-16.0,4.0,0,0,1,8,0,0,0,0.0,57,2.5179661614330193,3.292532637715339,3.4033171832561493,0,114
old_e17,20260835,1,2,-18.0,3.0,0,0,0,0,0,0,0,0.02631578947368421,76,2.3737366213218163,2.986399456858635,3.3012758940458298,0,153
old_e17,20260835,2,2,-27.0,4.0,0,0,1,19,0,0,0,0.0,47,2.4683118421346584,3.2112224027514458,3.270218148827553,0,94
old_e17,20260835,3,2,-20.0,4.0,0,0,1,12,0,0,0,0.011904761904761904,84,2.4646903565596965,3.260373510420322,3.4057702869176865,0,168
old_e17,20260836,0,3,-16.0,4.0,0,0,1,8,0,0,0,0.041666666666666664,48,2.3870242293924093,2.769150212407112,2.888184040784836,0,96
old_e17,20260836,1,3,32.0,1.0,1,0,0,0,0,0,0,0.01639344262295082,61,2.397788627470126,2.9502641409635544,3.051169216632843,0,122
old_e17,20260836,2,3,-8.0,2.5,0,0,0,0,0,0,0,0.03278688524590164,61,2.3234739716424317,2.7590319514274597,2.8979331254959106,0,122
old_e17,20260836,3,3,-17.0,3.0,0,0,0,0,0,0,0,0.03333333333333333,60,2.3555249286194644,2.974293753504753,2.9995664954185486,0,121
old_e17,20260837,0,1,-22.0,3.0,0,0,0,0,0,0,0,0.0,46,2.4121533269467563,2.890588715672493,2.932090312242508,0,93
old_e17,20260837,1,1,-22.0,3.0,0,0,0,0,0,0,0,0.0,46,2.421973435127217,2.978657837957144,3.01319919526577,0,93
old_e17,20260837,2,1,48.0,1.0,1,1,0,0,0,0,0,0.0,39,2.4442956902277775,3.244316577911377,3.3609122037887573,0,77
old_e17,20260837,3,1,-22.0,3.0,0,0,0,0,0,0,0,0.0,44,2.3423254659230057,2.913053799420595,2.9688291251659393,0,89
old_e17,20260838,0,1,-17.0,3.0,0,0,0,0,0,0,0,0.0967741935483871,31,2.365834109725491,2.6971865445375443,2.9937978833913803,0,63
old_e17,20260838,1,1,-17.0,3.0,0,0,0,0,0,0,0,0.0,32,2.4382854462601244,3.1041981652379036,3.2178517431020737,0,65
old_e17,20260838,2,1,51.0,1.0,1,1,0,0,0,0,0,0.0625,32,2.346941560972482,2.9105307534337044,3.1973812729120255,0,63
old_e17,20260838,3,1,-8.0,2.5,0,0,0,0,0,0,0,0.0,34,2.3547580794376484,3.021885920315981,3.1401459127664566,0,68
old_e17,20260839,0,2,-16.0,4.0,0,0,1,8,0,0,0,0.0,45,2.4449272288216486,2.9823705554008484,3.0324161052703857,0,90
old_e17,20260839,1,2,-8.0,2.5,0,0,0,0,0,0,0,0.0,45,2.384166792035103,2.9266823083162308,2.9468145221471786,0,90
old_e17,20260839,2,2,32.0,1.0,1,0,0,0,0,0,0,0.022222222222222223,45,2.366198102633158,3.002382442355156,3.0940361320972443,0,90
old_e17,20260839,3,2,-8.0,2.5,0,0,0,0,0,0,0,0.044444444444444446,45,2.306333598163393,2.7127716690301895,2.7269553393125534,0,90
old_e17,20260840,0,2,-28.0,3.0,0,0,0,0,0,0,0,0.046511627906976744,43,2.4262295905933824,3.024112991988659,3.0650682747364044,0,87
old_e17,20260840,1,2,-27.0,3.0,0,0,0,0,0,0,0,0.0,42,2.4279852708180747,3.049938380718231,3.127332776784897,0,85
old_e17,20260840,2,2,43.0,1.0,1,0,0,0,0,0,0,0.023255813953488372,43,2.3935991664265477,3.0395500361919403,3.176692873239517,0,86
old_e17,20260840,3,2,-28.0,3.0,0,0,0,0,0,0,0,0.046511627906976744,43,2.334018042960832,2.937104180455208,2.9584355652332306,0,87
old_e17,20260841,0,0,-8.0,2.5,0,0,0,0,0,0,0,0.0,43,2.5290420148954835,3.228697180747986,3.315761685371399,0,86
old_e17,20260841,1,0,-8.0,2.5,0,0,0,0,0,0,0,0.025,40,2.3607274517416954,2.7666979469358917,2.933211624622345,0,80
old_e17,20260841,2,0,-8.0,2.5,0,0,0,0,0,0,0,0.0,40,2.433399995788932,3.3240512013435364,3.4307222813367844,0,80
old_e17,20260841,3,0,33.0,1.0,1,0,0,0,0,0,0,0.05,40,2.3027926683425903,2.7029174380004406,2.761509269475937,0,80
old_e17,20260842,0,0,-20.0,4.0,0,0,1,12,0,0,0,0.020833333333333332,48,2.4281968362629414,2.920111268758774,2.960164099931717,0,96
old_e17,20260842,1,0,36.0,1.0,1,0,0,0,0,0,0,0.041666666666666664,48,2.3758298872659602,2.965894900262356,3.0657779425382614,0,96
old_e17,20260842,2,0,-8.0,2.5,0,0,0,0,0,0,0,0.020833333333333332,48,2.386475990836819,3.17580159753561,3.2009128481149673,0,96
old_e17,20260842,3,0,-8.0,2.5,0,0,0,0,0,0,0,0.020833333333333332,48,2.3321739475553236,2.8133471496403217,2.8515364974737167,0,96
old_e17,20260843,0,1,-17.0,4.0,0,0,1,9,0,0,0,0.0,41,2.4699530586963747,3.054007887840271,3.1166542321443558,0,82
old_e17,20260843,1,1,-30.0,4.0,0,0,0,0,0,0,0,0.03225806451612903,62,2.366028125247648,2.919784840196371,3.01426462829113,1,123
old_e17,20260843,2,1,34.0,1.0,1,0,0,0,0,0,0,0.02,50,2.390350066125393,2.982947416603565,3.05214524269104,0,100
old_e17,20260843,3,1,-8.0,2.5,0,0,0,0,0,0,0,0.0,50,2.414323166012764,3.270378801971674,3.35848331451416,0,100
old_e17,20260844,0,2,-16.0,4.0,0,0,1,8,0,0,0,0.0,48,2.5000505847856402,3.09707997366786,3.231419250369072,0,96
old_e17,20260844,1,2,-8.0,2.5,0,0,0,0,0,0,0,0.02040816326530612,49,2.365110366016018,2.921171113848686,2.942929044365883,0,98
old_e17,20260844,2,2,-19.0,4.0,0,0,1,11,0,0,0,0.08,50,2.348077669739723,2.8817650862038136,2.934969961643219,0,100
old_e17,20260844,3,2,-8.0,2.5,0,0,0,0,0,0,0,0.02,50,2.4004923924803734,3.0913514085114002,3.2076574862003326,0,100
old_e17,20260845,0,3,-8.0,2.5,0,0,0,0,0,0,0,0.05555555555555555,36,2.4784238905542426,3.1701382249593735,3.964761272072792,0,72
old_e17,20260845,1,3,87.0,1.0,1,1,0,0,0,0,0,0.05128205128205128,39,2.3692722599475813,2.9991425573825836,3.1127650290727615,0,77
old_e17,20260845,2,3,-29.0,3.0,0,0,0,0,0,0,0,0.05263157894736842,38,2.4099480360746384,3.182878345251083,3.3310353755950928,0,77
old_e17,20260845,3,3,-8.0,2.5,0,0,0,0,0,0,0,0.05555555555555555,36,2.3229943277935186,2.7276757173240185,2.7399342507123947,0,72
old_e17,20260846,0,2,-8.0,2.5,0,0,0,0,0,0,0,0.0,46,2.534413548267406,3.0842600390315056,4.57923486828804,0,92
old_e17,20260846,1,2,-8.0,2.5,0,0,0,0,0,0,0,0.018518518518518517,54,2.415350741810269,3.0174262821674347,3.0490271747112274,0,108
old_e17,20260846,2,2,-25.0,3.0,0,0,0,0,0,0,0,0.023809523809523808,84,2.4376348148854006,3.2438740134239197,4.066796973347664,0,169
old_e17,20260846,3,2,-8.0,2.5,0,0,0,0,0,0,0,0.024390243902439025,82,2.3765694350004196,2.943240385502577,4.442000761628151,0,164
old_e17,20260847,0,2,-17.0,3.0,0,0,0,0,0,0,0,0.043478260869565216,46,2.427183010655901,3.0035488307476044,3.048328682780266,0,93
old_e17,20260847,1,2,-17.0,3.0,0,0,0,0,0,0,0,0.021739130434782608,46,2.4488553323823474,3.130893222987652,3.2258648425340652,0,93
old_e17,20260847,2,2,-34.0,4.0,0,0,1,26,0,0,0,0.01818181818181818,55,2.3671813986518164,2.917568013072014,2.9957275837659836,0,110
old_e17,20260847,3,2,-16.0,4.0,0,0,1,8,0,0,0,0.0,36,2.3924482779370413,2.9580253176391125,2.981027588248253,0,72
old_e17,20260848,0,0,-8.0,2.5,0,0,0,0,0,0,0,0.0425531914893617,47,2.4004804089348366,2.959633618593216,3.0120201408863068,0,94
old_e17,20260848,1,0,43.0,1.0,1,0,0,0,0,0,0,0.02127659574468085,47,2.3704909897865134,2.847597189247608,2.9328186064958572,0,94
old_e17,20260848,2,0,42.0,1.0,1,0,0,0,0,0,0,0.022222222222222223,45,2.3754685703251095,2.932717278599739,3.079436719417572,0,90
old_e17,20260848,3,0,-8.0,2.5,0,0,0,0,0,0,0,0.0,47,2.366059162515275,2.953718416392803,2.9828250408172607,0,94
old_e17,20260849,0,3,32.0,1.0,1,0,0,0,0,0,0,0.03389830508474576,59,2.3756364392021956,2.7991173788905144,3.086058422923088,0,118
old_e17,20260849,1,3,-8.0,2.5,0,0,0,0,0,0,0,0.03389830508474576,59,2.4129848106432767,3.0730264261364932,3.259129822254181,0,118
old_e17,20260849,2,3,0.0,2.5,0,0,0,0,0,1,1,0.045454545454545456,88,2.2956193213097076,2.750484831631183,2.878500148653984,0,176
old_e17,20260849,3,3,-8.0,2.5,0,0,0,0,0,0,0,0.034482758620689655,58,2.366388312958438,3.0119428411126137,3.098025918006897,0,116
old_e17,20260850,0,0,-18.0,3.0,0,0,0,0,0,0,0,0.018518518518518517,54,2.4006149766069873,2.8555061668157578,2.896888181567192,0,109
old_e17,20260850,1,0,-17.0,4.0,0,0,1,9,0,0,0,0.012658227848101266,79,2.564081285573259,3.4874694421887398,4.7125443816185,0,158
old_e17,20260850,2,0,-8.0,2.5,0,0,0,0,0,0,0,0.0851063829787234,47,2.2888559689547154,2.7541881427168846,2.901187166571617,0,94
old_e17,20260850,3,0,0.0,2.5,0,0,0,0,0,1,1,0.036585365853658534,82,2.336422367612036,2.8102802112698555,2.966867759823799,0,164
old_e17,20260851,0,1,37.0,1.0,1,0,0,0,0,0,0,0.1111111111111111,27,2.381888252717477,2.828375995159149,2.9496271163225174,0,54
old_e17,20260851,1,1,-8.0,2.5,0,0,0,0,0,0,0,0.037037037037037035,27,2.386485881827496,2.9493076726794243,2.992602065205574,0,54
old_e17,20260851,2,1,-22.0,3.0,0,0,0,0,0,0,0,0.0,33,2.3860575800592247,3.015170618891716,3.142174333333969,0,67
old_e17,20260851,3,1,-8.0,2.5,0,0,0,0,0,0,0,0.037037037037037035,27,2.39572253216196,3.0806131660938263,4.454938694834709,0,54
old_e17,20260852,0,3,-8.0,2.5,0,0,0,0,0,0,0,0.0,36,2.5244193255073495,3.4081018529832363,3.64750437438488,0,72
old_e17,20260852,1,3,-8.0,2.5,0,0,0,0,0,0,0,0.0,36,2.4434971209201546,3.157100174576044,3.251250833272934,0,72
old_e17,20260852,2,3,36.0,1.0,1,0,0,0,0,0,0,0.0,36,2.3590859232677355,2.9314029961824417,2.9678121209144592,0,72
old_e17,20260852,3,3,-20.0,4.0,0,0,1,12,0,0,0,0.05555555555555555,36,2.3188118098510637,2.8979452326893806,2.9484089463949203,0,72
old_e17,20260853,0,2,-8.0,2.5,0,0,0,0,0,0,0,0.04918032786885246,61,2.3933686316013336,2.8042495250701904,2.9764678329229355,0,122
old_e17,20260853,1,2,-8.0,2.5,0,0,0,0,0,0,0,0.0,32,2.5138211203739047,3.4554348327219486,3.6755967885255814,0,64
old_e17,20260853,2,2,-17.0,4.0,0,0,1,9,0,0,0,0.0,61,2.401734076318194,3.034740686416626,3.243282437324524,0,122
old_e17,20260853,3,2,-27.0,4.0,0,0,1,19,0,0,0,0.03278688524590164,61,2.3565224875680735,2.8981566429138184,3.1726453453302383,0,122
old_e17,20260854,0,1,-8.0,2.5,0,0,0,0,0,0,0,0.0,30,2.463488963743051,3.095388412475586,3.102116286754608,0,60
old_e17,20260854,1,1,-20.0,4.0,0,0,1,12,0,0,0,0.03333333333333333,30,2.3929636304577193,2.9735838063061233,3.144938498735428,0,60
old_e17,20260854,2,1,48.0,1.0,1,0,0,0,0,0,0,0.0,38,2.364495475041239,2.9213248752057552,2.9642190784215927,0,76
old_e17,20260854,3,1,-19.0,3.0,0,0,0,0,0,0,0,0.034482758620689655,29,2.3807473480701447,2.970263361930847,3.128601238131523,0,59
old_e17,20260855,0,1,60.0,1.0,1,1,0,0,0,0,0,0.0,70,2.6427880195634708,3.6213764920830727,3.830051049590111,0,139
old_e17,20260855,1,1,-8.0,2.5,0,0,0,0,0,0,0,0.038461538461538464,52,2.341340009409648,2.7337237261235714,2.804132178425789,0,104
old_e17,20260855,2,1,-17.0,3.0,0,0,0,0,0,0,0,0.014084507042253521,71,2.362696480163386,2.9791034758090973,3.0480027198791504,0,143
old_e17,20260855,3,1,-18.0,4.0,0,0,1,10,0,0,0,0.045454545454545456,44,2.342863008379936,2.7924048714339733,3.1689051538705826,0,88
old_e17,20260856,0,1,33.0,1.0,1,0,0,0,0,0,0,0.0,62,2.5223974559095597,3.5435923375189295,3.7153903394937515,0,124
old_e17,20260856,1,1,-8.0,2.5,0,0,0,0,0,0,0,0.03225806451612903,62,2.387742241544108,2.9056207276880737,4.204448312520981,0,124
old_e17,20260856,2,1,-17.0,4.0,0,0,1,9,0,0,0,0.05,60,2.398733360071977,3.0855233781039715,3.121301531791687,0,120
old_e17,20260856,3,1,-8.0,2.5,0,0,0,0,0,0,0,0.03225806451612903,62,2.347218383464121,2.8329812921583652,4.091506823897362,0,124
old_e17,20260857,0,0,-32.0,4.0,0,0,1,24,0,0,0,0.029411764705882353,34,2.475490519667373,3.035141620784998,3.1330883502960205,0,68
old_e17,20260857,1,0,-8.0,2.5,0,0,0,0,0,0,0,0.0,34,2.4027891785782924,3.08510335162282,3.2750647515058517,0,68
old_e17,20260857,2,0,-8.0,2.5,0,0,0,0,0,0,0,0.09090909090909091,33,2.358311505028696,2.9525436460971832,2.9719211161136627,0,66
old_e17,20260857,3,0,-18.0,4.0,0,0,1,10,0,0,0,0.0,39,2.383027894374652,2.965063229203224,2.9853638261556625,0,78
old_e17,20260858,0,2,-20.0,3.0,0,0,0,0,0,0,0,0.03773584905660377,53,2.404008025549493,2.83547006547451,2.9589254409074783,0,108
old_e17,20260858,1,2,-20.0,3.0,0,0,0,0,0,0,0,0.03773584905660377,53,2.4090786025209248,2.887548878788948,4.102030768990517,0,108
old_e17,20260858,2,2,-20.0,3.0,0,0,0,0,0,0,0,0.03773584905660377,53,2.3654805109748303,2.9439613223075867,3.0915923416614532,0,108
old_e17,20260858,3,2,60.0,1.0,1,1,0,0,0,0,0,0.01818181818181818,55,2.4607486684213984,3.1252611428499217,4.5013148337602615,0,108
old_e17,20260859,0,1,-8.0,2.5,0,0,0,0,0,0,0,0.0,36,2.461823117401865,2.8960611671209335,3.88462096452713,0,72
old_e17,20260859,1,1,33.0,1.0,1,0,0,0,0,0,0,0.027777777777777776,36,2.357720397412777,2.861372660845518,2.870095893740654,0,72
old_e17,20260859,2,1,-8.0,2.5,0,0,0,0,0,0,0,0.05555555555555555,36,2.4016769085493355,3.2613552175462246,3.2704006880521774,0,72
old_e17,20260859,3,1,-8.0,2.5,0,0,0,0,0,0,0,0.0,35,2.3526255573545183,2.923843078315258,2.938510850071907,0,70
old_e17,20260860,0,0,-22.0,3.0,0,0,0,0,0,0,0,0.01818181818181818,55,2.43528773161498,2.948302216827869,3.0631106346845627,0,111
old_e17,20260860,1,0,66.0,1.0,1,1,0,0,0,0,0,0.03571428571428571,56,2.3806128384811536,2.899180632084608,4.2441487312316895,0,111
old_e17,20260860,2,0,-22.0,3.0,0,0,0,0,0,0,0,0.03389830508474576,59,2.3047877002065467,2.7427945286035538,2.772171050310135,0,119
old_e17,20260860,3,0,-22.0,3.0,0,0,0,0,0,0,0,0.0,55,2.420204843987118,3.151174820959568,3.1613055616617203,0,111
old_e17,20260861,0,3,49.0,1.0,1,0,0,0,0,0,0,0.0,8,2.43046204559505,2.938157320022583,2.9506273567676544,0,16
old_e17,20260861,1,3,-8.0,2.5,0,0,0,0,0,0,0,0.0,8,2.5044623762369156,3.5033049061894412,3.8399919867515564,0,16
old_e17,20260861,2,3,-8.0,2.5,0,0,0,0,0,0,0,0.0,8,2.3661924060434103,2.8675932437181473,2.8778519481420517,0,16
old_e17,20260861,3,3,-33.0,4.0,0,0,1,25,0,0,0,0.0,8,2.380120335146785,2.9082899913191795,2.9106121510267258,0,16
old_e17,20260862,0,0,216.0,1.0,1,1,0,0,0,0,0,0.0392156862745098,51,2.4449591543160234,2.9898621141910553,4.39852848649025,0,101
old_e17,20260862,1,0,-35.0,4.0,0,0,1,27,0,0,0,0.0,36,2.4349908344447613,3.1894026324152946,4.129078239202499,0,72
old_e17,20260862,2,0,-8.0,2.5,0,0,0,0,0,0,0,0.030303030303030304,33,2.4503887151226853,3.091984987258911,4.782857373356819,0,66
old_e17,20260862,3,0,-8.0,2.5,0,0,0,0,0,0,0,0.027777777777777776,36,2.3755749377111592,2.927992958575487,3.178924322128296,0,72
old_e17,20260863,0,3,-24.0,3.0,0,0,0,0,0,0,0,0.019230769230769232,52,2.466583731942452,3.098403103649616,3.699403256177902,0,105
old_e17,20260863,1,3,-23.0,4.0,0,0,1,15,0,0,0,0.019230769230769232,52,2.3545718107085962,2.7327305637300014,2.930097281932831,0,104
old_e17,20260863,2,3,-8.0,2.5,0,0,0,0,0,0,0,0.029850746268656716,67,2.3852832504172823,3.009403683245182,4.1695088148117065,0,134
old_e17,20260863,3,3,72.0,1.0,1,1,0,0,0,0,0,0.05660377358490566,53,2.3001644338639275,2.6173118501901627,3.7342309951782227,0,105
old_e17,20260864,0,3,-8.0,2.5,0,0,0,0,0,0,0,0.0,27,2.522257191163522,2.997448481619358,4.063190892338753,0,54
old_e17,20260864,1,3,37.0,1.0,1,0,0,0,0,0,0,0.0,27,2.448019537108916,3.173421137034893,3.278646618127823,0,54
old_e17,20260864,2,3,-23.0,3.0,0,0,0,0,0,0,0,0.0,37,2.366382074919907,2.959723025560379,3.0269604176282883,0,75
old_e17,20260864,3,3,-8.0,2.5,0,0,0,0,0,0,0,0.0,27,2.3597691346097878,2.910536341369152,2.9195155948400497,0,54
old_e17,20260865,0,0,-8.0,2.5,0,0,0,0,0,0,0,0.03333333333333333,30,2.4494677161177,2.972456905990839,2.9892977327108383,0,60
old_e17,20260865,1,0,-22.0,3.0,0,0,0,0,0,0,0,0.03125,32,2.359315811190754,2.8680057264864445,2.985924482345581,0,65
old_e17,20260865,2,0,-23.0,4.0,0,0,1,15,0,0,0,0.03333333333333333,30,2.330248864988486,2.8747068718075752,2.889934927225113,0,60
old_e17,20260865,3,0,-8.0,2.5,0,0,0,0,0,0,0,0.09375,32,2.3158782278187573,2.798595651984215,2.891024574637413,0,64
old_e17,20260866,0,3,-8.0,2.5,0,0,0,0,0,0,0,0.030303030303030304,33,2.465143630450422,3.1113576143980026,3.1600352376699448,0,66
old_e17,20260866,1,3,39.0,1.0,1,0,0,0,0,0,0,0.05263157894736842,57,2.3153216104235566,2.6671480387449265,2.8395913541316986,0,114
old_e17,20260866,2,3,-16.0,4.0,0,0,1,8,0,0,0,0.047619047619047616,63,2.3229786800959755,2.8622644022107124,2.9854029417037964,0,126
old_e17,20260866,3,3,-8.0,2.5,0,0,0,0,0,0,0,0.0425531914893617,47,2.331737072226849,2.9727082699537273,3.048500046133995,0,94
old_e17,20260867,0,1,-45.0,4.0,0,0,1,37,1,0,0,0.0392156862745098,51,2.467997372150421,2.919573336839676,4.562925547361374,0,102
old_e17,20260867,1,1,-8.0,2.5,0,0,0,0,0,0,0,0.0196078431372549,51,2.3839962394798504,2.892475575208664,3.4807398915290833,0,102
old_e17,20260867,2,1,-8.0,2.5,0,0,0,0,0,0,0,0.023809523809523808,42,2.399692711021219,2.9829938896000385,3.1109601259231567,0,84
old_e17,20260867,3,1,36.0,1.0,1,0,0,0,0,0,0,0.022727272727272728,44,2.3702550679445267,2.970579732209444,3.2043568789958954,0,88
old_e17,20260868,0,2,-8.0,2.5,0,0,0,0,0,0,0,0.0,35,2.4499178997107913,3.084433078765869,3.2538343220949173,0,70
old_e17,20260868,1,2,-20.0,4.0,0,0,1,12,0,0,0,0.05714285714285714,35,2.398109276379858,2.842748910188675,4.289137199521065,0,70
old_e17,20260868,2,2,36.0,1.0,1,0,0,0,0,0,0,0.0,35,2.449300406234605,3.0527830123901367,3.7206746637821198,0,70
old_e17,20260868,3,2,-8.0,2.5,0,0,0,0,0,0,0,0.05714285714285714,35,2.3559562329735075,3.018885664641857,3.062644973397255,0,70
old_e17,20260869,0,3,-8.0,2.5,0,0,0,0,0,0,0,0.0,38,2.4230623813836196,2.914763242006302,2.979271113872528,0,76
old_e17,20260869,1,3,-8.0,2.5,0,0,0,0,0,0,0,0.019230769230769232,52,2.367749702758514,2.8912347741425037,3.031708300113678,0,104
old_e17,20260869,2,3,-8.0,2.5,0,0,0,0,0,0,0,0.02857142857142857,70,2.393137849867344,3.0589941889047623,3.262113779783249,0,140
old_e17,20260869,3,3,0.0,2.5,0,0,0,0,0,1,1,0.011627906976744186,86,2.4517438656022383,3.209502901881933,3.4686271101236343,0,172
old_e17,20260870,0,2,-21.0,3.0,0,0,0,0,0,0,0,0.02,50,2.420329339802265,2.928774058818817,2.9762890189886093,0,101
old_e17,20260870,1,2,36.0,1.0,1,0,0,0,0,0,0,0.0,60,2.380424768974384,2.949066925793886,3.084944561123848,0,120
old_e17,20260870,2,2,63.0,1.0,1,1,0,0,0,0,0,0.02127659574468085,47,2.3516201354721757,2.8473736718297005,3.482729196548462,0,93
old_e17,20260870,3,2,-16.0,4.0,0,0,1,8,0,0,0,0.0,20,2.3612593300640583,2.923078555613756,2.9479525983333588,0,40
old_e17,20260871,0,1,33.0,1.0,1,0,0,0,0,0,0,0.024390243902439025,82,2.3962753575022626,2.778990101069212,3.7963148206472397,0,165
old_e17,20260871,1,1,0.0,2.5,0,0,0,0,0,1,1,0.023255813953488372,86,2.396503290118173,2.886752597987652,3.391675651073456,0,171
old_e17,20260871,2,1,0.0,2.5,0,0,0,0,0,1,0,0.011627906976744186,86,2.3849073927416358,2.981571014970541,3.070145845413208,0,174
old_e17,20260871,3,1,0.0,2.5,0,0,0,0,0,1,1,0.0,88,2.3901600983332503,3.0207748524844646,3.102727234363556,0,177
old_e17,20260872,0,3,-8.0,2.5,0,0,0,0,0,0,0,0.06382978723404255,47,2.435696687787137,3.0149387195706367,4.148857668042183,0,95
old_e17,20260872,1,3,33.0,1.0,1,0,0,0,0,0,0,0.08888888888888889,45,2.324723369545407,2.6846177875995636,2.780655398964882,0,89
old_e17,20260872,2,3,0.0,2.5,0,0,0,0,0,1,1,0.023529411764705882,85,2.366315814502099,2.89701484143734,3.401065245270729,0,170
old_e17,20260872,3,3,-27.0,4.0,0,0,1,19,0,0,0,0.0,72,2.497055334970355,3.460922557860613,3.5262033343315125,0,145
old_e17,20260873,0,1,-8.0,2.5,0,0,0,0,0,0,0,0.0425531914893617,47,2.4051173649569777,2.959555573761463,3.027256578207016,0,94
old_e17,20260873,1,1,33.0,1.0,1,0,0,0,0,0,0,0.02127659574468085,47,2.3673364615186734,2.8415190055966377,2.8583072125911713,0,94
old_e17,20260873,2,1,-8.0,2.5,0,0,0,0,0,0,0,0.0196078431372549,51,2.4114274145925747,3.1110355630517006,3.1743478029966354,0,102
old_e17,20260873,3,1,-17.0,4.0,0,0,1,9,0,0,0,0.0,39,2.371816728741695,2.982467971742153,3.075750544667244,0,78
old_e17,20260874,0,1,-8.0,2.5,0,0,0,0,0,0,0,0.0,18,2.438269452088409,2.9040455818176265,3.200467675924301,0,36
old_e17,20260874,1,1,33.0,1.0,1,0,0,0,0,0,0,0.1111111111111111,18,2.3651961237192154,2.7933001518249507,2.9802247881889343,0,36
old_e17,20260874,2,1,-8.0,2.5,0,0,0,0,0,0,0,0.0,18,2.4117893642849393,3.0266347341239452,3.0453503131866455,0,36
old_e17,20260874,3,1,-17.0,4.0,0,0,1,9,0,0,0,0.0,18,2.4024247088366084,2.9816970229148865,3.016522154211998,0,36
old_e17,20260875,0,3,-8.0,2.5,0,0,0,0,0,0,0,0.0,72,2.5575488754030733,3.4679201431572437,3.55653278529644,0,144
old_e17,20260875,1,3,-8.0,2.5,0,0,0,0,0,0,0,0.043478260869565216,46,2.365833512790825,2.8670327737927437,3.0499622225761414,0,92
old_e17,20260875,2,3,-8.0,2.5,0,0,0,0,0,0,0,0.013888888888888888,72,2.399624946216742,3.0282906256616116,3.3525992184877396,0,144
old_e17,20260875,3,3,55.0,1.0,1,0,0,0,0,0,0,0.041666666666666664,72,2.339433231908414,2.7967439964413643,2.897130325436592,0,144
old_e17,20260876,0,2,-8.0,2.5,0,0,0,0,0,0,0,0.04081632653061224,49,2.4011835683973466,2.97531858086586,3.025352954864502,0,98
old_e17,20260876,1,2,-16.0,4.0,0,0,1,8,0,0,0,0.021739130434782608,46,2.3505328142124675,2.7580629102885723,2.800082787871361,0,92
old_e17,20260876,2,2,32.0,1.0,1,0,0,0,0,0,0,0.02040816326530612,49,2.389250171123719,3.121635690331459,3.227444365620613,0,98
old_e17,20260876,3,2,-8.0,2.5,0,0,0,0,0,0,0,0.0,50,2.3504457622766495,2.900539617985487,2.982448786497116,0,100
old_e17,20260877,0,0,78.0,1.0,1,1,0,0,0,0,0,0.0,51,2.4305630986597024,2.9618553817272186,3.0027758330106735,0,102
old_e17,20260877,1,0,-8.0,2.5,0,0,0,0,0,0,0,0.0,48,2.403820282779634,2.991719823330641,3.0225012451410294,0,97
old_e17,20260877,2,0,-8.0,2.5,0,0,0,0,0,0,0,0.03076923076923077,65,2.336120204283641,2.7777060866355896,3.106769174337387,0,129
old_e17,20260877,3,0,-26.0,3.0,0,0,0,0,0,0,0,0.04,50,2.3630715906620026,2.8976839035749435,2.931799739599228,0,102
old_e17,20260878,0,2,-23.0,4.0,0,0,1,15,0,0,0,0.0,57,2.475019903820858,3.1281728297472,3.1826309859752655,0,114
old_e17,20260878,1,2,-8.0,2.5,0,0,0,0,0,0,0,0.017543859649122806,57,2.476694258420091,3.2359268516302104,4.21997532248497,0,114
old_e17,20260878,2,2,39.0,1.0,1,0,0,0,0,0,0,0.030303030303030304,66,2.33950765069687,2.7925651520490646,3.113832324743271,0,132
old_e17,20260878,3,2,-8.0,2.5,0,0,0,0,0,0,0,0.0,57,2.360479938879348,2.8996359556913376,2.929842099547386,0,114
old_e17,20260879,0,0,-8.0,2.5,0,0,0,0,0,0,0,0.05,40,2.4116814602166414,2.9101249761879444,2.9771551489830017,0,80
old_e17,20260879,1,0,-8.0,2.5,0,0,0,0,0,0,0,0.027777777777777776,36,2.350206176439921,2.894358243793249,3.009449690580368,0,72
old_e17,20260879,2,0,-17.0,4.0,0,0,1,9,0,0,0,0.027777777777777776,36,2.3477191312445536,2.933950163424015,2.98427976667881,0,72
old_e17,20260879,3,0,33.0,1.0,1,0,0,0,0,0,0,0.05555555555555555,36,2.356648859050539,2.9394151642918587,3.168312832713127,0,72
old_e17,20260880,0,3,-19.0,4.0,0,0,1,11,0,0,0,0.019230769230769232,52,2.484142708663757,3.099849633872509,3.6747008562088013,0,104
old_e17,20260880,1,3,-33.0,3.0,0,0,0,0,0,0,0,0.03389830508474576,59,2.3857553063307777,2.844804897904396,3.5033170133829117,0,120
old_e17,20260880,2,3,33.0,1.0,1,0,0,0,0,0,0,0.014925373134328358,67,2.421675361136892,3.121817484498024,3.2151881605386734,0,133
old_e17,20260880,3,3,0.0,2.5,0,0,0,0,0,1,1,0.02631578947368421,76,2.32152733951807,2.7148411609232426,2.909177914261818,0,154
old_e17,20260881,0,0,-16.0,3.0,0,0,0,0,0,0,0,0.07142857142857142,28,2.415322366037539,2.942455466836691,2.959268167614937,0,58
old_e17,20260881,1,0,-16.0,3.0,0,0,0,0,0,0,0,0.0,28,2.3414873784141883,2.885737828910351,2.9103923588991165,0,58
old_e17,20260881,2,0,-16.0,3.0,0,0,0,0,0,0,0,0.10714285714285714,28,2.317893651447126,2.6836452074348927,3.1048599630594254,0,58
old_e17,20260881,3,0,63.0,1.0,1,1,0,0,0,0,0,0.03125,32,2.442800090648234,3.1832496635615826,3.5742130130529404,0,62
old_e17,20260882,0,3,32.0,1.0,1,0,0,0,0,0,0,0.03125,32,2.5761406868696213,3.472023829817772,3.555232658982277,0,64
old_e17,20260882,1,3,-24.0,3.0,0,0,0,0,0,0,0,0.0,38,2.416340879311687,2.967244666069746,2.978099510073662,0,77
old_e17,20260882,2,3,-8.0,2.5,0,0,0,0,0,0,0,0.03125,32,2.3754439898766577,2.9879863373935223,3.0342768877744675,0,64
old_e17,20260882,3,3,-8.0,2.5,0,0,0,0,0,0,0,0.0625,32,2.366002881899476,3.028081636875868,3.069564700126648,0,64
old_e17,20260883,0,2,32.0,1.0,1,0,0,0,0,0,0,0.05,40,2.443943126127124,2.9447262175381184,3.008432686328888,0,80
old_e17,20260883,1,2,-16.0,3.0,0,0,0,0,0,0,0,0.025,40,2.378648892045021,2.911961358040571,2.975497394800186,0,81
old_e17,20260883,2,2,-16.0,3.0,0,0,0,0,0,0,0,0.0,40,2.3982159793376923,3.0133490450680256,3.088444471359253,0,81
old_e17,20260883,3,2,-16.0,3.0,0,0,0,0,0,0,0,0.025,40,2.354816487058997,2.9027312994003296,2.9036197811365128,0,81
old_e17,20260884,0,3,57.0,1.0,1,1,0,0,0,0,0,0.043478260869565216,23,2.4230975819670637,3.025480732321739,3.1200796365737915,0,45
old_e17,20260884,1,3,-19.0,3.0,0,0,0,0,0,0,0,0.045454545454545456,22,2.4010118266398255,2.982158027589321,3.0253082513809204,0,45
old_e17,20260884,2,3,-19.0,3.0,0,0,0,0,0,0,0,0.0,19,2.35267326627907,2.959560789167881,2.98512727022171,0,39
old_e17,20260884,3,3,-19.0,3.0,0,0,0,0,0,0,0,0.05263157894736842,19,2.3541653430775593,2.8489796444773674,2.908831462264061,0,39
old_e17,20260885,0,3,-8.0,2.5,0,0,0,0,0,0,0,0.0,34,2.484333044027581,3.124675527215004,3.2335277646780014,0,69
old_e17,20260885,1,3,36.0,1.0,1,0,0,0,0,0,0,0.031746031746031744,63,2.363547564498962,2.8655193746089935,2.8959233313798904,0,127
old_e17,20260885,2,3,34.0,1.0,1,0,0,0,0,0,0,0.05714285714285714,35,2.3279703089169095,2.7733586728572845,2.825884148478508,0,69
old_e17,20260885,3,3,-8.0,2.5,0,0,0,0,0,0,0,0.0,34,2.4657509125330868,3.4325940534472466,3.8238652050495148,0,69
old_e17,20260886,0,2,99.0,1.0,1,1,0,0,0,0,0,0.04878048780487805,41,2.4169219158044677,2.9526520520448685,3.1029172241687775,0,81
old_e17,20260886,1,2,-33.0,3.0,0,0,0,0,0,0,0,0.05,40,2.3747357074171305,2.950364537537098,3.0464883893728256,0,81
old_e17,20260886,2,2,-33.0,3.0,0,0,0,0,0,0,0,0.0,40,2.3799638263881207,3.0058132484555244,3.0744019895792007,0,81
old_e17,20260886,3,2,-33.0,3.0,0,0,0,0,0,0,0,0.075,40,2.3043020628392696,2.6736811734735966,2.733612433075905,0,81
old_e17,20260887,0,3,-20.0,3.0,0,0,0,0,0,0,0,0.0,58,2.4901467600259286,3.179856203496456,3.74707393348217,0,117
old_e17,20260887,1,3,-8.0,2.5,0,0,0,0,0,0,0,0.0,58,2.3895848927826715,2.966736536473036,3.044726327061653,0,116
old_e17,20260887,2,3,-24.0,4.0,0,0,1,16,0,0,0,0.03076923076923077,65,2.3152629056802163,2.644648030400276,2.866605296730995,0,130
old_e17,20260887,3,3,-21.0,4.0,0,0,1,13,0,0,0,0.015625,64,2.359849226195365,2.870082203298807,2.9516778886318207,0,128
old_e17,20260888,0,3,-18.0,3.0,0,0,0,0,0,0,0,0.0,35,2.450410755617278,3.0828680843114853,3.2106228172779083,0,71
old_e17,20260888,1,3,-18.0,3.0,0,0,0,0,0,0,0,0.08571428571428572,35,2.335838441337858,2.683374471962452,2.6996321976184845,0,71
old_e17,20260888,2,3,54.0,1.0,1,1,0,0,0,0,0,0.08333333333333333,36,2.3058560262951584,2.7166474610567093,3.031844273209572,0,71
old_e17,20260888,3,3,-18.0,3.0,0,0,0,0,0,0,0,0.02857142857142857,35,2.3273387125560214,2.835622616112232,2.876540645956993,0,71
old_e17,20260889,0,0,-8.0,2.5,0,0,0,0,0,0,0,0.02702702702702703,74,2.437323105294962,2.975483424961567,3.039613366127014,0,148
old_e17,20260889,1,0,-16.0,4.0,0,0,1,8,0,0,0,0.0,41,2.4269894674056913,2.985730767250061,3.0185412615537643,0,82
old_e17,20260889,2,0,-18.0,4.0,0,0,1,10,0,0,0,0.037037037037037035,54,2.3492043148036355,2.9167532920837402,2.9748640954494476,0,108
old_e17,20260889,3,0,33.0,1.0,1,0,0,0,0,0,0,0.016129032258064516,62,2.4219250246401756,3.021131921559572,3.918187692761421,0,124
old_e17,20260890,0,2,-26.0,4.0,0,0,1,18,0,0,0,0.046511627906976744,43,2.3827802736398787,2.8418863192200656,2.927016466856003,0,86
old_e17,20260890,1,2,42.0,1.0,1,0,0,0,0,0,0,0.023255813953488372,43,2.4139907124430633,2.9465125873684883,3.1059086322784424,0,86
old_e17,20260890,2,2,-8.0,2.5,0,0,0,0,0,0,0,0.022222222222222223,45,2.429641948805915,3.135383501648903,3.328649327158928,0,90
old_e17,20260890,3,2,-8.0,2.5,0,0,0,0,0,0,0,0.023255813953488372,43,2.377798564212267,3.0701573938131332,3.0846502631902695,0,86
old_e17,20260891,0,1,-19.0,4.0,0,0,1,11,0,0,0,0.04477611940298507,67,2.3583491791540117,2.658124268054962,2.881515771150589,0,134
old_e17,20260891,1,1,33.0,1.0,1,0,0,0,0,0,0,0.07317073170731707,41,2.3426291782681536,2.916056662797928,2.9970239847898483,0,82
old_e17,20260891,2,1,-23.0,4.0,0,0,1,15,0,0,0,0.023255813953488372,43,2.3488595995099044,2.8642548248171806,2.9198117554187775,0,86
old_e17,20260891,3,1,0.0,2.5,0,0,0,0,0,1,0,0.011627906976744186,86,2.378935492489227,2.9459246434271336,3.06684710085392,0,171
old_e17,20260892,0,0,33.0,1.0,1,0,0,0,0,0,0,0.0,48,2.523753015945355,3.156034927815199,3.2240767031908035,0,96
old_e17,20260892,1,0,-8.0,2.5,0,0,0,0,0,0,0,0.0,48,2.5384717543299,3.415495716035366,4.302149638533592,0,96
old_e17,20260892,2,0,-17.0,4.0,0,0,1,9,0,0,0,0.0,35,2.3883838738713945,2.9764991253614426,2.9893629252910614,0,70
old_e17,20260892,3,0,-17.0,4.0,0,0,1,9,0,0,0,0.041666666666666664,48,2.3613934172317386,2.9401724226772785,3.139084205031395,0,96
old_e17,20260893,0,3,-8.0,2.5,0,0,0,0,0,0,0,0.04838709677419355,62,2.4178253426667182,2.9644050635397434,3.0532125383615494,0,124
old_e17,20260893,1,3,-16.0,4.0,0,0,1,8,0,0,0,0.0,34,2.4635197375627125,3.1468094326555724,3.3435747027397156,0,68
old_e17,20260893,2,3,32.0,1.0,1,0,0,0,0,0,0,0.03225806451612903,62,2.3459965783742165,2.9577114619314666,3.4214891493320465,0,124
old_e17,20260893,3,3,-8.0,2.5,0,0,0,0,0,0,0,0.03225806451612903,62,2.3190453047713926,2.728737611323595,2.8930921107530594,0,124
old_e17,20260894,0,1,48.0,1.0,1,0,0,0,0,0,0,0.0,22,2.443204125897451,2.9078652150928974,2.970188856124878,0,44
old_e17,20260894,1,1,-32.0,4.0,0,0,1,24,0,0,0,0.07692307692307693,26,2.345556679826516,2.777839545160532,2.813270315527916,0,52
old_e17,20260894,2,1,-8.0,2.5,0,0,0,0,0,0,0,0.0,26,2.358592115342617,2.947275061160326,2.9948316514492035,0,52
old_e17,20260894,3,1,-8.0,2.5,0,0,0,0,0,0,0,0.0,26,2.4010884360625195,3.126637078821659,3.3138711005449295,0,52
old_e17,20260895,0,1,-8.0,2.5,0,0,0,0,0,0,0,0.04,50,2.4279116466641426,2.945585176348686,3.249436616897583,0,100
old_e17,20260895,1,1,-19.0,4.0,0,0,1,11,0,0,0,0.023809523809523808,42,2.409933755795161,2.8817547485232353,3.7296153604984283,0,84
old_e17,20260895,2,1,-27.0,3.0,0,0,0,0,0,0,0,0.0,56,2.390498960656779,2.9987446032464504,3.042232245206833,0,113
old_e17,20260895,3,1,35.0,1.0,1,0,0,0,0,0,0,0.06818181818181818,44,2.3099698803641577,2.7884073555469517,3.0347928404808044,0,88
old_e17,20260896,0,2,34.0,1.0,1,0,0,0,0,0,0,0.075,40,2.3697567638009787,2.743830624967813,3.0436310917139053,0,80
old_e17,20260896,1,2,-8.0,2.5,0,0,0,0,0,0,0,0.025,40,2.374525787308812,2.866256795823574,2.908064052462578,0,80
old_e17,20260896,2,2,-32.0,3.0,0,0,0,0,0,0,0,0.017543859649122806,57,2.3708756882370565,2.901260554790497,2.951420843601227,0,116
old_e17,20260896,3,2,-8.0,2.5,0,0,0,0,0,0,0,0.020833333333333332,48,2.3452573999141655,2.869658451527357,3.1472332775592804,0,97
old_e17,20260897,0,1,-16.0,4.0,0,0,1,8,0,0,0,0.0,29,2.4449852263105325,2.935142442584038,2.940269187092781,0,58
old_e17,20260897,1,1,32.0,1.0,1,0,0,0,0,0,0,0.034482758620689655,29,2.438831496341475,3.1908679753541946,3.2102391123771667,0,58
old_e17,20260897,2,1,-8.0,2.5,0,0,0,0,0,0,0,0.034482758620689655,29,2.3279446980048872,2.6877157390117645,2.8327126055955887,0,58
old_e17,20260897,3,1,-8.0,2.5,0,0,0,0,0,0,0,0.06896551724137931,29,2.339461561420868,2.817843109369278,2.83694826066494,0,58
old_e17,20260898,0,1,-16.0,4.0,0,0,1,8,0,0,0,0.0,63,2.6181439263006996,3.653731383383274,3.8190744817256927,0,126
old_e17,20260898,1,1,-8.0,2.5,0,0,0,0,0,0,0,0.034482758620689655,29,2.3960579700511078,3.06168831884861,3.152020275592804,0,58
old_e17,20260898,2,1,0.0,2.5,0,0,0,0,0,1,1,0.011627906976744186,86,2.3583149494126787,2.84836208447814,2.904500812292099,0,172
old_e17,20260898,3,1,-8.0,2.5,0,0,0,0,0,0,0,0.019230769230769232,52,2.3308352638895693,2.742305677384138,2.884024754166603,0,104
old_e17,20260899,0,3,-8.0,2.5,0,0,0,0,0,0,0,0.02040816326530612,49,2.3955553770065308,2.79182605445385,2.984108403325081,0,98
old_e17,20260899,1,3,-19.0,4.0,0,0,1,11,0,0,0,0.02040816326530612,49,2.47374990460824,3.3137992024421687,3.428952768445015,0,98
old_e17,20260899,2,3,35.0,1.0,1,0,0,0,0,0,0,0.0,49,2.444980247896545,3.1923845410346985,3.2562091946601868,0,98
old_e17,20260899,3,3,-19.0,4.0,0,0,1,11,0,0,0,0.022727272727272728,44,2.343979621814056,2.832434419542551,2.8693880885839462,0,88
old_e17,20260900,0,1,-20.0,3.0,0,0,0,0,0,0,0,0.05,20,2.425439190119505,2.900473214685917,2.9238201677799225,0,41
old_e17,20260900,1,1,60.0,1.0,1,1,0,0,0,0,0,0.09523809523809523,21,2.2990147450140546,2.613469958305359,2.7031246572732925,0,41
old_e17,20260900,2,1,-20.0,3.0,0,0,0,0,0,0,0,0.0,20,2.4309522472321987,3.137128427624703,3.5334639251232147,0,41
old_e17,20260900,3,1,-20.0,3.0,0,0,0,0,0,0,0,0.0,20,2.3686572909355164,3.0454380437731743,3.0466094613075256,0,41
old_e17,20260901,0,0,60.0,1.0,1,1,0,0,0,0,0,0.023809523809523808,42,2.4398245981761386,3.160182386636733,3.333901986479759,0,83
old_e17,20260901,1,0,-20.0,3.0,0,0,0,0,0,0,0,0.045454545454545456,44,2.3475038311020895,2.7763822115957737,2.9868222773075104,0,89
old_e17,20260901,2,0,-22.0,3.0,0,0,0,0,0,0,0,0.04,50,2.3411259055137634,2.8181434608995914,2.8661806136369705,0,101
old_e17,20260901,3,0,-20.0,3.0,0,0,0,0,0,0,0,0.024390243902439025,41,2.4293175012600132,3.1011011451482773,3.4782961010932922,0,83
old_e17,20260902,0,2,-19.0,3.0,0,0,0,0,0,0,0,0.045454545454545456,22,2.4346699938178062,2.958213724195957,2.962881699204445,0,45
old_e17,20260902,1,2,-19.0,4.0,0,0,1,11,0,0,0,0.045454545454545456,22,2.404097806323658,2.827139850705862,3.688633441925049,0,44
old_e17,20260902,2,2,57.0,1.0,1,1,0,0,0,0,0,0.043478260869565216,23,2.360137422447619,3.0037131160497665,3.026343882083893,0,45
old_e17,20260902,3,2,-19.0,3.0,0,0,0,0,0,0,0,0.0,22,2.393398941917853,3.060932271182537,3.1288079917430878,0,45
old_e17,20260903,0,2,-8.0,2.5,0,0,0,0,0,0,0,0.012345679012345678,81,2.432622107458703,2.90042906999588,3.3525601029396057,0,163
old_e17,20260903,1,2,51.0,1.0,1,1,0,0,0,0,0,0.023529411764705882,85,2.3840938639991425,2.92535200715065,3.0194371938705444,0,170
old_e17,20260903,2,2,-18.0,4.0,0,0,1,10,0,0,0,0.024096385542168676,83,2.3409801883151733,2.7837922796607018,2.946004271507263,0,167
old_e17,20260903,3,2,-8.0,2.5,0,0,0,0,0,0,0,0.036585365853658534,82,2.3255086072334428,2.7955460362136364,2.9802247881889343,0,163
old_e17,20260904,0,0,-16.0,4.0,0,0,1,8,0,0,0,0.0,40,2.496280986815691,3.0602379702031612,3.092339262366295,0,80
old_e17,20260904,1,0,10.0,2.0,0,0,0,0,0,0,0,0.0,73,2.4528244433745945,3.081255406141281,3.4370683133602142,1,147
old_e17,20260904,2,0,-18.0,4.0,0,0,1,10,0,0,0,0.025,80,2.398657030425966,3.1167516484856606,3.254381939768791,0,159
old_e17,20260904,3,0,-8.0,2.5,0,0,0,0,0,0,0,0.05,40,2.312687924131751,2.727465890347957,2.879636362195015,0,80
old_e17,20260905,0,3,44.0,1.0,1,0,0,0,0,0,0,0.03333333333333333,30,2.465082394580046,3.0155846849083896,3.6042407155036926,0,60
old_e17,20260905,1,3,-8.0,2.5,0,0,0,0,0,0,0,0.03296703296703297,91,2.3509312912330524,2.7496740221977234,3.8349833339452744,0,182
old_e17,20260905,2,3,-8.0,2.5,0,0,0,0,0,0,0,0.0,30,2.3604494829972587,2.9865105636417866,3.0875150114297867,0,60
old_e17,20260905,3,3,-8.0,2.5,0,0,0,0,0,0,0,0.06666666666666667,30,2.318573805193106,2.91258217766881,2.927267923951149,0,60
old_e17,20260906,0,2,49.0,1.0,1,0,0,0,0,0,0,0.0,30,2.4952047814925513,3.0002232640981674,3.0120760202407837,0,60
old_e17,20260906,1,2,40.0,1.0,1,0,0,0,0,0,0,0.0,37,2.3942446789226017,2.9487989842891693,2.959607169032097,0,74
old_e17,20260906,2,2,34.0,1.0,1,0,0,0,0,0,0,0.045454545454545456,44,2.3719031279059974,3.0668209306895733,3.1920745968818665,0,88
old_e17,20260906,3,2,-8.0,2.5,0,0,0,0,0,0,0,0.0,30,2.3634744187196097,2.9821177013218403,3.0018482357263565,0,60
old_e17,20260907,0,1,44.0,1.0,1,0,0,0,0,0,0,0.06,50,2.3636162653565407,2.7106326073408127,3.1361840665340424,0,100
old_e17,20260907,1,1,-8.0,2.5,0,0,0,0,0,0,0,0.058823529411764705,51,2.313683320786439,2.7893604710698128,3.130091354250908,0,102
old_e17,20260907,2,1,-8.0,2.5,0,0,0,0,0,0,0,0.0196078431372549,51,2.392256084610434,3.0304165557026863,3.515627235174179,0,102
old_e17,20260907,3,1,-28.0,4.0,0,0,1,20,0,0,0,0.02,50,2.3640642315149307,2.9134745709598064,3.363996744155884,0,100
old_e17,20260908,0,1,-8.0,2.5,0,0,0,0,0,0,0,0.0,79,2.506182116420963,3.27912587672472,3.4206267446279526,0,158
old_e17,20260908,1,1,-19.0,4.0,0,0,1,11,0,0,0,0.0379746835443038,79,2.4185145768938185,3.0475113540887833,3.16622294485569,0,158
old_e17,20260908,2,1,-33.0,4.0,0,0,1,25,0,0,0,0.02857142857142857,70,2.3434857970901897,2.815881371498108,2.95066274702549,0,140
old_e17,20260908,3,1,35.0,1.0,1,0,0,0,0,0,0,0.03125,64,2.3226857592817396,2.862195298075675,2.9025468975305557,0,128
old_e17,20260909,0,0,33.0,1.0,1,0,0,0,0,0,0,0.06666666666666667,45,2.381101499001185,2.865012362599373,2.9491931200027466,0,90
old_e17,20260909,1,0,-8.0,2.5,0,0,0,0,0,0,0,0.022222222222222223,45,2.353635678688685,2.8451889753341675,2.881467342376709,0,90
old_e17,20260909,2,0,-17.0,4.0,0,0,1,9,0,0,0,0.06,50,2.3157473281025887,2.910226210951805,2.971980720758438,0,100
old_e17,20260909,3,0,-8.0,2.5,0,0,0,0,0,0,0,0.06666666666666667,45,2.3172875659333334,2.8816860169172287,2.9264986515045166,0,90
old_e17,20260910,0,2,-21.0,3.0,0,0,0,0,0,0,0,0.0,38,2.4873778027923485,3.094636742025614,3.5905148833990097,0,77
old_e17,20260910,1,2,-21.0,3.0,0,0,0,0,0,0,0,0.02631578947368421,38,2.3812155582402883,2.9865135438740253,3.048611804842949,0,77
old_e17,20260910,2,2,48.0,1.0,1,0,0,0,0,0,0,0.0,46,2.356447684376136,2.9579983092844486,2.9883459210395813,0,92
old_e17,20260910,3,2,-21.0,3.0,0,0,0,0,0,0,0,0.0,40,2.3489666171371937,2.902882359921932,2.9425714164972305,0,81
old_e17,20260911,0,1,-8.0,2.5,0,0,0,0,0,0,0,0.0,52,2.5112970302311273,3.232181631028652,3.5134274512529373,0,104
old_e17,20260911,1,1,34.0,1.0,1,0,0,0,0,0,0,0.057692307692307696,52,2.309127782399838,2.7206577360630027,2.862626686692238,0,104
old_e17,20260911,2,1,-8.0,2.5,0,0,0,0,0,0,0,0.030303030303030304,33,2.3325268517840994,2.8054237365722656,2.838134765625,0,66
old_e17,20260911,3,1,-18.0,4.0,0,0,1,10,0,0,0,0.0,52,2.433381867236816,3.2580857165157795,3.293033689260483,0,104
old_e17,20260912,0,0,-17.0,4.0,0,0,1,9,0,0,0,0.023255813953488372,43,2.4723766241655794,3.223826363682747,3.3083371818065643,0,86
old_e17,20260912,1,0,-8.0,2.5,0,0,0,0,0,0,0,0.023809523809523808,42,2.48501840091887,3.3191435970366,3.559289500117302,0,84
old_e17,20260912,2,0,-20.0,3.0,0,0,0,0,0,0,0,0.02,50,2.360994778573513,2.8994851745665073,3.167828544974327,0,101
old_e17,20260912,3,0,-8.0,2.5,0,0,0,0,0,0,0,0.0,43,2.4289954020533453,3.074130043387413,3.113212063908577,0,86
old_e17,20260913,0,0,66.0,1.0,1,1,0,0,0,0,0,0.05263157894736842,38,2.3596277460455894,2.791073825210333,2.9368288815021515,0,75
old_e17,20260913,1,0,-22.0,3.0,0,0,0,0,0,0,0,0.05405405405405406,37,2.3507235219349734,2.84699834883213,3.0268076807260513,0,75
old_e17,20260913,2,0,-22.0,3.0,0,0,0,0,0,0,0,0.08108108108108109,37,2.3170171959980115,2.815230563282966,2.927033230662346,0,75
old_e17,20260913,3,0,-22.0,3.0,0,0,0,0,0,0,0,0.0,37,2.446093369980116,3.279940783977508,3.3527761697769165,0,75
old_e17,20260914,0,3,33.0,1.0,1,0,0,0,0,0,0,0.0410958904109589,73,2.357910170334659,2.777213603258133,2.974100410938263,0,146
old_e17,20260914,1,3,-8.0,2.5,0,0,0,0,0,0,0,0.03389830508474576,59,2.3902829547049635,2.9989341273903847,3.0434392392635345,0,118
old_e17,20260914,2,3,-8.0,2.5,0,0,0,0,0,0,0,0.03389830508474576,59,2.3523949528649704,2.90879588574171,3.007126972079277,0,118
old_e17,20260914,3,3,-8.0,2.5,0,0,0,0,0,0,0,0.01694915254237288,59,2.403068940265704,3.053123876452445,3.282995894551277,0,118
old_e17,20260915,0,1,0.0,2.5,0,0,0,0,0,1,1,0.0,82,2.5709876109187197,3.4597111865878105,3.8077402859926224,0,164
old_e17,20260915,1,1,0.0,2.5,0,0,0,0,0,1,0,0.012195121951219513,82,2.4114897383785827,3.1216905452311043,3.7238579243421555,0,164
old_e17,20260915,2,1,-28.0,4.0,0,0,1,20,0,0,0,0.015384615384615385,65,2.3441531623785314,2.836504206061363,2.911943942308426,0,130
old_e17,20260915,3,1,0.0,2.5,0,0,0,0,0,1,1,0.036585365853658534,82,2.335074334973242,2.9502414166927338,3.0216481536626816,0,164
old_e17,20260916,0,0,38.0,1.0,1,0,0,0,0,0,0,0.0425531914893617,47,2.3750766636209284,2.857923321425914,3.269810229539871,0,94
old_e17,20260916,1,0,-23.0,4.0,0,0,1,15,0,0,0,0.024390243902439025,41,2.375073231211523,2.799060195684433,3.327125683426857,0,82
old_e17,20260916,2,0,-8.0,2.5,0,0,0,0,0,0,0,0.0975609756097561,41,2.3098746996100354,2.879975363612175,2.913104370236397,0,82
old_e17,20260916,3,0,-8.0,2.5,0,0,0,0,0,0,0,0.024390243902439025,41,2.3347316536961533,2.873580902814865,2.9104631394147873,0,82
old_e17,20260917,0,1,-8.0,2.5,0,0,0,0,0,0,0,0.02127659574468085,47,2.4125342990489718,2.8827754780650134,2.9620230197906494,0,94
old_e17,20260917,1,1,-8.0,2.5,0,0,0,0,0,0,0,0.014925373134328358,67,2.363883320297768,2.8962384909391403,3.058217465877533,0,134
old_e17,20260917,2,1,39.0,1.0,1,0,0,0,0,0,0,0.03636363636363636,55,2.2785923697731714,2.638285420835018,2.667028456926346,0,110
old_e17,20260917,3,1,-17.0,4.0,0,0,1,9,0,0,0,0.04081632653061224,49,2.3543094189799563,2.8940770775079727,3.0261781066656113,0,98
old_e17,20260918,0,1,-8.0,2.5,0,0,0,0,0,0,0,0.045454545454545456,44,2.4035919711671094,2.9601682908833027,3.06650809943676,0,88
old_e17,20260918,1,1,66.0,1.0,1,1,0,0,0,0,0,0.05714285714285714,35,2.3521305727107182,2.7440052479505534,3.2312069088220596,0,69
old_e17,20260918,2,1,-8.0,2.5,0,0,0,0,0,0,0,0.02040816326530612,49,2.401543363016479,3.124336153268814,3.2988563179969788,0,98
old_e17,20260918,3,1,-8.0,2.5,0,0,0,0,0,0,0,0.038461538461538464,52,2.3765370178108034,3.040027432143688,3.140820190310478,0,104
old_e17,20260919,0,0,66.0,1.0,1,1,0,0,0,0,0,0.05405405405405406,37,2.3642903244173206,2.831341326236725,2.919396385550499,0,74
old_e17,20260919,1,0,-21.0,4.0,0,0,1,13,0,0,0,0.023809523809523808,42,2.447254334886869,3.074571769684553,3.2417885959148407,0,85
old_e17,20260919,2,0,-8.0,2.5,0,0,0,0,0,0,0,0.023255813953488372,43,2.3449162064596663,2.795577794313431,2.8854720294475555,0,85
old_e17,20260919,3,0,-8.0,2.5,0,0,0,0,0,0,0,0.023809523809523808,42,2.3506792883078256,2.9225941747426987,3.0588842928409576,0,85
old_e17,20260920,0,2,36.0,1.0,1,0,0,0,0,0,0,0.03571428571428571,28,2.402913357530321,2.951719891279936,2.960599958896637,0,56
old_e17,20260920,1,2,-8.0,2.5,0,0,0,0,0,0,0,0.03333333333333333,30,2.424603762725989,3.0678746290504932,3.1192712485790253,0,60
old_e17,20260920,2,2,-8.0,2.5,0,0,0,0,0,0,0,0.0,28,2.3499022104910443,2.927658148109913,2.9572751373052597,0,56
old_e17,20260920,3,2,-20.0,4.0,0,0,1,12,0,0,0,0.0,28,2.3533797689846585,2.881909254938364,2.921745181083679,0,56
old_e17,20260921,0,1,-8.0,2.5,0,0,0,0,0,0,0,0.0,52,2.503831476832812,3.2469990663230415,3.420734778046608,0,104
old_e17,20260921,1,1,-34.0,4.0,0,0,1,26,0,0,0,0.04081632653061224,49,2.3291803212190163,2.7102369815111156,2.8443150222301483,0,98
old_e17,20260921,2,1,36.0,1.0,1,0,0,0,0,0,0,0.0,51,2.4265471261505986,3.1591318547725677,3.197416663169861,0,102
old_e17,20260921,3,1,0.0,2.5,0,0,0,0,0,1,1,0.0,86,2.4502017903466555,3.267422318458557,3.406895324587822,0,172
old_e17,20260922,0,0,37.0,1.0,1,0,0,0,0,0,0,0.0,62,2.48276739711723,3.137953020632267,3.294859081506729,0,124
old_e17,20260922,1,0,-8.0,2.5,0,0,0,0,0,0,0,0.04838709677419355,62,2.3198203153667913,2.6597747579216957,2.7848761528730392,0,124
old_e17,20260922,2,0,33.0,1.0,1,0,0,0,0,0,0,0.05084745762711865,59,2.3507270961999893,2.902461774647236,2.9545463621616364,0,118
old_e17,20260922,3,0,-17.0,4.0,0,0,1,9,0,0,0,0.016129032258064516,62,2.3795414355493363,2.9853899031877513,3.000915050506592,0,124
old_e17,20260923,0,1,-8.0,2.5,0,0,0,0,0,0,0,0.017241379310344827,58,2.4158155288675736,2.858710754662752,3.0784402042627335,0,116
old_e17,20260923,1,1,-19.0,4.0,0,0,1,11,0,0,0,0.017241379310344827,58,2.424551655763182,3.078003879636526,3.255380317568779,0,116
old_e17,20260923,2,1,-17.0,4.0,0,0,1,9,0,0,0,0.0,47,2.3954082676704895,2.9560310766100883,3.0072834342718124,0,94
old_e17,20260923,3,1,35.0,1.0,1,0,0,0,0,0,0,0.0,58,2.4413997949711206,3.2369086518883705,3.3589135855436325,0,116
old_e17,20260924,0,2,54.0,1.0,1,1,0,0,0,0,0,0.027777777777777776,36,2.4161600611276097,2.92347464710474,3.0066296458244324,0,71
old_e17,20260924,1,2,-18.0,3.0,0,0,0,0,0,0,0,0.029411764705882353,34,2.428626422496403,3.0376796610653396,3.2779481261968613,0,69
old_e17,20260924,2,2,-18.0,3.0,0,0,0,0,0,0,0,0.05714285714285714,35,2.3931820477758134,3.110177256166935,3.4145619720220566,0,71
old_e17,20260924,3,2,-18.0,3.0,0,0,0,0,0,0,0,0.0,35,2.3736662098339627,3.0815862119197845,3.146229311823845,0,71
old_e17,20260925,0,3,-18.0,4.0,0,0,1,10,0,0,0,0.07317073170731707,41,2.36379573257958,2.7277804911136627,2.9661525040864944,0,82
old_e17,20260925,1,3,37.0,1.0,1,0,0,0,0,0,0,0.08571428571428572,35,2.3814032120364055,2.9877180233597755,3.139389678835869,0,70
old_e17,20260925,2,3,-17.0,4.0,0,0,1,9,0,0,0,0.06666666666666667,30,2.34519528845946,2.7150186710059643,2.7552954852581024,0,60
old_e17,20260925,3,3,-8.0,2.5,0,0,0,0,0,0,0,0.022727272727272728,44,2.3969292048026216,2.9959595762193203,3.6097243428230286,0,88
old_e17,20260926,0,1,-17.0,4.0,0,0,1,9,0,0,0,0.03125,32,2.486518584191799,2.9996315017342567,3.027588129043579,0,64
old_e17,20260926,1,1,-17.0,3.0,0,0,0,0,0,0,0,0.07692307692307693,39,2.331638183349218,2.7490125969052315,3.0510835349559784,0,79
old_e17,20260926,2,1,33.0,1.0,1,0,0,0,0,0,0,0.03125,32,2.3636455880478024,2.8444766998291016,3.0789468437433243,0,64
old_e17,20260926,3,1,-8.0,2.5,0,0,0,0,0,0,0,0.0,32,2.3712628171779215,2.897428534924984,2.908283844590187,0,64
old_e17,20260927,0,2,-8.0,2.5,0,0,0,0,0,0,0,0.0,68,2.5421162135899067,3.24981352314353,3.6046691238880157,0,136
old_e17,20260927,1,2,-8.0,2.5,0,0,0,0,0,0,0,0.03125,64,2.390577457845211,2.832592371851206,3.065668046474457,0,128
old_e17,20260927,2,2,35.0,1.0,1,0,0,0,0,0,0,0.015625,64,2.4313465401064605,3.1430871225893497,3.260059282183647,0,128
old_e17,20260927,3,2,33.0,1.0,1,0,0,0,0,0,0,0.02857142857142857,70,2.3524598085454533,2.9207250103354454,3.0938126146793365,0,140
old_e17,20260928,0,0,63.0,1.0,1,1,0,0,0,0,0,0.014084507042253521,71,2.403595629082599,2.8286296874284744,3.0042361468076706,0,141
old_e17,20260928,1,0,-8.0,2.5,0,0,0,0,0,0,0,0.04918032786885246,61,2.348665086949458,2.7901288121938705,3.056444227695465,0,122
old_e17,20260928,2,0,-20.0,4.0,0,0,1,12,0,0,0,0.017543859649122806,57,2.375721441287743,2.9774561524391174,3.0846167355775833,0,114
old_e17,20260928,3,0,-18.0,3.0,0,0,0,0,0,0,0,0.016666666666666666,60,2.357200408975283,2.9078852385282516,3.0126161873340607,0,121
old_e17,20260929,0,3,-8.0,2.5,0,0,0,0,0,0,0,0.016129032258064516,62,2.4030193265888,2.913080155849457,2.9782652854919434,0,124
old_e17,20260929,1,3,-8.0,2.5,0,0,0,0,0,0,0,0.0,62,2.469317356665288,3.3140426501631737,3.9860066026449203,0,124
old_e17,20260929,2,3,0.0,2.5,0,0,0,0,0,1,1,0.022988505747126436,87,2.3238913680630167,2.8054414317011838,2.9771272093057632,0,174
old_e17,20260929,3,3,-17.0,4.0,0,0,1,9,0,0,0,0.0,62,2.4908973925536677,3.3976062200963493,3.4445933997631073,0,124
old_e17,20260930,0,3,-16.0,4.0,0,0,1,8,0,0,0,0.0,60,2.5600250189503035,3.5028547048568726,3.6757271736860275,0,120
old_e17,20260930,1,3,-19.0,4.0,0,0,1,11,0,0,0,0.04,25,2.407788634300232,2.963016927242279,2.9719583690166473,0,50
old_e17,20260930,2,3,-17.0,4.0,0,0,1,9,0,0,0,0.0196078431372549,51,2.3563966593321632,2.888607792556286,2.9826387763023376,0,102
old_e17,20260930,3,3,-17.0,4.0,0,0,1,9,0,0,0,0.045454545454545456,44,2.368747087364847,2.9514274559915066,3.030126914381981,0,88
old_e17,20260931,0,1,48.0,1.0,1,1,0,0,0,0,0,0.0,42,2.4425204665887925,3.0508581548929214,3.350004553794861,0,83
old_e17,20260931,1,1,-21.0,3.0,0,0,0,0,0,0,0,0.044444444444444446,45,2.3322948151164584,2.7556389570236206,2.931581810116768,0,91
old_e17,20260931,2,1,-21.0,3.0,0,0,0,0,0,0,0,0.06666666666666667,45,2.3005907320313983,2.6652641594409943,2.858862280845642,0,91
old_e17,20260931,3,1,-22.0,4.0,0,0,1,14,0,0,0,0.013157894736842105,76,2.4054779818183496,3.113753627985716,3.2865814864635468,0,152
old_e17,20260932,0,0,-8.0,2.5,0,0,0,0,0,0,0,0.0,39,2.522350312807621,3.2725607976317406,3.292050212621689,0,78
old_e17,20260932,1,0,-8.0,2.5,0,0,0,0,0,0,0,0.05,40,2.3346728179603815,2.7059121057391162,3.0000004917383194,0,80
old_e17,20260932,2,0,-21.0,4.0,0,0,1,13,0,0,0,0.0,39,2.3928513416113,3.0294423922896385,3.0405912548303604,0,78
old_e17,20260932,3,0,-8.0,2.5,0,0,0,0,0,0,0,0.05128205128205128,39,2.2967103868722916,2.7574485167860985,2.81536765396595,0,78
old_e17,20260933,0,3,0.0,2.5,0,0,0,0,0,1,0,0.023809523809523808,84,2.4155515600882826,2.874029614031315,2.980334684252739,0,168
old_e17,20260933,1,3,-20.0,4.0,0,0,1,12,0,0,0,0.04878048780487805,41,2.3238405403567524,2.7315672487020493,2.7404725551605225,0,82
old_e17,20260933,2,3,-8.0,2.5,0,0,0,0,0,0,0,0.037037037037037035,54,2.3557139146659107,2.9786981642246246,3.021668642759323,0,108
old_e17,20260933,3,3,-8.0,2.5,0,0,0,0,0,0,0,0.023809523809523808,42,2.3817797413184527,2.9113739728927612,3.7586037069559097,0,84
old_e17,20260934,0,0,48.0,1.0,1,1,0,0,0,0,0,0.022222222222222223,45,2.413370832800865,2.853415533900261,3.291284665465355,0,89
old_e17,20260934,1,0,-19.0,4.0,0,0,1,11,0,0,0,0.027777777777777776,72,2.3719124082061978,2.763431239873171,4.141774028539658,0,144
old_e17,20260934,2,0,-36.0,3.0,0,0,0,0,0,0,0,0.0,81,2.5292266344214664,3.532174974679947,4.175199195742607,0,163
old_e17,20260934,3,0,-16.0,3.0,0,0,0,0,0,0,0,0.0,46,2.4128365532859513,3.025428857654333,3.0445288866758347,0,93
old_e17,20260935,0,3,-8.0,2.5,0,0,0,0,0,0,0,0.02564102564102564,39,2.4442423421602983,2.9601372778415684,3.737114369869232,0,78
old_e17,20260935,1,3,49.0,1.0,1,0,0,0,0,0,0,0.0,39,2.493105303400602,3.268305771052838,3.4578442573547363,0,78
old_e17,20260935,2,3,-8.0,2.5,0,0,0,0,0,0,0,0.02564102564102564,39,2.339698660832185,2.8554491698741913,3.004198893904686,0,78
old_e17,20260935,3,3,-33.0,4.0,0,0,1,25,0,0,0,0.05128205128205128,39,2.357516103448012,2.992546744644642,3.0939001590013504,0,78
old_e17,20260936,0,0,-31.0,3.0,0,0,0,0,0,0,0,0.0,39,2.447711924711863,2.8967373073101044,3.337092697620392,0,79
old_e17,20260936,1,0,-31.0,3.0,0,0,0,0,0,0,0,0.0,39,2.4337277580530214,3.018435463309288,3.040296956896782,0,79
old_e17,20260936,2,0,-31.0,3.0,0,0,0,0,0,0,0,0.0,39,2.463992255238386,3.3006494864821434,3.4915488213300705,0,79
old_e17,20260936,3,0,93.0,1.0,1,1,0,0,0,0,0,0.0,40,2.4881728924810886,3.4822474233806124,3.801114857196808,0,79
old_e17,20260937,0,0,-16.0,3.0,0,0,0,0,0,0,0,0.0625,32,2.402907470241189,2.9374307952821255,3.103960305452347,0,65
old_e17,20260937,1,0,48.0,1.0,1,1,0,0,0,0,0,0.09090909090909091,33,2.3306561916163475,2.7882955968379974,2.922089770436287,0,65
old_e17,20260937,2,0,-16.0,3.0,0,0,0,0,0,0,0,0.058823529411764705,34,2.3354808526004063,2.810911647975445,2.8817132115364075,0,69
old_e17,20260937,3,0,-16.0,3.0,0,0,0,0,0,0,0,0.0,28,2.491286556635584,3.467392735183239,3.539297729730606,0,57
old_e17,20260938,0,3,-8.0,2.5,0,0,0,0,0,0,0,0.037037037037037035,27,2.5245254790341414,3.2125648111104965,3.4713000059127808,0,54
old_e17,20260938,1,3,-8.0,2.5,0,0,0,0,0,0,0,0.037037037037037035,27,2.456024013183735,3.1814780086278915,3.276987001299858,0,54
old_e17,20260938,2,3,-18.0,4.0,0,0,1,10,0,0,0,0.0,27,2.4139532060534865,3.0555415898561478,3.1100381165742874,0,54
old_e17,20260938,3,3,34.0,1.0,1,0,0,0,0,0,0,0.037037037037037035,27,2.387583600702109,3.0667688697576523,3.3179130405187607,0,54
old_e17,20260939,0,3,-19.0,3.0,0,0,0,0,0,0,0,0.021739130434782608,46,2.4303603998344876,2.9402896761894226,3.435090184211731,0,93
old_e17,20260939,1,3,-19.0,3.0,0,0,0,0,0,0,0,0.08695652173913043,46,2.345662645023802,2.726934850215912,3.42603400349617,0,93
old_e17,20260939,2,3,57.0,1.0,1,1,0,0,0,0,0,0.0425531914893617,47,2.3775159361514637,2.9055371880531307,3.262637183070183,0,93
old_e17,20260939,3,3,-19.0,3.0,0,0,0,0,0,0,0,0.0,46,2.4367816260327464,3.189660608768463,3.2161977142095566,0,93
old_e17,20260940,0,2,-20.0,3.0,0,0,0,0,0,0,0,0.0,26,2.461502471795449,2.933117561042309,2.962924540042877,0,53
old_e17,20260940,1,2,-18.0,3.0,0,0,0,0,0,0,0,0.0,30,2.5542320062716803,3.519847616553306,3.664584830403328,0,61
old_e17,20260940,2,2,54.0,1.0,1,1,0,0,0,0,0,0.05714285714285714,35,2.3576938148055757,3.005651757121086,3.0136611312627792,0,69
old_e17,20260940,3,2,-20.0,3.0,0,0,0,0,0,0,0,0.0,26,2.3723885130423765,2.985869999974966,2.993175759911537,0,53
old_e17,20260941,0,1,-17.0,4.0,0,0,1,9,0,0,0,0.043478260869565216,23,2.4891548344622487,2.9811011627316475,3.0298978090286255,0,46
old_e17,20260941,1,1,-8.0,2.5,0,0,0,0,0,0,0,0.034482758620689655,29,2.440033673212446,2.9549747705459595,3.0989758670330048,0,58
old_e17,20260941,2,1,-8.0,2.5,0,0,0,0,0,0,0,0.047619047619047616,42,2.374018631165936,3.0902022495865817,3.535561263561249,0,84
old_e17,20260941,3,1,39.0,1.0,1,0,0,0,0,0,0,0.047619047619047616,42,2.289967167945135,2.682034205645323,2.690322697162628,0,84
old_e17,20260942,0,2,-18.0,4.0,0,0,1,10,0,0,0,0.0,42,2.7121052678142274,4.142409190535544,4.656240344047546,0,84
old_e17,20260942,1,2,34.0,1.0,1,0,0,0,0,0,0,0.023809523809523808,42,2.3707448549213863,2.8083868324756622,2.8829239308834076,0,84
old_e17,20260942,2,2,-8.0,2.5,0,0,0,0,0,0,0,0.023809523809523808,42,2.3621442683395886,2.8975791297852993,3.001142293214798,0,84
old_e17,20260942,3,2,-8.0,2.5,0,0,0,0,0,0,0,0.023809523809523808,42,2.447209853146757,3.179967682808637,3.252774477005005,0,84
old_e17,20260943,0,3,-8.0,2.5,0,0,0,0,0,0,0,0.022727272727272728,44,2.40961407226595,2.898759115487337,3.089332953095436,0,88
old_e17,20260943,1,3,-8.0,2.5,0,0,0,0,0,0,0,0.030303030303030304,33,2.4499644271352072,3.1437456607818604,3.2199788838624954,0,66
old_e17,20260943,2,3,-16.0,4.0,0,0,1,8,0,0,0,0.030303030303030304,33,2.3641850460659373,2.9808256775140762,3.0365269631147385,0,66
old_e17,20260943,3,3,32.0,1.0,1,0,0,0,0,0,0,0.06060606060606061,33,2.2990881380709736,2.825290337204933,2.912970259785652,0,66
old_e17,20260944,0,3,-23.0,3.0,0,0,0,0,0,0,0,0.047619047619047616,21,2.529445858228774,2.964584156870842,5.143575370311737,0,43
old_e17,20260944,1,3,-23.0,3.0,0,0,0,0,0,0,0,0.09523809523809523,21,2.4326234346344355,3.069056198000908,3.116486594080925,0,43
old_e17,20260944,2,3,69.0,1.0,1,1,0,0,0,0,0,0.0,22,2.4209043688394805,3.1242504715919495,3.3019091933965683,0,43
old_e17,20260944,3,3,-23.0,3.0,0,0,0,0,0,0,0,0.0,21,2.3340230718964623,2.9485784471035004,2.952544018626213,0,43
old_e17,20260945,0,1,-8.0,2.5,0,0,0,0,0,0,0,0.0,29,2.462040954108896,2.985532581806183,3.016168251633644,0,58
old_e17,20260945,1,1,-16.0,4.0,0,0,1,8,0,0,0,0.05128205128205128,39,2.477415144825593,3.161265328526497,3.2640863209962845,0,78
old_e17,20260945,2,1,-8.0,2.5,0,0,0,0,0,0,0,0.05128205128205128,39,2.3802068944160757,3.100695088505745,3.207078203558922,0,78
old_e17,20260945,3,1,35.0,1.0,1,0,0,0,0,0,0,0.06666666666666667,30,2.2974771757920585,2.665436267852783,2.727905288338661,0,60
old_e17,20260946,0,2,-16.0,4.0,0,0,1,8,0,0,0,0.043478260869565216,69,2.379603252030801,2.6267800480127335,3.8751959800720215,0,138
old_e17,20260946,1,2,-18.0,4.0,0,0,1,10,0,0,0,0.030303030303030304,66,2.359596391518911,2.8608357533812523,2.9001478105783463,0,132
old_e17,20260946,2,2,-8.0,2.5,0,0,0,0,0,0,0,0.0,66,2.3860009387135506,3.0121253803372383,3.084735944867134,0,132
old_e17,20260946,3,2,0.0,2.5,0,0,0,0,0,1,1,0.02197802197802198,91,2.3614927143841,2.843436785042286,4.005514085292816,0,182
old_e17,20260947,0,0,-23.0,4.0,0,0,1,15,0,0,0,0.041666666666666664,48,2.3714957448343434,2.702868450433016,2.946937456727028,0,96
old_e17,20260947,1,0,-8.0,2.5,0,0,0,0,0,0,0,0.020833333333333332,48,2.4009577076261244,3.000293392688036,3.4062080085277557,0,96
old_e17,20260947,2,0,57.0,1.0,1,1,0,0,0,0,0,0.0,46,2.4844863168571307,3.23158735409379,5.500001832842827,0,91
old_e17,20260947,3,0,-8.0,2.5,0,0,0,0,0,0,0,0.0,48,2.365185607535144,2.8934006579220295,2.9215794056653976,0,96
old_e17,20260948,0,3,-8.0,2.5,0,0,0,0,0,0,0,0.02702702702702703,37,2.393883527130694,2.761938422918319,3.287527710199356,0,74
old_e17,20260948,1,3,32.0,1.0,1,0,0,0,0,0,0,0.02702702702702703,37,2.446771121105632,3.1612105667591095,3.2444316893815994,0,74
old_e17,20260948,2,3,-16.0,4.0,0,0,1,8,0,0,0,0.0,38,2.4077108031825016,2.9991173185408115,3.06909903883934,0,76
old_e17,20260948,3,3,-16.0,4.0,0,0,1,8,0,0,0,0.0,37,2.385126728866551,3.0238647013902664,3.5495422780513763,0,74
old_e17,20260949,0,0,-20.0,3.0,0,0,0,0,0,0,0,0.0375,80,2.3393543902784586,2.6117113418877125,2.943921834230423,0,161
old_e17,20260949,1,0,-22.0,4.0,0,0,1,14,0,0,0,0.03225806451612903,62,2.3532126459383194,2.793368138372898,2.850547432899475,0,124
old_e17,20260949,2,0,-8.0,2.5,0,0,0,0,0,0,0,0.0,73,2.428551395870235,3.111148253083229,3.2006576657295227,0,146
old_e17,20260949,3,0,0.0,2.5,0,0,0,0,0,1,0,0.0,80,2.3904001573100686,3.0794095247983932,3.1058136373758316,0,160
old_e17,20260950,0,3,48.0,1.0,1,1,0,0,0,0,0,0.01639344262295082,61,2.4142952055716123,2.9500871896743774,3.0975770205259323,0,121
old_e17,20260950,1,3,-19.0,4.0,0,0,1,11,0,0,0,0.0,35,2.3825244711978093,3.0221346765756607,3.124244511127472,0,70
old_e17,20260950,2,3,-24.0,4.0,0,0,1,16,0,0,0,0.015384615384615385,65,2.3591070221020627,2.914055809378624,2.9723066836595535,0,130
old_e17,20260950,3,3,-8.0,2.5,0,0,0,0,0,0,0,0.0,65,2.4949652644304128,3.329792246222496,3.5734474658966064,0,130
old_e17,20260951,0,1,48.0,1.0,1,1,0,0,0,0,0,0.0,53,2.6058833694682932,3.595876693725586,3.6891940981149673,0,105
old_e17,20260951,1,1,-18.0,4.0,0,0,1,10,0,0,0,0.0,58,2.3979764303256728,2.9513551853597164,2.978820353746414,0,116
old_e17,20260951,2,1,0.0,2.5,0,0,0,0,0,1,1,0.0,84,2.480003894084976,3.248513676226139,3.4315381199121475,0,168
old_e17,20260951,3,1,-8.0,2.5,0,0,0,0,0,0,0,0.01694915254237288,59,2.379675443142147,3.071765974164009,3.101050853729248,0,118
old_e17,20260952,0,2,-33.0,3.0,0,0,0,0,0,0,0,0.0,70,2.4547646354351724,3.0450032092630863,3.2230839133262634,0,141
old_e17,20260952,1,2,-33.0,3.0,0,0,0,0,0,0,0,0.05970149253731343,67,2.3636253300442625,2.885061874985695,3.572992980480194,0,135
old_e17,20260952,2,2,-33.0,3.0,0,0,0,0,0,0,0,0.04477611940298507,67,2.336744497071451,2.823990955948829,3.472723066806793,0,135
old_e17,20260952,3,2,34.0,1.0,1,0,0,0,0,0,0,0.020833333333333332,48,2.3808785481378436,2.93637216091156,3.033621236681938,0,96
old_e17,20260953,0,0,48.0,1.0,1,1,0,0,0,0,0,0.0,33,2.500449109709624,3.0572477728128433,3.1297001987695694,0,65
old_e17,20260953,1,0,-16.0,3.0,0,0,0,0,0,0,0,0.0,36,2.430703749673234,3.1218244694173336,3.1683333218097687,0,73
old_e17,20260953,2,0,-16.0,3.0,0,0,0,0,0,0,0,0.027777777777777776,36,2.3786090314388275,3.0235424637794495,3.092491999268532,0,73
old_e17,20260953,3,0,-16.0,3.0,0,0,0,0,0,0,0,0.027777777777777776,36,2.4006652335325875,3.083717543631792,3.3053644001483917,0,73
old_e17,20260954,0,0,0.0,2.5,0,0,0,0,0,1,1,0.0,84,2.613422150413195,3.562022838741541,4.344664514064789,0,168
old_e17,20260954,1,0,35.0,1.0,1,0,0,0,0,0,0,0.02531645569620253,79,2.409234477937976,3.069732151925564,3.109656274318695,0,158
old_e17,20260954,2,0,-21.0,3.0,0,0,0,0,0,0,0,0.023255813953488372,43,2.4065859182629477,3.0179480090737343,3.51913645863533,0,87
old_e17,20260954,3,0,-23.0,4.0,0,0,1,15,0,0,0,0.03614457831325301,83,2.346691596938903,2.937205880880355,3.149542957544327,0,166
old_e17,20260955,0,2,-16.0,4.0,0,0,1,8,0,0,0,0.030303030303030304,66,2.422244654911937,2.915079239755869,2.987196668982506,0,131
old_e17,20260955,1,2,-8.0,2.5,0,0,0,0,0,0,0,0.0,73,2.5546249920782977,3.609433770179748,4.024898633360863,0,147
old_e17,20260955,2,2,32.0,1.0,1,0,0,0,0,0,0,0.0136986301369863,73,2.346962103492593,2.877729758620262,2.9978640377521515,0,147
old_e17,20260955,3,2,0.0,2.5,0,0,0,0,0,1,1,0.023529411764705882,85,2.3667738279875588,2.79286727309227,3.940107300877571,0,170
old_e17,20260956,0,2,-8.0,2.5,0,0,0,0,0,0,0,0.030303030303030304,33,2.4399844308694205,2.9252659529447556,3.5922452807426453,0,66
old_e17,20260956,1,2,-8.0,2.5,0,0,0,0,0,0,0,0.0,35,2.484594391924994,3.2137079164385796,3.311762586236,0,70
old_e17,20260956,2,2,-21.0,4.0,0,0,1,13,0,0,0,0.0,33,2.3780784033464664,3.0681688338518143,3.1803976744413376,0,66
old_e17,20260956,3,2,-8.0,2.5,0,0,0,0,0,0,0,0.09090909090909091,33,2.300437426928318,2.7400463819503784,2.843007445335388,0,66
old_e17,20260957,0,2,33.0,1.0,1,0,0,0,0,0,0,0.027777777777777776,36,2.4860558720926442,3.169863950461149,4.218872636556625,0,72
old_e17,20260957,1,2,-8.0,2.5,0,0,0,0,0,0,0,0.03125,32,2.399366640020162,2.8948568738996983,3.4536756575107574,0,64
old_e17,20260957,2,2,-8.0,2.5,0,0,0,0,0,0,0,0.020833333333333332,48,2.350961285022398,2.903382107615471,2.965649589896202,0,96
old_e17,20260957,3,2,-17.0,4.0,0,0,1,9,0,0,0,0.016129032258064516,62,2.402701174780246,3.0119922943413258,3.425491973757744,0,124
old_e17,20260958,0,3,-8.0,2.5,0,0,0,0,0,0,0,0.0,30,2.5084622825185456,3.139598574489355,3.32006998360157,0,60
old_e17,20260958,1,3,-22.0,3.0,0,0,0,0,0,0,0,0.027777777777777776,36,2.4021428285373583,2.9601850546896458,3.016602247953415,0,73
old_e17,20260958,2,3,-8.0,2.5,0,0,0,0,0,0,0,0.03333333333333333,30,2.367035672068596,2.8657923452556133,3.358626738190651,0,60
old_e17,20260958,3,3,-17.0,4.0,0,0,1,9,0,0,0,0.02040816326530612,49,2.355732555900301,2.9197990894317623,3.001369535923004,0,98
old_e17,20260959,0,1,-25.0,3.0,0,0,0,0,0,0,0,0.0,28,2.499543529536043,3.0494566075503826,3.7439633160829544,0,57
old_e17,20260959,1,1,75.0,1.0,1,1,0,0,0,0,0,0.10344827586206896,29,2.3419490276739516,2.867712453007698,2.9420051723718643,0,57
old_e17,20260959,2,1,-25.0,3.0,0,0,0,0,0,0,0,0.10714285714285714,28,2.3959281721285413,2.867094986140728,3.236547112464905,0,57
old_e17,20260959,3,1,-25.0,3.0,0,0,0,0,0,0,0,0.07142857142857142,28,2.42190169436591,2.938516531139612,3.750644624233246,0,57
old_e17,20260960,0,3,54.0,1.0,1,1,0,0,0,0,0,0.02,50,2.425142824649811,2.9250415973365307,2.974487841129303,0,99
old_e17,20260960,1,3,-17.0,3.0,0,0,0,0,0,0,0,0.03896103896103896,77,2.355946711712069,2.784080430865288,3.4750625491142273,0,155
old_e17,20260960,2,3,54.0,1.0,1,1,0,0,0,0,0,0.046153846153846156,65,2.3751123593403745,3.135620802640915,3.767002373933792,0,129
old_e17,20260960,3,3,-8.0,2.5,0,0,0,0,0,0,0,0.05555555555555555,36,2.3136456600493855,2.7354746125638485,2.876291051506996,0,72
old_e17,20260961,0,3,-24.0,3.0,0,0,0,0,0,0,0,0.02702702702702703,37,2.4635014501777857,3.06873433291912,3.310820087790489,0,75
old_e17,20260961,1,3,48.0,1.0,1,1,0,0,0,0,0,0.07692307692307693,39,2.384689517128162,2.7785850688815117,3.1657125800848007,0,77
old_e17,20260961,2,3,-16.0,3.0,0,0,0,0,0,0,0,0.07894736842105263,38,2.3468280897328726,2.9488463886082172,2.974892035126686,0,77
old_e17,20260961,3,3,-16.0,3.0,0,0,0,0,0,0,0,0.02631578947368421,38,2.3456038907170296,2.9669277369976044,2.993103116750717,0,77
old_e17,20260962,0,1,-8.0,2.5,0,0,0,0,0,0,0,0.022727272727272728,44,2.4086107838560236,2.910142671316862,3.088943660259247,0,88
old_e17,20260962,1,1,0.0,2.5,0,0,0,0,0,1,1,0.04395604395604396,91,2.3501777182241064,2.8412900865077972,3.3714808523654938,0,182
old_e17,20260962,2,1,-8.0,2.5,0,0,0,0,0,0,0,0.041666666666666664,48,2.3414763854816556,2.8465683571994305,2.9584933072328568,0,96
old_e17,20260962,3,1,45.0,1.0,1,0,0,0,0,0,0,0.041666666666666664,48,2.3162359527001777,2.8185381554067135,3.0882954597473145,0,96
old_e17,20260963,0,3,34.0,1.0,1,0,0,0,0,0,0,0.0,23,2.6236249376898226,3.5121597349643703,4.050064831972122,0,46
old_e17,20260963,1,3,-8.0,2.5,0,0,0,0,0,0,0,0.0,23,2.388254374913547,2.8772907331585884,2.899644896388054,0,46
old_e17,20260963,2,3,-18.0,4.0,0,0,1,10,0,0,0,0.043478260869565216,23,2.331748928712762,2.778504602611065,3.106057643890381,0,46
old_e17,20260963,3,3,-8.0,2.5,0,0,0,0,0,0,0,0.043478260869565216,23,2.384336827241856,3.0493220314383507,3.117084503173828,0,46
old_e17,20260964,0,2,75.0,1.0,1,1,0,0,0,0,0,0.01818181818181818,55,2.380532195622271,2.796870656311512,2.924468368291855,0,109
old_e17,20260964,1,2,39.0,1.0,1,0,0,0,0,0,0,0.07894736842105263,38,2.3293861825215187,2.855065744370222,2.9084011912345886,0,76
old_e17,20260964,2,2,-24.0,3.0,0,0,0,0,0,0,0,0.018518518518518517,54,2.3865468662094185,2.9753880575299263,3.2237134873867035,0,109
old_e17,20260964,3,2,-24.0,3.0,0,0,0,0,0,0,0,0.018518518518518517,54,2.352630167647644,2.882052678614855,2.9099229723215103,0,109
old_e17,20260965,0,2,-16.0,4.0,0,0,1,8,0,0,0,0.0,29,2.5969409737093696,3.4215927124023438,3.9770659059286118,0,58
old_e17,20260965,1,2,-8.0,2.5,0,0,0,0,0,0,0,0.038461538461538464,52,2.3198619914742618,2.7106136083602905,2.7845781296491623,0,104
old_e17,20260965,2,2,-17.0,4.0,0,0,1,9,0,0,0,0.0,39,2.583113140784777,3.572326712310314,3.9121638983488083,0,78
old_e17,20260965,3,2,-17.0,3.0,0,0,0,0,0,0,0,0.0,57,2.436974755766099,3.131730481982231,3.2891500741243362,0,115
old_e17,20260966,0,1,41.0,1.0,1,0,0,0,0,0,0,0.022727272727272728,44,2.394366967068477,2.8609310276806355,2.879764884710312,0,88
old_e17,20260966,1,1,-18.0,4.0,0,0,1,10,0,0,0,0.0,44,2.469713418659839,3.0641925521194935,3.3462122082710266,0,88
old_e17,20260966,2,1,-8.0,2.5,0,0,0,0,0,0,0,0.01694915254237288,59,2.394024030131809,2.961026132106781,3.1748171895742416,0,118
old_e17,20260966,3,1,-8.0,2.5,0,0,0,0,0,0,0,0.02,50,2.4104799330234528,3.2077256590127945,3.519738093018532,0,100
old_e17,20260967,0,1,-19.0,4.0,0,0,1,11,0,0,0,0.0,37,2.4251819059655473,2.8861548751592636,3.4792087972164154,0,74
old_e17,20260967,1,1,36.0,1.0,1,0,0,0,0,0,0,0.0,61,2.3886539103066333,2.9526129364967346,2.9778797179460526,0,122
old_e17,20260967,2,1,-8.0,2.5,0,0,0,0,0,0,0,0.01639344262295082,61,2.3736857244225797,2.986472100019455,3.497697412967682,0,122
old_e17,20260967,3,1,-8.0,2.5,0,0,0,0,0,0,0,0.01639344262295082,61,2.3565986117378612,2.957308664917946,3.1419191509485245,0,122
old_e17,20260968,0,0,0.0,2.5,0,0,0,0,0,1,0,0.0,84,2.477974896984441,3.1437539495527744,3.192571923136711,0,168
old_e17,20260968,1,0,-8.0,2.5,0,0,0,0,0,0,0,0.031746031746031744,63,2.3617067093413975,2.8277941048145294,2.992860972881317,0,126
old_e17,20260968,2,0,0.0,2.5,0,0,0,0,0,1,1,0.022222222222222223,90,2.3356868575016656,2.7792125940322876,3.0818432569503784,0,180
old_e17,20260968,3,0,34.0,1.0,1,0,0,0,0,0,0,0.011363636363636364,88,2.4832691362296995,3.4314888529479495,3.593994304537773,0,176
old_e17,20260969,0,0,0.0,2.5,0,0,0,0,0,1,0,0.0,84,2.516636647106636,3.2446688041090965,3.3844951540231705,0,168
old_e17,20260969,1,0,0.0,2.5,0,0,0,0,0,1,1,0.011363636363636364,88,2.3680180099538783,2.8660448268055916,2.9565803706645966,0,176
old_e17,20260969,2,0,-8.0,2.5,0,0,0,0,0,0,0,0.0,68,2.492450040710323,3.3636790700256824,3.4606922417879105,0,136
old_e17,20260969,3,0,-17.0,4.0,0,0,1,9,0,0,0,0.045454545454545456,66,2.295766054003528,2.763541880995035,2.919090911746025,0,132
old_e17,20260970,0,1,-8.0,2.5,0,0,0,0,0,0,0,0.0,46,2.460231518615847,3.0078087002038956,3.0960869044065475,0,92
old_e17,20260970,1,1,-8.0,2.5,0,0,0,0,0,0,0,0.043478260869565216,46,2.345443622249624,2.7698962949216366,2.9179323464632034,0,92
old_e17,20260970,2,1,-19.0,4.0,0,0,1,11,0,0,0,0.021739130434782608,46,2.3430510950477226,2.8205825947225094,2.8371568769216537,0,92
old_e17,20260970,3,1,32.0,1.0,1,0,0,0,0,0,0,0.046511627906976744,43,2.353692427277565,3.0281832441687584,3.1585153192281723,0,86
old_e17,20260971,0,3,168.0,1.0,1,1,0,0,0,0,0,0.1,30,2.3263221606612206,2.596901729702949,2.860879525542259,0,59
old_e17,20260971,1,3,-8.0,2.5,0,0,0,0,0,0,0,0.06666666666666667,15,2.3958132912715278,2.9363397508859634,2.964826300740242,0,30
old_e17,20260971,2,3,-8.0,2.5,0,0,0,0,0,0,0,0.09523809523809523,21,2.373968472792989,3.0186735093593597,3.163343295454979,0,42
old_e17,20260971,3,3,-8.0,2.5,0,0,0,0,0,0,0,0.0,16,2.3286350769922137,2.9853596352040768,3.0332859605550766,0,32
old_e17,20260972,0,3,-18.0,4.0,0,0,1,10,0,0,0,0.04878048780487805,41,2.389296071558464,2.9411930590867996,2.9828064143657684,0,82
old_e17,20260972,1,3,33.0,1.0,1,0,0,0,0,0,0,0.06451612903225806,62,2.2946350997494114,2.597775217145681,2.9468555003404617,0,124
old_e17,20260972,2,3,-8.0,2.5,0,0,0,0,0,0,0,0.06666666666666667,30,2.339397557079792,2.93361684307456,2.9560979455709457,0,60
old_e17,20260972,3,3,-16.0,4.0,0,0,1,8,0,0,0,0.0,30,2.454024739563465,3.3760983496904373,3.881128504872322,0,60
old_e17,20260973,0,3,32.0,1.0,1,0,0,0,0,0,0,0.029411764705882353,34,2.4009595132049393,2.860574424266815,2.9007717967033386,0,68
old_e17,20260973,1,3,32.0,1.0,1,0,0,0,0,0,0,0.027777777777777776,72,2.3697254817105002,2.8643053956329823,3.084024414420128,0,144
old_e17,20260973,2,3,-8.0,2.5,0,0,0,0,0,0,0,0.0,34,2.3776478517581436,2.947971411049366,3.2108407467603683,0,68
old_e17,20260973,3,3,-8.0,2.5,0,0,0,0,0,0,0,0.0,34,2.4186120752026055,3.1180648133158684,3.305688500404358,0,68
old_e17,20260974,0,1,-8.0,2.5,0,0,0,0,0,0,0,0.0,73,2.5204991641109937,3.2972484827041617,3.696497529745102,0,146
old_e17,20260974,1,1,38.0,1.0,1,0,0,0,0,0,0,0.014705882352941176,68,2.419502419583938,3.0505256727337837,3.180883824825287,0,136
old_e17,20260974,2,1,-19.0,4.0,0,0,1,11,0,0,0,0.0,69,2.4715668751277784,3.2780148088932037,3.5240910947322845,0,138
old_e17,20260974,3,1,-22.0,4.0,0,0,1,14,0,0,0,0.029411764705882353,68,2.378340153133168,3.013378754258156,3.067232668399811,0,136
old_e17,20260975,0,3,-26.0,3.0,0,0,0,0,0,0,0,0.03571428571428571,28,2.3892941618604318,2.8403338044881816,2.9326677322387695,0,57
old_e17,20260975,1,3,-26.0,3.0,0,0,0,0,0,0,0,0.0,28,2.4386940390935967,3.0565643683075905,3.0859876424074173,0,57
old_e17,20260975,2,3,-26.0,3.0,0,0,0,0,0,0,0,0.0,30,2.35784271111091,2.8915036469697952,2.955196425318718,0,61
old_e17,20260975,3,3,78.0,1.0,1,1,0,0,0,0,0,0.034482758620689655,29,2.3254012239390405,2.7859050780534744,2.8387345373630524,0,57
old_e17,20260976,0,2,-18.0,3.0,0,0,0,0,0,0,0,0.0625,48,2.374905588415762,2.800852432847023,2.895224839448929,0,97
old_e17,20260976,1,2,0.0,2.5,0,0,0,0,0,1,1,0.03529411764705882,85,2.38026619395789,2.731218934059143,5.52544929087162,0,171
old_e17,20260976,2,2,-18.0,3.0,0,0,0,0,0,0,0,0.02040816326530612,49,2.492316333310945,3.192030638456344,4.772741347551346,0,99
old_e17,20260976,3,2,-18.0,3.0,0,0,0,0,0,0,0,0.02040816326530612,49,2.3563677939225216,2.9904264956712723,3.059394657611847,0,99
old_e17,20260977,0,2,-21.0,3.0,0,0,0,0,0,0,0,0.0,40,2.5708542205393314,3.5352039150893684,3.767704591155052,0,81
old_e17,20260977,1,2,-21.0,3.0,0,0,0,0,0,0,0,0.05,40,2.3396174423396587,2.8267068788409233,2.9240846633911133,0,81
old_e17,20260977,2,2,-21.0,3.0,0,0,0,0,0,0,0,0.075,40,2.314282674342394,2.69850492477417,2.8464701026678085,0,81
old_e17,20260977,3,2,63.0,1.0,1,1,0,0,0,0,0,0.0,41,2.354809878075995,2.9409825801849365,3.027580678462982,0,81
old_e17,20260978,0,0,-8.0,2.5,0,0,0,0,0,0,0,0.05128205128205128,39,2.3620854107997356,2.7393369004130363,2.938302233815193,0,78
old_e17,20260978,1,0,-28.0,4.0,0,0,1,20,0,0,0,0.02702702702702703,37,2.407174205055108,2.855579182505607,3.9580166339874268,0,74
old_e17,20260978,2,0,84.0,1.0,1,1,0,0,0,0,0,0.012658227848101266,79,2.3749681496167483,2.979099564254284,3.279043361544609,0,157
old_e17,20260978,3,0,34.0,1.0,1,0,0,0,0,0,0,0.05660377358490566,53,2.2889837482065523,2.705693244934082,2.9128603637218475,0,106
old_e17,20260979,0,3,-8.0,2.5,0,0,0,0,0,0,0,0.07142857142857142,28,2.4274755934519425,2.925089187920093,3.2805614173412323,0,56
old_e17,20260979,1,3,-8.0,2.5,0,0,0,0,0,0,0,0.06451612903225806,31,2.401434065353486,2.8326036408543587,3.0810609459877014,0,62
old_e17,20260979,2,3,-8.0,2.5,0,0,0,0,0,0,0,0.03225806451612903,31,2.3341050311442344,2.9016509652137756,2.9717236757278442,0,62
old_e17,20260979,3,3,35.0,1.0,1,0,0,0,0,0,0,0.0,31,2.4154868217245227,3.3515188843011856,3.462640568614006,0,62
old_e17,20260980,0,0,-8.0,2.5,0,0,0,0,0,0,0,0.020833333333333332,48,2.4191433719048896,2.968844212591648,3.084266558289528,0,96
old_e17,20260980,1,0,44.0,1.0,1,0,0,0,0,0,0,0.0,48,2.584123983979225,3.6796587519347668,3.8351882249116898,0,96
old_e17,20260980,2,0,-8.0,2.5,0,0,0,0,0,0,0,0.0,48,2.375483668098847,2.9314492829144,2.994753420352936,0,96
old_e17,20260980,3,0,-30.0,3.0,0,0,0,0,0,0,0,0.03508771929824561,57,2.318496440063443,2.7721360325813293,2.92164646089077,0,115
old_e17,20260981,0,3,-17.0,4.0,0,0,1,9,0,0,0,0.0,43,2.4404806886301484,2.9455436393618584,2.969527617096901,0,86
old_e17,20260981,1,3,-32.0,4.0,0,0,1,24,0,0,0,0.022727272727272728,44,2.402172762561928,2.998924721032381,3.0402038246393204,0,88
old_e17,20260981,2,3,-8.0,2.5,0,0,0,0,0,0,0,0.023255813953488372,43,2.3112411849027454,2.7541039511561394,2.9071345925331116,0,86
old_e17,20260981,3,3,-8.0,2.5,0,0,0,0,0,0,0,0.023255813953488372,43,2.341657833651055,2.866106852889061,3.055812790989876,0,86
old_e17,20260982,0,0,-19.0,4.0,0,0,1,11,0,0,0,0.022222222222222223,45,2.3952517244550915,2.8679270297288895,2.9343701899051666,0,90
old_e17,20260982,1,0,35.0,1.0,1,0,0,0,0,0,0,0.0,49,2.445258390234441,3.199386596679687,3.2916031777858734,0,98
old_e17,20260982,2,0,-8.0,2.5,0,0,0,0,0,0,0,0.04081632653061224,49,2.3001882874844024,2.7042437344789505,2.7434639632701874,0,98
old_e17,20260982,3,0,-8.0,2.5,0,0,0,0,0,0,0,0.02040816326530612,49,2.332121589962317,2.853315323591232,2.903636544942856,0,98
old_e17,20260983,0,0,-27.0,4.0,0,0,1,19,0,0,0,0.08571428571428572,35,2.3567126265593936,2.6988908648490906,2.909436821937561,0,70
old_e17,20260983,1,0,43.0,1.0,1,0,0,0,0,0,0,0.017543859649122806,57,2.3847482771727075,2.922903373837471,2.9608234763145447,0,114
old_e17,20260983,2,0,-21.0,4.0,0,0,1,13,0,0,0,0.01639344262295082,61,2.4156993957328017,3.192426636815071,3.2842475920915604,0,122
old_e17,20260983,3,0,-28.0,3.0,0,0,0,0,0,0,0,0.046511627906976744,43,2.3331781199505164,2.8935864567756653,2.9619988054037094,0,87
old_e17,20260984,0,2,-18.0,3.0,0,0,0,0,0,0,0,0.018518518518518517,54,2.4293167516589165,2.951447479426861,3.0491426587104797,0,109
old_e17,20260984,1,2,-8.0,2.5,0,0,0,0,0,0,0,0.02040816326530612,49,2.4310489926411183,3.057500720024109,3.273863345384598,0,98
old_e17,20260984,2,2,-8.0,2.5,0,0,0,0,0,0,0,0.016666666666666666,60,2.4067542826135955,3.0159627087414265,3.2626111060380936,0,120
old_e17,20260984,3,2,35.0,1.0,1,0,0,0,0,0,0,0.058823529411764705,34,2.3464796626392532,3.0308264307677746,3.091849386692047,0,68
old_e17,20260985,0,2,-8.0,2.5,0,0,0,0,0,0,0,0.0,35,2.5019959147487367,3.1832031905651093,3.2882411032915115,0,70
old_e17,20260985,1,2,46.0,1.0,1,0,0,0,0,0,0,0.0,35,2.593825544629778,3.4436883404850955,5.689304322004318,0,70
old_e17,20260985,2,2,-30.0,4.0,0,0,1,22,0,0,0,0.0,35,2.4538482406309674,2.9493238776922226,5.964383482933044,0,70
old_e17,20260985,3,2,-30.0,4.0,0,0,1,22,0,0,0,0.03125,32,2.438591269310564,2.984924428164959,5.115199834108353,0,64
old_e17,20260986,0,1,-22.0,4.0,0,0,1,14,0,0,0,0.028169014084507043,71,2.416845463531118,2.9255105182528496,3.317737951874733,0,143
old_e17,20260986,1,1,34.0,1.0,1,0,0,0,0,0,0,0.027777777777777776,36,2.4085180937416024,3.0165216885507107,3.2053887844085693,0,72
old_e17,20260986,2,1,-8.0,2.5,0,0,0,0,0,0,0,0.031746031746031744,63,2.387112006545067,2.949555031955242,4.112331196665764,0,126
old_e17,20260986,3,1,-8.0,2.5,0,0,0,0,0,0,0,0.03076923076923077,65,2.4235855501431685,3.179271891713142,4.651887342333794,0,130
old_e17,20260987,0,3,-8.0,2.5,0,0,0,0,0,0,0,0.0,68,2.4739957743269554,3.0868361704051495,3.3333953469991684,0,136
old_e17,20260987,1,3,42.0,1.0,1,0,0,0,0,0,0,0.0,85,2.470451483831686,3.321697190403938,3.384806215763092,0,170
old_e17,20260987,2,3,-8.0,2.5,0,0,0,0,0,0,0,0.0,81,2.3987387295490428,2.962730824947357,3.69236059486866,0,162
old_e17,20260987,3,3,-8.0,2.5,0,0,0,0,0,0,0,0.0,85,2.4531040998066174,3.237999603152275,3.3839456737041473,0,170
old_e17,20260988,0,2,-27.0,3.0,0,0,0,0,0,0,0,0.03488372093023256,86,2.3837296595407085,2.849469892680645,2.941858023405075,0,173
old_e17,20260988,1,2,-26.0,4.0,0,0,1,18,0,0,0,0.023255813953488372,86,2.431822919048542,3.0515985563397408,3.372287377715111,0,172
old_e17,20260988,2,2,-8.0,2.5,0,0,0,0,0,0,0,0.02702702702702703,37,2.356979190497785,2.8715480118989944,2.959771081805229,0,74
old_e17,20260988,3,2,-27.0,3.0,0,0,0,0,0,0,0,0.03488372093023256,86,2.2847266261314236,2.63323076069355,2.9131341725587845,0,173
old_e17,20260989,0,3,60.0,1.0,1,1,0,0,0,0,0,0.0,23,2.5815218687057495,3.432745486497879,3.689173609018326,0,45
old_e17,20260989,1,3,-16.0,3.0,0,0,0,0,0,0,0,0.047619047619047616,21,2.4266415053889867,3.103436902165413,3.1179245561361313,0,43
old_e17,20260989,2,3,-20.0,3.0,0,0,0,0,0,0,0,0.0,22,2.3987889289855957,3.1450671143829823,3.1498875468969345,0,45
old_e17,20260989,3,3,-20.0,3.0,0,0,0,0,0,0,0,0.045454545454545456,22,2.4178098379210993,3.3182036131620403,3.378855064511299,0,45
old_e17,20260990,0,0,-16.0,4.0,0,0,1,8,0,0,0,0.0,48,2.5082312058657408,3.1197087839245796,3.399170935153961,0,96
old_e17,20260990,1,0,0.0,2.5,0,0,0,0,0,1,1,0.012658227848101266,79,2.406781279965292,3.0905941501259804,3.1543225049972534,0,158
old_e17,20260990,2,0,-8.0,2.5,0,0,0,0,0,0,0,0.0,60,2.400760973493258,3.07682016864419,3.104059025645256,0,120
old_e17,20260990,3,0,-8.0,2.5,0,0,0,0,0,0,0,0.06578947368421052,76,2.2937326544993804,2.7375821955502033,2.87751667201519,0,152
old_e17,20260991,0,3,-8.0,2.5,0,0,0,0,0,0,0,0.0425531914893617,47,2.408409174135391,2.977216988801956,3.1346455216407776,0,94
old_e17,20260991,1,3,-28.0,4.0,0,0,1,20,0,0,0,0.06382978723404255,47,2.3064513076493083,2.5957833975553513,2.771034836769104,0,94
old_e17,20260991,2,3,44.0,1.0,1,0,0,0,0,0,0,0.02127659574468085,47,2.3780529724156603,3.037808276712894,3.1760092824697495,0,94
old_e17,20260991,3,3,-27.0,4.0,0,0,1,19,0,0,0,0.0,25,2.3707344383001328,2.9855575412511826,3.007369115948677,0,50
old_e17,20260992,0,0,48.0,1.0,1,0,0,0,0,0,0,0.0,41,2.430787582586451,2.9400717467069626,3.008071333169937,0,82
old_e17,20260992,1,0,-8.0,2.5,0,0,0,0,0,0,0,0.020833333333333332,48,2.3749591006586948,2.864788845181465,3.0444078147411346,0,96
old_e17,20260992,2,0,66.0,1.0,1,1,0,0,0,0,0,0.04,50,2.334590330719948,2.9607697390019894,3.04514542222023,0,99
old_e17,20260992,3,0,-22.0,3.0,0,0,0,0,0,0,0,0.02040816326530612,49,2.3989195042118734,3.0850272625684734,3.4761913120746613,0,99
old_e17,20260993,0,1,-8.0,2.5,0,0,0,0,0,0,0,0.0,29,2.6859981489592584,3.6987200379371643,3.8823168724775314,0,58
old_e17,20260993,1,1,-8.0,2.5,0,0,0,0,0,0,0,0.034482758620689655,29,2.428637753272879,3.1182024627923965,3.1750239431858063,0,58
old_e17,20260993,2,1,-16.0,4.0,0,0,1,8,0,0,0,0.0,33,2.490273874365922,3.078916296362877,4.832502454519272,0,66
old_e17,20260993,3,1,-17.0,3.0,0,0,0,0,0,0,0,0.13636363636363635,22,2.3830324750054968,2.8887268155813217,3.9173439145088196,0,45
old_e17,20260994,0,1,48.0,1.0,1,1,0,0,0,0,0,0.058823529411764705,17,2.4471654392340603,3.0581340193748474,3.2715946435928345,0,33
old_e17,20260994,1,1,-8.0,2.5,0,0,0,0,0,0,0,0.06060606060606061,33,2.3594201175552425,2.7871988713741302,2.852870151400566,0,66
old_e17,20260994,2,1,-17.0,4.0,0,0,1,9,0,0,0,0.04878048780487805,41,2.353930618704819,2.898404374718666,3.016512840986252,0,82
old_e17,20260994,3,1,-8.0,2.5,0,0,0,0,0,0,0,0.07142857142857142,14,2.303615877670901,2.77602756395936,2.7900561690330505,0,28
old_e17,20260995,0,2,-17.0,3.0,0,0,0,0,0,0,0,0.012987012987012988,77,2.415560814854387,2.9491685330867767,3.0392054468393326,0,155
old_e17,20260995,1,2,-17.0,3.0,0,0,0,0,0,0,0,0.025974025974025976,77,2.386126183457189,2.932032197713852,4.067365080118179,0,155
old_e17,20260995,2,2,-8.0,2.5,0,0,0,0,0,0,0,0.0,74,2.4198120258547164,2.986439410597086,4.9051884561777115,0,148
old_e17,20260995,3,2,-8.0,2.5,0,0,0,0,0,0,0,0.02702702702702703,74,2.306545153260231,2.7319309301674366,2.7794279158115387,0,148
old_e17,20260996,0,3,-17.0,3.0,0,0,0,0,0,0,0,0.01818181818181818,55,2.679917351766066,3.5660112276673313,3.893863409757614,0,111
old_e17,20260996,1,3,-38.0,4.0,0,0,1,30,0,0,0,0.0,52,2.476379920083743,3.30312829464674,3.3458825200796127,0,104
old_e17,20260996,2,3,-16.0,4.0,0,0,1,8,0,0,0,0.0,81,2.4159803618619473,3.0156150460243225,4.435798153281212,0,162
old_e17,20260996,3,3,-8.0,2.5,0,0,0,0,0,0,0,0.019230769230769232,52,2.341876522852824,2.791455015540123,2.9384251683950424,0,104
old_e17,20260997,0,0,-8.0,2.5,0,0,0,0,0,0,0,0.0,41,2.484159816692515,3.0895210802555084,3.1039398163557053,0,82
old_e17,20260997,1,0,36.0,1.0,1,0,0,0,0,0,0,0.0,41,2.3598455165217564,2.924872562289238,2.988778054714203,0,82
old_e17,20260997,2,0,-8.0,2.5,0,0,0,0,0,0,0,0.024390243902439025,41,2.331099404794414,2.830805256962776,2.8818920254707336,0,82
old_e17,20260997,3,0,-8.0,2.5,0,0,0,0,0,0,0,0.02127659574468085,47,2.3209678524352135,2.794765681028366,2.9099490493535995,0,94
old_e17,20260998,0,2,-8.0,2.5,0,0,0,0,0,0,0,0.03389830508474576,59,2.3851877046843706,2.8315741568803787,3.0875615775585175,0,118
old_e17,20260998,1,2,0.0,2.5,0,0,0,0,0,1,1,0.0,84,2.5347108464865458,3.1453155912458897,5.546143278479576,0,168
old_e17,20260998,2,2,32.0,1.0,1,0,0,0,0,0,0,0.015384615384615385,65,2.357935131742404,2.8510775417089462,2.975223585963249,0,130
old_e17,20260998,3,2,-8.0,2.5,0,0,0,0,0,0,0,0.015384615384615385,65,2.3447797275506534,2.828921005129814,2.954469993710518,0,130
old_e17,20260999,0,3,81.0,1.0,1,1,0,0,0,0,0,0.04,50,2.348533198237419,2.7845384553074832,2.9257796704769135,0,99
old_e17,20260999,1,3,-23.0,3.0,0,0,0,0,0,0,0,0.0,49,2.3878453185363693,2.964687719941139,3.00593301653862,0,99
old_e17,20260999,2,3,-27.0,3.0,0,0,0,0,0,0,0,0.04081632653061224,49,2.3314221477021975,2.727060765028,2.90101021528244,0,99
old_e17,20260999,3,3,32.0,1.0,1,0,0,0,0,0,0,0.0,40,2.4371268693357706,3.1906986609101295,3.2883547246456146,0,80
old_e17,20261000,0,0,-17.0,4.0,0,0,1,9,0,0,0,0.02702702702702703,37,2.4536517322868914,2.9775507748126984,3.0832290649414062,0,74
old_e17,20261000,1,0,-17.0,4.0,0,0,1,9,0,0,0,0.0,50,2.4401793256402016,3.0715265311300755,3.1523648649454117,0,100
old_e17,20261000,2,0,32.0,1.0,1,0,0,0,0,0,0,0.03333333333333333,60,2.3137623133758702,2.746516279876232,2.929946407675743,0,120
old_e17,20261000,3,0,34.0,1.0,1,0,0,0,0,0,0,0.0,66,2.4100615163192605,3.216097131371498,3.332166001200676,0,132
old_e17,20261001,0,0,51.0,1.0,1,1,0,0,0,0,0,0.014492753623188406,69,2.4154535562231922,2.9786676168441772,3.010626882314682,0,137
old_e17,20261001,1,0,-8.0,2.5,0,0,0,0,0,0,0,0.0,31,2.403065442077575,3.0003441497683525,3.0665919184684753,0,62
old_e17,20261001,2,0,87.0,1.0,1,1,0,0,0,0,0,0.0,67,2.4430557195820026,3.0320577323436737,4.664352163672447,0,133
old_e17,20261001,3,0,-20.0,4.0,0,0,1,12,0,0,0,0.046511627906976744,43,2.334326852199643,2.8661856427788734,2.898219972848892,0,86
old_e17,20261002,0,3,-8.0,2.5,0,0,0,0,0,0,0,0.0,36,2.567938891135984,3.422197885811329,3.6192964762449265,0,72
old_e17,20261002,1,3,-8.0,2.5,0,0,0,0,0,0,0,0.0,35,2.4732912757567,3.1446631997823715,3.2159872353076935,0,70
old_e17,20261002,2,3,-8.0,2.5,0,0,0,0,0,0,0,0.047619047619047616,42,2.338321613413947,2.8560874983668323,3.222363069653511,0,84
old_e17,20261002,3,3,-17.0,4.0,0,0,1,9,0,0,0,0.08333333333333333,36,2.29734710107247,2.7419528923928738,2.8761252760887146,0,72
old_e17,20261003,0,1,-18.0,3.0,0,0,0,0,0,0,0,0.0,42,2.6470893284394625,3.3811784349381924,6.068345159292221,0,85
old_e17,20261003,1,1,-18.0,3.0,0,0,0,0,0,0,0,0.023809523809523808,42,2.40118344802232,2.9832327738404274,3.1237993389368057,0,85
old_e17,20261003,2,1,-18.0,4.0,0,0,1,10,0,0,0,0.02564102564102564,39,2.429629604403789,2.8433186933398247,4.7093164175748825,0,78
old_e17,20261003,3,1,-18.0,3.0,0,0,0,0,0,0,0,0.047619047619047616,42,2.367901305357615,3.0226163566112514,3.0762795358896255,0,85
old_e17,20261004,0,1,-8.0,2.5,0,0,0,0,0,0,0,0.0,53,2.460710809759374,3.0258484184741974,3.1138435006141663,0,107
old_e17,20261004,1,1,60.0,1.0,1,1,0,0,0,0,0,0.04878048780487805,41,2.5200213691810283,3.083767369389534,5.834938958287239,0,80
old_e17,20261004,2,1,-17.0,4.0,0,0,1,9,0,0,0,0.0,53,2.509390091839826,3.39546836912632,5.014022812247276,0,107
old_e17,20261004,3,1,-8.0,2.5,0,0,0,0,0,0,0,0.05714285714285714,35,2.367506442325456,2.998350001871586,3.0563604086637497,0,71
old_e17,20261005,0,3,0.0,2.5,0,0,0,0,0,1,0,0.0,87,2.48423145934083,3.056590631604195,4.932180047035217,0,174
old_e17,20261005,1,3,45.0,1.0,1,0,0,0,0,0,0,0.02564102564102564,39,2.480934732235395,3.1312763690948486,3.366827964782715,0,78
old_e17,20261005,2,3,-21.0,3.0,0,0,0,0,0,0,0,0.043478260869565216,69,2.2878987525684247,2.7033742517232895,2.708176150918007,0,139
old_e17,20261005,3,3,0.0,2.5,0,0,0,0,0,1,1,0.0,84,2.4668449048130285,3.0684431083500385,5.633149296045303,0,168
old_e17,20261006,0,0,44.0,1.0,1,0,0,0,0,0,0,0.019230769230769232,52,2.4252430392572513,3.0176139436662197,3.2209455966949463,0,104
old_e17,20261006,1,0,54.0,1.0,1,1,0,0,0,0,0,0.047619047619047616,42,2.3727926558681895,2.9494400136172767,3.037352114915848,0,83
old_e17,20261006,2,0,-8.0,2.5,0,0,0,0,0,0,0,0.025,40,2.3504892364144325,2.972546871751547,3.020748496055603,0,80
old_e17,20261006,3,0,-17.0,4.0,0,0,1,9,0,0,0,0.0,36,2.3446524412267737,2.9003797098994255,2.951003611087799,0,72
old_e17,20261007,0,0,-33.0,3.0,0,0,0,0,0,0,0,0.0196078431372549,51,2.454964882310699,2.9416969045996666,3.01547534763813,0,103
old_e17,20261007,1,0,99.0,1.0,1,1,0,0,0,0,0,0.0,52,2.430340561729211,3.037428390234709,3.135768696665764,0,103
old_e17,20261007,2,0,-33.0,3.0,0,0,0,0,0,0,0,0.0196078431372549,51,2.3971896472514844,3.0578188598155975,3.0921101570129395,0,103
old_e17,20261007,3,0,-33.0,3.0,0,0,0,0,0,0,0,0.0,51,2.42693568853771,3.2620159909129143,3.514006733894348,0,103
old_e17,20261008,0,0,-19.0,4.0,0,0,1,11,0,0,0,0.023255813953488372,43,2.455802850945051,3.0345987528562546,3.0653849244117737,0,86
old_e17,20261008,1,0,-8.0,2.5,0,0,0,0,0,0,0,0.0,70,2.4912609851786067,3.312424663454294,3.406638279557228,0,140
old_e17,20261008,2,0,0.0,2.5,0,0,0,0,0,1,1,0.011904761904761904,84,2.417752718819039,2.9388539493083954,5.481593310832977,0,168
old_e17,20261008,3,0,32.0,1.0,1,0,0,0,0,0,0,0.046153846153846156,65,2.3181561953746357,2.7211885899305344,2.9403306543827057,0,130
old_e17,20261009,0,1,33.0,1.0,1,0,0,0,0,0,0,0.03389830508474576,59,2.3947832632367896,2.8243040665984154,2.9338430613279343,0,118
old_e17,20261009,1,1,-8.0,2.5,0,0,0,0,0,0,0,0.02,50,2.433757670223713,3.0525735579431057,3.195466473698616,0,100
old_e17,20261009,2,1,32.0,1.0,1,0,0,0,0,0,0,0.0,44,2.3956147699870844,3.132728300988674,3.2885130494832993,0,88
old_e17,20261009,3,1,-8.0,2.5,0,0,0,0,0,0,0,0.01694915254237288,59,2.3405475510379015,2.864410914480686,2.910550683736801,0,118
old_e17,20261010,0,2,-8.0,2.5,0,0,0,0,0,0,0,0.01282051282051282,78,2.51289987220214,3.343627043068409,3.527335822582245,0,156
old_e17,20261010,1,2,57.0,1.0,1,1,0,0,0,0,0,0.04477611940298507,67,2.346397780660373,2.7685487642884254,2.8944313526153564,0,133
old_e17,20261010,2,2,0.0,2.5,0,0,0,0,0,1,1,0.0,83,2.5341263691703957,3.3979909494519234,3.900427371263504,0,166
old_e17,20261010,3,2,0.0,2.5,0,0,0,0,0,1,1,0.024390243902439025,82,2.334164932551907,2.817387133836746,2.9459763318300247,0,164
old_e17,20261011,0,1,-8.0,2.5,0,0,0,0,0,0,0,0.05,40,2.398482570424676,2.962768543511629,2.9862523078918457,0,80
old_e17,20261011,1,1,-8.0,2.5,0,0,0,0,0,0,0,0.024390243902439025,41,2.4368432236880793,3.1454768031835556,3.213772550225258,0,82
old_e17,20261011,2,1,32.0,1.0,1,0,0,0,0,0,0,0.02631578947368421,38,2.3646892391537366,2.902210783213377,2.9783081263303757,0,76
old_e17,20261011,3,1,-8.0,2.5,0,0,0,0,0,0,0,0.024390243902439025,41,2.3678900083390677,3.0259303748607635,3.0639860779047012,0,82
old_e17,20261012,0,2,-18.0,4.0,0,0,1,10,0,0,0,0.0,29,2.451431712713735,2.993212640285492,3.0248239636421204,0,58
old_e17,20261012,1,2,-16.0,4.0,0,0,1,8,0,0,0,0.0,54,2.3946214329313347,2.9732107184827328,3.017932176589966,0,108
old_e17,20261012,2,2,32.0,1.0,1,0,0,0,0,0,0,0.018518518518518517,54,2.3618258052953967,2.9229345731437206,3.037652000784874,0,108
old_e17,20261012,3,2,-8.0,2.5,0,0,0,0,0,0,0,0.0,54,2.526333831526615,3.6011833697557445,3.977246582508087,0,108
old_e17,20261013,0,1,-28.0,4.0,0,0,1,20,0,0,0,0.030303030303030304,33,2.4245682765137064,2.956511452794075,2.988627180457115,0,66
old_e17,20261013,1,1,-8.0,2.5,0,0,0,0,0,0,0,0.04,25,2.548801526427269,3.533083572983741,3.669867292046547,0,50
old_e17,20261013,2,1,44.0,1.0,1,0,0,0,0,0,0,0.08,25,2.3236554861068726,2.792300283908844,2.9107648879289627,0,50
old_e17,20261013,3,1,-8.0,2.5,0,0,0,0,0,0,0,0.0,29,2.4392492426880477,3.1477268785238266,3.2133925706148148,0,58
old_e17,20261014,0,1,90.0,1.0,1,1,0,0,0,0,0,0.018867924528301886,53,2.4504961340494877,3.103842213749885,3.3628642559051514,0,105
old_e17,20261014,1,1,-30.0,3.0,0,0,0,0,0,0,0,0.019230769230769232,52,2.3805784921233473,2.9135631397366524,3.110896795988083,0,105
old_e17,20261014,2,1,-30.0,3.0,0,0,0,0,0,0,0,0.0,52,2.419661085766095,3.143704030662775,3.234338015317917,0,105
old_e17,20261014,3,1,-30.0,3.0,0,0,0,0,0,0,0,0.038461538461538464,52,2.3462771652982783,2.9177439399063587,3.0906200408935547,0,105
old_e17,20261015,0,2,-8.0,2.5,0,0,0,0,0,0,0,0.0,32,2.4613841087557375,3.0515823513269424,3.0709486454725266,0,64
old_e17,20261015,1,2,32.0,1.0,1,0,0,0,0,0,0,0.08108108108108109,37,2.3199730628245585,2.736092358827591,2.871578559279442,0,74
old_e17,20261015,2,2,-17.0,4.0,0,0,1,9,0,0,0,0.06976744186046512,43,2.2817680308985158,2.631719969213009,2.883968874812126,0,87
old_e17,20261015,3,2,51.0,1.0,1,1,0,0,0,0,0,0.027777777777777776,36,2.394788795047336,3.172722179442644,3.2659079879522324,0,71
old_e17,20261016,0,0,-16.0,4.0,0,0,1,8,0,0,0,0.02702702702702703,74,2.3835756740457303,2.7820696122944355,2.947866916656494,0,149
old_e17,20261016,1,0,-16.0,4.0,0,0,1,8,0,0,0,0.0,61,2.4739172553918403,3.209458664059639,3.4615788608789444,0,122
old_e17,20261016,2,0,-8.0,2.5,0,0,0,0,0,0,0,0.03278688524590164,61,2.3159380757906396,2.7204323559999466,2.906281501054764,0,122
old_e17,20261016,3,0,-8.0,2.5,0,0,0,0,0,0,0,0.04918032786885246,61,2.302428005171604,2.660440281033516,2.8974004089832306,0,122
old_e17,20261017,0,2,-8.0,2.5,0,0,0,0,0,0,0,0.047619047619047616,42,2.3674811458303813,2.8779346495866767,2.9090791940689087,0,84
old_e17,20261017,1,2,-16.0,4.0,0,0,1,8,0,0,0,0.05,20,2.396311517804861,2.9062341898679733,2.914572134613991,0,40
old_e17,20261017,2,2,32.0,1.0,1,0,0,0,0,0,0,0.08571428571428572,35,2.311743742653302,2.8448959812521935,2.889934927225113,0,70
old_e17,20261017,3,2,32.0,1.0,1,0,0,0,0,0,0,0.0,20,2.3275495506823063,3.0615913681685925,3.109663724899292,0,40
old_e17,20261018,0,3,-20.0,4.0,0,0,1,12,0,0,0,0.0,41,2.497558322984998,3.2048076391220093,3.4447163343429565,0,83
old_e17,20261018,1,3,-19.0,4.0,0,0,1,11,0,0,0,0.02127659574468085,47,2.389123187737262,2.9179325327277184,2.9510371387004852,0,93
old_e17,20261018,2,3,-8.0,2.5,0,0,0,0,0,0,0,0.019230769230769232,52,2.4339725048496175,3.2922992482781406,3.7345178425312042,0,105
old_e17,20261018,3,3,-8.0,2.5,0,0,0,0,0,0,0,0.021739130434782608,46,2.442236422844555,3.2502408139407635,3.360103815793991,0,93
old_e17,20261019,0,3,-20.0,4.0,0,0,1,12,0,0,0,0.02666666666666667,75,2.39824041724205,2.7782080695033073,2.991192042827606,0,150
old_e17,20261019,1,3,99.0,1.0,1,1,0,0,0,0,0,0.0,67,2.4183050576430647,2.9990339651703835,3.047103062272072,0,133
old_e17,20261019,2,3,-33.0,3.0,0,0,0,0,0,0,0,0.0,66,2.4741845713420347,3.2387063838541508,3.361811861395836,0,133
old_e17,20261019,3,3,10.0,2.0,0,0,0,0,0,0,0,0.014084507042253521,71,2.3612600397056256,2.9394300654530525,3.1114164739847183,1,143
old_e17,20261020,0,3,32.0,1.0,1,0,0,0,0,0,0,0.01818181818181818,55,2.3702100935307415,2.7724653482437134,2.978600561618805,0,110
old_e17,20261020,1,3,-8.0,2.5,0,0,0,0,0,0,0,0.03636363636363636,55,2.330480956218459,2.7236709371209145,2.852393314242363,0,110
old_e17,20261020,2,3,-16.0,4.0,0,0,1,8,0,0,0,0.015873015873015872,63,2.3837132113320485,2.8866950422525406,2.9544923454523087,0,126
old_e17,20261020,3,3,-8.0,2.5,0,0,0,0,0,0,0,0.0,55,2.4270694702863693,3.113284893333912,3.2385196536779404,0,110
old_e17,20261021,0,0,35.0,1.0,1,0,0,0,0,0,0,0.015625,64,2.407383610261604,2.8864200226962566,3.050759434700012,0,128
old_e17,20261021,1,0,-8.0,2.5,0,0,0,0,0,0,0,0.0,85,2.4090596419923447,3.0222851783037186,3.0491407960653305,0,170
old_e17,20261021,2,0,-8.0,2.5,0,0,0,0,0,0,0,0.03389830508474576,59,2.3106709754062913,2.830584347248077,3.0960869044065475,0,118
old_e17,20261021,3,0,-8.0,2.5,0,0,0,0,0,0,0,0.03508771929824561,57,2.3125534583079186,2.8568707406520844,2.9450803995132446,0,114
old_e17,20261022,0,2,-20.0,3.0,0,0,0,0,0,0,0,0.06451612903225806,31,2.4257912751167052,2.9251333326101303,2.9737763106822968,0,63
old_e17,20261022,1,2,-20.0,3.0,0,0,0,0,0,0,0,0.03225806451612903,31,2.3802235842712465,2.9729148373007774,3.063660115003586,0,63
old_e17,20261022,2,2,60.0,1.0,1,1,0,0,0,0,0,0.125,32,2.2757534170523286,2.6676113717257977,2.8183162212371826,0,63
old_e17,20261022,3,2,-20.0,3.0,0,0,0,0,0,0,0,0.0,31,2.4074628468482726,3.248457796871662,3.396879881620407,0,63
old_e17,20261023,0,3,-18.0,4.0,0,0,1,10,0,0,0,0.02040816326530612,49,2.404781210483337,2.889745309948921,3.030747175216675,0,98
old_e17,20261023,1,3,33.0,1.0,1,0,0,0,0,0,0,0.024390243902439025,82,2.3313258070407845,2.736428752541542,2.7720890939235687,0,164
old_e17,20261023,2,3,-8.0,2.5,0,0,0,0,0,0,0,0.061224489795918366,49,2.309914298203527,2.7197942137718196,2.9126647859811783,0,98
old_e17,20261023,3,3,-8.0,2.5,0,0,0,0,0,0,0,0.0,49,2.377953684451629,2.9741853475570674,4.013150930404663,0,98
old_e17,20261024,0,1,0.0,2.5,0,0,0,0,0,1,1,0.053763440860215055,93,2.3971410688533576,3.051922842860221,3.253975883126259,0,186
old_e17,20261024,1,1,-8.0,2.5,0,0,0,0,0,0,0,0.05555555555555555,54,2.3703832455255367,2.9745055362582202,3.2443981617689133,0,108
old_e17,20261024,2,1,-19.0,3.0,0,0,0,0,0,0,0,0.03125,64,2.3137697426136583,2.775190025568008,2.7988310903310776,0,129
old_e17,20261024,3,1,-30.0,4.0,0,0,1,22,0,0,0,0.015384615384615385,65,2.4397733979500256,3.2914597541093826,3.7988219410181046,0,130
old_e17,20261025,0,1,-8.0,2.5,0,0,0,0,0,0,0,0.03333333333333333,60,2.390193628768126,2.9144225642085075,2.957679331302643,0,120
old_e17,20261025,1,1,57.0,1.0,1,1,0,0,0,0,0,0.0,51,2.4180535738374673,3.1906049698591232,3.2535046339035034,0,101
old_e17,20261025,2,1,-20.0,4.0,0,0,1,12,0,0,0,0.05,60,2.301575647046169,2.647463884204626,2.699170261621475,0,120
old_e17,20261025,3,1,35.0,1.0,1,0,0,0,0,0,0,0.017543859649122806,57,2.3759574416959497,2.948160469532013,2.964964136481285,0,114
old_e17,20261026,0,2,-20.0,3.0,0,0,0,0,0,0,0,0.0,46,2.525127654814202,3.273173701018095,3.354206681251526,0,93
old_e17,20261026,1,2,34.0,1.0,1,0,0,0,0,0,0,0.043478260869565216,46,2.3687633726259936,2.828816883265972,3.097016364336014,0,92
old_e17,20261026,2,2,-8.0,2.5,0,0,0,0,0,0,0,0.0,49,2.4067762935039947,3.209367021918297,3.4389737993478775,0,98
old_e17,20261026,3,2,-8.0,2.5,0,0,0,0,0,0,0,0.041666666666666664,48,2.364663795257608,2.987771574407816,3.0626431107521057,0,96
old_e17,20261027,0,0,0.0,2.5,0,0,0,0,0,1,1,0.011764705882352941,85,2.430633411687963,2.9199492186307907,2.9846075922250748,0,170
old_e17,20261027,1,0,34.0,1.0,1,0,0,0,0,0,0,0.0,52,2.505240352967611,3.4057927317917347,3.978962078690529,0,104
old_e17,20261027,2,0,0.0,2.5,0,0,0,0,0,1,1,0.0,85,2.5428658899138954,3.4836448729038234,3.909241408109665,0,170
old_e17,20261027,3,0,0.0,2.5,0,0,0,0,0,1,1,0.023529411764705882,85,2.334943786263466,2.7909640222787857,2.934347838163376,0,170
old_e17,20261028,0,0,-17.0,4.0,0,0,1,9,0,0,0,0.025974025974025976,77,2.4210995232517067,3.000321239233017,3.160003572702408,0,154
old_e17,20261028,1,0,-8.0,2.5,0,0,0,0,0,0,0,0.012048192771084338,83,2.370142860405416,2.8984077274799347,2.9730331152677536,0,166
old_e17,20261028,2,0,-48.0,4.0,0,0,1,40,1,0,0,0.06578947368421052,76,2.334536298325187,2.76440242305398,2.86291167140007,0,152
old_e17,20261028,3,0,54.0,1.0,1,1,0,0,0,0,0,0.012048192771084338,83,2.435086093035089,3.329452499747276,3.415783867239952,0,165
old_e17,20261029,0,2,-32.0,3.0,0,0,0,0,0,0,0,0.0196078431372549,51,2.465069001796199,3.1634094193577766,3.3494215458631516,0,103
old_e17,20261029,1,2,-32.0,3.0,0,0,0,0,0,0,0,0.0196078431372549,51,2.412282989597788,3.0035609379410744,3.0722878873348236,0,103
old_e17,20261029,2,2,-32.0,3.0,0,0,0,0,0,0,0,0.0392156862745098,51,2.3093141761480593,2.747160382568836,2.8846338391304016,0,103
old_e17,20261029,3,2,96.0,1.0,1,1,0,0,0,0,0,0.0,52,2.4300294641691904,3.2834574580192566,3.554275259375572,0,103
old_e17,20261030,0,1,34.0,1.0,1,0,0,0,0,0,0,0.058823529411764705,34,2.446093541734359,2.9781647957861423,4.2252615094184875,0,68
old_e17,20261030,1,1,-18.0,4.0,0,0,1,10,0,0,0,0.058823529411764705,34,2.40799187518218,3.0032604932785034,3.413265570998192,0,68
old_e17,20261030,2,1,-8.0,2.5,0,0,0,0,0,0,0,0.058823529411764705,34,2.338730017928516,2.967112697660923,3.001747652888298,0,68
old_e17,20261030,3,1,-19.0,3.0,0,0,0,0,0,0,0,0.0,34,2.4208584800362587,3.2203718088567257,3.361048176884651,0,69
old_e17,20261031,0,2,-8.0,2.5,0,0,0,0,0,0,0,0.047619047619047616,42,2.374731846863315,2.763966657221317,3.0011162161827087,0,84
old_e17,20261031,1,2,-8.0,2.5,0,0,0,0,0,0,0,0.05128205128205128,39,2.368403885226983,2.892085537314415,3.111429512500763,0,78
old_e17,20261031,2,2,54.0,1.0,1,1,0,0,0,0,0,0.0,42,2.429989698742117,3.365564346313476,3.372400999069214,0,83
old_e17,20261031,3,2,-22.0,4.0,0,0,1,14,0,0,0,0.05128205128205128,39,2.305169565937458,2.6801327243447304,2.7026310563087463,0,78
old_e17,20261032,0,1,-8.0,2.5,0,0,0,0,0,0,0,0.058823529411764705,34,2.454359960906646,3.1022501178085804,3.75259667634964,0,68
old_e17,20261032,1,1,57.0,1.0,1,1,0,0,0,0,0,0.03125,32,2.3356395540758967,2.703514602035284,2.858497202396393,0,63
old_e17,20261032,2,1,-20.0,3.0,0,0,0,0,0,0,0,0.0,31,2.482598527304588,3.293571062386036,3.3542178571224213,0,63
old_e17,20261032,3,1,-20.0,3.0,0,0,0,0,0,0,0,0.03225806451612903,31,2.3274804435430037,2.867000177502632,2.944791689515114,0,63
old_e17,20261033,0,0,0.0,2.5,0,0,0,0,0,1,1,0.012345679012345678,81,2.473069906786636,3.159197047352791,3.4443624317646027,0,161
old_e17,20261033,1,0,33.0,1.0,1,0,0,0,0,0,0,0.025,80,2.419378934428096,3.150228876620531,3.2814685255289078,0,159
old_e17,20261033,2,0,-8.0,2.5,0,0,0,0,0,0,0,0.013157894736842105,76,2.3844920736002293,3.0726026743650436,3.123801201581955,0,153
old_e17,20261033,3,0,33.0,1.0,1,0,0,0,0,0,0,0.0,74,2.430261263774859,3.224065061658621,3.315594047307968,0,148
old_e17,20261034,0,2,-21.0,4.0,0,0,1,13,0,0,0,0.02702702702702703,37,2.4425054120050893,3.012407198548317,3.045232966542244,0,74
old_e17,20261034,1,2,-8.0,2.5,0,0,0,0,0,0,0,0.08108108108108109,37,2.3547964220916904,2.8196182101964946,2.985745668411255,0,74
old_e17,20261034,2,2,-8.0,2.5,0,0,0,0,0,0,0,0.02702702702702703,37,2.328651680334194,2.794026210904121,2.893676981329918,0,74
old_e17,20261034,3,2,37.0,1.0,1,0,0,0,0,0,0,0.08108108108108109,37,2.300258172122208,2.9010623693466187,3.026677295565605,0,74
old_e17,20261035,0,0,0.0,2.5,0,0,0,0,0,1,0,0.012048192771084338,83,2.414639029337699,2.957612276077269,3.1816475093364716,0,166
old_e17,20261035,1,0,-8.0,2.5,0,0,0,0,0,0,0,0.0,44,2.3773887448690156,2.890371158719063,2.908565104007721,0,88
old_e17,20261035,2,0,-8.0,2.5,0,0,0,0,0,0,0,0.03125,64,2.3622394364792854,2.9949191957712173,3.142610192298889,0,129
old_e17,20261035,3,0,0.0,2.5,0,0,0,0,0,1,0,0.023809523809523808,84,2.3362733246315095,2.963441051542759,3.035562112927437,0,169
old_e17,20261036,0,1,-27.0,4.0,0,0,1,19,0,0,0,0.044444444444444446,45,2.421247586607933,3.003617748618126,3.0712243169546127,0,90
old_e17,20261036,1,1,43.0,1.0,1,0,0,0,0,0,0,0.022222222222222223,45,2.437639029489623,3.109115362167358,3.790503367781639,0,90
old_e17,20261036,2,1,-17.0,4.0,0,0,1,9,0,0,0,0.0,38,2.452830146802099,3.2739666290581226,3.3301040530204773,0,76
old_e17,20261036,3,1,51.0,1.0,1,1,0,0,0,0,0,0.025,40,2.33067749068141,2.9206354171037674,2.96148844063282,0,79
old_e17,20261037,0,0,-20.0,4.0,0,0,1,12,0,0,0,0.017857142857142856,56,2.3895351083150933,2.740282565355301,2.979150041937828,0,112
old_e17,20261037,1,0,-18.0,4.0,0,0,1,10,0,0,0,0.0,45,2.397905538479487,2.9555492103099823,2.9973965138196945,0,90
old_e17,20261037,2,0,34.0,1.0,1,0,0,0,0,0,0,0.037037037037037035,54,2.3173301791151366,2.889883331954479,2.9575657099485397,0,108
old_e17,20261037,3,0,-8.0,2.5,0,0,0,0,0,0,0,0.05555555555555555,54,2.309361541712726,2.7136163786053658,2.904403954744339,0,108
old_e17,20261038,0,2,36.0,1.0,1,0,0,0,0,0,0,0.0392156862745098,51,2.393081163366636,2.9215719550848007,3.0604880303144455,0,102
old_e17,20261038,1,2,-19.0,4.0,0,0,1,11,0,0,0,0.047619047619047616,21,2.3548906402928487,2.9229819774627686,2.9427651315927505,0,42
old_e17,20261038,2,2,-8.0,2.5,0,0,0,0,0,0,0,0.047619047619047616,21,2.3212472775152753,2.8174947947263718,2.868223935365677,0,42
old_e17,20261038,3,2,-8.0,2.5,0,0,0,0,0,0,0,0.0,21,2.3517520832163945,2.9257945716381073,2.9854513704776764,0,42
old_e17,20261039,0,0,-8.0,2.5,0,0,0,0,0,0,0,0.05,40,2.357887104153633,2.7090332470834255,2.902587875723839,0,80
old_e17,20261039,1,0,-18.0,4.0,0,0,1,10,0,0,0,0.11904761904761904,42,2.321280539035797,2.723126485943794,2.903403714299202,0,84
old_e17,20261039,2,0,-8.0,2.5,0,0,0,0,0,0,0,0.025,40,2.327108569443226,2.7967716567218304,3.1598415225744247,0,80
old_e17,20261039,3,0,32.0,1.0,1,0,0,0,0,0,0,0.0196078431372549,51,2.3693179748221938,2.9901033267378807,3.063458949327469,0,102
old_e17,20261040,0,2,-26.0,3.0,0,0,0,0,0,0,0,0.030303030303030304,33,2.449304937864795,3.075442463159561,3.1155627220869064,0,67
old_e17,20261040,1,2,75.0,1.0,1,1,0,0,0,0,0,0.05128205128205128,39,2.3886619183497553,3.2256653532385826,3.290034830570221,0,77
old_e17,20261040,2,2,-24.0,4.0,0,0,1,16,0,0,0,0.05555555555555555,36,2.3371615550584264,2.8662378899753094,2.939227968454361,0,72
old_e17,20261040,3,2,-8.0,2.5,0,0,0,0,0,0,0,0.044444444444444446,45,2.337834652927187,2.933407947421074,3.14352847635746,0,90
old_e17,20261041,0,2,35.0,1.0,1,0,0,0,0,0,0,0.017857142857142856,56,2.4144931230694056,2.9155262745916843,3.111904487013817,0,112
old_e17,20261041,1,2,-8.0,2.5,0,0,0,0,0,0,0,0.047619047619047616,63,2.353824438556792,2.7619725093245506,2.922315150499344,0,126
old_e17,20261041,2,2,-16.0,4.0,0,0,1,8,0,0,0,0.05357142857142857,56,2.3280066837157523,2.7559460140764713,2.811199054121971,0,112
old_e17,20261041,3,2,-8.0,2.5,0,0,0,0,0,0,0,0.017857142857142856,56,2.3268410669905797,2.8110663406550884,2.862507477402687,0,112
old_e17,20261042,0,1,48.0,1.0,1,0,0,0,0,0,0,0.0,35,2.4025804230145047,2.916024439036846,2.9270444065332413,0,70
old_e17,20261042,1,1,-8.0,2.5,0,0,0,0,0,0,0,0.0,35,2.382008997457368,2.9087916016578674,3.022199496626854,0,70
old_e17,20261042,2,1,-32.0,4.0,0,0,1,24,0,0,0,0.02857142857142857,35,2.3289608103888377,2.8217313811182976,2.935107797384262,0,70
old_e17,20261042,3,1,-8.0,2.5,0,0,0,0,0,0,0,0.02857142857142857,35,2.308648665036474,2.809074334800243,2.9121767729520798,0,70
old_e17,20261043,0,2,-17.0,4.0,0,0,1,9,0,0,0,0.027777777777777776,72,2.3983756804631815,2.821085788309574,3.014950081706047,0,144
old_e17,20261043,1,2,33.0,1.0,1,0,0,0,0,0,0,0.0,74,2.578430406346514,3.6638175137341022,3.981899470090866,0,148
old_e17,20261043,2,2,-8.0,2.5,0,0,0,0,0,0,0,0.013888888888888888,72,2.331373618087835,2.816153224557638,2.8792880475521088,0,144
old_e17,20261043,3,2,-8.0,2.5,0,0,0,0,0,0,0,0.041666666666666664,72,2.308982786619001,2.7670506387948994,2.8921645134687424,0,144
old_e17,20261044,0,1,-8.0,2.5,0,0,0,0,0,0,0,0.025974025974025976,77,2.4045451798222284,2.860604226589203,2.920735627412796,0,154
old_e17,20261044,1,1,-8.0,2.5,0,0,0,0,0,0,0,0.04081632653061224,49,2.3391693070226784,2.7922742068767548,2.8568673878908157,0,98
old_e17,20261044,2,1,-24.0,4.0,0,0,1,16,0,0,0,0.0,45,2.360407676961687,2.9447458684444427,2.9963627457618713,0,90
old_e17,20261044,3,1,-8.0,2.5,0,0,0,0,0,0,0,0.04225352112676056,71,2.2909360819719207,2.701997756958008,2.8510279953479767,0,142
old_e17,20261045,0,2,-8.0,2.5,0,0,0,0,0,0,0,0.015625,64,2.4253985029645264,2.939136791974306,3.2230913639068604,0,129
old_e17,20261045,1,2,34.0,1.0,1,0,0,0,0,0,0,0.030303030303030304,66,2.3227924424590487,2.7088969945907593,2.856569364666939,0,132
old_e17,20261045,2,2,38.0,1.0,1,0,0,0,0,0,0,0.04225352112676056,71,2.289717623465498,2.6134029030799866,2.675836905837059,0,143
old_e17,20261045,3,2,-8.0,2.5,0,0,0,0,0,0,0,0.03125,64,2.3459148942492902,2.9114237055182453,3.0158385634422302,0,129
old_e17,20261046,0,0,78.0,1.0,1,1,0,0,0,0,0,0.020833333333333332,48,2.4242134920010963,3.053409233689308,3.1037647277116776,0,95
old_e17,20261046,1,0,-8.0,2.5,0,0,0,0,0,0,0,0.058823529411764705,51,2.3790367458965265,2.9531829059123993,3.004102036356926,0,102
old_e17,20261046,2,0,50.0,1.0,1,0,0,0,0,0,0,0.0,69,2.4337919455939443,3.199262171983719,3.2527614384889603,0,138
old_e17,20261046,3,0,32.0,1.0,1,0,0,0,0,0,0,0.0196078431372549,51,2.3724621928790035,3.0094897374510765,3.081252798438072,0,102
old_e17,20261047,0,0,-8.0,2.5,0,0,0,0,0,0,0,0.0,54,2.5239199468934976,3.329251892864704,3.7197209894657135,0,108
old_e17,20261047,1,0,33.0,1.0,1,0,0,0,0,0,0,0.06521739130434782,46,2.3099444806575775,2.6117758825421333,2.862943336367607,0,92
old_e17,20261047,2,0,33.0,1.0,1,0,0,0,0,0,0,0.017543859649122806,57,2.385121819220091,3.1424514949321747,3.277743235230446,0,114
old_e17,20261047,3,0,34.0,1.0,1,0,0,0,0,0,0,0.045454545454545456,44,2.3250714029100807,2.8514907695353036,3.047175705432892,0,88
old_e17,20261048,0,1,57.0,1.0,1,1,0,0,0,0,0,0.03278688524590164,61,2.3734838869728025,2.7325432747602463,2.91643850505352,0,121
old_e17,20261048,1,1,-8.0,2.5,0,0,0,0,0,0,0,0.046153846153846156,65,2.342654220186747,2.8871167451143265,3.85393388569355,0,130
old_e17,20261048,2,1,-19.0,3.0,0,0,0,0,0,0,0,0.016666666666666666,60,2.3512085589269796,2.8192188590764995,3.12739796936512,0,121
old_e17,20261048,3,1,-19.0,3.0,0,0,0,0,0,0,0,0.016666666666666666,60,2.3413614680369697,2.8726838529109955,2.9436107724905014,0,121
old_e17,20261049,0,2,-16.0,4.0,0,0,1,8,0,0,0,0.046511627906976744,43,2.4235655748566916,3.0121345072984695,3.067880868911743,0,86
old_e17,20261049,1,2,-20.0,3.0,0,0,0,0,0,0,0,0.06,50,2.3327941447496414,2.821658924221992,2.9823333024978638,0,101
old_e17,20261049,2,2,-8.0,2.5,0,0,0,0,0,0,0,0.034482758620689655,58,2.355742171920579,2.914179302752018,3.012038767337799,0,117
old_e17,20261049,3,2,-22.0,3.0,0,0,0,0,0,0,0,0.06,50,2.311697006225586,2.7256554923951626,2.739567309617996,0,101
old_e17,20261050,0,1,-8.0,2.5,0,0,0,0,0,0,0,0.0,64,2.5005440693348646,3.23224775493145,3.488054499030113,0,128
old_e17,20261050,1,1,-8.0,2.5,0,0,0,0,0,0,0,0.0,64,2.4049609492067248,3.012661822140217,3.042394295334816,0,128
old_e17,20261050,2,1,33.0,1.0,1,0,0,0,0,0,0,0.03125,64,2.3184794990811497,2.7593817561864853,2.951124683022499,0,128
old_e17,20261050,3,1,54.0,1.0,1,1,0,0,0,0,0,0.0,64,2.405990846455097,3.111500944942236,3.240985795855522,0,127
old_e17,20261051,0,3,35.0,1.0,1,0,0,0,0,0,0,0.016129032258064516,62,2.415592992498029,2.884127665311098,2.9875561594963074,0,124
old_e17,20261051,1,3,-19.0,4.0,0,0,1,11,0,0,0,0.03225806451612903,62,2.378500907892181,2.9580429196357727,2.9973145574331284,0,124
old_e17,20261051,2,3,-18.0,4.0,0,0,1,10,0,0,0,0.0,43,2.3712123809165733,2.9362842440605164,3.043023869395256,0,86
old_e17,20261051,3,3,-31.0,4.0,0,0,1,23,0,0,0,0.027777777777777776,72,2.320764638069603,2.7654383331537247,3.0454248189926147,0,144
old_e17,20261052,0,1,-23.0,4.0,0,0,1,15,0,0,0,0.043478260869565216,46,2.4040106926923213,2.9139616526663303,3.0154455453157425,0,92
old_e17,20261052,1,1,-8.0,2.5,0,0,0,0,0,0,0,0.021739130434782608,46,2.438423628716365,3.165949136018753,3.1902752816677094,0,92
old_e17,20261052,2,1,39.0,1.0,1,0,0,0,0,0,0,0.043478260869565216,46,2.3161960846703984,2.7433051727712154,2.970367670059204,0,92
old_e17,20261052,3,1,-23.0,3.0,0,0,0,0,0,0,0,0.03333333333333333,60,2.3335805162787437,2.8070090338587756,2.9376838356256485,0,121
old_e17,20261053,0,0,-17.0,4.0,0,0,1,9,0,0,0,0.06451612903225806,31,2.4182169788306758,3.002912737429142,3.0528903007507324,0,63
old_e17,20261053,1,0,-8.0,2.5,0,0,0,0,0,0,0,0.0,31,2.3868875277619206,2.9437076300382614,3.14924493432045,0,63
old_e17,20261053,2,0,34.0,1.0,1,0,0,0,0,0,0,0.0967741935483871,31,2.308853451282747,2.8468603268265724,2.8644222766160965,0,63
old_e17,20261053,3,0,-22.0,4.0,0,0,1,14,0,0,0,0.03225806451612903,31,2.3871103241558997,2.878504805266857,2.8888992965221405,0,61
old_e17,20261054,0,3,-19.0,4.0,0,0,1,11,0,0,0,0.02631578947368421,38,2.4916500245269977,3.2241287641227245,3.4298766404390335,0,76
old_e17,20261054,1,3,-8.0,2.5,0,0,0,0,0,0,0,0.05,40,2.32756738550961,2.712336089462042,2.8909090906381607,0,80
old_e17,20261054,2,3,35.0,1.0,1,0,0,0,0,0,0,0.0,40,2.404016023501754,3.2512463629245754,3.3942051231861115,0,80
old_e17,20261054,3,3,-8.0,2.5,0,0,0,0,0,0,0,0.058823529411764705,34,2.3517663974095795,2.988606132566929,3.0187349766492844,0,68
old_e17,20261055,0,3,-8.0,2.5,0,0,0,0,0,0,0,0.046511627906976744,43,2.4135950086421745,3.008924052119255,3.045102581381798,0,86
old_e17,20261055,1,3,-21.0,3.0,0,0,0,0,0,0,0,0.0,59,2.4713114598544976,3.260867856442928,3.3305995166301727,0,119
old_e17,20261055,2,3,-8.0,2.5,0,0,0,0,0,0,0,0.0273972602739726,73,2.344896430022096,2.9392872005701065,3.0691958963871,0,146
old_e17,20261055,3,3,-19.0,3.0,0,0,0,0,0,0,0,0.01694915254237288,59,2.3363037824125614,2.848219126462936,2.9353275895118713,0,119
old_e17,20261056,0,1,-20.0,4.0,0,0,1,12,0,0,0,0.017857142857142856,56,2.4198261754853383,2.8942273929715157,2.971736714243889,0,112
old_e17,20261056,1,1,35.0,1.0,1,0,0,0,0,0,0,0.021739130434782608,46,2.366393237658169,2.925919834524393,2.9915906488895416,0,92
old_e17,20261056,2,1,-8.0,2.5,0,0,0,0,0,0,0,0.03225806451612903,62,2.331548911188879,2.7543341740965843,2.962769940495491,0,124
old_e17,20261056,3,1,36.0,1.0,1,0,0,0,0,0,0,0.016129032258064516,62,2.349660461468081,2.8650534339249134,2.994883805513382,0,124
old_e17,20261057,0,3,-16.0,3.0,0,0,0,0,0,0,0,0.03636363636363636,55,2.4132195860147476,3.001323528587818,3.115776926279068,0,111
old_e17,20261057,1,3,-8.0,2.5,0,0,0,0,0,0,0,0.03225806451612903,62,2.370685549272645,2.8002237901091576,2.9829926788806915,0,124
old_e17,20261057,2,3,48.0,1.0,1,1,0,0,0,0,0,0.034482758620689655,58,2.3038161854291785,2.7607577852904797,2.951662987470627,0,115
old_e17,20261057,3,3,37.0,1.0,1,0,0,0,0,0,0,0.03571428571428571,56,2.3099070947085107,2.734412904828787,2.9103606939315796,0,112
old_e17,20261058,0,2,-8.0,2.5,0,0,0,0,0,0,0,0.0,65,2.5432372895570903,3.3298760652542114,3.53977270424366,0,130
old_e17,20261058,1,2,48.0,1.0,1,0,0,0,0,0,0,0.038461538461538464,52,2.401858460731231,3.0402472242712975,3.0641909688711166,0,104
old_e17,20261058,2,2,-8.0,2.5,0,0,0,0,0,0,0,0.0,74,2.369287096568056,3.0109407380223274,3.0491743236780167,0,148
old_e17,20261058,3,2,32.0,1.0,1,0,0,0,0,0,0,0.05,40,2.3559006862342358,2.94864596799016,3.13500314950943,0,80
old_e17,20261059,0,1,-23.0,3.0,0,0,0,0,0,0,0,0.030303030303030304,33,2.471276248494784,3.0240271240472794,3.1062737107276917,0,67
old_e17,20261059,1,1,-8.0,2.5,0,0,0,0,0,0,0,0.0,47,2.5033963883810855,3.3463723957538605,3.3807773143053055,0,94
old_e17,20261059,2,1,-23.0,3.0,0,0,0,0,0,0,0,0.029411764705882353,34,2.3165653076241997,2.7959180995821953,2.8068311512470245,0,69
old_e17,20261059,3,1,-8.0,2.5,0,0,0,0,0,0,0,0.0851063829787234,47,2.2791268977713077,2.678386308252811,2.8967689722776413,0,94
old_e17,20261060,0,1,-8.0,2.5,0,0,0,0,0,0,0,0.016129032258064516,62,2.438189461827278,3.0478880740702152,3.1388457864522934,0,124
old_e17,20261060,1,1,34.0,1.0,1,0,0,0,0,0,0,0.016666666666666666,60,2.423372150709232,3.0960179865360256,3.2150130718946457,0,120
old_e17,20261060,2,1,-22.0,3.0,0,0,0,0,0,0,0,0.0,63,2.4032780516242225,3.0876509845256805,3.1859129667282104,0,127
old_e17,20261060,3,1,-18.0,4.0,0,0,1,10,0,0,0,0.0,60,2.4375201823810735,3.215082548558712,3.3600404858589172,0,120
old_e17,20261061,0,3,42.0,1.0,1,0,0,0,0,0,0,0.017857142857142856,56,2.4522747844457626,3.0843480490148067,3.1563565135002136,0,112
old_e17,20261061,1,3,48.0,1.0,1,1,0,0,0,0,0,0.013513513513513514,74,2.335073401194972,2.796510700136423,2.8709080070257187,0,147
old_e17,20261061,2,3,-8.0,2.5,0,0,0,0,0,0,0,0.04081632653061224,49,2.3195280180293687,2.8622791171073905,2.972083166241646,0,98
old_e17,20261061,3,3,-20.0,3.0,0,0,0,0,0,0,0,0.0,72,2.461000681958265,3.3397000283002853,3.589155152440071,0,145
old_e17,20261062,0,1,-19.0,4.0,0,0,1,11,0,0,0,0.03389830508474576,59,2.4167641176510664,2.890448458492756,2.971140667796135,0,118
old_e17,20261062,1,1,-17.0,4.0,0,0,1,9,0,0,0,0.046875,64,2.3243176692631096,2.726354170590639,2.877257764339447,0,128
old_e17,20261062,2,1,-21.0,3.0,0,0,0,0,0,0,0,0.0,46,2.401629746284174,3.095160238444805,3.1630154699087143,0,93
old_e17,20261062,3,1,-19.0,3.0,0,0,0,0,0,0,0,0.046511627906976744,43,2.3577740459248075,2.913883328437805,3.0527152121067047,0,87
old_e17,20261063,0,0,-8.0,2.5,0,0,0,0,0,0,0,0.0,34,2.4157459025873855,2.9710675589740276,3.0149370431900024,0,68
old_e17,20261063,1,0,-8.0,2.5,0,0,0,0,0,0,0,0.05172413793103448,58,2.3035334487413537,2.718767896294594,2.8971266001462936,0,116
old_e17,20261063,2,0,-17.0,4.0,0,0,1,9,0,0,0,0.0,34,2.3658959304585174,2.931246906518936,2.964859828352928,0,68
old_e17,20261063,3,0,33.0,1.0,1,0,0,0,0,0,0,0.024390243902439025,41,2.358609083585623,2.9890183359384537,3.0237995088100433,0,82
old_e17,20261064,0,3,33.0,1.0,1,0,0,0,0,0,0,0.016666666666666666,60,2.4251860255996385,3.0190137214958668,3.100946545600891,0,120
old_e17,20261064,1,3,-8.0,2.5,0,0,0,0,0,0,0,0.061224489795918366,49,2.3273019386189326,2.708706259727478,2.860870212316513,0,98
old_e17,20261064,2,3,33.0,1.0,1,0,0,0,0,0,0,0.061224489795918366,49,2.2776448452959257,2.6520483195781703,2.819947898387909,0,98
old_e17,20261064,3,3,-18.0,3.0,0,0,0,0,0,0,0,0.0,51,2.3894314015028524,3.166486509144306,3.349553793668747,0,103
old_e17,20261065,0,1,-8.0,2.5,0,0,0,0,0,0,0,0.0,47,2.490620267518023,3.1213751062750816,3.1590238213539124,0,94
old_e17,20261065,1,1,32.0,1.0,1,0,0,0,0,0,0,0.02127659574468085,47,2.389027638004181,2.928069420158863,3.1549353152513504,0,94
old_e17,20261065,2,1,-16.0,4.0,0,0,1,8,0,0,0,0.0,18,2.3609905814131102,2.98578143119812,3.0216071754693985,0,36
old_e17,20261065,3,1,-8.0,2.5,0,0,0,0,0,0,0,0.0425531914893617,47,2.326732461756848,2.789062075316906,2.907590940594673,0,94
old_e17,20261066,0,1,-28.0,4.0,0,0,1,20,0,0,0,0.06060606060606061,33,2.383146435022354,2.720518782734871,2.8988253325223923,0,66
old_e17,20261066,1,1,44.0,1.0,1,0,0,0,0,0,0,0.030303030303030304,33,2.4449183520945637,3.1185537576675415,3.2962653785943985,0,66
old_e17,20261066,2,1,-8.0,2.5,0,0,0,0,0,0,0,0.06060606060606061,33,2.3457284903887548,2.977795898914337,3.686133772134781,0,66
old_e17,20261066,3,1,-8.0,2.5,0,0,0,0,0,0,0,0.030303030303030304,33,2.336775714700872,2.9445767402648926,3.0336640775203705,0,66
old_e17,20261067,0,2,-8.0,2.5,0,0,0,0,0,0,0,0.05454545454545454,55,2.3633725602518427,2.6739291846752167,2.847595140337944,0,110
old_e17,20261067,1,2,-17.0,4.0,0,0,1,9,0,0,0,0.03636363636363636,55,2.4078796194358305,2.9733972623944283,3.101704642176628,0,110
old_e17,20261067,2,2,43.0,1.0,1,0,0,0,0,0,0,0.017543859649122806,57,2.3734296034825477,2.9496274888515472,2.9974281787872314,0,114
old_e17,20261067,3,2,33.0,1.0,1,0,0,0,0,0,0,0.01818181818181818,55,2.3554035885767504,2.990550547838211,3.15123051404953,0,110
old_e17,20261068,0,2,-22.0,4.0,0,0,1,14,0,0,0,0.037037037037037035,27,2.4442812772812665,2.9622623696923256,3.0741319060325623,0,54
old_e17,20261068,1,2,-17.0,4.0,0,0,1,9,0,0,0,0.06818181818181818,44,2.3221995850855652,2.7448419481515884,2.978583797812462,0,88
old_e17,20261068,2,2,33.0,1.0,1,0,0,0,0,0,0,0.045454545454545456,44,2.2859564051032066,2.6838812977075577,2.7311909943819046,0,88
old_e17,20261068,3,2,-8.0,2.5,0,0,0,0,0,0,0,0.0,44,2.4140246043151077,3.0922213569283485,3.3329278230667114,0,88
old_e17,20261069,0,1,33.0,1.0,1,0,0,0,0,0,0,0.04081632653061224,49,2.3597595566997724,2.6500828564167023,2.910429611802101,0,98
old_e17,20261069,1,1,34.0,1.0,1,0,0,0,0,0,0,0.029411764705882353,68,2.3685844943803898,2.88576390594244,2.9819831252098083,0,136
old_e17,20261069,2,1,-8.0,2.5,0,0,0,0,0,0,0,0.028169014084507043,71,2.352470873107373,2.9302099719643593,3.065371885895729,0,142
old_e17,20261069,3,1,-8.0,2.5,0,0,0,0,0,0,0,0.02040816326530612,49,2.310830833656447,2.8458666056394573,2.881105989217758,0,98
old_e17,20261070,0,3,-8.0,2.5,0,0,0,0,0,0,0,0.0,56,2.4175585713237524,2.9681697487831116,2.9856953769922256,0,112
old_e17,20261070,1,3,-26.0,3.0,0,0,0,0,0,0,0,0.02631578947368421,76,2.3536789721172107,2.7806470170617104,2.9590558260679245,0,153
old_e17,20261070,2,3,37.0,1.0,1,0,0,0,0,0,0,0.02,50,2.3632120341062546,2.927061542868614,3.0902381986379623,0,100
old_e17,20261070,3,3,99.0,1.0,1,1,0,0,0,0,0,0.0,48,2.3854158353060484,2.982622943818569,3.065982833504677,0,95
old_e17,20261071,0,3,-8.0,2.5,0,0,0,0,0,0,0,0.023255813953488372,43,2.501962966350622,3.3187372609972954,3.600100055336952,0,86
old_e17,20261071,1,3,-16.0,3.0,0,0,0,0,0,0,0,0.045454545454545456,44,2.3310339416969907,2.8348645195364957,2.9752571135759354,0,89
old_e17,20261071,2,3,41.0,1.0,1,0,0,0,0,0,0,0.018867924528301886,53,2.368038801370927,2.9291361570358276,3.018459305167198,0,106
old_e17,20261071,3,3,-16.0,3.0,0,0,0,0,0,0,0,0.047619047619047616,42,2.321289541820685,2.7307667769491673,2.8855130076408386,0,85
old_e17,20261072,0,0,-8.0,2.5,0,0,0,0,0,0,0,0.02702702702702703,74,2.428436400117101,3.0097343027591705,3.1096357852220535,0,149
old_e17,20261072,1,0,-17.0,4.0,0,0,1,9,0,0,0,0.022727272727272728,44,2.377876757898114,2.834530081599951,3.2333694398403168,0,88
old_e17,20261072,2,0,32.0,1.0,1,0,0,0,0,0,0,0.01639344262295082,61,2.3313370518019942,2.8237812221050262,2.8922278434038162,0,122
old_e17,20261072,3,0,33.0,1.0,1,0,0,0,0,0,0,0.03278688524590164,61,2.30004220101677,2.8489213436841965,2.911308780312538,0,122
old_e17,20261073,0,1,-21.0,3.0,0,0,0,0,0,0,0,0.0,18,2.4318845114774175,2.9195847921073437,2.9247161000967026,0,37
old_e17,20261073,1,1,-21.0,3.0,0,0,0,0,0,0,0,0.05555555555555555,18,2.358480149673091,2.7797142043709755,2.852730453014374,0,37
old_e17,20261073,2,1,63.0,1.0,1,1,0,0,0,0,0,0.0,19,2.390690834114426,3.171411342918873,3.226388245820999,0,37
old_e17,20261073,3,1,-21.0,3.0,0,0,0,0,0,0,0,0.0,18,2.350506165789233,2.910072822123766,2.9273349791765213,0,37
old_e17,20261074,0,1,-8.0,2.5,0,0,0,0,0,0,0,0.0,56,2.6092504350734607,3.403876908123493,3.5250764340162277,0,112
old_e17,20261074,1,1,-16.0,4.0,0,0,1,8,0,0,0,0.017857142857142856,56,2.3978324607014656,2.9173274524509907,2.9510799795389175,0,112
old_e17,20261074,2,1,-8.0,2.5,0,0,0,0,0,0,0,0.03571428571428571,56,2.329979690590075,2.807515673339367,2.9791444540023804,0,112
old_e17,20261074,3,1,32.0,1.0,1,0,0,0,0,0,0,0.018518518518518517,54,2.4142626466022596,3.3272675238549705,3.616584464907646,0,108
old_e17,20261075,0,0,-8.0,2.5,0,0,0,0,0,0,0,0.023809523809523808,42,2.3911850793021068,2.917568199336529,2.9303934425115585,0,84
old_e17,20261075,1,0,32.0,1.0,1,0,0,0,0,0,0,0.04081632653061224,49,2.3568190102066313,2.891748771071434,2.9126163572072983,0,98
old_e17,20261075,2,0,-8.0,2.5,0,0,0,0,0,0,0,0.0,42,2.4209355580664815,3.185164649039507,3.1924396753311157,0,84
old_e17,20261075,3,0,0.0,2.5,0,0,0,0,0,1,1,0.023255813953488372,86,2.333032768652883,2.813837490975857,2.9715411365032196,0,172
old_e17,20261076,0,3,34.0,1.0,1,0,0,0,0,0,0,0.022727272727272728,44,2.4161580950021744,2.912778500467539,3.329578787088394,0,88
old_e17,20261076,1,3,-8.0,2.5,0,0,0,0,0,0,0,0.0,44,2.4715339426289904,3.360589127987623,3.386201336979866,0,88
old_e17,20261076,2,3,-8.0,2.5,0,0,0,0,0,0,0,0.022727272727272728,44,2.33144410462542,2.8033669106662273,2.8428416699171066,0,88
old_e17,20261076,3,3,-20.0,3.0,0,0,0,0,0,0,0,0.0,40,2.44247205555439,3.178127110004425,3.2739173620939255,0,81
old_e17,20261077,0,0,-8.0,2.5,0,0,0,0,0,0,0,0.0,84,2.466746162445772,3.0228273943066597,3.302915021777153,0,168
old_e17,20261077,1,0,-8.0,2.5,0,0,0,0,0,0,0,0.05172413793103448,58,2.3042575359858315,2.6382455602288246,3.127947449684143,0,116
old_e17,20261077,2,0,-8.0,2.5,0,0,0,0,0,0,0,0.017241379310344827,58,2.3989286594863595,3.1124585308134556,3.163158893585205,0,116
old_e17,20261077,3,0,-17.0,4.0,0,0,1,9,0,0,0,0.0,42,2.4538678782326833,3.240696899592876,3.5119038075208664,0,84
old_e17,20261078,0,3,-8.0,2.5,0,0,0,0,0,0,0,0.021739130434782608,46,2.3630318110403805,2.709115855395794,2.9421038925647736,0,92
old_e17,20261078,1,3,-30.0,4.0,0,0,1,22,0,0,0,0.06521739130434782,46,2.337995025774707,2.851677592843771,2.887612208724022,0,92
old_e17,20261078,2,3,46.0,1.0,1,0,0,0,0,0,0,0.043478260869565216,46,2.3501563169386075,2.8918120078742504,2.9683485627174377,0,92
old_e17,20261078,3,3,-8.0,2.5,0,0,0,0,0,0,0,0.06521739130434782,46,2.2995573589983196,2.784638199955225,2.9110535979270935,0,92
old_e17,20261079,0,2,-22.0,3.0,0,0,0,0,0,0,0,0.0625,32,2.3917556973174214,2.7911096811294556,2.908710390329361,0,65
old_e17,20261079,1,2,66.0,1.0,1,1,0,0,0,0,0,0.0,33,2.420447597449476,3.149181231856346,3.1940005719661713,0,65
old_e17,20261079,2,2,-22.0,3.0,0,0,0,0,0,0,0,0.03125,32,2.3885717964731157,2.995080966502428,3.37868370115757,0,65
old_e17,20261079,3,2,-22.0,3.0,0,0,0,0,0,0,0,0.03125,32,2.326703746803105,2.9101486317813396,2.985624596476555,0,65
old_e17,20261080,0,2,-31.0,4.0,0,0,1,23,0,0,0,0.0,56,2.5414363148489167,3.34422430023551,3.8140900433063507,0,112
old_e17,20261080,1,2,47.0,1.0,1,0,0,0,0,0,0,0.03333333333333333,60,2.334703877568245,2.739484515041113,2.929292619228363,0,120
old_e17,20261080,2,2,0.0,2.5,0,0,0,0,0,1,1,0.03529411764705882,85,2.3195535163669025,2.7391843497753143,2.7656760066747665,0,170
old_e17,20261080,3,2,-18.0,4.0,0,0,1,10,0,0,0,0.0,62,2.381906363992922,3.0254531651735306,3.0924156308174133,0,124
old_e17,20261081,0,2,-21.0,4.0,0,0,1,13,0,0,0,0.01639344262295082,61,2.419678127912224,2.8963200747966766,2.998609095811844,0,123
old_e17,20261081,1,2,-21.0,3.0,0,0,0,0,0,0,0,0.02857142857142857,70,2.349291741847992,2.775241434574127,2.9465649276971817,0,140
old_e17,20261081,2,2,-8.0,2.5,0,0,0,0,0,0,0,0.0425531914893617,47,2.3194761114551667,2.855731733143329,2.9227882623672485,0,95
old_e17,20261081,3,2,40.0,1.0,1,0,0,0,0,0,0,0.0,54,2.502212266403216,3.5642563365399837,4.142191261053085,0,108
old_e17,20261082,0,0,-27.0,4.0,0,0,1,19,0,0,0,0.044444444444444446,45,2.3943143586317697,2.908698469400406,2.9802974313497543,0,90
old_e17,20261082,1,0,45.0,1.0,1,0,0,0,0,0,0,0.0,49,2.535815749849592,3.6098558455705643,3.7161409854888916,0,98
old_e17,20261082,2,0,-28.0,3.0,0,0,0,0,0,0,0,0.023255813953488372,43,2.428535415336143,3.117576241493225,3.1709615141153336,0,87
old_e17,20261082,3,0,-8.0,2.5,0,0,0,0,0,0,0,0.02040816326530612,49,2.347954035717614,2.880732342600822,2.9523447155952454,0,98
old_e17,20261083,0,3,-33.0,3.0,0,0,0,0,0,0,0,0.0,58,2.4899497692441117,3.229614347219467,3.531942144036293,0,117
old_e17,20261083,1,3,-33.0,3.0,0,0,0,0,0,0,0,0.017241379310344827,58,2.4639114994427254,3.528963401913643,3.5904236137866974,0,117
old_e17,20261083,2,3,99.0,1.0,1,1,0,0,0,0,0,0.0,59,2.351953600675373,2.9182810336351395,2.9550883919000626,0,117
old_e17,20261083,3,3,-33.0,3.0,0,0,0,0,0,0,0,0.017241379310344827,58,2.3265297942120453,2.8198939748108387,2.8889942914247513,0,117
old_e17,20261084,0,2,52.0,1.0,1,0,0,0,0,0,0,0.05084745762711865,59,2.4054797713534306,2.9442530125379562,3.0490197241306305,0,118
old_e17,20261084,1,2,39.0,1.0,1,0,0,0,0,0,0,0.08333333333333333,60,2.3076286539435387,2.8486795723438263,2.8768107295036316,0,120
old_e17,20261084,2,2,-8.0,2.5,0,0,0,0,0,0,0,0.016666666666666666,60,2.3746241504947343,3.145729750394821,3.1953752040863037,0,120
old_e17,20261084,3,2,54.0,1.0,1,1,0,0,0,0,0,0.0,42,2.4518987962177823,3.2008329406380653,3.708167001605034,0,83
old_e17,20261085,0,2,60.0,1.0,1,1,0,0,0,0,0,0.0,44,2.4783047424121336,3.183403890579939,3.250967711210251,0,87
old_e17,20261085,1,2,-20.0,3.0,0,0,0,0,0,0,0,0.0,43,2.381642457357673,2.969188056886196,3.0501503497362137,0,87
old_e17,20261085,2,2,-20.0,3.0,0,0,0,0,0,0,0,0.06976744186046512,43,2.3274365812540054,2.832871675491333,2.898532897233963,0,87
old_e17,20261085,3,2,-20.0,3.0,0,0,0,0,0,0,0,0.046511627906976744,43,2.343954258533411,2.936898171901703,3.0926447361707687,0,87
old_e17,20261086,0,0,42.0,1.0,1,0,0,0,0,0,0,0.06818181818181818,44,2.3462385023859413,2.5975056923925877,2.873893827199936,0,88
old_e17,20261086,1,0,-8.0,2.5,0,0,0,0,0,0,0,0.02564102564102564,39,2.4331676749846873,3.1126584857702255,3.2104887068271637,0,78
old_e17,20261086,2,0,-27.0,4.0,0,0,1,19,0,0,0,0.02564102564102564,39,2.346755697941169,2.848237566649914,3.171643242239952,0,78
old_e17,20261086,3,0,-8.0,2.5,0,0,0,0,0,0,0,0.02564102564102564,39,2.3385751514862747,2.8531868010759354,2.8869789093732834,0,78
old_e17,20261087,0,3,-8.0,2.5,0,0,0,0,0,0,0,0.023809523809523808,42,2.4350202598032498,2.9975390061736107,3.0907802283763885,0,84
old_e17,20261087,1,3,-26.0,4.0,0,0,1,18,0,0,0,0.029411764705882353,34,2.4348333587541298,3.1283929944038387,3.3095162361860275,0,68
old_e17,20261087,2,3,-8.0,2.5,0,0,0,0,0,0,0,0.0,38,2.393591952951331,3.0482029542326927,3.104027360677719,0,76
old_e17,20261087,3,3,-26.0,4.0,0,0,1,18,0,0,0,0.03125,32,2.354356925934553,2.956052403897047,2.996353432536125,0,64
old_e17,20261088,0,1,-31.0,3.0,0,0,0,0,0,0,0,0.04,50,2.379193566739559,2.7751320973038673,2.9266122728586197,0,101
old_e17,20261088,1,1,-31.0,3.0,0,0,0,0,0,0,0,0.04,50,2.3697736859321594,2.9830971732735634,3.0503123998641968,0,101
old_e17,20261088,2,1,-31.0,3.0,0,0,0,0,0,0,0,0.02,50,2.411538287997246,3.0479849316179752,3.288954496383667,0,101
old_e17,20261088,3,1,93.0,1.0,1,1,0,0,0,0,0,0.0,51,2.4327817281671598,3.2968828454613686,3.716692328453064,0,101
old_e17,20261089,0,1,34.0,1.0,1,0,0,0,0,0,0,0.02702702702702703,74,2.3980672546737902,2.837409544736146,3.211306408047676,0,148
old_e17,20261089,1,1,-8.0,2.5,0,0,0,0,0,0,0,0.038461538461538464,78,2.3193545161913605,2.6442735455930233,2.931075170636177,0,156
old_e17,20261089,2,1,-16.0,3.0,0,0,0,0,0,0,0,0.0,11,2.3630913347005844,2.8684455901384354,2.878587692975998,0,23
old_e17,20261089,3,1,-8.0,2.5,0,0,0,0,0,0,0,0.0196078431372549,51,2.406692716713045,3.1950557604432106,3.408355638384819,0,102
old_e17,20261090,0,3,51.0,1.0,1,1,0,0,0,0,0,0.047619047619047616,21,2.4183083857808794,3.009716048836708,3.017907962203026,0,41
old_e17,20261090,1,3,-16.0,4.0,0,0,1,8,0,0,0,0.0,18,2.4307412612769337,2.976700384169817,3.047564998269081,0,36
old_e17,20261090,2,3,-17.0,3.0,0,0,0,0,0,0,0,0.0,20,2.466691378504038,3.356377221643925,3.66768054664135,0,41
old_e17,20261090,3,3,-17.0,3.0,0,0,0,0,0,0,0,0.0,20,2.3981320671737194,2.9695704579353333,3.018232062458992,0,41
old_e17,20261091,0,1,-26.0,3.0,0,0,0,0,0,0,0,0.03278688524590164,61,2.36372567224698,2.8974059969186783,2.9375869780778885,0,123
old_e17,20261091,1,1,-26.0,3.0,0,0,0,0,0,0,0,0.04918032786885246,61,2.391182313688466,2.8939619660377502,3.139954060316086,0,123
old_e17,20261091,2,1,78.0,1.0,1,1,0,0,0,0,0,0.04838709677419355,62,2.328362736490465,2.8914805501699448,3.011344000697136,0,123
old_e17,20261091,3,1,-26.0,3.0,0,0,0,0,0,0,0,0.04918032786885246,61,2.3277857814167366,2.973586320877075,3.0527953058481216,0,123
old_e17,20261092,0,3,33.0,1.0,1,0,0,0,0,0,0,0.044444444444444446,45,2.427747059199545,3.006710857152939,3.0354876071214676,0,90
old_e17,20261092,1,3,-8.0,2.5,0,0,0,0,0,0,0,0.022222222222222223,45,2.420578896999359,3.1312130391597743,3.624601289629936,0,90
old_e17,20261092,2,3,-17.0,4.0,0,0,1,9,0,0,0,0.044444444444444446,45,2.4871467302242913,2.975310757756233,6.5017398446798325,0,90
old_e17,20261092,3,3,-8.0,2.5,0,0,0,0,0,0,0,0.06666666666666667,45,2.289469043413798,2.7120154350996017,2.8463955968618393,0,90
old_e17,20261093,0,1,-16.0,4.0,0,0,1,8,0,0,0,0.06666666666666667,30,2.376290845374266,2.7211084030568595,3.0202511698007584,0,60
old_e17,20261093,1,1,-16.0,3.0,0,0,0,0,0,0,0,0.11538461538461539,26,2.3034800990269733,2.6132063940167427,2.6724785566329956,0,53
old_e17,20261093,2,1,-16.0,3.0,0,0,0,0,0,0,0,0.03125,32,2.3545126314274967,2.8775439597666264,3.0058659613132477,0,65
old_e17,20261093,3,1,48.0,1.0,1,1,0,0,0,0,0,0.037037037037037035,27,2.3235068828971297,3.0451003462076187,3.0925367027521133,0,53
old_e17,20261094,0,1,-8.0,2.5,0,0,0,0,0,0,0,0.025,40,2.442972781136632,3.0426635406911373,3.4659691154956818,0,80
old_e17,20261094,1,1,48.0,1.0,1,1,0,0,0,0,0,0.02,50,2.4384281784296036,3.059399034827947,5.764216184616089,0,99
old_e17,20261094,2,1,-16.0,3.0,0,0,0,0,0,0,0,0.02040816326530612,49,2.344119305513343,2.9361456632614136,2.954632043838501,0,99
old_e17,20261094,3,1,-21.0,4.0,0,0,1,13,0,0,0,0.0,40,2.395723620429635,2.918173186480999,3.924284130334854,0,80
old_e17,20261095,0,0,54.0,1.0,1,1,0,0,0,0,0,0.017543859649122806,57,2.455159531612145,2.9020946472883224,5.530497059226036,0,113
old_e17,20261095,1,0,57.0,1.0,1,1,0,0,0,0,0,0.06451612903225806,62,2.2999763849281494,2.733620163053274,2.751946449279785,0,123
old_e17,20261095,2,0,-17.0,3.0,0,0,0,0,0,0,0,0.01818181818181818,55,2.3517563261769037,2.9139772057533264,2.9935594648122787,0,111
old_e17,20261095,3,0,-19.0,3.0,0,0,0,0,0,0,0,0.0,61,2.586462244880004,3.608986735343933,4.088856279850006,0,123
old_e17,20261096,0,0,-8.0,2.5,0,0,0,0,0,0,0,0.041666666666666664,48,2.443334669806063,3.0111201107501984,4.040852189064026,0,96
old_e17,20261096,1,0,34.0,1.0,1,0,0,0,0,0,0,0.10344827586206896,29,2.4080153169303107,2.714528888463974,5.8271437883377075,0,58
old_e17,20261096,2,0,-8.0,2.5,0,0,0,0,0,0,0,0.022727272727272728,44,2.3400117219849066,2.892479579895735,2.9357988387346268,0,88
old_e17,20261096,3,0,-22.0,4.0,0,0,1,14,0,0,0,0.0,40,2.4734443053603172,3.170812968164682,5.3518954664468765,0,80
old_e17,20261097,0,1,-8.0,2.5,0,0,0,0,0,0,0,0.037037037037037035,27,2.4626146726034306,2.9370689764618874,5.019927397370338,0,54
old_e17,20261097,1,1,-8.0,2.5,0,0,0,0,0,0,0,0.07407407407407407,27,2.3166173034244113,2.7669569477438927,2.9052700847387314,0,54
old_e17,20261097,2,1,33.0,1.0,1,0,0,0,0,0,0,0.037037037037037035,27,2.564751853545507,4.456170648336409,5.846383050084114,0,54
old_e17,20261097,3,1,-17.0,4.0,0,0,1,9,0,0,0,0.06451612903225806,31,2.3193633964946194,2.793087624013424,2.83932127058506,0,62
old_e17,20261098,0,3,0.0,2.5,0,0,0,0,0,1,1,0.011764705882352941,85,2.4458606891772328,2.9737506061792374,5.221163854002953,0,170
old_e17,20261098,1,3,-8.0,2.5,0,0,0,0,0,0,0,0.024390243902439025,82,2.3505757676392065,2.837070543318987,2.939082682132721,0,164
old_e17,20261098,2,3,-54.0,4.0,0,0,1,46,1,0,0,0.0379746835443038,79,2.399678943277914,3.076274693012237,5.998196080327034,0,158
old_e17,20261098,3,3,-8.0,2.5,0,0,0,0,0,0,0,0.02564102564102564,78,2.3162729369524198,2.8090231120586395,2.9974915087223053,0,156
old_e17,20261099,0,2,35.0,1.0,1,0,0,0,0,0,0,0.03508771929824561,57,2.4499002059823587,2.98045165836811,3.2216962426900864,0,114
old_e17,20261099,1,2,-17.0,3.0,0,0,0,0,0,0,0,0.02857142857142857,70,2.4251438677310944,3.142900951206684,3.2082032412290573,0,141
old_e17,20261099,2,2,-26.0,3.0,0,0,0,0,0,0,0,0.01818181818181818,55,2.337816933339292,2.8282208368182182,2.9400400817394257,0,111
old_e17,20261099,3,2,-8.0,2.5,0,0,0,0,0,0,0,0.046875,64,2.319649880519137,2.7696878649294376,2.8716176748275757,0,127
old_e17,20261100,0,1,10.0,2.0,0,0,0,0,0,0,0,0.022727272727272728,44,2.497383774342862,3.1795021146535873,3.2376591116189957,1,89
old_e17,20261100,1,1,-28.0,4.0,0,0,1,20,0,0,0,0.05555555555555555,36,2.6331906103425555,3.6284015513956547,4.978420212864876,0,72
old_e17,20261100,2,1,-8.0,2.5,0,0,0,0,0,0,0,0.05555555555555555,36,2.3207959408561387,2.7328310534358025,2.8043072670698166,0,72
old_e17,20261100,3,1,-8.0,2.5,0,0,0,0,0,0,0,0.027777777777777776,36,2.3351130593154164,2.810725010931492,2.836305648088455,0,72
old_e17,20261101,0,2,-8.0,2.5,0,0,0,0,0,0,0,0.0,46,2.4688766216454296,3.1116236932575703,3.1715277582406998,0,92
old_e17,20261101,1,2,-8.0,2.5,0,0,0,0,0,0,0,0.021739130434782608,46,2.4096892903680387,3.0155633576214314,3.0429046601057053,0,92
old_e17,20261101,2,2,-8.0,2.5,0,0,0,0,0,0,0,0.03389830508474576,59,2.403003179420859,2.883745171129703,5.294406786561012,0,118
old_e17,20261101,3,2,-18.0,4.0,0,0,1,10,0,0,0,0.0,46,2.49843655721001,3.3524702303111553,4.578156396746635,0,92
old_e17,20261102,0,2,-8.0,2.5,0,0,0,0,0,0,0,0.02040816326530612,49,2.577443093973763,3.372982889413833,5.4061319679021835,0,98
old_e17,20261102,1,2,-19.0,4.0,0,0,1,11,0,0,0,0.0410958904109589,73,2.3250835246011,2.7220826596021652,2.841673791408539,0,146
old_e17,20261102,2,2,44.0,1.0,1,0,0,0,0,0,0,0.07894736842105263,38,2.424347753587522,2.9033370316028595,6.5802522003650665,0,76
old_e17,20261102,3,2,-8.0,2.5,0,0,0,0,0,0,0,0.03636363636363636,55,2.4610633877190677,3.0969036743044853,5.944773554801941,0,110
old_e17,20261103,0,1,-8.0,2.5,0,0,0,0,0,0,0,0.030303030303030304,66,2.384422742056124,2.8540147468447685,2.899378538131714,0,132
old_e17,20261103,1,1,-8.0,2.5,0,0,0,0,0,0,0,0.014925373134328358,67,2.3526979971732667,2.7621079236268997,2.95809842646122,0,134
old_e17,20261103,2,1,-8.0,2.5,0,0,0,0,0,0,0,0.029850746268656716,67,2.3112225888380364,2.7986258268356323,2.8800927102565765,0,134
old_e17,20261103,3,1,34.0,1.0,1,0,0,0,0,0,0,0.029850746268656716,67,2.351327229346802,2.8549719601869583,2.9040388762950897,0,134
old_e17,20261104,0,1,-8.0,2.5,0,0,0,0,0,0,0,0.06666666666666667,45,2.4124145093891354,2.9476530849933624,3.0197873711586,0,90
old_e17,20261104,1,1,-28.0,4.0,0,0,1,20,0,0,0,0.029850746268656716,67,2.3645701637463783,2.881721407175064,3.0474476516246796,0,134
old_e17,20261104,2,1,-8.0,2.5,0,0,0,0,0,0,0,0.047619047619047616,63,2.2940683282083936,2.6508213952183723,2.703394740819931,0,126
old_e17,20261104,3,1,-17.0,4.0,0,0,1,9,0,0,0,0.0,40,2.447788557037711,3.169282618910074,3.304343670606613,0,80
old_e17,20261105,0,2,-8.0,2.5,0,0,0,0,0,0,0,0.022222222222222223,45,2.4213363313012652,2.976135164499283,3.1540337949991226,0,90
old_e17,20261105,1,2,-8.0,2.5,0,0,0,0,0,0,0,0.018518518518518517,54,2.3327601935576507,2.858083788305521,2.882646396756172,0,108
old_e17,20261105,2,2,-8.0,2.5,0,0,0,0,0,0,0,0.023255813953488372,43,2.3792960009602613,2.9838521033525467,2.995006740093231,0,86
old_e17,20261105,3,2,-8.0,2.5,0,0,0,0,0,0,0,0.0,54,2.421112144710841,3.051633760333061,3.1467508524656296,0,108
old_e17,20261106,0,1,-8.0,2.5,0,0,0,0,0,0,0,0.0,41,2.53568267131724,3.2700039446353912,3.349361941218376,0,82
old_e17,20261106,1,1,-8.0,2.5,0,0,0,0,0,0,0,0.023255813953488372,43,2.352905091504718,2.808457612991333,2.930702641606331,0,86
old_e17,20261106,2,1,-18.0,3.0,0,0,0,0,0,0,0,0.0,71,2.3838225227426477,2.9925955459475517,3.090670332312584,0,143
old_e17,20261106,3,1,32.0,1.0,1,0,0,0,0,0,0,0.024390243902439025,41,2.3872399838959297,3.1043514609336853,3.1815562397241592,0,82
old_e17,20261107,0,0,40.0,1.0,1,0,0,0,0,0,0,0.02702702702702703,37,2.440885565168149,2.9003780335187903,3.6719441413879395,0,74
old_e17,20261107,1,0,-20.0,4.0,0,0,1,12,0,0,0,0.06060606060606061,33,2.3973049652395826,2.8778161853551865,3.3127199858427048,0,66
old_e17,20261107,2,0,-8.0,2.5,0,0,0,0,0,0,0,0.0,37,2.422178415833293,3.2626323401927944,3.390926867723465,0,74
old_e17,20261107,3,0,-8.0,2.5,0,0,0,0,0,0,0,0.05405405405405406,37,2.313940106211482,2.8880558907985687,2.950752153992653,0,74
old_e17,20261108,0,0,-8.0,2.5,0,0,0,0,0,0,0,0.023255813953488372,86,2.3909051101221594,2.827860414981842,3.1198952347040176,0,172
old_e17,20261108,1,0,0.0,2.5,0,0,0,0,0,1,1,0.023529411764705882,85,2.36770464655231,2.9074348509311676,3.5684704780578613,0,170
old_e17,20261108,2,0,0.0,2.5,0,0,0,0,0,1,0,0.0,84,2.3689515267809234,2.9400238767266273,3.1237490475177765,0,168
old_e17,20261108,3,0,-25.0,4.0,0,0,1,17,0,0,0,0.05555555555555555,36,2.340315841138363,2.9447702690958977,3.063267096877098,0,72
old_e17,20261109,0,1,0.0,2.5,0,0,0,0,0,1,1,0.03529411764705882,85,2.3855542216230843,2.7573112398386,3.4595467150211334,0,170
old_e17,20261109,1,1,0.0,2.5,0,0,0,0,0,1,1,0.023529411764705882,85,2.349750851007069,2.859921380877495,3.0280519276857376,0,170
old_e17,20261109,2,1,51.0,1.0,1,0,0,0,0,0,0,0.0,74,2.4414140026311615,3.1621960923075676,3.203919157385826,0,148
old_e17,20261109,3,1,0.0,2.5,0,0,0,0,0,1,1,0.0,85,2.44700621594401,3.2286331057548523,3.2905414700508118,0,170
old_e17,20261110,0,0,34.0,1.0,1,0,0,0,0,0,0,0.02702702702702703,37,2.508131686497379,3.0452173203229904,3.897635266184807,0,74
old_e17,20261110,1,0,-8.0,2.5,0,0,0,0,0,0,0,0.04081632653061224,49,2.3970957465317784,2.9761232435703278,3.0082371085882187,0,98
old_e17,20261110,2,0,-18.0,4.0,0,0,1,10,0,0,0,0.02702702702702703,37,2.340985109677186,2.7880974113941193,2.8811395168304443,0,74
old_e17,20261110,3,0,-17.0,3.0,0,0,0,0,0,0,0,0.043478260869565216,69,2.3176302404507347,2.6727892458438873,2.7598384767770767,0,139
old_e17,20261111,0,0,-17.0,3.0,0,0,0,0,0,0,0,0.05263157894736842,38,2.39318996471794,2.792254462838173,2.9445644468069077,0,77
old_e17,20261111,1,0,-8.0,2.5,0,0,0,0,0,0,0,0.061224489795918366,49,2.3196785501679598,2.7097608894109726,2.8126928955316544,0,98
old_e17,20261111,2,0,-8.0,2.5,0,0,0,0,0,0,0,0.03225806451612903,62,2.3162087966357507,2.7333369478583336,2.9116179794073105,0,124
old_e17,20261111,3,0,-8.0,2.5,0,0,0,0,0,0,0,0.027777777777777776,36,2.411044771886534,3.1116027384996414,3.1853187829256058,0,72
old_e17,20261112,0,1,34.0,1.0,1,0,0,0,0,0,0,0.047619047619047616,42,2.3830480252703032,2.745269425213337,2.959577366709709,0,85
old_e17,20261112,1,1,-8.0,2.5,0,0,0,0,0,0,0,0.023809523809523808,42,2.413770006526084,3.047590609639883,3.0797086656093597,0,85
old_e17,20261112,2,1,-8.0,2.5,0,0,0,0,0,0,0,0.0,42,2.4167152032965706,3.1552075408399105,3.1838249415159225,0,85
old_e17,20261112,3,1,-18.0,4.0,0,0,1,10,0,0,0,0.023255813953488372,43,2.3238388171722724,2.7419865131378174,2.8476715087890625,0,85
old_e17,20261113,0,2,-8.0,2.5,0,0,0,0,0,0,0,0.014925373134328358,67,2.4466862651839185,3.01594790071249,3.0339155346155167,0,134
old_e17,20261113,1,2,48.0,1.0,1,0,0,0,0,0,0,0.0,75,2.466038092970848,3.1030988320708275,3.292679786682129,0,150
old_e17,20261113,2,2,-33.0,3.0,0,0,0,0,0,0,0,0.03076923076923077,65,2.3352181968780665,2.886415645480156,2.92045995593071,0,131
old_e17,20261113,3,2,-33.0,3.0,0,0,0,0,0,0,0,0.0,63,2.603784440055726,3.7086548283696175,3.9799176156520844,0,127
old_e17,20261114,0,1,-8.0,2.5,0,0,0,0,0,0,0,0.04878048780487805,41,2.409469427132025,2.9277782887220383,2.9483921825885773,0,82
old_e17,20261114,1,1,36.0,1.0,1,0,0,0,0,0,0,0.024390243902439025,41,2.4878986906714555,3.193359822034836,3.2713431864976883,0,82
old_e17,20261114,2,1,-16.0,4.0,0,0,1,8,0,0,0,0.0,68,2.6210666469791355,3.744259662926197,3.887524828314781,0,136
old_e17,20261114,3,1,-8.0,2.5,0,0,0,0,0,0,0,0.057971014492753624,69,2.291882626604343,2.653968334197998,2.9047783464193344,0,138
old_e17,20261115,0,3,-8.0,2.5,0,0,0,0,0,0,0,0.02857142857142857,35,2.485582871096475,3.0141992494463916,3.3411718904972076,0,70
old_e17,20261115,1,3,36.0,1.0,1,0,0,0,0,0,0,0.02857142857142857,35,2.430568209716252,3.0792370438575745,3.1899958848953247,0,70
old_e17,20261115,2,3,0.0,2.5,0,0,0,0,0,1,1,0.011764705882352941,85,2.3673007374300674,2.9044345021247864,2.9583368450403214,0,170
old_e17,20261115,3,3,-8.0,2.5,0,0,0,0,0,0,0,0.02857142857142857,35,2.359482113804136,3.060732409358024,3.1427275389432907,0,70
old_e17,20261116,0,1,-16.0,3.0,0,0,0,0,0,0,0,0.02564102564102564,39,2.430196517171004,2.9225528240203857,3.3125076442956924,0,79
old_e17,20261116,1,1,-16.0,3.0,0,0,0,0,0,0,0,0.0,39,2.4223112716124606,3.079940192401409,3.207126632332802,0,79
old_e17,20261116,2,1,-16.0,3.0,0,0,0,0,0,0,0,0.0,39,2.3534301286324477,2.884667180478573,2.905765548348427,0,79
old_e17,20261116,3,1,48.0,1.0,1,1,0,0,0,0,0,0.0,40,2.4023099336773157,3.216868173331022,3.3666137605905533,0,79
old_e17,20261117,0,3,54.0,1.0,1,0,0,0,0,0,0,0.0,54,2.423932913828779,2.9125736095011234,2.986092120409012,0,108
old_e17,20261117,1,3,-18.0,4.0,0,0,1,10,0,0,0,0.0,65,2.4015540400376687,2.9673613607883453,3.0593350529670715,0,130
old_e17,20261117,2,3,-30.0,3.0,0,0,0,0,0,0,0,0.03614457831325301,83,2.30848324675876,2.838958241045474,2.917395904660225,0,167
old_e17,20261117,3,3,90.0,1.0,1,1,0,0,0,0,0,0.0,84,2.4227870938678584,3.2425343059003353,3.527943044900894,0,167
old_e17,20261118,0,1,-26.0,4.0,0,0,1,18,0,0,0,0.043478260869565216,46,2.3668674833100773,2.7734339237213135,2.8662551194429398,0,92
old_e17,20261118,1,1,42.0,1.0,1,0,0,0,0,0,0,0.021739130434782608,46,2.452984087817047,3.2801078632473946,3.3936090767383575,0,92
old_e17,20261118,2,1,-8.0,2.5,0,0,0,0,0,0,0,0.021739130434782608,46,2.3382070433834325,2.904866822063923,2.9713083058595657,0,92
old_e17,20261118,3,1,-8.0,2.5,0,0,0,0,0,0,0,0.05555555555555555,36,2.3496273077196546,2.8866990469396114,3.327753394842148,0,72
old_e17,20261119,0,1,-33.0,3.0,0,0,0,0,0,0,0,0.01639344262295082,61,2.3975922252799644,2.861151471734047,2.9610339552164078,0,123
old_e17,20261119,1,1,-33.0,3.0,0,0,0,0,0,0,0,0.04918032786885246,61,2.341958220864906,2.9054898768663406,3.0661486089229584,0,123
old_e17,20261119,2,1,-33.0,3.0,0,0,0,0,0,0,0,0.04918032786885246,61,2.3168751084413683,2.7394741773605347,2.8340648859739304,0,123
old_e17,20261119,3,1,48.0,1.0,1,0,0,0,0,0,0,0.0,62,2.3706993989406095,3.022903949022293,3.12596932053566,0,124
old_e17,20261120,0,0,43.0,1.0,1,0,0,0,0,0,0,0.08333333333333333,12,2.4242384048799672,3.0500583350658417,3.0748173594474792,0,24
old_e17,20261120,1,0,-8.0,2.5,0,0,0,0,0,0,0,0.16666666666666666,12,2.374945363650719,2.7845467440783978,2.7963556349277496,0,24
old_e17,20261120,2,0,-27.0,4.0,0,0,1,19,0,0,0,0.0625,16,2.3595760576426983,2.956201322376728,2.9771309345960617,0,32
old_e17,20261120,3,0,-8.0,2.5,0,0,0,0,0,0,0,0.08333333333333333,12,2.2712123269836106,2.7683477848768234,2.7764942497015,0,24
old_e17,20261121,0,0,51.0,1.0,1,1,0,0,0,0,0,0.04081632653061224,49,2.3837440400099266,2.8999578207731234,3.0902884900569916,0,97
old_e17,20261121,1,0,-8.0,2.5,0,0,0,0,0,0,0,0.0,40,2.4776614736765623,3.5393698140978813,3.616057336330414,0,80
old_e17,20261121,2,0,-8.0,2.5,0,0,0,0,0,0,0,0.0,40,2.358723198994994,2.918974496424198,2.9218848794698715,0,80
old_e17,20261121,3,0,-16.0,4.0,0,0,1,8,0,0,0,0.07692307692307693,39,2.29156609529104,2.725062146782875,2.7497652918100357,0,78
old_e17,20261122,0,2,-20.0,4.0,0,0,1,12,0,0,0,0.0375,80,2.3837544256821275,2.8110398910939693,2.9778797179460526,0,159
old_e17,20261122,1,2,0.0,2.5,0,0,0,0,0,1,0,0.011904761904761904,84,2.391892352274486,2.947661932557821,3.082195296883583,0,169
old_e17,20261122,2,2,54.0,1.0,1,1,0,0,0,0,0,0.0,59,2.44556458951053,3.31120602786541,3.4589003771543503,0,118
old_e17,20261122,3,2,0.0,2.5,0,0,0,0,0,1,1,0.023809523809523808,84,2.3118171707860062,2.7976439334452152,2.834584563970566,0,169
old_e17,20261123,0,1,33.0,1.0,1,0,0,0,0,0,0,0.025,40,2.4414879735559225,3.060390707105398,3.417283296585083,0,80
old_e17,20261123,1,1,-8.0,2.5,0,0,0,0,0,0,0,0.0,40,2.500087535008788,3.3774038776755333,3.8553904742002487,0,80
old_e17,20261123,2,1,-8.0,2.5,0,0,0,0,0,0,0,0.05,40,2.3243429139256477,2.769923117011785,2.9368381947278976,0,80
old_e17,20261123,3,1,-17.0,4.0,0,0,1,9,0,0,0,0.025,40,2.365916222333908,2.897479012608528,3.5776328295469284,0,80
old_e17,20261124,0,1,-8.0,2.5,0,0,0,0,0,0,0,0.05263157894736842,57,2.346096625714971,2.6931125670671463,2.910485491156578,0,114
old_e17,20261124,1,1,-8.0,2.5,0,0,0,0,0,0,0,0.02040816326530612,49,2.4220573202687867,3.0668113380670543,3.1347405165433884,0,98
old_e17,20261124,2,1,-28.0,3.0,0,0,0,0,0,0,0,0.022222222222222223,45,2.3277262846628823,2.8015170246362686,2.972649410367012,0,91
old_e17,20261124,3,1,-17.0,4.0,0,0,1,9,0,0,0,0.015384615384615385,65,2.429653302981303,3.303743526339531,3.3275987952947617,0,131
old_e17,20261125,0,2,43.0,1.0,1,0,0,0,0,0,0,0.0625,48,2.402057832417389,2.928079664707184,3.0392780900001526,0,96
old_e17,20261125,1,2,-16.0,4.0,0,0,1,8,0,0,0,0.043478260869565216,46,2.33395733749089,2.7839248068630695,2.871094271540642,0,92
old_e17,20261125,2,2,-8.0,2.5,0,0,0,0,0,0,0,0.041666666666666664,48,2.3432509430373707,2.9275402426719666,2.991696819663048,0,96
old_e17,20261125,3,2,33.0,1.0,1,0,0,0,0,0,0,0.06,50,2.327975295484066,2.9170515947043896,3.069387748837471,0,100
old_e17,20261126,0,2,33.0,1.0,1,0,0,0,0,0,0,0.05128205128205128,39,2.416169700714258,2.979707717895508,3.1370557844638824,0,78
old_e17,20261126,1,2,-8.0,2.5,0,0,0,0,0,0,0,0.0,39,2.4507997605281,3.1921925023198128,3.2621361315250397,0,78
old_e17,20261126,2,2,-22.0,3.0,0,0,0,0,0,0,0,0.017543859649122806,57,2.3505559289141704,2.923141047358513,2.9492657631635666,0,115
old_e17,20261126,3,2,-8.0,2.5,0,0,0,0,0,0,0,0.05128205128205128,39,2.2989526295509095,2.7490047737956047,2.755597233772278,0,78
old_e17,20261127,0,1,32.0,1.0,1,0,0,0,0,0,0,0.043478260869565216,46,2.3673258964782176,2.7301060035824776,2.9175877571105957,0,92
old_e17,20261127,1,1,-16.0,4.0,0,0,1,8,0,0,0,0.0,57,2.447759667248057,3.0497658997774124,3.100670874118805,0,114
old_e17,20261127,2,1,-17.0,4.0,0,0,1,9,0,0,0,0.0,69,2.37530510386695,3.0050311237573624,3.04255448281765,0,138
old_e17,20261127,3,1,33.0,1.0,1,0,0,0,0,0,0,0.02666666666666667,75,2.3204531768957772,2.8851741924881935,2.9420368373394012,0,150
old_e17,20261128,0,3,34.0,1.0,1,0,0,0,0,0,0,0.0,37,2.6184259536298544,3.691256046295166,3.9412546902894974,0,74
old_e17,20261128,1,3,102.0,1.0,1,1,0,0,0,0,0,0.08333333333333333,36,2.3303312870363393,2.8943470679223537,2.969164401292801,0,71
old_e17,20261128,2,3,-34.0,3.0,0,0,0,0,0,0,0,0.0,35,2.353970546807562,2.93032880872488,2.945302054286003,0,71
old_e17,20261128,3,3,-8.0,2.5,0,0,0,0,0,0,0,0.04285714285714286,70,2.291638510567801,2.683738339692354,2.8970595449209213,0,140
old_e17,20261129,0,2,-8.0,2.5,0,0,0,0,0,0,0,0.0,59,2.5219648003073063,3.3326294273138046,3.505408763885498,0,118
old_e17,20261129,1,2,37.0,1.0,1,0,0,0,0,0,0,0.0,61,2.453628591582423,3.3182092010974884,3.4817270934581757,0,122
old_e17,20261129,2,2,-21.0,4.0,0,0,1,13,0,0,0,0.04918032786885246,61,2.361578225600915,2.960819751024246,3.091301769018173,0,122
old_e17,20261129,3,2,-8.0,2.5,0,0,0,0,0,0,0,0.0,61,2.417981349786774,3.1516142189502716,3.488278016448021,0,122
old_e17,20261130,0,1,-21.0,3.0,0,0,0,0,0,0,0,0.016666666666666666,60,2.4114000300566354,2.8983148746192455,2.9767602682113647,0,121
old_e17,20261130,1,1,-8.0,2.5,0,0,0,0,0,0,0,0.0,76,2.4791588320543894,3.319630865007639,3.3908188343048096,0,152
old_e17,20261130,2,1,-21.0,3.0,0,0,0,0,0,0,0,0.05,60,2.331862629701694,2.929579932242632,2.9871314764022827,0,121
old_e17,20261130,3,1,42.0,1.0,1,0,0,0,0,0,0,0.020833333333333332,48,2.45739488552014,3.452849481254816,3.521990031003952,0,96
old_e17,20261131,0,3,51.0,1.0,1,1,0,0,0,0,0,0.022222222222222223,45,2.375326885117425,2.737143263220787,2.93068028986454,0,89
old_e17,20261131,1,3,-17.0,3.0,0,0,0,0,0,0,0,0.022727272727272728,44,2.3814547298984095,2.9734610579907894,2.9980577528476715,0,90
old_e17,20261131,2,3,-17.0,3.0,0,0,0,0,0,0,0,0.0,44,2.385150429538705,2.9903518967330456,3.0317362397909164,0,89
old_e17,20261131,3,3,-17.0,3.0,0,0,0,0,0,0,0,0.0,44,2.4072919887575237,3.031021263450384,3.0389372259378433,0,89
old_e17,20261132,0,3,-17.0,4.0,0,0,1,9,0,0,0,0.0,49,2.480550003903253,3.1070325523614883,3.1988564878702164,0,98
old_e17,20261132,1,3,-8.0,2.5,0,0,0,0,0,0,0,0.02040816326530612,49,2.3541138032261206,2.8745088726282115,2.9570572078227997,0,98
old_e17,20261132,2,3,48.0,1.0,1,1,0,0,0,0,0,0.023255813953488372,43,2.3193436479845713,2.8350278735160828,2.854209393262863,0,85
old_e17,20261132,3,3,-8.0,2.5,0,0,0,0,0,0,0,0.0,49,2.4186348808663234,3.1149979680776596,3.1611453741788864,0,98
old_e17,20261133,0,1,33.0,1.0,1,0,0,0,0,0,0,0.04878048780487805,41,2.3664240611762537,2.6652198284864426,3.3698994666337967,0,82
old_e17,20261133,1,1,-8.0,2.5,0,0,0,0,0,0,0,0.024390243902439025,41,2.4242979451650526,3.001060336828232,3.0185244977474213,0,82
old_e17,20261133,2,1,-8.0,2.5,0,0,0,0,0,0,0,0.024390243902439025,41,2.3339767826766504,2.9472988098859787,2.998175099492073,0,82
old_e17,20261133,3,1,-8.0,2.5,0,0,0,0,0,0,0,0.02,50,2.348400317132473,2.9175526462495323,3.1508561223745346,0,100
old_e17,20261134,0,0,-8.0,2.5,0,0,0,0,0,0,0,0.019230769230769232,52,2.4144121517355623,2.9486180283129215,2.9954351484775543,0,104
old_e17,20261134,1,0,-8.0,2.5,0,0,0,0,0,0,0,0.022727272727272728,44,2.3648519153622063,2.903151512145996,2.9541458934545517,0,88
old_e17,20261134,2,0,-18.0,3.0,0,0,0,0,0,0,0,0.05357142857142857,56,2.3425253041620766,2.895925659686327,2.967977896332741,0,113
old_e17,20261134,3,0,33.0,1.0,1,0,0,0,0,0,0,0.045454545454545456,44,2.3347722705114973,2.8833107091486454,2.9478222131729126,0,88
old_e17,20261135,0,3,-8.0,2.5,0,0,0,0,0,0,0,0.0,61,2.5636681706690396,3.5423990339040756,3.788800910115242,0,122
old_e17,20261135,1,3,35.0,1.0,1,0,0,0,0,0,0,0.01639344262295082,61,2.4058076507243955,3.0706189572811127,3.12122143805027,0,122
old_e17,20261135,2,3,-19.0,4.0,0,0,1,11,0,0,0,0.01639344262295082,61,2.3654626346513874,3.0252747237682343,3.140326589345932,0,122
old_e17,20261135,3,3,-8.0,2.5,0,0,0,0,0,0,0,0.0,59,2.3778407376701547,2.9876867309212685,3.0706506222486496,0,118
old_e17,20261136,0,1,32.0,1.0,1,0,0,0,0,0,0,0.06451612903225806,31,2.35661119222641,2.7205785736441612,2.8601735830307007,0,62
old_e17,20261136,1,1,-8.0,2.5,0,0,0,0,0,0,0,0.0,31,2.402130334127334,3.0037453398108482,3.028957173228264,0,62
old_e17,20261136,2,1,-8.0,2.5,0,0,0,0,0,0,0,0.022727272727272728,44,2.394917294044386,3.044474869966507,3.097737208008766,0,88
old_e17,20261136,3,1,-8.0,2.5,0,0,0,0,0,0,0,0.0196078431372549,51,2.3475742588440576,2.8906427323818207,2.90672667324543,0,102
old_e17,20261137,0,0,-8.0,2.5,0,0,0,0,0,0,0,0.0,39,2.4171826453545155,2.9217449948191643,2.938775345683098,0,78
old_e17,20261137,1,0,-32.0,4.0,0,0,1,24,0,0,0,0.05128205128205128,39,2.355966860285172,2.943623438477516,2.989431843161583,0,78
old_e17,20261137,2,0,-8.0,2.5,0,0,0,0,0,0,0,0.0425531914893617,47,2.293058770134094,2.664622850716114,2.8656739741563797,0,94
old_e17,20261137,3,0,48.0,1.0,1,0,0,0,0,0,0,0.0,39,2.3539895430589333,2.9291661456227303,2.974569797515869,0,78
old_e17,20261138,0,0,-18.0,3.0,0,0,0,0,0,0,0,0.0,47,2.4598715232407793,3.0291929841041565,3.054272383451462,0,95
old_e17,20261138,1,0,-8.0,2.5,0,0,0,0,0,0,0,0.05555555555555555,54,2.3076344212448157,2.68216198310256,2.853943035006523,0,108
old_e17,20261138,2,0,-29.0,4.0,0,0,1,21,0,0,0,0.011494252873563218,87,2.3433049691134484,2.875768020749092,2.9438920319080353,0,174
old_e17,20261138,3,0,54.0,1.0,1,1,0,0,0,0,0,0.041666666666666664,48,2.3433062015101314,2.9872434213757515,3.0424166470766068,0,95
old_e17,20261139,0,2,33.0,1.0,1,0,0,0,0,0,0,0.03333333333333333,30,2.4719001725316048,3.0450746417045593,3.0555184930562973,0,60
old_e17,20261139,1,2,-8.0,2.5,0,0,0,0,0,0,0,0.0,44,2.4434479630806227,3.0373035930097103,3.257106989622116,0,88
old_e17,20261139,2,2,48.0,1.0,1,1,0,0,0,0,0,0.0,53,2.40146168419775,3.2073166221380234,3.49501334130764,0,105
old_e17,20261139,3,2,-17.0,4.0,0,0,1,9,0,0,0,0.03333333333333333,30,2.3907038072745004,2.925464231520891,3.081878647208214,0,60
old_e17,20261140,0,1,0.0,2.5,0,0,0,0,0,1,1,0.024390243902439025,82,2.3662283698596607,2.7261956594884396,2.931470051407814,0,165
old_e17,20261140,1,1,-27.0,4.0,0,0,1,19,0,0,0,0.01694915254237288,59,2.433718292642448,3.0121024698019028,3.4030620008707047,0,117
old_e17,20261140,2,1,43.0,1.0,1,0,0,0,0,0,0,0.01639344262295082,61,2.3293074403629928,2.8145983815193176,2.9206890612840652,0,123
old_e17,20261140,3,1,-8.0,2.5,0,0,0,0,0,0,0,0.020833333333333332,48,2.30564852245152,2.7714384719729424,2.8684046119451523,0,97
old_e17,20261141,0,2,-8.0,2.5,0,0,0,0,0,0,0,0.0,88,2.482939532703974,3.1862241216003895,3.4057069569826126,0,176
old_e17,20261141,1,2,-16.0,3.0,0,0,0,0,0,0,0,0.03278688524590164,61,2.343650601926397,2.7570929378271103,2.8993170708417892,0,123
old_e17,20261141,2,2,48.0,1.0,1,1,0,0,0,0,0,0.03278688524590164,61,2.3522100060201083,2.9620397835969925,3.100685775279999,0,121
old_e17,20261141,3,2,-8.0,2.5,0,0,0,0,0,0,0,0.0,79,2.5350335702488693,3.73185146600008,3.8497652858495712,0,158
old_e17,20261142,0,2,33.0,1.0,1,0,0,0,0,0,0,0.08,25,2.363451197743416,2.876123785972595,2.9221195727586746,0,50
old_e17,20261142,1,2,-17.0,4.0,0,0,1,9,0,0,0,0.09375,32,2.378128294367343,2.8088081628084183,2.824634313583374,0,64
old_e17,20261142,2,2,-17.0,4.0,0,0,1,9,0,0,0,0.08,25,2.304188162088394,2.684203162789345,2.6951581239700317,0,50
old_e17,20261142,3,2,-8.0,2.5,0,0,0,0,0,0,0,0.0,34,2.3268112255369915,2.995953895151615,3.2077208161354065,0,68
old_e17,20261143,0,0,-8.0,2.5,0,0,0,0,0,0,0,0.02127659574468085,47,2.4412852573267956,2.959202788770199,3.3663399517536163,0,94
old_e17,20261143,1,0,-17.0,4.0,0,0,1,9,0,0,0,0.0,43,2.4993727633426355,3.2691843807697296,3.3627431839704514,0,86
old_e17,20261143,2,0,-8.0,2.5,0,0,0,0,0,0,0,0.02127659574468085,47,2.3535792022309403,3.0665313825011253,3.13660129904747,0,94
old_e17,20261143,3,0,57.0,1.0,1,1,0,0,0,0,0,0.05555555555555555,72,2.272852101466722,2.67716059461236,2.9066726565361023,0,143
old_e17,20261144,0,0,51.0,1.0,1,1,0,0,0,0,0,0.07407407407407407,27,2.382527208990521,2.88171973079443,3.004571422934532,0,53
old_e17,20261144,1,0,-17.0,3.0,0,0,0,0,0,0,0,0.038461538461538464,26,2.3903543702684917,3.0539389699697495,3.0929315835237503,0,53
old_e17,20261144,2,0,-17.0,3.0,0,0,0,0,0,0,0,0.0,26,2.391692752448412,3.0791773460805416,3.1363684684038162,0,53
old_e17,20261144,3,0,-17.0,3.0,0,0,0,0,0,0,0,0.038461538461538464,26,2.3379686933297377,2.851516008377075,2.9219873249530792,0,53
old_e17,20261145,0,1,54.0,1.0,1,1,0,0,0,0,0,0.0625,32,2.368715067859739,2.865871787071228,2.9291585087776184,0,63
old_e17,20261145,1,1,-25.0,3.0,0,0,0,0,0,0,0,0.0,39,2.418236186107,2.9930319637060165,3.078136593103409,0,79
old_e17,20261145,2,1,-25.0,3.0,0,0,0,0,0,0,0,0.04878048780487805,41,2.3308085595689167,2.8652455657720566,2.9167644679546356,0,83
old_e17,20261145,3,1,-17.0,4.0,0,0,1,9,0,0,0,0.0,76,2.372106194104019,3.052977379411459,3.1367242336273193,0,152
old_e17,20261146,0,2,-16.0,3.0,0,0,0,0,0,0,0,0.0,56,2.413572510704398,2.977510914206505,3.101332113146782,0,113
old_e17,20261146,1,2,35.0,1.0,1,0,0,0,0,0,0,0.03896103896103896,77,2.301226914316029,2.631711959838867,2.8579439967870712,0,153
old_e17,20261146,2,2,36.0,1.0,1,0,0,0,0,0,0,0.05357142857142857,56,2.318409171753696,2.8524883091449738,2.984115853905678,0,112
old_e17,20261146,3,2,-8.0,2.5,0,0,0,0,0,0,0,0.05333333333333334,75,2.324223592877388,2.9119474813342094,3.0597150325775146,0,151
old_e17,20261147,0,3,0.0,2.5,0,0,0,0,0,1,0,0.0,89,2.4757048512777584,3.263289853930473,3.5352129489183426,0,178
old_e17,20261147,1,3,-8.0,2.5,0,0,0,0,0,0,0,0.047619047619047616,42,2.3205196928410303,2.7012174017727375,2.8449781239032745,0,84
old_e17,20261147,2,3,-20.0,4.0,0,0,1,12,0,0,0,0.027777777777777776,36,2.3883504068685903,2.9996666125953197,3.0184797942638397,0,72
old_e17,20261147,3,3,35.0,1.0,1,0,0,0,0,0,0,0.07142857142857142,42,2.307984179684094,2.8183136135339737,2.9555540531873703,0,84
old_e17,20261148,0,3,63.0,1.0,1,1,0,0,0,0,0,0.0,35,2.467790724975722,3.1484654173254967,3.2851845026016235,0,69
old_e17,20261148,1,3,-8.0,2.5,0,0,0,0,0,0,0,0.02702702702702703,37,2.3677517232057212,2.96342521905899,3.175964578986168,0,74
old_e17,20261148,2,3,-8.0,2.5,0,0,0,0,0,0,0,0.05405405405405406,37,2.3360904306173325,2.9529187828302383,2.987811341881752,0,74
old_e17,20261148,3,3,-18.0,4.0,0,0,1,10,0,0,0,0.02702702702702703,37,2.331180900738046,2.787581831216812,2.8762761503458023,0,74
old_e17,20261149,0,1,-16.0,3.0,0,0,0,0,0,0,0,0.0,42,2.414318865963391,2.91268453001976,2.9306262731552124,0,85
old_e17,20261149,1,1,-16.0,3.0,0,0,0,0,0,0,0,0.0,42,2.376892426539035,2.9138595797121525,2.948988229036331,0,85
old_e17,20261149,2,1,48.0,1.0,1,1,0,0,0,0,0,0.0,43,2.380294378760249,3.102369047701359,3.1429044902324677,0,85
old_e17,20261149,3,1,-16.0,3.0,0,0,0,0,0,0,0,0.0,42,2.4404021955671764,3.247696161270141,3.551144152879715,0,85
old_e17,20261150,0,1,33.0,1.0,1,0,0,0,0,0,0,0.05714285714285714,35,2.4314484958137785,3.0505526810884476,3.1262245029211044,0,70
old_e17,20261150,1,1,-8.0,2.5,0,0,0,0,0,0,0,0.05714285714285714,35,2.3626057165009633,2.9799098148941994,3.0621644109487534,0,70
old_e17,20261150,2,1,-17.0,4.0,0,0,1,9,0,0,0,0.0,35,2.4024690368345807,3.0242161825299263,3.0743610113859177,0,70
old_e17,20261150,3,1,-8.0,2.5,0,0,0,0,0,0,0,0.02857142857142857,35,2.3221802498613084,2.8741853311657906,2.9686912894248962,0,70
old_e17,20261151,0,1,32.0,1.0,1,0,0,0,0,0,0,0.043478260869565216,23,2.4154965320359105,2.940398082137108,2.9424838721752167,0,46
old_e17,20261151,1,1,-8.0,2.5,0,0,0,0,0,0,0,0.043478260869565216,23,2.4045507383087408,2.9792344197630882,3.0274465680122375,0,46
old_e17,20261151,2,1,-16.0,4.0,0,0,1,8,0,0,0,0.0,23,2.3666710147391194,2.8947893530130386,2.9192492365837097,0,46
old_e17,20261151,3,1,-8.0,2.5,0,0,0,0,0,0,0,0.0,38,2.363227111728568,2.94483108446002,2.9646512120962143,0,76
old_e17,20261152,0,2,-8.0,2.5,0,0,0,0,0,0,0,0.017543859649122806,57,2.412918530273856,2.9793698340654373,3.021256998181343,0,114
old_e17,20261152,1,2,32.0,1.0,1,0,0,0,0,0,0,0.02631578947368421,76,2.3168992300174738,2.684145700186491,2.789601683616638,0,152
old_e17,20261152,2,2,34.0,1.0,1,0,0,0,0,0,0,0.08333333333333333,24,2.301132306456566,2.693014219403267,2.9514189809560776,0,48
old_e17,20261152,3,2,-17.0,4.0,0,0,1,9,0,0,0,0.03333333333333333,60,2.35259598121047,2.850997634232044,2.9065608978271484,0,120
old_e17,20261153,0,2,-8.0,2.5,0,0,0,0,0,0,0,0.0,39,2.503048007686933,3.159925900399685,3.2008960843086243,0,78
old_e17,20261153,1,2,-8.0,2.5,0,0,0,0,0,0,0,0.0,39,2.4351817197524586,3.091801702976227,3.1200405210256577,0,78
old_e17,20261153,2,2,-19.0,4.0,0,0,1,11,0,0,0,0.0,39,2.348988961714965,2.8747212141752243,2.9133427888154984,0,78
old_e17,20261153,3,2,39.0,1.0,1,0,0,0,0,0,0,0.024390243902439025,41,2.4122586246670745,3.197666257619858,3.238493576645851,0,82
old_e17,20261154,0,1,-17.0,3.0,0,0,0,0,0,0,0,0.06451612903225806,31,2.347440909474127,2.6588011533021927,2.8975550085306168,0,63
old_e17,20261154,1,1,-21.0,3.0,0,0,0,0,0,0,0,0.015873015873015872,63,2.400855903351118,2.9029209166765213,2.960585057735443,0,127
old_e17,20261154,2,1,-17.0,3.0,0,0,0,0,0,0,0,0.03225806451612903,31,2.3206292741721675,2.7876989915966988,2.8397496789693832,0,63
old_e17,20261154,3,1,51.0,1.0,1,1,0,0,0,0,0,0.0,32,2.4247028050012887,3.310308139771223,3.500698134303093,0,63
old_e17,20261155,0,0,-8.0,2.5,0,0,0,0,0,0,0,0.027777777777777776,36,2.437735597292582,2.984577789902687,3.015603870153427,0,72
old_e17,20261155,1,0,-20.0,3.0,0,0,0,0,0,0,0,0.027777777777777776,36,2.3700931212968297,2.879840787500143,2.908039838075638,0,73
old_e17,20261155,2,0,60.0,1.0,1,1,0,0,0,0,0,0.05405405405405406,37,2.3719986044877284,2.933552116155624,3.6252737045288086,0,73
old_e17,20261155,3,0,-20.0,3.0,0,0,0,0,0,0,0,0.0,36,2.4171062331232758,3.243836108595133,3.282461315393448,0,73
old_e17,20261156,0,1,46.0,1.0,1,0,0,0,0,0,0,0.058823529411764705,34,2.3382111069034126,2.6707480661571026,2.9073283076286316,0,68
old_e17,20261156,1,1,-8.0,2.5,0,0,0,0,0,0,0,0.027777777777777776,36,2.398799949636062,2.9766717925667763,3.0338969081640244,0,72
old_e17,20261156,2,1,35.0,1.0,1,0,0,0,0,0,0,0.02631578947368421,38,2.3483761439197943,2.9334960505366325,2.9483437538146973,0,76
old_e17,20261156,3,1,-8.0,2.5,0,0,0,0,0,0,0,0.03125,32,2.3387492983601987,2.948443405330181,3.0156075954437256,0,64
old_e17,20261157,0,0,54.0,1.0,1,1,0,0,0,0,0,0.05714285714285714,35,2.426919553961073,3.0156129971146584,3.030242398381233,0,69
old_e17,20261157,1,0,-18.0,3.0,0,0,0,0,0,0,0,0.0,34,2.5128862437079933,3.4174010157585144,3.498196601867676,0,69
old_e17,20261157,2,0,-18.0,3.0,0,0,0,0,0,0,0,0.0,34,2.463180462227148,3.2099363394081593,3.4926626831293106,0,69
old_e17,20261157,3,0,-18.0,3.0,0,0,0,0,0,0,0,0.0,34,2.4108072633252426,3.2195454463362694,3.2800640910863876,0,69
old_e17,20261158,0,2,-8.0,2.5,0,0,0,0,0,0,0,0.02631578947368421,38,2.391346436189978,2.8895629569888115,2.9043685644865036,0,76
old_e17,20261158,1,2,52.0,1.0,1,0,0,0,0,0,0,0.0,63,2.3986049706027623,2.9756637290120125,3.075774759054184,0,126
old_e17,20261158,2,2,-20.0,4.0,0,0,1,12,0,0,0,0.05263157894736842,38,2.3036526614113857,2.828093245625496,2.9056910425424576,0,76
old_e17,20261158,3,2,36.0,1.0,1,0,0,0,0,0,0,0.02631578947368421,38,2.3584958459985885,2.945532649755478,2.9813330620527267,0,76
old_e17,20261159,0,0,-8.0,2.5,0,0,0,0,0,0,0,0.06521739130434782,46,2.335121328740016,2.703765407204628,2.9073040932416916,0,92
old_e17,20261159,1,0,-8.0,2.5,0,0,0,0,0,0,0,0.08823529411764706,34,2.313016475561787,2.7046977542340755,2.849053591489792,0,68
old_e17,20261159,2,0,46.0,1.0,1,0,0,0,0,0,0,0.058823529411764705,34,2.3191893911537003,2.9036578722298145,2.9593482613563538,0,68
old_e17,20261159,3,0,-22.0,4.0,0,0,1,14,0,0,0,0.045454545454545456,22,2.2826929661360653,2.6842580176889896,2.6965588331222534,0,44
old_e17,20261160,0,1,-8.0,2.5,0,0,0,0,0,0,0,0.0,27,2.4160624102309898,2.940187230706215,2.949889749288559,0,54
old_e17,20261160,1,1,-8.0,2.5,0,0,0,0,0,0,0,0.07407407407407407,27,2.3705030067099466,2.912980318069458,2.950746566057205,0,54
old_e17,20261160,2,1,-18.0,4.0,0,0,1,10,0,0,0,0.0,27,2.378718927502632,2.971758134663105,3.011401742696762,0,54
old_e17,20261160,3,1,33.0,1.0,1,0,0,0,0,0,0,0.037037037037037035,27,2.4627396078021437,3.3191299065947533,3.5917535424232483,0,54
old_e17,20261161,0,1,-17.0,3.0,0,0,0,0,0,0,0,0.015384615384615385,65,2.4764981980507192,3.0965078622102737,3.1901318579912186,0,132
old_e17,20261161,1,1,-17.0,3.0,0,0,0,0,0,0,0,0.0,65,2.4356997356964993,3.110422194004059,3.1578335911035538,0,131
old_e17,20261161,2,1,51.0,1.0,1,1,0,0,0,0,0,0.030303030303030304,66,2.331287204993494,2.8125178068876266,3.0464231967926025,0,132
old_e17,20261161,3,1,-17.0,3.0,0,0,0,0,0,0,0,0.046153846153846156,65,2.2779588229381122,2.612103521823883,2.718372270464897,0,132
old_e17,20261162,0,1,-16.0,3.0,0,0,0,0,0,0,0,0.0,10,2.453031949698925,2.985129877924919,3.0186641961336136,0,21
old_e17,20261162,1,1,-16.0,3.0,0,0,0,0,0,0,0,0.1,10,2.3956017568707466,2.8912318870425224,2.930363640189171,0,21
old_e17,20261162,2,1,48.0,1.0,1,1,0,0,0,0,0,0.0,11,2.3325263437899677,3.0326098203659058,3.063112497329712,0,21
old_e17,20261162,3,1,-16.0,3.0,0,0,0,0,0,0,0,0.0,10,2.330959774553776,2.8891626745462418,2.8957240283489227,0,21
old_e17,20261163,0,2,-8.0,2.5,0,0,0,0,0,0,0,0.06382978723404255,47,2.3836391244796995,2.7086224406957626,2.956761047244072,0,94
old_e17,20261163,1,2,32.0,1.0,1,0,0,0,0,0,0,0.037037037037037035,81,2.3345346850009614,2.773260697722435,3.0777789652347565,0,162
old_e17,20261163,2,2,-8.0,2.5,0,0,0,0,0,0,0,0.0,55,2.375243367119269,3.0136384069919586,3.278566524386406,0,110
old_e17,20261163,3,2,40.0,1.0,1,0,0,0,0,0,0,0.05660377358490566,53,2.318768357893206,2.8761427849531174,2.92145274579525,0,106
old_e17,20261164,0,0,-16.0,3.0,0,0,0,0,0,0,0,0.0,33,2.4437065038717156,2.9392696917057037,2.977980300784111,0,67
old_e17,20261164,1,0,48.0,1.0,1,1,0,0,0,0,0,0.0,34,2.5350632803405033,3.297009412199259,3.497917205095291,0,67
old_e17,20261164,2,0,-20.0,3.0,0,0,0,0,0,0,0,0.0,33,2.383699697075468,2.9309164732694626,2.9687155038118362,0,67
old_e17,20261164,3,0,-16.0,3.0,0,0,0,0,0,0,0,0.0,33,2.418685422250719,3.0924685299396515,3.633849322795868,0,67
old_e17,20261165,0,0,75.0,1.0,1,1,0,0,0,0,0,0.03278688524590164,61,2.434496050242518,2.9973629862070084,3.376597538590431,0,121
old_e17,20261165,1,0,-25.0,3.0,0,0,0,0,0,0,0,0.05,60,2.3322995441655316,2.8255746699869633,2.8715860098600388,0,121
old_e17,20261165,2,0,-25.0,3.0,0,0,0,0,0,0,0,0.016666666666666666,60,2.385781208674113,2.8816714882850647,3.3352281898260117,0,121
old_e17,20261165,3,0,-25.0,3.0,0,0,0,0,0,0,0,0.016129032258064516,62,2.3783913122550135,2.9178936034440994,3.0745938420295715,0,125
old_e17,20261166,0,1,-27.0,3.0,0,0,0,0,0,0,0,0.018867924528301886,53,2.427512041802676,2.9192499816417694,2.952389419078827,0,107
old_e17,20261166,1,1,-27.0,3.0,0,0,0,0,0,0,0,0.03773584905660377,53,2.4258438849224233,3.0720509588718414,3.0941907316446304,0,107
old_e17,20261166,2,1,81.0,1.0,1,1,0,0,0,0,0,0.018518518518518517,54,2.397353036536111,3.1394068151712418,3.313204273581505,0,107
old_e17,20261166,3,1,-27.0,3.0,0,0,0,0,0,0,0,0.02,50,2.3255639895796776,2.8650800697505474,2.9986854642629623,0,101
old_e17,20261167,0,2,-8.0,2.5,0,0,0,0,0,0,0,0.034482758620689655,29,2.444018577707225,3.009853884577751,3.0630454421043396,0,58
old_e17,20261167,1,2,32.0,1.0,1,0,0,0,0,0,0,0.0,29,2.470676433937303,3.265180066227913,3.4145135432481766,0,58
old_e17,20261167,2,2,-16.0,4.0,0,0,1,8,0,0,0,0.0,29,2.4462724425669373,3.1678207218647003,3.4194216132164,0,58
old_e17,20261167,3,2,-8.0,2.5,0,0,0,0,0,0,0,0.0,29,2.3810103021819016,3.070150688290596,3.091171383857727,0,58
old_e17,20261168,0,0,-21.0,3.0,0,0,0,0,0,0,0,0.18181818181818182,11,2.4422959170558234,3.003722056746483,3.3397749066352844,0,23
old_e17,20261168,1,0,63.0,1.0,1,1,0,0,0,0,0,0.0,12,2.4813199415802956,3.3012996427714825,3.3435840159654617,0,23
old_e17,20261168,2,0,-21.0,3.0,0,0,0,0,0,0,0,0.09090909090909091,11,2.3544549264691095,2.8800107538700104,2.924986183643341,0,23
old_e17,20261168,3,0,-21.0,3.0,0,0,0,0,0,0,0,0.0,11,2.2413099015300926,2.5630854070186615,2.9110442847013474,0,23
old_e17,20261169,0,1,-8.0,2.5,0,0,0,0,0,0,0,0.038461538461538464,78,2.432357878066026,2.936331182718277,3.7901196628808975,0,156
old_e17,20261169,1,1,-16.0,4.0,0,0,1,8,0,0,0,0.0125,80,2.416946762241423,2.9667187482118607,3.0648689717054367,0,160
old_e17,20261169,2,1,0.0,2.5,0,0,0,0,0,1,1,0.025,80,2.3324829759076238,2.87659652531147,3.112874925136566,0,160
old_e17,20261169,3,1,0.0,2.5,0,0,0,0,0,1,0,0.0,79,2.3738508454606504,2.996260859072208,3.19734588265419,0,158
old_e17,20261170,0,2,51.0,1.0,1,1,0,0,0,0,0,0.03278688524590164,61,2.3966673761606216,2.8401371091604233,2.931218594312668,0,121
old_e17,20261170,1,2,-17.0,3.0,0,0,0,0,0,0,0,0.0,60,2.4621532298624516,3.20509085431695,3.3568665385246277,0,121
old_e17,20261170,2,2,-17.0,3.0,0,0,0,0,0,0,0,0.0,60,2.5172015031178794,3.4468830563127995,3.4903232008218765,0,121
old_e17,20261170,3,2,-17.0,3.0,0,0,0,0,0,0,0,0.0,62,2.4411098791226262,3.1171096488833427,3.254370763897896,0,125
old_e17,20261171,0,3,-21.0,3.0,0,0,0,0,0,0,0,0.047619047619047616,21,2.423566012155442,2.925686538219452,2.9911119490861893,0,43
old_e17,20261171,1,3,-21.0,3.0,0,0,0,0,0,0,0,0.09523809523809523,21,2.384409397130921,2.8939414769411087,2.9283296316862106,0,43
old_e17,20261171,2,3,-21.0,3.0,0,0,0,0,0,0,0,0.047619047619047616,21,2.3409381863616763,2.9447153210639954,2.9528532177209854,0,43
old_e17,20261171,3,3,36.0,1.0,1,0,0,0,0,0,0,0.05128205128205128,39,2.333822970589002,2.7908341959118843,2.9874928295612335,0,78
old_e17,20261172,0,1,-8.0,2.5,0,0,0,0,0,0,0,0.03333333333333333,30,2.419962423543135,2.872314862906933,2.922268584370613,0,60
old_e17,20261172,1,1,43.0,1.0,1,0,0,0,0,0,0,0.09523809523809523,21,2.3812645425399146,2.805029973387718,3.0501671135425568,0,42
old_e17,20261172,2,1,-17.0,3.0,0,0,0,0,0,0,0,0.0,38,2.406648311175798,3.031089808791876,3.091404214501381,0,77
old_e17,20261172,3,1,-27.0,4.0,0,0,1,19,0,0,0,0.0,34,2.3734043078387486,2.9632093384861946,3.0817240476608276,0,68
old_e17,20261173,0,3,34.0,1.0,1,0,0,0,0,0,0,0.0,49,2.604865640097735,3.505145385861397,3.8870051503181458,0,98
old_e17,20261173,1,3,44.0,1.0,1,0,0,0,0,0,0,0.03076923076923077,65,2.4484879122330594,3.118514269590378,3.2407697290182114,0,130
old_e17,20261173,2,3,-8.0,2.5,0,0,0,0,0,0,0,0.03389830508474576,59,2.3575988992796106,2.889891155064106,2.9597636312246323,0,119
old_e17,20261173,3,3,-8.0,2.5,0,0,0,0,0,0,0,0.0,49,2.4308405284370695,3.0832674354314804,3.69049608707428,0,98
old_e17,20261174,0,1,-8.0,2.5,0,0,0,0,0,0,0,0.0,32,2.459640381857753,2.9578830115497112,3.004271537065506,0,64
old_e17,20261174,1,1,40.0,1.0,1,0,0,0,0,0,0,0.1,30,2.350793778896332,2.817227132618427,2.9551126062870026,0,60
old_e17,20261174,2,1,-32.0,4.0,0,0,1,24,0,0,0,0.0,23,2.4455893460823144,2.951611392199993,3.883820027112961,0,46
old_e17,20261174,3,1,-8.0,2.5,0,0,0,0,0,0,0,0.0,35,2.382442355155945,2.9812688007950783,3.0675008893013,0,70
old_e17,20261175,0,3,-17.0,4.0,0,0,1,9,0,0,0,0.061224489795918366,49,2.4202469812363994,2.933979779481888,2.98905186355114,0,98
old_e17,20261175,1,3,117.0,1.0,1,1,0,0,0,0,0,0.01639344262295082,61,2.4885398442627955,3.4289490431547165,3.695335239171982,0,121
old_e17,20261175,2,3,-39.0,3.0,0,0,0,0,0,0,0,0.03333333333333333,60,2.3519525304436684,2.88314837962389,2.922153100371361,0,121
old_e17,20261175,3,3,-8.0,2.5,0,0,0,0,0,0,0,0.0,83,2.501313922455512,3.5146694630384436,4.06920351088047,0,166
old_e17,20261176,0,2,32.0,1.0,1,0,0,0,0,0,0,0.04,25,2.488580122590065,3.119003400206566,3.1361356377601624,0,50
old_e17,20261176,1,2,-16.0,4.0,0,0,1,8,0,0,0,0.0,25,2.455670014023781,3.1161803752183914,3.163093701004982,0,50
old_e17,20261176,2,2,99.0,1.0,1,1,0,0,0,0,0,0.0,47,2.3819897323846817,2.997305989265442,3.0553769320249557,0,93
old_e17,20261176,3,2,-8.0,2.5,0,0,0,0,0,0,0,0.04,25,2.3803411424160004,3.0966170132160187,3.1395144760608673,0,50
old_e17,20261177,0,1,-22.0,4.0,0,0,1,14,0,0,0,0.0,17,2.442750970230383,2.9395464807748795,2.9907990247011185,0,34
old_e17,20261177,1,1,-8.0,2.5,0,0,0,0,0,0,0,0.047619047619047616,21,2.343657293490001,2.7090366929769516,2.9007401317358017,0,42
old_e17,20261177,2,1,-8.0,2.5,0,0,0,0,0,0,0,0.047619047619047616,21,2.307012765890076,2.8108134865760803,2.823740243911743,0,42
old_e17,20261177,3,1,0.0,2.5,0,0,0,0,0,1,0,0.0,89,2.3897047458070046,3.0951179563999176,3.1614061444997787,0,178
old_e17,20261178,0,1,-8.0,2.5,0,0,0,0,0,0,0,0.0,39,2.422112302902417,2.931484766304493,3.305891528725624,0,78
old_e17,20261178,1,1,35.0,1.0,1,0,0,0,0,0,0,0.02564102564102564,39,2.387432572551263,2.9823163524270058,3.1042490154504776,0,78
old_e17,20261178,2,1,-8.0,2.5,0,0,0,0,0,0,0,0.0,39,2.3907342782387366,3.115137852728367,3.279551863670349,0,78
old_e17,20261178,3,1,-19.0,4.0,0,0,1,11,0,0,0,0.02564102564102564,39,2.354491645326981,2.8996873646974564,2.962375059723854,0,78
old_e17,20261179,0,0,-8.0,2.5,0,0,0,0,0,0,0,0.015384615384615385,65,2.709457536156361,3.798580914735794,4.585545510053635,0,130
old_e17,20261179,1,0,33.0,1.0,1,0,0,0,0,0,0,0.016129032258064516,62,2.373952839163042,2.8224648907780647,2.870563417673111,0,124
old_e17,20261179,2,0,-17.0,4.0,0,0,1,9,0,0,0,0.0,62,2.6483267485614745,3.595697600394487,4.103647544980049,0,124
old_e17,20261179,3,0,-8.0,2.5,0,0,0,0,0,0,0,0.03508771929824561,57,2.439636018192559,3.2228481024503703,3.3463742583990097,0,114
old_e17,20261180,0,2,90.0,1.0,1,0,0,0,0,0,0,0.030303030303030304,66,2.38703837561788,2.7158958837389946,3.429798409342766,0,132
old_e17,20261180,1,2,32.0,1.0,1,0,0,0,0,0,0,0.06666666666666667,30,2.362645355363687,2.75077261030674,2.9055029153823853,0,60
old_e17,20261180,2,2,-16.0,4.0,0,0,1,8,0,0,0,0.0,30,2.4926364421844482,3.3164123073220253,3.327544778585434,0,60
old_e17,20261180,3,2,-8.0,2.5,0,0,0,0,0,0,0,0.0,65,2.4483868135855746,3.189307451248169,3.266533836722374,0,130
old_e17,20261181,0,0,-8.0,2.5,0,0,0,0,0,0,0,0.0,47,2.4224223687927773,2.9347706586122513,3.0518826097249985,0,94
old_e17,20261181,1,0,-8.0,2.5,0,0,0,0,0,0,0,0.0,47,2.4811610817275147,3.345025703310966,3.5722479224205017,0,94
old_e17,20261181,2,0,39.0,1.0,1,0,0,0,0,0,0,0.06382978723404255,47,2.3489781120356095,2.8372390195727344,3.037739545106888,0,94
old_e17,20261181,3,0,-8.0,2.5,0,0,0,0,0,0,0,0.0,45,2.3987486130661435,2.9579605907201767,3.054087981581688,0,90
old_e17,20261182,0,3,-16.0,3.0,0,0,0,0,0,0,0,0.047619047619047616,21,2.464881876394862,3.0048415064811707,3.4307166934013367,0,43
old_e17,20261182,1,3,48.0,1.0,1,1,0,0,0,0,0,0.0,22,2.4395052512938324,3.2044080086052418,3.258269280195236,0,43
old_e17,20261182,2,3,-16.0,3.0,0,0,0,0,0,0,0,0.09523809523809523,21,2.3931533630405153,2.925790846347809,3.0232686549425125,0,43
old_e17,20261182,3,3,-19.0,3.0,0,0,0,0,0,0,0,0.041666666666666664,24,2.368943610539039,2.9620147310197353,3.005335107445717,0,49
old_e17,20261183,0,1,-8.0,2.5,0,0,0,0,0,0,0,0.0,30,2.453880881269773,3.0121424235403538,3.0461326241493225,0,60
old_e17,20261183,1,1,90.0,1.0,1,1,0,0,0,0,0,0.025,40,2.4642982985824347,3.279814124107361,3.376111388206482,0,79
old_e17,20261183,2,1,-8.0,2.5,0,0,0,0,0,0,0,0.029411764705882353,34,2.3565336733179936,2.9055414721369743,2.9129087924957275,0,68
old_e17,20261183,3,1,-27.0,4.0,0,0,1,19,0,0,0,0.0,30,2.419250768919786,3.0392544344067574,3.102468326687813,0,60
old_e17,20261184,0,1,-8.0,2.5,0,0,0,0,0,0,0,0.05555555555555555,36,2.4270013802581363,2.925408072769642,3.9460938423871994,0,72
old_e17,20261184,1,1,-18.0,3.0,0,0,0,0,0,0,0,0.07894736842105263,38,2.3741524078344045,3.0326749198138714,3.106527030467987,0,77
old_e17,20261184,2,1,32.0,1.0,1,0,0,0,0,0,0,0.02564102564102564,39,2.343924954915658,2.9150718823075294,3.0464045703411102,0,78
old_e17,20261184,3,1,-19.0,4.0,0,0,1,11,0,0,0,0.0,36,2.3961949886547194,3.031729254871607,3.035442903637886,0,72
old_e17,20261185,0,1,-8.0,2.5,0,0,0,0,0,0,0,0.03773584905660377,53,2.3923255854620122,2.7488626539707184,2.923429012298584,0,106
old_e17,20261185,1,1,-19.0,4.0,0,0,1,11,0,0,0,0.05405405405405406,37,2.4027827925778724,2.939377725124359,3.6194995045661926,0,74
old_e17,20261185,2,1,-8.0,2.5,0,0,0,0,0,0,0,0.0,48,2.4999323844288788,3.3634562976658344,3.6779046058654785,0,96
old_e17,20261185,3,1,-8.0,2.5,0,0,0,0,0,0,0,0.043478260869565216,69,2.2982517392307087,2.726452052593231,2.9596127569675446,0,138
old_e17,20261186,0,3,34.0,1.0,1,0,0,0,0,0,0,0.04878048780487805,41,2.3970843360918326,2.781899645924568,2.9729269444942474,0,82
old_e17,20261186,1,3,-8.0,2.5,0,0,0,0,0,0,0,0.05128205128205128,39,2.4010146466585307,3.040366992354393,3.1417440623044968,0,78
old_e17,20261186,2,3,-17.0,4.0,0,0,1,9,0,0,0,0.07692307692307693,39,2.328339152229138,2.801722288131714,2.9130149632692337,0,78
old_e17,20261186,3,3,-8.0,2.5,0,0,0,0,0,0,0,0.0,39,2.359044284392626,2.9286306351423264,2.9630474746227264,0,78
old_e17,20261187,0,3,-17.0,3.0,0,0,0,0,0,0,0,0.0,57,2.4873681301087665,3.066707402467727,3.2490957528352737,0,115
old_e17,20261187,1,3,-18.0,4.0,0,0,1,10,0,0,0,0.018518518518518517,54,2.4497432772208145,3.1638866290450096,3.2554399222135544,0,108
old_e17,20261187,2,3,37.0,1.0,1,0,0,0,0,0,0,0.0,44,2.4132309058173136,3.1581122428178787,3.195619210600853,0,88
old_e17,20261187,3,3,-17.0,3.0,0,0,0,0,0,0,0,0.017543859649122806,57,2.3766523390485528,2.992132306098938,3.116074949502945,0,115
old_e17,20261188,0,1,-17.0,4.0,0,0,1,9,0,0,0,0.0,35,2.435607835650444,2.884824201464653,2.915807068347931,0,70
old_e17,20261188,1,1,32.0,1.0,1,0,0,0,0,0,0,0.02564102564102564,39,2.421782375910343,3.1475944444537163,3.2799746841192245,0,78
old_e17,20261188,2,1,-16.0,4.0,0,0,1,8,0,0,0,0.05128205128205128,39,2.3115313110443263,2.7600454166531563,2.798641100525856,0,78
old_e17,20261188,3,1,-8.0,2.5,0,0,0,0,0,0,0,0.05405405405405406,37,2.30903148248389,2.845078334212303,2.8792396187782288,0,74
old_e17,20261189,0,3,-8.0,2.5,0,0,0,0,0,0,0,0.015384615384615385,65,2.435167821554037,2.8685737401247025,2.9980912804603577,0,130
old_e17,20261189,1,3,-17.0,4.0,0,0,1,9,0,0,0,0.03773584905660377,53,2.400216312622124,3.0428513884544373,3.1575653702020645,0,106
old_e17,20261189,2,3,33.0,1.0,1,0,0,0,0,0,0,0.018867924528301886,53,2.375160818392376,3.017076477408409,3.106817603111267,0,106
old_e17,20261189,3,3,-8.0,2.5,0,0,0,0,0,0,0,0.028985507246376812,69,2.363574434665666,2.978227287530899,3.3133551478385925,0,138
old_e17,20261190,0,1,-8.0,2.5,0,0,0,0,0,0,0,0.0,57,2.4471516279797805,3.095439076423645,3.325868397951126,0,114
old_e17,20261190,1,1,37.0,1.0,1,0,0,0,0,0,0,0.06818181818181818,44,2.348858778449622,2.915414609014988,2.966126427054405,0,88
old_e17,20261190,2,1,-24.0,3.0,0,0,0,0,0,0,0,0.0,58,2.541193128402891,3.3724301494657993,3.6255642771720886,0,117
old_e17,20261190,3,1,-20.0,3.0,0,0,0,0,0,0,0,0.028985507246376812,69,2.3406087218419365,2.9272329062223434,2.996997907757759,0,139
old_e17,20261191,0,0,-17.0,3.0,0,0,0,0,0,0,0,0.0,51,2.5220596249781404,3.292245790362358,3.4534987062215805,0,103
old_e17,20261191,1,0,-20.0,3.0,0,0,0,0,0,0,0,0.057692307692307696,52,2.347866610552256,2.7747006155550475,3.3385194838047028,0,105
old_e17,20261191,2,0,-18.0,4.0,0,0,1,10,0,0,0,0.043478260869565216,46,2.3385986442799154,2.6904521510004997,2.728862687945366,0,92
old_e17,20261191,3,0,60.0,1.0,1,1,0,0,0,0,0,0.0,55,2.4347405542026865,3.1941818073391914,3.4394562244415283,0,109
old_e17,20261192,0,2,-8.0,2.5,0,0,0,0,0,0,0,0.0,62,2.5465779547249117,3.375937696546316,4.303233698010445,0,124
old_e17,20261192,1,2,36.0,1.0,1,0,0,0,0,0,0,0.0,43,2.501758725144142,3.3324040472507477,3.3641085028648376,0,86
old_e17,20261192,2,2,-8.0,2.5,0,0,0,0,0,0,0,0.0,54,2.4442927290995917,3.2384445890784264,3.3549927175045013,0,108
old_e17,20261192,3,2,-8.0,2.5,0,0,0,0,0,0,0,0.0,54,2.4386957908670106,3.2233473844826217,3.3510588109493256,0,108
old_e17,20261193,0,1,-21.0,3.0,0,0,0,0,0,0,0,0.044444444444444446,45,2.449747340546714,3.115404024720192,3.2918695360422134,0,91
old_e17,20261193,1,1,63.0,1.0,1,1,0,0,0,0,0,0.021739130434782608,46,2.3904815316200256,2.9423274099826813,3.1031761318445206,0,91
old_e17,20261193,2,1,-21.0,3.0,0,0,0,0,0,0,0,0.06666666666666667,45,2.267309443818198,2.644724771380424,2.766592428088188,0,91
old_e17,20261193,3,1,-21.0,3.0,0,0,0,0,0,0,0,0.022222222222222223,45,2.3532983329561024,2.797706425189972,2.9026921838521957,0,91
old_e17,20261194,0,0,-8.0,2.5,0,0,0,0,0,0,0,0.0,60,2.4430433909098306,2.9251321218907833,3.0353665351867676,0,120
old_e17,20261194,1,0,-8.0,2.5,0,0,0,0,0,0,0,0.0,60,2.422296845664581,3.0431573279201984,3.08871828019619,0,120
old_e17,20261194,2,0,0.0,2.5,0,0,0,0,0,1,0,0.0,80,2.3829328594729304,2.985237631946802,3.1526871025562286,0,161
old_e17,20261194,3,0,-21.0,4.0,0,0,1,13,0,0,0,0.0,64,2.4192556738853455,3.0899887904524803,3.399845212697983,0,128
old_e17,20261195,0,0,36.0,1.0,1,0,0,0,0,0,0,0.047619047619047616,42,2.402842931804203,2.990769781172275,3.0583571642637253,0,84
old_e17,20261195,1,0,35.0,1.0,1,0,0,0,0,0,0,0.046511627906976744,43,2.3350172437900722,2.8963947668671604,3.0130520462989807,0,86
old_e17,20261195,2,0,-8.0,2.5,0,0,0,0,0,0,0,0.0,42,2.413740736388025,3.063391242176294,3.190644085407257,0,84
old_e17,20261195,3,0,-8.0,2.5,0,0,0,0,0,0,0,0.023809523809523808,42,2.360225832533269,3.0287149362266064,3.1454097479581833,0,84
old_e17,20261196,0,1,-29.0,4.0,0,0,1,21,0,0,0,0.03125,32,2.4303566897287965,2.9315642081201077,2.973567694425583,0,64
old_e17,20261196,1,1,49.0,1.0,1,0,0,0,0,0,0,0.0,39,2.457153481932787,3.1327392905950546,3.1961575150489807,0,78
old_e17,20261196,2,1,0.0,2.5,0,0,0,0,0,1,1,0.0,85,2.436598565648584,3.023996576666832,4.355998709797859,0,170
old_e17,20261196,3,1,0.0,2.5,0,0,0,0,0,1,1,0.011764705882352941,85,2.512695289709989,3.716663271188736,4.3685417622327805,0,170
old_e17,20261197,0,1,-8.0,2.5,0,0,0,0,0,0,0,0.02564102564102564,39,2.508447672694157,3.155294433236122,3.1764712184667587,0,78
old_e17,20261197,1,1,-18.0,3.0,0,0,0,0,0,0,0,0.0,34,2.397635403801413,2.9661444947123528,3.058621659874916,0,69
old_e17,20261197,2,1,35.0,1.0,1,0,0,0,0,0,0,0.02564102564102564,39,2.3359209776688843,2.99278125166893,3.186119720339775,0,78
old_e17,20261197,3,1,-8.0,2.5,0,0,0,0,0,0,0,0.10256410256410256,39,2.3072691491016974,2.8649475425481796,2.90684774518013,0,78
old_e17,20261198,0,0,32.0,1.0,1,0,0,0,0,0,0,0.03278688524590164,61,2.3633953733522386,2.6944205164909363,2.8953738510608673,0,122
old_e17,20261198,1,0,-16.0,4.0,0,0,1,8,0,0,0,0.017543859649122806,57,2.4081277089160786,2.9068782925605774,3.331094980239868,0,114
old_e17,20261198,2,0,-8.0,2.5,0,0,0,0,0,0,0,0.0,61,2.3971352665150754,3.025861456990242,3.291679546236992,0,122
old_e17,20261198,3,0,-8.0,2.5,0,0,0,0,0,0,0,0.0,34,2.3413825341883827,2.9106453992426395,2.936944365501404,0,68
old_e17,20261199,0,1,32.0,1.0,1,0,0,0,0,0,0,0.024390243902439025,41,2.3946599898541847,2.819141373038292,3.0204374343156815,0,82
old_e17,20261199,1,1,-8.0,2.5,0,0,0,0,0,0,0,0.023809523809523808,42,2.3743141265142533,2.9188006184995174,2.9686596244573593,0,84
old_e17,20261199,2,1,36.0,1.0,1,0,0,0,0,0,0,0.06060606060606061,33,2.266138114712455,2.684842422604561,2.7308929711580276,0,66
old_e17,20261199,3,1,-16.0,4.0,0,0,1,8,0,0,0,0.04878048780487805,41,2.307687908774469,2.7356334030628204,2.769824117422104,0,82
old_e17,20261200,0,0,-8.0,2.5,0,0,0,0,0,0,0,0.023809523809523808,42,2.4175969883799553,3.010705579072237,3.1373202800750732,0,84
old_e17,20261200,1,0,39.0,1.0,1,0,0,0,0,0,0,0.07142857142857142,42,2.346692074622427,2.8786299750208855,2.901459112763405,0,84
old_e17,20261200,2,0,-8.0,2.5,0,0,0,0,0,0,0,0.0,42,2.431101343106656,3.1328503973782063,3.175092861056328,0,84
old_e17,20261200,3,0,105.0,1.0,1,1,0,0,0,0,0,0.0,67,2.4449060212320357,3.241739794611931,3.3017583191394806,0,133
old_e17,20261201,0,3,-8.0,2.5,0,0,0,0,0,0,0,0.01694915254237288,59,2.3817057894953226,2.782714925706386,2.9305852949619293,0,118
old_e17,20261201,1,3,-8.0,2.5,0,0,0,0,0,0,0,0.012195121951219513,82,2.3923991475163437,3.0300545506179333,3.1917039304971695,0,164
old_e17,20261201,2,3,-19.0,4.0,0,0,1,11,0,0,0,0.02564102564102564,78,2.360889377693335,2.914604917168617,3.0851662158966064,0,156
old_e17,20261201,3,3,0.0,2.5,0,0,0,0,0,1,1,0.022727272727272728,88,2.3068404883484948,2.7561498805880547,2.871973440051079,0,176
old_e17,20261202,0,2,-16.0,3.0,0,0,0,0,0,0,0,0.0,48,2.446585373642544,2.9307697899639606,3.008725121617317,0,97
old_e17,20261202,1,2,-21.0,3.0,0,0,0,0,0,0,0,0.02040816326530612,49,2.459231878117639,3.2503567636013027,3.486955538392067,0,99
old_e17,20261202,2,2,-8.0,2.5,0,0,0,0,0,0,0,0.016666666666666666,60,2.352493411550919,2.97102527692914,3.0556991696357727,0,120
old_e17,20261202,3,2,-8.0,2.5,0,0,0,0,0,0,0,0.017543859649122806,57,2.335104176349807,2.821829542517662,2.9098745435476303,0,114
old_e17,20261203,0,3,-20.0,4.0,0,0,1,12,0,0,0,0.0,36,2.460186111016406,3.096022643148899,3.1800270080566406,0,72
old_e17,20261203,1,3,-22.0,3.0,0,0,0,0,0,0,0,0.016129032258064516,62,2.3788188193594255,2.8899545781314373,3.0322857201099396,0,125
old_e17,20261203,2,3,36.0,1.0,1,0,0,0,0,0,0,0.0,36,2.4222027924325733,3.18010151386261,3.3707525581121445,0,72
old_e17,20261203,3,3,-8.0,2.5,0,0,0,0,0,0,0,0.025,40,2.393488585948944,3.0889812856912613,3.2912082970142365,0,80
old_e17,20261204,0,2,-21.0,3.0,0,0,0,0,0,0,0,0.0,46,2.444279096696688,2.950977999716997,3.0131377279758453,0,93
old_e17,20261204,1,2,-21.0,3.0,0,0,0,0,0,0,0,0.0,46,2.4240430768417274,3.0073472298681736,3.1504780054092407,0,93
old_e17,20261204,2,2,63.0,1.0,1,1,0,0,0,0,0,0.0,47,2.3480026408078825,2.9445454478263855,3.0471161007881165,0,93
old_e17,20261204,3,2,-21.0,3.0,0,0,0,0,0,0,0,0.0,46,2.4502861677952437,3.1936978921294212,4.0544308722019196,0,93
old_e17,20261205,0,1,84.0,1.0,1,1,0,0,0,0,0,0.05970149253731343,67,2.3912757690717923,2.8320757672190666,3.2678749412298203,0,134
old_e17,20261205,1,1,-21.0,4.0,0,0,1,13,0,0,0,0.0,52,2.4708454282237935,3.1753762625157833,3.3128075301647186,0,104
old_e17,20261205,2,1,32.0,1.0,1,0,0,0,0,0,0,0.037037037037037035,54,2.318532413078679,2.7696882374584675,2.8595365583896637,0,109
old_e17,20261205,3,1,-28.0,3.0,0,0,0,0,0,0,0,0.0,65,2.485714451624797,3.217252716422081,3.4323427826166153,0,131
old_e17,20261206,0,1,36.0,1.0,1,0,0,0,0,0,0,0.022727272727272728,44,2.449207642877644,2.991642616689205,3.3897235989570618,0,88
old_e17,20261206,1,1,-20.0,4.0,0,0,1,12,0,0,0,0.022727272727272728,44,2.4843792515722187,3.2021370716392994,3.6135073751211166,0,88
old_e17,20261206,2,1,-34.0,3.0,0,0,0,0,0,0,0,0.0641025641025641,78,2.2844673158266606,2.6253400370478626,2.8668660670518875,0,156
old_e17,20261206,3,1,102.0,1.0,1,1,0,0,0,0,0,0.0,78,2.4527657824831133,3.1984736211597915,4.744427278637886,0,156
old_e17,20261207,0,0,-8.0,2.5,0,0,0,0,0,0,0,0.017857142857142856,56,2.428066650671618,2.8913854621350765,3.5517271608114243,0,112
old_e17,20261207,1,0,-8.0,2.5,0,0,0,0,0,0,0,0.0,65,2.5538461999251294,3.3930718898773193,5.086403340101242,0,130
old_e17,20261207,2,0,-27.0,4.0,0,0,1,19,0,0,0,0.0,37,2.3729909412764214,2.933916077017784,2.9553044587373734,0,74
old_e17,20261207,3,0,-16.0,4.0,0,0,1,8,0,0,0,0.0,38,2.5244934582396557,3.476425539702177,4.286866635084152,0,76
old_e17,20261208,0,0,-16.0,3.0,0,0,0,0,0,0,0,0.012345679012345678,81,2.461361250391713,3.0827149748802185,3.231927752494812,0,163
old_e17,20261208,1,0,40.0,1.0,1,0,0,0,0,0,0,0.037037037037037035,54,2.323607707189189,2.6904539205133915,2.855788916349411,0,108
old_e17,20261208,2,0,-16.0,3.0,0,0,0,0,0,0,0,0.012345679012345678,81,2.355740233152001,2.9437486082315445,3.046531230211258,0,163
old_e17,20261208,3,0,0.0,2.5,0,0,0,0,0,1,1,0.024390243902439025,82,2.338057656477137,2.7786539867520332,2.9784590005874634,0,164
old_e17,20261209,0,2,32.0,1.0,1,0,0,0,0,0,0,0.06896551724137931,29,2.3826649733658494,2.794754132628441,2.9321350157260895,0,58
old_e17,20261209,1,2,-8.0,2.5,0,0,0,0,0,0,0,0.034482758620689655,29,2.379134682745769,2.8275884687900543,3.074929118156433,0,58
old_e17,20261209,2,2,-24.0,3.0,0,0,0,0,0,0,0,0.03333333333333333,30,2.306863417228063,2.8225973248481746,2.895878627896309,0,61
old_e17,20261209,3,2,-8.0,2.5,0,0,0,0,0,0,0,0.06896551724137931,29,2.2689331451366685,2.676432952284813,2.7237236499786377,0,58
old_e17,20261210,0,1,-8.0,2.5,0,0,0,0,0,0,0,0.01818181818181818,55,2.4392537772655487,3.122405335307121,3.209071233868599,0,110
old_e17,20261210,1,1,33.0,1.0,1,0,0,0,0,0,0,0.04918032786885246,61,2.355592936033108,2.8465818613767624,2.858150750398636,0,122
old_e17,20261210,2,1,-8.0,2.5,0,0,0,0,0,0,0,0.020833333333333332,48,2.364866939994196,2.9307596385478973,2.990925684571266,0,96
old_e17,20261210,3,1,34.0,1.0,1,0,0,0,0,0,0,0.0,48,2.443976312254866,3.2453675754368305,3.4186094999313354,0,96
old_e17,20261211,0,3,-17.0,3.0,0,0,0,0,0,0,0,0.06976744186046512,43,2.403239351372386,2.9692312702536583,2.9848776757717133,0,87
old_e17,20261211,1,3,0.0,2.5,0,0,0,0,0,1,1,0.0449438202247191,89,2.3193759529778126,2.6874255388975143,2.9504653066396713,0,178
old_e17,20261211,2,3,-17.0,4.0,0,0,1,9,0,0,0,0.017543859649122806,57,2.4197390139625785,3.1786102801561356,3.270728513598442,0,114
old_e17,20261211,3,3,48.0,1.0,1,0,0,0,0,0,0,0.0,61,2.348004580765474,2.9959287494421005,3.0944310128688812,0,122
old_e17,20261212,0,3,-19.0,3.0,0,0,0,0,0,0,0,0.0625,32,2.380816964432597,2.765971887856722,2.954469993710518,0,65
old_e17,20261212,1,3,57.0,1.0,1,1,0,0,0,0,0,0.030303030303030304,33,2.3562994531609793,2.8964538127183914,2.977101132273674,0,65
old_e17,20261212,2,3,-19.0,3.0,0,0,0,0,0,0,0,0.0,32,2.380108227953315,3.059043362736702,3.0999816954135895,0,65
old_e17,20261212,3,3,-19.0,3.0,0,0,0,0,0,0,0,0.0,32,2.354462048970163,3.042312990874052,3.152022138237953,0,65
old_e17,20261213,0,1,-17.0,4.0,0,0,1,9,0,0,0,0.08571428571428572,35,2.374710834452084,2.8534840792417526,2.913227304816246,0,70
old_e17,20261213,1,1,33.0,1.0,1,0,0,0,0,0,0,0.037037037037037035,27,2.3661989166780755,2.864825911819935,2.8856024146080017,0,54
old_e17,20261213,2,1,-8.0,2.5,0,0,0,0,0,0,0,0.03225806451612903,31,2.3397788886101014,2.92969960719347,3.0454229563474655,0,62
old_e17,20261213,3,1,-8.0,2.5,0,0,0,0,0,0,0,0.0,27,2.388149637866903,3.0961763113737106,3.1299591064453125,0,54
old_e17,20261214,0,2,-8.0,2.5,0,0,0,0,0,0,0,0.044444444444444446,45,2.3660465247101254,2.7457397431135178,2.9472988098859787,0,90
old_e17,20261214,1,2,-8.0,2.5,0,0,0,0,0,0,0,0.06382978723404255,47,2.3951471803036144,2.7152037248015404,4.717595875263214,0,94
old_e17,20261214,2,2,34.0,1.0,1,0,0,0,0,0,0,0.014925373134328358,67,2.3707638202763315,2.9923832044005394,3.10574471950531,0,134
old_e17,20261214,3,2,-8.0,2.5,0,0,0,0,0,0,0,0.012195121951219513,82,2.4478755346158656,3.1547348015010357,4.373537376523018,0,163
old_e17,20261215,0,1,-22.0,4.0,0,0,1,14,0,0,0,0.023809523809523808,42,2.4489777694855417,2.9474813491106033,3.3326558768749237,0,84
old_e17,20261215,1,1,-8.0,2.5,0,0,0,0,0,0,0,0.025,40,2.365815220400691,2.932669036090374,2.979358658194542,0,80
old_e17,20261215,2,1,-8.0,2.5,0,0,0,0,0,0,0,0.0,41,2.3864462244801405,3.0033383518457413,3.0766576528549194,0,82
old_e17,20261215,3,1,-8.0,2.5,0,0,0,0,0,0,0,0.0,48,2.3870410320038595,3.069240227341652,3.0749887228012085,0,96
old_e17,20261216,0,0,10.0,2.0,0,0,0,0,0,0,0,0.016129032258064516,62,2.4033091481654876,2.9212888330221176,3.163721412420273,1,125
old_e17,20261216,1,0,-17.0,3.0,0,0,0,0,0,0,0,0.015873015873015872,63,2.431236325748383,2.844284661114216,5.890008062124252,0,126
old_e17,20261216,2,0,-21.0,3.0,0,0,0,0,0,0,0,0.0273972602739726,73,2.3703604477317364,2.8121087700128546,6.6300928592681885,0,147
old_e17,20261216,3,0,33.0,1.0,1,0,0,0,0,0,0,0.0,43,2.3881471174400906,3.1334107741713524,3.2468847930431366,0,86
old_e17,20261217,0,3,-18.0,3.0,0,0,0,0,0,0,0,0.0,68,2.5751231895650135,3.142900113016367,5.019249394536018,0,137
old_e17,20261217,1,3,-16.0,4.0,0,0,1,8,0,0,0,0.037037037037037035,27,2.475484722742328,3.152064234018326,3.9792153984308243,0,54
old_e17,20261217,2,3,-8.0,2.5,0,0,0,0,0,0,0,0.01694915254237288,59,2.347329631447792,2.8277756646275516,2.9783789068460464,0,118
old_e17,20261217,3,3,-17.0,4.0,0,0,1,9,0,0,0,0.01818181818181818,55,2.3483087732033296,2.910996973514557,2.9525477439165115,0,110
old_e17,20261218,0,1,-18.0,3.0,0,0,0,0,0,0,0,0.0,48,2.5048158519590893,3.227938711643219,3.3126622438430786,0,97
old_e17,20261218,1,1,-18.0,3.0,0,0,0,0,0,0,0,0.041666666666666664,48,2.350809246612092,2.844270598143339,2.92753241956234,0,97
old_e17,20261218,2,1,66.0,1.0,1,1,0,0,0,0,0,0.0196078431372549,51,2.3280002322851443,2.8386348858475685,2.8975531458854675,0,101
old_e17,20261218,3,1,-8.0,2.5,0,0,0,0,0,0,0,0.02857142857142857,35,2.3504374814885005,2.9197366908192635,2.9892250895500183,0,70
old_e17,20261219,0,1,-8.0,2.5,0,0,0,0,0,0,0,0.0,54,2.522547349885658,3.2912598922848697,3.435887396335602,0,108
old_e17,20261219,1,1,-19.0,3.0,0,0,0,0,0,0,0,0.061224489795918366,49,2.342051199200202,2.7106165885925293,2.9808413237333298,0,99
old_e17,20261219,2,1,54.0,1.0,1,1,0,0,0,0,0,0.027777777777777776,72,2.3229431309219866,2.772241085767746,2.976568415760994,0,143
old_e17,20261219,3,1,-19.0,3.0,0,0,0,0,0,0,0,0.02040816326530612,49,2.364942195768259,3.0176859349012375,3.206063061952591,0,99
old_e17,20261220,0,0,33.0,1.0,1,0,0,0,0,0,0,0.07142857142857142,42,2.353325175742308,2.710716612637043,2.9295049607753754,0,84
old_e17,20261220,1,0,-17.0,3.0,0,0,0,0,0,0,0,0.12,25,2.332460507750511,2.664627507328987,2.7080923318862915,0,51
old_e17,20261220,2,0,-17.0,3.0,0,0,0,0,0,0,0,0.08,25,2.3560260236263275,2.9937762767076492,3.0204039067029953,0,51
old_e17,20261220,3,0,51.0,1.0,1,1,0,0,0,0,0,0.0,26,2.406419899601203,3.2904939725995064,3.7739351391792297,0,51
old_e17,20261221,0,0,-18.0,4.0,0,0,1,10,0,0,0,0.04,25,2.464975193142891,2.976638078689575,2.9915738850831985,0,50
old_e17,20261221,1,0,-8.0,2.5,0,0,0,0,0,0,0,0.04,50,2.377144694328308,2.9649369418621063,3.1850095838308334,0,100
old_e17,20261221,2,0,-8.0,2.5,0,0,0,0,0,0,0,0.07142857142857142,28,2.2919728154582635,2.7727111242711544,2.816753461956978,0,56
old_e17,20261221,3,0,32.0,1.0,1,0,0,0,0,0,0,0.02,50,2.4118123576045036,3.2443856820464134,3.3114738762378693,0,100
old_e17,20261222,0,3,36.0,1.0,1,0,0,0,0,0,0,0.03773584905660377,53,2.383784443702338,2.8758037835359573,2.929549664258957,0,106
old_e17,20261222,1,3,-8.0,2.5,0,0,0,0,0,0,0,0.0,53,2.437760280269497,3.099524602293968,3.1768474727869034,0,106
old_e17,20261222,2,3,-21.0,3.0,0,0,0,0,0,0,0,0.017857142857142856,56,2.3535454446183786,2.935782540589571,3.0415430665016174,0,113
old_e17,20261222,3,3,-8.0,2.5,0,0,0,0,0,0,0,0.034482758620689655,29,2.429187490508474,2.919082343578338,5.425076931715012,0,58
old_e17,20261223,0,3,35.0,1.0,1,0,0,0,0,0,0,0.0625,32,2.3911125026643276,2.9112261720001698,3.0670184642076492,0,64
old_e17,20261223,1,3,-19.0,4.0,0,0,1,11,0,0,0,0.0,32,2.4314705515280366,3.1249167397618294,3.256959840655327,0,64
old_e17,20261223,2,3,-8.0,2.5,0,0,0,0,0,0,0,0.03125,32,2.329924376681447,2.8442407958209515,2.951333299279213,0,64
old_e17,20261223,3,3,-8.0,2.5,0,0,0,0,0,0,0,0.0,28,2.38654762506485,3.054215479642153,3.1633656471967697,0,56
old_e17,20261224,0,3,-8.0,2.5,0,0,0,0,0,0,0,0.0,37,2.438416050092594,3.062504157423973,3.1779538840055466,0,74
old_e17,20261224,1,3,-18.0,4.0,0,0,1,10,0,0,0,0.06578947368421052,76,2.2928525791748573,2.5498569011688232,2.7987994253635406,0,152
old_e17,20261224,2,3,-28.0,3.0,0,0,0,0,0,0,0,0.05263157894736842,38,2.3510814889481195,2.8846918605268,2.970883622765541,0,77
old_e17,20261224,3,3,-28.0,3.0,0,0,0,0,0,0,0,0.0,38,2.4150679084031204,3.1303166411817074,3.2071080058813095,0,77
old_e17,20261225,0,2,-34.0,3.0,0,0,0,0,0,0,0,0.0136986301369863,73,2.4569070043220913,3.025573492050171,3.489173948764801,0,147
old_e17,20261225,1,2,-34.0,3.0,0,0,0,0,0,0,0,0.0,73,2.4081678831414,3.064906969666481,3.0860640108585358,0,147
old_e17,20261225,2,2,32.0,1.0,1,0,0,0,0,0,0,0.047619047619047616,63,2.317784945406611,2.7786387130618095,3.194892778992653,0,126
old_e17,20261225,3,2,-8.0,2.5,0,0,0,0,0,0,0,0.015873015873015872,63,2.361032963981704,2.9293179512023926,3.194078803062439,0,126
old_e17,20261226,0,3,-8.0,2.5,0,0,0,0,0,0,0,0.09090909090909091,44,2.362767615440217,2.9137305915355687,3.0060261487960815,0,88
old_e17,20261226,1,3,-25.0,4.0,0,0,1,17,0,0,0,0.018518518518518517,54,2.4394247749889337,3.075974341481924,3.2517481595277786,0,108
old_e17,20261226,2,3,-16.0,4.0,0,0,1,8,0,0,0,0.0,28,2.329409654651369,2.94094355776906,2.97577865421772,0,56
old_e17,20261226,3,3,-8.0,2.5,0,0,0,0,0,0,0,0.10714285714285714,28,2.2796010598540306,2.727980352938175,2.749793231487274,0,56
old_e17,20261227,0,1,40.0,1.0,1,0,0,0,0,0,0,0.028985507246376812,69,2.440185218617536,3.07544469833374,3.3813677728176117,0,139
old_e17,20261227,1,1,-8.0,2.5,0,0,0,0,0,0,0,0.03225806451612903,62,2.3500809385891883,2.8388256207108498,2.9359571635723114,0,125
old_e17,20261227,2,1,-20.0,4.0,0,0,1,12,0,0,0,0.028985507246376812,69,2.3822643240724783,2.933911234140396,3.1667277216911316,0,139
old_e17,20261227,3,1,-8.0,2.5,0,0,0,0,0,0,0,0.02857142857142857,70,2.3557249988828386,2.9777669347822666,3.0571650713682175,0,139
old_e17,20261228,0,2,-8.0,2.5,0,0,0,0,0,0,0,0.0,60,2.418189433713754,2.972297742962837,3.0419137328863144,0,120
old_e17,20261228,1,2,-8.0,2.5,0,0,0,0,0,0,0,0.0,56,2.3843467767749513,2.954650204628706,2.977794036269188,0,112
old_e17,20261228,2,2,34.0,1.0,1,0,0,0,0,0,0,0.0,84,2.4553125147663413,3.4118237905204296,3.5402774810791016,0,168
old_e17,20261228,3,2,-32.0,4.0,0,0,1,24,0,0,0,0.046875,64,2.312372060259804,2.9386674985289574,2.9929131269454956,0,128
old_e17,20261229,0,2,-8.0,2.5,0,0,0,0,0,0,0,0.0,32,2.4777946528047323,3.130563348531723,3.184337168931961,0,64
old_e17,20261229,1,2,-8.0,2.5,0,0,0,0,0,0,0,0.0,32,2.407665946520865,3.0411732383072376,3.0837208032608032,0,64
old_e17,20261229,2,2,35.0,1.0,1,0,0,0,0,0,0,0.0,32,2.4109830264933407,3.0842932872474194,3.316005691885948,0,64
old_e17,20261229,3,2,-19.0,4.0,0,0,1,11,0,0,0,0.08333333333333333,12,2.388104796409607,3.002685122191906,3.0319374054670334,0,24
old_e17,20261230,0,2,-19.0,3.0,0,0,0,0,0,0,0,0.0,47,2.460131976515689,3.048611432313919,3.096234053373337,0,95
old_e17,20261230,1,2,54.0,1.0,1,1,0,0,0,0,0,0.0,48,2.475680666975677,3.281921334564686,3.3614765852689743,0,95
old_e17,20261230,2,2,-19.0,3.0,0,0,0,0,0,0,0,0.06382978723404255,47,2.2951680374272327,2.705712243914604,2.878231927752495,0,95
old_e17,20261230,3,2,-19.0,3.0,0,0,0,0,0,0,0,0.0425531914893617,47,2.310914324319109,2.7243593707680698,2.833506092429161,0,95
old_e17,20261231,0,3,-20.0,3.0,0,0,0,0,0,0,0,0.03571428571428571,56,2.3910969695342437,2.8533716686069965,2.8974823653697968,0,113
old_e17,20261231,1,3,-20.0,3.0,0,0,0,0,0,0,0,0.019230769230769232,52,2.3959152615414214,2.904874738305807,2.9880963265895844,0,105
old_e17,20261231,2,3,-20.0,3.0,0,0,0,0,0,0,0,0.017857142857142856,56,2.3519002300287997,2.936495468020439,3.3672787249088287,0,113
old_e17,20261231,3,3,-20.0,3.0,0,0,0,0,0,0,0,0.017857142857142856,56,2.381939041827406,3.0367388390004635,3.238726407289505,0,113
old_e17,20261232,0,0,32.0,1.0,1,0,0,0,0,0,0,0.03125,32,2.430418273434043,3.0050253495573997,3.0808839946985245,0,64
old_e17,20261232,1,0,-16.0,4.0,0,0,1,8,0,0,0,0.05,60,2.3656898799041906,2.908002771437168,3.0497219413518906,0,120
old_e17,20261232,2,0,-8.0,2.5,0,0,0,0,0,0,0,0.09375,32,2.304229768924415,2.7221888303756714,2.901937812566757,0,64
old_e17,20261232,3,0,32.0,1.0,1,0,0,0,0,0,0,0.0625,32,2.3125355364754796,2.875314559787512,3.019588068127632,0,64
old_e17,20261233,0,2,-18.0,3.0,0,0,0,0,0,0,0,0.0625,48,2.4155296850949526,2.950101066380739,3.0103083699941635,0,97
old_e17,20261233,1,2,-28.0,4.0,0,0,1,20,0,0,0,0.057692307692307696,52,2.3083421043478527,2.6601538993418217,2.8670281171798706,0,104
old_e17,20261233,2,2,-8.0,2.5,0,0,0,0,0,0,0,0.04081632653061224,49,2.350923016059155,3.0198466032743454,3.113985061645508,0,98
old_e17,20261233,3,2,-8.0,2.5,0,0,0,0,0,0,0,0.0,52,2.480267690351376,3.4165828488767143,3.686361014842987,0,104
old_e17,20261234,0,2,-8.0,2.5,0,0,0,0,0,0,0,0.03389830508474576,59,2.3819226140187957,2.863301895558834,2.9781199991703033,0,118
old_e17,20261234,1,2,-19.0,3.0,0,0,0,0,0,0,0,0.01694915254237288,59,2.3642508155208524,2.9307346791028976,3.008391708135605,0,119
old_e17,20261234,2,2,-19.0,3.0,0,0,0,0,0,0,0,0.05084745762711865,59,2.3202712063567112,2.7199355885386467,2.934427931904793,0,119
old_e17,20261234,3,2,-8.0,2.5,0,0,0,0,0,0,0,0.03389830508474576,59,2.305637666229474,2.8613267466425896,2.910001203417778,0,118
old_e17,20261235,0,0,-8.0,2.5,0,0,0,0,0,0,0,0.0,40,2.391764661297202,2.9079588130116463,2.9508210718631744,0,80
old_e17,20261235,1,0,-18.0,4.0,0,0,1,10,0,0,0,0.05,40,2.3363771848380566,2.756454143673181,2.8819050639867783,0,80
old_e17,20261235,2,0,-8.0,2.5,0,0,0,0,0,0,0,0.075,40,2.3010744713246822,2.665561158210039,2.9188059270381927,0,80
old_e17,20261235,3,0,34.0,1.0,1,0,0,0,0,0,0,0.025,40,2.387904468923807,3.084674291312694,3.182467073202133,0,80
old_e17,20261236,0,0,-8.0,2.5,0,0,0,0,0,0,0,0.021739130434782608,46,2.415552330405816,2.894170116633177,2.98289954662323,0,92
old_e17,20261236,1,0,-17.0,4.0,0,0,1,9,0,0,0,0.044444444444444446,45,2.36145733959145,2.9017258435487747,2.941437065601349,0,90
old_e17,20261236,2,0,-16.0,4.0,0,0,1,8,0,0,0,0.0,42,2.449363026590574,3.228709287941456,3.6003384739160538,0,84
old_e17,20261236,3,0,33.0,1.0,1,0,0,0,0,0,0,0.04,25,2.3003628104925156,2.850985899567604,2.934979274868965,0,50
old_e17,20261237,0,0,0.0,2.5,0,0,0,0,0,1,1,0.03225806451612903,93,2.397055427233378,2.940531447529793,3.0592791736125946,0,186
old_e17,20261237,1,0,-16.0,3.0,0,0,0,0,0,0,0,0.04,75,2.326152523358663,2.666953206062317,3.0868519097566605,0,151
old_e17,20261237,2,0,-18.0,4.0,0,0,1,10,0,0,0,0.014705882352941176,68,2.3598082582740223,2.935391291975975,2.9908400028944016,0,136
old_e17,20261237,3,0,33.0,1.0,1,0,0,0,0,0,0,0.013888888888888888,72,2.3464557663020162,2.942659519612789,3.0459221452474594,0,144
old_e17,20261238,0,3,10.0,2.0,0,0,0,0,0,0,0,0.014925373134328358,67,2.423990239847952,2.9631756246089935,3.2211225479841232,1,135
old_e17,20261238,1,3,-8.0,2.5,0,0,0,0,0,0,0,0.03571428571428571,84,2.3556672302739963,2.804515603929758,2.8708521276712418,0,168
old_e17,20261238,2,3,48.0,1.0,1,1,0,0,0,0,0,0.0,44,2.3840853351760996,3.1321899965405464,3.1804442405700684,0,87
old_e17,20261238,3,3,-20.0,4.0,0,0,1,12,0,0,0,0.03125,64,2.3732327099423856,3.075335081666708,3.107493743300438,0,128
old_e17,20261239,0,3,34.0,1.0,1,0,0,0,0,0,0,0.045454545454545456,66,2.3663424124771897,2.8740419074892998,2.994909882545471,0,132
old_e17,20261239,1,3,-19.0,4.0,0,0,1,11,0,0,0,0.0,47,2.4312220196774663,3.1873608008027077,3.577873110771179,0,94
old_e17,20261239,2,3,-19.0,4.0,0,0,1,11,0,0,0,0.05555555555555555,54,2.3059613174862332,2.7426844462752342,2.7942564338445663,0,108
old_e17,20261239,3,3,-8.0,2.5,0,0,0,0,0,0,0,0.0784313725490196,51,2.2848636715435515,2.6497114449739456,2.707844600081444,0,102
old_e17,20261240,0,3,-21.0,4.0,0,0,1,13,0,0,0,0.030303030303030304,33,2.4825322695753793,3.1690023839473724,3.4927241504192352,0,66
old_e17,20261240,1,3,37.0,1.0,1,0,0,0,0,0,0,0.045454545454545456,44,2.348976463756778,2.894658874720335,2.917524427175522,0,88
old_e17,20261240,2,3,-8.0,2.5,0,0,0,0,0,0,0,0.0,40,2.4025474674999714,3.1252761371433735,3.174480050802231,0,80
old_e17,20261240,3,3,-21.0,4.0,0,0,1,13,0,0,0,0.0,40,2.417231211438775,3.0960931442677975,3.191394731402397,0,80
old_e17,20261241,0,0,-8.0,2.5,0,0,0,0,0,0,0,0.025,40,2.5183909572660923,3.333107102662325,3.618679940700531,0,80
old_e17,20261241,1,0,-25.0,4.0,0,0,1,17,0,0,0,0.07272727272727272,55,2.331146462397142,2.6568999513983727,2.9175467789173126,0,111
old_e17,20261241,2,0,41.0,1.0,1,0,0,0,0,0,0,0.05454545454545454,55,2.263118021867492,2.6311585679650307,2.6825424283742905,0,111
old_e17,20261241,3,0,34.0,1.0,1,0,0,0,0,0,0,0.024390243902439025,41,2.329402580493834,2.7795135974884033,2.8092097491025925,0,82
old_e17,20261242,0,0,-16.0,4.0,0,0,1,8,0,0,0,0.05263157894736842,38,2.4051299612773094,2.949572168290615,3.0457619577646255,0,76
old_e17,20261242,1,0,-18.0,4.0,0,0,1,10,0,0,0,0.07317073170731707,41,2.346394583582878,2.733394503593445,2.83990241587162,0,82
old_e17,20261242,2,0,32.0,1.0,1,0,0,0,0,0,0,0.024390243902439025,41,2.3096947953468416,2.857424318790436,2.9678158462047577,0,82
old_e17,20261242,3,0,-8.0,2.5,0,0,0,0,0,0,0,0.07692307692307693,39,2.2899748232120123,2.82242801040411,2.8549116104841232,0,78
old_e17,20261243,0,2,99.0,1.0,1,1,0,0,0,0,0,0.02702702702702703,37,2.3786409481151685,2.788282185792923,2.95414961874485,0,73
old_e17,20261243,1,2,-29.0,3.0,0,0,0,0,0,0,0,0.047619047619047616,42,2.341641423602899,2.8559649363160133,2.877701073884964,0,85
old_e17,20261243,2,2,-28.0,4.0,0,0,1,20,0,0,0,0.0,23,2.376544653721478,2.927902527153492,3.0354224145412445,0,46
old_e17,20261243,3,2,-8.0,2.5,0,0,0,0,0,0,0,0.0,26,2.360823994072584,2.9381336644291878,2.952001988887787,0,52
old_e17,20261244,0,3,-19.0,4.0,0,0,1,11,0,0,0,0.0,33,2.478381788188761,3.023648262023926,3.1363796442747116,0,66
old_e17,20261244,1,3,-18.0,4.0,0,0,1,10,0,0,0,0.0,54,2.396913038359748,2.9505515471100807,3.1620748341083527,0,108
old_e17,20261244,2,3,-8.0,2.5,0,0,0,0,0,0,0,0.0,49,2.3852308109706764,2.961183339357376,2.9897578060626984,0,98
old_e17,20261244,3,3,36.0,1.0,1,0,0,0,0,0,0,0.02127659574468085,47,2.3482152597701296,2.8877275064587593,2.9737520962953568,0,94
old_e17,20261245,0,1,-8.0,2.5,0,0,0,0,0,0,0,0.037037037037037035,54,2.419909945240727,2.9639200307428832,3.1035374850034714,0,108
old_e17,20261245,1,1,-23.0,4.0,0,0,1,15,0,0,0,0.04477611940298507,67,2.3734981833554025,2.9677949845790863,3.216605633497238,0,134
old_e17,20261245,2,1,-8.0,2.5,0,0,0,0,0,0,0,0.019230769230769232,52,2.3275451877942452,2.7422291226685047,2.9048603028059006,0,104
old_e17,20261245,3,1,10.0,2.0,0,0,0,0,0,0,0,0.0,76,2.415881810807868,3.1532924622297287,3.2023563981056213,1,153
old_e17,20261246,0,1,-8.0,2.5,0,0,0,0,0,0,0,0.03333333333333333,60,2.399069412300984,2.912426181137562,2.990957349538803,0,119
old_e17,20261246,1,1,48.0,1.0,1,1,0,0,0,0,0,0.0,37,2.6269990548088744,4.30345982313156,4.514537751674652,0,74
old_e17,20261246,2,1,-8.0,2.5,0,0,0,0,0,0,0,0.03389830508474576,59,2.353641251891346,2.9420085251331325,3.1515508890151978,0,119
old_e17,20261246,3,1,-18.0,4.0,0,0,1,10,0,0,0,0.03389830508474576,59,2.407215093657122,2.9681490734219547,3.362515941262245,0,119
old_e17,20261247,0,0,-32.0,4.0,0,0,1,24,0,0,0,0.03636363636363636,55,2.3814544081687927,2.7383659034967422,3.0250679701566696,0,110
old_e17,20261247,1,0,-8.0,2.5,0,0,0,0,0,0,0,0.02702702702702703,37,2.3756676126976273,2.936611324548721,3.031861037015915,0,74
old_e17,20261247,2,0,48.0,1.0,1,0,0,0,0,0,0,0.03636363636363636,55,2.35090550373901,2.8805097565054893,3.050686791539192,0,110
old_e17,20261247,3,0,-8.0,2.5,0,0,0,0,0,0,0,0.01818181818181818,55,2.3841997439211067,3.0205562710762024,3.1610000878572464,0,110
old_e17,20261248,0,2,69.0,1.0,1,1,0,0,0,0,0,0.0,25,2.4577536433935165,3.084757551550865,3.1158048659563065,0,49
old_e17,20261248,1,2,-23.0,3.0,0,0,0,0,0,0,0,0.07692307692307693,26,2.3509288349976907,2.8865355998277664,2.949867397546768,0,53
old_e17,20261248,2,2,-23.0,3.0,0,0,0,0,0,0,0,0.0,24,2.4017099446306625,3.057285398244858,3.0713025480508804,0,49
old_e17,20261248,3,2,-23.0,3.0,0,0,0,0,0,0,0,0.041666666666666664,24,2.3427740670740604,2.909327857196331,2.947535365819931,0,49
old_e17,20261249,0,2,33.0,1.0,1,0,0,0,0,0,0,0.037037037037037035,54,2.500453584448055,3.150286152958869,3.368563950061798,0,108
old_e17,20261249,1,2,-26.0,4.0,0,0,1,18,0,0,0,0.0,40,2.428474836051464,3.048382420092821,3.163931891322136,0,80
old_e17,20261249,2,2,-16.0,4.0,0,0,1,8,0,0,0,0.06666666666666667,45,2.3784077829784818,3.008319064974785,3.219436854124069,0,90
old_e17,20261249,3,2,-18.0,3.0,0,0,0,0,0,0,0,0.05357142857142857,56,2.3235099257103036,2.8800908476114273,2.9676221311092377,0,113
old_e17,20261250,0,3,35.0,1.0,1,0,0,0,0,0,0,0.05357142857142857,56,2.3510719183832407,2.7269599959254265,2.8558075428009033,0,112
old_e17,20261250,1,3,-8.0,2.5,0,0,0,0,0,0,0,0.03333333333333333,60,2.392632638414701,3.0658556148409843,3.1727757304906845,0,120
old_e17,20261250,2,3,-19.0,4.0,0,0,1,11,0,0,0,0.03571428571428571,56,2.366783529786127,3.0304943211376667,3.09784896671772,0,112
old_e17,20261250,3,3,-8.0,2.5,0,0,0,0,0,0,0,0.0,67,2.3673955740323707,2.928968332707882,3.0085761100053787,0,134
old_e17,20261251,0,3,-18.0,3.0,0,0,0,0,0,0,0,0.030303030303030304,33,2.484816944960392,3.181292489171028,3.2517053186893463,0,67
old_e17,20261251,1,3,-18.0,3.0,0,0,0,0,0,0,0,0.0,33,2.3837244194565397,2.9625482857227325,2.9664356261491776,0,67
old_e17,20261251,2,3,47.0,1.0,1,0,0,0,0,0,0,0.03125,32,2.3766863741911948,2.9537612572312355,2.99656018614769,0,64
old_e17,20261251,3,3,33.0,1.0,1,0,0,0,0,0,0,0.058823529411764705,34,2.3628096917972847,2.9476850293576717,3.048248589038849,0,68
old_e17,20261252,0,3,-30.0,4.0,0,0,0,0,0,0,0,0.0,71,2.52996070284239,3.3144233748316765,3.466375172138214,1,141
old_e17,20261252,1,3,0.0,2.5,0,0,0,0,0,1,1,0.023809523809523808,84,2.3668609293443814,2.837244514375925,2.8912927955389023,0,168
old_e17,20261252,2,3,-8.0,2.5,0,0,0,0,0,0,0,0.024691358024691357,81,2.4065609653422864,3.108339384198189,3.354068845510483,0,162
old_e17,20261252,3,3,-8.0,2.5,0,0,0,0,0,0,0,0.0,83,2.3887213095124946,2.99985371530056,3.1431615352630615,0,166
old_e17,20261253,0,1,32.0,1.0,1,0,0,0,0,0,0,0.0,36,2.46446051945289,3.0936086550354958,3.305027261376381,0,73
old_e17,20261253,1,1,-8.0,2.5,0,0,0,0,0,0,0,0.0,36,2.446189574483368,3.184629138559103,3.224307671189308,0,73
old_e17,20261253,2,1,-8.0,2.5,0,0,0,0,0,0,0,0.05405405405405406,37,2.325837022146663,2.759487926959991,2.8651654720306396,0,73
old_e17,20261253,3,1,-16.0,4.0,0,0,1,8,0,0,0,0.027777777777777776,36,2.3585654691689544,2.93942354619503,3.016522154211998,0,73
old_e17,20261254,0,3,-20.0,4.0,0,0,1,12,0,0,0,0.02040816326530612,49,2.4953276223065903,3.282521292567253,3.5013407468795776,0,98
old_e17,20261254,1,3,-8.0,2.5,0,0,0,0,0,0,0,0.02040816326530612,49,2.3759364017418454,2.914552390575409,2.9843132942914963,0,98
old_e17,20261254,2,3,-8.0,2.5,0,0,0,0,0,0,0,0.02040816326530612,49,2.3906562781455567,3.1622428447008133,3.3908262848854065,0,98
old_e17,20261254,3,3,36.0,1.0,1,0,0,0,0,0,0,0.0,49,2.3394123251949037,2.876850590109825,2.9372703284025192,0,98
old_e17,20261255,0,3,-16.0,4.0,0,0,1,8,0,0,0,0.0,31,2.46798541517027,3.0568651854991913,3.3064614981412888,0,62
old_e17,20261255,1,3,32.0,1.0,1,0,0,0,0,0,0,0.0,35,2.4365455444369997,3.219127655029297,3.3902116119861603,0,70
old_e17,20261255,2,3,-8.0,2.5,0,0,0,0,0,0,0,0.06451612903225806,31,2.3237891014545196,2.9321862384676933,2.9491428285837173,0,62
old_e17,20261255,3,3,-8.0,2.5,0,0,0,0,0,0,0,0.12903225806451613,31,2.259192267252553,2.6460541412234306,2.6896707713603973,0,62
old_e17,20261256,0,2,0.0,2.5,0,0,0,0,0,1,1,0.04597701149425287,87,2.36572434419188,2.8049549087882046,2.9504522681236267,0,174
old_e17,20261256,1,2,-17.0,4.0,0,0,1,9,0,0,0,0.0,62,2.439584072318769,3.1629004515707493,3.3475738018751144,0,124
old_e17,20261256,2,2,33.0,1.0,1,0,0,0,0,0,0,0.03225806451612903,62,2.3562801521151298,2.9082889668643475,2.980681136250496,0,124
old_e17,20261256,3,2,-29.0,3.0,0,0,0,0,0,0,0,0.017857142857142856,56,2.354366605037025,2.910558134317398,3.393160179257393,0,113
old_e17,20261257,0,2,35.0,1.0,1,0,0,0,0,0,0,0.041666666666666664,72,2.420396078377962,2.8846612200140953,3.0869189649820328,0,143
old_e17,20261257,1,2,-8.0,2.5,0,0,0,0,0,0,0,0.046875,64,2.336185658350587,2.8448299504816528,2.88311205804348,0,128
old_e17,20261257,2,2,0.0,2.5,0,0,0,0,0,1,1,0.012658227848101266,79,2.3401717690727377,2.7507068589329715,3.2755285501480103,0,159
old_e17,20261257,3,2,-8.0,2.5,0,0,0,0,0,0,0,0.01818181818181818,55,2.385205165906386,2.947562374174595,2.9723048210144043,0,110
old_e17,20261258,0,3,33.0,1.0,1,0,0,0,0,0,0,0.0273972602739726,73,2.421191319415014,2.9664505273103705,3.3668596297502518,0,146
old_e17,20261258,1,3,-8.0,2.5,0,0,0,0,0,0,0,0.0,60,2.45116725564003,3.0874370597302914,3.1846724450588226,0,120
old_e17,20261258,2,3,-17.0,4.0,0,0,1,9,0,0,0,0.0,73,2.4748061566728436,3.3564720302820206,3.494143486022949,0,146
old_e17,20261258,3,3,-17.0,4.0,0,0,1,9,0,0,0,0.0,62,2.434377228060076,3.138263802975416,3.3318977802991867,0,124
old_e17,20261259,0,1,-19.0,4.0,0,0,1,11,0,0,0,0.0,49,2.5323452237917454,3.410830348730087,3.4768767654895782,0,98
old_e17,20261259,1,1,-8.0,2.5,0,0,0,0,0,0,0,0.045454545454545456,44,2.3364688439125363,2.8819797560572624,2.965424209833145,0,88
old_e17,20261259,2,1,-8.0,2.5,0,0,0,0,0,0,0,0.024390243902439025,41,2.356994760836043,2.793731167912483,3.155527636408806,0,82
old_e17,20261259,3,1,34.0,1.0,1,0,0,0,0,0,0,0.0,41,2.4066071321324602,3.115195780992508,3.3947043120861053,0,82
old_e17,20261260,0,1,33.0,1.0,1,0,0,0,0,0,0,0.06666666666666667,30,2.381533943116665,2.83096944913268,2.9443595558404922,0,60
old_e17,20261260,1,1,-30.0,3.0,0,0,0,0,0,0,0,0.0,32,2.386142557952553,2.933970093727112,2.938374876976013,0,65
old_e17,20261260,2,1,-30.0,3.0,0,0,0,0,0,0,0,0.0,31,2.365281985652062,2.9899422079324722,3.042563796043396,0,63
old_e17,20261260,3,1,-30.0,3.0,0,0,0,0,0,0,0,0.06451612903225806,31,2.3329372728063213,2.932613715529442,2.9783695936203003,0,63
old_e17,20261261,0,2,-17.0,4.0,0,0,1,9,0,0,0,0.02702702702702703,37,2.4112526931472726,2.9221229255199432,2.9360968619585037,0,74
old_e17,20261261,1,2,-8.0,2.5,0,0,0,0,0,0,0,0.0,37,2.389207129945626,2.9146242886781693,2.956835553050041,0,74
old_e17,20261261,2,2,-18.0,4.0,0,0,1,10,0,0,0,0.0,37,2.3918916043397545,3.031865879893303,3.0485503375530243,0,74
old_e17,20261261,3,2,-26.0,4.0,0,0,1,18,0,0,0,0.038461538461538464,52,2.2858438941721735,2.6393022388219833,2.698363736271858,0,104
old_e17,20261262,0,0,0.0,2.5,0,0,0,0,0,1,0,0.04597701149425287,87,2.3702428858170563,2.697634883224964,2.9441174119710922,0,174
old_e17,20261262,1,0,33.0,1.0,1,0,0,0,0,0,0,0.025,80,2.3572157602757215,2.747049555182457,3.4423209726810455,0,160
old_e17,20261262,2,0,0.0,2.5,0,0,0,0,0,1,1,0.022222222222222223,90,2.398063987493515,3.07909594848752,3.399038687348366,0,180
old_e17,20261262,3,0,32.0,1.0,1,0,0,0,0,0,0,0.05263157894736842,57,2.3145589389299093,2.9280155897140503,2.959335222840309,0,114
old_e17,20261263,0,3,40.0,1.0,1,0,0,0,0,0,0,0.028985507246376812,69,2.415767452423123,2.9307805001735687,3.28037329018116,0,138
old_e17,20261263,1,3,36.0,1.0,1,0,0,0,0,0,0,0.043478260869565216,46,2.4523641104283542,3.205372951924801,3.350812941789627,0,92
old_e17,20261263,2,3,-8.0,2.5,0,0,0,0,0,0,0,0.021739130434782608,46,2.337593544760476,2.812888938933611,2.8548389673233032,0,92
old_e17,20261263,3,3,33.0,1.0,1,0,0,0,0,0,0,0.06976744186046512,43,2.314156224561292,2.8595976531505585,2.925146371126175,0,86
old_e17,20261264,0,3,-17.0,3.0,0,0,0,0,0,0,0,0.0136986301369863,73,2.4337273550360172,3.020622581243515,3.1281523406505585,0,147
old_e17,20261264,1,3,-22.0,4.0,0,0,1,14,0,0,0,0.0136986301369863,73,2.398924085579506,2.932294458150863,2.995867282152176,0,146
old_e17,20261264,2,3,-8.0,2.5,0,0,0,0,0,0,0,0.0410958904109589,73,2.3293376785435087,2.9232490807771683,3.0046608299016953,0,146
old_e17,20261264,3,3,-30.0,4.0,0,0,0,0,0,0,0,0.0,59,2.5158217018943723,3.5561645403504367,3.784576430916786,1,117
old_e17,20261265,0,0,-8.0,2.5,0,0,0,0,0,0,0,0.13333333333333333,15,2.39196407298247,2.8630435466766357,2.9144231230020523,0,30
old_e17,20261265,1,0,-27.0,3.0,0,0,0,0,0,0,0,0.058823529411764705,17,2.4678710409823585,3.126973658800125,3.140997141599655,0,35
old_e17,20261265,2,0,42.0,1.0,1,0,0,0,0,0,0,0.06666666666666667,15,2.3306161165237427,2.7798980474472046,2.9055997729301453,0,30
old_e17,20261265,3,0,-8.0,2.5,0,0,0,0,0,0,0,0.0,15,2.293421203891436,2.917248196899891,2.9183942824602127,0,30
old_e17,20261266,0,1,-8.0,2.5,0,0,0,0,0,0,0,0.046875,64,2.3825344105716795,2.820520475506782,2.9361117631196976,0,128
old_e17,20261266,1,1,-8.0,2.5,0,0,0,0,0,0,0,0.018867924528301886,53,2.3878948798157134,3.00346240401268,3.0300691723823547,0,106
old_e17,20261266,2,1,-8.0,2.5,0,0,0,0,0,0,0,0.011904761904761904,84,2.3761755299000513,3.0372602865099907,3.128165379166603,0,168
old_e17,20261266,3,1,-17.0,4.0,0,0,1,9,0,0,0,0.0,66,2.4391640767906653,3.1801704317331314,3.3846143633127213,0,132
old_e17,20261267,0,1,-8.0,2.5,0,0,0,0,0,0,0,0.0,61,2.422867312294538,2.989925444126129,3.036024048924446,0,122
old_e17,20261267,1,1,-24.0,4.0,0,0,1,16,0,0,0,0.02,50,2.395956441760063,2.9997839592397213,3.047958016395569,0,100
old_e17,20261267,2,1,-8.0,2.5,0,0,0,0,0,0,0,0.03636363636363636,55,2.36111544072628,2.966468408703804,3.0944719910621643,0,110
old_e17,20261267,3,1,-8.0,2.5,0,0,0,0,0,0,0,0.017543859649122806,57,2.3718059651161494,2.9303405433893204,2.9851365834474564,0,114
old_e17,20261268,0,1,-8.0,2.5,0,0,0,0,0,0,0,0.0,51,2.449271177836493,3.017525188624859,3.098689019680023,0,102
old_e17,20261268,1,1,39.0,1.0,1,0,0,0,0,0,0,0.011904761904761904,84,2.38504996966748,2.9251815751194954,3.107510507106781,0,168
old_e17,20261268,2,1,-30.0,3.0,0,0,0,0,0,0,0,0.015384615384615385,65,2.34528395992059,2.851497009396553,2.9733963310718536,0,131
old_e17,20261268,3,1,-8.0,2.5,0,0,0,0,0,0,0,0.0,51,2.3995104300625183,3.073981963098049,3.175158053636551,0,102
old_e17,20261269,0,3,48.0,1.0,1,0,0,0,0,0,0,0.0,30,2.418824036916097,2.960754558444023,3.56985442340374,0,60
old_e17,20261269,1,3,-8.0,2.5,0,0,0,0,0,0,0,0.0,30,2.421509474515915,3.1236127018928523,3.264535218477249,0,60
old_e17,20261269,2,3,-8.0,2.5,0,0,0,0,0,0,0,0.03333333333333333,30,2.376859076321125,3.002673853188753,3.07529978454113,0,60
old_e17,20261269,3,3,-32.0,4.0,0,0,1,24,0,0,0,0.0,30,2.3719718058904014,2.974528167396784,3.003513440489769,0,60
old_e17,20261270,0,0,-8.0,2.5,0,0,0,0,0,0,0,0.0,67,2.458447840676379,2.986510843038559,3.2295286655426025,0,134
old_e17,20261270,1,0,-35.0,4.0,0,0,1,27,0,0,0,0.0,70,2.419656834432057,3.063100017607212,3.133947029709816,0,140
old_e17,20261270,2,0,-20.0,3.0,0,0,0,0,0,0,0,0.014285714285714285,70,2.3592823318072726,2.8923562727868557,3.013819456100464,0,141
old_e17,20261270,3,0,-26.0,4.0,0,0,1,18,0,0,0,0.014925373134328358,67,2.3677057739514025,2.926637977361679,3.1430069357156754,0,134
old_e17,20261271,0,1,-8.0,2.5,0,0,0,0,0,0,0,0.04081632653061224,49,2.429808204879566,2.9232632368803024,3.4614335745573044,0,98
old_e17,20261271,1,1,-8.0,2.5,0,0,0,0,0,0,0,0.0,49,2.4511566271587295,3.269733488559722,3.400459885597229,0,98
old_e17,20261271,2,1,-32.0,4.0,0,0,1,24,0,0,0,0.022222222222222223,45,2.375781536102295,3.0000753700733185,3.017151728272438,0,90
old_e17,20261271,3,1,48.0,1.0,1,0,0,0,0,0,0,0.0,49,2.403902308065064,3.0123859643936157,3.0401963740587234,0,98
old_e17,20261272,0,3,-8.0,2.5,0,0,0,0,0,0,0,0.02631578947368421,38,2.4136476904938093,2.951862569898367,2.964526414871216,0,76
old_e17,20261272,1,3,-8.0,2.5,0,0,0,0,0,0,0,0.0,41,2.377358333366673,2.8835423290729523,2.9067154973745346,0,82
old_e17,20261272,2,3,33.0,1.0,1,0,0,0,0,0,0,0.02631578947368421,38,2.3542210753811035,2.8691360726952553,2.921527251601219,0,76
old_e17,20261272,3,3,-8.0,2.5,0,0,0,0,0,0,0,0.0,38,2.3613263313707553,2.945523429661989,2.996746450662613,0,76
old_e17,20261273,0,3,37.0,1.0,1,0,0,0,0,0,0,0.0,40,2.4655493441969156,3.1221327371895313,3.2556336373090744,0,81
old_e17,20261273,1,3,-21.0,4.0,0,0,1,13,0,0,0,0.025,40,2.437433088198304,3.1635621562600136,3.311712294816971,0,81
old_e17,20261273,2,3,60.0,1.0,1,1,0,0,0,0,0,0.047619047619047616,42,2.3553967032404173,2.941526193171739,3.016507253050804,0,82
old_e17,20261273,3,3,-8.0,2.5,0,0,0,0,0,0,0,0.025,40,2.380835311487317,3.0338668264448643,3.0814502388238907,0,81
old_e17,20261274,0,1,-8.0,2.5,0,0,0,0,0,0,0,0.0,36,2.449173532012436,3.016470465809107,3.0299928039312363,0,72
old_e17,20261274,1,1,-26.0,3.0,0,0,0,0,0,0,0,0.0,46,2.495518845060597,3.216685261577368,3.9957277476787567,0,93
old_e17,20261274,2,1,-8.0,2.5,0,0,0,0,0,0,0,0.0,36,2.372077717963192,2.9726624488830566,3.09598445892334,0,72
old_e17,20261274,3,1,-26.0,3.0,0,0,0,0,0,0,0,0.0,46,2.4452243891099226,3.253505565226078,3.3009611070156097,0,93
old_e17,20261275,0,0,-26.0,4.0,0,0,1,18,0,0,0,0.0,51,2.4263531188754475,2.96754390001297,3.034917637705803,0,102
old_e17,20261275,1,0,-8.0,2.5,0,0,0,0,0,0,0,0.058823529411764705,51,2.306125145040306,2.62387003749609,2.88272462785244,0,102
old_e17,20261275,2,0,-8.0,2.5,0,0,0,0,0,0,0,0.0392156862745098,51,2.3248994394260296,2.907242625951767,2.9752347618341446,0,102
old_e17,20261275,3,0,42.0,1.0,1,0,0,0,0,0,0,0.0392156862745098,51,2.3109435523841895,2.712544985115528,2.9383860528469086,0,102
old_e17,20261276,0,1,44.0,1.0,1,0,0,0,0,0,0,0.023255813953488372,43,2.4538184841011845,3.113582357764244,3.4411996603012085,0,86
old_e17,20261276,1,1,-8.0,2.5,0,0,0,0,0,0,0,0.0,43,2.6580288486425268,3.753848187625408,3.9933044463396072,0,86
old_e17,20261276,2,1,-8.0,2.5,0,0,0,0,0,0,0,0.0,44,2.370756246488203,2.9395231045782566,2.971438691020012,0,88
old_e17,20261276,3,1,-8.0,2.5,0,0,0,0,0,0,0,0.0,43,2.4926243133323136,3.651558980345726,3.7466920912265778,0,86
old_e17,20261277,0,0,-8.0,2.5,0,0,0,0,0,0,0,0.0425531914893617,47,2.3944784510642925,2.9253212735056873,2.9613040387630463,0,94
old_e17,20261277,1,0,-24.0,3.0,0,0,0,0,0,0,0,0.04878048780487805,41,2.3583536286179614,2.781068906188011,2.929678186774254,0,83
old_e17,20261277,2,0,34.0,1.0,1,0,0,0,0,0,0,0.022222222222222223,45,2.354763696591059,2.8456564992666245,2.901194617152214,0,90
old_e17,20261277,3,0,-24.0,3.0,0,0,0,0,0,0,0,0.0,42,2.374423224301565,2.9000476002693176,2.9652658849954605,0,85
old_e17,20261278,0,1,-8.0,2.5,0,0,0,0,0,0,0,0.0,26,2.493310863008866,3.108550328761339,3.19051556289196,0,52
old_e17,20261278,1,1,-22.0,4.0,0,0,1,14,0,0,0,0.0,22,2.4826877157796514,3.1662845984101295,3.3044181764125824,0,44
old_e17,20261278,2,1,-8.0,2.5,0,0,0,0,0,0,0,0.038461538461538464,26,2.3673317896632047,2.9594143852591515,3.0260905623435974,0,52
old_e17,20261278,3,1,-22.0,3.0,0,0,0,0,0,0,0,0.017857142857142856,56,2.382632943668536,2.9247342608869076,3.276268020272255,0,113
old_e17,20261279,0,3,0.0,2.5,0,0,0,0,0,1,1,0.04819277108433735,83,2.3511034178446573,2.737067639827728,2.9298942536115646,0,166
old_e17,20261279,1,3,0.0,2.5,0,0,0,0,0,1,1,0.024096385542168676,83,2.369892570268677,2.9515907168388362,3.082767128944397,0,166
old_e17,20261279,2,3,0.0,2.5,0,0,0,0,0,1,0,0.012048192771084338,83,2.334465934749109,2.867959812283516,2.9288586229085922,0,166
old_e17,20261279,3,3,0.0,2.5,0,0,0,0,0,1,0,0.012048192771084338,83,2.3566676101770745,2.949630655348301,3.0234679579734802,0,165
old_e17,20261280,0,0,-8.0,2.5,0,0,0,0,0,0,0,0.0,26,2.485007978975773,3.033018670976162,3.0739065259695053,0,52
old_e17,20261280,1,0,-8.0,2.5,0,0,0,0,0,0,0,0.038461538461538464,26,2.3356681116498432,2.7931369841098785,2.9259994626045227,0,52
old_e17,20261280,2,0,57.0,1.0,1,1,0,0,0,0,0,0.0975609756097561,41,2.2708141222232725,2.7449168264865875,2.8159357607364655,0,81
old_e17,20261280,3,0,-19.0,3.0,0,0,0,0,0,0,0,0.025,40,2.351946383714676,2.9636633582413197,3.025708720088005,0,81
old_e17,20261281,0,2,-8.0,2.5,0,0,0,0,0,0,0,0.0,27,2.4263633208142386,2.895114943385124,2.906307578086853,0,54
old_e17,20261281,1,2,-8.0,2.5,0,0,0,0,0,0,0,0.0,18,2.328109617034594,2.9135379008948803,2.9589850455522537,0,36
old_e17,20261281,2,2,36.0,1.0,1,0,0,0,0,0,0,0.15789473684210525,19,2.294239048895083,2.725403942167759,2.736469730734825,0,38
old_e17,20261281,3,2,-20.0,4.0,0,0,1,12,0,0,0,0.0,18,2.39572384291225,2.9109030961990356,3.0187349766492844,0,36
old_e17,20261282,0,2,-16.0,3.0,0,0,0,0,0,0,0,0.02857142857142857,35,2.4295211902686527,2.9392097145318985,3.067735582590103,0,71
old_e17,20261282,1,2,-20.0,3.0,0,0,0,0,0,0,0,0.0,52,2.512775003336943,3.346055001020431,3.689151257276535,0,105
old_e17,20261282,2,2,-16.0,3.0,0,0,0,0,0,0,0,0.02857142857142857,35,2.4245556976114,3.1870467588305473,3.406200557947159,0,71
old_e17,20261282,3,2,-8.0,2.5,0,0,0,0,0,0,0,0.0,47,2.471772200883703,3.3470990136265755,3.954710438847542,0,94
old_e17,20261283,0,3,32.0,1.0,1,0,0,0,0,0,0,0.016666666666666666,60,2.3959630789856114,2.881233859807253,2.9919836670160294,0,120
old_e17,20261283,1,3,48.0,1.0,1,0,0,0,0,0,0,0.0,63,2.4141157785105327,2.9729677364230156,3.0479803681373596,0,126
old_e17,20261283,2,3,40.0,1.0,1,0,0,0,0,0,0,0.03529411764705882,85,2.3310007198768505,2.790044993162155,3.7787817418575287,0,171
old_e17,20261283,3,3,-28.0,3.0,0,0,0,0,0,0,0,0.04,75,2.3230588187774024,2.8352629393339157,2.9194075614213943,0,150
old_e17,20261284,0,0,-19.0,4.0,0,0,1,11,0,0,0,0.0,43,2.6806698202393777,3.7532443180680275,4.1481126099824905,0,86
old_e17,20261284,1,0,-8.0,2.5,0,0,0,0,0,0,0,0.06976744186046512,43,2.347335089431253,2.7137242257595062,2.842497080564499,0,86
old_e17,20261284,2,0,-8.0,2.5,0,0,0,0,0,0,0,0.022727272727272728,44,2.4567580443214285,3.260332904756069,3.397546708583832,0,88
old_e17,20261284,3,0,35.0,1.0,1,0,0,0,0,0,0,0.06976744186046512,43,2.3275654936252637,2.891764231026172,3.6050882190465927,0,86
old_e17,20261285,0,0,33.0,1.0,1,0,0,0,0,0,0,0.02631578947368421,38,2.474174442652025,3.0196035280823708,3.6361459642648697,0,76
old_e17,20261285,1,0,-17.0,4.0,0,0,1,9,0,0,0,0.05263157894736842,38,2.3519663434279594,2.9215818271040916,2.9904115945100784,0,76
old_e17,20261285,2,0,-8.0,2.5,0,0,0,0,0,0,0,0.02631578947368421,38,2.3255565350777223,2.846824284642935,2.8551407158374786,0,76
old_e17,20261285,3,0,-8.0,2.5,0,0,0,0,0,0,0,0.02564102564102564,39,2.407164145738651,3.2119302079081535,3.2271593809127808,0,78
old_e17,20261286,0,1,-17.0,4.0,0,0,1,9,0,0,0,0.04081632653061224,49,2.3811094614924215,2.9577739536762238,2.9852446168661118,0,98
old_e17,20261286,1,1,36.0,1.0,1,0,0,0,0,0,0,0.02127659574468085,47,2.3763097743404673,2.9035408049821854,3.0943285673856735,0,94
old_e17,20261286,2,1,-8.0,2.5,0,0,0,0,0,0,0,0.0273972602739726,73,2.3253168910741806,2.8479617089033127,2.978513017296791,0,146
old_e17,20261286,3,1,-8.0,2.5,0,0,0,0,0,0,0,0.0,69,2.3812452952067056,3.057621791958809,3.2825637608766556,0,138
old_e17,20261287,0,0,99.0,1.0,1,1,0,0,0,0,0,0.046511627906976744,43,2.433843607472819,3.054370917379856,3.088420256972313,0,85
old_e17,20261287,1,0,-33.0,3.0,0,0,0,0,0,0,0,0.09523809523809523,42,2.3009882175496648,2.6724402792751785,2.90839746594429,0,85
old_e17,20261287,2,0,-37.0,3.0,0,0,0,0,0,0,0,0.0,40,2.433625888079405,3.209437057375908,3.2705701887607574,0,81
old_e17,20261287,3,0,-8.0,2.5,0,0,0,0,0,0,0,0.030303030303030304,66,2.361795695667917,2.8934115543961525,3.795213997364044,0,132
old_e17,20261288,0,0,-8.0,2.5,0,0,0,0,0,0,0,0.0,38,2.5195264208473658,3.3650132827460766,3.3891405910253525,0,76
old_e17,20261288,1,0,-18.0,3.0,0,0,0,0,0,0,0,0.0,39,2.3862665566878443,2.9911499470472336,3.1366534531116486,0,79
old_e17,20261288,2,0,-8.0,2.5,0,0,0,0,0,0,0,0.05263157894736842,38,2.301608261309172,2.668151818215847,2.8901398181915283,0,76
old_e17,20261288,3,0,33.0,1.0,1,0,0,0,0,0,0,0.05263157894736842,38,2.339336677993599,2.90618222206831,3.0959639698266983,0,76
old_e17,20261289,0,0,34.0,1.0,1,0,0,0,0,0,0,0.03278688524590164,61,2.3774315954231824,2.7701687067747116,3.1082239001989365,0,122
old_e17,20261289,1,0,-8.0,2.5,0,0,0,0,0,0,0,0.03508771929824561,57,2.369366455496403,2.953614667057991,3.0206162482500076,0,114
old_e17,20261289,2,0,-8.0,2.5,0,0,0,0,0,0,0,0.0,60,2.4982910292843976,3.6595712415874004,3.935759887099266,0,120
old_e17,20261289,3,0,-18.0,4.0,0,0,1,10,0,0,0,0.0,42,2.3576151136131513,2.8868280351161957,2.9513631016016006,0,84
old_e17,20261290,0,2,-17.0,3.0,0,0,0,0,0,0,0,0.0,47,2.5009426902583303,3.1741004437208176,3.6843158304691315,0,95
old_e17,20261290,1,2,-17.0,3.0,0,0,0,0,0,0,0,0.02127659574468085,47,2.4678104735435324,3.2326634973287582,3.3379029482603073,0,95
old_e17,20261290,2,2,51.0,1.0,1,1,0,0,0,0,0,0.0,48,2.430549512306849,3.340086154639721,3.409847617149353,0,95
old_e17,20261290,3,2,-17.0,3.0,0,0,0,0,0,0,0,0.06382978723404255,47,2.3081605421735887,2.7216630056500435,2.840256318449974,0,95
old_e17,20261291,0,2,-8.0,2.5,0,0,0,0,0,0,0,0.0,51,2.4551271880958594,3.1065018847584724,3.274412825703621,0,102
old_e17,20261291,1,2,34.0,1.0,1,0,0,0,0,0,0,0.0,51,2.4191746670825807,3.115493804216385,3.306066617369652,0,102
old_e17,20261291,2,2,-8.0,2.5,0,0,0,0,0,0,0,0.020833333333333332,48,2.3676921846345067,2.8949331492185593,3.016021102666855,0,96
old_e17,20261291,3,2,-8.0,2.5,0,0,0,0,0,0,0,0.0196078431372549,51,2.356246698136423,2.8962716460227966,2.904009073972702,0,102
old_e17,20261292,0,2,54.0,1.0,1,1,0,0,0,0,0,0.016129032258064516,62,2.4384490604842863,2.9078571125864983,4.093123599886894,0,123
old_e17,20261292,1,2,-18.0,3.0,0,0,0,0,0,0,0,0.01639344262295082,61,2.4979472099269024,3.2445192337036133,4.472943022847176,0,123
old_e17,20261292,2,2,-35.0,4.0,0,0,1,27,0,0,0,0.0,60,2.45469498137633,3.1173468567430973,4.493638873100281,0,120
old_e17,20261292,3,2,-18.0,3.0,0,0,0,0,0,0,0,0.05172413793103448,58,2.315640834898784,2.6492204517126083,3.0471589416265488,0,117
old_e17,20261293,0,0,34.0,1.0,1,0,0,0,0,0,0,0.075,40,2.4100342765450478,3.030585497617721,3.2641924917697906,0,80
old_e17,20261293,1,0,-8.0,2.5,0,0,0,0,0,0,0,0.02,50,2.406127341091633,2.9500489123165607,2.969995141029358,0,100
old_e17,20261293,2,0,-8.0,2.5,0,0,0,0,0,0,0,0.05,40,2.3234424646943808,2.7623488567769527,2.911532297730446,0,80
old_e17,20261293,3,0,-8.0,2.5,0,0,0,0,0,0,0,0.0,40,2.405947493389249,3.0990899540483947,3.3102352172136307,0,80
old_e17,20261294,0,0,-18.0,3.0,0,0,0,0,0,0,0,0.0136986301369863,73,2.4379458635637206,2.9386095702648163,4.393141716718674,0,148
old_e17,20261294,1,0,0.0,2.5,0,0,0,0,0,1,0,0.024096385542168676,83,2.4027802184762725,2.9889712110161777,3.2155830413103104,0,167
old_e17,20261294,2,0,0.0,2.5,0,0,0,0,0,1,0,0.023809523809523808,84,2.336660466556038,2.8209658339619637,2.977939322590828,0,167
old_e17,20261294,3,0,54.0,1.0,1,1,0,0,0,0,0,0.013513513513513514,74,2.3691496132193386,3.0413875356316566,3.0936039984226227,0,148
old_e17,20261295,0,1,-20.0,3.0,0,0,0,0,0,0,0,0.0,81,2.462679543244986,3.076532855629921,3.1536705791950226,0,163
old_e17,20261295,1,1,60.0,1.0,1,1,0,0,0,0,0,0.012195121951219513,82,2.367507848070889,2.9201491735875607,3.1063035130500793,0,163
old_e17,20261295,2,1,-8.0,2.5,0,0,0,0,0,0,0,0.0,44,2.35880712385882,2.9137239791452885,2.9642749577760696,0,88
old_e17,20261295,3,1,-19.0,4.0,0,0,1,11,0,0,0,0.045454545454545456,44,2.3099164563146504,2.7489070780575275,2.897733822464943,0,88
old_e17,20261296,0,3,-36.0,4.0,0,0,1,28,0,0,0,0.024691358024691357,81,2.394520620137085,2.8217583894729614,2.9213912785053253,0,161
old_e17,20261296,1,3,-8.0,2.5,0,0,0,0,0,0,0,0.0,30,2.353107432524363,2.9059709049761295,2.927955240011215,0,60
old_e17,20261296,2,3,-8.0,2.5,0,0,0,0,0,0,0,0.0,30,2.3729457209507623,2.9666058719158173,3.4361276775598526,0,60
old_e17,20261296,3,3,-8.0,2.5,0,0,0,0,0,0,0,0.029411764705882353,34,2.315422081772019,2.8801795095205307,2.9154345393180847,0,68
old_e17,20261297,0,0,-8.0,2.5,0,0,0,0,0,0,0,0.05555555555555555,18,2.441379241645336,3.085142932832241,3.169482573866844,0,36
old_e17,20261297,1,0,-19.0,4.0,0,0,1,11,0,0,0,0.0,18,2.411381548477544,3.002006560564041,3.010144457221031,0,36
old_e17,20261297,2,0,-8.0,2.5,0,0,0,0,0,0,0,0.1111111111111111,18,2.335097330311934,2.869238890707493,2.9479358345270157,0,36
old_e17,20261297,3,0,36.0,1.0,1,0,0,0,0,0,0,0.06666666666666667,30,2.2615457574526467,2.609128411859274,2.7687251567840576,0,60
old_e17,20261298,0,2,34.0,1.0,1,0,0,0,0,0,0,0.037037037037037035,27,2.399337029567471,2.911960519850254,2.9489174485206604,0,55
old_e17,20261298,1,2,-8.0,2.5,0,0,0,0,0,0,0,0.0,27,2.443572989216557,3.083873726427555,3.0967798084020615,0,55
old_e17,20261298,2,2,-18.0,4.0,0,0,1,10,0,0,0,0.07407407407407407,27,2.3170395029915705,2.8046762570738792,2.8719287365674973,0,55
old_e17,20261298,3,2,-8.0,2.5,0,0,0,0,0,0,0,0.03571428571428571,28,2.325782153223242,2.822192758321762,2.832489088177681,0,55
old_e17,20261299,0,1,-17.0,3.0,0,0,0,0,0,0,0,0.03773584905660377,53,2.400135023976272,2.9024001210927963,2.9969289898872375,0,107
old_e17,20261299,1,1,33.0,1.0,1,0,0,0,0,0,0,0.0196078431372549,51,2.3814958027180504,2.9247375205159187,3.0231568962335587,0,102
old_e17,20261299,2,1,-17.0,3.0,0,0,0,0,0,0,0,0.018867924528301886,53,2.339825947891991,2.9297053813934326,3.026016056537628,0,107
old_e17,20261299,3,1,-17.0,3.0,0,0,0,0,0,0,0,0.018867924528301886,53,2.349263162545438,2.988157793879509,3.1058602035045624,0,107
old_e17,20261300,0,2,-18.0,3.0,0,0,0,0,0,0,0,0.03278688524590164,61,2.440950085149437,3.040255978703499,3.2380465418100357,0,124
old_e17,20261300,1,2,-18.0,3.0,0,0,0,0,0,0,0,0.06451612903225806,62,2.3395054102424653,2.7774575166404247,3.001950681209564,0,124
old_e17,20261300,2,2,-8.0,2.5,0,0,0,0,0,0,0,0.027777777777777776,36,2.320245218773683,2.8437343426048756,2.95213982462883,0,72
old_e17,20261300,3,2,54.0,1.0,1,1,0,0,0,0,0,0.03225806451612903,62,2.313579102197001,2.969533018767833,3.0158627778291702,0,124
old_e17,20261301,0,3,-20.0,3.0,0,0,0,0,0,0,0,0.02702702702702703,37,2.417376365613293,3.001735359430313,3.0182208865880966,0,75
old_e17,20261301,1,3,-17.0,3.0,0,0,0,0,0,0,0,0.07317073170731707,41,2.3855554712254827,2.784568816423416,3.3166129142045975,0,83
old_e17,20261301,2,3,60.0,1.0,1,1,0,0,0,0,0,0.0,38,2.4119041075831964,3.1152467243373394,3.2809097319841385,0,75
old_e17,20261301,3,3,-8.0,2.5,0,0,0,0,0,0,0,0.03389830508474576,59,2.361584486345113,2.938896417617798,3.6735013127326965,0,118
old_e17,20261302,0,0,-17.0,4.0,0,0,1,9,0,0,0,0.0,44,2.522517926990986,3.1796022318303585,3.4349728375673294,0,88
old_e17,20261302,1,0,54.0,1.0,1,1,0,0,0,0,0,0.04878048780487805,41,2.3740260157643296,3.0046775937080383,3.05233895778656,0,81
old_e17,20261302,2,0,-18.0,3.0,0,0,0,0,0,0,0,0.075,40,2.3065729532390833,2.6763001456856728,2.685096114873886,0,81
old_e17,20261302,3,0,-18.0,3.0,0,0,0,0,0,0,0,0.0,40,2.373785199597478,2.896226290613413,2.9393713921308517,0,81
old_e17,20261303,0,2,42.0,1.0,1,0,0,0,0,0,0,0.013888888888888888,72,2.4518024486800036,3.0733314342796803,3.938104957342148,0,144
old_e17,20261303,1,2,10.0,2.0,0,0,0,0,0,0,0,0.0,66,2.428734449274612,2.9627825133502483,3.936121240258217,1,133
old_e17,20261303,2,2,34.0,1.0,1,0,0,0,0,0,0,0.05555555555555555,36,2.325787002013789,2.7872389182448387,2.8552282601594925,0,72
old_e17,20261303,3,2,0.0,2.5,0,0,0,0,0,1,1,0.02197802197802198,91,2.3393354450280848,2.8193751350045204,3.3345110714435577,0,182
old_e17,20261304,0,3,-22.0,4.0,0,0,1,14,0,0,0,0.0,29,2.572306014340499,3.347363322973251,3.5021882504224777,0,58
old_e17,20261304,1,3,-8.0,2.5,0,0,0,0,0,0,0,0.10344827586206896,29,2.3626397395956107,2.914739772677421,3.034604713320732,0,58
old_e17,20261304,2,3,38.0,1.0,1,0,0,0,0,0,0,0.0,29,2.41375515430138,3.1592383980751038,3.3043771982192993,0,58
old_e17,20261304,3,3,-8.0,2.5,0,0,0,0,0,0,0,0.0,29,2.4274036545177986,3.085481747984886,4.32160496711731,0,58
old_e17,20261305,0,3,44.0,1.0,1,0,0,0,0,0,0,0.038461538461538464,52,2.4421669256228666,2.9403534717857833,3.4423675388097763,0,103
old_e17,20261305,1,3,36.0,1.0,1,0,0,0,0,0,0,0.0,63,2.393334246580563,2.970089763402939,3.0629709362983704,0,127
old_e17,20261305,2,3,-32.0,4.0,0,0,1,24,0,0,0,0.031746031746031744,63,2.338867693666428,2.907678112387657,3.001447767019272,0,127
old_e17,20261305,3,3,33.0,1.0,1,0,0,0,0,0,0,0.044444444444444446,45,2.355536984072791,3.0053354799747463,3.0867941677570343,0,91
old_e17,20261306,0,1,32.0,1.0,1,0,0,0,0,0,0,0.0625,32,2.383104816544801,2.859104983508587,2.9392018914222717,0,64
old_e17,20261306,1,1,-17.0,3.0,0,0,0,0,0,0,0,0.041666666666666664,48,2.325787597025434,2.737043146044016,2.8377529233694077,0,97
old_e17,20261306,2,1,-8.0,2.5,0,0,0,0,0,0,0,0.0,32,2.3685500491410494,2.94000543653965,2.9668062925338745,0,64
old_e17,20261306,3,1,-16.0,4.0,0,0,1,8,0,0,0,0.0,32,2.3572801728732884,2.9648263938724995,2.9671769589185715,0,64
old_e17,20261307,0,0,-17.0,4.0,0,0,1,9,0,0,0,0.0,69,2.4337695668572965,3.001614660024643,3.0975304543972015,0,138
old_e17,20261307,1,0,-25.0,4.0,0,0,1,17,0,0,0,0.0,74,2.4184605509445474,3.0115999281406403,3.829237073659897,0,148
old_e17,20261307,2,0,-20.0,4.0,0,0,1,12,0,0,0,0.057692307692307696,52,2.310606042066446,2.7482690289616585,2.865258604288101,0,104
old_e17,20261307,3,0,32.0,1.0,1,0,0,0,0,0,0,0.012345679012345678,81,2.3827063218678957,3.156546503305435,3.3744461834430695,0,162
old_e17,20261308,0,0,57.0,1.0,1,1,0,0,0,0,0,0.014492753623188406,69,2.4851682339457497,3.244545683264732,3.572072833776474,0,137
old_e17,20261308,1,0,-17.0,4.0,0,0,1,9,0,0,0,0.0,58,2.440767137911813,3.0900090001523495,3.3122748136520386,0,116
old_e17,20261308,2,0,-19.0,3.0,0,0,0,0,0,0,0,0.014705882352941176,68,2.409885610070299,3.10320733115077,3.3943504095077515,0,137
old_e17,20261308,3,0,-19.0,3.0,0,0,0,0,0,0,0,0.0,68,2.6735423735397705,3.7309370934963226,4.708709195256233,0,137
old_e17,20261309,0,0,-20.0,4.0,0,0,1,12,0,0,0,0.0,37,2.426989980646082,2.941697835922241,2.9774848371744156,0,74
old_e17,20261309,1,0,-8.0,2.5,0,0,0,0,0,0,0,0.0,34,2.3795894949751744,2.987432200461626,3.0741505324840546,0,68
old_e17,20261309,2,0,36.0,1.0,1,0,0,0,0,0,0,0.0,33,2.443897227446238,3.338325396180153,3.3959094434976578,0,66
old_e17,20261309,3,0,-8.0,2.5,0,0,0,0,0,0,0,0.058823529411764705,34,2.328082426067661,2.7392977848649025,2.8393007814884186,0,68
old_e17,20261310,0,0,-20.0,4.0,0,0,1,12,0,0,0,0.0,27,2.441146238534539,2.941480837762356,2.9567237943410873,0,54
old_e17,20261310,1,0,-8.0,2.5,0,0,0,0,0,0,0,0.08571428571428572,35,2.3271973643984114,2.8088947758078575,2.901434898376465,0,70
old_e17,20261310,2,0,-8.0,2.5,0,0,0,0,0,0,0,0.05555555555555555,36,2.3071490642097263,2.8511015698313713,2.945294603705406,0,72
old_e17,20261310,3,0,33.0,1.0,1,0,0,0,0,0,0,0.05714285714285714,35,2.3290162639958516,2.9105480760335922,2.9353629797697067,0,70
old_e17,20261311,0,3,-8.0,2.5,0,0,0,0,0,0,0,0.046153846153846156,65,2.3714048644671073,2.7130790054798126,4.200318828225136,0,130
old_e17,20261311,1,3,0.0,2.5,0,0,0,0,0,1,0,0.02247191011235955,89,2.3404113487916045,2.755346894264221,2.8765518218278885,0,178
old_e17,20261311,2,3,-8.0,2.5,0,0,0,0,0,0,0,0.0,65,2.3902246298698278,2.9950886964797974,3.2269321382045746,0,130
old_e17,20261311,3,3,40.0,1.0,1,0,0,0,0,0,0,0.015384615384615385,65,2.3765405210164876,2.9105573892593384,3.6059729754924774,0,130
old_e17,20261312,0,1,0.0,2.5,0,0,0,0,0,1,0,0.0,84,2.540832341072105,3.326263837516308,3.4930482506752014,0,168
old_e17,20261312,1,1,0.0,2.5,0,0,0,0,0,1,0,0.011904761904761904,84,2.405494473697174,2.9020674526691437,4.009095951914787,0,168
old_e17,20261312,2,1,51.0,1.0,1,1,0,0,0,0,0,0.0,59,2.4374248933489038,3.237549774348736,3.4588277339935303,0,117
old_e17,20261312,3,1,51.0,1.0,1,1,0,0,0,0,0,0.0,36,2.4760422917703786,3.4474902786314487,3.8014650344848633,0,71
old_e17,20261313,0,0,0.0,2.5,0,0,0,0,0,1,1,0.011494252873563218,87,2.438324043291739,2.926744893193245,3.830350935459137,0,174
old_e17,20261313,1,0,-8.0,2.5,0,0,0,0,0,0,0,0.023529411764705882,85,2.405488578712239,2.9287677258253098,3.5059452056884766,0,170
old_e17,20261313,2,0,-19.0,4.0,0,0,1,11,0,0,0,0.011494252873563218,87,2.4204040481441322,2.982374280691147,4.195226356387138,0,174
old_e17,20261313,3,0,-19.0,4.0,0,0,1,11,0,0,0,0.015151515151515152,66,2.3470275724927583,2.8633256442844868,2.9107779264450073,0,132
old_e17,20261314,0,2,-8.0,2.5,0,0,0,0,0,0,0,0.0,16,2.4261614307761192,3.0652745626866817,3.086082637310028,0,32
old_e17,20261314,1,2,33.0,1.0,1,0,0,0,0,0,0,0.125,16,2.349065151065588,2.891543786972761,2.9497072100639343,0,32
old_e17,20261314,2,2,-8.0,2.5,0,0,0,0,0,0,0,0.0625,16,2.385923871770501,2.866815309971571,2.8748437762260437,0,32
old_e17,20261314,3,2,-17.0,4.0,0,0,1,9,0,0,0,0.0,16,2.3757462622597814,2.986263483762741,3.014504909515381,0,32
old_e17,20261315,0,3,35.0,1.0,1,0,0,0,0,0,0,0.029411764705882353,68,2.4016012766343704,2.7745937928557396,3.5844948142766953,0,136
old_e17,20261315,1,3,0.0,2.5,0,0,0,0,0,1,1,0.04597701149425287,87,2.3120430180396156,2.7990860864520077,2.9012467712163925,0,174
old_e17,20261315,2,3,0.0,2.5,0,0,0,0,0,1,0,0.0,85,2.397529802778188,3.0299071222543716,3.109969198703766,0,170
old_e17,20261315,3,3,0.0,2.5,0,0,0,0,0,1,1,0.024096385542168676,83,2.3278191640793557,2.7751218527555466,2.9931850731372833,0,166
old_e17,20261316,0,3,-18.0,3.0,0,0,0,0,0,0,0,0.0,38,2.456479754887129,3.074298705905676,3.137616440653801,0,77
old_e17,20261316,1,3,-8.0,2.5,0,0,0,0,0,0,0,0.0,84,2.400174005223172,3.0051525682210922,3.2208580523729324,0,168
old_e17,20261316,2,3,-8.0,2.5,0,0,0,0,0,0,0,0.023809523809523808,84,2.320468204007262,2.7700229547917843,2.895863726735115,0,168
old_e17,20261316,3,3,-23.0,4.0,0,0,1,15,0,0,0,0.012048192771084338,83,2.3685271167252435,3.117560595273971,3.3057183027267456,0,166
old_e17,20261317,0,0,34.0,1.0,1,0,0,0,0,0,0,0.045454545454545456,44,2.334402831779285,2.6443762704730034,2.8532538563013077,0,88
old_e17,20261317,1,0,10.0,2.0,0,0,0,0,0,0,0,0.05,60,2.335407119244337,2.8574862517416477,2.8991084545850754,1,121
old_e17,20261317,2,0,33.0,1.0,1,0,0,0,0,0,0,0.10526315789473684,38,2.3240602918361364,2.9386281967163086,2.9432903975248337,0,76
old_e17,20261317,3,0,-30.0,4.0,0,0,0,0,0,0,0,0.018518518518518517,54,2.3366824758273586,2.963902521878481,3.0293427407741547,1,107
old_e17,20261318,0,2,-25.0,4.0,0,0,1,17,0,0,0,0.025,40,2.4188792798668146,2.9619558714330196,3.0913036316633224,0,80
old_e17,20261318,1,2,-26.0,3.0,0,0,0,0,0,0,0,0.03225806451612903,31,2.3366776445219593,2.8179101645946503,2.909725531935692,0,63
old_e17,20261318,2,2,-18.0,3.0,0,0,0,0,0,0,0,0.0,51,2.4274565352528703,3.1820759177207947,3.290316089987755,0,103
old_e17,20261318,3,2,51.0,1.0,1,1,0,0,0,0,0,0.029411764705882353,34,2.365886288530686,2.9809875413775444,3.0243955552577972,0,67
old_e17,20261319,0,3,0.0,2.5,0,0,0,0,0,1,1,0.0,82,2.557772938616392,3.384783584624529,3.5204198211431503,0,164
old_e17,20261319,1,3,34.0,1.0,1,0,0,0,0,0,0,0.031746031746031744,63,2.340308257511684,2.918955311179161,2.965671941637993,0,126
old_e17,20261319,2,3,-8.0,2.5,0,0,0,0,0,0,0,0.0,59,2.349534498180373,2.8945498168468475,2.9546748846769333,0,118
old_e17,20261319,3,3,-8.0,2.5,0,0,0,0,0,0,0,0.03389830508474576,59,2.340007889068733,2.968818321824074,3.0658170580863953,0,118
old_e17,20261320,0,2,-19.0,4.0,0,0,1,11,0,0,0,0.0,42,2.478651525009246,3.067493624985218,3.2244231551885605,0,84
old_e17,20261320,1,2,35.0,1.0,1,0,0,0,0,0,0,0.017241379310344827,58,2.3424298470390252,2.761357743293047,2.859579399228096,0,116
old_e17,20261320,2,2,-8.0,2.5,0,0,0,0,0,0,0,0.017241379310344827,58,2.381707991248575,2.9963123612105846,3.152599558234215,0,116
old_e17,20261320,3,2,-19.0,4.0,0,0,1,11,0,0,0,0.017543859649122806,57,2.412598645477964,3.0990246683359146,3.731830045580864,0,114
old_e17,20261321,0,0,-18.0,4.0,0,0,1,10,0,0,0,0.07142857142857142,28,2.387573277311666,2.885554172098636,2.9566362500190735,0,56
old_e17,20261321,1,0,-17.0,4.0,0,0,1,9,0,0,0,0.02666666666666667,75,2.4315584699312844,3.0283587053418155,4.694666713476181,0,150
old_e17,20261321,2,0,-8.0,2.5,0,0,0,0,0,0,0,0.0,50,2.5204193592071533,3.4603646025061607,3.567267209291458,0,100
old_e17,20261321,3,0,-8.0,2.5,0,0,0,0,0,0,0,0.047619047619047616,42,2.38774326585588,3.0566835775971413,3.9996933192014694,0,84
old_e17,20261322,0,1,-8.0,2.5,0,0,0,0,0,0,0,0.0,35,2.4426950407879695,3.017784282565117,3.0736662447452545,0,70
old_e17,20261322,1,1,-8.0,2.5,0,0,0,0,0,0,0,0.0,35,2.395357776965414,2.8941521421074867,3.286357969045639,0,70
old_e17,20261322,2,1,-8.0,2.5,0,0,0,0,0,0,0,0.01818181818181818,55,2.3956451903689993,2.9098885133862495,5.051851272583008,0,110
old_e17,20261322,3,1,-23.0,4.0,0,0,1,15,0,0,0,0.02040816326530612,49,2.3640551205192293,2.883702889084816,2.9184650629758835,0,98
old_e17,20261323,0,2,-26.0,4.0,0,0,1,18,0,0,0,0.0,45,2.584465303354793,3.34540493786335,4.77205216884613,0,90
old_e17,20261323,1,2,-8.0,2.5,0,0,0,0,0,0,0,0.0,61,2.39586882048943,2.99631804227829,3.0507147312164307,0,122
old_e17,20261323,2,2,44.0,1.0,1,0,0,0,0,0,0,0.03278688524590164,61,2.3304097904045076,2.7718525379896164,3.0146650969982147,0,122
old_e17,20261323,3,2,-8.0,2.5,0,0,0,0,0,0,0,0.0,61,2.3779681593668265,2.9970314353704453,3.081604838371277,0,122
old_e17,20261324,0,3,-20.0,3.0,0,0,0,0,0,0,0,0.046511627906976744,43,2.502942067939182,3.1413471326231956,4.586625844240189,0,87
old_e17,20261324,1,3,60.0,1.0,1,1,0,0,0,0,0,0.0,42,2.438755262465704,3.1806199811398983,3.476858139038086,0,83
old_e17,20261324,2,3,-20.0,3.0,0,0,0,0,0,0,0,0.023255813953488372,43,2.336371126909589,2.8336983174085617,2.855377271771431,0,87
old_e17,20261324,3,3,-20.0,3.0,0,0,0,0,0,0,0,0.0,41,2.493772065130676,3.3974051475524902,4.769491031765938,0,83
old_e17,20261325,0,2,37.0,1.0,1,0,0,0,0,0,0,0.0,52,2.530822673669228,3.2546315342187877,3.488922491669655,0,105
old_e17,20261325,1,2,-8.0,2.5,0,0,0,0,0,0,0,0.0,52,2.4284934266828575,2.926328871399164,3.104669973254204,0,105
old_e17,20261325,2,2,-8.0,2.5,0,0,0,0,0,0,0,0.03773584905660377,53,2.3206967227863817,2.7673855423927303,2.9280688613653183,0,105
old_e17,20261325,3,2,-8.0,2.5,0,0,0,0,0,0,0,0.04,50,2.4131258204579353,3.00790723413229,4.24954853951931,0,101
old_e17,20261326,0,0,0.0,2.5,0,0,0,0,0,1,1,0.023529411764705882,85,2.4153107667670533,2.7994759380817413,4.547124728560448,0,170
old_e17,20261326,1,0,10.0,2.0,0,0,0,0,0,0,0,0.0125,80,2.4927715538069606,3.1524800695478916,4.838671535253525,1,161
old_e17,20261326,2,0,32.0,1.0,1,0,0,0,0,0,0,0.01639344262295082,61,2.4062594490461664,3.076331689953804,3.396283835172653,0,121
old_e17,20261326,3,0,0.0,2.5,0,0,0,0,0,1,1,0.024691358024691357,81,2.3387697651798343,2.913583070039749,3.0724182724952698,0,163
old_e17,20261327,0,0,36.0,1.0,1,0,0,0,0,0,0,0.045454545454545456,66,2.3504298914111024,2.7518337592482567,2.962876111268997,0,132
old_e17,20261327,1,0,-8.0,2.5,0,0,0,0,0,0,0,0.04054054054054054,74,2.349111679437998,2.7350460179150105,2.9130950570106506,0,148
old_e17,20261327,2,0,-8.0,2.5,0,0,0,0,0,0,0,0.015384615384615385,65,2.422084716650156,3.1143903732299805,3.272444009780884,0,130
old_e17,20261327,3,0,63.0,1.0,1,1,0,0,0,0,0,0.0,58,2.3512751955924363,3.0634690076112747,3.1094085425138474,0,115
old_e17,20261328,0,3,-8.0,2.5,0,0,0,0,0,0,0,0.02702702702702703,74,2.458551772744269,3.1613843515515323,3.3812467008829117,0,148
old_e17,20261328,1,3,-8.0,2.5,0,0,0,0,0,0,0,0.0410958904109589,73,2.422444624443577,2.9384437948465347,4.812028259038925,0,146
old_e17,20261328,2,3,-8.0,2.5,0,0,0,0,0,0,0,0.0,48,2.4647615694751344,3.205857053399086,3.573896363377571,0,96
old_e17,20261328,3,3,32.0,1.0,1,0,0,0,0,0,0,0.0,45,2.479037642478943,3.5955317318439484,3.7302877753973007,0,90
old_e17,20261329,0,2,48.0,1.0,1,1,0,0,0,0,0,0.027777777777777776,36,2.391456108954218,2.8710253536701202,2.998797222971916,0,71
old_e17,20261329,1,2,-16.0,3.0,0,0,0,0,0,0,0,0.02857142857142857,35,2.3432842322758267,2.7735132724046707,2.9098335653543472,0,71
old_e17,20261329,2,2,-16.0,3.0,0,0,0,0,0,0,0,0.0,35,2.367371427161353,2.956600859761238,3.4791454672813416,0,71
old_e17,20261329,3,2,-16.0,3.0,0,0,0,0,0,0,0,0.05714285714285714,35,2.3040974778788432,2.7172647416591644,2.7386490255594254,0,71
old_e17,20261330,0,0,-20.0,4.0,0,0,1,12,0,0,0,0.02127659574468085,47,2.4672842961042485,3.1203892081975937,3.2465215772390366,0,94
old_e17,20261330,1,0,-8.0,2.5,0,0,0,0,0,0,0,0.03636363636363636,55,2.3305375467647207,2.7056919410824776,3.1201038509607315,0,110
old_e17,20261330,2,0,36.0,1.0,1,0,0,0,0,0,0,0.03636363636363636,55,2.336119081486355,2.8376100584864616,2.9035769402980804,0,110
old_e17,20261330,3,0,-8.0,2.5,0,0,0,0,0,0,0,0.01818181818181818,55,2.407163381576538,3.162289410829544,3.8848556578159332,0,110
old_e17,20261331,0,2,-8.0,2.5,0,0,0,0,0,0,0,0.018867924528301886,53,2.445467413877541,3.092418983578682,3.2951049506664276,0,106
old_e17,20261331,1,2,-8.0,2.5,0,0,0,0,0,0,0,0.0,53,2.4159885591493464,3.0887700617313385,3.1734760850667953,0,106
old_e17,20261331,2,2,46.0,1.0,1,0,0,0,0,0,0,0.05660377358490566,53,2.3024806506791204,2.6817623525857925,2.7157925069332123,0,106
old_e17,20261331,3,2,-34.0,4.0,0,0,1,26,0,0,0,0.018867924528301886,53,2.3777961449803047,3.009125590324402,3.073347732424736,0,106
old_e17,20261332,0,0,-18.0,4.0,0,0,1,10,0,0,0,0.0,44,2.451833760873838,2.890531625598669,3.4017525613307953,0,88
old_e17,20261332,1,0,36.0,1.0,1,0,0,0,0,0,0,0.05405405405405406,37,2.37087401989344,2.9191333800554276,2.9634367674589157,0,74
old_e17,20261332,2,0,-8.0,2.5,0,0,0,0,0,0,0,0.0,52,2.498512980169975,3.4504816867411137,3.6145485937595367,0,104
old_e17,20261332,3,0,-29.0,3.0,0,0,0,0,0,0,0,0.0,38,2.393559405678197,3.026956133544445,3.1406115740537643,0,77
old_e17,20261333,0,0,48.0,1.0,1,0,0,0,0,0,0,0.0,34,2.463768017204369,3.0067200772464275,3.0144155025482178,0,68
old_e17,20261333,1,0,-32.0,4.0,0,0,1,24,0,0,0,0.08823529411764706,34,2.3408041828695465,2.7253723703324795,2.77893990278244,0,68
old_e17,20261333,2,0,-8.0,2.5,0,0,0,0,0,0,0,0.029411764705882353,34,2.458690939580693,3.2308265566825867,4.127273336052895,0,68
old_e17,20261333,3,0,39.0,1.0,1,0,0,0,0,0,0,0.06666666666666667,60,2.3224230855703354,2.837831526994705,2.8802361339330673,0,120
old_e17,20261334,0,3,-20.0,4.0,0,0,1,12,0,0,0,0.0,27,2.5651836422858416,3.575699590146541,4.253856837749481,0,54
old_e17,20261334,1,3,-21.0,3.0,0,0,0,0,0,0,0,0.034482758620689655,29,2.418874473921184,2.993132919073105,3.01470048725605,0,59
old_e17,20261334,2,3,-8.0,2.5,0,0,0,0,0,0,0,0.0,27,2.3757441452255956,2.8595654293894768,2.865796908736229,0,54
old_e17,20261334,3,3,36.0,1.0,1,0,0,0,0,0,0,0.0,27,2.3383901764949164,2.9204750433564186,2.9447507113218307,0,54
old_e17,20261335,0,3,0.0,2.5,0,0,0,0,0,1,1,0.011494252873563218,87,2.4770356757544922,3.039004467427731,4.069512709975243,0,175
old_e17,20261335,1,3,34.0,1.0,1,0,0,0,0,0,0,0.0273972602739726,73,2.35851805606117,2.7822114527225494,3.130132332444191,0,145
old_e17,20261335,2,3,-8.0,2.5,0,0,0,0,0,0,0,0.047619047619047616,42,2.364263470683779,3.011834621429443,3.1037405133247375,0,84
old_e17,20261335,3,3,0.0,2.5,0,0,0,0,0,1,0,0.0,89,2.388180871860365,3.0724942684173584,3.3958107233047485,0,178
old_e17,20261336,0,1,-8.0,2.5,0,0,0,0,0,0,0,0.024390243902439025,41,2.441497201599726,2.9817484319210052,3.029411658644676,0,82
old_e17,20261336,1,1,-19.0,4.0,0,0,1,11,0,0,0,0.09090909090909091,22,2.3605517027052967,2.7013358660042286,3.15815769135952,0,44
old_e17,20261336,2,1,35.0,1.0,1,0,0,0,0,0,0,0.0,22,2.470670013942502,3.512195870280266,3.5974550992250443,0,44
old_e17,20261336,3,1,-8.0,2.5,0,0,0,0,0,0,0,0.045454545454545456,22,2.351586960933425,2.814058307558298,2.817675471305847,0,44
old_e17,20261337,0,2,0.0,2.5,0,0,0,0,0,1,1,0.011494252873563218,87,2.4562464577370675,2.925052121281624,4.2110830545425415,0,174
old_e17,20261337,1,2,-17.0,3.0,0,0,0,0,0,0,0,0.015625,64,2.4190213007386774,3.016313910484314,3.1303968280553818,0,129
old_e17,20261337,2,2,0.0,2.5,0,0,0,0,0,1,1,0.0,85,2.456011206788175,3.3594507724046707,3.5285111516714096,0,170
old_e17,20261337,3,2,-17.0,3.0,0,0,0,0,0,0,0,0.0,64,2.367687673540786,2.9586147516965866,3.041369840502739,0,129
old_e17,20261338,0,0,37.0,1.0,1,0,0,0,0,0,0,0.0625,48,2.364614396356046,2.7343579567968845,2.924930304288864,0,96
old_e17,20261338,1,0,-16.0,4.0,0,0,1,8,0,0,0,0.0,51,2.5743212112609077,3.4346701577305794,3.460988402366638,0,102
old_e17,20261338,2,0,-16.0,3.0,0,0,0,0,0,0,0,0.0,49,2.5172456718829213,3.3668801188468933,3.4207236021757126,0,99
old_e17,20261338,3,0,-8.0,2.5,0,0,0,0,0,0,0,0.0,44,2.400838304311037,3.130215499550104,3.1752977520227432,0,88
old_e17,20261339,0,1,-8.0,2.5,0,0,0,0,0,0,0,0.0,45,2.4871864252620273,3.1179361045360565,3.2063834369182587,0,90
old_e17,20261339,1,1,-17.0,4.0,0,0,1,9,0,0,0,0.041666666666666664,48,2.371543824362258,2.9471546411514282,3.0686035752296448,0,96
old_e17,20261339,2,1,-8.0,2.5,0,0,0,0,0,0,0,0.027777777777777776,36,2.3686992418434887,2.9406179673969746,3.73159721493721,0,72
old_e17,20261339,3,1,40.0,1.0,1,0,0,0,0,0,0,0.08333333333333333,36,2.254794610457288,2.6506823487579823,2.8750021010637283,0,72
old_e17,20261340,0,0,-8.0,2.5,0,0,0,0,0,0,0,0.047619047619047616,42,2.381953898639906,2.7249669656157494,2.938702702522278,0,84
old_e17,20261340,1,0,-16.0,4.0,0,0,1,8,0,0,0,0.0,20,2.4094371125102043,3.0379987321794033,3.130124881863594,0,40
old_e17,20261340,2,0,-8.0,2.5,0,0,0,0,0,0,0,0.023809523809523808,42,2.4122743468199457,3.1288905069231987,3.238268196582794,0,84
old_e17,20261340,3,0,-21.0,4.0,0,0,1,13,0,0,0,0.047619047619047616,42,2.315861527763662,2.7232072316110134,2.9571354389190674,0,84
old_e17,20261341,0,0,-8.0,2.5,0,0,0,0,0,0,0,0.01282051282051282,78,2.47543137998153,3.1357668340206146,3.273000940680504,0,156
old_e17,20261341,1,0,-8.0,2.5,0,0,0,0,0,0,0,0.039473684210526314,76,2.3236243593457497,2.667459659278393,2.8346870094537735,0,152
old_e17,20261341,2,0,0.0,2.5,0,0,0,0,0,1,1,0.022222222222222223,90,2.3262264000044928,2.7684898115694523,2.9146187007427216,0,180
old_e17,20261341,3,0,-8.0,2.5,0,0,0,0,0,0,0,0.04411764705882353,68,2.327788867713774,2.8983921743929386,2.9973145574331284,0,136
old_e17,20261342,0,1,-8.0,2.5,0,0,0,0,0,0,0,0.0,46,2.4399015161654223,2.973511815071106,3.1190570443868637,0,92
old_e17,20261342,1,1,-23.0,4.0,0,0,1,15,0,0,0,0.0,41,2.4675431593162256,3.227612003684044,3.292310982942581,0,82
old_e17,20261342,2,1,-8.0,2.5,0,0,0,0,0,0,0,0.044444444444444446,45,2.302483386463589,2.909218519926071,3.0144844204187393,0,90
old_e17,20261342,3,1,-21.0,4.0,0,0,1,13,0,0,0,0.06382978723404255,47,2.2879896804373314,2.7315260842442513,2.862159162759781,0,94
old_e17,20261343,0,1,33.0,1.0,1,0,0,0,0,0,0,0.1,20,2.411012165248394,2.972025889903307,3.0972808599472046,0,40
old_e17,20261343,1,1,-8.0,2.5,0,0,0,0,0,0,0,0.05,20,2.380163874477148,2.9060049913823605,2.9075108468532562,0,40
old_e17,20261343,2,1,-8.0,2.5,0,0,0,0,0,0,0,0.07894736842105263,38,2.3139613729558492,2.855238039046526,2.999125048518181,0,76
old_e17,20261343,3,1,-8.0,2.5,0,0,0,0,0,0,0,0.0,55,2.4575954133814033,3.2058851793408394,3.3741332590579987,0,110
old_e17,20261344,0,3,-8.0,2.5,0,0,0,0,0,0,0,0.0,43,2.3946909797053006,2.981276996433735,3.064224496483803,0,86
old_e17,20261344,1,3,-37.0,3.0,0,0,0,0,0,0,0,0.0392156862745098,51,2.3459854955766715,2.8217658400535583,3.701400011777878,0,103
old_e17,20261344,2,3,-8.0,2.5,0,0,0,0,0,0,0,0.029411764705882353,34,2.384100492824526,2.9373415745794773,2.9897354543209076,0,68
old_e17,20261344,3,3,36.0,1.0,1,0,0,0,0,0,0,0.023255813953488372,43,2.4120280042637225,2.9992401599884033,4.992160946130753,0,86
old_e17,20261345,0,2,34.0,1.0,1,0,0,0,0,0,0,0.02127659574468085,47,2.436420384873735,2.9140744358301163,3.8919970393180847,0,94
old_e17,20261345,1,2,-8.0,2.5,0,0,0,0,0,0,0,0.0,47,2.581160238131564,3.3693891018629074,3.9606355130672455,0,94
old_e17,20261345,2,2,-8.0,2.5,0,0,0,0,0,0,0,0.02127659574468085,47,2.4045538157224655,3.0660964548587795,3.153793513774872,0,94
old_e17,20261345,3,2,-18.0,4.0,0,0,1,10,0,0,0,0.0,47,2.4395944907310163,2.9922159388661385,4.673859104514122,0,94
old_e17,20261346,0,2,48.0,1.0,1,0,0,0,0,0,0,0.0,35,2.469614999634879,3.0718551948666573,3.094486892223358,0,71
old_e17,20261346,1,2,-32.0,4.0,0,0,1,24,0,0,0,0.02857142857142857,35,2.3924647165196284,2.9579482972621918,3.547223284840584,0,71
old_e17,20261346,2,2,-8.0,2.5,0,0,0,0,0,0,0,0.08108108108108109,37,2.3055733559099405,2.680027484893799,2.9062405228614807,0,75
old_e17,20261346,3,2,-8.0,2.5,0,0,0,0,0,0,0,0.07894736842105263,38,2.3419680073857307,2.905422542244196,2.92055681347847,0,75
old_e17,20261347,0,1,102.0,1.0,1,1,0,0,0,0,0,0.0,61,2.4486740165558016,2.9731914401054382,3.1117238104343414,0,121
old_e17,20261347,1,1,0.0,2.5,0,0,0,0,0,1,1,0.011904761904761904,84,2.36051097246153,2.816850133240223,2.9848143458366394,0,168
old_e17,20261347,2,1,-29.0,4.0,0,0,1,21,0,0,0,0.014925373134328358,67,2.4079606215010827,3.088087774813175,3.6868788301944733,0,134
old_e17,20261347,3,1,63.0,1.0,1,1,0,0,0,0,0,0.0,80,2.4350448278710246,3.0556393787264824,3.985147923231125,0,159
old_e17,20261348,0,0,-8.0,2.5,0,0,0,0,0,0,0,0.0,40,2.5196832604706287,3.154829330742359,3.9436370134353638,0,80
old_e17,20261348,1,0,-8.0,2.5,0,0,0,0,0,0,0,0.0,40,2.4182098917663097,3.062614426016807,3.1818468123674393,0,80
old_e17,20261348,2,0,84.0,1.0,1,1,0,0,0,0,0,0.01818181818181818,55,2.3835924200036307,3.010094538331032,3.126043826341629,0,109
old_e17,20261348,3,0,-29.0,3.0,0,0,0,0,0,0,0,0.018518518518518517,54,2.372380484033514,2.9740029014647003,3.233574330806732,0,109
old_e17,20261349,0,3,-8.0,2.5,0,0,0,0,0,0,0,0.05084745762711865,59,2.547898755992873,3.358243778347966,6.667369976639748,0,118
old_e17,20261349,1,3,-8.0,2.5,0,0,0,0,0,0,0,0.01694915254237288,59,2.5085043477810034,3.261023573577403,6.360584869980812,0,118
old_e17,20261349,2,3,34.0,1.0,1,0,0,0,0,0,0,0.03389830508474576,59,2.3719115908873283,2.978074923157692,4.825010895729065,0,118
old_e17,20261349,3,3,-8.0,2.5,0,0,0,0,0,0,0,0.037037037037037035,27,2.345503894267259,2.853551506996155,2.9615797102451324,0,54
old_e17,20261350,0,3,54.0,1.0,1,1,0,0,0,0,0,0.057692307692307696,52,2.3449882148550105,2.796665113419294,2.941051498055458,0,103
old_e17,20261350,1,3,-18.0,3.0,0,0,0,0,0,0,0,0.058823529411764705,51,2.333936628465559,2.7910973876714706,2.9077623039484024,0,104
old_e17,20261350,2,3,-18.0,3.0,0,0,0,0,0,0,0,0.038461538461538464,52,2.3713683566221824,2.9741914011538024,3.1496360898017883,0,104
old_e17,20261350,3,3,-18.0,3.0,0,0,0,0,0,0,0,0.0392156862745098,51,2.376694962674496,3.034294582903385,3.0894875526428223,0,103
old_e17,20261351,0,3,10.0,2.0,0,0,0,0,0,0,0,0.0,20,2.4211514741182327,2.9609793797135353,2.967020496726036,1,41
old_e17,20261351,1,3,-21.0,3.0,0,0,0,0,0,0,0,0.041666666666666664,24,2.3745265789330006,2.8748160228133197,2.934148535132408,0,49
old_e17,20261351,2,3,36.0,1.0,1,0,0,0,0,0,0,0.05,20,2.3220102302730083,2.7692687697708607,2.900419756770134,0,40
old_e17,20261351,3,3,10.0,2.0,0,0,0,0,0,0,0,0.05,20,2.338265534490347,3.0090556479990482,3.1023602932691574,1,41
old_e17,20261352,0,3,-24.0,3.0,0,0,0,0,0,0,0,0.0,21,2.492200317127364,3.1307917088270187,3.1483229249715805,0,43
old_e17,20261352,1,3,-24.0,3.0,0,0,0,0,0,0,0,0.047619047619047616,21,2.343286006223588,2.778913825750351,2.8685275465250015,0,43
old_e17,20261352,2,3,72.0,1.0,1,1,0,0,0,0,0,0.09090909090909091,22,2.2780958732420746,2.698391303420067,2.703392878174782,0,43
old_e17,20261352,3,3,-24.0,3.0,0,0,0,0,0,0,0,0.0,21,2.3363752379303886,2.87754088640213,2.945905551314354,0,43
old_e17,20261353,0,2,33.0,1.0,1,0,0,0,0,0,0,0.037037037037037035,27,2.709552921630718,3.799924813210964,4.309423267841339,0,53
old_e17,20261353,1,2,-17.0,4.0,0,0,1,9,0,0,0,0.07692307692307693,26,2.3482139580524883,2.846282906830311,2.9016006737947464,0,53
old_e17,20261353,2,2,-8.0,2.5,0,0,0,0,0,0,0,0.0,26,2.343446446152834,2.9277848079800606,2.930017188191414,0,53
old_e17,20261353,3,2,-8.0,2.5,0,0,0,0,0,0,0,0.0,26,2.4013684059564886,3.2353708520531654,3.2670479267835617,0,53
old_e17,20261354,0,3,63.0,1.0,1,1,0,0,0,0,0,0.08333333333333333,36,2.422061490101947,3.114504273980856,3.3955704420804977,0,71
old_e17,20261354,1,3,-8.0,2.5,0,0,0,0,0,0,0,0.017543859649122806,57,2.394078397437146,2.937726303935051,3.091145306825638,0,114
old_e17,20261354,2,3,-21.0,3.0,0,0,0,0,0,0,0,0.02857142857142857,35,2.4391678827149526,3.110252320766449,3.3213403075933456,0,71
old_e17,20261354,3,3,-20.0,4.0,0,0,1,12,0,0,0,0.046511627906976744,43,2.3154589065978692,2.8346221894025803,2.9795728623867035,0,86
old_e17,20261355,0,2,-30.0,3.0,0,0,0,0,0,0,0,0.013157894736842105,76,2.40816783748175,2.9140030965209007,3.0615627765655518,0,154
old_e17,20261355,1,2,-30.0,3.0,0,0,0,0,0,0,0,0.012987012987012988,77,2.3884957583693716,2.9138080775737762,3.0237678438425064,0,154
old_e17,20261355,2,2,57.0,1.0,1,1,0,0,0,0,0,0.0625,64,2.288415184011683,2.7518381364643574,2.970503643155098,0,128
old_e17,20261355,3,2,33.0,1.0,1,0,0,0,0,0,0,0.014925373134328358,67,2.3747078740774694,2.9559332877397537,3.432558849453926,0,135
old_e17,20261356,0,1,-8.0,2.5,0,0,0,0,0,0,0,0.03333333333333333,30,2.4616130938132605,3.006967157125473,3.097647801041603,0,60
old_e17,20261356,1,1,-18.0,4.0,0,0,1,10,0,0,0,0.0,30,2.41047286738952,2.9318921267986298,3.0708611011505127,0,60
old_e17,20261356,2,1,34.0,1.0,1,0,0,0,0,0,0,0.03333333333333333,30,2.371712401509285,3.027781192213297,3.067765384912491,0,60
old_e17,20261356,3,1,-8.0,2.5,0,0,0,0,0,0,0,0.03333333333333333,30,2.4137229348222413,3.016512840986252,3.46379354596138,0,60
old_e17,20261357,0,1,-21.0,3.0,0,0,0,0,0,0,0,0.047619047619047616,42,2.3524206841275808,2.7329049073159695,2.963487058877945,0,85
old_e17,20261357,1,1,-21.0,3.0,0,0,0,0,0,0,0,0.047619047619047616,42,2.3229746147990227,2.687875088304281,2.9521454125642776,0,85
old_e17,20261357,2,1,63.0,1.0,1,1,0,0,0,0,0,0.045454545454545456,44,2.412446393546733,3.0651891604065895,3.210216760635376,0,87
old_e17,20261357,3,1,-21.0,3.0,0,0,0,0,0,0,0,0.0,42,2.3894070071123896,3.095297794789076,3.22527252137661,0,85
old_e17,20261358,0,2,0.0,2.5,0,0,0,0,0,1,1,0.012345679012345678,81,2.5079933995449983,3.0547454953193665,4.377923905849457,0,161
old_e17,20261358,1,2,33.0,1.0,1,0,0,0,0,0,0,0.012048192771084338,83,2.416566014289856,2.9237907379865646,3.97658534348011,0,166
old_e17,20261358,2,2,-17.0,4.0,0,0,1,9,0,0,0,0.024096385542168676,83,2.3171287703226846,2.737247757613659,2.746148034930229,0,166
old_e17,20261358,3,2,-8.0,2.5,0,0,0,0,0,0,0,0.024096385542168676,83,2.3883124476814843,2.937468141317367,5.343092605471611,0,166
old_e17,20261359,0,1,-31.0,4.0,0,0,1,23,0,0,0,0.024390243902439025,41,2.4474727035295674,2.9625948518514633,3.4131668508052826,0,82
old_e17,20261359,1,1,-8.0,2.5,0,0,0,0,0,0,0,0.0,41,2.612948008790249,3.0348896980285645,7.275544106960297,0,82
old_e17,20261359,2,1,47.0,1.0,1,0,0,0,0,0,0,0.04878048780487805,41,2.404924164094576,2.915984019637108,5.804561078548431,0,82
old_e17,20261359,3,1,-8.0,2.5,0,0,0,0,0,0,0,0.0,41,2.3748294064184514,3.015439957380295,3.0776578933000565,0,82
old_e17,20261360,0,3,-18.0,4.0,0,0,1,10,0,0,0,0.0,53,2.4852892208211825,3.0736904591321945,4.52805683016777,0,106
old_e17,20261360,1,3,0.0,2.5,0,0,0,0,0,1,1,0.03488372093023256,86,2.365108146223911,2.8443108312785625,4.34412807226181,0,172
old_e17,20261360,2,3,-34.0,3.0,0,0,0,0,0,0,0,0.013157894736842105,76,2.4395688976112164,3.151568118482828,3.367934376001358,0,153
old_e17,20261360,3,3,-8.0,2.5,0,0,0,0,0,0,0,0.04081632653061224,49,2.2913006191350975,2.6954378932714462,2.753356471657753,0,98
old_e17,20261361,0,1,-8.0,2.5,0,0,0,0,0,0,0,0.04838709677419355,62,2.4260385863242613,2.9695183970034122,3.84441576898098,0,124
old_e17,20261361,1,1,-19.0,3.0,0,0,0,0,0,0,0,0.0,48,2.471480790215234,3.1927461735904217,3.2467246055603027,0,97
old_e17,20261361,2,1,10.0,2.0,0,0,0,0,0,0,0,0.0,61,2.44283135675016,3.1802356243133545,3.433169797062874,1,123
old_e17,20261361,3,1,-26.0,3.0,0,0,0,0,0,0,0,0.028169014084507043,71,2.3408809703000832,2.9010288417339325,2.99653597176075,0,143
old_e17,20261362,0,0,-8.0,2.5,0,0,0,0,0,0,0,0.05084745762711865,59,2.354018358608424,2.659097872674464,2.9402021318674088,0,118
old_e17,20261362,1,0,-17.0,4.0,0,0,1,9,0,0,0,0.01694915254237288,59,2.396853167121693,2.9435208067297935,2.9867570847272873,0,118
old_e17,20261362,2,0,-8.0,2.5,0,0,0,0,0,0,0,0.0,47,2.415548970407628,3.271690383553505,3.3963602036237717,0,94
old_e17,20261362,3,0,-17.0,3.0,0,0,0,0,0,0,0,0.08,25,2.3024654388427734,2.7771305292844772,2.78637558221817,0,51
old_e17,20261363,0,0,48.0,1.0,1,0,0,0,0,0,0,0.0,42,2.439258886235101,2.9583980329334736,4.233540967106819,0,84
old_e17,20261363,1,0,-8.0,2.5,0,0,0,0,0,0,0,0.023809523809523808,42,2.374103825007166,3.0178911983966823,3.085607662796974,0,84
old_e17,20261363,2,0,-8.0,2.5,0,0,0,0,0,0,0,0.023809523809523808,42,2.3302242071146058,2.8435938991606236,2.8580334037542343,0,84
old_e17,20261363,3,0,-32.0,4.0,0,0,1,24,0,0,0,0.023809523809523808,42,2.3381300714044344,2.844171691685915,2.8864089399576187,0,84
old_e17,20261364,0,1,-18.0,4.0,0,0,1,10,0,0,0,0.0,35,2.421883972627776,2.972070872783661,3.0448175966739655,0,70
old_e17,20261364,1,1,-8.0,2.5,0,0,0,0,0,0,0,0.02857142857142857,35,2.3379944264888763,2.780317701399326,2.874016761779785,0,70
old_e17,20261364,2,1,34.0,1.0,1,0,0,0,0,0,0,0.0,35,2.44409516453743,3.244768641889095,3.4126080572605133,0,70
old_e17,20261364,3,1,-8.0,2.5,0,0,0,0,0,0,0,0.0,35,2.409940425838743,2.936914749443531,4.793474450707436,0,70
old_e17,20261365,0,0,-19.0,4.0,0,0,1,11,0,0,0,0.05084745762711865,59,2.4013551488771276,2.9605086892843246,3.015367314219475,0,118
old_e17,20261365,1,0,35.0,1.0,1,0,0,0,0,0,0,0.01694915254237288,59,2.3530069422923914,2.8571225702762604,2.907201647758484,0,118
old_e17,20261365,2,0,-35.0,3.0,0,0,0,0,0,0,0,0.0273972602739726,73,2.350288124321258,2.9809966683387756,3.0277222394943237,0,147
old_e17,20261365,3,0,-20.0,4.0,0,0,1,12,0,0,0,0.0,80,2.4977674707770348,3.3565104007720947,5.127863958477974,0,160
old_e17,20261366,0,2,34.0,1.0,1,0,0,0,0,0,0,0.04878048780487805,41,2.3756432914879264,2.840448170900345,2.876242622733116,0,82
old_e17,20261366,1,2,-8.0,2.5,0,0,0,0,0,0,0,0.030303030303030304,33,2.370720277681495,2.8891075402498245,2.9071643948554993,0,66
old_e17,20261366,2,2,-8.0,2.5,0,0,0,0,0,0,0,0.0,41,2.3613792457958547,3.0478760600090027,3.0965637415647507,0,82
old_e17,20261366,3,2,-8.0,2.5,0,0,0,0,0,0,0,0.02564102564102564,39,2.291130331846384,2.7778519317507744,2.8407014906406403,0,78
old_e17,20261367,0,0,-8.0,2.5,0,0,0,0,0,0,0,0.014705882352941176,68,2.4515529820585953,3.017927799373865,3.3001843839883804,0,136
old_e17,20261367,1,0,35.0,1.0,1,0,0,0,0,0,0,0.0,68,2.521783524357221,3.37308906018734,4.868326708674431,0,136
old_e17,20261367,2,0,-8.0,2.5,0,0,0,0,0,0,0,0.018867924528301886,53,2.3191935681509523,2.7625322341918945,2.786664292216301,0,106
old_e17,20261367,3,0,-19.0,4.0,0,0,1,11,0,0,0,0.014705882352941176,68,2.4161052835338257,3.0555839650332928,5.0053466111421585,0,136
old_e17,20261368,0,2,-8.0,2.5,0,0,0,0,0,0,0,0.029411764705882353,34,2.608176594709649,3.1266374513506885,7.710732519626617,0,68
old_e17,20261368,1,2,-17.0,4.0,0,0,1,9,0,0,0,0.0,34,2.662914969465312,3.90320410951972,6.973758339881897,0,68
old_e17,20261368,2,2,33.0,1.0,1,0,0,0,0,0,0,0.029411764705882353,34,2.402804189306848,3.013188950717449,4.020499065518379,0,68
old_e17,20261368,3,2,-8.0,2.5,0,0,0,0,0,0,0,0.0,34,2.4449465358081985,3.053385764360428,4.845727235078812,0,68
old_e17,20261369,0,3,-16.0,4.0,0,0,1,8,0,0,0,0.0,14,2.551375622195857,3.185782954096794,3.1899623572826385,0,28
old_e17,20261369,1,3,-8.0,2.5,0,0,0,0,0,0,0,0.07142857142857142,14,2.3418847205383435,2.887852303683758,2.910945564508438,0,28
old_e17,20261369,2,3,-8.0,2.5,0,0,0,0,0,0,0,0.0,14,2.323828637599945,2.8615393675863743,2.86995992064476,0,28
old_e17,20261369,3,3,32.0,1.0,1,0,0,0,0,0,0,0.07142857142857142,14,2.4410289313111986,3.1177153810858727,3.208279609680176,0,28
old_e17,20261370,0,1,-16.0,3.0,0,0,0,0,0,0,0,0.0,30,2.5227904319763184,3.100033849477768,3.882879391312599,0,61
old_e17,20261370,1,1,-17.0,3.0,0,0,0,0,0,0,0,0.0,31,2.431964441653221,3.1308839097619057,3.1795017421245575,0,63
old_e17,20261370,2,1,-17.0,3.0,0,0,0,0,0,0,0,0.03225806451612903,31,2.334486272546553,2.83933337777853,2.8699394315481186,0,63
old_e17,20261370,3,1,-17.0,3.0,0,0,0,0,0,0,0,0.03225806451612903,31,2.392868120824137,3.0505917966365814,3.0812304466962814,0,63
old_e17,20261371,0,2,-8.0,2.5,0,0,0,0,0,0,0,0.0,41,2.488132566213608,3.0852314084768295,3.21989506483078,0,82
old_e17,20261371,1,2,-18.0,4.0,0,0,1,10,0,0,0,0.0,41,2.5948965240542483,3.7166569381952286,6.051201373338699,0,82
old_e17,20261371,2,2,34.0,1.0,1,0,0,0,0,0,0,0.024390243902439025,41,2.429049416649632,2.9370449483394623,5.738334730267525,0,82
old_e17,20261371,3,2,-8.0,2.5,0,0,0,0,0,0,0,0.0,40,2.431272156536579,3.198703285306692,3.2274331897497177,0,80
old_e17,20261372,0,0,36.0,1.0,1,0,0,0,0,0,0,0.025,80,2.516649942845106,3.1853639520704746,6.915507838129997,0,160
old_e17,20261372,1,0,-17.0,4.0,0,0,1,9,0,0,0,0.023809523809523808,42,2.4345113585392633,3.223697654902935,3.3190567046403885,0,84
old_e17,20261372,2,0,-8.0,2.5,0,0,0,0,0,0,0,0.0,38,2.343827172329551,2.888367883861065,3.031983971595764,0,76
old_e17,20261372,3,0,-8.0,2.5,0,0,0,0,0,0,0,0.0,35,2.3421778210571835,2.9476599767804146,2.9675979167222977,0,70
old_e17,20261373,0,3,-8.0,2.5,0,0,0,0,0,0,0,0.029411764705882353,34,2.4178247789249703,2.907732781022787,3.020789474248886,0,68
old_e17,20261373,1,3,-16.0,4.0,0,0,1,8,0,0,0,0.029411764705882353,34,2.364566714009818,2.8249040246009827,2.8462018817663193,0,68
old_e17,20261373,2,3,-8.0,2.5,0,0,0,0,0,0,0,0.0,34,2.4307142833576485,3.2125599682331085,3.2718293368816376,0,68
old_e17,20261373,3,3,37.0,1.0,1,0,0,0,0,0,0,0.08823529411764706,34,2.294708098120549,2.7180765755474567,2.947090193629265,0,68
old_e17,20261374,0,0,10.0,2.0,0,0,0,0,0,0,0,0.013513513513513514,74,2.4116986708061114,2.9389972798526287,3.002004697918892,1,149
old_e17,20261374,1,0,10.0,2.0,0,0,0,0,0,0,0,0.0,74,2.4318687517095254,3.0933164060115814,3.155060112476349,1,149
old_e17,20261374,2,0,-30.0,4.0,0,0,0,0,0,0,0,0.013333333333333334,75,2.3754437267780304,2.9519042000174522,3.032110631465912,1,149
old_e17,20261374,3,0,10.0,2.0,0,0,0,0,0,0,0,0.04054054054054054,74,2.288948618681044,2.637884300202131,2.92266346514225,1,149
old_e17,20261375,0,2,-16.0,3.0,0,0,0,0,0,0,0,0.05,40,2.401229878887534,2.971806190907955,3.0925553292036057,0,81
old_e17,20261375,1,2,48.0,1.0,1,1,0,0,0,0,0,0.0,41,2.562576950323291,3.5226214677095413,6.408575922250748,0,81
old_e17,20261375,2,2,-16.0,3.0,0,0,0,0,0,0,0,0.05,40,2.317172009497881,2.666214294731617,2.8194840997457504,0,81
old_e17,20261375,3,2,-16.0,3.0,0,0,0,0,0,0,0,0.0,40,2.4102354422211647,3.0251679010689254,3.3442657440900803,0,81
old_e17,20261376,0,2,-8.0,2.5,0,0,0,0,0,0,0,0.03125,32,2.4574401904828846,3.1028421595692635,3.143930807709694,0,64
old_e17,20261376,1,2,34.0,1.0,1,0,0,0,0,0,0,0.0625,32,2.3248500074259937,2.748458832502365,2.7850493788719177,0,64
old_e17,20261376,2,2,49.0,1.0,1,0,0,0,0,0,0,0.06521739130434782,46,2.2817392955007763,2.687483560293913,2.7584321796894073,0,92
old_e17,20261376,3,2,-18.0,4.0,0,0,1,10,0,0,0,0.0,30,2.376511258383592,2.950343396514654,2.970488741993904,0,60
old_e17,20261377,0,0,-8.0,2.5,0,0,0,0,0,0,0,0.04081632653061224,49,2.4252385281178417,2.8534848242998123,4.397410899400711,0,98
old_e17,20261377,1,0,-17.0,4.0,0,0,1,9,0,0,0,0.022222222222222223,45,2.4375665518972607,3.0706163495779037,3.105567768216133,0,90
old_e17,20261377,2,0,-8.0,2.5,0,0,0,0,0,0,0,0.02040816326530612,49,2.346724423826957,2.933352440595627,3.0366741120815277,0,98
old_e17,20261377,3,0,33.0,1.0,1,0,0,0,0,0,0,0.02040816326530612,49,2.3899605611757355,3.0858058482408524,3.131205216050148,0,98
old_e17,20261378,0,3,-19.0,3.0,0,0,0,0,0,0,0,0.04477611940298507,67,2.409429831513718,2.9659310355782504,3.4637320786714554,0,135
old_e17,20261378,1,3,40.0,1.0,1,0,0,0,0,0,0,0.0,70,2.4153852835297585,3.054232895374298,3.1507890671491623,0,140
old_e17,20261378,2,3,0.0,2.5,0,0,0,0,0,1,0,0.0,84,2.4471014427642026,3.167576063424349,6.911523640155792,0,168
old_e17,20261378,3,3,0.0,2.5,0,0,0,0,0,1,1,0.011904761904761904,84,2.4184304999098893,2.7519023045897484,7.449949160218239,0,168
old_e17,20261379,0,3,-8.0,2.5,0,0,0,0,0,0,0,0.0,56,2.462975581043533,2.9630628414452076,3.6463402211666107,0,112
old_e17,20261379,1,3,-8.0,2.5,0,0,0,0,0,0,0,0.017857142857142856,56,2.419102005660534,2.9601403512060642,4.386181011795998,0,112
old_e17,20261379,2,3,35.0,1.0,1,0,0,0,0,0,0,0.017857142857142856,56,2.4616814418030635,3.3618276938796043,3.462793305516243,0,112
old_e17,20261379,3,3,57.0,1.0,1,1,0,0,0,0,0,0.015625,64,2.5484389043413103,3.2402819953858852,7.09853321313858,0,127
old_e17,20261380,0,3,32.0,1.0,1,0,0,0,0,0,0,0.030303030303030304,33,2.4914829003991503,2.863021194934845,6.250662729144096,0,66
old_e17,20261380,1,3,-8.0,2.5,0,0,0,0,0,0,0,0.030303030303030304,33,2.425028124090397,2.95153446495533,4.8967394977808,0,66
old_e17,20261380,2,3,-16.0,4.0,0,0,1,8,0,0,0,0.05405405405405406,37,2.4195831973810455,3.006484359502792,4.185367375612259,0,74
old_e17,20261380,3,3,-8.0,2.5,0,0,0,0,0,0,0,0.030303030303030304,33,2.390260159066229,2.9532600194215775,3.878597170114517,0,66
old_e17,20261381,0,3,-55.0,3.0,0,0,0,0,0,0,0,0.05128205128205128,39,2.3797649221542554,2.712425217032433,2.9317401349544525,0,79
old_e17,20261381,1,3,-8.0,2.5,0,0,0,0,0,0,0,0.04,50,2.403501495718956,2.937797363847494,4.237791523337364,0,100
old_e17,20261381,2,3,-8.0,2.5,0,0,0,0,0,0,0,0.03773584905660377,53,2.412908025226503,2.9133249074220657,4.832016304135323,0,106
old_e17,20261381,3,3,-55.0,3.0,0,0,0,0,0,0,0,0.02564102564102564,39,2.722708508372307,3.8434095680713654,5.273470655083656,0,79
old_e17,20261382,0,0,-8.0,2.5,0,0,0,0,0,0,0,0.03076923076923077,65,2.376686896269138,2.7934711426496506,2.906201407313347,0,130
old_e17,20261382,1,0,-24.0,4.0,0,0,1,16,0,0,0,0.02127659574468085,47,2.3611791511165334,2.84923929721117,2.9555168002843857,0,94
old_e17,20261382,2,0,32.0,1.0,1,0,0,0,0,0,0,0.0,60,2.5275519428153834,3.3927193842828274,3.5597439855337143,0,120
old_e17,20261382,3,0,-18.0,3.0,0,0,0,0,0,0,0,0.015873015873015872,63,2.419184449882734,3.142896294593811,3.412991762161255,0,127
old_e17,20261383,0,3,-18.0,4.0,0,0,1,10,0,0,0,0.0,47,2.43220236548718,2.9946986585855484,3.1272675842046738,0,94
old_e17,20261383,1,3,34.0,1.0,1,0,0,0,0,0,0,0.0425531914893617,47,2.3020192822243306,2.677328884601593,2.735283225774765,0,94
old_e17,20261383,2,3,-8.0,2.5,0,0,0,0,0,0,0,0.022727272727272728,44,2.336896701969884,2.913025673478842,2.9343608766794205,0,88
old_e17,20261383,3,3,-8.0,2.5,0,0,0,0,0,0,0,0.0425531914893617,47,2.3287829962816646,2.9143434017896652,2.9707830399274826,0,94
old_e17,20261384,0,0,32.0,1.0,1,0,0,0,0,0,0,0.05454545454545454,55,2.3552133617076008,2.746027335524559,2.9625948518514633,0,110
old_e17,20261384,1,0,-8.0,2.5,0,0,0,0,0,0,0,0.04838709677419355,62,2.3319493498533004,2.716139145195484,3.050832077860832,0,124
old_e17,20261384,2,0,75.0,1.0,1,1,0,0,0,0,0,0.025974025974025976,77,2.3070844011260316,2.7299758046865463,2.8984397649765015,0,153
old_e17,20261384,3,0,-8.0,2.5,0,0,0,0,0,0,0,0.019230769230769232,52,2.297114545049576,2.8323275968432426,2.8686262667179108,0,104
old_e17,20261385,0,3,48.0,1.0,1,1,0,0,0,0,0,0.0,28,2.431797129767282,3.182421717792749,3.397168591618538,0,55
old_e17,20261385,1,3,-16.0,3.0,0,0,0,0,0,0,0,0.07407407407407407,27,2.298496318636117,2.630077116191387,2.696450799703598,0,55
old_e17,20261385,2,3,-16.0,3.0,0,0,0,0,0,0,0,0.03225806451612903,31,2.3899707462518447,2.9354318976402283,3.138642758131027,0,63
old_e17,20261385,3,3,-16.0,3.0,0,0,0,0,0,0,0,0.0,29,2.439203061934175,3.2418716698884964,3.446415066719055,0,59
old_e17,20261386,0,2,-19.0,3.0,0,0,0,0,0,0,0,0.0,42,2.4553324051556134,3.05149694904685,3.094121813774109,0,85
old_e17,20261386,1,2,-19.0,3.0,0,0,0,0,0,0,0,0.0,42,2.4757525839266323,3.2197888940572734,3.3410433679819107,0,85
old_e17,20261386,2,2,57.0,1.0,1,1,0,0,0,0,0,0.046511627906976744,43,2.3630085552847664,3.0063409358263016,3.408065065741539,0,85
old_e17,20261386,3,2,-19.0,3.0,0,0,0,0,0,0,0,0.023809523809523808,42,2.375165399696146,3.0252710916101933,3.066936507821083,0,85
old_e17,20261387,0,2,-20.0,4.0,0,0,1,12,0,0,0,0.044444444444444446,45,2.4529799818992615,3.0803322792053223,3.228837624192238,0,90
old_e17,20261387,1,2,-8.0,2.5,0,0,0,0,0,0,0,0.014925373134328358,67,2.4040446741812267,2.990543469786644,3.279099240899086,0,134
old_e17,20261387,2,2,35.0,1.0,1,0,0,0,0,0,0,0.05172413793103448,58,2.3459819434531806,2.8984558768570423,4.021786153316498,0,116
old_e17,20261387,3,2,34.0,1.0,1,0,0,0,0,0,0,0.02631578947368421,38,2.346492470487168,2.9855401255190372,3.005361184477806,0,76
old_e17,20261388,0,0,-8.0,2.5,0,0,0,0,0,0,0,0.0,88,2.433422931723974,3.0075971037149425,4.067456349730492,0,176
old_e17,20261388,1,0,-19.0,3.0,0,0,0,0,0,0,0,0.030303030303030304,33,2.3569233828421794,2.9181726276874542,2.9528774321079254,0,67
old_e17,20261388,2,0,-19.0,3.0,0,0,0,0,0,0,0,0.0,35,2.45611449437482,3.1832877546548843,4.126178100705147,0,71
old_e17,20261388,3,0,57.0,1.0,1,1,0,0,0,0,0,0.027777777777777776,36,2.330139848507113,2.901771105825901,3.030562773346901,0,71
old_e17,20261389,0,0,72.0,1.0,1,1,0,0,0,0,0,0.015873015873015872,63,2.4261160916279234,2.9849885031580925,3.19119356572628,0,125
old_e17,20261389,1,0,-24.0,3.0,0,0,0,0,0,0,0,0.016666666666666666,60,2.3627410642802715,2.8097852133214474,2.889193594455719,0,121
old_e17,20261389,2,0,-24.0,3.0,0,0,0,0,0,0,0,0.04838709677419355,62,2.4086981711368405,3.118472173810005,3.1654611229896545,0,125
old_e17,20261389,3,0,-8.0,2.5,0,0,0,0,0,0,0,0.03333333333333333,30,2.351961098611355,2.8924829326570034,2.900620922446251,0,60
old_e17,20261390,0,0,-8.0,2.5,0,0,0,0,0,0,0,0.02127659574468085,47,2.420009529971062,2.903713658452034,2.9432978481054306,0,94
old_e17,20261390,1,0,36.0,1.0,1,0,0,0,0,0,0,0.02127659574468085,47,2.4791817240258482,3.4567629918456078,3.5273227840662003,0,94
old_e17,20261390,2,0,-8.0,2.5,0,0,0,0,0,0,0,0.0851063829787234,47,2.312072493294452,2.6975877583026886,2.827068790793419,0,94
old_e17,20261390,3,0,-20.0,4.0,0,0,1,12,0,0,0,0.02127659574468085,47,2.3456704505580537,2.8004340827465057,2.8906576335430145,0,94
old_e17,20261391,0,1,35.0,1.0,1,0,0,0,0,0,0,0.03636363636363636,55,2.4164860898798164,2.9864566400647163,3.025360405445099,0,110
old_e17,20261391,1,1,0.0,2.5,0,0,0,0,0,1,1,0.022727272727272728,88,2.381258115003055,2.886328380554914,3.4756753593683243,0,176
old_e17,20261391,2,1,-19.0,4.0,0,0,1,11,0,0,0,0.022988505747126436,87,2.3345461479206193,2.805880084633827,2.92089581489563,0,174
old_e17,20261391,3,1,-8.0,2.5,0,0,0,0,0,0,0,0.0,85,2.4306088905124104,3.2589059323072433,3.530733287334442,0,170
old_e17,20261392,0,0,0.0,2.5,0,0,0,0,0,1,1,0.023529411764705882,85,2.472676380592234,3.183228522539139,3.318220376968384,0,170
old_e17,20261392,1,0,-16.0,3.0,0,0,0,0,0,0,0,0.0,39,2.4237755017402844,3.0818428844213486,3.183230757713318,0,79
old_e17,20261392,2,0,0.0,2.5,0,0,0,0,0,1,1,0.03409090909090909,88,2.297560599717227,2.7279071509838104,2.891767770051956,0,176
old_e17,20261392,3,0,34.0,1.0,1,0,0,0,0,0,0,0.03076923076923077,65,2.364531245369178,2.953829988837242,3.1962767243385315,0,130
old_e17,20261393,0,3,-8.0,2.5,0,0,0,0,0,0,0,0.07142857142857142,42,2.3608230763957616,2.6753284037113185,2.915717661380768,0,84
old_e17,20261393,1,3,-25.0,3.0,0,0,0,0,0,0,0,0.031746031746031744,63,2.353368327021599,2.778194099664688,2.9530413448810577,0,127
old_e17,20261393,2,3,-28.0,4.0,0,0,1,20,0,0,0,0.023809523809523808,42,2.396409266761371,2.9794367030262947,3.0409973114728928,0,84
old_e17,20261393,3,3,-8.0,2.5,0,0,0,0,0,0,0,0.0,42,2.3166399360412644,2.9400967992842197,3.0120518058538437,0,84
old_e17,20261394,0,1,-8.0,2.5,0,0,0,0,0,0,0,0.022727272727272728,44,2.4246199225837533,3.054007049649954,3.111468628048897,0,88
old_e17,20261394,1,1,36.0,1.0,1,0,0,0,0,0,0,0.045454545454545456,44,2.3380735973742874,2.7396513149142265,2.9590725898742676,0,88
old_e17,20261394,2,1,-20.0,4.0,0,0,1,12,0,0,0,0.022727272727272728,44,2.401144074445421,3.034842386841774,3.0791163444519043,0,88
old_e17,20261394,3,1,-8.0,2.5,0,0,0,0,0,0,0,0.0,45,2.4050975839296975,3.05524542927742,3.2642967998981476,0,90
old_e17,20261395,0,0,36.0,1.0,1,0,0,0,0,0,0,0.0,20,2.436287235468626,2.9320765286684036,2.938680350780487,0,40
old_e17,20261395,1,0,-20.0,4.0,0,0,1,12,0,0,0,0.045454545454545456,22,2.376437695188956,2.8870001435279846,2.898484468460083,0,44
old_e17,20261395,2,0,-8.0,2.5,0,0,0,0,0,0,0,0.0,22,2.368582073937763,2.9938628897070885,3.123059868812561,0,44
old_e17,20261395,3,0,-8.0,2.5,0,0,0,0,0,0,0,0.0,22,2.3644312538883905,2.9844162054359913,3.010120242834091,0,44
old_e17,20261396,0,0,-24.0,4.0,0,0,1,16,0,0,0,0.04,25,2.430870905518532,2.9055505990982056,2.937629818916321,0,50
old_e17,20261396,1,0,-22.0,3.0,0,0,0,0,0,0,0,0.0,62,2.409994031392759,3.0178336426615715,3.1815804541110992,0,125
old_e17,20261396,2,0,-8.0,2.5,0,0,0,0,0,0,0,0.14814814814814814,27,2.2771977302100925,2.62286514043808,2.8880704194307327,0,54
old_e17,20261396,3,0,-8.0,2.5,0,0,0,0,0,0,0,0.041666666666666664,24,2.3925690911710262,3.0470565892755985,3.08365561068058,0,48
old_e17,20261397,0,3,-8.0,2.5,0,0,0,0,0,0,0,0.0,39,2.410554064389987,2.9039716348052025,2.9373038560152054,0,78
old_e17,20261397,1,3,-8.0,2.5,0,0,0,0,0,0,0,0.02564102564102564,39,2.3916477385239725,2.9993169009685516,3.0249468982219696,0,78
old_e17,20261397,2,3,-16.0,4.0,0,0,1,8,0,0,0,0.037037037037037035,27,2.4302021634799464,3.1155815348029137,3.2041314989328384,0,54
old_e17,20261397,3,3,33.0,1.0,1,0,0,0,0,0,0,0.0,39,2.61953296378637,3.797777183353901,3.8590803742408752,0,78
old_e17,20261398,0,2,54.0,1.0,1,1,0,0,0,0,0,0.03278688524590164,61,2.3838024830720466,2.7959272265434265,2.845587208867073,0,121
old_e17,20261398,1,2,-19.0,3.0,0,0,0,0,0,0,0,0.0,58,2.4697095605319945,3.25756398960948,3.4869853407144547,0,117
old_e17,20261398,2,2,-19.0,3.0,0,0,0,0,0,0,0,0.0,58,2.430099704913024,3.3432587049901485,3.414873033761978,0,117
old_e17,20261398,3,2,57.0,1.0,1,1,0,0,0,0,0,0.06779661016949153,59,2.337056354193364,2.9199711978435516,2.9944051057100296,0,117
old_e17,20261399,0,3,-8.0,2.5,0,0,0,0,0,0,0,0.038461538461538464,52,2.5021365413872094,2.983149792999029,7.12207518517971,0,104
old_e17,20261399,1,3,-8.0,2.5,0,0,0,0,0,0,0,0.038461538461538464,52,2.4102764347424874,2.9163548722863197,5.63386082649231,0,104
old_e17,20261399,2,3,81.0,1.0,1,1,0,0,0,0,0,0.05660377358490566,53,2.367080312292531,2.778630331158638,5.303516983985901,0,105
old_e17,20261399,3,3,-27.0,3.0,0,0,0,0,0,0,0,0.019230769230769232,52,2.4181498357882867,2.904891222715378,6.017891690135002,0,105
old_e17,20261400,0,0,60.0,1.0,1,1,0,0,0,0,0,0.03636363636363636,55,2.4707037955522537,2.97034103423357,6.360605359077454,0,110
old_e17,20261400,1,0,32.0,1.0,1,0,0,0,0,0,0,0.021739130434782608,46,2.5018758100012075,3.2494994811713696,4.140190780162811,0,91
old_e17,20261400,2,0,-20.0,3.0,0,0,0,0,0,0,0,0.0,54,2.4683530683870667,3.286888916045427,3.372473642230034,0,110
old_e17,20261400,3,0,-20.0,3.0,0,0,0,0,0,0,0,0.04838709677419355,62,2.3343559174287702,2.6888761669397354,4.179913550615311,0,126
old_e17,20261401,0,1,10.0,2.0,0,0,0,0,0,0,0,0.031746031746031744,63,2.435794011467979,2.935868874192238,4.238462075591087,1,127
old_e17,20261401,1,1,-8.0,2.5,0,0,0,0,0,0,0,0.028985507246376812,69,2.4262626209984655,2.9734287410974503,5.289200693368912,0,138
old_e17,20261401,2,1,60.0,1.0,1,1,0,0,0,0,0,0.01694915254237288,59,2.470398700590861,2.9502488672733307,6.447050720453262,0,117
old_e17,20261401,3,1,-8.0,2.5,0,0,0,0,0,0,0,0.03389830508474576,59,2.3734370972645484,2.943567559123039,4.573402926325798,0,118
old_e17,20261402,0,1,0.0,2.5,0,0,0,0,0,1,1,0.0,78,2.43950542062521,3.024616464972496,3.077913075685501,0,156
old_e17,20261402,1,1,-8.0,2.5,0,0,0,0,0,0,0,0.0136986301369863,73,2.4459827946473474,3.1151808798313136,3.2733436673879623,0,146
old_e17,20261402,2,1,-16.0,4.0,0,0,1,8,0,0,0,0.02666666666666667,75,2.3100743939479194,2.719486318528652,2.782069146633148,0,150
old_e17,20261402,3,1,-8.0,2.5,0,0,0,0,0,0,0,0.0,75,2.462350403269132,3.4167151898145676,5.2838679403066635,0,150
old_e17,20261403,0,3,32.0,1.0,1,0,0,0,0,0,0,0.03333333333333333,60,2.4448003309468427,2.893584780395031,4.204416647553444,0,120
old_e17,20261403,1,3,-16.0,4.0,0,0,1,8,0,0,0,0.0,47,2.445557729360905,3.154939040541649,3.532128408551216,0,94
old_e17,20261403,2,3,-23.0,3.0,0,0,0,0,0,0,0,0.016666666666666666,60,2.4605373851954937,2.9483873397111893,6.1157383024692535,0,121
old_e17,20261403,3,3,69.0,1.0,1,1,0,0,0,0,0,0.01639344262295082,61,2.4747817975575805,3.129802644252777,5.057092756032944,0,121
old_e17,20261404,0,3,10.0,2.0,0,0,0,0,0,0,0,0.0,46,2.54677203686341,3.177471924573183,3.3706799149513245,1,93
old_e17,20261404,1,3,35.0,1.0,1,0,0,0,0,0,0,0.0,85,2.4934768238488365,3.234725072979927,3.588726744055748,0,170
old_e17,20261404,2,3,69.0,1.0,1,1,0,0,0,0,0,0.0,77,2.4779231662487056,3.283609077334404,6.287043914198875,0,153
old_e17,20261404,3,3,-17.0,4.0,0,0,1,9,0,0,0,0.0,40,2.3909292183816433,2.9357287101447582,2.9816608875989914,0,80
old_e17,20261405,0,3,-20.0,4.0,0,0,1,12,0,0,0,0.02127659574468085,47,2.4909579214897564,3.0170058831572533,4.257360473275185,0,94
old_e17,20261405,1,3,-8.0,2.5,0,0,0,0,0,0,0,0.0,45,2.469675408469306,3.1196158379316326,5.022425204515457,0,90
old_e17,20261405,2,3,-8.0,2.5,0,0,0,0,0,0,0,0.0,45,2.443363807267613,3.1473103910684586,4.091162234544754,0,90
old_e17,20261405,3,3,-8.0,2.5,0,0,0,0,0,0,0,0.0,62,2.4940005894149504,3.3938171342015266,4.6971626579761505,0,124
old_e17,20261406,0,2,-27.0,4.0,0,0,1,19,0,0,0,0.05,40,2.3880285676568747,2.7945250272750854,2.9497668147087097,0,80
old_e17,20261406,1,2,54.0,1.0,1,1,0,0,0,0,0,0.03773584905660377,53,2.3841655830729684,3.0665386468172073,3.0959639698266983,0,105
old_e17,20261406,2,2,10.0,2.0,0,0,0,0,0,0,0,0.06818181818181818,44,2.3494084281000225,2.912837266921997,3.1674541532993317,1,89
old_e17,20261406,3,2,-27.0,4.0,0,0,1,19,0,0,0,0.0,31,2.4401153768262556,3.0579986050724983,4.579128697514534,0,62
old_e17,20261407,0,3,54.0,1.0,1,1,0,0,0,0,0,0.06666666666666667,45,2.3740844594107733,2.8572794049978247,3.7988945841789246,0,89
old_e17,20261407,1,3,-21.0,3.0,0,0,0,0,0,0,0,0.025,40,2.375162625685334,2.8791313990950584,2.9280055314302444,0,81
old_e17,20261407,2,3,-16.0,4.0,0,0,1,8,0,0,0,0.0,43,2.5116268025581228,3.487502783536911,3.777550533413887,0,86
old_e17,20261407,3,3,-18.0,3.0,0,0,0,0,0,0,0,0.0,44,2.52413639629429,3.252832591533661,4.406275227665901,0,89
old_e17,20261408,0,2,34.0,1.0,1,0,0,0,0,0,0,0.03278688524590164,61,2.47388342242749,3.028225153684616,5.791975185275078,0,122
old_e17,20261408,1,2,-19.0,3.0,0,0,0,0,0,0,0,0.015151515151515152,66,2.488269865738623,3.044710960239172,5.5728331208229065,0,133
old_e17,20261408,2,2,0.0,2.5,0,0,0,0,0,1,1,0.011904761904761904,84,2.428033056535891,3.141527809202671,5.442535504698753,0,168
old_e17,20261408,3,2,0.0,2.5,0,0,0,0,0,1,1,0.023255813953488372,86,2.3455220642824504,2.8219339437782764,3.711530938744545,0,172
old_e17,20261409,0,3,-8.0,2.5,0,0,0,0,0,0,0,0.0,42,2.528421403396697,2.941340021789074,6.277607753872871,0,84
old_e17,20261409,1,3,-17.0,4.0,0,0,1,9,0,0,0,0.029411764705882353,34,2.382941489272258,2.9605187475681305,3.067160025238991,0,68
old_e17,20261409,2,3,-17.0,4.0,0,0,1,9,0,0,0,0.023255813953488372,43,2.3593877463839776,2.8977906331419945,3.384442999958992,0,86
old_e17,20261409,3,3,33.0,1.0,1,0,0,0,0,0,0,0.023255813953488372,43,2.3398787043122358,2.837335504591465,2.9419735074043274,0,86
old_e17,20261410,0,1,-8.0,2.5,0,0,0,0,0,0,0,0.061224489795918366,49,2.3739998970104725,2.833329513669013,2.992764115333557,0,99
old_e17,20261410,1,1,-19.0,4.0,0,0,1,11,0,0,0,0.0,37,2.435249150604815,2.9804803431034084,3.053532913327217,0,74
old_e17,20261410,2,1,-8.0,2.5,0,0,0,0,0,0,0,0.043478260869565216,46,2.3576060471975286,2.923338208347559,3.2934676855802536,0,92
old_e17,20261410,3,1,-8.0,2.5,0,0,0,0,0,0,0,0.05555555555555555,36,2.4114066941870584,2.707473933696747,7.888732478022575,0,72
old_e17,20261411,0,2,-17.0,3.0,0,0,0,0,0,0,0,0.022727272727272728,44,2.4208089506084267,2.9717969708144665,3.013456240296364,0,90
old_e17,20261411,1,2,-17.0,4.0,0,0,1,9,0,0,0,0.015625,64,2.38938452093862,2.9210099950432777,3.0769407749176025,0,129
old_e17,20261411,2,2,34.0,1.0,1,0,0,0,0,0,0,0.0392156862745098,51,2.3837634818811044,3.019019030034542,3.0776988714933395,0,101
old_e17,20261411,3,2,-32.0,3.0,0,0,0,0,0,0,0,0.03125,64,2.355441218242049,2.8702852316200733,4.704739898443222,0,130
old_e17,20261412,0,3,-24.0,3.0,0,0,0,0,0,0,0,0.024390243902439025,41,2.505052653027744,3.2941829413175583,3.325873985886574,0,83
old_e17,20261412,1,3,-24.0,3.0,0,0,0,0,0,0,0,0.024390243902439025,41,2.3822145672833046,2.8952769935131073,3.172527998685837,0,83
old_e17,20261412,2,3,72.0,1.0,1,1,0,0,0,0,0,0.047619047619047616,42,2.36496107564086,2.89944801479578,4.628036171197891,0,83
old_e17,20261412,3,3,-24.0,3.0,0,0,0,0,0,0,0,0.024390243902439025,41,2.460841044056706,3.351956605911255,3.7366561591625214,0,83
old_e17,20261413,0,2,32.0,1.0,1,0,0,0,0,0,0,0.03333333333333333,30,2.4432172998785973,3.068238031119108,3.1621214002370834,0,60
old_e17,20261413,1,2,-16.0,4.0,0,0,1,8,0,0,0,0.03333333333333333,30,2.4017367511987686,3.164600394666195,3.188440576195717,0,60
old_e17,20261413,2,2,-8.0,2.5,0,0,0,0,0,0,0,0.06666666666666667,30,2.30484822144111,2.8190973214805126,2.838432788848877,0,60
old_e17,20261413,3,2,-8.0,2.5,0,0,0,0,0,0,0,0.0,30,2.4652487908800444,3.240772895514965,3.9862971752882004,0,60
old_e17,20261414,0,3,-23.0,3.0,0,0,0,0,0,0,0,0.0,46,2.5463946487592612,3.239513374865055,5.401432514190674,0,93
old_e17,20261414,1,3,40.0,1.0,1,0,0,0,0,0,0,0.06779661016949153,59,2.316043128148984,2.717401273548603,2.984987571835518,0,118
old_e17,20261414,2,3,-23.0,3.0,0,0,0,0,0,0,0,0.046511627906976744,43,2.358821978749231,2.8657065704464912,3.710240125656128,0,87
old_e17,20261414,3,3,-25.0,3.0,0,0,0,0,0,0,0,0.0,49,2.4816666786768,3.3302862197160703,4.198327660560608,0,99
old_e17,20261415,0,3,-21.0,4.0,0,0,1,13,0,0,0,0.06060606060606061,33,2.4689442167679467,2.897118404507637,4.853451624512672,0,66
old_e17,20261415,1,3,-8.0,2.5,0,0,0,0,0,0,0,0.030303030303030304,33,2.4494384838776155,3.001709282398224,4.370557144284248,0,66
old_e17,20261415,2,3,-8.0,2.5,0,0,0,0,0,0,0,0.0,33,2.455135638063604,3.0005160719156265,6.049873307347298,0,66
old_e17,20261415,3,3,37.0,1.0,1,0,0,0,0,0,0,0.030303030303030304,33,2.4776608316284237,3.388431668281555,3.424171358346939,0,66
old_e17,20261416,0,2,-8.0,2.5,0,0,0,0,0,0,0,0.07692307692307693,39,2.390878131756416,2.952636405825615,3.326617181301117,0,78
old_e17,20261416,1,2,-8.0,2.5,0,0,0,0,0,0,0,0.0,41,2.5610606663110778,3.168262541294098,5.569636821746826,0,82
old_e17,20261416,2,2,-8.0,2.5,0,0,0,0,0,0,0,0.05128205128205128,39,2.3189255824455848,2.6048699393868446,4.599194973707199,0,78
old_e17,20261416,3,2,-33.0,4.0,0,0,1,25,0,0,0,0.04878048780487805,41,2.3647743481688384,2.8762798756361008,3.829317167401314,0,82
old_e17,20261417,0,2,35.0,1.0,1,0,0,0,0,0,0,0.0625,64,2.3801567149348557,2.913213148713112,3.7057194858789444,0,128
old_e17,20261417,1,2,-8.0,2.5,0,0,0,0,0,0,0,0.014492753623188406,69,2.411418041025383,2.9340408742427826,4.890730604529381,0,138
old_e17,20261417,2,2,-8.0,2.5,0,0,0,0,0,0,0,0.02857142857142857,35,2.4494709180934087,3.139290586113928,4.8158131539821625,0,70
old_e17,20261417,3,2,-24.0,4.0,0,0,1,16,0,0,0,0.02666666666666667,75,2.3161820818980536,2.7297034859657288,3.243299201130867,0,150
old_e17,20261418,0,3,10.0,2.0,0,0,0,0,0,0,0,0.015625,64,2.449058723868802,2.9630670323967934,2.9800981283187866,1,129
old_e17,20261418,1,3,-17.0,4.0,0,0,1,9,0,0,0,0.0,44,2.4787102063948456,3.2284874469041824,3.539295867085457,0,88
old_e17,20261418,2,3,-8.0,2.5,0,0,0,0,0,0,0,0.045454545454545456,44,2.3835899138992485,2.769016847014427,5.82214817404747,0,88
old_e17,20261418,3,3,33.0,1.0,1,0,0,0,0,0,0,0.045454545454545456,44,2.3845509117977186,2.7217828668653965,6.349889561533928,0,88
old_e17,20261419,0,0,-19.0,3.0,0,0,0,0,0,0,0,0.0,54,2.655769284400675,3.237866051495075,7.14285671710968,0,109
old_e17,20261419,1,0,-20.0,4.0,0,0,1,12,0,0,0,0.0,62,2.3966373034542605,2.947813458740711,2.9850397258996964,0,124
old_e17,20261419,2,0,-19.0,3.0,0,0,0,0,0,0,0,0.0,54,2.4847777353392706,3.6542132496833797,3.8681235164403915,0,109
old_e17,20261419,3,0,-8.0,2.5,0,0,0,0,0,0,0,0.0,81,2.414817519393968,2.9525961726903915,4.35497984290123,0,162
old_e17,20261420,0,3,-25.0,3.0,0,0,0,0,0,0,0,0.05,60,2.35166201988856,2.7190428227186203,2.9209554195404053,0,121
old_e17,20261420,1,3,69.0,1.0,1,1,0,0,0,0,0,0.0,57,2.4493924554502753,3.2114829868078227,3.3574383705854416,0,113
old_e17,20261420,2,3,51.0,1.0,1,1,0,0,0,0,0,0.02666666666666667,75,2.335024451216062,2.9043851420283318,3.757791593670845,0,149
old_e17,20261420,3,3,-23.0,3.0,0,0,0,0,0,0,0,0.0,56,2.411289439935769,3.066093660891056,3.870144486427307,0,113
old_e17,20261421,0,1,-8.0,2.5,0,0,0,0,0,0,0,0.0,44,2.5317026302218437,3.316713310778141,3.5000480711460114,0,88
old_e17,20261421,1,1,-8.0,2.5,0,0,0,0,0,0,0,0.022727272727272728,44,2.4516111747785048,3.2204315997660165,3.428768366575241,0,88
old_e17,20261421,2,1,34.0,1.0,1,0,0,0,0,0,0,0.022727272727272728,44,2.428337423638864,3.0224394984543324,4.15467657148838,0,88
old_e17,20261421,3,1,-18.0,4.0,0,0,1,10,0,0,0,0.022727272727272728,44,2.3712676272473554,2.910452987998724,3.1352508813142776,0,88
old_e17,20261422,0,3,-8.0,2.5,0,0,0,0,0,0,0,0.01639344262295082,61,2.484168246632717,2.9547996819019318,4.8133861273527145,0,122
old_e17,20261422,1,3,-8.0,2.5,0,0,0,0,0,0,0,0.03278688524590164,61,2.3487186150961237,2.7339644730091095,2.7636028826236725,0,122
old_e17,20261422,2,3,-8.0,2.5,0,0,0,0,0,0,0,0.03125,64,2.340774954063818,2.7764596976339817,3.486812114715576,0,128
old_e17,20261422,3,3,36.0,1.0,1,0,0,0,0,0,0,0.0,61,2.4627040094528043,3.3387914299964905,3.8329418748617172,0,122
old_e17,20261423,0,1,35.0,1.0,1,0,0,0,0,0,0,0.021739130434782608,46,2.4147184727632482,2.9989080503582954,3.069419413805008,0,91
old_e17,20261423,1,1,-18.0,4.0,0,0,1,10,0,0,0,0.018867924528301886,53,2.397026726097431,2.9591020196676254,3.0399728566408157,0,106
old_e17,20261423,2,1,-8.0,2.5,0,0,0,0,0,0,0,0.011363636363636364,88,2.4256371808322994,3.0765912495553493,6.2117017805576324,0,176
old_e17,20261423,3,1,34.0,1.0,1,0,0,0,0,0,0,0.03508771929824561,57,2.388793942436837,2.7904201298952103,5.44857420027256,0,114
old_e17,20261424,0,2,-17.0,4.0,0,0,1,9,0,0,0,0.0,64,2.538828703109175,2.981028612703085,6.152348592877388,0,128
old_e17,20261424,1,2,35.0,1.0,1,0,0,0,0,0,0,0.0,76,2.5275837581016516,3.52917006239295,4.604293033480644,0,152
old_e17,20261424,2,2,-20.0,3.0,0,0,0,0,0,0,0,0.013513513513513514,74,2.3545090713211008,2.922172751277685,3.0052680522203445,0,149
old_e17,20261424,3,2,60.0,1.0,1,1,0,0,0,0,0,0.02666666666666667,75,2.298889085650444,2.7335289865732193,2.874089404940605,0,149
old_e17,20261425,0,1,48.0,1.0,1,1,0,0,0,0,0,0.05172413793103448,58,2.3952308592611344,2.9586399905383587,2.9957126826047897,0,115
old_e17,20261425,1,1,-18.0,3.0,0,0,0,0,0,0,0,0.014925373134328358,67,2.467795761663522,3.240964002907276,4.4092778116464615,0,135
old_e17,20261425,2,1,-18.0,3.0,0,0,0,0,0,0,0,0.029850746268656716,67,2.4100383326633654,2.8516964986920357,7.276872172951698,0,135
old_e17,20261425,3,1,-23.0,3.0,0,0,0,0,0,0,0,0.0,80,2.5038693100214005,3.167241904884577,5.414988845586777,0,161
old_e17,20261426,0,0,-8.0,2.5,0,0,0,0,0,0,0,0.07692307692307693,52,2.4759784484138856,2.9488629661500454,6.2583331018686295,0,104
old_e17,20261426,1,0,-8.0,2.5,0,0,0,0,0,0,0,0.024390243902439025,41,2.4888290137779423,3.0468888580799103,5.2924808114767075,0,82
old_e17,20261426,2,0,-16.0,4.0,0,0,1,8,0,0,0,0.021739130434782608,46,2.433051841090555,3.065624739974737,3.414904698729515,0,92
old_e17,20261426,3,0,-8.0,2.5,0,0,0,0,0,0,0,0.023809523809523808,42,2.420334101078056,3.0767033807933317,5.07424958050251,0,84
old_e17,20261427,0,2,-8.0,2.5,0,0,0,0,0,0,0,0.05263157894736842,38,2.372793559181063,2.7899648062884808,3.0101407319307327,0,76
old_e17,20261427,1,2,-8.0,2.5,0,0,0,0,0,0,0,0.0,38,2.408488653600216,3.1528906896710396,3.44805046916008,0,76
old_e17,20261427,2,2,-20.0,4.0,0,0,1,12,0,0,0,0.02631578947368421,38,2.4077932987558213,3.1796221621334553,3.221418708562851,0,76
old_e17,20261427,3,2,-8.0,2.5,0,0,0,0,0,0,0,0.0,37,2.3434921797062898,2.8753768652677536,2.9103346168994904,0,74
old_e17,20261428,0,2,-8.0,2.5,0,0,0,0,0,0,0,0.014285714285714285,70,2.3823763376900127,2.7673530392348766,2.906275913119316,0,140
old_e17,20261428,1,2,0.0,2.5,0,0,0,0,0,1,0,0.0,85,2.396639107781298,3.0096352100372314,3.171723335981369,0,170
old_e17,20261428,2,2,-8.0,2.5,0,0,0,0,0,0,0,0.011363636363636364,88,2.354204464195804,2.9113997705280776,2.9868241399526596,0,176
old_e17,20261428,3,2,-8.0,2.5,0,0,0,0,0,0,0,0.03278688524590164,61,2.3220427578589957,2.7944259345531464,2.999713644385338,0,122
old_e17,20261429,0,0,-8.0,2.5,0,0,0,0,0,0,0,0.0,47,2.5061846889079886,3.2372580841183662,3.366772085428238,0,94
old_e17,20261429,1,0,-19.0,4.0,0,0,1,11,0,0,0,0.043478260869565216,46,2.3326685085244803,2.7439743280410767,2.933299168944359,0,92
old_e17,20261429,2,0,-19.0,4.0,0,0,1,11,0,0,0,0.0,40,2.4292815942317247,3.211308177560568,3.3258553594350815,0,80
old_e17,20261429,3,0,36.0,1.0,1,0,0,0,0,0,0,0.0,47,2.3464923922685865,2.922661229968071,2.950398251414299,0,94
old_e17,20261430,0,2,33.0,1.0,1,0,0,0,0,0,0,0.02857142857142857,70,2.358944820506232,2.666813973337412,2.958657220005989,0,141
old_e17,20261430,1,2,-8.0,2.5,0,0,0,0,0,0,0,0.04285714285714286,70,2.298715151846409,2.589225396513939,2.8587784618139267,0,141
old_e17,20261430,2,2,87.0,1.0,1,1,0,0,0,0,0,0.06451612903225806,62,2.2805988368007446,2.6443248614668846,2.815414220094681,0,122
old_e17,20261430,3,2,0.0,2.5,0,0,0,0,0,1,1,0.022222222222222223,90,2.335434820916918,2.924384083598852,3.0590780079364777,0,181
old_e17,20261431,0,1,34.0,1.0,1,0,0,0,0,0,0,0.023809523809523808,42,2.3948098311112043,2.887436281889677,2.9476992785930634,0,84
old_e17,20261431,1,1,-8.0,2.5,0,0,0,0,0,0,0,0.04838709677419355,62,2.4109365598809336,2.7856413275003433,6.078215315937996,0,124
old_e17,20261431,2,1,-8.0,2.5,0,0,0,0,0,0,0,0.023255813953488372,43,2.300828608662583,2.7020201086997986,2.8918273746967316,0,86
old_e17,20261431,3,1,33.0,1.0,1,0,0,0,0,0,0,0.03333333333333333,60,2.3266014643013477,2.8024054132401943,2.965115010738373,0,120
old_e17,20261432,0,3,-17.0,4.0,0,0,1,9,0,0,0,0.06060606060606061,33,2.3615889138344563,2.7340292930603023,2.9110144823789597,0,66
old_e17,20261432,1,3,-8.0,2.5,0,0,0,0,0,0,0,0.0,35,2.4164054542779922,3.0788812786340714,3.1087957322597504,0,70
old_e17,20261432,2,3,-18.0,4.0,0,0,1,10,0,0,0,0.013513513513513514,74,2.39304596608555,3.0432540923357005,3.3061783760786057,0,148
old_e17,20261432,3,3,-8.0,2.5,0,0,0,0,0,0,0,0.02702702702702703,74,2.320104228282297,2.871353738009929,3.0128732323646545,0,148
old_e17,20261433,0,2,-8.0,2.5,0,0,0,0,0,0,0,0.021739130434782608,46,2.55650379087614,3.160814754664898,6.1330646276474,0,92
old_e17,20261433,1,2,-17.0,4.0,0,0,1,9,0,0,0,0.017543859649122806,57,2.409225852604498,2.9593974351882935,3.1816717237234116,0,114
old_e17,20261433,2,2,33.0,1.0,1,0,0,0,0,0,0,0.06521739130434782,46,2.3338012802212136,2.678629942238331,5.973830819129944,0,92
old_e17,20261433,3,2,-8.0,2.5,0,0,0,0,0,0,0,0.041666666666666664,48,2.312806900590658,2.7786193415522575,3.0324552208185196,0,96
old_e17,20261434,0,1,-8.0,2.5,0,0,0,0,0,0,0,0.047619047619047616,42,2.388096015368189,2.7410784736275673,4.0375106036663055,0,84
old_e17,20261434,1,1,-8.0,2.5,0,0,0,0,0,0,0,0.023809523809523808,42,2.474378439642134,2.9736924916505814,5.036581307649612,0,84
old_e17,20261434,2,1,-20.0,4.0,0,0,1,12,0,0,0,0.047619047619047616,42,2.3918975410716876,2.876788843423128,4.126548767089844,0,84
old_e17,20261434,3,1,-8.0,2.5,0,0,0,0,0,0,0,0.0125,80,2.417622320353985,3.002718463540077,6.07423298060894,0,160
old_e17,20261435,0,0,-19.0,3.0,0,0,0,0,0,0,0,0.01282051282051282,78,2.481098525608197,2.994312439113855,5.517207086086273,0,156
old_e17,20261435,1,0,-19.0,3.0,0,0,0,0,0,0,0,0.025974025974025976,77,2.3985135719760673,2.8988350182771683,4.677802324295044,0,156
old_e17,20261435,2,0,-17.0,4.0,0,0,1,9,0,0,0,0.02564102564102564,78,2.336296849907973,2.9006554745137687,3.338087350130081,0,157
old_e17,20261435,3,0,-8.0,2.5,0,0,0,0,0,0,0,0.0,74,2.516634888141542,3.59453521668911,3.76991368830204,0,149
old_e17,20261436,0,2,48.0,1.0,1,1,0,0,0,0,0,0.05128205128205128,39,2.388706908394129,2.906220778822899,2.910204231739044,0,77
old_e17,20261436,1,2,-16.0,3.0,0,0,0,0,0,0,0,0.0,38,2.377991760639768,2.990790270268917,3.0386894941329956,0,77
old_e17,20261436,2,2,-16.0,3.0,0,0,0,0,0,0,0,0.05263157894736842,38,2.3224826313947378,2.75837741792202,2.95073539018631,0,77
old_e17,20261436,3,2,-8.0,2.5,0,0,0,0,0,0,0,0.0,31,2.331026799736484,2.8914911672472954,2.9164180159568787,0,62
old_e17,20261437,0,2,-19.0,4.0,0,0,1,11,0,0,0,0.04838709677419355,62,2.34925149068717,2.6982228271663184,2.994656562805176,0,124
old_e17,20261437,1,2,-23.0,4.0,0,0,1,15,0,0,0,0.0,58,2.422570668417832,3.031354397535324,3.0726082623004913,0,116
old_e17,20261437,2,2,-8.0,2.5,0,0,0,0,0,0,0,0.04,50,2.3084358125925064,2.7653354220092297,2.98110768198967,0,100
old_e17,20261437,3,2,33.0,1.0,1,0,0,0,0,0,0,0.01639344262295082,61,2.332799838947468,2.905607223510742,3.0050259083509445,0,122
old_e17,20261438,0,3,-21.0,4.0,0,0,1,13,0,0,0,0.0,57,2.470371525800019,3.0830789357423782,3.133133053779602,0,114
old_e17,20261438,1,3,37.0,1.0,1,0,0,0,0,0,0,0.0,48,2.444344301087161,3.1553280539810658,3.344811499118805,0,96
old_e17,20261438,2,3,-8.0,2.5,0,0,0,0,0,0,0,0.05454545454545454,55,2.333710241046819,2.8865551576018333,3.0167270451784134,0,110
old_e17,20261438,3,3,-21.0,4.0,0,0,1,13,0,0,0,0.02127659574468085,47,2.35692930823945,2.911693789064884,2.942962571978569,0,94
old_e17,20261439,0,0,-8.0,2.5,0,0,0,0,0,0,0,0.0,78,2.4295437078063307,3.0497416853904724,3.107810392975807,0,156
old_e17,20261439,1,0,-27.0,4.0,0,0,1,19,0,0,0,0.038461538461538464,78,2.305741684559064,2.671021968126297,2.841286361217499,0,156
old_e17,20261439,2,0,105.0,1.0,1,1,0,0,0,0,0,0.0,63,2.4737978856714946,3.2048821449279785,3.5003963857889175,0,125
old_e17,20261439,3,0,-8.0,2.5,0,0,0,0,0,0,0,0.038461538461538464,78,2.3227339514937158,2.8667041100561614,2.992304041981697,0,156
old_e17,20261440,0,1,0.0,2.5,0,0,0,0,0,1,1,0.03409090909090909,88,2.3759187791835177,2.756829746067524,2.9462911188602448,0,176
old_e17,20261440,1,1,0.0,2.5,0,0,0,0,0,1,1,0.011627906976744186,86,2.3748642266836275,2.8714025393128395,2.9535628855228424,0,172
old_e17,20261440,2,1,-35.0,4.0,0,0,1,27,0,0,0,0.038461538461538464,52,2.435856928619055,2.975762076675892,6.213156506419182,0,104
old_e17,20261440,3,1,0.0,2.5,0,0,0,0,0,1,1,0.010869565217391304,92,2.4526792821352896,2.994044777005911,7.205408066511154,0,184
old_e17,20261441,0,3,-8.0,2.5,0,0,0,0,0,0,0,0.02631578947368421,76,2.4849396738174714,3.0208765529096127,6.450038403272629,0,151
old_e17,20261441,1,3,-8.0,2.5,0,0,0,0,0,0,0,0.013333333333333334,75,2.479073852300644,3.176850453019142,7.68466480076313,0,151
old_e17,20261441,2,3,10.0,2.0,0,0,0,0,0,0,0,0.038461538461538464,52,2.3150846648674746,2.774890139698982,2.8764773160219193,1,105
old_e17,20261441,3,3,0.0,2.5,0,0,0,0,0,1,1,0.0379746835443038,79,2.331342453820796,2.7054131031036377,5.900518968701363,0,159
old_e17,20261442,0,0,-17.0,4.0,0,0,1,9,0,0,0,0.04081632653061224,49,2.3911932521328634,2.7662813663482653,3.9364658296108246,0,98
old_e17,20261442,1,0,-8.0,2.5,0,0,0,0,0,0,0,0.02040816326530612,49,2.5968754245918624,3.361263498663902,7.540030404925346,0,98
old_e17,20261442,2,0,-8.0,2.5,0,0,0,0,0,0,0,0.0,49,2.47329157986203,3.3310666680335994,3.4654736518859863,0,98
old_e17,20261442,3,0,33.0,1.0,1,0,0,0,0,0,0,0.02040816326530612,49,2.4658874513543383,3.1691227108240123,5.849253386259079,0,98
old_e17,20261443,0,0,-8.0,2.5,0,0,0,0,0,0,0,0.0,51,2.4807502826054892,3.145514987409115,3.200693055987358,0,102
old_e17,20261443,1,0,39.0,1.0,1,0,0,0,0,0,0,0.0,51,2.6140329519323275,3.393263556063175,9.29863192141056,0,102
old_e17,20261443,2,0,-17.0,4.0,0,0,1,9,0,0,0,0.0,43,2.4433595583189365,3.1716471537947655,3.324083983898163,0,86
old_e17,20261443,3,0,-8.0,2.5,0,0,0,0,0,0,0,0.0,35,2.417201761688505,3.1704386696219444,3.4164153039455414,0,70
old_e17,20261444,0,0,38.0,1.0,1,0,0,0,0,0,0,0.0,78,2.5402631801672473,3.4061336889863014,3.5276543349027634,0,156
old_e17,20261444,1,0,-19.0,4.0,0,0,1,11,0,0,0,0.0,66,2.471811307424849,3.1263427808880806,4.049690440297127,0,132
old_e17,20261444,2,0,-8.0,2.5,0,0,0,0,0,0,0,0.02857142857142857,70,2.3613125351922855,2.9197020456194878,3.120318055152893,0,140
old_e17,20261444,3,0,-18.0,4.0,0,0,1,10,0,0,0,0.04918032786885246,61,2.362402888839362,2.932591363787651,3.1757615506649017,0,122
old_e17,20261445,0,3,-17.0,4.0,0,0,1,9,0,0,0,0.0,38,2.4503073900153765,2.998778037726879,3.1664930284023285,0,76
old_e17,20261445,1,3,-8.0,2.5,0,0,0,0,0,0,0,0.023809523809523808,42,2.357378380284423,2.952195983380079,2.9607582837343216,0,84
old_e17,20261445,2,3,-33.0,3.0,0,0,0,0,0,0,0,0.03125,64,2.3275879793800414,2.7412873692810535,2.913137897849083,0,129
old_e17,20261445,3,3,-18.0,4.0,0,0,1,10,0,0,0,0.0,45,2.438566005892224,3.278239443898201,3.4549683332443237,0,90
old_e17,20261446,0,0,-21.0,3.0,0,0,0,0,0,0,0,0.0,82,2.627503762884838,3.84377483278513,4.625381901860237,0,165
old_e17,20261446,1,0,-8.0,2.5,0,0,0,0,0,0,0,0.0,73,2.444443688408969,3.0915912240743633,3.231113776564598,0,146
old_e17,20261446,2,0,-8.0,2.5,0,0,0,0,0,0,0,0.0,73,2.374561044247183,2.9879633337259293,3.0423104763031006,0,146
old_e17,20261446,3,0,35.0,1.0,1,0,0,0,0,0,0,0.0410958904109589,73,2.2844135097853124,2.6049669831991196,3.0213091522455215,0,146
old_e17,20261447,0,2,-17.0,4.0,0,0,1,9,0,0,0,0.046875,64,2.390890382230282,2.7875839732587337,2.9783155769109726,0,128
old_e17,20261447,1,2,63.0,1.0,1,1,0,0,0,0,0,0.0,80,2.5053611723706126,3.4705149009823795,3.671051934361458,0,159
old_e17,20261447,2,2,-8.0,2.5,0,0,0,0,0,0,0,0.0,78,2.532511424177732,3.8322856649756423,4.711762070655823,0,156
old_e17,20261447,3,2,-20.0,4.0,0,0,1,12,0,0,0,0.04,50,2.2979888692498207,2.724909223616123,2.8577838093042374,0,100
old_e17,20261448,0,1,33.0,1.0,1,0,0,0,0,0,0,0.027777777777777776,36,2.4052603273755975,2.944124862551689,2.9649659991264343,0,72
old_e17,20261448,1,1,-8.0,2.5,0,0,0,0,0,0,0,0.027777777777777776,36,2.351608437796434,2.8329528868198395,2.843707799911499,0,72
old_e17,20261448,2,1,-8.0,2.5,0,0,0,0,0,0,0,0.027777777777777776,36,2.3611348329318895,2.9220622964203358,3.076814115047455,0,72
old_e17,20261448,3,1,-17.0,4.0,0,0,1,9,0,0,0,0.0,36,2.422945573925972,3.1513636931777,3.401177003979683,0,72
old_e17,20261449,0,1,52.0,1.0,1,0,0,0,0,0,0,0.0,60,2.481618399421374,3.0381251126527786,4.337858408689499,0,120
old_e17,20261449,1,1,-16.0,3.0,0,0,0,0,0,0,0,0.013157894736842105,76,2.4233144511909863,2.945386338979006,3.8429629057645798,0,153
old_e17,20261449,2,1,63.0,1.0,1,1,0,0,0,0,0,0.0,76,2.508882139074175,3.4085381776094437,4.264291375875473,0,151
old_e17,20261449,3,1,-17.0,4.0,0,0,1,9,0,0,0,0.03076923076923077,65,2.3258994978207808,2.805660665035248,3.0222609639167786,0,130
old_e17,20261450,0,1,-32.0,4.0,0,0,1,24,0,0,0,0.025,40,2.3939454928040504,2.866898849606514,2.887820824980736,0,80
old_e17,20261450,1,1,48.0,1.0,1,0,0,0,0,0,0,0.0,44,2.4412572383880615,3.004841785877943,4.3891239911317825,0,88
old_e17,20261450,2,1,-8.0,2.5,0,0,0,0,0,0,0,0.02127659574468085,47,2.426051673419932,3.2151097431778903,3.2911021262407303,0,94
old_e17,20261450,3,1,-32.0,4.0,0,0,1,24,0,0,0,0.0425531914893617,47,2.3190476238093476,2.6843419298529625,3.1257309019565582,0,94
old_e17,20261451,0,1,34.0,1.0,1,0,0,0,0,0,0,0.046511627906976744,43,2.4113215419442153,2.9280314221978188,3.5301856696605682,0,86
old_e17,20261451,1,1,-8.0,2.5,0,0,0,0,0,0,0,0.0,44,2.367850604721091,2.881932817399502,2.911888062953949,0,88
old_e17,20261451,2,1,-22.0,3.0,0,0,0,0,0,0,0,0.04054054054054054,74,2.3117251190784813,2.859407477080822,3.2248664647340775,0,149
old_e17,20261451,3,1,33.0,1.0,1,0,0,0,0,0,0,0.0196078431372549,51,2.403245216198996,3.2021496444940567,3.3890455961227417,0,102
old_e17,20261452,0,2,40.0,1.0,1,0,0,0,0,0,0,0.037037037037037035,54,2.4419927762614355,2.983186300843954,3.1256377696990967,0,107
old_e17,20261452,1,2,-21.0,4.0,0,0,1,13,0,0,0,0.061224489795918366,49,2.31516209183907,2.6556648313999176,2.8702635318040848,0,99
old_e17,20261452,2,2,-8.0,2.5,0,0,0,0,0,0,0,0.03773584905660377,53,2.3528401792611717,2.9644951224327087,3.004055470228195,0,107
old_e17,20261452,3,2,-8.0,2.5,0,0,0,0,0,0,0,0.0,49,2.4521970095074908,3.1613782048225403,3.333466127514839,0,99
old_e17,20261453,0,0,-8.0,2.5,0,0,0,0,0,0,0,0.034482758620689655,58,2.384370385572828,2.8562186285853386,2.90127657353878,0,116
old_e17,20261453,1,0,-16.0,4.0,0,0,1,8,0,0,0,0.01694915254237288,59,2.4586418106899424,3.14817875623703,3.2540857791900635,0,118
old_e17,20261453,2,0,32.0,1.0,1,0,0,0,0,0,0,0.034482758620689655,58,2.31961064554494,2.8022256679832935,2.978045493364334,0,116
old_e17,20261453,3,0,-16.0,4.0,0,0,1,8,0,0,0,0.034482758620689655,58,2.358421297936604,2.9796991497278214,3.0920207500457764,0,116
old_e17,20261454,0,3,0.0,2.5,0,0,0,0,0,1,0,0.0,88,2.4166687137701293,3.012443706393242,3.129228949546814,0,177
old_e17,20261454,1,3,0.0,2.5,0,0,0,0,0,1,1,0.045454545454545456,88,2.32205463742668,2.6647220365703106,2.963874489068985,0,177
old_e17,20261454,2,3,0.0,2.5,0,0,0,0,0,1,0,0.03409090909090909,88,2.3132303560321983,2.6939235627651215,2.9078442603349686,0,177
old_e17,20261454,3,3,0.0,2.5,0,0,0,0,0,1,0,0.0,86,2.380762595769971,3.101247828453779,3.2363440841436386,0,172
old_e17,20261455,0,0,-23.0,3.0,0,0,0,0,0,0,0,0.08695652173913043,23,2.379213419297467,2.832258120179176,2.951422706246376,0,47
old_e17,20261455,1,0,-17.0,3.0,0,0,0,0,0,0,0,0.0,49,2.407699747353184,2.9559187591075897,3.076929599046707,0,99
old_e17,20261455,2,0,69.0,1.0,1,1,0,0,0,0,0,0.0,24,2.3839162507404885,3.0745392665266986,3.3683720976114273,0,47
old_e17,20261455,3,0,-23.0,3.0,0,0,0,0,0,0,0,0.0,23,2.3153106803479404,3.0070625245571136,3.053652122616768,0,47
old_e17,20261456,0,3,-26.0,3.0,0,0,0,0,0,0,0,0.03409090909090909,88,2.3565998681905596,2.7381555177271366,2.8853360563516617,0,177
old_e17,20261456,1,3,-8.0,2.5,0,0,0,0,0,0,0,0.016129032258064516,62,2.3720843957797175,2.8884545899927616,3.0260104686021805,0,124
old_e17,20261456,2,3,33.0,1.0,1,0,0,0,0,0,0,0.075,40,2.337168948724866,2.9780276119709015,3.123655915260315,0,80
old_e17,20261456,3,3,-16.0,4.0,0,0,1,8,0,0,0,0.0,62,2.4540564946589933,3.321462217718363,3.4226160496473312,0,124
old_e17,20261457,0,0,-16.0,3.0,0,0,0,0,0,0,0,0.07692307692307693,13,2.4512324195641737,2.960744872689247,2.9695313423871994,0,27
old_e17,20261457,1,0,-16.0,4.0,0,0,1,8,0,0,0,0.06818181818181818,44,2.2931924428452146,2.607625164091587,2.9070954769849777,0,88
old_e17,20261457,2,0,-16.0,3.0,0,0,0,0,0,0,0,0.0,13,2.3456360571659527,2.913147211074829,2.974066883325577,0,27
old_e17,20261457,3,0,-16.0,3.0,0,0,0,0,0,0,0,0.07692307692307693,13,2.3122416952481637,2.8031405061483383,2.852346748113632,0,27
old_e17,20261458,0,3,32.0,1.0,1,0,0,0,0,0,0,0.037037037037037035,27,2.4161622342136173,2.954130619764328,3.0067674815654755,0,54
old_e17,20261458,1,3,-8.0,2.5,0,0,0,0,0,0,0,0.044444444444444446,45,2.3482321865028806,2.751004695892334,3.2725315541028976,0,90
old_e17,20261458,2,3,-16.0,4.0,0,0,1,8,0,0,0,0.0,27,2.386909737079232,3.0071625486016273,3.058759495615959,0,54
old_e17,20261458,3,3,-20.0,4.0,0,0,1,12,0,0,0,0.0,28,2.462266279118402,3.2592763192951675,3.88367660343647,0,56
old_e17,20261459,0,1,-8.0,2.5,0,0,0,0,0,0,0,0.02564102564102564,39,2.4209566509876495,2.9722271487116814,3.0276942998170853,0,78
old_e17,20261459,1,1,-16.0,4.0,0,0,1,8,0,0,0,0.0,64,2.530606259824708,3.441809117794036,4.255510866641998,0,128
old_e17,20261459,2,1,36.0,1.0,1,0,0,0,0,0,0,0.07692307692307693,39,2.468564666998692,3.190735727548601,4.763783887028694,0,78
old_e17,20261459,3,1,32.0,1.0,1,0,0,0,0,0,0,0.02,50,2.451283484697342,2.9590833000838757,7.261360064148903,0,100
old_e17,20261460,0,3,-20.0,3.0,0,0,0,0,0,0,0,0.045454545454545456,66,2.4547144827066045,3.076491877436638,3.2283123582601547,0,133
old_e17,20261460,1,3,51.0,1.0,1,1,0,0,0,0,0,0.03333333333333333,60,2.43214483683308,3.091044258326292,6.8960171192884445,0,119
old_e17,20261460,2,3,-8.0,2.5,0,0,0,0,0,0,0,0.0,60,2.4828743500014148,3.0613804236054416,7.050646468997002,0,120
old_e17,20261460,3,3,-8.0,2.5,0,0,0,0,0,0,0,0.06451612903225806,62,2.314993871315833,2.740197256207466,2.8462987393140793,0,124
old_e17,20261461,0,3,-8.0,2.5,0,0,0,0,0,0,0,0.0,29,2.5371732511397065,3.3321816474199295,3.3868588507175446,0,58
old_e17,20261461,1,3,34.0,1.0,1,0,0,0,0,0,0,0.034482758620689655,29,2.4018897835550637,2.966514229774475,3.037668764591217,0,58
old_e17,20261461,2,3,-18.0,4.0,0,0,1,10,0,0,0,0.034482758620689655,29,2.368879279699819,2.865082770586014,2.883395180106163,0,58
old_e17,20261461,3,3,-8.0,2.5,0,0,0,0,0,0,0,0.0,29,2.3644206852748475,3.002340719103813,3.1033046543598175,0,58
old_e17,20261462,0,0,0.0,2.5,0,0,0,0,0,1,1,0.03614457831325301,83,2.4626719574612306,2.9153715819120407,5.057068541646004,0,166
old_e17,20261462,1,0,-8.0,2.5,0,0,0,0,0,0,0,0.0,53,2.375354533487896,2.9204603284597397,2.928623929619789,0,106
old_e17,20261462,2,0,43.0,1.0,1,0,0,0,0,0,0,0.03125,32,2.352957264520228,3.0708758160471916,3.1359754502773285,0,64
old_e17,20261462,3,0,54.0,1.0,1,1,0,0,0,0,0,0.04054054054054054,74,2.2945800494100594,2.7839437127113342,2.89156474173069,0,147
old_e17,20261463,0,1,-17.0,3.0,0,0,0,0,0,0,0,0.05555555555555555,36,2.446171465433306,3.0220174230635166,3.125891089439392,0,73
old_e17,20261463,1,1,51.0,1.0,1,1,0,0,0,0,0,0.02702702702702703,37,2.3933762835489736,2.926035970449447,3.2670721411705017,0,73
old_e17,20261463,2,1,10.0,2.0,0,0,0,0,0,0,0,0.017241379310344827,58,2.350673111605233,2.899789437651634,3.0103009194135666,1,117
old_e17,20261463,3,1,-17.0,3.0,0,0,0,0,0,0,0,0.05555555555555555,36,2.3025157344010143,2.7406099252402782,3.1769350171089172,0,73
old_e17,20261464,0,1,-21.0,3.0,0,0,0,0,0,0,0,0.03773584905660377,53,2.397848293185234,2.8933145105838776,3.0139759182929993,0,107
old_e17,20261464,1,1,-17.0,4.0,0,0,1,9,0,0,0,0.020833333333333332,48,2.3548101307824254,2.887965179979801,2.920897677540779,0,96
old_e17,20261464,2,1,-21.0,3.0,0,0,0,0,0,0,0,0.03773584905660377,53,2.3244120672626316,2.7798254042863846,2.9687322676181793,0,107
old_e17,20261464,3,1,63.0,1.0,1,1,0,0,0,0,0,0.018518518518518517,54,2.4116653949022293,3.269069083034992,3.333618864417076,0,107
old_e17,20261465,0,2,-8.0,2.5,0,0,0,0,0,0,0,0.03773584905660377,53,2.358218830711437,2.7314454317092896,2.93898768723011,0,106
old_e17,20261465,1,2,-19.0,4.0,0,0,1,11,0,0,0,0.01694915254237288,59,2.3886721770642168,2.9387451708316803,3.0248910188674927,0,118
old_e17,20261465,2,2,34.0,1.0,1,0,0,0,0,0,0,0.01694915254237288,59,2.3638054539086455,3.051663562655449,3.1163953244686127,0,118
old_e17,20261465,3,2,-8.0,2.5,0,0,0,0,0,0,0,0.0,43,2.373631610426792,3.0450602993369102,3.159528598189354,0,86
old_e17,20261466,0,3,33.0,1.0,1,0,0,0,0,0,0,0.04081632653061224,49,2.4394667042153224,2.7127984911203384,6.10131211578846,0,98
old_e17,20261466,1,3,-18.0,3.0,0,0,0,0,0,0,0,0.0,68,2.4061328183640454,3.009267430752516,3.0461233109235764,0,137
old_e17,20261466,2,3,-8.0,2.5,0,0,0,0,0,0,0,0.04081632653061224,49,2.3483701658492184,2.986515313386917,3.058243542909622,0,98
old_e17,20261466,3,3,-8.0,2.5,0,0,0,0,0,0,0,0.0,49,2.360433720204295,2.9801145195961,3.0298903584480286,0,98
old_e17,20261467,0,1,-8.0,2.5,0,0,0,0,0,0,0,0.04878048780487805,41,2.4336157139481567,2.940963953733444,4.326902329921722,0,82
old_e17,20261467,1,1,-16.0,4.0,0,0,1,8,0,0,0,0.0,41,2.4550176884342982,3.082694485783577,3.318527713418007,0,82
old_e17,20261467,2,1,-8.0,2.5,0,0,0,0,0,0,0,0.07317073170731707,41,2.3139862843403,2.728652209043503,2.889515832066536,0,82
old_e17,20261467,3,1,-25.0,4.0,0,0,1,17,0,0,0,0.0392156862745098,51,2.340395807051191,2.9263272881507874,3.01351398229599,0,102
old_e17,20261468,0,0,-34.0,3.0,0,0,0,0,0,0,0,0.0,37,2.5307785316899016,3.2668516039848323,3.4957490861415863,0,75
old_e17,20261468,1,0,-8.0,2.5,0,0,0,0,0,0,0,0.04,50,2.452881969511509,2.7984490618109703,7.2078704833984375,0,100
old_e17,20261468,2,0,-34.0,3.0,0,0,0,0,0,0,0,0.0,39,2.4816254870249677,2.9998643323779106,5.169736221432686,0,79
old_e17,20261468,3,0,49.0,1.0,1,0,0,0,0,0,0,0.0,51,2.3696407967922735,3.0044959858059883,3.062184900045395,0,102
old_e17,20261469,0,0,-16.0,3.0,0,0,0,0,0,0,0,0.0,42,2.651934600656941,3.921614959836006,4.228044301271439,0,85
old_e17,20261469,1,0,-8.0,2.5,0,0,0,0,0,0,0,0.019230769230769232,52,2.4113813056968727,2.990628033876419,3.044959157705307,0,104
old_e17,20261469,2,0,-16.0,3.0,0,0,0,0,0,0,0,0.023809523809523808,42,2.4651214480400085,2.795132342725992,7.177580147981644,0,85
old_e17,20261469,3,0,48.0,1.0,1,1,0,0,0,0,0,0.0,43,2.436988055706024,3.2553166151046753,3.363111987709999,0,85
old_e17,20261470,0,0,-33.0,3.0,0,0,0,0,0,0,0,0.018867924528301886,53,2.7010445395168268,3.4132003784179688,8.231570944190025,0,107
old_e17,20261470,1,0,99.0,1.0,1,1,0,0,0,0,0,0.0,54,2.3788433797933437,2.9647634364664555,3.055039793252945,0,107
old_e17,20261470,2,0,-33.0,3.0,0,0,0,0,0,0,0,0.03773584905660377,53,2.3208117147661604,2.786608040332794,2.9005631804466248,0,107
old_e17,20261470,3,0,-33.0,3.0,0,0,0,0,0,0,0,0.0,53,2.5789182422296055,3.5092800855636592,7.967647165060043,0,107
old_e17,20261471,0,3,33.0,1.0,1,0,0,0,0,0,0,0.015384615384615385,65,2.4725035406075992,2.8868168592453003,7.299281656742096,0,130
old_e17,20261471,1,3,63.0,1.0,1,1,0,0,0,0,0,0.0,56,2.4540523466254984,3.200132865458727,4.330486059188843,0,111
old_e17,20261471,2,3,34.0,1.0,1,0,0,0,0,0,0,0.016129032258064516,62,2.4050574509366864,3.022245317697525,4.940113052725792,0,124
old_e17,20261471,3,3,-8.0,2.5,0,0,0,0,0,0,0,0.024390243902439025,41,2.3622233874914125,2.9094163328409195,4.672987386584282,0,82
old_e17,20261472,0,2,-19.0,3.0,0,0,0,0,0,0,0,0.04,75,2.364996944864591,2.7339091524481773,2.998447045683861,0,151
old_e17,20261472,1,2,33.0,1.0,1,0,0,0,0,0,0,0.02,50,2.562384679913521,3.2870756462216377,7.6736584305763245,0,100
old_e17,20261472,2,2,-19.0,4.0,0,0,1,11,0,0,0,0.0,61,2.423079470630552,3.0481982976198196,5.251118913292885,0,122
old_e17,20261472,3,2,-8.0,2.5,0,0,0,0,0,0,0,0.03773584905660377,53,2.3440001356714175,2.8342746198177338,2.9296036809682846,0,106
old_e17,20261473,0,0,-8.0,2.5,0,0,0,0,0,0,0,0.044444444444444446,45,2.456932473513815,3.1054195016622543,3.1672604382038116,0,90
old_e17,20261473,1,0,32.0,1.0,1,0,0,0,0,0,0,0.014285714285714285,70,2.4298828095197678,3.000855725258589,3.138316795229912,0,140
old_e17,20261473,2,0,-8.0,2.5,0,0,0,0,0,0,0,0.0,54,2.4455866465965905,3.2729821279644966,3.3121928572654724,0,108
old_e17,20261473,3,0,-8.0,2.5,0,0,0,0,0,0,0,0.03125,64,2.5471638655290008,3.5854649730026686,6.026675924658775,0,128
old_e17,20261474,0,1,-8.0,2.5,0,0,0,0,0,0,0,0.015625,64,2.4332702450919896,2.9720477759838104,3.211522474884987,0,128
old_e17,20261474,1,1,-17.0,3.0,0,0,0,0,0,0,0,0.0,71,2.404630918737868,2.9792729765176773,3.665311262011528,0,143
old_e17,20261474,2,1,-8.0,2.5,0,0,0,0,0,0,0,0.022727272727272728,44,2.304099838842045,2.795700076967478,2.8628595173358917,0,88
old_e17,20261474,3,1,-17.0,4.0,0,0,1,9,0,0,0,0.038461538461538464,78,2.534067043318198,3.9986512623727233,6.441149860620499,0,156
old_e17,20261475,0,3,48.0,1.0,1,1,0,0,0,0,0,0.022727272727272728,44,2.5013712742789225,2.985010389238596,5.77220693230629,0,87
old_e17,20261475,1,3,-16.0,3.0,0,0,0,0,0,0,0,0.06976744186046512,43,2.407107199000758,2.883599139750004,5.600836127996445,0,87
old_e17,20261475,2,3,-16.0,3.0,0,0,0,0,0,0,0,0.0,43,2.4971941615953,3.1649181619286537,6.847096607089043,0,87
old_e17,20261475,3,3,-16.0,3.0,0,0,0,0,0,0,0,0.06976744186046512,43,2.3004264938969943,2.7309250086545944,2.881202846765518,0,87
old_e17,20261476,0,0,32.0,1.0,1,0,0,0,0,0,0,0.0,49,2.7424909402521287,3.8454264402389504,5.866618826985359,0,98
old_e17,20261476,1,0,-28.0,4.0,0,0,1,20,0,0,0,0.0,52,2.410755242006137,2.9764677397906776,3.0265599489212036,0,104
old_e17,20261476,2,0,-8.0,2.5,0,0,0,0,0,0,0,0.04081632653061224,49,2.326489977386533,2.848194539546966,2.9332339763641357,0,98
old_e17,20261476,3,0,-16.0,4.0,0,0,1,8,0,0,0,0.05454545454545454,55,2.3742292415012014,2.9449811205267906,5.771694704890251,0,110
old_e17,20261477,0,1,32.0,1.0,1,0,0,0,0,0,0,0.04,50,2.4151336774230003,2.992966491729021,3.060596063733101,0,100
old_e17,20261477,1,1,-8.0,2.5,0,0,0,0,0,0,0,0.0,50,2.4612488970160484,3.3822096884250636,3.595009446144104,0,100
old_e17,20261477,2,1,-8.0,2.5,0,0,0,0,0,0,0,0.0,50,2.4806760624051094,3.2470574602484703,3.8802549242973328,0,100
old_e17,20261477,3,1,50.0,1.0,1,0,0,0,0,0,0,0.0,67,2.4240143430321965,3.172597289085388,3.2817330211400986,0,134
old_e17,20261478,0,3,-8.0,2.5,0,0,0,0,0,0,0,0.023529411764705882,85,2.4965543957317577,2.903725579380989,6.789859384298325,0,170
old_e17,20261478,1,3,-18.0,4.0,0,0,1,10,0,0,0,0.058823529411764705,51,2.399808234151672,2.814589999616146,5.153052508831024,0,102
old_e17,20261478,2,3,34.0,1.0,1,0,0,0,0,0,0,0.0,51,2.467189057200563,3.343922086060047,3.5880524665117264,0,102
old_e17,20261478,3,3,-8.0,2.5,0,0,0,0,0,0,0,0.0,51,2.8079744866665672,4.5042503625154495,4.721928387880325,0,102
old_e17,20261479,0,1,-29.0,3.0,0,0,0,0,0,0,0,0.0,83,2.43679737021406,3.039956092834472,4.616979509592056,0,167
old_e17,20261479,1,1,37.0,1.0,1,0,0,0,0,0,0,0.022988505747126436,87,2.3686183381012116,2.816419117152691,5.746794864535332,0,174
old_e17,20261479,2,1,0.0,2.5,0,0,0,0,0,1,1,0.0,85,2.5854265426888183,3.46689373254776,6.924116984009743,0,170
old_e17,20261479,3,1,0.0,2.5,0,0,0,0,0,1,0,0.022988505747126436,87,2.3956670714863417,3.0087944120168686,5.947384983301163,0,174
old_e17,20261480,0,2,-8.0,2.5,0,0,0,0,0,0,0,0.02702702702702703,74,2.3322669487144494,2.665623463690281,2.9246918857097626,0,148
old_e17,20261480,1,2,49.0,1.0,1,0,0,0,0,0,0,0.0,35,2.3623609649283543,2.890465222299099,2.901097759604454,0,70
old_e17,20261480,2,2,-8.0,2.5,0,0,0,0,0,0,0,0.0,87,2.4807637279061066,3.3830948173999786,4.870887845754623,0,174
old_e17,20261480,3,2,-8.0,2.5,0,0,0,0,0,0,0,0.014925373134328358,67,2.3645391659950143,2.8588810935616493,4.9379076808691025,0,134
old_e17,20261481,0,0,0.0,2.5,0,0,0,0,0,1,1,0.0,87,2.5342729841840677,3.183624893426895,7.07574188709259,0,174
old_e17,20261481,1,0,0.0,2.5,0,0,0,0,0,1,1,0.023255813953488372,86,2.336162813874178,2.803640440106392,3.6577749997377396,0,172
old_e17,20261481,2,0,-21.0,3.0,0,0,0,0,0,0,0,0.0,72,2.4888717000269227,3.1449737958610062,6.599338725209236,0,145
old_e17,20261481,3,0,0.0,2.5,0,0,0,0,0,1,1,0.03488372093023256,86,2.307681128555952,2.74119945243001,4.608727991580963,0,172
old_e17,20261482,0,3,-8.0,2.5,0,0,0,0,0,0,0,0.07692307692307693,52,2.3404484829650474,2.7583676390349865,2.8770696371793747,0,104
old_e17,20261482,1,3,-8.0,2.5,0,0,0,0,0,0,0,0.05357142857142857,56,2.281697134354285,2.6929182931780815,2.8749313205480576,0,112
old_e17,20261482,2,3,-18.0,4.0,0,0,1,10,0,0,0,0.06666666666666667,60,2.2378890154262385,2.5679191574454308,2.6415474712848663,0,120
old_e17,20261482,3,3,-17.0,4.0,0,0,1,9,0,0,0,0.018867924528301886,53,2.3854877448306895,2.9108330607414246,5.67561574280262,0,106
old_e17,20261483,0,0,-18.0,4.0,0,0,1,10,0,0,0,0.0,39,2.593674434301181,3.1577998772263527,7.548350840806961,0,78
old_e17,20261483,1,0,-8.0,2.5,0,0,0,0,0,0,0,0.02564102564102564,39,2.485444196141683,2.961227670311929,7.490245625376701,0,78
old_e17,20261483,2,0,-8.0,2.5,0,0,0,0,0,0,0,0.0,39,2.45184757006474,2.976569533348085,6.956527009606361,0,78
old_e17,20261483,3,0,34.0,1.0,1,0,0,0,0,0,0,0.07692307692307693,39,2.251618279096408,2.691398374736309,2.7006249874830246,0,78
old_e17,20261484,0,1,48.0,1.0,1,0,0,0,0,0,0,0.0,49,2.425276617310485,2.9687032103538513,3.463074564933777,0,98
old_e17,20261484,1,1,-8.0,2.5,0,0,0,0,0,0,0,0.0,50,2.387726902961731,3.019015584141016,3.125101327896118,0,100
old_e17,20261484,2,1,-8.0,2.5,0,0,0,0,0,0,0,0.06,50,2.284788154065609,2.790985163301229,2.9306448996067047,0,100
old_e17,20261484,3,1,-32.0,4.0,0,0,1,24,0,0,0,0.02040816326530612,49,2.385747561953506,2.8817884624004364,4.9256738275289536,0,98
old_e17,20261485,0,0,-8.0,2.5,0,0,0,0,0,0,0,0.0,28,2.3828076996973584,2.873426117002964,2.9011275619268417,0,56
old_e17,20261485,1,0,-8.0,2.5,0,0,0,0,0,0,0,0.0,28,2.4110076150723865,3.046691883355379,3.2550711184740067,0,56
old_e17,20261485,2,0,32.0,1.0,1,0,0,0,0,0,0,0.03571428571428571,28,2.3169641915176595,2.9158247634768486,2.9942095279693604,0,56
old_e17,20261485,3,0,-16.0,4.0,0,0,1,8,0,0,0,0.0,28,2.328749613038131,2.8832411393523216,2.901975065469742,0,56
old_e17,20261486,0,2,-8.0,2.5,0,0,0,0,0,0,0,0.022222222222222223,45,2.4854585942294865,2.9173098504543304,5.351487547159195,0,90
old_e17,20261486,1,2,-19.0,4.0,0,0,1,11,0,0,0,0.045454545454545456,66,2.2886059613841954,2.5675916112959385,3.7585850805044174,0,132
old_e17,20261486,2,2,52.0,1.0,1,0,0,0,0,0,0,0.0,71,2.3828093749536596,2.9654866084456444,5.385516211390495,0,142
old_e17,20261486,3,2,0.0,2.5,0,0,0,0,0,1,1,0.024096385542168676,83,2.380107136734997,2.7865521609783164,6.830869242548943,0,166
old_e17,20261487,0,2,-8.0,2.5,0,0,0,0,0,0,0,0.01694915254237288,59,2.420047108652228,3.0437149107456207,4.2804572731256485,0,118
old_e17,20261487,1,2,-8.0,2.5,0,0,0,0,0,0,0,0.05357142857142857,56,2.2898211276956966,2.674620132893324,3.0406396836042404,0,112
old_e17,20261487,2,2,-8.0,2.5,0,0,0,0,0,0,0,0.03636363636363636,55,2.354910123077306,2.8301190584897995,6.036268547177315,0,110
old_e17,20261487,3,2,-18.0,4.0,0,0,1,10,0,0,0,0.0,56,2.411488842751299,3.2366816885769367,3.4677833318710327,0,112
old_e17,20261488,0,0,-18.0,4.0,0,0,1,10,0,0,0,0.041666666666666664,72,2.4522127480142646,2.8191263787448406,7.547793909907341,0,143
old_e17,20261488,1,0,-21.0,4.0,0,0,1,13,0,0,0,0.03333333333333333,60,2.412823556611935,3.01329456269741,6.225556135177612,0,121
old_e17,20261488,2,0,-8.0,2.5,0,0,0,0,0,0,0,0.0,60,2.4655752815306187,3.34154637530446,6.055053323507309,0,121
old_e17,20261488,3,0,-8.0,2.5,0,0,0,0,0,0,0,0.05,60,2.336488819370667,2.847942989319563,3.7955399602651596,0,121
old_e17,20261489,0,0,51.0,1.0,1,1,0,0,0,0,0,0.04878048780487805,41,2.3533483376590216,2.8854869306087494,2.914251759648323,0,81
old_e17,20261489,1,0,-17.0,3.0,0,0,0,0,0,0,0,0.025,40,2.3505651392042637,2.8629195876419544,2.9099080711603165,0,81
old_e17,20261489,2,0,-19.0,4.0,0,0,1,11,0,0,0,0.02564102564102564,39,2.370378623406092,3.016148880124092,3.0559953302145004,0,78
old_e17,20261489,3,0,-17.0,3.0,0,0,0,0,0,0,0,0.020833333333333332,48,2.459911241506537,3.0046108178794384,5.531257018446922,0,97
old_e17,20261490,0,1,-20.0,3.0,0,0,0,0,0,0,0,0.028985507246376812,69,2.4264047759166663,2.876778319478035,4.6256836503744125,0,139
old_e17,20261490,1,1,34.0,1.0,1,0,0,0,0,0,0,0.0,68,2.4853259708513233,3.4471601247787476,4.158416762948036,0,136
old_e17,20261490,2,1,-8.0,2.5,0,0,0,0,0,0,0,0.028169014084507043,71,2.375017694184478,2.842389978468418,6.301989778876305,0,142
old_e17,20261490,3,1,-24.0,4.0,0,0,1,16,0,0,0,0.013888888888888888,72,2.3105450026277037,2.7996962890028954,2.9689930379390717,0,144
old_e17,20261491,0,1,-18.0,4.0,0,0,1,10,0,0,0,0.0,53,2.57821465438267,3.4912429749965668,5.1548536866903305,0,106
old_e17,20261491,1,1,-8.0,2.5,0,0,0,0,0,0,0,0.018518518518518517,54,2.3801822422279253,2.9370097443461414,3.062177449464798,0,108
old_e17,20261491,2,1,-23.0,3.0,0,0,0,0,0,0,0,0.04054054054054054,74,2.2894131724496147,2.7864686213433734,4.0567368268966675,0,149
old_e17,20261491,3,1,-23.0,3.0,0,0,0,0,0,0,0,0.02702702702702703,74,2.4094838850401543,3.0500068329274654,5.781181156635284,0,149
old_e17,20261492,0,2,-18.0,3.0,0,0,0,0,0,0,0,0.0,18,2.367241308093071,2.8763610869646072,2.9008444398641586,0,37
old_e17,20261492,1,2,-18.0,3.0,0,0,0,0,0,0,0,0.1111111111111111,18,2.2537173289391728,2.6596302166581154,2.6755165308713913,0,37
old_e17,20261492,2,2,33.0,1.0,1,0,0,0,0,0,0,0.0425531914893617,47,2.2937484640390315,2.706107124686241,2.8782840818166733,0,94
old_e17,20261492,3,2,-18.0,4.0,0,0,1,10,0,0,0,0.02857142857142857,35,2.3566933614867076,3.024039976298809,3.119358792901039,0,70
old_e17,20261493,0,2,-8.0,2.5,0,0,0,0,0,0,0,0.02040816326530612,49,2.4762182135363013,3.1158357858657837,4.267388954758644,0,98
old_e17,20261493,1,2,-8.0,2.5,0,0,0,0,0,0,0,0.04878048780487805,41,2.335227980482869,2.735709771513939,3.8038156926631927,0,82
old_e17,20261493,2,2,-18.0,4.0,0,0,1,10,0,0,0,0.046875,64,2.3593035293743014,2.783205360174179,7.205083966255188,0,128
old_e17,20261493,3,2,35.0,1.0,1,0,0,0,0,0,0,0.03389830508474576,59,2.4211731250003234,3.0380001291632635,5.629369989037514,0,118
old_e17,20261494,0,0,-8.0,2.5,0,0,0,0,0,0,0,0.03571428571428571,28,2.49808667493718,2.9529614374041557,5.211615934967995,0,56
old_e17,20261494,1,0,32.0,1.0,1,0,0,0,0,0,0,0.037037037037037035,27,2.3306468846621335,2.8341926634311676,2.8835106641054153,0,54
old_e17,20261494,2,0,-8.0,2.5,0,0,0,0,0,0,0,0.07142857142857142,28,2.4487252480217387,2.798855025321245,7.588036358356476,0,56
old_e17,20261494,3,0,-16.0,4.0,0,0,1,8,0,0,0,0.0,28,2.3553378081747463,3.037690743803978,3.0662361532449722,0,56
old_e17,20261495,0,3,-8.0,2.5,0,0,0,0,0,0,0,0.020833333333333332,48,2.4416098992029824,3.1855142675340176,3.2830405980348587,0,97
old_e17,20261495,1,3,-18.0,4.0,0,0,1,10,0,0,0,0.034482758620689655,58,2.4775268895358873,3.1946886330842967,3.930797800421715,0,117
old_e17,20261495,2,3,-18.0,4.0,0,0,1,10,0,0,0,0.0273972602739726,73,2.371922696698202,2.806538715958595,6.176644936203957,0,147
old_e17,20261495,3,3,-8.0,2.5,0,0,0,0,0,0,0,0.016666666666666666,60,2.3328748531639576,2.8352626599371433,2.908121794462204,0,119
old_e17,20261496,0,3,-8.0,2.5,0,0,0,0,0,0,0,0.0,32,2.381638390943408,2.8925586491823196,2.9134266078472137,0,64
old_e17,20261496,1,3,-17.0,3.0,0,0,0,0,0,0,0,0.0,39,2.412910167223368,3.1640704721212387,3.2092127948999405,0,79
old_e17,20261496,2,3,-8.0,2.5,0,0,0,0,0,0,0,0.043478260869565216,23,2.3294667024975237,2.869418077170849,2.8719957917928696,0,46
old_e17,20261496,3,3,44.0,1.0,1,0,0,0,0,0,0,0.03125,32,2.3921632673591375,3.2193643040955067,3.356311470270157,0,64
old_e17,20261497,0,3,-8.0,2.5,0,0,0,0,0,0,0,0.0,59,2.39421392522626,2.8628531843423843,2.904459834098816,0,118
old_e17,20261497,1,3,-33.0,3.0,0,0,0,0,0,0,0,0.0,68,2.5298600906834885,3.5114185884594917,3.6538373678922653,0,137
old_e17,20261497,2,3,-8.0,2.5,0,0,0,0,0,0,0,0.0,81,2.3569530680959607,2.964392304420471,4.07140888273716,0,162
old_e17,20261497,3,3,-33.0,3.0,0,0,0,0,0,0,0,0.0,68,2.396053826326833,3.138791210949421,3.194335848093033,0,137
old_e17,20261498,0,3,48.0,1.0,1,1,0,0,0,0,0,0.0,43,2.4614437634861748,3.241858072578907,3.291243687272072,0,86
old_e17,20261498,1,3,-16.0,3.0,0,0,0,0,0,0,0,0.025,40,2.3768999613821507,3.035667259246111,3.075871616601944,0,81
old_e17,20261498,2,3,-16.0,3.0,0,0,0,0,0,0,0,0.025,40,2.323108771815896,2.8826613910496235,2.92038731276989,0,82
old_e17,20261498,3,3,-16.0,3.0,0,0,0,0,0,0,0,0.06976744186046512,43,2.2623329315074656,2.6764174923300743,2.818221226334572,0,86
old_e17,20261499,0,3,-30.0,4.0,0,0,0,0,0,0,0,0.02857142857142857,70,2.333702173616205,2.708535548299551,2.917720004916191,1,139
old_e17,20261499,1,3,0.0,2.5,0,0,0,0,0,1,1,0.0,82,2.544900652293752,3.4227190539240837,3.6429911851882935,0,164
old_e17,20261499,2,3,0.0,2.5,0,0,0,0,0,1,1,0.012195121951219513,82,2.347746659524557,2.859861124306917,2.9701795428991318,0,164
old_e17,20261499,3,3,-27.0,4.0,0,0,1,19,0,0,0,0.0,49,2.35343477403631,3.0092068016529083,3.2054558396339417,0,98
old_e17,20261500,0,1,0.0,2.5,0,0,0,0,0,1,1,0.023529411764705882,85,2.356167071882416,2.8047699481248856,2.9616709798574448,0,170
old_e17,20261500,1,1,-8.0,2.5,0,0,0,0,0,0,0,0.0,60,2.447970397770405,3.2658987678587437,3.45730222761631,0,120
old_e17,20261500,2,1,37.0,1.0,1,0,0,0,0,0,0,0.014285714285714285,70,2.4206807304705893,3.334037121385336,3.637770190834999,0,140
old_e17,20261500,3,1,-8.0,2.5,0,0,0,0,0,0,0,0.014285714285714285,70,2.360022706644876,2.992790285497904,3.1808260828256607,0,140
old_e17,20261501,0,3,-8.0,2.5,0,0,0,0,0,0,0,0.017543859649122806,57,2.3764936874310174,2.8620820492506027,2.933662384748459,0,114
old_e17,20261501,1,3,-8.0,2.5,0,0,0,0,0,0,0,0.0,79,2.3925838449710533,3.057039901614189,3.1730160117149353,0,159
old_e17,20261501,2,3,32.0,1.0,1,0,0,0,0,0,0,0.05555555555555555,36,2.3648558805386224,3.001028671860695,4.152042791247368,0,72
old_e17,20261501,3,3,-31.0,3.0,0,0,0,0,0,0,0,0.046153846153846156,65,2.2999178618192673,2.879524603486061,2.914784476161003,0,130
old_e17,20261502,0,3,35.0,1.0,1,0,0,0,0,0,0,0.13333333333333333,15,2.648969367146492,4.026264697313305,6.584353744983673,0,30
old_e17,20261502,1,3,-20.0,4.0,0,0,1,12,0,0,0,0.0,37,2.3686022975960292,2.9036760330200195,2.9905512928962708,0,74
old_e17,20261502,2,3,36.0,1.0,1,0,0,0,0,0,0,0.0,44,2.4456688287583264,2.962830103933811,5.957366898655891,0,88
old_e17,20261502,3,3,-8.0,2.5,0,0,0,0,0,0,0,0.0,44,2.298101063140414,2.8426844626665115,2.858215942978859,0,88
old_e17,20261503,0,0,-20.0,3.0,0,0,0,0,0,0,0,0.0,63,2.5713004408374665,3.1626148149371147,6.8026352673769,0,127
old_e17,20261503,1,0,-19.0,4.0,0,0,1,11,0,0,0,0.015625,64,2.510095218895003,3.3317208290100098,5.6780315935611725,0,128
old_e17,20261503,2,0,-20.0,3.0,0,0,0,0,0,0,0,0.0,61,2.4370085142674993,3.245024010539055,4.282444715499878,0,123
old_e17,20261503,3,0,35.0,1.0,1,0,0,0,0,0,0,0.046875,64,2.2599548392463475,2.611468080431223,2.7114078402519226,0,128
old_e17,20261504,0,3,39.0,1.0,1,0,0,0,0,0,0,0.046875,64,2.3470234300475568,2.7887986972928047,2.925857901573181,0,128
old_e17,20261504,1,3,-8.0,2.5,0,0,0,0,0,0,0,0.07317073170731707,41,2.2988158119160955,2.7591902762651443,2.845996990799904,0,82
old_e17,20261504,2,3,-8.0,2.5,0,0,0,0,0,0,0,0.038461538461538464,52,2.2945707448973107,2.764306869357824,2.935083582997322,0,104
old_e17,20261504,3,3,-8.0,2.5,0,0,0,0,0,0,0,0.04878048780487805,41,2.4022457258003516,3.196362406015396,3.1994953751564026,0,82
old_e17,20261505,0,3,-20.0,4.0,0,0,1,12,0,0,0,0.06818181818181818,44,2.4065517989749257,2.845198940485716,5.2022188901901245,0,88
old_e17,20261505,1,3,36.0,1.0,1,0,0,0,0,0,0,0.022727272727272728,44,2.3853479969230564,3.102458082139492,3.1696539372205734,0,88
old_e17,20261505,2,3,-8.0,2.5,0,0,0,0,0,0,0,0.0,44,2.3353328843685714,2.9485424049198627,3.08229960501194,0,88
old_e17,20261505,3,3,-8.0,2.5,0,0,0,0,0,0,0,0.029411764705882353,68,2.2931751685545727,2.8818643651902676,2.933366224169731,0,137
value_off,20260706,0,3,35.0,1.0,1,0,0,0,0,0,0,0.075,40,2.4079183116555214,3.0526057817041874,4.604136571288109,0,80
value_off,20260706,1,3,-17.0,4.0,0,0,1,9,0,0,0,0.09090909090909091,33,2.3287374977812623,2.8257913887500763,2.8472784906625748,0,66
value_off,20260706,2,3,-19.0,4.0,0,0,1,11,0,0,0,0.0,40,2.474725479260087,3.4427852369844913,3.4738481044769287,0,80
value_off,20260706,3,3,-8.0,2.5,0,0,0,0,0,0,0,0.0,40,2.2727185394614935,2.859170828014612,2.8990209102630615,0,80
value_off,20260707,0,1,-8.0,2.5,0,0,0,0,0,0,0,0.019230769230769232,52,2.391965379222081,2.941400557756424,2.989640459418297,0,104
value_off,20260707,1,1,-29.0,4.0,0,0,1,21,0,0,0,0.04477611940298507,67,2.3602507730473334,2.935284934937954,3.000810742378235,0,134
value_off,20260707,2,1,-31.0,3.0,0,0,0,0,0,0,0,0.016666666666666666,60,2.310731572409471,2.774995658546686,2.9129143804311752,0,121
value_off,20260707,3,1,45.0,1.0,1,0,0,0,0,0,0,0.014925373134328358,67,2.421489235625338,3.3660195767879477,4.827061668038368,0,134
value_off,20260708,0,0,102.0,1.0,1,1,0,0,0,0,0,0.0,45,2.441659652524524,3.0710961669683456,3.166971728205681,0,89
value_off,20260708,1,0,-34.0,3.0,0,0,0,0,0,0,0,0.06818181818181818,44,2.314481587911194,2.8036956675350666,2.9657427221536636,0,89
value_off,20260708,2,0,-34.0,3.0,0,0,0,0,0,0,0,0.0,44,2.4203542111949488,3.2066593877971172,3.3177342265844345,0,89
value_off,20260708,3,0,-34.0,3.0,0,0,0,0,0,0,0,0.022727272727272728,44,2.305917272513563,2.831749990582466,2.9413774609565735,0,89
value_off,20260709,0,1,-8.0,2.5,0,0,0,0,0,0,0,0.0,28,2.3710962517985275,2.879615966230631,2.8945934027433395,0,56
value_off,20260709,1,1,-8.0,2.5,0,0,0,0,0,0,0,0.02564102564102564,39,2.3310135763425093,2.8118204325437546,2.889685332775116,0,78
value_off,20260709,2,1,-8.0,2.5,0,0,0,0,0,0,0,0.023809523809523808,42,2.3372420775038854,2.937149256467819,2.970699220895767,0,84
value_off,20260709,3,1,35.0,1.0,1,0,0,0,0,0,0,0.03571428571428571,28,2.328996014382158,3.0720937997102733,3.160957247018814,0,56
value_off,20260710,0,2,-23.0,3.0,0,0,0,0,0,0,0,0.0,29,2.426395578117206,2.9329411685466766,2.9561128467321396,0,59
value_off,20260710,1,2,69.0,1.0,1,1,0,0,0,0,0,0.0,30,2.36652505894502,2.93336259201169,2.983545884490013,0,59
value_off,20260710,2,2,-23.0,3.0,0,0,0,0,0,0,0,0.034482758620689655,29,2.307170488197228,2.836502715945244,2.8567519038915634,0,59
value_off,20260710,3,2,-23.0,3.0,0,0,0,0,0,0,0,0.0,29,2.3546493130511252,3.0089594423770905,3.0533671379089355,0,59
value_off,20260711,0,3,-24.0,3.0,0,0,0,0,0,0,0,0.0,74,2.4665779358631856,3.115374781191349,3.2133664935827255,0,149
value_off,20260711,1,3,0.0,2.5,0,0,0,0,0,1,1,0.011904761904761904,84,2.3333279061175527,2.8491619043052197,3.012988716363907,0,168
value_off,20260711,2,3,-8.0,2.5,0,0,0,0,0,0,0,0.0,68,2.417541191201,3.1437127850949764,3.18085215985775,0,136
value_off,20260711,3,3,-8.0,2.5,0,0,0,0,0,0,0,0.024390243902439025,41,2.3318086637229456,2.8966274112462997,2.9941368848085403,0,82
value_off,20260712,0,1,-8.0,2.5,0,0,0,0,0,0,0,0.041666666666666664,72,2.3748581815097065,2.7208836749196053,6.020383909344673,0,144
value_off,20260712,1,1,52.0,1.0,1,0,0,0,0,0,0,0.0,52,2.516907424880908,3.365002851933241,4.921453073620796,0,104
value_off,20260712,2,1,-8.0,2.5,0,0,0,0,0,0,0,0.0,50,2.455795370042324,2.9279137030243874,6.210422143340111,0,100
value_off,20260712,3,1,-8.0,2.5,0,0,0,0,0,0,0,0.038461538461538464,52,2.3077837406442714,2.7511059306561947,3.8195140659809113,0,104
value_off,20260713,0,0,48.0,1.0,1,0,0,0,0,0,0,0.0,56,2.42614107472556,3.015037626028061,3.3759716898202896,0,112
value_off,20260713,1,0,-22.0,3.0,0,0,0,0,0,0,0,0.01694915254237288,59,2.4136182047047856,2.8898395597934723,6.038051098585129,0,119
value_off,20260713,2,0,-8.0,2.5,0,0,0,0,0,0,0,0.09523809523809523,42,2.2865446905295053,2.796832472085952,3.2502878457307816,0,84
value_off,20260713,3,0,34.0,1.0,1,0,0,0,0,0,0,0.03389830508474576,59,2.3502980248402743,2.7845337986946106,6.153468042612076,0,118
value_off,20260714,0,0,-18.0,3.0,0,0,0,0,0,0,0,0.0392156862745098,51,2.441454167459525,3.0506933107972145,3.898104652762413,0,103
value_off,20260714,1,0,-18.0,3.0,0,0,0,0,0,0,0,0.0392156862745098,51,2.3860369681143294,2.8599314391613007,5.4281894117593765,0,103
value_off,20260714,2,0,-8.0,2.5,0,0,0,0,0,0,0,0.06666666666666667,45,2.3543900085820093,2.8075430542230606,5.45840710401535,0,90
value_off,20260714,3,0,32.0,1.0,1,0,0,0,0,0,0,0.024390243902439025,41,2.548826449527973,3.1797364354133606,7.028717547655106,0,82
value_off,20260715,0,1,141.0,1.0,1,1,0,0,0,0,0,0.05,60,2.3349517645935216,2.839197125285864,2.9466450214385986,0,119
value_off,20260715,1,1,33.0,1.0,1,0,0,0,0,0,0,0.0,62,2.4649779642781904,3.281261119991541,3.3547058701515198,0,124
value_off,20260715,2,1,-17.0,4.0,0,0,1,9,0,0,0,0.016129032258064516,62,2.3327542528990777,2.8882624581456184,3.079986199736595,0,124
value_off,20260715,3,1,-8.0,2.5,0,0,0,0,0,0,0,0.01639344262295082,61,2.304527755887782,2.8778892010450363,3.0020400881767273,0,122
value_off,20260716,0,1,-8.0,2.5,0,0,0,0,0,0,0,0.0,27,2.4064102520545325,2.969028055667877,3.0642878264188766,0,54
value_off,20260716,1,1,42.0,1.0,1,0,0,0,0,0,0,0.037037037037037035,27,2.397537990300744,3.0461719259619713,3.1188856810331345,0,54
value_off,20260716,2,1,-26.0,4.0,0,0,1,18,0,0,0,0.07407407407407407,27,2.281536037723223,2.6953933760523796,2.833215519785881,0,54
value_off,20260716,3,1,-8.0,2.5,0,0,0,0,0,0,0,0.038461538461538464,26,2.3031338619498105,2.888780552893877,2.9322151094675064,0,52
value_off,20260717,0,3,-24.0,4.0,0,0,1,16,0,0,0,0.0,49,2.400950547687861,2.910735085606575,2.991229295730591,0,98
value_off,20260717,1,3,40.0,1.0,1,0,0,0,0,0,0,0.0,49,2.394813816158139,3.1627144664525986,3.187909722328186,0,98
value_off,20260717,2,3,-23.0,4.0,0,0,1,15,0,0,0,0.012658227848101266,79,2.440142009077193,3.4084791317582126,3.712661564350128,0,158
value_off,20260717,3,3,-8.0,2.5,0,0,0,0,0,0,0,0.0,49,2.349816224708849,2.955847606062889,2.96705961227417,0,98
value_off,20260718,0,2,32.0,1.0,1,0,0,0,0,0,0,0.02631578947368421,76,2.379499008192828,2.934620715677738,3.0195973813533783,0,151
value_off,20260718,1,2,-17.0,4.0,0,0,1,9,0,0,0,0.03225806451612903,62,2.3145401970513406,2.839958760887384,2.9073040932416916,0,124
value_off,20260718,2,2,32.0,1.0,1,0,0,0,0,0,0,0.015625,64,2.329818729776889,2.953024581074714,2.995012328028679,0,128
value_off,20260718,3,2,33.0,1.0,1,0,0,0,0,0,0,0.0,62,2.3767054080963135,3.0835017561912537,3.2568462193012238,0,124
value_off,20260719,0,0,32.0,1.0,1,0,0,0,0,0,0,0.02857142857142857,70,2.348795107432774,2.76282774284482,2.916373312473297,0,140
value_off,20260719,1,0,-8.0,2.5,0,0,0,0,0,0,0,0.0,70,2.357591555586883,2.9730675742030144,3.038216382265091,0,140
value_off,20260719,2,0,0.0,2.5,0,0,0,0,0,1,0,0.011627906976744186,86,2.318801206731519,2.8783688321709633,2.9137786477804184,0,172
value_off,20260719,3,0,0.0,2.5,0,0,0,0,0,1,0,0.0,86,2.4253075162685196,3.1771445646882057,4.157572984695435,0,172
value_off,20260720,0,2,34.0,1.0,1,0,0,0,0,0,0,0.029850746268656716,67,2.3329558212365678,2.6921363547444344,2.9036980122327805,0,134
value_off,20260720,1,2,-8.0,2.5,0,0,0,0,0,0,0,0.0,67,2.42622685966207,3.1984256580471992,3.4687109291553497,0,134
value_off,20260720,2,2,33.0,1.0,1,0,0,0,0,0,0,0.031746031746031744,63,2.32023476726479,2.8962157666683197,2.988003194332123,0,126
value_off,20260720,3,2,-18.0,4.0,0,0,1,10,0,0,0,0.046153846153846156,65,2.343177365568968,2.977230027318001,3.4499485045671463,0,130
value_off,20260721,0,1,-8.0,2.5,0,0,0,0,0,0,0,0.041666666666666664,24,2.3859599605202675,2.9119505546987057,3.2482556998729706,0,48
value_off,20260721,1,1,-8.0,2.5,0,0,0,0,0,0,0,0.0,24,2.3308879074951014,2.8792962431907654,2.9632914811372757,0,48
value_off,20260721,2,1,34.0,1.0,1,0,0,0,0,0,0,0.08333333333333333,24,2.3845857164512076,2.9264532029628754,3.985513001680374,0,48
value_off,20260721,3,1,-19.0,3.0,0,0,0,0,0,0,0,0.0,63,2.347476248230253,2.9248053207993507,3.5401880741119385,0,127
value_off,20260722,0,3,33.0,1.0,1,0,0,0,0,0,0,0.05084745762711865,59,2.3636122755074904,2.6942310854792595,4.006905481219292,0,118
value_off,20260722,1,3,-18.0,4.0,0,0,1,10,0,0,0,0.03389830508474576,59,2.312390007457491,2.767687477171421,2.8457753360271454,0,118
value_off,20260722,2,3,-8.0,2.5,0,0,0,0,0,0,0,0.03389830508474576,59,2.2794002888061233,2.734464593231678,2.8283167630434036,0,118
value_off,20260722,3,3,-8.0,2.5,0,0,0,0,0,0,0,0.01694915254237288,59,2.3400512350312734,2.9270173981785774,4.138188436627388,0,118
value_off,20260723,0,0,-8.0,2.5,0,0,0,0,0,0,0,0.0,39,2.5277994573116302,3.3739443868398666,3.389451652765274,0,78
value_off,20260723,1,0,-18.0,3.0,0,0,0,0,0,0,0,0.0,37,2.404122336490734,3.078394010663032,3.265945240855217,0,75
value_off,20260723,2,0,-20.0,4.0,0,0,1,12,0,0,0,0.0,35,2.4149051202195033,3.1513627618551254,3.223564475774765,0,70
value_off,20260723,3,0,-8.0,2.5,0,0,0,0,0,0,0,0.02564102564102564,39,2.3792021645185275,3.1436141580343255,3.842480480670929,0,78
value_off,20260724,0,2,-34.0,3.0,0,0,0,0,0,0,0,0.014925373134328358,67,2.4479777454885085,3.13054695725441,3.1925905495882034,0,135
value_off,20260724,1,2,-17.0,4.0,0,0,1,9,0,0,0,0.029850746268656716,67,2.380810789207914,2.910179831087589,3.7518832832574844,0,134
value_off,20260724,2,2,33.0,1.0,1,0,0,0,0,0,0,0.0,50,2.374914027750492,3.0130719766020775,3.17169725894928,0,100
value_off,20260724,3,2,102.0,1.0,1,1,0,0,0,0,0,0.0,56,2.3609588388353586,3.023025579750538,3.0731800943613052,0,111
value_off,20260725,0,2,51.0,1.0,1,1,0,0,0,0,0,0.0,43,2.4450065264868184,3.1177079305052757,3.2288767397403717,0,85
value_off,20260725,1,2,-17.0,3.0,0,0,0,0,0,0,0,0.04878048780487805,41,2.3082875896517825,2.8127245604991913,2.8956830501556396,0,83
value_off,20260725,2,2,-17.0,3.0,0,0,0,0,0,0,0,0.0,40,2.3467634338885546,2.934282086789608,3.0145402997732162,0,81
value_off,20260725,3,2,-8.0,2.5,0,0,0,0,0,0,0,0.05555555555555555,54,2.3924499336216183,3.2654887065291405,3.6630332469940186,0,108
value_off,20260726,0,1,-8.0,2.5,0,0,0,0,0,0,0,0.0,69,2.3847507393878438,2.9126081615686417,3.02976556122303,0,138
value_off,20260726,1,1,-8.0,2.5,0,0,0,0,0,0,0,0.014925373134328358,67,2.353140222492503,2.9620630666613574,3.0828043818473816,0,134
value_off,20260726,2,1,-8.0,2.5,0,0,0,0,0,0,0,0.04411764705882353,68,2.298386411412674,2.7992225252091885,2.933019772171974,0,136
value_off,20260726,3,1,35.0,1.0,1,0,0,0,0,0,0,0.014705882352941176,68,2.347787869546343,3.019615728408098,3.394467756152153,0,136
value_off,20260727,0,1,-8.0,2.5,0,0,0,0,0,0,0,0.024390243902439025,41,2.3968704499122575,2.8957705944776535,2.9325615614652634,0,82
value_off,20260727,1,1,-8.0,2.5,0,0,0,0,0,0,0,0.0,41,2.4282604728530095,3.1358804553747177,3.2600201666355133,0,82
value_off,20260727,2,1,-17.0,4.0,0,0,1,9,0,0,0,0.0,41,2.328283221619885,2.882659435272217,2.9529687017202377,0,82
value_off,20260727,3,1,33.0,1.0,1,0,0,0,0,0,0,0.07317073170731707,41,2.2476630785116334,2.6260782033205032,2.676885575056076,0,82
value_off,20260728,0,1,-16.0,3.0,0,0,0,0,0,0,0,0.04878048780487805,41,2.3420866033652934,2.716468647122383,2.8733741492033005,0,83
value_off,20260728,1,1,-16.0,3.0,0,0,0,0,0,0,0,0.0,39,2.3485119812763653,2.8914500027894974,2.899346873164177,0,79
value_off,20260728,2,1,-16.0,3.0,0,0,0,0,0,0,0,0.024390243902439025,41,2.313072225306092,2.8328578919172287,2.9057711362838745,0,83
value_off,20260728,3,1,-8.0,2.5,0,0,0,0,0,0,0,0.0,59,2.3830862305427,3.2113898545503616,3.2468531280755997,0,118
value_off,20260729,0,3,-19.0,4.0,0,0,1,11,0,0,0,0.0,65,2.4622398500259104,3.1232044100761414,3.1890850514173508,0,130
value_off,20260729,1,3,34.0,1.0,1,0,0,0,0,0,0,0.0,68,2.4254806613659157,3.184995334595442,3.264002501964569,0,136
value_off,20260729,2,3,-19.0,4.0,0,0,1,11,0,0,0,0.0,51,2.354683646676587,2.942764200270176,3.0174478888511658,0,102
value_off,20260729,3,3,-18.0,4.0,0,0,1,10,0,0,0,0.0,68,2.3968960706363704,3.291449695825577,3.605356439948082,0,136
value_off,20260730,0,1,32.0,1.0,1,0,0,0,0,0,0,0.05357142857142857,56,2.3512094880321195,2.710067667067051,2.9910486191511154,0,112
value_off,20260730,1,1,-8.0,2.5,0,0,0,0,0,0,0,0.041666666666666664,48,2.3522310269375644,2.90675675496459,3.01172211766243,0,96
value_off,20260730,2,1,-19.0,3.0,0,0,0,0,0,0,0,0.0,33,2.350188961083239,2.9863376170396805,3.1884554773569107,0,67
value_off,20260730,3,1,33.0,1.0,1,0,0,0,0,0,0,0.03225806451612903,31,2.3462937003181827,2.9330356046557426,3.0087456107139587,0,62
value_off,20260731,0,2,-8.0,2.5,0,0,0,0,0,0,0,0.013513513513513514,74,2.3855188660122253,2.9070036485791206,2.9573552310466766,0,148
value_off,20260731,1,2,-17.0,3.0,0,0,0,0,0,0,0,0.0,54,2.503023103431419,3.301683254539966,4.366656765341759,0,109
value_off,20260731,2,2,-17.0,3.0,0,0,0,0,0,0,0,0.018518518518518517,54,2.392680936113552,3.130786679685116,3.6644209176301956,0,109
value_off,20260731,3,2,-8.0,2.5,0,0,0,0,0,0,0,0.03333333333333333,60,2.324221935123205,2.8551187366247177,2.910139039158821,0,120
value_off,20260732,0,1,38.0,1.0,1,0,0,0,0,0,0,0.07142857142857142,28,2.3738075313823566,2.9030886478722095,3.232371062040329,0,56
value_off,20260732,1,1,33.0,1.0,1,0,0,0,0,0,0,0.027777777777777776,36,2.3351385154657893,2.8573237359523773,3.0446667224168777,0,72
value_off,20260732,2,1,-8.0,2.5,0,0,0,0,0,0,0,0.0,28,2.342014107853174,2.9582361690700054,2.9887277632951736,0,56
value_off,20260732,3,1,-24.0,3.0,0,0,0,0,0,0,0,0.0,28,2.342981020254748,2.972894813865423,3.0892454087734222,0,57
value_off,20260733,0,1,-23.0,3.0,0,0,0,0,0,0,0,0.0,60,2.4071475490927696,2.9634027741849422,3.636857494711876,0,121
value_off,20260733,1,1,-8.0,2.5,0,0,0,0,0,0,0,0.030303030303030304,66,2.309571076748949,2.7234270237386227,2.872999757528305,0,132
value_off,20260733,2,1,63.0,1.0,1,1,0,0,0,0,0,0.015151515151515152,66,2.324460017861742,2.8595151379704475,3.193410113453865,0,131
value_off,20260733,3,1,-21.0,3.0,0,0,0,0,0,0,0,0.015384615384615385,65,2.329580313884295,2.9487233608961105,3.077074885368347,0,131
value_off,20260734,0,0,-18.0,3.0,0,0,0,0,0,0,0,0.02666666666666667,75,2.378162990013758,2.7407102286815643,2.979723736643791,0,151
value_off,20260734,1,0,-18.0,3.0,0,0,0,0,0,0,0,0.0,75,2.450854629278183,3.227614983916282,3.6780480295419693,0,151
value_off,20260734,2,0,-18.0,3.0,0,0,0,0,0,0,0,0.0136986301369863,73,2.3428775268058253,2.9471594840288162,3.025088459253311,0,147
value_off,20260734,3,0,-8.0,2.5,0,0,0,0,0,0,0,0.01694915254237288,59,2.33869008341078,2.870904840528965,3.8542840629816055,0,118
value_off,20260735,0,3,-8.0,2.5,0,0,0,0,0,0,0,0.0196078431372549,51,2.3589949032255246,2.8062136843800545,2.892756834626198,0,102
value_off,20260735,1,3,32.0,1.0,1,0,0,0,0,0,0,0.0,39,2.3847357966961007,3.0601561069488525,3.2313838601112366,0,78
value_off,20260735,2,3,-8.0,2.5,0,0,0,0,0,0,0,0.0,47,2.4172790903360286,3.154211677610874,3.3511798828840256,0,94
value_off,20260735,3,3,-21.0,4.0,0,0,1,13,0,0,0,0.0392156862745098,51,2.3057673345593845,2.8721988201141357,3.01147997379303,0,102
value_off,20260736,0,0,-27.0,4.0,0,0,1,19,0,0,0,0.08571428571428572,35,2.346336841583252,2.7141790837049484,2.9552392661571503,0,70
value_off,20260736,1,0,-8.0,2.5,0,0,0,0,0,0,0,0.02857142857142857,35,2.338123321533203,2.8017843142151833,2.8532184660434723,0,70
value_off,20260736,2,0,-8.0,2.5,0,0,0,0,0,0,0,0.0,35,2.3282114948545183,2.933180145919323,3.0225683003664017,0,70
value_off,20260736,3,0,54.0,1.0,1,1,0,0,0,0,0,0.047619047619047616,42,2.2720368579030037,2.7553788386285305,2.8944071382284164,0,83
value_off,20260737,0,0,-24.0,3.0,0,0,0,0,0,0,0,0.029411764705882353,34,2.3755287641988083,2.831779606640339,2.923283725976944,0,69
value_off,20260737,1,0,-24.0,3.0,0,0,0,0,0,0,0,0.0,34,2.3843320634435203,3.041061293333769,3.115592524409294,0,69
value_off,20260737,2,0,-17.0,4.0,0,0,1,9,0,0,0,0.0,66,2.517338503490795,3.734360449016094,4.020135849714279,0,132
value_off,20260737,3,0,-24.0,3.0,0,0,0,0,0,0,0,0.058823529411764705,34,2.2924879894537082,2.8774889186024666,2.9011163860559464,0,69
value_off,20260738,0,0,33.0,1.0,1,0,0,0,0,0,0,0.04878048780487805,41,2.3967506954582727,2.9068589210510254,3.0472390353679657,0,84
value_off,20260738,1,0,-17.0,4.0,0,0,1,9,0,0,0,0.047619047619047616,42,2.3782826693994656,2.896771114319563,2.9321499168872833,0,84
value_off,20260738,2,0,-8.0,2.5,0,0,0,0,0,0,0,0.0,41,2.4830292819476707,3.4416448324918747,3.7451181560754776,0,84
value_off,20260738,3,0,-8.0,2.5,0,0,0,0,0,0,0,0.06521739130434782,46,2.261719787898271,2.636588178575039,2.710118889808655,0,92
value_off,20260739,0,0,-26.0,3.0,0,0,0,0,0,0,0,0.0,36,2.522064424637291,3.393022809177637,3.8298964500427246,0,73
value_off,20260739,1,0,-26.0,3.0,0,0,0,0,0,0,0,0.05555555555555555,36,2.317951164311833,2.852233126759529,2.901669591665268,0,73
value_off,20260739,2,0,-26.0,3.0,0,0,0,0,0,0,0,0.0,36,2.383825472659535,3.081768285483122,3.131011500954628,0,73
value_off,20260739,3,0,-8.0,2.5,0,0,0,0,0,0,0,0.05555555555555555,54,2.272559778281936,2.6621365919709206,2.9565319418907166,0,108
value_off,20260740,0,1,-8.0,2.5,0,0,0,0,0,0,0,0.0,38,2.5247511404909586,3.3129308372735977,3.6301296204328537,0,76
value_off,20260740,1,1,-19.0,4.0,0,0,1,11,0,0,0,0.0,34,2.371787203147131,3.0011191964149475,3.183232620358467,0,68
value_off,20260740,2,1,35.0,1.0,1,0,0,0,0,0,0,0.07894736842105263,38,2.2825836449077257,2.646195888519287,2.669619396328926,0,76
value_off,20260740,3,1,-8.0,2.5,0,0,0,0,0,0,0,0.0,38,2.340619256229777,2.9756116680800915,3.0191820114851,0,76
value_off,20260741,0,1,-8.0,2.5,0,0,0,0,0,0,0,0.022727272727272728,44,2.3669559000567957,2.840054128319025,2.9531270265579224,0,88
value_off,20260741,1,1,32.0,1.0,1,0,0,0,0,0,0,0.06666666666666667,30,2.375452841321627,2.9887203127145767,3.090817481279373,0,60
value_off,20260741,2,1,-19.0,4.0,0,0,1,11,0,0,0,0.0,45,2.398928917116589,3.01370732486248,3.82380373775959,0,90
value_off,20260741,3,1,35.0,1.0,1,0,0,0,0,0,0,0.045454545454545456,44,2.3342790082097054,3.034467902034521,3.2665394246578217,0,88
value_off,20260742,0,1,32.0,1.0,1,0,0,0,0,0,0,0.017857142857142856,56,2.4651732029659406,3.0078627169132233,3.8439929485321045,0,112
value_off,20260742,1,1,-16.0,4.0,0,0,1,8,0,0,0,0.022727272727272728,44,2.4957671253518625,3.1797992065548897,3.5301297903060913,0,88
value_off,20260742,2,1,39.0,1.0,1,0,0,0,0,0,0,0.0,64,2.3679549049120396,3.0266976915299892,3.677560016512871,0,128
value_off,20260742,3,1,-8.0,2.5,0,0,0,0,0,0,0,0.03125,64,2.2739880078006536,2.7096042409539223,2.8703920543193817,0,128
value_off,20260743,0,3,-24.0,4.0,0,0,1,16,0,0,0,0.018867924528301886,53,2.418330782708132,2.939925342798233,4.029536619782448,0,106
value_off,20260743,1,3,-8.0,2.5,0,0,0,0,0,0,0,0.0,47,2.436506542119574,3.0371980741620064,3.408379852771759,0,94
value_off,20260743,2,3,0.0,2.5,0,0,0,0,0,1,0,0.011494252873563218,87,2.323846107926862,2.827342040836811,2.9304008930921555,0,174
value_off,20260743,3,3,81.0,1.0,1,1,0,0,0,0,0,0.0,78,2.4668246937485843,3.6987298168241978,4.064250737428665,0,155
value_off,20260744,0,3,-16.0,3.0,0,0,0,0,0,0,0,0.0,48,2.397613599896431,2.955078613013029,2.9996801167726517,0,97
value_off,20260744,1,3,-18.0,3.0,0,0,0,0,0,0,0,0.0,47,2.3675807454484574,2.8735289350152016,4.053516313433647,0,95
value_off,20260744,2,3,48.0,1.0,1,1,0,0,0,0,0,0.0,49,2.430656544712125,3.202008828520775,4.042576998472214,0,97
value_off,20260744,3,3,-16.0,3.0,0,0,0,0,0,0,0,0.020833333333333332,48,2.3635621182620525,3.0350622721016407,3.0859149992465973,0,97
value_off,20260745,0,3,57.0,1.0,1,1,0,0,0,0,0,0.03125,64,2.411985129583627,2.9060075990855694,3.6859437823295593,0,127
value_off,20260745,1,3,-19.0,3.0,0,0,0,0,0,0,0,0.047619047619047616,63,2.3059268142022784,2.9015107080340385,2.9479768127202988,0,127
value_off,20260745,2,3,-19.0,3.0,0,0,0,0,0,0,0,0.015873015873015872,63,2.367127834567948,2.9217028990387917,3.2463856041431427,0,127
value_off,20260745,3,3,38.0,1.0,1,0,0,0,0,0,0,0.0,43,2.4233823858721313,3.367983363568783,3.4958459436893463,0,86
value_off,20260746,0,1,-28.0,4.0,0,0,1,20,0,0,0,0.02631578947368421,38,2.3977399166477356,2.8770565055310726,3.627663478255272,0,76
value_off,20260746,1,1,0.0,2.5,0,0,0,0,0,1,1,0.011363636363636364,88,2.4110752750526774,3.0200967565178867,3.10494564473629,0,176
value_off,20260746,2,1,43.0,1.0,1,0,0,0,0,0,0,0.07692307692307693,26,2.2843884877287426,2.743201330304146,2.916596829891205,0,52
value_off,20260746,3,1,-27.0,4.0,0,0,1,19,0,0,0,0.038461538461538464,26,2.408772921906068,3.0791317112743855,3.1644832342863083,0,52
value_off,20260747,0,3,-8.0,2.5,0,0,0,0,0,0,0,0.016129032258064516,62,2.443052347629301,3.0766665004193783,3.1748153269290924,0,124
value_off,20260747,1,3,-8.0,2.5,0,0,0,0,0,0,0,0.0,85,2.391335696858518,3.0303046107292175,3.178676590323448,0,170
value_off,20260747,2,3,-20.0,4.0,0,0,1,12,0,0,0,0.0,65,2.34464593231678,2.9433459043502808,2.994343638420105,0,130
value_off,20260747,3,3,-8.0,2.5,0,0,0,0,0,0,0,0.03076923076923077,65,2.2918438968750148,2.7560412883758545,3.1160619109869003,0,130
value_off,20260748,0,2,54.0,1.0,1,1,0,0,0,0,0,0.0,55,2.4611701003529807,3.0206983909010887,3.237580880522728,0,109
value_off,20260748,1,2,0.0,2.5,0,0,0,0,0,1,0,0.011904761904761904,84,2.4416219398734116,3.154110163450241,3.654327243566513,0,169
value_off,20260748,2,2,-19.0,3.0,0,0,0,0,0,0,0,0.0,80,2.509389794431627,3.372801467776298,4.979042336344719,0,161
value_off,20260748,3,2,0.0,2.5,0,0,0,0,0,1,1,0.0,84,2.3993274108284997,3.049485012888908,3.365902230143547,0,169
value_off,20260749,0,3,33.0,1.0,1,0,0,0,0,0,0,0.0,26,2.45310917783242,3.181039821356535,3.3847931772470474,0,52
value_off,20260749,1,3,-24.0,4.0,0,0,1,16,0,0,0,0.0,26,2.3626965972093434,2.871024888008833,2.8760265558958054,0,52
value_off,20260749,2,3,-8.0,2.5,0,0,0,0,0,0,0,0.0,34,2.402438617804471,2.838274370878935,4.725497215986252,0,68
value_off,20260749,3,3,-8.0,2.5,0,0,0,0,0,0,0,0.0,26,2.4075803991693716,3.029734827578068,3.7449728697538376,0,52
value_off,20260750,0,3,-16.0,3.0,0,0,0,0,0,0,0,0.0,40,2.570972451940179,3.3859913237392902,4.2641665786504745,0,81
value_off,20260750,1,3,32.0,1.0,1,0,0,0,0,0,0,0.029411764705882353,34,2.3467526497209774,3.0067759566009045,3.0423272401094437,0,68
value_off,20260750,2,3,-8.0,2.5,0,0,0,0,0,0,0,0.058823529411764705,34,2.269339419024832,2.6476552709937096,2.6925820857286453,0,68
value_off,20260750,3,3,-17.0,4.0,0,0,1,9,0,0,0,0.08,25,2.303813323378563,2.7326464653015137,2.799633890390396,0,50
value_off,20260751,0,0,-26.0,4.0,0,0,1,18,0,0,0,0.0,78,2.5212208334452066,3.1705165281891823,3.5324636846780777,0,156
value_off,20260751,1,0,-23.0,3.0,0,0,0,0,0,0,0,0.0,61,2.436811592979509,3.0522923916578293,3.3310800790786743,0,123
value_off,20260751,2,0,0.0,2.5,0,0,0,0,0,1,0,0.0,90,2.3681907397177486,2.973409555852413,3.5258904099464417,0,180
value_off,20260751,3,0,-8.0,2.5,0,0,0,0,0,0,0,0.044444444444444446,45,2.41563291185432,2.878798171877861,4.9685947597026825,0,90
value_off,20260752,0,2,-8.0,2.5,0,0,0,0,0,0,0,0.018518518518518517,54,2.4411766962320716,3.115243650972843,3.1367652118206024,0,108
value_off,20260752,1,2,-8.0,2.5,0,0,0,0,0,0,0,0.022222222222222223,45,2.432419318291876,3.047547861933708,3.313262015581131,0,90
value_off,20260752,2,2,-32.0,3.0,0,0,0,0,0,0,0,0.0,58,2.3854559865491143,2.983591239899397,3.6247633397579193,0,117
value_off,20260752,3,2,96.0,1.0,1,1,0,0,0,0,0,0.01694915254237288,59,2.4313749587636884,3.3097116276621814,3.468800336122513,0,117
value_off,20260753,0,0,-8.0,2.5,0,0,0,0,0,0,0,0.0,66,2.536188641732389,3.3748014830052853,3.6973264068365097,0,132
value_off,20260753,1,0,-32.0,4.0,0,0,1,24,0,0,0,0.0,66,2.404275152719382,2.989724278450012,4.268506541848183,0,132
value_off,20260753,2,0,48.0,1.0,1,0,0,0,0,0,0,0.0,66,2.3692447522824462,2.9745888896286488,3.847602754831314,0,132
value_off,20260753,3,0,48.0,1.0,1,1,0,0,0,0,0,0.018518518518518517,54,2.354458491835329,2.9876221902668476,3.0463840812444687,0,107
value_off,20260754,0,1,-8.0,2.5,0,0,0,0,0,0,0,0.0,52,2.421199200818172,2.9004210606217384,2.9374025762081146,0,104
value_off,20260754,1,1,51.0,1.0,1,1,0,0,0,0,0,0.0,56,2.5599136549447263,3.5419012419879436,3.85410338640213,0,111
value_off,20260754,2,1,-41.0,3.0,0,0,0,0,0,0,0,0.01639344262295082,61,2.317105923764041,2.7970951050519943,2.85382941365242,0,123
value_off,20260754,3,1,-17.0,3.0,0,0,0,0,0,0,0,0.03636363636363636,55,2.368625829165632,2.921895869076252,2.978110685944557,0,111
value_off,20260755,0,3,-8.0,2.5,0,0,0,0,0,0,0,0.016666666666666666,60,2.3945914581418037,2.892639394849539,3.140196204185486,0,120
value_off,20260755,1,3,-17.0,3.0,0,0,0,0,0,0,0,0.02564102564102564,39,2.4324810753266015,3.205418959259987,3.396764397621155,0,79
value_off,20260755,2,3,-17.0,3.0,0,0,0,0,0,0,0,0.0,42,2.427787741734868,2.9177989810705185,5.4643116891384125,0,85
value_off,20260755,3,3,32.0,1.0,1,0,0,0,0,0,0,0.02564102564102564,39,2.462883169452349,3.24719175696373,6.0029178857803345,0,78
value_off,20260756,0,1,-20.0,4.0,0,0,1,12,0,0,0,0.018867924528301886,53,2.3571009273236654,2.690570428967476,2.8837937861680984,0,106
value_off,20260756,1,1,-8.0,2.5,0,0,0,0,0,0,0,0.058823529411764705,51,2.3184692961912527,2.7888938784599304,2.890152856707573,0,102
value_off,20260756,2,1,-8.0,2.5,0,0,0,0,0,0,0,0.0,53,2.4066223358770586,3.049977496266365,4.455339163541794,0,106
value_off,20260756,3,1,36.0,1.0,1,0,0,0,0,0,0,0.018867924528301886,53,2.398837498336468,3.131263703107834,5.191134288907051,0,106
value_off,20260757,0,1,-32.0,4.0,0,0,1,24,0,0,0,0.02702702702702703,74,2.403989333558727,2.818909008055925,4.6148039400577545,0,148
value_off,20260757,1,1,48.0,1.0,1,0,0,0,0,0,0,0.0,73,2.3978048910016883,3.006400913000107,3.048853948712349,0,146
value_off,20260757,2,1,33.0,1.0,1,0,0,0,0,0,0,0.0,12,2.429712408532699,3.1770866364240646,3.245614469051361,0,24
value_off,20260757,3,1,-8.0,2.5,0,0,0,0,0,0,0,0.02702702702702703,37,2.3241364271254152,2.9369287192821503,2.9955673962831497,0,74
value_off,20260758,0,0,-21.0,3.0,0,0,0,0,0,0,0,0.024390243902439025,41,2.5507116735708424,2.932785078883171,6.412064656615257,0,83
value_off,20260758,1,0,-21.0,3.0,0,0,0,0,0,0,0,0.023809523809523808,42,2.3220838269307498,2.8572699055075645,2.925679087638855,0,85
value_off,20260758,2,0,-21.0,3.0,0,0,0,0,0,0,0,0.07142857142857142,42,2.3189086378330277,2.68934965133667,2.8752367943525314,0,85
value_off,20260758,3,0,63.0,1.0,1,1,0,0,0,0,0,0.0,43,2.4351421743631363,3.184185177087784,3.2543744891881943,0,85
value_off,20260759,0,3,-20.0,3.0,0,0,0,0,0,0,0,0.016129032258064516,62,2.4104689758631492,2.913069725036621,3.3711884170770645,0,125
value_off,20260759,1,3,-20.0,3.0,0,0,0,0,0,0,0,0.03225806451612903,62,2.318994562712408,2.6462539099156857,4.107823595404625,0,125
value_off,20260759,2,3,-8.0,2.5,0,0,0,0,0,0,0,0.025,80,2.397250896319747,3.064072597771883,4.504527896642685,0,160
value_off,20260759,3,3,-17.0,4.0,0,0,1,9,0,0,0,0.027777777777777776,72,2.314336442699035,2.8871744871139526,4.218611866235733,0,144
value_off,20260760,0,2,-16.0,3.0,0,0,0,0,0,0,0,0.038461538461538464,52,2.4495704744297724,3.177620284259319,3.3941827714443207,0,105
value_off,20260760,1,2,-17.0,3.0,0,0,0,0,0,0,0,0.038461538461538464,52,2.3162676594578304,2.7811207808554164,2.890774980187416,0,105
value_off,20260760,2,2,48.0,1.0,1,1,0,0,0,0,0,0.018867924528301886,53,2.342644692310747,2.825259044766426,3.21938656270504,0,105
value_off,20260760,3,2,-17.0,4.0,0,0,1,9,0,0,0,0.0,42,2.419929951429367,3.040653187781572,3.9547476917505264,0,84
value_off,20260761,0,3,-8.0,2.5,0,0,0,0,0,0,0,0.025974025974025976,77,2.401127903298898,2.8414286673069,3.824995830655098,0,154
value_off,20260761,1,3,-20.0,4.0,0,0,1,12,0,0,0,0.0,73,2.455862953442417,3.200371563434601,3.341231495141983,0,146
value_off,20260761,2,3,-8.0,2.5,0,0,0,0,0,0,0,0.0,68,2.519799369003843,3.34737915545702,4.388095811009407,0,136
value_off,20260761,3,3,52.0,1.0,1,0,0,0,0,0,0,0.0,77,2.375292507084933,2.971947565674782,3.489254042506218,0,154
value_off,20260762,0,0,-8.0,2.5,0,0,0,0,0,0,0,0.0,59,2.563037988492998,3.452947735786437,4.582393914461136,0,118
value_off,20260762,1,0,-8.0,2.5,0,0,0,0,0,0,0,0.012658227848101266,79,2.3940396789885776,2.928700484335422,3.5794395953416824,0,158
value_off,20260762,2,0,-20.0,4.0,0,0,1,12,0,0,0,0.0,75,2.489340379834175,3.5937897861003876,3.878764808177948,0,150
value_off,20260762,3,0,36.0,1.0,1,0,0,0,0,0,0,0.014925373134328358,67,2.355805945707791,3.035113587975502,3.0841827392578125,0,134
value_off,20260763,0,1,-8.0,2.5,0,0,0,0,0,0,0,0.03225806451612903,31,2.4452479856629528,2.866845577955246,5.26781938970089,0,62
value_off,20260763,1,1,-8.0,2.5,0,0,0,0,0,0,0,0.03225806451612903,31,2.4026090339306863,2.8099464252591133,4.861202090978622,0,62
value_off,20260763,2,1,36.0,1.0,1,0,0,0,0,0,0,0.0,34,2.349697656052954,2.8879757039248943,4.380751401185989,0,68
value_off,20260763,3,1,36.0,1.0,1,0,0,0,0,0,0,0.12903225806451613,31,2.2399622586465653,2.6735886931419373,2.765487879514694,0,62
value_off,20260764,0,1,-16.0,4.0,0,0,1,8,0,0,0,0.023255813953488372,43,2.573461986558382,3.3057285472750664,4.908543080091476,0,86
value_off,20260764,1,1,-17.0,4.0,0,0,1,9,0,0,0,0.024096385542168676,83,2.3040466055453543,2.6377068832516666,3.4473612904548645,0,166
value_off,20260764,2,1,32.0,1.0,1,0,0,0,0,0,0,0.0425531914893617,47,2.3701021328885505,3.0085818842053413,4.539404064416885,0,94
value_off,20260764,3,1,-8.0,2.5,0,0,0,0,0,0,0,0.0,86,2.4406804464930714,3.2741958275437355,4.447657614946365,0,172
value_off,20260765,0,2,-8.0,2.5,0,0,0,0,0,0,0,0.047619047619047616,42,2.3552007263615016,2.882085181772709,2.9136333614587784,0,84
value_off,20260765,1,2,-8.0,2.5,0,0,0,0,0,0,0,0.025,40,2.369528077542782,2.9326828196644783,2.9903594404459,0,80
value_off,20260765,2,2,-8.0,2.5,0,0,0,0,0,0,0,0.016129032258064516,62,2.356409996507629,2.9150882735848427,4.456501454114914,0,124
value_off,20260765,3,2,35.0,1.0,1,0,0,0,0,0,0,0.023809523809523808,42,2.421149230074315,3.330901637673377,3.5535767674446106,0,84
value_off,20260766,0,0,-39.0,3.0,0,0,0,0,0,0,0,0.0,35,2.429087779351643,2.9229307547211647,3.873039036989212,0,71
value_off,20260766,1,0,-16.0,3.0,0,0,0,0,0,0,0,0.029411764705882353,68,2.330948242588955,2.713509649038315,3.6900416016578674,0,137
value_off,20260766,2,0,-8.0,2.5,0,0,0,0,0,0,0,0.03636363636363636,55,2.3234345357526434,2.948005124926567,3.5138577222824097,0,110
value_off,20260766,3,0,32.0,1.0,1,0,0,0,0,0,0,0.017543859649122806,57,2.3283513034122034,2.9080629348754883,3.4631770104169846,0,114
value_off,20260767,0,3,-8.0,2.5,0,0,0,0,0,0,0,0.027777777777777776,36,2.3876047796673245,2.968904096633196,3.205707296729088,0,72
value_off,20260767,1,3,-18.0,4.0,0,0,1,10,0,0,0,0.027777777777777776,36,2.3392575482527413,2.693440765142441,3.6020632833242416,0,72
value_off,20260767,2,3,34.0,1.0,1,0,0,0,0,0,0,0.027777777777777776,36,2.3948163208034305,3.0772648751735687,4.089787602424622,0,72
value_off,20260767,3,3,-8.0,2.5,0,0,0,0,0,0,0,0.027777777777777776,36,2.3419672830237284,2.9862350784242153,3.408081829547882,0,72
value_off,20260768,0,3,-18.0,3.0,0,0,0,0,0,0,0,0.016666666666666666,60,2.379054514070352,2.842367999255657,2.907346934080124,0,121
value_off,20260768,1,3,-18.0,3.0,0,0,0,0,0,0,0,0.016666666666666666,60,2.359116915613413,2.8923094272613525,3.5308320075273514,0,121
value_off,20260768,2,3,-8.0,2.5,0,0,0,0,0,0,0,0.0,61,2.377397334966503,3.1985007226467133,3.368344157934189,0,122
value_off,20260768,3,3,44.0,1.0,1,0,0,0,0,0,0,0.05357142857142857,56,2.2670140024274588,2.756234258413315,2.929816022515297,0,112
value_off,20260769,0,2,43.0,1.0,1,0,0,0,0,0,0,0.03125,64,2.38198708393611,2.901730127632618,2.9509980231523514,0,128
value_off,20260769,1,2,36.0,1.0,1,0,0,0,0,0,0,0.07894736842105263,38,2.309402156817286,2.7293037623167034,3.0319243669509888,0,76
value_off,20260769,2,2,-8.0,2.5,0,0,0,0,0,0,0,0.016129032258064516,62,2.3313043639063835,2.893436886370182,2.9810182750225067,0,124
value_off,20260769,3,2,33.0,1.0,1,0,0,0,0,0,0,0.04411764705882353,68,2.3029991973410633,2.943690214306116,3.0059609562158585,0,136
value_off,20260770,0,2,-8.0,2.5,0,0,0,0,0,0,0,0.034482758620689655,58,2.3598062709487717,2.7519150637090206,2.894079312682152,0,116
value_off,20260770,1,2,34.0,1.0,1,0,0,0,0,0,0,0.017241379310344827,58,2.369753791597383,3.0085275880992413,3.2540131360292435,0,116
value_off,20260770,2,2,0.0,2.5,0,0,0,0,0,1,0,0.0,86,2.355371688514255,2.9605673626065254,3.0624866485595703,0,172
value_off,20260770,3,2,-8.0,2.5,0,0,0,0,0,0,0,0.03571428571428571,28,2.305216688130583,2.793198451399803,2.827659249305725,0,56
value_off,20260771,0,1,69.0,1.0,1,1,0,0,0,0,0,0.07317073170731707,41,2.353424115515337,2.870887517929077,2.9416903853416443,0,81
value_off,20260771,1,1,34.0,1.0,1,0,0,0,0,0,0,0.0,55,2.394360981204293,3.1231699511408806,3.243781626224518,0,110
value_off,20260771,2,1,-17.0,3.0,0,0,0,0,0,0,0,0.045454545454545456,44,2.3075406947596506,2.8468440286815166,3.525279462337494,0,89
value_off,20260771,3,1,-34.0,4.0,0,0,1,26,0,0,0,0.05263157894736842,38,2.306452707240456,2.881412301212549,2.9488392174243927,0,76
value_off,20260772,0,0,-8.0,2.5,0,0,0,0,0,0,0,0.03333333333333333,30,2.3658871029814086,2.8103614225983615,2.91343592107296,0,60
value_off,20260772,1,0,-8.0,2.5,0,0,0,0,0,0,0,0.0,25,2.3643263429403305,2.962905541062355,2.9913559556007385,0,50
value_off,20260772,2,0,-8.0,2.5,0,0,0,0,0,0,0,0.0,57,2.331354671664405,2.90876142680645,2.935696393251419,0,114
value_off,20260772,3,0,35.0,1.0,1,0,0,0,0,0,0,0.04,25,2.3756596446037292,3.1652625650167465,3.1881649047136307,0,50
value_off,20260773,0,3,10.0,2.0,0,0,0,0,0,0,0,0.012048192771084338,83,2.4504541497991745,3.015784546732902,3.7881527096033096,1,168
value_off,20260773,1,3,-19.0,3.0,0,0,0,0,0,0,0,0.0,54,2.3940498768179506,3.003996331244707,3.069048747420311,0,109
value_off,20260773,2,3,-25.0,4.0,0,0,1,17,0,0,0,0.0,37,2.3283158001062034,2.904115989804268,2.9273778200149536,0,74
value_off,20260773,3,3,-19.0,3.0,0,0,0,0,0,0,0,0.018518518518518517,54,2.311286895915314,2.878489252179861,2.9136743396520615,0,109
value_off,20260774,0,0,-19.0,3.0,0,0,0,0,0,0,0,0.024390243902439025,41,2.4155148464005167,2.9521845281124115,3.0366256833076477,0,83
value_off,20260774,1,0,-19.0,3.0,0,0,0,0,0,0,0,0.0,41,2.376256238033132,2.9373541474342346,2.983260899782181,0,83
value_off,20260774,2,0,-19.0,3.0,0,0,0,0,0,0,0,0.024390243902439025,41,2.359890992321619,3.0392371118068695,3.064274787902832,0,83
value_off,20260774,3,0,-29.0,3.0,0,0,0,0,0,0,0,0.05357142857142857,56,2.25263847304242,2.598085440695286,2.655280753970146,0,114
value_off,20260775,0,0,-18.0,4.0,0,0,1,10,0,0,0,0.014285714285714285,70,2.3916914792997495,2.8781154192984104,2.9962509870529175,0,140
value_off,20260775,1,0,-16.0,4.0,0,0,1,8,0,0,0,0.06451612903225806,31,2.343224962392161,2.8530508279800415,2.873506397008896,0,62
value_off,20260775,2,0,-8.0,2.5,0,0,0,0,0,0,0,0.016129032258064516,62,2.316355464919921,2.8130194172263145,3.000471740961075,0,124
value_off,20260775,3,0,-8.0,2.5,0,0,0,0,0,0,0,0.04838709677419355,62,2.256924196356727,2.613440155982971,2.870231866836548,0,125
value_off,20260776,0,2,-17.0,3.0,0,0,0,0,0,0,0,0.0,40,2.3982308339327574,3.047513961791992,3.0674170702695847,0,81
value_off,20260776,1,2,-17.0,3.0,0,0,0,0,0,0,0,0.05,40,2.3372631054371595,2.831515297293663,3.1788479536771774,0,81
value_off,20260776,2,2,-17.0,3.0,0,0,0,0,0,0,0,0.023255813953488372,43,2.365737417063048,2.9528722167015076,3.0707307159900665,0,86
value_off,20260776,3,2,51.0,1.0,1,1,0,0,0,0,0,0.0,41,2.3682642637229545,3.1284671276807785,3.2878536731004715,0,81
value_off,20260777,0,0,0.0,2.5,0,0,0,0,0,1,0,0.0,85,2.453535422682762,3.0838284641504288,3.5501569509506226,0,170
value_off,20260777,1,0,69.0,1.0,1,1,0,0,0,0,0,0.013333333333333334,75,2.343969096740087,2.8644252568483353,2.9693953692913055,0,149
value_off,20260777,2,0,-8.0,2.5,0,0,0,0,0,0,0,0.0425531914893617,47,2.3217269794103945,3.005940467119217,3.4877024590969086,0,94
value_off,20260777,3,0,32.0,1.0,1,0,0,0,0,0,0,0.0,64,2.3914065095596015,3.0949627049267288,3.389814868569374,0,128
value_off,20260778,0,2,10.0,2.0,0,0,0,0,0,0,0,0.030303030303030304,66,2.345216573413574,2.7762996032834053,2.8854552656412125,1,133
value_off,20260778,1,2,90.0,1.0,1,1,0,0,0,0,0,0.016129032258064516,62,2.3495092867843566,2.908459212630987,2.932162955403328,0,123
value_off,20260778,2,2,0.0,2.5,0,0,0,0,0,1,0,0.011363636363636364,88,2.346735976805741,3.028626460582018,3.1271185725927353,0,176
value_off,20260778,3,2,0.0,2.5,0,0,0,0,0,1,0,0.0,85,2.378845806507503,3.051334246993065,3.635397180914879,0,170
value_off,20260779,0,2,-8.0,2.5,0,0,0,0,0,0,0,0.03389830508474576,59,2.3774247048264843,2.8690069913864136,2.8894543647766113,0,118
value_off,20260779,1,2,46.0,1.0,1,0,0,0,0,0,0,0.0,59,2.471654533834781,3.4295087680220604,3.5120919346809387,0,118
value_off,20260779,2,2,-30.0,4.0,0,0,1,22,0,0,0,0.03389830508474576,59,2.320939832824772,2.810156531631946,2.9323790222406387,0,118
value_off,20260779,3,2,-8.0,2.5,0,0,0,0,0,0,0,0.05084745762711865,59,2.283259910547127,2.8410697355866428,2.997457981109619,0,118
value_off,20260780,0,3,-8.0,2.5,0,0,0,0,0,0,0,0.03636363636363636,55,2.3412796584042637,2.7585702016949654,2.856038510799408,0,110
value_off,20260780,1,3,-8.0,2.5,0,0,0,0,0,0,0,0.0,82,2.3871944399505125,2.9855679720640182,3.1261947005987167,0,164
value_off,20260780,2,3,-8.0,2.5,0,0,0,0,0,0,0,0.05555555555555555,54,2.2906832810905247,2.880189567804336,2.947155386209488,0,108
value_off,20260780,3,3,-8.0,2.5,0,0,0,0,0,0,0,0.016129032258064516,62,2.2916247948042807,2.77231028303504,2.865038812160492,0,124
value_off,20260781,0,2,32.0,1.0,1,0,0,0,0,0,0,0.04411764705882353,68,2.3441691335071537,2.741894591599703,2.995239570736885,0,136
value_off,20260781,1,2,43.0,1.0,1,0,0,0,0,0,0,0.058823529411764705,34,2.3206835612654686,2.778003178536892,2.849070355296135,0,68
value_off,20260781,2,2,-8.0,2.5,0,0,0,0,0,0,0,0.047619047619047616,63,2.262955235819968,2.6374176144599915,2.893805503845215,0,126
value_off,20260781,3,2,-32.0,4.0,0,0,1,24,0,0,0,0.0273972602739726,73,2.28748631293643,2.8672486543655396,2.9920190572738647,0,146
value_off,20260782,0,1,-20.0,3.0,0,0,0,0,0,0,0,0.022222222222222223,45,2.388034305638737,2.8866231441497803,2.932809293270111,0,91
value_off,20260782,1,1,38.0,1.0,1,0,0,0,0,0,0,0.0,48,2.4244706922521195,3.193686343729496,3.3939536660909653,0,96
value_off,20260782,2,1,-8.0,2.5,0,0,0,0,0,0,0,0.0,48,2.3452188664426408,2.862829528748989,2.925204113125801,0,96
value_off,20260782,3,1,-20.0,3.0,0,0,0,0,0,0,0,0.0,51,2.3861877328040553,3.1794337555766106,3.29754501581192,0,103
value_off,20260783,0,2,-16.0,4.0,0,0,1,8,0,0,0,0.022727272727272728,44,2.4066441269083456,2.9747257009148598,3.08435782790184,0,88
value_off,20260783,1,2,32.0,1.0,1,0,0,0,0,0,0,0.06818181818181818,44,2.293890807777643,2.81619681045413,2.846023067831993,0,88
value_off,20260783,2,2,-17.0,4.0,0,0,1,9,0,0,0,0.0,42,2.4231902456709316,3.2430059276521206,3.388304263353348,0,84
value_off,20260783,3,2,-8.0,2.5,0,0,0,0,0,0,0,0.0,36,2.366961963060829,3.0202860943973064,3.0749067664146423,0,72
value_off,20260784,0,1,-8.0,2.5,0,0,0,0,0,0,0,0.0,40,2.4411929305642843,3.0030354857444763,3.9969459176063538,0,80
value_off,20260784,1,1,-19.0,4.0,0,0,1,11,0,0,0,0.0547945205479452,73,2.298031027798783,2.7853578329086304,2.865307033061981,0,146
value_off,20260784,2,1,-8.0,2.5,0,0,0,0,0,0,0,0.0,40,2.3485972080379725,2.992219664156437,3.1104031950235367,0,80
value_off,20260784,3,1,35.0,1.0,1,0,0,0,0,0,0,0.0,40,2.4013951886445284,3.2021144405007362,3.8371868431568146,0,80
value_off,20260785,0,0,-8.0,2.5,0,0,0,0,0,0,0,0.0,70,2.483149351818221,3.2048916444182396,4.001807421445847,0,140
value_off,20260785,1,0,-8.0,2.5,0,0,0,0,0,0,0,0.025974025974025976,77,2.353061038952369,2.8883159160614014,3.1992197036743164,0,154
value_off,20260785,2,0,33.0,1.0,1,0,0,0,0,0,0,0.046875,64,2.297003840794787,2.8676485642790794,3.614729270339012,0,128
value_off,20260785,3,0,-8.0,2.5,0,0,0,0,0,0,0,0.0,78,2.390355994112981,3.087466862052678,4.285523667931557,0,156
value_off,20260786,0,2,44.0,1.0,1,0,0,0,0,0,0,0.0,80,2.5329289957880974,3.5804913379251957,4.167163744568825,0,160
value_off,20260786,1,2,-8.0,2.5,0,0,0,0,0,0,0,0.012658227848101266,79,2.360585652574708,2.818895876407623,3.755999729037285,0,158
value_off,20260786,2,2,32.0,1.0,1,0,0,0,0,0,0,0.0273972602739726,73,2.3001242837269014,2.66992412507534,4.103494808077812,0,146
value_off,20260786,3,2,-19.0,3.0,0,0,0,0,0,0,0,0.024691358024691357,81,2.2791851035974644,2.7014967054128647,3.1690020114183426,0,163
value_off,20260787,0,0,35.0,1.0,1,0,0,0,0,0,0,0.0,44,2.526568418199366,3.3497827127575874,4.013143479824066,0,88
value_off,20260787,1,0,-8.0,2.5,0,0,0,0,0,0,0,0.0,44,2.3804550821130928,2.947539556771517,4.415888339281082,0,88
value_off,20260787,2,0,-8.0,2.5,0,0,0,0,0,0,0,0.05,20,2.283767703920603,2.757138479501009,2.844957634806633,0,40
value_off,20260787,3,0,35.0,1.0,1,0,0,0,0,0,0,0.03896103896103896,77,2.2804390445545124,2.726328745484352,2.9167085886001587,0,154
value_off,20260788,0,3,-8.0,2.5,0,0,0,0,0,0,0,0.03125,32,2.4115696433000267,2.9229559004306793,2.987682819366455,0,64
value_off,20260788,1,3,-19.0,4.0,0,0,1,11,0,0,0,0.06382978723404255,47,2.2716158010224077,2.5992857292294502,2.6605725288391113,0,94
value_off,20260788,2,3,32.0,1.0,1,0,0,0,0,0,0,0.0,24,2.400988945737481,3.211110085248947,3.2657794654369354,0,48
value_off,20260788,3,3,-8.0,2.5,0,0,0,0,0,0,0,0.03125,32,2.352618321310729,2.9332696460187435,3.0164439231157303,0,64
value_off,20260789,0,2,-8.0,2.5,0,0,0,0,0,0,0,0.0,77,2.4672714485363527,3.154223784804344,3.4119226038455963,0,154
value_off,20260789,1,2,-8.0,2.5,0,0,0,0,0,0,0,0.017241379310344827,58,2.3420514731571593,2.873290330171585,2.9137879610061646,0,116
value_off,20260789,2,2,33.0,1.0,1,0,0,0,0,0,0,0.014705882352941176,68,2.329727580003879,2.9043810442090034,2.9490776360034943,0,136
value_off,20260789,3,2,-17.0,4.0,0,0,1,9,0,0,0,0.034482758620689655,58,2.3149513029332818,2.8877767734229565,3.0125081539154053,0,116
value_off,20260790,0,1,-36.0,3.0,0,0,0,0,0,0,0,0.01639344262295082,61,2.3800986589955504,2.8659887611865997,2.914726734161377,0,123
value_off,20260790,1,1,-8.0,2.5,0,0,0,0,0,0,0,0.022222222222222223,45,2.4012050694889493,3.265856578946113,3.351278603076935,0,90
value_off,20260790,2,1,84.0,1.0,1,1,0,0,0,0,0,0.03389830508474576,59,2.337659882791972,3.0209263786673546,3.1447727233171463,0,117
value_off,20260790,3,1,-28.0,3.0,0,0,0,0,0,0,0,0.0,58,2.389256424944976,3.090193495154381,3.1843744218349457,0,117
value_off,20260791,0,1,32.0,1.0,1,0,0,0,0,0,0,0.014492753623188406,69,2.417125239752341,2.980991080403328,3.087300807237625,0,138
value_off,20260791,1,1,-20.0,4.0,0,0,1,12,0,0,0,0.0,77,2.4424410098558895,3.242754191160202,3.2891929149627686,0,154
value_off,20260791,2,1,-8.0,2.5,0,0,0,0,0,0,0,0.0,63,2.3326645235693646,2.9584670439362526,3.0047111213207245,0,126
value_off,20260791,3,1,-8.0,2.5,0,0,0,0,0,0,0,0.0273972602739726,73,2.3013263787717033,2.760870009660721,2.8158947825431824,0,145
value_off,20260792,0,0,34.0,1.0,1,0,0,0,0,0,0,0.03125,32,2.452832937706262,3.092852234840393,3.3363979309797287,0,64
value_off,20260792,1,0,-18.0,3.0,0,0,0,0,0,0,0,0.04081632653061224,49,2.306410016453996,2.804724499583244,2.8579719364643097,0,99
value_off,20260792,2,0,33.0,1.0,1,0,0,0,0,0,0,0.05714285714285714,35,2.269542483346803,2.7307143434882164,2.7900375425815582,0,70
value_off,20260792,3,0,-8.0,2.5,0,0,0,0,0,0,0,0.09375,32,2.2780675790272653,2.715362049639225,2.8873682022094727,0,64
value_off,20260793,0,1,36.0,1.0,1,0,0,0,0,0,0,0.03571428571428571,56,2.36970026578222,2.916091587394476,2.9538385570049286,0,112
value_off,20260793,1,1,-23.0,3.0,0,0,0,0,0,0,0,0.03333333333333333,60,2.324549046655496,2.733130939304828,3.1061451882123947,0,121
value_off,20260793,2,1,-8.0,2.5,0,0,0,0,0,0,0,0.05084745762711865,59,2.3106810778884563,2.7692096307873726,2.937125042080879,0,117
value_off,20260793,3,1,35.0,1.0,1,0,0,0,0,0,0,0.011235955056179775,89,2.3570683565032615,3.011329099535942,3.5243015736341476,0,179
value_off,20260794,0,2,-8.0,2.5,0,0,0,0,0,0,0,0.0,20,2.3737041279673576,2.924259752035141,2.9427334666252136,0,40
value_off,20260794,1,2,38.0,1.0,1,0,0,0,0,0,0,0.1,20,2.3494623601436615,2.9274037107825284,3.345571458339691,0,40
value_off,20260794,2,2,-8.0,2.5,0,0,0,0,0,0,0,0.09523809523809523,21,2.3681807908273877,3.0248109251260757,3.0817165970802307,0,42
value_off,20260794,3,2,-22.0,4.0,0,0,1,14,0,0,0,0.05714285714285714,35,2.3093538092715398,2.8014589101076126,2.812488004565239,0,70
value_off,20260795,0,3,40.0,1.0,1,0,0,0,0,0,0,0.0,24,2.3773580323904753,2.894008159637451,2.9052700847387314,0,48
value_off,20260795,1,3,-8.0,2.5,0,0,0,0,0,0,0,0.08333333333333333,24,2.329758989314238,2.8847350738942623,2.916960045695305,0,48
value_off,20260795,2,3,-8.0,2.5,0,0,0,0,0,0,0,0.0,24,2.3588010420401893,2.9693756252527237,2.989482134580612,0,48
value_off,20260795,3,3,-24.0,4.0,0,0,1,16,0,0,0,0.0,24,2.3271487249682345,2.9073224402964115,2.9338374733924866,0,48
value_off,20260796,0,0,0.0,2.5,0,0,0,0,0,1,0,0.022988505747126436,87,2.341898650616065,2.67739724367857,2.8853826224803925,0,174
value_off,20260796,1,0,-8.0,2.5,0,0,0,0,0,0,0,0.0,82,2.3727299327530513,2.983669936656952,3.097856417298317,0,164
value_off,20260796,2,0,0.0,2.5,0,0,0,0,0,1,1,0.024096385542168676,83,2.3012121982244125,2.743258699774742,3.0676424503326416,0,166
value_off,20260796,3,0,-8.0,2.5,0,0,0,0,0,0,0,0.0,36,2.324008693297704,2.876307349652052,2.882767468690872,0,72
value_off,20260797,0,0,-16.0,3.0,0,0,0,0,0,0,0,0.047619047619047616,42,2.422889118038473,2.969752810895443,3.929121419787407,0,85
value_off,20260797,1,0,48.0,1.0,1,1,0,0,0,0,0,0.0,43,2.414736636849337,3.2031720504164696,3.5691168159246445,0,85
value_off,20260797,2,0,57.0,1.0,1,1,0,0,0,0,0,0.08333333333333333,36,2.293201939513286,2.845000009983778,2.8519928455352783,0,71
value_off,20260797,3,0,-16.0,3.0,0,0,0,0,0,0,0,0.023809523809523808,42,2.319736716647943,2.9441839084029198,3.1094923615455627,0,85
value_off,20260798,0,1,-17.0,4.0,0,0,1,9,0,0,0,0.043478260869565216,23,2.4191461017598277,2.933540567755699,2.9486604034900665,0,46
value_off,20260798,1,1,32.0,1.0,1,0,0,0,0,0,0,0.0,17,2.403538893250858,3.106798604130745,3.1938347965478897,0,34
value_off,20260798,2,1,-8.0,2.5,0,0,0,0,0,0,0,0.0,42,2.373147134979566,3.1200306490063663,3.2860003411769867,0,84
value_off,20260798,3,1,-18.0,4.0,0,0,1,10,0,0,0,0.05263157894736842,38,2.314320177231964,2.8396503068506718,2.8896648436784744,0,76
value_off,20260799,0,0,-20.0,3.0,0,0,0,0,0,0,0,0.0,38,2.5235491951829507,3.4291773103177547,3.8147643208503723,0,77
value_off,20260799,1,0,35.0,1.0,1,0,0,0,0,0,0,0.05,40,2.3462793324142694,2.8731586411595345,3.666875883936882,0,80
value_off,20260799,2,0,-8.0,2.5,0,0,0,0,0,0,0,0.023809523809523808,42,2.367831766605377,3.0629429034888744,3.206513822078705,0,84
value_off,20260799,3,0,-8.0,2.5,0,0,0,0,0,0,0,0.023809523809523808,42,2.325276178973062,2.8756932355463505,2.9166750609874725,0,84
value_off,20260800,0,3,-8.0,2.5,0,0,0,0,0,0,0,0.0,41,2.3677642116459405,2.8657708317041397,2.879813313484192,0,82
value_off,20260800,1,3,63.0,1.0,1,1,0,0,0,0,0,0.023809523809523808,42,2.3163196054242907,2.8494092635810375,2.903629094362259,0,83
value_off,20260800,2,3,0.0,2.5,0,0,0,0,0,1,0,0.0,84,2.344481602665924,2.9456136748194695,3.0397288501262665,0,169
value_off,20260800,3,3,0.0,2.5,0,0,0,0,0,1,0,0.0,84,2.376726052413384,3.098220564424991,3.20650078356266,0,168
value_off,20260801,0,2,-8.0,2.5,0,0,0,0,0,0,0,0.0,51,2.4053615097906076,2.9398277401924133,2.963423728942871,0,102
value_off,20260801,1,2,-18.0,4.0,0,0,1,10,0,0,0,0.0,78,2.4626777770045476,3.320945892482995,3.5444721579551697,0,156
value_off,20260801,2,2,0.0,2.5,0,0,0,0,0,1,0,0.011904761904761904,84,2.308078132392395,2.768738567829132,2.9126759618520737,0,168
value_off,20260801,3,2,34.0,1.0,1,0,0,0,0,0,0,0.04,50,2.2768549621105194,2.714300248771906,2.9323454946279526,0,100
value_off,20260802,0,3,-8.0,2.5,0,0,0,0,0,0,0,0.029411764705882353,34,2.3770466556443886,2.847736235707998,2.9715262353420258,0,68
value_off,20260802,1,3,-20.0,4.0,0,0,1,12,0,0,0,0.029411764705882353,34,2.371171270223225,2.9719735495746136,3.100253641605377,0,68
value_off,20260802,2,3,36.0,1.0,1,0,0,0,0,0,0,0.029411764705882353,34,2.314433126765139,2.8101813048124313,3.1070876866579056,0,68
value_off,20260802,3,3,-8.0,2.5,0,0,0,0,0,0,0,0.058823529411764705,34,2.3045115282430366,2.9350384138524532,3.0263643711805344,0,68
value_off,20260803,0,1,-8.0,2.5,0,0,0,0,0,0,0,0.021739130434782608,46,2.3620297079500943,2.7926000766456127,2.9462240636348724,0,92
value_off,20260803,1,1,-8.0,2.5,0,0,0,0,0,0,0,0.0,68,2.4338135331430855,3.2098025083541866,3.3450666815042496,0,136
value_off,20260803,2,1,34.0,1.0,1,0,0,0,0,0,0,0.02127659574468085,47,2.3230712543776693,3.0042735859751697,3.1142383813858032,0,94
value_off,20260803,3,1,-16.0,4.0,0,0,1,8,0,0,0,0.03389830508474576,59,2.293237058793084,2.760299853980541,2.9646120965480804,0,118
value_off,20260804,0,1,57.0,1.0,1,1,0,0,0,0,0,0.017857142857142856,56,2.36334149459643,2.892887219786644,3.6501437425613403,0,111
value_off,20260804,1,1,-8.0,2.5,0,0,0,0,0,0,0,0.0,34,2.3502600105369793,2.9437713325023647,3.4435801208019257,0,68
value_off,20260804,2,1,-19.0,3.0,0,0,0,0,0,0,0,0.07272727272727272,55,2.2617444734681738,2.639560028910637,2.865344285964966,0,111
value_off,20260804,3,1,-8.0,2.5,0,0,0,0,0,0,0,0.0,34,2.4093688082169082,3.2376236282289024,3.8006268441677094,0,68
value_off,20260805,0,2,0.0,2.5,0,0,0,0,0,1,0,0.0,84,2.413939041573377,2.9513422399759293,3.5364143550395966,0,169
value_off,20260805,1,2,35.0,1.0,1,0,0,0,0,0,0,0.03571428571428571,56,2.3589758867663995,2.9396223835647106,3.010183572769165,0,112
value_off,20260805,2,2,-8.0,2.5,0,0,0,0,0,0,0,0.0,54,2.4159778323438434,3.14530087634921,4.563838243484497,0,108
value_off,20260805,3,2,-19.0,4.0,0,0,1,11,0,0,0,0.013333333333333334,75,2.4253719548384347,3.1453339383006096,3.3172275871038437,0,149
value_off,20260806,0,0,-8.0,2.5,0,0,0,0,0,0,0,0.05405405405405406,37,2.380807707841332,2.9190771281719208,2.9284730553627014,0,74
value_off,20260806,1,0,36.0,1.0,1,0,0,0,0,0,0,0.0,60,2.422307307521502,3.2342874445021152,3.4896787256002426,0,120
value_off,20260806,2,0,-8.0,2.5,0,0,0,0,0,0,0,0.0,60,2.4157490891714892,3.169372491538524,3.3766739070415497,0,120
value_off,20260806,3,0,45.0,1.0,1,0,0,0,0,0,0,0.014492753623188406,69,2.4318658625302105,3.353833407163619,4.499306902289391,0,138
value_off,20260807,0,1,49.0,1.0,1,0,0,0,0,0,0,0.0,69,2.4571952180586,3.0318662524223328,4.178665578365326,0,138
value_off,20260807,1,1,-17.0,4.0,0,0,1,9,0,0,0,0.028985507246376812,69,2.289983619382416,2.6160631328821182,2.8101690113544464,0,138
value_off,20260807,2,1,36.0,1.0,1,0,0,0,0,0,0,0.020833333333333332,48,2.334658366938432,2.99089178442955,3.0579958111047745,0,96
value_off,20260807,3,1,-20.0,4.0,0,0,1,12,0,0,0,0.07272727272727272,55,2.265125784006986,2.7146354317665096,2.954784780740738,0,110
value_off,20260808,0,3,-18.0,3.0,0,0,0,0,0,0,0,0.0,38,2.4779031641389193,3.206407930701971,3.2988227903842926,0,77
value_off,20260808,1,3,-18.0,3.0,0,0,0,0,0,0,0,0.0,38,2.505955678459845,3.507091011852026,3.606105223298073,0,77
value_off,20260808,2,3,54.0,1.0,1,1,0,0,0,0,0,0.0,39,2.357703466445972,2.98905186355114,3.033079206943512,0,77
value_off,20260808,3,3,48.0,1.0,1,0,0,0,0,0,0,0.0,42,2.323008364155179,2.935486100614071,2.9582642018795013,0,85
value_off,20260809,0,0,-8.0,2.5,0,0,0,0,0,0,0,0.0,27,2.4227713821110903,3.0133381485939026,3.1115934252738953,0,54
value_off,20260809,1,0,33.0,1.0,1,0,0,0,0,0,0,0.07407407407407407,27,2.344548150345131,2.992432750761509,3.0136089771986008,0,54
value_off,20260809,2,0,-17.0,4.0,0,0,1,9,0,0,0,0.07407407407407407,27,2.310128813540494,2.8681861236691475,2.8709787875413895,0,54
value_off,20260809,3,0,-8.0,2.5,0,0,0,0,0,0,0,0.037037037037037035,27,2.306674641591531,2.831980027258396,3.0687153339385986,0,54
value_off,20260810,0,0,60.0,1.0,1,1,0,0,0,0,0,0.05405405405405406,37,2.3451971041189656,2.9737111181020737,3.0772704631090164,0,73
value_off,20260810,1,0,-20.0,3.0,0,0,0,0,0,0,0,0.0,36,2.338883156577746,2.895649056881666,2.9049422591924667,0,73
value_off,20260810,2,0,-20.0,3.0,0,0,0,0,0,0,0,0.0,36,2.3251496669318943,2.894903067499399,2.9418151825666428,0,73
value_off,20260810,3,0,-20.0,3.0,0,0,0,0,0,0,0,0.027777777777777776,36,2.3143067438569336,2.9371273703873158,2.961888909339905,0,73
value_off,20260811,0,2,39.0,1.0,1,0,0,0,0,0,0,0.06060606060606061,33,2.3172910353451064,2.6507865637540817,2.888686954975128,0,66
value_off,20260811,1,2,-19.0,3.0,0,0,0,0,0,0,0,0.02702702702702703,37,2.3416934182515017,2.8845686465501785,2.8941333293914795,0,75
value_off,20260811,2,2,-19.0,3.0,0,0,0,0,0,0,0,0.02564102564102564,39,2.318117385491347,2.8751960024237633,2.917291596531868,0,79
value_off,20260811,3,2,-19.0,3.0,0,0,0,0,0,0,0,0.0,37,2.354269243172697,3.0868731439113617,3.1524300575256348,0,75
value_off,20260812,0,2,-8.0,2.5,0,0,0,0,0,0,0,0.019230769230769232,52,2.3604890403266134,2.8391930274665356,2.8952285647392273,0,104
value_off,20260812,1,2,-8.0,2.5,0,0,0,0,0,0,0,0.057692307692307696,52,2.303977532742115,2.7205907739698887,2.8113219887018204,0,104
value_off,20260812,2,2,-8.0,2.5,0,0,0,0,0,0,0,0.022222222222222223,45,2.295838793118795,2.8299175202846523,2.878304570913315,0,90
value_off,20260812,3,2,35.0,1.0,1,0,0,0,0,0,0,0.0,52,2.4639331878950963,3.513405285775661,3.8354843854904175,0,104
value_off,20260813,0,2,-16.0,3.0,0,0,0,0,0,0,0,0.037037037037037035,27,2.4219459543625512,2.946970798075199,3.0228961259126663,0,55
value_off,20260813,1,2,48.0,1.0,1,1,0,0,0,0,0,0.0,28,2.4367417874080792,3.3685440197587013,3.461381420493126,0,55
value_off,20260813,2,2,-16.0,3.0,0,0,0,0,0,0,0,0.0,27,2.3173518064949246,2.9426418244838715,2.993861213326454,0,55
value_off,20260813,3,2,-16.0,3.0,0,0,0,0,0,0,0,0.0,27,2.3333280588741654,2.971416153013706,3.1184740364551544,0,55
value_off,20260814,0,2,38.0,1.0,1,0,0,0,0,0,0,0.0,74,2.488621133002075,3.3054156228899956,3.425637260079384,0,148
value_off,20260814,1,2,-8.0,2.5,0,0,0,0,0,0,0,0.01282051282051282,78,2.494834076899749,3.3683671616017814,3.509160131216049,0,156
value_off,20260814,2,2,-8.0,2.5,0,0,0,0,0,0,0,0.0,72,2.358026129917966,2.9755910858511925,3.2220855355262756,0,144
value_off,20260814,3,2,0.0,2.5,0,0,0,0,0,1,0,0.023529411764705882,85,2.332111689097741,2.7252953499555588,4.23765741288662,0,170
value_off,20260815,0,0,-18.0,3.0,0,0,0,0,0,0,0,0.0,30,2.384374290704727,2.87968460470438,2.893676981329918,0,61
value_off,20260815,1,0,-8.0,2.5,0,0,0,0,0,0,0,0.03278688524590164,61,2.349657724138166,2.786455675959587,4.009507596492767,0,122
value_off,20260815,2,0,54.0,1.0,1,1,0,0,0,0,0,0.06451612903225806,31,2.316222255749087,2.9392847791314125,3.04429791867733,0,61
value_off,20260815,3,0,-18.0,3.0,0,0,0,0,0,0,0,0.0,30,2.3622335866093636,3.0161826871335506,3.035428002476692,0,61
value_off,20260816,0,2,-17.0,3.0,0,0,0,0,0,0,0,0.034482758620689655,58,2.3519350215792656,2.6898877695202827,2.8922948986291885,0,117
value_off,20260816,1,2,-17.0,3.0,0,0,0,0,0,0,0,0.0,58,2.432185289417875,3.0394691042602062,3.364844247698784,0,117
value_off,20260816,2,2,51.0,1.0,1,1,0,0,0,0,0,0.06521739130434782,46,2.3129337426760923,2.927306108176708,2.9620416462421417,0,91
value_off,20260816,3,2,-17.0,3.0,0,0,0,0,0,0,0,0.034482758620689655,58,2.319654963653663,2.861330844461918,3.0452683568000793,0,117
value_off,20260817,0,0,-32.0,4.0,0,0,1,24,0,0,0,0.08163265306122448,49,2.40772791510942,3.087100386619568,3.3025871962308884,0,98
value_off,20260817,1,0,-8.0,2.5,0,0,0,0,0,0,0,0.0,34,2.4238953038173565,3.023661579936743,3.1081438064575195,0,68
value_off,20260817,2,0,-19.0,3.0,0,0,0,0,0,0,0,0.0,48,2.3437132282803455,2.881360426545143,2.89849191904068,0,97
value_off,20260817,3,0,-17.0,4.0,0,0,1,9,0,0,0,0.0,34,2.3901472963831005,3.192278929054737,3.4984108060598373,0,68
value_off,20260818,0,3,-33.0,3.0,0,0,0,0,0,0,0,0.0,36,2.5789041796492205,3.598348703235388,3.642730414867401,0,73
value_off,20260818,1,3,99.0,1.0,1,1,0,0,0,0,0,0.0,37,2.3365867500369615,2.883683145046234,2.9289331287145615,0,73
value_off,20260818,2,3,-33.0,3.0,0,0,0,0,0,0,0,0.027777777777777776,36,2.299381368276146,2.871931530535221,3.0314642935991287,0,73
value_off,20260818,3,3,-33.0,3.0,0,0,0,0,0,0,0,0.027777777777777776,36,2.3371102288365364,3.0081504955887794,3.0800625681877136,0,73
value_off,20260819,0,3,69.0,1.0,1,1,0,0,0,0,0,0.024691358024691357,81,2.3905015148130464,2.9034726321697235,4.980742931365967,0,161
value_off,20260819,1,3,-20.0,4.0,0,0,1,12,0,0,0,0.017241379310344827,58,2.4372182850693833,3.0733810737729073,4.996299743652344,0,116
value_off,20260819,2,3,-20.0,4.0,0,0,1,12,0,0,0,0.0,71,2.3275594371305384,2.9670195654034615,3.099953755736351,0,142
value_off,20260819,3,3,-20.0,4.0,0,0,1,12,0,0,0,0.0,68,2.4237638503751335,3.2017123885452747,5.465572699904442,0,136
value_off,20260820,0,3,-25.0,3.0,0,0,0,0,0,0,0,0.03571428571428571,56,2.350720942818693,2.8454610146582127,3.0909311026334763,0,113
value_off,20260820,1,3,-8.0,2.5,0,0,0,0,0,0,0,0.04,25,2.434825226664543,2.874244749546051,4.27820160984993,0,50
value_off,20260820,2,3,-18.0,4.0,0,0,1,10,0,0,0,0.025,40,2.4475593585520983,3.022531606256962,5.26546873152256,0,80
value_off,20260820,3,3,34.0,1.0,1,0,0,0,0,0,0,0.025,40,2.3974287789314985,2.8260691091418266,6.360720843076706,0,80
value_off,20260821,0,0,-19.0,3.0,0,0,0,0,0,0,0,0.0,29,2.4105584698504416,2.964823693037033,2.9929187148809433,0,59
value_off,20260821,1,0,57.0,1.0,1,1,0,0,0,0,0,0.06666666666666667,30,2.300786723693212,2.8585179708898067,2.9588937759399414,0,59
value_off,20260821,2,0,-19.0,3.0,0,0,0,0,0,0,0,0.06896551724137931,29,2.2893898702900985,2.7999501675367355,2.892211079597473,0,59
value_off,20260821,3,0,-17.0,4.0,0,0,1,9,0,0,0,0.0,24,2.4919440038502216,2.929498068988323,6.50562159717083,0,48
value_off,20260822,0,0,42.0,1.0,1,0,0,0,0,0,0,0.0,56,2.5156515850020305,3.160125110298395,5.664503201842308,0,112
value_off,20260822,1,0,-19.0,4.0,0,0,1,11,0,0,0,0.0,57,2.4691772434795114,3.0656032264232635,6.954452022910118,0,114
value_off,20260822,2,0,-8.0,2.5,0,0,0,0,0,0,0,0.0,56,2.483509747045381,3.2102810218930244,6.365984678268433,0,112
value_off,20260822,3,0,-26.0,4.0,0,0,1,18,0,0,0,0.03571428571428571,56,2.337517250063164,2.8087105602025986,3.9333365857601166,0,112
value_off,20260823,0,1,-8.0,2.5,0,0,0,0,0,0,0,0.05263157894736842,38,2.367272433873854,2.859454695135355,2.9115602374076843,0,76
value_off,20260823,1,1,-17.0,4.0,0,0,1,9,0,0,0,0.0,42,2.45239825120994,3.04385619238019,5.2415356040000916,0,84
value_off,20260823,2,1,-30.0,4.0,0,0,1,22,0,0,0,0.03389830508474576,59,2.4017424527871407,2.9052380472421646,6.971217691898346,0,118
value_off,20260823,3,1,0.0,2.5,0,0,0,0,0,1,1,0.0,86,2.6053240696011586,3.8951993919909,6.774915382266045,0,172
value_off,20260824,0,3,-24.0,3.0,0,0,0,0,0,0,0,0.019230769230769232,52,2.473194940158954,2.940692473202944,6.081229075789452,0,105
value_off,20260824,1,3,-24.0,3.0,0,0,0,0,0,0,0,0.0,52,2.4027505602974157,2.930198237299919,5.984878167510033,0,105
value_off,20260824,2,3,72.0,1.0,1,1,0,0,0,0,0,0.05660377358490566,53,2.2565202330643275,2.63436958193779,2.833552658557892,0,105
value_off,20260824,3,3,-24.0,3.0,0,0,0,0,0,0,0,0.0,52,2.3750301020649762,3.0067792162299156,3.0251704156398773,0,105
value_off,20260825,0,3,-19.0,3.0,0,0,0,0,0,0,0,0.0,44,2.4471411650831048,2.970818430185318,4.254631698131561,0,89
value_off,20260825,1,3,-8.0,2.5,0,0,0,0,0,0,0,0.020833333333333332,48,2.3648033384233713,2.876826375722885,3.247179090976715,0,96
value_off,20260825,2,3,-8.0,2.5,0,0,0,0,0,0,0,0.0125,80,2.3419996490702033,2.8972516767680645,3.043724223971367,0,160
value_off,20260825,3,3,0.0,2.5,0,0,0,0,0,1,1,0.024096385542168676,83,2.36808439065893,2.8831755742430687,7.125016301870346,0,166
value_off,20260826,0,3,-8.0,2.5,0,0,0,0,0,0,0,0.0,38,2.486926993649257,3.208369202911854,3.6775413900613785,0,76
value_off,20260826,1,3,-32.0,4.0,0,0,1,24,0,0,0,0.02631578947368421,38,2.4125044185080027,2.950215246528387,5.266940221190453,0,76
value_off,20260826,2,3,-8.0,2.5,0,0,0,0,0,0,0,0.0,40,2.3799992632120848,3.062940388917923,3.234878182411194,0,80
value_off,20260826,3,3,48.0,1.0,1,0,0,0,0,0,0,0.0,38,2.422432170102471,3.0454471707344055,5.147499963641167,0,76
value_off,20260827,0,2,-20.0,3.0,0,0,0,0,0,0,0,0.0,39,2.4455834944278765,2.998882345855236,3.106841817498207,0,79
value_off,20260827,1,2,72.0,1.0,1,1,0,0,0,0,0,0.0,38,2.459353620284482,3.427232429385185,3.76945361495018,0,75
value_off,20260827,2,2,-21.0,3.0,0,0,0,0,0,0,0,0.0,43,2.5364796002936916,3.2973917201161385,6.454626098275185,0,87
value_off,20260827,3,2,-21.0,3.0,0,0,0,0,0,0,0,0.023255813953488372,43,2.4641456385684566,2.8908824548125267,5.539555102586746,0,87
value_off,20260828,0,1,-8.0,2.5,0,0,0,0,0,0,0,0.028169014084507043,71,2.341689620639237,2.7220593765378,2.8717312961816788,0,142
value_off,20260828,1,1,-28.0,4.0,0,0,1,20,0,0,0,0.045454545454545456,66,2.345653533032446,2.7942797169089317,4.1154175996780396,0,132
value_off,20260828,2,1,-8.0,2.5,0,0,0,0,0,0,0,0.0,35,2.474584643329893,3.4394191578030586,3.4845788031816483,0,70
value_off,20260828,3,1,-19.0,3.0,0,0,0,0,0,0,0,0.025,80,2.3146363673731685,2.9070782475173473,3.0405614525079727,0,161
value_off,20260829,0,1,-8.0,2.5,0,0,0,0,0,0,0,0.058823529411764705,34,2.3660384228124336,2.8639881871640682,2.890493720769882,0,68
value_off,20260829,1,1,-8.0,2.5,0,0,0,0,0,0,0,0.09375,32,2.2791611845605075,2.692224457859993,2.800682559609413,0,64
value_off,20260829,2,1,44.0,1.0,1,0,0,0,0,0,0,0.03125,32,2.3684840998612344,2.920312061905861,3.7293247878551483,0,64
value_off,20260829,3,1,-28.0,4.0,0,0,1,20,0,0,0,0.03571428571428571,28,2.5228442225073064,4.019643180072306,5.054021254181862,0,56
value_off,20260830,0,2,0.0,2.5,0,0,0,0,0,1,0,0.0,83,2.4077432252556443,2.9798336327075954,3.134464845061302,0,167
value_off,20260830,1,2,43.0,1.0,1,0,0,0,0,0,0,0.015873015873015872,63,2.4582848898948186,3.291080705821514,3.476841375231743,0,126
value_off,20260830,2,2,-23.0,3.0,0,0,0,0,0,0,0,0.013333333333333334,75,2.4664984891812005,3.240964561700821,6.237024441361427,0,150
value_off,20260830,3,2,-8.0,2.5,0,0,0,0,0,0,0,0.027777777777777776,72,2.4270336919774613,2.898390870541334,7.069157436490059,0,144
value_off,20260831,0,3,63.0,1.0,1,1,0,0,0,0,0,0.08,25,2.347037121653557,2.8457190841436386,2.8663352131843567,0,49
value_off,20260831,1,3,-21.0,3.0,0,0,0,0,0,0,0,0.08695652173913043,23,2.3979436120261317,3.056379407644272,3.0951891094446182,0,47
value_off,20260831,2,3,-21.0,3.0,0,0,0,0,0,0,0,0.041666666666666664,24,2.3030188555518785,2.9427506029605865,2.9747169464826584,0,49
value_off,20260831,3,3,-21.0,3.0,0,0,0,0,0,0,0,0.0,24,2.3546121859302125,3.152447752654552,3.2472796738147736,0,49
value_off,20260832,0,1,63.0,1.0,1,1,0,0,0,0,0,0.0196078431372549,51,2.4719368666410446,3.1414423137903214,4.573607817292213,0,102
value_off,20260832,1,1,-8.0,2.5,0,0,0,0,0,0,0,0.04878048780487805,41,2.342465447216499,2.836029976606369,2.8829462826251984,0,81
value_off,20260832,2,1,-17.0,4.0,0,0,1,9,0,0,0,0.024390243902439025,41,2.3504371141515126,3.003699705004692,3.055952489376068,0,83
value_off,20260832,3,1,33.0,1.0,1,0,0,0,0,0,0,0.0,41,2.4930204196674066,3.2205190509557724,6.598480045795441,0,83
value_off,20260833,0,0,-8.0,2.5,0,0,0,0,0,0,0,0.0425531914893617,47,2.4054225613462163,2.9477447271347046,3.6146175116300583,0,94
value_off,20260833,1,0,-16.0,4.0,0,0,1,8,0,0,0,0.0425531914893617,47,2.3361330336712776,2.853829972445964,3.7054456770420074,0,94
value_off,20260833,2,0,-16.0,3.0,0,0,0,0,0,0,0,0.04819277108433735,83,2.383580431342125,3.135582059621811,4.848625510931015,0,167
value_off,20260833,3,0,-17.0,4.0,0,0,1,9,0,0,0,0.037037037037037035,81,2.2881152913158322,2.5805234909057617,4.913376644253731,0,162
value_off,20260834,0,2,-8.0,2.5,0,0,0,0,0,0,0,0.0,44,2.4423942985859783,3.0497025698423386,4.582112655043602,0,88
value_off,20260834,1,2,32.0,1.0,1,0,0,0,0,0,0,0.09375,32,2.3815326276235282,2.6390795595943928,6.063202396035194,0,64
value_off,20260834,2,2,-16.0,4.0,0,0,1,8,0,0,0,0.08333333333333333,24,2.3307400600363812,2.866256982088089,2.889474853873253,0,48
value_off,20260834,3,2,-8.0,2.5,0,0,0,0,0,0,0,0.0,32,2.3018073989078403,2.8504863381385803,2.931267023086548,0,64
value_off,20260835,0,2,-16.0,3.0,0,0,0,0,0,0,0,0.0,37,2.453617801940119,3.1543217599391933,3.3394787460565567,0,75
value_off,20260835,1,2,-18.0,3.0,0,0,0,0,0,0,0,0.05,80,2.3657886311411858,2.966122608631849,4.7761220484972,0,161
value_off,20260835,2,2,-18.0,3.0,0,0,0,0,0,0,0,0.0,76,2.4995671487168263,3.2162312418222427,6.275663152337074,0,153
value_off,20260835,3,2,-8.0,2.5,0,0,0,0,0,0,0,0.0,55,2.4464632638476114,3.1869718804955482,4.171727225184441,0,110
value_off,20260836,0,3,34.0,1.0,1,0,0,0,0,0,0,0.061224489795918366,49,2.379788618002619,2.7938243001699443,4.665682092308998,0,98
value_off,20260836,1,3,0.0,2.5,0,0,0,0,0,1,1,0.011494252873563218,87,2.422985824188967,2.992723882198334,5.470603704452515,0,174
value_off,20260836,2,3,-8.0,2.5,0,0,0,0,0,0,0,0.012048192771084338,83,2.3189748087561273,2.8258074074983597,3.858335316181183,0,166
value_off,20260836,3,3,-17.0,3.0,0,0,0,0,0,0,0,0.03333333333333333,60,2.3077076921860376,2.9092805460095406,2.947155386209488,0,121
value_off,20260837,0,1,-22.0,3.0,0,0,0,0,0,0,0,0.0,46,2.4062804472835166,2.8748870827257633,2.971755340695381,0,93
value_off,20260837,1,1,-22.0,3.0,0,0,0,0,0,0,0,0.0,46,2.4625704745235653,3.01890866830945,6.352519616484642,0,93
value_off,20260837,2,1,-8.0,2.5,0,0,0,0,0,0,0,0.0,58,2.485282462218712,3.3007776364684105,5.783803761005402,0,116
value_off,20260837,3,1,-22.0,3.0,0,0,0,0,0,0,0,0.0,46,2.350440734754438,2.8885137289762497,3.530779853463173,0,93
value_off,20260838,0,1,-17.0,3.0,0,0,0,0,0,0,0,0.0967741935483871,31,2.381727580101259,2.8316937386989594,3.496754914522171,0,63
value_off,20260838,1,1,-8.0,2.5,0,0,0,0,0,0,0,0.029411764705882353,34,2.348166616523967,2.8629311360418797,2.9969923198223114,0,68
value_off,20260838,2,1,51.0,1.0,1,1,0,0,0,0,0,0.0625,32,2.2971658618189394,2.8669250197708607,3.001265227794647,0,63
value_off,20260838,3,1,-17.0,3.0,0,0,0,0,0,0,0,0.0,31,2.299932282297842,2.9953112825751305,3.043016418814659,0,63
value_off,20260839,0,2,-16.0,4.0,0,0,1,8,0,0,0,0.0,45,2.4814912842379675,2.9230449348688126,4.791803658008575,0,90
value_off,20260839,1,2,-8.0,2.5,0,0,0,0,0,0,0,0.0,45,2.41985817750295,2.949577569961548,4.906872287392616,0,90
value_off,20260839,2,2,32.0,1.0,1,0,0,0,0,0,0,0.022222222222222223,45,2.334232669737604,3.0263781547546382,3.100605681538582,0,90
value_off,20260839,3,2,-8.0,2.5,0,0,0,0,0,0,0,0.018518518518518517,54,2.290244559171023,2.785831782966852,2.815067768096924,0,108
value_off,20260840,0,2,-31.0,3.0,0,0,0,0,0,0,0,0.045454545454545456,44,2.40485289726745,2.955828979611397,2.964576706290245,0,89
value_off,20260840,1,2,-27.0,3.0,0,0,0,0,0,0,0,0.0,42,2.4305222378600213,3.05603900924325,3.7184562534093857,0,85
value_off,20260840,2,2,84.0,1.0,1,1,0,0,0,0,0,0.022727272727272728,44,2.3504235697063534,2.992595825344324,3.1468067318201065,0,87
value_off,20260840,3,2,-28.0,3.0,0,0,0,0,0,0,0,0.046511627906976744,43,2.3592143904331118,2.922237105667591,5.39732538163662,0,87
value_off,20260841,0,0,-17.0,4.0,0,0,1,9,0,0,0,0.0,40,2.7100943960249424,3.4020036458969067,8.660664781928062,0,80
value_off,20260841,1,0,-8.0,2.5,0,0,0,0,0,0,0,0.025,40,2.4433438666164875,2.868542820215225,6.863351911306381,0,80
value_off,20260841,2,0,-8.0,2.5,0,0,0,0,0,0,0,0.02,50,2.4453718215227127,3.335560206323862,3.4488532692193985,0,100
value_off,20260841,3,0,33.0,1.0,1,0,0,0,0,0,0,0.05,40,2.2605448495596647,2.6778018102049828,2.694901078939438,0,80
value_off,20260842,0,0,-20.0,4.0,0,0,1,12,0,0,0,0.020833333333333332,48,2.3949556052684784,2.9021688736975193,2.9825549572706223,0,96
value_off,20260842,1,0,-8.0,2.5,0,0,0,0,0,0,0,0.05454545454545454,55,2.4016909301280975,3.007183037698269,5.4557546973228455,0,110
value_off,20260842,2,0,-8.0,2.5,0,0,0,0,0,0,0,0.020833333333333332,48,2.3480796177561083,3.1308780424296856,3.181537613272667,0,96
value_off,20260842,3,0,-8.0,2.5,0,0,0,0,0,0,0,0.041666666666666664,48,2.350918366573751,2.8038254007697105,4.257624968886375,0,96
value_off,20260843,0,1,-8.0,2.5,0,0,0,0,0,0,0,0.02,50,2.42295254021883,3.028030600398779,3.095664083957672,0,100
value_off,20260843,1,1,37.0,1.0,1,0,0,0,0,0,0,0.031746031746031744,63,2.3802694465432848,2.921731397509575,4.471158608794212,0,126
value_off,20260843,2,1,75.0,1.0,1,1,0,0,0,0,0,0.0196078431372549,51,2.340266152339823,2.9958225786685944,3.1382329761981964,0,101
value_off,20260843,3,1,-8.0,2.5,0,0,0,0,0,0,0,0.0,50,2.370799332857132,3.212627302855253,3.333551809191704,0,100
value_off,20260844,0,2,-16.0,4.0,0,0,1,8,0,0,0,0.0,48,2.544135980618497,3.0788106843829155,6.513852626085281,0,96
value_off,20260844,1,2,-8.0,2.5,0,0,0,0,0,0,0,0.017543859649122806,57,2.3691245076949135,2.894517034292221,4.951391369104385,0,114
value_off,20260844,2,2,-19.0,3.0,0,0,0,0,0,0,0,0.05714285714285714,35,2.349572575518063,2.8803251683712006,2.900678664445877,0,71
value_off,20260844,3,2,-8.0,2.5,0,0,0,0,0,0,0,0.02,50,2.3617414385080338,3.043447993695736,3.2259859144687653,0,100
value_off,20260845,0,3,-8.0,2.5,0,0,0,0,0,0,0,0.025,40,2.4313749745488167,3.019761387258768,3.0812807381153107,0,80
value_off,20260845,1,3,87.0,1.0,1,1,0,0,0,0,0,0.05128205128205128,39,2.3687990047992806,2.926103211939335,4.151051864027977,0,77
value_off,20260845,2,3,44.0,1.0,1,0,0,0,0,0,0,0.024390243902439025,41,2.586861209171574,3.3288151025772095,7.9900771379470825,0,82
value_off,20260845,3,3,-8.0,2.5,0,0,0,0,0,0,0,0.05555555555555555,36,2.2913267732494407,2.7044792659580708,2.823544666171074,0,72
value_off,20260846,0,2,-8.0,2.5,0,0,0,0,0,0,0,0.0,46,2.430795327476833,3.0059609562158585,3.0497368425130844,0,92
value_off,20260846,1,2,-8.0,2.5,0,0,0,0,0,0,0,0.029411764705882353,68,2.468533950912602,3.0818086117506027,5.549397319555283,0,136
value_off,20260846,2,2,0.0,2.5,0,0,0,0,0,1,0,0.012048192771084338,83,2.4239044995552086,3.246140480041504,3.4084711223840714,0,166
value_off,20260846,3,2,-18.0,4.0,0,0,1,10,0,0,0,0.013333333333333334,75,2.3159837226072946,2.8768014162778854,2.9448959976434708,0,150
value_off,20260847,0,2,-17.0,3.0,0,0,0,0,0,0,0,0.021739130434782608,46,2.3989928886294365,2.9743751510977745,3.035048022866249,0,93
value_off,20260847,1,2,-17.0,3.0,0,0,0,0,0,0,0,0.021739130434782608,46,2.4409206665080525,3.1972271390259266,3.342665731906891,0,93
value_off,20260847,2,2,32.0,1.0,1,0,0,0,0,0,0,0.018867924528301886,53,2.4106520105083034,3.2144226133823395,3.333503380417824,0,106
value_off,20260847,3,2,-8.0,2.5,0,0,0,0,0,0,0,0.0,43,2.3515180273111476,2.9506510123610497,3.023166209459305,0,86
value_off,20260848,0,0,-8.0,2.5,0,0,0,0,0,0,0,0.0425531914893617,47,2.3708418011665344,2.985724061727524,3.0333325266838074,0,94
value_off,20260848,1,0,43.0,1.0,1,0,0,0,0,0,0,0.02127659574468085,47,2.3352000069745045,2.8429174795746803,2.883709967136383,0,94
value_off,20260848,2,0,-27.0,4.0,0,0,1,19,0,0,0,0.02127659574468085,47,2.314432702483015,2.883223444223404,2.944342792034149,0,94
value_off,20260848,3,0,-27.0,4.0,0,0,1,19,0,0,0,0.0,40,2.333462843671441,2.9103899374604225,2.9732882976531982,0,80
value_off,20260849,0,3,-17.0,4.0,0,0,1,9,0,0,0,0.03278688524590164,61,2.386920215165029,2.7904734015464783,4.845390096306801,0,122
value_off,20260849,1,3,-8.0,2.5,0,0,0,0,0,0,0,0.03389830508474576,59,2.379738267953113,3.030355647206306,3.2471418380737305,0,118
value_off,20260849,2,3,-8.0,2.5,0,0,0,0,0,0,0,0.0,68,2.3340343168991455,2.9000326059758663,2.95318104326725,0,136
value_off,20260849,3,3,-16.0,4.0,0,0,1,8,0,0,0,0.03571428571428571,56,2.313586018447365,2.829546108841896,3.0417516827583313,0,112
value_off,20260850,0,0,-8.0,2.5,0,0,0,0,0,0,0,0.02666666666666667,75,2.3984256386756897,3.0312465503811836,3.0833929777145386,0,150
value_off,20260850,1,0,33.0,1.0,1,0,0,0,0,0,0,0.015151515151515152,66,2.4878693688096423,3.4295348450541496,3.5835355520248413,0,132
value_off,20260850,2,0,-18.0,3.0,0,0,0,0,0,0,0,0.0,68,2.409896128537024,3.2382740639150143,3.4551210701465607,0,137
value_off,20260850,3,0,0.0,2.5,0,0,0,0,0,1,1,0.036585365853658534,82,2.2996791252275792,2.770174015313387,2.933390438556671,0,164
value_off,20260851,0,1,37.0,1.0,1,0,0,0,0,0,0,0.1111111111111111,27,2.3465921619424113,2.796589210629463,2.919599413871765,0,54
value_off,20260851,1,1,-8.0,2.5,0,0,0,0,0,0,0,0.037037037037037035,27,2.3578388823403253,2.9491567984223366,2.9742512851953506,0,54
value_off,20260851,2,1,-22.0,3.0,0,0,0,0,0,0,0,0.09375,32,2.2888703970238566,2.7057302184402943,2.841966226696968,0,65
value_off,20260851,3,1,-8.0,2.5,0,0,0,0,0,0,0,0.0,25,2.352866381406784,3.1179729849100113,3.1618643552064896,0,50
value_off,20260852,0,3,-8.0,2.5,0,0,0,0,0,0,0,0.0,36,2.5024774173895517,3.409041091799736,3.4954454749822617,0,72
value_off,20260852,1,3,-8.0,2.5,0,0,0,0,0,0,0,0.0,36,2.3983029855622187,3.11557250097394,3.216661512851715,0,72
value_off,20260852,2,3,36.0,1.0,1,0,0,0,0,0,0,0.0,36,2.3264611760775247,2.8736130334436893,2.963585779070854,0,72
value_off,20260852,3,3,-20.0,4.0,0,0,1,12,0,0,0,0.05555555555555555,36,2.2912037869294486,2.8685899451375008,2.919422462582588,0,72
value_off,20260853,0,2,-33.0,4.0,0,0,1,25,0,0,0,0.0625,32,2.5161205558106303,3.3428912982344623,5.2117519080638885,0,64
value_off,20260853,1,2,-8.0,2.5,0,0,0,0,0,0,0,0.0,32,2.4827539455145597,3.404580522328615,3.6141816526651382,0,64
value_off,20260853,2,2,117.0,1.0,1,1,0,0,0,0,0,0.0,45,2.459516293472714,2.988762781023979,5.181597545742989,0,89
value_off,20260853,3,2,-33.0,3.0,0,0,0,0,0,0,0,0.03278688524590164,61,2.3685573126937522,2.9421523213386536,4.805713891983032,0,123
value_off,20260854,0,1,-8.0,2.5,0,0,0,0,0,0,0,0.0,30,2.4319907650351524,3.056707140058279,3.140844404697418,0,60
value_off,20260854,1,1,57.0,1.0,1,1,0,0,0,0,0,0.03333333333333333,30,2.445671893656254,3.2459506765007964,3.7942100316286087,0,59
value_off,20260854,2,1,36.0,1.0,1,0,0,0,0,0,0,0.0,30,2.3079089199503264,2.8938550502061844,2.9164813458919525,0,60
value_off,20260854,3,1,-8.0,2.5,0,0,0,0,0,0,0,0.05263157894736842,38,2.400456290496023,3.016346041113138,5.93537837266922,0,76
value_off,20260855,0,1,-8.0,2.5,0,0,0,0,0,0,0,0.019230769230769232,52,2.4665295719527283,3.1893144361674786,3.6941077560186386,0,104
value_off,20260855,1,1,-19.0,4.0,0,0,1,11,0,0,0,0.043478260869565216,46,2.36980228320412,2.657256554812193,5.86296059191227,0,92
value_off,20260855,2,1,-8.0,2.5,0,0,0,0,0,0,0,0.021739130434782608,46,2.3935609699591347,3.016048576682806,6.016155704855919,0,92
value_off,20260855,3,1,-17.0,3.0,0,0,0,0,0,0,0,0.027777777777777776,72,2.3042549275689654,2.7488130144774914,2.9104482382535934,0,145
value_off,20260856,0,1,33.0,1.0,1,0,0,0,0,0,0,0.0,58,2.5133173270472167,3.553512878715992,3.6667976528406143,0,116
value_off,20260856,1,1,-8.0,2.5,0,0,0,0,0,0,0,0.03225806451612903,62,2.3250754381860457,2.7865336276590824,2.9273126274347305,0,124
value_off,20260856,2,1,-16.0,4.0,0,0,1,8,0,0,0,0.0,66,2.4935496745235994,3.201487474143505,5.163388326764107,0,132
value_off,20260856,3,1,0.0,2.5,0,0,0,0,0,1,0,0.011494252873563218,87,2.3601901471272284,2.9747260734438896,3.2840147614479065,0,174
value_off,20260857,0,0,-8.0,2.5,0,0,0,0,0,0,0,0.03225806451612903,31,2.39714823903576,2.94290017336607,3.0425768345594406,0,62
value_off,20260857,1,0,34.0,1.0,1,0,0,0,0,0,0,0.034482758620689655,29,2.310936050168399,2.7765121310949326,2.819981426000595,0,58
value_off,20260857,2,0,-8.0,2.5,0,0,0,0,0,0,0,0.0,33,2.359428076129971,2.975340187549591,3.1371843069791794,0,66
value_off,20260857,3,0,-18.0,4.0,0,0,1,10,0,0,0,0.0,43,2.354766047278116,2.946208417415619,2.997184172272682,0,86
value_off,20260858,0,2,-20.0,3.0,0,0,0,0,0,0,0,0.03773584905660377,53,2.3507279045176954,2.7329158037900925,2.9276516288518906,0,108
value_off,20260858,1,2,33.0,1.0,1,0,0,0,0,0,0,0.046511627906976744,43,2.336619205253069,2.823902666568756,2.904500812292099,0,86
value_off,20260858,2,2,36.0,1.0,1,0,0,0,0,0,0,0.0,30,2.325259583691756,2.9390630312263966,2.9536504298448563,0,60
value_off,20260858,3,2,57.0,1.0,1,1,0,0,0,0,0,0.0,58,2.3580912885994745,2.9698233120143414,3.0689965933561325,0,115
value_off,20260859,0,1,-8.0,2.5,0,0,0,0,0,0,0,0.0,36,2.381971933775478,2.8409413062036037,2.8487909585237503,0,72
value_off,20260859,1,1,33.0,1.0,1,0,0,0,0,0,0,0.027777777777777776,36,2.328606995029582,2.8549800626933575,2.880323678255081,0,72
value_off,20260859,2,1,-8.0,2.5,0,0,0,0,0,0,0,0.03773584905660377,53,2.3580457101453027,3.2077915966510773,3.2427608966827393,0,106
value_off,20260859,3,1,-8.0,2.5,0,0,0,0,0,0,0,0.0,35,2.326093933412007,2.885662578046322,2.894025295972824,0,70
value_off,20260860,0,0,39.0,1.0,1,0,0,0,0,0,0,0.0,45,2.4181845287481942,2.9598794877529144,2.9843170195817947,0,90
value_off,20260860,1,0,66.0,1.0,1,1,0,0,0,0,0,0.03571428571428571,56,2.312899301094668,2.769415732473135,2.9807761311531067,0,111
value_off,20260860,2,0,-24.0,4.0,0,0,1,16,0,0,0,0.034482758620689655,29,2.286699375715749,2.73730605840683,2.7816668152809143,0,58
value_off,20260860,3,0,-22.0,3.0,0,0,0,0,0,0,0,0.0,55,2.4069410156119955,3.2529396936297417,3.280302509665489,0,111
value_off,20260861,0,3,49.0,1.0,1,0,0,0,0,0,0,0.0,8,2.4232901632785797,2.9344950802624226,2.9542725533246994,0,16
value_off,20260861,1,3,-8.0,2.5,0,0,0,0,0,0,0,0.0,8,2.3588098119944334,2.8668584302067757,2.8807613998651505,0,16
value_off,20260861,2,3,-8.0,2.5,0,0,0,0,0,0,0,0.0,8,2.323833992704749,2.8022819198668003,2.8079673647880554,0,16
value_off,20260861,3,3,-33.0,4.0,0,0,1,25,0,0,0,0.0,8,2.3425291292369366,2.8749790973961353,2.8908345848321915,0,16
value_off,20260862,0,0,51.0,1.0,1,0,0,0,0,0,0,0.06896551724137931,29,2.370863767533467,2.922138199210167,2.9778126627206802,0,58
value_off,20260862,1,0,-35.0,4.0,0,0,1,27,0,0,0,0.0,36,2.3424441201819315,2.941015176475048,3.0254703015089035,0,72
value_off,20260862,2,0,-8.0,2.5,0,0,0,0,0,0,0,0.030303030303030304,33,2.3647390418883525,3.0480943620204926,3.119897097349167,0,66
value_off,20260862,3,0,-8.0,2.5,0,0,0,0,0,0,0,0.027777777777777776,36,2.3377958892120256,2.8824019245803356,3.146449103951454,0,72
value_off,20260863,0,3,-24.0,3.0,0,0,0,0,0,0,0,0.019230769230769232,52,2.404265356465028,2.964375168085098,3.0871834605932236,0,105
value_off,20260863,1,3,-23.0,4.0,0,0,1,15,0,0,0,0.0196078431372549,51,2.3105837696907567,2.71783210337162,2.852516248822212,0,102
value_off,20260863,2,3,-24.0,3.0,0,0,0,0,0,0,0,0.02,50,2.3752693459391594,3.04629560559988,3.293987363576889,0,101
value_off,20260863,3,3,72.0,1.0,1,1,0,0,0,0,0,0.05660377358490566,53,2.242678424940919,2.5917522609233856,2.6762038469314575,0,105
value_off,20260864,0,3,-8.0,2.5,0,0,0,0,0,0,0,0.0,27,2.415023606132578,2.9383843764662743,2.947477623820305,0,54
value_off,20260864,1,3,37.0,1.0,1,0,0,0,0,0,0,0.0,27,2.3929873412406004,3.0830712988972664,3.176717087626457,0,54
value_off,20260864,2,3,-23.0,3.0,0,0,0,0,0,0,0,0.0,37,2.32228052777213,2.9041025787591934,2.922600135207176,0,75
value_off,20260864,3,3,-8.0,2.5,0,0,0,0,0,0,0,0.0,27,2.308955416083336,2.8877267614006996,2.8993654996156693,0,54
value_off,20260865,0,0,-17.0,3.0,0,0,0,0,0,0,0,0.0,53,2.4478230976833486,3.0746202915906906,3.1326711177825928,0,107
value_off,20260865,1,0,-22.0,3.0,0,0,0,0,0,0,0,0.0625,32,2.3400216014124453,2.9106388799846172,3.005022183060646,0,65
value_off,20260865,2,0,-23.0,4.0,0,0,1,15,0,0,0,0.03333333333333333,30,2.310858046015104,2.8138206340372562,2.9119979590177536,0,60
value_off,20260865,3,0,-8.0,2.5,0,0,0,0,0,0,0,0.09375,32,2.276837534736842,2.7536707930266857,2.8684101998806,0,64
value_off,20260866,0,3,-23.0,3.0,0,0,0,0,0,0,0,0.0,36,2.452413137588236,3.0248709954321384,3.030594438314438,0,73
value_off,20260866,1,3,-8.0,2.5,0,0,0,0,0,0,0,0.04838709677419355,62,2.2896431807068085,2.7797511778771873,2.8837136924266815,0,124
value_off,20260866,2,3,-48.0,3.0,0,0,0,0,0,0,0,0.04054054054054054,74,2.3259308843596562,2.914274763315916,3.813287243247032,0,149
value_off,20260866,3,3,-8.0,2.5,0,0,0,0,0,0,0,0.0425531914893617,47,2.2971884129529303,2.9081305488944054,2.9861312359571457,0,94
value_off,20260867,0,1,-45.0,4.0,0,0,1,37,1,0,0,0.0392156862745098,51,2.3787308338226056,2.833711914718151,3.2345131039619446,0,102
value_off,20260867,1,1,-8.0,2.5,0,0,0,0,0,0,0,0.0196078431372549,51,2.3912219513280717,3.17271426320076,3.8293693214654922,0,102
value_off,20260867,2,1,61.0,1.0,1,0,0,0,0,0,0,0.058823529411764705,51,2.3125890350224925,2.8826147317886353,3.5097841173410416,0,102
value_off,20260867,3,1,37.0,1.0,1,0,0,0,0,0,0,0.041666666666666664,48,2.305492448310057,2.784973941743374,3.1720642000436783,0,96
value_off,20260868,0,2,-8.0,2.5,0,0,0,0,0,0,0,0.0,35,2.4126075208187103,3.0456384643912315,3.172585740685463,0,70
value_off,20260868,1,2,-20.0,4.0,0,0,1,12,0,0,0,0.05714285714285714,35,2.3458828883511678,2.74924635887146,2.840174362063408,0,70
value_off,20260868,2,2,36.0,1.0,1,0,0,0,0,0,0,0.0,35,2.4002993745463237,3.0151491984725,3.2356567680835724,0,70
value_off,20260868,3,2,-8.0,2.5,0,0,0,0,0,0,0,0.05714285714285714,35,2.3192747895206725,2.9368288815021515,2.988409250974655,0,70
value_off,20260869,0,3,-8.0,2.5,0,0,0,0,0,0,0,0.019230769230769232,52,2.4005907874267836,2.908288035541773,2.9563121497631073,0,104
value_off,20260869,1,3,-8.0,2.5,0,0,0,0,0,0,0,0.019230769230769232,52,2.3281870123285513,2.8440783731639385,3.0068717896938324,0,104
value_off,20260869,2,3,33.0,1.0,1,0,0,0,0,0,0,0.025,40,2.4088763631880283,3.2161062583327293,3.282455727458,0,80
value_off,20260869,3,3,-19.0,4.0,0,0,1,11,0,0,0,0.0,52,2.3842331451865344,3.088145423680544,3.1749270856380463,0,104
value_off,20260870,0,2,-21.0,3.0,0,0,0,0,0,0,0,0.02,50,2.3805226758122444,2.8800921514630313,2.9668956995010376,0,101
value_off,20260870,1,2,36.0,1.0,1,0,0,0,0,0,0,0.0,60,2.3427569307386875,2.955946698784828,2.985076978802681,0,120
value_off,20260870,2,2,-8.0,2.5,0,0,0,0,0,0,0,0.019230769230769232,52,2.300500189169095,2.834837604314089,2.9065217822790146,0,104
value_off,20260870,3,2,-21.0,3.0,0,0,0,0,0,0,0,0.0,46,2.3203940819139066,2.9089325107634068,2.966461703181267,0,93
value_off,20260871,0,1,-21.0,3.0,0,0,0,0,0,0,0,0.03389830508474576,59,2.353431467535132,2.714899741113186,2.901274710893631,0,119
value_off,20260871,1,1,0.0,2.5,0,0,0,0,0,1,1,0.023255813953488372,86,2.3371480448647985,2.8511877171695232,2.9108282178640366,0,171
value_off,20260871,2,1,-8.0,2.5,0,0,0,0,0,0,0,0.02666666666666667,75,2.3271350314219794,2.943503111600876,2.984223887324333,0,151
value_off,20260871,3,1,0.0,2.5,0,0,0,0,0,1,1,0.0,88,2.3545111444863407,2.9836230911314487,3.029564395546913,0,177
value_off,20260872,0,3,-8.0,2.5,0,0,0,0,0,0,0,0.06382978723404255,47,2.3490163160765425,2.947103977203369,2.978786826133728,0,95
value_off,20260872,1,3,-8.0,2.5,0,0,0,0,0,0,0,0.06153846153846154,65,2.290002342600089,2.675022929906845,2.813110128045082,0,129
value_off,20260872,2,3,32.0,1.0,1,0,0,0,0,0,0,0.02857142857142857,70,2.303550179515566,2.7716494165360928,2.9221586883068085,0,141
value_off,20260872,3,3,-17.0,4.0,0,0,1,9,0,0,0,0.022727272727272728,44,2.3097213865681128,2.88109602406621,2.9225777834653854,0,89
value_off,20260873,0,1,-8.0,2.5,0,0,0,0,0,0,0,0.0425531914893617,47,2.3789420089823134,2.925499901175499,2.9822811484336853,0,94
value_off,20260873,1,1,33.0,1.0,1,0,0,0,0,0,0,0.02127659574468085,47,2.32553501871038,2.8020689263939857,2.850903198122978,0,94
value_off,20260873,2,1,-8.0,2.5,0,0,0,0,0,0,0,0.0,47,2.3316503205197923,2.9535749927163124,3.0029676854610443,0,94
value_off,20260873,3,1,-17.0,4.0,0,0,1,9,0,0,0,0.023255813953488372,43,2.3076534271240234,2.8828246518969536,2.959141507744789,0,86
value_off,20260874,0,1,-8.0,2.5,0,0,0,0,0,0,0,0.0,18,2.315814606845379,2.7917075902223587,2.8362665325403214,0,36
value_off,20260874,1,1,33.0,1.0,1,0,0,0,0,0,0,0.1111111111111111,18,2.334050523738066,2.7711393311619754,2.933001145720482,0,36
value_off,20260874,2,1,-8.0,2.5,0,0,0,0,0,0,0,0.0,18,2.375525525874562,2.9713988304138184,2.9926523566246033,0,36
value_off,20260874,3,1,-17.0,4.0,0,0,1,9,0,0,0,0.0,18,2.3664886959724956,2.944453340023756,2.9581468552351,0,36
value_off,20260875,0,3,-8.0,2.5,0,0,0,0,0,0,0,0.0,72,2.50807567499578,3.3810118213295937,3.434315323829651,0,144
value_off,20260875,1,3,-8.0,2.5,0,0,0,0,0,0,0,0.043478260869565216,46,2.3125538440502207,2.8228284791111946,2.970002591609955,0,92
value_off,20260875,2,3,48.0,1.0,1,1,0,0,0,0,0,0.015384615384615385,65,2.3716835161814322,3.1049653887748714,3.3071208745241165,0,129
value_off,20260875,3,3,47.0,1.0,1,0,0,0,0,0,0,0.041666666666666664,72,2.2841002016017833,2.7459106408059597,2.9605142772197723,0,144
value_off,20260876,0,2,-8.0,2.5,0,0,0,0,0,0,0,0.04081632653061224,49,2.354950206924458,2.9400717467069626,2.966860309243202,0,98
value_off,20260876,1,2,-16.0,4.0,0,0,1,8,0,0,0,0.04,50,2.305535711348057,2.705403044819832,2.8165094554424286,0,100
value_off,20260876,2,2,32.0,1.0,1,0,0,0,0,0,0,0.0392156862745098,51,2.3393887734296275,3.0861906707286835,3.1802766025066376,0,102
value_off,20260876,3,2,48.0,1.0,1,0,0,0,0,0,0,0.0,46,2.317663768063421,2.8667710721492767,2.882363274693489,0,92
value_off,20260877,0,0,78.0,1.0,1,1,0,0,0,0,0,0.0,51,2.395155273523985,2.92288139462471,2.9572658240795135,0,102
value_off,20260877,1,0,-26.0,4.0,0,0,1,18,0,0,0,0.03571428571428571,56,2.302272444857018,2.7686613611876965,2.9151812195777893,0,113
value_off,20260877,2,0,-8.0,2.5,0,0,0,0,0,0,0,0.046153846153846156,65,2.277388108464388,2.6899322867393494,2.7241259813308716,0,129
value_off,20260877,3,0,40.0,1.0,1,0,0,0,0,0,0,0.03125,64,2.335145021788776,3.0351401306688786,3.0751079320907593,0,129
value_off,20260878,0,2,33.0,1.0,1,0,0,0,0,0,0,0.04,50,2.3613831028342247,2.812067326158285,2.9092226177453995,0,100
value_off,20260878,1,2,-8.0,2.5,0,0,0,0,0,0,0,0.017543859649122806,57,2.4007984943557203,3.1099598854780197,3.307860344648361,0,114
value_off,20260878,2,2,33.0,1.0,1,0,0,0,0,0,0,0.0,51,2.425638995334214,3.229607827961445,3.4140199422836304,0,102
value_off,20260878,3,2,-8.0,2.5,0,0,0,0,0,0,0,0.0,57,2.3288452965125703,2.8714995831251144,2.981673926115036,0,114
value_off,20260879,0,0,-8.0,2.5,0,0,0,0,0,0,0,0.03225806451612903,31,2.406722655700099,2.894344739615917,2.918913960456848,0,62
value_off,20260879,1,0,-8.0,2.5,0,0,0,0,0,0,0,0.027777777777777776,36,2.28805902103583,2.7206852100789547,2.832625061273575,0,72
value_off,20260879,2,0,-17.0,4.0,0,0,1,9,0,0,0,0.05263157894736842,38,2.2896845874033476,2.8962934389710426,2.9318947345018387,0,76
value_off,20260879,3,0,-8.0,2.5,0,0,0,0,0,0,0,0.025,40,2.3265749681741,2.888216264545917,3.125671297311783,0,80
value_off,20260880,0,3,0.0,2.5,0,0,0,0,0,1,0,0.0,76,2.444414323882053,3.080683294683695,3.20996530354023,0,154
value_off,20260880,1,3,33.0,1.0,1,0,0,0,0,0,0,0.02857142857142857,70,2.3306910480771745,2.83125014975667,2.9006879776716232,0,142
value_off,20260880,2,3,99.0,1.0,1,1,0,0,0,0,0,0.01639344262295082,61,2.378184928512964,3.0437204986810684,3.104083240032196,0,120
value_off,20260880,3,3,0.0,2.5,0,0,0,0,0,1,1,0.02631578947368421,76,2.2730933943469274,2.7065365575253963,2.860346809029579,0,154
value_off,20260881,0,0,-16.0,3.0,0,0,0,0,0,0,0,0.07142857142857142,28,2.3927328043750355,2.9109020717442036,2.9465202242136,0,58
value_off,20260881,1,0,-16.0,3.0,0,0,0,0,0,0,0,0.0,30,2.327318675816059,2.876458317041397,2.907136455178261,0,62
value_off,20260881,2,0,-16.0,3.0,0,0,0,0,0,0,0,0.10714285714285714,28,2.252208800720317,2.6060551404953003,2.6229172945022583,0,58
value_off,20260881,3,0,75.0,1.0,1,1,0,0,0,0,0,0.0,34,2.3931131752974846,3.153907973319292,3.413960337638855,0,67
value_off,20260882,0,3,-22.0,3.0,0,0,0,0,0,0,0,0.013513513513513514,74,2.4393002779499904,2.9663260094821444,3.5814326256513596,0,149
value_off,20260882,1,3,-16.0,4.0,0,0,1,8,0,0,0,0.0,24,2.3825402992467084,2.9067491181194782,2.928139641880989,0,48
value_off,20260882,2,3,-8.0,2.5,0,0,0,0,0,0,0,0.03125,32,2.308193768840283,2.9335652478039265,2.970518544316292,0,64
value_off,20260882,3,3,-8.0,2.5,0,0,0,0,0,0,0,0.0625,32,2.2997790365479887,2.9763763770461082,3.0086152255535126,0,64
value_off,20260883,0,2,-16.0,4.0,0,0,1,8,0,0,0,0.013157894736842105,76,2.39342698631318,2.924004103988409,3.024289384484291,0,152
value_off,20260883,1,2,-16.0,3.0,0,0,0,0,0,0,0,0.025,40,2.328879851847887,2.862059324979782,2.89185531437397,0,81
value_off,20260883,2,2,-20.0,3.0,0,0,0,0,0,0,0,0.0,59,2.338339653560671,2.9102416709065437,2.9632579535245895,0,119
value_off,20260883,3,2,-16.0,3.0,0,0,0,0,0,0,0,0.025,40,2.315427642315626,2.867665234953165,2.900131046772003,0,81
value_off,20260884,0,3,57.0,1.0,1,1,0,0,0,0,0,0.05,20,2.371140569448471,2.9329770244657993,2.9940269887447357,0,39
value_off,20260884,1,3,-19.0,3.0,0,0,0,0,0,0,0,0.045454545454545456,22,2.3407562720504673,2.9058799147605896,2.9196441173553467,0,45
value_off,20260884,2,3,-19.0,3.0,0,0,0,0,0,0,0,0.0,19,2.305732941941211,2.8933921828866005,2.920735627412796,0,39
value_off,20260884,3,3,-19.0,3.0,0,0,0,0,0,0,0,0.05263157894736842,19,2.312599044097097,2.848603017628193,2.866508439183235,0,39
value_off,20260885,0,3,32.0,1.0,1,0,0,0,0,0,0,0.0,43,2.4922537335822748,3.3539116382598877,3.6760512739419937,0,87
value_off,20260885,1,3,-18.0,4.0,0,0,1,10,0,0,0,0.029411764705882353,34,2.334770089124932,2.8473196551203728,2.8702951967716217,0,69
value_off,20260885,2,3,34.0,1.0,1,0,0,0,0,0,0,0.05714285714285714,35,2.2834363260439465,2.717156335711479,2.7841124683618546,0,69
value_off,20260885,3,3,41.0,1.0,1,0,0,0,0,0,0,0.04,25,2.3334699124097824,2.982707321643829,3.062227740883827,0,51
value_off,20260886,0,2,-8.0,2.5,0,0,0,0,0,0,0,0.0196078431372549,51,2.3743002949392094,2.8855185955762863,2.993699163198471,0,102
value_off,20260886,1,2,-33.0,3.0,0,0,0,0,0,0,0,0.05,40,2.337064454331994,2.920494321733713,3.091009333729744,0,81
value_off,20260886,2,2,63.0,1.0,1,1,0,0,0,0,0,0.0,57,2.3388256433240153,2.9026102274656296,3.420758992433548,0,113
value_off,20260886,3,2,-33.0,3.0,0,0,0,0,0,0,0,0.075,40,2.252120152115822,2.6662906631827354,2.7039796113967896,0,81
value_off,20260887,0,3,37.0,1.0,1,0,0,0,0,0,0,0.0,63,2.440385076971281,3.2293852418661113,3.8241632282733917,0,126
value_off,20260887,1,3,-8.0,2.5,0,0,0,0,0,0,0,0.016129032258064516,62,2.3602153505048444,3.0035884119570255,3.1672604382038116,0,124
value_off,20260887,2,3,60.0,1.0,1,1,0,0,0,0,0,0.03278688524590164,61,2.2518530976576883,2.6058200746774673,2.8243549168109894,0,121
value_off,20260887,3,3,-21.0,4.0,0,0,1,13,0,0,0,0.015625,64,2.327774098375812,2.8589881025254726,3.024507313966751,0,128
value_off,20260888,0,3,-18.0,3.0,0,0,0,0,0,0,0,0.0,35,2.400026789733342,2.9848985373973846,3.039006143808365,0,71
value_off,20260888,1,3,-22.0,3.0,0,0,0,0,0,0,0,0.0,36,2.431072656893068,3.086695447564125,3.88285331428051,0,73
value_off,20260888,2,3,66.0,1.0,1,1,0,0,0,0,0,0.08571428571428572,35,2.2563453763723373,2.61696707457304,2.912653610110283,0,69
value_off,20260888,3,3,-22.0,3.0,0,0,0,0,0,0,0,0.02857142857142857,35,2.28174195757934,2.800903096795082,2.8071049600839615,0,71
value_off,20260889,0,0,-8.0,2.5,0,0,0,0,0,0,0,0.03125,64,2.4099693400785327,2.948593348264694,2.9831212013959885,0,128
value_off,20260889,1,0,-20.0,4.0,0,0,1,12,0,0,0,0.0,42,2.4153003469109535,3.012158628553152,3.0858758836984634,0,84
value_off,20260889,2,0,63.0,1.0,1,1,0,0,0,0,0,0.014084507042253521,71,2.37571206730856,3.152524121105671,3.210330381989479,0,141
value_off,20260889,3,0,36.0,1.0,1,0,0,0,0,0,0,0.0,62,2.3719964308604116,2.9724680818617344,3.01533006131649,0,124
value_off,20260890,0,2,-26.0,4.0,0,0,1,18,0,0,0,0.046511627906976744,43,2.3417686826960984,2.82280184328556,2.883000299334526,0,86
value_off,20260890,1,2,42.0,1.0,1,0,0,0,0,0,0,0.023255813953488372,43,2.352856706048167,2.9142674058675766,3.05074080824852,0,86
value_off,20260890,2,2,-8.0,2.5,0,0,0,0,0,0,0,0.023255813953488372,43,2.376363504418107,3.1558608636260033,3.26571986079216,0,86
value_off,20260890,3,2,-8.0,2.5,0,0,0,0,0,0,0,0.023255813953488372,43,2.2821827076895294,2.8493711724877357,2.9080212116241455,0,86
value_off,20260891,0,1,39.0,1.0,1,0,0,0,0,0,0,0.056338028169014086,71,2.302043402278927,2.6441728696227074,2.8352178633213043,0,142
value_off,20260891,1,1,33.0,1.0,1,0,0,0,0,0,0,0.0425531914893617,47,2.3223959860649517,2.8221849352121344,2.955518662929535,0,94
value_off,20260891,2,1,-23.0,4.0,0,0,1,15,0,0,0,0.023255813953488372,43,2.2961625526117726,2.8170503675937653,2.9094498604536057,0,86
value_off,20260891,3,1,0.0,2.5,0,0,0,0,0,1,0,0.011627906976744186,86,2.3266927793968555,2.8947521932423115,3.0341483652591705,0,171
value_off,20260892,0,0,-16.0,3.0,0,0,0,0,0,0,0,0.03508771929824561,57,2.4311986931583336,3.1196117401123047,3.1517520546913147,0,115
value_off,20260892,1,0,-8.0,2.5,0,0,0,0,0,0,0,0.0,48,2.5093206592525044,3.3526305109262466,4.283970221877098,0,96
value_off,20260892,2,0,36.0,1.0,1,0,0,0,0,0,0,0.02857142857142857,35,2.3081361715282713,2.856648899614811,2.8703399002552032,0,70
value_off,20260892,3,0,-8.0,2.5,0,0,0,0,0,0,0,0.04,50,2.3189637437462807,2.9452007263898845,3.039758652448654,0,100
value_off,20260893,0,3,-8.0,2.5,0,0,0,0,0,0,0,0.01818181818181818,55,2.4090765552087263,2.9273843392729755,3.0508358031511307,0,110
value_off,20260893,1,3,-16.0,4.0,0,0,1,8,0,0,0,0.03225806451612903,62,2.358332096088317,2.9934111982584,3.0360203236341476,0,124
value_off,20260893,2,3,32.0,1.0,1,0,0,0,0,0,0,0.03225806451612903,62,2.2812162736250507,2.719632349908352,3.086656332015991,0,124
value_off,20260893,3,3,-8.0,2.5,0,0,0,0,0,0,0,0.03225806451612903,62,2.2744607300527635,2.6907511055469513,2.8352849185466766,0,124
value_off,20260894,0,1,48.0,1.0,1,0,0,0,0,0,0,0.0,22,2.36902656880292,2.8371031396090984,2.8664153069257736,0,44
value_off,20260894,1,1,-32.0,4.0,0,0,1,24,0,0,0,0.07692307692307693,26,2.3095190811615725,2.744260709732771,2.7696192264556885,0,52
value_off,20260894,2,1,-8.0,2.5,0,0,0,0,0,0,0,0.0,26,2.331969829706045,2.918459940701723,2.9677189886569977,0,52
value_off,20260894,3,1,-8.0,2.5,0,0,0,0,0,0,0,0.0,26,2.3678870728382697,3.074048087000847,3.2436884939670563,0,52
value_off,20260895,0,1,-19.0,4.0,0,0,1,11,0,0,0,0.031746031746031744,63,2.3700610867568424,2.8699304908514023,3.0022598803043365,0,126
value_off,20260895,1,1,-18.0,4.0,0,0,1,10,0,0,0,0.021739130434782608,46,2.3221815733805946,2.7863760478794575,2.8974562883377075,0,92
value_off,20260895,2,1,0.0,2.5,0,0,0,0,0,1,0,0.0,86,2.3366206347249276,2.9465709812939167,2.986956387758255,0,172
value_off,20260895,3,1,35.0,1.0,1,0,0,0,0,0,0,0.06818181818181818,44,2.241513988172466,2.5689812377095222,3.014795482158661,0,88
value_off,20260896,0,2,34.0,1.0,1,0,0,0,0,0,0,0.038461538461538464,52,2.3373304149852347,2.6903624646365643,2.916766330599785,0,105
value_off,20260896,1,2,-8.0,2.5,0,0,0,0,0,0,0,0.025,40,2.3211514111608267,2.754987496882677,2.835772931575775,0,80
value_off,20260896,2,2,-18.0,4.0,0,0,1,10,0,0,0,0.027777777777777776,36,2.364956152935823,2.9081893153488636,3.136899322271347,0,72
value_off,20260896,3,2,-8.0,2.5,0,0,0,0,0,0,0,0.020833333333333332,48,2.294825700422128,2.8267703019082546,2.918057143688202,0,97
value_off,20260897,0,1,-16.0,4.0,0,0,1,8,0,0,0,0.0,29,2.404890055286473,2.9116403311491013,2.952875569462776,0,58
value_off,20260897,1,1,32.0,1.0,1,0,0,0,0,0,0,0.034482758620689655,29,2.428278005842505,3.1428489834070206,3.2066069543361664,0,58
value_off,20260897,2,1,-8.0,2.5,0,0,0,0,0,0,0,0.034482758620689655,29,2.2799402218440483,2.662041038274765,2.739250659942627,0,58
value_off,20260897,3,1,-8.0,2.5,0,0,0,0,0,0,0,0.06896551724137931,29,2.3135562780602226,2.7700532227754593,3.078300505876541,0,58
value_off,20260898,0,1,66.0,1.0,1,1,0,0,0,0,0,0.0,27,2.462525679557412,3.2870691269636154,3.4086499363183975,0,53
value_off,20260898,1,1,-18.0,4.0,0,0,1,10,0,0,0,0.019230769230769232,52,2.357755357829424,2.9926362447440624,3.208629786968231,0,104
value_off,20260898,2,1,-19.0,4.0,0,0,1,11,0,0,0,0.034482758620689655,29,2.3022198343071443,2.7636758983135223,2.8181448578834534,0,58
value_off,20260898,3,1,-8.0,2.5,0,0,0,0,0,0,0,0.034482758620689655,29,2.274258319160034,2.6986759155988693,2.7051232755184174,0,58
value_off,20260899,0,3,-8.0,2.5,0,0,0,0,0,0,0,0.07142857142857142,28,2.3644096883279935,2.7677910402417183,2.9301848262548447,0,56
value_off,20260899,1,3,-21.0,3.0,0,0,0,0,0,0,0,0.03125,64,2.410406741546467,3.1414024531841274,3.2822135835886,0,129
value_off,20260899,2,3,35.0,1.0,1,0,0,0,0,0,0,0.0,49,2.434764627595337,3.184970840811729,3.236789256334305,0,98
value_off,20260899,3,3,-8.0,2.5,0,0,0,0,0,0,0,0.043478260869565216,46,2.309009635254093,2.8324397280812263,2.8475020080804825,0,92
value_off,20260900,0,1,-20.0,3.0,0,0,0,0,0,0,0,0.05,20,2.4367845617234707,2.917928621172905,3.0643735080957413,0,41
value_off,20260900,1,1,60.0,1.0,1,1,0,0,0,0,0,0.09523809523809523,21,2.2893004296790984,2.6541557163000107,2.692475914955139,0,41
value_off,20260900,2,1,-20.0,3.0,0,0,0,0,0,0,0,0.0,20,2.3867710493505,3.030163887888193,3.120899200439453,0,41
value_off,20260900,3,1,-20.0,3.0,0,0,0,0,0,0,0,0.0,20,2.335037011653185,3.001808188855648,3.0419230461120605,0,41
value_off,20260901,0,0,60.0,1.0,1,1,0,0,0,0,0,0.023809523809523808,42,2.4053193185301054,3.045244794338941,3.3170338720083237,0,83
value_off,20260901,1,0,-20.0,3.0,0,0,0,0,0,0,0,0.02564102564102564,39,2.413129147428733,3.1114570796489716,3.1793974339962006,0,79
value_off,20260901,2,0,-20.0,3.0,0,0,0,0,0,0,0,0.023809523809523808,42,2.307871001816931,2.8049593791365623,3.0492525547742844,0,85
value_off,20260901,3,0,-20.0,3.0,0,0,0,0,0,0,0,0.024390243902439025,41,2.396400018436153,3.0483920127153397,3.434903919696808,0,83
value_off,20260902,0,2,-19.0,3.0,0,0,0,0,0,0,0,0.045454545454545456,22,2.3999072780663315,2.907977160066366,2.9400549829006195,0,45
value_off,20260902,1,2,-19.0,3.0,0,0,0,0,0,0,0,0.0,22,2.3834360763430595,2.7908350341022015,3.8650445640087128,0,45
value_off,20260902,2,2,57.0,1.0,1,1,0,0,0,0,0,0.043478260869565216,23,2.319355535766353,2.9789667576551437,2.9908400028944016,0,45
value_off,20260902,3,2,-19.0,3.0,0,0,0,0,0,0,0,0.0,22,2.3683628744699736,3.0555802397429943,3.228403627872467,0,45
value_off,20260903,0,2,-8.0,2.5,0,0,0,0,0,0,0,0.012345679012345678,81,2.3916652311145525,2.8847362846136093,2.9891151934862137,0,163
value_off,20260903,1,2,34.0,1.0,1,0,0,0,0,0,0,0.0,83,2.6338286697864532,3.94776351749897,3.9701461791992188,0,167
value_off,20260903,2,2,-18.0,4.0,0,0,1,10,0,0,0,0.024691358024691357,81,2.3021427109653567,2.735557034611702,2.76821106672287,0,163
value_off,20260903,3,2,35.0,1.0,1,0,0,0,0,0,0,0.03225806451612903,62,2.2982331593671153,2.8150749392807484,2.9499083757400513,0,123
value_off,20260904,0,0,-8.0,2.5,0,0,0,0,0,0,0,0.01282051282051282,78,2.376363827632024,2.899823896586895,3.004128113389015,0,157
value_off,20260904,1,0,-8.0,2.5,0,0,0,0,0,0,0,0.0,40,2.4068182334303856,3.1084598042070866,3.1583327800035477,0,80
value_off,20260904,2,0,32.0,1.0,1,0,0,0,0,0,0,0.025,40,2.369896462187171,3.113703615963459,3.182835876941681,0,80
value_off,20260904,3,0,-8.0,2.5,0,0,0,0,0,0,0,0.05,40,2.3107631132006645,2.825488243252039,3.143094480037689,0,80
value_off,20260905,0,3,44.0,1.0,1,0,0,0,0,0,0,0.03333333333333333,30,2.410551533102989,2.9112525284290314,3.036618232727051,0,60
value_off,20260905,1,3,-8.0,2.5,0,0,0,0,0,0,0,0.022727272727272728,88,2.319204155355692,2.7415167540311813,3.2002385705709457,0,176
value_off,20260905,2,3,-8.0,2.5,0,0,0,0,0,0,0,0.0,30,2.331346645951271,2.963362261652946,3.0079465359449387,0,60
value_off,20260905,3,3,35.0,1.0,1,0,0,0,0,0,0,0.0975609756097561,41,2.2707428419735374,2.8618555516004562,2.9086731374263763,0,82
value_off,20260906,0,2,49.0,1.0,1,0,0,0,0,0,0,0.0,30,2.437159977853298,2.972366940230131,2.9816143214702606,0,60
value_off,20260906,1,2,-8.0,2.5,0,0,0,0,0,0,0,0.020833333333333332,48,2.4033066195746264,2.944474760442972,4.253644496202469,0,96
value_off,20260906,2,2,33.0,1.0,1,0,0,0,0,0,0,0.022727272727272728,44,2.367255997590043,3.0312487855553627,3.1839534640312195,0,88
value_off,20260906,3,2,-8.0,2.5,0,0,0,0,0,0,0,0.0,30,2.3255079984664917,2.905240375548601,2.96112522482872,0,60
value_off,20260907,0,1,43.0,1.0,1,0,0,0,0,0,0,0.0392156862745098,51,2.339917691607101,2.6616938412189484,2.8678961098194122,0,102
value_off,20260907,1,1,-8.0,2.5,0,0,0,0,0,0,0,0.04,50,2.356252744793892,2.8574755415320396,4.667976871132851,0,100
value_off,20260907,2,1,-8.0,2.5,0,0,0,0,0,0,0,0.0196078431372549,51,2.338482724393115,2.9836343601346016,3.2221078872680664,0,102
value_off,20260907,3,1,-28.0,4.0,0,0,1,20,0,0,0,0.02,50,2.3479073122143745,2.8810150921344757,3.73983196914196,0,100
value_off,20260908,0,1,-8.0,2.5,0,0,0,0,0,0,0,0.0,79,2.4954773532816126,3.2262874767184253,4.853269085288048,0,158
value_off,20260908,1,1,49.0,1.0,1,0,0,0,0,0,0,0.0,55,2.505257624116811,3.14064659178257,5.485016852617264,0,110
value_off,20260908,2,1,-18.0,4.0,0,0,1,10,0,0,0,0.036585365853658534,82,2.422009344871451,2.8269529342651367,7.284713909029961,0,164
value_off,20260908,3,1,-8.0,2.5,0,0,0,0,0,0,0,0.030303030303030304,66,2.3557197471911255,2.8592809103429317,5.835682153701782,0,132
value_off,20260909,0,0,33.0,1.0,1,0,0,0,0,0,0,0.05555555555555555,54,2.3328338715213315,2.8461826033890247,2.899300307035446,0,108
value_off,20260909,1,0,-8.0,2.5,0,0,0,0,0,0,0,0.018518518518518517,54,2.317975792619917,2.7798620983958244,2.8582625091075897,0,108
value_off,20260909,2,0,-17.0,4.0,0,0,1,9,0,0,0,0.08,50,2.3448828607797623,2.843668684363365,5.6445300579071045,0,100
value_off,20260909,3,0,-8.0,2.5,0,0,0,0,0,0,0,0.061224489795918366,49,2.2861097312095215,2.8318762779235835,2.8784703463315964,0,98
value_off,20260910,0,2,-21.0,3.0,0,0,0,0,0,0,0,0.025,40,2.3923045955598354,2.9566005803644657,2.9991064220666885,0,81
value_off,20260910,1,2,-21.0,3.0,0,0,0,0,0,0,0,0.0,40,2.632674388587475,3.3953778445720606,6.3499994575977325,0,81
value_off,20260910,2,2,63.0,1.0,1,1,0,0,0,0,0,0.0,41,2.409910737741284,2.915631979703903,6.127573549747467,0,81
value_off,20260910,3,2,-21.0,3.0,0,0,0,0,0,0,0,0.0,40,2.3966016713529825,2.894838899374008,5.182728171348572,0,81
value_off,20260911,0,1,-8.0,2.5,0,0,0,0,0,0,0,0.0,52,2.4996333612272372,3.2654776237905025,4.112005233764648,0,104
value_off,20260911,1,1,34.0,1.0,1,0,0,0,0,0,0,0.057692307692307696,52,2.3819789505348754,2.817236166447401,6.271939724683762,0,104
value_off,20260911,2,1,-8.0,2.5,0,0,0,0,0,0,0,0.038461538461538464,52,2.401307225227356,2.811773959547281,5.453811958432198,0,104
value_off,20260911,3,1,-18.0,4.0,0,0,1,10,0,0,0,0.0,56,2.4107188718127355,3.194918856024742,3.2581333070993423,0,112
value_off,20260912,0,0,-17.0,4.0,0,0,1,9,0,0,0,0.023255813953488372,43,2.4574026898589243,3.247816674411297,3.2587051391601562,0,86
value_off,20260912,1,0,-8.0,2.5,0,0,0,0,0,0,0,0.023809523809523808,42,2.4933105866823877,3.2952248118817806,3.497302532196045,0,84
value_off,20260912,2,0,-20.0,3.0,0,0,0,0,0,0,0,0.0,47,2.3914050469373134,3.1395062804222102,3.183595836162567,0,95
value_off,20260912,3,0,-8.0,2.5,0,0,0,0,0,0,0,0.0,43,2.4276709314002547,3.0549058690667152,3.245668485760689,0,86
value_off,20260913,0,0,66.0,1.0,1,1,0,0,0,0,0,0.05263157894736842,38,2.3603817251952073,2.8406240977346897,3.277711570262909,0,75
value_off,20260913,1,0,-22.0,3.0,0,0,0,0,0,0,0,0.05405405405405406,37,2.3140567480712324,2.808121964335441,3.03683802485466,0,75
value_off,20260913,2,0,-22.0,3.0,0,0,0,0,0,0,0,0.08108108108108109,37,2.3844026633211084,2.887836843729019,5.8386437594890594,0,75
value_off,20260913,3,0,-23.0,4.0,0,0,1,15,0,0,0,0.018518518518518517,54,2.436143242650562,3.2415934838354588,3.346063196659088,0,107
value_off,20260914,0,3,33.0,1.0,1,0,0,0,0,0,0,0.0410958904109589,73,2.3431689414667756,2.805959805846213,3.590589389204979,0,146
value_off,20260914,1,3,-8.0,2.5,0,0,0,0,0,0,0,0.02702702702702703,37,2.336961091370196,2.9302649199962616,2.9737036675214767,0,74
value_off,20260914,2,3,-8.0,2.5,0,0,0,0,0,0,0,0.03389830508474576,59,2.311540041434563,2.8464116156101227,2.9411055147647858,0,118
value_off,20260914,3,3,-8.0,2.5,0,0,0,0,0,0,0,0.01694915254237288,59,2.365676023192325,3.0018389225006095,4.23259474337101,0,118
value_off,20260915,0,1,-20.0,3.0,0,0,0,0,0,0,0,0.0,81,2.532662984765606,3.3560656011104584,3.744974732398987,0,163
value_off,20260915,1,1,0.0,2.5,0,0,0,0,0,1,0,0.012195121951219513,82,2.4046085138873354,3.145664557814598,5.070552229881287,0,164
value_off,20260915,2,1,0.0,2.5,0,0,0,0,0,1,0,0.0,86,2.402209048700887,2.9471414163708687,4.542259499430656,0,172
value_off,20260915,3,1,38.0,1.0,1,0,0,0,0,0,0,0.0,68,2.346313531127046,2.9648092575371265,3.0692443251609802,0,136
value_off,20260916,0,0,38.0,1.0,1,0,0,0,0,0,0,0.0425531914893617,47,2.370528520104733,2.8149964287877074,4.541501402854919,0,94
value_off,20260916,1,0,-23.0,4.0,0,0,1,15,0,0,0,0.024390243902439025,41,2.3449072387160323,2.7818437665700912,3.7331804633140564,0,82
value_off,20260916,2,0,-8.0,2.5,0,0,0,0,0,0,0,0.0975609756097561,41,2.37938639049123,2.8856806457042694,4.49797511100769,0,82
value_off,20260916,3,0,-8.0,2.5,0,0,0,0,0,0,0,0.027777777777777776,36,2.292170241061184,2.8465609066188335,2.8758104890584946,0,72
value_off,20260917,0,1,-8.0,2.5,0,0,0,0,0,0,0,0.0392156862745098,51,2.699275336721364,3.774261102080345,5.958095192909241,0,102
value_off,20260917,1,1,-8.0,2.5,0,0,0,0,0,0,0,0.027777777777777776,36,2.5597595506244235,3.4125372767448425,4.690786823630333,0,72
value_off,20260917,2,1,34.0,1.0,1,0,0,0,0,0,0,0.044444444444444446,45,2.2876407123274274,2.6097483932971954,4.00293804705143,0,90
value_off,20260917,3,1,-17.0,3.0,0,0,0,0,0,0,0,0.016666666666666666,60,2.342848169306914,2.8727157041430473,2.97681987285614,0,121
value_off,20260918,0,1,-18.0,4.0,0,0,1,10,0,0,0,0.058823529411764705,34,2.391354673925568,2.941697183996439,3.008304163813591,0,68
value_off,20260918,1,1,34.0,1.0,1,0,0,0,0,0,0,0.09090909090909091,44,2.355947032232176,2.6471130549907684,5.886377766728401,0,88
value_off,20260918,2,1,-8.0,2.5,0,0,0,0,0,0,0,0.0,33,2.3403494534167377,2.9718175530433655,3.0788443982601166,0,66
value_off,20260918,3,1,-22.0,3.0,0,0,0,0,0,0,0,0.0,34,2.379057216731941,3.0902977101504803,3.1201764941215515,0,69
value_off,20260919,0,0,34.0,1.0,1,0,0,0,0,0,0,0.05,60,2.3952873423695564,2.8226247057318687,5.72960264980793,0,121
value_off,20260919,1,0,-23.0,4.0,0,0,1,15,0,0,0,0.014705882352941176,68,2.460022073458223,3.073414135724306,5.803637206554413,0,137
value_off,20260919,2,0,-8.0,2.5,0,0,0,0,0,0,0,0.046511627906976744,43,2.3436496510755185,2.7806464582681656,3.7595629692077637,0,85
value_off,20260919,3,0,-8.0,2.5,0,0,0,0,0,0,0,0.045454545454545456,66,2.373506540827679,2.9831333085894585,6.496286019682884,0,133
value_off,20260920,0,2,36.0,1.0,1,0,0,0,0,0,0,0.06666666666666667,30,2.497113744417826,2.9477309435606003,5.843348801136017,0,60
value_off,20260920,1,2,-8.0,2.5,0,0,0,0,0,0,0,0.03333333333333333,30,2.465053958197435,3.071480244398117,5.417248234152794,0,60
value_off,20260920,2,2,-8.0,2.5,0,0,0,0,0,0,0,0.0,28,2.344035410455295,2.8874103911221027,2.95339897274971,0,56
value_off,20260920,3,2,-8.0,2.5,0,0,0,0,0,0,0,0.0,31,2.4097375571727753,2.8795143589377403,5.549801513552666,0,62
value_off,20260921,0,1,-8.0,2.5,0,0,0,0,0,0,0,0.0,49,2.4340046303612843,3.1017992645502086,3.191577270627022,0,98
value_off,20260921,1,1,0.0,2.5,0,0,0,0,0,1,1,0.023255813953488372,86,2.3259583124241163,2.758206333965063,4.126301035284996,0,172
value_off,20260921,2,1,50.0,1.0,1,0,0,0,0,0,0,0.04081632653061224,49,2.397358227445155,2.9680363833904266,4.0838271379470825,0,98
value_off,20260921,3,1,-33.0,4.0,0,0,1,25,0,0,0,0.0,75,2.5219661742448807,3.245568461716175,8.22075642645359,0,151
value_off,20260922,0,0,-19.0,3.0,0,0,0,0,0,0,0,0.0,59,2.442839255524894,3.0259331688284874,3.1942427158355713,0,119
value_off,20260922,1,0,-8.0,2.5,0,0,0,0,0,0,0,0.04838709677419355,62,2.3069463129485808,2.6471488177776337,4.089700058102608,0,124
value_off,20260922,2,0,33.0,1.0,1,0,0,0,0,0,0,0.05084745762711865,59,2.31414682910604,2.8470849618315697,2.9196571558713913,0,118
value_off,20260922,3,0,-20.0,3.0,0,0,0,0,0,0,0,0.014925373134328358,67,2.451875955978436,3.0545398592948905,4.904363304376602,0,135
value_off,20260923,0,1,-8.0,2.5,0,0,0,0,0,0,0,0.017241379310344827,58,2.4122800678014755,2.883495483547449,3.6581866443157196,0,116
value_off,20260923,1,1,-8.0,2.5,0,0,0,0,0,0,0,0.0196078431372549,51,2.4300399510299457,3.1686918810009956,3.5682134330272675,0,102
value_off,20260923,2,1,-8.0,2.5,0,0,0,0,0,0,0,0.0,58,2.4872428320091347,3.016120009124279,7.975844666361809,0,116
value_off,20260923,3,1,35.0,1.0,1,0,0,0,0,0,0,0.0,58,2.3964335820798217,3.203814011067152,3.5996343940496445,0,116
value_off,20260924,0,2,54.0,1.0,1,1,0,0,0,0,0,0.027777777777777776,36,2.3615778837766914,2.9236897826194763,3.06130014359951,0,71
value_off,20260924,1,2,-18.0,3.0,0,0,0,0,0,0,0,0.02857142857142857,35,2.429876316870962,3.0314521864056583,4.305442795157433,0,71
value_off,20260924,2,2,-18.0,3.0,0,0,0,0,0,0,0,0.08571428571428572,35,2.3111816495656967,2.9067048802971835,3.0829887837171555,0,71
value_off,20260924,3,2,-18.0,3.0,0,0,0,0,0,0,0,0.0,35,2.346373988049371,3.046559914946556,3.090605139732361,0,71
value_off,20260925,0,3,-8.0,2.5,0,0,0,0,0,0,0,0.03225806451612903,31,2.388998084971982,2.927352674305439,2.964423969388008,0,62
value_off,20260925,1,3,37.0,1.0,1,0,0,0,0,0,0,0.08571428571428572,35,2.3540348346744264,2.926071733236313,3.1268708407878876,0,70
value_off,20260925,2,3,-19.0,3.0,0,0,0,0,0,0,0,0.046153846153846156,65,2.3299008894425173,2.673666924238205,6.8191587924957275,0,131
value_off,20260925,3,3,-21.0,4.0,0,0,1,13,0,0,0,0.0,35,2.313104271888733,3.018840029835701,3.0860211700201035,0,70
value_off,20260926,0,1,-17.0,4.0,0,0,1,9,0,0,0,0.03125,32,2.424170554149896,2.9682272113859653,3.0115824192762375,0,64
value_off,20260926,1,1,-17.0,3.0,0,0,0,0,0,0,0,0.07692307692307693,39,2.3655868015992336,2.696037292480469,5.554180592298508,0,79
value_off,20260926,2,1,33.0,1.0,1,0,0,0,0,0,0,0.03125,32,2.351060276851058,2.7960941195487976,4.331100732088089,0,64
value_off,20260926,3,1,-8.0,2.5,0,0,0,0,0,0,0,0.0,32,2.3408486740663648,2.920685801655054,2.9884185642004013,0,64
value_off,20260927,0,2,32.0,1.0,1,0,0,0,0,0,0,0.017857142857142856,56,2.4365251218633994,3.0483421869575977,3.117077052593231,0,112
value_off,20260927,1,2,-17.0,4.0,0,0,1,9,0,0,0,0.013513513513513514,74,2.3664615645601943,2.759119588881731,5.3119957447052,0,148
value_off,20260927,2,2,0.0,2.5,0,0,0,0,0,1,1,0.0,86,2.4207383177654687,3.2354267314076424,3.3938996493816376,0,172
value_off,20260927,3,2,-8.0,2.5,0,0,0,0,0,0,0,0.014925373134328358,67,2.3524635540905283,3.0801715329289436,3.1780079007148743,0,134
value_off,20260928,0,0,63.0,1.0,1,1,0,0,0,0,0,0.014084507042253521,71,2.3803534642071793,2.818026579916477,2.9180049896240234,0,141
value_off,20260928,1,0,48.0,1.0,1,1,0,0,0,0,0,0.019230769230769232,52,2.445924525650648,3.1429575756192207,3.437533974647522,0,103
value_off,20260928,2,0,-21.0,3.0,0,0,0,0,0,0,0,0.0,70,2.4313398769923618,3.339248802512884,3.68499755859375,0,141
value_off,20260928,3,0,-18.0,3.0,0,0,0,0,0,0,0,0.0,58,2.3692367469956137,3.0311652459204197,3.0852630734443665,0,117
value_off,20260929,0,3,0.0,2.5,0,0,0,0,0,1,0,0.022727272727272728,88,2.3754747711460698,2.867784444242716,2.920806407928467,0,176
value_off,20260929,1,3,-8.0,2.5,0,0,0,0,0,0,0,0.0,62,2.425143254860755,3.225682768970728,3.369273617863655,0,124
value_off,20260929,2,3,-17.0,4.0,0,0,1,9,0,0,0,0.05660377358490566,53,2.3198598679506555,2.9091622680425644,3.035983070731163,0,106
value_off,20260929,3,3,-17.0,4.0,0,0,1,9,0,0,0,0.0,62,2.4583196387656274,3.3714409917593002,3.521496430039406,0,124
value_off,20260930,0,3,-8.0,2.5,0,0,0,0,0,0,0,0.0,35,2.4835809533085142,3.3467685803771015,3.455139696598053,0,70
value_off,20260930,1,3,-19.0,4.0,0,0,1,11,0,0,0,0.06896551724137931,29,2.335934803403657,2.8838131576776505,2.9144659638404846,0,58
value_off,20260930,2,3,33.0,1.0,1,0,0,0,0,0,0,0.0,50,2.3758356645703316,3.088307846337557,3.1618475914001465,0,100
value_off,20260930,3,3,-8.0,2.5,0,0,0,0,0,0,0,0.02,50,2.3292837664484978,2.963695675134659,3.0053406953811646,0,100
value_off,20260931,0,1,63.0,1.0,1,1,0,0,0,0,0,0.021739130434782608,46,2.3556135837798533,2.827068790793419,2.9339436441659927,0,91
value_off,20260931,1,1,-21.0,3.0,0,0,0,0,0,0,0,0.043478260869565216,46,2.2996998513522358,2.7231923304498196,2.902744337916374,0,93
value_off,20260931,2,1,-21.0,3.0,0,0,0,0,0,0,0,0.044444444444444446,45,2.2819733868042626,2.6682116091251373,2.8403736650943756,0,91
value_off,20260931,3,1,-16.0,3.0,0,0,0,0,0,0,0,0.0,68,2.358290640746846,2.9824865981936455,3.079123795032501,0,137
value_off,20260932,0,0,-8.0,2.5,0,0,0,0,0,0,0,0.0,39,2.4839221284939694,3.2553423196077347,3.285331651568413,0,78
value_off,20260932,1,0,-8.0,2.5,0,0,0,0,0,0,0,0.05,40,2.306339843198657,2.6958712376654144,2.9863789677619934,0,80
value_off,20260932,2,0,-21.0,4.0,0,0,1,13,0,0,0,0.0,39,2.363927328051665,2.996770106256008,3.0447226017713547,0,78
value_off,20260932,3,0,-19.0,4.0,0,0,1,11,0,0,0,0.05,40,2.2674218751490116,2.656177617609501,2.777518704533577,0,80
value_off,20260933,0,3,36.0,1.0,1,0,0,0,0,0,0,0.0,46,2.3901100148973256,2.938767895102501,3.0297841876745224,0,92
value_off,20260933,1,3,-20.0,4.0,0,0,1,12,0,0,0,0.04878048780487805,41,2.319407308610474,2.7032941579818726,3.0706971883773804,0,82
value_off,20260933,2,3,-8.0,2.5,0,0,0,0,0,0,0,0.0,41,2.352590104792176,3.017386421561241,3.043435513973236,0,82
value_off,20260933,3,3,-8.0,2.5,0,0,0,0,0,0,0,0.044444444444444446,45,2.284822737177213,2.7311235666275024,2.966172993183136,0,90
value_off,20260934,0,0,-16.0,4.0,0,0,1,8,0,0,0,0.03389830508474576,59,2.3503333203873393,2.7622077614068985,2.924550324678421,0,118
value_off,20260934,1,0,-8.0,2.5,0,0,0,0,0,0,0,0.05084745762711865,59,2.284472681960817,2.6863595470786095,2.8257127851247787,0,118
value_off,20260934,2,0,-36.0,3.0,0,0,0,0,0,0,0,0.0,81,2.481189958843184,3.458617255091667,3.7319157272577286,0,163
value_off,20260934,3,0,-16.0,3.0,0,0,0,0,0,0,0,0.0,46,2.411992977494779,3.0503077432513237,3.1918156892061234,0,93
value_off,20260935,0,3,-8.0,2.5,0,0,0,0,0,0,0,0.0,39,2.414350899366232,2.9037004336714745,3.840092569589615,0,78
value_off,20260935,1,3,49.0,1.0,1,0,0,0,0,0,0,0.0,39,2.4918439583136487,3.3153053373098373,3.4323111176490784,0,78
value_off,20260935,2,3,-8.0,2.5,0,0,0,0,0,0,0,0.02564102564102564,39,2.30857113806101,2.7872420847415924,3.074098378419876,0,78
value_off,20260935,3,3,-33.0,4.0,0,0,1,25,0,0,0,0.05128205128205128,39,2.363757970623481,3.0701132491230965,3.589347004890442,0,78
value_off,20260936,0,0,-31.0,3.0,0,0,0,0,0,0,0,0.0,39,2.40902416408062,2.8762802481651306,3.6093369126319885,0,79
value_off,20260936,1,0,-31.0,3.0,0,0,0,0,0,0,0,0.0,39,2.415683932411365,2.9674649238586426,3.0840281397104263,0,79
value_off,20260936,2,0,-31.0,3.0,0,0,0,0,0,0,0,0.0,39,2.4151836927884665,3.1372010707855225,3.3905282616615295,0,79
value_off,20260936,3,0,-21.0,3.0,0,0,0,0,0,0,0,0.0,42,2.4267640408305895,3.335931245237588,3.733331337571144,0,85
value_off,20260937,0,0,-16.0,3.0,0,0,0,0,0,0,0,0.07142857142857142,28,2.433669420757464,3.1129014678299427,3.2088831067085266,0,57
value_off,20260937,1,0,48.0,1.0,1,1,0,0,0,0,0,0.06896551724137931,29,2.318392475617343,2.836193516850471,2.8869211673736572,0,57
value_off,20260937,2,0,-16.0,3.0,0,0,0,0,0,0,0,0.0,28,2.3642206298453465,2.962813153862953,3.0634403228759766,0,57
value_off,20260937,3,0,-16.0,3.0,0,0,0,0,0,0,0,0.0,28,2.4446636172277585,3.3636322245001793,3.4199953079223633,0,57
value_off,20260938,0,3,-8.0,2.5,0,0,0,0,0,0,0,0.037037037037037035,27,2.455104625335446,3.1743917614221573,3.405952826142311,0,54
value_off,20260938,1,3,-8.0,2.5,0,0,0,0,0,0,0,0.0,31,2.445006502732154,3.196265548467636,3.268437460064888,0,62
value_off,20260938,2,3,34.0,1.0,1,0,0,0,0,0,0,0.0625,32,2.3484230623580515,2.9882334172725677,3.0352603644132614,0,64
value_off,20260938,3,3,-17.0,4.0,0,0,1,9,0,0,0,0.05,40,2.4050083477050066,3.0641783960163584,3.777299076318741,0,80
value_off,20260939,0,3,-19.0,3.0,0,0,0,0,0,0,0,0.021739130434782608,46,2.3611618367874105,2.8855656273663044,2.9625091701745987,0,93
value_off,20260939,1,3,-19.0,3.0,0,0,0,0,0,0,0,0.08695652173913043,46,2.2743364148165868,2.6791798882186413,2.8266441076993942,0,93
value_off,20260939,2,3,57.0,1.0,1,1,0,0,0,0,0,0.0425531914893617,47,2.2829570113978486,2.72732675075531,2.8636660426855087,0,93
value_off,20260939,3,3,-19.0,3.0,0,0,0,0,0,0,0,0.0,45,2.374799425403277,3.0969541519880295,3.111768513917923,0,91
value_off,20260940,0,2,-20.0,3.0,0,0,0,0,0,0,0,0.0,26,2.407199703156948,2.8822841122746468,2.9256679117679596,0,53
value_off,20260940,1,2,-18.0,3.0,0,0,0,0,0,0,0,0.0,30,2.5089693566163382,3.487911447882652,3.612084314227104,0,61
value_off,20260940,2,2,60.0,1.0,1,1,0,0,0,0,0,0.0,27,2.376231192438691,3.1473329290747643,3.3002737909555435,0,53
value_off,20260940,3,2,-18.0,3.0,0,0,0,0,0,0,0,0.03333333333333333,30,2.3234901328881583,2.917447406798601,2.994367852807045,0,61
value_off,20260941,0,1,-23.0,4.0,0,0,1,15,0,0,0,0.03225806451612903,62,2.37195773590957,2.8827412985265246,3.0067618936300278,0,124
value_off,20260941,1,1,-8.0,2.5,0,0,0,0,0,0,0,0.03225806451612903,31,2.355476360647909,2.878285013139248,2.9085204005241394,0,62
value_off,20260941,2,1,-35.0,3.0,0,0,0,0,0,0,0,0.0,53,2.3215873483216987,2.9486414045095444,2.995448186993599,0,107
value_off,20260941,3,1,39.0,1.0,1,0,0,0,0,0,0,0.047619047619047616,42,2.2518038306207884,2.6349673978984356,2.651667222380638,0,84
value_off,20260942,0,2,-27.0,3.0,0,0,0,0,0,0,0,0.0,48,2.685823943465948,4.120331071317196,5.08112832903862,0,97
value_off,20260942,1,2,34.0,1.0,1,0,0,0,0,0,0,0.023809523809523808,42,2.3455103593213216,2.808578033000231,2.875581383705139,0,84
value_off,20260942,2,2,-8.0,2.5,0,0,0,0,0,0,0,0.024390243902439025,41,2.320715657821516,2.8532035648822784,2.8854627162218094,0,82
value_off,20260942,3,2,-18.0,4.0,0,0,1,10,0,0,0,0.0,42,2.396030573263055,3.1925475224852558,3.274759277701378,0,84
value_off,20260943,0,3,-8.0,2.5,0,0,0,0,0,0,0,0.030303030303030304,33,2.3394753648476168,2.740979939699173,2.8713680803775787,0,66
value_off,20260943,1,3,-8.0,2.5,0,0,0,0,0,0,0,0.030303030303030304,33,2.4119184324235627,3.1283721327781677,3.2198727130889893,0,66
value_off,20260943,2,3,-18.0,4.0,0,0,1,10,0,0,0,0.037037037037037035,27,2.3508829375108085,2.9947182163596153,3.0035506933927536,0,54
value_off,20260943,3,3,32.0,1.0,1,0,0,0,0,0,0,0.06060606060606061,33,2.252044720631657,2.787860110402107,2.910822629928589,0,66
value_off,20260944,0,3,-23.0,3.0,0,0,0,0,0,0,0,0.047619047619047616,21,2.3843833200988316,2.8790682554244995,2.961415797472,0,43
value_off,20260944,1,3,-23.0,3.0,0,0,0,0,0,0,0,0.0,21,2.471849854503359,3.214450553059578,3.234492614865303,0,43
value_off,20260944,2,3,69.0,1.0,1,1,0,0,0,0,0,0.0,22,2.370440824465318,3.106171265244484,3.2099224627017975,0,43
value_off,20260944,3,3,-23.0,3.0,0,0,0,0,0,0,0,0.0,21,2.2865783068395795,2.9077306389808655,2.931687980890274,0,43
value_off,20260945,0,1,-8.0,2.5,0,0,0,0,0,0,0,0.03333333333333333,30,2.424595629175504,2.934467140585184,2.988392487168312,0,60
value_off,20260945,1,1,-16.0,4.0,0,0,1,8,0,0,0,0.05128205128205128,39,2.439825246349359,3.1241828575730324,3.2411087304353714,0,78
value_off,20260945,2,1,35.0,1.0,1,0,0,0,0,0,0,0.05084745762711865,59,2.3357961011134973,3.021478466689586,3.1537171453237534,0,118
value_off,20260945,3,1,35.0,1.0,1,0,0,0,0,0,0,0.06666666666666667,30,2.264303403596083,2.6646859012544155,2.7110259979963303,0,60
value_off,20260946,0,2,-8.0,2.5,0,0,0,0,0,0,0,0.030303030303030304,66,2.4011272541952855,2.9781837947666645,3.141261637210846,0,132
value_off,20260946,1,2,32.0,1.0,1,0,0,0,0,0,0,0.04838709677419355,62,2.289399534704224,2.82471077516675,2.880193293094635,0,124
value_off,20260946,2,2,0.0,2.5,0,0,0,0,0,1,0,0.0,88,2.353140279989351,2.998149674385786,3.1667184084653854,0,176
value_off,20260946,3,2,0.0,2.5,0,0,0,0,0,1,1,0.02197802197802198,91,2.309332100244669,2.7954326942563057,2.9727332293987274,0,182
value_off,20260947,0,0,-16.0,4.0,0,0,1,8,0,0,0,0.041666666666666664,48,2.3450733860954642,2.819957304745912,3.1210333108901978,0,96
value_off,20260947,1,0,54.0,1.0,1,1,0,0,0,0,0,0.0425531914893617,47,2.35382154425408,2.9409267008304596,3.029497340321541,0,93
value_off,20260947,2,0,57.0,1.0,1,1,0,0,0,0,0,0.0,46,2.395462082779926,3.138796892017126,3.238249570131302,0,91
value_off,20260947,3,0,-18.0,3.0,0,0,0,0,0,0,0,0.0,42,2.3062203877738545,2.8439922258257866,2.915412187576294,0,85
value_off,20260948,0,3,-8.0,2.5,0,0,0,0,0,0,0,0.02702702702702703,37,2.3399567281877673,2.710375562310219,2.8796885162591934,0,74
value_off,20260948,1,3,-19.0,3.0,0,0,0,0,0,0,0,0.018867924528301886,53,2.397756039533975,3.0809931457042694,3.5143718123435974,0,107
value_off,20260948,2,3,-16.0,4.0,0,0,1,8,0,0,0,0.0,38,2.3623923525998465,2.9534039087593555,3.0441638082265854,0,76
value_off,20260948,3,3,-16.0,4.0,0,0,1,8,0,0,0,0.0,37,2.35530361533165,2.959013730287552,3.085412085056305,0,74
value_off,20260949,0,0,-8.0,2.5,0,0,0,0,0,0,0,0.08823529411764706,34,2.3367652012144817,2.739352080971002,3.3135581761598587,0,68
value_off,20260949,1,0,90.0,1.0,1,1,0,0,0,0,0,0.014285714285714285,70,2.3228335061243603,2.8093788772821426,2.9119979590177536,0,139
value_off,20260949,2,0,-8.0,2.5,0,0,0,0,0,0,0,0.0,73,2.384192144421682,3.1514041125774384,3.2359734177589417,0,146
value_off,20260949,3,0,-16.0,4.0,0,0,1,8,0,0,0,0.0,34,2.3408705806907486,2.957513276487589,3.0857697129249573,0,68
value_off,20260950,0,3,54.0,1.0,1,1,0,0,0,0,0,0.013157894736842105,76,2.378246011702638,2.89850402623415,3.1718872487545013,0,152
value_off,20260950,1,3,-20.0,4.0,0,0,1,12,0,0,0,0.0,39,2.3731267891633205,3.090481460094452,3.211371600627899,0,78
value_off,20260950,2,3,-32.0,3.0,0,0,0,0,0,0,0,0.019230769230769232,52,2.315163827286317,2.881058491766453,2.9382389038801193,0,105
value_off,20260950,3,3,-8.0,2.5,0,0,0,0,0,0,0,0.0,65,2.4439463248619666,3.2817523926496506,3.536749631166458,0,130
value_off,20260951,0,1,-8.0,2.5,0,0,0,0,0,0,0,0.0,59,2.544854878116462,3.4792283549904823,3.607267513871193,0,118
value_off,20260951,1,1,48.0,1.0,1,0,0,0,0,0,0,0.0,59,2.3575112602468264,2.9265914112329483,3.0145402997732162,0,118
value_off,20260951,2,1,-24.0,3.0,0,0,0,0,0,0,0,0.0379746835443038,79,2.319366093489188,2.854740247130394,3.038231283426285,0,159
value_off,20260951,3,1,-8.0,2.5,0,0,0,0,0,0,0,0.01694915254237288,59,2.3469600068815684,3.0578911304473877,3.1501557677984238,0,118
value_off,20260952,0,2,-33.0,3.0,0,0,0,0,0,0,0,0.0,70,2.399793799434389,2.986286301165819,3.1799860298633575,0,141
value_off,20260952,1,2,-8.0,2.5,0,0,0,0,0,0,0,0.0,60,2.38642276575168,3.074642736464739,3.1282007694244385,0,120
value_off,20260952,2,2,-33.0,3.0,0,0,0,0,0,0,0,0.04477611940298507,67,2.306827469103372,2.7287909761071205,2.8583556413650513,0,135
value_off,20260952,3,2,34.0,1.0,1,0,0,0,0,0,0,0.020833333333333332,48,2.3565908583501973,2.936670184135437,3.0403323471546173,0,96
value_off,20260953,0,0,48.0,1.0,1,1,0,0,0,0,0,0.0,37,2.4373642093426473,3.042200952768326,3.2298006117343903,0,73
value_off,20260953,1,0,-16.0,3.0,0,0,0,0,0,0,0,0.0,32,2.408885397017002,3.040767926722765,3.1268689781427383,0,65
value_off,20260953,2,0,-16.0,3.0,0,0,0,0,0,0,0,0.0,36,2.3681106977164745,3.0333842150866985,3.149569034576416,0,73
value_off,20260953,3,0,-16.0,3.0,0,0,0,0,0,0,0,0.027777777777777776,36,2.3301921577917204,2.937117125838995,2.9523056000471115,0,73
value_off,20260954,0,0,0.0,2.5,0,0,0,0,0,1,1,0.0,84,2.546709452179216,3.4819898195564742,3.77555750310421,0,168
value_off,20260954,1,0,32.0,1.0,1,0,0,0,0,0,0,0.012658227848101266,79,2.40618886449669,3.0797146260738373,3.184827044606209,0,158
value_off,20260954,2,0,-8.0,2.5,0,0,0,0,0,0,0,0.0,61,2.3993370352221315,3.215186297893524,3.38897667825222,0,122
value_off,20260954,3,0,90.0,1.0,1,1,0,0,0,0,0,0.0379746835443038,79,2.290834802426869,2.895129658281803,3.0847471207380295,0,157
value_off,20260955,0,2,0.0,2.5,0,0,0,0,0,1,0,0.023529411764705882,85,2.3570674964610268,2.7669567614793777,2.9614120721817017,0,169
value_off,20260955,1,2,-8.0,2.5,0,0,0,0,0,0,0,0.0,73,2.5053331500863374,3.486986830830573,3.728063777089119,0,147
value_off,20260955,2,2,-8.0,2.5,0,0,0,0,0,0,0,0.0,70,2.353139966726303,2.9094149358570576,2.9322411864995956,0,141
value_off,20260955,3,2,-19.0,3.0,0,0,0,0,0,0,0,0.037037037037037035,81,2.2828811204727786,2.7107354253530502,2.819456160068512,0,164
value_off,20260956,0,2,-8.0,2.5,0,0,0,0,0,0,0,0.030303030303030304,33,2.3784679219578253,2.8496816754341125,2.8999317437410355,0,66
value_off,20260956,1,2,37.0,1.0,1,0,0,0,0,0,0,0.0,33,2.4139591012940262,3.0794773250818253,3.084549680352211,0,66
value_off,20260956,2,2,-21.0,4.0,0,0,1,13,0,0,0,0.0,33,2.335532596617034,3.033949062228203,3.1794216483831406,0,66
value_off,20260956,3,2,-8.0,2.5,0,0,0,0,0,0,0,0.09090909090909091,33,2.251445400443944,2.697623148560524,2.728443592786789,0,66
value_off,20260957,0,2,33.0,1.0,1,0,0,0,0,0,0,0.027777777777777776,36,2.4347521571649446,3.114262130111456,3.1758975237607956,0,72
value_off,20260957,1,2,-8.0,2.5,0,0,0,0,0,0,0,0.0625,32,2.329397015273571,2.8659981675446033,3.0326806008815765,0,64
value_off,20260957,2,2,-8.0,2.5,0,0,0,0,0,0,0,0.020833333333333332,48,2.3266144950563707,2.874129731208086,2.9304344207048416,0,96
value_off,20260957,3,2,-17.0,4.0,0,0,1,9,0,0,0,0.015625,64,2.3412391601596028,2.962086908519268,3.609219565987587,0,128
value_off,20260958,0,3,-8.0,2.5,0,0,0,0,0,0,0,0.0,30,2.401552970210711,3.06820385158062,3.0960366129875183,0,60
value_off,20260958,1,3,-18.0,4.0,0,0,1,10,0,0,0,0.014925373134328358,67,2.38022408378658,2.8940107673406597,3.007303923368454,0,134
value_off,20260958,2,3,-8.0,2.5,0,0,0,0,0,0,0,0.03333333333333333,30,2.3309693982203803,2.851537615060806,2.9360800981521606,0,60
value_off,20260958,3,3,-17.0,4.0,0,0,1,9,0,0,0,0.02040816326530612,49,2.33702399596876,2.898970991373062,3.00612673163414,0,98
value_off,20260959,0,1,-25.0,3.0,0,0,0,0,0,0,0,0.0,28,2.4300721207899705,3.046846017241478,3.1615253537893295,0,57
value_off,20260959,1,1,40.0,1.0,1,0,0,0,0,0,0,0.07142857142857142,28,2.3190188221633434,2.87688672542572,3.5438276827335358,0,56
value_off,20260959,2,1,-25.0,3.0,0,0,0,0,0,0,0,0.07142857142857142,28,2.2903227114251683,2.70874947309494,2.858676016330719,0,57
value_off,20260959,3,1,-25.0,3.0,0,0,0,0,0,0,0,0.07142857142857142,28,2.355435730091163,2.913465164601803,2.971792593598366,0,57
value_off,20260960,0,3,54.0,1.0,1,1,0,0,0,0,0,0.02,50,2.394283451139927,2.8944386169314384,2.9684361070394516,0,99
value_off,20260960,1,3,-16.0,4.0,0,0,1,8,0,0,0,0.014925373134328358,67,2.332208983933748,2.7994096279144287,2.903953194618225,0,134
value_off,20260960,2,3,38.0,1.0,1,0,0,0,0,0,0,0.029411764705882353,68,2.32801674043431,3.0820786952972408,3.2208040356636047,0,136
value_off,20260960,3,3,-21.0,3.0,0,0,0,0,0,0,0,0.016666666666666666,60,2.2931762039661407,2.746895980089903,2.8279386460781097,0,121
value_off,20260961,0,3,-16.0,3.0,0,0,0,0,0,0,0,0.02631578947368421,38,2.386563849684439,2.9595550149679184,2.982739359140396,0,77
value_off,20260961,1,3,-25.0,4.0,0,0,1,17,0,0,0,0.06382978723404255,47,2.322962943543779,2.737523801624775,2.7921218425035477,0,94
value_off,20260961,2,3,-16.0,3.0,0,0,0,0,0,0,0,0.05263157894736842,38,2.3523567636546336,2.9055041261017323,3.82380373775959,0,77
value_off,20260961,3,3,-16.0,3.0,0,0,0,0,0,0,0,0.02631578947368421,38,2.3227674690516373,2.974652498960495,3.0937213450670242,0,77
value_off,20260962,0,1,-26.0,4.0,0,0,1,18,0,0,0,0.03125,32,2.39395018434152,2.9082532040774822,2.944624051451683,0,64
value_off,20260962,1,1,-35.0,3.0,0,0,0,0,0,0,0,0.014084507042253521,71,2.3530332083013694,2.8647733852267265,2.8901956975460052,0,143
value_off,20260962,2,1,-8.0,2.5,0,0,0,0,0,0,0,0.041666666666666664,48,2.298537758179009,2.8429534286260605,2.9428061097860336,0,96
value_off,20260962,3,1,45.0,1.0,1,0,0,0,0,0,0,0.041666666666666664,48,2.283256151713431,2.792916540056467,2.812422811985016,0,96
value_off,20260963,0,3,34.0,1.0,1,0,0,0,0,0,0,0.0,23,2.5697462260723114,3.459136001765728,4.040226340293884,0,46
value_off,20260963,1,3,-8.0,2.5,0,0,0,0,0,0,0,0.0,23,2.3534815434528435,2.83841323107481,2.8482135385274887,0,46
value_off,20260963,2,3,-18.0,4.0,0,0,1,10,0,0,0,0.043478260869565216,23,2.273694166670675,2.675972692668438,2.72534042596817,0,46
value_off,20260963,3,3,-8.0,2.5,0,0,0,0,0,0,0,0.043478260869565216,23,2.332931789367095,2.9990455135703087,3.0901841819286346,0,46
value_off,20260964,0,2,-8.0,2.5,0,0,0,0,0,0,0,0.017241379310344827,58,2.3584733235424964,2.790175098925829,3.2862313091754913,0,116
value_off,20260964,1,2,39.0,1.0,1,0,0,0,0,0,0,0.07894736842105263,38,2.2961854640590516,2.826243080198765,2.981141209602356,0,76
value_off,20260964,2,2,-24.0,3.0,0,0,0,0,0,0,0,0.0,54,2.3740794578636133,3.0426157638430595,3.066493198275566,0,109
value_off,20260964,3,2,-24.0,3.0,0,0,0,0,0,0,0,0.0,54,2.4325144304721444,3.2317038625478736,3.6939233541488647,0,109
value_off,20260965,0,2,-17.0,3.0,0,0,0,0,0,0,0,0.034482758620689655,29,2.3964342886003953,2.9877867549657817,3.0529554933309555,0,59
value_off,20260965,1,2,-8.0,2.5,0,0,0,0,0,0,0,0.038461538461538464,52,2.285893146808331,2.670482639223337,2.698328346014023,0,104
value_off,20260965,2,2,-17.0,3.0,0,0,0,0,0,0,0,0.017543859649122806,57,2.309518653834075,2.83387191593647,2.9238685965538025,0,115
value_off,20260965,3,2,-17.0,3.0,0,0,0,0,0,0,0,0.0,57,2.377533664306005,3.0503027141094208,3.2309312373399734,0,115
value_off,20260966,0,1,41.0,1.0,1,0,0,0,0,0,0,0.022727272727272728,44,2.367345954884182,2.8377466835081577,2.8594937175512314,0,88
value_off,20260966,1,1,-18.0,4.0,0,0,1,10,0,0,0,0.0,40,2.385504962876439,2.9555807821452613,3.162205219268799,0,80
value_off,20260966,2,1,-8.0,2.5,0,0,0,0,0,0,0,0.0,57,2.3424880611791945,2.9297061264514923,2.968505024909973,0,114
value_off,20260966,3,1,-8.0,2.5,0,0,0,0,0,0,0,0.0,56,2.450367302766868,3.2287375070154667,3.3546295017004013,0,112
value_off,20260967,0,1,-19.0,4.0,0,0,1,11,0,0,0,0.0,33,2.3787999243447273,2.8538070619106293,2.8904322534799576,0,66
value_off,20260967,1,1,36.0,1.0,1,0,0,0,0,0,0,0.0,61,2.359613745671804,2.8960611671209335,3.295496106147766,0,122
value_off,20260967,2,1,-8.0,2.5,0,0,0,0,0,0,0,0.01639344262295082,61,2.3251654977192646,2.9265321791172028,3.0674822628498077,0,122
value_off,20260967,3,1,-8.0,2.5,0,0,0,0,0,0,0,0.0,61,2.4127369349608654,3.220466896891594,4.057783633470535,0,122
value_off,20260968,0,0,0.0,2.5,0,0,0,0,0,1,0,0.0,83,2.534709668841707,3.308657743036747,5.513560026884079,0,166
value_off,20260968,1,0,-19.0,4.0,0,0,1,11,0,0,0,0.0,34,2.7994274654809166,4.035297501832247,4.2312294244766235,0,68
value_off,20260968,2,0,32.0,1.0,1,0,0,0,0,0,0,0.047619047619047616,42,2.406629334603037,3.0794761143624783,5.975024774670601,0,84
value_off,20260968,3,0,-21.0,4.0,0,0,1,13,0,0,0,0.0,63,2.4603321438743952,3.2672133296728134,4.131874069571495,0,126
value_off,20260969,0,0,-16.0,4.0,0,0,1,8,0,0,0,0.015873015873015872,63,2.4337791616008397,2.8955847024917603,5.095751956105232,0,126
value_off,20260969,1,0,0.0,2.5,0,0,0,0,0,1,0,0.011904761904761904,84,2.345402325902666,2.9195227660238743,2.938404679298401,0,168
value_off,20260969,2,0,-8.0,2.5,0,0,0,0,0,0,0,0.03409090909090909,88,2.3302222305739466,2.754550613462925,5.189757794141769,0,176
value_off,20260969,3,0,-17.0,4.0,0,0,1,9,0,0,0,0.045454545454545456,66,2.2861395652095475,2.7536791749298573,3.553451970219612,0,132
value_off,20260970,0,1,-8.0,2.5,0,0,0,0,0,0,0,0.0,46,2.428067321686641,2.980867400765419,3.0908994376659393,0,92
value_off,20260970,1,1,-8.0,2.5,0,0,0,0,0,0,0,0.06521739130434782,46,2.284736979914748,2.6406580582261086,2.9118824750185013,0,92
value_off,20260970,2,1,-19.0,4.0,0,0,1,11,0,0,0,0.021739130434782608,46,2.3101734645340755,2.7968110516667366,2.8355680406093597,0,92
value_off,20260970,3,1,-18.0,4.0,0,0,1,10,0,0,0,0.045454545454545456,44,2.3299271071499046,3.002186305820942,3.1304359436035156,0,88
value_off,20260971,0,3,168.0,1.0,1,1,0,0,0,0,0,0.1,30,2.2952343647678695,2.5797635316848755,2.8245672583580017,0,59
value_off,20260971,1,3,-8.0,2.5,0,0,0,0,0,0,0,0.0,16,2.3197821574285626,2.8951838612556458,2.9375627636909485,0,32
value_off,20260971,2,3,-55.0,4.0,0,0,1,47,1,0,0,0.07142857142857142,28,2.3454992499734675,2.8253706172108646,3.202483057975769,0,56
value_off,20260971,3,3,-8.0,2.5,0,0,0,0,0,0,0,0.0,16,2.5044985814020038,3.137563820928335,3.5012923181056976,0,32
value_off,20260972,0,3,-8.0,2.5,0,0,0,0,0,0,0,0.043478260869565216,23,2.3778341710567474,2.8664933517575264,2.9000751674175262,0,46
value_off,20260972,1,3,37.0,1.0,1,0,0,0,0,0,0,0.04,25,2.3591167479753494,2.887500822544098,2.941083163022995,0,50
value_off,20260972,2,3,-8.0,2.5,0,0,0,0,0,0,0,0.06666666666666667,30,2.306297111014525,2.900378033518791,2.9248185455799103,0,60
value_off,20260972,3,3,-16.0,4.0,0,0,1,8,0,0,0,0.0,26,2.387230141231647,3.2289857044816017,3.3179447054862976,0,52
value_off,20260973,0,3,32.0,1.0,1,0,0,0,0,0,0,0.029411764705882353,34,2.3617266184266876,2.8162771835923195,2.8939396142959595,0,68
value_off,20260973,1,3,0.0,2.5,0,0,0,0,0,1,0,0.011627906976744186,86,2.464101324940837,3.1424625776708126,4.229450598359108,0,172
value_off,20260973,2,3,-18.0,3.0,0,0,0,0,0,0,0,0.014492753623188406,69,2.305035843797352,2.828165516257286,2.879498526453972,0,139
value_off,20260973,3,3,-8.0,2.5,0,0,0,0,0,0,0,0.0,34,2.362100133562789,3.061557188630104,3.095807507634163,0,68
value_off,20260974,0,1,-8.0,2.5,0,0,0,0,0,0,0,0.0,73,2.495999741431785,3.2858055084943762,3.663867712020874,0,146
value_off,20260974,1,1,38.0,1.0,1,0,0,0,0,0,0,0.014705882352941176,68,2.361847142524579,2.945955004543066,3.031393513083458,0,136
value_off,20260974,2,1,-8.0,2.5,0,0,0,0,0,0,0,0.014705882352941176,68,2.3817313725457474,3.0972332693636417,3.221845254302025,0,136
value_off,20260974,3,1,-22.0,4.0,0,0,1,14,0,0,0,0.029411764705882353,68,2.342692850267186,2.9846434481441975,3.0666589736938477,0,136
value_off,20260975,0,3,-26.0,3.0,0,0,0,0,0,0,0,0.03571428571428571,28,2.3527068219014575,2.8133713640272613,2.9017291963100433,0,57
value_off,20260975,1,3,-26.0,3.0,0,0,0,0,0,0,0,0.0,28,2.3955487247024263,3.0267445370554924,3.0691921710968018,0,57
value_off,20260975,2,3,-22.0,3.0,0,0,0,0,0,0,0,0.11538461538461539,26,2.295138529286935,2.7756085619330406,2.80044786632061,0,53
value_off,20260975,3,3,78.0,1.0,1,1,0,0,0,0,0,0.034482758620689655,29,2.275734304867942,2.7368862181901927,2.806996926665306,0,57
value_off,20260976,0,2,-18.0,3.0,0,0,0,0,0,0,0,0.0625,48,2.3326329343641796,2.6575181633234024,2.9015671461820602,0,97
value_off,20260976,1,2,33.0,1.0,1,0,0,0,0,0,0,0.05405405405405406,37,2.325519113927274,2.774979546666145,2.938617020845413,0,74
value_off,20260976,2,2,-18.0,3.0,0,0,0,0,0,0,0,0.0,49,2.430042251944542,3.2300859689712524,3.4155379980802536,0,99
value_off,20260976,3,2,-16.0,4.0,0,0,1,8,0,0,0,0.022727272727272728,44,2.3810028691183436,3.0132983811199665,3.6525651812553406,0,88
value_off,20260977,0,2,-21.0,3.0,0,0,0,0,0,0,0,0.0,40,2.5220643263310194,3.48527105525136,3.7479717284440994,0,81
value_off,20260977,1,2,-21.0,3.0,0,0,0,0,0,0,0,0.04878048780487805,41,2.3656305743426813,2.8521325439214706,2.935275435447693,0,83
value_off,20260977,2,2,-32.0,4.0,0,0,1,24,0,0,0,0.05,40,2.3094873409718275,2.695294190198183,2.8538350015878677,0,80
value_off,20260977,3,2,63.0,1.0,1,1,0,0,0,0,0,0.0,41,2.338740520360993,2.9691606760025024,3.0738748610019684,0,81
value_off,20260978,0,0,-8.0,2.5,0,0,0,0,0,0,0,0.05128205128205128,39,2.3337116894813685,2.6899103075265884,2.9109343886375427,0,78
value_off,20260978,1,0,-8.0,2.5,0,0,0,0,0,0,0,0.01282051282051282,78,2.342545475142124,2.84917326644063,3.013279289007187,0,156
value_off,20260978,2,0,84.0,1.0,1,1,0,0,0,0,0,0.012195121951219513,82,2.454100017685716,3.47811346873641,3.794493153691292,0,163
value_off,20260978,3,0,0.0,2.5,0,0,0,0,0,1,0,0.011764705882352941,85,2.297768259749693,2.7820389717817307,3.025732934474945,0,170
value_off,20260979,0,3,-19.0,4.0,0,0,1,11,0,0,0,0.06451612903225806,31,2.347795833503046,2.6871785521507263,2.970099449157715,0,62
value_off,20260979,1,3,-8.0,2.5,0,0,0,0,0,0,0,0.06451612903225806,31,2.3026720530563787,2.749047242105007,2.866435796022415,0,62
value_off,20260979,2,3,-8.0,2.5,0,0,0,0,0,0,0,0.03225806451612903,31,2.322088866945236,2.923569642007351,3.42571921646595,0,62
value_off,20260979,3,3,35.0,1.0,1,0,0,0,0,0,0,0.0,31,2.378678129565331,3.3142315223813057,3.42508964240551,0,62
value_off,20260980,0,0,-8.0,2.5,0,0,0,0,0,0,0,0.020833333333333332,48,2.3951607290655375,2.9124767519533634,3.0490178614854813,0,96
value_off,20260980,1,0,44.0,1.0,1,0,0,0,0,0,0,0.0,48,2.5621457025408745,3.65101657807827,3.8226116448640823,0,96
value_off,20260980,2,0,-8.0,2.5,0,0,0,0,0,0,0,0.0,48,2.3442720218251147,2.9139374382793903,2.9587503522634506,0,96
value_off,20260980,3,0,35.0,1.0,1,0,0,0,0,0,0,0.05405405405405406,37,2.3070188692292652,2.847055345773697,2.91336327791214,0,74
value_off,20260981,0,3,-16.0,4.0,0,0,1,8,0,0,0,0.0,45,2.4051069799396725,2.940564602613449,2.961020916700363,0,90
value_off,20260981,1,3,33.0,1.0,1,0,0,0,0,0,0,0.06976744186046512,43,2.353031881326853,3.008885495364666,3.0610784888267517,0,86
value_off,20260981,2,3,-8.0,2.5,0,0,0,0,0,0,0,0.023255813953488372,43,2.2958643994359083,2.7228452265262604,2.8815586119890213,0,86
value_off,20260981,3,3,47.0,1.0,1,0,0,0,0,0,0,0.05405405405405406,37,2.337102753085059,3.039010614156723,3.068983554840088,0,74
value_off,20260982,0,0,-8.0,2.5,0,0,0,0,0,0,0,0.0,30,2.403351478278637,2.8752335347235203,3.5058464854955673,0,60
value_off,20260982,1,0,35.0,1.0,1,0,0,0,0,0,0,0.0,49,2.509877465817393,3.243033960461616,4.48068231344223,0,98
value_off,20260982,2,0,-8.0,2.5,0,0,0,0,0,0,0,0.04081632653061224,49,2.5395384172395783,3.5243835300207107,3.9470791816711426,0,98
value_off,20260982,3,0,-8.0,2.5,0,0,0,0,0,0,0,0.03333333333333333,30,2.2787159929672876,2.8128984384238715,3.1397324055433273,0,60
value_off,20260983,0,0,-8.0,2.5,0,0,0,0,0,0,0,0.07017543859649122,57,2.3115404080926325,2.7136828750371924,3.2145269215106964,0,114
value_off,20260983,1,0,84.0,1.0,1,1,0,0,0,0,0,0.017857142857142856,56,2.3254917801490853,2.855312079191208,2.8821956366300583,0,111
value_off,20260983,2,0,-27.0,4.0,0,0,1,19,0,0,0,0.017543859649122806,57,2.3662241731296505,3.147847205400467,3.299107775092125,0,114
value_off,20260983,3,0,-17.0,4.0,0,0,1,9,0,0,0,0.02857142857142857,35,2.2784856813294545,2.8525937348604202,2.9217563569545746,0,70
value_off,20260984,0,2,0.0,2.5,0,0,0,0,0,1,0,0.0,84,2.45555882741298,3.1799827702343464,3.3838599920272827,0,168
value_off,20260984,1,2,-8.0,2.5,0,0,0,0,0,0,0,0.01818181818181818,55,2.3733513260429557,2.984030917286873,3.3371932804584503,0,110
value_off,20260984,2,2,-8.0,2.5,0,0,0,0,0,0,0,0.016666666666666666,60,2.324695854137341,2.9357347637414932,2.9448717832565308,0,120
value_off,20260984,3,2,-19.0,4.0,0,0,1,11,0,0,0,0.017857142857142856,56,2.3822428858173743,3.156503662467003,3.2806340605020523,0,112
value_off,20260985,0,2,-8.0,2.5,0,0,0,0,0,0,0,0.0,32,2.4357782676815987,3.104474116116762,3.1968075782060623,0,64
value_off,20260985,1,2,46.0,1.0,1,0,0,0,0,0,0,0.0,35,2.4765906589371816,3.382754698395729,3.496358171105385,0,70
value_off,20260985,2,2,-30.0,4.0,0,0,1,22,0,0,0,0.0,35,2.3223554449422017,2.8802668675780296,2.9317401349544525,0,70
value_off,20260985,3,2,-8.0,2.5,0,0,0,0,0,0,0,0.02857142857142857,35,2.300136855670384,2.905484661459923,2.9418282210826874,0,70
value_off,20260986,0,1,-8.0,2.5,0,0,0,0,0,0,0,0.0,59,2.3790108892372097,2.909267134964466,3.065904602408409,0,118
value_off,20260986,1,1,-20.0,3.0,0,0,0,0,0,0,0,0.03125,64,2.326891612028703,2.8781491331756115,2.929132431745529,0,129
value_off,20260986,2,1,-8.0,2.5,0,0,0,0,0,0,0,0.015625,64,2.3025743721518666,2.8730359859764576,2.964165061712265,0,128
value_off,20260986,3,1,-18.0,4.0,0,0,1,10,0,0,0,0.05,40,2.3231540340930223,3.03976321592927,3.1384211033582687,0,80
value_off,20260987,0,3,0.0,2.5,0,0,0,0,0,1,1,0.023529411764705882,85,2.3279764196451973,2.768022939562797,2.8622131794691086,0,170
value_off,20260987,1,3,34.0,1.0,1,0,0,0,0,0,0,0.0,68,2.396255348096876,3.1188211403787136,3.2661352306604385,0,136
value_off,20260987,2,3,-8.0,2.5,0,0,0,0,0,0,0,0.0,74,2.3282374179846532,2.9025986790657043,3.2845810055732727,0,148
value_off,20260987,3,3,-18.0,4.0,0,0,1,10,0,0,0,0.0,68,2.399651251514168,3.1864087097346783,3.2421182841062546,0,136
value_off,20260988,0,2,-19.0,4.0,0,0,1,11,0,0,0,0.043478260869565216,69,2.3428333140369775,2.801144123077392,2.8998125344514847,0,138
value_off,20260988,1,2,42.0,1.0,1,0,0,0,0,0,0,0.05405405405405406,37,2.308012263194935,2.9311377555131912,2.9959026724100113,0,74
value_off,20260988,2,2,-8.0,2.5,0,0,0,0,0,0,0,0.013513513513513514,74,2.3074007869974986,2.8780346736311913,2.957429736852646,0,148
value_off,20260988,3,2,-8.0,2.5,0,0,0,0,0,0,0,0.0,40,2.324656303972006,3.009220492094755,3.092719241976738,0,80
value_off,20260989,0,3,60.0,1.0,1,1,0,0,0,0,0,0.0,23,2.5293388930351837,3.3886244520545006,3.616165369749069,0,45
value_off,20260989,1,3,-20.0,3.0,0,0,0,0,0,0,0,0.045454545454545456,22,2.3749309845946054,3.037289995700121,3.077203407883644,0,45
value_off,20260989,2,3,-20.0,3.0,0,0,0,0,0,0,0,0.0,22,2.400186674838716,3.1103224493563175,3.1303316354751587,0,45
value_off,20260989,3,3,-20.0,3.0,0,0,0,0,0,0,0,0.045454545454545456,22,2.288304777307944,2.806247863918543,2.8703566640615463,0,45
value_off,20260990,0,0,-16.0,4.0,0,0,1,8,0,0,0,0.0,48,2.4638856993988156,3.079874161630869,3.325406461954117,0,96
value_off,20260990,1,0,0.0,2.5,0,0,0,0,0,1,1,0.012658227848101266,79,2.3335967024293125,3.008689731359482,3.1157247722148895,0,158
value_off,20260990,2,0,-8.0,2.5,0,0,0,0,0,0,0,0.0,60,2.337315088758866,2.97678355127573,3.017762675881386,0,120
value_off,20260990,3,0,-16.0,4.0,0,0,1,8,0,0,0,0.05,60,2.2557225078344345,2.7770246379077435,2.8224773705005646,0,120
value_off,20260991,0,3,-8.0,2.5,0,0,0,0,0,0,0,0.0425531914893617,47,2.35855611080819,2.910241298377514,3.1061694025993347,0,94
value_off,20260991,1,3,-28.0,4.0,0,0,1,20,0,0,0,0.06382978723404255,47,2.2553455956438753,2.530353330075741,2.749929204583168,0,94
value_off,20260991,2,3,44.0,1.0,1,0,0,0,0,0,0,0.02127659574468085,47,2.3319806824339198,3.0560176819562903,3.258202224969864,0,94
value_off,20260991,3,3,-27.0,4.0,0,0,1,19,0,0,0,0.0,25,2.3215222358703613,2.9128294438123703,2.918139100074768,0,50
value_off,20260992,0,0,-22.0,3.0,0,0,0,0,0,0,0,0.0425531914893617,47,2.3615779157014605,2.898148261010647,2.924801781773567,0,95
value_off,20260992,1,0,-8.0,2.5,0,0,0,0,0,0,0,0.02702702702702703,37,2.3279268093205787,2.9480602592229843,2.9747653752565384,0,74
value_off,20260992,2,0,66.0,1.0,1,1,0,0,0,0,0,0.04,50,2.2979160770773888,2.8783603571355343,3.0126087367534637,0,99
value_off,20260992,3,0,-8.0,2.5,0,0,0,0,0,0,0,0.047619047619047616,42,2.310066306520076,2.9586514458060265,3.050491213798523,0,84
value_off,20260993,0,1,-8.0,2.5,0,0,0,0,0,0,0,0.034482758620689655,29,2.4690129633607536,3.2400332391262054,3.4935008734464645,0,58
value_off,20260993,1,1,-8.0,2.5,0,0,0,0,0,0,0,0.0,29,2.377187704731678,3.052779659628868,3.1143873929977417,0,58
value_off,20260993,2,1,-18.0,4.0,0,0,1,10,0,0,0,0.0,29,2.3207630448300263,2.9241077601909637,3.0043628066778183,0,58
value_off,20260993,3,1,-17.0,3.0,0,0,0,0,0,0,0,0.13636363636363635,22,2.2491632368076933,2.6188299991190434,2.8606466948986053,0,45
value_off,20260994,0,1,48.0,1.0,1,1,0,0,0,0,0,0.058823529411764705,17,2.3910870008608875,2.991124987602234,3.168627619743347,0,33
value_off,20260994,1,1,-8.0,2.5,0,0,0,0,0,0,0,0.05555555555555555,36,2.2820265860193305,2.716722898185253,2.795463427901268,0,72
value_off,20260994,2,1,-17.0,4.0,0,0,1,9,0,0,0,0.06521739130434782,46,2.253048607836599,2.6885406114161015,2.8149541467428207,0,92
value_off,20260994,3,1,-8.0,2.5,0,0,0,0,0,0,0,0.07142857142857142,14,2.250180978860174,2.720258478075266,2.740355208516121,0,28
value_off,20260995,0,2,-17.0,3.0,0,0,0,0,0,0,0,0.025974025974025976,77,2.3512671665324794,2.9087938368320465,2.9620788991451263,0,155
value_off,20260995,1,2,34.0,1.0,1,0,0,0,0,0,0,0.014492753623188406,69,2.339482415413511,2.946134284138679,3.083750605583191,0,138
value_off,20260995,2,2,-8.0,2.5,0,0,0,0,0,0,0,0.0,72,2.324482969318827,2.9377602972090244,3.123512491583824,0,144
value_off,20260995,3,2,-8.0,2.5,0,0,0,0,0,0,0,0.02702702702702703,74,2.3103498073445783,2.7392451651394367,3.982262685894966,0,148
value_off,20260996,0,3,-17.0,3.0,0,0,0,0,0,0,0,0.01818181818181818,55,3.1288435513323005,4.937884770333767,7.021339610219002,0,111
value_off,20260996,1,3,-38.0,4.0,0,0,1,30,0,0,0,0.0,52,2.476442426156539,3.256495203822851,3.3503640443086624,0,104
value_off,20260996,2,3,-17.0,3.0,0,0,0,0,0,0,0,0.0,57,2.334203799827057,2.9082119464874268,2.999231219291687,0,115
value_off,20260996,3,3,-8.0,2.5,0,0,0,0,0,0,0,0.047619047619047616,21,2.3110639303922653,2.8747040778398514,2.9184240847826004,0,42
value_off,20260997,0,0,-8.0,2.5,0,0,0,0,0,0,0,0.0,41,2.4671038476432243,3.0697770416736603,3.0770283192396164,0,82
value_off,20260997,1,0,36.0,1.0,1,0,0,0,0,0,0,0.0,41,2.4101287126541138,2.8874967247247696,5.886677652597427,0,82
value_off,20260997,2,0,-8.0,2.5,0,0,0,0,0,0,0,0.024390243902439025,41,2.320443711629728,2.80216708779335,2.8443951159715652,0,82
value_off,20260997,3,0,-20.0,4.0,0,0,1,12,0,0,0,0.024390243902439025,41,2.3226666650394114,2.7548372745513916,3.3775009214878082,0,82
value_off,20260998,0,2,-19.0,4.0,0,0,1,11,0,0,0,0.0,69,2.5292695702418038,3.2940346747636795,3.402870148420334,0,138
value_off,20260998,1,2,37.0,1.0,1,0,0,0,0,0,0,0.0,71,2.4861116749300085,3.0560195446014404,3.5667233169078827,0,142
value_off,20260998,2,2,32.0,1.0,1,0,0,0,0,0,0,0.015384615384615385,65,2.329833576312432,2.801000699400902,2.9446929693222046,0,130
value_off,20260998,3,2,-8.0,2.5,0,0,0,0,0,0,0,0.04225352112676056,71,2.352530687627658,2.765255980193615,5.42411208152771,0,142
value_off,20260999,0,3,81.0,1.0,1,1,0,0,0,0,0,0.04,50,2.327479235827923,2.7861737646162505,2.894146367907524,0,99
value_off,20260999,1,3,-8.0,2.5,0,0,0,0,0,0,0,0.038461538461538464,52,2.357613438597092,2.914603240787983,3.0877869576215744,0,104
value_off,20260999,2,3,-27.0,3.0,0,0,0,0,0,0,0,0.06,50,2.290230356156826,2.7265910990536213,2.854231745004654,0,101
value_off,20260999,3,3,-27.0,3.0,0,0,0,0,0,0,0,0.0,49,2.4346426053314794,3.1871844083070755,3.3019930124282837,0,99
value_off,20261000,0,0,-17.0,4.0,0,0,1,9,0,0,0,0.018867924528301886,53,2.413420428363782,2.886578068137169,3.092380240559578,0,106
value_off,20261000,1,0,-8.0,2.5,0,0,0,0,0,0,0,0.0,53,2.4373858534502535,3.143420815467834,3.3916346728801727,0,106
value_off,20261000,2,0,32.0,1.0,1,0,0,0,0,0,0,0.023809523809523808,42,2.380896270984695,3.089753445237875,3.177136182785034,0,84
value_off,20261000,3,0,-8.0,2.5,0,0,0,0,0,0,0,0.03508771929824561,57,2.3444855683728267,2.937907353043556,3.2307151705026627,0,114
value_off,20261001,0,0,-8.0,2.5,0,0,0,0,0,0,0,0.0,31,2.4644764921357556,3.1396718695759773,3.313019871711731,0,62
value_off,20261001,1,0,-8.0,2.5,0,0,0,0,0,0,0,0.03225806451612903,31,2.3450169471963758,2.8989342972636223,2.9568765312433243,0,62
value_off,20261001,2,0,-21.0,3.0,0,0,0,0,0,0,0,0.0,45,2.334322283665339,2.8468336910009384,2.8675738722085953,0,91
value_off,20261001,3,0,33.0,1.0,1,0,0,0,0,0,0,0.06451612903225806,31,2.3155565103215556,2.88431067019701,3.1428690999746323,0,62
value_off,20261002,0,3,-8.0,2.5,0,0,0,0,0,0,0,0.0,36,2.475272450182173,3.2362802885472775,3.270259127020836,0,72
value_off,20261002,1,3,93.0,1.0,1,1,0,0,0,0,0,0.0,57,2.4975839871586416,3.4167665988206863,3.525359556078911,0,113
value_off,20261002,2,3,-8.0,2.5,0,0,0,0,0,0,0,0.047619047619047616,42,2.277869332049574,2.661765366792679,2.8293821960687637,0,84
value_off,20261002,3,3,-17.0,4.0,0,0,1,9,0,0,0,0.08333333333333333,36,2.2737184125516148,2.6299310848116875,2.7975402772426605,0,72
value_off,20261003,0,1,-18.0,3.0,0,0,0,0,0,0,0,0.0,42,2.5007988193205426,3.2434509135782714,3.2921936362981796,0,85
value_off,20261003,1,1,-18.0,3.0,0,0,0,0,0,0,0,0.023809523809523808,42,2.3690579636465934,3.041001036763191,3.077257424592972,0,85
value_off,20261003,2,1,54.0,1.0,1,1,0,0,0,0,0,0.05128205128205128,39,2.292689318076158,2.761584147810936,2.918839454650879,0,77
value_off,20261003,3,1,-18.0,3.0,0,0,0,0,0,0,0,0.023809523809523808,42,2.359535899900255,3.0004240572452545,3.201369196176529,0,85
value_off,20261004,0,1,-8.0,2.5,0,0,0,0,0,0,0,0.02702702702702703,37,2.3895228734693013,2.9278092086315155,2.929186448454857,0,75
value_off,20261004,1,1,33.0,1.0,1,0,0,0,0,0,0,0.037037037037037035,54,2.336546330264321,2.8785523027181625,3.003086894750595,0,107
value_off,20261004,2,1,-8.0,2.5,0,0,0,0,0,0,0,0.0,35,2.3353767714330127,2.9238972812891006,2.9403120279312134,0,71
value_off,20261004,3,1,-8.0,2.5,0,0,0,0,0,0,0,0.03773584905660377,53,2.299021648348502,2.771774679422378,2.942608669400215,0,107
value_off,20261005,0,3,0.0,2.5,0,0,0,0,0,1,0,0.0,88,2.4084441406144337,2.9295433312654495,3.0265264213085175,0,176
value_off,20261005,1,3,0.0,2.5,0,0,0,0,0,1,0,0.0,84,2.4671580287672223,3.277896251529455,3.4965891391038895,0,168
value_off,20261005,2,3,-8.0,2.5,0,0,0,0,0,0,0,0.034482758620689655,87,2.253453172315126,2.5587202981114388,2.692451700568199,0,174
value_off,20261005,3,3,0.0,2.5,0,0,0,0,0,1,1,0.011764705882352941,85,2.333912099985515,2.9079221189022064,3.03640216588974,0,170
value_off,20261006,0,0,-29.0,3.0,0,0,0,0,0,0,0,0.0,53,2.5063626608758605,3.315015882253647,3.4878216683864594,0,107
value_off,20261006,1,0,54.0,1.0,1,1,0,0,0,0,0,0.047619047619047616,42,2.339565682978857,2.90418928489089,3.005852922797203,0,83
value_off,20261006,2,0,-18.0,3.0,0,0,0,0,0,0,0,0.024390243902439025,41,2.306757267655396,2.9235035181045532,2.9518716037273407,0,83
value_off,20261006,3,0,-18.0,3.0,0,0,0,0,0,0,0,0.0,41,2.336102106222292,2.864699810743332,2.8914492577314377,0,83
value_off,20261007,0,0,32.0,1.0,1,0,0,0,0,0,0,0.0,50,2.411072552204132,2.8486634604632854,3.017675131559372,0,100
value_off,20261007,1,0,99.0,1.0,1,1,0,0,0,0,0,0.0,52,2.40074610337615,2.9767141677439213,3.081250935792923,0,103
value_off,20261007,2,0,-33.0,3.0,0,0,0,0,0,0,0,0.0,51,2.357314651211103,3.058847039937973,3.171095624566078,0,103
value_off,20261007,3,0,-33.0,3.0,0,0,0,0,0,0,0,0.0,51,2.41056603251719,3.234683535993099,3.5495124757289886,0,103
value_off,20261008,0,0,-16.0,4.0,0,0,1,8,0,0,0,0.0,35,2.4292065628937314,2.951316349208355,3.0811429023742676,0,70
value_off,20261008,1,0,-8.0,2.5,0,0,0,0,0,0,0,0.0,70,2.459751974259104,3.248162567615509,3.293704241514206,0,140
value_off,20261008,2,0,-8.0,2.5,0,0,0,0,0,0,0,0.023255813953488372,43,2.2720863046341164,2.5872135534882545,2.9046013951301575,0,86
value_off,20261008,3,0,-19.0,4.0,0,0,1,11,0,0,0,0.017241379310344827,58,2.325975753623864,2.8120714239776134,2.935938537120819,0,116
value_off,20261009,0,1,33.0,1.0,1,0,0,0,0,0,0,0.03389830508474576,59,2.35552681704699,2.7627401053905483,2.898961305618286,0,118
value_off,20261009,1,1,-8.0,2.5,0,0,0,0,0,0,0,0.02,50,2.376306690275669,2.9529171995818615,3.1118784099817276,0,100
value_off,20261009,2,1,-27.0,4.0,0,0,1,19,0,0,0,0.014925373134328358,67,2.315102979096014,2.901480533182621,2.9946230351924896,0,134
value_off,20261009,3,1,-8.0,2.5,0,0,0,0,0,0,0,0.05,60,2.309657074511051,2.772403974086046,2.80802883207798,0,120
value_off,20261010,0,2,-8.0,2.5,0,0,0,0,0,0,0,0.0,78,2.4703250099451113,3.223013784736395,3.4804753959178925,0,156
value_off,20261010,1,2,-19.0,4.0,0,0,1,11,0,0,0,0.05128205128205128,78,2.304123953366891,2.6760059408843517,2.816803753376007,0,156
value_off,20261010,2,2,-23.0,3.0,0,0,0,0,0,0,0,0.011764705882352941,85,2.4416011922499714,3.207133710384369,3.376537933945656,0,171
value_off,20261010,3,2,10.0,2.0,0,0,0,0,0,0,0,0.012195121951219513,82,2.326310112527231,2.802732214331627,2.884047105908394,1,165
value_off,20261011,0,1,-8.0,2.5,0,0,0,0,0,0,0,0.045454545454545456,44,2.3855273611843586,2.909205947071314,2.9508769512176514,0,88
value_off,20261011,1,1,-8.0,2.5,0,0,0,0,0,0,0,0.024390243902439025,41,2.413220794462576,3.125147894024849,3.2021813094615936,0,82
value_off,20261011,2,1,32.0,1.0,1,0,0,0,0,0,0,0.02631578947368421,38,2.3430335874620236,2.8663828037679195,3.0198413878679276,0,76
value_off,20261011,3,1,-8.0,2.5,0,0,0,0,0,0,0,0.0,41,2.389181814179188,3.0875839293003082,3.154333680868149,0,82
value_off,20261012,0,2,-18.0,4.0,0,0,1,10,0,0,0,0.03773584905660377,53,2.4227976517857246,3.023100644350052,3.124276176095009,0,106
value_off,20261012,1,2,75.0,1.0,1,1,0,0,0,0,0,0.0,58,2.34538910846258,2.895339485257864,2.9109809547662735,0,115
value_off,20261012,2,2,32.0,1.0,1,0,0,0,0,0,0,0.018518518518518517,54,2.3201066241772086,2.87548815831542,2.9584597796201706,0,108
value_off,20261012,3,2,-8.0,2.5,0,0,0,0,0,0,0,0.0,54,2.4952513890133963,3.5647329874336715,3.855239599943161,0,108
value_off,20261013,0,1,-28.0,4.0,0,0,1,20,0,0,0,0.0,25,2.448906749486923,3.1168501824140544,3.2077766954898834,0,50
value_off,20261013,1,1,-8.0,2.5,0,0,0,0,0,0,0,0.04,25,2.519252225756645,3.478876128792762,3.6002229899168015,0,50
value_off,20261013,2,1,44.0,1.0,1,0,0,0,0,0,0,0.08,25,2.3004139214754105,2.75171622633934,2.8461068868637085,0,50
value_off,20261013,3,1,-8.0,2.5,0,0,0,0,0,0,0,0.0,25,2.4161047488451004,3.129930794239044,3.1626038253307343,0,50
value_off,20261014,0,1,90.0,1.0,1,1,0,0,0,0,0,0.018867924528301886,53,2.4200968514635877,3.022446110844612,3.330988809466362,0,105
value_off,20261014,1,1,-30.0,3.0,0,0,0,0,0,0,0,0.019230769230769232,52,2.3647420681439915,2.8759073466062546,3.064870834350586,0,105
value_off,20261014,2,1,-30.0,3.0,0,0,0,0,0,0,0,0.0,52,2.393042525419822,3.085129242390394,3.132576122879982,0,105
value_off,20261014,3,1,-30.0,3.0,0,0,0,0,0,0,0,0.038461538461538464,52,2.3154642862769275,2.8742576017975807,2.9982831329107285,0,105
value_off,20261015,0,2,-8.0,2.5,0,0,0,0,0,0,0,0.0,32,2.4278995697386563,3.0158213339746,3.025410696864128,0,64
value_off,20261015,1,2,48.0,1.0,1,1,0,0,0,0,0,0.06,50,2.276558093726635,2.6269524358212943,2.892635762691498,0,99
value_off,20261015,2,2,-8.0,2.5,0,0,0,0,0,0,0,0.05555555555555555,36,2.2816136479377747,2.6611872017383575,2.781227231025696,0,72
value_off,20261015,3,2,51.0,1.0,1,1,0,0,0,0,0,0.027777777777777776,36,2.3722670868866973,3.1913090497255325,3.235047683119774,0,71
value_off,20261016,0,0,52.0,1.0,1,0,0,0,0,0,0,0.0,53,2.389364612271201,2.883791923522949,2.9461830854415894,0,106
value_off,20261016,1,0,0.0,2.5,0,0,0,0,0,1,1,0.011764705882352941,85,2.443334263037233,3.2664325088262554,3.5622604191303253,0,169
value_off,20261016,2,0,32.0,1.0,1,0,0,0,0,0,0,0.028169014084507043,71,2.3203945233368537,2.7357609942555428,4.899116232991219,0,143
value_off,20261016,3,0,0.0,2.5,0,0,0,0,0,1,1,0.03571428571428571,84,2.3137638788847696,3.082389384508132,3.6984849721193314,0,169
value_off,20261017,0,2,-8.0,2.5,0,0,0,0,0,0,0,0.061224489795918366,49,2.372132196110122,2.8387460857629776,4.231000319123268,0,98
value_off,20261017,1,2,-16.0,4.0,0,0,1,8,0,0,0,0.05,20,2.372658345848322,2.841777354478836,2.986367791891098,0,40
value_off,20261017,2,2,-8.0,2.5,0,0,0,0,0,0,0,0.1,20,2.312210761010647,2.8298827819526196,2.865476533770561,0,40
value_off,20261017,3,2,32.0,1.0,1,0,0,0,0,0,0,0.0,20,2.294137980788946,3.0274398624897003,3.1118597835302353,0,40
value_off,20261018,0,3,-8.0,2.5,0,0,0,0,0,0,0,0.0,46,2.4537084543186687,3.1226538121700287,3.466187044978142,0,93
value_off,20261018,1,3,-18.0,4.0,0,0,1,10,0,0,0,0.02127659574468085,47,2.417935851089498,2.8773529455065727,4.304785281419754,0,93
value_off,20261018,2,3,37.0,1.0,1,0,0,0,0,0,0,0.0,42,2.4686924048832486,3.3613319508731365,3.672931343317032,0,85
value_off,20261018,3,3,-21.0,4.0,0,0,1,13,0,0,0,0.025,40,2.402490423992276,3.1221351586282253,3.171391785144806,0,81
value_off,20261019,0,3,-18.0,3.0,0,0,0,0,0,0,0,0.0136986301369863,73,2.361158470380796,2.8060004115104675,2.8871148824691772,0,147
value_off,20261019,1,3,10.0,2.0,0,0,0,0,0,0,0,0.0,71,2.40479052906305,2.967829816043377,3.056162968277931,1,143
value_off,20261019,2,3,51.0,1.0,1,1,0,0,0,0,0,0.0,72,2.4083959870040417,3.121660742908716,3.2789520919322968,0,143
value_off,20261019,3,3,-8.0,2.5,0,0,0,0,0,0,0,0.0,65,2.37908882017319,2.9574330896139145,3.0416492372751236,0,130
value_off,20261020,0,3,32.0,1.0,1,0,0,0,0,0,0,0.01818181818181818,55,2.335675975138491,2.7034759521484375,2.8702355921268463,0,110
value_off,20261020,1,3,-8.0,2.5,0,0,0,0,0,0,0,0.03636363636363636,55,2.3115026002580468,2.6906264945864673,2.8184056282043457,0,110
value_off,20261020,2,3,-18.0,4.0,0,0,1,10,0,0,0,0.031746031746031744,63,2.3504124865645455,2.9896583408117294,3.407619893550873,0,126
value_off,20261020,3,3,-8.0,2.5,0,0,0,0,0,0,0,0.0,55,2.3977867581627588,3.0137209221720695,3.204692155122757,0,110
value_off,20261021,0,0,35.0,1.0,1,0,0,0,0,0,0,0.015625,64,2.3675246629863977,2.837216015905142,2.9085222631692886,0,128
value_off,20261021,1,0,-20.0,4.0,0,0,1,12,0,0,0,0.046153846153846156,65,2.2921251276364694,2.664080262184143,2.871129661798477,0,130
value_off,20261021,2,0,34.0,1.0,1,0,0,0,0,0,0,0.03508771929824561,57,2.298026525399141,2.8649866580963135,3.1034741550683975,0,114
value_off,20261021,3,0,-8.0,2.5,0,0,0,0,0,0,0,0.017857142857142856,56,2.2979666412408863,2.8141713701188564,2.885514870285988,0,112
value_off,20261022,0,2,-20.0,3.0,0,0,0,0,0,0,0,0.06451612903225806,31,2.3837701207207096,2.8293970972299576,2.9300283640623093,0,63
value_off,20261022,1,2,-20.0,3.0,0,0,0,0,0,0,0,0.03225806451612903,31,2.3353970459391995,2.896907739341259,2.9788073152303696,0,63
value_off,20261022,2,2,60.0,1.0,1,1,0,0,0,0,0,0.125,32,2.2339840070344508,2.5964452885091305,2.6377588510513306,0,63
value_off,20261022,3,2,-20.0,3.0,0,0,0,0,0,0,0,0.0,31,2.3860645991179252,3.189018927514553,3.3437106758356094,0,63
value_off,20261023,0,3,-17.0,4.0,0,0,1,9,0,0,0,0.022222222222222223,45,2.412348406182395,2.8749845921993256,4.078615456819534,0,90
value_off,20261023,1,3,34.0,1.0,1,0,0,0,0,0,0,0.04081632653061224,49,2.2887759746945635,2.6523441076278687,2.6664528995752335,0,98
value_off,20261023,2,3,-8.0,2.5,0,0,0,0,0,0,0,0.061224489795918366,49,2.25997518519966,2.672846242785454,2.8295591473579407,0,98
value_off,20261023,3,3,-8.0,2.5,0,0,0,0,0,0,0,0.0,49,2.3174112168501835,2.8778482228517532,2.9599014669656754,0,98
value_off,20261024,0,1,39.0,1.0,1,0,0,0,0,0,0,0.06451612903225806,62,2.3899342444154525,3.0717018991708755,3.1800158321857452,0,124
value_off,20261024,1,1,32.0,1.0,1,0,0,0,0,0,0,0.075,40,2.3454051464796066,2.9338418506085873,2.9624272137880325,0,80
value_off,20261024,2,1,-19.0,3.0,0,0,0,0,0,0,0,0.015625,64,2.3232096573337913,2.8828067705035205,2.989361062645912,0,129
value_off,20261024,3,1,-30.0,4.0,0,0,1,22,0,0,0,0.015384615384615385,65,2.461950509594037,3.322266787290573,4.6395547688007355,0,130
value_off,20261025,0,1,-8.0,2.5,0,0,0,0,0,0,0,0.03333333333333333,60,2.3652786388993263,2.8613273054361343,2.913137897849083,0,120
value_off,20261025,1,1,57.0,1.0,1,1,0,0,0,0,0,0.0,51,2.4920121638798247,3.1711338087916374,5.28126023709774,0,101
value_off,20261025,2,1,-8.0,2.5,0,0,0,0,0,0,0,0.04918032786885246,61,2.264976837351674,2.590527758002281,2.6627834886312485,0,122
value_off,20261025,3,1,-8.0,2.5,0,0,0,0,0,0,0,0.016666666666666666,60,2.3074498400092125,2.831555064767599,2.8872229158878326,0,120
value_off,20261026,0,2,-20.0,3.0,0,0,0,0,0,0,0,0.0,46,2.488203225252421,3.196464851498604,3.3222753554582596,0,93
value_off,20261026,1,2,60.0,1.0,1,1,0,0,0,0,0,0.022222222222222223,45,2.3383470873037973,2.8239384293556213,2.8938427567481995,0,89
value_off,20261026,2,2,-8.0,2.5,0,0,0,0,0,0,0,0.0,49,2.3767776711254704,3.1488645821809764,3.4075602889060974,0,98
value_off,20261026,3,2,-8.0,2.5,0,0,0,0,0,0,0,0.045454545454545456,44,2.3448822003873913,2.9536050744354725,4.051119089126587,0,88
value_off,20261027,0,0,0.0,2.5,0,0,0,0,0,1,1,0.011764705882352941,85,2.3783698897151386,2.8190817683935165,2.8937701135873795,0,170
value_off,20261027,1,0,-27.0,3.0,0,0,0,0,0,0,0,0.03529411764705882,85,2.3405701360281777,2.8711289167404175,4.205372184514999,0,171
value_off,20261027,2,0,-22.0,3.0,0,0,0,0,0,0,0,0.011904761904761904,84,2.4024760794071924,3.1852864660322666,3.653876483440399,0,169
value_off,20261027,3,0,0.0,2.5,0,0,0,0,0,1,1,0.023529411764705882,85,2.2968687336234486,2.7854111045598984,2.9041171073913574,0,170
value_off,20261028,0,0,56.0,1.0,1,0,0,0,0,0,0,0.024096385542168676,83,2.3413767073168814,2.8652345761656757,2.986013889312744,0,166
value_off,20261028,1,0,-8.0,2.5,0,0,0,0,0,0,0,0.012048192771084338,83,2.343105331781399,2.8224559500813484,2.8918664902448654,0,166
value_off,20261028,2,0,-8.0,2.5,0,0,0,0,0,0,0,0.04081632653061224,49,2.312024485091774,2.794046327471733,2.8541982173919678,0,98
value_off,20261028,3,0,-48.0,4.0,0,0,1,40,1,0,0,0.0,83,2.4153186255190744,3.269660659134388,3.4397542476654053,0,166
value_off,20261029,0,2,-8.0,2.5,0,0,0,0,0,0,0,0.016129032258064516,62,2.486456576133928,3.186285402625799,3.2601095736026764,0,124
value_off,20261029,1,2,-32.0,3.0,0,0,0,0,0,0,0,0.0,50,2.3434146866202354,2.834126353263855,2.9856711626052856,0,101
value_off,20261029,2,2,33.0,1.0,1,0,0,0,0,0,0,0.015384615384615385,65,2.3422152950213504,2.9479987919330597,3.028230741620064,0,130
value_off,20261029,3,2,96.0,1.0,1,1,0,0,0,0,0,0.0,52,2.3842683563438745,3.224955592304468,3.51557694375515,0,103
value_off,20261030,0,1,34.0,1.0,1,0,0,0,0,0,0,0.058823529411764705,34,2.371890634736594,2.8835739009082317,2.9481034725904465,0,68
value_off,20261030,1,1,-18.0,4.0,0,0,1,10,0,0,0,0.058823529411764705,34,2.3497592876939213,2.8816320933401585,2.997232601046562,0,68
value_off,20261030,2,1,-8.0,2.5,0,0,0,0,0,0,0,0.058823529411764705,34,2.306659322451143,2.9268067330121994,2.9681846499443054,0,68
value_off,20261030,3,1,-8.0,2.5,0,0,0,0,0,0,0,0.029411764705882353,34,2.3522952790645992,3.0686257407069206,3.269365057349205,0,68
value_off,20261031,0,2,35.0,1.0,1,0,0,0,0,0,0,0.025,40,2.4390831124037504,3.1251135282218456,3.3009983599185944,0,80
value_off,20261031,1,2,-20.0,3.0,0,0,0,0,0,0,0,0.058823529411764705,34,2.321320750257548,2.8100202791392803,2.84564308822155,0,69
value_off,20261031,2,2,54.0,1.0,1,1,0,0,0,0,0,0.0,42,2.3991509030262628,3.3015056513249874,3.3592749387025833,0,83
value_off,20261031,3,2,-8.0,2.5,0,0,0,0,0,0,0,0.06451612903225806,62,2.27032037031266,2.6685568504035473,2.70746648311615,0,123
value_off,20261032,0,1,-8.0,2.5,0,0,0,0,0,0,0,0.0,30,2.4016703168551126,2.972189150750637,3.0467957258224487,0,60
value_off,20261032,1,1,57.0,1.0,1,1,0,0,0,0,0,0.03125,32,2.2985421237535775,2.6473648846149445,2.8011295944452286,0,63
value_off,20261032,2,1,-20.0,3.0,0,0,0,0,0,0,0,0.0,31,2.437937524049513,3.2350951805710793,3.3119041472673416,0,63
value_off,20261032,3,1,-20.0,3.0,0,0,0,0,0,0,0,0.03225806451612903,31,2.2960590619233345,2.7903178706765175,2.8890781104564667,0,63
value_off,20261033,0,0,0.0,2.5,0,0,0,0,0,1,1,0.012345679012345678,81,2.4289064753202743,3.081478178501129,3.3991802483797073,0,161
value_off,20261033,1,0,-8.0,2.5,0,0,0,0,0,0,0,0.02247191011235955,89,2.367872849441646,3.1035639345645905,3.2234638929367065,0,178
value_off,20261033,2,0,-8.0,2.5,0,0,0,0,0,0,0,0.013157894736842105,76,2.3550148318080524,2.992119640111923,3.109639510512352,0,153
value_off,20261033,3,0,0.0,2.5,0,0,0,0,0,1,0,0.0,85,2.4035860072163975,3.1548742204904556,3.304898738861084,0,170
value_off,20261034,0,2,-21.0,4.0,0,0,1,13,0,0,0,0.02702702702702703,37,2.3978112416492925,2.942691370844841,2.992408350110054,0,74
value_off,20261034,1,2,-8.0,2.5,0,0,0,0,0,0,0,0.08108108108108109,37,2.3248982489914507,2.8712328523397446,2.9374565929174423,0,74
value_off,20261034,2,2,-8.0,2.5,0,0,0,0,0,0,0,0.02702702702702703,37,2.300277855750677,2.7587626129388805,2.8289780020713806,0,74
value_off,20261034,3,2,37.0,1.0,1,0,0,0,0,0,0,0.08108108108108109,37,2.274819473559792,2.898439764976501,3.013862296938896,0,74
value_off,20261035,0,0,-8.0,2.5,0,0,0,0,0,0,0,0.06976744186046512,43,2.4164306043192396,3.1501339748501778,3.1841136515140533,0,86
value_off,20261035,1,0,0.0,2.5,0,0,0,0,0,1,0,0.0,83,2.3689334651073777,2.8895340859889984,4.108535125851631,0,166
value_off,20261035,2,0,33.0,1.0,1,0,0,0,0,0,0,0.014285714285714285,70,2.3539853149226735,2.9343238100409503,3.1435303390026093,0,141
value_off,20261035,3,0,0.0,2.5,0,0,0,0,0,1,0,0.023809523809523808,84,2.3333140249763216,2.930348552763462,2.9986128211021423,0,169
value_off,20261036,0,1,-27.0,4.0,0,0,1,19,0,0,0,0.044444444444444446,45,2.3926831781864166,2.976182848215103,3.159884363412857,0,90
value_off,20261036,1,1,-8.0,2.5,0,0,0,0,0,0,0,0.024390243902439025,41,2.3718156011366265,2.8854385018348694,3.2556913793087006,0,82
value_off,20261036,2,1,-17.0,4.0,0,0,1,9,0,0,0,0.0,43,2.4432015800198843,3.2867249101400375,3.7813112139701843,0,86
value_off,20261036,3,1,-8.0,2.5,0,0,0,0,0,0,0,0.03389830508474576,59,2.3241712064561195,2.899385616183281,2.9939785599708557,0,118
value_off,20261037,0,0,-19.0,3.0,0,0,0,0,0,0,0,0.02564102564102564,78,2.4360620822661962,3.0849447473883624,3.246225416660309,0,157
value_off,20261037,1,0,-18.0,4.0,0,0,1,10,0,0,0,0.0,45,2.3748434666130276,2.9002875089645386,3.053097054362297,0,90
value_off,20261037,2,0,35.0,1.0,1,0,0,0,0,0,0,0.03389830508474576,59,2.2853333187305322,2.8552336618304253,2.8965361416339874,0,118
value_off,20261037,3,0,-8.0,2.5,0,0,0,0,0,0,0,0.03508771929824561,57,2.2595175133462537,2.6293735951185226,2.8644390404224396,0,114
value_off,20261038,0,2,32.0,1.0,1,0,0,0,0,0,0,0.047619047619047616,21,2.434308241520609,3.0289962887763977,3.106066957116127,0,42
value_off,20261038,1,2,-19.0,4.0,0,0,1,11,0,0,0,0.047619047619047616,21,2.3198020422742482,2.836409956216812,2.8716474771499634,0,42
value_off,20261038,2,2,-8.0,2.5,0,0,0,0,0,0,0,0.047619047619047616,21,2.291711402081308,2.7372632175683975,2.82234326004982,0,42
value_off,20261038,3,2,-8.0,2.5,0,0,0,0,0,0,0,0.0,21,2.3246694001413526,2.889355644583702,2.933718264102936,0,42
value_off,20261039,0,0,-8.0,2.5,0,0,0,0,0,0,0,0.05,40,2.3252748418599367,2.660596463829279,2.880105748772621,0,80
value_off,20261039,1,0,-19.0,4.0,0,0,1,11,0,0,0,0.1,40,2.2912797052413225,2.6571501046419144,2.8241928666830063,0,80
value_off,20261039,2,0,-8.0,2.5,0,0,0,0,0,0,0,0.025,40,2.2774210199713707,2.705840766429901,2.765243873000145,0,80
value_off,20261039,3,0,32.0,1.0,1,0,0,0,0,0,0,0.0196078431372549,51,2.3259433607260385,2.929138019680977,3.014691174030304,0,102
value_off,20261040,0,2,-8.0,2.5,0,0,0,0,0,0,0,0.0,49,2.5222310986445873,3.3564720302820206,3.517402336001396,0,98
value_off,20261040,1,2,42.0,1.0,1,0,0,0,0,0,0,0.04878048780487805,41,2.3548658028608416,3.005657345056534,3.22519987821579,0,82
value_off,20261040,2,2,-31.0,3.0,0,0,0,0,0,0,0,0.09523809523809523,42,2.2795761358879862,2.7793771587312217,2.8794649988412857,0,85
value_off,20261040,3,2,-8.0,2.5,0,0,0,0,0,0,0,0.029850746268656716,67,2.274062957114248,2.660539932549,2.8860345482826233,0,134
value_off,20261041,0,2,-20.0,3.0,0,0,0,0,0,0,0,0.02666666666666667,75,2.3659233500560126,2.8773358091712,2.999383956193924,0,151
value_off,20261041,1,2,-16.0,3.0,0,0,0,0,0,0,0,0.0,72,2.4046966961274543,3.1021487899124622,3.292948007583618,0,145
value_off,20261041,2,2,-16.0,4.0,0,0,1,8,0,0,0,0.05357142857142857,56,2.2921846580824683,2.7069137431681156,2.747640013694763,0,112
value_off,20261041,3,2,-8.0,2.5,0,0,0,0,0,0,0,0.017857142857142856,56,2.4008793822888816,3.11822397634387,3.2629240304231644,0,112
value_off,20261042,0,1,48.0,1.0,1,0,0,0,0,0,0,0.0,35,2.3801129311323166,2.8742875903844833,2.895757555961609,0,70
value_off,20261042,1,1,-8.0,2.5,0,0,0,0,0,0,0,0.027777777777777776,36,2.39833045957817,2.9839398339390755,4.255866631865501,0,72
value_off,20261042,2,1,-32.0,4.0,0,0,1,24,0,0,0,0.02857142857142857,35,2.2957688995770047,2.7581125497817993,2.8913691639900208,0,70
value_off,20261042,3,1,-8.0,2.5,0,0,0,0,0,0,0,0.02857142857142857,35,2.2643732173102245,2.6872918009757996,2.8539039194583893,0,70
value_off,20261043,0,2,57.0,1.0,1,1,0,0,0,0,0,0.041666666666666664,48,2.359333331696689,2.7442055754363537,2.945171669125557,0,95
value_off,20261043,1,2,33.0,1.0,1,0,0,0,0,0,0,0.0,74,2.548769267426955,3.5909362137317657,3.903687000274658,0,148
value_off,20261043,2,2,-8.0,2.5,0,0,0,0,0,0,0,0.013888888888888888,72,2.3150797157237926,2.7756708674132824,2.9051844030618668,0,144
value_off,20261043,3,2,-8.0,2.5,0,0,0,0,0,0,0,0.027777777777777776,72,2.2915577412479453,2.755118161439896,2.8517991304397583,0,144
value_off,20261044,0,1,40.0,1.0,1,0,0,0,0,0,0,0.02040816326530612,49,2.387726185273151,2.8509583324193954,3.0607320368289948,0,98
value_off,20261044,1,1,-8.0,2.5,0,0,0,0,0,0,0,0.04081632653061224,49,2.2947506560963027,2.726808562874794,2.789383754134178,0,98
value_off,20261044,2,1,0.0,2.5,0,0,0,0,0,1,0,0.0,87,2.3526677583483444,2.999390661716461,3.537442535161972,0,174
value_off,20261044,3,1,0.0,2.5,0,0,0,0,0,1,1,0.03333333333333333,90,2.263276092708111,2.6224161498248577,2.824043855071068,0,180
value_off,20261045,0,2,-18.0,4.0,0,0,1,10,0,0,0,0.0,52,2.4968431904338875,3.1834552995860577,3.33981029689312,0,104
value_off,20261045,1,2,39.0,1.0,1,0,0,0,0,0,0,0.05084745762711865,59,2.2979855095430954,2.6439916342496868,2.8360895812511444,0,118
value_off,20261045,2,2,10.0,2.0,0,0,0,0,0,0,0,0.041666666666666664,72,2.275582351204422,2.566269040107727,2.6331767439842224,1,146
value_off,20261045,3,2,-8.0,2.5,0,0,0,0,0,0,0,0.03125,64,2.317276317626238,2.886113617569208,2.941727638244629,0,129
value_off,20261046,0,0,-22.0,4.0,0,0,1,14,0,0,0,0.03225806451612903,62,2.3728269903409864,2.9196875169873238,3.0368566513061523,0,124
value_off,20261046,1,0,-8.0,2.5,0,0,0,0,0,0,0,0.0,47,2.368577617280027,2.971906401216984,3.0814427882432938,0,94
value_off,20261046,2,0,-8.0,2.5,0,0,0,0,0,0,0,0.0,56,2.4174564917172705,3.2883649691939354,3.3670999109745026,0,112
value_off,20261046,3,0,32.0,1.0,1,0,0,0,0,0,0,0.0196078431372549,51,2.3318929415123137,2.955176867544651,3.0043330043554306,0,102
value_off,20261047,0,0,-8.0,2.5,0,0,0,0,0,0,0,0.0,54,2.474511801092713,3.2307500019669533,3.6479737609624863,0,108
value_off,20261047,1,0,33.0,1.0,1,0,0,0,0,0,0,0.06521739130434782,46,2.2755841441128566,2.5673285126686096,2.7937013655900955,0,92
value_off,20261047,2,0,33.0,1.0,1,0,0,0,0,0,0,0.017543859649122806,57,2.356641648108499,3.1099893152713776,3.240935504436493,0,114
value_off,20261047,3,0,34.0,1.0,1,0,0,0,0,0,0,0.045454545454545456,44,2.2776876999573274,2.6429924182593822,2.8970353305339813,0,88
value_off,20261048,0,1,-19.0,4.0,0,0,1,11,0,0,0,0.03076923076923077,65,2.3500711298905888,2.7040790766477585,2.873692661523819,0,130
value_off,20261048,1,1,-8.0,2.5,0,0,0,0,0,0,0,0.03076923076923077,65,2.2925184896359077,2.683872729539871,2.8522517532110214,0,130
value_off,20261048,2,1,-19.0,3.0,0,0,0,0,0,0,0,0.016666666666666666,60,2.3157742184897265,2.7601599693298335,3.0057597905397415,0,121
value_off,20261048,3,1,48.0,1.0,1,0,0,0,0,0,0,0.0,37,2.3232215663065783,2.9066920280456543,2.9251854866743088,0,74
value_off,20261049,0,2,-16.0,4.0,0,0,1,8,0,0,0,0.046511627906976744,43,2.3923641893752787,2.9596757143735886,3.0175335705280304,0,86
value_off,20261049,1,2,-8.0,2.5,0,0,0,0,0,0,0,0.044444444444444446,45,2.298505273130205,2.7122508734464645,2.8303228318691254,0,90
value_off,20261049,2,2,-8.0,2.5,0,0,0,0,0,0,0,0.0,33,2.327701189752781,2.883749082684517,2.8965845704078674,0,66
value_off,20261049,3,2,32.0,1.0,1,0,0,0,0,0,0,0.05128205128205128,39,2.2718941745085592,2.7031954377889633,2.729177474975586,0,78
value_off,20261050,0,1,-8.0,2.5,0,0,0,0,0,0,0,0.0,64,2.468743739882484,3.145537432283163,3.2073482871055603,0,128
value_off,20261050,1,1,-8.0,2.5,0,0,0,0,0,0,0,0.0,64,2.3542634735349566,2.921726182103157,2.970634028315544,0,128
value_off,20261050,2,1,33.0,1.0,1,0,0,0,0,0,0,0.03125,64,2.2812673123553395,2.705861162394285,2.8901509940624237,0,128
value_off,20261050,3,1,32.0,1.0,1,0,0,0,0,0,0,0.013513513513513514,74,2.34119563892081,2.9415016062557697,3.217041492462158,0,148
value_off,20261051,0,3,35.0,1.0,1,0,0,0,0,0,0,0.016129032258064516,62,2.37344391644001,2.820035256445408,2.922462299466133,0,124
value_off,20261051,1,3,-19.0,4.0,0,0,1,11,0,0,0,0.03225806451612903,62,2.334336840337323,2.8713595122098923,2.946527674794197,0,124
value_off,20261051,2,3,-17.0,3.0,0,0,0,0,0,0,0,0.0,51,2.334295826799729,2.886214293539524,2.948930487036705,0,103
value_off,20261051,3,3,126.0,1.0,1,1,0,0,0,0,0,0.04477611940298507,67,2.29859694060105,2.959112823009491,3.2788682729005814,0,133
value_off,20261052,0,1,63.0,1.0,1,1,0,0,0,0,0,0.05263157894736842,38,2.365045347496083,2.9188827611505985,2.9472187161445618,0,75
value_off,20261052,1,1,-8.0,2.5,0,0,0,0,0,0,0,0.021739130434782608,46,2.398178345807221,3.1283944845199585,3.170512616634369,0,92
value_off,20261052,2,1,39.0,1.0,1,0,0,0,0,0,0,0.043478260869565216,46,2.279044290923554,2.674488816410303,2.901870757341385,0,92
value_off,20261052,3,1,-8.0,2.5,0,0,0,0,0,0,0,0.045454545454545456,44,2.331227868456732,2.889287658035755,3.008635714650154,0,88
value_off,20261053,0,0,-17.0,4.0,0,0,1,9,0,0,0,0.037037037037037035,27,2.417554044061237,2.9769860208034515,3.049604594707489,0,55
value_off,20261053,1,0,-8.0,2.5,0,0,0,0,0,0,0,0.0,31,2.3699562035260664,2.9381876811385155,3.141093999147415,0,63
value_off,20261053,2,0,33.0,1.0,1,0,0,0,0,0,0,0.0967741935483871,31,2.284293213198262,2.809750847518444,2.838844433426857,0,63
value_off,20261053,3,0,-8.0,2.5,0,0,0,0,0,0,0,0.03125,32,2.335685829166323,2.833192702382803,2.837257459759712,0,63
value_off,20261054,0,3,-19.0,4.0,0,0,1,11,0,0,0,0.05,40,2.40087085403502,2.9638592153787613,3.024499863386154,0,80
value_off,20261054,1,3,-8.0,2.5,0,0,0,0,0,0,0,0.05,40,2.296716533601284,2.6637468487024307,2.8276462107896805,0,80
value_off,20261054,2,3,35.0,1.0,1,0,0,0,0,0,0,0.0,40,2.37818518653512,3.117198403924703,3.329489380121231,0,80
value_off,20261054,3,3,-8.0,2.5,0,0,0,0,0,0,0,0.058823529411764705,34,2.3254832691129517,2.937111724168062,2.9708147048950195,0,68
value_off,20261055,0,3,57.0,1.0,1,1,0,0,0,0,0,0.03333333333333333,60,2.4292094943424067,3.091394528746605,3.173612058162689,0,119
value_off,20261055,1,3,-21.0,3.0,0,0,0,0,0,0,0,0.0,59,2.4162755363573463,3.2022299244999886,3.231428563594818,0,119
value_off,20261055,2,3,-21.0,3.0,0,0,0,0,0,0,0,0.031746031746031744,63,2.318440182577996,2.798369340598583,2.8742514550685883,0,127
value_off,20261055,3,3,56.0,1.0,1,0,0,0,0,0,0,0.0,86,2.375820911554403,3.0081761069595814,3.158850595355034,0,172
value_off,20261056,0,1,-8.0,2.5,0,0,0,0,0,0,0,0.02,50,2.388819344341755,2.824996504932642,2.9396452009677887,0,100
value_off,20261056,1,1,35.0,1.0,1,0,0,0,0,0,0,0.021739130434782608,46,2.3388610747845275,2.8891279362142086,2.9625073075294495,0,92
value_off,20261056,2,1,-28.0,3.0,0,0,0,0,0,0,0,0.018867924528301886,53,2.305449847623987,2.7615662664175034,2.7751028537750244,0,107
value_off,20261056,3,1,54.0,1.0,1,1,0,0,0,0,0,0.04,50,2.3057838529348373,2.7901666238904,2.9399413615465164,0,99
value_off,20261057,0,3,-16.0,3.0,0,0,0,0,0,0,0,0.03636363636363636,55,2.396799928762696,2.977301925420761,3.1018704175949097,0,111
value_off,20261057,1,3,-16.0,3.0,0,0,0,0,0,0,0,0.03508771929824561,57,2.354834261432029,2.7581963688135143,2.96599417924881,0,115
value_off,20261057,2,3,48.0,1.0,1,1,0,0,0,0,0,0.034482758620689655,58,2.270122347720738,2.745874598622322,2.870790660381317,0,115
value_off,20261057,3,3,37.0,1.0,1,0,0,0,0,0,0,0.03571428571428571,56,2.2845016127186164,2.7025872841477394,3.0121076852083206,0,112
value_off,20261058,0,2,34.0,1.0,1,0,0,0,0,0,0,0.02564102564102564,39,2.4590533799850025,3.1646035611629486,3.283342346549034,0,78
value_off,20261058,1,2,-8.0,2.5,0,0,0,0,0,0,0,0.02127659574468085,47,2.4191700714699764,3.092644177377224,3.249960020184517,0,94
value_off,20261058,2,2,-16.0,4.0,0,0,1,8,0,0,0,0.0,67,2.347445198849066,2.9723400250077248,3.0250921845436096,0,134
value_off,20261058,3,2,32.0,1.0,1,0,0,0,0,0,0,0.05,40,2.3300694301724434,2.896142285317182,3.058832138776779,0,80
value_off,20261059,0,1,35.0,1.0,1,0,0,0,0,0,0,0.06060606060606061,33,2.395292744040489,2.9397286474704742,2.9825158417224884,0,66
value_off,20261059,1,1,40.0,1.0,1,0,0,0,0,0,0,0.0,44,2.504347950558771,3.484311513602734,3.5605188459157944,0,88
value_off,20261059,2,1,-8.0,2.5,0,0,0,0,0,0,0,0.019230769230769232,52,2.3225266486406326,2.792676165699959,2.8826072812080383,0,104
value_off,20261059,3,1,-23.0,3.0,0,0,0,0,0,0,0,0.11764705882352941,34,2.269385875586201,2.6983871124684806,2.8387196362018585,0,69
value_off,20261060,0,1,-8.0,2.5,0,0,0,0,0,0,0,0.0,48,2.4626863499482474,3.060020413249731,3.1648874282836914,0,96
value_off,20261060,1,1,34.0,1.0,1,0,0,0,0,0,0,0.016666666666666666,60,2.403776782254378,3.0920996330678463,3.1788423657417297,0,120
value_off,20261060,2,1,-18.0,3.0,0,0,0,0,0,0,0,0.0,75,2.343456596136093,2.9507162049412727,3.099178895354271,0,151
value_off,20261060,3,1,-8.0,2.5,0,0,0,0,0,0,0,0.0,63,2.3512312225879186,3.0103404074907303,3.0313748866319656,0,126
value_off,20261061,0,3,42.0,1.0,1,0,0,0,0,0,0,0.017857142857142856,56,2.395773306488991,2.9962072148919106,3.0825044959783554,0,112
value_off,20261061,1,3,-8.0,2.5,0,0,0,0,0,0,0,0.03125,64,2.3146014427766204,2.698213141411543,3.354206681251526,0,128
value_off,20261061,2,3,-8.0,2.5,0,0,0,0,0,0,0,0.04081632653061224,49,2.307822509687774,2.835880964994429,2.9542241245508194,0,98
value_off,20261061,3,3,-8.0,2.5,0,0,0,0,0,0,0,0.0,55,2.428340471603654,3.3088454976677895,3.4625884145498276,0,110
value_off,20261062,0,1,-21.0,3.0,0,0,0,0,0,0,0,0.02631578947368421,76,2.3968328819855262,2.837954554706812,2.9550250619649887,0,153
value_off,20261062,1,1,-21.0,3.0,0,0,0,0,0,0,0,0.02,50,2.322384938597679,2.76055745780468,2.8495024889707565,0,101
value_off,20261062,2,1,-19.0,3.0,0,0,0,0,0,0,0,0.0,46,2.409032343522362,3.0716094188392162,3.2855086028575897,0,93
value_off,20261062,3,1,-19.0,3.0,0,0,0,0,0,0,0,0.022727272727272728,44,2.3518295281312684,2.88239112123847,3.0418820679187775,0,89
value_off,20261063,0,0,-8.0,2.5,0,0,0,0,0,0,0,0.0,34,2.387196263846229,2.9242797754704952,2.951027825474739,0,68
value_off,20261063,1,0,33.0,1.0,1,0,0,0,0,0,0,0.08823529411764706,34,2.2949399426579475,2.8294256888329983,2.97648087143898,0,68
value_off,20261063,2,0,-17.0,4.0,0,0,1,9,0,0,0,0.0,34,2.3416174466119095,2.8656600043177605,2.9344987124204636,0,68
value_off,20261063,3,0,-8.0,2.5,0,0,0,0,0,0,0,0.029411764705882353,34,2.3227813927566303,2.944590151309967,2.996254712343216,0,68
value_off,20261064,0,3,34.0,1.0,1,0,0,0,0,0,0,0.019230769230769232,52,2.3933455992776613,2.9831317253410816,3.05195152759552,0,104
value_off,20261064,1,3,-17.0,3.0,0,0,0,0,0,0,0,0.046875,64,2.2886390215717256,2.622709795832634,2.7702711522579193,0,129
value_off,20261064,2,3,-16.0,3.0,0,0,0,0,0,0,0,0.0136986301369863,73,2.2971199136482525,2.773171290755272,2.8280317783355713,0,147
value_off,20261064,3,3,-18.0,3.0,0,0,0,0,0,0,0,0.0,51,2.380903883307588,3.108059987425804,3.6971736699342728,0,103
value_off,20261065,0,1,-8.0,2.5,0,0,0,0,0,0,0,0.0,47,2.4820060092718044,3.082965314388275,3.341803327202797,0,94
value_off,20261065,1,1,32.0,1.0,1,0,0,0,0,0,0,0.02127659574468085,47,2.3457354449845376,2.8975907713174816,3.1318198889493942,0,94
value_off,20261065,2,1,-16.0,4.0,0,0,1,8,0,0,0,0.0,18,2.3213360044691296,2.924235537648201,2.9632151126861572,0,36
value_off,20261065,3,1,-8.0,2.5,0,0,0,0,0,0,0,0.0425531914893617,47,2.2995668919162546,2.742227166891098,3.0588582158088684,0,94
value_off,20261066,0,1,-28.0,4.0,0,0,1,20,0,0,0,0.06060606060606061,33,2.3417945273897867,2.646546810865402,2.875613048672676,0,66
value_off,20261066,1,1,44.0,1.0,1,0,0,0,0,0,0,0.030303030303030304,33,2.4072904365532324,3.0856605619192123,3.139303997159004,0,66
value_off,20261066,2,1,-8.0,2.5,0,0,0,0,0,0,0,0.06060606060606061,33,2.2943610833449797,2.8608791530132294,2.89902463555336,0,66
value_off,20261066,3,1,-8.0,2.5,0,0,0,0,0,0,0,0.030303030303030304,33,2.3055034266276793,2.913060039281845,3.0001942068338394,0,66
value_off,20261067,0,2,-8.0,2.5,0,0,0,0,0,0,0,0.05454545454545454,55,2.318767187270251,2.6099713519215584,2.79783271253109,0,110
value_off,20261067,1,2,-27.0,4.0,0,0,1,19,0,0,0,0.05263157894736842,57,2.3396423968829607,2.8725098818540573,2.990836277604103,0,114
value_off,20261067,2,2,-8.0,2.5,0,0,0,0,0,0,0,0.03636363636363636,55,2.3135469379750164,2.84646674990654,2.893541008234024,0,110
value_off,20261067,3,2,33.0,1.0,1,0,0,0,0,0,0,0.01818181818181818,55,2.337550676681779,2.9685741290450096,3.553764894604683,0,110
value_off,20261068,0,2,-22.0,4.0,0,0,1,14,0,0,0,0.037037037037037035,27,2.3979811618725457,2.918900176882744,2.9287077486515045,0,54
value_off,20261068,1,2,-8.0,2.5,0,0,0,0,0,0,0,0.08695652173913043,23,2.2843951440375783,2.801613882184028,2.858540043234825,0,46
value_off,20261068,2,2,33.0,1.0,1,0,0,0,0,0,0,0.045454545454545456,44,2.258446617898616,2.665785327553749,2.7702059596776962,0,88
value_off,20261068,3,2,-8.0,2.5,0,0,0,0,0,0,0,0.0,23,2.3859150545752565,2.9924213886260986,3.0861254781484604,0,46
value_off,20261069,0,1,-19.0,4.0,0,0,1,11,0,0,0,0.028169014084507043,71,2.3254784952167054,2.6330137625336647,2.8639528900384903,0,142
value_off,20261069,1,1,-8.0,2.5,0,0,0,0,0,0,0,0.014084507042253521,71,2.422870569665667,3.1736278906464577,3.276042640209198,0,142
value_off,20261069,2,1,-8.0,2.5,0,0,0,0,0,0,0,0.03225806451612903,62,2.312418704311694,2.8743247501552105,2.9457248747348785,0,124
value_off,20261069,3,1,-19.0,3.0,0,0,0,0,0,0,0,0.04,50,2.2870756685733795,2.793136239051819,2.824116498231888,0,101
value_off,20261070,0,3,-89.0,3.0,0,0,0,0,0,0,0,0.0,69,2.395042555703633,2.939457073807716,3.0368808656930923,0,139
value_off,20261070,1,3,-26.0,3.0,0,0,0,0,0,0,0,0.029411764705882353,68,2.3393498678856037,2.8345477767288685,2.9018446803092957,0,137
value_off,20261070,2,3,36.0,1.0,1,0,0,0,0,0,0,0.023529411764705882,85,2.2962891880203697,2.6851341128349304,2.904728055000305,0,170
value_off,20261070,3,3,99.0,1.0,1,1,0,0,0,0,0,0.0,48,2.3647075286135077,3.052870277315378,3.2635480165481567,0,95
value_off,20261071,0,3,-8.0,2.5,0,0,0,0,0,0,0,0.023255813953488372,43,2.4638997260914293,3.2423745840787888,3.5255998373031616,0,86
value_off,20261071,1,3,-16.0,3.0,0,0,0,0,0,0,0,0.06153846153846154,65,2.3068169561716227,2.677028626203537,2.9576681554317474,0,131
value_off,20261071,2,3,41.0,1.0,1,0,0,0,0,0,0,0.018867924528301886,53,2.340889869714683,2.879701554775238,2.9457099735736847,0,106
value_off,20261071,3,3,-16.0,3.0,0,0,0,0,0,0,0,0.047619047619047616,42,2.304272149645147,2.812725584954023,2.8766486793756485,0,85
value_off,20261072,0,0,10.0,2.0,0,0,0,0,0,0,0,0.017241379310344827,58,2.3970693542525687,2.9561054892838,3.031022846698761,1,117
value_off,20261072,1,0,-8.0,2.5,0,0,0,0,0,0,0,0.022222222222222223,45,2.3325307501686945,2.759159728884697,3.044571727514267,0,90
value_off,20261072,2,0,53.0,1.0,1,0,0,0,0,0,0,0.017543859649122806,57,2.322784870078689,2.846536040306091,3.0724871903657913,0,114
value_off,20261072,3,0,33.0,1.0,1,0,0,0,0,0,0,0.03278688524590164,61,2.2737723698870083,2.784229815006256,2.9658395797014236,0,122
value_off,20261073,0,1,-21.0,3.0,0,0,0,0,0,0,0,0.0,18,2.3899815148777432,2.864700648933649,2.877909690141678,0,37
value_off,20261073,1,1,-21.0,3.0,0,0,0,0,0,0,0,0.0,18,2.352036742700471,2.8333814814686775,2.834923565387726,0,37
value_off,20261073,2,1,63.0,1.0,1,1,0,0,0,0,0,0.0,19,2.360244036505097,3.140784054994583,3.1993165612220764,0,37
value_off,20261073,3,1,-21.0,3.0,0,0,0,0,0,0,0,0.0,18,2.304714173078537,2.840309776365757,2.8441064059734344,0,37
value_off,20261074,0,1,-8.0,2.5,0,0,0,0,0,0,0,0.0,56,2.5482624769210815,3.322205040603876,3.395780920982361,0,112
value_off,20261074,1,1,-16.0,4.0,0,0,1,8,0,0,0,0.017857142857142856,56,2.3661235879574503,2.8573451563715935,2.9038935899734497,0,112
value_off,20261074,2,1,-8.0,2.5,0,0,0,0,0,0,0,0.03571428571428571,56,2.2920232066618547,2.755220513790846,2.9086489230394363,0,112
value_off,20261074,3,1,32.0,1.0,1,0,0,0,0,0,0,0.018518518518518517,54,2.370130960588102,3.261839505285024,3.5246573388576508,0,108
value_off,20261075,0,0,-8.0,2.5,0,0,0,0,0,0,0,0.023809523809523808,42,2.362249374744438,2.863543201237917,2.8826482594013214,0,84
value_off,20261075,1,0,32.0,1.0,1,0,0,0,0,0,0,0.047619047619047616,42,2.317606338432857,2.829926647245884,2.8691664338111877,0,84
value_off,20261075,2,0,-8.0,2.5,0,0,0,0,0,0,0,0.0,42,2.387393665100847,3.124173730611801,3.1636133790016174,0,84
value_off,20261075,3,0,-8.0,2.5,0,0,0,0,0,0,0,0.0,41,2.3328371618579076,2.9611103236675262,2.9768813401460648,0,82
value_off,20261076,0,3,-20.0,3.0,0,0,0,0,0,0,0,0.01694915254237288,59,2.386605651196787,2.877236343920231,2.9833074659109116,0,119
value_off,20261076,1,3,-8.0,2.5,0,0,0,0,0,0,0,0.0,44,2.424514090473002,3.2847810536623,3.316866233944893,0,88
value_off,20261076,2,3,-8.0,2.5,0,0,0,0,0,0,0,0.022727272727272728,44,2.3024336180903693,2.7659392915666103,2.8182752430438995,0,88
value_off,20261076,3,3,-20.0,3.0,0,0,0,0,0,0,0,0.0,40,2.399301854893565,3.1149634160101414,3.2751373946666718,0,81
value_off,20261077,0,0,-8.0,2.5,0,0,0,0,0,0,0,0.0,84,2.4228694937413646,2.964040357619524,3.021474927663803,0,168
value_off,20261077,1,0,-8.0,2.5,0,0,0,0,0,0,0,0.05172413793103448,58,2.257829499912673,2.5787987746298313,2.759411931037903,0,116
value_off,20261077,2,0,-8.0,2.5,0,0,0,0,0,0,0,0.017857142857142856,56,2.3175377531775405,2.781534567475319,2.842007204890251,0,112
value_off,20261077,3,0,-17.0,4.0,0,0,1,9,0,0,0,0.0,40,2.4620234966278076,3.2443673349916926,3.61543707549572,0,81
value_off,20261078,0,3,-8.0,2.5,0,0,0,0,0,0,0,0.021739130434782608,46,2.330971314855244,2.667195163667202,2.8825365006923676,0,92
value_off,20261078,1,3,-30.0,4.0,0,0,1,22,0,0,0,0.06521739130434782,46,2.304630839954252,2.7289194986224174,2.8250962495803833,0,92
value_off,20261078,2,3,46.0,1.0,1,0,0,0,0,0,0,0.043478260869565216,46,2.3137441147928652,2.8156270273029804,2.978140488266945,0,92
value_off,20261078,3,3,-8.0,2.5,0,0,0,0,0,0,0,0.06521739130434782,46,2.2685322505624397,2.7444311417639256,2.872481942176819,0,92
value_off,20261079,0,2,-22.0,3.0,0,0,0,0,0,0,0,0.03125,32,2.5032408302649856,3.425885643810033,4.934508353471756,0,65
value_off,20261079,1,2,66.0,1.0,1,1,0,0,0,0,0,0.0,33,2.3782807543422235,3.0935775488615036,3.111504018306732,0,65
value_off,20261079,2,2,-22.0,3.0,0,0,0,0,0,0,0,0.03125,32,2.385005820542574,2.9044274240732193,4.459764808416367,0,65
value_off,20261079,3,2,-22.0,3.0,0,0,0,0,0,0,0,0.03125,32,2.2779915598221123,2.8418809175491333,2.895539626479149,0,65
value_off,20261080,0,2,44.0,1.0,1,0,0,0,0,0,0,0.03125,32,2.43083864916116,3.038454335182905,3.1010396778583527,0,64
value_off,20261080,1,2,-16.0,4.0,0,0,1,8,0,0,0,0.05263157894736842,57,2.322338423446605,2.721581608057022,2.984514459967613,0,114
value_off,20261080,2,2,0.0,2.5,0,0,0,0,0,1,1,0.03529411764705882,85,2.305241411223131,2.704373002052307,3.843778744339943,0,170
value_off,20261080,3,2,-18.0,4.0,0,0,1,10,0,0,0,0.0,62,2.404370465345921,2.9431046918034554,5.81640750169754,0,124
value_off,20261081,0,2,-8.0,2.5,0,0,0,0,0,0,0,0.0,47,2.417876365336966,2.9024641960859294,4.320355132222176,0,95
value_off,20261081,1,2,-21.0,3.0,0,0,0,0,0,0,0,0.02857142857142857,70,2.344281865017755,2.735459804534912,4.410356283187866,0,140
value_off,20261081,2,2,-8.0,2.5,0,0,0,0,0,0,0,0.022222222222222223,45,2.2953988777266607,2.8492845594882965,2.8910059481859207,0,91
value_off,20261081,3,2,60.0,1.0,1,1,0,0,0,0,0,0.0,52,2.454286835228021,3.5310884937643996,3.6684609949588776,0,104
value_off,20261082,0,0,-28.0,3.0,0,0,0,0,0,0,0,0.024390243902439025,41,2.4228598013883684,2.9614996165037155,3.316715359687805,0,83
value_off,20261082,1,0,45.0,1.0,1,0,0,0,0,0,0,0.0,49,2.500330383072094,3.589082136750221,3.6868732422590256,0,98
value_off,20261082,2,0,-28.0,3.0,0,0,0,0,0,0,0,0.0,41,2.4995971471071243,3.0621495097875595,5.4350122809410095,0,83
value_off,20261082,3,0,-8.0,2.5,0,0,0,0,0,0,0,0.02040816326530612,49,2.326562126376191,2.8617534786462784,2.922389656305313,0,98
value_off,20261083,0,3,-33.0,3.0,0,0,0,0,0,0,0,0.0,58,2.4600668071672835,3.2078085467219353,3.4691523760557175,0,117
value_off,20261083,1,3,-33.0,3.0,0,0,0,0,0,0,0,0.0,58,2.5764046365330957,3.54470107704401,5.783667787909508,0,117
value_off,20261083,2,3,99.0,1.0,1,1,0,0,0,0,0,0.0,59,2.3592927382659106,2.8885582461953163,4.743471741676331,0,117
value_off,20261083,3,3,-33.0,3.0,0,0,0,0,0,0,0,0.017241379310344827,58,2.3228504919800264,2.791128121316433,3.791188821196556,0,117
value_off,20261084,0,2,-30.0,4.0,0,0,0,0,0,0,0,0.04838709677419355,62,2.3651041030403106,2.8924121521413326,3.038039430975914,1,123
value_off,20261084,1,2,39.0,1.0,1,0,0,0,0,0,0,0.08333333333333333,60,2.265871223062277,2.781870774924755,2.835739403963089,0,120
value_off,20261084,2,2,32.0,1.0,1,0,0,0,0,0,0,0.0,48,2.3934488805631795,3.210080973803997,3.6607999354600906,0,96
value_off,20261084,3,2,54.0,1.0,1,1,0,0,0,0,0,0.0,42,2.4322995561219396,3.116690367460251,3.662092611193657,0,83
value_off,20261085,0,2,60.0,1.0,1,1,0,0,0,0,0,0.0,44,2.4381799792701546,3.1182057224214077,3.1921323388814926,0,87
value_off,20261085,1,2,-20.0,3.0,0,0,0,0,0,0,0,0.0,43,2.326493346413901,2.8538597747683525,2.87625752389431,0,87
value_off,20261085,2,2,-20.0,3.0,0,0,0,0,0,0,0,0.06976744186046512,43,2.263178918943849,2.7634231373667717,2.830689772963524,0,87
value_off,20261085,3,2,-20.0,3.0,0,0,0,0,0,0,0,0.0,44,2.3714041083373805,3.0258605256676674,3.086211159825325,0,89
value_off,20261086,0,0,43.0,1.0,1,0,0,0,0,0,0,0.02564102564102564,39,2.3082695328272305,2.551870048046112,2.796364948153496,0,78
value_off,20261086,1,0,-8.0,2.5,0,0,0,0,0,0,0,0.023255813953488372,43,2.3780696007401443,3.0178459361195564,3.13730351626873,0,86
value_off,20261086,2,0,-27.0,4.0,0,0,1,19,0,0,0,0.02564102564102564,39,2.303875600680327,2.75089368224144,2.8296373784542084,0,78
value_off,20261086,3,0,-8.0,2.5,0,0,0,0,0,0,0,0.02564102564102564,39,2.2833768087319837,2.7280116453766823,2.87068635225296,0,78
value_off,20261087,0,3,-8.0,2.5,0,0,0,0,0,0,0,0.07142857142857142,42,2.334120816418103,2.6501172222197056,2.9819924384355545,0,84
value_off,20261087,1,3,-26.0,3.0,0,0,0,0,0,0,0,0.0,54,2.4527887365332357,3.2794337719678874,3.5546552389860153,0,109
value_off,20261087,2,3,78.0,1.0,1,1,0,0,0,0,0,0.0,55,2.351502938704057,3.032385930418968,3.1214039772748947,0,109
value_off,20261087,3,3,-8.0,2.5,0,0,0,0,0,0,0,0.0,47,2.330357961832209,2.8977176174521446,2.9283836483955383,0,94
value_off,20261088,0,1,-19.0,4.0,0,0,1,11,0,0,0,0.05555555555555555,36,2.3518186062574387,2.699512057006359,2.8971396386623383,0,72
value_off,20261088,1,1,-8.0,2.5,0,0,0,0,0,0,0,0.0,34,2.4236906319856644,3.101731091737747,3.278180956840515,0,68
value_off,20261088,2,1,-31.0,3.0,0,0,0,0,0,0,0,0.0,47,2.3983300841869193,3.1834280118346214,3.196990117430687,0,95
value_off,20261088,3,1,93.0,1.0,1,1,0,0,0,0,0,0.0,51,2.377224173031601,3.237401135265827,3.6344360560178757,0,101
value_off,20261089,0,1,-17.0,4.0,0,0,1,9,0,0,0,0.02,50,2.4133435636758804,2.9466104693710804,3.1156446784734726,0,100
value_off,20261089,1,1,-8.0,2.5,0,0,0,0,0,0,0,0.03773584905660377,53,2.2917241209520482,2.6576973497867584,2.877134829759598,0,106
value_off,20261089,2,1,33.0,1.0,1,0,0,0,0,0,0,0.057692307692307696,52,2.2858977676011047,2.8583247214555736,2.9095597565174103,0,104
value_off,20261089,3,1,-8.0,2.5,0,0,0,0,0,0,0,0.0,51,2.3395428981851127,2.96050775796175,2.9919110238552094,0,102
value_off,20261090,0,3,51.0,1.0,1,1,0,0,0,0,0,0.047619047619047616,21,2.3754619594131197,2.9293466359376907,2.944415435194969,0,41
value_off,20261090,1,3,-17.0,3.0,0,0,0,0,0,0,0,0.0,20,2.357539441436529,2.907253336161375,2.9501374810934067,0,41
value_off,20261090,2,3,-17.0,3.0,0,0,0,0,0,0,0,0.0,20,2.5921390391886234,3.7278822623193277,5.497626960277557,0,41
value_off,20261090,3,3,-17.0,3.0,0,0,0,0,0,0,0,0.0,20,2.3231537081301212,2.8592648915946484,2.900039777159691,0,41
value_off,20261091,0,1,-26.0,3.0,0,0,0,0,0,0,0,0.03278688524590164,61,2.4392557193021305,2.894476056098938,6.36659562587738,0,123
value_off,20261091,1,1,-26.0,3.0,0,0,0,0,0,0,0,0.06557377049180328,61,2.3663604296133167,2.787100151181221,5.256662145256996,0,123
value_off,20261091,2,1,75.0,1.0,1,1,0,0,0,0,0,0.0273972602739726,73,2.3135751843044203,2.84653827548027,3.3120308071374893,0,145
value_off,20261091,3,1,38.0,1.0,1,0,0,0,0,0,0,0.0784313725490196,51,2.2916439920663834,2.8594937175512314,4.128085449337959,0,102
value_off,20261092,0,3,34.0,1.0,1,0,0,0,0,0,0,0.024390243902439025,41,2.413404378585699,2.954034134745598,3.074686974287033,0,82
value_off,20261092,1,3,-8.0,2.5,0,0,0,0,0,0,0,0.0,45,2.4065166297886105,3.1756144016981125,3.3188313245773315,0,90
value_off,20261092,2,3,-17.0,4.0,0,0,1,9,0,0,0,0.044444444444444446,45,2.322763121790356,2.8915241360664368,3.374369814991951,0,90
value_off,20261092,3,3,-8.0,2.5,0,0,0,0,0,0,0,0.06666666666666667,45,2.2989628629551992,2.6500239968299866,4.301136359572411,0,90
value_off,20261093,0,1,-16.0,4.0,0,0,1,8,0,0,0,0.037037037037037035,27,2.337455611538004,2.58046705275774,2.980142831802368,0,54
value_off,20261093,1,1,-16.0,3.0,0,0,0,0,0,0,0,0.0,26,2.404298633337021,3.0538137070834637,3.1485799700021744,0,53
value_off,20261093,2,1,-16.0,3.0,0,0,0,0,0,0,0,0.038461538461538464,26,2.3810289656886687,3.0343118123710155,3.0866526067256927,0,53
value_off,20261093,3,1,48.0,1.0,1,1,0,0,0,0,0,0.037037037037037035,27,2.2918424672550626,2.9896238818764687,3.0230563133955,0,53
value_off,20261094,0,1,-8.0,2.5,0,0,0,0,0,0,0,0.025,40,2.3801321163773537,2.9405674897134304,3.0263662338256836,0,80
value_off,20261094,1,1,48.0,1.0,1,1,0,0,0,0,0,0.02,50,2.3750419542193413,3.019836917519569,3.137553110718727,0,99
value_off,20261094,2,1,-8.0,2.5,0,0,0,0,0,0,0,0.0,40,2.357777487486601,2.925091702491045,2.9907207936048508,0,80
value_off,20261094,3,1,-16.0,3.0,0,0,0,0,0,0,0,0.0,49,2.336537617505813,2.882922440767288,2.8917863965034485,0,99
value_off,20261095,0,0,54.0,1.0,1,1,0,0,0,0,0,0.017543859649122806,57,2.3695359888829683,2.819780260324478,2.88408063352108,0,113
value_off,20261095,1,0,57.0,1.0,1,1,0,0,0,0,0,0.06451612903225806,62,2.2699031678418957,2.6774073019623756,2.78419628739357,0,123
value_off,20261095,2,0,-19.0,3.0,0,0,0,0,0,0,0,0.03278688524590164,61,2.302188273580348,2.839120104908943,2.906518056988716,0,123
value_off,20261095,3,0,-19.0,3.0,0,0,0,0,0,0,0,0.0,61,2.4895574897527695,3.39546799659729,3.603588789701462,0,123
value_off,20261096,0,0,-8.0,2.5,0,0,0,0,0,0,0,0.041666666666666664,48,2.366951472746829,2.878233417868614,3.0561797320842743,0,96
value_off,20261096,1,0,38.0,1.0,1,0,0,0,0,0,0,0.0625,48,2.258763687374691,2.613232098519802,2.704249694943428,0,96
value_off,20261096,2,0,-8.0,2.5,0,0,0,0,0,0,0,0.013513513513513514,74,2.3046933567604504,2.8323939070105553,2.9384903609752655,0,148
value_off,20261096,3,0,-22.0,4.0,0,0,1,14,0,0,0,0.020833333333333332,48,2.3211337005098662,2.9134458862245083,2.95327790081501,0,96
value_off,20261097,0,1,-17.0,4.0,0,0,1,9,0,0,0,0.07142857142857142,28,2.331333634044443,2.8417905792593956,2.8708167374134064,0,56
value_off,20261097,1,1,-8.0,2.5,0,0,0,0,0,0,0,0.07407407407407407,27,2.283073823761057,2.721751295030117,2.8333142399787903,0,54
value_off,20261097,2,1,38.0,1.0,1,0,0,0,0,0,0,0.041666666666666664,24,2.3396266624331474,2.878646273165941,2.9395967721939087,0,48
value_off,20261097,3,1,-17.0,4.0,0,0,1,9,0,0,0,0.037037037037037035,27,2.294798554093749,2.762190066277981,2.8113387525081635,0,54
value_off,20261098,0,3,-8.0,2.5,0,0,0,0,0,0,0,0.024390243902439025,82,2.3797390664496074,2.9202742502093315,3.086686134338379,0,164
value_off,20261098,1,3,0.0,2.5,0,0,0,0,0,1,0,0.023255813953488372,86,2.31709816428118,2.765844576060772,2.8775352984666824,0,172
value_off,20261098,2,3,102.0,1.0,1,1,0,0,0,0,0,0.0,55,2.363212474367835,3.0383875593543053,3.1554587185382843,0,109
value_off,20261098,3,3,-8.0,2.5,0,0,0,0,0,0,0,0.02531645569620253,79,2.257186377161666,2.628244459629059,2.809440717101097,0,158
value_off,20261099,0,2,-26.0,3.0,0,0,0,0,0,0,0,0.0,55,2.4624044583602385,3.1589573249220844,3.3738166093826294,0,111
value_off,20261099,1,2,78.0,1.0,1,1,0,0,0,0,0,0.017857142857142856,56,2.403641219383904,3.1673936173319817,3.4384727478027344,0,111
value_off,20261099,2,2,-8.0,2.5,0,0,0,0,0,0,0,0.015151515151515152,66,2.3060158798188874,2.8317091055214405,2.8784293681383133,0,132
value_off,20261099,3,2,34.0,1.0,1,0,0,0,0,0,0,0.058823529411764705,51,2.2770302625847796,2.7518803253769875,2.8434041887521744,0,102
value_off,20261100,0,1,10.0,2.0,0,0,0,0,0,0,0,0.022727272727272728,44,2.4586409245702354,3.121720999479294,3.1393300741910934,1,89
value_off,20261100,1,1,-28.0,4.0,0,0,1,20,0,0,0,0.05555555555555555,36,2.537501406752401,3.3959695138037205,3.6883242428302765,0,72
value_off,20261100,2,1,-8.0,2.5,0,0,0,0,0,0,0,0.05555555555555555,36,2.3751302311817803,2.697800751775503,5.43622113764286,0,72
value_off,20261100,3,1,-8.0,2.5,0,0,0,0,0,0,0,0.027777777777777776,36,2.2971793595287533,2.756925765424967,2.8110984712839127,0,72
value_off,20261101,0,2,-8.0,2.5,0,0,0,0,0,0,0,0.021739130434782608,46,2.3968055763322376,3.0059590935707092,3.107985481619835,0,92
value_off,20261101,1,2,-8.0,2.5,0,0,0,0,0,0,0,0.021739130434782608,46,2.3835514793577404,2.9270658269524574,2.966141328215599,0,92
value_off,20261101,2,2,34.0,1.0,1,0,0,0,0,0,0,0.043478260869565216,46,2.381027109273102,2.8844051994383335,5.179278552532196,0,92
value_off,20261101,3,2,-18.0,4.0,0,0,1,10,0,0,0,0.0,46,2.472351750601893,3.333010245114565,4.6022068709135056,0,92
value_off,20261102,0,2,-8.0,2.5,0,0,0,0,0,0,0,0.02857142857142857,70,2.562970109283924,3.3803511410951614,5.966583266854286,0,140
value_off,20261102,1,2,38.0,1.0,1,0,0,0,0,0,0,0.039473684210526314,76,2.311601989755505,2.633873373270035,5.033895373344421,0,152
value_off,20261102,2,2,-8.0,2.5,0,0,0,0,0,0,0,0.028985507246376812,69,2.338503851838734,2.860698848962784,5.098002031445503,0,138
value_off,20261102,3,2,-8.0,2.5,0,0,0,0,0,0,0,0.03636363636363636,55,2.327501265840097,3.0141379684209824,3.05352546274662,0,110
value_off,20261103,0,1,-18.0,4.0,0,0,1,10,0,0,0,0.028169014084507043,71,2.440491560059534,2.841806039214134,7.244965061545372,0,142
value_off,20261103,1,1,-8.0,2.5,0,0,0,0,0,0,0,0.014925373134328358,67,2.351004546925203,2.798887901008129,3.896500915288925,0,134
value_off,20261103,2,1,-8.0,2.5,0,0,0,0,0,0,0,0.030303030303030304,66,2.2803445374875357,2.745353151112795,2.8948094695806503,0,132
value_off,20261103,3,1,34.0,1.0,1,0,0,0,0,0,0,0.029850746268656716,67,2.3768769938554337,2.8397660702466965,4.569511860609055,0,134
value_off,20261104,0,1,-8.0,2.5,0,0,0,0,0,0,0,0.043478260869565216,46,2.3507655638715494,2.8741112910211086,2.9122699052095413,0,92
value_off,20261104,1,1,-17.0,4.0,0,0,1,9,0,0,0,0.0,38,2.3524472980122817,2.9676832258701324,3.1201504170894623,0,76
value_off,20261104,2,1,35.0,1.0,1,0,0,0,0,0,0,0.047619047619047616,42,2.27378366426343,2.6703045703470707,2.7338340878486633,0,84
value_off,20261104,3,1,-17.0,4.0,0,0,1,9,0,0,0,0.0,40,2.411137940362096,3.1330675818026066,3.282139077782631,0,80
value_off,20261105,0,2,-8.0,2.5,0,0,0,0,0,0,0,0.022222222222222223,45,2.3861232317156262,2.9166460037231445,3.081968054175377,0,90
value_off,20261105,1,2,-32.0,4.0,0,0,1,24,0,0,0,0.044444444444444446,45,2.297456976440218,2.685265988111496,2.7513913810253143,0,90
value_off,20261105,2,2,-20.0,4.0,0,0,1,12,0,0,0,0.05555555555555555,54,2.297002994627864,2.872440032660961,2.938913181424141,0,108
value_off,20261105,3,2,35.0,1.0,1,0,0,0,0,0,0,0.038461538461538464,52,2.3124894628731103,2.8873708099126816,2.9099583625793457,0,104
value_off,20261106,0,1,-8.0,2.5,0,0,0,0,0,0,0,0.0,41,2.50885735561208,3.2297857105731964,3.2562166452407837,0,82
value_off,20261106,1,1,-8.0,2.5,0,0,0,0,0,0,0,0.015625,64,2.3664436594117433,2.927547972649336,3.0296705663204193,0,128
value_off,20261106,2,1,-16.0,4.0,0,0,1,8,0,0,0,0.024390243902439025,41,2.321161375176616,2.8244834393262863,2.8421562165021896,0,82
value_off,20261106,3,1,32.0,1.0,1,0,0,0,0,0,0,0.024390243902439025,41,2.353076028024278,3.079099580645561,3.1021609902381897,0,82
value_off,20261107,0,0,40.0,1.0,1,0,0,0,0,0,0,0.02702702702702703,37,2.3791165770711125,2.78933122754097,3.0614715069532394,0,74
value_off,20261107,1,0,-24.0,4.0,0,0,1,16,0,0,0,0.02702702702702703,37,2.3394198333089418,2.820424735546112,2.84569151699543,0,74
value_off,20261107,2,0,-8.0,2.5,0,0,0,0,0,0,0,0.0,37,2.3830540075495437,3.219695389270782,3.296254202723503,0,74
value_off,20261107,3,0,-8.0,2.5,0,0,0,0,0,0,0,0.05405405405405406,37,2.2813915904309297,2.82137282192707,2.914339303970337,0,74
value_off,20261108,0,0,-8.0,2.5,0,0,0,0,0,0,0,0.023255813953488372,86,2.348964622374191,2.7445899322628975,2.946220338344574,0,172
value_off,20261108,1,0,-8.0,2.5,0,0,0,0,0,0,0,0.0,85,2.34998225727502,2.8665691614151,3.005214035511017,0,170
value_off,20261108,2,0,-8.0,2.5,0,0,0,0,0,0,0,0.0,36,2.332841201374928,2.8708656318485737,2.8795022517442703,0,72
value_off,20261108,3,0,0.0,2.5,0,0,0,0,0,1,1,0.011627906976744186,86,2.3389887714455293,2.975469920784235,3.061290830373764,0,172
value_off,20261109,0,1,0.0,2.5,0,0,0,0,0,1,1,0.03529411764705882,85,2.3417517761973774,2.6924002915620804,2.881871536374092,0,170
value_off,20261109,1,1,0.0,2.5,0,0,0,0,0,1,1,0.023529411764705882,85,2.3411849184947857,2.8209086507558823,4.987584426999092,0,170
value_off,20261109,2,1,51.0,1.0,1,0,0,0,0,0,0,0.0,38,2.346506881478586,2.884572185575962,2.9181893914937973,0,76
value_off,20261109,3,1,0.0,2.5,0,0,0,0,0,1,1,0.0,85,2.3867309312610065,3.2003365457057953,3.214241936802864,0,170
value_off,20261110,0,0,34.0,1.0,1,0,0,0,0,0,0,0.02702702702702703,37,2.4114392597127603,2.95192189514637,2.969689667224884,0,74
value_off,20261110,1,0,-8.0,2.5,0,0,0,0,0,0,0,0.04081632653061224,49,2.356342781259089,2.915506437420845,2.955423668026924,0,98
value_off,20261110,2,0,-18.0,4.0,0,0,1,10,0,0,0,0.02702702702702703,37,2.2873398722023577,2.7432408183813095,2.8187651187181473,0,74
value_off,20261110,3,0,-8.0,2.5,0,0,0,0,0,0,0,0.08108108108108109,37,2.292753927208282,2.6994064450263977,2.7617141604423523,0,74
value_off,20261111,0,0,-17.0,3.0,0,0,0,0,0,0,0,0.07894736842105263,38,2.3715622036864885,2.8299390338361263,3.688795492053032,0,77
value_off,20261111,1,0,-8.0,2.5,0,0,0,0,0,0,0,0.061224489795918366,49,2.296582358528157,2.6704609394073486,2.862226217985153,0,98
value_off,20261111,2,0,47.0,1.0,1,0,0,0,0,0,0,0.013513513513513514,74,2.3649436597888536,2.998956199735403,4.451531916856766,0,148
value_off,20261111,3,0,-8.0,2.5,0,0,0,0,0,0,0,0.019230769230769232,52,2.387142596909633,3.1218563206493855,3.305986523628235,0,104
value_off,20261112,0,1,34.0,1.0,1,0,0,0,0,0,0,0.047619047619047616,42,2.335947494776476,2.705606073141098,2.9199961572885513,0,85
value_off,20261112,1,1,-8.0,2.5,0,0,0,0,0,0,0,0.02127659574468085,47,2.369827610698152,2.965504862368107,3.0115731060504913,0,95
value_off,20261112,2,1,-8.0,2.5,0,0,0,0,0,0,0,0.0,42,2.3645142181998207,3.043897170573473,3.0990280210971832,0,85
value_off,20261112,3,1,40.0,1.0,1,0,0,0,0,0,0,0.016129032258064516,62,2.2843946071882404,2.7240218594670296,2.76339054107666,0,123
value_off,20261113,0,2,-33.0,3.0,0,0,0,0,0,0,0,0.0,65,2.55472817673133,3.5005372017621976,6.047865375876427,0,131
value_off,20261113,1,2,99.0,1.0,1,1,0,0,0,0,0,0.0,65,2.4849366683226366,3.0569303780794144,5.503050982952118,0,129
value_off,20261113,2,2,-33.0,3.0,0,0,0,0,0,0,0,0.03076923076923077,65,2.34303786777533,2.821033075451851,6.071019917726517,0,131
value_off,20261113,3,2,32.0,1.0,1,0,0,0,0,0,0,0.05263157894736842,38,2.2593701846505465,2.687238622456789,2.76138074696064,0,76
value_off,20261114,0,1,-8.0,2.5,0,0,0,0,0,0,0,0.024390243902439025,41,2.489610188981382,2.9960796236991882,4.76415641605854,0,82
value_off,20261114,1,1,57.0,1.0,1,1,0,0,0,0,0,0.0,40,2.4535680655390024,3.174866177141666,3.4335386008024216,0,79
value_off,20261114,2,1,-18.0,3.0,0,0,0,0,0,0,0,0.0,72,2.5733164511621,3.7220307625830173,3.8564279675483704,0,145
value_off,20261114,3,1,-16.0,4.0,0,0,1,8,0,0,0,0.04878048780487805,41,2.2622227850483685,2.6232078671455383,2.823576331138611,0,82
value_off,20261115,0,3,-8.0,2.5,0,0,0,0,0,0,0,0.02857142857142857,35,2.4072531078542982,2.919748611748218,2.9864516109228134,0,70
value_off,20261115,1,3,36.0,1.0,1,0,0,0,0,0,0,0.02857142857142857,35,2.3871191910334995,3.037190809845924,3.1148120760917664,0,70
value_off,20261115,2,3,35.0,1.0,1,0,0,0,0,0,0,0.03333333333333333,60,2.3092862529059253,2.8320389799773693,2.9332246631383896,0,120
value_off,20261115,3,3,-8.0,2.5,0,0,0,0,0,0,0,0.02857142857142857,35,2.3265817867858067,3.036598674952984,3.0691754072904587,0,70
value_off,20261116,0,1,-16.0,3.0,0,0,0,0,0,0,0,0.02564102564102564,39,2.3749485993996644,2.8323115780949593,2.9213838279247284,0,79
value_off,20261116,1,1,-16.0,3.0,0,0,0,0,0,0,0,0.0,39,2.382945030545577,2.9918447136878967,3.054466098546982,0,79
value_off,20261116,2,1,-16.0,3.0,0,0,0,0,0,0,0,0.0,39,2.316768209521587,2.845008671283722,2.8854794800281525,0,79
value_off,20261116,3,1,48.0,1.0,1,1,0,0,0,0,0,0.0,40,2.3696296382695436,3.2049760222434998,3.316447138786316,0,79
value_off,20261117,0,3,-30.0,3.0,0,0,0,0,0,0,0,0.0,83,2.3968581289771094,2.877187915146351,2.9321257025003433,0,167
value_off,20261117,1,3,-23.0,4.0,0,0,1,15,0,0,0,0.0,58,2.3730364788709015,2.9043054208159447,3.006529062986374,0,116
value_off,20261117,2,3,35.0,1.0,1,0,0,0,0,0,0,0.043478260869565216,46,2.2977027313216873,2.8435424901545048,2.885458990931511,0,92
value_off,20261117,3,3,90.0,1.0,1,1,0,0,0,0,0,0.0,84,2.400090873596214,3.195097204297781,3.4546442329883575,0,167
value_off,20261118,0,1,-8.0,2.5,0,0,0,0,0,0,0,0.06,50,2.3428455740213394,2.7095524594187737,2.8214771300554276,0,100
value_off,20261118,1,1,40.0,1.0,1,0,0,0,0,0,0,0.0,53,2.438110844144281,3.1447961926460266,3.284646198153496,0,106
value_off,20261118,2,1,-8.0,2.5,0,0,0,0,0,0,0,0.022222222222222223,45,2.31030426091618,2.8440762311220165,2.9236841946840286,0,90
value_off,20261118,3,1,-8.0,2.5,0,0,0,0,0,0,0,0.0625,32,2.3185189929790795,2.8815643861889835,3.242708742618561,0,64
value_off,20261119,0,1,-33.0,3.0,0,0,0,0,0,0,0,0.01639344262295082,61,2.3681096671546094,2.7724839746952057,2.8959158807992935,0,123
value_off,20261119,1,1,-24.0,4.0,0,0,1,16,0,0,0,0.030303030303030304,66,2.3297802968458696,2.8917533345520496,2.951091155409813,0,132
value_off,20261119,2,1,-33.0,3.0,0,0,0,0,0,0,0,0.04918032786885246,61,2.2871834760318035,2.7154479175806046,2.7936752885580063,0,123
value_off,20261119,3,1,99.0,1.0,1,1,0,0,0,0,0,0.0,62,2.3845222087637072,2.9898408800363536,4.434607923030853,0,123
value_off,20261120,0,0,43.0,1.0,1,0,0,0,0,0,0,0.08333333333333333,12,2.3894390712181726,2.9763776808977127,2.987409010529518,0,24
value_off,20261120,1,0,-8.0,2.5,0,0,0,0,0,0,0,0.16666666666666666,12,2.352336266388496,2.720030676573515,2.7336589992046356,0,24
value_off,20261120,2,0,-27.0,4.0,0,0,1,19,0,0,0,0.0625,16,2.3336531594395638,2.9189111664891243,2.9561463743448257,0,32
value_off,20261120,3,0,-8.0,2.5,0,0,0,0,0,0,0,0.08333333333333333,12,2.4503606061140695,3.8371010683476907,5.21000474691391,0,24
value_off,20261121,0,0,32.0,1.0,1,0,0,0,0,0,0,0.05,40,2.4494353216141462,3.0049417167901993,6.114613264799118,0,80
value_off,20261121,1,0,-8.0,2.5,0,0,0,0,0,0,0,0.0,40,2.4334379006177187,3.4798938781023026,3.5525429993867874,0,80
value_off,20261121,2,0,-16.0,4.0,0,0,1,8,0,0,0,0.0,26,2.4854921950743747,2.8536347672343254,6.818026304244995,0,52
value_off,20261121,3,0,-17.0,3.0,0,0,0,0,0,0,0,0.08333333333333333,48,2.2556095694502196,2.6726446114480495,2.699701115489006,0,97
value_off,20261122,0,2,-8.0,2.5,0,0,0,0,0,0,0,0.023529411764705882,85,2.3628670283976723,2.764091268181801,2.8998665511608124,0,169
value_off,20261122,1,2,-8.0,2.5,0,0,0,0,0,0,0,0.0,39,2.4505025014663353,3.134163655340673,5.1144808530807495,0,78
value_off,20261122,2,2,-8.0,2.5,0,0,0,0,0,0,0,0.0,75,2.4996850887934365,3.572545386850834,4.692893475294113,0,151
value_off,20261122,3,2,0.0,2.5,0,0,0,0,0,1,1,0.023809523809523808,84,2.3302977372493063,2.7529804036021233,5.801264196634293,0,169
value_off,20261123,0,1,33.0,1.0,1,0,0,0,0,0,0,0.025,40,2.4494716431945562,3.0318725854158393,4.465589299798012,0,80
value_off,20261123,1,1,-8.0,2.5,0,0,0,0,0,0,0,0.0,40,2.5776452384889126,3.2951340079307556,8.003467693924904,0,80
value_off,20261123,2,1,-8.0,2.5,0,0,0,0,0,0,0,0.05,40,2.3310632444918156,2.887714933604002,3.6022216081619263,0,80
value_off,20261123,3,1,-17.0,4.0,0,0,1,9,0,0,0,0.025,40,2.308933809399605,2.8117570094764233,2.86882184445858,0,80
value_off,20261124,0,1,-28.0,3.0,0,0,0,0,0,0,0,0.06666666666666667,45,2.430542682607969,2.8425980359315868,5.134856328368187,0,91
value_off,20261124,1,1,84.0,1.0,1,1,0,0,0,0,0,0.043478260869565216,46,2.3763867338066516,3.0165505595505238,3.0382443219423294,0,91
value_off,20261124,2,1,-17.0,4.0,0,0,1,9,0,0,0,0.015384615384615385,65,2.3140492347570567,2.7623798698186874,2.9946714639663696,0,131
value_off,20261124,3,1,0.0,2.5,0,0,0,0,0,1,0,0.012195121951219513,82,2.3661642676083052,3.1446141190826893,3.2609812915325165,0,165
value_off,20261125,0,2,-8.0,2.5,0,0,0,0,0,0,0,0.021739130434782608,46,2.433990371292052,2.8968192636966705,5.066253244876862,0,92
value_off,20261125,1,2,-8.0,2.5,0,0,0,0,0,0,0,0.046875,64,2.3037599748931825,2.7097284793853755,2.825327217578888,0,128
value_off,20261125,2,2,-8.0,2.5,0,0,0,0,0,0,0,0.03389830508474576,59,2.348929675201238,2.9589682817459106,2.974946051836014,0,118
value_off,20261125,3,2,33.0,1.0,1,0,0,0,0,0,0,0.06,50,2.2823183611035347,2.861705794930458,2.951947972178459,0,100
value_off,20261126,0,2,33.0,1.0,1,0,0,0,0,0,0,0.05128205128205128,39,2.3720994687233214,2.9234828427433968,2.9919128865003586,0,78
value_off,20261126,1,2,-8.0,2.5,0,0,0,0,0,0,0,0.0,39,2.4214053574280863,3.1261419877409935,3.2307691872119904,0,78
value_off,20261126,2,2,-17.0,4.0,0,0,1,9,0,0,0,0.02127659574468085,47,2.309114137228499,2.8068026527762413,2.891998738050461,0,94
value_off,20261126,3,2,-8.0,2.5,0,0,0,0,0,0,0,0.05128205128205128,39,2.2640926524614677,2.6911888271570206,2.722114324569702,0,78
value_off,20261127,0,1,32.0,1.0,1,0,0,0,0,0,0,0.05263157894736842,38,2.3295659277784195,2.7035387232899666,2.8705615550279617,0,76
value_off,20261127,1,1,-16.0,4.0,0,0,1,8,0,0,0,0.0,57,2.410887430111567,2.984914928674698,3.025377169251442,0,114
value_off,20261127,2,1,0.0,2.5,0,0,0,0,0,1,0,0.0,86,2.3309969191634377,2.934443298727274,3.1064078211784363,0,172
value_off,20261127,3,1,33.0,1.0,1,0,0,0,0,0,0,0.02666666666666667,75,2.2872580339511237,2.8381800279021263,2.906445413827896,0,150
value_off,20261128,0,3,34.0,1.0,1,0,0,0,0,0,0,0.0,37,2.5784827366068557,3.6494065076112747,3.8747042417526245,0,74
value_off,20261128,1,3,102.0,1.0,1,1,0,0,0,0,0,0.08333333333333333,36,2.294649059573809,2.8317123651504517,2.9354430735111237,0,71
value_off,20261128,2,3,-8.0,2.5,0,0,0,0,0,0,0,0.0,70,2.354765949504716,2.966783195734024,3.1999945640563965,0,140
value_off,20261128,3,3,37.0,1.0,1,0,0,0,0,0,0,0.058823529411764705,51,2.276315006847475,2.651553601026535,2.846198156476021,0,102
value_off,20261129,0,2,-8.0,2.5,0,0,0,0,0,0,0,0.0,59,2.479501100162328,3.233305551111698,3.441212698817253,0,118
value_off,20261129,1,2,37.0,1.0,1,0,0,0,0,0,0,0.0,61,2.41634197777412,3.2357238233089447,3.4140795469284058,0,122
value_off,20261129,2,2,-21.0,4.0,0,0,1,13,0,0,0,0.05660377358490566,53,2.3490340923363306,2.9479190707206726,3.1261853873729706,0,106
value_off,20261129,3,2,-8.0,2.5,0,0,0,0,0,0,0,0.0,61,2.3860278859978816,3.1055156141519547,3.5117976367473602,0,122
value_off,20261130,0,1,-21.0,3.0,0,0,0,0,0,0,0,0.016666666666666666,60,2.4664621179302535,2.868590410798788,6.849497556686401,0,121
value_off,20261130,1,1,-8.0,2.5,0,0,0,0,0,0,0,0.0,49,2.4078155734709332,3.1043715775012966,3.2788775861263275,0,98
value_off,20261130,2,1,-8.0,2.5,0,0,0,0,0,0,0,0.04081632653061224,49,2.4340697089020087,3.0149992555379863,6.6085755825042725,0,98
value_off,20261130,3,1,-34.0,3.0,0,0,0,0,0,0,0,0.013333333333333334,75,2.5098049640655518,3.4639032557606697,6.771093234419823,0,151
value_off,20261131,0,3,51.0,1.0,1,1,0,0,0,0,0,0.022222222222222223,45,2.436275366279814,2.8706986457109447,6.096836179494858,0,89
value_off,20261131,1,3,-17.0,3.0,0,0,0,0,0,0,0,0.0,44,2.425923774188215,3.149711713194847,3.3790040761232376,0,89
value_off,20261131,2,3,-17.0,3.0,0,0,0,0,0,0,0,0.0,44,2.417641141536561,2.9240633361041546,5.213689059019089,0,89
value_off,20261131,3,3,-17.0,3.0,0,0,0,0,0,0,0,0.0,44,2.371774520725012,2.988772001117468,3.0360668897628784,0,89
value_off,20261132,0,3,-17.0,4.0,0,0,1,9,0,0,0,0.0,49,2.4956175107128766,3.0451808124780655,4.700498655438423,0,98
value_off,20261132,1,3,-8.0,2.5,0,0,0,0,0,0,0,0.02040816326530612,49,2.32303188163407,2.794842049479484,2.9011890292167664,0,98
value_off,20261132,2,3,48.0,1.0,1,1,0,0,0,0,0,0.023255813953488372,43,2.2844484639029172,2.7506323531270027,2.806536853313446,0,85
value_off,20261132,3,3,0.0,2.5,0,0,0,0,0,1,0,0.0,84,2.472253272398597,3.246693219989538,6.614096462726593,0,168
value_off,20261133,0,1,34.0,1.0,1,0,0,0,0,0,0,0.06,50,2.3898164555430412,2.5891059078276157,6.400171667337418,0,100
value_off,20261133,1,1,34.0,1.0,1,0,0,0,0,0,0,0.02,50,2.35120452940464,2.924492117017507,3.0460841953754425,0,100
value_off,20261133,2,1,-8.0,2.5,0,0,0,0,0,0,0,0.0,41,2.418685659039311,2.9285475611686707,6.132092326879501,0,82
value_off,20261133,3,1,-8.0,2.5,0,0,0,0,0,0,0,0.024390243902439025,41,2.3983758760661615,3.1378287822008133,3.8125067949295044,0,82
value_off,20261134,0,0,-8.0,2.5,0,0,0,0,0,0,0,0.019230769230769232,52,2.3910277881301365,2.883897628635168,3.296656534075737,0,104
value_off,20261134,1,0,-8.0,2.5,0,0,0,0,0,0,0,0.022727272727272728,44,2.3140849714929406,2.8432566672563553,2.889208495616913,0,88
value_off,20261134,2,0,-17.0,4.0,0,0,1,9,0,0,0,0.057692307692307696,52,2.3748534015164924,2.8199009597301483,5.635952576994896,0,104
value_off,20261134,3,0,45.0,1.0,1,0,0,0,0,0,0,0.057692307692307696,52,2.34643559759626,2.8311675414443016,5.516206845641136,0,104
value_off,20261135,0,3,-8.0,2.5,0,0,0,0,0,0,0,0.0,61,2.6014725082233303,3.4770499914884567,8.279230445623398,0,122
value_off,20261135,1,3,35.0,1.0,1,0,0,0,0,0,0,0.01639344262295082,61,2.521588482329103,3.059748560190201,7.965195924043655,0,122
value_off,20261135,2,3,-19.0,4.0,0,0,1,11,0,0,0,0.02857142857142857,35,2.5379497025694167,3.086935356259346,8.315354585647583,0,70
value_off,20261135,3,3,-8.0,2.5,0,0,0,0,0,0,0,0.0,59,2.359413683919583,2.952241711318493,3.4086480736732483,0,118
value_off,20261136,0,1,32.0,1.0,1,0,0,0,0,0,0,0.06451612903225806,31,2.324602116019495,2.6694759726524353,2.818964421749115,0,62
value_off,20261136,1,1,-8.0,2.5,0,0,0,0,0,0,0,0.0,48,2.397989737801254,2.974291704595089,3.096478059887886,0,96
value_off,20261136,2,1,-8.0,2.5,0,0,0,0,0,0,0,0.022727272727272728,44,2.4017980745570227,3.0266267247498035,4.1090212762355804,0,88
value_off,20261136,3,1,-8.0,2.5,0,0,0,0,0,0,0,0.0,43,2.3103276657503704,2.8497232124209404,2.8658416122198105,0,86
value_off,20261137,0,0,-8.0,2.5,0,0,0,0,0,0,0,0.0,39,2.387121033210021,2.8691405430436134,2.8991717845201492,0,78
value_off,20261137,1,0,-32.0,4.0,0,0,1,24,0,0,0,0.0425531914893617,47,2.4004243314266205,2.9274757951498027,5.784232169389725,0,94
value_off,20261137,2,0,-8.0,2.5,0,0,0,0,0,0,0,0.07692307692307693,39,2.413651547752894,2.985710836946967,6.1836764216423035,0,78
value_off,20261137,3,0,48.0,1.0,1,0,0,0,0,0,0,0.0,47,2.394102434528635,2.923671714961529,4.504390060901642,0,94
value_off,20261138,0,0,-18.0,3.0,0,0,0,0,0,0,0,0.02127659574468085,47,2.397576664039429,2.8602205216884613,4.367312416434288,0,95
value_off,20261138,1,0,-20.0,4.0,0,0,1,12,0,0,0,0.019230769230769232,52,2.371860023301381,2.974806074053049,3.0051395297050476,0,104
value_off,20261138,2,0,63.0,1.0,1,1,0,0,0,0,0,0.014925373134328358,67,2.3638037269684804,2.8410127386450763,4.7714728862047195,0,133
value_off,20261138,3,0,-8.0,2.5,0,0,0,0,0,0,0,0.028985507246376812,69,2.3065494994322457,2.931097522377968,2.977931872010231,0,138
value_off,20261139,0,2,33.0,1.0,1,0,0,0,0,0,0,0.03333333333333333,30,2.4358355750640235,3.0094822868704796,3.0171219259500504,0,60
value_off,20261139,1,2,-8.0,2.5,0,0,0,0,0,0,0,0.0,30,2.4664652223388353,2.880918700248003,5.759017542004585,0,60
value_off,20261139,2,2,0.0,2.5,0,0,0,0,0,1,1,0.0,83,2.491959337010441,3.3551419153809543,5.7722292840480804,0,166
value_off,20261139,3,2,34.0,1.0,1,0,0,0,0,0,0,0.0392156862745098,51,2.3448666667237,2.8261253610253334,4.236642271280289,0,102
value_off,20261140,0,1,32.0,1.0,1,0,0,0,0,0,0,0.05357142857142857,56,2.4921338273478404,2.8585027903318405,5.980709567666054,0,113
value_off,20261140,1,1,0.0,2.5,0,0,0,0,0,1,0,0.01282051282051282,78,2.386804001453595,2.9445397667586803,4.094693809747696,0,155
value_off,20261140,2,1,43.0,1.0,1,0,0,0,0,0,0,0.01639344262295082,61,2.2945402525976055,2.747226506471634,2.8790123760700226,0,123
value_off,20261140,3,1,-8.0,2.5,0,0,0,0,0,0,0,0.0,60,2.371370823433002,2.9134551994502544,4.907138645648956,0,121
value_off,20261141,0,2,-8.0,2.5,0,0,0,0,0,0,0,0.0,84,2.4398580814401307,3.0225151218473907,3.4042280167341232,0,168
value_off,20261141,1,2,0.0,2.5,0,0,0,0,0,1,0,0.011627906976744186,86,2.3683044236413267,2.84632109105587,3.6930181086063385,0,172
value_off,20261141,2,2,48.0,1.0,1,1,0,0,0,0,0,0.03278688524590164,61,2.32296953069382,2.9091276228427887,3.0215121805667877,0,121
value_off,20261141,3,2,-16.0,3.0,0,0,0,0,0,0,0,0.0,60,2.5032240276535354,3.60101256519556,3.7968698889017105,0,121
value_off,20261142,0,2,-8.0,2.5,0,0,0,0,0,0,0,0.028169014084507043,71,2.3697397973335965,2.8657978400588036,2.956848591566086,0,142
value_off,20261142,1,2,-17.0,4.0,0,0,1,9,0,0,0,0.09090909090909091,44,2.423981839621609,2.7598265558481216,5.644926801323891,0,88
value_off,20261142,2,2,-8.0,2.5,0,0,0,0,0,0,0,0.0,42,2.3356484071839425,2.900980692356825,3.0730608850717545,0,84
value_off,20261142,3,2,-8.0,2.5,0,0,0,0,0,0,0,0.0,34,2.2934382671819016,2.9210761189460754,3.060080111026764,0,68
value_off,20261143,0,0,-8.0,2.5,0,0,0,0,0,0,0,0.02127659574468085,47,2.406266181075827,2.8845302760601044,3.0608586966991425,0,94
value_off,20261143,1,0,-17.0,4.0,0,0,1,9,0,0,0,0.0,43,2.504186314898868,3.2013265416026115,5.644988268613815,0,86
value_off,20261143,2,0,-8.0,2.5,0,0,0,0,0,0,0,0.02127659574468085,47,2.4267370079426054,3.0225442722439766,8.113747462630272,0,94
value_off,20261143,3,0,32.0,1.0,1,0,0,0,0,0,0,0.029411764705882353,68,2.2967774968813446,2.8469331562519073,2.9524601995944977,0,136
value_off,20261144,0,0,51.0,1.0,1,1,0,0,0,0,0,0.07407407407407407,27,2.34894047456759,2.8287915512919426,2.955615520477295,0,53
value_off,20261144,1,0,-17.0,3.0,0,0,0,0,0,0,0,0.038461538461538464,26,2.3502678825305057,2.961311489343643,3.0381307005882263,0,53
value_off,20261144,2,0,-17.0,3.0,0,0,0,0,0,0,0,0.0,26,2.427016313259418,3.0860095284879208,3.730412572622299,0,53
value_off,20261144,3,0,-17.0,3.0,0,0,0,0,0,0,0,0.07692307692307693,26,2.4332857619111357,2.8511895798146725,5.492886528372765,0,53
value_off,20261145,0,1,75.0,1.0,1,1,0,0,0,0,0,0.05,40,2.404049038887024,2.8250892646610737,5.592226982116699,0,79
value_off,20261145,1,1,-25.0,3.0,0,0,0,0,0,0,0,0.0,39,2.4426079904421782,2.961554564535618,4.400523379445076,0,79
value_off,20261145,2,1,-25.0,3.0,0,0,0,0,0,0,0,0.02564102564102564,39,2.2992891474412036,2.8232578188180923,2.883799374103546,0,79
value_off,20261145,3,1,-25.0,3.0,0,0,0,0,0,0,0,0.05128205128205128,39,2.335169663031896,2.8543611988425255,3.7671495229005814,0,79
value_off,20261146,0,2,52.0,1.0,1,0,0,0,0,0,0,0.0,83,2.409200576773609,2.994563989341259,3.050629049539566,0,167
value_off,20261146,1,2,35.0,1.0,1,0,0,0,0,0,0,0.03896103896103896,77,2.282858668983757,2.6217114180326466,3.0991416424512863,0,153
value_off,20261146,2,2,-16.0,4.0,0,0,1,8,0,0,0,0.05357142857142857,56,2.3524270925138677,2.868705429136753,5.559951066970825,0,112
value_off,20261146,3,2,-8.0,2.5,0,0,0,0,0,0,0,0.0196078431372549,51,2.308497351466441,2.841874025762081,2.9334723949432373,0,102
value_off,20261147,0,3,-8.0,2.5,0,0,0,0,0,0,0,0.0,57,2.393117305218128,2.9709164053201675,3.122299909591675,0,114
value_off,20261147,1,3,-8.0,2.5,0,0,0,0,0,0,0,0.047619047619047616,42,2.300143241882324,2.6463069021701813,3.3353324979543686,0,84
value_off,20261147,2,3,-20.0,4.0,0,0,1,12,0,0,0,0.027777777777777776,36,2.4290501347018614,2.954494208097458,4.762640222907066,0,72
value_off,20261147,3,3,-31.0,4.0,0,0,1,23,0,0,0,0.05263157894736842,57,2.280926625979574,2.7450155466794968,2.888241782784462,0,114
value_off,20261148,0,3,63.0,1.0,1,1,0,0,0,0,0,0.0,35,2.5443521993500844,3.167278692126274,5.829697474837303,0,69
value_off,20261148,1,3,-8.0,2.5,0,0,0,0,0,0,0,0.02702702702702703,37,2.4116087604213403,3.0256725847721095,3.993881866335869,0,74
value_off,20261148,2,3,-8.0,2.5,0,0,0,0,0,0,0,0.05405405405405406,37,2.313260140048491,2.902236208319664,2.992941066622734,0,74
value_off,20261148,3,3,-18.0,4.0,0,0,1,10,0,0,0,0.02702702702702703,37,2.4278558589316703,2.7727484703063965,7.268348708748817,0,74
value_off,20261149,0,1,-16.0,3.0,0,0,0,0,0,0,0,0.0,42,2.388498258023035,2.877870947122574,2.9873158782720566,0,85
value_off,20261149,1,1,-16.0,3.0,0,0,0,0,0,0,0,0.0,42,2.340255260822319,2.856063935905695,2.8626862913370132,0,85
value_off,20261149,2,1,48.0,1.0,1,1,0,0,0,0,0,0.0,43,2.352757162826006,3.016514331102371,3.078317269682884,0,85
value_off,20261149,3,1,-16.0,3.0,0,0,0,0,0,0,0,0.0,42,2.5247964298441294,3.5430959425866595,5.17386756837368,0,85
value_off,20261150,0,1,33.0,1.0,1,0,0,0,0,0,0,0.05714285714285714,35,2.5601033121347427,3.112643957138061,5.752913653850555,0,70
value_off,20261150,1,1,-8.0,2.5,0,0,0,0,0,0,0,0.05128205128205128,39,2.353056787680357,2.9465999454259872,2.991102635860443,0,78
value_off,20261150,2,1,-17.0,4.0,0,0,1,9,0,0,0,0.02564102564102564,39,2.3687149469669047,2.862638607621193,4.4222865253686905,0,78
value_off,20261150,3,1,-8.0,2.5,0,0,0,0,0,0,0,0.02857142857142857,35,2.295991299407823,2.83515565097332,2.8585046529769897,0,70
value_off,20261151,0,1,32.0,1.0,1,0,0,0,0,0,0,0.043478260869565216,23,2.377710507615753,2.884783409535885,2.908147871494293,0,46
value_off,20261151,1,1,-8.0,2.5,0,0,0,0,0,0,0,0.043478260869565216,23,2.3635616121084793,2.9198432341217995,2.9674414545297623,0,46
value_off,20261151,2,1,-16.0,4.0,0,0,1,8,0,0,0,0.0,23,2.3371953031291133,2.846427634358406,2.9045753180980682,0,46
value_off,20261151,3,1,-8.0,2.5,0,0,0,0,0,0,0,0.0,43,2.3331617026828058,2.8980476781725883,3.008805215358734,0,86
value_off,20261152,0,2,-8.0,2.5,0,0,0,0,0,0,0,0.017543859649122806,57,2.3980241334229184,2.9069580137729645,2.9420722275972366,0,114
value_off,20261152,1,2,-16.0,4.0,0,0,1,8,0,0,0,0.08,25,2.454148307442665,2.765046432614326,5.869362503290176,0,50
value_off,20261152,2,2,33.0,1.0,1,0,0,0,0,0,0,0.027777777777777776,36,2.428282724900378,3.089131321758032,4.93336096405983,0,72
value_off,20261152,3,2,-17.0,4.0,0,0,1,9,0,0,0,0.03333333333333333,60,2.327353165795406,2.8062937781214714,2.932801842689514,0,120
value_off,20261153,0,2,-8.0,2.5,0,0,0,0,0,0,0,0.0,39,2.458453751527346,3.115164302289486,3.1654108315706253,0,78
value_off,20261153,1,2,-8.0,2.5,0,0,0,0,0,0,0,0.0,41,2.412199110883038,3.103984519839287,3.1097307801246643,0,82
value_off,20261153,2,2,-20.0,3.0,0,0,0,0,0,0,0,0.0,65,2.378105314878317,2.8835479170084,6.050923839211464,0,131
value_off,20261153,3,2,-21.0,3.0,0,0,0,0,0,0,0,0.0,54,2.4174682244106576,3.179886005818844,3.2278113067150116,0,109
value_off,20261154,0,1,-17.0,3.0,0,0,0,0,0,0,0,0.06451612903225806,31,2.3129791502029664,2.613344229757786,2.855481579899788,0,63
value_off,20261154,1,1,-17.0,3.0,0,0,0,0,0,0,0,0.06451612903225806,31,2.3347005969093693,2.891991287469864,2.9583889991045,0,63
value_off,20261154,2,1,-17.0,3.0,0,0,0,0,0,0,0,0.03225806451612903,31,2.566079759309369,4.379624500870705,7.434256374835968,0,63
value_off,20261154,3,1,-21.0,3.0,0,0,0,0,0,0,0,0.0,77,2.5123998813040846,3.6006435751914982,4.0880609303712845,0,155
value_off,20261155,0,0,-20.0,3.0,0,0,0,0,0,0,0,0.0,36,2.40305805992749,2.970858011394739,2.989489585161209,0,73
value_off,20261155,1,0,-20.0,3.0,0,0,0,0,0,0,0,0.027777777777777776,36,2.3338978385759725,2.816310618072748,2.835731953382492,0,73
value_off,20261155,2,0,66.0,1.0,1,1,0,0,0,0,0,0.05405405405405406,37,2.2955989918193302,2.857865020632744,2.8856955468654633,0,73
value_off,20261155,3,0,-20.0,3.0,0,0,0,0,0,0,0,0.0,36,2.3888830199009843,3.13398614525795,3.220127895474434,0,73
value_off,20261156,0,1,46.0,1.0,1,0,0,0,0,0,0,0.058823529411764705,34,2.4277103297850666,2.9704776592552657,5.138330161571503,0,68
value_off,20261156,1,1,-30.0,4.0,0,0,1,22,0,0,0,0.03125,32,2.4203702923841774,2.9632708057761192,3.743251785635948,0,64
value_off,20261156,2,1,-8.0,2.5,0,0,0,0,0,0,0,0.03125,32,2.310274285264313,2.866109646856785,2.9131248593330383,0,64
value_off,20261156,3,1,-8.0,2.5,0,0,0,0,0,0,0,0.03125,32,2.3093154886737466,2.908891439437866,2.9533561319112778,0,64
value_off,20261157,0,0,54.0,1.0,1,1,0,0,0,0,0,0.05714285714285714,35,2.3782774273838316,2.9539547860622406,2.9726363718509674,0,69
value_off,20261157,1,0,-18.0,3.0,0,0,0,0,0,0,0,0.0,34,2.422480405691792,3.173733688890934,3.317326307296753,0,69
value_off,20261157,2,0,-18.0,3.0,0,0,0,0,0,0,0,0.0,34,2.415612942593939,3.128202725201845,3.411760553717613,0,69
value_off,20261157,3,0,-18.0,3.0,0,0,0,0,0,0,0,0.0,34,2.4048947345684555,3.1529753468930717,3.3651944249868393,0,69
value_off,20261158,0,2,-16.0,4.0,0,0,1,8,0,0,0,0.0,60,2.4069877651830516,2.943706326186657,3.550887107849121,0,120
value_off,20261158,1,2,-17.0,3.0,0,0,0,0,0,0,0,0.03773584905660377,53,2.3691013174236946,2.7325503528118134,5.828140303492546,0,107
value_off,20261158,2,2,-20.0,4.0,0,0,1,12,0,0,0,0.05263157894736842,38,2.326469819404577,2.8641696088016033,4.646744579076767,0,76
value_off,20261158,3,2,-21.0,4.0,0,0,1,13,0,0,0,0.0,29,2.3518937543548386,2.9419884085655212,2.9886774718761444,0,58
value_off,20261159,0,0,-32.0,3.0,0,0,0,0,0,0,0,0.04081632653061224,49,2.3969186431899363,2.7879811823368064,5.69702684879303,0,99
value_off,20261159,1,0,-8.0,2.5,0,0,0,0,0,0,0,0.05454545454545454,55,2.2763034498149697,2.640010416507721,2.7979332953691483,0,110
value_off,20261159,2,0,46.0,1.0,1,0,0,0,0,0,0,0.058823529411764705,34,2.2820343318230965,2.8495894744992256,2.8959624469280243,0,68
value_off,20261159,3,0,-22.0,4.0,0,0,1,14,0,0,0,0.045454545454545456,22,2.2455636750568044,2.6243063621222973,2.6376955211162567,0,44
value_off,20261160,0,1,-17.0,4.0,0,0,1,9,0,0,0,0.0,21,2.454328661163648,2.875111997127533,3.4959688782691956,0,42
value_off,20261160,1,1,-8.0,2.5,0,0,0,0,0,0,0,0.047619047619047616,21,2.449404625665574,2.886775881052017,4.391569644212723,0,42
value_off,20261160,2,1,-8.0,2.5,0,0,0,0,0,0,0,0.034482758620689655,58,2.35853080862555,2.9063538648188114,5.261778831481934,0,116
value_off,20261160,3,1,34.0,1.0,1,0,0,0,0,0,0,0.0,27,2.4738593923824803,3.2774776220321655,3.5303588956594467,0,54
value_off,20261161,0,1,-17.0,3.0,0,0,0,0,0,0,0,0.0,65,2.4796056919372997,3.1408727169036865,3.9967764168977737,0,131
value_off,20261161,1,1,-17.0,3.0,0,0,0,0,0,0,0,0.015384615384615385,65,2.4171383335040164,3.1108118593692775,3.8575734943151474,0,131
value_off,20261161,2,1,51.0,1.0,1,1,0,0,0,0,0,0.030303030303030304,66,2.331880824358174,2.8273765929043293,4.800926893949509,0,132
value_off,20261161,3,1,-17.0,3.0,0,0,0,0,0,0,0,0.046153846153846156,65,2.317099989606784,2.6484135538339615,5.027817562222481,0,132
value_off,20261162,0,1,-16.0,3.0,0,0,0,0,0,0,0,0.0,10,2.3954877629876137,2.8352824971079826,2.8610099107027054,0,21
value_off,20261162,1,1,-16.0,3.0,0,0,0,0,0,0,0,0.1,10,2.6517054066061974,4.498217720538374,5.900204181671143,0,21
value_off,20261162,2,1,48.0,1.0,1,1,0,0,0,0,0,0.0,11,2.2852579978379337,2.9549524188041687,2.996796742081642,0,21
value_off,20261162,3,1,-16.0,3.0,0,0,0,0,0,0,0,0.0,10,2.2878890857100487,2.8427462093532085,2.8642751276493073,0,21
value_off,20261163,0,2,-8.0,2.5,0,0,0,0,0,0,0,0.0425531914893617,47,2.352600758697124,2.776973694562911,3.184650093317032,0,94
value_off,20261163,1,2,32.0,1.0,1,0,0,0,0,0,0,0.037037037037037035,81,2.3516939240105357,2.8888657689094543,4.782127216458321,0,162
value_off,20261163,2,2,-21.0,4.0,0,0,1,13,0,0,0,0.0,43,2.3077325245668723,2.8470441699028015,2.937452867627144,0,86
value_off,20261163,3,2,0.0,2.5,0,0,0,0,0,1,1,0.033707865168539325,89,2.2925739124249875,2.8043974190950394,2.900734543800354,0,178
value_off,20261164,0,0,-16.0,3.0,0,0,0,0,0,0,0,0.0,33,2.3935138614791813,2.8872601687908173,2.9052160680294037,0,67
value_off,20261164,1,0,48.0,1.0,1,1,0,0,0,0,0,0.0,34,2.485353280516232,3.210329171270132,3.450969234108925,0,67
value_off,20261164,2,0,-20.0,3.0,0,0,0,0,0,0,0,0.0,33,2.3302295329895886,2.8768036514520645,2.901831641793251,0,67
value_off,20261164,3,0,-16.0,3.0,0,0,0,0,0,0,0,0.0,33,2.3923997739047715,3.083369880914688,3.5294629633426666,0,67
value_off,20261165,0,0,-17.0,3.0,0,0,0,0,0,0,0,0.0,57,2.4588537778247868,3.117263317108154,3.2808054238557816,0,115
value_off,20261165,1,0,-19.0,3.0,0,0,0,0,0,0,0,0.0,58,2.3731275236812133,2.9277431778609753,2.9450561851263046,0,117
value_off,20261165,2,0,-25.0,3.0,0,0,0,0,0,0,0,0.03333333333333333,60,2.315958527227243,2.8188887052237988,3.2658372074365616,0,121
value_off,20261165,3,0,-25.0,3.0,0,0,0,0,0,0,0,0.03333333333333333,60,2.288702533890804,2.703725732862949,2.861594781279564,0,121
value_off,20261166,0,1,-27.0,3.0,0,0,0,0,0,0,0,0.02,50,2.3750343546271324,2.800515480339527,2.9538795351982117,0,101
value_off,20261166,1,1,-27.0,3.0,0,0,0,0,0,0,0,0.018867924528301886,53,2.376882253952746,3.036479651927948,3.0966270714998245,0,107
value_off,20261166,2,1,-8.0,2.5,0,0,0,0,0,0,0,0.0,60,2.4215678994854293,3.422802500426769,3.5437121987342834,0,120
value_off,20261166,3,1,-27.0,3.0,0,0,0,0,0,0,0,0.02,50,2.285863272845745,2.790419850498438,2.8457175940275192,0,101
value_off,20261167,0,2,60.0,1.0,1,1,0,0,0,0,0,0.06,50,2.3625314235687256,2.927804086357355,2.9666274785995483,0,99
value_off,20261167,1,2,32.0,1.0,1,0,0,0,0,0,0,0.020833333333333332,48,2.4027394441266856,3.154540155082941,3.254789859056473,0,96
value_off,20261167,2,2,-16.0,4.0,0,0,1,8,0,0,0,0.0,34,2.397230278481455,3.121010214090347,3.2279007136821747,0,68
value_off,20261167,3,2,-8.0,2.5,0,0,0,0,0,0,0,0.0,29,2.3475722249211937,2.9997512698173523,3.005126491189003,0,58
value_off,20261168,0,0,-21.0,3.0,0,0,0,0,0,0,0,0.18181818181818182,11,2.372329377315261,2.7497010305523872,2.858959138393402,0,23
value_off,20261168,1,0,35.0,1.0,1,0,0,0,0,0,0,0.058823529411764705,34,2.3063942242194626,2.7094959281384945,2.748435363173485,0,68
value_off,20261168,2,0,-21.0,3.0,0,0,0,0,0,0,0,0.09090909090909091,11,2.3243749006228014,2.8520841151475906,2.875128760933876,0,23
value_off,20261168,3,0,-21.0,3.0,0,0,0,0,0,0,0,0.0,11,2.210124819116159,2.516612410545349,2.859344705939293,0,23
value_off,20261169,0,1,-17.0,3.0,0,0,0,0,0,0,0,0.03225806451612903,62,2.362845765967523,2.831687405705452,2.8632748872041702,0,125
value_off,20261169,1,1,-8.0,2.5,0,0,0,0,0,0,0,0.029850746268656716,67,2.391585301774651,2.912960760295391,2.950891852378845,0,134
value_off,20261169,2,1,33.0,1.0,1,0,0,0,0,0,0,0.029411764705882353,68,2.282573375850916,2.759014815092087,2.901749685406685,0,136
value_off,20261169,3,1,0.0,2.5,0,0,0,0,0,1,0,0.0,83,2.324001459651683,2.9341673478484154,2.9907766729593277,0,166
value_off,20261170,0,2,51.0,1.0,1,1,0,0,0,0,0,0.03278688524590164,61,2.3430243561990927,2.725798636674881,2.8766635805368423,0,121
value_off,20261170,1,2,-20.0,3.0,0,0,0,0,0,0,0,0.0,56,2.408773671569569,3.099601250141859,3.3044274896383286,0,113
value_off,20261170,2,2,-20.0,3.0,0,0,0,0,0,0,0,0.0,56,2.510901174641081,3.438458312302828,3.6592502146959305,0,113
value_off,20261170,3,2,-20.0,3.0,0,0,0,0,0,0,0,0.0,56,2.3700105625071695,2.9941261745989323,3.18729504942894,0,113
value_off,20261171,0,3,-21.0,3.0,0,0,0,0,0,0,0,0.1111111111111111,27,2.398470554638792,2.867918647825718,3.272388130426407,0,55
value_off,20261171,1,3,-21.0,3.0,0,0,0,0,0,0,0,0.09523809523809523,21,2.4228857031890323,2.8439071029424667,3.6210287362337112,0,43
value_off,20261171,2,3,-21.0,3.0,0,0,0,0,0,0,0,0.0,21,2.324002661875316,2.8885994106531143,2.889856696128845,0,43
value_off,20261171,3,3,63.0,1.0,1,1,0,0,0,0,0,0.0,22,2.320584502409805,3.0831734649837017,3.1155087053775787,0,43
value_off,20261172,0,1,-8.0,2.5,0,0,0,0,0,0,0,0.03333333333333333,30,2.3645969728628793,2.810565195977688,2.874741330742836,0,60
value_off,20261172,1,1,43.0,1.0,1,0,0,0,0,0,0,0.06666666666666667,30,2.3046194886167846,2.7206115424633026,2.9696952551603317,0,60
value_off,20261172,2,1,-17.0,3.0,0,0,0,0,0,0,0,0.0,38,2.3477287766964814,2.9441856779158115,2.9837749898433685,0,77
value_off,20261172,3,1,-27.0,4.0,0,0,1,19,0,0,0,0.0,34,2.315143945024294,2.8943751007318497,2.9374565929174423,0,68
value_off,20261173,0,3,34.0,1.0,1,0,0,0,0,0,0,0.0,49,2.5666974941078498,3.425004333257675,3.7961043417453766,0,98
value_off,20261173,1,3,39.0,1.0,1,0,0,0,0,0,0,0.0,83,2.4844171277370797,3.1848767772316933,3.19703109562397,0,166
value_off,20261173,2,3,-18.0,4.0,0,0,1,10,0,0,0,0.0196078431372549,51,2.3455535445143196,2.8795860707759857,3.069506958127022,0,103
value_off,20261173,3,3,-33.0,3.0,0,0,0,0,0,0,0,0.017543859649122806,57,2.363877893801321,2.9599808156490326,3.025908023118973,0,114
value_off,20261174,0,1,-8.0,2.5,0,0,0,0,0,0,0,0.0,32,2.4310096632689238,2.8787462040781975,4.058467224240303,0,64
value_off,20261174,1,1,40.0,1.0,1,0,0,0,0,0,0,0.1,30,2.299258733789126,2.790584973990917,2.863546833395958,0,60
value_off,20261174,2,1,-20.0,4.0,0,0,1,12,0,0,0,0.0,38,2.366772411685241,2.8689613565802574,2.9062069952487946,0,76
value_off,20261174,3,1,-8.0,2.5,0,0,0,0,0,0,0,0.0,30,2.347340745230516,2.96762902289629,3.08234803378582,0,60
value_off,20261175,0,3,-17.0,4.0,0,0,1,9,0,0,0,0.061224489795918366,49,2.3905069624282875,2.8800174593925476,2.9146522283554077,0,98
value_off,20261175,1,3,67.0,1.0,1,0,0,0,0,0,0,0.014925373134328358,67,2.399763620611447,2.9866117984056473,3.3392533659934998,0,134
value_off,20261175,2,3,51.0,1.0,1,1,0,0,0,0,0,0.024096385542168676,83,2.2982535547161675,2.7089696377515793,2.8672758489847183,0,165
value_off,20261175,3,3,37.0,1.0,1,0,0,0,0,0,0,0.0,79,2.412107101158251,3.3356931060552593,3.7895403802394867,0,158
value_off,20261176,0,2,32.0,1.0,1,0,0,0,0,0,0,0.04,25,2.435065358877182,3.0014242976903915,3.063887357711792,0,50
value_off,20261176,1,2,-16.0,4.0,0,0,1,8,0,0,0,0.0,25,2.3954157531261444,2.9819324612617493,3.059009090065956,0,50
value_off,20261176,2,2,99.0,1.0,1,1,0,0,0,0,0,0.0,47,2.311649355799594,2.8737831860780716,2.9431916773319244,0,93
value_off,20261176,3,2,-8.0,2.5,0,0,0,0,0,0,0,0.04,25,2.309252768754959,2.960450202226639,3.08254174888134,0,50
value_off,20261177,0,1,-22.0,4.0,0,0,1,14,0,0,0,0.0,25,2.386148124933243,2.8283104300498962,2.8481222689151764,0,50
value_off,20261177,1,1,-8.0,2.5,0,0,0,0,0,0,0,0.047619047619047616,21,2.2752713412046432,2.6111621409654617,2.6438720524311066,0,42
value_off,20261177,2,1,-8.0,2.5,0,0,0,0,0,0,0,0.047619047619047616,21,2.2776414241109575,2.7266573160886765,2.739574760198593,0,42
value_off,20261177,3,1,38.0,1.0,1,0,0,0,0,0,0,0.047619047619047616,21,2.3125467733258294,2.9404442757368088,2.9481854289770126,0,42
value_off,20261178,0,1,-8.0,2.5,0,0,0,0,0,0,0,0.0,39,2.378876965779525,2.860034815967083,2.8879400342702866,0,78
value_off,20261178,1,1,35.0,1.0,1,0,0,0,0,0,0,0.02564102564102564,39,2.3494581572520428,2.923090010881424,3.055354580283165,0,78
value_off,20261178,2,1,-8.0,2.5,0,0,0,0,0,0,0,0.0,39,2.3484149326880774,3.049127198755741,3.206610679626465,0,78
value_off,20261178,3,1,-19.0,4.0,0,0,1,11,0,0,0,0.020833333333333332,48,2.350104972720146,3.0175440944731236,3.284584730863571,0,96
value_off,20261179,0,0,-8.0,2.5,0,0,0,0,0,0,0,0.015384615384615385,65,2.6633868710352826,3.7138715386390686,4.639366641640663,0,130
value_off,20261179,1,0,69.0,1.0,1,1,0,0,0,0,0,0.02040816326530612,49,2.3199254076699822,2.7388736605644226,2.8031766414642334,0,97
value_off,20261179,2,0,-18.0,4.0,0,0,1,10,0,0,0,0.015384615384615385,65,2.3543434074291816,2.9443416744470596,3.029853105545044,0,130
value_off,20261179,3,0,-8.0,2.5,0,0,0,0,0,0,0,0.0,44,2.4337463758208533,3.234171401709318,3.3579356968402863,0,88
value_off,20261180,0,2,10.0,2.0,0,0,0,0,0,0,0,0.046153846153846156,65,2.3166351593457737,2.626311033964157,2.8870347887277603,1,132
value_off,20261180,1,2,32.0,1.0,1,0,0,0,0,0,0,0.06666666666666667,30,2.3249004036188126,2.755205519497394,2.840464934706688,0,60
value_off,20261180,2,2,-16.0,4.0,0,0,1,8,0,0,0,0.0,30,2.451468693713347,3.232638631016016,3.2942909747362137,0,60
value_off,20261180,3,2,-8.0,2.5,0,0,0,0,0,0,0,0.0,30,2.3325117925802865,2.980745304375887,3.067547455430031,0,60
value_off,20261181,0,0,48.0,1.0,1,0,0,0,0,0,0,0.0,45,2.3685517410437265,2.860219031572342,2.8861109167337418,0,90
value_off,20261181,1,0,-37.0,3.0,0,0,0,0,0,0,0,0.021739130434782608,46,2.3851708063612813,3.0886540189385414,3.1842030584812164,0,93
value_off,20261181,2,0,39.0,1.0,1,0,0,0,0,0,0,0.06382978723404255,47,2.28409156044747,2.6912400498986244,2.97737680375576,0,94
value_off,20261181,3,0,-8.0,2.5,0,0,0,0,0,0,0,0.0,45,2.3359832250409656,2.8697602450847626,2.951227128505707,0,90
value_off,20261182,0,3,-16.0,3.0,0,0,0,0,0,0,0,0.047619047619047616,21,2.383946751554807,2.7967318892478943,2.9249750077724457,0,43
value_off,20261182,1,3,48.0,1.0,1,1,0,0,0,0,0,0.0,22,2.3907474665479227,3.178134188055992,3.215223550796509,0,43
value_off,20261182,2,3,-16.0,3.0,0,0,0,0,0,0,0,0.09523809523809523,21,2.350316515990666,2.864597365260124,3.216022625565529,0,43
value_off,20261182,3,3,-19.0,3.0,0,0,0,0,0,0,0,0.041666666666666664,24,2.3194880535205207,2.925299573689699,2.952335402369499,0,49
value_off,20261183,0,1,-29.0,3.0,0,0,0,0,0,0,0,0.02857142857142857,35,2.4234342255762646,2.973690629005432,3.1003840267658234,0,71
value_off,20261183,1,1,43.0,1.0,1,0,0,0,0,0,0,0.0,30,2.5318369269371033,3.3775573596358295,3.491140902042389,0,60
value_off,20261183,2,1,-8.0,2.5,0,0,0,0,0,0,0,0.029411764705882353,34,2.3052470539422596,2.8163423761725426,2.8374027460813522,0,68
value_off,20261183,3,1,-27.0,4.0,0,0,1,19,0,0,0,0.0,30,2.387393700579802,2.9811971820890903,3.0502881854772568,0,60
value_off,20261184,0,1,-8.0,2.5,0,0,0,0,0,0,0,0.05555555555555555,36,2.3689547864099345,2.873509656637907,3.788381814956665,0,72
value_off,20261184,1,1,33.0,1.0,1,0,0,0,0,0,0,0.13043478260869565,23,2.431876552493676,2.8058215975761414,5.475981160998344,0,46
value_off,20261184,2,1,35.0,1.0,1,0,0,0,0,0,0,0.0,14,2.423579139368875,3.324395325034857,3.605995327234268,0,28
value_off,20261184,3,1,-19.0,4.0,0,0,1,11,0,0,0,0.0,36,2.4324509108232126,2.9632095247507095,5.574144423007965,0,72
value_off,20261185,0,1,-8.0,2.5,0,0,0,0,0,0,0,0.03773584905660377,53,2.3588998208068452,2.679786831140518,3.4746695309877396,0,106
value_off,20261185,1,1,-19.0,4.0,0,0,1,11,0,0,0,0.05405405405405406,37,2.3907958152326376,2.8589610010385513,4.394924268126488,0,74
value_off,20261185,2,1,-8.0,2.5,0,0,0,0,0,0,0,0.022727272727272728,44,2.374108838425441,3.0546375550329685,3.7473272532224655,0,88
value_off,20261185,3,1,10.0,2.0,0,0,0,0,0,0,0,0.043478260869565216,69,2.4977272943310114,3.479086235165596,3.7466324865818024,1,139
value_off,20261186,0,3,-20.0,4.0,0,0,1,12,0,0,0,0.037037037037037035,54,2.4232279371332237,2.7147186920046806,4.6635158360004425,0,108
value_off,20261186,1,3,-8.0,2.5,0,0,0,0,0,0,0,0.05128205128205128,39,2.3812585725234103,2.981838956475258,4.341889172792435,0,78
value_off,20261186,2,3,-8.0,2.5,0,0,0,0,0,0,0,0.06818181818181818,44,2.357491038062356,2.7824396267533302,5.372736603021622,0,88
value_off,20261186,3,3,-17.0,4.0,0,0,1,9,0,0,0,0.0,36,2.332510737081369,2.8707231394946575,2.9085204005241394,0,72
value_off,20261187,0,3,-17.0,3.0,0,0,0,0,0,0,0,0.017543859649122806,57,2.4498144916275093,2.9850400984287258,4.380308091640472,0,115
value_off,20261187,1,3,-8.0,2.5,0,0,0,0,0,0,0,0.0,44,2.443641297180544,3.113992977887392,3.2322611659765244,0,88
value_off,20261187,2,3,37.0,1.0,1,0,0,0,0,0,0,0.0,44,2.386142161082138,3.164810687303543,3.2128822058439255,0,88
value_off,20261187,3,3,-17.0,3.0,0,0,0,0,0,0,0,0.017543859649122806,57,2.3391339601131906,2.952282503247261,3.008313477039337,0,115
value_off,20261188,0,1,-8.0,2.5,0,0,0,0,0,0,0,0.0,39,2.386162153039223,2.8078824281692505,2.943696454167366,0,78
value_off,20261188,1,1,78.0,1.0,1,1,0,0,0,0,0,0.017857142857142856,56,2.443521882274321,3.24395764619112,3.4166425466537476,0,111
value_off,20261188,2,1,-22.0,3.0,0,0,0,0,0,0,0,0.027777777777777776,72,2.2759024415993028,2.6442513801157475,2.7046017348766327,0,145
value_off,20261188,3,1,-8.0,2.5,0,0,0,0,0,0,0,0.07692307692307693,39,2.2934510921820617,2.8121871873736386,2.9828734695911407,0,78
value_off,20261189,0,3,-8.0,2.5,0,0,0,0,0,0,0,0.018867924528301886,53,2.366242121975377,2.7983617037534714,2.908477559685707,0,106
value_off,20261189,1,3,-17.0,4.0,0,0,1,9,0,0,0,0.05263157894736842,57,2.3488644837287436,2.951446548104286,3.0757132917642593,0,114
value_off,20261189,2,3,33.0,1.0,1,0,0,0,0,0,0,0.018867924528301886,53,2.3317996342227145,2.9554929584264755,3.049856051802635,0,106
value_off,20261189,3,3,-8.0,2.5,0,0,0,0,0,0,0,0.061224489795918366,49,2.2777864823535996,2.871851995587349,2.929680049419403,0,98
value_off,20261190,0,1,-8.0,2.5,0,0,0,0,0,0,0,0.0,57,2.4071951772560154,3.051058202981949,3.240281715989113,0,114
value_off,20261190,1,1,38.0,1.0,1,0,0,0,0,0,0,0.07017543859649122,57,2.3129921929355253,2.8870180249214172,2.9385406523942947,0,114
value_off,20261190,2,1,-24.0,3.0,0,0,0,0,0,0,0,0.0,58,2.4976933631917526,3.4422991797327995,3.672497346997261,0,117
value_off,20261190,3,1,54.0,1.0,1,1,0,0,0,0,0,0.0,53,2.4160309782568015,3.3696636557579036,3.7033017724752426,0,105
value_off,20261191,0,0,-19.0,3.0,0,0,0,0,0,0,0,0.0,53,2.420479607469631,3.141002729535103,3.21345217525959,0,107
value_off,20261191,1,0,-8.0,2.5,0,0,0,0,0,0,0,0.0,43,2.3442193172698795,2.816348150372505,2.833908423781395,0,86
value_off,20261191,2,0,-8.0,2.5,0,0,0,0,0,0,0,0.05263157894736842,38,2.2846652488959465,2.6589197106659412,2.6900172233581543,0,76
value_off,20261191,3,0,54.0,1.0,1,1,0,0,0,0,0,0.018518518518518517,54,2.351762485448961,3.0163001269102097,3.1233038753271103,0,107
value_off,20261192,0,2,46.0,1.0,1,0,0,0,0,0,0,0.0,54,2.4708491163673223,3.1970310024917126,3.4208763390779495,0,108
value_off,20261192,1,2,36.0,1.0,1,0,0,0,0,0,0,0.0,43,2.4592914986749026,3.2291408628225327,3.300746902823448,0,86
value_off,20261192,2,2,-8.0,2.5,0,0,0,0,0,0,0,0.0,54,2.393586492096936,3.0830787494778624,3.3168885856866837,0,108
value_off,20261192,3,2,-8.0,2.5,0,0,0,0,0,0,0,0.0,47,2.3740073071515306,3.054608963429928,3.146149218082428,0,94
value_off,20261193,0,1,-21.0,3.0,0,0,0,0,0,0,0,0.044444444444444446,45,2.394988387823105,3.067716956138611,3.2452084124088287,0,91
value_off,20261193,1,1,72.0,1.0,1,1,0,0,0,0,0,0.0,42,2.4098403130968413,3.0999822542071342,3.201182931661606,0,83
value_off,20261193,2,1,-21.0,3.0,0,0,0,0,0,0,0,0.06666666666666667,45,2.237465191218588,2.5581330060958862,2.8611160814762115,0,91
value_off,20261193,3,1,-21.0,3.0,0,0,0,0,0,0,0,0.022222222222222223,45,2.315921833117803,2.7528811246156693,3.3316724002361298,0,91
value_off,20261194,0,0,-8.0,2.5,0,0,0,0,0,0,0,0.0,48,2.4172975293671093,2.849194221198559,3.1919069588184357,0,96
value_off,20261194,1,0,-8.0,2.5,0,0,0,0,0,0,0,0.0,60,2.3908017203211784,2.9678625985980034,3.5761669278144836,0,120
value_off,20261194,2,0,0.0,2.5,0,0,0,0,0,1,0,0.0,83,2.348927938076387,2.9185019433498383,3.314876928925514,0,167
value_off,20261194,3,0,-21.0,4.0,0,0,1,13,0,0,0,0.016666666666666666,60,2.37097085143129,2.9828193597495556,3.3675841987133026,0,120
value_off,20261195,0,0,-21.0,3.0,0,0,0,0,0,0,0,0.0273972602739726,73,2.370555668252788,2.8098348528146744,2.920525148510933,0,147
value_off,20261195,1,0,35.0,1.0,1,0,0,0,0,0,0,0.046511627906976744,43,2.2947090829527657,2.8324116021394725,2.911888062953949,0,86
value_off,20261195,2,0,-8.0,2.5,0,0,0,0,0,0,0,0.0,42,2.3757056998355046,3.0107571743428703,3.487003967165947,0,84
value_off,20261195,3,0,-8.0,2.5,0,0,0,0,0,0,0,0.023809523809523808,42,2.327564571584974,2.9874579049646854,3.069477155804634,0,84
value_off,20261196,0,1,32.0,1.0,1,0,0,0,0,0,0,0.015384615384615385,65,2.3818728728936267,2.878149598836899,2.95158289372921,0,130
value_off,20261196,1,1,0.0,2.5,0,0,0,0,0,1,1,0.0,85,2.4466208237058975,3.117202967405319,3.2429900020360947,0,170
value_off,20261196,2,1,0.0,2.5,0,0,0,0,0,1,1,0.0,85,2.357135625446544,2.926108241081238,3.5032331943511963,0,170
value_off,20261196,3,1,0.0,2.5,0,0,0,0,0,1,1,0.011904761904761904,84,2.540160147916703,3.814995288848876,4.312478005886078,0,168
value_off,20261197,0,1,-8.0,2.5,0,0,0,0,0,0,0,0.02857142857142857,35,2.3778429520981654,2.8450418263673782,2.9212702065706253,0,70
value_off,20261197,1,1,-19.0,4.0,0,0,1,11,0,0,0,0.0,39,2.3993637221745954,3.0342040583491325,3.38013656437397,0,78
value_off,20261197,2,1,35.0,1.0,1,0,0,0,0,0,0,0.02564102564102564,39,2.3176892636678157,2.929861843585968,3.1723566353321075,0,78
value_off,20261197,3,1,-21.0,3.0,0,0,0,0,0,0,0,0.08695652173913043,46,2.2871221780129103,2.7808710001409054,2.8494689613580704,0,93
value_off,20261198,0,0,-8.0,2.5,0,0,0,0,0,0,0,0.05172413793103448,58,2.3124204177794785,2.603374235332012,2.8020478785037994,0,116
value_off,20261198,1,0,-16.0,4.0,0,0,1,8,0,0,0,0.01639344262295082,61,2.3342834510764137,2.816883847117424,2.858344465494156,0,122
value_off,20261198,2,0,-8.0,2.5,0,0,0,0,0,0,0,0.0,61,2.3470323105327418,2.9475968331098557,2.9867272824048996,0,122
value_off,20261198,3,0,-16.0,4.0,0,0,1,8,0,0,0,0.0,39,2.296945796563075,2.8278853744268417,2.887636423110962,0,78
value_off,20261199,0,1,-17.0,3.0,0,0,0,0,0,0,0,0.034482758620689655,58,2.3358005323800546,2.6692272163927555,2.9197819530963898,0,117
value_off,20261199,1,1,-8.0,2.5,0,0,0,0,0,0,0,0.023809523809523808,42,2.336605939836729,2.8620109893381596,2.8972290456295013,0,84
value_off,20261199,2,1,-8.0,2.5,0,0,0,0,0,0,0,0.04878048780487805,41,2.2521030339525967,2.6550758630037308,2.682635560631752,0,82
value_off,20261199,3,1,-16.0,4.0,0,0,1,8,0,0,0,0.04878048780487805,41,2.2700454403714434,2.6668235659599304,2.691563218832016,0,82
value_off,20261200,0,0,-8.0,2.5,0,0,0,0,0,0,0,0.023809523809523808,42,2.3711209318467548,2.9239919036626816,3.075718879699707,0,84
value_off,20261200,1,0,39.0,1.0,1,0,0,0,0,0,0,0.07142857142857142,42,2.306517834464709,2.823420148342848,2.8597265481948853,0,84
value_off,20261200,2,0,-24.0,4.0,0,0,1,16,0,0,0,0.0,37,2.3901166545378194,3.045196458697319,3.189902752637863,0,74
value_off,20261200,3,0,-23.0,4.0,0,0,1,15,0,0,0,0.023809523809523808,42,2.3964780072371163,3.1346194446086884,3.391338512301445,0,84
value_off,20261201,0,3,-8.0,2.5,0,0,0,0,0,0,0,0.01694915254237288,59,2.3418398163581298,2.6997050270438194,2.8827358037233353,0,118
value_off,20261201,1,3,32.0,1.0,1,0,0,0,0,0,0,0.01694915254237288,59,2.349994634672747,3.0029000714421272,3.082744777202606,0,118
value_off,20261201,2,3,41.0,1.0,1,0,0,0,0,0,0,0.0,77,2.3642660348446336,3.035619854927063,3.0896198004484177,0,154
value_off,20261201,3,3,-16.0,4.0,0,0,1,8,0,0,0,0.01694915254237288,59,2.291372835131015,2.809237129986286,2.904815599322319,0,118
value_off,20261202,0,2,-8.0,2.5,0,0,0,0,0,0,0,0.0,80,2.409109054133296,2.9106521978974342,3.0746255069971085,0,160
value_off,20261202,1,2,-21.0,3.0,0,0,0,0,0,0,0,0.02040816326530612,49,2.4060240129427033,3.180380165576935,3.393547609448433,0,99
value_off,20261202,2,2,-8.0,2.5,0,0,0,0,0,0,0,0.0,57,2.405705355238496,3.042174875736236,3.66387702524662,0,114
value_off,20261202,3,2,-21.0,3.0,0,0,0,0,0,0,0,0.02040816326530612,49,2.3019414927278246,2.748171240091324,3.1215939670801163,0,99
value_off,20261203,0,3,-20.0,4.0,0,0,1,12,0,0,0,0.0,36,2.437034984015756,3.0217007733881474,3.144696354866028,0,72
value_off,20261203,1,3,-22.0,3.0,0,0,0,0,0,0,0,0.015625,64,2.3395519820041955,2.761449478566646,2.914976328611374,0,129
value_off,20261203,2,3,36.0,1.0,1,0,0,0,0,0,0,0.0,36,2.392877358943224,3.1678779050707817,3.3084265887737274,0,72
value_off,20261203,3,3,-8.0,2.5,0,0,0,0,0,0,0,0.025,40,2.3252481129020452,2.890260983258486,2.986995503306389,0,80
value_off,20261204,0,2,-21.0,3.0,0,0,0,0,0,0,0,0.0,48,2.411516693731149,2.8742323629558086,2.95107439160347,0,97
value_off,20261204,1,2,-21.0,3.0,0,0,0,0,0,0,0,0.0,46,2.3875128396827243,2.9318807646632195,3.0531641095876694,0,93
value_off,20261204,2,2,63.0,1.0,1,1,0,0,0,0,0,0.0,47,2.3182957492610243,2.879844047129154,2.9169637709856033,0,93
value_off,20261204,3,2,50.0,1.0,1,0,0,0,0,0,0,0.0,45,2.3712091147899628,3.065939247608185,3.0874423682689667,0,90
value_off,20261205,0,1,84.0,1.0,1,1,0,0,0,0,0,0.05970149253731343,67,2.3464425119446286,2.7269193902611732,2.9426999390125275,0,134
value_off,20261205,1,1,48.0,1.0,1,1,0,0,0,0,0,0.015151515151515152,66,2.3417802188884127,2.8811502270400524,2.9920507222414017,0,131
value_off,20261205,2,1,-8.0,2.5,0,0,0,0,0,0,0,0.022727272727272728,44,2.305858387527141,2.712896093726158,2.8101522475481033,0,88
value_off,20261205,3,1,-28.0,3.0,0,0,0,0,0,0,0,0.0,65,2.4385022715880322,3.157362714409828,3.2735783606767654,0,131
value_off,20261206,0,1,-8.0,2.5,0,0,0,0,0,0,0,0.012345679012345678,81,2.359080346830097,2.85361148416996,2.9990840703248978,0,163
value_off,20261206,1,1,-8.0,2.5,0,0,0,0,0,0,0,0.023809523809523808,84,2.358088513747567,3.000100515782833,3.1541530042886734,0,168
value_off,20261206,2,1,-8.0,2.5,0,0,0,0,0,0,0,0.0625,64,2.2535053140018135,2.586798090487718,2.767834812402725,0,128
value_off,20261206,3,1,50.0,1.0,1,0,0,0,0,0,0,0.0,67,2.3945513278690735,3.1350381672382355,3.3628586679697037,0,134
value_off,20261207,0,0,0.0,2.5,0,0,0,0,0,1,0,0.012048192771084338,83,2.3632204631365927,2.8126416727900505,2.876138314604759,0,166
value_off,20261207,1,0,-8.0,2.5,0,0,0,0,0,0,0,0.0,65,2.46739828815827,3.2727688550949097,3.629237413406372,0,130
value_off,20261207,2,0,-27.0,4.0,0,0,1,19,0,0,0,0.0,37,2.3164679673877924,2.8486281633377075,2.8925836086273193,0,74
value_off,20261207,3,0,44.0,1.0,1,0,0,0,0,0,0,0.0196078431372549,51,2.374304677633678,3.1575150787830353,3.4217722713947296,0,102
value_off,20261208,0,0,-16.0,3.0,0,0,0,0,0,0,0,0.012345679012345678,81,2.409750411723867,2.983909100294113,3.1566843390464783,0,163
value_off,20261208,1,0,-45.0,3.0,0,0,0,0,0,0,0,0.015151515151515152,66,2.339879699954481,2.8273039497435093,2.933099865913391,0,133
value_off,20261208,2,0,-8.0,2.5,0,0,0,0,0,0,0,0.0,66,2.3604456730412715,3.0028787441551685,3.1081922352313995,0,132
value_off,20261208,3,0,0.0,2.5,0,0,0,0,0,1,0,0.011904761904761904,84,2.319984869765384,2.862711437046528,2.9403679072856903,0,168
value_off,20261209,0,2,32.0,1.0,1,0,0,0,0,0,0,0.06896551724137931,29,2.3576664128180207,2.7576711028814316,2.904023975133896,0,58
value_off,20261209,1,2,-8.0,2.5,0,0,0,0,0,0,0,0.034482758620689655,29,2.348650246858597,2.8215494006872177,3.0185356736183167,0,58
value_off,20261209,2,2,-24.0,3.0,0,0,0,0,0,0,0,0.03333333333333333,30,2.2857635592420897,2.7699233032763,2.833537757396698,0,61
value_off,20261209,3,2,-8.0,2.5,0,0,0,0,0,0,0,0.04,25,2.2663581371307373,2.792151644825935,2.8263479471206665,0,50
value_off,20261210,0,1,-8.0,2.5,0,0,0,0,0,0,0,0.03636363636363636,55,2.420839023861018,3.0500188469886775,3.1892377883195877,0,110
value_off,20261210,1,1,34.0,1.0,1,0,0,0,0,0,0,0.022222222222222223,45,2.318448449174563,2.7929075062274933,2.808827906847,0,90
value_off,20261210,2,1,-8.0,2.5,0,0,0,0,0,0,0,0.0,48,2.3315020371228456,2.903802413493395,2.9284171760082245,0,96
value_off,20261210,3,1,34.0,1.0,1,0,0,0,0,0,0,0.0,48,2.4055199076732,3.1558699905872345,3.316229209303856,0,96
value_off,20261211,0,3,-17.0,3.0,0,0,0,0,0,0,0,0.06382978723404255,47,2.367885228484235,2.8871754184365273,2.941140905022621,0,95
value_off,20261211,1,3,-8.0,2.5,0,0,0,0,0,0,0,0.046153846153846156,65,2.300641341851308,2.661452069878578,2.8278864920139313,0,130
value_off,20261211,2,3,54.0,1.0,1,1,0,0,0,0,0,0.044444444444444446,45,2.315241636501418,2.914856001734733,2.9723886400461197,0,89
value_off,20261211,3,3,48.0,1.0,1,0,0,0,0,0,0,0.0,61,2.3187108215738514,2.911500632762909,2.982527017593384,0,122
value_off,20261212,0,3,-19.0,3.0,0,0,0,0,0,0,0,0.03125,32,2.3705846979282796,2.7273220010101795,2.900419756770134,0,65
value_off,20261212,1,3,57.0,1.0,1,1,0,0,0,0,0,0.030303030303030304,33,2.3253915097677345,2.8494905680418015,2.9098987579345703,0,65
value_off,20261212,2,3,-19.0,3.0,0,0,0,0,0,0,0,0.03125,32,2.3433890310116112,2.876933291554451,3.527367487549782,0,65
value_off,20261212,3,3,-19.0,3.0,0,0,0,0,0,0,0,0.0,32,2.3192160297185183,2.9723973013460636,3.040025010704994,0,65
value_off,20261213,0,1,-8.0,2.5,0,0,0,0,0,0,0,0.07142857142857142,42,2.338845238444351,2.8202603571116924,2.873009070754051,0,84
value_off,20261213,1,1,-16.0,4.0,0,0,1,8,0,0,0,0.06,50,2.3138410970568657,2.6798851788043976,2.8496887534856796,0,100
value_off,20261213,2,1,-8.0,2.5,0,0,0,0,0,0,0,0.037037037037037035,27,2.3271146885774754,2.8892474249005318,2.9893796890974045,0,54
value_off,20261213,3,1,-8.0,2.5,0,0,0,0,0,0,0,0.0,27,2.3625260563912214,3.061087988317013,3.0799489468336105,0,54
value_off,20261214,0,2,-8.0,2.5,0,0,0,0,0,0,0,0.044444444444444446,45,2.3609691196017795,2.7777578681707378,2.9705967754125595,0,90
value_off,20261214,1,2,-8.0,2.5,0,0,0,0,0,0,0,0.06382978723404255,47,2.3072510561410415,2.6559673249721527,2.837343141436577,0,94
value_off,20261214,2,2,37.0,1.0,1,0,0,0,0,0,0,0.022222222222222223,45,2.3354898724291058,2.955993637442589,3.0511245131492615,0,90
value_off,20261214,3,2,-8.0,2.5,0,0,0,0,0,0,0,0.0,69,2.3688754147809483,3.1349170953035355,3.2156240195035934,0,138
value_off,20261215,0,1,-22.0,4.0,0,0,1,14,0,0,0,0.023809523809523808,42,2.407411778611796,2.8901714831590652,3.2882653176784515,0,84
value_off,20261215,1,1,-8.0,2.5,0,0,0,0,0,0,0,0.025,40,2.342644426971674,2.938577439635992,2.994256094098091,0,80
value_off,20261215,2,1,-8.0,2.5,0,0,0,0,0,0,0,0.0,41,2.3638874564955876,2.9779039323329926,3.2158177345991135,0,82
value_off,20261215,3,1,38.0,1.0,1,0,0,0,0,0,0,0.0,37,2.3505446073171257,2.9668036848306656,3.026239573955536,0,74
value_off,20261216,0,0,-8.0,2.5,0,0,0,0,0,0,0,0.0,38,2.465819841937015,2.9889347963035107,3.4722648561000824,0,77
value_off,20261216,1,0,-20.0,3.0,0,0,0,0,0,0,0,0.029411764705882353,34,2.3633459144655395,2.826049644500017,2.8330031782388687,0,68
value_off,20261216,2,0,-8.0,2.5,0,0,0,0,0,0,0,0.018867924528301886,53,2.3185802658773818,2.8078291565179825,2.8871726244688034,0,106
value_off,20261216,3,0,35.0,1.0,1,0,0,0,0,0,0,0.016129032258064516,62,2.36629547491189,3.0286191031336784,3.251532092690468,0,124
value_off,20261217,0,3,-18.0,3.0,0,0,0,0,0,0,0,0.0,68,2.4753569296615967,2.991722524166107,3.2310746610164642,0,137
value_off,20261217,1,3,-16.0,4.0,0,0,1,8,0,0,0,0.037037037037037035,27,2.3710095082168228,2.92675644159317,3.122149035334587,0,54
value_off,20261217,2,3,-8.0,2.5,0,0,0,0,0,0,0,0.014925373134328358,67,2.313794568181038,2.7763770893216133,2.946220338344574,0,134
value_off,20261217,3,3,-17.0,4.0,0,0,1,9,0,0,0,0.01818181818181818,55,2.330837534232573,2.8655698522925377,2.8973687440156937,0,110
value_off,20261218,0,1,-17.0,4.0,0,0,1,9,0,0,0,0.02564102564102564,39,2.512307360004156,3.0830157920718193,4.356779158115387,0,78
value_off,20261218,1,1,-18.0,3.0,0,0,0,0,0,0,0,0.04,50,2.3402460664510727,2.8183959424495697,3.0365455895662308,0,101
value_off,20261218,2,1,63.0,1.0,1,1,0,0,0,0,0,0.0196078431372549,51,2.3122666878443137,2.8066011145710945,3.1188949942588806,0,101
value_off,20261218,3,1,-18.0,3.0,0,0,0,0,0,0,0,0.020833333333333332,48,2.324737530822555,2.8642683289945126,3.414202481508255,0,97
value_off,20261219,0,1,32.0,1.0,1,0,0,0,0,0,0,0.021739130434782608,46,2.473932812395303,3.1764176674187183,3.3259913325309753,0,92
value_off,20261219,1,1,-8.0,2.5,0,0,0,0,0,0,0,0.0547945205479452,73,2.313389225977741,2.6841074228286743,2.9145274311304092,0,146
value_off,20261219,2,1,54.0,1.0,1,1,0,0,0,0,0,0.027777777777777776,72,2.3120676115569143,2.742164395749569,2.9154792428016663,0,143
value_off,20261219,3,1,-8.0,2.5,0,0,0,0,0,0,0,0.021739130434782608,46,2.328331217817638,2.9249698854982853,3.5400409251451492,0,92
value_off,20261220,0,0,-17.0,3.0,0,0,0,0,0,0,0,0.08,25,2.3785630613565445,2.8687212616205215,2.9310155659914017,0,51
value_off,20261220,1,0,-17.0,3.0,0,0,0,0,0,0,0,0.12,25,2.2999150305986404,2.615010365843773,2.6489999145269394,0,51
value_off,20261220,2,0,-17.0,3.0,0,0,0,0,0,0,0,0.08,25,2.3261359333992004,2.921988070011139,2.9539112001657486,0,51
value_off,20261220,3,0,51.0,1.0,1,1,0,0,0,0,0,0.0,26,2.3871648770112257,3.2404945231974125,3.774888813495636,0,51
value_off,20261221,0,0,-18.0,4.0,0,0,1,10,0,0,0,0.04,25,2.4440202116966248,2.958076074719429,3.093348816037178,0,50
value_off,20261221,1,0,-8.0,2.5,0,0,0,0,0,0,0,0.04081632653061224,49,2.3294819556936925,2.8384078294038764,3.0457936227321625,0,98
value_off,20261221,2,0,-16.0,4.0,0,0,1,8,0,0,0,0.07407407407407407,54,2.250854443344805,2.631522435694933,2.784350886940956,0,108
value_off,20261221,3,0,32.0,1.0,1,0,0,0,0,0,0,0.02,50,2.382410950958729,3.1668974086642265,3.2277721911668777,0,100
value_off,20261222,0,3,36.0,1.0,1,0,0,0,0,0,0,0.03773584905660377,53,2.360361821527751,2.8455637395381927,2.9032621532678604,0,106
value_off,20261222,1,3,-8.0,2.5,0,0,0,0,0,0,0,0.0,63,2.4298221937247684,3.0250050127506256,3.2148193567991257,0,126
value_off,20261222,2,3,-8.0,2.5,0,0,0,0,0,0,0,0.018867924528301886,53,2.3359775824366875,2.863148972392082,3.945048898458481,0,106
value_off,20261222,3,3,-8.0,2.5,0,0,0,0,0,0,0,0.034482758620689655,29,2.3012620493255813,2.855812385678291,3.1485240906476974,0,58
value_off,20261223,0,3,35.0,1.0,1,0,0,0,0,0,0,0.0625,32,2.3575747618451715,2.843990083783865,3.0205491930246353,0,64
value_off,20261223,1,3,-19.0,4.0,0,0,1,11,0,0,0,0.0,28,2.3795817313449725,2.9838104732334614,3.0678007751703262,0,56
value_off,20261223,2,3,-8.0,2.5,0,0,0,0,0,0,0,0.0,30,2.4101906766494117,3.1360466964542866,3.304610028862953,0,60
value_off,20261223,3,3,-8.0,2.5,0,0,0,0,0,0,0,0.0,28,2.3527866495507106,3.0007424764335155,3.105267882347107,0,56
value_off,20261224,0,3,-8.0,2.5,0,0,0,0,0,0,0,0.027777777777777776,36,2.390106881244315,2.9880674555897713,3.01554799079895,0,72
value_off,20261224,1,3,49.0,1.0,1,0,0,0,0,0,0,0.06756756756756757,74,2.2481168947509818,2.4835357442498203,2.7488209307193756,0,148
value_off,20261224,2,3,-32.0,4.0,0,0,1,24,0,0,0,0.016666666666666666,60,2.3306681774556637,2.8243238106369972,2.9011499136686325,0,120
value_off,20261224,3,3,-28.0,3.0,0,0,0,0,0,0,0,0.02631578947368421,38,2.3540280465232697,2.979042660444975,3.7546511739492416,0,77
value_off,20261225,0,2,-34.0,3.0,0,0,0,0,0,0,0,0.0136986301369863,73,2.4173771069474417,2.9412325471639633,3.1890850514173508,0,147
value_off,20261225,1,2,-34.0,3.0,0,0,0,0,0,0,0,0.0,73,2.377175432566094,2.9552694410085674,3.0818134546279907,0,147
value_off,20261225,2,2,-22.0,3.0,0,0,0,0,0,0,0,0.02631578947368421,76,2.282521613922558,2.7129058726131916,3.243744373321533,0,153
value_off,20261225,3,2,-8.0,2.5,0,0,0,0,0,0,0,0.015873015873015872,63,2.320340642380336,2.815535105764866,3.0130986124277115,0,126
value_off,20261226,0,3,41.0,1.0,1,0,0,0,0,0,0,0.12,25,2.403147369623184,2.900756150484085,3.625558689236641,0,50
value_off,20261226,1,3,48.0,1.0,1,1,0,0,0,0,0,0.0,65,2.5167139963461804,3.411012515425682,3.620445728302002,0,129
value_off,20261226,2,3,-16.0,4.0,0,0,1,8,0,0,0,0.0,28,2.3191367675151144,2.8912796638906,2.909064292907715,0,56
value_off,20261226,3,3,-8.0,2.5,0,0,0,0,0,0,0,0.10714285714285714,28,2.2385862788983752,2.650915738195181,2.690918743610382,0,56
value_off,20261227,0,1,40.0,1.0,1,0,0,0,0,0,0,0.028985507246376812,69,2.386254109982131,2.9054142534732805,3.1032804399728775,0,139
value_off,20261227,1,1,-8.0,2.5,0,0,0,0,0,0,0,0.028169014084507043,71,2.3042446028598595,2.7588922530412674,2.8836391866207123,0,143
value_off,20261227,2,1,-8.0,2.5,0,0,0,0,0,0,0,0.028985507246376812,69,2.3367566097041834,2.888628840446472,2.9283445328474045,0,139
value_off,20261227,3,1,-24.0,4.0,0,0,1,16,0,0,0,0.02040816326530612,49,2.346926539832232,2.9173050075769424,2.9775798320770264,0,97
value_off,20261228,0,2,-8.0,2.5,0,0,0,0,0,0,0,0.0,60,2.3772394905487695,2.886427752673626,2.9039569199085236,0,120
value_off,20261228,1,2,48.0,1.0,1,0,0,0,0,0,0,0.0,60,2.3530269662539163,2.9054111801087856,2.9509086161851883,0,120
value_off,20261228,2,2,-8.0,2.5,0,0,0,0,0,0,0,0.0,81,2.4775287803308466,3.5433582961559296,3.8910750299692154,0,162
value_off,20261228,3,2,-32.0,4.0,0,0,1,24,0,0,0,0.03333333333333333,60,2.302264980971813,2.8992665000259876,2.9417015612125397,0,120
value_off,20261229,0,2,-8.0,2.5,0,0,0,0,0,0,0,0.0,32,2.4501397856511176,3.1225934624671936,3.1329579651355743,0,64
value_off,20261229,1,2,-17.0,4.0,0,0,1,9,0,0,0,0.03333333333333333,30,2.3467634494105973,2.8459230437874794,2.8795674443244934,0,60
value_off,20261229,2,2,35.0,1.0,1,0,0,0,0,0,0,0.0,32,2.3825328680686653,3.022383525967598,3.2386351376771927,0,64
value_off,20261229,3,2,-19.0,4.0,0,0,1,11,0,0,0,0.03125,32,2.3298205342143774,2.8304717503488064,3.0467193573713303,0,64
value_off,20261230,0,2,-19.0,3.0,0,0,0,0,0,0,0,0.0,47,2.426177699198114,2.981507033109665,3.010246902704239,0,95
value_off,20261230,1,2,-8.0,2.5,0,0,0,0,0,0,0,0.023255813953488372,43,2.333245738301166,2.8393780812621117,2.9864124953746796,0,86
value_off,20261230,2,2,-19.0,3.0,0,0,0,0,0,0,0,0.06382978723404255,47,2.269206093029773,2.6415295898914337,2.8626397252082825,0,95
value_off,20261230,3,2,-19.0,3.0,0,0,0,0,0,0,0,0.04081632653061224,49,2.271489981485873,2.6714112609624854,2.730943262577057,0,99
value_off,20261231,0,3,-20.0,3.0,0,0,0,0,0,0,0,0.017241379310344827,58,2.388862314923056,2.828326914459467,3.3994559198617935,0,117
value_off,20261231,1,3,-20.0,3.0,0,0,0,0,0,0,0,0.019230769230769232,52,2.357066465685001,2.8544358909130096,2.918591722846031,0,105
value_off,20261231,2,3,33.0,1.0,1,0,0,0,0,0,0,0.02,50,2.4086376652121544,3.4593933261930943,3.6263633519411087,0,100
value_off,20261231,3,3,-20.0,3.0,0,0,0,0,0,0,0,0.017857142857142856,56,2.3514653023864542,2.976108808070421,3.140367567539215,0,113
value_off,20261232,0,0,32.0,1.0,1,0,0,0,0,0,0,0.03125,32,2.3985589505173266,2.953036781400442,3.0400920659303665,0,64
value_off,20261232,1,0,-16.0,4.0,0,0,1,8,0,0,0,0.09375,32,2.341654384508729,2.8306450694799423,2.9168128967285156,0,64
value_off,20261232,2,0,-8.0,2.5,0,0,0,0,0,0,0,0.05,60,2.2615372824172177,2.61279558762908,2.8185080736875534,0,120
value_off,20261232,3,0,-8.0,2.5,0,0,0,0,0,0,0,0.03125,32,2.301974280271679,2.832924108952284,2.9250774532556534,0,64
value_off,20261233,0,2,-18.0,3.0,0,0,0,0,0,0,0,0.0625,48,2.3745797419299683,2.8930015861988068,2.948261797428131,0,97
value_off,20261233,1,2,-28.0,4.0,0,0,1,20,0,0,0,0.057692307692307696,52,2.3040142483436146,2.6826247572898865,3.2273847609758377,0,104
value_off,20261233,2,2,57.0,1.0,1,1,0,0,0,0,0,0.018867924528301886,53,2.3722120402556546,3.0383236706256866,3.1235646456480026,0,105
value_off,20261233,3,2,-8.0,2.5,0,0,0,0,0,0,0,0.0,60,2.4227164996167025,3.2545327208936214,3.3973343670368195,0,120
value_off,20261234,0,2,-8.0,2.5,0,0,0,0,0,0,0,0.03389830508474576,59,2.356922317106845,2.8259333223104477,3.311125561594963,0,118
value_off,20261234,1,2,35.0,1.0,1,0,0,0,0,0,0,0.01694915254237288,59,2.3456009388980217,2.8937913477420807,2.9766540974378586,0,118
value_off,20261234,2,2,-19.0,3.0,0,0,0,0,0,0,0,0.05084745762711865,59,2.296221837148828,2.700231969356537,2.923252061009407,0,119
value_off,20261234,3,2,-8.0,2.5,0,0,0,0,0,0,0,0.03389830508474576,59,2.2803740733760898,2.6683488860726357,2.9024314135313034,0,118
value_off,20261235,0,0,-20.0,3.0,0,0,0,0,0,0,0,0.0,50,2.3751531168818474,2.9169026762247086,3.0330345034599304,0,101
value_off,20261235,1,0,-18.0,4.0,0,0,1,10,0,0,0,0.05,40,2.3134793154895306,2.733677346259355,2.826940268278122,0,80
value_off,20261235,2,0,-8.0,2.5,0,0,0,0,0,0,0,0.05,40,2.265805331990123,2.6309161446988583,2.869073301553726,0,80
value_off,20261235,3,0,-20.0,3.0,0,0,0,0,0,0,0,0.02,50,2.3504067584872246,3.052795957773924,3.1380336731672287,0,101
value_off,20261236,0,0,-8.0,2.5,0,0,0,0,0,0,0,0.0,23,2.40691799832427,2.917695976793766,3.0305907130241394,0,46
value_off,20261236,1,0,-17.0,4.0,0,0,1,9,0,0,0,0.044444444444444446,45,2.3371813611851797,2.852296456694603,2.8955452144145966,0,90
value_off,20261236,2,0,-16.0,4.0,0,0,1,8,0,0,0,0.0,46,2.4123013262515483,3.1833271495997906,3.4173838794231415,0,92
value_off,20261236,3,0,33.0,1.0,1,0,0,0,0,0,0,0.04,25,2.2687432169914246,2.7995485812425613,2.847488969564438,0,50
value_off,20261237,0,0,33.0,1.0,1,0,0,0,0,0,0,0.03076923076923077,65,2.3825418204069138,2.931031212210655,3.04284505546093,0,130
value_off,20261237,1,0,-20.0,3.0,0,0,0,0,0,0,0,0.06,50,2.3085107654333115,2.6664807461202145,2.947309985756874,0,101
value_off,20261237,2,0,-8.0,2.5,0,0,0,0,0,0,0,0.0,61,2.4446747036742384,3.4529007971286774,3.5032127052545547,0,122
value_off,20261237,3,0,-16.0,3.0,0,0,0,0,0,0,0,0.01282051282051282,78,2.3168640402265086,2.884589787572622,3.0108634382486343,0,157
value_off,20261238,0,3,10.0,2.0,0,0,0,0,0,0,0,0.0,67,2.5080960633149787,3.294484131038189,3.3423323184251785,1,135
value_off,20261238,1,3,-8.0,2.5,0,0,0,0,0,0,0,0.03571428571428571,84,2.33648025563785,2.7567660436034203,2.810269594192505,0,168
value_off,20261238,2,3,96.0,1.0,1,1,0,0,0,0,0,0.014705882352941176,68,2.325384384569,2.865135110914707,2.9301606118679047,0,135
value_off,20261238,3,3,-8.0,2.5,0,0,0,0,0,0,0,0.023809523809523808,84,2.3169370057682195,3.0204966664314266,3.108834847807884,0,168
value_off,20261239,0,3,35.0,1.0,1,0,0,0,0,0,0,0.0392156862745098,51,2.3789535477465273,2.871619537472725,2.901000902056694,0,102
value_off,20261239,1,3,32.0,1.0,1,0,0,0,0,0,0,0.02,50,2.31494527310133,2.8563665226101875,2.928895875811577,0,100
value_off,20261239,2,3,-8.0,2.5,0,0,0,0,0,0,0,0.05063291139240506,79,2.29010893668555,2.6990696787834167,2.7673598378896713,0,158
value_off,20261239,3,3,-8.0,2.5,0,0,0,0,0,0,0,0.0784313725490196,51,2.2800552348295846,2.630537375807762,2.7863625437021255,0,102
value_off,20261240,0,3,-8.0,2.5,0,0,0,0,0,0,0,0.0,44,2.54586140032519,3.5757665522396564,3.6839693784713745,0,88
value_off,20261240,1,3,37.0,1.0,1,0,0,0,0,0,0,0.045454545454545456,44,2.334802792492238,2.847009524703026,2.8712768107652664,0,88
value_off,20261240,2,3,-8.0,2.5,0,0,0,0,0,0,0,0.0,40,2.375724446028471,3.0615179799497128,3.086227923631668,0,80
value_off,20261240,3,3,-21.0,4.0,0,0,1,13,0,0,0,0.0,40,2.3872257210314274,3.027810901403427,3.1136758625507355,0,80
value_off,20261241,0,0,-8.0,2.5,0,0,0,0,0,0,0,0.025,40,2.476518088951707,3.1469545327126975,3.3397842198610306,0,80
value_off,20261241,1,0,-25.0,4.0,0,0,1,17,0,0,0,0.07272727272727272,55,2.322946522723545,2.6632139459252353,2.8835292905569077,0,111
value_off,20261241,2,0,-16.0,4.0,0,0,1,8,0,0,0,0.05,40,2.2857508156448603,2.6407157070934772,2.6673395186662674,0,80
value_off,20261241,3,0,34.0,1.0,1,0,0,0,0,0,0,0.024390243902439025,41,2.29989519206489,2.753164619207382,2.761656418442726,0,82
value_off,20261242,0,0,-8.0,2.5,0,0,0,0,0,0,0,0.05128205128205128,39,2.3707062101516967,2.94013861566782,3.0180085450410843,0,78
value_off,20261242,1,0,-18.0,4.0,0,0,1,10,0,0,0,0.07317073170731707,41,2.3288008552498933,2.691393718123436,2.7300622314214706,0,82
value_off,20261242,2,0,34.0,1.0,1,0,0,0,0,0,0,0.0,41,2.3888469923560214,3.199988976120949,3.251403570175171,0,82
value_off,20261242,3,0,-8.0,2.5,0,0,0,0,0,0,0,0.07692307692307693,39,2.26988533559518,2.789855934679508,2.9566753655672073,0,78
value_off,20261243,0,2,44.0,1.0,1,0,0,0,0,0,0,0.14285714285714285,14,2.382439428142139,2.7704110369086266,2.935342490673065,0,28
value_off,20261243,1,2,-29.0,3.0,0,0,0,0,0,0,0,0.027777777777777776,36,2.300890473028024,2.6512634940445423,2.7648750692605972,0,73
value_off,20261243,2,2,-8.0,2.5,0,0,0,0,0,0,0,0.0,26,2.3430768543711076,2.899476792663336,2.910301089286804,0,52
value_off,20261243,3,2,37.0,1.0,1,0,0,0,0,0,0,0.04878048780487805,41,2.3050103790876344,2.840723842382431,2.8732996433973312,0,82
value_off,20261244,0,3,57.0,1.0,1,1,0,0,0,0,0,0.034482758620689655,58,2.419780586557142,3.0253110453486443,3.0597932636737823,0,115
value_off,20261244,1,3,-8.0,2.5,0,0,0,0,0,0,0,0.0,49,2.3485370816624895,2.8684761375188828,2.891210839152336,0,98
value_off,20261244,2,3,-8.0,2.5,0,0,0,0,0,0,0,0.0,49,2.3589119771305396,2.9224861413240433,2.9446929693222046,0,98
value_off,20261244,3,3,36.0,1.0,1,0,0,0,0,0,0,0.03571428571428571,28,2.309926918574742,2.8938299044966698,2.9058344662189484,0,56
value_off,20261245,0,1,35.0,1.0,1,0,0,0,0,0,0,0.018518518518518517,54,2.39556565604828,2.901193406432867,3.0694156885147095,0,108
value_off,20261245,1,1,34.0,1.0,1,0,0,0,0,0,0,0.019230769230769232,52,2.37240746187476,3.039531409740448,3.1859204173088074,0,104
value_off,20261245,2,1,-8.0,2.5,0,0,0,0,0,0,0,0.019230769230769232,52,2.287950904036944,2.743389643728733,2.79945507645607,0,104
value_off,20261245,3,1,-19.0,3.0,0,0,0,0,0,0,0,0.0,70,2.3648772654788837,3.0054613947868347,3.0981115996837616,0,141
value_off,20261246,0,1,-17.0,3.0,0,0,0,0,0,0,0,0.044444444444444446,45,2.364088429345025,2.8584606945514675,2.9929857701063156,0,90
value_off,20261246,1,1,51.0,1.0,1,1,0,0,0,0,0,0.0,33,2.5383445688269357,3.763956204056739,4.370052367448807,0,66
value_off,20261246,2,1,-8.0,2.5,0,0,0,0,0,0,0,0.03389830508474576,59,2.3092469674045755,2.8660481795668598,3.056976944208145,0,119
value_off,20261246,3,1,-17.0,4.0,0,0,1,9,0,0,0,0.046511627906976744,43,2.34919197337572,2.924319915473461,2.9978062957525253,0,87
value_off,20261247,0,0,-8.0,2.5,0,0,0,0,0,0,0,0.05405405405405406,37,2.351397346403148,2.7595493942499147,3.0339956283569336,0,74
value_off,20261247,1,0,-20.0,3.0,0,0,0,0,0,0,0,0.038461538461538464,52,2.3170156905857415,2.855810057371855,2.90481373667717,0,105
value_off,20261247,2,0,48.0,1.0,1,0,0,0,0,0,0,0.03636363636363636,55,2.318871867927638,2.86256093531847,3.006432205438614,0,110
value_off,20261247,3,0,-8.0,2.5,0,0,0,0,0,0,0,0.017241379310344827,58,2.348173345471251,2.965696342289448,3.1214095652103424,0,116
value_off,20261248,0,2,69.0,1.0,1,1,0,0,0,0,0,0.0,25,2.420019432902336,3.041115775704384,3.071555867791176,0,49
value_off,20261248,1,2,-23.0,3.0,0,0,0,0,0,0,0,0.041666666666666664,24,2.309483786424001,2.687427494674921,2.8127245604991913,0,49
value_off,20261248,2,2,-23.0,3.0,0,0,0,0,0,0,0,0.0,24,2.356269552061955,2.979379892349243,2.991586923599243,0,49
value_off,20261248,3,2,-23.0,3.0,0,0,0,0,0,0,0,0.041666666666666664,24,2.3185088454435268,2.856671717017889,2.8994251042604446,0,49
value_off,20261249,0,2,41.0,1.0,1,0,0,0,0,0,0,0.023255813953488372,86,2.4041300206336866,3.0085775069892406,3.2720230519771576,0,172
value_off,20261249,1,2,-26.0,4.0,0,0,1,18,0,0,0,0.0,40,2.389449393376708,2.9724782332777977,3.0895695090293884,0,80
value_off,20261249,2,2,54.0,1.0,1,1,0,0,0,0,0,0.03508771929824561,57,2.3470608223425713,3.0887719243764877,3.177475184202194,0,113
value_off,20261249,3,2,-19.0,3.0,0,0,0,0,0,0,0,0.03333333333333333,60,2.288196918865045,2.8241083957254887,2.9030032455921173,0,121
value_off,20261250,0,3,35.0,1.0,1,0,0,0,0,0,0,0.05357142857142857,56,2.3118453432938884,2.673238515853882,2.8344709426164627,0,112
value_off,20261250,1,3,-20.0,4.0,0,0,1,12,0,0,0,0.0,47,2.4477713840438966,3.2015422359108925,3.2850857824087143,0,94
value_off,20261250,2,3,-8.0,2.5,0,0,0,0,0,0,0,0.046153846153846156,65,2.323985816194461,3.0102431774139404,3.0480679124593735,0,130
value_off,20261250,3,3,-8.0,2.5,0,0,0,0,0,0,0,0.0,67,2.3260452965302254,2.883170172572136,2.979245036840439,0,134
value_off,20261251,0,3,-18.0,3.0,0,0,0,0,0,0,0,0.030303030303030304,33,2.4436680656490903,3.0696887522935867,3.1945761293172836,0,67
value_off,20261251,1,3,-18.0,3.0,0,0,0,0,0,0,0,0.0,33,2.327375283295458,2.8646375983953476,2.89752334356308,0,67
value_off,20261251,2,3,47.0,1.0,1,0,0,0,0,0,0,0.03125,32,2.330496849026531,2.917581330984831,2.9406603425741196,0,64
value_off,20261251,3,3,-27.0,3.0,0,0,0,0,0,0,0,0.06666666666666667,45,2.3220722874005637,2.799452841281891,2.876734361052513,0,91
value_off,20261252,0,3,44.0,1.0,1,0,0,0,0,0,0,0.0,83,2.5054344974727516,3.289080783724785,3.5673361271619797,0,166
value_off,20261252,1,3,-8.0,2.5,0,0,0,0,0,0,0,0.030303030303030304,66,2.322920739199176,2.7644019573926926,2.8429143130779266,0,132
value_off,20261252,2,3,-8.0,2.5,0,0,0,0,0,0,0,0.012195121951219513,82,2.3442290541602344,2.902559284120798,3.0792877078056335,0,164
value_off,20261252,3,3,-8.0,2.5,0,0,0,0,0,0,0,0.0,83,2.3626417415328773,2.9636263847351074,3.610348328948021,0,166
value_off,20261253,0,1,32.0,1.0,1,0,0,0,0,0,0,0.0,36,2.4526712174216905,3.062725067138672,3.4053586423397064,0,73
value_off,20261253,1,1,-8.0,2.5,0,0,0,0,0,0,0,0.0,36,2.421800047159195,3.109669778496027,3.169497475028038,0,73
value_off,20261253,2,1,-16.0,3.0,0,0,0,0,0,0,0,0.02702702702702703,37,2.3423470556735992,2.7756020426750183,2.8100013732910156,0,74
value_off,20261253,3,1,-16.0,4.0,0,0,1,8,0,0,0,0.027777777777777776,36,2.3428903789156013,2.956140786409378,3.115115687251091,0,73
value_off,20261254,0,3,-20.0,4.0,0,0,1,12,0,0,0,0.0,53,2.510250915052756,3.378165513277054,3.462566062808037,0,106
value_off,20261254,1,3,-8.0,2.5,0,0,0,0,0,0,0,0.02040816326530612,49,2.341951148546472,2.8782308101654053,2.942180261015892,0,98
value_off,20261254,2,3,-8.0,2.5,0,0,0,0,0,0,0,0.02040816326530612,49,2.3463538714817593,3.0348211526870723,3.200400620698929,0,98
value_off,20261254,3,3,36.0,1.0,1,0,0,0,0,0,0,0.0,49,2.312076106971624,2.8253961354494095,2.8934571892023087,0,98
value_off,20261255,0,3,-16.0,4.0,0,0,1,8,0,0,0,0.0,31,2.4320416512989227,3.0345190316438675,3.2295063138008118,0,62
value_off,20261255,1,3,32.0,1.0,1,0,0,0,0,0,0,0.0,31,2.387444218320231,3.1226975843310356,3.258809447288513,0,62
value_off,20261255,2,3,-8.0,2.5,0,0,0,0,0,0,0,0.06451612903225806,31,2.2914745514431307,2.8437450528144836,2.9058828949928284,0,62
value_off,20261255,3,3,-8.0,2.5,0,0,0,0,0,0,0,0.12903225806451613,31,2.2285062098695385,2.6054177433252335,2.650512382388115,0,62
value_off,20261256,0,2,87.0,1.0,1,1,0,0,0,0,0,0.05,60,2.319213810066382,2.7921908535063267,2.8863810002803802,0,119
value_off,20261256,1,2,-17.0,4.0,0,0,1,9,0,0,0,0.0,62,2.4266994948829375,3.2665036618709564,3.5526398569345474,0,124
value_off,20261256,2,2,33.0,1.0,1,0,0,0,0,0,0,0.03225806451612903,62,2.30964255188742,2.78583662584424,2.911919727921486,0,124
value_off,20261256,3,2,-8.0,2.5,0,0,0,0,0,0,0,0.015151515151515152,66,2.299673714195237,2.8352835215628147,2.963714301586151,0,132
value_off,20261257,0,2,32.0,1.0,1,0,0,0,0,0,0,0.05194805194805195,77,2.3393880624275702,2.7911365032196045,2.8213728219270706,0,153
value_off,20261257,1,2,34.0,1.0,1,0,0,0,0,0,0,0.014492753623188406,69,2.332878501518913,2.869323641061783,2.910034731030464,0,138
value_off,20261257,2,2,-24.0,3.0,0,0,0,0,0,0,0,0.029850746268656716,67,2.2911887282311025,2.771926298737526,2.8226524591445923,0,135
value_off,20261257,3,2,-8.0,2.5,0,0,0,0,0,0,0,0.03225806451612903,62,2.3178207958417554,2.89944838732481,2.9926057904958725,0,125
value_off,20261258,0,3,33.0,1.0,1,0,0,0,0,0,0,0.0273972602739726,73,2.377620936460691,2.8652414679527283,3.2795872539281845,0,146
value_off,20261258,1,3,-8.0,2.5,0,0,0,0,0,0,0,0.016666666666666666,60,2.378372165064017,2.9721823520958424,3.0812006443738937,0,120
value_off,20261258,2,3,-17.0,4.0,0,0,1,9,0,0,0,0.0,33,2.366150418917338,3.082186728715896,3.4602172672748566,0,66
value_off,20261258,3,3,0.0,2.5,0,0,0,0,0,1,0,0.0,87,2.4249976094084222,3.2054487615823746,3.645908087491989,0,174
value_off,20261259,0,1,-19.0,4.0,0,0,1,11,0,0,0,0.0,53,2.508811617516122,3.367772325873375,3.5629626363515854,0,106
value_off,20261259,1,1,-21.0,3.0,0,0,0,0,0,0,0,0.0,51,2.3615025349107444,2.8953347355127335,3.2445956021547318,0,103
value_off,20261259,2,1,-8.0,2.5,0,0,0,0,0,0,0,0.024390243902439025,41,2.3160544564811194,2.749752253293991,3.026161342859268,0,82
value_off,20261259,3,1,34.0,1.0,1,0,0,0,0,0,0,0.0,41,2.376114995014377,3.0637960880994797,3.359442576766014,0,82
value_off,20261260,0,1,33.0,1.0,1,0,0,0,0,0,0,0.06666666666666667,30,2.345108985900879,2.749219629913568,2.9102321714162827,0,60
value_off,20261260,1,1,-8.0,2.5,0,0,0,0,0,0,0,0.0196078431372549,51,2.3408814461207856,2.8315344825387,2.904815599322319,0,102
value_off,20261260,2,1,-30.0,3.0,0,0,0,0,0,0,0,0.0,31,2.3369926118081614,2.9648402705788612,3.038967028260231,0,63
value_off,20261260,3,1,-30.0,3.0,0,0,0,0,0,0,0,0.06451612903225806,31,2.2972341506711897,2.878873609006405,3.03049199283123,0,63
value_off,20261261,0,2,45.0,1.0,1,0,0,0,0,0,0,0.031746031746031744,63,2.355824771618086,2.817779779434204,2.878611907362938,0,126
value_off,20261261,1,2,-8.0,2.5,0,0,0,0,0,0,0,0.0,35,2.3540572928530827,2.873365394771099,2.914752811193466,0,70
value_off,20261261,2,2,-18.0,4.0,0,0,1,10,0,0,0,0.0,37,2.367522819219409,3.00276055932045,3.020353615283966,0,74
value_off,20261261,3,2,34.0,1.0,1,0,0,0,0,0,0,0.05714285714285714,35,2.246106735297612,2.6188047602772713,2.6372354477643967,0,70
value_off,20261262,0,0,-8.0,2.5,0,0,0,0,0,0,0,0.056338028169014086,71,2.3312458217563763,2.6141665875911713,2.8901156038045883,0,142
value_off,20261262,1,0,42.0,1.0,1,0,0,0,0,0,0,0.02247191011235955,89,2.301535705167256,2.667500451207161,2.816269174218178,0,178
value_off,20261262,2,0,-23.0,3.0,0,0,0,0,0,0,0,0.011494252873563218,87,2.350448791323037,3.054646961390972,3.379080444574356,0,175
value_off,20261262,3,0,0.0,2.5,0,0,0,0,0,1,0,0.0,89,2.3720939800645526,3.060387820005417,3.295283764600754,0,178
value_off,20261263,0,3,-8.0,2.5,0,0,0,0,0,0,0,0.06976744186046512,43,2.3849777617426806,3.016523085534572,3.2519493252038956,0,86
value_off,20261263,1,3,33.0,1.0,1,0,0,0,0,0,0,0.043478260869565216,46,2.405939137806063,3.134350758045912,3.247493878006935,0,92
value_off,20261263,2,3,-8.0,2.5,0,0,0,0,0,0,0,0.046511627906976744,43,2.2766409051972767,2.7281906455755234,2.7931518852710724,0,86
value_off,20261263,3,3,33.0,1.0,1,0,0,0,0,0,0,0.06976744186046512,43,2.2762199907108793,2.7983078733086586,2.8587207198143005,0,86
value_off,20261264,0,3,-17.0,3.0,0,0,0,0,0,0,0,0.0136986301369863,73,2.3961950552790134,2.9715772718191147,3.0473731458187103,0,147
value_off,20261264,1,3,-22.0,4.0,0,0,1,14,0,0,0,0.0136986301369863,73,2.351233608102145,2.879347652196884,2.9677115380764008,0,146
value_off,20261264,2,3,-8.0,2.5,0,0,0,0,0,0,0,0.0410958904109589,73,2.3084932504451436,2.881181240081787,2.949494868516922,0,146
value_off,20261264,3,3,48.0,1.0,1,1,0,0,0,0,0,0.0,59,2.486533690559662,3.484215959906577,3.8374774158000946,0,117
value_off,20261265,0,0,-8.0,2.5,0,0,0,0,0,0,0,0.13333333333333333,15,2.3650371779998145,2.828080765902996,2.8640031814575195,0,30
value_off,20261265,1,0,-27.0,3.0,0,0,0,0,0,0,0,0.0,17,2.4557719554971245,3.060942515730858,3.0914675444364548,0,35
value_off,20261265,2,0,42.0,1.0,1,0,0,0,0,0,0,0.06666666666666667,15,2.3012674103180566,2.7247508987784386,2.851596102118492,0,30
value_off,20261265,3,0,-8.0,2.5,0,0,0,0,0,0,0,0.0,15,2.233399450778961,2.8101153671741486,2.8398875147104263,0,30
value_off,20261266,0,1,-8.0,2.5,0,0,0,0,0,0,0,0.015625,64,2.4012788489926606,2.8904935345053673,2.977900207042694,0,128
value_off,20261266,1,1,-8.0,2.5,0,0,0,0,0,0,0,0.012048192771084338,83,2.3690719516521477,2.904222533106804,3.058040514588356,0,166
value_off,20261266,2,1,-8.0,2.5,0,0,0,0,0,0,0,0.0,30,2.3345015943050385,2.9040169902145863,3.011684864759445,0,60
value_off,20261266,3,1,-17.0,4.0,0,0,1,9,0,0,0,0.0,66,2.394267837658073,3.110224846750498,3.304857760667801,0,132
value_off,20261267,0,1,36.0,1.0,1,0,0,0,0,0,0,0.0,57,2.3768886008806396,2.8861764818429947,2.957243472337723,0,114
value_off,20261267,1,1,-8.0,2.5,0,0,0,0,0,0,0,0.03508771929824561,57,2.359202883222647,2.9339905828237534,3.019111230969429,0,114
value_off,20261267,2,1,34.0,1.0,1,0,0,0,0,0,0,0.0,51,2.39069464013857,3.047768957912922,3.125213086605072,0,102
value_off,20261267,3,1,-8.0,2.5,0,0,0,0,0,0,0,0.019230769230769232,52,2.3242307898516836,2.8907790780067444,2.955721691250801,0,104
value_off,20261268,0,1,-8.0,2.5,0,0,0,0,0,0,0,0.0,51,2.4097437294674853,2.9226308688521385,3.048975020647049,0,102
value_off,20261268,1,1,90.0,1.0,1,1,0,0,0,0,0,0.016129032258064516,62,2.3652699685865834,3.048900794237852,3.118453547358513,0,123
value_off,20261268,2,1,-30.0,3.0,0,0,0,0,0,0,0,0.015384615384615385,65,2.305191296797532,2.774958312511444,2.8435122221708298,0,131
value_off,20261268,3,1,-8.0,2.5,0,0,0,0,0,0,0,0.0,51,2.3570107478721467,3.028617240488529,3.1520500779151917,0,102
value_off,20261269,0,3,48.0,1.0,1,0,0,0,0,0,0,0.0,30,2.3711050550142923,2.9060701839625835,3.0108001083135605,0,60
value_off,20261269,1,3,-8.0,2.5,0,0,0,0,0,0,0,0.0,30,2.384090982377529,3.000999055802822,3.192426636815071,0,60
value_off,20261269,2,3,-8.0,2.5,0,0,0,0,0,0,0,0.03333333333333333,30,2.3577028264602027,2.945175673812628,2.9606185853481293,0,60
value_off,20261269,3,3,-8.0,2.5,0,0,0,0,0,0,0,0.0,35,2.364058260406767,2.979119122028351,3.0436906963586807,0,70
value_off,20261270,0,0,-8.0,2.5,0,0,0,0,0,0,0,0.0,67,2.4303560381505025,2.9451964423060417,3.1709931790828705,0,134
value_off,20261270,1,0,-35.0,4.0,0,0,1,27,0,0,0,0.017543859649122806,57,2.358164834348779,2.908613160252571,2.963367849588394,0,114
value_off,20261270,2,0,-8.0,2.5,0,0,0,0,0,0,0,0.0,67,2.3762909834509465,3.038930706679821,3.235708922147751,0,134
value_off,20261270,3,0,-37.0,4.0,0,0,1,29,0,0,0,0.013888888888888888,72,2.3398554056055016,2.895245887339115,3.0912403017282486,0,144
value_off,20261271,0,1,-8.0,2.5,0,0,0,0,0,0,0,0.04081632653061224,49,2.3726016207008946,2.8685890138149257,2.909397706389427,0,98
value_off,20261271,1,1,-8.0,2.5,0,0,0,0,0,0,0,0.0,49,2.4195138212977625,3.156761825084686,3.2820235937833786,0,98
value_off,20261271,2,1,-32.0,4.0,0,0,1,24,0,0,0,0.02040816326530612,49,2.352473877218305,2.9391832649707794,2.963343635201454,0,98
value_off,20261271,3,1,-18.0,3.0,0,0,0,0,0,0,0,0.02702702702702703,74,2.2888328326312273,2.685465756803751,2.9693543910980225,0,149
value_off,20261272,0,3,-8.0,2.5,0,0,0,0,0,0,0,0.0,34,2.4339937440612736,3.046791534870863,3.263993188738823,0,68
value_off,20261272,1,3,-8.0,2.5,0,0,0,0,0,0,0,0.0,41,2.3542867019409086,2.8420183807611465,3.621406853199005,0,82
value_off,20261272,2,3,33.0,1.0,1,0,0,0,0,0,0,0.02631578947368421,38,2.293965877278855,2.765876054763794,2.871483564376831,0,76
value_off,20261272,3,3,-8.0,2.5,0,0,0,0,0,0,0,0.0,38,2.3189755646806014,2.8693019412457943,2.917308360338211,0,76
value_off,20261273,0,3,44.0,1.0,1,0,0,0,0,0,0,0.013513513513513514,74,2.4103292238873406,2.963399048894644,3.200005739927292,0,148
value_off,20261273,1,3,-21.0,4.0,0,0,1,13,0,0,0,0.0,37,2.416835040659518,3.1048644334077835,3.158869221806526,0,74
value_off,20261273,2,3,60.0,1.0,1,1,0,0,0,0,0,0.047619047619047616,42,2.322848487113203,2.9081491753458972,2.9261577874422073,0,82
value_off,20261273,3,3,-8.0,2.5,0,0,0,0,0,0,0,0.025,40,2.344005601480603,2.9327460564672947,3.0181948095560074,0,81
value_off,20261274,0,1,-8.0,2.5,0,0,0,0,0,0,0,0.0,36,2.4105265426139035,2.9737288132309914,2.9951632022857666,0,72
value_off,20261274,1,1,-26.0,3.0,0,0,0,0,0,0,0,0.0,46,2.398384815972784,3.02340229973197,3.0402392148971558,0,93
value_off,20261274,2,1,-8.0,2.5,0,0,0,0,0,0,0,0.0,36,2.338954144053989,2.920071128755808,2.936752513051033,0,72
value_off,20261274,3,1,-26.0,3.0,0,0,0,0,0,0,0,0.0,46,2.4207219805406486,3.216647543013096,3.246655687689781,0,93
value_off,20261275,0,0,-26.0,4.0,0,0,1,18,0,0,0,0.0,51,2.3906319310852124,2.8972402215003967,2.975519746541977,0,102
value_off,20261275,1,0,51.0,1.0,1,1,0,0,0,0,0,0.07547169811320754,53,2.271085485534848,2.561277523636818,2.8469637036323547,0,104
value_off,20261275,2,0,-8.0,2.5,0,0,0,0,0,0,0,0.0392156862745098,51,2.298214381524161,2.8671426698565483,3.0138324946165085,0,102
value_off,20261275,3,0,39.0,1.0,1,0,0,0,0,0,0,0.03389830508474576,59,2.26964972029298,2.6896459981799126,2.8678104281425476,0,118
value_off,20261276,0,1,44.0,1.0,1,0,0,0,0,0,0,0.023255813953488372,43,2.419962482743485,3.0732881277799606,3.3539794385433197,0,86
value_off,20261276,1,1,-8.0,2.5,0,0,0,0,0,0,0,0.0,43,2.6187305013800777,3.682359494268894,3.9178337901830673,0,86
value_off,20261276,2,1,-8.0,2.5,0,0,0,0,0,0,0,0.0,44,2.3340272547846492,2.872333023697138,2.9117800295352936,0,88
value_off,20261276,3,1,-8.0,2.5,0,0,0,0,0,0,0,0.0,43,2.4504385628672534,3.564922884106636,3.6028902977705,0,86
value_off,20261277,0,0,-8.0,2.5,0,0,0,0,0,0,0,0.0425531914893617,47,2.3377253178586352,2.8097433969378467,2.897854894399643,0,94
value_off,20261277,1,0,-24.0,3.0,0,0,0,0,0,0,0,0.047619047619047616,42,2.3008698952339945,2.7123507112264633,2.8355978429317474,0,85
value_off,20261277,2,0,34.0,1.0,1,0,0,0,0,0,0,0.022222222222222223,45,2.307044838865598,2.79843732714653,2.866659313440323,0,90
value_off,20261277,3,0,-24.0,3.0,0,0,0,0,0,0,0,0.0,42,2.312121203257924,2.823551744222641,2.8320830315351486,0,85
value_off,20261278,0,1,-8.0,2.5,0,0,0,0,0,0,0,0.0,26,2.45467688028629,3.0575236305594444,3.1138453632593155,0,52
value_off,20261278,1,1,-8.0,2.5,0,0,0,0,0,0,0,0.0,45,2.418495466311773,3.0292533338069916,3.2436102628707886,0,90
value_off,20261278,2,1,-8.0,2.5,0,0,0,0,0,0,0,0.038461538461538464,26,2.3213073324698668,2.877984195947647,3.0860714614391327,0,52
value_off,20261278,3,1,54.0,1.0,1,1,0,0,0,0,0,0.08333333333333333,24,2.313334650049607,3.0076116323471065,3.159778192639351,0,47
value_off,20261279,0,3,-8.0,2.5,0,0,0,0,0,0,0,0.044444444444444446,90,2.3310830195744834,2.6749668642878532,2.872643992304802,0,181
value_off,20261279,1,3,33.0,1.0,1,0,0,0,0,0,0,0.0,51,2.398847036209761,3.037942573428154,3.094242885708809,0,102
value_off,20261279,2,3,0.0,2.5,0,0,0,0,0,1,0,0.012048192771084338,83,2.306987969092576,2.810249850153923,2.8457678854465485,0,166
value_off,20261279,3,3,-8.0,2.5,0,0,0,0,0,0,0,0.018518518518518517,54,2.3240861655385405,2.883434109389782,2.888629212975502,0,107
value_off,20261280,0,0,-8.0,2.5,0,0,0,0,0,0,0,0.0,26,2.494408032641961,3.000612836331129,4.227016121149063,0,52
value_off,20261280,1,0,-18.0,3.0,0,0,0,0,0,0,0,0.024390243902439025,41,2.3291107358002083,2.7465373277664185,2.8442051261663437,0,83
value_off,20261280,2,0,32.0,1.0,1,0,0,0,0,0,0,0.11538461538461539,26,2.257589465723588,2.712579909712076,2.8110966086387634,0,52
value_off,20261280,3,0,-19.0,3.0,0,0,0,0,0,0,0,0.05128205128205128,39,2.2888364604650397,2.8829751536250114,2.9399264603853226,0,79
value_off,20261281,0,2,-20.0,4.0,0,0,1,12,0,0,0,0.02040816326530612,49,2.417557663759407,2.942300960421562,3.0113980174064636,0,98
value_off,20261281,1,2,-8.0,2.5,0,0,0,0,0,0,0,0.0,18,2.2854295869668326,2.8510715812444687,2.8792470693588257,0,36
value_off,20261281,2,2,36.0,1.0,1,0,0,0,0,0,0,0.15789473684210525,19,2.2637563708581423,2.6628831401467323,2.6733018457889557,0,38
value_off,20261281,3,2,-8.0,2.5,0,0,0,0,0,0,0,0.0,19,2.3335974271360196,2.85435002297163,2.910047769546509,0,38
value_off,20261282,0,2,-16.0,3.0,0,0,0,0,0,0,0,0.0,47,2.4385116201765995,3.0552545562386513,3.0983462929725647,0,95
value_off,20261282,1,2,-20.0,3.0,0,0,0,0,0,0,0,0.0,52,2.477088226721837,3.2708845101296897,3.4387148916721344,0,105
value_off,20261282,2,2,32.0,1.0,1,0,0,0,0,0,0,0.0,56,2.4898583069443703,3.3491994254291058,3.5691987723112106,0,112
value_off,20261282,3,2,-8.0,2.5,0,0,0,0,0,0,0,0.0,47,2.397900328357169,3.1800905242562294,3.4003350883722305,0,94
value_off,20261283,0,3,-19.0,3.0,0,0,0,0,0,0,0,0.02702702702702703,74,2.3777196938927108,2.8352067805826664,2.9024891555309296,0,149
value_off,20261283,1,3,0.0,2.5,0,0,0,0,0,1,0,0.0,85,2.3860572015537933,2.9311008751392365,3.070589154958725,0,171
value_off,20261283,2,3,51.0,1.0,1,1,0,0,0,0,0,0.028169014084507043,71,2.308898775930136,2.7436064556241035,3.4055765718221664,0,141
value_off,20261283,3,3,-8.0,2.5,0,0,0,0,0,0,0,0.03125,64,2.318758051842451,2.896980382502079,2.9229409992694855,0,127
value_off,20261284,0,0,-19.0,4.0,0,0,1,11,0,0,0,0.0,43,2.666484997716061,3.6942677572369576,4.091423004865646,0,86
value_off,20261284,1,0,-8.0,2.5,0,0,0,0,0,0,0,0.05,40,2.3169607389718294,2.71137161180377,2.8106998652219772,0,80
value_off,20261284,2,0,-8.0,2.5,0,0,0,0,0,0,0,0.023255813953488372,43,2.4165970294974572,3.0913840979337692,3.602396696805954,0,86
value_off,20261284,3,0,35.0,1.0,1,0,0,0,0,0,0,0.06976744186046512,43,2.2859101638544437,2.696738764643669,2.886546775698662,0,86
value_off,20261285,0,0,33.0,1.0,1,0,0,0,0,0,0,0.02564102564102564,39,2.3875899421863065,2.9221463948488235,2.9421336948871613,0,78
value_off,20261285,1,0,-17.0,4.0,0,0,1,9,0,0,0,0.05263157894736842,38,2.325575651698991,2.904641442000866,2.9380545020103455,0,76
value_off,20261285,2,0,-8.0,2.5,0,0,0,0,0,0,0,0.02564102564102564,39,2.3000086538302593,2.7852002531290054,2.806892618536949,0,78
value_off,20261285,3,0,-8.0,2.5,0,0,0,0,0,0,0,0.02564102564102564,39,2.380356192588806,3.1665947288274765,3.1885821372270584,0,78
value_off,20261286,0,1,-20.0,4.0,0,0,1,12,0,0,0,0.0273972602739726,73,2.36263889053913,2.829816192388534,2.916436642408371,0,146
value_off,20261286,1,1,-8.0,2.5,0,0,0,0,0,0,0,0.0196078431372549,51,2.350441381043079,2.8725601732730865,3.0418094247579575,0,102
value_off,20261286,2,1,-17.0,4.0,0,0,1,9,0,0,0,0.0,41,2.3616324292450415,3.0572228133678436,3.1424183398485184,0,82
value_off,20261286,3,1,-16.0,4.0,0,0,1,8,0,0,0,0.0,38,2.3331023066451677,2.859069500118494,2.94509157538414,0,76
value_off,20261287,0,0,99.0,1.0,1,1,0,0,0,0,0,0.045454545454545456,44,2.3657795549793676,2.979444433003664,3.031522035598755,0,87
value_off,20261287,1,0,-8.0,2.5,0,0,0,0,0,0,0,0.1111111111111111,27,2.2862381819221707,2.6394538581371307,2.85530649125576,0,54
value_off,20261287,2,0,60.0,1.0,1,1,0,0,0,0,0,0.018867924528301886,53,2.334283418812842,2.923702821135521,2.9917750507593155,0,105
value_off,20261287,3,0,-8.0,2.5,0,0,0,0,0,0,0,0.015151515151515152,66,2.360112344225248,3.1044785864651203,3.217153251171112,0,132
value_off,20261288,0,0,-8.0,2.5,0,0,0,0,0,0,0,0.0,38,2.495366834888333,3.321719169616699,3.33271361887455,0,76
value_off,20261288,1,0,-18.0,3.0,0,0,0,0,0,0,0,0.0,39,2.3523785938055086,2.892238460481167,3.015691414475441,0,79
value_off,20261288,2,0,-20.0,4.0,0,0,1,12,0,0,0,0.023255813953488372,43,2.3138460291679515,2.7995750308036804,2.879999577999115,0,86
value_off,20261288,3,0,33.0,1.0,1,0,0,0,0,0,0,0.05263157894736842,38,2.2991287374967024,2.7596402913331985,2.8850920498371124,0,76
value_off,20261289,0,0,34.0,1.0,1,0,0,0,0,0,0,0.03508771929824561,57,2.35466309414621,2.7382269501686096,2.9585324227809906,0,114
value_off,20261289,1,0,-18.0,3.0,0,0,0,0,0,0,0,0.030303030303030304,66,2.3322850183555572,2.893772441893816,2.9866397380828857,0,133
value_off,20261289,2,0,-18.0,3.0,0,0,0,0,0,0,0,0.0,66,2.4962939152663406,3.6922884173691273,3.994876518845558,0,133
value_off,20261289,3,0,-18.0,4.0,0,0,1,10,0,0,0,0.02564102564102564,39,2.302484013713323,2.771497145295143,2.8240960091352463,0,77
value_off,20261290,0,2,-17.0,3.0,0,0,0,0,0,0,0,0.0,47,2.4778525087427585,3.133731335401535,3.6078914999961853,0,95
value_off,20261290,1,2,-17.0,3.0,0,0,0,0,0,0,0,0.02127659574468085,47,2.434961497783661,3.171234019100666,3.296736627817154,0,95
value_off,20261290,2,2,51.0,1.0,1,1,0,0,0,0,0,0.0,48,2.420260958994428,3.302502352744341,3.390176221728325,0,95
value_off,20261290,3,2,-8.0,2.5,0,0,0,0,0,0,0,0.075,40,2.302625821903348,2.746425289660692,2.7949661016464233,0,80
value_off,20261291,0,2,-8.0,2.5,0,0,0,0,0,0,0,0.0,51,2.4432185672077478,3.1143082305788994,3.24442982673645,0,102
value_off,20261291,1,2,34.0,1.0,1,0,0,0,0,0,0,0.0,55,2.4084265259179203,3.1313301995396614,3.287341445684433,0,110
value_off,20261291,2,2,-8.0,2.5,0,0,0,0,0,0,0,0.020833333333333332,48,2.318702832174798,2.8525011613965034,3.0308999121189117,0,96
value_off,20261291,3,2,-8.0,2.5,0,0,0,0,0,0,0,0.0196078431372549,51,2.3192482470881703,2.845337614417076,2.87787988781929,0,102
value_off,20261292,0,2,78.0,1.0,1,1,0,0,0,0,0,0.03389830508474576,59,2.385181832616612,2.8451839461922646,3.535239025950432,0,117
value_off,20261292,1,2,-18.0,3.0,0,0,0,0,0,0,0,0.017241379310344827,58,2.4168555592668466,3.085208870470524,3.208378329873085,0,117
value_off,20261292,2,2,-35.0,4.0,0,0,1,27,0,0,0,0.0,60,2.390862970302502,3.0209554359316826,3.076516091823578,0,120
value_off,20261292,3,2,-18.0,3.0,0,0,0,0,0,0,0,0.05172413793103448,58,2.280712513060405,2.5720481760799885,3.441879525780678,0,117
value_off,20261293,0,0,-8.0,2.5,0,0,0,0,0,0,0,0.020833333333333332,48,2.5306344808389745,3.0497695319354534,6.83109275996685,0,96
value_off,20261293,1,0,-8.0,2.5,0,0,0,0,0,0,0,0.02,50,2.336847446858883,2.852303348481655,2.8881076723337173,0,100
value_off,20261293,2,0,-8.0,2.5,0,0,0,0,0,0,0,0.05,40,2.279264433309436,2.7213585563004017,2.826850861310959,0,80
value_off,20261293,3,0,-8.0,2.5,0,0,0,0,0,0,0,0.0,40,2.3937369231134653,3.108111582696438,3.914959728717804,0,80
value_off,20261294,0,0,-18.0,3.0,0,0,0,0,0,0,0,0.0136986301369863,73,2.37331238307365,2.8850816190242767,2.888830378651619,0,148
value_off,20261294,1,0,0.0,2.5,0,0,0,0,0,1,0,0.0,85,2.491973143290071,3.153933212161064,3.6139320582151413,0,171
value_off,20261294,2,0,-17.0,4.0,0,0,1,9,0,0,0,0.03225806451612903,62,2.298355853605655,2.769201248884201,2.9514916241168976,0,123
value_off,20261294,3,0,33.0,1.0,1,0,0,0,0,0,0,0.0425531914893617,47,2.3211422673565276,2.9547275975346565,3.0064787715673447,0,95
value_off,20261295,0,1,72.0,1.0,1,1,0,0,0,0,0,0.0,47,2.392355352640152,2.9094580560922623,2.954840660095215,0,93
value_off,20261295,1,1,60.0,1.0,1,1,0,0,0,0,0,0.012195121951219513,82,2.3319784370137424,2.8806005604565144,3.098282963037491,0,163
value_off,20261295,2,1,-20.0,3.0,0,0,0,0,0,0,0,0.024691358024691357,81,2.3120551565547047,2.8358884155750275,2.9840245842933655,0,163
value_off,20261295,3,1,-20.0,3.0,0,0,0,0,0,0,0,0.024691358024691357,81,2.370744115776486,2.749389037489891,6.403962150216103,0,163
value_off,20261296,0,3,37.0,1.0,1,0,0,0,0,0,0,0.0,23,2.4186725039844927,3.0165061354637146,3.032524138689041,0,46
value_off,20261296,1,3,-8.0,2.5,0,0,0,0,0,0,0,0.03125,32,2.7429472538642585,4.050736874341965,5.2262768149375916,0,64
value_off,20261296,2,3,-20.0,4.0,0,0,1,12,0,0,0,0.0,27,2.4874373856518,2.93074119836092,6.118033081293106,0,54
value_off,20261296,3,3,-20.0,4.0,0,0,1,12,0,0,0,0.03333333333333333,30,2.3925114423036575,2.9091126285493374,3.762468695640564,0,60
value_off,20261297,0,0,-8.0,2.5,0,0,0,0,0,0,0,0.05555555555555555,18,2.618687227368355,3.459519427269694,5.340812727808952,0,36
value_off,20261297,1,0,-8.0,2.5,0,0,0,0,0,0,0,0.0,37,2.4180515493090087,3.0433595180511475,3.2203681766986847,0,74
value_off,20261297,2,0,-8.0,2.5,0,0,0,0,0,0,0,0.1111111111111111,18,2.3493234895997577,2.8749069198966026,2.987295389175415,0,36
value_off,20261297,3,0,36.0,1.0,1,0,0,0,0,0,0,0.06666666666666667,30,2.2290860613187156,2.5402985513210297,2.752259373664856,0,60
value_off,20261298,0,2,-8.0,2.5,0,0,0,0,0,0,0,0.022727272727272728,44,2.3737718266519634,2.8435776941478252,2.8872881084680557,0,89
value_off,20261298,1,2,-8.0,2.5,0,0,0,0,0,0,0,0.0,49,2.44093298607943,3.084838390350342,3.7547722458839417,0,99
value_off,20261298,2,2,-18.0,4.0,0,0,1,10,0,0,0,0.037037037037037035,27,2.3691570731224836,2.820744179189205,3.6864113062620163,0,55
value_off,20261298,3,2,-8.0,2.5,0,0,0,0,0,0,0,0.03571428571428571,28,2.2943874022790363,2.754934784024954,2.766871824860573,0,55
value_off,20261299,0,1,-17.0,3.0,0,0,0,0,0,0,0,0.03773584905660377,53,2.3539180182061106,2.8218716382980347,2.9034987092018127,0,107
value_off,20261299,1,1,51.0,1.0,1,1,0,0,0,0,0,0.037037037037037035,54,2.353299995539365,2.797759510576725,4.798503592610359,0,107
value_off,20261299,2,1,-17.0,3.0,0,0,0,0,0,0,0,0.018867924528301886,53,2.3577277952770017,2.9086191207170486,5.47461211681366,0,107
value_off,20261299,3,1,-17.0,3.0,0,0,0,0,0,0,0,0.018867924528301886,53,2.3164152044732615,2.91021391749382,3.065291792154312,0,107
value_off,20261300,0,2,-18.0,3.0,0,0,0,0,0,0,0,0.03278688524590164,61,2.415906393625697,2.9928963631391525,3.1974874436855316,0,124
value_off,20261300,1,2,-18.0,3.0,0,0,0,0,0,0,0,0.06451612903225806,62,2.309447124360069,2.70832609385252,2.955850213766098,0,124
value_off,20261300,2,2,-8.0,2.5,0,0,0,0,0,0,0,0.027777777777777776,36,2.2831207865642176,2.759911585599184,2.9047206044197083,0,72
value_off,20261300,3,2,54.0,1.0,1,1,0,0,0,0,0,0.03225806451612903,62,2.2958183300591286,2.9308314435184,3.0975155532360077,0,124
value_off,20261301,0,3,-20.0,3.0,0,0,0,0,0,0,0,0.02702702702702703,37,2.3853398255399756,2.906819060444832,3.0138734728097916,0,75
value_off,20261301,1,3,-22.0,3.0,0,0,0,0,0,0,0,0.06779661016949153,59,2.2908831804485645,2.6531418785452843,2.864144742488861,0,119
value_off,20261301,2,3,60.0,1.0,1,1,0,0,0,0,0,0.0,38,2.3503138830787256,3.027050476521253,3.2280702143907547,0,75
value_off,20261301,3,3,-20.0,3.0,0,0,0,0,0,0,0,0.02702702702702703,37,2.2996232114933632,2.897586300969124,2.9377974569797516,0,75
value_off,20261302,0,0,-8.0,2.5,0,0,0,0,0,0,0,0.0,45,2.565725023547808,3.1151611357927322,6.546486169099808,0,90
value_off,20261302,1,0,-8.0,2.5,0,0,0,0,0,0,0,0.021739130434782608,46,2.3984576211027475,2.923478838056326,5.106469616293907,0,92
value_off,20261302,2,0,-18.0,3.0,0,0,0,0,0,0,0,0.075,40,2.2664133924990892,2.6334435679018497,2.6454199105501175,0,81
value_off,20261302,3,0,-18.0,3.0,0,0,0,0,0,0,0,0.0,40,2.3350114934146404,2.8733985498547554,2.9106903821229935,0,81
value_off,20261303,0,2,42.0,1.0,1,0,0,0,0,0,0,0.014084507042253521,71,2.4014446412173793,2.9947329312562943,3.10329906642437,0,142
value_off,20261303,1,2,-8.0,2.5,0,0,0,0,0,0,0,0.0,21,2.5037101336887906,2.829708158969879,6.142875179648399,0,42
value_off,20261303,2,2,36.0,1.0,1,0,0,0,0,0,0,0.038461538461538464,26,2.2812940610142856,2.7280887588858604,2.807527780532837,0,52
value_off,20261303,3,2,-19.0,3.0,0,0,0,0,0,0,0,0.011363636363636364,88,2.321316119791432,2.799358405172825,2.888927236199379,0,177
value_off,20261304,0,3,-22.0,4.0,0,0,1,14,0,0,0,0.0,29,2.5279635627721917,3.3980723470449448,3.5312511026859283,0,58
value_off,20261304,1,3,-8.0,2.5,0,0,0,0,0,0,0,0.10344827586206896,29,2.3379534611414217,2.8740614652633663,2.9595959931612015,0,58
value_off,20261304,2,3,38.0,1.0,1,0,0,0,0,0,0,0.0,29,2.382848411798477,3.11037003993988,3.2562334090471268,0,58
value_off,20261304,3,3,-8.0,2.5,0,0,0,0,0,0,0,0.0,29,2.34301317611645,2.9621873050928116,3.0210521072149277,0,58
value_off,20261305,0,3,-8.0,2.5,0,0,0,0,0,0,0,0.03125,64,2.373425872065127,2.7965963818132873,2.932349219918251,0,127
value_off,20261305,1,3,36.0,1.0,1,0,0,0,0,0,0,0.0,63,2.361234247921005,2.920936979353428,3.3622272312641144,0,127
value_off,20261305,2,3,-20.0,4.0,0,0,1,12,0,0,0,0.0,63,2.454516374402576,3.095891699194908,5.765227600932121,0,127
value_off,20261305,3,3,-23.0,3.0,0,0,0,0,0,0,0,0.015151515151515152,66,2.3766053050304903,2.956131473183632,6.093455478549004,0,134
value_off,20261306,0,1,32.0,1.0,1,0,0,0,0,0,0,0.0625,32,2.3935349308885634,2.8727205470204353,3.48457507789135,0,64
value_off,20261306,1,1,-8.0,2.5,0,0,0,0,0,0,0,0.03125,32,2.399805001914501,2.7717234566807747,5.673851817846298,0,64
value_off,20261306,2,1,-8.0,2.5,0,0,0,0,0,0,0,0.0,32,2.3860560613684356,2.9036249965429306,3.4791678190231323,0,64
value_off,20261306,3,1,-17.0,3.0,0,0,0,0,0,0,0,0.0,48,2.327383883918325,2.8955003246665,2.9002930968999863,0,97
value_off,20261307,0,0,-8.0,2.5,0,0,0,0,0,0,0,0.0,78,2.402603936692079,2.936920989304781,3.5746153444051743,0,156
value_off,20261307,1,0,-42.0,3.0,0,0,0,0,0,0,0,0.0,84,2.394203296197312,2.9932637698948383,4.026381298899651,0,169
value_off,20261307,2,0,32.0,1.0,1,0,0,0,0,0,0,0.02631578947368421,76,2.4022235240983334,2.8709974139928818,5.792584270238876,0,152
value_off,20261307,3,0,42.0,1.0,1,0,0,0,0,0,0,0.0,86,2.4282253932121187,3.2765413634479046,3.4348927438259125,0,172
value_off,20261308,0,0,57.0,1.0,1,1,0,0,0,0,0,0.014492753623188406,69,2.4746266882056775,3.202990815043449,4.449445754289627,0,137
value_off,20261308,1,0,-8.0,2.5,0,0,0,0,0,0,0,0.019230769230769232,52,2.422987662542325,3.074589371681213,3.1718555837869644,0,104
value_off,20261308,2,0,-8.0,2.5,0,0,0,0,0,0,0,0.0,58,2.4292201831423004,3.126529511064291,5.36876916885376,0,116
value_off,20261308,3,0,-18.0,4.0,0,0,1,10,0,0,0,0.0,52,2.572930740335813,3.6497334018349648,4.18507494032383,0,104
value_off,20261309,0,0,-20.0,4.0,0,0,1,12,0,0,0,0.0,33,2.5282665861375406,2.8771989047527313,7.466524839401245,0,66
value_off,20261309,1,0,-8.0,2.5,0,0,0,0,0,0,0,0.0,33,2.3541604027603613,2.9263947159051895,3.010958433151245,0,66
value_off,20261309,2,0,36.0,1.0,1,0,0,0,0,0,0,0.0,33,2.4113182655789633,3.272497281432152,3.330092877149582,0,66
value_off,20261309,3,0,-8.0,2.5,0,0,0,0,0,0,0,0.058823529411764705,34,2.2833625621655407,2.6741063222289085,2.824956551194191,0,68
value_off,20261310,0,0,-17.0,4.0,0,0,1,9,0,0,0,0.0,63,2.415773237035388,2.943916991353035,3.0040405690670013,0,126
value_off,20261310,1,0,36.0,1.0,1,0,0,0,0,0,0,0.07407407407407407,27,2.301679579196153,2.8083039447665215,2.8582289814949036,0,54
value_off,20261310,2,0,-8.0,2.5,0,0,0,0,0,0,0,0.05555555555555555,36,2.3591010313895016,2.8915046714246273,4.9378518015146255,0,72
value_off,20261310,3,0,33.0,1.0,1,0,0,0,0,0,0,0.05714285714285714,35,2.382725157908031,2.8826208785176277,4.958098754286766,0,70
value_off,20261311,0,3,54.0,1.0,1,1,0,0,0,0,0,0.020833333333333332,48,2.6620476661870875,3.6644686013460146,5.90895302593708,0,95
value_off,20261311,1,3,51.0,1.0,1,1,0,0,0,0,0,0.05263157894736842,57,2.3032571270800473,2.7237404137849808,2.8470996767282486,0,113
value_off,20261311,2,3,-8.0,2.5,0,0,0,0,0,0,0,0.015151515151515152,66,2.3574645377018233,2.972541842609644,3.114776685833931,0,131
value_off,20261311,3,3,40.0,1.0,1,0,0,0,0,0,0,0.015384615384615385,65,2.3050092447262545,2.8297606855630875,2.867402508854866,0,130
value_off,20261312,0,1,0.0,2.5,0,0,0,0,0,1,0,0.0,84,2.4838054863115153,3.23540735989809,3.5052280873060226,0,168
value_off,20261312,1,1,0.0,2.5,0,0,0,0,0,1,0,0.0,84,2.37206028153499,2.9103162698447704,3.064500167965889,0,168
value_off,20261312,2,1,51.0,1.0,1,1,0,0,0,0,0,0.0,59,2.403314620003862,3.216232731938362,3.438066691160202,0,117
value_off,20261312,3,1,49.0,1.0,1,0,0,0,0,0,0,0.0,45,2.4620749056339264,3.3143296837806693,3.7378743290901184,0,90
value_off,20261313,0,0,0.0,2.5,0,0,0,0,0,1,0,0.011494252873563218,87,2.38495129535253,2.843773737549782,3.0074957758188248,0,174
value_off,20261313,1,0,-30.0,4.0,0,0,0,0,0,0,0,0.024096385542168676,83,2.369065196758293,2.9034722596406937,3.4385602921247482,1,164
value_off,20261313,2,0,0.0,2.5,0,0,0,0,0,1,1,0.011494252873563218,87,2.364435372338898,2.9109427705407143,3.734748810529709,0,174
value_off,20261313,3,0,-8.0,2.5,0,0,0,0,0,0,0,0.0,71,2.3902346655516555,3.1499117612838745,3.3144503831863403,0,142
value_off,20261314,0,2,-8.0,2.5,0,0,0,0,0,0,0,0.0,16,2.417083247564733,3.0833249911665916,3.203876316547394,0,32
value_off,20261314,1,2,33.0,1.0,1,0,0,0,0,0,0,0.125,16,2.3115137591958046,2.8207660652697086,2.89970263838768,0,32
value_off,20261314,2,2,-8.0,2.5,0,0,0,0,0,0,0,0.0,41,2.3253923054875396,2.8518550097942352,2.9534976929426193,0,82
value_off,20261314,3,2,-17.0,4.0,0,0,1,9,0,0,0,0.0,16,2.335438271984458,2.9213465750217438,2.9325615614652634,0,32
value_off,20261315,0,3,38.0,1.0,1,0,0,0,0,0,0,0.028169014084507043,71,2.3710179129536724,2.772239036858082,2.9638055711984634,0,142
value_off,20261315,1,3,0.0,2.5,0,0,0,0,0,1,1,0.023529411764705882,85,2.368426169542705,2.888335660099983,2.9273293912410736,0,170
value_off,20261315,2,3,0.0,2.5,0,0,0,0,0,1,0,0.0,85,2.3628068759160885,2.9315821826457977,3.243427723646164,0,170
value_off,20261315,3,3,32.0,1.0,1,0,0,0,0,0,0,0.03773584905660377,53,2.3155759246844165,2.932814508676529,3.886515274643898,0,106
value_off,20261316,0,3,-18.0,3.0,0,0,0,0,0,0,0,0.0,38,2.424655482172966,3.0197380110621452,3.0940305441617966,0,77
value_off,20261316,1,3,-18.0,3.0,0,0,0,0,0,0,0,0.0,41,2.3647488617315524,2.918398007750511,2.969035878777504,0,83
value_off,20261316,2,3,51.0,1.0,1,1,0,0,0,0,0,0.023255813953488372,43,2.293816009579703,2.7930771932005882,2.8471574187278748,0,85
value_off,20261316,3,3,-23.0,4.0,0,0,1,15,0,0,0,0.012048192771084338,83,2.351500116378428,3.0738450586795802,3.2089855521917343,0,166
value_off,20261317,0,0,34.0,1.0,1,0,0,0,0,0,0,0.045454545454545456,44,2.303491642867977,2.5876550003886223,2.8352662920951843,0,88
value_off,20261317,1,0,-19.0,3.0,0,0,0,0,0,0,0,0.06060606060606061,33,2.3368778215213255,2.8107017278671265,2.834206447005272,0,67
value_off,20261317,2,0,-8.0,2.5,0,0,0,0,0,0,0,0.04878048780487805,41,2.3038151969270007,2.8752535581588745,2.885885536670685,0,82
value_off,20261317,3,0,-30.0,4.0,0,0,0,0,0,0,0,0.018518518518518517,54,2.307040444402783,2.916157990694046,3.026427701115608,1,107
value_off,20261318,0,2,-26.0,3.0,0,0,0,0,0,0,0,0.03225806451612903,31,2.3834564152263824,2.8984639793634415,2.952583134174347,0,63
value_off,20261318,1,2,-8.0,2.5,0,0,0,0,0,0,0,0.013333333333333334,75,2.3320356756448746,2.810470201075077,2.928581088781357,0,150
value_off,20261318,2,2,-17.0,3.0,0,0,0,0,0,0,0,0.0,33,2.3749970802755067,3.1019769608974457,3.163004294037819,0,67
value_off,20261318,3,2,78.0,1.0,1,1,0,0,0,0,0,0.0625,32,2.310827258042991,2.862772438675165,2.911129966378212,0,63
value_off,20261319,0,3,0.0,2.5,0,0,0,0,0,1,1,0.0,82,2.474225217067614,3.193731419742108,3.7834327667951584,0,164
value_off,20261319,1,3,-18.0,4.0,0,0,1,10,0,0,0,0.014705882352941176,68,2.3417893304106068,2.8379390947520733,2.937229350209236,0,136
value_off,20261319,2,3,-8.0,2.5,0,0,0,0,0,0,0,0.0,59,2.3289009991843823,2.8649985790252686,2.9082652181386948,0,118
value_off,20261319,3,3,-8.0,2.5,0,0,0,0,0,0,0,0.03389830508474576,59,2.3425626489570583,2.9146963730454445,3.8405172526836395,0,118
value_off,20261320,0,2,-8.0,2.5,0,0,0,0,0,0,0,0.0,57,2.4565927226815307,3.2006293535232544,3.4711211919784546,0,114
value_off,20261320,1,2,35.0,1.0,1,0,0,0,0,0,0,0.017543859649122806,57,2.305028437260996,2.699638158082962,2.7834754437208176,0,114
value_off,20261320,2,2,10.0,2.0,0,0,0,0,0,0,0,0.015873015873015872,63,2.372239317212786,2.9109248891472816,3.809859976172447,1,127
value_off,20261320,3,2,-19.0,4.0,0,0,1,11,0,0,0,0.017543859649122806,57,2.356095762367834,3.023349866271019,3.0983928591012955,0,114
value_off,20261321,0,0,42.0,1.0,1,0,0,0,0,0,0,0.05405405405405406,37,2.3682766870872394,2.9217056930065155,3.020964562892914,0,74
value_off,20261321,1,0,0.0,2.5,0,0,0,0,0,1,0,0.0,86,2.370144803683425,2.933597657829523,3.036919981241226,0,172
value_off,20261321,2,0,33.0,1.0,1,0,0,0,0,0,0,0.0,32,2.475325542036444,3.4305481240153313,3.5560913383960724,0,64
value_off,20261321,3,0,48.0,1.0,1,0,0,0,0,0,0,0.0,31,2.3280930134557907,2.9748985543847084,2.986721694469452,0,62
value_off,20261322,0,1,-16.0,4.0,0,0,1,8,0,0,0,0.0,52,2.4343076376960826,3.011287283152342,3.078097477555275,0,104
value_off,20261322,1,1,-8.0,2.5,0,0,0,0,0,0,0,0.0,35,2.3126589400427684,2.834777534008026,2.85901315510273,0,70
value_off,20261322,2,1,-8.0,2.5,0,0,0,0,0,0,0,0.01818181818181818,55,2.3281342603943567,2.810921333730221,2.9496196657419205,0,110
value_off,20261322,3,1,-33.0,4.0,0,0,1,25,0,0,0,0.01818181818181818,55,2.320717376741496,2.8378577902913094,2.962060272693634,0,110
value_off,20261323,0,2,-28.0,4.0,0,0,1,20,0,0,0,0.0,61,2.5147752927952127,3.3156201243400574,3.422243520617485,0,122
value_off,20261323,1,2,-8.0,2.5,0,0,0,0,0,0,0,0.0,61,2.3394231608168026,2.8624478727579117,2.9143039137125015,0,122
value_off,20261323,2,2,44.0,1.0,1,0,0,0,0,0,0,0.03278688524590164,61,2.2874187189536017,2.73221917450428,3.2281726598739624,0,122
value_off,20261323,3,2,-8.0,2.5,0,0,0,0,0,0,0,0.0,61,2.3413405555193543,2.9643140733242035,2.99077108502388,0,122
value_off,20261324,0,3,-16.0,3.0,0,0,0,0,0,0,0,0.04878048780487805,41,2.4069166946701888,3.0273739248514175,3.0667707324028015,0,83
value_off,20261324,1,3,60.0,1.0,1,1,0,0,0,0,0,0.0,42,2.3950737501893724,3.1259346753358837,3.390023484826088,0,83
value_off,20261324,2,3,-20.0,3.0,0,0,0,0,0,0,0,0.0,41,2.3549468052096483,3.000037744641304,3.0515100806951523,0,83
value_off,20261324,3,3,-20.0,3.0,0,0,0,0,0,0,0,0.0,41,2.401297730280132,2.964649349451065,3.8042310625314713,0,83
value_off,20261325,0,2,-29.0,3.0,0,0,0,0,0,0,0,0.0,45,2.5128070265054703,3.2371774315834045,3.4700073301792145,0,92
value_off,20261325,1,2,0.0,2.5,0,0,0,0,0,1,0,0.0,84,2.4005110996464887,2.968666423112154,3.2016634941101074,0,169
value_off,20261325,2,2,-8.0,2.5,0,0,0,0,0,0,0,0.03773584905660377,53,2.2918091700324474,2.7671381831169124,2.889992669224739,0,105
value_off,20261325,3,2,-21.0,4.0,0,0,1,13,0,0,0,0.0,48,2.383275694834689,3.013063594698906,3.033839166164398,0,97
value_off,20261326,0,0,0.0,2.5,0,0,0,0,0,1,0,0.011904761904761904,84,2.362173715872424,2.7569442987442017,2.899469807744026,0,168
value_off,20261326,1,0,0.0,2.5,0,0,0,0,0,1,1,0.012345679012345678,81,2.390422064948965,3.0734483152627945,3.155618906021118,0,163
value_off,20261326,2,0,32.0,1.0,1,0,0,0,0,0,0,0.01639344262295082,61,2.3582774351854794,2.9765088111162186,3.0289553105831146,0,121
value_off,20261326,3,0,0.0,2.5,0,0,0,0,0,1,0,0.011764705882352941,85,2.334530366694226,2.8359223157167435,2.9435083270072937,0,170
value_off,20261327,0,0,36.0,1.0,1,0,0,0,0,0,0,0.045454545454545456,66,2.3213149415272656,2.686282154172659,2.895066514611244,0,132
value_off,20261327,1,0,-21.0,3.0,0,0,0,0,0,0,0,0.05357142857142857,56,2.346624620258808,2.8559905476868153,2.998447045683861,0,113
value_off,20261327,2,0,-8.0,2.5,0,0,0,0,0,0,0,0.0,70,2.402194935296263,3.1000868417322636,3.537531942129135,0,140
value_off,20261327,3,0,63.0,1.0,1,1,0,0,0,0,0,0.0,58,2.3429598016985533,3.014933131635189,3.092503175139427,0,115
value_off,20261328,0,3,-8.0,2.5,0,0,0,0,0,0,0,0.0,48,2.4452429497614503,3.0907392501831055,3.4647136926651,0,96
value_off,20261328,1,3,-24.0,3.0,0,0,0,0,0,0,0,0.014084507042253521,71,2.3527634658024343,2.845275215804577,3.2027345150709152,0,143
value_off,20261328,2,3,-8.0,2.5,0,0,0,0,0,0,0,0.0,85,2.4715314235757377,3.370971605181694,3.676941618323326,0,170
value_off,20261328,3,3,32.0,1.0,1,0,0,0,0,0,0,0.0,45,2.4368242257171207,3.5278450697660446,3.6774463951587677,0,90
value_off,20261329,0,2,48.0,1.0,1,1,0,0,0,0,0,0.027777777777777776,36,2.3993456529246435,2.844621893018484,2.960067242383957,0,71
value_off,20261329,1,2,-16.0,3.0,0,0,0,0,0,0,0,0.02857142857142857,35,2.3413725197315216,2.7918806299567223,3.369435667991638,0,71
value_off,20261329,2,2,-16.0,3.0,0,0,0,0,0,0,0,0.0,35,2.332094098840441,2.909622900187969,3.1861700117588043,0,71
value_off,20261329,3,2,-16.0,3.0,0,0,0,0,0,0,0,0.05714285714285714,35,2.2930766322783063,2.6754891499876976,2.7083642780780792,0,71
value_off,20261330,0,0,-20.0,4.0,0,0,1,12,0,0,0,0.02127659574468085,47,2.44065726849627,3.0654633417725563,3.154899924993515,0,94
value_off,20261330,1,0,-8.0,2.5,0,0,0,0,0,0,0,0.03636363636363636,55,2.292784269560467,2.6693761348724365,2.794526517391205,0,110
value_off,20261330,2,0,36.0,1.0,1,0,0,0,0,0,0,0.03636363636363636,55,2.306603132323785,2.794012613594532,2.8881579637527466,0,110
value_off,20261330,3,0,-8.0,2.5,0,0,0,0,0,0,0,0.0425531914893617,47,2.3778516482165517,3.122299909591675,3.4475084394216537,0,94
value_off,20261331,0,2,-8.0,2.5,0,0,0,0,0,0,0,0.018867924528301886,53,2.4108444252666437,3.063952550292015,3.2432153820991516,0,106
value_off,20261331,1,2,-20.0,3.0,0,0,0,0,0,0,0,0.0,56,2.357225199895246,2.855347003787756,2.9449909925460815,0,113
value_off,20261331,2,2,90.0,1.0,1,1,0,0,0,0,0,0.06382978723404255,47,2.2526323953841594,2.6478275656700134,2.6849526911973953,0,93
value_off,20261331,3,2,-34.0,4.0,0,0,1,26,0,0,0,0.018867924528301886,53,2.3663047490254887,3.0655473470687866,3.152100369334221,0,106
value_off,20261332,0,0,-29.0,3.0,0,0,0,0,0,0,0,0.0,38,2.403542644491321,2.911274414509535,2.9185209423303604,0,77
value_off,20261332,1,0,-29.0,3.0,0,0,0,0,0,0,0,0.04878048780487805,41,2.3135455643258442,2.7582962065935135,2.8909295797348022,0,83
value_off,20261332,2,0,87.0,1.0,1,1,0,0,0,0,0,0.02564102564102564,39,2.377894253302843,3.1075967475771904,3.389999270439148,0,77
value_off,20261332,3,0,-29.0,3.0,0,0,0,0,0,0,0,0.07317073170731707,41,2.3104644312364297,2.8675757348537445,2.9304232448339462,0,83
value_off,20261333,0,0,-8.0,2.5,0,0,0,0,0,0,0,0.0,76,2.423652864404415,2.9472769238054752,2.991100773215294,0,152
value_off,20261333,1,0,-32.0,4.0,0,0,1,24,0,0,0,0.08823529411764706,34,2.3005618439877735,2.675884123891592,2.731192857027054,0,68
value_off,20261333,2,0,-8.0,2.5,0,0,0,0,0,0,0,0.029411764705882353,34,2.381009761901463,3.194276802241802,3.2508783042430878,0,68
value_off,20261333,3,0,-8.0,2.5,0,0,0,0,0,0,0,0.04285714285714286,70,2.3039101756044795,2.6665017940104008,2.8792358934879303,0,140
value_off,20261334,0,3,-20.0,4.0,0,0,1,12,0,0,0,0.0,27,2.4089193730442613,2.9381554573774338,2.9787514358758926,0,54
value_off,20261334,1,3,-21.0,3.0,0,0,0,0,0,0,0,0.034482758620689655,29,2.3847874896279695,2.9227077960968018,2.9524900019168854,0,59
value_off,20261334,2,3,-8.0,2.5,0,0,0,0,0,0,0,0.0,25,2.3345129936933517,2.8339821845293045,2.8490033000707626,0,50
value_off,20261334,3,3,36.0,1.0,1,0,0,0,0,0,0,0.0,27,2.309234743868863,2.881849929690361,2.895485609769821,0,54
value_off,20261335,0,3,0.0,2.5,0,0,0,0,0,1,1,0.011494252873563218,87,2.395166640822915,2.903391607105732,3.3151302486658096,0,175
value_off,20261335,1,3,0.0,2.5,0,0,0,0,0,1,1,0.023255813953488372,86,2.3207005416584567,2.7184500358998775,2.805860713124275,0,171
value_off,20261335,2,3,35.0,1.0,1,0,0,0,0,0,0,0.019230769230769232,52,2.3469442071822972,2.9137514531612396,3.0645355582237244,0,104
value_off,20261335,3,3,-18.0,4.0,0,0,1,10,0,0,0,0.0,71,2.337011128244266,2.955402247607708,3.0817613005638123,0,142
value_off,20261336,0,1,-8.0,2.5,0,0,0,0,0,0,0,0.0,22,2.432782795618881,2.984242606908083,3.0381958931684494,0,44
value_off,20261336,1,1,-19.0,4.0,0,0,1,11,0,0,0,0.09090909090909091,22,2.2918250919743017,2.630773838609457,2.66842357814312,0,44
value_off,20261336,2,1,35.0,1.0,1,0,0,0,0,0,0,0.0,22,2.42711967703971,3.4027844667434692,3.5316217690706253,0,44
value_off,20261336,3,1,-8.0,2.5,0,0,0,0,0,0,0,0.045454545454545456,22,2.2881259633736177,2.725860755890608,2.7274619787931442,0,44
value_off,20261337,0,2,51.0,1.0,1,1,0,0,0,0,0,0.015384615384615385,65,2.367380605294154,2.7716651558876038,2.9158908873796463,0,129
value_off,20261337,1,2,-17.0,3.0,0,0,0,0,0,0,0,0.015625,64,2.389981964370236,2.985365130007267,3.0476562678813934,0,129
value_off,20261337,2,2,-17.0,3.0,0,0,0,0,0,0,0,0.015625,64,2.3612283112015575,2.9686092399060726,3.183787688612938,0,129
value_off,20261337,3,2,34.0,1.0,1,0,0,0,0,0,0,0.012987012987012988,77,2.3707162056650435,3.002742677927017,3.0682124197483063,0,154
value_off,20261338,0,0,37.0,1.0,1,0,0,0,0,0,0,0.0625,48,2.3441234758744636,2.7299963869154453,2.8784722089767456,0,96
value_off,20261338,1,0,-16.0,3.0,0,0,0,0,0,0,0,0.0,48,2.5260296339790025,3.35810836404562,3.5061538219451904,0,97
value_off,20261338,2,0,-16.0,3.0,0,0,0,0,0,0,0,0.0,49,2.52262324246825,3.3602111041545863,3.486745059490204,0,99
value_off,20261338,3,0,-8.0,2.5,0,0,0,0,0,0,0,0.0,44,2.391951454972679,3.1314718537032604,3.711419180035591,0,88
value_off,20261339,0,1,-8.0,2.5,0,0,0,0,0,0,0,0.0,45,2.502919774916437,3.088417649269104,3.6504361778497696,0,90
value_off,20261339,1,1,-8.0,2.5,0,0,0,0,0,0,0,0.0,61,2.4610176438190896,3.0574165284633636,3.4604910761117935,0,122
value_off,20261339,2,1,-23.0,3.0,0,0,0,0,0,0,0,0.0,61,2.3391874904026753,2.9338616877794266,3.027627244591713,0,123
value_off,20261339,3,1,40.0,1.0,1,0,0,0,0,0,0,0.08333333333333333,36,2.2374167003565364,2.6130876503884792,2.7958396822214127,0,72
value_off,20261340,0,0,-8.0,2.5,0,0,0,0,0,0,0,0.047619047619047616,42,2.3413324019029025,2.6708035729825497,2.9177945107221603,0,84
value_off,20261340,1,0,-16.0,4.0,0,0,1,8,0,0,0,0.0,20,2.383659314364195,2.9841450043022633,3.0167270451784134,0,40
value_off,20261340,2,0,-8.0,2.5,0,0,0,0,0,0,0,0.023809523809523808,42,2.3894201786745164,3.135446552187204,3.235790878534317,0,84
value_off,20261340,3,0,-21.0,4.0,0,0,1,13,0,0,0,0.047619047619047616,42,2.288949941950185,2.666082698851824,2.9204320162534714,0,84
value_off,20261341,0,0,-19.0,3.0,0,0,0,0,0,0,0,0.011363636363636364,88,2.4699424393475056,3.121988009661436,3.2028164714574814,0,177
value_off,20261341,1,0,-8.0,2.5,0,0,0,0,0,0,0,0.04411764705882353,68,2.297310816014514,2.653834316879511,2.7800947427749634,0,136
value_off,20261341,2,0,-8.0,2.5,0,0,0,0,0,0,0,0.016666666666666666,60,2.463309901456038,3.4083704464137554,3.5023726522922516,0,120
value_off,20261341,3,0,-33.0,3.0,0,0,0,0,0,0,0,0.02666666666666667,75,2.2872239847977958,2.7291474863886833,2.8786063194274902,0,151
value_off,20261342,0,1,-8.0,2.5,0,0,0,0,0,0,0,0.0,81,2.4378089073263567,3.0363034456968307,3.0978359282016754,0,162
value_off,20261342,1,1,35.0,1.0,1,0,0,0,0,0,0,0.0425531914893617,47,2.3635162159483483,3.0070194974541664,3.1122639775276184,0,94
value_off,20261342,2,1,-27.0,3.0,0,0,0,0,0,0,0,0.04081632653061224,49,2.3015758440810807,2.8686147183179855,2.972707152366638,0,99
value_off,20261342,3,1,-21.0,4.0,0,0,1,13,0,0,0,0.06382978723404255,47,2.274593378001071,2.712644077837467,2.837173640727997,0,94
value_off,20261343,0,1,33.0,1.0,1,0,0,0,0,0,0,0.05263157894736842,38,2.358449622988701,2.8702531941235065,2.935003489255905,0,76
value_off,20261343,1,1,-18.0,3.0,0,0,0,0,0,0,0,0.03571428571428571,28,2.347161594246115,2.8574829921126366,2.898653969168663,0,57
value_off,20261343,2,1,-8.0,2.5,0,0,0,0,0,0,0,0.07894736842105263,38,2.293539478590614,2.815463114529848,2.884047105908394,0,76
value_off,20261343,3,1,-8.0,2.5,0,0,0,0,0,0,0,0.0,55,2.3874645206061276,3.1046418473124504,3.159632906317711,0,110
value_off,20261344,0,3,-8.0,2.5,0,0,0,0,0,0,0,0.0,43,2.3704586593910704,2.913103438913822,2.9332414269447327,0,86
value_off,20261344,1,3,-37.0,3.0,0,0,0,0,0,0,0,0.0392156862745098,51,2.2985390296169355,2.771231345832348,2.8267409652471542,0,103
value_off,20261344,2,3,-8.0,2.5,0,0,0,0,0,0,0,0.029411764705882353,34,2.382958636564367,2.9592138715088367,3.3853258937597275,0,68
value_off,20261344,3,3,-20.0,4.0,0,0,1,12,0,0,0,0.02564102564102564,39,2.352531999349594,2.902830019593239,3.1594932079315186,0,78
value_off,20261345,0,2,34.0,1.0,1,0,0,0,0,0,0,0.02127659574468085,47,2.378362448925668,2.8266003355383873,2.9136016964912415,0,94
value_off,20261345,1,2,-8.0,2.5,0,0,0,0,0,0,0,0.0,43,2.510240171537843,3.2241102308034897,3.2996684312820435,0,86
value_off,20261345,2,2,-8.0,2.5,0,0,0,0,0,0,0,0.02127659574468085,47,2.3693188707879247,3.03620845079422,3.1442027539014816,0,94
value_off,20261345,3,2,-19.0,3.0,0,0,0,0,0,0,0,0.0,47,2.354850120683934,2.915903553366661,2.9632113873958588,0,95
value_off,20261346,0,2,48.0,1.0,1,0,0,0,0,0,0,0.0,35,2.457515788929803,3.0336828902363777,3.078976646065712,0,71
value_off,20261346,1,2,-8.0,2.5,0,0,0,0,0,0,0,0.024390243902439025,41,2.339278188783948,2.900145947933197,2.9372256249189377,0,83
value_off,20261346,2,2,-8.0,2.5,0,0,0,0,0,0,0,0.05714285714285714,35,2.287549525499344,2.6600224897265434,2.9270239174365997,0,71
value_off,20261346,3,2,-8.0,2.5,0,0,0,0,0,0,0,0.027777777777777776,36,2.3705894644889565,2.9313499107956886,2.9700547456741333,0,71
value_off,20261347,0,1,0.0,2.5,0,0,0,0,0,1,1,0.0,84,2.4390830658376217,2.946549467742443,2.975521609187126,0,168
value_off,20261347,1,1,-29.0,4.0,0,0,1,21,0,0,0,0.014285714285714285,70,2.3450276415262903,2.8293872252106667,2.9273591935634613,0,140
value_off,20261347,2,1,0.0,2.5,0,0,0,0,0,1,0,0.0,84,2.4536409237909886,3.353569377213716,3.7513282150030136,0,168
value_off,20261347,3,1,96.0,1.0,1,1,0,0,0,0,0,0.0,44,2.351663117720322,2.8782290406525135,2.9393844306468964,0,87
value_off,20261348,0,0,-8.0,2.5,0,0,0,0,0,0,0,0.0,40,2.4990516249090433,3.193497844040394,3.592228516936302,0,80
value_off,20261348,1,0,-8.0,2.5,0,0,0,0,0,0,0,0.0,32,2.400703262537718,2.9552383348345757,3.0253343284130096,0,64
value_off,20261348,2,0,87.0,1.0,1,1,0,0,0,0,0,0.03773584905660377,53,2.327393599838581,2.8367090970277786,2.964390441775322,0,105
value_off,20261348,3,0,-27.0,4.0,0,0,1,19,0,0,0,0.022727272727272728,44,2.3364748975092713,2.992106694728136,3.04228812456131,0,88
value_off,20261349,0,3,-8.0,2.5,0,0,0,0,0,0,0,0.05084745762711865,59,2.386885111109685,3.0625402927398677,3.256944939494133,0,118
value_off,20261349,1,3,-8.0,2.5,0,0,0,0,0,0,0,0.01694915254237288,59,2.4044975890951643,3.1115461140871044,3.275834023952484,0,118
value_off,20261349,2,3,34.0,1.0,1,0,0,0,0,0,0,0.03389830508474576,59,2.3365685621560632,2.9346145689487457,3.6528464406728745,0,118
value_off,20261349,3,3,-8.0,2.5,0,0,0,0,0,0,0,0.037037037037037035,27,2.3274218180665263,2.808462269604206,2.9123667627573013,0,54
value_off,20261350,0,3,32.0,1.0,1,0,0,0,0,0,0,0.031746031746031744,63,2.3676007986068726,2.8391459956765175,2.9281359165906906,0,127
value_off,20261350,1,3,-18.0,3.0,0,0,0,0,0,0,0,0.0,51,2.3667623161100875,2.941741608083248,3.0039269477128983,0,103
value_off,20261350,2,3,-18.0,3.0,0,0,0,0,0,0,0,0.038461538461538464,52,2.389799302014021,3.154194261878729,3.2229311764240265,0,104
value_off,20261350,3,3,-18.0,3.0,0,0,0,0,0,0,0,0.0392156862745098,51,2.3655546646492156,2.9983678832650185,3.061266615986824,0,103
value_off,20261351,0,3,-30.0,3.0,0,0,0,0,0,0,0,0.0,65,2.4336959307010355,3.0322257429361343,3.2055899500846863,0,131
value_off,20261351,1,3,10.0,2.0,0,0,0,0,0,0,0,0.1,20,2.3282562382519245,2.6775645092129707,2.8611868619918823,1,41
value_off,20261351,2,3,36.0,1.0,1,0,0,0,0,0,0,0.05,20,2.292034588754177,2.7249328792095184,2.8463639318943024,0,40
value_off,20261351,3,3,10.0,2.0,0,0,0,0,0,0,0,0.05,20,2.31478251516819,2.9407190158963203,3.0206479132175446,1,41
value_off,20261352,0,3,-24.0,3.0,0,0,0,0,0,0,0,0.0,21,2.466653429326557,3.087073564529419,3.094526007771492,0,43
value_off,20261352,1,3,-24.0,3.0,0,0,0,0,0,0,0,0.047619047619047616,21,2.3084223447811034,2.743910998106003,2.8286688029766083,0,43
value_off,20261352,2,3,-18.0,3.0,0,0,0,0,0,0,0,0.0625,32,2.2629658924415708,2.634155284613371,2.6440154761075974,0,65
value_off,20261352,3,3,-24.0,3.0,0,0,0,0,0,0,0,0.0,21,2.301294267887161,2.8326231986284256,2.841014415025711,0,43
value_off,20261353,0,2,-8.0,2.5,0,0,0,0,0,0,0,0.0,71,2.4802620771905066,3.1051049008965492,3.1576156616210938,0,142
value_off,20261353,1,2,-17.0,4.0,0,0,1,9,0,0,0,0.038461538461538464,26,2.344552499170487,2.8429008089005947,2.8788764029741287,0,53
value_off,20261353,2,2,-8.0,2.5,0,0,0,0,0,0,0,0.0,26,2.316788125496644,2.879489678889513,2.9696039855480194,0,53
value_off,20261353,3,2,-8.0,2.5,0,0,0,0,0,0,0,0.0,26,2.368031069636345,3.1653493642807007,3.2338816672563553,0,53
value_off,20261354,0,3,63.0,1.0,1,1,0,0,0,0,0,0.08333333333333333,36,2.3965397849678993,3.0457465909421444,3.33954393863678,0,71
value_off,20261354,1,3,-8.0,2.5,0,0,0,0,0,0,0,0.03636363636363636,55,2.3385582999749617,2.8256453573703766,3.037787973880768,0,110
value_off,20261354,2,3,35.0,1.0,1,0,0,0,0,0,0,0.037037037037037035,54,2.31987996785729,2.9235931113362312,3.0394159257411957,0,108
value_off,20261354,3,3,-8.0,2.5,0,0,0,0,0,0,0,0.046511627906976744,43,2.290366607349972,2.7408653870224953,2.954278141260147,0,86
value_off,20261355,0,2,-8.0,2.5,0,0,0,0,0,0,0,0.0,67,2.400504953380841,2.940879762172699,3.067048266530037,0,135
value_off,20261355,1,2,60.0,1.0,1,1,0,0,0,0,0,0.016666666666666666,60,2.3667997059722743,2.8658954426646233,3.0504651367664337,0,118
value_off,20261355,2,2,37.0,1.0,1,0,0,0,0,0,0,0.04477611940298507,67,2.2864379822763046,2.728535607457161,3.002692013978958,0,135
value_off,20261355,3,2,35.0,1.0,1,0,0,0,0,0,0,0.08571428571428572,35,2.268689817615918,2.8339676558971405,2.906639128923416,0,71
value_off,20261356,0,1,-8.0,2.5,0,0,0,0,0,0,0,0.03333333333333333,30,2.430975064635277,2.9609142802655697,3.01477313041687,0,60
value_off,20261356,1,1,-18.0,4.0,0,0,1,10,0,0,0,0.0,30,2.376290907462438,2.8727930039167404,3.008795902132988,0,60
value_off,20261356,2,1,34.0,1.0,1,0,0,0,0,0,0,0.03333333333333333,30,2.355425556500753,2.989296056330204,2.997787669301033,0,60
value_off,20261356,3,1,-8.0,2.5,0,0,0,0,0,0,0,0.03333333333333333,30,2.37712146093448,3.026728704571724,3.0675064772367477,0,60
value_off,20261357,0,1,-21.0,3.0,0,0,0,0,0,0,0,0.047619047619047616,42,2.321144521591209,2.681222651153803,2.847319468855858,0,85
value_off,20261357,1,1,-21.0,3.0,0,0,0,0,0,0,0,0.047619047619047616,42,2.3104794589536533,2.679103519767523,2.8864387422800064,0,85
value_off,20261357,2,1,63.0,1.0,1,1,0,0,0,0,0,0.045454545454545456,44,2.3955951275473293,3.033730573952198,3.2029636204242706,0,87
value_off,20261357,3,1,-21.0,3.0,0,0,0,0,0,0,0,0.0,42,2.7099732486974624,4.0830221027135805,4.252688959240913,0,85
value_off,20261358,0,2,-8.0,2.5,0,0,0,0,0,0,0,0.014492753623188406,69,2.54760577302912,3.127400577068328,7.079968228936195,0,137
value_off,20261358,1,2,33.0,1.0,1,0,0,0,0,0,0,0.012048192771084338,83,2.3658713886895812,2.8513800352811813,4.214482381939888,0,166
value_off,20261358,2,2,-17.0,4.0,0,0,1,9,0,0,0,0.024096385542168676,83,2.2883573210383035,2.6854464784264565,2.7280673384666443,0,166
value_off,20261358,3,2,-8.0,2.5,0,0,0,0,0,0,0,0.012048192771084338,83,2.377282109964325,2.8968755155801773,5.268866196274757,0,166
value_off,20261359,0,1,-31.0,3.0,0,0,0,0,0,0,0,0.021739130434782608,46,2.435114720593328,2.9050144366919994,4.494532942771912,0,93
value_off,20261359,1,1,-8.0,2.5,0,0,0,0,0,0,0,0.0,41,2.3977596585343526,2.8796661645174026,5.25771826505661,0,82
value_off,20261359,2,1,47.0,1.0,1,0,0,0,0,0,0,0.04878048780487805,41,2.288804094238979,2.8183292597532272,2.8237029910087585,0,82
value_off,20261359,3,1,-8.0,2.5,0,0,0,0,0,0,0,0.0,41,2.467513902158272,2.992544323205948,7.0052240043878555,0,82
value_off,20261360,0,3,-8.0,2.5,0,0,0,0,0,0,0,0.0,63,2.4046386399912456,2.985553629696369,3.0027776956558228,0,126
value_off,20261360,1,3,34.0,1.0,1,0,0,0,0,0,0,0.031746031746031744,63,2.3272447583694307,2.829841524362564,2.8403978794813156,0,126
value_off,20261360,2,3,33.0,1.0,1,0,0,0,0,0,0,0.0136986301369863,73,2.329576377795167,2.8225738555192947,3.03676538169384,0,146
value_off,20261360,3,3,-8.0,2.5,0,0,0,0,0,0,0,0.04081632653061224,49,2.251126176240493,2.676023542881012,2.70027294754982,0,98
value_off,20261361,0,1,-8.0,2.5,0,0,0,0,0,0,0,0.023529411764705882,85,2.4048322044751225,2.871617302298546,4.3609291315078735,0,170
value_off,20261361,1,1,69.0,1.0,1,1,0,0,0,0,0,0.01282051282051282,78,2.348117888546907,2.919785398989916,2.9590893536806107,0,155
value_off,20261361,2,1,10.0,2.0,0,0,0,0,0,0,0,0.0,61,2.4046763533451516,3.087930381298065,3.365764394402504,1,123
value_off,20261361,3,1,0.0,2.5,0,0,0,0,0,1,0,0.0,85,2.429812533013961,3.2851461321115494,3.604631870985031,0,170
value_off,20261362,0,0,-8.0,2.5,0,0,0,0,0,0,0,0.05084745762711865,59,2.3100813692909177,2.576205320656299,2.8855614364147186,0,118
value_off,20261362,1,0,-17.0,3.0,0,0,0,0,0,0,0,0.04,25,2.345445230603218,2.8419844806194305,2.8647668659687042,0,51
value_off,20261362,2,0,-8.0,2.5,0,0,0,0,0,0,0,0.0,59,2.3934691828691355,3.203376568853855,3.3545829355716705,0,118
value_off,20261362,3,0,33.0,1.0,1,0,0,0,0,0,0,0.0425531914893617,47,2.2833965163915715,2.735878713428974,2.763606607913971,0,94
value_off,20261363,0,0,48.0,1.0,1,0,0,0,0,0,0,0.0,42,2.378373539873532,2.893191482871771,3.0803531408309937,0,84
value_off,20261363,1,0,-8.0,2.5,0,0,0,0,0,0,0,0.0,42,2.3929989408879053,3.14121451228857,3.4291353076696396,0,84
value_off,20261363,2,0,-8.0,2.5,0,0,0,0,0,0,0,0.023809523809523808,42,2.2974334923284396,2.7708323672413826,2.807239070534706,0,84
value_off,20261363,3,0,-21.0,3.0,0,0,0,0,0,0,0,0.0,40,2.3278823122382164,2.8831236995756626,2.892918884754181,0,81
value_off,20261364,0,1,-18.0,4.0,0,0,1,10,0,0,0,0.0,39,2.3862607777118683,2.8999827802181244,2.956857904791832,0,78
value_off,20261364,1,1,-8.0,2.5,0,0,0,0,0,0,0,0.02857142857142857,35,2.318632336599486,2.725671418011188,2.834092825651169,0,70
value_off,20261364,2,1,34.0,1.0,1,0,0,0,0,0,0,0.0,35,2.428385562130383,3.2007882371544834,3.336505964398384,0,70
value_off,20261364,3,1,-8.0,2.5,0,0,0,0,0,0,0,0.0,35,2.3164395775113786,2.8485309332609177,2.86082923412323,0,70
value_off,20261365,0,0,-16.0,4.0,0,0,1,8,0,0,0,0.04225352112676056,71,2.3835834745370166,2.9245689511299133,2.9795747250318527,0,142
value_off,20261365,1,0,35.0,1.0,1,0,0,0,0,0,0,0.01694915254237288,59,2.3184435726222343,2.8046542778611183,2.8344187885522842,0,118
value_off,20261365,2,0,-8.0,2.5,0,0,0,0,0,0,0,0.01694915254237288,59,2.3764865315061505,2.9851898550987244,5.5332183837890625,0,118
value_off,20261365,3,0,-20.0,4.0,0,0,1,12,0,0,0,0.0,84,2.421041706665641,3.2553371973335743,3.434823825955391,0,168
value_off,20261366,0,2,34.0,1.0,1,0,0,0,0,0,0,0.04878048780487805,41,2.350499853491783,2.7565937489271164,2.8268638998270035,0,82
value_off,20261366,1,2,-8.0,2.5,0,0,0,0,0,0,0,0.0,33,2.3593436362165394,2.8592348098754883,2.9168929904699326,0,66
value_off,20261366,2,2,-8.0,2.5,0,0,0,0,0,0,0,0.0,41,2.3233963222038456,2.9658526182174683,2.9879137873649597,0,82
value_off,20261366,3,2,-8.0,2.5,0,0,0,0,0,0,0,0.04878048780487805,41,2.2658709800098,2.6933830231428146,2.702128142118454,0,82
value_off,20261367,0,0,-8.0,2.5,0,0,0,0,0,0,0,0.014705882352941176,68,2.392557531814365,2.8848947025835514,3.048200160264969,0,136
value_off,20261367,1,0,35.0,1.0,1,0,0,0,0,0,0,0.0,68,2.5064415462753353,3.356242459267378,4.6397615224123,0,136
value_off,20261367,2,0,-8.0,2.5,0,0,0,0,0,0,0,0.014705882352941176,68,2.290151355897679,2.7074011974036694,2.738412469625473,0,136
value_off,20261367,3,0,-19.0,4.0,0,0,1,11,0,0,0,0.014705882352941176,68,2.364593338878716,2.912463713437319,3.716927021741867,0,136
value_off,20261368,0,2,-8.0,2.5,0,0,0,0,0,0,0,0.0,34,2.426727729685166,2.9686318710446358,2.9839277267456055,0,68
value_off,20261368,1,2,-17.0,4.0,0,0,1,9,0,0,0,0.0,34,2.506278783959501,3.6029241979122153,3.8581136614084244,0,68
value_off,20261368,2,2,33.0,1.0,1,0,0,0,0,0,0,0.029411764705882353,34,2.529677880160949,3.8616513833403534,5.8871302753686905,0,68
value_off,20261368,3,2,-8.0,2.5,0,0,0,0,0,0,0,0.0,34,2.4083779905648792,3.0662336386740203,4.1815135627985,0,68
value_off,20261369,0,3,-16.0,4.0,0,0,1,8,0,0,0,0.0,14,2.6119223662785123,3.607917111366987,4.47569414973259,0,28
value_off,20261369,1,3,-8.0,2.5,0,0,0,0,0,0,0,0.0,11,2.660095014355399,4.459742456674576,6.064431741833687,0,22
value_off,20261369,2,3,-8.0,2.5,0,0,0,0,0,0,0,0.0,14,2.2915811943156377,2.7996829710900784,2.8134863823652267,0,28
value_off,20261369,3,3,32.0,1.0,1,0,0,0,0,0,0,0.07142857142857142,14,2.3989779874682426,3.0765424482524395,3.1649842858314514,0,28
value_off,20261370,0,1,51.0,1.0,1,1,0,0,0,0,0,0.0,32,2.420933509711176,3.0585636384785175,3.0991267412900925,0,63
value_off,20261370,1,1,-17.0,3.0,0,0,0,0,0,0,0,0.0,31,2.400127389738637,3.084885887801647,3.130776807665825,0,63
value_off,20261370,2,1,-17.0,3.0,0,0,0,0,0,0,0,0.03225806451612903,31,2.302930119537538,2.790619619190693,2.8430093079805374,0,63
value_off,20261370,3,1,-17.0,3.0,0,0,0,0,0,0,0,0.03225806451612903,31,2.363192278050607,2.994779497385025,3.0460935086011887,0,63
value_off,20261371,0,2,-8.0,2.5,0,0,0,0,0,0,0,0.022222222222222223,45,2.4476310445202722,3.0234742909669876,3.267783671617508,0,90
value_off,20261371,1,2,-18.0,4.0,0,0,1,10,0,0,0,0.0,41,2.5401614697241204,3.7000104784965515,4.913918673992157,0,82
value_off,20261371,2,2,34.0,1.0,1,0,0,0,0,0,0,0.024390243902439025,41,2.3766810119878956,2.8970371931791306,4.607854411005974,0,82
value_off,20261371,3,2,-8.0,2.5,0,0,0,0,0,0,0,0.0,41,2.444794946690885,3.181375563144684,5.066145211458206,0,82
value_off,20261372,0,0,36.0,1.0,1,0,0,0,0,0,0,0.0125,80,2.453333931043744,3.116808459162712,5.046423524618149,0,160
value_off,20261372,1,0,-17.0,4.0,0,0,1,9,0,0,0,0.0,38,2.4222588460696373,3.211505524814129,3.2939761877059937,0,76
value_off,20261372,2,0,-8.0,2.5,0,0,0,0,0,0,0,0.047619047619047616,42,2.2948989201159704,2.676130086183548,3.263598307967186,0,84
value_off,20261372,3,0,-8.0,2.5,0,0,0,0,0,0,0,0.0,39,2.3265770899179654,2.9079915955662727,2.914534881711006,0,78
value_off,20261373,0,3,-8.0,2.5,0,0,0,0,0,0,0,0.029411764705882353,34,2.3795948089922176,2.8272829949855804,2.9601044952869415,0,68
value_off,20261373,1,3,-16.0,4.0,0,0,1,8,0,0,0,0.029411764705882353,34,2.3788156754830303,2.7721205726265907,4.406152293086052,0,68
value_off,20261373,2,3,-8.0,2.5,0,0,0,0,0,0,0,0.029411764705882353,34,2.3618683438090717,3.1796131283044815,3.3797118812799454,0,68
value_off,20261373,3,3,37.0,1.0,1,0,0,0,0,0,0,0.08823529411764706,34,2.4207695661222233,2.7503779157996173,7.984530180692673,0,68
value_off,20261374,0,0,10.0,2.0,0,0,0,0,0,0,0,0.013513513513513514,74,2.3814197881398975,2.893108408898115,2.944059669971466,1,149
value_off,20261374,1,0,10.0,2.0,0,0,0,0,0,0,0,0.0,74,2.4553021365726315,3.0547422356903553,5.629653111100197,1,149
value_off,20261374,2,0,-30.0,4.0,0,0,0,0,0,0,0,0.0,77,2.4731909348206087,3.1106214970350266,7.446516305208206,1,153
value_off,20261374,3,0,10.0,2.0,0,0,0,0,0,0,0,0.04054054054054054,74,2.278671448899282,2.646427508443594,4.0578339248895645,1,149
value_off,20261375,0,2,-16.0,3.0,0,0,0,0,0,0,0,0.0,41,2.5160173181353547,3.2231826335191727,5.4560936987400055,0,83
value_off,20261375,1,2,51.0,1.0,1,1,0,0,0,0,0,0.0,40,2.4137993808835745,3.1246216036379333,3.495648503303528,0,79
value_off,20261375,2,2,-16.0,3.0,0,0,0,0,0,0,0,0.05,40,2.2796897683292627,2.591872774064541,2.751491963863373,0,81
value_off,20261375,3,2,0.0,2.5,0,0,0,0,0,1,0,0.0,83,2.4670221764280136,3.3840734511613846,3.502722829580307,0,167
value_off,20261376,0,2,33.0,1.0,1,0,0,0,0,0,0,0.06666666666666667,30,2.403213270008564,2.9998909682035446,3.02840955555439,0,60
value_off,20261376,1,2,34.0,1.0,1,0,0,0,0,0,0,0.0625,32,2.283464651554823,2.6683880016207695,2.683311700820923,0,64
value_off,20261376,2,2,10.0,2.0,0,0,0,0,0,0,0,0.03636363636363636,55,2.2910520434379578,2.7651669457554813,3.0542630702257156,1,111
value_off,20261376,3,2,-18.0,4.0,0,0,1,10,0,0,0,0.0,32,2.437096438370645,2.8869882225990295,5.058156326413155,0,64
value_off,20261377,0,0,-17.0,4.0,0,0,1,9,0,0,0,0.027777777777777776,72,2.3795466404408216,2.779246587306261,3.6813784390687943,0,144
value_off,20261377,1,0,-8.0,2.5,0,0,0,0,0,0,0,0.01694915254237288,59,2.5082393154754477,3.034123219549656,7.089879363775253,0,118
value_off,20261377,2,0,-8.0,2.5,0,0,0,0,0,0,0,0.02040816326530612,49,2.4090387991496494,2.9231980443000793,6.143543869256973,0,98
value_off,20261377,3,0,33.0,1.0,1,0,0,0,0,0,0,0.02040816326530612,49,2.432990401070945,3.0768543481826782,4.377443343400955,0,98
value_off,20261378,0,3,0.0,2.5,0,0,0,0,0,1,0,0.03571428571428571,84,2.39051581316051,2.8445811010897146,4.830354824662209,0,168
value_off,20261378,1,3,0.0,2.5,0,0,0,0,0,1,1,0.0,84,2.5327385935400213,3.490711282938719,7.362339645624161,0,168
value_off,20261378,2,3,0.0,2.5,0,0,0,0,0,1,0,0.0,84,2.354599225024382,2.9699518345296383,3.1916219741106033,0,168
value_off,20261378,3,3,0.0,2.5,0,0,0,0,0,1,1,0.011904761904761904,84,2.322964991132418,2.672888897359371,6.26489520072937,0,168
value_off,20261379,0,3,-8.0,2.5,0,0,0,0,0,0,0,0.0,56,2.390877011099032,2.9042521491646767,2.9688123613595963,0,112
value_off,20261379,1,3,-25.0,3.0,0,0,0,0,0,0,0,0.016666666666666666,60,2.356537959227959,2.9122671112418175,2.9987115412950516,0,121
value_off,20261379,2,3,35.0,1.0,1,0,0,0,0,0,0,0.017857142857142856,56,2.4316925555467606,3.3425679430365562,3.4026559442281723,0,112
value_off,20261379,3,3,-32.0,4.0,0,0,1,24,0,0,0,0.0,60,2.522957200805346,3.278413135558364,4.63092140853405,0,120
value_off,20261380,0,3,32.0,1.0,1,0,0,0,0,0,0,0.030303030303030304,33,2.6072707930297563,3.8926828652620316,3.9822179824113846,0,66
value_off,20261380,1,3,-8.0,2.5,0,0,0,0,0,0,0,0.030303030303030304,33,2.3347091381296967,2.878785878419876,2.910912036895752,0,66
value_off,20261380,2,3,-16.0,4.0,0,0,1,8,0,0,0,0.030303030303030304,33,2.348671131061785,2.931153029203415,3.039965406060219,0,66
value_off,20261380,3,3,-8.0,2.5,0,0,0,0,0,0,0,0.06060606060606061,33,2.311952637903618,2.9037557542324066,2.958817407488823,0,66
value_off,20261381,0,3,-55.0,3.0,0,0,0,0,0,0,0,0.05128205128205128,39,2.3349269460409117,2.6363693177700043,2.8320234268903732,0,79
value_off,20261381,1,3,165.0,1.0,1,1,0,0,0,0,0,0.0,40,2.6350282598286867,3.9586459286510904,7.5259581208229065,0,79
value_off,20261381,2,3,-8.0,2.5,0,0,0,0,0,0,0,0.03225806451612903,62,2.404958460359804,2.8731788508594036,7.629092782735825,0,124
value_off,20261381,3,3,-55.0,3.0,0,0,0,0,0,0,0,0.02564102564102564,39,2.294948133520591,2.727194875478745,2.9350146651268005,0,79
value_off,20261382,0,0,-8.0,2.5,0,0,0,0,0,0,0,0.03076923076923077,65,2.339161674563701,2.7362506836652756,2.882670611143112,0,130
value_off,20261382,1,0,33.0,1.0,1,0,0,0,0,0,0,0.03076923076923077,65,2.4115051214511576,2.778531238436699,6.457151845097542,0,130
value_off,20261382,2,0,-18.0,3.0,0,0,0,0,0,0,0,0.0,61,2.526140695468324,3.5221055150032043,3.7426836788654327,0,123
value_off,20261382,3,0,-18.0,3.0,0,0,0,0,0,0,0,0.015873015873015872,63,2.419340025101389,3.1313691288232803,3.9299242198467255,0,127
value_off,20261383,0,3,-18.0,4.0,0,0,1,10,0,0,0,0.0,47,2.398346649839523,2.9211992397904396,2.971252426505089,0,94
value_off,20261383,1,3,34.0,1.0,1,0,0,0,0,0,0,0.0425531914893617,47,2.32759213193934,2.660016529262066,4.859276115894318,0,94
value_off,20261383,2,3,-8.0,2.5,0,0,0,0,0,0,0,0.022727272727272728,44,2.286605028943582,2.8001753613352776,2.8589367866516113,0,88
value_off,20261383,3,3,-8.0,2.5,0,0,0,0,0,0,0,0.0425531914893617,47,2.317925716968293,2.8578100726008415,2.9183048754930496,0,94
value_off,20261384,0,0,-33.0,4.0,0,0,1,25,0,0,0,0.058823529411764705,34,2.357963198686347,2.814960666000843,2.934379503130913,0,68
value_off,20261384,1,0,-8.0,2.5,0,0,0,0,0,0,0,0.04838709677419355,62,2.3355610488403227,2.8364183381199832,4.5001935213804245,0,124
value_off,20261384,2,0,-21.0,3.0,0,0,0,0,0,0,0,0.025974025974025976,77,2.3157086900689383,2.8335995972156525,2.8931070119142532,0,155
value_off,20261384,3,0,-21.0,3.0,0,0,0,0,0,0,0,0.0,73,2.373069090998336,3.065601736307144,4.286084324121475,0,147
value_off,20261385,0,3,48.0,1.0,1,1,0,0,0,0,0,0.0,28,2.38899454208357,3.1083080917596813,3.236999735236168,0,55
value_off,20261385,1,3,-16.0,3.0,0,0,0,0,0,0,0,0.07407407407407407,27,2.3513523930752718,2.6505568996071815,4.614496603608131,0,55
value_off,20261385,2,3,-16.0,3.0,0,0,0,0,0,0,0,0.034482758620689655,29,2.3654737220755937,2.9081709682941437,3.0689947307109833,0,59
value_off,20261385,3,3,-16.0,3.0,0,0,0,0,0,0,0,0.0,27,2.3840331231002456,3.142368793487549,3.2283756881952286,0,55
value_off,20261386,0,2,-19.0,3.0,0,0,0,0,0,0,0,0.0,42,2.4216752055855024,3.004574030637741,3.068806603550911,0,85
value_off,20261386,1,2,-20.0,3.0,0,0,0,0,0,0,0,0.0,58,2.461965388522066,3.2660607248544693,3.4302473068237305,0,117
value_off,20261386,2,2,57.0,1.0,1,1,0,0,0,0,0,0.01818181818181818,55,2.384213662960313,2.985830418765545,3.970405086874962,0,109
value_off,20261386,3,2,-19.0,3.0,0,0,0,0,0,0,0,0.023809523809523808,42,2.4000004022603942,2.9922042973339558,4.378998652100563,0,85
value_off,20261387,0,2,-20.0,4.0,0,0,1,12,0,0,0,0.04878048780487805,41,2.4265884081038034,3.019975498318672,3.2052304595708847,0,82
value_off,20261387,1,2,-18.0,4.0,0,0,1,10,0,0,0,0.0,66,2.361539892400756,2.8819884173572063,3.0275676399469376,0,132
value_off,20261387,2,2,0.0,2.5,0,0,0,0,0,1,1,0.023529411764705882,85,2.3306415799786064,2.822200581431389,3.7422683089971542,0,170
value_off,20261387,3,2,-8.0,2.5,0,0,0,0,0,0,0,0.021739130434782608,46,2.3077991993530937,2.7932273223996162,2.9499568045139313,0,92
value_off,20261388,0,0,-17.0,4.0,0,0,1,9,0,0,0,0.0,73,2.4569384906798195,2.9821861535310745,4.859279841184616,0,146
value_off,20261388,1,0,-19.0,3.0,0,0,0,0,0,0,0,0.02857142857142857,35,2.395404183438846,2.8862087056040764,4.836650565266609,0,71
value_off,20261388,2,0,-17.0,3.0,0,0,0,0,0,0,0,0.02857142857142857,35,2.5145449276481355,3.0905188992619514,6.529984995722771,0,71
value_off,20261388,3,0,57.0,1.0,1,1,0,0,0,0,0,0.027777777777777776,36,2.315506235592895,2.8884178027510643,3.271084278821945,0,71
value_off,20261389,0,0,72.0,1.0,1,1,0,0,0,0,0,0.015873015873015872,63,2.403884061745235,3.0056454241275787,3.1614508479833603,0,125
value_off,20261389,1,0,-24.0,3.0,0,0,0,0,0,0,0,0.016666666666666666,60,2.342647065718969,2.7652489952743053,2.82912515103817,0,121
value_off,20261389,2,0,-24.0,3.0,0,0,0,0,0,0,0,0.04838709677419355,62,2.3592522427920373,3.075297176837921,3.1664222478866577,0,125
value_off,20261389,3,0,-24.0,3.0,0,0,0,0,0,0,0,0.0,60,2.351186083008846,2.9061312787234783,2.9476527124643326,0,121
value_off,20261390,0,0,-8.0,2.5,0,0,0,0,0,0,0,0.02127659574468085,47,2.3605242133774658,2.7450237423181534,2.9122568666934967,0,94
value_off,20261390,1,0,37.0,1.0,1,0,0,0,0,0,0,0.0,27,2.490066819720798,3.4853029996156693,3.9161089807748795,0,54
value_off,20261390,2,0,-8.0,2.5,0,0,0,0,0,0,0,0.0851063829787234,47,2.257464057270517,2.6187844574451447,2.7024075388908386,0,94
value_off,20261390,3,0,37.0,1.0,1,0,0,0,0,0,0,0.013157894736842105,76,2.3305205579258894,2.8385762125253677,3.269542008638382,0,152
value_off,20261391,0,1,0.0,2.5,0,0,0,0,0,1,1,0.02247191011235955,89,2.386010115903415,2.92828269302845,2.9983222484588623,0,178
value_off,20261391,1,1,69.0,1.0,1,1,0,0,0,0,0,0.012987012987012988,77,2.347014288043047,2.8599072247743607,2.9819514602422714,0,153
value_off,20261391,2,1,-29.0,4.0,0,0,1,21,0,0,0,0.0196078431372549,51,2.3768315931745603,3.048667684197426,3.2615624368190765,0,102
value_off,20261391,3,1,-8.0,2.5,0,0,0,0,0,0,0,0.01818181818181818,55,2.3194269700483843,2.8834592550992966,2.938469871878624,0,110
value_off,20261392,0,0,-16.0,3.0,0,0,0,0,0,0,0,0.0,39,2.3889540193172603,2.888192981481552,2.90505588054657,0,79
value_off,20261392,1,0,-16.0,3.0,0,0,0,0,0,0,0,0.0,39,2.3958415557176638,3.0975807458162308,3.192579373717308,0,79
value_off,20261392,2,0,0.0,2.5,0,0,0,0,0,1,1,0.023529411764705882,85,2.2933308473404717,2.7082785964012146,2.8467439115047455,0,170
value_off,20261392,3,0,0.0,2.5,0,0,0,0,0,1,0,0.011904761904761904,84,2.3238944067131904,2.8988181613385677,2.9819179326295853,0,168
value_off,20261393,0,3,-8.0,2.5,0,0,0,0,0,0,0,0.07142857142857142,42,2.3475451661007747,2.6084428653120995,3.3755265176296234,0,84
value_off,20261393,1,3,-25.0,3.0,0,0,0,0,0,0,0,0.031746031746031744,63,2.3296752146312167,2.743445709347725,2.902653068304062,0,127
value_off,20261393,2,3,-28.0,4.0,0,0,1,20,0,0,0,0.023809523809523808,42,2.3463930757272813,2.9224053025245667,2.9367785900831223,0,84
value_off,20261393,3,3,-8.0,2.5,0,0,0,0,0,0,0,0.0,65,2.3053385603886385,2.8472986072301865,2.915220335125923,0,130
value_off,20261394,0,1,-19.0,4.0,0,0,1,11,0,0,0,0.0,43,2.4648501516081565,3.0069464817643166,4.643380641937256,0,86
value_off,20261394,1,1,36.0,1.0,1,0,0,0,0,0,0,0.045454545454545456,44,2.3035540838133204,2.681317552924156,2.89720855653286,0,88
value_off,20261394,2,1,-20.0,4.0,0,0,1,12,0,0,0,0.022727272727272728,44,2.464129293168133,3.0144240707159042,5.63635490834713,0,88
value_off,20261394,3,1,-8.0,2.5,0,0,0,0,0,0,0,0.0,45,2.438760921359062,3.063872456550598,5.100836977362633,0,90
value_off,20261395,0,0,63.0,1.0,1,1,0,0,0,0,0,0.0,53,2.4533383899702215,2.9241815209388733,5.976883694529533,0,105
value_off,20261395,1,0,-8.0,2.5,0,0,0,0,0,0,0,0.023809523809523808,42,2.3636828575815474,2.7965180575847626,3.0432119965553284,0,84
value_off,20261395,2,0,-8.0,2.5,0,0,0,0,0,0,0,0.0,22,2.3391223935918375,2.975182142108679,3.048928454518318,0,44
value_off,20261395,3,0,-8.0,2.5,0,0,0,0,0,0,0,0.0,27,2.3318511882313975,2.928706631064415,2.959761768579483,0,54
value_off,20261396,0,0,-24.0,4.0,0,0,1,16,0,0,0,0.02857142857142857,35,2.4715309696538106,2.8506971895694733,6.288409233093262,0,70
value_off,20261396,1,0,-22.0,3.0,0,0,0,0,0,0,0,0.0,62,2.4022645647487333,3.0189240351319313,3.7212520837783813,0,125
value_off,20261396,2,0,-8.0,2.5,0,0,0,0,0,0,0,0.14814814814814814,27,2.2467530022064843,2.5825046002864838,2.826100215315819,0,54
value_off,20261396,3,0,-8.0,2.5,0,0,0,0,0,0,0,0.041666666666666664,24,2.3633476812392473,2.991781570017338,3.0157361179590225,0,48
value_off,20261397,0,3,-8.0,2.5,0,0,0,0,0,0,0,0.0,39,2.435084098042586,2.8622325509786606,3.979930654168129,0,78
value_off,20261397,1,3,-8.0,2.5,0,0,0,0,0,0,0,0.02564102564102564,39,2.410503390889901,2.9480621218681335,4.266068339347839,0,78
value_off,20261397,2,3,-16.0,4.0,0,0,1,8,0,0,0,0.0,31,2.4166250180813575,3.075609914958477,3.1066201627254486,0,62
value_off,20261397,3,3,33.0,1.0,1,0,0,0,0,0,0,0.0,39,2.6939548074434967,3.830374591052532,5.904490128159523,0,78
value_off,20261398,0,2,54.0,1.0,1,1,0,0,0,0,0,0.03278688524590164,61,2.3825295025207955,2.7565769851207733,4.396814852952957,0,121
value_off,20261398,1,2,-25.0,3.0,0,0,0,0,0,0,0,0.0,61,2.4406847345535874,3.2080523669719696,3.3396165817976,0,123
value_off,20261398,2,2,-19.0,3.0,0,0,0,0,0,0,0,0.0,58,2.4012953428358865,3.2841195352375507,3.3514145761728287,0,117
value_off,20261398,3,2,57.0,1.0,1,1,0,0,0,0,0,0.06779661016949153,59,2.2976183790271567,2.8571635484695435,3.0386317521333694,0,117
value_off,20261399,0,3,-8.0,2.5,0,0,0,0,0,0,0,0.0,52,2.4383808486163616,3.0076656490564346,3.14377062022686,0,104
value_off,20261399,1,3,35.0,1.0,1,0,0,0,0,0,0,0.037037037037037035,27,2.354565180010266,2.9431022703647614,2.952907234430313,0,54
value_off,20261399,2,3,81.0,1.0,1,1,0,0,0,0,0,0.05660377358490566,53,2.268548422264603,2.6482854038476944,2.7829352766275406,0,105
value_off,20261399,3,3,33.0,1.0,1,0,0,0,0,0,0,0.02631578947368421,38,2.297471081347842,2.7817907743155956,2.916097640991211,0,76
value_off,20261400,0,0,0.0,2.5,0,0,0,0,0,1,1,0.0,84,2.5327388596321856,3.415803704410791,3.667837008833885,0,169
value_off,20261400,1,0,33.0,1.0,1,0,0,0,0,0,0,0.022222222222222223,45,2.4367286099327936,3.189631924033165,3.3871643245220184,0,89
value_off,20261400,2,0,-20.0,3.0,0,0,0,0,0,0,0,0.0,54,2.4438432452303394,3.234518319368362,3.3180341124534607,0,110
value_off,20261400,3,0,-21.0,3.0,0,0,0,0,0,0,0,0.014705882352941176,68,2.318028114078676,2.859613858163357,2.9854699969291687,0,138
value_off,20261401,0,1,-19.0,3.0,0,0,0,0,0,0,0,0.0,69,2.4011418007422183,2.9428627341985703,3.0066967010498047,0,139
value_off,20261401,1,1,-8.0,2.5,0,0,0,0,0,0,0,0.028985507246376812,69,2.358864722908407,2.9009323567152023,3.0034035444259644,0,138
value_off,20261401,2,1,60.0,1.0,1,1,0,0,0,0,0,0.01694915254237288,59,2.3187301042726483,2.896163985133171,2.986650913953781,0,117
value_off,20261401,3,1,0.0,2.5,0,0,0,0,0,1,1,0.022727272727272728,88,2.29998718185181,2.875481452792883,3.0111726373434067,0,176
value_off,20261402,0,1,-18.0,4.0,0,0,1,10,0,0,0,0.0,67,2.4022332656739365,2.942120283842087,3.040306270122528,0,134
value_off,20261402,1,1,33.0,1.0,1,0,0,0,0,0,0,0.0136986301369863,73,2.4084083429754597,3.0571307986974716,3.2340548932552338,0,146
value_off,20261402,2,1,-16.0,4.0,0,0,1,8,0,0,0,0.024390243902439025,82,2.277052915859513,2.6596233248710632,2.685820683836937,0,164
value_off,20261402,3,1,-8.0,2.5,0,0,0,0,0,0,0,0.0,75,2.3942129810651145,3.2130308449268337,3.4887250512838364,0,150
value_off,20261403,0,3,-23.0,3.0,0,0,0,0,0,0,0,0.03333333333333333,60,2.3502917028963566,2.8100045397877693,2.9885470867156982,0,121
value_off,20261403,1,3,-23.0,3.0,0,0,0,0,0,0,0,0.016666666666666666,60,2.362314580629269,3.0293963849544525,3.1130649149417877,0,121
value_off,20261403,2,3,-23.0,3.0,0,0,0,0,0,0,0,0.016666666666666666,60,2.3651250017186007,2.872359752655029,4.571788012981415,0,121
value_off,20261403,3,3,69.0,1.0,1,1,0,0,0,0,0,0.01639344262295082,61,2.390691735705391,3.0623283237218857,4.098366945981979,0,121
value_off,20261404,0,3,-21.0,4.0,0,0,1,13,0,0,0,0.03389830508474576,59,2.414087180869054,2.980687655508518,4.139097407460213,0,118
value_off,20261404,1,3,-23.0,3.0,0,0,0,0,0,0,0,0.0,76,2.522354970048917,3.2395808957517147,4.938876256346703,0,153
value_off,20261404,2,3,69.0,1.0,1,1,0,0,0,0,0,0.0,77,2.3815333117525297,3.1486283987760544,3.4195929765701294,0,153
value_off,20261404,3,3,-17.0,4.0,0,0,1,9,0,0,0,0.0,36,2.436243722008334,2.906516660004854,5.798038095235825,0,72
value_off,20261405,0,3,-8.0,2.5,0,0,0,0,0,0,0,0.0,75,2.4676571041345596,3.10228131711483,4.314962774515152,0,150
value_off,20261405,1,3,-8.0,2.5,0,0,0,0,0,0,0,0.02127659574468085,47,2.3972856950886707,2.8229208663105965,5.269473418593407,0,94
value_off,20261405,2,3,-8.0,2.5,0,0,0,0,0,0,0,0.022222222222222223,45,2.328602886862225,2.9064618051052094,2.957800403237343,0,90
value_off,20261405,3,3,36.0,1.0,1,0,0,0,0,0,0,0.0,45,2.3222978330320783,2.8937436640262604,2.9404181987047195,0,90
value_off,20261406,0,2,-27.0,4.0,0,0,1,19,0,0,0,0.05,40,2.403048938140273,2.821729052811861,4.346570000052452,0,80
value_off,20261406,1,2,54.0,1.0,1,1,0,0,0,0,0,0.03773584905660377,53,2.350590947382855,2.9704365879297256,3.0991844832897186,0,105
value_off,20261406,2,2,43.0,1.0,1,0,0,0,0,0,0,0.02857142857142857,35,2.3254616452114925,2.8237018734216686,2.9271673411130905,0,70
value_off,20261406,3,2,-8.0,2.5,0,0,0,0,0,0,0,0.0,36,2.33687496640616,2.9529333114624023,2.974284812808037,0,72
value_off,20261407,0,3,54.0,1.0,1,1,0,0,0,0,0,0.06666666666666667,45,2.356624396310912,2.803538367152214,2.9033683240413666,0,89
value_off,20261407,1,3,-21.0,3.0,0,0,0,0,0,0,0,0.025,40,2.3426062893122435,2.800287865102291,2.89955735206604,0,81
value_off,20261407,2,3,35.0,1.0,1,0,0,0,0,0,0,0.0,40,2.4918892420828342,3.402870614081621,4.3532103300094604,0,80
value_off,20261407,3,3,-21.0,3.0,0,0,0,0,0,0,0,0.0,40,2.4058176204562187,3.1868107616901398,3.235822543501854,0,81
value_off,20261408,0,2,0.0,2.5,0,0,0,0,0,1,0,0.0,81,2.4171814690401523,2.9643382877111435,3.0234213918447495,0,162
value_off,20261408,1,2,-21.0,3.0,0,0,0,0,0,0,0,0.0,63,2.4148951920251998,3.059890866279602,3.1543858349323273,0,127
value_off,20261408,2,2,-8.0,2.5,0,0,0,0,0,0,0,0.0,68,2.3947105304721523,3.116494044661522,3.2397210597991943,0,136
value_off,20261408,3,2,-19.0,3.0,0,0,0,0,0,0,0,0.030303030303030304,66,2.29996471016696,2.765204757452011,2.857327461242676,0,133
value_off,20261409,0,3,-8.0,2.5,0,0,0,0,0,0,0,0.0,42,2.4038250779821757,2.8714160434901714,2.9194243252277374,0,84
value_off,20261409,1,3,-17.0,4.0,0,0,1,9,0,0,0,0.029411764705882353,34,2.3388388183187034,2.860814891755581,2.8905216604471207,0,68
value_off,20261409,2,3,0.0,2.5,0,0,0,0,0,1,0,0.0,84,2.407352196141368,3.089419938623905,3.5552121698856354,0,168
value_off,20261409,3,3,33.0,1.0,1,0,0,0,0,0,0,0.01694915254237288,59,2.3149032208879117,2.818514406681061,2.8830431401729584,0,118
value_off,20261410,0,1,-8.0,2.5,0,0,0,0,0,0,0,0.061224489795918366,49,2.3417940021169428,2.775891125202178,2.9071569442749023,0,99
value_off,20261410,1,1,57.0,1.0,1,1,0,0,0,0,0,0.0,45,2.3861418995592327,3.005034103989601,3.1896382570266724,0,89
value_off,20261410,2,1,-16.0,4.0,0,0,1,8,0,0,0,0.043478260869565216,46,2.3301335699532344,2.8248997405171394,2.9634088277816772,0,92
value_off,20261410,3,1,-8.0,2.5,0,0,0,0,0,0,0,0.04081632653061224,49,2.279523075843344,2.676175907254219,2.7992911636829376,0,98
value_off,20261411,0,2,-8.0,2.5,0,0,0,0,0,0,0,0.015151515151515152,66,2.3919238962910394,2.941461279988289,2.9913298785686493,0,133
value_off,20261411,1,2,-17.0,4.0,0,0,1,9,0,0,0,0.015625,64,2.369991212617606,2.8596701100468636,3.439461812376976,0,129
value_off,20261411,2,2,-8.0,2.5,0,0,0,0,0,0,0,0.014925373134328358,67,2.3637230772135864,2.95714121311903,3.0586495995521545,0,133
value_off,20261411,3,2,-17.0,3.0,0,0,0,0,0,0,0,0.0,44,2.3510811681097206,2.8889243490993977,3.2137781381607056,0,90
value_off,20261412,0,3,-24.0,3.0,0,0,0,0,0,0,0,0.024390243902439025,41,2.4657395736473364,3.2422207295894623,3.266679123044014,0,83
value_off,20261412,1,3,-21.0,4.0,0,0,1,13,0,0,0,0.04878048780487805,41,2.3483588110382962,2.8288159519433975,3.1298846006393433,0,82
value_off,20261412,2,3,72.0,1.0,1,1,0,0,0,0,0,0.047619047619047616,42,2.293038270657971,2.7963194996118546,2.860741689801216,0,83
value_off,20261412,3,3,-24.0,3.0,0,0,0,0,0,0,0,0.0,41,2.47622685643231,3.658043220639229,3.91426682472229,0,83
value_off,20261413,0,2,32.0,1.0,1,0,0,0,0,0,0,0.03333333333333333,30,2.5056160986423492,3.042226005345583,6.79272785782814,0,60
value_off,20261413,1,2,-8.0,2.5,0,0,0,0,0,0,0,0.02564102564102564,39,2.377742662643775,3.0737174674868584,3.545926883816719,0,78
value_off,20261413,2,2,-8.0,2.5,0,0,0,0,0,0,0,0.06666666666666667,30,2.271485887467861,2.7452790178358555,2.786511555314064,0,60
value_off,20261413,3,2,-8.0,2.5,0,0,0,0,0,0,0,0.0,30,2.391533429423968,3.127181064337492,3.1804218888282776,0,60
value_off,20261414,0,3,-23.0,3.0,0,0,0,0,0,0,0,0.0,46,2.522024730949298,3.198654856532812,6.920676678419113,0,93
value_off,20261414,1,3,-36.0,3.0,0,0,0,0,0,0,0,0.05194805194805195,77,2.327649817838297,2.6799462735652924,5.700699985027313,0,156
value_off,20261414,2,3,-23.0,3.0,0,0,0,0,0,0,0,0.046511627906976744,43,2.326688880837241,2.7024205774068832,4.161015152931213,0,87
value_off,20261414,3,3,-25.0,3.0,0,0,0,0,0,0,0,0.0,49,2.42116670979529,3.149910643696785,3.4728888422250748,0,99
value_off,20261415,0,3,-21.0,4.0,0,0,1,13,0,0,0,0.06060606060606061,33,2.3572041342655816,2.778385579586029,2.8653424233198166,0,66
value_off,20261415,1,3,-8.0,2.5,0,0,0,0,0,0,0,0.0,33,2.362279560078274,2.952048182487488,2.998111769556999,0,66
value_off,20261415,2,3,-8.0,2.5,0,0,0,0,0,0,0,0.0,24,2.2952472791075706,2.8489570133388042,2.871491014957428,0,48
value_off,20261415,3,3,37.0,1.0,1,0,0,0,0,0,0,0.030303030303030304,33,2.445861358534206,3.342488780617714,3.3470317721366882,0,66
value_off,20261416,0,2,-8.0,2.5,0,0,0,0,0,0,0,0.01818181818181818,55,2.3846308954737405,2.9014326632022858,3.0104052275419235,0,110
value_off,20261416,1,2,33.0,1.0,1,0,0,0,0,0,0,0.02564102564102564,39,2.3921566227307687,3.070724196732044,3.1138528138399124,0,78
value_off,20261416,2,2,-8.0,2.5,0,0,0,0,0,0,0,0.05128205128205128,39,2.3054614758644347,2.5776462629437447,4.651166498661041,0,78
value_off,20261416,3,2,41.0,1.0,1,0,0,0,0,0,0,0.033707865168539325,89,2.309796138760749,2.7804076671600337,5.278861150145531,0,178
value_off,20261417,0,2,35.0,1.0,1,0,0,0,0,0,0,0.0625,64,2.339755679713562,2.8456542640924454,3.2743923366069794,0,128
value_off,20261417,1,2,-8.0,2.5,0,0,0,0,0,0,0,0.014285714285714285,70,2.3324085931692804,2.8408680111169815,2.918573096394539,0,140
value_off,20261417,2,2,-8.0,2.5,0,0,0,0,0,0,0,0.014492753623188406,69,2.3018377900555516,2.8072651475667953,2.8724074363708496,0,138
value_off,20261417,3,2,62.0,1.0,1,0,0,0,0,0,0,0.04477611940298507,67,2.2754551036589183,2.6799125596880913,3.1738635152578354,0,134
value_off,20261418,0,3,-8.0,2.5,0,0,0,0,0,0,0,0.021739130434782608,46,2.405997770635978,2.897758036851883,2.932567149400711,0,92
value_off,20261418,1,3,-17.0,4.0,0,0,1,9,0,0,0,0.0,44,2.437029330229217,3.2040215097367764,3.3792592585086823,0,88
value_off,20261418,2,3,-8.0,2.5,0,0,0,0,0,0,0,0.045454545454545456,44,2.285618885335597,2.784185204654932,2.843465656042099,0,88
value_off,20261418,3,3,-19.0,3.0,0,0,0,0,0,0,0,0.020833333333333332,48,2.290192487028738,2.74415984749794,2.8259921818971634,0,97
value_off,20261419,0,0,-19.0,3.0,0,0,0,0,0,0,0,0.018518518518518517,54,2.4092641348640123,3.015449270606041,3.032499924302101,0,109
value_off,20261419,1,0,-19.0,3.0,0,0,0,0,0,0,0,0.0,54,2.350960616712217,2.8707162477076054,2.8802044689655304,0,109
value_off,20261419,2,0,-19.0,3.0,0,0,0,0,0,0,0,0.0,54,2.450114392020084,3.615226130932569,3.8010291755199432,0,109
value_off,20261419,3,0,57.0,1.0,1,1,0,0,0,0,0,0.01818181818181818,55,2.291306040503762,2.7899380773305893,2.826577052474022,0,109
value_off,20261420,0,3,0.0,2.5,0,0,0,0,0,1,0,0.022988505747126436,87,2.3293595161588714,2.66523789614439,2.8440002351999283,0,174
value_off,20261420,1,3,0.0,2.5,0,0,0,0,0,1,0,0.0,83,2.4076896349349655,3.0171634629368778,4.120960831642151,0,166
value_off,20261420,2,3,51.0,1.0,1,1,0,0,0,0,0,0.02666666666666667,75,2.2885151704152427,2.842993289232254,2.9704533517360687,0,149
value_off,20261420,3,3,-23.0,3.0,0,0,0,0,0,0,0,0.0,56,2.3409364678497826,2.9112412594258785,3.0560102313756943,0,113
value_off,20261421,0,1,-8.0,2.5,0,0,0,0,0,0,0,0.0,44,2.4797404184937477,3.2065169885754585,3.3896956592798233,0,88
value_off,20261421,1,1,-8.0,2.5,0,0,0,0,0,0,0,0.022727272727272728,44,2.3801760663363067,2.9953493736684322,3.215169534087181,0,88
value_off,20261421,2,1,-8.0,2.5,0,0,0,0,0,0,0,0.03125,32,2.350180468056351,2.9454574920237064,3.034766763448715,0,64
value_off,20261421,3,1,57.0,1.0,1,1,0,0,0,0,0,0.0,48,2.378931075024108,3.129581455141306,3.1672175973653793,0,95
value_off,20261422,0,3,-8.0,2.5,0,0,0,0,0,0,0,0.02857142857142857,70,2.369010794375624,2.870009373873472,3.0734706670045853,0,140
value_off,20261422,1,3,-8.0,2.5,0,0,0,0,0,0,0,0.03278688524590164,61,2.311364579640451,2.6828553527593613,2.7602948248386383,0,122
value_off,20261422,2,3,-8.0,2.5,0,0,0,0,0,0,0,0.03125,64,2.328510774532333,2.7222245931625366,4.852704703807831,0,128
value_off,20261422,3,3,36.0,1.0,1,0,0,0,0,0,0,0.0,61,2.429172702011515,3.2875388860702515,3.4040268510580063,0,122
value_off,20261423,0,1,35.0,1.0,1,0,0,0,0,0,0,0.021739130434782608,46,2.386510655607866,2.9540909454226494,3.0066948384046555,0,91
value_off,20261423,1,1,0.0,2.5,0,0,0,0,0,1,0,0.022727272727272728,88,2.3575915150683033,2.8849862515926357,4.736641421914101,0,176
value_off,20261423,2,1,-8.0,2.5,0,0,0,0,0,0,0,0.011363636363636364,88,2.3519433188167485,2.9987219721078873,3.191594034433365,0,176
value_off,20261423,3,1,0.0,2.5,0,0,0,0,0,1,0,0.011363636363636364,88,2.3713588756932453,2.93829720467329,3.349151462316513,0,176
value_off,20261424,0,2,-8.0,2.5,0,0,0,0,0,0,0,0.05,60,2.5423288345336914,3.165054135024546,4.114231094717979,0,120
value_off,20261424,1,2,-20.0,3.0,0,0,0,0,0,0,0,0.0,74,2.4057516727495836,3.1796369701623917,3.310391679406166,0,149
value_off,20261424,2,2,-20.0,3.0,0,0,0,0,0,0,0,0.013513513513513514,74,2.3089682532323375,2.8677918948233128,2.9722582548856735,0,149
value_off,20261424,3,2,-8.0,2.5,0,0,0,0,0,0,0,0.02531645569620253,79,2.292681037436558,2.7947859838604923,3.3419784158468246,0,158
value_off,20261425,0,1,-17.0,3.0,0,0,0,0,0,0,0,0.0,55,2.3978697644038633,2.9632747173309326,3.018015995621681,0,111
value_off,20261425,1,1,-18.0,3.0,0,0,0,0,0,0,0,0.0,67,2.434442737209263,3.328583762049675,3.540337085723877,0,135
value_off,20261425,2,1,-21.0,3.0,0,0,0,0,0,0,0,0.023809523809523808,84,2.2926643002955687,2.753074187785387,2.979818731546402,0,169
value_off,20261425,3,1,-23.0,3.0,0,0,0,0,0,0,0,0.0,80,2.371779130771756,3.088491130620241,3.1225886195898056,0,161
value_off,20261426,0,0,0.0,2.5,0,0,0,0,0,1,1,0.023529411764705882,85,2.372943566125982,2.866958826780319,2.8981640934944153,0,170
value_off,20261426,1,0,39.0,1.0,1,0,0,0,0,0,0,0.046875,64,2.356231532758102,2.9122410342097282,2.9409434646368027,0,128
value_off,20261426,2,0,-16.0,4.0,0,0,1,8,0,0,0,0.021739130434782608,46,2.407410222551097,3.03356209769845,3.2929666340351105,0,92
value_off,20261426,3,0,-8.0,2.5,0,0,0,0,0,0,0,0.023809523809523808,42,2.3198771689619337,2.789859101176262,3.1374692916870117,0,84
value_off,20261427,0,2,-8.0,2.5,0,0,0,0,0,0,0,0.05263157894736842,38,2.333872314346464,2.7313210070133205,2.919686958193779,0,76
value_off,20261427,1,2,-8.0,2.5,0,0,0,0,0,0,0,0.0,38,2.376521594430271,3.116701077669859,3.4377947449684143,0,76
value_off,20261427,2,2,-8.0,2.5,0,0,0,0,0,0,0,0.0,46,2.4334815047357394,3.214760683476925,3.319261595606804,0,92
value_off,20261427,3,2,36.0,1.0,1,0,0,0,0,0,0,0.0,38,2.3153071340761686,2.864296082407236,2.91651114821434,0,76
value_off,20261428,0,2,0.0,2.5,0,0,0,0,0,1,0,0.011627906976744186,86,2.35730039259029,2.7589919045567513,2.867024391889572,0,172
value_off,20261428,1,2,0.0,2.5,0,0,0,0,0,1,0,0.011363636363636364,88,2.3409212643111292,2.8943563811481,2.959536388516426,0,176
value_off,20261428,2,2,63.0,1.0,1,1,0,0,0,0,0,0.02247191011235955,89,2.28151051181086,2.7927108108997345,2.8922241181135178,0,177
value_off,20261428,3,2,-8.0,2.5,0,0,0,0,0,0,0,0.015384615384615385,65,2.2882061222424874,2.792516350746155,2.8473399579524994,0,130
value_off,20261429,0,0,-8.0,2.5,0,0,0,0,0,0,0,0.0,47,2.460988238453865,3.1733542680740356,3.331569954752922,0,94
value_off,20261429,1,0,-18.0,4.0,0,0,1,10,0,0,0,0.06060606060606061,66,2.2744940255175936,2.6386985555291176,2.8647202998399734,0,132
value_off,20261429,2,0,-8.0,2.5,0,0,0,0,0,0,0,0.0,63,2.343799327574079,2.9100874438881874,2.9492173343896866,0,126
value_off,20261429,3,0,36.0,1.0,1,0,0,0,0,0,0,0.0,47,2.3003253847994705,2.8728146106004715,2.889888361096382,0,94
value_off,20261430,0,2,-8.0,2.5,0,0,0,0,0,0,0,0.027777777777777776,72,2.326353168528941,2.5981785729527473,3.6327745765447617,0,145
value_off,20261430,1,2,-8.0,2.5,0,0,0,0,0,0,0,0.04285714285714286,70,2.2781931129949435,2.5808269158005714,3.217782825231552,0,141
value_off,20261430,2,2,-17.0,4.0,0,0,1,9,0,0,0,0.015151515151515152,66,2.323433418165554,2.928765956312418,3.056289628148079,0,131
value_off,20261430,3,2,99.0,1.0,1,1,0,0,0,0,0,0.0,71,2.3208634114601243,2.937622368335724,3.2761376351118088,0,142
value_off,20261431,0,1,-17.0,4.0,0,0,1,9,0,0,0,0.017857142857142856,56,2.3582926286118373,2.84593366086483,2.8829239308834076,0,112
value_off,20261431,1,1,-17.0,3.0,0,0,0,0,0,0,0,0.04225352112676056,71,2.3224993648243624,2.7503492310643196,3.5321488976478577,0,143
value_off,20261431,2,1,-8.0,2.5,0,0,0,0,0,0,0,0.027777777777777776,72,2.3005766173203788,2.8102108277380466,2.905081957578659,0,144
value_off,20261431,3,1,33.0,1.0,1,0,0,0,0,0,0,0.03333333333333333,60,2.300385727236668,2.75605795904994,2.9590725898742676,0,120
value_off,20261432,0,3,54.0,1.0,1,1,0,0,0,0,0,0.058823529411764705,51,2.309487621281661,2.709297463297844,3.220517188310623,0,101
value_off,20261432,1,3,-8.0,2.5,0,0,0,0,0,0,0,0.0,72,2.405214226908154,3.0192297883331776,3.189627081155777,0,145
value_off,20261432,2,3,-18.0,4.0,0,0,1,10,0,0,0,0.013513513513513514,74,2.3493267142692127,3.0113116838037963,3.2184161245822906,0,148
value_off,20261432,3,3,-8.0,2.5,0,0,0,0,0,0,0,0.013888888888888888,72,2.3721779386202493,3.1786105595529084,3.5690926015377045,0,145
value_off,20261433,0,2,-8.0,2.5,0,0,0,0,0,0,0,0.02,50,2.410053387284279,2.9792935587465763,3.157271072268486,0,100
value_off,20261433,1,2,-32.0,4.0,0,0,1,24,0,0,0,0.0,46,2.3476123890799023,2.900188323110342,2.943526953458786,0,92
value_off,20261433,2,2,33.0,1.0,1,0,0,0,0,0,0,0.06521739130434782,46,2.2425347858149074,2.6682857424020767,3.490723669528961,0,92
value_off,20261433,3,2,-8.0,2.5,0,0,0,0,0,0,0,0.0,50,2.299431785941124,2.8866512700915337,2.961784601211548,0,100
value_off,20261434,0,1,-8.0,2.5,0,0,0,0,0,0,0,0.047619047619047616,42,2.310204053563731,2.6641057804226875,2.84457765519619,0,84
value_off,20261434,1,1,-8.0,2.5,0,0,0,0,0,0,0,0.0,43,2.385839040196219,2.961191162467003,3.1895749270915985,0,86
value_off,20261434,2,1,-8.0,2.5,0,0,0,0,0,0,0,0.014492753623188406,69,2.30652973919675,2.793746069073677,2.8321389108896255,0,138
value_off,20261434,3,1,44.0,1.0,1,0,0,0,0,0,0,0.013157894736842105,76,2.3313216668994805,2.9540909454226494,2.998858690261841,0,152
value_off,20261435,0,0,-19.0,4.0,0,0,1,11,0,0,0,0.015625,64,2.3717404692433774,2.919265255331993,2.959851175546646,0,127
value_off,20261435,1,0,-19.0,3.0,0,0,0,0,0,0,0,0.025974025974025976,77,2.3229717724509054,2.8349168598651886,2.936052158474922,0,156
value_off,20261435,2,0,0.0,2.5,0,0,0,0,0,1,0,0.024096385542168676,83,2.302905522197126,2.872204221785068,2.934390679001808,0,167
value_off,20261435,3,0,-8.0,2.5,0,0,0,0,0,0,0,0.0,74,2.48065751952094,3.520853165537119,3.7081874907016754,0,149
value_off,20261436,0,2,-20.0,4.0,0,0,1,12,0,0,0,0.046511627906976744,43,2.3509654281444328,2.8694868087768555,2.8802547603845596,0,86
value_off,20261436,1,2,-8.0,2.5,0,0,0,0,0,0,0,0.0,35,2.325254891599928,2.8666170313954353,2.928340807557106,0,70
value_off,20261436,2,2,-16.0,3.0,0,0,0,0,0,0,0,0.05263157894736842,38,2.304258413220707,2.752889133989811,2.9249507933855057,0,77
value_off,20261436,3,2,-8.0,2.5,0,0,0,0,0,0,0,0.0,40,2.310400130227208,2.9161065816879272,2.9444359242916107,0,80
value_off,20261437,0,2,-8.0,2.5,0,0,0,0,0,0,0,0.04918032786885246,61,2.333017982176093,2.727014943957329,2.9493961483240128,0,122
value_off,20261437,1,2,-8.0,2.5,0,0,0,0,0,0,0,0.04918032786885246,61,2.318497655577347,2.74631567299366,2.8270799666643143,0,122
value_off,20261437,2,2,-8.0,2.5,0,0,0,0,0,0,0,0.04,50,2.27717574685812,2.716497704386711,2.9290281236171722,0,100
value_off,20261437,3,2,-8.0,2.5,0,0,0,0,0,0,0,0.03076923076923077,65,2.3081435607029843,2.904735878109932,3.032481297850609,0,130
value_off,20261438,0,3,-22.0,4.0,0,0,1,14,0,0,0,0.0,17,2.4305200752090004,2.9413364827632904,3.0829794704914093,0,34
value_off,20261438,1,3,37.0,1.0,1,0,0,0,0,0,0,0.0,48,2.4110731513549886,3.1457371078431606,3.393750637769699,0,96
value_off,20261438,2,3,-8.0,2.5,0,0,0,0,0,0,0,0.020833333333333332,48,2.3566160428648195,3.0022721737623215,3.0357372015714645,0,96
value_off,20261438,3,3,-21.0,4.0,0,0,1,13,0,0,0,0.020833333333333332,48,2.31708656065166,2.89909727871418,2.9176324605941772,0,96
value_off,20261439,0,0,-8.0,2.5,0,0,0,0,0,0,0,0.0,68,2.405707833959776,2.9746510088443756,3.31900455057621,0,136
value_off,20261439,1,0,-27.0,4.0,0,0,1,19,0,0,0,0.038461538461538464,78,2.272854272562724,2.6568314060568805,2.8371661901474,0,156
value_off,20261439,2,0,105.0,1.0,1,1,0,0,0,0,0,0.0,63,2.4733909716208777,3.3567136153578754,4.4588204473257065,0,125
value_off,20261439,3,0,-35.0,3.0,0,0,0,0,0,0,0,0.03225806451612903,62,2.329089768951939,2.8757712803781033,3.142237663269043,0,125
value_off,20261440,0,1,-8.0,2.5,0,0,0,0,0,0,0,0.0547945205479452,73,2.323340981790464,2.8330266475677486,2.950090914964676,0,146
value_off,20261440,1,1,-8.0,2.5,0,0,0,0,0,0,0,0.017241379310344827,58,2.31845336484498,2.820831909775734,2.914484590291977,0,116
value_off,20261440,2,1,-8.0,2.5,0,0,0,0,0,0,0,0.04225352112676056,71,2.3011550254804987,2.824237570166588,2.9538925737142563,0,142
value_off,20261440,3,1,0.0,2.5,0,0,0,0,0,1,0,0.011235955056179775,89,2.319531975669807,2.9428530484437943,2.979600802063942,0,177
value_off,20261441,0,3,34.0,1.0,1,0,0,0,0,0,0,0.022222222222222223,45,2.4145573377609253,2.9941707849502563,3.0335914343595505,0,90
value_off,20261441,1,3,36.0,1.0,1,0,0,0,0,0,0,0.0,62,2.530107424864846,3.6514659412205206,3.9442796260118484,0,124
value_off,20261441,2,3,10.0,2.0,0,0,0,0,0,0,0,0.038461538461538464,52,2.29741632938385,2.7962645515799522,3.5435836762189865,1,105
value_off,20261441,3,3,0.0,2.5,0,0,0,0,0,1,1,0.0379746835443038,79,2.251736701855177,2.6357950642704964,2.8382688760757446,0,159
value_off,20261442,0,0,-8.0,2.5,0,0,0,0,0,0,0,0.05172413793103448,58,2.3071893073361496,2.6070338673889637,2.8978604823350906,0,116
value_off,20261442,1,0,-8.0,2.5,0,0,0,0,0,0,0,0.02040816326530612,49,2.446850381639539,3.330198302865028,3.6633461713790894,0,98
value_off,20261442,2,0,-8.0,2.5,0,0,0,0,0,0,0,0.0,49,2.410063444047558,3.263941407203674,3.518972545862198,0,98
value_off,20261442,3,0,33.0,1.0,1,0,0,0,0,0,0,0.02040816326530612,49,2.3489316203156294,3.0437946319580074,3.1729135662317276,0,98
value_off,20261443,0,0,-8.0,2.5,0,0,0,0,0,0,0,0.0196078431372549,51,2.4581103786533953,3.2190000638365746,3.288809210062027,0,102
value_off,20261443,1,0,39.0,1.0,1,0,0,0,0,0,0,0.0,51,2.41849385201931,3.319336101412773,3.5484954714775085,0,102
value_off,20261443,2,0,-25.0,3.0,0,0,0,0,0,0,0,0.0196078431372549,51,2.359961141266075,3.0579017475247383,3.191862255334854,0,103
value_off,20261443,3,0,-8.0,2.5,0,0,0,0,0,0,0,0.0,35,2.3704436208520616,3.109791874885559,3.3657122403383255,0,70
value_off,20261444,0,0,0.0,2.5,0,0,0,0,0,1,1,0.011904761904761904,84,2.4773978983007727,3.1489981338381763,3.5097189247608185,0,168
value_off,20261444,1,0,0.0,2.5,0,0,0,0,0,1,1,0.0,84,2.402775189174073,3.124077059328556,3.3710282295942307,0,168
value_off,20261444,2,0,-8.0,2.5,0,0,0,0,0,0,0,0.02857142857142857,70,2.3299741159592355,2.9257433488965034,3.088686615228653,0,140
value_off,20261444,3,0,-8.0,2.5,0,0,0,0,0,0,0,0.04285714285714286,70,2.3157685196825435,2.9108851216733456,3.0558593571186066,0,140
value_off,20261445,0,3,-17.0,4.0,0,0,1,9,0,0,0,0.0,30,2.4132551004489264,2.8964352793991566,3.077888861298561,0,60
value_off,20261445,1,3,-8.0,2.5,0,0,0,0,0,0,0,0.023809523809523808,42,2.322891727089882,2.8928427025675774,2.9122289270162582,0,84
value_off,20261445,2,3,-33.0,3.0,0,0,0,0,0,0,0,0.03125,64,2.296776161529124,2.7200784534215927,2.883404493331909,0,129
value_off,20261445,3,3,-8.0,2.5,0,0,0,0,0,0,0,0.03773584905660377,53,2.4030390986294115,3.2691750675439835,3.476463258266449,0,106
value_off,20261446,0,0,-8.0,2.5,0,0,0,0,0,0,0,0.0,72,2.5424129691802793,3.4469333477318296,4.3807197362184525,0,144
value_off,20261446,1,0,-20.0,4.0,0,0,1,12,0,0,0,0.0,66,2.3768809765125765,2.9187933541834354,3.0288342386484146,0,132
value_off,20261446,2,0,-8.0,2.5,0,0,0,0,0,0,0,0.0,73,2.331245027176321,2.9287923127412796,3.0300021171569824,0,146
value_off,20261446,3,0,-16.0,4.0,0,0,1,8,0,0,0,0.041666666666666664,72,2.2506137740694814,2.556929923593998,2.9061399400234222,0,144
value_off,20261447,0,2,-17.0,3.0,0,0,0,0,0,0,0,0.015384615384615385,65,2.384953315441425,2.9251936823129654,2.989603206515312,0,131
value_off,20261447,1,2,63.0,1.0,1,1,0,0,0,0,0,0.0,80,2.4793769232928753,3.4161579795181747,3.6467574536800385,0,159
value_off,20261447,2,2,-8.0,2.5,0,0,0,0,0,0,0,0.0,74,2.47583377200204,3.714553546160459,4.298999905586243,0,148
value_off,20261447,3,2,-8.0,2.5,0,0,0,0,0,0,0,0.05172413793103448,58,2.266300007187087,2.648787759244442,2.8227102011442184,0,116
value_off,20261448,0,1,33.0,1.0,1,0,0,0,0,0,0,0.027777777777777776,36,2.3626549583342342,2.9051387682557106,3.196483477950096,0,72
value_off,20261448,1,1,-8.0,2.5,0,0,0,0,0,0,0,0.027777777777777776,36,2.331757452338934,2.807517535984516,2.9468778520822525,0,72
value_off,20261448,2,1,-8.0,2.5,0,0,0,0,0,0,0,0.027777777777777776,36,2.3447590259214244,2.889683935791254,3.0585601925849915,0,72
value_off,20261448,3,1,-8.0,2.5,0,0,0,0,0,0,0,0.0,41,2.3818531686939846,3.1476039439439774,3.362594172358513,0,82
value_off,20261449,0,1,52.0,1.0,1,0,0,0,0,0,0,0.0,58,2.3970839663826187,2.917797304689884,3.0431505292654037,0,116
value_off,20261449,1,1,-16.0,3.0,0,0,0,0,0,0,0,0.0136986301369863,73,2.3476410759230184,2.896001562476158,2.999391406774521,0,147
value_off,20261449,2,1,-8.0,2.5,0,0,0,0,0,0,0,0.012987012987012988,77,2.4450473826039922,3.393751010298729,3.488285467028618,0,154
value_off,20261449,3,1,-17.0,4.0,0,0,1,9,0,0,0,0.02666666666666667,75,2.282543405890465,2.7679404243826866,2.8368663042783737,0,150
value_off,20261450,0,1,-8.0,2.5,0,0,0,0,0,0,0,0.02127659574468085,47,2.3364293924037445,2.762058191001415,2.8462987393140793,0,94
value_off,20261450,1,1,-8.0,2.5,0,0,0,0,0,0,0,0.0,49,2.3691354281440073,2.930803969502449,3.0690040439367294,0,98
value_off,20261450,2,1,-8.0,2.5,0,0,0,0,0,0,0,0.0,43,2.4165466081264406,3.2649289816617966,3.3058449625968933,0,86
value_off,20261450,3,1,-8.0,2.5,0,0,0,0,0,0,0,0.02040816326530612,49,2.2843583505980822,2.6511870324611664,3.1218361109495163,0,99
value_off,20261451,0,1,34.0,1.0,1,0,0,0,0,0,0,0.046511627906976744,43,2.3599136187586676,2.895556390285492,2.95475497841835,0,86
value_off,20261451,1,1,-8.0,2.5,0,0,0,0,0,0,0,0.0,41,2.345708675864266,2.85998173058033,2.8695613145828247,0,82
value_off,20261451,2,1,35.0,1.0,1,0,0,0,0,0,0,0.03225806451612903,62,2.3037407306894178,2.823432069271803,2.994455397129059,0,124
value_off,20261451,3,1,-18.0,4.0,0,0,1,10,0,0,0,0.0,44,2.431244377724149,3.300361428409815,3.4477394074201584,0,88
value_off,20261452,0,2,37.0,1.0,1,0,0,0,0,0,0,0.04,50,2.4325209483504295,2.9639193788170815,3.40300053358078,0,99
value_off,20261452,1,2,-21.0,4.0,0,0,1,13,0,0,0,0.07547169811320754,53,2.2765045528704264,2.626878023147583,2.7911104261875153,0,107
value_off,20261452,2,2,-8.0,2.5,0,0,0,0,0,0,0,0.03278688524590164,61,2.3130322882875065,2.8912536799907684,2.9964037239551544,0,123
value_off,20261452,3,2,-8.0,2.5,0,0,0,0,0,0,0,0.0,49,2.387782938930453,3.10349203646183,3.188367933034897,0,99
value_off,20261453,0,0,-8.0,2.5,0,0,0,0,0,0,0,0.034482758620689655,58,2.3486673639252267,2.847447246313095,2.900436520576477,0,116
value_off,20261453,1,0,-17.0,3.0,0,0,0,0,0,0,0,0.016666666666666666,60,2.401283010840416,3.2282909378409386,3.608040511608124,0,121
value_off,20261453,2,0,-18.0,3.0,0,0,0,0,0,0,0,0.03225806451612903,62,2.27998320253626,2.800369076430797,2.9370877891778946,0,125
value_off,20261453,3,0,60.0,1.0,1,1,0,0,0,0,0,0.017241379310344827,58,2.3409188243335692,3.061501681804657,3.1263716518878937,0,115
value_off,20261454,0,3,-8.0,2.5,0,0,0,0,0,0,0,0.0,90,2.39431019872427,2.9869637452065945,3.2746680080890656,0,181
value_off,20261454,1,3,0.0,2.5,0,0,0,0,0,1,1,0.03488372093023256,86,2.2633843946942065,2.5871312245726585,2.983488142490387,0,173
value_off,20261454,2,3,0.0,2.5,0,0,0,0,0,1,0,0.022727272727272728,88,2.287776463411071,2.7030625380575652,2.8682891279459,0,177
value_off,20261454,3,3,-8.0,2.5,0,0,0,0,0,0,0,0.015384615384615385,65,2.303153477036036,2.8591062873601913,2.9019080102443695,0,130
value_off,20261455,0,0,-23.0,3.0,0,0,0,0,0,0,0,0.08695652173913043,23,2.377527806421985,2.8499627485871315,2.871999517083168,0,47
value_off,20261455,1,0,-17.0,3.0,0,0,0,0,0,0,0,0.0,49,2.3870958509493847,2.933293581008911,3.0124951153993607,0,99
value_off,20261455,2,0,-17.0,3.0,0,0,0,0,0,0,0,0.0,49,2.458449909273459,3.4700725227594376,3.7247780710458755,0,99
value_off,20261455,3,0,-23.0,3.0,0,0,0,0,0,0,0,0.0,23,2.288159630868746,2.9109157621860504,2.981068566441536,0,47
value_off,20261456,0,3,37.0,1.0,1,0,0,0,0,0,0,0.014705882352941176,68,2.356849583413671,2.765486389398575,3.14301997423172,0,136
value_off,20261456,1,3,-8.0,2.5,0,0,0,0,0,0,0,0.016129032258064516,62,2.3345037573768246,2.8637205250561237,2.969309687614441,0,124
value_off,20261456,2,3,33.0,1.0,1,0,0,0,0,0,0,0.046511627906976744,43,2.308410873939825,2.9366621747612953,3.088897094130516,0,86
value_off,20261456,3,3,-16.0,4.0,0,0,1,8,0,0,0,0.0,62,2.4236515164375305,3.2795971259474754,3.4337975084781647,0,124
value_off,20261457,0,0,-16.0,3.0,0,0,0,0,0,0,0,0.07692307692307693,13,2.4143245357733507,2.95255146920681,2.955736592411995,0,27
value_off,20261457,1,0,48.0,1.0,1,1,0,0,0,0,0,0.21428571428571427,14,2.223457076719829,2.5029859505593777,2.577470615506172,0,27
value_off,20261457,2,0,-16.0,3.0,0,0,0,0,0,0,0,0.0,13,2.3494169402580996,2.872529998421669,2.8810985386371613,0,27
value_off,20261457,3,0,-16.0,3.0,0,0,0,0,0,0,0,0.07692307692307693,13,2.268166782764288,2.74619497358799,2.779832109808922,0,27
value_off,20261458,0,3,36.0,1.0,1,0,0,0,0,0,0,0.041666666666666664,48,2.3525995978464684,2.9090060852468014,2.9360204935073853,0,96
value_off,20261458,1,3,-8.0,2.5,0,0,0,0,0,0,0,0.037037037037037035,27,2.321761929326587,2.735665999352932,2.8597675263881683,0,54
value_off,20261458,2,3,-16.0,4.0,0,0,1,8,0,0,0,0.0,27,2.389469356448562,2.985430508852005,3.499723970890045,0,54
value_off,20261458,3,3,36.0,1.0,1,0,0,0,0,0,0,0.0,45,2.3306219114197626,2.8916895389556885,3.205118700861931,0,90
value_off,20261459,0,1,-8.0,2.5,0,0,0,0,0,0,0,0.02564102564102564,39,2.377767020311111,2.9091408476233482,2.9904991388320923,0,78
value_off,20261459,1,1,-8.0,2.5,0,0,0,0,0,0,0,0.0,37,2.3723512485220626,3.003896400332451,3.45526821911335,0,74
value_off,20261459,2,1,35.0,1.0,1,0,0,0,0,0,0,0.02631578947368421,38,2.3537646783025643,2.918112464249134,3.030087798833847,0,76
value_off,20261459,3,1,-20.0,4.0,0,0,1,12,0,0,0,0.02564102564102564,39,2.3154920110335717,2.8888236731290817,2.990156412124634,0,78
value_off,20261460,0,3,-20.0,3.0,0,0,0,0,0,0,0,0.0,59,2.456368783773002,3.0600516125559807,3.7140119820833206,0,119
value_off,20261460,1,3,-8.0,2.5,0,0,0,0,0,0,0,0.014705882352941176,68,2.368912730804261,3.0672134831547737,3.150230273604393,0,136
value_off,20261460,2,3,-20.0,4.0,0,0,1,12,0,0,0,0.01694915254237288,59,2.327467898948718,2.8879748657345767,3.3569857478141785,0,118
value_off,20261460,3,3,-8.0,2.5,0,0,0,0,0,0,0,0.022988505747126436,87,2.3222704385888986,2.9480105265975,3.336908295750618,0,174
value_off,20261461,0,3,-20.0,4.0,0,0,1,12,0,0,0,0.0,54,2.5522392243146896,3.5158670507371403,3.8824938237667084,0,109
value_off,20261461,1,3,34.0,1.0,1,0,0,0,0,0,0,0.034482758620689655,29,2.3726219118669114,2.982036769390106,3.057654947042465,0,58
value_off,20261461,2,3,-18.0,4.0,0,0,1,10,0,0,0,0.034482758620689655,29,2.399742603302002,2.846748009324074,3.273092210292816,0,58
value_off,20261461,3,3,-8.0,2.5,0,0,0,0,0,0,0,0.0,29,2.372677213159101,2.957841381430626,3.960397094488144,0,58
value_off,20261462,0,0,-18.0,3.0,0,0,0,0,0,0,0,0.02631578947368421,76,2.373962123927317,2.80577689409256,2.934591844677925,0,153
value_off,20261462,1,0,0.0,2.5,0,0,0,0,0,1,0,0.0,83,2.413587465164173,3.0604084953665733,3.5149548202753067,0,166
value_off,20261462,2,0,50.0,1.0,1,0,0,0,0,0,0,0.0,71,2.555720271988654,3.846163861453533,4.404677078127861,0,142
value_off,20261462,3,0,33.0,1.0,1,0,0,0,0,0,0,0.04838709677419355,62,2.2675996766455713,2.7459326200187206,2.7923323214054108,0,124
value_off,20261463,0,1,-17.0,3.0,0,0,0,0,0,0,0,0.05555555555555555,36,2.405740838083956,2.973685972392559,3.048742190003395,0,73
value_off,20261463,1,1,51.0,1.0,1,1,0,0,0,0,0,0.02702702702702703,37,2.38730209703381,3.0130300670862193,3.2610464841127396,0,73
value_off,20261463,2,1,-17.0,3.0,0,0,0,0,0,0,0,0.0,36,2.343437789628903,3.0066468752920628,3.1065940856933594,0,73
value_off,20261463,3,1,-17.0,3.0,0,0,0,0,0,0,0,0.05555555555555555,36,2.2572653575076,2.6832767762243748,2.7297623455524445,0,73
value_off,20261464,0,1,-18.0,4.0,0,0,1,10,0,0,0,0.047619047619047616,42,2.375627246995767,2.8291462920606136,3.403361886739731,0,84
value_off,20261464,1,1,-21.0,3.0,0,0,0,0,0,0,0,0.018867924528301886,53,2.364189276155436,3.001803532242775,3.2279714941978455,0,107
value_off,20261464,2,1,-21.0,3.0,0,0,0,0,0,0,0,0.03773584905660377,53,2.290167090184284,2.749480679631233,2.9146596789360046,0,107
value_off,20261464,3,1,63.0,1.0,1,1,0,0,0,0,0,0.018518518518518517,54,2.377139990804372,3.2286150380969048,3.333859145641327,0,107
value_off,20261465,0,2,-8.0,2.5,0,0,0,0,0,0,0,0.03773584905660377,53,2.3273251388432845,2.7046892791986465,2.9220357537269592,0,106
value_off,20261465,1,2,-19.0,4.0,0,0,1,11,0,0,0,0.01694915254237288,59,2.3701172322034836,2.9262954369187355,3.14953550696373,0,118
value_off,20261465,2,2,34.0,1.0,1,0,0,0,0,0,0,0.01694915254237288,59,2.335460288292271,3.018827550113201,3.1043943017721176,0,118
value_off,20261465,3,2,-8.0,2.5,0,0,0,0,0,0,0,0.0,43,2.3923163237266762,3.0851073563098907,4.603620618581772,0,86
value_off,20261466,0,3,33.0,1.0,1,0,0,0,0,0,0,0.04081632653061224,49,2.363889991324775,2.695606648921966,3.6927442997694016,0,98
value_off,20261466,1,3,-18.0,3.0,0,0,0,0,0,0,0,0.0,69,2.3971672669269037,3.008110076189041,3.9259959012269974,0,139
value_off,20261466,2,3,-8.0,2.5,0,0,0,0,0,0,0,0.04081632653061224,49,2.3389512254875533,3.0010819435119624,3.987882286310196,0,98
value_off,20261466,3,3,-8.0,2.5,0,0,0,0,0,0,0,0.0,49,2.3532476732317282,3.034064546227455,3.150785341858864,0,98
value_off,20261467,0,1,-8.0,2.5,0,0,0,0,0,0,0,0.04878048780487805,41,2.3350470767515463,2.6996899396181107,2.8944741934537888,0,82
value_off,20261467,1,1,-16.0,4.0,0,0,1,8,0,0,0,0.0,41,2.3943402054833203,3.0262358486652374,3.194740042090416,0,82
value_off,20261467,2,1,-8.0,2.5,0,0,0,0,0,0,0,0.07317073170731707,41,2.2612458503827817,2.657407894730568,2.84636951982975,0,82
value_off,20261467,3,1,33.0,1.0,1,0,0,0,0,0,0,0.04878048780487805,41,2.3016025562111926,2.928825095295906,2.9762890189886093,0,82
value_off,20261468,0,0,-34.0,3.0,0,0,0,0,0,0,0,0.02564102564102564,39,2.3687521521097574,2.9065944254398346,3.0715595930814743,0,79
value_off,20261468,1,0,-34.0,3.0,0,0,0,0,0,0,0,0.02702702702702703,37,2.3059500129641712,2.761426568031311,2.778349444270134,0,75
value_off,20261468,2,0,10.0,2.0,0,0,0,0,0,0,0,0.012987012987012988,77,2.3250382200076984,2.9433950781822205,3.0590686947107315,1,156
value_off,20261468,3,0,102.0,1.0,1,1,0,0,0,0,0,0.0,40,2.3109660018235445,2.910245768725872,2.9872339218854904,0,79
value_off,20261469,0,0,-16.0,3.0,0,0,0,0,0,0,0,0.0,42,2.6007177130807015,3.880347777158022,4.155164584517479,0,85
value_off,20261469,1,0,-8.0,2.5,0,0,0,0,0,0,0,0.019230769230769232,52,2.3599823650259237,2.922121062874794,2.97633558511734,0,104
value_off,20261469,2,0,-16.0,3.0,0,0,0,0,0,0,0,0.023809523809523808,42,2.278959689040979,2.6704934425652027,2.7151815593242645,0,85
value_off,20261469,3,0,48.0,1.0,1,1,0,0,0,0,0,0.0,43,2.3988066024558488,3.243405930697918,3.3272281289100647,0,85
value_off,20261470,0,0,-33.0,3.0,0,0,0,0,0,0,0,0.018867924528301886,53,2.4558595328960777,3.204445168375969,3.328869119286537,0,107
value_off,20261470,1,0,99.0,1.0,1,1,0,0,0,0,0,0.0,54,2.3323909069101014,2.8879353776574135,2.988334745168686,0,107
value_off,20261470,2,0,-8.0,2.5,0,0,0,0,0,0,0,0.03333333333333333,30,2.2736219689249992,2.781524416059255,2.9574446380138397,0,60
value_off,20261470,3,0,-33.0,3.0,0,0,0,0,0,0,0,0.0,53,2.4629481277375853,3.3439867198467255,4.045451059937477,0,107
value_off,20261471,0,3,33.0,1.0,1,0,0,0,0,0,0,0.04,50,2.322789393365383,2.7436523698270316,2.8818678110837936,0,100
value_off,20261471,1,3,-8.0,2.5,0,0,0,0,0,0,0,0.022222222222222223,45,2.3419936498006186,2.885090932250023,2.9152575880289078,0,90
value_off,20261471,2,3,-20.0,4.0,0,0,1,12,0,0,0,0.015384615384615385,65,2.333593941651858,2.9416654258966446,3.1706057488918304,0,130
value_off,20261471,3,3,-8.0,2.5,0,0,0,0,0,0,0,0.024390243902439025,41,2.2738241567844297,2.7985721826553345,2.8900541365146637,0,82
value_off,20261472,0,2,-8.0,2.5,0,0,0,0,0,0,0,0.05172413793103448,58,2.3164099788871306,2.749824803322553,2.96921469271183,0,116
value_off,20261472,1,2,-8.0,2.5,0,0,0,0,0,0,0,0.017241379310344827,58,2.395155004643161,3.202670905739069,3.423105925321579,0,116
value_off,20261472,2,2,-18.0,4.0,0,0,1,10,0,0,0,0.0,41,2.304319564889117,2.8373487293720245,2.9426924884319305,0,82
value_off,20261472,3,2,-8.0,2.5,0,0,0,0,0,0,0,0.03773584905660377,53,2.295426426912254,2.8003141283988953,2.8744954615831375,0,106
value_off,20261473,0,0,32.0,1.0,1,0,0,0,0,0,0,0.05,60,2.41203714782993,3.099542763084173,3.214452415704727,0,120
value_off,20261473,1,0,32.0,1.0,1,0,0,0,0,0,0,0.018518518518518517,54,2.3535719762245813,2.938124444335699,3.0899234116077423,0,108
value_off,20261473,2,0,-8.0,2.5,0,0,0,0,0,0,0,0.0,54,2.400553440330205,3.209440689533949,3.2555777579545975,0,108
value_off,20261473,3,0,-8.0,2.5,0,0,0,0,0,0,0,0.03125,64,2.3052562901284546,2.8055917471647263,3.2229404896497726,0,128
value_off,20261474,0,1,-8.0,2.5,0,0,0,0,0,0,0,0.0,62,2.4713509445709567,3.3265821635723114,3.8843434303998947,0,124
value_off,20261474,1,1,49.0,1.0,1,0,0,0,0,0,0,0.0,76,2.3775641610355756,2.9713218100368977,3.0072536319494247,0,152
value_off,20261474,2,1,-8.0,2.5,0,0,0,0,0,0,0,0.047619047619047616,42,2.366871972169195,3.0383264645934105,3.5680029541254044,0,84
value_off,20261474,3,1,-21.0,3.0,0,0,0,0,0,0,0,0.02857142857142857,70,2.28139300431524,2.7170117944478984,3.8306675851345062,0,141
value_off,20261475,0,3,48.0,1.0,1,1,0,0,0,0,0,0.022727272727272728,44,2.376012546433644,2.948330994695425,2.970615401864052,0,87
value_off,20261475,1,3,-16.0,3.0,0,0,0,0,0,0,0,0.046511627906976744,43,2.326575432752454,2.8601791709661484,3.242289647459984,0,87
value_off,20261475,2,3,-16.0,3.0,0,0,0,0,0,0,0,0.0,43,2.363044205446576,3.082427754998207,3.2115597277879715,0,87
value_off,20261475,3,3,-16.0,3.0,0,0,0,0,0,0,0,0.06976744186046512,43,2.265263911943103,2.688630297780037,2.828909084200859,0,87
value_off,20261476,0,0,43.0,1.0,1,0,0,0,0,0,0,0.018518518518518517,54,2.51720010958336,3.342998865991831,3.6718957126140594,0,108
value_off,20261476,1,0,-8.0,2.5,0,0,0,0,0,0,0,0.0,43,2.3754607279633366,2.883058227598667,3.00479494035244,0,86
value_off,20261476,2,0,-8.0,2.5,0,0,0,0,0,0,0,0.04081632653061224,49,2.2784860766663844,2.8506875038146973,3.0702371150255203,0,98
value_off,20261476,3,0,-8.0,2.5,0,0,0,0,0,0,0,0.05555555555555555,54,2.3014837944949114,2.771942131221294,2.9235277324914932,0,108
value_off,20261477,0,1,32.0,1.0,1,0,0,0,0,0,0,0.04,50,2.3687024787068367,2.9482915066182613,3.024682402610779,0,100
value_off,20261477,1,1,-8.0,2.5,0,0,0,0,0,0,0,0.0,50,2.424791529774666,3.3390274271368976,3.530684858560562,0,100
value_off,20261477,2,1,-8.0,2.5,0,0,0,0,0,0,0,0.0,50,2.415851876139641,3.165354672819376,3.2626595348119736,0,100
value_off,20261477,3,1,-17.0,3.0,0,0,0,0,0,0,0,0.013888888888888888,72,2.3083589039742947,2.8827572241425514,2.8961114585399628,0,145
value_off,20261478,0,3,-8.0,2.5,0,0,0,0,0,0,0,0.01818181818181818,55,2.3366398093375293,2.7775302529335018,2.879224717617035,0,110
value_off,20261478,1,3,-18.0,4.0,0,0,1,10,0,0,0,0.044444444444444446,45,2.297333420978652,2.665657550096512,2.96674482524395,0,90
value_off,20261478,2,3,34.0,1.0,1,0,0,0,0,0,0,0.0,51,2.389307006024847,3.217930905520916,3.5415086895227432,0,102
value_off,20261478,3,3,-8.0,2.5,0,0,0,0,0,0,0,0.0,51,2.3134673269940356,2.870257943868637,2.897799015045166,0,102
value_off,20261479,0,1,-8.0,2.5,0,0,0,0,0,0,0,0.0,81,2.3790789239200545,2.9425639659166336,3.029812127351761,0,162
value_off,20261479,1,1,37.0,1.0,1,0,0,0,0,0,0,0.061224489795918366,49,2.299196790067517,2.8408739715814586,2.9123518615961075,0,98
value_off,20261479,2,1,-21.0,4.0,0,0,1,13,0,0,0,0.0,61,2.4622689138670437,3.244331106543541,3.41847725212574,0,122
value_off,20261479,3,1,0.0,2.5,0,0,0,0,0,1,0,0.0,85,2.367407872396357,2.998385950922966,3.140663728117943,0,170
value_off,20261480,0,2,-8.0,2.5,0,0,0,0,0,0,0,0.02702702702702703,74,2.3161086530701533,2.644367143511772,2.9107797890901566,0,148
value_off,20261480,1,2,-8.0,2.5,0,0,0,0,0,0,0,0.041666666666666664,72,2.2897994042270713,2.698895987123251,2.8030462563037872,0,144
value_off,20261480,2,2,-8.0,2.5,0,0,0,0,0,0,0,0.0,82,2.430942931734934,3.3365904353559017,3.4183599054813385,0,164
value_off,20261480,3,2,38.0,1.0,1,0,0,0,0,0,0,0.015384615384615385,65,2.30161424439687,2.945639193058014,3.0280034989118576,0,130
value_off,20261481,0,0,-16.0,4.0,0,0,1,8,0,0,0,0.0,75,2.4540129055579505,3.1068105250597,3.3164191991090775,0,150
value_off,20261481,1,0,0.0,2.5,0,0,0,0,0,1,1,0.023255813953488372,86,2.31789130457612,2.767601516097784,2.907220274209976,0,172
value_off,20261481,2,0,0.0,2.5,0,0,0,0,0,1,0,0.0,86,2.374226963797281,3.081826027482748,3.166874870657921,0,172
value_off,20261481,3,0,-16.0,4.0,0,0,1,8,0,0,0,0.0,68,2.3799472871948693,3.029980044811964,3.0937213450670242,0,136
value_off,20261482,0,3,-8.0,2.5,0,0,0,0,0,0,0,0.019230769230769232,52,2.411264388893659,3.1714277341961834,3.762137144804001,0,104
value_off,20261482,1,3,-8.0,2.5,0,0,0,0,0,0,0,0.05357142857142857,56,2.2946007416716645,2.8252680785954,3.746233880519867,0,112
value_off,20261482,2,3,-8.0,2.5,0,0,0,0,0,0,0,0.05,60,2.262009462962548,2.625766769051552,3.554420545697212,0,120
value_off,20261482,3,3,34.0,1.0,1,0,0,0,0,0,0,0.016666666666666666,60,2.3192690374950566,2.8799052350223064,4.2889900505542755,0,120
value_off,20261483,0,0,-18.0,4.0,0,0,1,10,0,0,0,0.0,39,2.448504647383323,3.129477985203266,3.2024309039115906,0,78
value_off,20261483,1,0,-8.0,2.5,0,0,0,0,0,0,0,0.022222222222222223,45,2.3055395732323327,2.834070846438408,2.8897877782583237,0,90
value_off,20261483,2,0,-8.0,2.5,0,0,0,0,0,0,0,0.0,39,2.3269659051528344,2.8943702578544617,3.0424073338508606,0,78
value_off,20261483,3,0,34.0,1.0,1,0,0,0,0,0,0,0.07692307692307693,39,2.258857807669884,2.6794737204909325,2.692610025405884,0,78
value_off,20261484,0,1,48.0,1.0,1,0,0,0,0,0,0,0.0,49,2.3991140555970523,2.9357388615608215,2.9730238020420074,0,98
value_off,20261484,1,1,-8.0,2.5,0,0,0,0,0,0,0,0.0,49,2.3651037897382463,3.052283450961113,3.087444230914116,0,98
value_off,20261484,2,1,-8.0,2.5,0,0,0,0,0,0,0,0.038461538461538464,52,2.29880095531161,2.9090811498463154,3.3536888659000397,0,104
value_off,20261484,3,1,-32.0,4.0,0,0,1,24,0,0,0,0.03773584905660377,53,2.317089692882772,2.8423361480236053,3.943987190723419,0,106
value_off,20261485,0,0,-8.0,2.5,0,0,0,0,0,0,0,0.0,28,2.4061620102397034,2.8831297531723976,3.216005861759186,0,56
value_off,20261485,1,0,-8.0,2.5,0,0,0,0,0,0,0,0.0,28,2.360178889440639,2.9609663411974907,3.08794341981411,0,56
value_off,20261485,2,0,-8.0,2.5,0,0,0,0,0,0,0,0.017857142857142856,56,2.334695608754243,2.9565254226326942,3.0046850442886353,0,112
value_off,20261485,3,0,-16.0,4.0,0,0,1,8,0,0,0,0.0,28,2.3087692180914536,2.8947549872100353,2.9695816338062286,0,56
value_off,20261486,0,2,-8.0,2.5,0,0,0,0,0,0,0,0.025,40,2.39823367446661,2.929186634719372,2.9771607369184494,0,80
value_off,20261486,1,2,-26.0,3.0,0,0,0,0,0,0,0,0.05172413793103448,58,2.2791782715197266,2.5834904052317142,3.789592534303665,0,117
value_off,20261486,2,2,48.0,1.0,1,0,0,0,0,0,0,0.0,55,2.328214320269498,2.9521161690354347,2.9979534447193146,0,110
value_off,20261486,3,2,0.0,2.5,0,0,0,0,0,1,1,0.034482758620689655,87,2.266681292790106,2.67939455807209,2.7913320809602737,0,174
value_off,20261487,0,2,-16.0,4.0,0,0,1,8,0,0,0,0.01639344262295082,61,2.4011996498361965,3.001544624567032,3.127502277493477,0,122
value_off,20261487,1,2,33.0,1.0,1,0,0,0,0,0,0,0.046153846153846156,65,2.269726275251462,2.582542970776558,2.7888212352991104,0,130
value_off,20261487,2,2,32.0,1.0,1,0,0,0,0,0,0,0.022727272727272728,44,2.2954353639347986,2.8208796866238117,2.8551165014505386,0,88
value_off,20261487,3,2,-8.0,2.5,0,0,0,0,0,0,0,0.014925373134328358,67,2.3242847910567894,2.9800040647387505,3.0434392392635345,0,134
value_off,20261488,0,0,36.0,1.0,1,0,0,0,0,0,0,0.05084745762711865,59,2.3204616381455274,2.7624834328889847,2.846747636795044,0,117
value_off,20261488,1,0,-22.0,4.0,0,0,1,14,0,0,0,0.03333333333333333,60,2.3367527251442275,2.9339643195271488,3.1224582344293594,0,121
value_off,20261488,2,0,-8.0,2.5,0,0,0,0,0,0,0,0.0,60,2.381981505701939,3.1439437530934806,3.5738814622163773,0,121
value_off,20261488,3,0,-8.0,2.5,0,0,0,0,0,0,0,0.05,60,2.2866925224661827,2.787825372070074,2.895163372159004,0,121
value_off,20261489,0,0,51.0,1.0,1,1,0,0,0,0,0,0.04878048780487805,41,2.340013661035677,2.8843507170677185,2.95134074985981,0,81
value_off,20261489,1,0,-17.0,3.0,0,0,0,0,0,0,0,0.025,40,2.3525753524154425,2.8758076019585133,3.263719379901886,0,81
value_off,20261489,2,0,-17.0,3.0,0,0,0,0,0,0,0,0.025,40,2.335655316710472,2.953594923019409,2.9685720801353455,0,81
value_off,20261489,3,0,-16.0,4.0,0,0,1,8,0,0,0,0.05555555555555555,36,2.2817226644191475,2.8504538349807262,2.8633233159780502,0,72
value_off,20261490,0,1,-20.0,3.0,0,0,0,0,0,0,0,0.028985507246376812,69,2.3805475591317466,2.853066101670265,2.898106351494789,0,139
value_off,20261490,1,1,-8.0,2.5,0,0,0,0,0,0,0,0.0,76,2.453389136414779,3.283024299889803,4.535583779215813,0,152
value_off,20261490,2,1,0.0,2.5,0,0,0,0,0,1,0,0.022727272727272728,88,2.299942160871896,2.8586841188371177,2.9559433460235596,0,176
value_off,20261490,3,1,-8.0,2.5,0,0,0,0,0,0,0,0.0,63,2.3720975196550764,3.1060507521033287,3.389822319149971,0,126
value_off,20261491,0,1,-18.0,4.0,0,0,1,10,0,0,0,0.0,53,2.530159815302435,3.434872254729271,3.5716891288757324,0,106
value_off,20261491,1,1,-8.0,2.5,0,0,0,0,0,0,0,0.018518518518518517,54,2.3535658708877034,2.903878781944513,3.061925992369652,0,108
value_off,20261491,2,1,-23.0,3.0,0,0,0,0,0,0,0,0.04054054054054054,74,2.25316353041578,2.7264957316219807,2.835499122738838,0,149
value_off,20261491,3,1,35.0,1.0,1,0,0,0,0,0,0,0.014705882352941176,68,2.3775618687710343,3.088528383523226,3.240266814827919,0,136
value_off,20261492,0,2,-18.0,3.0,0,0,0,0,0,0,0,0.0,18,2.350358706381586,2.866131905466318,2.867016941308975,0,37
value_off,20261492,1,2,-17.0,4.0,0,0,1,9,0,0,0,0.06382978723404255,47,2.270527738840022,2.6085903868079185,2.692215144634247,0,94
value_off,20261492,2,2,34.0,1.0,1,0,0,0,0,0,0,0.046511627906976744,43,2.2777937092753344,2.6834623888134956,2.8464365750551224,0,86
value_off,20261492,3,2,33.0,1.0,1,0,0,0,0,0,0,0.05555555555555555,18,2.2688920920093856,2.756964229047298,2.9647909104824066,0,36
value_off,20261493,0,2,-16.0,3.0,0,0,0,0,0,0,0,0.0,35,2.440212933080537,3.0996138229966164,3.1900666654109955,0,71
value_off,20261493,1,2,-25.0,3.0,0,0,0,0,0,0,0,0.034482758620689655,58,2.32006737898136,2.7453418821096416,3.4776758402585983,0,117
value_off,20261493,2,2,-8.0,2.5,0,0,0,0,0,0,0,0.03773584905660377,53,2.3029795935693778,2.8035197407007217,2.9637981206178665,0,106
value_off,20261493,3,2,63.0,1.0,1,1,0,0,0,0,0,0.030303030303030304,66,2.300009865200881,2.9218154959380627,2.993417903780937,0,131
value_off,20261494,0,0,-8.0,2.5,0,0,0,0,0,0,0,0.03571428571428571,28,2.3724126097347056,2.8725755400955677,2.918550744652748,0,56
value_off,20261494,1,0,32.0,1.0,1,0,0,0,0,0,0,0.02564102564102564,39,2.340355219367223,2.8573429211974144,3.113996237516403,0,78
value_off,20261494,2,0,-8.0,2.5,0,0,0,0,0,0,0,0.07142857142857142,28,2.2859487549534867,2.865609433501959,2.888636663556099,0,56
value_off,20261494,3,0,-16.0,4.0,0,0,1,8,0,0,0,0.0,28,2.347963396459818,3.0337276868522167,3.05122509598732,0,56
value_off,20261495,0,3,-8.0,2.5,0,0,0,0,0,0,0,0.0,48,2.464975113980472,3.1946158036589622,3.9382055401802063,0,97
value_off,20261495,1,3,-18.0,4.0,0,0,1,10,0,0,0,0.034482758620689655,58,2.3391731083393097,2.9793133959174156,3.0415989458560944,0,117
value_off,20261495,2,3,-21.0,4.0,0,0,1,13,0,0,0,0.022222222222222223,45,2.319323644042015,2.784508839249611,3.01557220518589,0,91
value_off,20261495,3,3,32.0,1.0,1,0,0,0,0,0,0,0.024390243902439025,41,2.347055095724943,2.856595441699028,2.914467826485634,0,81
value_off,20261496,0,3,-8.0,2.5,0,0,0,0,0,0,0,0.0,32,2.3712384863756597,2.8984764590859413,2.913564443588257,0,64
value_off,20261496,1,3,10.0,2.0,0,0,0,0,0,0,0,0.0,49,2.424631723944022,3.167227283120155,3.4217480570077896,1,99
value_off,20261496,2,3,-21.0,3.0,0,0,0,0,0,0,0,0.017241379310344827,58,2.3088813598813682,2.883695438504219,2.9206201434135437,0,117
value_off,20261496,3,3,44.0,1.0,1,0,0,0,0,0,0,0.03125,32,2.3877443745732307,3.201768919825554,3.411727026104927,0,64
value_off,20261497,0,3,-8.0,2.5,0,0,0,0,0,0,0,0.0,59,2.384245048387576,2.8487959876656532,3.104092553257942,0,118
value_off,20261497,1,3,-33.0,3.0,0,0,0,0,0,0,0,0.0,68,2.4987244704628693,3.43231949955225,3.6859698593616486,0,137
value_off,20261497,2,3,-33.0,3.0,0,0,0,0,0,0,0,0.0,68,2.340213368263315,2.9254600405693054,3.0082203447818756,0,137
value_off,20261497,3,3,-33.0,3.0,0,0,0,0,0,0,0,0.0,68,2.3848579046042526,3.1080376356840134,3.2286271452903748,0,137
value_off,20261498,0,3,48.0,1.0,1,1,0,0,0,0,0,0.0,43,2.444993921144064,3.1746190041303635,3.2796617597341537,0,86
value_off,20261498,1,3,-16.0,3.0,0,0,0,0,0,0,0,0.025,40,2.372377971187234,3.0155095271766186,3.087639808654785,0,81
value_off,20261498,2,3,-16.0,3.0,0,0,0,0,0,0,0,0.025,40,2.3033436853438616,2.871092688292265,2.89110466837883,0,82
value_off,20261498,3,3,-16.0,3.0,0,0,0,0,0,0,0,0.06976744186046512,43,2.253253835924836,2.6280272752046585,2.8294846415519714,0,86
value_off,20261499,0,3,0.0,2.5,0,0,0,0,0,1,1,0.036585365853658534,82,2.3145072116720966,2.688046917319298,2.9052160680294037,0,164
value_off,20261499,1,3,-18.0,3.0,0,0,0,0,0,0,0,0.0,61,2.5109301214335393,3.376651555299759,3.474770113825798,0,123
value_off,20261499,2,3,-8.0,2.5,0,0,0,0,0,0,0,0.01818181818181818,55,2.304201437668367,2.830077148973942,2.9281359165906906,0,110
value_off,20261499,3,3,0.0,2.5,0,0,0,0,0,1,1,0.0,82,2.3944543720018574,3.167004883289337,3.384692594408989,0,164
value_off,20261500,0,1,-8.0,2.5,0,0,0,0,0,0,0,0.014705882352941176,68,2.3610075278317226,2.81540397554636,2.902645617723465,0,136
value_off,20261500,1,1,-8.0,2.5,0,0,0,0,0,0,0,0.0,60,2.4399221564332643,3.2144423574209213,3.472639247775078,0,120
value_off,20261500,2,1,45.0,1.0,1,0,0,0,0,0,0,0.038461538461538464,52,2.334511516472468,2.9570307582616806,3.2836440950632095,0,104
value_off,20261500,3,1,-8.0,2.5,0,0,0,0,0,0,0,0.014285714285714285,70,2.385144015508039,3.1873315572738647,3.3582914620637894,0,140
value_off,20261501,0,3,0.0,2.5,0,0,0,0,0,1,1,0.012048192771084338,83,2.3867072515099883,2.8598636388778687,2.9716026037931442,0,168
value_off,20261501,1,3,0.0,2.5,0,0,0,0,0,1,0,0.0,86,2.397946558546188,3.0823731794953346,3.228437155485153,0,173
value_off,20261501,2,3,32.0,1.0,1,0,0,0,0,0,0,0.05555555555555555,36,2.3105372157361774,2.9196888208389282,3.1142327934503555,0,72
value_off,20261501,3,3,0.0,2.5,0,0,0,0,0,1,0,0.023529411764705882,85,2.293777487733785,2.833330631256103,2.918880432844162,0,169
value_off,20261502,0,3,36.0,1.0,1,0,0,0,0,0,0,0.02702702702702703,37,2.379731602362684,2.9267005622386932,3.0131395906209946,0,74
value_off,20261502,1,3,-32.0,4.0,0,0,1,24,0,0,0,0.023809523809523808,42,2.3464334330388477,2.8743041679263115,3.3207889646291733,0,84
value_off,20261502,2,3,36.0,1.0,1,0,0,0,0,0,0,0.0,44,2.3089556700804015,2.896528784185648,2.9233843088150024,0,88
value_off,20261502,3,3,-21.0,3.0,0,0,0,0,0,0,0,0.023255813953488372,43,2.280574291944504,2.757161296904087,2.8271451592445374,0,87
value_off,20261503,0,0,-20.0,3.0,0,0,0,0,0,0,0,0.0,65,2.477617017351664,3.153071179986,3.284834325313568,0,131
value_off,20261503,1,0,-19.0,4.0,0,0,1,11,0,0,0,0.015625,64,2.4278229393530637,3.2852167263627043,3.46987321972847,0,128
value_off,20261503,2,0,-8.0,2.5,0,0,0,0,0,0,0,0.0,64,2.389526052866131,3.162250481545925,3.283984959125519,0,128
value_off,20261503,3,0,35.0,1.0,1,0,0,0,0,0,0,0.046875,64,2.2509011905640364,2.6172286830842495,2.674240618944168,0,128
value_off,20261504,0,3,-26.0,4.0,0,0,1,18,0,0,0,0.04878048780487805,41,2.346018556414581,2.8610844165086746,2.9154103249311447,0,82
value_off,20261504,1,3,-8.0,2.5,0,0,0,0,0,0,0,0.07317073170731707,41,2.285221591591835,2.8019193559885025,2.8182361274957657,0,82
value_off,20261504,2,3,-8.0,2.5,0,0,0,0,0,0,0,0.0,28,2.363732550293207,3.104748297482729,3.1677130609750748,0,56
value_off,20261504,3,3,-8.0,2.5,0,0,0,0,0,0,0,0.04878048780487805,41,2.376141344628683,3.163352608680725,3.1779538840055466,0,82
value_off,20261505,0,3,-20.0,4.0,0,0,1,12,0,0,0,0.06818181818181818,44,2.330444964834235,2.768051903694868,2.8360188007354736,0,88
value_off,20261505,1,3,32.0,1.0,1,0,0,0,0,0,0,0.017857142857142856,56,2.3695850478751317,3.0958810821175575,3.16736102104187,0,112
value_off,20261505,2,3,-8.0,2.5,0,0,0,0,0,0,0,0.0,44,2.3263369856232945,2.9413183219730854,3.0726343393325806,0,88
value_off,20261505,3,3,-8.0,2.5,0,0,0,0,0,0,0,0.045454545454545456,44,2.3012993518601763,2.872114535421133,2.9388554394245148,0,88
