model,wall_seed,seat,prevalent_wind,score,rank,win,self_draw,deal_in,deal_in_fan,big_deal_in,draw,draw_tenpai,call_rate,decisions,mean_decision_ms,p95_decision_ms,max_decision_ms,invalid_or_timeout,steps
candidate,20260706,0,3,35.0,1.0,1,0,0,0,0,0,0,0.075,40,10.81097787246108,3.110745269805193,338.5406471788883,0,80
candidate,20260706,1,3,-17.0,4.0,0,0,1,9,0,0,0,0.09090909090909091,33,2.385044413985628,2.895265445113182,2.936162054538727,0,66
candidate,20260706,2,3,-19.0,4.0,0,0,1,11,0,0,0,0.0,36,2.49587402989467,3.299832344055176,3.530150279402733,0,72
candidate,20260706,3,3,-8.0,2.5,0,0,0,0,0,0,0,0.0,40,2.3851890582591295,2.9471912421286106,5.383957177400589,0,80
candidate,20260707,0,1,-8.0,2.5,0,0,0,0,0,0,0,0.019230769230769232,52,2.4436663549679976,2.9445189982652664,3.024216741323471,0,104
candidate,20260707,1,1,-29.0,4.0,0,0,1,21,0,0,0,0.04477611940298507,67,2.4167335133499175,2.9921993613243103,3.015231341123581,0,134
candidate,20260707,2,1,-8.0,2.5,0,0,0,0,0,0,0,0.014925373134328358,67,2.374408071610465,2.883955091238022,3.7158317863941193,0,134
candidate,20260707,3,1,45.0,1.0,1,0,0,0,0,0,0,0.014925373134328358,67,2.4575793476247076,3.4147530794143663,4.896344617009163,0,134
candidate,20260708,0,0,102.0,1.0,1,1,0,0,0,0,0,0.0,45,2.5140620354149075,3.1105320900678635,4.521086812019348,0,89
candidate,20260708,1,0,-34.0,3.0,0,0,0,0,0,0,0,0.045454545454545456,44,2.428872383792292,2.9372893273830414,4.4896285980939865,0,89
candidate,20260708,2,0,-34.0,3.0,0,0,0,0,0,0,0,0.045454545454545456,44,2.3600039157000454,2.7097495272755623,3.981124609708786,0,89
candidate,20260708,3,0,-34.0,3.0,0,0,0,0,0,0,0,0.022727272727272728,44,2.344531345773827,2.877668384462595,2.952510491013527,0,89
candidate,20260709,0,1,-8.0,2.5,0,0,0,0,0,0,0,0.0,28,2.565173166138785,2.958694752305746,7.228279486298561,0,56
candidate,20260709,1,1,-19.0,4.0,0,0,1,11,0,0,0,0.0,26,2.3984647570894313,2.8776596300303936,2.9036924242973328,0,52
candidate,20260709,2,1,-8.0,2.5,0,0,0,0,0,0,0,0.022727272727272728,44,2.5146750055930833,2.963707596063614,8.577659726142883,0,88
candidate,20260709,3,1,35.0,1.0,1,0,0,0,0,0,0,0.03571428571428571,28,2.3810103801744327,3.1010029837489124,3.2552164047956467,0,56
candidate,20260710,0,2,-23.0,3.0,0,0,0,0,0,0,0,0.0,29,2.5961259058837234,3.430183976888655,5.182716995477676,0,59
candidate,20260710,1,2,69.0,1.0,1,1,0,0,0,0,0,0.0,30,2.438640408217907,2.957343030720949,3.5628918558359146,0,59
candidate,20260710,2,2,-23.0,3.0,0,0,0,0,0,0,0,0.034482758620689655,29,2.509292857400302,2.8774958103895187,7.37919844686985,0,59
candidate,20260710,3,2,-23.0,3.0,0,0,0,0,0,0,0,0.0,29,2.3864727981131653,3.041834756731987,3.085516393184662,0,59
candidate,20260711,0,3,-24.0,3.0,0,0,0,0,0,0,0,0.0,74,2.5049037476246423,3.1443238258361816,3.2742470502853394,0,149
candidate,20260711,1,3,57.0,1.0,1,1,0,0,0,0,0,0.02702702702702703,74,2.3710735746332117,2.8184330090880394,3.404267132282257,0,147
candidate,20260711,2,3,-8.0,2.5,0,0,0,0,0,0,0,0.0,68,2.4565561017131103,3.168380632996559,3.296181559562683,0,136
candidate,20260711,3,3,-8.0,2.5,0,0,0,0,0,0,0,0.024390243902439025,41,2.3453376006062436,2.9280800372362137,2.9999371618032455,0,82
candidate,20260712,0,1,-8.0,2.5,0,0,0,0,0,0,0,0.038461538461538464,52,2.3750576477211256,2.746657934039831,2.931395545601845,0,104
candidate,20260712,1,1,52.0,1.0,1,0,0,0,0,0,0,0.0,52,2.5104917227648773,3.357359580695629,4.707057029008865,0,104
candidate,20260712,2,1,-28.0,3.0,0,0,0,0,0,0,0,0.0,60,2.363957061121861,2.9075435362756252,3.0001364648342133,0,121
candidate,20260712,3,1,84.0,1.0,1,1,0,0,0,0,0,0.06557377049180328,61,2.275288227151652,2.655932679772377,2.8508733958005905,0,121
candidate,20260713,0,0,48.0,1.0,1,0,0,0,0,0,0,0.0,56,2.436857737068619,2.966605592519045,3.057427704334259,0,112
candidate,20260713,1,0,-22.0,3.0,0,0,0,0,0,0,0,0.01694915254237288,59,2.3456493676719017,2.865714952349663,2.9542911797761917,0,119
candidate,20260713,2,0,-18.0,3.0,0,0,0,0,0,0,0,0.03333333333333333,60,2.305606318016847,2.7483689598739147,2.8941426426172256,0,121
candidate,20260713,3,0,33.0,1.0,1,0,0,0,0,0,0,0.04878048780487805,41,2.311465580288957,2.7803946286439896,2.8229933232069016,0,82
candidate,20260714,0,0,-8.0,2.5,0,0,0,0,0,0,0,0.02564102564102564,39,2.4515525557291813,3.082108683884144,3.1374897807836533,0,78
candidate,20260714,1,0,-8.0,2.5,0,0,0,0,0,0,0,0.04878048780487805,41,2.3593028053277876,2.8841663151979446,2.909993752837181,0,82
candidate,20260714,2,0,-16.0,4.0,0,0,1,8,0,0,0,0.0,41,2.4208412846414054,3.3727381378412247,3.5075321793556213,0,82
candidate,20260714,3,0,32.0,1.0,1,0,0,0,0,0,0,0.024390243902439025,41,2.380748302107904,3.1764060258865356,3.20284441113472,0,82
candidate,20260715,0,1,108.0,1.0,1,1,0,0,0,0,0,0.03571428571428571,56,2.360207594132849,2.8781103901565075,2.9566623270511627,0,111
candidate,20260715,1,1,33.0,1.0,1,0,0,0,0,0,0,0.0,62,2.494377144161732,3.3004334196448326,3.4112203866243362,0,124
candidate,20260715,2,1,-17.0,4.0,0,0,1,9,0,0,0,0.016129032258064516,62,2.359010729818575,2.9366182163357735,2.96611525118351,0,124
candidate,20260715,3,1,35.0,1.0,1,0,0,0,0,0,0,0.01639344262295082,61,2.3779968624232244,2.9578078538179398,3.1850766390562057,0,122
candidate,20260716,0,1,-8.0,2.5,0,0,0,0,0,0,0,0.0,40,2.4384303018450737,3.0682611279189587,3.2181814312934875,0,80
candidate,20260716,1,1,42.0,1.0,1,0,0,0,0,0,0,0.037037037037037035,27,2.422224316332075,3.056119754910469,3.1686928123235703,0,54
candidate,20260716,2,1,-26.0,4.0,0,0,1,18,0,0,0,0.07407407407407407,27,2.314648418514817,2.7188116684556007,2.895200625061989,0,54
candidate,20260716,3,1,-8.0,2.5,0,0,0,0,0,0,0,0.0,27,2.3518780729284994,2.98512801527977,3.0202828347682953,0,54
candidate,20260717,0,3,-24.0,4.0,0,0,1,16,0,0,0,0.0,49,2.4363067077130687,2.9375579208135605,3.039032220840454,0,98
candidate,20260717,1,3,40.0,1.0,1,0,0,0,0,0,0,0.0,49,2.443301282366928,3.170971199870109,3.215111792087555,0,98
candidate,20260717,2,3,35.0,1.0,1,0,0,0,0,0,0,0.030303030303030304,66,2.4448744106021794,3.0703525990247726,6.107475608587265,0,132
candidate,20260717,3,3,-8.0,2.5,0,0,0,0,0,0,0,0.0,49,2.3841278589501673,2.983584627509117,3.006948158144951,0,98
candidate,20260718,0,2,-8.0,2.5,0,0,0,0,0,0,0,0.016129032258064516,62,2.4339934330313437,2.88031455129385,4.884438589215279,0,124
candidate,20260718,1,2,-17.0,4.0,0,0,1,9,0,0,0,0.03225806451612903,62,2.381868900791291,2.9106498695909977,4.405444487929344,0,124
candidate,20260718,2,2,-8.0,2.5,0,0,0,0,0,0,0,0.016129032258064516,62,2.4589523072204282,3.014351613819599,6.138008087873459,0,124
candidate,20260718,3,2,-36.0,3.0,0,0,0,0,0,0,0,0.01282051282051282,78,2.4053784899222546,3.002921026200055,5.654424428939819,0,157
candidate,20260719,0,0,32.0,1.0,1,0,0,0,0,0,0,0.012987012987012988,77,2.534845166585662,3.0462358146905912,5.582835525274277,0,154
candidate,20260719,1,0,-8.0,2.5,0,0,0,0,0,0,0,0.0,74,2.4042823477774053,2.9942824505269527,3.031175583600998,0,148
candidate,20260719,2,0,-16.0,4.0,0,0,1,8,0,0,0,0.03896103896103896,77,2.3030630228194324,2.705111727118492,2.945398911833763,0,154
candidate,20260719,3,0,-17.0,3.0,0,0,0,0,0,0,0,0.012345679012345678,81,2.4107233333734817,3.1473133713006973,4.191787913441658,0,163
candidate,20260720,0,2,-8.0,2.5,0,0,0,0,0,0,0,0.047619047619047616,63,2.3687994846748928,2.7097299695014954,2.9458925127983093,0,126
candidate,20260720,1,2,35.0,1.0,1,0,0,0,0,0,0,0.0,66,2.4592565146811083,3.213946707546711,3.4147705882787704,0,132
candidate,20260720,2,2,33.0,1.0,1,0,0,0,0,0,0,0.031746031746031744,63,2.3542444206892497,2.920406498014927,3.007149323821068,0,126
candidate,20260720,3,2,-18.0,4.0,0,0,1,10,0,0,0,0.015625,64,2.341523766517639,2.8531468473374844,3.035780042409897,0,128
candidate,20260721,0,1,-8.0,2.5,0,0,0,0,0,0,0,0.041666666666666664,24,2.409685868769884,2.9493306763470173,2.981666475534439,0,48
candidate,20260721,1,1,-8.0,2.5,0,0,0,0,0,0,0,0.0,20,2.3312843404710293,2.910242509096861,2.9364507645368576,0,40
candidate,20260721,2,1,34.0,1.0,1,0,0,0,0,0,0,0.08333333333333333,24,2.336599941675862,2.904253080487251,2.9277000576257706,0,48
candidate,20260721,3,1,-18.0,4.0,0,0,1,10,0,0,0,0.0,24,2.390675557156404,2.9979615472257137,3.021208569407463,0,48
candidate,20260722,0,3,34.0,1.0,1,0,0,0,0,0,0,0.05084745762711865,59,2.3566191163608585,2.7213260531425476,3.026312217116356,0,118
candidate,20260722,1,3,-18.0,4.0,0,0,1,10,0,0,0,0.03389830508474576,59,2.352149209986299,2.811647765338421,2.8534196317195892,0,118
candidate,20260722,2,3,-8.0,2.5,0,0,0,0,0,0,0,0.03389830508474576,59,2.2969812281050923,2.7548329904675484,2.778671681880951,0,118
candidate,20260722,3,3,-8.0,2.5,0,0,0,0,0,0,0,0.01694915254237288,59,2.324178846458257,2.8736671432852745,2.9721353203058243,0,118
candidate,20260723,0,0,-18.0,3.0,0,0,0,0,0,0,0,0.02702702702702703,37,2.4374118326483547,3.0192501842975616,3.0740350484848022,0,75
candidate,20260723,1,0,36.0,1.0,1,0,0,0,0,0,0,0.0,39,2.384860259600175,2.968650683760643,2.980148419737816,0,78
candidate,20260723,2,0,48.0,1.0,1,1,0,0,0,0,0,0.06666666666666667,30,2.3992166544000306,3.214379493147135,3.2182931900024414,0,59
candidate,20260723,3,0,-8.0,2.5,0,0,0,0,0,0,0,0.02564102564102564,39,2.3577813632213154,2.891212329268456,3.1679105013608932,0,78
candidate,20260724,0,2,-34.0,3.0,0,0,0,0,0,0,0,0.014925373134328358,67,2.474807314018705,3.1398219987750053,3.270339220762253,0,135
candidate,20260724,1,2,-17.0,4.0,0,0,1,9,0,0,0,0.046153846153846156,65,2.3803624396140757,2.886844426393509,3.036459907889366,0,130
candidate,20260724,2,2,-33.0,4.0,0,0,1,25,0,0,0,0.0,59,2.4182472883139625,3.2307667657732964,3.3210013061761856,0,118
candidate,20260724,3,2,49.0,1.0,1,0,0,0,0,0,0,0.0,67,2.403928383962432,3.0982470139861102,3.2341983169317245,0,134
candidate,20260725,0,2,35.0,1.0,1,0,0,0,0,0,0,0.0,61,2.520798262758333,3.2533761113882065,3.443010151386261,0,122
candidate,20260725,1,2,-17.0,3.0,0,0,0,0,0,0,0,0.047619047619047616,42,2.338133974089509,2.8284808620810504,2.917911857366562,0,85
candidate,20260725,2,2,-8.0,2.5,0,0,0,0,0,0,0,0.0,27,2.3658899245438754,2.8972772881388664,2.914920449256897,0,54
candidate,20260725,3,2,34.0,1.0,1,0,0,0,0,0,0,0.02564102564102564,78,2.4758226787432647,3.359532542526722,4.755102097988129,0,157
candidate,20260726,0,1,-19.0,4.0,0,0,1,11,0,0,0,0.0,68,2.4749850306440804,3.032325115054846,5.222497507929802,0,136
candidate,20260726,1,1,-8.0,2.5,0,0,0,0,0,0,0,0.014925373134328358,67,2.3868282172662107,2.9959663748741145,3.0962545424699783,0,134
candidate,20260726,2,1,-8.0,2.5,0,0,0,0,0,0,0,0.015151515151515152,66,2.464365552772175,3.235326614230871,4.828624427318573,0,132
candidate,20260726,3,1,35.0,1.0,1,0,0,0,0,0,0,0.014705882352941176,68,2.3992378264665604,3.0485160648822784,4.754001274704933,0,136
candidate,20260727,0,1,-8.0,2.5,0,0,0,0,0,0,0,0.04878048780487805,41,2.3749847328517495,2.7716998010873795,2.8978604823350906,0,82
candidate,20260727,1,1,-8.0,2.5,0,0,0,0,0,0,0,0.0,41,2.507687478167255,3.17191518843174,5.232878029346466,0,82
candidate,20260727,2,1,-17.0,4.0,0,0,1,9,0,0,0,0.0,41,2.400077379694799,2.9359813779592514,3.7327874451875687,0,82
candidate,20260727,3,1,33.0,1.0,1,0,0,0,0,0,0,0.07317073170731707,41,2.281953875974911,2.6482827961444855,2.691974863409996,0,82
candidate,20260728,0,1,-16.0,3.0,0,0,0,0,0,0,0,0.04878048780487805,41,2.4673869242755377,3.0929073691368103,5.012717097997665,0,83
candidate,20260728,1,1,-8.0,2.5,0,0,0,0,0,0,0,0.0,52,2.3869556876329274,2.953902166336775,2.9940642416477203,0,104
candidate,20260728,2,1,-16.0,3.0,0,0,0,0,0,0,0,0.024390243902439025,41,2.3443076941298275,2.889396622776985,2.9448848217725754,0,83
candidate,20260728,3,1,60.0,1.0,1,1,0,0,0,0,0,0.0,44,2.4337599223310296,3.2337747514247894,5.212465301156044,0,87
candidate,20260729,0,3,-19.0,4.0,0,0,1,11,0,0,0,0.0,65,2.506539827355972,3.1925611197948456,4.185490310192108,0,130
candidate,20260729,1,3,34.0,1.0,1,0,0,0,0,0,0,0.0,68,2.5034026133225247,3.2244035974144936,6.224321201443672,0,136
candidate,20260729,2,3,-8.0,2.5,0,0,0,0,0,0,0,0.014705882352941176,68,2.3899974356241085,2.989885490387678,3.0965395271778107,0,136
candidate,20260729,3,3,0.0,2.5,0,0,0,0,0,1,1,0.011764705882352941,85,2.354543568456874,2.9279522597789764,2.9813721776008606,0,170
candidate,20260730,0,1,-17.0,4.0,0,0,1,9,0,0,0,0.047058823529411764,85,2.372653322184787,2.763354405760765,3.026038408279419,0,170
candidate,20260730,1,1,-8.0,2.5,0,0,0,0,0,0,0,0.03225806451612903,31,2.452850341796875,3.0121980234980583,4.527971148490906,0,62
candidate,20260730,2,1,-8.0,2.5,0,0,0,0,0,0,0,0.03225806451612903,31,2.4623776515645366,2.919284626841545,5.4776836186647415,0,62
candidate,20260730,3,1,33.0,1.0,1,0,0,0,0,0,0,0.03225806451612903,31,2.3612522429996923,2.9924800619482994,3.0200015753507614,0,62
candidate,20260731,0,2,51.0,1.0,1,1,0,0,0,0,0,0.01818181818181818,55,2.4573874405839224,3.0343621969223022,4.564492031931877,0,109
candidate,20260731,1,2,-8.0,2.5,0,0,0,0,0,0,0,0.0,51,2.556823084459585,3.458804450929165,3.954648971557617,0,102
candidate,20260731,2,2,-17.0,3.0,0,0,0,0,0,0,0,0.018518518518518517,54,2.428037666336254,3.149697743356228,3.1594932079315186,0,109
candidate,20260731,3,2,-8.0,2.5,0,0,0,0,0,0,0,0.022222222222222223,45,2.3409072723653583,2.8335068374872208,2.9599610716104507,0,90
candidate,20260732,0,1,38.0,1.0,1,0,0,0,0,0,0,0.07142857142857142,28,2.39426815616233,2.9448076151311398,3.014756366610527,0,56
candidate,20260732,1,1,-8.0,2.5,0,0,0,0,0,0,0,0.02,50,2.355421520769596,2.871499303728342,2.8777383267879486,0,100
candidate,20260732,2,1,-8.0,2.5,0,0,0,0,0,0,0,0.0,28,2.528740026588951,3.023671731352806,6.6421665251255035,0,56
candidate,20260732,3,1,-17.0,4.0,0,0,1,9,0,0,0,0.0,28,2.4855565279722214,3.097547870129347,5.352282896637917,0,56
candidate,20260733,0,1,-21.0,3.0,0,0,0,0,0,0,0,0.03076923076923077,65,2.431085075323398,2.945001795887947,3.7029441446065903,0,131
candidate,20260733,1,1,-8.0,2.5,0,0,0,0,0,0,0,0.030303030303030304,66,2.3454098934025476,2.7854791842401028,2.8642024844884872,0,132
candidate,20260733,2,1,63.0,1.0,1,1,0,0,0,0,0,0.015151515151515152,66,2.410896828003002,2.9544634744524956,5.56432269513607,0,131
candidate,20260733,3,1,-21.0,3.0,0,0,0,0,0,0,0,0.0,65,2.4224736942694736,3.082338348031044,4.118975251913071,0,131
candidate,20260734,0,0,-18.0,3.0,0,0,0,0,0,0,0,0.02666666666666667,75,2.4444356312354407,2.7987878769636154,6.448166444897652,0,151
candidate,20260734,1,0,-17.0,4.0,0,0,1,9,0,0,0,0.0,32,2.4140108725987375,3.038442227989435,3.0940715223550797,0,64
candidate,20260734,2,0,38.0,1.0,1,0,0,0,0,0,0,0.0,68,2.4508342201657154,3.128924034535885,6.825342774391174,0,136
candidate,20260734,3,0,54.0,1.0,1,1,0,0,0,0,0,0.013888888888888888,72,2.378339594643977,2.9529997147619724,4.918279126286507,0,143
candidate,20260735,0,3,-8.0,2.5,0,0,0,0,0,0,0,0.02127659574468085,47,2.5300894408149923,2.8609488159418106,7.173720747232437,0,94
candidate,20260735,1,3,36.0,1.0,1,0,0,0,0,0,0,0.0,52,2.416361983005817,3.144157398492098,3.3078528940677643,0,104
candidate,20260735,2,3,-8.0,2.5,0,0,0,0,0,0,0,0.0196078431372549,51,2.516290647726433,3.131129778921604,7.278254255652428,0,102
candidate,20260735,3,3,-21.0,4.0,0,0,1,13,0,0,0,0.0392156862745098,51,2.344111272809552,2.911083400249481,3.042282536625862,0,102
candidate,20260736,0,0,-28.0,4.0,0,0,1,20,0,0,0,0.08571428571428572,35,2.3912387767008374,2.7596538886427875,3.233902156352997,0,70
candidate,20260736,1,0,-8.0,2.5,0,0,0,0,0,0,0,0.02857142857142857,35,2.377742262823241,2.8361685574054714,3.0472036451101303,0,70
candidate,20260736,2,0,-8.0,2.5,0,0,0,0,0,0,0,0.0,19,2.4662756998288002,3.1380541622638667,4.7056544572114944,0,38
candidate,20260736,3,0,43.0,1.0,1,0,0,0,0,0,0,0.10526315789473684,19,2.4821007330166664,3.2463621348142566,5.758056417107582,0,38
candidate,20260737,0,0,-24.0,3.0,0,0,0,0,0,0,0,0.029411764705882353,34,2.415298155563719,2.8730567544698715,3.0168332159519196,0,69
candidate,20260737,1,0,-24.0,3.0,0,0,0,0,0,0,0,0.0,34,2.444252590922748,3.0549466609954834,3.102492541074753,0,69
candidate,20260737,2,0,34.0,1.0,1,0,0,0,0,0,0,0.0,34,2.5566204396240853,3.4338823519647117,5.576824769377708,0,68
candidate,20260737,3,0,-24.0,3.0,0,0,0,0,0,0,0,0.058823529411764705,34,2.3256670135785553,2.9257322661578655,2.945026382803917,0,69
candidate,20260738,0,0,75.0,1.0,1,1,0,0,0,0,0,0.0,64,2.501265291357413,2.997781801968813,5.512703210115433,0,129
candidate,20260738,1,0,-17.0,4.0,0,0,1,9,0,0,0,0.044444444444444446,45,2.441426200999154,3.028859198093414,3.92143614590168,0,90
candidate,20260738,2,0,-8.0,2.5,0,0,0,0,0,0,0,0.0,41,2.8031200806542143,3.8678720593452454,7.377780973911285,0,84
candidate,20260738,3,0,-8.0,2.5,0,0,0,0,0,0,0,0.07142857142857142,42,2.396987351988043,2.7102979831397533,5.022868514060974,0,84
candidate,20260739,0,0,-26.0,3.0,0,0,0,0,0,0,0,0.0,36,2.553978210522069,3.415520302951336,3.7302859127521515,0,73
candidate,20260739,1,0,-26.0,3.0,0,0,0,0,0,0,0,0.027777777777777776,36,2.400383146272765,2.919921651482582,3.0747633427381516,0,73
candidate,20260739,2,0,-26.0,3.0,0,0,0,0,0,0,0,0.0,36,2.51218443736434,3.2036975026130676,5.1573943346738815,0,73
candidate,20260739,3,0,78.0,1.0,1,1,0,0,0,0,0,0.08108108108108109,37,2.304851807452537,2.7078833431005473,2.966083586215973,0,73
candidate,20260740,0,1,-8.0,2.5,0,0,0,0,0,0,0,0.0,38,2.6463054022506665,3.439849894493818,5.601780489087105,0,76
candidate,20260740,1,1,-19.0,4.0,0,0,1,11,0,0,0,0.0,38,2.508519413439851,3.1439820304512978,6.744777783751488,0,76
candidate,20260740,2,1,-33.0,4.0,0,0,1,25,0,0,0,0.06,50,2.299746461212635,2.664867229759693,2.6878956705331802,0,100
candidate,20260740,3,1,-20.0,4.0,0,0,1,12,0,0,0,0.0,28,2.360955479421786,2.943415939807892,2.9937587678432465,0,56
candidate,20260741,0,1,-8.0,2.5,0,0,0,0,0,0,0,0.022727272727272728,44,2.427091695029627,2.8633364476263523,4.496745765209198,0,88
candidate,20260741,1,1,-8.0,2.5,0,0,0,0,0,0,0,0.045454545454545456,44,2.354318191382018,2.7877317741513252,2.9279645532369614,0,88
candidate,20260741,2,1,-19.0,4.0,0,0,1,11,0,0,0,0.0,45,2.460994447271029,3.036282956600189,5.329865962266922,0,90
candidate,20260741,3,1,35.0,1.0,1,0,0,0,0,0,0,0.045454545454545456,44,2.335131634026766,2.992901671677828,3.041008487343788,0,88
candidate,20260742,0,1,32.0,1.0,1,0,0,0,0,0,0,0.017857142857142856,56,2.4211434314825704,2.9849973507225513,3.052275627851486,0,112
candidate,20260742,1,1,-23.0,4.0,0,0,1,15,0,0,0,0.027777777777777776,72,2.4596917856898575,3.1438239850103855,3.3810697495937347,0,144
candidate,20260742,2,1,-8.0,2.5,0,0,0,0,0,0,0,0.0,44,2.434080805290829,3.0448617413640022,5.569875240325928,0,88
candidate,20260742,3,1,-8.0,2.5,0,0,0,0,0,0,0,0.046875,64,2.459472481859848,3.4732716158032377,5.847673863172531,0,128
candidate,20260743,0,3,-8.0,2.5,0,0,0,0,0,0,0,0.0,22,2.6267474855888975,2.970360405743122,6.962830200791359,0,44
candidate,20260743,1,3,-8.0,2.5,0,0,0,0,0,0,0,0.0,47,2.526603639125824,3.1202755868434906,6.074206903576851,0,94
candidate,20260743,2,3,0.0,2.5,0,0,0,0,0,1,0,0.011494252873563218,87,2.416813574816989,2.905171737074852,5.047250539064407,0,174
candidate,20260743,3,3,0.0,2.5,0,0,0,0,0,1,0,0.0,84,2.438229863487539,3.1443187966942787,4.0039606392383575,0,168
candidate,20260744,0,3,-16.0,3.0,0,0,0,0,0,0,0,0.020833333333333332,48,2.4573885214825473,2.8857513330876827,4.775155335664749,0,97
candidate,20260744,1,3,-18.0,3.0,0,0,0,0,0,0,0,0.0,47,2.436894011941362,2.895946055650711,5.1032304763793945,0,95
candidate,20260744,2,3,-18.0,3.0,0,0,0,0,0,0,0,0.0,49,2.4518367587303627,3.2017022371292114,3.298291936516762,0,99
candidate,20260744,3,3,-16.0,3.0,0,0,0,0,0,0,0,0.020833333333333332,48,2.4004239045704403,3.0693354085087776,3.1365249305963516,0,97
candidate,20260745,0,3,57.0,1.0,1,1,0,0,0,0,0,0.03125,64,2.4049115309026092,2.8836624696850777,3.3288225531578064,0,127
candidate,20260745,1,3,-19.0,3.0,0,0,0,0,0,0,0,0.047619047619047616,63,2.335365122509381,2.9015138745307922,2.9920991510152817,0,127
candidate,20260745,2,3,-8.0,2.5,0,0,0,0,0,0,0,0.046511627906976744,43,2.314500857231229,2.7646170929074287,2.8520002961158752,0,86
candidate,20260745,3,3,-19.0,3.0,0,0,0,0,0,0,0,0.015873015873015872,63,2.3901517842970197,2.9246192425489426,5.704715847969055,0,127
candidate,20260746,0,1,-8.0,2.5,0,0,0,0,0,0,0,0.0,26,2.4594314969502964,2.9964521527290344,3.012312576174736,0,52
candidate,20260746,1,1,-8.0,2.5,0,0,0,0,0,0,0,0.07692307692307693,26,2.381030899974016,2.9143299907445908,2.9235929250717163,0,52
candidate,20260746,2,1,43.0,1.0,1,0,0,0,0,0,0,0.07692307692307693,26,2.2957280564766664,2.7313856407999992,2.9421839863061905,0,52
candidate,20260746,3,1,-27.0,4.0,0,0,1,19,0,0,0,0.03333333333333333,30,2.4077653884887695,3.0981567688286304,3.1933747231960297,0,60
candidate,20260747,0,3,-8.0,2.5,0,0,0,0,0,0,0,0.015384615384615385,65,2.574240043759346,3.149118274450302,7.872527465224266,0,130
candidate,20260747,1,3,0.0,2.5,0,0,0,0,0,1,0,0.0,84,2.4611453215281167,3.0620230361819267,5.42064756155014,0,168
candidate,20260747,2,3,-20.0,4.0,0,0,1,12,0,0,0,0.0,65,2.3885739823946586,2.987945079803467,3.042176365852356,0,130
candidate,20260747,3,3,-20.0,4.0,0,0,1,12,0,0,0,0.03225806451612903,62,2.318912396027196,2.7431811206042767,2.846088260412216,0,124
candidate,20260748,0,2,48.0,1.0,1,1,0,0,0,0,0,0.06557377049180328,61,2.5189302739549855,3.0709095299243927,6.024455651640892,0,121
candidate,20260748,1,2,0.0,2.5,0,0,0,0,0,1,1,0.0,83,2.4586876697209945,3.180009312927723,3.3143237233161926,0,167
candidate,20260748,2,2,0.0,2.5,0,0,0,0,0,1,1,0.011904761904761904,84,2.5390167498872396,3.345403540879488,5.601659417152405,0,167
candidate,20260748,3,2,-17.0,4.0,0,0,1,9,0,0,0,0.0,60,2.3854540350536504,2.9355816543102264,3.036489710211754,0,121
candidate,20260749,0,3,32.0,1.0,1,0,0,0,0,0,0,0.01818181818181818,55,2.588904852216894,3.349263407289982,6.860533729195595,0,110
candidate,20260749,1,3,-24.0,4.0,0,0,1,16,0,0,0,0.0,26,2.4817796567311654,2.938362304121256,4.515873268246651,0,52
candidate,20260749,2,3,-8.0,2.5,0,0,0,0,0,0,0,0.0,34,2.3636116153177094,2.8947079554200172,2.92406789958477,0,68
candidate,20260749,3,3,-8.0,2.5,0,0,0,0,0,0,0,0.038461538461538464,26,2.3173367461332908,2.790802624076605,2.8938259929418564,0,52
candidate,20260750,0,3,32.0,1.0,1,0,0,0,0,0,0,0.014705882352941176,68,2.450648147393675,3.131003398448229,3.351014107465744,0,137
candidate,20260750,1,3,32.0,1.0,1,0,0,0,0,0,0,0.029411764705882353,34,2.5355520055574527,3.124301601201296,6.573392078280449,0,68
candidate,20260750,2,3,-8.0,2.5,0,0,0,0,0,0,0,0.058823529411764705,34,2.4383541415719425,3.087717574089765,3.3047907054424286,0,68
candidate,20260750,3,3,-8.0,2.5,0,0,0,0,0,0,0,0.058823529411764705,34,2.336210132960011,2.778526209294796,2.8928332030773163,0,68
candidate,20260751,0,0,0.0,2.5,0,0,0,0,0,1,1,0.03488372093023256,86,2.3900549858808517,2.8366162441670895,4.94462251663208,0,172
candidate,20260751,1,0,-22.0,3.0,0,0,0,0,0,0,0,0.03225806451612903,62,2.412425083739142,2.67541678622365,6.086871027946472,0,125
candidate,20260751,2,0,-8.0,2.5,0,0,0,0,0,0,0,0.0,38,2.353071823324028,2.962164580821991,3.016781061887741,0,76
candidate,20260751,3,0,-8.0,2.5,0,0,0,0,0,0,0,0.023255813953488372,43,2.373903686570567,2.895059250295162,3.5747457295656204,0,86
candidate,20260752,0,2,-8.0,2.5,0,0,0,0,0,0,0,0.02,50,2.527701035141945,3.1387380324304104,6.046876311302185,0,100
candidate,20260752,1,2,-8.0,2.5,0,0,0,0,0,0,0,0.022222222222222223,45,2.4919689115550785,3.1257737427949905,4.835024476051331,0,90
candidate,20260752,2,2,-32.0,3.0,0,0,0,0,0,0,0,0.0,58,2.4714548911513954,2.979808673262596,5.564175546169281,0,117
candidate,20260752,3,2,102.0,1.0,1,1,0,0,0,0,0,0.0,55,2.565699477087368,3.5594090819358817,4.7264136373996735,0,109
candidate,20260753,0,0,-8.0,2.5,0,0,0,0,0,0,0,0.0,66,2.543318903807438,3.3527654595673084,3.425983712077141,0,132
candidate,20260753,1,0,-20.0,4.0,0,0,1,12,0,0,0,0.0,58,2.4135146161605574,2.9790607281029224,2.9987506568431854,0,116
candidate,20260753,2,0,48.0,1.0,1,0,0,0,0,0,0,0.0,66,2.4083422101808316,2.9808026738464832,3.3804401755332947,0,132
candidate,20260753,3,0,-8.0,2.5,0,0,0,0,0,0,0,0.017241379310344827,58,2.362679561664318,2.9888284392654896,3.4914296120405197,0,116
candidate,20260754,0,1,-8.0,2.5,0,0,0,0,0,0,0,0.0,52,2.5246207817242694,2.932792529463768,4.609441384673119,0,104
candidate,20260754,1,1,-21.0,3.0,0,0,0,0,0,0,0,0.02040816326530612,49,2.3878709394104627,3.0922539532184596,3.2436680048704147,0,99
candidate,20260754,2,1,-41.0,3.0,0,0,0,0,0,0,0,0.01639344262295082,61,2.3456010967493057,2.8268471360206604,2.8970520943403244,0,123
candidate,20260754,3,1,37.0,1.0,1,0,0,0,0,0,0,0.019230769230769232,52,2.370573723545441,2.939049620181322,2.966472879052162,0,104
candidate,20260755,0,3,-19.0,4.0,0,0,1,11,0,0,0,0.022222222222222223,45,2.4099838816457324,2.894710749387741,2.980222925543785,0,90
candidate,20260755,1,3,-17.0,3.0,0,0,0,0,0,0,0,0.02564102564102564,39,2.4374530005913515,3.166412003338337,3.4102220088243484,0,79
candidate,20260755,2,3,-8.0,2.5,0,0,0,0,0,0,0,0.0,45,2.3507583886384964,2.9124166816473007,2.969907596707344,0,90
candidate,20260755,3,3,-8.0,2.5,0,0,0,0,0,0,0,0.044444444444444446,45,2.394915082388454,3.1841602176427837,3.318408504128456,0,90
candidate,20260756,0,1,-8.0,2.5,0,0,0,0,0,0,0,0.02857142857142857,35,2.363887056708336,2.6911908760666847,2.973061054944992,0,70
candidate,20260756,1,1,-8.0,2.5,0,0,0,0,0,0,0,0.03773584905660377,53,2.334136094124812,2.8341595083475113,2.9009636491537094,0,106
candidate,20260756,2,1,-8.0,2.5,0,0,0,0,0,0,0,0.0,53,2.4118281830594226,3.127090632915497,3.262002021074295,0,106
candidate,20260756,3,1,36.0,1.0,1,0,0,0,0,0,0,0.018867924528301886,53,2.387013497217646,3.0946101993322372,3.248210996389389,0,106
candidate,20260757,0,1,34.0,1.0,1,0,0,0,0,0,0,0.02702702702702703,37,2.4076321640530147,2.910388261079788,2.9253698885440826,0,74
candidate,20260757,1,1,-18.0,4.0,0,0,1,10,0,0,0,0.0,33,2.3943302644924684,2.942068874835968,2.967238426208496,0,66
candidate,20260757,2,1,-8.0,2.5,0,0,0,0,0,0,0,0.02702702702702703,37,2.320221851806383,2.7271535247564316,3.0164290219545364,0,74
candidate,20260757,3,1,-8.0,2.5,0,0,0,0,0,0,0,0.0,37,2.3399508382017546,2.9661037027835846,2.9954183846712112,0,74
candidate,20260758,0,0,-21.0,3.0,0,0,0,0,0,0,0,0.0,42,2.4910788717014447,3.146178461611271,3.3540092408657074,0,85
candidate,20260758,1,0,-21.0,3.0,0,0,0,0,0,0,0,0.0,42,2.4119011969083832,3.2271656207740302,3.2839737832546234,0,85
candidate,20260758,2,0,-21.0,3.0,0,0,0,0,0,0,0,0.07142857142857142,42,2.3212023966369175,2.723441179841757,2.848964184522629,0,85
candidate,20260758,3,0,63.0,1.0,1,1,0,0,0,0,0,0.0,43,2.427216056127881,3.188811242580414,3.24288010597229,0,85
candidate,20260759,0,3,-20.0,3.0,0,0,0,0,0,0,0,0.016129032258064516,62,2.3869354758531816,2.801242470741272,2.9560625553131104,0,125
candidate,20260759,1,3,-18.0,3.0,0,0,0,0,0,0,0,0.03125,64,2.3195309622678906,2.6974809356033798,2.711813896894455,0,129
candidate,20260759,2,3,48.0,1.0,1,1,0,0,0,0,0,0.0,55,2.3986521769653666,3.0906246975064278,3.13461571931839,0,109
candidate,20260759,3,3,-20.0,3.0,0,0,0,0,0,0,0,0.04838709677419355,62,2.309615663703411,2.8957005590200424,2.9711686074733734,0,125
candidate,20260760,0,2,-16.0,3.0,0,0,0,0,0,0,0,0.0,52,2.5656212909290423,3.422252461314201,3.7721525877714157,0,105
candidate,20260760,1,2,-16.0,3.0,0,0,0,0,0,0,0,0.037037037037037035,54,2.3484120352400675,2.870354987680912,2.926234155893326,0,109
candidate,20260760,2,2,32.0,1.0,1,0,0,0,0,0,0,0.041666666666666664,48,2.3415996693074703,2.8406270779669285,2.900775521993637,0,96
candidate,20260760,3,2,-16.0,3.0,0,0,0,0,0,0,0,0.0,52,2.371605234937026,2.9909975826740265,3.1046997755765915,0,105
candidate,20260761,0,3,-22.0,4.0,0,0,1,14,0,0,0,0.09375,32,2.3783069336786866,2.6772300712764263,2.9406994581222534,0,64
candidate,20260761,1,3,-20.0,4.0,0,0,1,12,0,0,0,0.0,73,2.484157400792592,3.217880055308341,3.4741368144750595,0,146
candidate,20260761,2,3,-8.0,2.5,0,0,0,0,0,0,0,0.0,68,2.481199554441606,3.3098463900387287,3.4193526953458786,0,136
candidate,20260761,3,3,52.0,1.0,1,0,0,0,0,0,0,0.0,77,2.3865212819405963,2.9887743294239044,3.1423047184944153,0,154
candidate,20260762,0,0,-8.0,2.5,0,0,0,0,0,0,0,0.0,59,2.5507407736475183,3.419499285519122,3.694456070661545,0,118
candidate,20260762,1,0,-8.0,2.5,0,0,0,0,0,0,0,0.024096385542168676,83,2.391608723674912,2.9185624793171874,5.348909646272659,0,166
candidate,20260762,2,0,-20.0,4.0,0,0,1,12,0,0,0,0.012658227848101266,79,2.412044148467764,3.0028283596038814,4.052026197314262,0,158
candidate,20260762,3,0,-17.0,4.0,0,0,1,9,0,0,0,0.02702702702702703,74,2.3458510184207477,2.848180569708347,3.024224191904068,0,148
candidate,20260763,0,1,-8.0,2.5,0,0,0,0,0,0,0,0.03225806451612903,31,2.3830758347626655,2.791241742670536,2.9374100267887115,0,62
candidate,20260763,1,1,-8.0,2.5,0,0,0,0,0,0,0,0.03225806451612903,31,2.3815910061520915,2.797233872115612,2.870185300707817,0,62
candidate,20260763,2,1,-20.0,4.0,0,0,1,12,0,0,0,0.0,31,2.423373621798331,3.009652718901634,3.827841952443123,0,62
candidate,20260763,3,1,35.0,1.0,1,0,0,0,0,0,0,0.04285714285714286,70,2.3194061858313426,2.7606998570263386,5.173033103346825,0,140
candidate,20260764,0,1,0.0,2.5,0,0,0,0,0,1,1,0.02247191011235955,89,2.3869270605317663,2.865523099899291,3.1023435294628143,0,178
candidate,20260764,1,1,-8.0,2.5,0,0,0,0,0,0,0,0.025,80,2.3204907309263945,2.6612771674990654,2.9005035758018494,0,160
candidate,20260764,2,1,-17.0,4.0,0,0,1,9,0,0,0,0.025,80,2.3829938378185034,3.0722422525286674,3.2309573143720627,0,160
candidate,20260764,3,1,33.0,1.0,1,0,0,0,0,0,0,0.0,80,2.4365506134927273,3.3092250116169453,3.6325976252555847,0,160
candidate,20260765,0,2,36.0,1.0,1,0,0,0,0,0,0,0.05,40,2.3773495573550463,2.91906651109457,2.9266607016324997,0,80
candidate,20260765,1,2,-8.0,2.5,0,0,0,0,0,0,0,0.025,40,2.369517693296075,2.903250604867935,2.9545333236455917,0,80
candidate,20260765,2,2,57.0,1.0,1,1,0,0,0,0,0,0.09090909090909091,44,2.292677167464386,2.8432914987206463,2.886524423956871,0,87
candidate,20260765,3,2,35.0,1.0,1,0,0,0,0,0,0,0.023809523809523808,42,2.4238901124114083,3.453460242599248,3.539271652698517,0,84
candidate,20260766,0,0,-39.0,3.0,0,0,0,0,0,0,0,0.0,35,2.415229646222932,2.9290271922945976,3.0040889978408813,0,71
candidate,20260766,1,0,-16.0,3.0,0,0,0,0,0,0,0,0.029411764705882353,68,2.324258552535492,2.7243737131357193,2.9751528054475784,0,137
candidate,20260766,2,0,-16.0,3.0,0,0,0,0,0,0,0,0.04411764705882353,68,2.321633893777342,2.783233765512705,2.9600895941257477,0,137
candidate,20260766,3,0,32.0,1.0,1,0,0,0,0,0,0,0.017543859649122806,57,2.3832081964141443,2.988637238740921,3.536505624651909,0,114
candidate,20260767,0,3,-8.0,2.5,0,0,0,0,0,0,0,0.027777777777777776,36,2.386895732747184,2.8047640807926655,2.987271174788475,0,72
candidate,20260767,1,3,-17.0,3.0,0,0,0,0,0,0,0,0.043478260869565216,46,2.3383632626222526,2.7376292273402214,2.8927624225616455,0,93
candidate,20260767,2,3,34.0,1.0,1,0,0,0,0,0,0,0.027777777777777776,36,2.379531661669413,3.0225939117372036,3.1924042850732803,0,72
candidate,20260767,3,3,-8.0,2.5,0,0,0,0,0,0,0,0.027777777777777776,36,2.330746501684189,2.924949862062931,3.0635762959718704,0,72
candidate,20260768,0,3,-22.0,3.0,0,0,0,0,0,0,0,0.016666666666666666,60,2.400861121714115,2.8920067474246025,3.0173659324645996,0,121
candidate,20260768,1,3,-18.0,3.0,0,0,0,0,0,0,0,0.03333333333333333,60,2.4057716131210327,2.8359920717775817,4.9661993980407715,0,121
candidate,20260768,2,3,54.0,1.0,1,1,0,0,0,0,0,0.03278688524590164,61,2.3499050284506846,2.9855407774448395,3.154117614030838,0,121
candidate,20260768,3,3,-18.0,3.0,0,0,0,0,0,0,0,0.05,60,2.299847143391768,2.775498293340206,2.9170047491788864,0,121
candidate,20260769,0,2,-8.0,2.5,0,0,0,0,0,0,0,0.0,58,2.528662632765441,3.4646654501557346,3.892291337251663,0,117
candidate,20260769,1,2,-8.0,2.5,0,0,0,0,0,0,0,0.0392156862745098,51,2.3908471213836298,2.8166426345705986,4.087377339601517,0,102
candidate,20260769,2,2,-8.0,2.5,0,0,0,0,0,0,0,0.016129032258064516,62,2.363716011806842,2.9370146803557873,3.008592873811722,0,124
candidate,20260769,3,2,-32.0,3.0,0,0,0,0,0,0,0,0.038461538461538464,78,2.3072824980586004,2.7425573207437974,3.062756732106209,0,157
candidate,20260770,0,2,32.0,1.0,1,0,0,0,0,0,0,0.016666666666666666,60,2.4411095306277275,2.9250720515847206,4.004264250397682,0,120
candidate,20260770,1,2,-8.0,2.5,0,0,0,0,0,0,0,0.016666666666666666,60,2.4487271904945374,3.1389989890158176,3.8046445697546005,0,120
candidate,20260770,2,2,-16.0,4.0,0,0,1,8,0,0,0,0.05,60,2.312852907925844,2.6912371627986427,2.8799399733543396,0,120
candidate,20260770,3,2,-8.0,2.5,0,0,0,0,0,0,0,0.03571428571428571,28,2.3349151680512086,2.8323489241302013,2.837127074599266,0,56
candidate,20260771,0,1,-20.0,3.0,0,0,0,0,0,0,0,0.03278688524590164,61,2.3980762076671005,2.92128324508667,2.9696188867092133,0,123
candidate,20260771,1,1,60.0,1.0,1,1,0,0,0,0,0,0.0,62,2.486680153637163,3.2859991304576397,4.927745088934898,0,123
candidate,20260771,2,1,-20.0,3.0,0,0,0,0,0,0,0,0.06557377049180328,61,2.3563594908499326,2.758704125881195,5.222184583544731,0,123
candidate,20260771,3,1,-34.0,4.0,0,0,1,26,0,0,0,0.05263157894736842,38,2.3463493899295202,2.9180916026234627,2.93157622218132,0,76
candidate,20260772,0,0,-19.0,4.0,0,0,1,11,0,0,0,0.0,25,2.4601084738969803,2.943369746208191,2.967383712530136,0,50
candidate,20260772,1,0,-8.0,2.5,0,0,0,0,0,0,0,0.0,25,2.4056199193000793,3.0033621937036514,3.032805398106575,0,50
candidate,20260772,2,0,34.0,1.0,1,0,0,0,0,0,0,0.02857142857142857,35,2.3278456713472093,2.8349893167614937,2.860531210899353,0,70
candidate,20260772,3,0,35.0,1.0,1,0,0,0,0,0,0,0.04,25,2.405928671360016,3.1984847038984294,3.2641589641571045,0,50
candidate,20260773,0,3,-18.0,4.0,0,0,1,10,0,0,0,0.023255813953488372,43,2.4756096563366956,3.0516939237713814,3.3428259193897247,0,86
candidate,20260773,1,3,-19.0,3.0,0,0,0,0,0,0,0,0.018518518518518517,54,2.3522125901999296,2.7893004938960075,2.8793010860681534,0,109
candidate,20260773,2,3,-25.0,4.0,0,0,1,17,0,0,0,0.0,49,2.438510597056272,3.309860453009605,3.627203404903412,0,98
candidate,20260773,3,3,-8.0,2.5,0,0,0,0,0,0,0,0.028985507246376812,69,2.3174215971991634,2.812112495303153,2.9612407088279724,0,138
candidate,20260774,0,0,-19.0,3.0,0,0,0,0,0,0,0,0.0,41,2.528819914271192,3.2130293548107147,3.308849409222603,0,83
candidate,20260774,1,0,-19.0,3.0,0,0,0,0,0,0,0,0.0,41,2.410281131543764,2.9851123690605164,3.013376146554947,0,83
candidate,20260774,2,0,-19.0,3.0,0,0,0,0,0,0,0,0.024390243902439025,41,2.3932523752857997,3.061031922698021,3.0895136296749115,0,83
candidate,20260774,3,0,38.0,1.0,1,0,0,0,0,0,0,0.10526315789473684,38,2.2600547557598665,2.6300104334950447,2.673311159014702,0,76
candidate,20260775,0,0,-18.0,4.0,0,0,1,10,0,0,0,0.04838709677419355,62,2.355828070111813,2.6887642219662666,2.9888954013586044,0,125
candidate,20260775,1,0,-16.0,4.0,0,0,1,8,0,0,0,0.06451612903225806,31,2.3752978492167687,2.8990674763917923,2.9532480984926224,0,62
candidate,20260775,2,0,34.0,1.0,1,0,0,0,0,0,0,0.023809523809523808,42,2.318048140122777,2.803000807762146,2.814868465065956,0,84
candidate,20260775,3,0,-8.0,2.5,0,0,0,0,0,0,0,0.04838709677419355,62,2.2814794473590387,2.665234450250864,2.878911793231964,0,125
candidate,20260776,0,2,-17.0,3.0,0,0,0,0,0,0,0,0.0,40,2.424256829544902,3.0390665866434574,3.132617101073265,0,81
candidate,20260776,1,2,-17.0,3.0,0,0,0,0,0,0,0,0.05,40,2.3378498386591673,2.8719916939735413,2.9180925339460373,0,81
candidate,20260776,2,2,-17.0,3.0,0,0,0,0,0,0,0,0.025,40,2.3881695233285427,3.007022477686405,3.045056015253067,0,81
candidate,20260776,3,2,-8.0,2.5,0,0,0,0,0,0,0,0.0,78,2.4465218138618345,3.283634688705206,3.405895084142685,0,157
candidate,20260777,0,0,-23.0,3.0,0,0,0,0,0,0,0,0.029411764705882353,68,2.4581032750361107,3.008373361080885,3.1162500381469727,0,137
candidate,20260777,1,0,72.0,1.0,1,1,0,0,0,0,0,0.0,71,2.55021033152728,3.4635988995432854,3.5943500697612762,0,141
candidate,20260777,2,0,52.0,1.0,1,0,0,0,0,0,0,0.02702702702702703,74,2.3307370626040407,2.794577647000551,3.057556226849556,0,148
candidate,20260777,3,0,33.0,1.0,1,0,0,0,0,0,0,0.0,55,2.4215044284408744,3.188476152718067,3.2968372106552124,0,110
candidate,20260778,0,2,50.0,1.0,1,0,0,0,0,0,0,0.08571428571428572,35,2.357599831053189,2.8335191309452057,2.904152497649193,0,70
candidate,20260778,1,2,0.0,2.5,0,0,0,0,0,1,0,0.011494252873563218,87,2.410868589562931,2.9591722413897514,4.266729578375816,0,175
candidate,20260778,2,2,-20.0,3.0,0,0,0,0,0,0,0,0.0,55,2.517454258420251,3.321112133562565,4.230920225381851,0,111
candidate,20260778,3,2,-8.0,2.5,0,0,0,0,0,0,0,0.0,55,2.4168401956558228,3.2717036083340645,3.3414848148822784,0,110
candidate,20260779,0,2,44.0,1.0,1,0,0,0,0,0,0,0.04,50,2.4247711151838303,2.951148897409439,2.967219799757004,0,100
candidate,20260779,1,2,36.0,1.0,1,0,0,0,0,0,0,0.0,52,2.4854858549168477,3.4282521344721313,3.6532245576381683,0,104
candidate,20260779,2,2,-30.0,4.0,0,0,1,22,0,0,0,0.03389830508474576,59,2.349518555200706,2.9147768393158913,2.976948395371437,0,118
candidate,20260779,3,2,-8.0,2.5,0,0,0,0,0,0,0,0.06779661016949153,59,2.3095613440214575,2.901156991720199,3.0387211591005325,0,118
candidate,20260780,0,3,-8.0,2.5,0,0,0,0,0,0,0,0.018518518518518517,54,2.4425983084020793,2.895447518676519,3.6625396460294724,0,108
candidate,20260780,1,3,35.0,1.0,1,0,0,0,0,0,0,0.038461538461538464,52,2.3846660669033346,2.924378216266632,2.9882360249757767,0,104
candidate,20260780,2,3,-8.0,2.5,0,0,0,0,0,0,0,0.05555555555555555,54,2.3598379834934518,2.9850763268768787,3.193747252225876,0,108
candidate,20260780,3,3,-8.0,2.5,0,0,0,0,0,0,0,0.016129032258064516,62,2.343928862002588,2.848451305180788,3.1698960810899734,0,124
candidate,20260781,0,2,32.0,1.0,1,0,0,0,0,0,0,0.04411764705882353,68,2.428260796210345,2.7967220172286034,5.489075556397438,0,136
candidate,20260781,1,2,-8.0,2.5,0,0,0,0,0,0,0,0.014492753623188406,69,2.3534464501384376,2.8210431337356563,2.8945282101631165,0,138
candidate,20260781,2,2,-8.0,2.5,0,0,0,0,0,0,0,0.047619047619047616,63,2.2890765279058427,2.7348846197128296,2.895848825573921,0,126
candidate,20260781,3,2,-8.0,2.5,0,0,0,0,0,0,0,0.03571428571428571,56,2.329337011490549,2.9340204782783985,3.012659028172493,0,112
candidate,20260782,0,1,0.0,2.5,0,0,0,0,0,1,1,0.033707865168539325,89,2.396544588080953,2.890424430370331,2.9337648302316666,0,178
candidate,20260782,1,1,38.0,1.0,1,0,0,0,0,0,0,0.0,48,2.452595547462503,3.2571797259151936,3.453204408288002,0,96
candidate,20260782,2,1,-8.0,2.5,0,0,0,0,0,0,0,0.0,48,2.364950099339088,2.9084984213113785,2.9760021716356277,0,96
candidate,20260782,3,1,-20.0,3.0,0,0,0,0,0,0,0,0.022222222222222223,45,2.3501758774121604,2.95395590364933,3.006439656019211,0,91
candidate,20260783,0,2,-16.0,4.0,0,0,1,8,0,0,0,0.022727272727272728,44,2.4351148696785625,3.031027503311634,3.128727898001671,0,88
candidate,20260783,1,2,32.0,1.0,1,0,0,0,0,0,0,0.06818181818181818,44,2.3240086368539115,2.8346563689410686,2.8678160160779953,0,88
candidate,20260783,2,2,-16.0,3.0,0,0,0,0,0,0,0,0.03225806451612903,62,2.376926732399771,3.0286334455013275,3.14323790371418,0,125
candidate,20260783,3,2,-16.0,4.0,0,0,1,8,0,0,0,0.0,55,2.45340842414986,3.3229634165763855,3.5135429352521896,0,110
candidate,20260784,0,1,-8.0,2.5,0,0,0,0,0,0,0,0.02857142857142857,35,2.441986490573202,2.9946859925985336,3.0300114303827286,0,70
candidate,20260784,1,1,-19.0,4.0,0,0,1,11,0,0,0,0.05,40,2.36141262575984,2.856623660773039,2.8694365173578262,0,80
candidate,20260784,2,1,-8.0,2.5,0,0,0,0,0,0,0,0.0,40,2.38937484100461,3.0602389946579933,3.15806083381176,0,80
candidate,20260784,3,1,35.0,1.0,1,0,0,0,0,0,0,0.0,40,2.394662471488118,3.2084438018500805,3.2311230897903442,0,80
candidate,20260785,0,0,0.0,2.5,0,0,0,0,0,1,1,0.0,82,2.52012660863196,3.308076225221157,3.669651225209236,0,164
candidate,20260785,1,0,-8.0,2.5,0,0,0,0,0,0,0,0.018518518518518517,54,2.3894050951909134,2.951968088746071,3.002334386110306,0,108
candidate,20260785,2,0,33.0,1.0,1,0,0,0,0,0,0,0.046875,64,2.3205252655316144,2.9255480505526066,3.0393656343221664,0,128
candidate,20260785,3,0,-22.0,3.0,0,0,0,0,0,0,0,0.0,76,2.404751770786549,3.0522518791258335,4.260886460542679,0,153
candidate,20260786,0,2,-8.0,2.5,0,0,0,0,0,0,0,0.0,79,2.630293204248706,3.501169010996818,5.421759560704231,0,158
candidate,20260786,1,2,33.0,1.0,1,0,0,0,0,0,0,0.03409090909090909,88,2.286422849548134,2.5931699201464644,3.070240840315819,0,176
candidate,20260786,2,2,96.0,1.0,1,1,0,0,0,0,0,0.025,80,2.319332817569375,2.7485912665724754,3.264455124735832,0,159
candidate,20260786,3,2,-20.0,3.0,0,0,0,0,0,0,0,0.029411764705882353,68,2.3095702259417843,2.7627295814454556,2.9792003333568573,0,137
candidate,20260787,0,0,35.0,1.0,1,0,0,0,0,0,0,0.0,44,2.551671329208396,3.342081233859062,3.9237048476934433,0,88
candidate,20260787,1,0,-8.0,2.5,0,0,0,0,0,0,0,0.043478260869565216,46,2.3530632581399833,2.7798875235021114,2.818208187818527,0,92
candidate,20260787,2,0,-31.0,3.0,0,0,0,0,0,0,0,0.07692307692307693,39,2.32216290747508,2.778489328920841,3.046741709113121,0,79
candidate,20260787,3,0,40.0,1.0,1,0,0,0,0,0,0,0.04081632653061224,49,2.3527390950796554,2.9966395348310466,3.1244978308677673,0,98
candidate,20260788,0,3,-8.0,2.5,0,0,0,0,0,0,0,0.03125,32,2.4536067503504455,3.0448813922703266,3.2816082239151,0,64
candidate,20260788,1,3,-19.0,4.0,0,0,1,11,0,0,0,0.0625,32,2.310154726728797,2.6688684709370136,3.5597048699855804,0,64
candidate,20260788,2,3,54.0,1.0,1,1,0,0,0,0,0,0.06060606060606061,33,2.2879530760374935,2.805257961153984,2.9450543224811554,0,65
candidate,20260788,3,3,-8.0,2.5,0,0,0,0,0,0,0,0.03125,32,2.3502587573602796,2.932263072580099,2.9636360704898834,0,64
candidate,20260789,0,2,-8.0,2.5,0,0,0,0,0,0,0,0.018518518518518517,54,2.4007129034510366,2.9968169517815113,3.2536648213863373,0,108
candidate,20260789,1,2,-8.0,2.5,0,0,0,0,0,0,0,0.017241379310344827,58,2.3435829528446854,2.9181325808167458,3.025943413376808,0,116
candidate,20260789,2,2,33.0,1.0,1,0,0,0,0,0,0,0.014705882352941176,68,2.32789566849961,2.9273621737957,3.038175404071808,0,136
candidate,20260789,3,2,-17.0,4.0,0,0,1,9,0,0,0,0.034482758620689655,58,2.3224180371596894,2.89501566439867,3.0483007431030273,0,116
candidate,20260790,0,1,-8.0,2.5,0,0,0,0,0,0,0,0.02127659574468085,47,2.3773198432110725,2.8636865317821503,2.939855679869652,0,94
candidate,20260790,1,1,108.0,1.0,1,1,0,0,0,0,0,0.030303030303030304,66,2.339550576200991,3.0114674009382725,3.3227521926164627,0,131
candidate,20260790,2,1,-18.0,4.0,0,0,1,10,0,0,0,0.02127659574468085,47,2.398548885545832,3.152938559651375,3.247331827878952,0,94
candidate,20260790,3,1,-28.0,3.0,0,0,0,0,0,0,0,0.017241379310344827,58,2.389790008551088,3.101986926048994,3.162950277328491,0,117
candidate,20260791,0,1,-8.0,2.5,0,0,0,0,0,0,0,0.0,73,2.4635758863328254,3.2202634960412975,3.38754802942276,0,147
candidate,20260791,1,1,-20.0,4.0,0,0,1,12,0,0,0,0.0,73,2.4797051685721905,3.288460895419121,3.537684679031372,0,147
candidate,20260791,2,1,10.0,2.0,0,0,0,0,0,0,0,0.0,52,2.333509592482677,2.9280265793204308,2.963680773973465,1,105
candidate,20260791,3,1,-8.0,2.5,0,0,0,0,0,0,0,0.017857142857142856,56,2.2976364541266645,2.7720811776816845,2.8575118631124496,0,112
candidate,20260792,0,0,34.0,1.0,1,0,0,0,0,0,0,0.03125,32,2.462582488078624,3.0981739051640034,3.1208880245685577,0,64
candidate,20260792,1,0,-27.0,4.0,0,0,1,19,0,0,0,0.045454545454545456,44,2.325937321240252,2.854864578694105,2.9146652668714523,0,88
candidate,20260792,2,0,-18.0,3.0,0,0,0,0,0,0,0,0.04081632653061224,49,2.272980743829085,2.716181054711342,2.744494006037712,0,99
candidate,20260792,3,0,-8.0,2.5,0,0,0,0,0,0,0,0.09375,32,2.2725093294866383,2.710496075451374,2.9036831110715866,0,64
candidate,20260793,0,1,36.0,1.0,1,0,0,0,0,0,0,0.03571428571428571,56,2.3646228281514987,2.9165619052946568,2.9553137719631195,0,112
candidate,20260793,1,1,-23.0,3.0,0,0,0,0,0,0,0,0.03333333333333333,60,2.298069093376398,2.70793242380023,2.883942797780037,0,121
candidate,20260793,2,1,72.0,1.0,1,1,0,0,0,0,0,0.0196078431372549,51,2.2993292659521103,2.780047245323658,2.892974764108658,0,101
candidate,20260793,3,1,-23.0,3.0,0,0,0,0,0,0,0,0.016666666666666666,60,2.412902098149061,3.2127118669450283,3.520207479596138,0,121
candidate,20260794,0,2,-23.0,4.0,0,0,1,15,0,0,0,0.025,40,2.3751861415803432,2.877407055348158,2.933090552687645,0,80
candidate,20260794,1,2,38.0,1.0,1,0,0,0,0,0,0,0.1,20,2.331531886011362,2.916298061609268,2.9373764991760254,0,40
candidate,20260794,2,2,-22.0,4.0,0,0,1,14,0,0,0,0.0,19,2.404918894171715,3.0664363875985146,3.0763354152441025,0,38
candidate,20260794,3,2,-8.0,2.5,0,0,0,0,0,0,0,0.05555555555555555,18,2.274093632068899,2.7476596646010876,2.7976855635643005,0,36
candidate,20260795,0,3,40.0,1.0,1,0,0,0,0,0,0,0.0,24,2.3744944483041763,2.8868969529867172,2.89221853017807,0,48
candidate,20260795,1,3,-8.0,2.5,0,0,0,0,0,0,0,0.08333333333333333,24,2.323990765338143,2.880288101732731,2.8984304517507553,0,48
candidate,20260795,2,3,-8.0,2.5,0,0,0,0,0,0,0,0.0,24,2.3769206988314786,3.014976903796196,3.0415039509534836,0,48
candidate,20260795,3,3,-24.0,4.0,0,0,1,16,0,0,0,0.0,24,2.3275085259228945,2.8843190521001816,2.9247794300317764,0,48
candidate,20260796,0,0,-16.0,4.0,0,0,1,8,0,0,0,0.027777777777777776,36,2.3533953871164055,2.749399747699499,2.8798114508390427,0,72
candidate,20260796,1,0,-8.0,2.5,0,0,0,0,0,0,0,0.0,36,2.3543831064469285,2.9506366699934006,2.9725395143032074,0,72
candidate,20260796,2,0,34.0,1.0,1,0,0,0,0,0,0,0.024390243902439025,82,2.291344128912542,2.732978481799364,2.932874485850334,0,164
candidate,20260796,3,0,-8.0,2.5,0,0,0,0,0,0,0,0.0,36,2.2979296950830355,2.8537316247820854,2.870578318834305,0,72
candidate,20260797,0,0,-16.0,3.0,0,0,0,0,0,0,0,0.047619047619047616,42,2.387536024408681,2.9561403207480907,2.9753223061561584,0,85
candidate,20260797,1,0,48.0,1.0,1,1,0,0,0,0,0,0.0,43,2.4017860549826953,3.2020410522818565,3.4670960158109665,0,85
candidate,20260797,2,0,57.0,1.0,1,1,0,0,0,0,0,0.08333333333333333,36,2.2936887625190945,2.8658853843808174,2.9110871255397797,0,71
candidate,20260797,3,0,-16.0,3.0,0,0,0,0,0,0,0,0.07142857142857142,42,2.2932894173122587,2.8542496263980865,2.925630658864975,0,85
candidate,20260798,0,1,-16.0,4.0,0,0,1,8,0,0,0,0.0,17,2.4143461795414196,2.906709909439087,2.911582589149475,0,34
candidate,20260798,1,1,34.0,1.0,1,0,0,0,0,0,0,0.023809523809523808,42,2.356314721206824,3.0273213051259513,3.0803363770246506,0,84
candidate,20260798,2,1,-8.0,2.5,0,0,0,0,0,0,0,0.0,42,2.3851365383182253,3.110517561435699,3.278791904449463,0,84
candidate,20260798,3,1,-18.0,4.0,0,0,1,10,0,0,0,0.07317073170731707,41,2.261385457908235,2.6430338621139526,2.8460919857025146,0,82
candidate,20260799,0,0,-8.0,2.5,0,0,0,0,0,0,0,0.0,40,2.4989741388708353,3.4193660132586947,3.772718831896782,0,80
candidate,20260799,1,0,-8.0,2.5,0,0,0,0,0,0,0,0.03333333333333333,60,2.3066644867261252,2.742164582014084,2.905983477830887,0,120
candidate,20260799,2,0,-8.0,2.5,0,0,0,0,0,0,0,0.023809523809523808,42,2.3534706838074184,3.046777192503214,3.1794197857379913,0,84
candidate,20260799,3,0,-8.0,2.5,0,0,0,0,0,0,0,0.025,40,2.3406600579619408,2.8980419039726257,3.1410641968250275,0,80
candidate,20260800,0,3,0.0,2.5,0,0,0,0,0,1,0,0.011627906976744186,86,2.4366155916521715,2.9430603608489037,3.9654821157455444,0,172
candidate,20260800,1,3,51.0,1.0,1,1,0,0,0,0,0,0.045454545454545456,44,2.322579353031787,2.8668454848229885,2.9162243008613586,0,87
candidate,20260800,2,3,0.0,2.5,0,0,0,0,0,1,0,0.0,84,2.3403396563870564,2.982114814221859,3.0429475009441376,0,169
candidate,20260800,3,3,-17.0,3.0,0,0,0,0,0,0,0,0.046511627906976744,43,2.2887851783009463,2.926401048898697,2.966703847050667,0,87
candidate,20260801,0,2,-8.0,2.5,0,0,0,0,0,0,0,0.0,62,2.4104925293114876,2.9774188064038754,3.100357949733734,0,124
candidate,20260801,1,2,0.0,2.5,0,0,0,0,0,1,1,0.022727272727272728,88,2.343996808948842,2.911614626646042,3.0177664011716843,0,176
candidate,20260801,2,2,-24.0,4.0,0,0,1,16,0,0,0,0.03614457831325301,83,2.2828031376183753,2.7768442407250404,2.88286991417408,0,166
candidate,20260801,3,2,36.0,1.0,1,0,0,0,0,0,0,0.037037037037037035,54,2.268448609996725,2.6690238155424595,2.9081907123327255,0,108
candidate,20260802,0,3,-8.0,2.5,0,0,0,0,0,0,0,0.029411764705882353,34,2.3704716826186463,2.8357819654047485,2.9860492795705795,0,68
candidate,20260802,1,3,-20.0,4.0,0,0,1,12,0,0,0,0.029411764705882353,34,2.366900772732847,2.974788472056389,3.148876130580902,0,68
candidate,20260802,2,3,36.0,1.0,1,0,0,0,0,0,0,0.029411764705882353,34,2.2849049967001465,2.7859418652951717,2.8729811310768127,0,68
candidate,20260802,3,3,-8.0,2.5,0,0,0,0,0,0,0,0.058823529411764705,34,2.2988277213538395,2.9214130714535713,3.002617508172989,0,68
candidate,20260803,0,1,-8.0,2.5,0,0,0,0,0,0,0,0.022222222222222223,45,2.357249127493964,2.7890682220458984,2.8859637677669525,0,90
candidate,20260803,1,1,32.0,1.0,1,0,0,0,0,0,0,0.0,66,2.4489250429200404,3.2503120601177216,3.5446584224700928,0,132
candidate,20260803,2,1,34.0,1.0,1,0,0,0,0,0,0,0.022222222222222223,45,2.340315572089619,2.9788020998239517,3.1503383070230484,0,90
candidate,20260803,3,1,36.0,1.0,1,0,0,0,0,0,0,0.04225352112676056,71,2.2827137891255633,2.704668790102005,2.930212765932083,0,142
candidate,20260804,0,1,57.0,1.0,1,1,0,0,0,0,0,0.0196078431372549,51,2.3731437749138067,2.8809159994125366,2.9425397515296936,0,101
candidate,20260804,1,1,-19.0,3.0,0,0,0,0,0,0,0,0.058823529411764705,51,2.3166389734137294,2.8776414692401886,2.887660637497902,0,103
candidate,20260804,2,1,-21.0,3.0,0,0,0,0,0,0,0,0.05084745762711865,59,2.25230214833203,2.5900561362504955,2.8721392154693604,0,119
candidate,20260804,3,1,-8.0,2.5,0,0,0,0,0,0,0,0.0,34,2.4076380821711876,3.1862383708357807,3.42538021504879,0,68
candidate,20260805,0,2,-8.0,2.5,0,0,0,0,0,0,0,0.018867924528301886,53,2.378888111912979,2.869804948568344,2.8887372463941574,0,106
candidate,20260805,1,2,35.0,1.0,1,0,0,0,0,0,0,0.03773584905660377,53,2.35449824974222,2.9586322605609894,2.9778648167848587,0,106
candidate,20260805,2,2,-8.0,2.5,0,0,0,0,0,0,0,0.0,54,2.3801250521231583,3.0593478120863433,3.3156517893075943,0,108
candidate,20260805,3,2,-8.0,2.5,0,0,0,0,0,0,0,0.0,53,2.4302688620562822,3.180132806301117,3.4423619508743286,0,106
candidate,20260806,0,0,-17.0,3.0,0,0,0,0,0,0,0,0.014925373134328358,67,2.4078081348049105,2.9260363429784775,3.6722347140312195,0,135
candidate,20260806,1,0,-18.0,4.0,0,0,1,10,0,0,0,0.0,74,2.532722906687775,3.4567694179713726,6.99712336063385,0,148
candidate,20260806,2,0,-8.0,2.5,0,0,0,0,0,0,0,0.0,60,2.4118590789536634,3.1888780184090133,3.32033634185791,0,120
candidate,20260806,3,0,45.0,1.0,1,0,0,0,0,0,0,0.014492753623188406,69,2.400770486480948,3.26489545404911,3.6987755447626114,0,138
candidate,20260807,0,1,-16.0,4.0,0,0,1,8,0,0,0,0.0,64,2.409708919003606,2.993065770715475,3.1112581491470337,0,128
candidate,20260807,1,1,0.0,2.5,0,0,0,0,0,1,1,0.023255813953488372,86,2.3367509765680445,2.730452921241522,5.740052089095116,0,172
candidate,20260807,2,1,36.0,1.0,1,0,0,0,0,0,0,0.020833333333333332,48,2.337930918050309,2.9727197252213955,3.016021102666855,0,96
candidate,20260807,3,1,-17.0,4.0,0,0,1,9,0,0,0,0.038461538461538464,52,2.3161593394783826,2.836005482822656,3.4501496702432632,0,104
candidate,20260808,0,3,-18.0,3.0,0,0,0,0,0,0,0,0.0,38,2.475275020850332,3.2191560603678226,3.286592662334442,0,77
candidate,20260808,1,3,-18.0,3.0,0,0,0,0,0,0,0,0.0,38,2.509277166896745,3.4331063739955425,3.5749971866607666,0,77
candidate,20260808,2,3,-24.0,4.0,0,0,1,16,0,0,0,0.022727272727272728,44,2.35706368799914,2.9431845061481,3.0292440205812454,0,87
candidate,20260808,3,3,-18.0,3.0,0,0,0,0,0,0,0,0.0,38,2.414311919557421,3.0577193014323703,4.747284576296806,0,77
candidate,20260809,0,0,-8.0,2.5,0,0,0,0,0,0,0,0.0,27,2.5385887258582644,3.09835746884346,5.3656622767448425,0,54
candidate,20260809,1,0,33.0,1.0,1,0,0,0,0,0,0,0.07407407407407407,27,2.3463704381827957,2.986772544682026,3.0401144176721573,0,54
candidate,20260809,2,0,-17.0,4.0,0,0,1,9,0,0,0,0.07407407407407407,27,2.3512329768251488,2.8670813888311386,2.8909146785736084,0,54
candidate,20260809,3,0,-8.0,2.5,0,0,0,0,0,0,0,0.037037037037037035,27,2.2967188032688917,2.8440676629543304,2.9055699706077576,0,54
candidate,20260810,0,0,60.0,1.0,1,1,0,0,0,0,0,0.05405405405405406,37,2.4056056564724124,2.977718040347099,4.550619050860405,0,73
candidate,20260810,1,0,-20.0,3.0,0,0,0,0,0,0,0,0.0,36,2.345961777286397,2.8881998732686043,2.9050372540950775,0,73
candidate,20260810,2,0,-20.0,3.0,0,0,0,0,0,0,0,0.0,36,2.405085497432285,2.9235007241368294,5.395278334617615,0,73
candidate,20260810,3,0,-20.0,3.0,0,0,0,0,0,0,0,0.027777777777777776,36,2.3453509848978786,2.9524904675781727,2.9947273433208466,0,73
candidate,20260811,0,2,57.0,1.0,1,1,0,0,0,0,0,0.05263157894736842,38,2.3191985919287332,2.668664511293173,2.898942679166794,0,75
candidate,20260811,1,2,-19.0,3.0,0,0,0,0,0,0,0,0.0,37,2.4635604507214315,3.1191252171993256,4.40455786883831,0,75
candidate,20260811,2,2,-19.0,3.0,0,0,0,0,0,0,0,0.0,37,2.375424008917164,3.045414015650749,3.0531715601682663,0,75
candidate,20260811,3,2,-19.0,3.0,0,0,0,0,0,0,0,0.0,37,2.359294659785322,3.0938383191823955,3.436220809817314,0,75
candidate,20260812,0,2,-8.0,2.5,0,0,0,0,0,0,0,0.02564102564102564,78,2.41159418454537,2.910900302231312,5.156081169843674,0,156
candidate,20260812,1,2,-8.0,2.5,0,0,0,0,0,0,0,0.057692307692307696,52,2.304750852859937,2.7129183523356915,2.804206684231758,0,104
candidate,20260812,2,2,-8.0,2.5,0,0,0,0,0,0,0,0.01639344262295082,61,2.314505854346713,2.9091723263263702,2.935882657766342,0,122
candidate,20260812,3,2,33.0,1.0,1,0,0,0,0,0,0,0.0392156862745098,51,2.482157894501499,3.4683719277381897,5.263270810246468,0,102
candidate,20260813,0,2,-16.0,3.0,0,0,0,0,0,0,0,0.037037037037037035,27,2.4166632857587604,2.9286466538906097,2.993503585457802,0,55
candidate,20260813,1,2,48.0,1.0,1,1,0,0,0,0,0,0.0,28,2.457032978002514,3.384080529212951,3.4668277949094772,0,55
candidate,20260813,2,2,-16.0,3.0,0,0,0,0,0,0,0,0.0,27,2.321679559018877,2.9280059039592743,2.947568893432617,0,55
candidate,20260813,3,2,-16.0,3.0,0,0,0,0,0,0,0,0.0,27,2.337336540222168,2.986472100019455,3.0981525778770447,0,55
candidate,20260814,0,2,-31.0,4.0,0,0,1,23,0,0,0,0.0,80,2.5087119778618217,3.226647526025772,5.210611969232559,0,160
candidate,20260814,1,2,0.0,2.5,0,0,0,0,0,1,1,0.0,83,2.510571089315127,3.5192063078284264,3.8458164781332016,0,166
candidate,20260814,2,2,0.0,2.5,0,0,0,0,0,1,1,0.012048192771084338,83,2.3522272212318627,2.92684156447649,3.2278336584568024,0,166
candidate,20260814,3,2,0.0,2.5,0,0,0,0,0,1,1,0.023529411764705882,85,2.293296421275419,2.701384574174881,2.8262604027986526,0,170
candidate,20260815,0,0,-18.0,3.0,0,0,0,0,0,0,0,0.0,30,2.3751853654781976,2.8603107668459415,2.9202979058027267,0,61
candidate,20260815,1,0,33.0,1.0,1,0,0,0,0,0,0,0.02702702702702703,74,2.326676168957272,2.747314143925905,4.0366072207689285,0,148
candidate,20260815,2,0,54.0,1.0,1,1,0,0,0,0,0,0.06451612903225806,31,2.3588600057748055,2.948700450360775,3.838939592242241,0,61
candidate,20260815,3,0,-18.0,3.0,0,0,0,0,0,0,0,0.0,30,2.401771085957686,3.0127031728625298,3.73191200196743,0,61
candidate,20260816,0,2,-18.0,3.0,0,0,0,0,0,0,0,0.05405405405405406,37,2.3241289765448183,2.6546157896518707,2.8695575892925262,0,75
candidate,20260816,1,2,-17.0,3.0,0,0,0,0,0,0,0,0.0,58,2.4195087688236403,3.0337109230458736,3.3640582114458084,0,117
candidate,20260816,2,2,54.0,1.0,1,1,0,0,0,0,0,0.01694915254237288,59,2.3231344392239035,2.8734074905514717,2.9570739716291428,0,117
candidate,20260816,3,2,-17.0,3.0,0,0,0,0,0,0,0,0.034482758620689655,58,2.3016151811542183,2.8674361295998096,2.9055550694465637,0,117
candidate,20260817,0,0,33.0,1.0,1,0,0,0,0,0,0,0.058823529411764705,34,2.442459959317656,3.0605316162109375,3.1169969588518143,0,68
candidate,20260817,1,0,-8.0,2.5,0,0,0,0,0,0,0,0.0,34,2.466716036638793,3.0954173766076565,3.734549507498741,0,68
candidate,20260817,2,0,-8.0,2.5,0,0,0,0,0,0,0,0.0,36,2.3747396448420153,3.026715014129877,3.130091354250908,0,72
candidate,20260817,3,0,-17.0,4.0,0,0,1,9,0,0,0,0.0,34,2.3940564954982086,3.165642824023962,3.1702667474746704,0,68
candidate,20260818,0,3,-33.0,3.0,0,0,0,0,0,0,0,0.0,36,2.6317797083821564,3.6228601820766926,5.1366593688726425,0,73
candidate,20260818,1,3,99.0,1.0,1,1,0,0,0,0,0,0.0,37,2.3325582009715005,2.8793781995773315,2.884574234485626,0,73
candidate,20260818,2,3,-33.0,3.0,0,0,0,0,0,0,0,0.027777777777777776,36,2.322471079727014,2.8511984273791313,3.05168516933918,0,73
candidate,20260818,3,3,-33.0,3.0,0,0,0,0,0,0,0,0.027777777777777776,36,2.3384280502796173,3.004309255629778,3.035459667444229,0,73
candidate,20260819,0,3,-8.0,2.5,0,0,0,0,0,0,0,0.028169014084507043,71,2.4092687739872596,2.902996726334095,4.786498844623566,0,142
candidate,20260819,1,3,34.0,1.0,1,0,0,0,0,0,0,0.0273972602739726,73,2.360064638395832,2.880333364009857,3.0629802495241165,0,146
candidate,20260819,2,3,-20.0,4.0,0,0,1,12,0,0,0,0.0,71,2.327586511071299,2.9458608478307724,3.073824569582939,0,142
candidate,20260819,3,3,-20.0,4.0,0,0,1,12,0,0,0,0.0,68,2.3802444338798523,3.153047524392605,3.2725930213928223,0,136
candidate,20260820,0,3,-19.0,3.0,0,0,0,0,0,0,0,0.018518518518518517,54,2.4344464763998985,3.06150009855628,3.9520878344774246,0,110
candidate,20260820,1,3,-8.0,2.5,0,0,0,0,0,0,0,0.04,25,2.3870713263750076,2.8212353587150574,3.8257986307144165,0,50
candidate,20260820,2,3,-18.0,4.0,0,0,1,10,0,0,0,0.0,36,2.4274648684594364,3.0705570243299007,4.499612376093864,0,72
candidate,20260820,3,3,-8.0,2.5,0,0,0,0,0,0,0,0.05660377358490566,53,2.2644789994887584,2.6704203337430954,2.841876819729805,0,105
candidate,20260821,0,0,-19.0,3.0,0,0,0,0,0,0,0,0.0,29,2.4356100836704515,3.002883493900299,3.5652518272399902,0,59
candidate,20260821,1,0,57.0,1.0,1,1,0,0,0,0,0,0.06666666666666667,30,2.3013025522232056,2.874407544732094,2.941720187664032,0,59
candidate,20260821,2,0,-19.0,3.0,0,0,0,0,0,0,0,0.06896551724137931,29,2.3347238913692276,2.8719909489154816,3.447428345680237,0,59
candidate,20260821,3,0,-19.0,3.0,0,0,0,0,0,0,0,0.034482758620689655,29,2.3649357387731813,2.9096901416778564,4.191631451249123,0,59
candidate,20260822,0,0,42.0,1.0,1,0,0,0,0,0,0,0.0,56,2.496512407170875,3.120122477412224,3.606371581554413,0,112
candidate,20260822,1,0,-19.0,4.0,0,0,1,11,0,0,0,0.0,57,2.3917789783394126,3.026561811566353,3.1343623995780945,0,114
candidate,20260822,2,0,-8.0,2.5,0,0,0,0,0,0,0,0.0,56,2.4961313964532956,3.2805167138576508,4.582365974783897,0,112
candidate,20260822,3,0,-21.0,4.0,0,0,1,13,0,0,0,0.03636363636363636,55,2.2832553495060313,2.7951693162322044,2.8490573167800903,0,110
candidate,20260823,0,1,-8.0,2.5,0,0,0,0,0,0,0,0.0,38,2.4347003843439254,2.971687540411949,3.6758296191692352,0,76
candidate,20260823,1,1,-8.0,2.5,0,0,0,0,0,0,0,0.0,43,2.370186150074005,3.021707758307457,3.087906166911125,0,86
candidate,20260823,2,1,-8.0,2.5,0,0,0,0,0,0,0,0.02631578947368421,38,2.318631563531725,2.9320609755814075,2.9693562537431717,0,76
candidate,20260823,3,1,44.0,1.0,1,0,0,0,0,0,0,0.02127659574468085,47,2.3501621598893023,3.006566874682903,3.345794975757599,0,94
candidate,20260824,0,3,-24.0,3.0,0,0,0,0,0,0,0,0.0,52,2.4526055830602465,2.954856213182211,4.401026293635368,0,105
candidate,20260824,1,3,-24.0,3.0,0,0,0,0,0,0,0,0.0,52,2.3587200647363296,2.9469589702785015,2.9906947165727615,0,105
candidate,20260824,2,3,72.0,1.0,1,1,0,0,0,0,0,0.05660377358490566,53,2.281857338154091,2.661731094121933,3.7262514233589172,0,105
candidate,20260824,3,3,-24.0,3.0,0,0,0,0,0,0,0,0.0,52,2.423902006390003,3.003481589257717,5.421778187155724,0,105
candidate,20260825,0,3,-19.0,3.0,0,0,0,0,0,0,0,0.0,44,2.4592290124432608,3.040307480841875,3.9131399244070053,0,89
candidate,20260825,1,3,-23.0,3.0,0,0,0,0,0,0,0,0.022727272727272728,44,2.3389593698084354,2.8339234180748463,2.917097881436348,0,89
candidate,20260825,2,3,0.0,2.5,0,0,0,0,0,1,1,0.012048192771084338,83,2.39555775580636,2.989674359560013,4.2452458292245865,0,166
candidate,20260825,3,3,-27.0,4.0,0,0,1,19,0,0,0,0.0,73,2.3973441287262798,3.171080350875854,4.781557247042656,0,146
candidate,20260826,0,3,-8.0,2.5,0,0,0,0,0,0,0,0.0,38,2.553943887745079,3.2440495677292343,4.879996180534363,0,76
candidate,20260826,1,3,-32.0,4.0,0,0,1,24,0,0,0,0.047619047619047616,42,2.376193757213297,2.9202177189290524,3.4442488104104996,0,84
candidate,20260826,2,3,-8.0,2.5,0,0,0,0,0,0,0,0.0,38,2.4125338286945692,3.2194234430789948,3.5537295043468475,0,76
candidate,20260826,3,3,-30.0,4.0,0,0,1,22,0,0,0,0.0,36,2.3698990957604513,2.961560618132353,3.0510593205690384,0,72
candidate,20260827,0,2,-21.0,3.0,0,0,0,0,0,0,0,0.0,43,2.4563999803260317,3.002508170902729,3.2912585884332657,0,87
candidate,20260827,1,2,60.0,1.0,1,1,0,0,0,0,0,0.022727272727272728,44,2.3726936091076243,2.955766022205353,3.6563891917467117,0,87
candidate,20260827,2,2,48.0,1.0,1,1,0,0,0,0,0,0.0,25,2.3643169552087784,3.0704613775014877,3.125058487057686,0,49
candidate,20260827,3,2,-21.0,3.0,0,0,0,0,0,0,0,0.023255813953488372,43,2.360381835768389,2.8704609721899033,4.691790789365768,0,87
candidate,20260828,0,1,-8.0,2.5,0,0,0,0,0,0,0,0.029850746268656716,67,2.3860506602187654,2.7952633798122406,3.4686680883169174,0,134
candidate,20260828,1,1,35.0,1.0,1,0,0,0,0,0,0,0.05555555555555555,72,2.26048587097062,2.54249544814229,2.8340332210063934,0,144
candidate,20260828,2,1,-8.0,2.5,0,0,0,0,0,0,0,0.0,71,2.4945437908172607,3.468543291091919,3.7194322794675827,0,142
candidate,20260828,3,1,-23.0,4.0,0,0,1,15,0,0,0,0.028169014084507043,71,2.2994104877743924,2.7758684009313583,2.8685778379440308,0,142
candidate,20260829,0,1,-8.0,2.5,0,0,0,0,0,0,0,0.0625,32,2.3574866354465485,2.8713387437164783,2.9411446303129196,0,64
candidate,20260829,1,1,-8.0,2.5,0,0,0,0,0,0,0,0.06060606060606061,33,2.2869045197060616,2.6892900466918945,2.807924523949623,0,66
candidate,20260829,2,1,44.0,1.0,1,0,0,0,0,0,0,0.03125,32,2.3282114998437464,2.868292201310396,2.918113023042679,0,64
candidate,20260829,3,1,-28.0,4.0,0,0,1,20,0,0,0,0.03125,32,2.322058950085193,2.9198368079960346,2.9744450002908707,0,64
candidate,20260830,0,2,-21.0,4.0,0,0,1,13,0,0,0,0.0,64,2.393611561274156,2.9389058239758015,2.998577430844307,0,128
candidate,20260830,1,2,35.0,1.0,1,0,0,0,0,0,0,0.0,68,2.5883273988523903,3.6849028430879116,3.976825624704361,0,136
candidate,20260830,2,2,-23.0,3.0,0,0,0,0,0,0,0,0.013333333333333334,75,2.401630083719889,3.1911615282297134,3.335053101181984,0,150
candidate,20260830,3,2,-8.0,2.5,0,0,0,0,0,0,0,0.027777777777777776,72,2.3198263564457497,2.890811860561371,2.954874187707901,0,144
candidate,20260831,0,3,63.0,1.0,1,1,0,0,0,0,0,0.08,25,2.336859777569771,2.8073295950889583,2.93852761387825,0,49
candidate,20260831,1,3,-21.0,3.0,0,0,0,0,0,0,0,0.041666666666666664,24,2.3796556827922664,2.946686651557684,2.964131534099579,0,49
candidate,20260831,2,3,-21.0,3.0,0,0,0,0,0,0,0,0.041666666666666664,24,2.349130886917313,2.983264345675707,3.1579192727804184,0,49
candidate,20260831,3,3,-21.0,3.0,0,0,0,0,0,0,0,0.0,24,2.3580166356017194,3.0993781052529807,3.234805539250374,0,49
candidate,20260832,0,1,-8.0,2.5,0,0,0,0,0,0,0,0.024390243902439025,41,2.447072734556547,3.071324899792671,3.1208842992782593,0,83
candidate,20260832,1,1,-26.0,4.0,0,0,1,18,0,0,0,0.0392156862745098,51,2.342052684695113,2.8344355523586273,2.862444147467613,0,101
candidate,20260832,2,1,-19.0,3.0,0,0,0,0,0,0,0,0.02,50,2.346946597099304,2.9672645032405853,3.0105523765087128,0,102
candidate,20260832,3,1,33.0,1.0,1,0,0,0,0,0,0,0.0,41,2.392241095260876,3.2259654253721237,3.270372748374939,0,83
candidate,20260833,0,0,-8.0,2.5,0,0,0,0,0,0,0,0.0425531914893617,47,2.3760545523242746,2.9019964858889575,3.0282922089099884,0,94
candidate,20260833,1,0,-19.0,4.0,0,0,1,11,0,0,0,0.011904761904761904,84,2.3636516804496446,2.968751545995474,3.0579064041376114,0,168
candidate,20260833,2,0,-8.0,2.5,0,0,0,0,0,0,0,0.0851063829787234,47,2.277900445017409,2.677337825298309,2.8846953064203262,0,94
candidate,20260833,3,0,32.0,1.0,1,0,0,0,0,0,0,0.06382978723404255,47,2.2425323011393243,2.5473415851593018,2.6777926832437515,0,94
candidate,20260834,0,2,-8.0,2.5,0,0,0,0,0,0,0,0.0,46,2.387635814754859,2.91069271042943,2.939179539680481,0,92
candidate,20260834,1,2,32.0,1.0,1,0,0,0,0,0,0,0.09375,32,2.25594436051324,2.608225680887699,2.6407651603221893,0,64
candidate,20260834,2,2,-16.0,4.0,0,0,1,8,0,0,0,0.08333333333333333,24,2.325543202459812,2.852647472172975,2.8687734156847,0,48
candidate,20260834,3,2,-8.0,2.5,0,0,0,0,0,0,0,0.0392156862745098,51,2.300851887055472,2.8425781056284904,2.995811402797699,0,102
candidate,20260835,0,2,-16.0,4.0,0,0,1,8,0,0,0,0.0,57,2.482217164677486,3.2819967716932297,3.3905748277902603,0,114
candidate,20260835,1,2,-18.0,3.0,0,0,0,0,0,0,0,0.02631578947368421,76,2.3621995443184125,2.951810136437416,4.2107366025447845,0,153
candidate,20260835,2,2,-27.0,4.0,0,0,1,19,0,0,0,0.0,47,2.631680722883407,3.6241468042135234,4.3229516595602036,0,94
candidate,20260835,3,2,-20.0,4.0,0,0,1,12,0,0,0,0.011904761904761904,84,2.469164341510761,3.296685498207807,4.32688370347023,0,168
candidate,20260836,0,3,-16.0,4.0,0,0,1,8,0,0,0,0.041666666666666664,48,2.3711339260141053,2.7895179577171803,2.904403954744339,0,96
candidate,20260836,1,3,32.0,1.0,1,0,0,0,0,0,0,0.01639344262295082,61,2.4246087633684033,3.041820600628853,3.848714753985405,0,122
candidate,20260836,2,3,-8.0,2.5,0,0,0,0,0,0,0,0.03278688524590164,61,2.3006189797745376,2.7785971760749817,3.0756890773773193,0,122
candidate,20260836,3,3,-17.0,3.0,0,0,0,0,0,0,0,0.03333333333333333,60,2.365894429385662,2.944421861320734,4.767365753650665,0,121
candidate,20260837,0,1,-22.0,3.0,0,0,0,0,0,0,0,0.0,46,2.38365380336409,2.869274001568556,2.903331071138382,0,93
candidate,20260837,1,1,-22.0,3.0,0,0,0,0,0,0,0,0.0,46,2.3820517260743226,2.9480047523975372,2.9697660356760025,0,93
candidate,20260837,2,1,48.0,1.0,1,1,0,0,0,0,0,0.0,39,2.4281564431312757,3.1872788444161415,3.3078230917453766,0,77
candidate,20260837,3,1,-22.0,3.0,0,0,0,0,0,0,0,0.0,44,2.3103425787253813,2.885021921247244,2.9459912329912186,0,89
candidate,20260838,0,1,-17.0,3.0,0,0,0,0,0,0,0,0.0967741935483871,31,2.3379739253751692,2.661879174411297,2.989400178194046,0,63
candidate,20260838,1,1,-17.0,3.0,0,0,0,0,0,0,0,0.0,32,2.395047398749739,3.0539187602698803,3.0784644186496735,0,65
candidate,20260838,2,1,51.0,1.0,1,1,0,0,0,0,0,0.0625,32,2.3044212139211595,2.8940249234437943,3.0542071908712387,0,63
candidate,20260838,3,1,-8.0,2.5,0,0,0,0,0,0,0,0.0,34,2.30416891110294,3.002032730728388,3.0679143965244293,0,68
candidate,20260839,0,2,-16.0,4.0,0,0,1,8,0,0,0,0.0,45,2.4073611944913864,2.976377308368683,2.998447045683861,0,90
candidate,20260839,1,2,-8.0,2.5,0,0,0,0,0,0,0,0.0,45,2.349916473031044,2.9003694653511047,3.243573009967804,0,90
candidate,20260839,2,2,32.0,1.0,1,0,0,0,0,0,0,0.022222222222222223,45,2.3288694520791373,2.960166335105896,3.0235685408115387,0,90
candidate,20260839,3,2,-8.0,2.5,0,0,0,0,0,0,0,0.044444444444444446,45,2.261264084113969,2.669648453593254,2.690587192773819,0,90
candidate,20260840,0,2,-28.0,3.0,0,0,0,0,0,0,0,0.046511627906976744,43,2.3831076226955235,2.9554013162851334,3.0263662338256836,0,87
candidate,20260840,1,2,-27.0,3.0,0,0,0,0,0,0,0,0.0,42,2.3984470892520178,3.020738624036312,3.118034452199936,0,85
candidate,20260840,2,2,43.0,1.0,1,0,0,0,0,0,0,0.023255813953488372,43,2.349867030631664,3.0319636687636375,3.138292580842972,0,86
candidate,20260840,3,2,-28.0,3.0,0,0,0,0,0,0,0,0.046511627906976744,43,2.2864141176606334,2.8925735503435135,2.9225926846265793,0,87
candidate,20260841,0,0,-8.0,2.5,0,0,0,0,0,0,0,0.0,43,2.501982978956644,3.1883398070931435,3.255082294344902,0,86
candidate,20260841,1,0,-8.0,2.5,0,0,0,0,0,0,0,0.025,40,2.3262007627636194,2.758583519607782,2.9070600867271423,0,80
candidate,20260841,2,0,-8.0,2.5,0,0,0,0,0,0,0,0.0,40,2.4050619918853045,3.343298938125372,3.395283594727516,0,80
candidate,20260841,3,0,33.0,1.0,1,0,0,0,0,0,0,0.05,40,2.271502511575818,2.668391726911068,2.7125291526317596,0,80
candidate,20260842,0,0,-20.0,4.0,0,0,1,12,0,0,0,0.020833333333333332,48,2.3924161602432528,2.911325078457594,2.9497668147087097,0,96
candidate,20260842,1,0,36.0,1.0,1,0,0,0,0,0,0,0.041666666666666664,48,2.3399472314243517,2.9543081298470497,3.06696817278862,0,96
candidate,20260842,2,0,-8.0,2.5,0,0,0,0,0,0,0,0.020833333333333332,48,2.347386364514629,3.1346860341727734,3.153664991259575,0,96
candidate,20260842,3,0,-8.0,2.5,0,0,0,0,0,0,0,0.020833333333333332,48,2.2972956843053303,2.796412631869316,2.819577232003212,0,96
candidate,20260843,0,1,-17.0,4.0,0,0,1,9,0,0,0,0.0,41,2.435560769787649,3.031207248568535,3.0885953456163406,0,82
candidate,20260843,1,1,-30.0,4.0,0,0,0,0,0,0,0,0.03225806451612903,62,2.3182384789951387,2.8635279275476933,2.974139526486397,1,123
candidate,20260843,2,1,34.0,1.0,1,0,0,0,0,0,0,0.02,50,2.3376795649528503,2.995041385293007,3.053920343518257,0,100
candidate,20260843,3,1,-8.0,2.5,0,0,0,0,0,0,0,0.0,50,2.3742029815912247,3.2170009799301624,3.3672284334897995,0,100
candidate,20260844,0,2,-16.0,4.0,0,0,1,8,0,0,0,0.0,48,2.452757442370057,3.068524319678545,3.208870068192482,0,96
candidate,20260844,1,2,-8.0,2.5,0,0,0,0,0,0,0,0.02040816326530612,49,2.3242724413166242,2.899109199643135,2.9247067868709564,0,98
candidate,20260844,2,2,-19.0,4.0,0,0,1,11,0,0,0,0.08,50,2.3109202831983566,2.859973721206188,2.8851963579654694,0,100
candidate,20260844,3,2,-8.0,2.5,0,0,0,0,0,0,0,0.02,50,2.3536989465355873,3.048654180020094,3.150288015604019,0,100
candidate,20260845,0,3,-8.0,2.5,0,0,0,0,0,0,0,0.05555555555555555,36,2.386382729229,2.9264180921018124,2.9762834310531616,0,72
candidate,20260845,1,3,87.0,1.0,1,1,0,0,0,0,0,0.05128205128205128,39,2.307631457463289,2.8799869120121,3.001771867275238,0,77
candidate,20260845,2,3,-29.0,3.0,0,0,0,0,0,0,0,0.05263157894736842,38,2.3706966128788496,3.1738835386931896,3.276921808719635,0,77
candidate,20260845,3,3,-8.0,2.5,0,0,0,0,0,0,0,0.05555555555555555,36,2.27284234844976,2.696557901799679,2.7097072452306747,0,72
candidate,20260846,0,2,-8.0,2.5,0,0,0,0,0,0,0,0.0,46,2.4225992434050725,2.998118754476309,3.048086538910866,0,92
candidate,20260846,1,2,-8.0,2.5,0,0,0,0,0,0,0,0.018518518518518517,54,2.3711644871919244,3.0003629624843597,3.009660169482231,0,108
candidate,20260846,2,2,-25.0,3.0,0,0,0,0,0,0,0,0.023809523809523808,84,2.3516318760812283,3.05000776425004,3.2158922404050827,0,169
candidate,20260846,3,2,-8.0,2.5,0,0,0,0,0,0,0,0.024390243902439025,82,2.3064977012392953,2.8380682691931725,2.942444756627083,0,164
candidate,20260847,0,2,-17.0,3.0,0,0,0,0,0,0,0,0.043478260869565216,46,2.394643126298552,2.982374746352434,3.0115190893411636,0,93
candidate,20260847,1,2,-17.0,3.0,0,0,0,0,0,0,0,0.021739130434782608,46,2.404689059957214,3.1132539734244347,3.1835753470659256,0,93
candidate,20260847,2,2,-34.0,4.0,0,0,1,26,0,0,0,0.01818181818181818,55,2.32279896736145,2.8481606394052505,2.982117235660553,0,110
candidate,20260847,3,2,-16.0,4.0,0,0,1,8,0,0,0,0.0,36,2.3602557679017386,2.933704759925604,2.970723435282707,0,72
candidate,20260848,0,0,-8.0,2.5,0,0,0,0,0,0,0,0.0425531914893617,47,2.367525341662955,2.9509058222174644,2.9753427952528,0,94
candidate,20260848,1,0,43.0,1.0,1,0,0,0,0,0,0,0.02127659574468085,47,2.33061025117306,2.8329364955425262,2.8972625732421875,0,94
candidate,20260848,2,0,42.0,1.0,1,0,0,0,0,0,0,0.022222222222222223,45,2.3011550307273865,2.8860073536634445,2.982689067721367,0,90
candidate,20260848,3,0,-8.0,2.5,0,0,0,0,0,0,0,0.0,47,2.314420258428188,2.896406315267086,2.9659997671842575,0,94
candidate,20260849,0,3,32.0,1.0,1,0,0,0,0,0,0,0.03389830508474576,59,2.3315147954528617,2.7750417590141296,2.9865149408578873,0,118
candidate,20260849,1,3,-8.0,2.5,0,0,0,0,0,0,0,0.03389830508474576,59,2.3744236677885056,3.0125318095088,3.2563991844654083,0,118
candidate,20260849,2,3,0.0,2.5,0,0,0,0,0,1,1,0.045454545454545456,88,2.2656609388914974,2.698720619082451,2.8804633766412735,0,176
candidate,20260849,3,3,-8.0,2.5,0,0,0,0,0,0,0,0.034482758620689655,58,2.3410617020623437,3.037460707128048,3.0711889266967773,0,116
candidate,20260850,0,0,-18.0,3.0,0,0,0,0,0,0,0,0.018518518518518517,54,2.372934172550837,2.846673224121332,2.8762612491846085,0,109
candidate,20260850,1,0,-17.0,4.0,0,0,1,9,0,0,0,0.012658227848101266,79,2.512386681724198,3.4762904047966003,3.9196908473968506,0,158
candidate,20260850,2,0,-8.0,2.5,0,0,0,0,0,0,0,0.0851063829787234,47,2.2477032022273287,2.6548471301794048,2.8040707111358643,0,94
candidate,20260850,3,0,0.0,2.5,0,0,0,0,0,1,1,0.036585365853658534,82,2.294085828996286,2.7665356174111366,2.9399730265140533,0,164
candidate,20260851,0,1,37.0,1.0,1,0,0,0,0,0,0,0.1111111111111111,27,2.3407357296458,2.7888286858797073,2.882251515984535,0,54
candidate,20260851,1,1,-8.0,2.5,0,0,0,0,0,0,0,0.037037037037037035,27,2.3529295016218117,2.930949442088604,2.9961951076984406,0,54
candidate,20260851,2,1,-22.0,3.0,0,0,0,0,0,0,0,0.0,33,2.3558042717702463,3.005695715546608,3.0781645327806473,0,67
candidate,20260851,3,1,-8.0,2.5,0,0,0,0,0,0,0,0.037037037037037035,27,2.316688014953225,3.0593693256378174,3.125099465250969,0,54
candidate,20260852,0,3,-8.0,2.5,0,0,0,0,0,0,0,0.0,36,2.4904185492131443,3.3924919553101063,3.6165472120046616,0,72
candidate,20260852,1,3,-8.0,2.5,0,0,0,0,0,0,0,0.0,36,2.3980771398378744,3.101649694144726,3.2088197767734528,0,72
candidate,20260852,2,3,36.0,1.0,1,0,0,0,0,0,0,0.0,36,2.325543098979526,2.913759555667639,2.9200948774814606,0,72
candidate,20260852,3,3,-20.0,4.0,0,0,1,12,0,0,0,0.05555555555555555,36,2.283440333687597,2.8649456799030304,2.9188506305217743,0,72
candidate,20260853,0,2,-8.0,2.5,0,0,0,0,0,0,0,0.04918032786885246,61,2.357386632776651,2.7414653450250626,2.9580295085906982,0,122
candidate,20260853,1,2,-8.0,2.5,0,0,0,0,0,0,0,0.0,32,2.4384375428780913,3.231067582964897,3.6184564232826233,0,64
candidate,20260853,2,2,-17.0,4.0,0,0,1,9,0,0,0,0.0,61,2.3693815179047037,3.008756786584854,3.204628825187683,0,122
candidate,20260853,3,2,-27.0,4.0,0,0,1,19,0,0,0,0.03278688524590164,61,2.297661435164389,2.796182408928871,2.94480100274086,0,122
candidate,20260854,0,1,-8.0,2.5,0,0,0,0,0,0,0,0.0,30,2.4237862477699914,3.0507893301546574,3.0538011342287064,0,60
candidate,20260854,1,1,-20.0,4.0,0,0,1,12,0,0,0,0.03333333333333333,30,2.3602106298009553,2.9256367124617095,3.064725548028946,0,60
candidate,20260854,2,1,48.0,1.0,1,0,0,0,0,0,0,0.0,38,2.3181036996998285,2.885404136031866,2.9175952076911926,0,76
candidate,20260854,3,1,-19.0,3.0,0,0,0,0,0,0,0,0.034482758620689655,29,2.336470859831777,2.945203334093094,3.0950214713811874,0,59
candidate,20260855,0,1,60.0,1.0,1,1,0,0,0,0,0,0.0,70,2.563020108001573,3.5428956151008606,3.812776878476143,0,139
candidate,20260855,1,1,-8.0,2.5,0,0,0,0,0,0,0,0.038461538461538464,52,2.30239131129705,2.691764011979103,2.817068248987198,0,104
candidate,20260855,2,1,-17.0,3.0,0,0,0,0,0,0,0,0.014084507042253521,71,2.339273428832981,2.9352065175771713,3.0602049082517624,0,143
candidate,20260855,3,1,-18.0,4.0,0,0,1,10,0,0,0,0.045454545454545456,44,2.3027540777217257,2.7383873239159584,2.7816910296678543,0,88
candidate,20260856,0,1,33.0,1.0,1,0,0,0,0,0,0,0.0,62,2.48785842690737,3.503378946334123,3.686128184199333,0,124
candidate,20260856,1,1,-8.0,2.5,0,0,0,0,0,0,0,0.03225806451612903,62,2.3241738278058266,2.7832485735416412,2.9458515346050262,0,124
candidate,20260856,2,1,-17.0,4.0,0,0,1,9,0,0,0,0.05,60,2.3615019085506597,3.0421427451074123,3.0763037502765656,0,120
candidate,20260856,3,1,-8.0,2.5,0,0,0,0,0,0,0,0.03225806451612903,62,2.28430351783191,2.745338622480631,2.9281694442033768,0,124
candidate,20260857,0,0,-32.0,4.0,0,0,1,24,0,0,0,0.029411764705882353,34,2.3984133320696213,2.9837544076144695,3.029230982065201,0,68
candidate,20260857,1,0,-8.0,2.5,0,0,0,0,0,0,0,0.0,34,2.367520157028647,3.0615066178143024,3.2166484743356705,0,68
candidate,20260857,2,0,-8.0,2.5,0,0,0,0,0,0,0,0.09090909090909091,33,2.317447553981434,2.955920249223709,2.9643606394529343,0,66
candidate,20260857,3,0,-18.0,4.0,0,0,1,10,0,0,0,0.0,39,2.3461378251130762,2.945798635482788,2.963429316878319,0,78
candidate,20260858,0,2,-20.0,3.0,0,0,0,0,0,0,0,0.03773584905660377,53,2.343705029420133,2.714669704437256,2.937179058790207,0,108
candidate,20260858,1,2,-20.0,3.0,0,0,0,0,0,0,0,0.03773584905660377,53,2.333964168463113,2.799893543124199,2.889687195420265,0,108
candidate,20260858,2,2,-20.0,3.0,0,0,0,0,0,0,0,0.03773584905660377,53,2.3154386863955914,2.896406501531601,2.962173894047737,0,108
candidate,20260858,3,2,60.0,1.0,1,1,0,0,0,0,0,0.01818181818181818,55,2.345623956485228,3.013095073401928,3.0752811580896378,0,108
candidate,20260859,0,1,-8.0,2.5,0,0,0,0,0,0,0,0.0,36,2.375683385050959,2.840353175997734,2.861063927412033,0,72
candidate,20260859,1,1,33.0,1.0,1,0,0,0,0,0,0,0.027777777777777776,36,2.3238082002434464,2.84230662509799,2.885565161705017,0,72
candidate,20260859,2,1,-8.0,2.5,0,0,0,0,0,0,0,0.05555555555555555,36,2.355595429738363,3.2080840319395065,3.244783729314804,0,72
candidate,20260859,3,1,-8.0,2.5,0,0,0,0,0,0,0,0.0,35,2.307105703013284,2.8723113238811493,2.8841309249401093,0,70
candidate,20260860,0,0,-22.0,3.0,0,0,0,0,0,0,0,0.01818181818181818,55,2.3854405026544225,2.92082317173481,2.987263724207878,0,111
candidate,20260860,1,0,66.0,1.0,1,1,0,0,0,0,0,0.03571428571428571,56,2.3071909256811653,2.7583036571741104,3.0103884637355804,0,111
candidate,20260860,2,0,-22.0,3.0,0,0,0,0,0,0,0,0.03389830508474576,59,2.2681648764064755,2.6879413053393364,2.7296580374240875,0,119
candidate,20260860,3,0,-22.0,3.0,0,0,0,0,0,0,0,0.0,55,2.374155954881148,3.1082898378372192,3.1287651509046555,0,111
candidate,20260861,0,3,49.0,1.0,1,0,0,0,0,0,0,0.0,8,2.400249009951949,2.9354315251111984,2.9687397181987762,0,16
candidate,20260861,1,3,-8.0,2.5,0,0,0,0,0,0,0,0.0,8,2.339482307434082,2.832458820194006,2.8346721082925797,0,16
candidate,20260861,2,3,-8.0,2.5,0,0,0,0,0,0,0,0.0,8,2.3227413184940815,2.804458513855934,2.8132516890764236,0,16
candidate,20260861,3,3,-33.0,4.0,0,0,1,25,0,0,0,0.0,8,2.3381130304187536,2.8869912028312683,2.887619659304619,0,16
candidate,20260862,0,0,216.0,1.0,1,1,0,0,0,0,0,0.0392156862745098,51,2.3424609692073335,2.766115590929985,2.9348842799663544,0,101
candidate,20260862,1,0,-35.0,4.0,0,0,1,27,0,0,0,0.0,36,2.342012296948168,2.9485998675227165,2.9558930546045303,0,72
candidate,20260862,2,0,-8.0,2.5,0,0,0,0,0,0,0,0.030303030303030304,33,2.363563317692641,3.0643831938505173,3.116503357887268,0,66
candidate,20260862,3,0,-8.0,2.5,0,0,0,0,0,0,0,0.027777777777777776,36,2.336943056434393,2.8779967688024044,3.129115328192711,0,72
candidate,20260863,0,3,-24.0,3.0,0,0,0,0,0,0,0,0.019230769230769232,52,2.387157927912015,2.961669582873583,3.0658058822155,0,105
candidate,20260863,1,3,-23.0,4.0,0,0,1,15,0,0,0,0.019230769230769232,52,2.3205589789610643,2.7126504108309746,2.8636474162340164,0,104
candidate,20260863,2,3,-8.0,2.5,0,0,0,0,0,0,0,0.029850746268656716,67,2.314589361646282,2.95812226831913,3.0024144798517227,0,134
candidate,20260863,3,3,72.0,1.0,1,1,0,0,0,0,0,0.05660377358490566,53,2.2383524842982023,2.583465352654457,2.6467107236385345,0,105
candidate,20260864,0,3,-8.0,2.5,0,0,0,0,0,0,0,0.0,27,2.4124054859081903,2.933853678405285,2.938283607363701,0,54
candidate,20260864,1,3,37.0,1.0,1,0,0,0,0,0,0,0.0,27,2.397901620025988,3.0875200405716896,3.1746234744787216,0,54
candidate,20260864,2,3,-23.0,3.0,0,0,0,0,0,0,0,0.0,37,2.3242811093459257,2.9180768877267838,2.929519861936569,0,75
candidate,20260864,3,3,-8.0,2.5,0,0,0,0,0,0,0,0.0,27,2.3044773411971553,2.8804803267121315,2.9016193002462387,0,54
candidate,20260865,0,0,-8.0,2.5,0,0,0,0,0,0,0,0.03333333333333333,30,2.3960229630271592,2.923704218119383,2.952544018626213,0,60
candidate,20260865,1,0,-22.0,3.0,0,0,0,0,0,0,0,0.03125,32,2.3271641111932695,2.8233595192432404,2.9571764171123505,0,65
candidate,20260865,2,0,-23.0,4.0,0,0,1,15,0,0,0,0.03333333333333333,30,2.291255940993627,2.815583534538746,2.8435010462999344,0,60
candidate,20260865,3,0,-8.0,2.5,0,0,0,0,0,0,0,0.09375,32,2.267064934130758,2.757377829402685,2.854416146874428,0,64
candidate,20260866,0,3,-8.0,2.5,0,0,0,0,0,0,0,0.030303030303030304,33,2.3972118894259133,2.9899898916482925,3.0420422554016113,0,66
candidate,20260866,1,3,39.0,1.0,1,0,0,0,0,0,0,0.05263157894736842,57,2.264045342280154,2.6378385722637177,2.7885250747203827,0,114
candidate,20260866,2,3,-16.0,4.0,0,0,1,8,0,0,0,0.047619047619047616,63,2.2788049860133066,2.854655124247074,2.9406454414129257,0,126
candidate,20260866,3,3,-8.0,2.5,0,0,0,0,0,0,0,0.0425531914893617,47,2.2911659659857446,2.909804880619049,3.067251294851303,0,94
candidate,20260867,0,1,-45.0,4.0,0,0,1,37,1,0,0,0.0392156862745098,51,2.351605242081717,2.738475799560547,2.9327142983675003,0,102
candidate,20260867,1,1,-8.0,2.5,0,0,0,0,0,0,0,0.0196078431372549,51,2.3038547632156634,2.815390005707741,2.9211752116680145,0,102
candidate,20260867,2,1,-8.0,2.5,0,0,0,0,0,0,0,0.023809523809523808,42,2.3360949541841234,2.943733148276806,3.030376508831978,0,84
candidate,20260867,3,1,36.0,1.0,1,0,0,0,0,0,0,0.022727272727272728,44,2.32175314290957,2.819928526878357,3.1484030187129974,0,88
candidate,20260868,0,2,-8.0,2.5,0,0,0,0,0,0,0,0.0,35,2.40639682326998,3.0545001849532127,3.188392147421837,0,70
candidate,20260868,1,2,-20.0,4.0,0,0,1,12,0,0,0,0.05714285714285714,35,2.3077260170664107,2.7074366807937618,2.814382314682007,0,70
candidate,20260868,2,2,36.0,1.0,1,0,0,0,0,0,0,0.0,35,2.3668837334428514,2.9578151181340218,3.031400963664055,0,70
candidate,20260868,3,2,-8.0,2.5,0,0,0,0,0,0,0,0.05714285714285714,35,2.313914948276111,2.953779883682728,2.9911529272794724,0,70
candidate,20260869,0,3,-8.0,2.5,0,0,0,0,0,0,0,0.0,38,2.380379769755037,2.8998963534832,2.906832844018936,0,76
candidate,20260869,1,3,-8.0,2.5,0,0,0,0,0,0,0,0.019230769230769232,52,2.331518281537753,2.8647765517234802,3.022601827979088,0,104
candidate,20260869,2,3,-8.0,2.5,0,0,0,0,0,0,0,0.02857142857142857,70,2.3311512810843333,3.0132687650620937,3.1862687319517136,0,140
candidate,20260869,3,3,0.0,2.5,0,0,0,0,0,1,1,0.011627906976744186,86,2.393158174358135,3.152061253786087,3.2687578350305557,0,172
candidate,20260870,0,2,-21.0,3.0,0,0,0,0,0,0,0,0.02,50,2.3914921656250954,2.912746462970972,2.9551684856414795,0,101
candidate,20260870,1,2,36.0,1.0,1,0,0,0,0,0,0,0.0,60,2.406118127206961,2.9928828589618206,3.0332468450069427,0,120
candidate,20260870,2,2,63.0,1.0,1,1,0,0,0,0,0,0.02127659574468085,47,2.352752425569169,2.858950011432171,2.9049403965473175,0,93
candidate,20260870,3,2,-16.0,4.0,0,0,1,8,0,0,0,0.0,20,2.3268956691026688,2.904728800058365,2.9161740094423294,0,40
candidate,20260871,0,1,33.0,1.0,1,0,0,0,0,0,0,0.024390243902439025,82,2.3404727576345934,2.6877064257860184,2.9263924807310104,0,165
candidate,20260871,1,1,0.0,2.5,0,0,0,0,0,1,1,0.023255813953488372,86,2.3411104975398196,2.8641982935369015,2.9039736837148666,0,171
candidate,20260871,2,1,0.0,2.5,0,0,0,0,0,1,0,0.011627906976744186,86,2.34571467478608,2.9703439213335514,3.0476879328489304,0,174
candidate,20260871,3,1,0.0,2.5,0,0,0,0,0,1,1,0.0,88,2.3653912146321754,2.987106703221798,3.0502714216709137,0,177
candidate,20260872,0,3,-8.0,2.5,0,0,0,0,0,0,0,0.06382978723404255,47,2.3619204442551793,2.982570417225361,3.007756546139717,0,95
candidate,20260872,1,3,33.0,1.0,1,0,0,0,0,0,0,0.08888888888888889,45,2.306593250897196,2.693301811814308,2.8026141226291656,0,89
candidate,20260872,2,3,0.0,2.5,0,0,0,0,0,1,1,0.023529411764705882,85,2.3235491312601986,2.851203829050064,2.9104482382535934,0,170
candidate,20260872,3,3,-27.0,4.0,0,0,1,19,0,0,0,0.0,72,2.463902967671553,3.443556372076273,3.5224221646785736,0,145
candidate,20260873,0,1,-8.0,2.5,0,0,0,0,0,0,0,0.0425531914893617,47,2.3823359862286995,2.920621633529663,2.9681287705898285,0,94
candidate,20260873,1,1,33.0,1.0,1,0,0,0,0,0,0,0.02127659574468085,47,2.3320231665956213,2.8237368911504745,2.906622365117073,0,94
candidate,20260873,2,1,-8.0,2.5,0,0,0,0,0,0,0,0.0196078431372549,51,2.3681417326716816,3.06096114218235,3.1136758625507355,0,102
candidate,20260873,3,1,-17.0,4.0,0,0,1,9,0,0,0,0.0,39,2.348475922376682,2.996080555021763,3.091040998697281,0,78
candidate,20260874,0,1,-8.0,2.5,0,0,0,0,0,0,0,0.0,18,2.324055776827865,2.7794922702014446,2.838796004652977,0,36
candidate,20260874,1,1,33.0,1.0,1,0,0,0,0,0,0,0.1111111111111111,18,2.3361319262120457,2.7502893470227714,2.939406782388687,0,36
candidate,20260874,2,1,-8.0,2.5,0,0,0,0,0,0,0,0.0,18,2.384659006363816,3.0120492912828922,3.0150432139635086,0,36
candidate,20260874,3,1,-17.0,4.0,0,0,1,9,0,0,0,0.0,18,2.369603245622582,2.9402879998087883,2.9835961759090424,0,36
candidate,20260875,0,3,-8.0,2.5,0,0,0,0,0,0,0,0.0,72,2.514204838209682,3.37369404733181,3.4588444977998734,0,144
candidate,20260875,1,3,-8.0,2.5,0,0,0,0,0,0,0,0.043478260869565216,46,2.328541696719501,2.832516096532345,2.974722534418106,0,92
candidate,20260875,2,3,-8.0,2.5,0,0,0,0,0,0,0,0.013888888888888888,72,2.364333848365479,2.9957951977849007,3.279339522123337,0,144
candidate,20260875,3,3,55.0,1.0,1,0,0,0,0,0,0,0.041666666666666664,72,2.2976968644393816,2.749665454030037,2.898935228586197,0,144
candidate,20260876,0,2,-8.0,2.5,0,0,0,0,0,0,0,0.04081632653061224,49,2.3656622791776853,2.9499556869268417,2.9792673885822296,0,98
candidate,20260876,1,2,-16.0,4.0,0,0,1,8,0,0,0,0.021739130434782608,46,2.3213519674280416,2.7371137402951717,2.775931730866432,0,92
candidate,20260876,2,2,32.0,1.0,1,0,0,0,0,0,0,0.02040816326530612,49,2.3620481773906823,3.0944667756557465,3.227831795811653,0,98
candidate,20260876,3,2,-8.0,2.5,0,0,0,0,0,0,0,0.0,50,2.322271317243576,2.8794338926672935,2.94499471783638,0,100
candidate,20260877,0,0,78.0,1.0,1,1,0,0,0,0,0,0.0,51,2.4101349214712777,2.957722172141075,2.9946044087409973,0,102
candidate,20260877,1,0,-8.0,2.5,0,0,0,0,0,0,0,0.0,48,2.376171760261059,2.9388771392405033,2.9663629829883575,0,97
candidate,20260877,2,0,-8.0,2.5,0,0,0,0,0,0,0,0.03076923076923077,65,2.2938296771966495,2.7118559926748276,3.893796354532242,0,129
candidate,20260877,3,0,-26.0,3.0,0,0,0,0,0,0,0,0.04,50,2.323290705680847,2.8783170506358147,2.916468307375908,0,102
candidate,20260878,0,2,-23.0,4.0,0,0,1,15,0,0,0,0.0,57,2.4476596399357446,3.0999161303043365,3.1517725437879562,0,114
candidate,20260878,1,2,-8.0,2.5,0,0,0,0,0,0,0,0.017543859649122806,57,2.3967177982915913,3.075652197003364,3.4297704696655273,0,114
candidate,20260878,2,2,39.0,1.0,1,0,0,0,0,0,0,0.030303030303030304,66,2.299810449282328,2.742899116128683,2.9576290398836136,0,132
candidate,20260878,3,2,-8.0,2.5,0,0,0,0,0,0,0,0.0,57,2.3268351102607294,2.874847874045372,2.8868764638900757,0,114
candidate,20260879,0,0,-8.0,2.5,0,0,0,0,0,0,0,0.05,40,2.382831322029233,2.9192712157964706,2.9284879565238953,0,80
candidate,20260879,1,0,-8.0,2.5,0,0,0,0,0,0,0,0.027777777777777776,36,2.2993297833535404,2.728779800236225,2.8720740228891373,0,72
candidate,20260879,2,0,-17.0,4.0,0,0,1,9,0,0,0,0.027777777777777776,36,2.3327146449850664,2.9103937558829784,3.009958192706108,0,72
candidate,20260879,3,0,33.0,1.0,1,0,0,0,0,0,0,0.05555555555555555,36,2.3273218733568988,2.946714870631695,3.186555579304695,0,72
candidate,20260880,0,3,-19.0,4.0,0,0,1,11,0,0,0,0.019230769230769232,52,2.4442942813038826,3.0415646731853485,3.1433887779712677,0,104
candidate,20260880,1,3,-33.0,3.0,0,0,0,0,0,0,0,0.03389830508474576,59,2.3380159952882993,2.8254421427845955,2.8861090540885925,0,120
candidate,20260880,2,3,33.0,1.0,1,0,0,0,0,0,0,0.014925373134328358,67,2.3662511314918744,3.0372738838195796,3.0946992337703705,0,133
candidate,20260880,3,3,0.0,2.5,0,0,0,0,0,1,1,0.02631578947368421,76,2.2751602932418646,2.6935767382383347,2.8833486139774323,0,154
candidate,20260881,0,0,-16.0,3.0,0,0,0,0,0,0,0,0.07142857142857142,28,2.3851731259907996,2.905537001788616,2.9486697167158127,0,58
candidate,20260881,1,0,-16.0,3.0,0,0,0,0,0,0,0,0.0,28,2.311556733080319,2.861554082483053,2.8789490461349487,0,58
candidate,20260881,2,0,-16.0,3.0,0,0,0,0,0,0,0,0.10714285714285714,28,2.262813238693135,2.6259692385792732,2.6385001838207245,0,58
candidate,20260881,3,0,63.0,1.0,1,1,0,0,0,0,0,0.03125,32,2.392358670476824,3.1592465937137604,3.4286491572856903,0,62
candidate,20260882,0,3,32.0,1.0,1,0,0,0,0,0,0,0.03125,32,2.5005413917824626,3.4177285619080067,3.451075404882431,0,64
candidate,20260882,1,3,-24.0,3.0,0,0,0,0,0,0,0,0.0,38,2.3640295196520653,2.9151808470487595,2.969641238451004,0,77
candidate,20260882,2,3,-8.0,2.5,0,0,0,0,0,0,0,0.03125,32,2.3170094355009496,2.9455257579684258,2.997402101755142,0,64
candidate,20260882,3,3,-8.0,2.5,0,0,0,0,0,0,0,0.0625,32,2.343841188121587,3.043869510293007,3.49297933280468,0,64
candidate,20260883,0,2,32.0,1.0,1,0,0,0,0,0,0,0.05,40,2.3955620359629393,2.870071493089199,2.9334519058465958,0,80
candidate,20260883,1,2,-16.0,3.0,0,0,0,0,0,0,0,0.025,40,2.3370368406176567,2.8920017182826996,2.9022153466939926,0,81
candidate,20260883,2,2,-16.0,3.0,0,0,0,0,0,0,0,0.0,40,2.358288085088134,2.968866005539894,3.0159801244735718,0,81
candidate,20260883,3,2,-16.0,3.0,0,0,0,0,0,0,0,0.025,40,2.3297558538615704,2.912967838346958,2.947811037302017,0,81
candidate,20260884,0,3,57.0,1.0,1,1,0,0,0,0,0,0.043478260869565216,23,2.3912755043610283,3.0021581798791885,3.103310242295265,0,45
candidate,20260884,1,3,-19.0,3.0,0,0,0,0,0,0,0,0.045454545454545456,22,2.352708103981885,2.9306810349226,2.946261316537857,0,45
candidate,20260884,2,3,-19.0,3.0,0,0,0,0,0,0,0,0.0,19,2.3173638864567407,2.948415093123913,2.9592160135507584,0,39
candidate,20260884,3,3,-19.0,3.0,0,0,0,0,0,0,0,0.05263157894736842,19,2.315514181789599,2.8416745364665985,2.888603135943413,0,39
candidate,20260885,0,3,-8.0,2.5,0,0,0,0,0,0,0,0.0,34,2.449266119476627,3.116550762206316,3.20250540971756,0,69
candidate,20260885,1,3,36.0,1.0,1,0,0,0,0,0,0,0.031746031746031744,63,2.321674237175593,2.8265494853258133,2.8886105865240097,0,127
candidate,20260885,2,3,34.0,1.0,1,0,0,0,0,0,0,0.05714285714285714,35,2.3146444665534154,2.738785371184349,2.816375344991684,0,69
candidate,20260885,3,3,-8.0,2.5,0,0,0,0,0,0,0,0.0,34,2.4134724893990684,3.4000487998127937,3.7908386439085007,0,69
candidate,20260886,0,2,99.0,1.0,1,1,0,0,0,0,0,0.04878048780487805,41,2.3688477713887286,2.944372594356537,3.018423914909363,0,81
candidate,20260886,1,2,-33.0,3.0,0,0,0,0,0,0,0,0.05,40,2.3316875100135803,2.9566142708063126,2.995980903506279,0,81
candidate,20260886,2,2,-33.0,3.0,0,0,0,0,0,0,0,0.0,40,2.3422518745064735,2.9290245845913887,3.0095279216766357,0,81
candidate,20260886,3,2,-33.0,3.0,0,0,0,0,0,0,0,0.075,40,2.260445896536112,2.6750163175165653,2.697223797440529,0,81
candidate,20260887,0,3,-20.0,3.0,0,0,0,0,0,0,0,0.0,58,2.4304416608707657,3.0895469710230827,3.5984832793474197,0,117
candidate,20260887,1,3,-8.0,2.5,0,0,0,0,0,0,0,0.0,58,2.3470896071401137,2.903811540454626,3.0216034501791,0,116
candidate,20260887,2,3,-24.0,4.0,0,0,1,16,0,0,0,0.03076923076923077,65,2.3415562911675525,2.815308794379234,4.277477040886879,0,130
candidate,20260887,3,3,-21.0,4.0,0,0,1,13,0,0,0,0.015625,64,2.3079306120052934,2.842557057738304,2.895316109061241,0,128
candidate,20260888,0,3,-18.0,3.0,0,0,0,0,0,0,0,0.0,35,2.4053079741341725,3.051203675568104,3.105694428086281,0,71
candidate,20260888,1,3,-18.0,3.0,0,0,0,0,0,0,0,0.08571428571428572,35,2.3181296352829253,2.6499690487980843,3.191949799656868,0,71
candidate,20260888,2,3,54.0,1.0,1,1,0,0,0,0,0,0.08333333333333333,36,2.3083588004940085,2.7313013561069965,3.8876477628946304,0,71
candidate,20260888,3,3,-18.0,3.0,0,0,0,0,0,0,0,0.02857142857142857,35,2.265823632478714,2.77943667024374,2.804730087518692,0,71
candidate,20260889,0,0,-8.0,2.5,0,0,0,0,0,0,0,0.02702702702702703,74,2.4185748267415406,2.9434016905725002,4.038678482174873,0,148
candidate,20260889,1,0,-16.0,4.0,0,0,1,8,0,0,0,0.0,41,2.4464719179199963,2.995152026414871,3.7812795490026474,0,82
candidate,20260889,2,0,-18.0,4.0,0,0,1,10,0,0,0,0.037037037037037035,54,2.392666345393216,2.928697410970926,5.131805315613747,0,108
candidate,20260889,3,0,33.0,1.0,1,0,0,0,0,0,0,0.016129032258064516,62,2.387869892822158,3.011838160455227,3.71561199426651,0,124
candidate,20260890,0,2,-26.0,4.0,0,0,1,18,0,0,0,0.046511627906976744,43,2.4001169516596685,2.8302174061536784,5.521506071090698,0,86
candidate,20260890,1,2,42.0,1.0,1,0,0,0,0,0,0,0.023255813953488372,43,2.35365976601146,2.9063746333122253,3.017313778400421,0,86
candidate,20260890,2,2,-8.0,2.5,0,0,0,0,0,0,0,0.022222222222222223,45,2.3940968844625683,3.091585636138916,3.3313240855932236,0,90
candidate,20260890,3,2,-8.0,2.5,0,0,0,0,0,0,0,0.023255813953488372,43,2.3561321892017544,3.0420301482081413,4.193825647234917,0,86
candidate,20260891,0,1,-19.0,4.0,0,0,1,11,0,0,0,0.04477611940298507,67,2.3583787868716826,2.752517350018024,4.978470504283905,0,134
candidate,20260891,1,1,33.0,1.0,1,0,0,0,0,0,0,0.07317073170731707,41,2.2981561175206813,2.8779786080121994,2.975737676024437,0,82
candidate,20260891,2,1,-23.0,4.0,0,0,1,15,0,0,0,0.023255813953488372,43,2.2911781575097594,2.809690497815609,2.874331548810005,0,86
candidate,20260891,3,1,0.0,2.5,0,0,0,0,0,1,0,0.011627906976744186,86,2.339444707992465,2.8941314667463303,4.2034052312374115,0,171
candidate,20260892,0,0,33.0,1.0,1,0,0,0,0,0,0,0.0,48,2.497713081538677,3.1358348205685616,3.4474432468414307,0,96
candidate,20260892,1,0,-8.0,2.5,0,0,0,0,0,0,0,0.0,48,2.5412322720512748,3.3963723108172417,4.392540082335472,0,96
candidate,20260892,2,0,-17.0,4.0,0,0,1,9,0,0,0,0.0,35,2.3485041622604643,2.9306890442967415,2.9557421803474426,0,70
candidate,20260892,3,0,-17.0,4.0,0,0,1,9,0,0,0,0.041666666666666664,48,2.3166065414746604,2.8893379494547844,3.0887238681316376,0,96
candidate,20260893,0,3,-8.0,2.5,0,0,0,0,0,0,0,0.04838709677419355,62,2.3822472881405585,2.933595236390829,3.0112098902463913,0,124
candidate,20260893,1,3,-16.0,4.0,0,0,1,8,0,0,0,0.0,34,2.392062424298595,3.0001087114214897,3.028174862265587,0,68
candidate,20260893,2,3,32.0,1.0,1,0,0,0,0,0,0,0.03225806451612903,62,2.320072823955167,2.947727777063846,4.111321642994881,0,124
candidate,20260893,3,3,-8.0,2.5,0,0,0,0,0,0,0,0.03225806451612903,62,2.2743609884092884,2.6777882128953934,2.8447024524211884,0,124
candidate,20260894,0,1,48.0,1.0,1,0,0,0,0,0,0,0.0,22,2.386848780919205,2.8725664131343365,2.9021967202425003,0,44
candidate,20260894,1,1,-32.0,4.0,0,0,1,24,0,0,0,0.07692307692307693,26,2.3096520453691483,2.7318880893290043,2.756420522928238,0,52
candidate,20260894,2,1,-8.0,2.5,0,0,0,0,0,0,0,0.0,26,2.3807038624699297,2.9579531401395798,4.392001777887344,0,52
candidate,20260894,3,1,-8.0,2.5,0,0,0,0,0,0,0,0.0,26,2.3789146485236974,3.0796369537711143,3.275817260146141,0,52
candidate,20260895,0,1,-8.0,2.5,0,0,0,0,0,0,0,0.04,50,2.419067956507206,2.939130738377571,4.338670521974564,0,100
candidate,20260895,1,1,-19.0,4.0,0,0,1,11,0,0,0,0.023809523809523808,42,2.3299173585006168,2.8041897341609,2.8560850769281387,0,84
candidate,20260895,2,1,-27.0,3.0,0,0,0,0,0,0,0,0.0,56,2.379852147506816,2.98489211127162,4.99926321208477,0,113
candidate,20260895,3,1,35.0,1.0,1,0,0,0,0,0,0,0.06818181818181818,44,2.261664252728224,2.5901615619659424,3.0437950044870377,0,88
candidate,20260896,0,2,34.0,1.0,1,0,0,0,0,0,0,0.075,40,2.310492191463709,2.6978841982781887,2.9240939766168594,0,80
candidate,20260896,1,2,-8.0,2.5,0,0,0,0,0,0,0,0.025,40,2.391474088653922,2.8188840486109252,4.775693640112877,0,80
candidate,20260896,2,2,-32.0,3.0,0,0,0,0,0,0,0,0.017543859649122806,57,2.3584170430375817,2.9179472476243973,3.0432362109422684,0,116
candidate,20260896,3,2,-8.0,2.5,0,0,0,0,0,0,0,0.020833333333333332,48,2.308167788820962,2.837677486240864,3.167051821947098,0,97
candidate,20260897,0,1,-16.0,4.0,0,0,1,8,0,0,0,0.0,29,2.3919580953902213,2.9194511473178864,2.9332805424928665,0,58
candidate,20260897,1,1,32.0,1.0,1,0,0,0,0,0,0,0.034482758620689655,29,2.412995130851351,3.160742297768593,3.210538998246193,0,58
candidate,20260897,2,1,-8.0,2.5,0,0,0,0,0,0,0,0.034482758620689655,29,2.2972807416628145,2.675153687596321,2.7739759534597397,0,58
candidate,20260897,3,1,-8.0,2.5,0,0,0,0,0,0,0,0.06896551724137931,29,2.3124340022432395,2.769118547439575,2.8627030551433563,0,58
candidate,20260898,0,1,-16.0,4.0,0,0,1,8,0,0,0,0.0,63,2.63359048773372,3.6998748779296875,4.947436973452568,0,126
candidate,20260898,1,1,-8.0,2.5,0,0,0,0,0,0,0,0.034482758620689655,29,2.421607423959107,3.0718810856342316,4.822650924324989,0,58
candidate,20260898,2,1,0.0,2.5,0,0,0,0,0,1,1,0.011627906976744186,86,2.3390239667753843,2.8305822052061558,3.970719873905182,0,172
candidate,20260898,3,1,-8.0,2.5,0,0,0,0,0,0,0,0.019230769230769232,52,2.346765500708268,2.716933563351631,3.9327312260866165,0,104
candidate,20260899,0,3,-8.0,2.5,0,0,0,0,0,0,0,0.02040816326530612,49,2.3735731231923007,2.8138369321823116,2.9868967831134796,0,98
candidate,20260899,1,3,-19.0,4.0,0,0,1,11,0,0,0,0.02040816326530612,49,2.4683876533289344,3.2620199024677277,3.33436019718647,0,98
candidate,20260899,2,3,35.0,1.0,1,0,0,0,0,0,0,0.0,49,2.4328038324506913,3.2041244208812714,3.258123993873596,0,98
candidate,20260899,3,3,-19.0,4.0,0,0,1,11,0,0,0,0.022727272727272728,44,2.3472501303661955,2.8371060267090797,3.445832058787346,0,88
candidate,20260900,0,1,-20.0,3.0,0,0,0,0,0,0,0,0.05,20,2.398139610886574,2.912522479891777,2.9241517186164856,0,41
candidate,20260900,1,1,60.0,1.0,1,1,0,0,0,0,0,0.09523809523809523,21,2.3399716509240016,2.6845596730709076,3.64755280315876,0,41
candidate,20260900,2,1,-20.0,3.0,0,0,0,0,0,0,0,0.0,20,2.4284166283905506,3.122190944850445,3.265751525759697,0,41
candidate,20260900,3,1,-20.0,3.0,0,0,0,0,0,0,0,0.0,20,2.33987495303154,3.0213612131774426,3.0425935983657837,0,41
candidate,20260901,0,0,60.0,1.0,1,1,0,0,0,0,0,0.023809523809523808,42,2.4511903258306638,3.0959465540945525,4.527224227786064,0,83
candidate,20260901,1,0,-20.0,3.0,0,0,0,0,0,0,0,0.045454545454545456,44,2.3027403618801725,2.7179690077900887,2.906670793890953,0,89
candidate,20260901,2,0,-22.0,3.0,0,0,0,0,0,0,0,0.04,50,2.3027057200670242,2.7934353798627853,2.8062723577022552,0,101
candidate,20260901,3,0,-20.0,3.0,0,0,0,0,0,0,0,0.024390243902439025,41,2.3917038357112466,3.0582696199417114,3.439895808696747,0,83
candidate,20260902,0,2,-19.0,3.0,0,0,0,0,0,0,0,0.045454545454545456,22,2.404008822684938,2.9449165798723698,2.9520802199840546,0,45
candidate,20260902,1,2,-19.0,4.0,0,0,1,11,0,0,0,0.045454545454545456,22,2.3180745880712164,2.758145797997713,2.794915810227394,0,44
candidate,20260902,2,2,57.0,1.0,1,1,0,0,0,0,0,0.043478260869565216,23,2.3220118297182997,2.9639344662427902,2.96616367995739,0,45
candidate,20260902,3,2,-19.0,3.0,0,0,0,0,0,0,0,0.0,22,2.351404929702932,3.0229694209992886,3.0803121626377106,0,45
candidate,20260903,0,2,-8.0,2.5,0,0,0,0,0,0,0,0.012345679012345678,81,2.378724607420556,2.861199900507927,2.9426924884319305,0,163
candidate,20260903,1,2,51.0,1.0,1,1,0,0,0,0,0,0.023529411764705882,85,2.345488592982292,2.8859995305538177,2.982538193464279,0,170
candidate,20260903,2,2,-18.0,4.0,0,0,1,10,0,0,0,0.024096385542168676,83,2.305438315652939,2.769631892442703,2.92041152715683,0,167
candidate,20260903,3,2,-8.0,2.5,0,0,0,0,0,0,0,0.036585365853658534,82,2.2898753423516345,2.8108986094594006,2.933712676167488,0,163
candidate,20260904,0,0,-16.0,4.0,0,0,1,8,0,0,0,0.0,40,2.4698315653949976,3.0404839664697647,3.089938312768936,0,80
candidate,20260904,1,0,10.0,2.0,0,0,0,0,0,0,0,0.0,73,2.391858077416681,3.0419088900089264,3.1124763190746307,1,147
candidate,20260904,2,0,-18.0,4.0,0,0,1,10,0,0,0,0.025,80,2.3548970697447658,3.1057496555149555,3.2337233424186707,0,159
candidate,20260904,3,0,-8.0,2.5,0,0,0,0,0,0,0,0.05,40,2.28295074775815,2.7109134942293163,2.879273146390915,0,80
candidate,20260905,0,3,44.0,1.0,1,0,0,0,0,0,0,0.03333333333333333,30,2.3920396342873573,2.9221405275166035,3.03550623357296,0,60
candidate,20260905,1,3,-8.0,2.5,0,0,0,0,0,0,0,0.03296703296703297,91,2.307982787817389,2.7290815487504005,2.951906993985176,0,182
candidate,20260905,2,3,-8.0,2.5,0,0,0,0,0,0,0,0.0,30,2.33347744991382,2.9621969908475876,3.0157864093780518,0,60
candidate,20260905,3,3,-8.0,2.5,0,0,0,0,0,0,0,0.06666666666666667,30,2.2847901408871016,2.880374900996685,2.9013119637966156,0,60
candidate,20260906,0,2,49.0,1.0,1,0,0,0,0,0,0,0.0,30,2.4432223911086717,2.957148477435112,2.98505462706089,0,60
candidate,20260906,1,2,40.0,1.0,1,0,0,0,0,0,0,0.0,37,2.3536002011717976,2.908303588628769,2.912953495979309,0,74
candidate,20260906,2,2,34.0,1.0,1,0,0,0,0,0,0,0.045454545454545456,44,2.3303831165487114,3.0029508285224438,3.1254757195711136,0,88
candidate,20260906,3,2,-8.0,2.5,0,0,0,0,0,0,0,0.0,30,2.3166420559088388,2.9174250550568104,2.951238304376602,0,60
candidate,20260907,0,1,44.0,1.0,1,0,0,0,0,0,0,0.06,50,2.317018397152424,2.6366216130554676,2.88408063352108,0,100
candidate,20260907,1,1,-8.0,2.5,0,0,0,0,0,0,0,0.058823529411764705,51,2.275366372629708,2.666185609996319,2.8320755809545517,0,102
candidate,20260907,2,1,-8.0,2.5,0,0,0,0,0,0,0,0.0196078431372549,51,2.390493036193006,3.0033206567168236,4.507645964622498,0,102
candidate,20260907,3,1,-28.0,4.0,0,0,1,20,0,0,0,0.02,50,2.3140526190400124,2.855362743139267,2.9218513518571854,0,100
candidate,20260908,0,1,-8.0,2.5,0,0,0,0,0,0,0,0.0,79,2.4759676778995536,3.249804675579071,3.626033663749695,0,158
candidate,20260908,1,1,-19.0,4.0,0,0,1,11,0,0,0,0.0379746835443038,79,2.3767450423557546,3.0395038425922394,3.147268667817116,0,158
candidate,20260908,2,1,-33.0,4.0,0,0,1,25,0,0,0,0.02857142857142857,70,2.2957565262913704,2.785835973918438,2.884387969970703,0,140
candidate,20260908,3,1,35.0,1.0,1,0,0,0,0,0,0,0.03125,64,2.28010315913707,2.798022143542766,2.8576888144016266,0,128
candidate,20260909,0,0,33.0,1.0,1,0,0,0,0,0,0,0.06666666666666667,45,2.343431363503138,2.8535280376672745,2.896655350923538,0,90
candidate,20260909,1,0,-8.0,2.5,0,0,0,0,0,0,0,0.022222222222222223,45,2.316200112303098,2.7996499091386795,2.86160409450531,0,90
candidate,20260909,2,0,-17.0,4.0,0,0,1,9,0,0,0,0.06,50,2.2837844491004944,2.8834818862378597,2.952156588435173,0,100
candidate,20260909,3,0,-8.0,2.5,0,0,0,0,0,0,0,0.06666666666666667,45,2.2893779393699436,2.8226610273122787,2.8883665800094604,0,90
candidate,20260910,0,2,-21.0,3.0,0,0,0,0,0,0,0,0.0,38,2.432959644418014,3.032307233661413,3.1587816774845123,0,77
candidate,20260910,1,2,-21.0,3.0,0,0,0,0,0,0,0,0.02631578947368421,38,2.367346057374226,2.975853718817234,3.0297767370939255,0,77
candidate,20260910,2,2,48.0,1.0,1,0,0,0,0,0,0,0.0,46,2.3296193989074747,2.944501582533121,2.9808077961206436,0,92
candidate,20260910,3,2,-21.0,3.0,0,0,0,0,0,0,0,0.0,40,2.318168245255947,2.8965894132852554,2.930629998445511,0,81
candidate,20260911,0,1,-8.0,2.5,0,0,0,0,0,0,0,0.0,52,2.4738701848456492,3.2098117284476757,3.463730216026306,0,104
candidate,20260911,1,1,34.0,1.0,1,0,0,0,0,0,0,0.057692307692307696,52,2.2771361713799148,2.6942251250147815,2.8354115784168243,0,104
candidate,20260911,2,1,-8.0,2.5,0,0,0,0,0,0,0,0.030303030303030304,33,2.290715209462426,2.739435061812401,2.79807485640049,0,66
candidate,20260911,3,1,-18.0,4.0,0,0,1,10,0,0,0,0.0,52,2.407136015020884,3.219843376427889,3.3035874366760254,0,104
candidate,20260912,0,0,-17.0,4.0,0,0,1,9,0,0,0,0.023255813953488372,43,2.4474347660014795,3.2219113782048225,3.2762903720140457,0,86
candidate,20260912,1,0,-8.0,2.5,0,0,0,0,0,0,0,0.023809523809523808,42,2.458189303676287,3.2972361892461777,3.5148635506629944,0,84
candidate,20260912,2,0,-20.0,3.0,0,0,0,0,0,0,0,0.02,50,2.327676899731159,2.9029417783021927,2.937687560915947,0,101
candidate,20260912,3,0,-8.0,2.5,0,0,0,0,0,0,0,0.0,43,2.3940682497828507,3.0491026118397713,3.0741672962903976,0,86
candidate,20260913,0,0,66.0,1.0,1,1,0,0,0,0,0,0.05263157894736842,38,2.3633625946546855,2.8642253018915653,3.3476799726486206,0,75
candidate,20260913,1,0,-22.0,3.0,0,0,0,0,0,0,0,0.05405405405405406,37,2.3269973493911125,2.82825194299221,3.0044429004192352,0,75
candidate,20260913,2,0,-22.0,3.0,0,0,0,0,0,0,0,0.08108108108108109,37,2.296666136464557,2.8041977435350414,2.8948914259672165,0,75
candidate,20260913,3,0,-22.0,3.0,0,0,0,0,0,0,0,0.0,37,2.4257486031667606,3.2549232244491573,3.3445656299591064,0,75
candidate,20260914,0,3,33.0,1.0,1,0,0,0,0,0,0,0.0410958904109589,73,2.3311227049729597,2.7502942830324173,2.940686419606209,0,146
candidate,20260914,1,3,-8.0,2.5,0,0,0,0,0,0,0,0.03389830508474576,59,2.362119665337821,2.968781441450119,3.02092544734478,0,118
candidate,20260914,2,3,-8.0,2.5,0,0,0,0,0,0,0,0.03389830508474576,59,2.3225435702982598,2.8702160343527794,2.99912691116333,0,118
candidate,20260914,3,3,-8.0,2.5,0,0,0,0,0,0,0,0.01694915254237288,59,2.356024174872091,3.031589649617671,3.47144715487957,0,118
candidate,20260915,0,1,0.0,2.5,0,0,0,0,0,1,1,0.0,82,2.59574523150194,3.4868531860411167,4.8643797636032104,0,164
candidate,20260915,1,1,0.0,2.5,0,0,0,0,0,1,0,0.012195121951219513,82,2.384015040971884,3.1187664717435837,3.6437902599573135,0,164
candidate,20260915,2,1,-28.0,4.0,0,0,1,20,0,0,0,0.015384615384615385,65,2.3095913231372833,2.8030119836330414,2.8726793825626373,0,130
candidate,20260915,3,1,0.0,2.5,0,0,0,0,0,1,1,0.036585365853658534,82,2.3316610377372764,2.9237050563097,5.296381190419197,0,164
candidate,20260916,0,0,38.0,1.0,1,0,0,0,0,0,0,0.0425531914893617,47,2.323582451394264,2.6291875168681145,2.9139891266822815,0,94
candidate,20260916,1,0,-23.0,4.0,0,0,1,15,0,0,0,0.024390243902439025,41,2.3063530736580127,2.6824958622455597,2.8961487114429474,0,82
candidate,20260916,2,0,-8.0,2.5,0,0,0,0,0,0,0,0.0975609756097561,41,2.4767433088727113,2.902492880821228,7.494306191802025,0,82
candidate,20260916,3,0,-8.0,2.5,0,0,0,0,0,0,0,0.024390243902439025,41,2.3005541595743924,2.85978801548481,2.875175327062607,0,82
candidate,20260917,0,1,-8.0,2.5,0,0,0,0,0,0,0,0.02127659574468085,47,2.3635044456162353,2.8379708528518672,2.946075052022934,0,94
candidate,20260917,1,1,-8.0,2.5,0,0,0,0,0,0,0,0.014925373134328358,67,2.334660308352157,2.8734877705574036,3.760160878300667,0,134
candidate,20260917,2,1,39.0,1.0,1,0,0,0,0,0,0,0.03636363636363636,55,2.245964076031338,2.605132758617401,2.644076943397522,0,110
candidate,20260917,3,1,-17.0,4.0,0,0,1,9,0,0,0,0.04081632653061224,49,2.3270686898304493,2.884771302342415,2.9789190739393234,0,98
candidate,20260918,0,1,-8.0,2.5,0,0,0,0,0,0,0,0.045454545454545456,44,2.3788073608143763,2.9369073919951916,3.065848723053932,0,88
candidate,20260918,1,1,66.0,1.0,1,1,0,0,0,0,0,0.05714285714285714,35,2.2934002535683766,2.682642824947834,2.817876636981964,0,69
candidate,20260918,2,1,-8.0,2.5,0,0,0,0,0,0,0,0.02040816326530612,49,2.3752398104691994,3.075437620282173,3.2720807939767838,0,98
candidate,20260918,3,1,-8.0,2.5,0,0,0,0,0,0,0,0.038461538461538464,52,2.3438895765978556,3.0455412343144417,3.131529316306114,0,104
candidate,20260919,0,0,66.0,1.0,1,1,0,0,0,0,0,0.05405405405405406,37,2.3261668613633595,2.8109800070524216,2.8815213590860367,0,74
candidate,20260919,1,0,-21.0,4.0,0,0,1,13,0,0,0,0.023809523809523808,42,2.4101963444125083,3.0446947552263737,3.2031461596488953,0,85
candidate,20260919,2,0,-8.0,2.5,0,0,0,0,0,0,0,0.023255813953488372,43,2.2992493887973384,2.7415918186306953,2.780480310320854,0,85
candidate,20260919,3,0,-8.0,2.5,0,0,0,0,0,0,0,0.023809523809523808,42,2.312576708694299,2.9157474637031555,2.9791798442602158,0,85
candidate,20260920,0,2,36.0,1.0,1,0,0,0,0,0,0,0.03571428571428571,28,2.4632024578750134,2.9604305513203144,5.430195480585098,0,56
candidate,20260920,1,2,-8.0,2.5,0,0,0,0,0,0,0,0.03333333333333333,30,2.389810855189959,3.0286560766398907,3.066800534725189,0,60
candidate,20260920,2,2,-8.0,2.5,0,0,0,0,0,0,0,0.0,28,2.3202840904039994,2.891742344945669,2.912800759077072,0,56
candidate,20260920,3,2,-20.0,4.0,0,0,1,12,0,0,0,0.0,28,2.3138169864458695,2.858746610581875,2.861667424440384,0,56
candidate,20260921,0,1,-8.0,2.5,0,0,0,0,0,0,0,0.0,52,2.466405312029215,3.2170562073588367,3.4277085214853287,0,104
candidate,20260921,1,1,-34.0,4.0,0,0,1,26,0,0,0,0.04081632653061224,49,2.288899669537739,2.6733793318271637,2.8091389685869217,0,98
candidate,20260921,2,1,36.0,1.0,1,0,0,0,0,0,0,0.0,51,2.392314191834599,3.100832924246788,3.1623709946870804,0,102
candidate,20260921,3,1,0.0,2.5,0,0,0,0,0,1,1,0.0,86,2.4172505147235337,3.232983872294426,3.3593010157346725,0,172
candidate,20260922,0,0,37.0,1.0,1,0,0,0,0,0,0,0.0,62,2.442362538028148,3.102286159992218,3.265116363763809,0,124
candidate,20260922,1,0,-8.0,2.5,0,0,0,0,0,0,0,0.04838709677419355,62,2.2756591619503115,2.63236528262496,2.6800762861967087,0,124
candidate,20260922,2,0,33.0,1.0,1,0,0,0,0,0,0,0.05084745762711865,59,2.307044279019711,2.8447916731238365,2.890242263674736,0,118
candidate,20260922,3,0,-17.0,4.0,0,0,1,9,0,0,0,0.016129032258064516,62,2.344874725226433,2.9216920025646687,2.9894597828388214,0,124
candidate,20260923,0,1,-8.0,2.5,0,0,0,0,0,0,0,0.017241379310344827,58,2.388274104430758,2.820110321044922,3.047700971364975,0,116
candidate,20260923,1,1,-19.0,4.0,0,0,1,11,0,0,0,0.017241379310344827,58,2.5175665023511855,3.282652329653501,4.704209044575691,0,116
candidate,20260923,2,1,-17.0,4.0,0,0,1,9,0,0,0,0.0,47,2.3797933567077556,2.9524601995944977,2.9856637120246887,0,94
candidate,20260923,3,1,35.0,1.0,1,0,0,0,0,0,0,0.0,58,2.4207686876942374,3.2052427530288696,3.3384282141923904,0,116
candidate,20260924,0,2,54.0,1.0,1,1,0,0,0,0,0,0.027777777777777776,36,2.364932300729884,2.9234010726213455,2.978688105940819,0,71
candidate,20260924,1,2,-18.0,3.0,0,0,0,0,0,0,0,0.029411764705882353,34,2.371527035446728,2.9726674780249596,3.090985119342804,0,69
candidate,20260924,2,2,-18.0,3.0,0,0,0,0,0,0,0,0.05714285714285714,35,2.324016551886286,2.880304679274559,3.045884892344475,0,71
candidate,20260924,3,2,-18.0,3.0,0,0,0,0,0,0,0,0.0,35,2.336399576493672,3.042151592671871,3.0785780400037766,0,71
candidate,20260925,0,3,-18.0,4.0,0,0,1,10,0,0,0,0.07317073170731707,41,2.322768656218924,2.637496218085289,2.9548518359661102,0,82
candidate,20260925,1,3,37.0,1.0,1,0,0,0,0,0,0,0.08571428571428572,35,2.3528680205345154,2.9424726963043213,3.103528171777725,0,70
candidate,20260925,2,3,-17.0,4.0,0,0,1,9,0,0,0,0.06666666666666667,30,2.2984009236097336,2.6774736121296883,2.6991236954927444,0,60
candidate,20260925,3,3,-8.0,2.5,0,0,0,0,0,0,0,0.022727272727272728,44,2.310409379953688,2.931487001478672,3.066999837756157,0,88
candidate,20260926,0,1,-17.0,4.0,0,0,1,9,0,0,0,0.03125,32,2.427491592243314,2.964823879301548,2.9947031289339066,0,64
candidate,20260926,1,1,-17.0,3.0,0,0,0,0,0,0,0,0.07692307692307693,39,2.2746319763171368,2.642517536878586,2.844136208295822,0,79
candidate,20260926,2,1,33.0,1.0,1,0,0,0,0,0,0,0.03125,32,2.285778697114438,2.7459136210381985,2.7619563043117523,0,64
candidate,20260926,3,1,-8.0,2.5,0,0,0,0,0,0,0,0.0,32,2.315484103746712,2.857726439833641,2.89296917617321,0,64
candidate,20260927,0,2,-8.0,2.5,0,0,0,0,0,0,0,0.0,68,2.482410438139649,3.181026130914688,3.5498011857271194,0,136
candidate,20260927,1,2,-8.0,2.5,0,0,0,0,0,0,0,0.03125,64,2.3182685545179993,2.767564356327057,2.8160512447357178,0,128
candidate,20260927,2,2,35.0,1.0,1,0,0,0,0,0,0,0.015625,64,2.376729971729219,3.0971252359449863,3.1921882182359695,0,128
candidate,20260927,3,2,33.0,1.0,1,0,0,0,0,0,0,0.02857142857142857,70,2.3129246596779143,2.8760725632309914,3.0436068773269653,0,140
candidate,20260928,0,0,63.0,1.0,1,1,0,0,0,0,0,0.014084507042253521,71,2.3659786445574023,2.80025415122509,2.9563196003437042,0,141
candidate,20260928,1,0,-8.0,2.5,0,0,0,0,0,0,0,0.04918032786885246,61,2.3240132226807173,2.826375886797905,3.0359402298927307,0,122
candidate,20260928,2,0,-20.0,4.0,0,0,1,12,0,0,0,0.017543859649122806,57,2.3452804276817725,2.9515169560909267,3.0584335327148438,0,114
candidate,20260928,3,0,-18.0,3.0,0,0,0,0,0,0,0,0.016666666666666666,60,2.331786882132292,2.8837750665843487,2.986740320920944,0,121
candidate,20260929,0,3,-8.0,2.5,0,0,0,0,0,0,0,0.016129032258064516,62,2.401791482923492,2.898165676742792,3.9143357425928116,0,124
candidate,20260929,1,3,-8.0,2.5,0,0,0,0,0,0,0,0.0,62,2.4275381959253743,3.2417637296020985,3.30938957631588,0,124
candidate,20260929,2,3,0.0,2.5,0,0,0,0,0,1,1,0.022988505747126436,87,2.2889645877240716,2.7795413509011273,2.96754390001297,0,174
candidate,20260929,3,3,-17.0,4.0,0,0,1,9,0,0,0,0.0,62,2.459399522312226,3.368302341550588,3.427727147936821,0,124
candidate,20260930,0,3,-16.0,4.0,0,0,1,8,0,0,0,0.0,60,2.5288108425835767,3.453653212636709,3.6316923797130585,0,120
candidate,20260930,1,3,-19.0,4.0,0,0,1,11,0,0,0,0.04,25,2.3674528300762177,2.915383130311966,2.9273610562086105,0,50
candidate,20260930,2,3,-17.0,4.0,0,0,1,9,0,0,0,0.0196078431372549,51,2.318237999490663,2.8650928288698196,2.950534224510193,0,102
candidate,20260930,3,3,-17.0,4.0,0,0,1,9,0,0,0,0.045454545454545456,44,2.3280639963393863,2.9432172887027264,2.9785633087158203,0,88
candidate,20260931,0,1,48.0,1.0,1,1,0,0,0,0,0,0.0,42,2.4083020342957404,3.026244603097439,3.289785236120224,0,83
candidate,20260931,1,1,-21.0,3.0,0,0,0,0,0,0,0,0.044444444444444446,45,2.296700535549058,2.7212701737880707,2.8893426060676575,0,91
candidate,20260931,2,1,-21.0,3.0,0,0,0,0,0,0,0,0.06666666666666667,45,2.262424429257711,2.6196613907814026,2.826843410730362,0,91
candidate,20260931,3,1,-22.0,4.0,0,0,1,14,0,0,0,0.013157894736842105,76,2.367988792493155,3.0814874917268753,3.2541118562221527,0,152
candidate,20260932,0,0,-8.0,2.5,0,0,0,0,0,0,0,0.0,39,2.4900828034449844,3.2415270805358887,3.327924758195877,0,78
candidate,20260932,1,0,-8.0,2.5,0,0,0,0,0,0,0,0.05,40,2.2965291514992714,2.706737536936998,2.9631126672029495,0,80
candidate,20260932,2,0,-21.0,4.0,0,0,1,13,0,0,0,0.0,39,2.3573216241903796,2.9994258657097816,3.0543990433216095,0,78
candidate,20260932,3,0,-8.0,2.5,0,0,0,0,0,0,0,0.05128205128205128,39,2.2534985477343583,2.666916698217392,2.789938822388649,0,78
candidate,20260933,0,3,0.0,2.5,0,0,0,0,0,1,0,0.023809523809523808,84,2.370423526458797,2.8414673171937466,2.9395297169685364,0,168
candidate,20260933,1,3,-20.0,4.0,0,0,1,12,0,0,0,0.04878048780487805,41,2.2860272537644315,2.6882439851760864,2.7217045426368713,0,82
candidate,20260933,2,3,-8.0,2.5,0,0,0,0,0,0,0,0.037037037037037035,54,2.3043509917678655,2.9455003328621387,2.987336367368698,0,108
candidate,20260933,3,3,-8.0,2.5,0,0,0,0,0,0,0,0.023809523809523808,42,2.3123311056267646,2.82431673258543,2.9927771538496017,0,84
candidate,20260934,0,0,48.0,1.0,1,1,0,0,0,0,0,0.022222222222222223,45,2.348995622661379,2.806941047310829,2.8754137456417084,0,89
candidate,20260934,1,0,-19.0,4.0,0,0,1,11,0,0,0,0.027777777777777776,72,2.305011161499553,2.70598279312253,2.870732918381691,0,144
candidate,20260934,2,0,-36.0,3.0,0,0,0,0,0,0,0,0.0,81,2.481455949169618,3.481978550553322,3.752291202545166,0,163
candidate,20260934,3,0,-16.0,3.0,0,0,0,0,0,0,0,0.0,46,2.379547197209752,2.9973583295941353,3.0212681740522385,0,93
candidate,20260935,0,3,-8.0,2.5,0,0,0,0,0,0,0,0.02564102564102564,39,2.3567207539692903,2.791646681725979,2.8851069509983063,0,78
candidate,20260935,1,3,49.0,1.0,1,0,0,0,0,0,0,0.0,39,2.4517938876763368,3.217904828488827,3.4108906984329224,0,78
candidate,20260935,2,3,-8.0,2.5,0,0,0,0,0,0,0,0.02564102564102564,39,2.2873721348169522,2.766912244260311,2.863667905330658,0,78
candidate,20260935,3,3,-33.0,4.0,0,0,1,25,0,0,0,0.05128205128205128,39,2.3069867434409947,2.940807305276394,3.055507317185402,0,78
candidate,20260936,0,0,-31.0,3.0,0,0,0,0,0,0,0,0.0,39,2.385600541646664,2.8513887897133827,2.910815179347992,0,79
candidate,20260936,1,0,-31.0,3.0,0,0,0,0,0,0,0,0.0,39,2.395961147088271,2.9832592234015465,3.0178334563970566,0,79
candidate,20260936,2,0,-31.0,3.0,0,0,0,0,0,0,0,0.0,39,2.4127976921124334,3.1349120661616325,3.4375879913568497,0,79
candidate,20260936,3,0,93.0,1.0,1,1,0,0,0,0,0,0.0,40,2.4193715769797564,3.448547888547181,3.762640058994293,0,79
candidate,20260937,0,0,-16.0,3.0,0,0,0,0,0,0,0,0.0625,32,2.3559670080430806,2.9128926806151867,3.001062199473381,0,65
candidate,20260937,1,0,48.0,1.0,1,1,0,0,0,0,0,0.09090909090909091,33,2.2833017124371096,2.7338236570358276,2.8688162565231323,0,65
candidate,20260937,2,0,-16.0,3.0,0,0,0,0,0,0,0,0.058823529411764705,34,2.293571555877433,2.7761023491621017,2.8489138931035995,0,69
candidate,20260937,3,0,-16.0,3.0,0,0,0,0,0,0,0,0.0,28,2.4410981152738844,3.393048979341984,3.46330925822258,0,57
candidate,20260938,0,3,-8.0,2.5,0,0,0,0,0,0,0,0.037037037037037035,27,2.4524480794314987,3.1300393864512444,3.404945135116577,0,54
candidate,20260938,1,3,-8.0,2.5,0,0,0,0,0,0,0,0.037037037037037035,27,2.4166897767119937,3.1620312482118607,3.2068435102701187,0,54
candidate,20260938,2,3,-18.0,4.0,0,0,1,10,0,0,0,0.0,27,2.373586995182214,3.000618703663349,3.0445270240306854,0,54
candidate,20260938,3,3,34.0,1.0,1,0,0,0,0,0,0,0.037037037037037035,27,2.3534015786868556,3.045157343149185,3.2435692846775055,0,54
candidate,20260939,0,3,-19.0,3.0,0,0,0,0,0,0,0,0.021739130434782608,46,2.3630456594021423,2.8728037141263485,2.961680293083191,0,93
candidate,20260939,1,3,-19.0,3.0,0,0,0,0,0,0,0,0.08695652173913043,46,2.2793217845585034,2.670956775546074,2.811359241604805,0,93
candidate,20260939,2,3,57.0,1.0,1,1,0,0,0,0,0,0.0425531914893617,47,2.282800707728305,2.7192292734980583,2.8564203530550003,0,93
candidate,20260939,3,3,-19.0,3.0,0,0,0,0,0,0,0,0.0,46,2.3826691929412926,3.1628753058612347,3.181464970111847,0,93
candidate,20260940,0,2,-20.0,3.0,0,0,0,0,0,0,0,0.0,26,2.3953554292137804,2.8936611488461494,2.91367806494236,0,53
candidate,20260940,1,2,-18.0,3.0,0,0,0,0,0,0,0,0.0,30,2.501793454090754,3.475836850702762,3.61582450568676,0,61
candidate,20260940,2,2,54.0,1.0,1,1,0,0,0,0,0,0.05714285714285714,35,2.295286474483354,2.909805253148079,2.973722293972969,0,69
candidate,20260940,3,2,-20.0,3.0,0,0,0,0,0,0,0,0.0,26,2.3368730997809997,2.9473621398210526,2.973368391394615,0,53
candidate,20260941,0,1,-17.0,4.0,0,0,1,9,0,0,0,0.043478260869565216,23,2.417267907572829,2.9270192608237267,3.0124392360448837,0,46
candidate,20260941,1,1,-8.0,2.5,0,0,0,0,0,0,0,0.034482758620689655,29,2.345505266867835,2.858787402510643,2.923872321844101,0,58
candidate,20260941,2,1,-8.0,2.5,0,0,0,0,0,0,0,0.047619047619047616,42,2.321143812012105,3.002212755382061,3.0211396515369415,0,84
candidate,20260941,3,1,39.0,1.0,1,0,0,0,0,0,0,0.047619047619047616,42,2.2536635487562133,2.6557225733995438,2.6678163558244705,0,84
candidate,20260942,0,2,-18.0,4.0,0,0,1,10,0,0,0,0.0,42,2.6725826873665763,4.102168977260588,4.6172551810741425,0,84
candidate,20260942,1,2,34.0,1.0,1,0,0,0,0,0,0,0.023809523809523808,42,2.3352612430850663,2.7816410176455975,2.8819050639867783,0,84
candidate,20260942,2,2,-8.0,2.5,0,0,0,0,0,0,0,0.023809523809523808,42,2.313485014296713,2.8756240382790565,2.894807606935501,0,84
candidate,20260942,3,2,-8.0,2.5,0,0,0,0,0,0,0,0.023809523809523808,42,2.370570697599933,3.119664266705513,3.173118457198143,0,84
candidate,20260943,0,3,-8.0,2.5,0,0,0,0,0,0,0,0.022727272727272728,44,2.357819117605686,2.761862613260746,2.912025898694992,0,88
candidate,20260943,1,3,-8.0,2.5,0,0,0,0,0,0,0,0.030303030303030304,33,2.4356794063792084,3.1213946640491486,3.612486645579338,0,66
candidate,20260943,2,3,-16.0,4.0,0,0,1,8,0,0,0,0.030303030303030304,33,2.3490534248677166,2.9559671878814697,3.0610915273427963,0,66
candidate,20260943,3,3,32.0,1.0,1,0,0,0,0,0,0,0.06060606060606061,33,2.2690153934738855,2.8062112629413605,2.883315086364746,0,66
candidate,20260944,0,3,-23.0,3.0,0,0,0,0,0,0,0,0.047619047619047616,21,2.3901725986174176,2.921042963862419,3.0031800270080566,0,43
candidate,20260944,1,3,-23.0,3.0,0,0,0,0,0,0,0,0.09523809523809523,21,2.3608695538271043,3.0153393745422363,3.030087798833847,0,43
candidate,20260944,2,3,69.0,1.0,1,1,0,0,0,0,0,0.0,22,2.368517897345803,3.059952612966299,3.207869827747345,0,43
candidate,20260944,3,3,-23.0,3.0,0,0,0,0,0,0,0,0.0,21,2.2853048784392223,2.881459891796112,2.914123237133026,0,43
candidate,20260945,0,1,-8.0,2.5,0,0,0,0,0,0,0,0.0,29,2.4115050147319663,2.941080555319786,2.965044230222702,0,58
candidate,20260945,1,1,-16.0,4.0,0,0,1,8,0,0,0,0.05128205128205128,39,2.432386319224651,3.133830986917019,3.242179751396179,0,78
candidate,20260945,2,1,-8.0,2.5,0,0,0,0,0,0,0,0.05128205128205128,39,2.347800403069227,3.0573636293411255,3.162490203976631,0,78
candidate,20260945,3,1,35.0,1.0,1,0,0,0,0,0,0,0.06666666666666667,30,2.26840457568566,2.6437426917254925,2.730170264840126,0,60
candidate,20260946,0,2,-16.0,4.0,0,0,1,8,0,0,0,0.043478260869565216,69,2.312427548610646,2.592632919549942,2.8873104602098465,0,138
candidate,20260946,1,2,-18.0,4.0,0,0,1,10,0,0,0,0.030303030303030304,66,2.30995523320003,2.8251041658222675,2.87768617272377,0,132
candidate,20260946,2,2,-8.0,2.5,0,0,0,0,0,0,0,0.0,66,2.33059207146818,2.9800916090607643,3.092298284173012,0,132
candidate,20260946,3,2,0.0,2.5,0,0,0,0,0,1,1,0.02197802197802198,91,2.3029205276743396,2.7899937704205513,2.940146252512932,0,182
candidate,20260947,0,0,-23.0,4.0,0,0,1,15,0,0,0,0.041666666666666664,48,2.336984034627676,2.8006133623421188,3.0936431139707565,0,96
candidate,20260947,1,0,-8.0,2.5,0,0,0,0,0,0,0,0.020833333333333332,48,2.3538839304819703,2.9073499143123627,2.987232059240341,0,96
candidate,20260947,2,0,57.0,1.0,1,1,0,0,0,0,0,0.0,46,2.4045823222917058,3.1637409701943398,3.441866487264633,0,91
candidate,20260947,3,0,-8.0,2.5,0,0,0,0,0,0,0,0.0,48,2.329864112349848,2.879899926483631,3.211645409464836,0,96
candidate,20260948,0,3,-8.0,2.5,0,0,0,0,0,0,0,0.02702702702702703,37,2.325008950523428,2.7063250541687007,2.873603254556656,0,74
candidate,20260948,1,3,32.0,1.0,1,0,0,0,0,0,0,0.02702702702702703,37,2.3954378793368467,3.0791226774454117,3.168005496263504,0,74
candidate,20260948,2,3,-16.0,4.0,0,0,1,8,0,0,0,0.0,38,2.3332337701791213,2.926124446094036,3.0081644654273987,0,76
candidate,20260948,3,3,-16.0,4.0,0,0,1,8,0,0,0,0.0,37,2.3256549359978855,2.966942638158798,3.1265337020158768,0,74
candidate,20260949,0,0,-20.0,3.0,0,0,0,0,0,0,0,0.0375,80,2.299927081912756,2.571304701268673,2.895522862672806,0,161
candidate,20260949,1,0,-22.0,4.0,0,0,1,14,0,0,0,0.03225806451612903,62,2.2989179818860945,2.7054013684391975,2.82994844019413,0,124
candidate,20260949,2,0,-8.0,2.5,0,0,0,0,0,0,0,0.0,73,2.3488541171975332,3.025095909833908,3.1661633402109146,0,146
candidate,20260949,3,0,0.0,2.5,0,0,0,0,0,1,0,0.0,80,2.329921768978238,3.018569201231003,3.058210015296936,0,160
candidate,20260950,0,3,48.0,1.0,1,1,0,0,0,0,0,0.01639344262295082,61,2.3522797788752885,2.863619476556778,2.918662503361702,0,121
candidate,20260950,1,3,-19.0,4.0,0,0,1,11,0,0,0,0.0,35,2.3435174354485104,2.9854118824005127,3.02053801715374,0,70
candidate,20260950,2,3,-24.0,4.0,0,0,1,16,0,0,0,0.015384615384615385,65,2.3112030843129525,2.8920065611600876,2.9251668602228165,0,130
candidate,20260950,3,3,-8.0,2.5,0,0,0,0,0,0,0,0.0,65,2.4297216763863196,3.25101837515831,3.517383709549904,0,130
candidate,20260951,0,1,48.0,1.0,1,1,0,0,0,0,0,0.0,53,2.542062293527261,3.56755368411541,3.62410768866539,0,105
candidate,20260951,1,1,-18.0,4.0,0,0,1,10,0,0,0,0.0,58,2.349059579187426,2.90116248652339,2.966826781630516,0,116
candidate,20260951,2,1,0.0,2.5,0,0,0,0,0,1,1,0.0,84,2.4318872463135492,3.2012388110160828,3.610098734498024,0,168
candidate,20260951,3,1,-8.0,2.5,0,0,0,0,0,0,0,0.01694915254237288,59,2.343531476996713,3.034083731472492,3.048686310648918,0,118
candidate,20260952,0,2,-33.0,3.0,0,0,0,0,0,0,0,0.0,70,2.396699520094054,2.992171887308359,3.1780079007148743,0,141
candidate,20260952,1,2,-33.0,3.0,0,0,0,0,0,0,0,0.05970149253731343,67,2.281763104360495,2.790778689086437,2.917591482400894,0,135
candidate,20260952,2,2,-33.0,3.0,0,0,0,0,0,0,0,0.04477611940298507,67,2.273200858217567,2.6848772540688515,2.849118784070015,0,135
candidate,20260952,3,2,34.0,1.0,1,0,0,0,0,0,0,0.020833333333333332,48,2.3349428083747625,2.9028194956481457,3.000464290380478,0,96
candidate,20260953,0,0,48.0,1.0,1,1,0,0,0,0,0,0.0,33,2.413517823725036,2.970123663544655,3.0000675469636917,0,65
candidate,20260953,1,0,-16.0,3.0,0,0,0,0,0,0,0,0.0,36,2.376667016910182,3.043736331164837,3.111744299530983,0,73
candidate,20260953,2,0,-16.0,3.0,0,0,0,0,0,0,0,0.027777777777777776,36,2.3343719335065947,2.9492215253412724,3.0478984117507935,0,73
candidate,20260953,3,0,-16.0,3.0,0,0,0,0,0,0,0,0.027777777777777776,36,2.3703030310571194,3.073060419410467,3.3964086323976517,0,73
candidate,20260954,0,0,0.0,2.5,0,0,0,0,0,1,1,0.0,84,2.542557217003334,3.52323604747653,3.904564306139946,0,168
candidate,20260954,1,0,35.0,1.0,1,0,0,0,0,0,0,0.02531645569620253,79,2.3536177092715156,3.0369676649570465,3.0586421489715576,0,158
candidate,20260954,2,0,-21.0,3.0,0,0,0,0,0,0,0,0.023255813953488372,43,2.346576386412909,2.8936270624399185,3.0250921845436096,0,87
candidate,20260954,3,0,-23.0,4.0,0,0,1,15,0,0,0,0.03614457831325301,83,2.2975401167409966,2.884876355528831,3.1064916402101517,0,166
candidate,20260955,0,2,-16.0,4.0,0,0,1,8,0,0,0,0.030303030303030304,66,2.3638142950155516,2.814880106598139,2.931775525212288,0,131
candidate,20260955,1,2,-8.0,2.5,0,0,0,0,0,0,0,0.0,73,2.522903456263346,3.487801179289818,3.7497542798519135,0,147
candidate,20260955,2,2,32.0,1.0,1,0,0,0,0,0,0,0.0136986301369863,73,2.3173409424824256,2.836902439594269,2.9401853680610657,0,147
candidate,20260955,3,2,0.0,2.5,0,0,0,0,0,1,1,0.023529411764705882,85,2.2923530682044873,2.7564503252506256,2.778938040137291,0,170
candidate,20260956,0,2,-8.0,2.5,0,0,0,0,0,0,0,0.030303030303030304,33,2.36717617195664,2.8427571058273315,2.897316589951515,0,66
candidate,20260956,1,2,-8.0,2.5,0,0,0,0,0,0,0,0.0,35,2.4329930543899536,3.158960677683353,3.3123083412647247,0,70
candidate,20260956,2,2,-21.0,4.0,0,0,1,13,0,0,0,0.0,33,2.3161707389535326,3.0000105500221252,3.0975081026554108,0,66
candidate,20260956,3,2,-8.0,2.5,0,0,0,0,0,0,0,0.09090909090909091,33,2.248128085876956,2.665623277425766,2.666214480996132,0,66
candidate,20260957,0,2,33.0,1.0,1,0,0,0,0,0,0,0.027777777777777776,36,2.4213851429522038,3.096962347626686,3.1829681247472763,0,72
candidate,20260957,1,2,-8.0,2.5,0,0,0,0,0,0,0,0.03125,32,2.321455627679825,2.8167969547212124,2.8690434992313385,0,64
candidate,20260957,2,2,-8.0,2.5,0,0,0,0,0,0,0,0.020833333333333332,48,2.3081436132391295,2.8889273293316364,3.092793747782707,0,96
candidate,20260957,3,2,-17.0,4.0,0,0,1,9,0,0,0,0.016129032258064516,62,2.3094467638481047,2.913371380418539,3.3856648951768875,0,124
candidate,20260958,0,3,-8.0,2.5,0,0,0,0,0,0,0,0.0,30,2.3993455494443574,3.0718669295310974,3.120550885796547,0,60
candidate,20260958,1,3,-22.0,3.0,0,0,0,0,0,0,0,0.027777777777777776,36,2.3569556780987315,2.9012789018452168,3.008192405104637,0,73
candidate,20260958,2,3,-8.0,2.5,0,0,0,0,0,0,0,0.03333333333333333,30,2.321469411253929,2.854598220437765,2.881966531276703,0,60
candidate,20260958,3,3,-17.0,4.0,0,0,1,9,0,0,0,0.02040816326530612,49,2.313546304191862,2.8760064393281937,2.979295328259468,0,98
candidate,20260959,0,1,-25.0,3.0,0,0,0,0,0,0,0,0.0,28,2.3964011509503638,2.967692259699106,2.9983166605234146,0,57
candidate,20260959,1,1,75.0,1.0,1,1,0,0,0,0,0,0.10344827586206896,29,2.266503163966639,2.7669224888086315,2.9072239995002747,0,57
candidate,20260959,2,1,-25.0,3.0,0,0,0,0,0,0,0,0.10714285714285714,28,2.2545112962169305,2.663832250982523,2.8402842581272125,0,57
candidate,20260959,3,1,-25.0,3.0,0,0,0,0,0,0,0,0.07142857142857142,28,2.368485288960593,2.948168572038412,3.353698179125786,0,57
candidate,20260960,0,3,54.0,1.0,1,1,0,0,0,0,0,0.02,50,2.369697168469429,2.865070477128029,2.923067659139633,0,99
candidate,20260960,1,3,-17.0,3.0,0,0,0,0,0,0,0,0.03896103896103896,77,2.292325744381199,2.715824171900749,2.869611606001854,0,155
candidate,20260960,2,3,54.0,1.0,1,1,0,0,0,0,0,0.046153846153846156,65,2.3120386382708182,2.981545403599739,3.205869346857071,0,129
candidate,20260960,3,3,-8.0,2.5,0,0,0,0,0,0,0,0.05555555555555555,36,2.283819019794464,2.7054911479353905,2.97645665705204,0,72
candidate,20260961,0,3,-24.0,3.0,0,0,0,0,0,0,0,0.02702702702702703,37,2.4034877282542153,2.9463686048984528,2.99081951379776,0,75
candidate,20260961,1,3,48.0,1.0,1,1,0,0,0,0,0,0.07692307692307693,39,2.3325644433498383,2.8244310989975934,3.548296168446541,0,77
candidate,20260961,2,3,-16.0,3.0,0,0,0,0,0,0,0,0.07894736842105263,38,2.31627610168959,2.921152487397194,3.4164153039455414,0,77
candidate,20260961,3,3,-16.0,3.0,0,0,0,0,0,0,0,0.02631578947368421,38,2.430238957075696,3.2525330781936646,3.7108920514583588,0,77
candidate,20260962,0,1,-8.0,2.5,0,0,0,0,0,0,0,0.022727272727272728,44,2.419942058622837,3.0235289596021175,4.067331552505493,0,88
candidate,20260962,1,1,0.0,2.5,0,0,0,0,0,1,1,0.04395604395604396,91,2.3641021164891485,2.9063792899250984,4.567010328173637,0,182
candidate,20260962,2,1,-8.0,2.5,0,0,0,0,0,0,0,0.041666666666666664,48,2.378961847474178,3.009783010929823,3.287229686975479,0,96
candidate,20260962,3,1,45.0,1.0,1,0,0,0,0,0,0,0.041666666666666664,48,2.360440829458336,2.94306268915534,4.368314519524574,0,96
candidate,20260963,0,3,34.0,1.0,1,0,0,0,0,0,0,0.0,23,2.6714693269003993,3.9766699075698844,4.5960769057273865,0,46
candidate,20260963,1,3,-8.0,2.5,0,0,0,0,0,0,0,0.0,23,2.495091489475706,3.2086959108710285,4.228200763463974,0,46
candidate,20260963,2,3,-18.0,4.0,0,0,1,10,0,0,0,0.043478260869565216,23,2.3840147516001826,3.2575031742453566,4.246776923537254,0,46
candidate,20260963,3,3,-8.0,2.5,0,0,0,0,0,0,0,0.043478260869565216,23,2.3399424617705136,3.023439086973667,3.1525008380413055,0,46
candidate,20260964,0,2,75.0,1.0,1,1,0,0,0,0,0,0.01818181818181818,55,2.374569529836828,2.79028806835413,4.241764545440674,0,109
candidate,20260964,1,2,39.0,1.0,1,0,0,0,0,0,0,0.07894736842105263,38,2.3860013308493713,3.0242924578487864,3.827843815088272,0,76
candidate,20260964,2,2,-24.0,3.0,0,0,0,0,0,0,0,0.018518518518518517,54,2.3856823918996035,2.9987923800945278,3.2506082206964493,0,109
candidate,20260964,3,2,-24.0,3.0,0,0,0,0,0,0,0,0.018518518518518517,54,2.331791583586622,2.8732197359204292,2.93642096221447,0,109
candidate,20260965,0,2,-16.0,4.0,0,0,1,8,0,0,0,0.0,29,2.5978558536233574,3.364189714193344,5.221063271164894,0,58
candidate,20260965,1,2,-8.0,2.5,0,0,0,0,0,0,0,0.038461538461538464,52,2.362172513340528,3.0944989994168273,3.957962617278099,0,104
candidate,20260965,2,2,-17.0,4.0,0,0,1,9,0,0,0,0.0,39,2.636731817172124,3.545182943344116,5.240034312009811,0,78
candidate,20260965,3,2,-17.0,3.0,0,0,0,0,0,0,0,0.0,57,2.403669059276581,3.1147975474596024,3.2986532896757126,0,115
candidate,20260966,0,1,41.0,1.0,1,0,0,0,0,0,0,0.022727272727272728,44,2.4267308921976523,2.982486225664616,3.614792600274086,0,88
candidate,20260966,1,1,-18.0,4.0,0,0,1,10,0,0,0,0.0,44,2.4438011036677794,3.0811723321676254,3.4269150346517563,0,88
candidate,20260966,2,1,-8.0,2.5,0,0,0,0,0,0,0,0.01694915254237288,59,2.420214367872578,3.158943541347979,4.584582522511482,0,118
candidate,20260966,3,1,-8.0,2.5,0,0,0,0,0,0,0,0.02,50,2.367122359573841,3.0785019509494305,4.3506380170583725,0,100
candidate,20260967,0,1,-19.0,4.0,0,0,1,11,0,0,0,0.0,37,2.4392727661777185,2.9843918979167907,4.291808232665062,0,74
candidate,20260967,1,1,36.0,1.0,1,0,0,0,0,0,0,0.0,61,2.397647432860781,3.102801740169525,4.3274108320474625,0,122
candidate,20260967,2,1,-8.0,2.5,0,0,0,0,0,0,0,0.01639344262295082,61,2.380454302078388,3.0431654304265976,3.461083397269249,0,122
candidate,20260967,3,1,-8.0,2.5,0,0,0,0,0,0,0,0.01639344262295082,61,2.3909291160888357,3.0648931860923767,4.527349025011063,0,122
candidate,20260968,0,0,0.0,2.5,0,0,0,0,0,1,0,0.0,84,2.5220091144243875,3.1795126385986805,4.532903432846069,0,168
candidate,20260968,1,0,-8.0,2.5,0,0,0,0,0,0,0,0.031746031746031744,63,2.3862276935861226,3.1245257705450054,3.606008365750313,0,126
candidate,20260968,2,0,0.0,2.5,0,0,0,0,0,1,1,0.022222222222222223,90,2.3332152515649796,2.874255273491144,4.076976329088211,0,180
candidate,20260968,3,0,34.0,1.0,1,0,0,0,0,0,0,0.011363636363636364,88,2.5359100492840465,3.534831572324037,4.8869699239730835,0,176
candidate,20260969,0,0,0.0,2.5,0,0,0,0,0,1,0,0.0,84,2.568377758420649,3.347724769264459,4.971876740455627,0,168
candidate,20260969,1,0,0.0,2.5,0,0,0,0,0,1,1,0.011363636363636364,88,2.382236808030443,2.8684353455901146,3.880556672811508,0,176
candidate,20260969,2,0,-8.0,2.5,0,0,0,0,0,0,0,0.0,68,2.503699677831986,3.381881583482027,4.2268019169569016,0,136
candidate,20260969,3,0,-17.0,4.0,0,0,1,9,0,0,0,0.045454545454545456,66,2.2874537460280187,2.830228768289089,3.396974876523018,0,132
candidate,20260970,0,1,-8.0,2.5,0,0,0,0,0,0,0,0.0,46,2.5252716453826944,3.3681774511933327,3.5914331674575806,0,92
candidate,20260970,1,1,-8.0,2.5,0,0,0,0,0,0,0,0.043478260869565216,46,2.359649044987948,2.8541982173919678,3.3114533871412277,0,92
candidate,20260970,2,1,-19.0,4.0,0,0,1,11,0,0,0,0.021739130434782608,46,2.402352695555791,3.2457890920341015,4.098221659660339,0,92
candidate,20260970,3,1,32.0,1.0,1,0,0,0,0,0,0,0.046511627906976744,43,2.4640564048706097,3.43620665371418,3.9494000375270844,0,86
candidate,20260971,0,3,168.0,1.0,1,1,0,0,0,0,0,0.1,30,2.3414823537071547,2.90076695382595,3.207029774785042,0,59
candidate,20260971,1,3,-8.0,2.5,0,0,0,0,0,0,0,0.06666666666666667,15,2.4040747433900833,2.9754981398582454,3.221975639462471,0,30
candidate,20260971,2,3,-8.0,2.5,0,0,0,0,0,0,0,0.09523809523809523,21,2.3505654895589467,3.002932295203209,3.1216926872730255,0,42
candidate,20260971,3,3,-8.0,2.5,0,0,0,0,0,0,0,0.0,16,2.340611768886447,3.187918569892645,3.7681516259908676,0,32
candidate,20260972,0,3,-18.0,4.0,0,0,1,10,0,0,0,0.04878048780487805,41,2.459118415306254,2.946672961115837,5.586482584476471,0,82
candidate,20260972,1,3,33.0,1.0,1,0,0,0,0,0,0,0.06451612903225806,62,2.305397463421668,2.9000336304306984,3.3816099166870117,0,124
candidate,20260972,2,3,-8.0,2.5,0,0,0,0,0,0,0,0.06666666666666667,30,2.4551854158441224,3.4520461224019514,4.229811951518059,0,60
candidate,20260972,3,3,-16.0,4.0,0,0,1,8,0,0,0,0.0,30,2.427544134358565,3.381762932986021,3.8601625710725784,0,60
candidate,20260973,0,3,32.0,1.0,1,0,0,0,0,0,0,0.029411764705882353,34,2.4755774065852165,3.2277441583573814,4.147212952375412,0,68
candidate,20260973,1,3,32.0,1.0,1,0,0,0,0,0,0,0.027777777777777776,72,2.4202163331210613,3.3005258068442354,4.425195977091789,0,144
candidate,20260973,2,3,-8.0,2.5,0,0,0,0,0,0,0,0.0,34,2.3839277050950947,3.0196700245141974,3.4138374030590057,0,68
candidate,20260973,3,3,-8.0,2.5,0,0,0,0,0,0,0,0.0,34,2.4276841431856155,3.1170721165835853,4.504591226577759,0,68
candidate,20260974,0,1,-8.0,2.5,0,0,0,0,0,0,0,0.0,73,2.564779087288739,3.3733289688825603,5.171511322259903,0,146
candidate,20260974,1,1,38.0,1.0,1,0,0,0,0,0,0,0.014705882352941176,68,2.4998458102345467,3.1879734247922897,5.460681393742561,0,136
candidate,20260974,2,1,-19.0,4.0,0,0,1,11,0,0,0,0.0,69,2.453656840151635,3.3075433224439617,3.596195951104164,0,138
candidate,20260974,3,1,-22.0,4.0,0,0,1,14,0,0,0,0.029411764705882353,68,2.349867923733066,2.9975460842251778,3.0505210161209106,0,136
candidate,20260975,0,3,-26.0,3.0,0,0,0,0,0,0,0,0.03571428571428571,28,2.357908191957644,2.793804369866848,2.99646332859993,0,57
candidate,20260975,1,3,-26.0,3.0,0,0,0,0,0,0,0,0.0,28,2.444447616913489,3.071948792785406,4.3545495718717575,0,57
candidate,20260975,2,3,-26.0,3.0,0,0,0,0,0,0,0,0.0,30,2.3195844143629074,2.8668299317359924,2.9493849724531174,0,61
candidate,20260975,3,3,78.0,1.0,1,1,0,0,0,0,0,0.034482758620689655,29,2.2698345369306105,2.7240041643381114,2.779589965939522,0,57
candidate,20260976,0,2,-18.0,3.0,0,0,0,0,0,0,0,0.0625,48,2.335399971343577,2.678148914128542,2.8817523270845413,0,97
candidate,20260976,1,2,0.0,2.5,0,0,0,0,0,1,1,0.03529411764705882,85,2.328037010396228,2.689037099480629,3.93693707883358,0,171
candidate,20260976,2,2,-18.0,3.0,0,0,0,0,0,0,0,0.02040816326530612,49,2.512514743269706,3.1940806657075873,6.849499419331551,0,99
candidate,20260976,3,2,-18.0,3.0,0,0,0,0,0,0,0,0.02040816326530612,49,2.346008825971156,2.978294715285301,3.022732213139534,0,99
candidate,20260977,0,2,-21.0,3.0,0,0,0,0,0,0,0,0.0,40,2.573126833885908,3.560048900544643,3.7712473422288895,0,81
candidate,20260977,1,2,-21.0,3.0,0,0,0,0,0,0,0,0.05,40,2.327371807768941,2.7359234169125557,2.86891870200634,0,81
candidate,20260977,2,2,-21.0,3.0,0,0,0,0,0,0,0,0.075,40,2.316688420251012,2.7282460592687126,3.1670965254306793,0,81
candidate,20260977,3,2,63.0,1.0,1,1,0,0,0,0,0,0.0,41,2.329887867700763,2.895411103963852,3.047145903110504,0,81
candidate,20260978,0,0,-8.0,2.5,0,0,0,0,0,0,0,0.05128205128205128,39,2.406552004126402,2.9822893440723424,4.098307341337204,0,78
candidate,20260978,1,0,-28.0,4.0,0,0,1,20,0,0,0,0.02702702702702703,37,2.347464648050231,2.818172797560692,3.6754868924617767,0,74
candidate,20260978,2,0,84.0,1.0,1,1,0,0,0,0,0,0.012658227848101266,79,2.334779034121127,2.898358926177025,3.2242313027381897,0,157
candidate,20260978,3,0,34.0,1.0,1,0,0,0,0,0,0,0.05660377358490566,53,2.2602216955625787,2.6864301413297653,2.857692539691925,0,106
candidate,20260979,0,3,-8.0,2.5,0,0,0,0,0,0,0,0.07142857142857142,28,2.3524948129696504,2.7596283704042435,2.9768627136945724,0,56
candidate,20260979,1,3,-8.0,2.5,0,0,0,0,0,0,0,0.06451612903225806,31,2.3114792401752164,2.747257240116596,2.849070355296135,0,62
candidate,20260979,2,3,-8.0,2.5,0,0,0,0,0,0,0,0.03225806451612903,31,2.2982489918508837,2.8857095167040825,2.9640421271324158,0,62
candidate,20260979,3,3,35.0,1.0,1,0,0,0,0,0,0,0.0,31,2.399948756060293,3.297661431133747,3.466358408331871,0,62
candidate,20260980,0,0,-8.0,2.5,0,0,0,0,0,0,0,0.020833333333333332,48,2.3820697873209915,2.9278927482664585,3.001447767019272,0,96
candidate,20260980,1,0,44.0,1.0,1,0,0,0,0,0,0,0.0,48,2.5845442432910204,3.743452113121748,4.40182164311409,0,96
candidate,20260980,2,0,-8.0,2.5,0,0,0,0,0,0,0,0.0,48,2.3307434748858213,2.904382348060608,2.93722003698349,0,96
candidate,20260980,3,0,-30.0,3.0,0,0,0,0,0,0,0,0.03508771929824561,57,2.281872588291503,2.749565988779068,2.867594361305237,0,115
candidate,20260981,0,3,-17.0,4.0,0,0,1,9,0,0,0,0.0,43,2.410090376817903,2.910122089087963,2.939792349934578,0,86
candidate,20260981,1,3,-32.0,4.0,0,0,1,24,0,0,0,0.022727272727272728,44,2.397176894274625,2.9785324819386005,3.0322689563035965,0,88
candidate,20260981,2,3,-8.0,2.5,0,0,0,0,0,0,0,0.023255813953488372,43,2.2782180891480555,2.725510857999325,2.914339303970337,0,86
candidate,20260981,3,3,-8.0,2.5,0,0,0,0,0,0,0,0.023255813953488372,43,2.31724890858628,2.854503318667412,3.0297748744487762,0,86
candidate,20260982,0,0,-19.0,4.0,0,0,1,11,0,0,0,0.022222222222222223,45,2.3693095478746624,2.8432179242372513,2.910016104578972,0,90
candidate,20260982,1,0,35.0,1.0,1,0,0,0,0,0,0,0.0,49,2.4280997791460583,3.17695252597332,3.262195736169815,0,98
candidate,20260982,2,0,-8.0,2.5,0,0,0,0,0,0,0,0.04081632653061224,49,2.254782966813263,2.658582478761673,2.681160345673561,0,98
candidate,20260982,3,0,-8.0,2.5,0,0,0,0,0,0,0,0.02040816326530612,49,2.288049353020532,2.7605302631855007,2.8696171939373016,0,98
candidate,20260983,0,0,-27.0,4.0,0,0,1,19,0,0,0,0.08571428571428572,35,2.3233142282281602,2.642090618610382,2.901799976825714,0,70
candidate,20260983,1,0,43.0,1.0,1,0,0,0,0,0,0,0.017543859649122806,57,2.344984855306776,2.8906259685754776,2.931615337729454,0,114
candidate,20260983,2,0,-21.0,4.0,0,0,1,13,0,0,0,0.01639344262295082,61,2.3770614786714805,3.133108839392662,3.2834354788064957,0,122
candidate,20260983,3,0,-28.0,3.0,0,0,0,0,0,0,0,0.046511627906976744,43,2.2931125361559004,2.8224751353263855,2.9548685997724533,0,87
candidate,20260984,0,2,-18.0,3.0,0,0,0,0,0,0,0,0.018518518518518517,54,2.382403412074954,2.8944808058440685,2.9865242540836334,0,109
candidate,20260984,1,2,-8.0,2.5,0,0,0,0,0,0,0,0.02040816326530612,49,2.3976781462528267,3.0458033084869385,3.3294521272182465,0,98
candidate,20260984,2,2,-8.0,2.5,0,0,0,0,0,0,0,0.016666666666666666,60,2.332233420262734,2.932375483214855,2.9895324259996414,0,120
candidate,20260984,3,2,35.0,1.0,1,0,0,0,0,0,0,0.058823529411764705,34,2.3166372933808494,2.99715893343091,3.1043384224176407,0,68
candidate,20260985,0,2,-8.0,2.5,0,0,0,0,0,0,0,0.0,35,2.4731586554220746,3.1508522108197208,3.2223518937826157,0,70
candidate,20260985,1,2,46.0,1.0,1,0,0,0,0,0,0,0.0,35,2.4955362613712038,3.3761164173483844,3.7766210734844208,0,70
candidate,20260985,2,2,-30.0,4.0,0,0,1,22,0,0,0,0.0,35,2.3264108491795406,2.8618047013878822,2.900362014770508,0,70
candidate,20260985,3,2,-30.0,4.0,0,0,1,22,0,0,0,0.03125,32,2.3389647831209004,2.947533503174782,2.9586665332317352,0,64
candidate,20260986,0,1,-22.0,4.0,0,0,1,14,0,0,0,0.028169014084507043,71,2.3671142547063426,2.8450023382902145,3.2833516597747803,0,143
candidate,20260986,1,1,34.0,1.0,1,0,0,0,0,0,0,0.027777777777777776,36,2.3571280245151787,2.9446519911289215,3.06631438434124,0,72
candidate,20260986,2,1,-8.0,2.5,0,0,0,0,0,0,0,0.031746031746031744,63,2.3242670687891187,2.9293932020664215,3.099050372838974,0,126
candidate,20260986,3,1,-8.0,2.5,0,0,0,0,0,0,0,0.03076923076923077,65,2.3249725309702067,3.057585656642914,3.130350261926651,0,130
candidate,20260987,0,3,-8.0,2.5,0,0,0,0,0,0,0,0.0,68,2.4264973916989914,3.0131234787404537,3.21817584335804,0,136
candidate,20260987,1,3,42.0,1.0,1,0,0,0,0,0,0,0.0,85,2.440316821722423,3.2867055386304855,3.5514235496520996,0,170
candidate,20260987,2,3,-8.0,2.5,0,0,0,0,0,0,0,0.0,81,2.3500043438908493,2.9215700924396515,3.0210986733436584,0,162
candidate,20260987,3,3,-8.0,2.5,0,0,0,0,0,0,0,0.0,85,2.4229506359380832,3.2232914119958878,3.344971686601639,0,170
candidate,20260988,0,2,-27.0,3.0,0,0,0,0,0,0,0,0.03488372093023256,86,2.3496738570027573,2.808614168316126,2.9183458536863327,0,173
candidate,20260988,1,2,-26.0,4.0,0,0,1,18,0,0,0,0.023255813953488372,86,2.3740930699331817,2.9780836775898933,3.233104944229126,0,172
candidate,20260988,2,2,-8.0,2.5,0,0,0,0,0,0,0,0.02702702702702703,37,2.3149008787161596,2.7981687337160106,2.9328707605600357,0,74
candidate,20260988,3,2,-27.0,3.0,0,0,0,0,0,0,0,0.03488372093023256,86,2.26152200944895,2.609820570796728,2.826627343893051,0,173
candidate,20260989,0,3,60.0,1.0,1,1,0,0,0,0,0,0.0,23,2.566294339687928,3.387485258281231,3.639325499534607,0,45
candidate,20260989,1,3,-16.0,3.0,0,0,0,0,0,0,0,0.047619047619047616,21,2.3896141598622003,3.066806122660637,3.076491877436638,0,43
candidate,20260989,2,3,-20.0,3.0,0,0,0,0,0,0,0,0.0,22,2.360893328758803,3.1062349677085876,3.1510144472122192,0,45
candidate,20260989,3,3,-20.0,3.0,0,0,0,0,0,0,0,0.045454545454545456,22,2.3042781447822396,2.8290126472711563,2.8671324253082275,0,45
candidate,20260990,0,0,-16.0,4.0,0,0,1,8,0,0,0,0.0,48,2.477326042329272,3.081164136528969,3.3615846186876297,0,96
candidate,20260990,1,0,0.0,2.5,0,0,0,0,0,1,1,0.012658227848101266,79,2.356805756122251,3.050190769135952,3.1328480690717697,0,158
candidate,20260990,2,0,-8.0,2.5,0,0,0,0,0,0,0,0.0,60,2.362321379284064,3.0302676372230053,3.074275329709053,0,120
candidate,20260990,3,0,-8.0,2.5,0,0,0,0,0,0,0,0.06578947368421052,76,2.251734197335808,2.728202845901251,2.837829291820526,0,152
candidate,20260991,0,3,-8.0,2.5,0,0,0,0,0,0,0,0.0425531914893617,47,2.39052322316677,2.949983812868595,3.125535324215889,0,94
candidate,20260991,1,3,-28.0,4.0,0,0,1,20,0,0,0,0.06382978723404255,47,2.2799233569109694,2.6885563507676116,3.0029602348804474,0,94
candidate,20260991,2,3,44.0,1.0,1,0,0,0,0,0,0,0.02127659574468085,47,2.3425346676339496,3.0095180496573444,3.118714317679405,0,94
candidate,20260991,3,3,-27.0,4.0,0,0,1,19,0,0,0,0.0,25,2.373197004199028,2.950408309698105,3.5003069788217545,0,50
candidate,20260992,0,0,48.0,1.0,1,0,0,0,0,0,0,0.0,41,2.382891298067279,2.8918925672769547,2.9361452907323837,0,82
candidate,20260992,1,0,-8.0,2.5,0,0,0,0,0,0,0,0.020833333333333332,48,2.3392192476118603,2.8063511475920677,2.992117777466774,0,96
candidate,20260992,2,0,66.0,1.0,1,1,0,0,0,0,0,0.04,50,2.3460812494158745,2.960067428648472,3.3833160996437073,0,99
candidate,20260992,3,0,-22.0,3.0,0,0,0,0,0,0,0,0.02040816326530612,49,2.374389341899327,3.0729386955499645,3.4001674503087997,0,99
candidate,20260993,0,1,-8.0,2.5,0,0,0,0,0,0,0,0.0,29,2.639351284195637,3.7654936313629146,4.098018631339073,0,58
candidate,20260993,1,1,-8.0,2.5,0,0,0,0,0,0,0,0.034482758620689655,29,2.4024023321168175,3.0998673290014267,3.141108900308609,0,58
candidate,20260993,2,1,-16.0,4.0,0,0,1,8,0,0,0,0.0,33,2.371931053472288,3.0113600194454193,3.0933301895856857,0,66
candidate,20260993,3,1,-17.0,3.0,0,0,0,0,0,0,0,0.13636363636363635,22,2.2701445797627624,2.8071871027350426,2.883579581975937,0,45
candidate,20260994,0,1,48.0,1.0,1,1,0,0,0,0,0,0.058823529411764705,17,2.475740168901051,3.2936133444309235,3.471996635198593,0,33
candidate,20260994,1,1,-8.0,2.5,0,0,0,0,0,0,0,0.06060606060606061,33,2.2970562179883323,2.705136314034462,2.7993284165859222,0,66
candidate,20260994,2,1,-17.0,4.0,0,0,1,9,0,0,0,0.04878048780487805,41,2.304270954393759,2.867579460144043,2.876410260796547,0,82
candidate,20260994,3,1,-8.0,2.5,0,0,0,0,0,0,0,0.07142857142857142,14,2.2620026554380144,2.7248216792941093,2.7278121560811996,0,28
candidate,20260995,0,2,-17.0,3.0,0,0,0,0,0,0,0,0.012987012987012988,77,2.3721944443978273,2.8834037482738495,2.943238243460655,0,155
candidate,20260995,1,2,-17.0,3.0,0,0,0,0,0,0,0,0.025974025974025976,77,2.3288863481252227,2.890221029520035,2.9402486979961395,0,155
candidate,20260995,2,2,-8.0,2.5,0,0,0,0,0,0,0,0.0,74,2.3302325123065226,2.925416547805071,3.023941069841385,0,148
candidate,20260995,3,2,-8.0,2.5,0,0,0,0,0,0,0,0.02702702702702703,74,2.2773156194268047,2.712955791503191,3.0895471572875977,0,148
candidate,20260996,0,3,-17.0,3.0,0,0,0,0,0,0,0,0.01818181818181818,55,2.6416167616844177,3.522487729787826,3.8273893296718597,0,111
candidate,20260996,1,3,-38.0,4.0,0,0,1,30,0,0,0,0.0,52,2.434439384020292,3.2710477709770203,3.3242274075746536,0,104
candidate,20260996,2,3,-16.0,4.0,0,0,1,8,0,0,0,0.0,81,2.3547539280520544,2.9898639768362045,3.1124427914619446,0,162
candidate,20260996,3,3,-8.0,2.5,0,0,0,0,0,0,0,0.019230769230769232,52,2.313628613662261,2.802623994648456,2.9297471046447754,0,104
candidate,20260997,0,0,-8.0,2.5,0,0,0,0,0,0,0,0.0,41,2.4631108816077067,3.0526481568813324,3.0697043985128403,0,82
candidate,20260997,1,0,36.0,1.0,1,0,0,0,0,0,0,0.0,41,2.320911144701446,2.9020216315984726,2.9147006571292877,0,82
candidate,20260997,2,0,-8.0,2.5,0,0,0,0,0,0,0,0.024390243902439025,41,2.2908928009068092,2.8129704296588898,2.8462056070566177,0,82
candidate,20260997,3,0,-8.0,2.5,0,0,0,0,0,0,0,0.02127659574468085,47,2.2900815102014134,2.77344286441803,2.8553511947393417,0,94
candidate,20260998,0,2,-8.0,2.5,0,0,0,0,0,0,0,0.03389830508474576,59,2.3574281989012733,2.8185153380036354,3.0866656452417374,0,118
candidate,20260998,1,2,0.0,2.5,0,0,0,0,0,1,1,0.0,84,2.473143638954276,3.095537144690752,3.4364908933639526,0,168
candidate,20260998,2,2,32.0,1.0,1,0,0,0,0,0,0,0.015384615384615385,65,2.33292539532368,2.8273362666368484,3.258202224969864,0,130
candidate,20260998,3,2,-8.0,2.5,0,0,0,0,0,0,0,0.015384615384615385,65,2.318234655719537,2.788161486387253,3.135642036795616,0,130
candidate,20260999,0,3,81.0,1.0,1,1,0,0,0,0,0,0.04,50,2.32368141412735,2.736675180494785,2.8594322502613068,0,99
candidate,20260999,1,3,-23.0,3.0,0,0,0,0,0,0,0,0.0,49,2.3681133681414077,2.9359720647335052,3.3931881189346313,0,99
candidate,20260999,2,3,-27.0,3.0,0,0,0,0,0,0,0,0.04081632653061224,49,2.304829847143621,2.752833440899849,2.8487946838140488,0,99
candidate,20260999,3,3,32.0,1.0,1,0,0,0,0,0,0,0.0,40,2.404531976208091,3.1407619826495647,3.233548253774643,0,80
candidate,20261000,0,0,-17.0,4.0,0,0,1,9,0,0,0,0.02702702702702703,37,2.4229259909810246,2.919026091694832,3.028295934200287,0,74
candidate,20261000,1,0,-17.0,4.0,0,0,1,9,0,0,0,0.0,50,2.3947393149137497,3.037282358855009,3.1030625104904175,0,100
candidate,20261000,2,0,32.0,1.0,1,0,0,0,0,0,0,0.03333333333333333,60,2.2764848234752812,2.727173827588558,2.888539806008339,0,120
candidate,20261000,3,0,34.0,1.0,1,0,0,0,0,0,0,0.0,66,2.3733354596929117,3.1774318777024746,3.3004358410835266,0,132
candidate,20261001,0,0,51.0,1.0,1,1,0,0,0,0,0,0.014492753623188406,69,2.4064349253540454,2.964586392045021,3.1209904700517654,0,137
candidate,20261001,1,0,-8.0,2.5,0,0,0,0,0,0,0,0.0,31,2.3749553027652923,2.980360761284828,3.039546310901642,0,62
candidate,20261001,2,0,87.0,1.0,1,1,0,0,0,0,0,0.0,67,2.380512376774603,2.9940785840153694,3.221420571208,0,133
candidate,20261001,3,0,-20.0,4.0,0,0,1,12,0,0,0,0.046511627906976744,43,2.3180958490039028,2.8281623497605324,3.214556723833084,0,86
candidate,20261002,0,3,-8.0,2.5,0,0,0,0,0,0,0,0.0,36,2.5334328723450503,3.391354810446501,3.561832010746002,0,72
candidate,20261002,1,3,-8.0,2.5,0,0,0,0,0,0,0,0.0,35,2.460493573120662,3.242680244147777,3.6151763051748276,0,70
candidate,20261002,2,3,-8.0,2.5,0,0,0,0,0,0,0,0.047619047619047616,42,2.3036803606720198,2.8149826452136035,2.8926488012075424,0,84
candidate,20261002,3,3,-17.0,4.0,0,0,1,9,0,0,0,0.08333333333333333,36,2.2717506314317384,2.6488113217055798,2.881554886698723,0,72
candidate,20261003,0,1,-18.0,3.0,0,0,0,0,0,0,0,0.0,42,2.5096523708530833,3.268494829535484,3.480091691017151,0,85
candidate,20261003,1,1,-18.0,3.0,0,0,0,0,0,0,0,0.023809523809523808,42,2.360076022644838,2.902123238891363,3.09593603014946,0,85
candidate,20261003,2,1,-18.0,4.0,0,0,1,10,0,0,0,0.02564102564102564,39,2.323863215935536,2.80106570571661,2.9380731284618378,0,78
candidate,20261003,3,1,-18.0,3.0,0,0,0,0,0,0,0,0.047619047619047616,42,2.320136608822005,2.9853194952011104,3.027604892849922,0,85
candidate,20261004,0,1,-8.0,2.5,0,0,0,0,0,0,0,0.0,53,2.4328494690499216,3.0044250190258026,3.075508400797844,0,107
candidate,20261004,1,1,60.0,1.0,1,1,0,0,0,0,0,0.04878048780487805,41,2.3516227559345526,2.9245149344205856,2.9968470335006714,0,80
candidate,20261004,2,1,-17.0,4.0,0,0,1,9,0,0,0,0.0,53,2.3911847328802325,3.24990376830101,3.4172125160694122,0,107
candidate,20261004,3,1,-8.0,2.5,0,0,0,0,0,0,0,0.05714285714285714,35,2.3537380354745046,2.9946446418762207,3.0603520572185516,0,71
candidate,20261005,0,3,0.0,2.5,0,0,0,0,0,1,0,0.0,87,2.422206917370873,2.961845323443413,3.210831433534622,0,174
candidate,20261005,1,3,45.0,1.0,1,0,0,0,0,0,0,0.02564102564102564,39,2.4199917052800837,3.0886249616742134,3.666132688522339,0,78
candidate,20261005,2,3,-21.0,3.0,0,0,0,0,0,0,0,0.043478260869565216,69,2.256209084737128,2.658919245004654,2.674456685781479,0,139
candidate,20261005,3,3,0.0,2.5,0,0,0,0,0,1,1,0.0,84,2.3815109660582885,3.016155492514372,3.0607469379901886,0,168
candidate,20261006,0,0,44.0,1.0,1,0,0,0,0,0,0,0.019230769230769232,52,2.3917675806352725,2.972290944308042,3.209676593542099,0,104
candidate,20261006,1,0,54.0,1.0,1,1,0,0,0,0,0,0.047619047619047616,42,2.3271021921010244,2.927414141595363,2.966776490211487,0,83
candidate,20261006,2,0,-8.0,2.5,0,0,0,0,0,0,0,0.025,40,2.3155349772423506,2.953199762851,2.9921717941761017,0,80
candidate,20261006,3,0,-17.0,4.0,0,0,1,9,0,0,0,0.0,36,2.339495708131128,2.8821388259530067,3.0833780765533447,0,72
candidate,20261007,0,0,-33.0,3.0,0,0,0,0,0,0,0,0.0196078431372549,51,2.4362915725100276,2.892681397497654,3.586249426007271,0,103
candidate,20261007,1,0,99.0,1.0,1,1,0,0,0,0,0,0.0,52,2.4058372140503845,3.002404049038887,3.1236764043569565,0,103
candidate,20261007,2,0,-33.0,3.0,0,0,0,0,0,0,0,0.0196078431372549,51,2.364968150561931,2.9646260663866997,3.0908696353435516,0,103
candidate,20261007,3,0,-33.0,3.0,0,0,0,0,0,0,0,0.0,51,2.421308820154153,3.258221782743931,3.5045184195041656,0,103
candidate,20261008,0,0,-19.0,4.0,0,0,1,11,0,0,0,0.023255813953488372,43,2.4558299675930377,3.0623387545347214,3.4707020968198776,0,86
candidate,20261008,1,0,-8.0,2.5,0,0,0,0,0,0,0,0.0,70,2.4644449885402406,3.2980608753859997,3.3523589372634888,0,140
candidate,20261008,2,0,0.0,2.5,0,0,0,0,0,1,1,0.011904761904761904,84,2.341889931509892,2.865383587777614,3.2810531556606293,0,168
candidate,20261008,3,0,32.0,1.0,1,0,0,0,0,0,0,0.046153846153846156,65,2.2919538215948987,2.6723872870206833,3.4779049456119537,0,130
candidate,20261009,0,1,33.0,1.0,1,0,0,0,0,0,0,0.03389830508474576,59,2.360203792735682,2.7771256864070883,2.902606502175331,0,118
candidate,20261009,1,1,-8.0,2.5,0,0,0,0,0,0,0,0.02,50,2.398591972887516,3.0130788683891296,3.3542998135089874,0,100
candidate,20261009,2,1,32.0,1.0,1,0,0,0,0,0,0,0.0,44,2.3540583947165445,3.097064048051834,3.2440442591905594,0,88
candidate,20261009,3,1,-8.0,2.5,0,0,0,0,0,0,0,0.01694915254237288,59,2.3170009697392837,2.827145345509052,2.962898463010788,0,118
candidate,20261010,0,2,-8.0,2.5,0,0,0,0,0,0,0,0.01282051282051282,78,2.48434143857314,3.3005240373313423,3.638116642832756,0,156
candidate,20261010,1,2,57.0,1.0,1,1,0,0,0,0,0,0.04477611940298507,67,2.3234936672804962,2.7822317555546756,3.08777391910553,0,133
candidate,20261010,2,2,0.0,2.5,0,0,0,0,0,1,1,0.0,83,2.4965858109385133,3.343746066093445,3.8305390626192093,0,166
candidate,20261010,3,2,0.0,2.5,0,0,0,0,0,1,1,0.024390243902439025,82,2.298172472453699,2.799092698842287,2.9217321425676346,0,164
candidate,20261011,0,1,-8.0,2.5,0,0,0,0,0,0,0,0.05,40,2.361233066767454,2.9063336551189423,2.9310956597328186,0,80
candidate,20261011,1,1,-8.0,2.5,0,0,0,0,0,0,0,0.024390243902439025,41,2.3951512738698866,3.1043607741594315,3.1564440578222275,0,82
candidate,20261011,2,1,32.0,1.0,1,0,0,0,0,0,0,0.02631578947368421,38,2.319524456795893,2.8588734567165375,2.909870818257332,0,76
candidate,20261011,3,1,-8.0,2.5,0,0,0,0,0,0,0,0.024390243902439025,41,2.3320461282642877,2.975326031446457,3.021515905857086,0,82
candidate,20261012,0,2,-18.0,4.0,0,0,1,10,0,0,0,0.0,29,2.4176627911370376,2.9499180614948273,2.979632467031479,0,58
candidate,20261012,1,2,-16.0,4.0,0,0,1,8,0,0,0,0.0,54,2.364896134369903,2.914584707468748,3.1526535749435425,0,108
candidate,20261012,2,2,32.0,1.0,1,0,0,0,0,0,0,0.018518518518518517,54,2.321100069416894,2.9212128371000285,3.313019871711731,0,108
candidate,20261012,3,2,-8.0,2.5,0,0,0,0,0,0,0,0.0,54,2.4826026832063994,3.5564489662647243,3.874048590660095,0,108
candidate,20261013,0,1,-28.0,4.0,0,0,1,20,0,0,0,0.030303030303030304,33,2.4029431356625124,2.9379308223724365,3.334159031510353,0,66
candidate,20261013,1,1,-8.0,2.5,0,0,0,0,0,0,0,0.04,25,2.529900297522545,3.5113099962472907,3.5892389714717865,0,50
candidate,20261013,2,1,44.0,1.0,1,0,0,0,0,0,0,0.08,25,2.283674329519272,2.743781730532646,2.8297249227762222,0,50
candidate,20261013,3,1,-8.0,2.5,0,0,0,0,0,0,0,0.0,29,2.4085770650156615,3.145797550678253,3.153327852487564,0,58
candidate,20261014,0,1,90.0,1.0,1,1,0,0,0,0,0,0.018867924528301886,53,2.4238863854475743,3.1433966010808945,3.344563767313957,0,105
candidate,20261014,1,1,-30.0,3.0,0,0,0,0,0,0,0,0.019230769230769232,52,2.3518229763095198,2.881737891584635,3.128252923488617,0,105
candidate,20261014,2,1,-30.0,3.0,0,0,0,0,0,0,0,0.0,52,2.370641960834081,3.0818289145827293,3.1493958085775375,0,105
candidate,20261014,3,1,-30.0,3.0,0,0,0,0,0,0,0,0.038461538461538464,52,2.296212809876754,2.862351667135954,3.021828830242157,0,105
candidate,20261015,0,2,-8.0,2.5,0,0,0,0,0,0,0,0.0,32,2.442208700813353,2.9983261600136757,3.39355506002903,0,64
candidate,20261015,1,2,32.0,1.0,1,0,0,0,0,0,0,0.08108108108108109,37,2.2636016176359073,2.678747847676277,2.845844253897667,0,74
candidate,20261015,2,2,-17.0,4.0,0,0,1,9,0,0,0,0.06976744186046512,43,2.2537809645020683,2.660922147333622,2.8946902602910995,0,87
candidate,20261015,3,2,51.0,1.0,1,1,0,0,0,0,0,0.027777777777777776,36,2.367962720907397,3.13938083127141,3.2785627990961075,0,71
candidate,20261016,0,0,-16.0,4.0,0,0,1,8,0,0,0,0.02702702702702703,74,2.3573070915566907,2.7905881404876705,3.261236473917961,0,149
candidate,20261016,1,0,-16.0,4.0,0,0,1,8,0,0,0,0.0,61,2.454916656505866,3.1711403280496597,3.4778565168380737,0,122
candidate,20261016,2,0,-8.0,2.5,0,0,0,0,0,0,0,0.03278688524590164,61,2.2774936295435078,2.662627026438713,2.8530433773994446,0,122
candidate,20261016,3,0,-8.0,2.5,0,0,0,0,0,0,0,0.04918032786885246,61,2.273066366305117,2.621132880449295,2.8485171496868134,0,122
candidate,20261017,0,2,-8.0,2.5,0,0,0,0,0,0,0,0.047619047619047616,42,2.3386086381617046,2.839571610093116,2.8742942959070206,0,84
candidate,20261017,1,2,-16.0,4.0,0,0,1,8,0,0,0,0.05,20,2.390051167458296,2.8765045106410985,3.199532628059387,0,40
candidate,20261017,2,2,32.0,1.0,1,0,0,0,0,0,0,0.08571428571428572,35,2.2645203662770137,2.796548418700695,2.8519537299871445,0,70
candidate,20261017,3,2,32.0,1.0,1,0,0,0,0,0,0,0.0,20,2.2924388758838177,3.050150629132986,3.1020380556583405,0,40
candidate,20261018,0,3,-20.0,4.0,0,0,1,12,0,0,0,0.0,41,2.449880649403828,3.129582852125168,3.1983889639377594,0,83
candidate,20261018,1,3,-19.0,4.0,0,0,1,11,0,0,0,0.02127659574468085,47,2.3571949531423284,2.8705894947052,2.9256921261548996,0,93
candidate,20261018,2,3,-8.0,2.5,0,0,0,0,0,0,0,0.019230769230769232,52,2.3925981412713346,3.258530143648385,3.698352724313736,0,105
candidate,20261018,3,3,-8.0,2.5,0,0,0,0,0,0,0,0.021739130434782608,46,2.40848148646562,3.2149343751370907,3.3168215304613113,0,93
candidate,20261019,0,3,-20.0,4.0,0,0,1,12,0,0,0,0.02666666666666667,75,2.3495705177386603,2.736854925751686,2.9643625020980835,0,150
candidate,20261019,1,3,99.0,1.0,1,1,0,0,0,0,0,0.0,67,2.39037608366404,2.956657111644745,3.4648552536964417,0,133
candidate,20261019,2,3,-33.0,3.0,0,0,0,0,0,0,0,0.0,66,2.442561513320966,3.1848130747675896,3.3364370465278625,0,133
candidate,20261019,3,3,10.0,2.0,0,0,0,0,0,0,0,0.014084507042253521,71,2.3435507966598994,2.9162783175706863,3.022192046046257,1,143
candidate,20261020,0,3,32.0,1.0,1,0,0,0,0,0,0,0.01818181818181818,55,2.3539950901811775,2.746131457388401,2.8705764561891556,0,110
candidate,20261020,1,3,-8.0,2.5,0,0,0,0,0,0,0,0.03636363636363636,55,2.3040515793995424,2.669811435043812,2.8152670711278915,0,110
candidate,20261020,2,3,-16.0,4.0,0,0,1,8,0,0,0,0.015873015873015872,63,2.3300337294737496,2.8372783213853836,2.935895696282387,0,126
candidate,20261020,3,3,-8.0,2.5,0,0,0,0,0,0,0,0.0,55,2.3871663957834244,3.047299198806286,3.1888447701931,0,110
candidate,20261021,0,0,35.0,1.0,1,0,0,0,0,0,0,0.015625,64,2.373283583438024,2.8771933168172836,2.994248643517494,0,128
candidate,20261021,1,0,-8.0,2.5,0,0,0,0,0,0,0,0.0,85,2.3865435929859387,3.0037429183721542,3.33385169506073,0,170
candidate,20261021,2,0,-8.0,2.5,0,0,0,0,0,0,0,0.03389830508474576,59,2.285456284880638,2.7659567072987548,2.9523931443691254,0,118
candidate,20261021,3,0,-8.0,2.5,0,0,0,0,0,0,0,0.03508771929824561,57,2.2966041507428154,2.857774496078491,2.9602479189634323,0,114
candidate,20261022,0,2,-20.0,3.0,0,0,0,0,0,0,0,0.06451612903225806,31,2.3882184778490374,2.8518931940197945,2.8899163007736206,0,63
candidate,20261022,1,2,-20.0,3.0,0,0,0,0,0,0,0,0.03225806451612903,31,2.3566622046693677,2.944828011095524,3.3695772290229797,0,63
candidate,20261022,2,2,60.0,1.0,1,1,0,0,0,0,0,0.125,32,2.2348168422468007,2.5840203277766705,2.63386033475399,0,63
candidate,20261022,3,2,-20.0,3.0,0,0,0,0,0,0,0,0.0,31,2.36388590307005,3.177396021783352,3.2960958778858185,0,63
candidate,20261023,0,3,-18.0,4.0,0,0,1,10,0,0,0,0.02040816326530612,49,2.366187659149267,2.844470366835594,3.1443554908037186,0,98
candidate,20261023,1,3,33.0,1.0,1,0,0,0,0,0,0,0.024390243902439025,82,2.2929240608724153,2.691929414868355,2.721047028899193,0,164
candidate,20261023,2,3,-8.0,2.5,0,0,0,0,0,0,0,0.061224489795918366,49,2.25565388646661,2.6926852762699127,2.854352816939354,0,98
candidate,20261023,3,3,-8.0,2.5,0,0,0,0,0,0,0,0.0,49,2.3157371170058543,2.8902210295200343,2.9616523534059525,0,98
candidate,20261024,0,1,0.0,2.5,0,0,0,0,0,1,1,0.053763440860215055,93,2.355102029058241,3.0063174664974204,3.2213591039180756,0,186
candidate,20261024,1,1,-8.0,2.5,0,0,0,0,0,0,0,0.05555555555555555,54,2.319638858790751,2.903332654386759,2.9656141996383667,0,108
candidate,20261024,2,1,-19.0,3.0,0,0,0,0,0,0,0,0.03125,64,2.2874738788232207,2.7270502410829067,3.114931285381317,0,129
candidate,20261024,3,1,-30.0,4.0,0,0,1,22,0,0,0,0.015384615384615385,65,2.670094915307485,4.015080630779266,4.1649919003248215,0,130
candidate,20261025,0,1,-8.0,2.5,0,0,0,0,0,0,0,0.03333333333333333,60,2.546149305999279,3.0290849506855,4.035810008645058,0,120
candidate,20261025,1,1,57.0,1.0,1,1,0,0,0,0,0,0.0,51,2.5391953759918025,3.247411921620369,3.8477983325719833,0,101
candidate,20261025,2,1,-20.0,4.0,0,0,1,12,0,0,0,0.05,60,2.368396737923225,2.727661188691854,4.15133498609066,0,120
candidate,20261025,3,1,35.0,1.0,1,0,0,0,0,0,0,0.017543859649122806,57,2.351922195470124,2.9254570603370667,2.9636677354574203,0,114
candidate,20261026,0,2,-20.0,3.0,0,0,0,0,0,0,0,0.0,46,2.4864901181148444,3.21259256452322,3.3814627677202225,0,93
candidate,20261026,1,2,34.0,1.0,1,0,0,0,0,0,0,0.043478260869565216,46,2.323707849111246,2.7919691056013107,2.8729382902383804,0,92
candidate,20261026,2,2,-8.0,2.5,0,0,0,0,0,0,0,0.0,49,2.399461343884468,3.265122324228286,3.9591193199157715,0,98
candidate,20261026,3,2,-8.0,2.5,0,0,0,0,0,0,0,0.041666666666666664,48,2.3567068856209517,2.99797086045146,3.7989765405654907,0,96
candidate,20261027,0,0,0.0,2.5,0,0,0,0,0,1,1,0.011764705882352941,85,2.3791889057439914,2.846492826938629,2.9550567269325256,0,170
candidate,20261027,1,0,34.0,1.0,1,0,0,0,0,0,0,0.0,52,2.4931662930892062,3.3881323412060738,3.9158836007118225,0,104
candidate,20261027,2,0,0.0,2.5,0,0,0,0,0,1,1,0.0,85,2.507287044735516,3.4794840961694713,3.857182338833809,0,170
candidate,20261027,3,0,0.0,2.5,0,0,0,0,0,1,1,0.023529411764705882,85,2.326134088284829,2.8319343924522395,4.719603806734085,0,170
candidate,20261028,0,0,-17.0,4.0,0,0,1,9,0,0,0,0.025974025974025976,77,2.4195451095893787,2.9917221516370773,4.4769346714019775,0,154
candidate,20261028,1,0,-8.0,2.5,0,0,0,0,0,0,0,0.012048192771084338,83,2.3539730583328797,2.87175290286541,3.346102312207222,0,166
candidate,20261028,2,0,-48.0,4.0,0,0,1,40,1,0,0,0.06578947368421052,76,2.3481890706247404,2.783589530736208,5.066303536295891,0,152
candidate,20261028,3,0,54.0,1.0,1,1,0,0,0,0,0,0.012048192771084338,83,2.443326906446951,3.2854760065674777,4.813158884644508,0,165
candidate,20261029,0,2,-32.0,3.0,0,0,0,0,0,0,0,0.0196078431372549,51,2.4941047909213045,3.1795408576726913,4.308601841330528,0,103
candidate,20261029,1,2,-32.0,3.0,0,0,0,0,0,0,0,0.0196078431372549,51,2.4281325658746793,3.031492233276367,4.255130887031555,0,103
candidate,20261029,2,2,-32.0,3.0,0,0,0,0,0,0,0,0.0392156862745098,51,2.3279727673998067,2.758520655333996,3.5956278443336487,0,103
candidate,20261029,3,2,96.0,1.0,1,1,0,0,0,0,0,0.0,52,2.496412811944118,3.35731990635395,6.499750539660454,0,103
candidate,20261030,0,1,34.0,1.0,1,0,0,0,0,0,0,0.058823529411764705,34,2.4133041391477867,2.95046903192997,3.548320382833481,0,68
candidate,20261030,1,1,-18.0,4.0,0,0,1,10,0,0,0,0.058823529411764705,34,2.4213298936100567,2.9760054312646385,4.860600456595421,0,68
candidate,20261030,2,1,-8.0,2.5,0,0,0,0,0,0,0,0.058823529411764705,34,2.3368941619992256,2.9587917029857635,2.9895715415477753,0,68
candidate,20261030,3,1,-19.0,3.0,0,0,0,0,0,0,0,0.0,34,2.4006946888916634,3.127360623329878,3.213699907064438,0,69
candidate,20261031,0,2,-8.0,2.5,0,0,0,0,0,0,0,0.047619047619047616,42,2.3510268046742393,2.7161681093275547,2.9802899807691574,0,84
candidate,20261031,1,2,-8.0,2.5,0,0,0,0,0,0,0,0.05128205128205128,39,2.3288513796451764,2.8363382443785667,2.9435232281684875,0,78
candidate,20261031,2,2,54.0,1.0,1,1,0,0,0,0,0,0.0,42,2.3971271834203174,3.3209935761988163,3.3381078392267227,0,83
candidate,20261031,3,2,-22.0,4.0,0,0,1,14,0,0,0,0.05128205128205128,39,2.2852674413185854,2.6580533012747765,2.748202532529831,0,78
candidate,20261032,0,1,-8.0,2.5,0,0,0,0,0,0,0,0.058823529411764705,34,2.4181815850384094,3.080257587134838,3.085661679506302,0,68
candidate,20261032,1,1,57.0,1.0,1,1,0,0,0,0,0,0.03125,32,2.306208829395473,2.6572878472507,2.819119021296501,0,63
candidate,20261032,2,1,-20.0,3.0,0,0,0,0,0,0,0,0.0,31,2.442945996599813,3.24841495603323,3.2977554947137833,0,63
candidate,20261032,3,1,-20.0,3.0,0,0,0,0,0,0,0,0.03225806451612903,31,2.334657035047008,2.9061464592814445,2.95201875269413,0,63
candidate,20261033,0,0,0.0,2.5,0,0,0,0,0,1,1,0.012345679012345678,81,2.439810492006349,3.1147487461566925,3.4105945378541946,0,161
candidate,20261033,1,0,33.0,1.0,1,0,0,0,0,0,0,0.025,80,2.397604798898101,3.1306738033890724,3.1831059604883194,0,159
candidate,20261033,2,0,-8.0,2.5,0,0,0,0,0,0,0,0.013157894736842105,76,2.362601679602736,3.0314060859382153,3.105076029896736,0,153
candidate,20261033,3,0,33.0,1.0,1,0,0,0,0,0,0,0.0,74,2.4048379697912448,3.2312780618667603,3.3158157020807266,0,148
candidate,20261034,0,2,-21.0,4.0,0,0,1,13,0,0,0,0.02702702702702703,37,2.4105226872740566,2.979544550180435,3.3129099756479263,0,74
candidate,20261034,1,2,-8.0,2.5,0,0,0,0,0,0,0,0.08108108108108109,37,2.330494742538478,2.849244698882103,2.9326286166906357,0,74
candidate,20261034,2,2,-8.0,2.5,0,0,0,0,0,0,0,0.02702702702702703,37,2.3046675566080452,2.7803868055343623,2.8534401208162308,0,74
candidate,20261034,3,2,37.0,1.0,1,0,0,0,0,0,0,0.08108108108108109,37,2.2586031842070655,2.854429930448532,3.001835197210312,0,74
candidate,20261035,0,0,0.0,2.5,0,0,0,0,0,1,0,0.012048192771084338,83,2.387703093419592,2.9591521248221375,3.2410137355327606,0,166
candidate,20261035,1,0,-8.0,2.5,0,0,0,0,0,0,0,0.0,44,2.332595430991866,2.8555200435221195,2.8706882148981094,0,88
candidate,20261035,2,0,-8.0,2.5,0,0,0,0,0,0,0,0.03125,64,2.326011221157387,2.9645732603967185,3.1518712639808655,0,129
candidate,20261035,3,0,0.0,2.5,0,0,0,0,0,1,0,0.023809523809523808,84,2.3140012996182557,2.9180568642914295,3.0325595289468765,0,169
candidate,20261036,0,1,-27.0,4.0,0,0,1,19,0,0,0,0.044444444444444446,45,2.4021401587459774,2.995607629418373,3.057539463043213,0,90
candidate,20261036,1,1,43.0,1.0,1,0,0,0,0,0,0,0.022222222222222223,45,2.4093779424826303,3.08154746890068,3.758711740374565,0,90
candidate,20261036,2,1,-17.0,4.0,0,0,1,9,0,0,0,0.0,38,2.4141804560234674,3.229312691837549,3.239523619413376,0,76
candidate,20261036,3,1,51.0,1.0,1,1,0,0,0,0,0,0.025,40,2.309320727363229,2.8915323317050934,2.9333028942346573,0,79
candidate,20261037,0,0,-20.0,4.0,0,0,1,12,0,0,0,0.017857142857142856,56,2.356376133060881,2.6891320012509823,3.003668040037155,0,112
candidate,20261037,1,0,-18.0,4.0,0,0,1,10,0,0,0,0.0,45,2.359005312124888,2.902989462018013,2.970915287733078,0,90
candidate,20261037,2,0,34.0,1.0,1,0,0,0,0,0,0,0.037037037037037035,54,2.2881856119191206,2.850176114588976,2.9379650950431824,0,108
candidate,20261037,3,0,-8.0,2.5,0,0,0,0,0,0,0,0.05555555555555555,54,2.265525084954721,2.661915495991707,2.874353900551796,0,108
candidate,20261038,0,2,36.0,1.0,1,0,0,0,0,0,0,0.0392156862745098,51,2.358257405313791,2.8711743652820587,3.013988956809044,0,102
candidate,20261038,1,2,-19.0,4.0,0,0,1,11,0,0,0,0.047619047619047616,21,2.3145162101302827,2.8588976711034775,2.928745001554489,0,42
candidate,20261038,2,2,-8.0,2.5,0,0,0,0,0,0,0,0.047619047619047616,21,2.2841448053008033,2.7481894940137863,2.800576388835907,0,42
candidate,20261038,3,2,-8.0,2.5,0,0,0,0,0,0,0,0.0,21,2.3226809820958545,2.908766269683838,2.9588602483272552,0,42
candidate,20261039,0,0,-8.0,2.5,0,0,0,0,0,0,0,0.05,40,2.325471071526408,2.687507215887308,2.897880971431732,0,80
candidate,20261039,1,0,-18.0,4.0,0,0,1,10,0,0,0,0.11904761904761904,42,2.2916839058910097,2.684791199862957,2.831626683473587,0,84
candidate,20261039,2,0,-8.0,2.5,0,0,0,0,0,0,0,0.025,40,2.2966286167502403,2.7893049642443657,2.793332561850548,0,80
candidate,20261039,3,0,32.0,1.0,1,0,0,0,0,0,0,0.0196078431372549,51,2.328126380840937,2.971554175019264,3.0552148818969727,0,102
candidate,20261040,0,2,-26.0,3.0,0,0,0,0,0,0,0,0.030303030303030304,33,2.410057085481557,3.04497592151165,3.122398629784584,0,67
candidate,20261040,1,2,75.0,1.0,1,1,0,0,0,0,0,0.05128205128205128,39,2.338849724485324,3.045478090643883,3.2900813966989517,0,77
candidate,20261040,2,2,-24.0,4.0,0,0,1,16,0,0,0,0.05555555555555555,36,2.3184376251366405,2.8361408039927483,2.923080697655678,0,72
candidate,20261040,3,2,-8.0,2.5,0,0,0,0,0,0,0,0.044444444444444446,45,2.2860961241854563,2.843307703733444,2.993691712617874,0,90
candidate,20261041,0,2,35.0,1.0,1,0,0,0,0,0,0,0.017857142857142856,56,2.3680081524487053,2.8833020478487015,2.912033349275589,0,112
candidate,20261041,1,2,-8.0,2.5,0,0,0,0,0,0,0,0.047619047619047616,63,2.3247520365412275,2.74707805365324,2.9830001294612885,0,126
candidate,20261041,2,2,-16.0,4.0,0,0,1,8,0,0,0,0.05357142857142857,56,2.2951997483947446,2.722873818129301,2.752212807536125,0,112
candidate,20261041,3,2,-8.0,2.5,0,0,0,0,0,0,0,0.017857142857142856,56,2.285769708188517,2.773304469883442,2.8217602521181107,0,112
candidate,20261042,0,1,48.0,1.0,1,0,0,0,0,0,0,0.0,35,2.374322552766119,2.902066521346569,2.90825217962265,0,70
candidate,20261042,1,1,-8.0,2.5,0,0,0,0,0,0,0,0.0,35,2.3483375353472575,2.881576307117939,2.89108045399189,0,70
candidate,20261042,2,1,-32.0,4.0,0,0,1,24,0,0,0,0.02857142857142857,35,2.299101491059576,2.7644865214824677,2.9305871576070786,0,70
candidate,20261042,3,1,-8.0,2.5,0,0,0,0,0,0,0,0.02857142857142857,35,2.2742852036442076,2.7656530961394306,2.873621881008148,0,70
candidate,20261043,0,2,-17.0,4.0,0,0,1,9,0,0,0,0.027777777777777776,72,2.3634309828695326,2.7620628476142883,2.9450152069330215,0,144
candidate,20261043,1,2,33.0,1.0,1,0,0,0,0,0,0,0.0,74,2.5434814443862117,3.63211203366518,3.914652392268181,0,148
candidate,20261043,2,2,-8.0,2.5,0,0,0,0,0,0,0,0.013888888888888888,72,2.302185890989171,2.7898047119379044,2.8674397617578506,0,144
candidate,20261043,3,2,-8.0,2.5,0,0,0,0,0,0,0,0.041666666666666664,72,2.2856196026421256,2.7421559207141404,2.889452502131462,0,144
candidate,20261044,0,1,-8.0,2.5,0,0,0,0,0,0,0,0.025974025974025976,77,2.374024723063816,2.8360992670059204,2.891315147280693,0,154
candidate,20261044,1,1,-8.0,2.5,0,0,0,0,0,0,0,0.04081632653061224,49,2.299977010306047,2.744634449481964,2.7984585613012314,0,98
candidate,20261044,2,1,-24.0,4.0,0,0,1,16,0,0,0,0.0,45,2.3225167559252844,2.9253914952278137,2.944519743323326,0,90
candidate,20261044,3,1,-8.0,2.5,0,0,0,0,0,0,0,0.04225352112676056,71,2.253479993259403,2.659471705555916,2.8188154101371765,0,142
candidate,20261045,0,2,-8.0,2.5,0,0,0,0,0,0,0,0.015625,64,2.402911050012335,2.9799008741974826,3.1831245869398117,0,129
candidate,20261045,1,2,34.0,1.0,1,0,0,0,0,0,0,0.030303030303030304,66,2.2836809865001477,2.684477251023054,2.838755026459694,0,132
candidate,20261045,2,2,38.0,1.0,1,0,0,0,0,0,0,0.04225352112676056,71,2.252474820739786,2.579883672297001,2.6125535368919373,0,143
candidate,20261045,3,2,-8.0,2.5,0,0,0,0,0,0,0,0.03125,64,2.3042754328344017,2.895913738757372,3.019949421286583,0,129
candidate,20261046,0,0,78.0,1.0,1,1,0,0,0,0,0,0.020833333333333332,48,2.3850424913689494,3.007442317903042,3.091227263212204,0,95
candidate,20261046,1,0,-8.0,2.5,0,0,0,0,0,0,0,0.058823529411764705,51,2.3486316204071045,2.899235114455223,2.9762573540210724,0,102
candidate,20261046,2,0,50.0,1.0,1,0,0,0,0,0,0,0.0,69,2.398094783226649,3.1870897859334946,3.242848441004753,0,138
candidate,20261046,3,0,32.0,1.0,1,0,0,0,0,0,0,0.0196078431372549,51,2.330344900781033,2.9861032962799072,3.0159633606672287,0,102
candidate,20261047,0,0,-8.0,2.5,0,0,0,0,0,0,0,0.0,54,2.473230439203757,3.2605197280645366,3.655737265944481,0,108
candidate,20261047,1,0,33.0,1.0,1,0,0,0,0,0,0,0.06521739130434782,46,2.2820871647285377,2.585318870842457,2.8194114565849304,0,92
candidate,20261047,2,0,33.0,1.0,1,0,0,0,0,0,0,0.017543859649122806,57,2.35014402291231,3.112185001373291,3.226427361369133,0,114
candidate,20261047,3,0,34.0,1.0,1,0,0,0,0,0,0,0.045454545454545456,44,2.2813964381136675,2.749514579772949,2.92845256626606,0,88
candidate,20261048,0,1,57.0,1.0,1,1,0,0,0,0,0,0.03278688524590164,61,2.3296433882635146,2.6992708444595337,2.895742654800415,0,121
candidate,20261048,1,1,-8.0,2.5,0,0,0,0,0,0,0,0.046153846153846156,65,2.278060380082864,2.7011215686798096,2.9162950813770294,0,130
candidate,20261048,2,1,-19.0,3.0,0,0,0,0,0,0,0,0.016666666666666666,60,2.3101765662431717,2.884009759873152,3.0747931450605392,0,121
candidate,20261048,3,1,-19.0,3.0,0,0,0,0,0,0,0,0.016666666666666666,60,2.3008386914928756,2.8500583954155445,2.89873406291008,0,121
candidate,20261049,0,2,-16.0,4.0,0,0,1,8,0,0,0,0.046511627906976744,43,2.380876130489416,2.959473617374897,3.021959215402603,0,86
candidate,20261049,1,2,-20.0,3.0,0,0,0,0,0,0,0,0.06,50,2.2781286761164665,2.724853064864874,2.8554480522871017,0,101
candidate,20261049,2,2,-8.0,2.5,0,0,0,0,0,0,0,0.034482758620689655,58,2.314267230444941,2.885252796113491,2.9817428439855576,0,117
candidate,20261049,3,2,-22.0,3.0,0,0,0,0,0,0,0,0.06,50,2.2719471156597137,2.7059505693614483,2.7148183435201645,0,101
candidate,20261050,0,1,-8.0,2.5,0,0,0,0,0,0,0,0.0,64,2.4642248754389584,3.147527202963829,3.2441429793834686,0,128
candidate,20261050,1,1,-8.0,2.5,0,0,0,0,0,0,0,0.0,64,2.3585043963976204,2.971147373318672,2.996755763888359,0,128
candidate,20261050,2,1,33.0,1.0,1,0,0,0,0,0,0,0.03125,64,2.280908985994756,2.7363101951777935,2.9167775064706802,0,128
candidate,20261050,3,1,54.0,1.0,1,1,0,0,0,0,0,0.0,64,2.3658917634747922,3.042882028967142,3.230394795536995,0,127
candidate,20261051,0,3,35.0,1.0,1,0,0,0,0,0,0,0.016129032258064516,62,2.3753861145627115,2.8799031861126423,2.9422249644994736,0,124
candidate,20261051,1,3,-19.0,4.0,0,0,1,11,0,0,0,0.03225806451612903,62,2.33253373974754,2.922198548913002,2.9485467821359634,0,124
candidate,20261051,2,3,-18.0,4.0,0,0,1,10,0,0,0,0.0,43,2.321525888387547,2.900933660566807,2.9037855565547943,0,86
candidate,20261051,3,3,-31.0,4.0,0,0,1,23,0,0,0,0.027777777777777776,72,2.2918633444027767,2.8465068899095067,3.1418576836586,0,144
candidate,20261052,0,1,-23.0,4.0,0,0,1,15,0,0,0,0.043478260869565216,46,2.37684125971535,2.903642598539591,2.9856767505407333,0,92
candidate,20261052,1,1,-8.0,2.5,0,0,0,0,0,0,0,0.021739130434782608,46,2.4076539456196455,3.1227897852659225,3.1422842293977737,0,92
candidate,20261052,2,1,39.0,1.0,1,0,0,0,0,0,0,0.043478260869565216,46,2.280651227287624,2.7485452592372894,2.9206424951553345,0,92
candidate,20261052,3,1,-23.0,3.0,0,0,0,0,0,0,0,0.03333333333333333,60,2.3017572859923043,2.784923650324344,2.9311366379261017,0,121
candidate,20261053,0,0,-17.0,4.0,0,0,1,9,0,0,0,0.06451612903225806,31,2.3919249013546975,3.0041681602597237,3.0518509447574615,0,63
candidate,20261053,1,0,-8.0,2.5,0,0,0,0,0,0,0,0.0,31,2.368922435468243,2.9489686712622643,3.1395331025123596,0,63
candidate,20261053,2,0,34.0,1.0,1,0,0,0,0,0,0,0.0967741935483871,31,2.2859497656745296,2.8319908306002617,2.8572063893079758,0,63
candidate,20261053,3,0,-22.0,4.0,0,0,1,14,0,0,0,0.03225806451612903,31,2.3581619945264634,2.8416747227311134,2.856900915503502,0,61
candidate,20261054,0,3,-19.0,4.0,0,0,1,11,0,0,0,0.02631578947368421,38,2.4617454037070274,3.1283369287848473,3.233596682548523,0,76
candidate,20261054,1,3,-8.0,2.5,0,0,0,0,0,0,0,0.05,40,2.2964077536016703,2.667617052793503,2.8365999460220337,0,80
candidate,20261054,2,3,35.0,1.0,1,0,0,0,0,0,0,0.0,40,2.3771672509610653,3.2676086761057377,3.397386521100998,0,80
candidate,20261054,3,3,-8.0,2.5,0,0,0,0,0,0,0,0.058823529411764705,34,2.3250201278749634,2.94417766854167,3.0071958899497986,0,68
candidate,20261055,0,3,-8.0,2.5,0,0,0,0,0,0,0,0.046511627906976744,43,2.3793343801138014,2.9658127576112747,3.001442179083824,0,86
candidate,20261055,1,3,-21.0,3.0,0,0,0,0,0,0,0,0.0,59,2.4415614809525215,3.236087970435619,3.303010016679764,0,119
candidate,20261055,2,3,-8.0,2.5,0,0,0,0,0,0,0,0.0273972602739726,73,2.3069931576921516,2.916130796074867,3.0159037560224533,0,146
candidate,20261055,3,3,-19.0,3.0,0,0,0,0,0,0,0,0.01694915254237288,59,2.307575574870837,2.8628747910261154,3.1163301318883896,0,119
candidate,20261056,0,1,-20.0,4.0,0,0,1,12,0,0,0,0.017857142857142856,56,2.379007005531873,2.8774160891771317,2.942178398370743,0,112
candidate,20261056,1,1,35.0,1.0,1,0,0,0,0,0,0,0.021739130434782608,46,2.3317064523049025,2.890340518206358,3.2316893339157104,0,92
candidate,20261056,2,1,-8.0,2.5,0,0,0,0,0,0,0,0.03225806451612903,62,2.2771560977543555,2.701953426003456,2.782907336950302,0,124
candidate,20261056,3,1,36.0,1.0,1,0,0,0,0,0,0,0.016129032258064516,62,2.3113112115571575,2.82459557056427,2.960849553346634,0,124
candidate,20261057,0,3,-16.0,3.0,0,0,0,0,0,0,0,0.03636363636363636,55,2.3905584080652758,2.981402166187763,3.1108390539884567,0,111
candidate,20261057,1,3,-8.0,2.5,0,0,0,0,0,0,0,0.03225806451612903,62,2.3208571778189753,2.7367504313588142,2.9667355120182037,0,124
candidate,20261057,2,3,48.0,1.0,1,1,0,0,0,0,0,0.034482758620689655,58,2.2620336827019165,2.700947504490614,2.8900206089019775,0,115
candidate,20261057,3,3,37.0,1.0,1,0,0,0,0,0,0,0.03571428571428571,56,2.2645378817937205,2.68855644389987,2.790544182062149,0,112
candidate,20261058,0,2,-8.0,2.5,0,0,0,0,0,0,0,0.0,65,2.502169144841341,3.2940413802862167,3.4589096903800964,0,130
candidate,20261058,1,2,48.0,1.0,1,0,0,0,0,0,0,0.038461538461538464,52,2.369789299196922,3.0310554429888725,3.0606910586357117,0,104
candidate,20261058,2,2,-8.0,2.5,0,0,0,0,0,0,0,0.0,74,2.3399841644473978,2.9932145960628986,3.0130017548799515,0,148
candidate,20261058,3,2,32.0,1.0,1,0,0,0,0,0,0,0.05,40,2.324330573901534,2.9381269589066505,3.092879429459572,0,80
candidate,20261059,0,1,-23.0,3.0,0,0,0,0,0,0,0,0.030303030303030304,33,2.43088806217367,2.9938150197267532,3.079744055867195,0,67
candidate,20261059,1,1,-8.0,2.5,0,0,0,0,0,0,0,0.0,47,2.463425410554764,3.3088086172938347,3.362176939845085,0,94
candidate,20261059,2,1,-23.0,3.0,0,0,0,0,0,0,0,0.029411764705882353,34,2.263658680021763,2.7109812945127487,2.7398113161325455,0,69
candidate,20261059,3,1,-8.0,2.5,0,0,0,0,0,0,0,0.0851063829787234,47,2.2409367672306426,2.6223314926028247,2.8454195708036423,0,94
candidate,20261060,0,1,-8.0,2.5,0,0,0,0,0,0,0,0.016129032258064516,62,2.4103238397548274,3.0134152621030807,3.1181517988443375,0,124
candidate,20261060,1,1,34.0,1.0,1,0,0,0,0,0,0,0.016666666666666666,60,2.390723613401254,3.075012098997831,3.176167607307434,0,120
candidate,20261060,2,1,-22.0,3.0,0,0,0,0,0,0,0,0.0,63,2.370340335700247,3.0761560425162315,3.1768623739480972,0,127
candidate,20261060,3,1,-18.0,4.0,0,0,1,10,0,0,0,0.0,60,2.4162177306910357,3.1732886098325253,3.3362023532390594,0,120
candidate,20261061,0,3,42.0,1.0,1,0,0,0,0,0,0,0.017857142857142856,56,2.4070923682302237,3.04399523884058,3.084791824221611,0,112
candidate,20261061,1,3,48.0,1.0,1,1,0,0,0,0,0,0.013513513513513514,74,2.306129934417235,2.7627735398709774,2.839643508195877,0,147
candidate,20261061,2,3,-8.0,2.5,0,0,0,0,0,0,0,0.04081632653061224,49,2.2861910413722604,2.8315551578998557,2.9662344604730606,0,98
candidate,20261061,3,3,-20.0,3.0,0,0,0,0,0,0,0,0.0,72,2.4354266416695385,3.313708771020174,3.551837056875229,0,145
candidate,20261062,0,1,-19.0,4.0,0,0,1,11,0,0,0,0.03389830508474576,59,2.3791396958848177,2.866481803357601,2.9599815607070923,0,118
candidate,20261062,1,1,-17.0,4.0,0,0,1,9,0,0,0,0.046875,64,2.2940027702134103,2.679574117064476,2.8591174632310867,0,128
candidate,20261062,2,1,-21.0,3.0,0,0,0,0,0,0,0,0.0,46,2.3708490087934164,3.0446634627878666,3.1200293451547623,0,93
candidate,20261062,3,1,-19.0,3.0,0,0,0,0,0,0,0,0.046511627906976744,43,2.330896899450657,2.90385615080595,3.0096489936113358,0,87
candidate,20261063,0,0,-8.0,2.5,0,0,0,0,0,0,0,0.0,34,2.402796957860975,2.943909168243408,2.9458310455083847,0,68
candidate,20261063,1,0,-8.0,2.5,0,0,0,0,0,0,0,0.05172413793103448,58,2.28385755728031,2.7170530520379543,2.902444452047348,0,116
candidate,20261063,2,0,-17.0,4.0,0,0,1,9,0,0,0,0.0,34,2.336178796694559,2.895132824778557,2.906251698732376,0,68
candidate,20261063,3,0,33.0,1.0,1,0,0,0,0,0,0,0.024390243902439025,41,2.328166102127331,2.9663480818271637,3.003133460879326,0,82
candidate,20261064,0,3,33.0,1.0,1,0,0,0,0,0,0,0.016666666666666666,60,2.386924376090368,2.987057436257601,3.0903667211532593,0,120
candidate,20261064,1,3,-8.0,2.5,0,0,0,0,0,0,0,0.061224489795918366,49,2.2906953354879303,2.665916457772255,2.8046444058418274,0,98
candidate,20261064,2,3,33.0,1.0,1,0,0,0,0,0,0,0.061224489795918366,49,2.2442237835149377,2.6356969028711315,2.833263948559761,0,98
candidate,20261064,3,3,-18.0,3.0,0,0,0,0,0,0,0,0.0,51,2.3573722471209133,3.1402651220560074,3.325045108795166,0,103
candidate,20261065,0,1,-8.0,2.5,0,0,0,0,0,0,0,0.0,47,2.4606768200372127,3.1126869842410088,3.1474288552999496,0,94
candidate,20261065,1,1,32.0,1.0,1,0,0,0,0,0,0,0.02127659574468085,47,2.347279379659511,2.865433320403099,3.1578578054904938,0,94
candidate,20261065,2,1,-16.0,4.0,0,0,1,8,0,0,0,0.0,18,2.3272457636064954,2.9474725015461445,2.9542725533246994,0,36
candidate,20261065,3,1,-8.0,2.5,0,0,0,0,0,0,0,0.0425531914893617,47,2.2865811243970344,2.7265947312116623,2.908371388912201,0,94
candidate,20261066,0,1,-28.0,4.0,0,0,1,20,0,0,0,0.06060606060606061,33,2.3436122432802664,2.686712145805359,2.9112957417964935,0,66
candidate,20261066,1,1,44.0,1.0,1,0,0,0,0,0,0,0.030303030303030304,33,2.415350271445332,3.1200818717479706,3.151131793856621,0,66
candidate,20261066,2,1,-8.0,2.5,0,0,0,0,0,0,0,0.06060606060606061,33,2.295566496975494,2.9288794845342636,2.975601702928543,0,66
candidate,20261066,3,1,-8.0,2.5,0,0,0,0,0,0,0,0.030303030303030304,33,2.2974039117495217,2.9295451939105988,2.977818250656128,0,66
candidate,20261067,0,2,-8.0,2.5,0,0,0,0,0,0,0,0.05454545454545454,55,2.3156128146431665,2.6189157739281654,2.8414297848939896,0,110
candidate,20261067,1,2,-17.0,4.0,0,0,1,9,0,0,0,0.03636363636363636,55,2.365576679056341,2.9455963522195816,3.0584651976823807,0,110
candidate,20261067,2,2,43.0,1.0,1,0,0,0,0,0,0,0.017543859649122806,57,2.3230075051909997,2.9132362455129623,2.9606185853481293,0,114
candidate,20261067,3,2,33.0,1.0,1,0,0,0,0,0,0,0.01818181818181818,55,2.3094651373949917,2.946273051202297,3.097623586654663,0,110
candidate,20261068,0,2,-22.0,4.0,0,0,1,14,0,0,0,0.037037037037037035,27,2.3913164795548827,2.939891628921032,2.9452014714479446,0,54
candidate,20261068,1,2,-17.0,4.0,0,0,1,9,0,0,0,0.06818181818181818,44,2.275300296870145,2.597137913107872,2.833295613527298,0,88
candidate,20261068,2,2,33.0,1.0,1,0,0,0,0,0,0,0.045454545454545456,44,2.254052722657269,2.6588918641209602,2.698708325624466,0,88
candidate,20261068,3,2,-8.0,2.5,0,0,0,0,0,0,0,0.0,44,2.3822346278889612,3.0740619637072086,3.29376757144928,0,88
candidate,20261069,0,1,33.0,1.0,1,0,0,0,0,0,0,0.04081632653061224,49,2.3190744069157816,2.6065662503242493,2.919631078839302,0,98
candidate,20261069,1,1,34.0,1.0,1,0,0,0,0,0,0,0.029411764705882353,68,2.3385449312627316,2.8593551367521286,2.9626209288835526,0,136
candidate,20261069,2,1,-8.0,2.5,0,0,0,0,0,0,0,0.028169014084507043,71,2.3075868178841095,2.8787627816200256,2.9564183205366135,0,142
candidate,20261069,3,1,-8.0,2.5,0,0,0,0,0,0,0,0.02040816326530612,49,2.274825180671653,2.7969717979431152,2.85273976624012,0,98
candidate,20261070,0,3,-8.0,2.5,0,0,0,0,0,0,0,0.0,56,2.3969856556504965,2.9336344450712204,2.978408709168434,0,112
candidate,20261070,1,3,-26.0,3.0,0,0,0,0,0,0,0,0.02631578947368421,76,2.3267798272794797,2.779507078230381,2.9088258743286133,0,153
candidate,20261070,2,3,37.0,1.0,1,0,0,0,0,0,0,0.02,50,2.335071563720703,2.9120772145688534,2.9393788427114487,0,100
candidate,20261070,3,3,99.0,1.0,1,1,0,0,0,0,0,0.0,48,2.3550241409490504,2.9718026518821716,3.003571182489395,0,95
candidate,20261071,0,3,-8.0,2.5,0,0,0,0,0,0,0,0.023255813953488372,43,2.4688166761121084,3.2949840649962425,3.562934696674347,0,86
candidate,20261071,1,3,-16.0,3.0,0,0,0,0,0,0,0,0.045454545454545456,44,2.304166259074753,2.7997618541121487,2.9461365193128586,0,89
candidate,20261071,2,3,41.0,1.0,1,0,0,0,0,0,0,0.018867924528301886,53,2.3506064108520186,2.908991649746895,2.9782038182020187,0,106
candidate,20261071,3,3,-16.0,3.0,0,0,0,0,0,0,0,0.047619047619047616,42,2.2927094250917435,2.6857269927859306,2.8440672904253006,0,85
candidate,20261072,0,0,-8.0,2.5,0,0,0,0,0,0,0,0.02702702702702703,74,2.3932955353646665,2.971479296684265,3.05388867855072,0,149
candidate,20261072,1,0,-17.0,4.0,0,0,1,9,0,0,0,0.022727272727272728,44,2.417378466237675,2.8983973897993565,5.583386868238449,0,88
candidate,20261072,2,0,32.0,1.0,1,0,0,0,0,0,0,0.01639344262295082,61,2.3310015924641343,2.8206035494804382,4.529478028416634,0,122
candidate,20261072,3,0,33.0,1.0,1,0,0,0,0,0,0,0.03278688524590164,61,2.3058896243083673,2.8266366571187973,4.29239496588707,0,122
candidate,20261073,0,1,-21.0,3.0,0,0,0,0,0,0,0,0.0,18,2.391872720585929,2.903761714696884,2.907954156398773,0,37
candidate,20261073,1,1,-21.0,3.0,0,0,0,0,0,0,0,0.05555555555555555,18,2.323895382384459,2.7401722967624664,2.863336354494095,0,37
candidate,20261073,2,1,63.0,1.0,1,1,0,0,0,0,0,0.0,19,2.513280922645017,3.406598791480061,4.99151274561882,0,37
candidate,20261073,3,1,-21.0,3.0,0,0,0,0,0,0,0,0.0,18,2.311618998646736,2.893655840307474,2.918751910328865,0,37
candidate,20261074,0,1,-8.0,2.5,0,0,0,0,0,0,0,0.0,56,2.6056811745677675,3.3837775699794292,5.947446450591087,0,112
candidate,20261074,1,1,-16.0,4.0,0,0,1,8,0,0,0,0.017857142857142856,56,2.3758813539253816,2.9073492623865604,3.1396280974149704,0,112
candidate,20261074,2,1,-8.0,2.5,0,0,0,0,0,0,0,0.03571428571428571,56,2.297529052676899,2.797442954033613,2.95088067650795,0,112
candidate,20261074,3,1,32.0,1.0,1,0,0,0,0,0,0,0.018518518518518517,54,2.421905010662697,3.3632487989962097,4.908764734864235,0,108
candidate,20261075,0,0,-8.0,2.5,0,0,0,0,0,0,0,0.023809523809523808,42,2.372115451310362,2.8844055719673634,3.016941249370575,0,84
candidate,20261075,1,0,32.0,1.0,1,0,0,0,0,0,0,0.04081632653061224,49,2.3209302096950766,2.862658351659775,2.8938762843608856,0,98
candidate,20261075,2,0,-8.0,2.5,0,0,0,0,0,0,0,0.0,42,2.3817792091341246,3.139886539429426,3.1591039150953293,0,84
candidate,20261075,3,0,0.0,2.5,0,0,0,0,0,1,1,0.023255813953488372,86,2.298422937476358,2.7718250639736652,2.9549989849328995,0,172
candidate,20261076,0,3,34.0,1.0,1,0,0,0,0,0,0,0.022727272727272728,44,2.370552286844362,2.8921070508658886,2.907324582338333,0,88
candidate,20261076,1,3,-8.0,2.5,0,0,0,0,0,0,0,0.0,44,2.4249643002721397,3.2989826053380966,3.3672619611024857,0,88
candidate,20261076,2,3,-8.0,2.5,0,0,0,0,0,0,0,0.022727272727272728,44,2.298846332864328,2.77363583445549,2.8018448501825333,0,88
candidate,20261076,3,3,-20.0,3.0,0,0,0,0,0,0,0,0.0,40,2.394358580932021,3.14683485776186,3.264177590608597,0,81
candidate,20261077,0,0,-8.0,2.5,0,0,0,0,0,0,0,0.0,84,2.4211307144945575,2.9567298479378223,3.025667741894722,0,168
candidate,20261077,1,0,-8.0,2.5,0,0,0,0,0,0,0,0.05172413793103448,58,2.487999098054294,3.4343130886554714,3.7832465022802353,0,116
candidate,20261077,2,0,-8.0,2.5,0,0,0,0,0,0,0,0.017241379310344827,58,2.827088348567486,4.148604534566402,4.679204896092415,0,116
candidate,20261077,3,0,-17.0,4.0,0,0,1,9,0,0,0,0.0,42,2.835129343328022,4.606156889349222,4.759708419442177,0,84
candidate,20261078,0,3,-8.0,2.5,0,0,0,0,0,0,0,0.021739130434782608,46,2.4438070781205012,3.334652166813612,3.8864873349666595,0,92
candidate,20261078,1,3,-30.0,4.0,0,0,1,22,0,0,0,0.06521739130434782,46,2.3065313048984692,2.7480367571115494,2.9129236936569214,0,92
candidate,20261078,2,3,46.0,1.0,1,0,0,0,0,0,0,0.043478260869565216,46,2.306260694952115,2.8457455337047577,2.95419804751873,0,92
candidate,20261078,3,3,-8.0,2.5,0,0,0,0,0,0,0,0.06521739130434782,46,2.2604806024743165,2.738170325756073,2.880208194255829,0,92
candidate,20261079,0,2,-22.0,3.0,0,0,0,0,0,0,0,0.0625,32,2.3519136593677104,2.76124719530344,2.945171669125557,0,65
candidate,20261079,1,2,66.0,1.0,1,1,0,0,0,0,0,0.0,33,2.380038301150004,3.123347833752632,3.148755058646202,0,65
candidate,20261079,2,2,-22.0,3.0,0,0,0,0,0,0,0,0.03125,32,2.315075951628387,2.8966990299522877,2.9434319585561752,0,65
candidate,20261079,3,2,-22.0,3.0,0,0,0,0,0,0,0,0.03125,32,2.278815838508308,2.8636942617595196,2.9491689056158066,0,65
candidate,20261080,0,2,-31.0,4.0,0,0,1,23,0,0,0,0.0,56,2.5066050168659006,3.3280360512435436,3.784347325563431,0,112
candidate,20261080,1,2,47.0,1.0,1,0,0,0,0,0,0,0.03333333333333333,60,2.284279279410839,2.6940510608255863,2.884475514292717,0,120
candidate,20261080,2,2,0.0,2.5,0,0,0,0,0,1,1,0.03529411764705882,85,2.281936236164149,2.7029484510421753,2.7364157140254974,0,170
candidate,20261080,3,2,-18.0,4.0,0,0,1,10,0,0,0,0.0,62,2.3471227576655727,3.001070860773325,3.0596312135457993,0,124
candidate,20261081,0,2,-21.0,4.0,0,0,1,13,0,0,0,0.01639344262295082,61,2.3937569167770323,2.8879214078187943,2.9688384383916855,0,123
candidate,20261081,1,2,-21.0,3.0,0,0,0,0,0,0,0,0.02857142857142857,70,2.316336493406977,2.7584358118474483,2.948228269815445,0,140
candidate,20261081,2,2,-8.0,2.5,0,0,0,0,0,0,0,0.0425531914893617,47,2.2900647067643227,2.829840779304504,2.9269009828567505,0,95
candidate,20261081,3,2,40.0,1.0,1,0,0,0,0,0,0,0.0,54,2.5087820228051254,3.5829876549541937,4.171047359704971,0,108
candidate,20261082,0,0,-27.0,4.0,0,0,1,19,0,0,0,0.044444444444444446,45,2.373978081676695,2.883056551218033,2.939259633421898,0,90
candidate,20261082,1,0,45.0,1.0,1,0,0,0,0,0,0,0.0,49,2.5019230207010192,3.5693638026714325,3.7078913301229477,0,98
candidate,20261082,2,0,-28.0,3.0,0,0,0,0,0,0,0,0.023255813953488372,43,2.4053451366895855,3.086981177330017,3.169722855091095,0,87
candidate,20261082,3,0,-8.0,2.5,0,0,0,0,0,0,0,0.02040816326530612,49,2.3194935400875245,2.8648499399423595,2.921612933278084,0,98
candidate,20261083,0,3,-33.0,3.0,0,0,0,0,0,0,0,0.0,58,2.4489714796173163,3.2032912597060204,3.475271165370941,0,117
candidate,20261083,1,3,-33.0,3.0,0,0,0,0,0,0,0,0.017241379310344827,58,2.4930206609183343,3.548849932849407,6.4569637179374695,0,117
candidate,20261083,2,3,99.0,1.0,1,1,0,0,0,0,0,0.0,59,2.322169052342237,2.899903804063797,2.9357578605413437,0,117
candidate,20261083,3,3,-33.0,3.0,0,0,0,0,0,0,0,0.017241379310344827,58,2.37341260473276,2.8628688305616374,3.4146886318922043,0,117
candidate,20261084,0,2,52.0,1.0,1,0,0,0,0,0,0,0.05084745762711865,59,2.367988607640994,2.910330891609192,3.0296016484498978,0,118
candidate,20261084,1,2,39.0,1.0,1,0,0,0,0,0,0,0.08333333333333333,60,2.265360920379559,2.7851606719195843,2.8617922216653824,0,120
candidate,20261084,2,2,-8.0,2.5,0,0,0,0,0,0,0,0.016666666666666666,60,2.3443600783745446,3.0616342090070248,3.147110342979431,0,120
candidate,20261084,3,2,54.0,1.0,1,1,0,0,0,0,0,0.0,42,2.4796757137491587,3.3047835342586036,3.687480464577675,0,83
candidate,20261085,0,2,60.0,1.0,1,1,0,0,0,0,0,0.0,44,2.4465422400019388,3.146260790526867,3.2240916043519974,0,87
candidate,20261085,1,2,-20.0,3.0,0,0,0,0,0,0,0,0.0,43,2.3469526407330537,2.930496446788311,2.947533503174782,0,87
candidate,20261085,2,2,-20.0,3.0,0,0,0,0,0,0,0,0.06976744186046512,43,2.2775248386139095,2.79878843575716,2.8254203498363495,0,87
candidate,20261085,3,2,-20.0,3.0,0,0,0,0,0,0,0,0.046511627906976744,43,2.2936340334803558,2.8608417138457294,2.9860809445381165,0,87
candidate,20261086,0,0,42.0,1.0,1,0,0,0,0,0,0,0.06818181818181818,44,2.294957299124111,2.5646353140473366,2.809634432196617,0,88
candidate,20261086,1,0,-8.0,2.5,0,0,0,0,0,0,0,0.02564102564102564,39,2.388941697203196,3.1014246866106987,3.1676944345235825,0,78
candidate,20261086,2,0,-27.0,4.0,0,0,1,19,0,0,0,0.02564102564102564,39,2.3031836518874536,2.7815360575914383,2.819215878844261,0,78
candidate,20261086,3,0,-8.0,2.5,0,0,0,0,0,0,0,0.02564102564102564,39,2.283204537935746,2.771662548184395,2.871057018637657,0,78
candidate,20261087,0,3,-8.0,2.5,0,0,0,0,0,0,0,0.023809523809523808,42,2.377827518752643,2.9458924196660514,3.0175000429153442,0,84
candidate,20261087,1,3,-26.0,4.0,0,0,1,18,0,0,0,0.029411764705882353,34,2.3943524917258934,3.0694314278662205,3.195110708475113,0,68
candidate,20261087,2,3,-8.0,2.5,0,0,0,0,0,0,0,0.0,38,2.3561693531902215,3.0171729624271393,3.056708723306656,0,76
candidate,20261087,3,3,-26.0,4.0,0,0,1,18,0,0,0,0.03125,32,2.3250128142535686,2.899240981787443,2.909865230321884,0,64
candidate,20261088,0,1,-31.0,3.0,0,0,0,0,0,0,0,0.04,50,2.34362855553627,2.7263283729553223,2.93152779340744,0,101
candidate,20261088,1,1,-31.0,3.0,0,0,0,0,0,0,0,0.04,50,2.334757521748543,2.893796283751726,3.024989739060402,0,101
candidate,20261088,2,1,-31.0,3.0,0,0,0,0,0,0,0,0.02,50,2.369224727153778,3.0149072408676147,3.20497527718544,0,101
candidate,20261088,3,1,93.0,1.0,1,1,0,0,0,0,0,0.0,51,2.3831251789541805,3.312988206744194,3.670116886496544,0,101
candidate,20261089,0,1,34.0,1.0,1,0,0,0,0,0,0,0.02702702702702703,74,2.3476341235879303,2.7961445972323413,3.009311854839325,0,148
candidate,20261089,1,1,-8.0,2.5,0,0,0,0,0,0,0,0.038461538461538464,78,2.2930592441788087,2.627007011324167,2.9266569763422012,0,156
candidate,20261089,2,1,-16.0,3.0,0,0,0,0,0,0,0,0.0,11,2.325401556762782,2.829909324645996,2.8425082564353943,0,23
candidate,20261089,3,1,-8.0,2.5,0,0,0,0,0,0,0,0.0196078431372549,51,2.3572511021413054,3.0728066340088844,3.3287610858678818,0,102
candidate,20261090,0,3,51.0,1.0,1,1,0,0,0,0,0,0.047619047619047616,21,2.4378332531168345,2.9893163591623306,4.201352596282959,0,41
candidate,20261090,1,3,-16.0,4.0,0,0,1,8,0,0,0,0.0,18,2.386717746655146,2.9657448641955853,2.9772408306598663,0,36
candidate,20261090,2,3,-17.0,3.0,0,0,0,0,0,0,0,0.0,20,2.434243820607662,3.3228040672838692,3.649061545729637,0,41
candidate,20261090,3,3,-17.0,3.0,0,0,0,0,0,0,0,0.0,20,2.3423939011991024,2.9405699111521244,2.983938902616501,0,41
candidate,20261091,0,1,-26.0,3.0,0,0,0,0,0,0,0,0.03278688524590164,61,2.3616844879799204,2.8834138065576553,4.290703684091568,0,123
candidate,20261091,1,1,-26.0,3.0,0,0,0,0,0,0,0,0.04918032786885246,61,2.380871565126982,2.8625335544347763,5.027448758482933,0,123
candidate,20261091,2,1,78.0,1.0,1,1,0,0,0,0,0,0.04838709677419355,62,2.3284899371285595,2.91242292150855,4.019768908619881,0,123
candidate,20261091,3,1,-26.0,3.0,0,0,0,0,0,0,0,0.04918032786885246,61,2.2904300970620795,2.9550809413194656,3.0353888869285583,0,123
candidate,20261092,0,3,33.0,1.0,1,0,0,0,0,0,0,0.044444444444444446,45,2.384588991602262,2.979640290141105,3.0011944472789764,0,90
candidate,20261092,1,3,-8.0,2.5,0,0,0,0,0,0,0,0.022222222222222223,45,2.3935255491071277,3.062273934483528,3.562420606613159,0,90
candidate,20261092,2,3,-17.0,4.0,0,0,1,9,0,0,0,0.044444444444444446,45,2.33489399154981,2.883720025420189,4.251979291439056,0,90
candidate,20261092,3,3,-8.0,2.5,0,0,0,0,0,0,0,0.06666666666666667,45,2.2986599968539343,2.696399763226509,4.393095150589943,0,90
candidate,20261093,0,1,-16.0,4.0,0,0,1,8,0,0,0,0.06666666666666667,30,2.334479677180449,2.5725387036800385,2.9738079756498337,0,60
candidate,20261093,1,1,-16.0,3.0,0,0,0,0,0,0,0,0.11538461538461539,26,2.2705116380865755,2.565893344581127,2.68344022333622,0,53
candidate,20261093,2,1,-16.0,3.0,0,0,0,0,0,0,0,0.03125,32,2.319930703379214,2.8515398502349854,2.9975920915603638,0,65
candidate,20261093,3,1,48.0,1.0,1,1,0,0,0,0,0,0.037037037037037035,27,2.3812778570033886,3.015417978167534,4.510644823312759,0,53
candidate,20261094,0,1,-8.0,2.5,0,0,0,0,0,0,0,0.025,40,2.437183726578951,3.0916826799511887,3.880981355905533,0,80
candidate,20261094,1,1,48.0,1.0,1,1,0,0,0,0,0,0.02,50,2.403995953500271,3.0615097843110557,4.6563465148210526,0,99
candidate,20261094,2,1,-16.0,3.0,0,0,0,0,0,0,0,0.02040816326530612,49,2.3169451374180463,2.8893955051898956,2.9199421405792236,0,99
candidate,20261094,3,1,-21.0,4.0,0,0,1,13,0,0,0,0.0,40,2.321256836876273,2.887349482625723,2.91362963616848,0,80
candidate,20261095,0,0,54.0,1.0,1,1,0,0,0,0,0,0.017543859649122806,57,2.3712418777377984,2.8610486537218094,3.150086849927902,0,113
candidate,20261095,1,0,57.0,1.0,1,1,0,0,0,0,0,0.06451612903225806,62,2.2633588241954006,2.6935653761029243,2.7189496904611588,0,123
candidate,20261095,2,0,-17.0,3.0,0,0,0,0,0,0,0,0.01818181818181818,55,2.313296700065786,2.882497012615204,2.954261377453804,0,111
candidate,20261095,3,0,-19.0,3.0,0,0,0,0,0,0,0,0.0,61,2.523506151848152,3.583233803510666,3.8169976323843002,0,123
candidate,20261096,0,0,-8.0,2.5,0,0,0,0,0,0,0,0.041666666666666664,48,2.3713234501580396,2.9034909792244434,3.0977539718151093,0,96
candidate,20261096,1,0,34.0,1.0,1,0,0,0,0,0,0,0.10344827586206896,29,2.262611584416751,2.660007029771805,2.674626186490059,0,58
candidate,20261096,2,0,-8.0,2.5,0,0,0,0,0,0,0,0.022727272727272728,44,2.305201170119372,2.8629066422581673,2.8856713324785233,0,88
candidate,20261096,3,0,-22.0,4.0,0,0,1,14,0,0,0,0.0,40,2.3561713751405478,3.0788108706474304,3.2562967389822006,0,80
candidate,20261097,0,1,-8.0,2.5,0,0,0,0,0,0,0,0.037037037037037035,27,2.4492003161598137,2.8961051255464554,5.55851124227047,0,54
candidate,20261097,1,1,-8.0,2.5,0,0,0,0,0,0,0,0.07407407407407407,27,2.289461937767488,2.7636198326945305,2.8750672936439514,0,54
candidate,20261097,2,1,33.0,1.0,1,0,0,0,0,0,0,0.037037037037037035,27,2.33305052474693,2.8813429176807404,2.990446984767914,0,54
candidate,20261097,3,1,-17.0,4.0,0,0,1,9,0,0,0,0.06451612903225806,31,2.2831779093511644,2.7625439688563347,2.8217267245054245,0,62
candidate,20261098,0,3,0.0,2.5,0,0,0,0,0,1,1,0.011764705882352941,85,2.3868185413234375,2.944989874958992,3.1148195266723633,0,170
candidate,20261098,1,3,-8.0,2.5,0,0,0,0,0,0,0,0.024390243902439025,82,2.307098676882139,2.788217458873987,2.898087725043297,0,164
candidate,20261098,2,3,-54.0,4.0,0,0,1,46,1,0,0,0.0379746835443038,79,2.295520887533321,2.916193008422851,3.1530801206827164,0,158
candidate,20261098,3,3,-8.0,2.5,0,0,0,0,0,0,0,0.02564102564102564,78,2.280551892442581,2.781754732131958,2.9822885990142822,0,156
candidate,20261099,0,2,35.0,1.0,1,0,0,0,0,0,0,0.03508771929824561,57,2.392015109459559,2.9066938906908035,3.055039793252945,0,114
candidate,20261099,1,2,-17.0,3.0,0,0,0,0,0,0,0,0.02857142857142857,70,2.3881751245685985,3.1054423190653324,3.182006999850273,0,141
candidate,20261099,2,2,-26.0,3.0,0,0,0,0,0,0,0,0.01818181818181818,55,2.3109401152892546,2.824152261018753,2.9221735894680023,0,111
candidate,20261099,3,2,-8.0,2.5,0,0,0,0,0,0,0,0.046875,64,2.29336935444735,2.7439963072538376,2.870887517929077,0,127
candidate,20261100,0,1,10.0,2.0,0,0,0,0,0,0,0,0.022727272727272728,44,2.4547757242213595,3.151332587003708,3.173176199197769,1,89
candidate,20261100,1,1,-28.0,4.0,0,0,1,20,0,0,0,0.05555555555555555,36,2.5335741229355335,3.416933584958315,3.7047304213047028,0,72
candidate,20261100,2,1,-8.0,2.5,0,0,0,0,0,0,0,0.05555555555555555,36,2.377191868921121,2.9254923574626446,4.638109356164932,0,72
candidate,20261100,3,1,-8.0,2.5,0,0,0,0,0,0,0,0.027777777777777776,36,2.3798092992769346,2.793555613607168,5.266983062028885,0,72
candidate,20261101,0,2,-8.0,2.5,0,0,0,0,0,0,0,0.0,46,2.465046213372894,3.08573292568326,4.059404134750366,0,92
candidate,20261101,1,2,-8.0,2.5,0,0,0,0,0,0,0,0.021739130434782608,46,2.3747868431003196,2.9541985131800175,2.9772911220788956,0,92
candidate,20261101,2,2,-8.0,2.5,0,0,0,0,0,0,0,0.03389830508474576,59,2.426611449001199,2.8547642752528186,7.029552012681961,0,118
candidate,20261101,3,2,-18.0,4.0,0,0,1,10,0,0,0,0.0,46,2.4202071616183156,3.314035478979349,3.4142471849918365,0,92
candidate,20261102,0,2,-8.0,2.5,0,0,0,0,0,0,0,0.02040816326530612,49,2.5338656364046797,3.3436279743909836,4.830442368984222,0,98
candidate,20261102,1,2,-19.0,4.0,0,0,1,11,0,0,0,0.0410958904109589,73,2.3216000974994815,2.6926059275865555,4.322374239563942,0,146
candidate,20261102,2,2,44.0,1.0,1,0,0,0,0,0,0,0.07894736842105263,38,2.2806159563754735,2.760630566626787,2.874346449971199,0,76
candidate,20261102,3,2,-8.0,2.5,0,0,0,0,0,0,0,0.03636363636363636,55,2.3577902127395975,3.056480549275875,3.7981364876031876,0,110
candidate,20261103,0,1,-8.0,2.5,0,0,0,0,0,0,0,0.030303030303030304,66,2.374402190925497,2.8358777053654194,3.814792260527611,0,132
candidate,20261103,1,1,-8.0,2.5,0,0,0,0,0,0,0,0.014925373134328358,67,2.376325762093957,2.8713798150420184,5.202136933803558,0,134
candidate,20261103,2,1,-8.0,2.5,0,0,0,0,0,0,0,0.029850746268656716,67,2.277051362751135,2.7527960017323494,2.825416624546051,0,134
candidate,20261103,3,1,34.0,1.0,1,0,0,0,0,0,0,0.029850746268656716,67,2.323680376606201,2.844274789094925,2.9347892850637436,0,134
candidate,20261104,0,1,-8.0,2.5,0,0,0,0,0,0,0,0.06666666666666667,45,2.3747736381159887,2.9151462018489838,2.9793567955493927,0,90
candidate,20261104,1,1,-28.0,4.0,0,0,1,20,0,0,0,0.029850746268656716,67,2.331165958251526,2.8277207165956497,2.8959307819604874,0,134
candidate,20261104,2,1,-8.0,2.5,0,0,0,0,0,0,0,0.047619047619047616,63,2.314926435550054,2.6398437097668648,4.231305792927742,0,126
candidate,20261104,3,1,-17.0,4.0,0,0,1,9,0,0,0,0.0,40,2.4176035076379776,3.129146061837673,3.305666148662567,0,80
candidate,20261105,0,2,-8.0,2.5,0,0,0,0,0,0,0,0.022222222222222223,45,2.3954463087850146,2.936621382832527,3.086363896727562,0,90
candidate,20261105,1,2,-8.0,2.5,0,0,0,0,0,0,0,0.018518518518518517,54,2.2965407136965683,2.805955894291401,2.8383154422044754,0,108
candidate,20261105,2,2,-8.0,2.5,0,0,0,0,0,0,0,0.023255813953488372,43,2.3710307513558586,2.9661694541573524,3.8085337728261948,0,86
candidate,20261105,3,2,-8.0,2.5,0,0,0,0,0,0,0,0.0,54,2.386810740938893,3.0046163126826286,3.162674605846405,0,108
candidate,20261106,0,1,-8.0,2.5,0,0,0,0,0,0,0,0.0,41,2.580595770623626,3.314277157187462,3.936491906642914,0,82
candidate,20261106,1,1,-8.0,2.5,0,0,0,0,0,0,0,0.023255813953488372,43,2.3221859145303103,2.7887439355254173,2.8094835579395294,0,86
candidate,20261106,2,1,-18.0,3.0,0,0,0,0,0,0,0,0.0,71,2.3961087400224845,2.9867859557271004,4.280872642993927,0,143
candidate,20261106,3,1,32.0,1.0,1,0,0,0,0,0,0,0.024390243902439025,41,2.3534996662198044,3.0714478343725204,3.089349716901779,0,82
candidate,20261107,0,0,40.0,1.0,1,0,0,0,0,0,0,0.02702702702702703,37,2.383711017869614,2.840133383870125,3.103664144873619,0,74
candidate,20261107,1,0,-20.0,4.0,0,0,1,12,0,0,0,0.06060606060606061,33,2.3914696366497963,2.9260959476232524,3.255218267440796,0,66
candidate,20261107,2,0,-8.0,2.5,0,0,0,0,0,0,0,0.0,37,2.3840061716131262,3.236591815948486,3.331134095788002,0,74
candidate,20261107,3,0,-8.0,2.5,0,0,0,0,0,0,0,0.05405405405405406,37,2.2750120811365746,2.8892051428556442,2.912130206823349,0,74
candidate,20261108,0,0,-8.0,2.5,0,0,0,0,0,0,0,0.023255813953488372,86,2.352489440073801,2.7641188353300095,2.9565878212451935,0,172
candidate,20261108,1,0,0.0,2.5,0,0,0,0,0,1,1,0.023529411764705882,85,2.3887923316043964,2.888869121670723,6.637942045927048,0,170
candidate,20261108,2,0,0.0,2.5,0,0,0,0,0,1,0,0.0,84,2.3390368691512515,2.952789980918169,3.020564094185829,0,168
candidate,20261108,3,0,-25.0,4.0,0,0,1,17,0,0,0,0.05555555555555555,36,2.308857109811571,2.9120799154043198,3.015385940670967,0,72
candidate,20261109,0,1,0.0,2.5,0,0,0,0,0,1,1,0.03529411764705882,85,2.4305009009206997,2.848248183727264,6.0220882296562195,0,170
candidate,20261109,1,1,0.0,2.5,0,0,0,0,0,1,1,0.023529411764705882,85,2.306963218485608,2.7741305530071254,2.987625077366829,0,170
candidate,20261109,2,1,51.0,1.0,1,0,0,0,0,0,0,0.0,74,2.466214871084368,3.126883413642645,5.002247169613838,0,148
candidate,20261109,3,1,0.0,2.5,0,0,0,0,0,1,1,0.0,85,2.386843369287603,3.200952336192131,3.2520927488803864,0,170
candidate,20261110,0,0,34.0,1.0,1,0,0,0,0,0,0,0.02702702702702703,37,2.419138327240944,2.994783967733383,3.0394326895475388,0,74
candidate,20261110,1,0,-8.0,2.5,0,0,0,0,0,0,0,0.04081632653061224,49,2.383853555942068,2.951977774500847,3.962527960538864,0,98
candidate,20261110,2,0,-18.0,4.0,0,0,1,10,0,0,0,0.02702702702702703,37,2.369265953028524,2.781114727258682,4.96901199221611,0,74
candidate,20261110,3,0,-17.0,3.0,0,0,0,0,0,0,0,0.043478260869565216,69,2.286749851444493,2.632613107562065,4.584314301609993,0,139
candidate,20261111,0,0,-17.0,3.0,0,0,0,0,0,0,0,0.05263157894736842,38,2.410481830960826,2.8401645831763744,5.356479436159134,0,77
candidate,20261111,1,0,-8.0,2.5,0,0,0,0,0,0,0,0.061224489795918366,49,2.304878275917501,2.690250054001808,3.2009445130825043,0,98
candidate,20261111,2,0,-8.0,2.5,0,0,0,0,0,0,0,0.03225806451612903,62,2.2874341136024845,2.6979521848261356,3.085572272539139,0,124
candidate,20261111,3,0,-8.0,2.5,0,0,0,0,0,0,0,0.027777777777777776,36,2.369438039345874,3.127035219222307,3.2067466527223587,0,72
candidate,20261112,0,1,34.0,1.0,1,0,0,0,0,0,0,0.047619047619047616,42,2.4167490856988088,2.9228433035314074,4.271555691957474,0,85
candidate,20261112,1,1,-8.0,2.5,0,0,0,0,0,0,0,0.023809523809523808,42,2.4139621694173132,2.995890472084284,3.8335733115673065,0,85
candidate,20261112,2,1,-8.0,2.5,0,0,0,0,0,0,0,0.0,42,2.6547032452764965,4.203731752932071,4.409184679389,0,85
candidate,20261112,3,1,-18.0,4.0,0,0,1,10,0,0,0,0.023255813953488372,43,2.284182365550551,2.6896489784121513,2.7866438031196594,0,85
candidate,20261113,0,2,-8.0,2.5,0,0,0,0,0,0,0,0.014925373134328358,67,2.417019304277292,2.9812272638082504,3.745146095752716,0,134
candidate,20261113,1,2,48.0,1.0,1,0,0,0,0,0,0,0.0,75,2.4198865393797555,3.077019564807415,3.1978189945220947,0,150
candidate,20261113,2,2,-33.0,3.0,0,0,0,0,0,0,0,0.03076923076923077,65,2.2782826652893653,2.807050570845604,2.886684611439705,0,131
candidate,20261113,3,2,-33.0,3.0,0,0,0,0,0,0,0,0.0,63,2.5789329989088907,3.676964156329632,5.4940469563007355,0,127
candidate,20261114,0,1,-8.0,2.5,0,0,0,0,0,0,0,0.04878048780487805,41,2.403085733332285,2.887571230530739,4.197118803858757,0,82
candidate,20261114,1,1,36.0,1.0,1,0,0,0,0,0,0,0.024390243902439025,41,2.488575694037647,3.167392686009407,3.902468830347061,0,82
candidate,20261114,2,1,-16.0,4.0,0,0,1,8,0,0,0,0.0,68,2.5918953778112637,3.7630156613886356,4.829609766602516,0,136
candidate,20261114,3,1,-8.0,2.5,0,0,0,0,0,0,0,0.057971014492753624,69,2.2620628925337307,2.6321440935134883,3.9739608764648438,0,138
candidate,20261115,0,3,-8.0,2.5,0,0,0,0,0,0,0,0.02857142857142857,35,2.444432888712202,2.9677633196115494,3.6124736070632935,0,70
candidate,20261115,1,3,36.0,1.0,1,0,0,0,0,0,0,0.02857142857142857,35,2.396551626069205,3.073509410023689,3.3575017005205154,0,70
candidate,20261115,2,3,0.0,2.5,0,0,0,0,0,1,1,0.011764705882352941,85,2.346270619069829,2.8683140873908997,4.090834408998489,0,170
candidate,20261115,3,3,-8.0,2.5,0,0,0,0,0,0,0,0.02857142857142857,35,2.322882041335106,3.0299775302410126,3.1436067074537277,0,70
candidate,20261116,0,1,-16.0,3.0,0,0,0,0,0,0,0,0.02564102564102564,39,2.3780232056593285,2.8738126158714294,2.9420293867588043,0,79
candidate,20261116,1,1,-16.0,3.0,0,0,0,0,0,0,0,0.0,39,2.38888748945334,3.0190804973244667,3.2157953828573227,0,79
candidate,20261116,2,1,-16.0,3.0,0,0,0,0,0,0,0,0.0,39,2.318861870429455,2.8522050008177757,2.874024212360382,0,79
candidate,20261116,3,1,48.0,1.0,1,1,0,0,0,0,0,0.0,40,2.3717922158539295,3.2356124371290202,3.343004733324051,0,79
candidate,20261117,0,3,54.0,1.0,1,0,0,0,0,0,0,0.0,54,2.3974471346095756,2.8827750124037266,3.056596964597702,0,108
candidate,20261117,1,3,-18.0,4.0,0,0,1,10,0,0,0,0.0,65,2.3978042774475536,2.992641180753708,3.5383664071559906,0,130
candidate,20261117,2,3,-30.0,3.0,0,0,0,0,0,0,0,0.03614457831325301,83,2.3082546575600844,2.833948656916618,4.060016945004463,0,167
candidate,20261117,3,3,90.0,1.0,1,1,0,0,0,0,0,0.0,84,2.4342417628282593,3.281614370644092,4.270195960998535,0,167
candidate,20261118,0,1,-26.0,4.0,0,0,1,18,0,0,0,0.043478260869565216,46,2.3985386056744535,2.7799364179372787,4.889311268925667,0,92
candidate,20261118,1,1,42.0,1.0,1,0,0,0,0,0,0,0.021739130434782608,46,2.4578092700761296,3.3383024856448174,3.8033053278923035,0,92
candidate,20261118,2,1,-8.0,2.5,0,0,0,0,0,0,0,0.021739130434782608,46,2.310689984132414,2.8522638604044914,2.957470715045929,0,92
candidate,20261118,3,1,-8.0,2.5,0,0,0,0,0,0,0,0.05555555555555555,36,2.3381696082651615,3.119953442364931,3.292987123131752,0,72
candidate,20261119,0,1,-33.0,3.0,0,0,0,0,0,0,0,0.01639344262295082,61,2.3548466565667607,2.8235409408807755,2.919016405940056,0,123
candidate,20261119,1,1,-33.0,3.0,0,0,0,0,0,0,0,0.04918032786885246,61,2.3126533468727204,2.863692119717598,3.024160861968994,0,123
candidate,20261119,2,1,-33.0,3.0,0,0,0,0,0,0,0,0.04918032786885246,61,2.29966261836349,2.728208899497986,3.48670594394207,0,123
candidate,20261119,3,1,48.0,1.0,1,0,0,0,0,0,0,0.0,62,2.393197989271533,3.0502505600452423,4.1784606873989105,0,124
candidate,20261120,0,0,43.0,1.0,1,0,0,0,0,0,0,0.08333333333333333,12,2.3912365237871804,3.0058777891099453,3.0058808624744415,0,24
candidate,20261120,1,0,-8.0,2.5,0,0,0,0,0,0,0,0.16666666666666666,12,2.4116545294721923,3.1209973618388167,3.6226995289325714,0,24
candidate,20261120,2,0,-27.0,4.0,0,0,1,19,0,0,0,0.0625,16,2.3244558833539486,2.9342793859541416,2.9690712690353394,0,32
candidate,20261120,3,0,-8.0,2.5,0,0,0,0,0,0,0,0.08333333333333333,12,2.2366254900892577,2.758427057415247,2.7591492980718613,0,24
candidate,20261121,0,0,51.0,1.0,1,1,0,0,0,0,0,0.04081632653061224,49,2.421549312314209,3.1504619866609564,3.632228821516037,0,97
candidate,20261121,1,0,-8.0,2.5,0,0,0,0,0,0,0,0.0,40,2.4449377320706844,3.5374872386455536,3.60054150223732,0,80
candidate,20261121,2,0,-8.0,2.5,0,0,0,0,0,0,0,0.0,40,2.439049817621708,2.930375747382641,7.347479462623596,0,80
candidate,20261121,3,0,-16.0,4.0,0,0,1,8,0,0,0,0.07692307692307693,39,2.3076779758318877,2.711351029574871,4.023123532533646,0,78
candidate,20261122,0,2,-20.0,4.0,0,0,1,12,0,0,0,0.0375,80,2.3959527956321836,2.79430253431201,4.952503368258476,0,159
candidate,20261122,1,2,0.0,2.5,0,0,0,0,0,1,0,0.011904761904761904,84,2.393205849719899,2.9881646856665607,3.8422085344791412,0,169
candidate,20261122,2,2,54.0,1.0,1,1,0,0,0,0,0,0.0,59,2.4262070655822754,3.2435573637485504,3.3719390630722046,0,118
candidate,20261122,3,2,0.0,2.5,0,0,0,0,0,1,1,0.023809523809523808,84,2.308769528532312,2.774457260966301,5.081832408905029,0,169
candidate,20261123,0,1,33.0,1.0,1,0,0,0,0,0,0,0.025,40,2.471430692821741,3.0639100819826117,4.617476835846901,0,80
candidate,20261123,1,1,-8.0,2.5,0,0,0,0,0,0,0,0.0,40,2.4627776816487312,3.226116951555013,3.4142155200242996,0,80
candidate,20261123,2,1,-8.0,2.5,0,0,0,0,0,0,0,0.05,40,2.3611867800354958,2.9067939147353172,4.898354411125183,0,80
candidate,20261123,3,1,-17.0,4.0,0,0,1,9,0,0,0,0.025,40,2.317716320976615,2.846304699778557,2.9074884951114655,0,80
candidate,20261124,0,1,-8.0,2.5,0,0,0,0,0,0,0,0.05263157894736842,57,2.321977658491386,2.6387527585029598,2.874435856938362,0,114
candidate,20261124,1,1,-8.0,2.5,0,0,0,0,0,0,0,0.02040816326530612,49,2.4032302352846884,3.0267842113971706,3.0892863869667053,0,98
candidate,20261124,2,1,-28.0,3.0,0,0,0,0,0,0,0,0.022222222222222223,45,2.2903612504402795,2.7561794966459274,2.7812309563159943,0,91
candidate,20261124,3,1,-17.0,4.0,0,0,1,9,0,0,0,0.015384615384615385,65,2.4901929669655285,3.3447615802288055,6.901158019900322,0,131
candidate,20261125,0,2,43.0,1.0,1,0,0,0,0,0,0,0.0625,48,2.4322644264126816,2.922446373850107,6.07527419924736,0,96
candidate,20261125,1,2,-16.0,4.0,0,0,1,8,0,0,0,0.043478260869565216,46,2.37554724773635,2.8462056070566177,4.488199949264526,0,92
candidate,20261125,2,2,-8.0,2.5,0,0,0,0,0,0,0,0.041666666666666664,48,2.308356110006571,2.9156796634197235,2.9810871928930283,0,96
candidate,20261125,3,2,33.0,1.0,1,0,0,0,0,0,0,0.06,50,2.405441515147686,3.6561796441674197,4.985595121979713,0,100
candidate,20261126,0,2,33.0,1.0,1,0,0,0,0,0,0,0.05128205128205128,39,2.3708751377386923,2.941416949033737,3.0306726694107056,0,78
candidate,20261126,1,2,-8.0,2.5,0,0,0,0,0,0,0,0.0,39,2.4215784401465683,3.1333891674876213,3.229539841413498,0,78
candidate,20261126,2,2,-22.0,3.0,0,0,0,0,0,0,0,0.017543859649122806,57,2.311837352943002,2.8871651738882065,2.9944907873868942,0,115
candidate,20261126,3,2,-8.0,2.5,0,0,0,0,0,0,0,0.05128205128205128,39,2.26091875288731,2.7248460799455643,2.768542617559433,0,78
candidate,20261127,0,1,32.0,1.0,1,0,0,0,0,0,0,0.043478260869565216,46,2.4178726598620415,2.721015829592943,5.995282903313637,0,92
candidate,20261127,1,1,-16.0,4.0,0,0,1,8,0,0,0,0.0,57,2.443997091368625,3.0239108949899673,3.7135500460863113,0,114
candidate,20261127,2,1,-17.0,4.0,0,0,1,9,0,0,0,0.0,69,2.416133259733518,2.988441288471222,6.28327950835228,0,138
candidate,20261127,3,1,33.0,1.0,1,0,0,0,0,0,0,0.02666666666666667,75,2.331419289112091,2.9001759365200996,4.61835041642189,0,150
candidate,20261128,0,3,34.0,1.0,1,0,0,0,0,0,0,0.0,37,2.589828964020755,3.6804713308811188,3.903515636920929,0,74
candidate,20261128,1,3,102.0,1.0,1,1,0,0,0,0,0,0.08333333333333333,36,2.3766849707398148,2.936257980763912,5.01650758087635,0,71
candidate,20261128,2,3,-34.0,3.0,0,0,0,0,0,0,0,0.0,35,2.321064206106322,2.8858166188001633,2.9093213379383087,0,71
candidate,20261128,3,3,-8.0,2.5,0,0,0,0,0,0,0,0.04285714285714286,70,2.25345782403435,2.6233685202896595,2.866208553314209,0,140
candidate,20261129,0,2,-8.0,2.5,0,0,0,0,0,0,0,0.0,59,2.5037888879493133,3.285991586744785,3.4485962241888046,0,118
candidate,20261129,1,2,37.0,1.0,1,0,0,0,0,0,0,0.0,61,2.42293580267273,3.2785963267087936,3.533756360411644,0,122
candidate,20261129,2,2,-21.0,4.0,0,0,1,13,0,0,0,0.04918032786885246,61,2.334603459620085,2.966446802020073,3.097936511039734,0,122
candidate,20261129,3,2,-8.0,2.5,0,0,0,0,0,0,0,0.0,61,2.3841182777627568,3.1203608959913254,3.4412480890750885,0,122
candidate,20261130,0,1,-21.0,3.0,0,0,0,0,0,0,0,0.016666666666666666,60,2.3763405779997506,2.874546777456999,2.9204804450273514,0,121
candidate,20261130,1,1,-8.0,2.5,0,0,0,0,0,0,0,0.0,76,2.440144454962329,3.250771202147007,3.3310633152723312,0,152
candidate,20261130,2,1,-21.0,3.0,0,0,0,0,0,0,0,0.05,60,2.3004410788416862,2.921908628195524,2.9678549617528915,0,121
candidate,20261130,3,1,42.0,1.0,1,0,0,0,0,0,0,0.020833333333333332,48,2.421304117888212,3.3793249167501926,3.484826534986496,0,96
candidate,20261131,0,3,51.0,1.0,1,1,0,0,0,0,0,0.022222222222222223,45,2.349360411365827,2.7214039117097855,2.92249396443367,0,89
candidate,20261131,1,3,-17.0,3.0,0,0,0,0,0,0,0,0.022727272727272728,44,2.3549774407663127,2.931919414550066,2.993334084749222,0,90
candidate,20261131,2,3,-17.0,3.0,0,0,0,0,0,0,0,0.0,44,2.355105709284544,2.9483825899660587,2.9701199382543564,0,89
candidate,20261131,3,3,-17.0,3.0,0,0,0,0,0,0,0,0.0,44,2.376570662652904,3.0057850293815136,3.055507317185402,0,89
candidate,20261132,0,3,-17.0,4.0,0,0,1,9,0,0,0,0.0,49,2.4518232260431563,3.0705545097589493,3.1804051250219345,0,98
candidate,20261132,1,3,-8.0,2.5,0,0,0,0,0,0,0,0.02040816326530612,49,2.322185860604656,2.829283475875854,2.9517319053411484,0,98
candidate,20261132,2,3,48.0,1.0,1,1,0,0,0,0,0,0.023255813953488372,43,2.280352377267771,2.7927160263061523,2.8155483305454254,0,85
candidate,20261132,3,3,-8.0,2.5,0,0,0,0,0,0,0,0.0,49,2.385799297872855,3.0813995748758316,3.1250398606061935,0,98
candidate,20261133,0,1,33.0,1.0,1,0,0,0,0,0,0,0.04878048780487805,41,2.311645847995107,2.6172026991844177,2.8765592724084854,0,82
candidate,20261133,1,1,-8.0,2.5,0,0,0,0,0,0,0,0.024390243902439025,41,2.36202272154936,2.920025959610939,3.0296333134174347,0,82
candidate,20261133,2,1,-8.0,2.5,0,0,0,0,0,0,0,0.024390243902439025,41,2.3314652555599444,2.9216092079877853,3.4569669514894485,0,82
candidate,20261133,3,1,-8.0,2.5,0,0,0,0,0,0,0,0.02,50,2.31339443475008,2.88528511300683,3.0256006866693497,0,100
candidate,20261134,0,0,-8.0,2.5,0,0,0,0,0,0,0,0.019230769230769232,52,2.3731371889320703,2.9042037203907967,2.965504303574562,0,104
candidate,20261134,1,0,-8.0,2.5,0,0,0,0,0,0,0,0.022727272727272728,44,2.3157061500982805,2.8742851689457893,2.921171486377716,0,88
candidate,20261134,2,0,-18.0,3.0,0,0,0,0,0,0,0,0.05357142857142857,56,2.304394297035677,2.844549249857664,2.922607585787773,0,113
candidate,20261134,3,0,33.0,1.0,1,0,0,0,0,0,0,0.045454545454545456,44,2.292681062086062,2.855403907597065,2.968495711684227,0,88
candidate,20261135,0,3,-8.0,2.5,0,0,0,0,0,0,0,0.0,61,2.5200216008014364,3.486188128590584,3.713984042406082,0,122
candidate,20261135,1,3,35.0,1.0,1,0,0,0,0,0,0,0.01639344262295082,61,2.3666347270129156,3.0277613550424576,3.073539584875107,0,122
candidate,20261135,2,3,-19.0,4.0,0,0,1,11,0,0,0,0.01639344262295082,61,2.331080861756059,2.9949359595775604,3.097895532846451,0,122
candidate,20261135,3,3,-8.0,2.5,0,0,0,0,0,0,0,0.0,59,2.33387464057591,2.945682220160961,3.0261725187301636,0,118
candidate,20261136,0,1,32.0,1.0,1,0,0,0,0,0,0,0.06451612903225806,31,2.3140073904106693,2.695078030228615,2.83128023147583,0,62
candidate,20261136,1,1,-8.0,2.5,0,0,0,0,0,0,0,0.0,31,2.4483923109308368,3.0076811090111732,4.744529724121094,0,62
candidate,20261136,2,1,-8.0,2.5,0,0,0,0,0,0,0,0.022727272727272728,44,2.448284786871888,3.0704195611178875,4.4250041246414185,0,88
candidate,20261136,3,1,-8.0,2.5,0,0,0,0,0,0,0,0.0196078431372549,51,2.335077845582775,2.8843190521001816,3.028910607099533,0,102
candidate,20261137,0,0,-8.0,2.5,0,0,0,0,0,0,0,0.0,39,2.4235377518030314,2.919609472155571,2.9512103646993637,0,78
candidate,20261137,1,0,-32.0,4.0,0,0,1,24,0,0,0,0.05128205128205128,39,2.4260971695184708,2.974696084856987,6.112346425652504,0,78
candidate,20261137,2,0,-8.0,2.5,0,0,0,0,0,0,0,0.0425531914893617,47,2.347497863972441,2.669798769056797,5.614342167973518,0,94
candidate,20261137,3,0,48.0,1.0,1,0,0,0,0,0,0,0.0,39,2.4418670875139727,3.030654601752759,5.035681650042534,0,78
candidate,20261138,0,0,-18.0,3.0,0,0,0,0,0,0,0,0.0,47,2.4546724446910493,3.0104834586381912,3.2081138342618942,0,95
candidate,20261138,1,0,-8.0,2.5,0,0,0,0,0,0,0,0.05555555555555555,54,2.3510990733349764,2.7057918719947334,5.397612228989601,0,108
candidate,20261138,2,0,-29.0,4.0,0,0,1,21,0,0,0,0.011494252873563218,87,2.3765443214054764,2.8717972338199615,5.63906691968441,0,174
candidate,20261138,3,0,54.0,1.0,1,1,0,0,0,0,0,0.041666666666666664,48,2.3911204965164266,2.995370142161846,5.012257024645805,0,95
candidate,20261139,0,2,33.0,1.0,1,0,0,0,0,0,0,0.03333333333333333,30,2.433699183166027,3.0213894322514534,3.040783107280731,0,60
candidate,20261139,1,2,-8.0,2.5,0,0,0,0,0,0,0,0.0,44,2.4191605096513573,3.039044886827469,3.2806359231472015,0,88
candidate,20261139,2,2,48.0,1.0,1,1,0,0,0,0,0,0.0,53,2.379106709136153,3.182673081755638,3.378789871931076,0,105
candidate,20261139,3,2,-17.0,4.0,0,0,1,9,0,0,0,0.03333333333333333,30,2.35372024277846,2.8944973833858967,2.9091238975524902,0,60
candidate,20261140,0,1,0.0,2.5,0,0,0,0,0,1,1,0.024390243902439025,82,2.341673164287718,2.724034246057272,3.007311373949051,0,165
candidate,20261140,1,1,-27.0,4.0,0,0,1,19,0,0,0,0.01694915254237288,59,2.3962924477912613,2.9905661940574646,3.0762720853090286,0,117
candidate,20261140,2,1,43.0,1.0,1,0,0,0,0,0,0,0.01639344262295082,61,2.2943494994132245,2.7901381254196167,2.911800518631935,0,123
candidate,20261140,3,1,-8.0,2.5,0,0,0,0,0,0,0,0.020833333333333332,48,2.2726371341074505,2.739661931991577,2.831714227795601,0,97
candidate,20261141,0,2,-8.0,2.5,0,0,0,0,0,0,0,0.0,88,2.4457392071119766,3.1447219662368293,3.392348065972328,0,176
candidate,20261141,1,2,-16.0,3.0,0,0,0,0,0,0,0,0.03278688524590164,61,2.3166533620631107,2.717183902859688,2.8786007314920425,0,123
candidate,20261141,2,2,48.0,1.0,1,1,0,0,0,0,0,0.03278688524590164,61,2.3574796734286134,2.950334921479225,4.512755200266838,0,121
candidate,20261141,3,2,-8.0,2.5,0,0,0,0,0,0,0,0.0,79,2.5004570997214017,3.714669495820999,3.8210581988096237,0,158
candidate,20261142,0,2,33.0,1.0,1,0,0,0,0,0,0,0.08,25,2.331654280424118,2.801587432622909,2.850409597158432,0,50
candidate,20261142,1,2,-17.0,4.0,0,0,1,9,0,0,0,0.09375,32,2.338675665669143,2.7641369961202145,2.7733277529478073,0,64
candidate,20261142,2,2,-17.0,4.0,0,0,1,9,0,0,0,0.08,25,2.285907566547394,2.6855677366256714,2.6965439319610596,0,50
candidate,20261142,3,2,-8.0,2.5,0,0,0,0,0,0,0,0.0,34,2.284496310440933,2.9234299436211586,2.97464057803154,0,68
candidate,20261143,0,0,-8.0,2.5,0,0,0,0,0,0,0,0.02127659574468085,47,2.4113089559560126,2.9034122824668884,2.951480448246002,0,94
candidate,20261143,1,0,-17.0,4.0,0,0,1,9,0,0,0,0.0,43,2.45540177579536,3.224143199622631,3.330003470182419,0,86
candidate,20261143,2,0,-8.0,2.5,0,0,0,0,0,0,0,0.02127659574468085,47,2.3258989082371935,3.061891719698906,3.152148798108101,0,94
candidate,20261143,3,0,57.0,1.0,1,1,0,0,0,0,0,0.05555555555555555,72,2.234487095847726,2.6634941808879375,2.889880910515785,0,143
candidate,20261144,0,0,51.0,1.0,1,1,0,0,0,0,0,0.07407407407407407,27,2.3454551895459494,2.837786450982094,2.996060997247696,0,53
candidate,20261144,1,0,-17.0,3.0,0,0,0,0,0,0,0,0.038461538461538464,26,2.350817291209331,3.012613393366337,3.0408166348934174,0,53
candidate,20261144,2,0,-17.0,3.0,0,0,0,0,0,0,0,0.0,26,2.3666233397447147,3.082603681832552,3.11301089823246,0,53
candidate,20261144,3,0,-17.0,3.0,0,0,0,0,0,0,0,0.038461538461538464,26,2.3075879479830084,2.8497669845819473,2.912459895014763,0,53
candidate,20261145,0,1,54.0,1.0,1,1,0,0,0,0,0,0.0625,32,2.32494663214311,2.8060163371264935,2.9160305857658386,0,63
candidate,20261145,1,1,-25.0,3.0,0,0,0,0,0,0,0,0.0,39,2.3930254750526867,2.984122186899185,3.063192591071129,0,79
candidate,20261145,2,1,-25.0,3.0,0,0,0,0,0,0,0,0.04878048780487805,41,2.3050974236755835,2.8638243675231934,2.8982628136873245,0,83
candidate,20261145,3,1,-17.0,4.0,0,0,1,9,0,0,0,0.0,76,2.4170516499955403,3.058154135942459,6.1089638620615005,0,152
candidate,20261146,0,2,-16.0,3.0,0,0,0,0,0,0,0,0.0,56,2.381004359839218,2.9577109962701797,3.0352678149938583,0,113
candidate,20261146,1,2,35.0,1.0,1,0,0,0,0,0,0,0.03896103896103896,77,2.337790662785629,2.780948579311371,5.019728094339371,0,153
candidate,20261146,2,2,36.0,1.0,1,0,0,0,0,0,0,0.05357142857142857,56,2.358914519261037,2.902628853917122,6.092078983783722,0,112
candidate,20261146,3,2,-8.0,2.5,0,0,0,0,0,0,0,0.05333333333333334,75,2.365654557943344,2.9234034940600395,5.949303507804871,0,151
candidate,20261147,0,3,0.0,2.5,0,0,0,0,0,1,0,0.0,89,2.5949047648170023,3.5032100975513454,4.320427775382996,0,178
candidate,20261147,1,3,-8.0,2.5,0,0,0,0,0,0,0,0.047619047619047616,42,2.2903733132850554,2.6732279919087887,2.7874596416950226,0,84
candidate,20261147,2,3,-20.0,4.0,0,0,1,12,0,0,0,0.027777777777777776,36,2.349542246924506,2.9700398445129395,3.022506833076477,0,72
candidate,20261147,3,3,35.0,1.0,1,0,0,0,0,0,0,0.07142857142857142,42,2.305832381049792,2.8519738465547557,3.8421135395765305,0,84
candidate,20261148,0,3,63.0,1.0,1,1,0,0,0,0,0,0.0,35,2.4281387350388934,3.0982011929154396,3.242114558815956,0,69
candidate,20261148,1,3,-8.0,2.5,0,0,0,0,0,0,0,0.02702702702702703,37,2.3369569633458114,2.921432256698608,3.090113401412964,0,74
candidate,20261148,2,3,-8.0,2.5,0,0,0,0,0,0,0,0.05405405405405406,37,2.306562621851225,2.9302261769771576,2.9645487666130066,0,74
candidate,20261148,3,3,-18.0,4.0,0,0,1,10,0,0,0,0.02702702702702703,37,2.2929400406979226,2.7562804520130157,2.8082914650440216,0,74
candidate,20261149,0,1,-16.0,3.0,0,0,0,0,0,0,0,0.0,42,2.382241721664156,2.8892796486616135,2.9296651482582092,0,85
candidate,20261149,1,1,-16.0,3.0,0,0,0,0,0,0,0,0.0,42,2.3611951175899732,2.878817915916443,2.962213009595871,0,85
candidate,20261149,2,1,48.0,1.0,1,1,0,0,0,0,0,0.0,43,2.3586923299833784,3.045066259801388,3.08012031018734,0,85
candidate,20261149,3,1,-16.0,3.0,0,0,0,0,0,0,0,0.0,42,2.413134179299786,3.2046899199485774,3.5440828651189804,0,85
candidate,20261150,0,1,33.0,1.0,1,0,0,0,0,0,0,0.05714285714285714,35,2.418773780976023,3.0587131157517433,3.1179431825876236,0,70
candidate,20261150,1,1,-8.0,2.5,0,0,0,0,0,0,0,0.05714285714285714,35,2.3627565375396182,2.9176298528909683,3.0360519886016846,0,70
candidate,20261150,2,1,-17.0,4.0,0,0,1,9,0,0,0,0.0,35,2.377999893256596,3.019160032272339,3.079628571867943,0,70
candidate,20261150,3,1,-8.0,2.5,0,0,0,0,0,0,0,0.02857142857142857,35,2.310411898153169,2.848195843398571,2.9381774365901947,0,70
candidate,20261151,0,1,32.0,1.0,1,0,0,0,0,0,0,0.043478260869565216,23,2.393272745868434,2.9175039380788803,2.941913902759552,0,46
candidate,20261151,1,1,-8.0,2.5,0,0,0,0,0,0,0,0.043478260869565216,23,2.396103480587835,2.96045932918787,3.1015798449516296,0,46
candidate,20261151,2,1,-16.0,4.0,0,0,1,8,0,0,0,0.0,23,2.3375785221224246,2.8921660035848618,2.911653369665146,0,46
candidate,20261151,3,1,-8.0,2.5,0,0,0,0,0,0,0,0.0,38,2.338827979799948,2.942263800650835,2.9474105685949326,0,76
candidate,20261152,0,2,-8.0,2.5,0,0,0,0,0,0,0,0.017543859649122806,57,2.3964560149531615,2.9606331139802933,2.996286377310753,0,114
candidate,20261152,1,2,32.0,1.0,1,0,0,0,0,0,0,0.02631578947368421,76,2.2864432172163536,2.658739686012268,2.8052274137735367,0,152
candidate,20261152,2,2,34.0,1.0,1,0,0,0,0,0,0,0.08333333333333333,24,2.303009464715918,2.7057748287916183,2.914596349000931,0,48
candidate,20261152,3,2,-17.0,4.0,0,0,1,9,0,0,0,0.03333333333333333,60,2.339595494170984,2.842276729643345,2.9243696480989456,0,120
candidate,20261153,0,2,-8.0,2.5,0,0,0,0,0,0,0,0.0,39,2.4784225015304027,3.1505992636084557,3.2475627958774567,0,78
candidate,20261153,1,2,-8.0,2.5,0,0,0,0,0,0,0,0.0,39,2.417536356892341,3.092397563159466,3.1126774847507477,0,78
candidate,20261153,2,2,-19.0,4.0,0,0,1,11,0,0,0,0.0,39,2.322689558450992,2.8583385050296783,2.9189493507146835,0,78
candidate,20261153,3,2,39.0,1.0,1,0,0,0,0,0,0,0.024390243902439025,41,2.3978458399452816,3.194926306605339,3.2036565244197845,0,82
candidate,20261154,0,1,-17.0,3.0,0,0,0,0,0,0,0,0.06451612903225806,31,2.3326316788311927,2.638942562043667,2.9138699173927307,0,63
candidate,20261154,1,1,-21.0,3.0,0,0,0,0,0,0,0,0.015873015873015872,63,2.3975562718179493,2.898613177239895,4.774700850248337,0,127
candidate,20261154,2,1,-17.0,3.0,0,0,0,0,0,0,0,0.03225806451612903,31,2.323335216891381,2.808411605656147,2.8501488268375397,0,63
candidate,20261154,3,1,51.0,1.0,1,1,0,0,0,0,0,0.0,32,2.4054552777670324,3.2554500736296177,3.325359895825386,0,63
candidate,20261155,0,0,-8.0,2.5,0,0,0,0,0,0,0,0.027777777777777776,36,2.406285765270392,2.9655382968485355,2.976875752210617,0,72
candidate,20261155,1,0,-20.0,3.0,0,0,0,0,0,0,0,0.027777777777777776,36,2.343420870602131,2.8508841060101986,2.874797210097313,0,73
candidate,20261155,2,0,60.0,1.0,1,1,0,0,0,0,0,0.05405405405405406,37,2.307504918929693,2.9060296714305878,2.9589124023914337,0,73
candidate,20261155,3,0,-20.0,3.0,0,0,0,0,0,0,0,0.0,36,2.410032113807069,3.1639845110476017,3.2598357647657394,0,73
candidate,20261156,0,1,46.0,1.0,1,0,0,0,0,0,0,0.058823529411764705,34,2.3002990466706894,2.6127072982490063,2.898572012782097,0,68
candidate,20261156,1,1,-8.0,2.5,0,0,0,0,0,0,0,0.027777777777777776,36,2.33170741962062,2.924385480582714,2.9511936008930206,0,72
candidate,20261156,2,1,35.0,1.0,1,0,0,0,0,0,0,0.02631578947368421,38,2.3006995845782128,2.8832396492362022,2.9045026749372482,0,76
candidate,20261156,3,1,-8.0,2.5,0,0,0,0,0,0,0,0.03125,32,2.311119926162064,2.9136943630874157,2.991722896695137,0,64
candidate,20261157,0,0,54.0,1.0,1,1,0,0,0,0,0,0.05714285714285714,35,2.376813441514969,2.9457101598381996,2.9622633010149,0,69
candidate,20261157,1,0,-18.0,3.0,0,0,0,0,0,0,0,0.0,34,2.444479943198316,3.378781583160162,3.4082122147083282,0,69
candidate,20261157,2,0,-18.0,3.0,0,0,0,0,0,0,0,0.0,34,2.4209500235669754,3.1842954456806183,3.4801438450813293,0,69
candidate,20261157,3,0,-18.0,3.0,0,0,0,0,0,0,0,0.0,34,2.3587947053944363,3.1337003223598003,3.2336097210645676,0,69
candidate,20261158,0,2,-8.0,2.5,0,0,0,0,0,0,0,0.02631578947368421,38,2.3427505634332957,2.796254213899374,2.859659492969513,0,76
candidate,20261158,1,2,52.0,1.0,1,0,0,0,0,0,0,0.0,63,2.3614329892018486,2.9650000855326653,3.0145682394504547,0,126
candidate,20261158,2,2,-20.0,4.0,0,0,1,12,0,0,0,0.05263157894736842,38,2.2692273517972543,2.825708966702223,2.8795506805181503,0,76
candidate,20261158,3,2,36.0,1.0,1,0,0,0,0,0,0,0.02631578947368421,38,2.3320404028421953,2.9080024920403957,2.949954941868782,0,76
candidate,20261159,0,0,-8.0,2.5,0,0,0,0,0,0,0,0.06521739130434782,46,2.3079614114502203,2.6591038331389427,2.91348434984684,0,92
candidate,20261159,1,0,-8.0,2.5,0,0,0,0,0,0,0,0.08823529411764706,34,2.2973450010313705,2.6558522135019302,2.808045595884323,0,68
candidate,20261159,2,0,46.0,1.0,1,0,0,0,0,0,0,0.058823529411764705,34,2.2930413594140724,2.8963375836610794,2.9141679406166077,0,68
candidate,20261159,3,0,-22.0,4.0,0,0,1,14,0,0,0,0.045454545454545456,22,2.2552549331025644,2.650790847837925,2.660926431417465,0,44
candidate,20261160,0,1,-8.0,2.5,0,0,0,0,0,0,0,0.0,27,2.3781522004692643,2.878331206738949,2.9065292328596115,0,54
candidate,20261160,1,1,-8.0,2.5,0,0,0,0,0,0,0,0.07407407407407407,27,2.3392738981379404,2.8954902663826942,2.9309988021850586,0,54
candidate,20261160,2,1,-18.0,4.0,0,0,1,10,0,0,0,0.0,27,2.3359083743007094,2.9401052743196487,2.994336187839508,0,54
candidate,20261160,3,1,33.0,1.0,1,0,0,0,0,0,0,0.037037037037037035,27,2.4285769710938134,3.2962631434202194,3.5713445395231247,0,54
candidate,20261161,0,1,-17.0,3.0,0,0,0,0,0,0,0,0.015384615384615385,65,2.4368738612303367,3.0860669910907745,3.2022129744291306,0,132
candidate,20261161,1,1,-17.0,3.0,0,0,0,0,0,0,0,0.0,65,2.401909432732142,3.074648603796959,3.158312290906906,0,131
candidate,20261161,2,1,51.0,1.0,1,1,0,0,0,0,0,0.030303030303030304,66,2.288083912748279,2.7588848024606705,3.0000973492860794,0,132
candidate,20261161,3,1,-17.0,3.0,0,0,0,0,0,0,0,0.046153846153846156,65,2.23116295842024,2.568180114030838,2.6539023965597153,0,132
candidate,20261162,0,1,-16.0,3.0,0,0,0,0,0,0,0,0.0,10,2.390749007463455,2.8723779134452343,2.906838431954384,0,21
candidate,20261162,1,1,-16.0,3.0,0,0,0,0,0,0,0,0.1,10,2.3403793573379517,2.7930328622460365,2.8017349541187286,0,21
candidate,20261162,2,1,48.0,1.0,1,1,0,0,0,0,0,0.0,11,2.2911830720576374,2.948167733848095,2.991519868373871,0,21
candidate,20261162,3,1,-16.0,3.0,0,0,0,0,0,0,0,0.0,10,2.277100458741188,2.851408999413252,2.8519295156002045,0,21
candidate,20261163,0,2,-8.0,2.5,0,0,0,0,0,0,0,0.06382978723404255,47,2.3162366148639233,2.6438580825924873,2.9178038239479065,0,94
candidate,20261163,1,2,32.0,1.0,1,0,0,0,0,0,0,0.037037037037037035,81,2.2854992866884043,2.7248691767454147,2.998022362589836,0,162
candidate,20261163,2,2,-8.0,2.5,0,0,0,0,0,0,0,0.0,55,2.320504730398005,2.964056469500065,3.2034963369369507,0,110
candidate,20261163,3,2,40.0,1.0,1,0,0,0,0,0,0,0.05660377358490566,53,2.254166657913406,2.793797478079796,2.902839332818985,0,106
candidate,20261164,0,0,-16.0,3.0,0,0,0,0,0,0,0,0.0,33,2.389994195916436,2.9015526175498962,2.926807850599289,0,67
candidate,20261164,1,0,48.0,1.0,1,1,0,0,0,0,0,0.0,34,2.4715716786244335,3.212319780141115,3.4404098987579346,0,67
candidate,20261164,2,0,-20.0,3.0,0,0,0,0,0,0,0,0.0,33,2.327502112496983,2.894889935851097,2.9284153133630753,0,67
candidate,20261164,3,0,-16.0,3.0,0,0,0,0,0,0,0,0.0,33,2.385681438626665,3.0788715928792953,3.5622436553239822,0,67
candidate,20261165,0,0,75.0,1.0,1,1,0,0,0,0,0,0.03278688524590164,61,2.394555961010886,2.9890909790992737,3.3543389290571213,0,121
candidate,20261165,1,0,-25.0,3.0,0,0,0,0,0,0,0,0.05,60,2.2926929406821728,2.815564628690481,2.859942615032196,0,121
candidate,20261165,2,0,-25.0,3.0,0,0,0,0,0,0,0,0.016666666666666666,60,2.3451943260927997,2.8583795763552184,3.504343330860138,0,121
candidate,20261165,3,0,-25.0,3.0,0,0,0,0,0,0,0,0.016129032258064516,62,2.321777414650686,2.8675862587988377,2.975763753056526,0,125
candidate,20261166,0,1,-27.0,3.0,0,0,0,0,0,0,0,0.018867924528301886,53,2.371907304480391,2.8736837208271027,2.9034093022346497,0,107
candidate,20261166,1,1,-27.0,3.0,0,0,0,0,0,0,0,0.03773584905660377,53,2.3672496021356224,3.007427603006363,3.0234474688768387,0,107
candidate,20261166,2,1,81.0,1.0,1,1,0,0,0,0,0,0.018518518518518517,54,2.3392685516564935,3.08995945379138,3.2291430979967117,0,107
candidate,20261166,3,1,-27.0,3.0,0,0,0,0,0,0,0,0.02,50,2.282787226140499,2.8194510377943516,2.8782617300748825,0,101
candidate,20261167,0,2,-8.0,2.5,0,0,0,0,0,0,0,0.034482758620689655,29,2.401223727341356,3.0026718974113464,3.0183345079421997,0,58
candidate,20261167,1,2,32.0,1.0,1,0,0,0,0,0,0,0.0,29,2.4362020836821916,3.258514404296875,3.415936604142189,0,58
candidate,20261167,2,2,-16.0,4.0,0,0,1,8,0,0,0,0.0,29,2.3947945185776414,3.1209759414196014,3.2262783497571945,0,58
candidate,20261167,3,2,-8.0,2.5,0,0,0,0,0,0,0,0.0,29,2.3530124333398095,3.026486560702324,3.0344929546117783,0,58
candidate,20261168,0,0,-21.0,3.0,0,0,0,0,0,0,0,0.18181818181818182,11,2.3682808334177192,2.7909474447369576,2.9240623116493225,0,23
candidate,20261168,1,0,63.0,1.0,1,1,0,0,0,0,0,0.0,12,2.440495416522026,3.256320394575596,3.292961046099663,0,23
candidate,20261168,2,0,-21.0,3.0,0,0,0,0,0,0,0,0.09090909090909091,11,2.3161702874031933,2.857973799109459,2.900289371609688,0,23
candidate,20261168,3,0,-21.0,3.0,0,0,0,0,0,0,0,0.0,11,2.208770676092668,2.529418095946312,2.8695613145828247,0,23
candidate,20261169,0,1,-8.0,2.5,0,0,0,0,0,0,0,0.038461538461538464,78,2.3668875965552454,2.8498107567429543,2.8855260461568832,0,156
candidate,20261169,1,1,-16.0,4.0,0,0,1,8,0,0,0,0.0125,80,2.36238120123744,2.9276796616613865,3.0315928161144257,0,160
candidate,20261169,2,1,0.0,2.5,0,0,0,0,0,1,1,0.025,80,2.2778647486120462,2.84257922321558,2.962760627269745,0,160
candidate,20261169,3,1,0.0,2.5,0,0,0,0,0,1,0,0.0,79,2.314168606189233,2.938677556812763,3.1093116849660873,0,158
candidate,20261170,0,2,51.0,1.0,1,1,0,0,0,0,0,0.03278688524590164,61,2.3372296976750015,2.7810465544462204,2.9018037021160126,0,121
candidate,20261170,1,2,-17.0,3.0,0,0,0,0,0,0,0,0.0,60,2.3938740914066634,3.140400443226099,3.316488116979599,0,121
candidate,20261170,2,2,-17.0,3.0,0,0,0,0,0,0,0,0.0,60,2.461708771685759,3.376253880560398,3.432946279644966,0,121
candidate,20261170,3,2,-17.0,3.0,0,0,0,0,0,0,0,0.0,62,2.382106718517119,3.048360161483288,3.1981635838747025,0,125
candidate,20261171,0,3,-21.0,3.0,0,0,0,0,0,0,0,0.047619047619047616,21,2.3626132557789483,2.827184274792671,2.923155203461647,0,43
candidate,20261171,1,3,-21.0,3.0,0,0,0,0,0,0,0,0.09523809523809523,21,2.3130058710064207,2.7165263891220093,2.8502587229013443,0,43
candidate,20261171,2,3,-21.0,3.0,0,0,0,0,0,0,0,0.047619047619047616,21,2.28818647918247,2.8949975967407227,2.8980281203985214,0,43
candidate,20261171,3,3,36.0,1.0,1,0,0,0,0,0,0,0.05128205128205128,39,2.2682229486795573,2.7650130912661552,2.978559583425522,0,78
candidate,20261172,0,1,-8.0,2.5,0,0,0,0,0,0,0,0.03333333333333333,30,2.3537402972579002,2.8180682100355625,2.903202548623085,0,60
candidate,20261172,1,1,43.0,1.0,1,0,0,0,0,0,0,0.09523809523809523,21,2.31769849501905,2.730792388319969,3.0062831938266754,0,42
candidate,20261172,2,1,-17.0,3.0,0,0,0,0,0,0,0,0.0,38,2.3345242891656723,2.9662533663213253,2.981755882501602,0,77
candidate,20261172,3,1,-27.0,4.0,0,0,1,19,0,0,0,0.0,34,2.3104135385330986,2.907672990113497,2.9888134449720383,0,68
candidate,20261173,0,3,34.0,1.0,1,0,0,0,0,0,0,0.0,49,2.546704659352497,3.460776060819626,3.8488563150167465,0,98
candidate,20261173,1,3,44.0,1.0,1,0,0,0,0,0,0,0.03076923076923077,65,2.405381202697754,3.053843602538109,3.1638089567422867,0,130
candidate,20261173,2,3,-8.0,2.5,0,0,0,0,0,0,0,0.03389830508474576,59,2.303889115988198,2.8842633590102196,2.9293131083250046,0,119
candidate,20261173,3,3,-8.0,2.5,0,0,0,0,0,0,0,0.0,49,2.3635742919785634,2.9905859380960464,3.5792309790849686,0,98
candidate,20261174,0,1,-8.0,2.5,0,0,0,0,0,0,0,0.0,32,2.3774487781338394,2.8788605704903603,2.903275191783905,0,64
candidate,20261174,1,1,40.0,1.0,1,0,0,0,0,0,0,0.1,30,2.2697158778707185,2.7111401781439777,2.8808172792196274,0,60
candidate,20261174,2,1,-32.0,4.0,0,0,1,24,0,0,0,0.0,23,2.322101722592893,2.8422944247722626,2.853771671652794,0,46
candidate,20261174,3,1,-8.0,2.5,0,0,0,0,0,0,0,0.0,35,2.296858493770872,2.876359596848488,2.886328846216202,0,70
candidate,20261175,0,3,-17.0,4.0,0,0,1,9,0,0,0,0.061224489795918366,49,2.3779954609214045,2.9043853282928467,2.925444394350052,0,98
candidate,20261175,1,3,117.0,1.0,1,1,0,0,0,0,0,0.01639344262295082,61,2.4226516424143902,3.340698778629303,3.628583624958992,0,121
candidate,20261175,2,3,-39.0,3.0,0,0,0,0,0,0,0,0.03333333333333333,60,2.2870322378973165,2.823323290795088,2.850456163287163,0,121
candidate,20261175,3,3,-8.0,2.5,0,0,0,0,0,0,0,0.0,83,2.428091838058219,3.3910138532519336,3.7207212299108505,0,166
candidate,20261176,0,2,32.0,1.0,1,0,0,0,0,0,0,0.04,25,2.4304086714982986,3.019896522164345,3.0735470354557037,0,50
candidate,20261176,1,2,-16.0,4.0,0,0,1,8,0,0,0,0.0,25,2.3867613822221756,3.0371010303497314,3.0755680054426193,0,50
candidate,20261176,2,2,99.0,1.0,1,1,0,0,0,0,0,0.0,47,2.309608649700246,2.8754612430930138,2.981288358569145,0,93
candidate,20261176,3,2,-8.0,2.5,0,0,0,0,0,0,0,0.04,25,2.305045649409294,3.0012644827365875,3.0652135610580444,0,50
candidate,20261177,0,1,-22.0,4.0,0,0,1,14,0,0,0,0.0,17,2.382606267929077,2.8612401336431503,2.911387011408806,0,34
candidate,20261177,1,1,-8.0,2.5,0,0,0,0,0,0,0,0.047619047619047616,21,2.2787708079531077,2.65570729970932,2.701999619603157,0,42
candidate,20261177,2,1,-8.0,2.5,0,0,0,0,0,0,0,0.047619047619047616,21,2.2737357233251845,2.749323844909668,2.755751833319664,0,42
candidate,20261177,3,1,0.0,2.5,0,0,0,0,0,1,0,0.0,89,2.343973605318016,3.053644672036171,3.1327102333307266,0,178
candidate,20261178,0,1,-8.0,2.5,0,0,0,0,0,0,0,0.0,39,2.37097782202256,2.892422489821911,2.906583249568939,0,78
candidate,20261178,1,1,35.0,1.0,1,0,0,0,0,0,0,0.02564102564102564,39,2.344334832368753,2.907736971974373,3.05841863155365,0,78
candidate,20261178,2,1,-8.0,2.5,0,0,0,0,0,0,0,0.0,39,2.342526538249774,3.060784190893173,3.2531283795833588,0,78
candidate,20261178,3,1,-19.0,4.0,0,0,1,11,0,0,0,0.02564102564102564,39,2.3181501011817884,2.8594236820936203,2.900678664445877,0,78
candidate,20261179,0,0,-8.0,2.5,0,0,0,0,0,0,0,0.015384615384615385,65,2.6640451584870997,3.7462688982486725,4.619188606739044,0,130
candidate,20261179,1,0,33.0,1.0,1,0,0,0,0,0,0,0.016129032258064516,62,2.325882804730246,2.773751225322485,2.8038788586854935,0,124
candidate,20261179,2,0,-17.0,4.0,0,0,1,9,0,0,0,0.0,62,2.5902850733649347,3.55516392737627,4.065956920385361,0,124
candidate,20261179,3,0,-8.0,2.5,0,0,0,0,0,0,0,0.03508771929824561,57,2.3991332569143227,3.1975187361240383,3.3187493681907654,0,114
candidate,20261180,0,2,90.0,1.0,1,0,0,0,0,0,0,0.030303030303030304,66,2.328878635484161,2.660599071532488,2.8923917561769485,0,132
candidate,20261180,1,2,32.0,1.0,1,0,0,0,0,0,0,0.06666666666666667,30,2.3296461751063666,2.7701392769813538,2.8667766600847244,0,60
candidate,20261180,2,2,-16.0,4.0,0,0,1,8,0,0,0,0.0,30,2.4543563524881997,3.261056449264288,3.3008456230163574,0,60
candidate,20261180,3,2,-8.0,2.5,0,0,0,0,0,0,0,0.0,65,2.4035745515273166,3.1347017735242844,3.2269172370433807,0,130
candidate,20261181,0,0,-8.0,2.5,0,0,0,0,0,0,0,0.0,47,2.362641803127654,2.8788264840841293,2.885017544031143,0,94
candidate,20261181,1,0,-8.0,2.5,0,0,0,0,0,0,0,0.0,47,2.4173591444466975,3.343972191214561,3.5097338259220123,0,94
candidate,20261181,2,0,39.0,1.0,1,0,0,0,0,0,0,0.06382978723404255,47,2.272971846321796,2.7007002383470535,2.9719043523073196,0,94
candidate,20261181,3,0,-8.0,2.5,0,0,0,0,0,0,0,0.0,45,2.3318713737858667,2.891502156853676,2.936583012342453,0,90
candidate,20261182,0,3,-16.0,3.0,0,0,0,0,0,0,0,0.047619047619047616,21,2.399949800400507,2.973034977912903,3.0088871717453003,0,43
candidate,20261182,1,3,48.0,1.0,1,1,0,0,0,0,0,0.0,22,2.3863907395438715,3.174116648733616,3.211468458175659,0,43
candidate,20261182,2,3,-16.0,3.0,0,0,0,0,0,0,0,0.09523809523809523,21,2.3403726518154144,2.8709471225738525,2.871232107281685,0,43
candidate,20261182,3,3,-19.0,3.0,0,0,0,0,0,0,0,0.041666666666666664,24,2.3231121400992074,2.914978563785553,2.9545798897743225,0,49
candidate,20261183,0,1,-8.0,2.5,0,0,0,0,0,0,0,0.0,30,2.406570501625538,3.000546433031559,3.178466111421585,0,60
candidate,20261183,1,1,90.0,1.0,1,1,0,0,0,0,0,0.025,40,2.406674437224865,3.2438133843243118,3.3532455563545227,0,79
candidate,20261183,2,1,-8.0,2.5,0,0,0,0,0,0,0,0.029411764705882353,34,2.2982988396988198,2.8309768065810204,2.8858426958322525,0,68
candidate,20261183,3,1,-27.0,4.0,0,0,1,19,0,0,0,0.0,30,2.365597834189733,2.988883387297392,3.055216744542122,0,60
candidate,20261184,0,1,-8.0,2.5,0,0,0,0,0,0,0,0.05555555555555555,36,2.3271322457326784,2.7170474641025066,2.9372069984674454,0,72
candidate,20261184,1,1,-18.0,3.0,0,0,0,0,0,0,0,0.07894736842105263,38,2.3124318962034427,2.953740395605564,2.9726214706897736,0,77
candidate,20261184,2,1,32.0,1.0,1,0,0,0,0,0,0,0.02564102564102564,39,2.3065910507471132,2.857303246855736,3.055332228541374,0,78
candidate,20261184,3,1,-19.0,4.0,0,0,1,11,0,0,0,0.0,36,2.355491121610006,3.0016996897757053,3.0212514102458954,0,72
candidate,20261185,0,1,-8.0,2.5,0,0,0,0,0,0,0,0.03773584905660377,53,2.3348575352497822,2.702942118048668,2.8618089854717255,0,106
candidate,20261185,1,1,-19.0,4.0,0,0,1,11,0,0,0,0.05405405405405406,37,2.3305957784523836,2.853769063949585,2.916228026151657,0,74
candidate,20261185,2,1,-8.0,2.5,0,0,0,0,0,0,0,0.0,48,2.4439101883520684,3.2752953469753265,3.5919416695833206,0,96
candidate,20261185,3,1,-8.0,2.5,0,0,0,0,0,0,0,0.043478260869565216,69,2.245191187746283,2.68542543053627,2.867016941308975,0,138
candidate,20261186,0,3,34.0,1.0,1,0,0,0,0,0,0,0.04878048780487805,41,2.3363405248013938,2.727435901761055,2.956654876470566,0,82
candidate,20261186,1,3,-8.0,2.5,0,0,0,0,0,0,0,0.05128205128205128,39,2.3252375614948764,2.963552810251713,3.0751116573810577,0,78
candidate,20261186,2,3,-17.0,4.0,0,0,1,9,0,0,0,0.07692307692307693,39,2.2853598571740665,2.74494756013155,2.8374474495649338,0,78
candidate,20261186,3,3,-8.0,2.5,0,0,0,0,0,0,0,0.0,39,2.3002041838107963,2.877344936132431,2.954840660095215,0,78
candidate,20261187,0,3,-17.0,3.0,0,0,0,0,0,0,0,0.0,57,2.4283148609755334,3.013459220528602,3.2086223363876343,0,115
candidate,20261187,1,3,-18.0,4.0,0,0,1,10,0,0,0,0.018518518518518517,54,2.3982895331250296,3.0726914294064045,3.187980502843857,0,108
candidate,20261187,2,3,37.0,1.0,1,0,0,0,0,0,0,0.0,44,2.366365483877334,3.103240951895714,3.1335055828094482,0,88
candidate,20261187,3,3,-17.0,3.0,0,0,0,0,0,0,0,0.017543859649122806,57,2.322099416663772,2.9075097292661667,2.9694847762584686,0,115
candidate,20261188,0,1,-17.0,4.0,0,0,1,9,0,0,0,0.0,35,2.3884312382766177,2.8481489047408104,2.859072759747505,0,70
candidate,20261188,1,1,32.0,1.0,1,0,0,0,0,0,0,0.02564102564102564,39,2.3847131583935175,3.135799616575241,3.226257860660553,0,78
candidate,20261188,2,1,-16.0,4.0,0,0,1,8,0,0,0,0.05128205128205128,39,2.272193105174945,2.7235761284828186,2.7604103088378906,0,78
candidate,20261188,3,1,-8.0,2.5,0,0,0,0,0,0,0,0.05405405405405406,37,2.264531228590656,2.8026677668094635,2.8301160782575607,0,74
candidate,20261189,0,3,-8.0,2.5,0,0,0,0,0,0,0,0.015384615384615385,65,2.3624604711165795,2.818613499403,2.948068082332611,0,130
candidate,20261189,1,3,-17.0,4.0,0,0,1,9,0,0,0,0.03773584905660377,53,2.35270989953347,2.991630882024765,3.1079575419425964,0,106
candidate,20261189,2,3,33.0,1.0,1,0,0,0,0,0,0,0.018867924528301886,53,2.329902231412114,2.987382188439369,3.0819885432720184,0,106
candidate,20261189,3,3,-8.0,2.5,0,0,0,0,0,0,0,0.028985507246376812,69,2.30571865171626,2.9362611472606654,2.9999688267707825,0,138
candidate,20261190,0,1,-8.0,2.5,0,0,0,0,0,0,0,0.0,57,2.411787675922377,3.0786432325839996,3.306390717625618,0,114
candidate,20261190,1,1,37.0,1.0,1,0,0,0,0,0,0,0.06818181818181818,44,2.2904189218851654,2.8684537857770924,2.9434766620397568,0,88
candidate,20261190,2,1,-24.0,3.0,0,0,0,0,0,0,0,0.0,58,2.4665490692031793,3.3611614257097244,3.5910140722990036,0,117
candidate,20261190,3,1,-20.0,3.0,0,0,0,0,0,0,0,0.028985507246376812,69,2.30460527582445,2.893887087702751,3.0221138149499893,0,139
candidate,20261191,0,0,-17.0,3.0,0,0,0,0,0,0,0,0.0,51,2.45343901070894,3.1808344647288322,3.382379189133644,0,103
candidate,20261191,1,0,-20.0,3.0,0,0,0,0,0,0,0,0.057692307692307696,52,2.261352832787312,2.5723529048264027,2.865854650735855,0,105
candidate,20261191,2,0,-18.0,4.0,0,0,1,10,0,0,0,0.043478260869565216,46,2.2704308123692223,2.639917191118002,2.695007249712944,0,92
candidate,20261191,3,0,60.0,1.0,1,1,0,0,0,0,0,0.0,55,2.380073443055153,3.1711172312498093,3.401651978492737,0,109
candidate,20261192,0,2,-8.0,2.5,0,0,0,0,0,0,0,0.0,62,2.493666154482672,3.366058506071567,4.175562411546707,0,124
candidate,20261192,1,2,36.0,1.0,1,0,0,0,0,0,0,0.0,43,2.4539543705624203,3.2655373215675354,3.332192078232765,0,86
candidate,20261192,2,2,-8.0,2.5,0,0,0,0,0,0,0,0.0,54,2.3765945807099342,3.181900829076767,3.3255424350500107,0,108
candidate,20261192,3,2,-8.0,2.5,0,0,0,0,0,0,0,0.0,54,2.3874890887075,3.154156822711229,3.2761022448539734,0,108
candidate,20261193,0,1,-21.0,3.0,0,0,0,0,0,0,0,0.044444444444444446,45,2.395188187559446,3.0744295567274094,3.249993547797203,0,91
candidate,20261193,1,1,63.0,1.0,1,1,0,0,0,0,0,0.021739130434782608,46,2.340119656013406,2.856411039829254,3.036137670278549,0,91
candidate,20261193,2,1,-21.0,3.0,0,0,0,0,0,0,0,0.06666666666666667,45,2.244961882630984,2.5611892342567444,2.8545930981636047,0,91
candidate,20261193,3,1,-21.0,3.0,0,0,0,0,0,0,0,0.022222222222222223,45,2.2997534109486475,2.7334146201610565,2.8077904134988785,0,91
candidate,20261194,0,0,-8.0,2.5,0,0,0,0,0,0,0,0.0,60,2.4136020181079707,2.8991010040044785,3.4518688917160034,0,120
candidate,20261194,1,0,-8.0,2.5,0,0,0,0,0,0,0,0.0,60,2.3698633847137294,2.9654680751264095,3.046145662665367,0,120
candidate,20261194,2,0,0.0,2.5,0,0,0,0,0,1,0,0.0,80,2.3298451211303473,2.952292747795582,3.0754003673791885,0,161
candidate,20261194,3,0,-21.0,4.0,0,0,1,13,0,0,0,0.0,64,2.379689074587077,3.0655758455395694,3.3055152744054794,0,128
candidate,20261195,0,0,36.0,1.0,1,0,0,0,0,0,0,0.047619047619047616,42,2.3485861629957245,2.867710404098034,2.9836278408765793,0,84
candidate,20261195,1,0,35.0,1.0,1,0,0,0,0,0,0,0.046511627906976744,43,2.2952191445023513,2.8463037684559818,2.9557552188634872,0,86
candidate,20261195,2,0,-8.0,2.5,0,0,0,0,0,0,0,0.0,42,2.3713927893411544,3.1254707835614677,3.2265018671751022,0,84
candidate,20261195,3,0,-8.0,2.5,0,0,0,0,0,0,0,0.023809523809523808,42,2.320305932135809,3.037520498037338,3.1004827469587326,0,84
candidate,20261196,0,1,-29.0,4.0,0,0,1,21,0,0,0,0.03125,32,2.3941805702634156,2.9131827875971794,3.2105501741170883,0,64
candidate,20261196,1,1,49.0,1.0,1,0,0,0,0,0,0,0.0,39,2.4176256205791082,3.106311336159706,3.1464900821447372,0,78
candidate,20261196,2,1,0.0,2.5,0,0,0,0,0,1,1,0.0,85,2.3390030159669766,2.9412537813186646,3.3432040363550186,0,170
candidate,20261196,3,1,0.0,2.5,0,0,0,0,0,1,1,0.011764705882352941,85,2.507375772385036,3.677474707365036,4.3676625937223434,0,170
candidate,20261197,0,1,-8.0,2.5,0,0,0,0,0,0,0,0.02564102564102564,39,2.4537192418789253,3.0862363055348396,3.1679440289735794,0,78
candidate,20261197,1,1,-18.0,3.0,0,0,0,0,0,0,0,0.0,34,2.3609065615078983,2.9250978492200375,3.0470602214336395,0,69
candidate,20261197,2,1,35.0,1.0,1,0,0,0,0,0,0,0.02564102564102564,39,2.298575467788256,2.9491912573575974,3.1740106642246246,0,78
candidate,20261197,3,1,-8.0,2.5,0,0,0,0,0,0,0,0.10256410256410256,39,2.2653726717600455,2.8454257175326347,2.86971777677536,0,78
candidate,20261198,0,0,32.0,1.0,1,0,0,0,0,0,0,0.03278688524590164,61,2.324334727447541,2.6693306863307953,2.8121694922447205,0,122
candidate,20261198,1,0,-16.0,4.0,0,0,1,8,0,0,0,0.017543859649122806,57,2.3431095637773214,2.8421759605407715,2.872532233595848,0,114
candidate,20261198,2,0,-8.0,2.5,0,0,0,0,0,0,0,0.0,61,2.373754917109599,3.0090846121311188,3.515765070915222,0,122
candidate,20261198,3,0,-8.0,2.5,0,0,0,0,0,0,0,0.0,34,2.313827657524277,2.8896041214466095,2.9089562594890594,0,68
candidate,20261199,0,1,32.0,1.0,1,0,0,0,0,0,0,0.024390243902439025,41,2.3505318364719066,2.740871161222458,2.99784354865551,0,82
candidate,20261199,1,1,-8.0,2.5,0,0,0,0,0,0,0,0.023809523809523808,42,2.338240056165627,2.8892322443425655,2.9151886701583862,0,84
candidate,20261199,2,1,36.0,1.0,1,0,0,0,0,0,0,0.06060606060606061,33,2.2398979600631828,2.6713553816080093,2.710580825805664,0,66
candidate,20261199,3,1,-16.0,4.0,0,0,1,8,0,0,0,0.04878048780487805,41,2.2781454026699066,2.688288688659668,2.7299225330352783,0,82
candidate,20261200,0,0,-8.0,2.5,0,0,0,0,0,0,0,0.023809523809523808,42,2.3741999286271276,2.9670314863324165,3.1340736895799637,0,84
candidate,20261200,1,0,39.0,1.0,1,0,0,0,0,0,0,0.07142857142857142,42,2.312693079667432,2.8495319187641144,2.929244190454483,0,84
candidate,20261200,2,0,-8.0,2.5,0,0,0,0,0,0,0,0.0,42,2.403135322743938,3.128224238753319,3.2468941062688828,0,84
candidate,20261200,3,0,105.0,1.0,1,1,0,0,0,0,0,0.0,67,2.4095726435753835,3.2082421705126762,3.30914743244648,0,133
candidate,20261201,0,3,-8.0,2.5,0,0,0,0,0,0,0,0.01694915254237288,59,2.336361177139363,2.721812389791012,2.915196120738983,0,118
candidate,20261201,1,3,-8.0,2.5,0,0,0,0,0,0,0,0.012195121951219513,82,2.353642817314078,2.9805063270032406,3.1593479216098785,0,164
candidate,20261201,2,3,-19.0,4.0,0,0,1,11,0,0,0,0.02564102564102564,78,2.3490148954666576,2.940800786018371,3.41138057410717,0,156
candidate,20261201,3,3,0.0,2.5,0,0,0,0,0,1,1,0.022727272727272728,88,2.2667016072029416,2.721785008907318,2.838972955942154,0,176
candidate,20261202,0,2,-16.0,3.0,0,0,0,0,0,0,0,0.0,48,2.4053914239630103,2.9135013930499554,2.9839742928743362,0,97
candidate,20261202,1,2,-21.0,3.0,0,0,0,0,0,0,0,0.02040816326530612,49,2.4146523174582697,3.2195892184972754,3.40949185192585,0,99
candidate,20261202,2,2,-8.0,2.5,0,0,0,0,0,0,0,0.016666666666666666,60,2.3297742630044618,2.884879894554615,3.0668750405311584,0,120
candidate,20261202,3,2,-8.0,2.5,0,0,0,0,0,0,0,0.017543859649122806,57,2.3023973039367744,2.784528210759163,2.8464850038290024,0,114
candidate,20261203,0,3,-20.0,4.0,0,0,1,12,0,0,0,0.0,36,2.4342494499352245,3.0688075348734856,3.159560263156891,0,72
candidate,20261203,1,3,-22.0,3.0,0,0,0,0,0,0,0,0.016129032258064516,62,2.354402425548723,2.8444889932870865,2.98113189637661,0,125
candidate,20261203,2,3,36.0,1.0,1,0,0,0,0,0,0,0.0,36,2.4000525267587767,3.1757759861648083,3.3286157995462418,0,72
candidate,20261203,3,3,-8.0,2.5,0,0,0,0,0,0,0,0.025,40,2.36647822894156,3.065154794603586,3.2685399055480957,0,80
candidate,20261204,0,2,-21.0,3.0,0,0,0,0,0,0,0,0.0,46,2.415541559457779,2.910423092544079,3.008497878909111,0,93
candidate,20261204,1,2,-21.0,3.0,0,0,0,0,0,0,0,0.0,46,2.3882989569202713,2.9617557302117348,3.1456518918275833,0,93
candidate,20261204,2,2,63.0,1.0,1,1,0,0,0,0,0,0.0,47,2.3261450944428748,2.9178017750382423,2.932026982307434,0,93
candidate,20261204,3,2,-21.0,3.0,0,0,0,0,0,0,0,0.0,46,2.383066341280937,3.1004436314105988,3.399435430765152,0,93
candidate,20261205,0,1,84.0,1.0,1,1,0,0,0,0,0,0.05970149253731343,67,2.344068890409683,2.7518542483448982,2.9213186353445053,0,134
candidate,20261205,1,1,-21.0,4.0,0,0,1,13,0,0,0,0.0,52,2.4351922508615713,3.167141880840063,3.3140797168016434,0,104
candidate,20261205,2,1,32.0,1.0,1,0,0,0,0,0,0,0.037037037037037035,54,2.3056463579888695,2.7520096860826015,2.854747697710991,0,109
candidate,20261205,3,1,-28.0,3.0,0,0,0,0,0,0,0,0.0,65,2.4430611099188146,3.183215856552124,3.2287947833538055,0,131
