model,wall_seed,seat,prevalent_wind,score,rank,win,self_draw,deal_in,deal_in_fan,big_deal_in,draw,draw_tenpai,call_rate,decisions,mean_decision_ms,p95_decision_ms,max_decision_ms,invalid_or_timeout,steps
candidate,20260706,0,3,35.0,1.0,1,0,0,0,0,0,0,0.075,40,11.277848342433572,3.0674586072564125,360.42470298707485,0,80
candidate,20260706,1,3,-17.0,4.0,0,0,1,9,0,0,0,0.09090909090909091,33,2.3048053298032647,2.8202705085277557,2.8797686100006104,0,66
candidate,20260706,2,3,-19.0,4.0,0,0,1,11,0,0,0,0.0,36,2.4116373517447047,3.2432000152766705,3.484698012471199,0,72
candidate,20260706,3,3,-8.0,2.5,0,0,0,0,0,0,0,0.0,40,2.237436454743147,2.8029492124915123,2.8389114886522293,0,80
candidate,20260707,0,1,-8.0,2.5,0,0,0,0,0,0,0,0.019230769230769232,52,2.3399355033269296,2.7969645336270332,2.9110275208950043,0,104
candidate,20260707,1,1,-29.0,4.0,0,0,1,21,0,0,0,0.04477611940298507,67,2.327818812719032,2.9033172875642776,2.9714982956647873,0,134
candidate,20260707,2,1,-8.0,2.5,0,0,0,0,0,0,0,0.014925373134328358,67,2.313358069800619,2.8155829757452007,4.588095471262932,0,134
candidate,20260707,3,1,45.0,1.0,1,0,0,0,0,0,0,0.014925373134328358,67,2.415367388235989,3.3996334299445152,4.660118371248245,0,134
candidate,20260708,0,0,102.0,1.0,1,1,0,0,0,0,0,0.0,45,2.3977971739239163,3.0034445226192474,3.109617158770561,0,89
candidate,20260708,1,0,-34.0,3.0,0,0,0,0,0,0,0,0.045454545454545456,44,2.34192262657664,2.764297928661108,5.189862102270126,0,89
candidate,20260708,2,0,-34.0,3.0,0,0,0,0,0,0,0,0.045454545454545456,44,2.277090722186999,2.597245015203953,4.483608528971672,0,89
candidate,20260708,3,0,-34.0,3.0,0,0,0,0,0,0,0,0.022727272727272728,44,2.3053096268664706,2.789793722331524,4.4404566287994385,0,89
candidate,20260709,0,1,-8.0,2.5,0,0,0,0,0,0,0,0.0,28,2.3361193681401864,2.820016071200371,2.8307195752859116,0,56
candidate,20260709,1,1,-19.0,4.0,0,0,1,11,0,0,0,0.0,26,2.3165202627961454,2.7962219901382923,2.822982147336006,0,52
candidate,20260709,2,1,-8.0,2.5,0,0,0,0,0,0,0,0.022727272727272728,44,2.357532058588483,2.8366534039378166,5.449945107102394,0,88
candidate,20260709,3,1,35.0,1.0,1,0,0,0,0,0,0,0.03571428571428571,28,2.291970221059663,3.0316100455820556,3.129279240965843,0,56
candidate,20260710,0,2,-23.0,3.0,0,0,0,0,0,0,0,0.0,29,2.4288965324903358,2.8958965092897415,3.364056348800659,0,59
candidate,20260710,1,2,69.0,1.0,1,1,0,0,0,0,0,0.0,30,2.3472624520460763,2.983354590833187,3.0559152364730835,0,59
candidate,20260710,2,2,-23.0,3.0,0,0,0,0,0,0,0,0.034482758620689655,29,2.3826652945115647,2.803308516740799,4.245297983288765,0,59
candidate,20260710,3,2,-23.0,3.0,0,0,0,0,0,0,0,0.0,29,2.3266570963736237,2.9473960399627686,3.0390769243240356,0,59
candidate,20260711,0,3,-24.0,3.0,0,0,0,0,0,0,0,0.0,74,2.465780119638185,3.1474613584578037,4.788985475897789,0,149
candidate,20260711,1,3,57.0,1.0,1,1,0,0,0,0,0,0.02702702702702703,74,2.271724587960823,2.7391827665269375,2.7853064239025116,0,147
candidate,20260711,2,3,-8.0,2.5,0,0,0,0,0,0,0,0.0,68,2.388575689538437,3.1241492368280888,3.294931724667549,0,136
candidate,20260711,3,3,-8.0,2.5,0,0,0,0,0,0,0,0.024390243902439025,41,2.2828373603704497,2.8604231774806976,2.912679687142372,0,82
candidate,20260712,0,1,-8.0,2.5,0,0,0,0,0,0,0,0.038461538461538464,52,2.286087363385237,2.6527189649641514,2.842674031853676,0,104
candidate,20260712,1,1,52.0,1.0,1,0,0,0,0,0,0,0.0,52,2.4252507763986406,3.3417517319321632,3.3546891063451767,0,104
candidate,20260712,2,1,-28.0,3.0,0,0,0,0,0,0,0,0.0,60,2.271054002145926,2.791713736951351,2.903308719396591,0,121
candidate,20260712,3,1,84.0,1.0,1,1,0,0,0,0,0,0.06557377049180328,61,2.205963750354579,2.5438331067562103,2.7355458587408066,0,121
candidate,20260713,0,0,48.0,1.0,1,0,0,0,0,0,0,0.0,56,2.353114009435688,2.861360087990761,2.930089831352234,0,112
candidate,20260713,1,0,-22.0,3.0,0,0,0,0,0,0,0,0.01694915254237288,59,2.2717004926022835,2.7586067095398903,2.8416775166988373,0,119
candidate,20260713,2,0,-18.0,3.0,0,0,0,0,0,0,0,0.03333333333333333,60,2.2306942380964756,2.62404503300786,2.807777374982834,0,121
candidate,20260713,3,0,33.0,1.0,1,0,0,0,0,0,0,0.04878048780487805,41,2.2463396918482896,2.66902893781662,2.7382206171751022,0,82
candidate,20260714,0,0,-8.0,2.5,0,0,0,0,0,0,0,0.02564102564102564,39,2.382999238295433,3.036744147539139,3.1586904078722,0,78
candidate,20260714,1,0,-8.0,2.5,0,0,0,0,0,0,0,0.04878048780487805,41,2.277264507805429,2.789011225104332,2.836095169186592,0,82
candidate,20260714,2,0,-16.0,4.0,0,0,1,8,0,0,0,0.0,41,2.324360127492649,3.096379339694977,3.5568363964557648,0,82
candidate,20260714,3,0,32.0,1.0,1,0,0,0,0,0,0,0.024390243902439025,41,2.3133758364654167,3.093130886554718,3.15285287797451,0,82
candidate,20260715,0,1,108.0,1.0,1,1,0,0,0,0,0,0.03571428571428571,56,2.296240867248603,2.776788081973791,2.9004234820604324,0,111
candidate,20260715,1,1,33.0,1.0,1,0,0,0,0,0,0,0.0,62,2.421876565823632,3.211885690689087,3.5798735916614532,0,124
candidate,20260715,2,1,-17.0,4.0,0,0,1,9,0,0,0,0.016129032258064516,62,2.3001539370706006,2.85809226334095,2.9227659106254578,0,124
candidate,20260715,3,1,35.0,1.0,1,0,0,0,0,0,0,0.01639344262295082,61,2.2757194753064485,2.820245921611786,2.882823348045349,0,122
candidate,20260716,0,1,-8.0,2.5,0,0,0,0,0,0,0,0.0,40,2.4112932849675417,3.0020572245120998,4.910526797175407,0,80
candidate,20260716,1,1,42.0,1.0,1,0,0,0,0,0,0,0.037037037037037035,27,2.343997359275818,2.9496580362319946,3.094188868999481,0,54
candidate,20260716,2,1,-26.0,4.0,0,0,1,18,0,0,0,0.07407407407407407,27,2.2305493001584655,2.6282254606485367,2.7757249772548676,0,54
candidate,20260716,3,1,-8.0,2.5,0,0,0,0,0,0,0,0.0,27,2.275596614237185,2.8799112886190414,2.9101762920618057,0,54
candidate,20260717,0,3,-24.0,4.0,0,0,1,16,0,0,0,0.0,49,2.3587414880796356,2.837696671485901,2.930944785475731,0,98
candidate,20260717,1,3,40.0,1.0,1,0,0,0,0,0,0,0.0,49,2.355528425197212,3.152136877179146,3.22047621011734,0,98
candidate,20260717,2,3,35.0,1.0,1,0,0,0,0,0,0,0.030303030303030304,66,2.3498895832083444,3.0052768997848034,4.182802513241768,0,132
candidate,20260717,3,3,-8.0,2.5,0,0,0,0,0,0,0,0.0,49,2.311690007241405,2.895481139421463,2.9534250497817993,0,98
candidate,20260718,0,2,-8.0,2.5,0,0,0,0,0,0,0,0.016129032258064516,62,2.519441798569695,5.07974224165081,6.220610812306404,0,124
candidate,20260718,1,2,-17.0,4.0,0,0,1,9,0,0,0,0.03225806451612903,62,2.273841520711299,2.7398956008255477,2.83178873360157,0,124
candidate,20260718,2,2,-8.0,2.5,0,0,0,0,0,0,0,0.016129032258064516,62,2.2861369014267,2.846978884190321,2.88606621325016,0,124
candidate,20260718,3,2,-36.0,3.0,0,0,0,0,0,0,0,0.01282051282051282,78,2.332762313576845,2.9604728333652015,5.187338218092918,0,157
candidate,20260719,0,0,32.0,1.0,1,0,0,0,0,0,0,0.012987012987012988,77,2.3579014005599084,2.8250720351934433,5.0163231790065765,0,154
candidate,20260719,1,0,-8.0,2.5,0,0,0,0,0,0,0,0.0,74,2.3145437039233543,2.894738409668207,2.9702335596084595,0,148
candidate,20260719,2,0,-16.0,4.0,0,0,1,8,0,0,0,0.03896103896103896,77,2.237015827135606,2.6222679764032364,3.1835362315177917,0,154
candidate,20260719,3,0,-17.0,3.0,0,0,0,0,0,0,0,0.012345679012345678,81,2.3257956368687713,3.0904170125722885,3.309965133666992,0,163
candidate,20260720,0,2,-8.0,2.5,0,0,0,0,0,0,0,0.047619047619047616,63,2.2960837693914535,2.6718620210886,2.849699929356575,0,126
candidate,20260720,1,2,35.0,1.0,1,0,0,0,0,0,0,0.0,66,2.402275236267032,3.254312090575695,3.6092083901166916,0,132
candidate,20260720,2,2,33.0,1.0,1,0,0,0,0,0,0,0.031746031746031744,63,2.2889265406226356,2.8408488258719444,3.5830046981573105,0,126
candidate,20260720,3,2,-18.0,4.0,0,0,1,10,0,0,0,0.015625,64,2.2667165321763605,2.7180520817637444,2.9549580067396164,0,128
candidate,20260721,0,1,-8.0,2.5,0,0,0,0,0,0,0,0.041666666666666664,24,2.32917753358682,2.846235688775778,2.900106832385063,0,48
candidate,20260721,1,1,-8.0,2.5,0,0,0,0,0,0,0,0.0,20,2.2570705972611904,2.8362708166241646,2.8772279620170593,0,40
candidate,20260721,2,1,34.0,1.0,1,0,0,0,0,0,0,0.08333333333333333,24,2.2739526660492024,2.825128845870495,2.9084812849760056,0,48
candidate,20260721,3,1,-18.0,4.0,0,0,1,10,0,0,0,0.0,24,2.3093526251614094,2.8395515866577625,2.912411466240883,0,48
candidate,20260722,0,3,34.0,1.0,1,0,0,0,0,0,0,0.05084745762711865,59,2.2843049176163595,2.6299457997083664,2.879306674003601,0,118
candidate,20260722,1,3,-18.0,4.0,0,0,1,10,0,0,0,0.03389830508474576,59,2.2743743354991333,2.711387909948826,2.806389704346657,0,118
candidate,20260722,2,3,-8.0,2.5,0,0,0,0,0,0,0,0.03389830508474576,59,2.234081027366347,2.6599617674946785,2.68353708088398,0,118
candidate,20260722,3,3,-8.0,2.5,0,0,0,0,0,0,0,0.01694915254237288,59,2.259097582960533,2.7576539665460587,2.832084894180298,0,118
candidate,20260723,0,0,-18.0,3.0,0,0,0,0,0,0,0,0.02702702702702703,37,2.359216982448423,2.9319528490304942,2.9787495732307434,0,75
candidate,20260723,1,0,36.0,1.0,1,0,0,0,0,0,0,0.0,39,2.298034441012603,2.8517946600914,2.8720758855342865,0,78
candidate,20260723,2,0,48.0,1.0,1,1,0,0,0,0,0,0.06666666666666667,30,2.321468914548556,3.168164286762476,3.188779577612877,0,59
candidate,20260723,3,0,-8.0,2.5,0,0,0,0,0,0,0,0.02564102564102564,39,2.2737689507313266,2.767228521406651,3.0894074589014053,0,78
candidate,20260724,0,2,-34.0,3.0,0,0,0,0,0,0,0,0.014925373134328358,67,2.4030689817311157,3.136616572737694,3.2116156071424484,0,135
candidate,20260724,1,2,-8.0,2.5,0,0,0,0,0,0,0,0.04,75,2.286500781774521,2.7840614318847656,2.987964078783989,0,150
candidate,20260724,2,2,-33.0,4.0,0,0,1,25,0,0,0,0.0,59,2.340462153493348,3.102066926658153,3.2320842146873474,0,118
candidate,20260724,3,2,49.0,1.0,1,0,0,0,0,0,0,0.0,67,2.32494102596347,3.0030427500605583,3.115801140666008,0,134
candidate,20260725,0,2,35.0,1.0,1,0,0,0,0,0,0,0.0,61,2.4612486423527606,3.277616575360298,3.4107938408851624,0,122
candidate,20260725,1,2,-17.0,3.0,0,0,0,0,0,0,0,0.047619047619047616,42,2.291750783721606,2.826024312525987,3.035368397831917,0,85
candidate,20260725,2,2,-8.0,2.5,0,0,0,0,0,0,0,0.0,27,2.2879487110508814,2.7988601475954056,2.80827097594738,0,54
candidate,20260725,3,2,34.0,1.0,1,0,0,0,0,0,0,0.02564102564102564,78,2.3815328589616676,3.2483221031725407,5.224334076046944,0,157
candidate,20260726,0,1,-19.0,4.0,0,0,1,11,0,0,0,0.0,68,2.3671812651788486,2.8681499883532524,3.9780084043741226,0,136
candidate,20260726,1,1,-8.0,2.5,0,0,0,0,0,0,0,0.014925373134328358,67,2.342811855140017,2.929857559502125,4.769893363118172,0,134
candidate,20260726,2,1,-8.0,2.5,0,0,0,0,0,0,0,0.015151515151515152,66,2.351759368497314,3.1854058615863323,3.2913535833358765,0,132
candidate,20260726,3,1,35.0,1.0,1,0,0,0,0,0,0,0.014705882352941176,68,2.297955154276946,2.922432776540518,3.089042380452156,0,136
candidate,20260727,0,1,-8.0,2.5,0,0,0,0,0,0,0,0.04878048780487805,41,2.290306476558127,2.648528665304184,2.8047189116477966,0,82
candidate,20260727,1,1,-8.0,2.5,0,0,0,0,0,0,0,0.0,41,2.386699725941914,3.1124167144298553,3.225218504667282,0,82
candidate,20260727,2,1,-17.0,4.0,0,0,1,9,0,0,0,0.0,41,2.285563818565229,2.820804715156555,2.8649475425481796,0,82
candidate,20260727,3,1,33.0,1.0,1,0,0,0,0,0,0,0.07317073170731707,41,2.213001342081442,2.566063776612282,2.6120152324438095,0,82
candidate,20260728,0,1,-16.0,3.0,0,0,0,0,0,0,0,0.04878048780487805,41,2.2869123736532724,2.6404764503240585,2.795577049255371,0,83
candidate,20260728,1,1,-8.0,2.5,0,0,0,0,0,0,0,0.0,52,2.298834053083108,2.8588050976395607,2.8905216604471207,0,104
candidate,20260728,2,1,-16.0,3.0,0,0,0,0,0,0,0,0.024390243902439025,41,2.262782805213114,2.750283107161522,2.8212200850248337,0,83
candidate,20260728,3,1,60.0,1.0,1,1,0,0,0,0,0,0.0,44,2.3064732720906083,3.2045860774815083,3.377506509423256,0,87
candidate,20260729,0,3,-19.0,4.0,0,0,1,11,0,0,0,0.0,65,2.4045543315318914,3.08055616915226,3.125527873635292,0,130
candidate,20260729,1,3,34.0,1.0,1,0,0,0,0,0,0,0.0,68,2.384608008844011,3.1366970390081406,3.233000636100769,0,136
candidate,20260729,2,3,-8.0,2.5,0,0,0,0,0,0,0,0.014705882352941176,68,2.3281335118500626,2.8830564580857754,2.952408045530319,0,136
candidate,20260729,3,3,0.0,2.5,0,0,0,0,0,1,1,0.011764705882352941,85,2.2691778400365044,2.7877137064933777,2.874258905649185,0,170
candidate,20260730,0,1,-17.0,4.0,0,0,1,9,0,0,0,0.047058823529411764,85,2.2935506175546085,2.655264362692833,2.909645438194275,0,170
candidate,20260730,1,1,-8.0,2.5,0,0,0,0,0,0,0,0.03225806451612903,31,2.304585830819222,2.938910387456417,2.9986444860696793,0,62
candidate,20260730,2,1,-8.0,2.5,0,0,0,0,0,0,0,0.03225806451612903,31,2.286460611128038,2.8570517897605896,2.859635278582573,0,62
candidate,20260730,3,1,33.0,1.0,1,0,0,0,0,0,0,0.03225806451612903,31,2.291714892752709,2.911587245762348,2.9805246740579605,0,62
candidate,20260731,0,2,51.0,1.0,1,1,0,0,0,0,0,0.01818181818181818,55,2.352964234623042,2.9458602890372276,3.0132997781038284,0,109
candidate,20260731,1,2,-8.0,2.5,0,0,0,0,0,0,0,0.0,51,2.467591132895619,3.3951234072446823,3.7526804953813553,0,102
candidate,20260731,2,2,-17.0,3.0,0,0,0,0,0,0,0,0.018518518518518517,54,2.349932022668697,3.1152747571468353,3.1323451548814774,0,109
candidate,20260731,3,2,-8.0,2.5,0,0,0,0,0,0,0,0.022222222222222223,45,2.2608465204636254,2.738649398088455,2.8321463614702225,0,90
candidate,20260732,0,1,38.0,1.0,1,0,0,0,0,0,0,0.07142857142857142,28,2.320663936968361,2.833736874163151,2.9035955667495728,0,56
candidate,20260732,1,1,-8.0,2.5,0,0,0,0,0,0,0,0.02,50,2.2705653309822083,2.7136099524796005,2.7717240154743195,0,100
candidate,20260732,2,1,-8.0,2.5,0,0,0,0,0,0,0,0.0,28,2.306898856269462,2.932382095605135,2.989836037158966,0,56
candidate,20260732,3,1,-17.0,4.0,0,0,1,9,0,0,0,0.0,28,2.2872030468923703,2.9188853688538074,3.021925687789917,0,56
candidate,20260733,0,1,-21.0,3.0,0,0,0,0,0,0,0,0.03076923076923077,65,2.3417861129228887,2.82822884619236,3.1081214547157288,0,131
candidate,20260733,1,1,-8.0,2.5,0,0,0,0,0,0,0,0.030303030303030304,66,2.3435448211702434,3.023639786988497,4.021408036351204,0,132
candidate,20260733,2,1,63.0,1.0,1,1,0,0,0,0,0,0.015151515151515152,66,2.305690735352762,2.8325002640485764,3.6168117076158524,0,131
candidate,20260733,3,1,-21.0,3.0,0,0,0,0,0,0,0,0.0,65,2.32275566802575,2.9687125235795975,3.810243681073189,0,131
candidate,20260734,0,0,-18.0,3.0,0,0,0,0,0,0,0,0.02666666666666667,75,2.3433794329563775,2.7167337015271187,4.9345847219228745,0,151
candidate,20260734,1,0,-17.0,4.0,0,0,1,9,0,0,0,0.0,32,2.388218475971371,3.0327634885907173,3.6563947796821594,0,64
candidate,20260734,2,0,38.0,1.0,1,0,0,0,0,0,0,0.0,68,2.311771845116335,2.990132663398981,3.0353181064128876,0,136
candidate,20260734,3,0,54.0,1.0,1,1,0,0,0,0,0,0.013888888888888888,72,2.3196660396125584,2.8727909550070767,5.8679357171058655,0,143
candidate,20260735,0,3,-8.0,2.5,0,0,0,0,0,0,0,0.02127659574468085,47,2.307967580062278,2.7288351207971573,2.7672965079545975,0,94
candidate,20260735,1,3,36.0,1.0,1,0,0,0,0,0,0,0.0,52,2.326847519725561,3.010273352265358,3.228122368454933,0,104
candidate,20260735,2,3,-8.0,2.5,0,0,0,0,0,0,0,0.0196078431372549,51,2.312432280650326,3.002799116075039,3.039160743355751,0,102
candidate,20260735,3,3,-21.0,4.0,0,0,1,13,0,0,0,0.0392156862745098,51,2.248686427871386,2.804841846227646,2.956897020339966,0,102
candidate,20260736,0,0,-28.0,4.0,0,0,1,20,0,0,0,0.08571428571428572,35,2.284523206097739,2.624564804136753,2.766173332929611,0,70
candidate,20260736,1,0,-8.0,2.5,0,0,0,0,0,0,0,0.02857142857142857,35,2.271182569009917,2.702394872903824,2.764645963907242,0,70
candidate,20260736,2,0,-8.0,2.5,0,0,0,0,0,0,0,0.0,19,2.2393068984935156,2.7888381853699684,2.7905162423849106,0,38
candidate,20260736,3,0,43.0,1.0,1,0,0,0,0,0,0,0.10526315789473684,19,2.201119535847714,2.6586160063743587,2.789970487356186,0,38
candidate,20260737,0,0,-24.0,3.0,0,0,0,0,0,0,0,0.029411764705882353,34,2.3208112072418716,2.746756933629513,2.9171891510486603,0,69
candidate,20260737,1,0,-24.0,3.0,0,0,0,0,0,0,0,0.0,34,2.339778029743363,2.954712323844433,3.060603514313698,0,69
candidate,20260737,2,0,34.0,1.0,1,0,0,0,0,0,0,0.0,34,2.3807676728157436,3.211213462054729,3.499496728181839,0,68
candidate,20260737,3,0,-24.0,3.0,0,0,0,0,0,0,0,0.058823529411764705,34,2.2429498460362938,2.8057241812348366,2.8345678001642227,0,69
candidate,20260738,0,0,75.0,1.0,1,1,0,0,0,0,0,0.0,64,2.3392143775708973,2.8650944121181965,2.9017161577939987,0,129
candidate,20260738,1,0,-17.0,4.0,0,0,1,9,0,0,0,0.044444444444444446,45,2.306894999411371,2.843847870826721,2.858927473425865,0,90
candidate,20260738,2,0,-8.0,2.5,0,0,0,0,0,0,0,0.0,41,2.428615465760231,3.395669162273407,3.6682598292827606,0,84
candidate,20260738,3,0,-8.0,2.5,0,0,0,0,0,0,0,0.07142857142857142,42,2.212933042929286,2.5952131487429138,2.6377886533737183,0,84
candidate,20260739,0,0,-26.0,3.0,0,0,0,0,0,0,0,0.0,36,2.486935971925656,3.4187310375273228,3.7986598908901215,0,73
candidate,20260739,1,0,-26.0,3.0,0,0,0,0,0,0,0,0.027777777777777776,36,2.2851689718663692,2.7913437224924564,2.820271998643875,0,73
candidate,20260739,2,0,-26.0,3.0,0,0,0,0,0,0,0,0.0,36,2.3472762356201806,3.0726706609129906,3.1845681369304657,0,73
candidate,20260739,3,0,78.0,1.0,1,1,0,0,0,0,0,0.08108108108108109,37,2.229467286048709,2.6182040572166443,2.927284687757492,0,73
candidate,20260740,0,1,-8.0,2.5,0,0,0,0,0,0,0,0.0,38,2.4935646766894743,3.407480474561453,3.910597413778305,0,76
candidate,20260740,1,1,-19.0,4.0,0,0,1,11,0,0,0,0.0,38,2.326947195749534,3.0320322141051292,3.1368397176265717,0,76
candidate,20260740,2,1,-33.0,4.0,0,0,1,25,0,0,0,0.06,50,2.2194605320692062,2.575613185763359,2.5897640734910965,0,100
candidate,20260740,3,1,-20.0,4.0,0,0,1,12,0,0,0,0.0,28,2.279326319694519,2.8447214514017105,2.854038029909134,0,56
candidate,20260741,0,1,-8.0,2.5,0,0,0,0,0,0,0,0.022727272727272728,44,2.2946851412681015,2.7539429254829884,2.8196964412927628,0,88
candidate,20260741,1,1,-8.0,2.5,0,0,0,0,0,0,0,0.045454545454545456,44,2.269147810610858,2.6880111545324326,2.751491963863373,0,88
candidate,20260741,2,1,-19.0,4.0,0,0,1,11,0,0,0,0.0,45,2.329001368747817,2.9078807681798935,3.6527886986732483,0,90
candidate,20260741,3,1,35.0,1.0,1,0,0,0,0,0,0,0.045454545454545456,44,2.249891192398288,2.8947338461875916,2.9608607292175293,0,88
candidate,20260742,0,1,32.0,1.0,1,0,0,0,0,0,0,0.017857142857142856,56,2.3421566002070904,2.8516780585050583,2.952117472887039,0,112
candidate,20260742,1,1,-23.0,4.0,0,0,1,15,0,0,0,0.027777777777777776,72,2.363995002168748,3.1057002022862434,3.2253004610538483,0,144
candidate,20260742,2,1,-8.0,2.5,0,0,0,0,0,0,0,0.0,44,2.4144188077612356,3.0576417222619057,4.099046811461449,0,88
candidate,20260742,3,1,-8.0,2.5,0,0,0,0,0,0,0,0.046875,64,2.2472962155006826,2.656843513250351,2.876121550798416,0,128
candidate,20260743,0,3,-8.0,2.5,0,0,0,0,0,0,0,0.0,22,2.374617552215403,2.8465150855481625,2.983633428812027,0,44
candidate,20260743,1,3,-8.0,2.5,0,0,0,0,0,0,0,0.0,47,2.374242753424543,2.9720779508352275,3.070831298828125,0,94
candidate,20260743,2,3,0.0,2.5,0,0,0,0,0,1,0,0.011494252873563218,87,2.3278448645068313,2.8233930468559265,4.252588376402855,0,174
candidate,20260743,3,3,0.0,2.5,0,0,0,0,0,1,0,0.0,84,2.3773731220336187,3.026615548878908,4.480034112930298,0,168
candidate,20260744,0,3,-16.0,3.0,0,0,0,0,0,0,0,0.020833333333333332,48,2.325221663340926,2.7815506793558598,2.9238201677799225,0,97
candidate,20260744,1,3,-18.0,3.0,0,0,0,0,0,0,0,0.0,47,2.295187694278169,2.7800314128398895,2.8069745749235153,0,95
candidate,20260744,2,3,-18.0,3.0,0,0,0,0,0,0,0,0.0,49,2.4333154896692353,3.2307118177413936,4.524813964962959,0,99
candidate,20260744,3,3,-16.0,3.0,0,0,0,0,0,0,0,0.020833333333333332,48,2.3329018537576,3.036918491125107,3.8365907967090607,0,97
candidate,20260745,0,3,57.0,1.0,1,1,0,0,0,0,0,0.03125,64,2.3354223230853677,2.7801868505775924,4.760868847370148,0,127
candidate,20260745,1,3,-19.0,3.0,0,0,0,0,0,0,0,0.047619047619047616,63,2.2584572434425354,2.8159841895103455,2.888847142457962,0,127
candidate,20260745,2,3,-8.0,2.5,0,0,0,0,0,0,0,0.046511627906976744,43,2.2386982603821646,2.6532553136348724,2.765391021966934,0,86
candidate,20260745,3,3,-19.0,3.0,0,0,0,0,0,0,0,0.015873015873015872,63,2.259997473586173,2.777743712067604,3.035683184862137,0,127
candidate,20260746,0,1,-8.0,2.5,0,0,0,0,0,0,0,0.0,26,2.3737430142668576,2.9065203852951527,2.9328837990760803,0,52
candidate,20260746,1,1,-8.0,2.5,0,0,0,0,0,0,0,0.07692307692307693,26,2.279046493080946,2.7923472225666046,2.8011873364448547,0,52
candidate,20260746,2,1,43.0,1.0,1,0,0,0,0,0,0,0.07692307692307693,26,2.2513595624611926,2.7999994345009327,3.0419006943702698,0,52
candidate,20260746,3,1,-27.0,4.0,0,0,1,19,0,0,0,0.03333333333333333,30,2.3349284504850707,3.0775687657296658,3.1799394637346268,0,60
candidate,20260747,0,3,-8.0,2.5,0,0,0,0,0,0,0,0.015384615384615385,65,2.423584690460792,3.1119763851165767,4.251554608345032,0,130
candidate,20260747,1,3,0.0,2.5,0,0,0,0,0,1,0,0.0,84,2.3184255031602725,2.916027419269085,3.0209627002477646,0,168
candidate,20260747,2,3,-20.0,4.0,0,0,1,12,0,0,0,0.0,65,2.306648544394053,2.8667598962783813,3.867596387863159,0,130
candidate,20260747,3,3,-20.0,4.0,0,0,1,12,0,0,0,0.03225806451612903,62,2.2487190642183825,2.6550480164587498,3.7752483040094376,0,124
candidate,20260748,0,2,48.0,1.0,1,1,0,0,0,0,0,0.06557377049180328,61,2.3680535740539677,3.0011702328920364,4.907883703708649,0,121
candidate,20260748,1,2,0.0,2.5,0,0,0,0,0,1,1,0.0,83,2.410922940057444,3.1894765794277187,5.013968795537949,0,167
candidate,20260748,2,2,0.0,2.5,0,0,0,0,0,1,1,0.011904761904761904,84,2.380678252804847,3.2907745800912376,3.38137149810791,0,167
candidate,20260748,3,2,-17.0,4.0,0,0,1,9,0,0,0,0.0,60,2.314939380933841,2.883042022585869,3.4472551196813583,0,121
candidate,20260749,0,3,32.0,1.0,1,0,0,0,0,0,0,0.01818181818181818,55,2.481839568777518,3.3941900357604027,4.647739231586456,0,110
candidate,20260749,1,3,-24.0,4.0,0,0,1,16,0,0,0,0.0,26,2.2969312536028714,2.8025140054523945,2.8316304087638855,0,52
candidate,20260749,2,3,-8.0,2.5,0,0,0,0,0,0,0,0.0,34,2.2774119587505566,2.7850553393363953,2.870708703994751,0,68
candidate,20260749,3,3,-8.0,2.5,0,0,0,0,0,0,0,0.038461538461538464,26,2.2585343282956343,2.8073624707758427,2.8522275388240814,0,52
candidate,20260750,0,3,32.0,1.0,1,0,0,0,0,0,0,0.014705882352941176,68,2.374284654198324,3.0846307054162025,3.316115587949753,0,137
candidate,20260750,1,3,32.0,1.0,1,0,0,0,0,0,0,0.029411764705882353,34,2.2917903740616405,2.9341858811676502,3.0163265764713287,0,68
candidate,20260750,2,3,-8.0,2.5,0,0,0,0,0,0,0,0.058823529411764705,34,2.289978403817205,2.628648281097412,4.37668152153492,0,68
candidate,20260750,3,3,-8.0,2.5,0,0,0,0,0,0,0,0.058823529411764705,34,2.230715609210379,2.6041346602141857,2.73987278342247,0,68
candidate,20260751,0,0,0.0,2.5,0,0,0,0,0,1,1,0.03488372093023256,86,2.31066532433033,2.757993061095476,4.813242703676224,0,172
candidate,20260751,1,0,-22.0,3.0,0,0,0,0,0,0,0,0.03225806451612903,62,2.2867175059453135,2.586030960083008,4.700539633631706,0,125
candidate,20260751,2,0,-8.0,2.5,0,0,0,0,0,0,0,0.0,38,2.273664662712499,2.8273237869143486,2.835441380739212,0,76
candidate,20260751,3,0,-8.0,2.5,0,0,0,0,0,0,0,0.023255813953488372,43,2.273763984788296,2.7473991736769676,2.845101058483124,0,86
candidate,20260752,0,2,-8.0,2.5,0,0,0,0,0,0,0,0.02,50,2.4546917155385017,3.0688390135765076,4.996996372938156,0,100
candidate,20260752,1,2,-8.0,2.5,0,0,0,0,0,0,0,0.022222222222222223,45,2.521205320954323,3.0616506934165955,5.968732759356499,0,90
candidate,20260752,2,2,-32.0,3.0,0,0,0,0,0,0,0,0.0,58,2.3006126926890733,2.8384340927004814,2.9190629720687866,0,117
candidate,20260752,3,2,102.0,1.0,1,1,0,0,0,0,0,0.0,55,2.4020769718018444,3.4048523753881454,3.796391189098358,0,109
candidate,20260753,0,0,-8.0,2.5,0,0,0,0,0,0,0,0.0,66,2.4711723072510776,3.3105039037764072,3.5076886415481567,0,132
candidate,20260753,1,0,-20.0,4.0,0,0,1,12,0,0,0,0.0,58,2.3520146336021095,2.888232748955488,3.9158929139375687,0,116
candidate,20260753,2,0,48.0,1.0,1,0,0,0,0,0,0,0.0,66,2.2877283450780492,2.849163953214884,3.3097639679908752,0,132
candidate,20260753,3,0,-8.0,2.5,0,0,0,0,0,0,0,0.017241379310344827,58,2.273876091529583,2.8668473474681377,2.953963354229927,0,116
candidate,20260754,0,1,-8.0,2.5,0,0,0,0,0,0,0,0.0,52,2.413536529414929,2.831211779266596,5.100440233945847,0,104
candidate,20260754,1,1,-21.0,3.0,0,0,0,0,0,0,0,0.02040816326530612,49,2.305553579817013,2.8676096349954596,3.1461529433727264,0,99
candidate,20260754,2,1,-41.0,3.0,0,0,0,0,0,0,0,0.01639344262295082,61,2.274225450685767,2.7759261429309845,2.7982722967863083,0,123
candidate,20260754,3,1,37.0,1.0,1,0,0,0,0,0,0,0.019230769230769232,52,2.434472517611889,3.095869999378918,5.350841209292412,0,104
candidate,20260755,0,3,-19.0,4.0,0,0,1,11,0,0,0,0.022222222222222223,45,2.3435365822580128,2.8263065963983536,2.9172729700803757,0,90
candidate,20260755,1,3,-17.0,3.0,0,0,0,0,0,0,0,0.02564102564102564,39,2.3720327000587416,3.184032067656517,3.4858472645282745,0,79
candidate,20260755,2,3,-8.0,2.5,0,0,0,0,0,0,0,0.0,45,2.280014091067844,2.814892679452896,2.8525199741125107,0,90
candidate,20260755,3,3,-8.0,2.5,0,0,0,0,0,0,0,0.044444444444444446,45,2.366341153780619,3.2043136656284332,4.284374415874481,0,90
candidate,20260756,0,1,-8.0,2.5,0,0,0,0,0,0,0,0.02857142857142857,35,2.364618703722954,2.8514893725514407,4.574684426188469,0,70
candidate,20260756,1,1,-8.0,2.5,0,0,0,0,0,0,0,0.03773584905660377,53,2.265420689616563,2.707340568304062,2.7779359370470047,0,106
candidate,20260756,2,1,-8.0,2.5,0,0,0,0,0,0,0,0.0,53,2.384663612212775,3.1074050813913345,4.404660314321518,0,106
candidate,20260756,3,1,36.0,1.0,1,0,0,0,0,0,0,0.018867924528301886,53,2.3190908766580076,2.977743372321129,3.2184701412916183,0,106
candidate,20260757,0,1,34.0,1.0,1,0,0,0,0,0,0,0.02702702702702703,37,2.3544475536894156,2.84784734249115,3.313794732093811,0,74
candidate,20260757,1,1,-18.0,4.0,0,0,1,10,0,0,0,0.0,33,2.433107036984328,2.869628369808197,5.9792399406433105,0,66
candidate,20260757,2,1,-8.0,2.5,0,0,0,0,0,0,0,0.02702702702702703,37,2.2702640476259024,2.675841748714447,3.0514132231473923,0,74
candidate,20260757,3,1,-8.0,2.5,0,0,0,0,0,0,0,0.0,37,2.3377015683296563,2.868650108575821,4.5095086097717285,0,74
candidate,20260758,0,0,-21.0,3.0,0,0,0,0,0,0,0,0.0,42,2.4281430634714307,3.08585986495018,3.3859051764011383,0,85
candidate,20260758,1,0,-21.0,3.0,0,0,0,0,0,0,0,0.0,42,2.3954652161115693,3.2247676514089108,4.013784229755402,0,85
candidate,20260758,2,0,-21.0,3.0,0,0,0,0,0,0,0,0.07142857142857142,42,2.26006479490371,2.6213720440864563,2.797270193696022,0,85
candidate,20260758,3,0,63.0,1.0,1,1,0,0,0,0,0,0.0,43,2.4470731529385543,3.1968634575605392,5.7833753526210785,0,85
candidate,20260759,0,3,-20.0,3.0,0,0,0,0,0,0,0,0.016129032258064516,62,2.3394117973023847,2.8359998948872085,3.7180427461862564,0,125
candidate,20260759,1,3,-18.0,3.0,0,0,0,0,0,0,0,0.03125,64,2.2530235000886023,2.6084644719958305,2.9685087502002716,0,129
candidate,20260759,2,3,48.0,1.0,1,1,0,0,0,0,0,0.0,55,2.3325138132680547,3.0372781679034233,3.0922051519155502,0,109
candidate,20260759,3,3,-20.0,3.0,0,0,0,0,0,0,0,0.04838709677419355,62,2.248364140189463,2.840423956513405,2.896469086408615,0,125
candidate,20260760,0,2,-16.0,3.0,0,0,0,0,0,0,0,0.0,52,2.568718798172015,3.613977879285811,4.25247848033905,0,105
candidate,20260760,1,2,-16.0,3.0,0,0,0,0,0,0,0,0.037037037037037035,54,2.3399362754490642,2.798303682357073,5.003252997994423,0,109
candidate,20260760,2,2,32.0,1.0,1,0,0,0,0,0,0,0.041666666666666664,48,2.317352880102893,2.7778688818216324,4.117220640182495,0,96
candidate,20260760,3,2,-16.0,3.0,0,0,0,0,0,0,0,0.0,52,2.46649464735618,3.541964385658498,5.0310250371694565,0,105
candidate,20260761,0,3,-22.0,4.0,0,0,1,14,0,0,0,0.09375,32,2.3452299064956605,2.757750730961561,3.2634809613227844,0,64
candidate,20260761,1,3,-20.0,4.0,0,0,1,12,0,0,0,0.0,73,2.485969626944359,3.385869786143301,5.126573145389557,0,146
candidate,20260761,2,3,-8.0,2.5,0,0,0,0,0,0,0,0.0,68,2.4573288529234776,3.3424285240471363,3.6149416118860245,0,136
candidate,20260761,3,3,52.0,1.0,1,0,0,0,0,0,0,0.0,77,2.3034705792541628,2.889237552881241,2.9795393347740173,0,154
candidate,20260762,0,0,-8.0,2.5,0,0,0,0,0,0,0,0.0,59,2.5441162288188934,3.5019269213080397,6.001587957143784,0,118
candidate,20260762,1,0,-8.0,2.5,0,0,0,0,0,0,0,0.024096385542168676,83,2.2781459412660943,2.7154108509421344,2.9019173234701157,0,166
candidate,20260762,2,0,-20.0,4.0,0,0,1,12,0,0,0,0.012658227848101266,79,2.334142268835744,2.907720580697059,4.122361540794373,0,158
candidate,20260762,3,0,-17.0,4.0,0,0,1,9,0,0,0,0.02702702702702703,74,2.284157819844581,2.7760499157011505,2.973640337586403,0,148
candidate,20260763,0,1,-8.0,2.5,0,0,0,0,0,0,0,0.03225806451612903,31,2.3422202756327968,2.7902238070964813,2.932099625468254,0,62
candidate,20260763,1,1,-8.0,2.5,0,0,0,0,0,0,0,0.03225806451612903,31,2.3014546642380376,2.6865797117352486,3.304988145828247,0,62
candidate,20260763,2,1,-20.0,4.0,0,0,1,12,0,0,0,0.0,31,2.2820534725343027,2.8305910527706146,2.8539393097162247,0,62
candidate,20260763,3,1,35.0,1.0,1,0,0,0,0,0,0,0.04285714285714286,70,2.188178338110447,2.5098010897636414,2.678036689758301,0,140
candidate,20260764,0,1,0.0,2.5,0,0,0,0,0,1,1,0.02247191011235955,89,2.3551092514496172,2.8659470379352565,5.234653130173683,0,178
candidate,20260764,1,1,-8.0,2.5,0,0,0,0,0,0,0,0.025,80,2.319856802932918,2.6257565245032306,5.286293104290962,0,160
candidate,20260764,2,1,-17.0,4.0,0,0,1,9,0,0,0,0.025,80,2.3318608989939094,2.8933391906321044,6.628343835473061,0,160
candidate,20260764,3,1,33.0,1.0,1,0,0,0,0,0,0,0.0,80,2.4314374662935734,3.298436291515827,6.292570382356644,0,160
candidate,20260765,0,2,36.0,1.0,1,0,0,0,0,0,0,0.05,40,2.3029912263154984,2.809923980385065,2.856537699699402,0,80
candidate,20260765,1,2,-8.0,2.5,0,0,0,0,0,0,0,0.025,40,2.3559356573969126,2.8222057968378063,4.611071199178696,0,80
candidate,20260765,2,2,57.0,1.0,1,1,0,0,0,0,0,0.09090909090909091,44,2.2596632215109738,2.7625538408756256,4.231739789247513,0,87
candidate,20260765,3,2,35.0,1.0,1,0,0,0,0,0,0,0.023809523809523808,42,2.4093612141552425,3.467359486967325,4.0552206337451935,0,84
candidate,20260766,0,0,-39.0,3.0,0,0,0,0,0,0,0,0.0,35,2.341539306300027,2.8074661269783974,2.8278175741434097,0,71
candidate,20260766,1,0,-16.0,3.0,0,0,0,0,0,0,0,0.029411764705882353,68,2.269489526310388,2.662374824285507,3.242636099457741,0,137
candidate,20260766,2,0,-16.0,3.0,0,0,0,0,0,0,0,0.04411764705882353,68,2.34871037194834,2.873535454273224,5.838759243488312,0,137
candidate,20260766,3,0,32.0,1.0,1,0,0,0,0,0,0,0.017543859649122806,57,2.2710459143446204,2.822607383131981,2.916242927312851,0,114
candidate,20260767,0,3,-8.0,2.5,0,0,0,0,0,0,0,0.027777777777777776,36,2.321712776190705,2.7280044741928577,2.8660185635089874,0,72
candidate,20260767,1,3,-17.0,3.0,0,0,0,0,0,0,0,0.043478260869565216,46,2.2665040729486425,2.6623676531016827,2.8223954141139984,0,93
candidate,20260767,2,3,34.0,1.0,1,0,0,0,0,0,0,0.027777777777777776,36,2.310368646350172,2.9545538127422333,3.172611817717552,0,72
candidate,20260767,3,3,-8.0,2.5,0,0,0,0,0,0,0,0.027777777777777776,36,2.2593027291198573,2.844662871211767,3.0130892992019653,0,72
candidate,20260768,0,3,-22.0,3.0,0,0,0,0,0,0,0,0.016666666666666666,60,2.4267460530002913,2.832388039678335,6.258163601160049,0,121
candidate,20260768,1,3,-18.0,3.0,0,0,0,0,0,0,0,0.03333333333333333,60,2.351065600911776,2.71329153329134,6.565902382135391,0,121
candidate,20260768,2,3,54.0,1.0,1,1,0,0,0,0,0,0.03278688524590164,61,2.3201849983363854,2.8888024389743805,5.111314356327057,0,121
candidate,20260768,3,3,-18.0,3.0,0,0,0,0,0,0,0,0.05,60,2.2269892506301403,2.6720598340034485,2.8293579816818237,0,121
candidate,20260769,0,2,-8.0,2.5,0,0,0,0,0,0,0,0.0,58,2.6074958130203445,3.9960126392543316,6.602395325899124,0,117
candidate,20260769,1,2,-8.0,2.5,0,0,0,0,0,0,0,0.0392156862745098,51,2.3797630679373647,2.9202401638031006,6.118105724453926,0,102
candidate,20260769,2,2,-8.0,2.5,0,0,0,0,0,0,0,0.016129032258064516,62,2.3648209208923,2.9201432131230827,3.352101892232895,0,124
candidate,20260769,3,2,-32.0,3.0,0,0,0,0,0,0,0,0.038461538461538464,78,2.2724529202931967,2.8981148265302177,3.418339416384697,0,157
candidate,20260770,0,2,32.0,1.0,1,0,0,0,0,0,0,0.016666666666666666,60,2.3589499605198703,2.8701613657176495,3.19691002368927,0,120
candidate,20260770,1,2,-8.0,2.5,0,0,0,0,0,0,0,0.016666666666666666,60,2.456206517914931,3.139699716120958,4.7284867614507675,0,120
candidate,20260770,2,2,-16.0,4.0,0,0,1,8,0,0,0,0.05,60,2.2785712654391923,2.7823335491120815,3.016602247953415,0,120
candidate,20260770,3,2,-8.0,2.5,0,0,0,0,0,0,0,0.03571428571428571,28,2.3164404556155205,2.7494928799569607,3.2248422503471375,0,56
candidate,20260771,0,1,-20.0,3.0,0,0,0,0,0,0,0,0.03278688524590164,61,2.3614628637423283,2.826062962412834,2.9593203216791153,0,123
candidate,20260771,1,1,60.0,1.0,1,1,0,0,0,0,0,0.0,62,2.4149659720640027,3.228062111884355,3.3565666526556015,0,123
candidate,20260771,2,1,-20.0,3.0,0,0,0,0,0,0,0,0.06557377049180328,61,2.2643654317152304,2.6534926146268845,3.198288381099701,0,123
candidate,20260771,3,1,-34.0,4.0,0,0,1,26,0,0,0,0.05263157894736842,38,2.3014887579177556,2.8212087228894234,2.9976200312376022,0,76
candidate,20260772,0,0,-19.0,4.0,0,0,1,11,0,0,0,0.0,25,2.4115701019763947,2.844853699207306,3.2445453107357025,0,50
candidate,20260772,1,0,-8.0,2.5,0,0,0,0,0,0,0,0.0,25,2.402179315686226,3.148164227604865,3.21882963180542,0,50
candidate,20260772,2,0,34.0,1.0,1,0,0,0,0,0,0,0.02857142857142857,35,2.3120302174772536,2.7803055942058563,2.967262640595436,0,70
candidate,20260772,3,0,35.0,1.0,1,0,0,0,0,0,0,0.04,25,2.354702055454254,3.0629191547632217,3.480002284049988,0,50
candidate,20260773,0,3,-18.0,4.0,0,0,1,10,0,0,0,0.023255813953488372,43,2.4124981705532518,2.949855476617813,3.330143168568611,0,86
candidate,20260773,1,3,-19.0,3.0,0,0,0,0,0,0,0,0.018518518518518517,54,2.2837466870745025,2.7261088602244854,2.797631546854973,0,109
candidate,20260773,2,3,-25.0,4.0,0,0,1,17,0,0,0,0.0,49,2.355940183814691,3.258427605032921,3.6243516951799393,0,98
candidate,20260773,3,3,-8.0,2.5,0,0,0,0,0,0,0,0.028985507246376812,69,2.2436404951672624,2.7332752943038927,2.8768982738256454,0,138
candidate,20260774,0,0,-19.0,3.0,0,0,0,0,0,0,0,0.0,41,2.4376550643909267,3.1612496823072433,3.408147022128105,0,83
candidate,20260774,1,0,-19.0,3.0,0,0,0,0,0,0,0,0.0,41,2.3329033993366286,2.947559580206871,2.9696132987737656,0,83
candidate,20260774,2,0,-19.0,3.0,0,0,0,0,0,0,0,0.024390243902439025,41,2.3107805357473654,2.9965732246637344,3.042137250304222,0,83
candidate,20260774,3,0,38.0,1.0,1,0,0,0,0,0,0,0.10526315789473684,38,2.1845541012130285,2.5356809608638287,2.5974158197641373,0,76
candidate,20260775,0,0,-18.0,4.0,0,0,1,10,0,0,0,0.04838709677419355,62,2.302467252217954,2.5728686712682247,2.8600282967090607,0,125
candidate,20260775,1,0,-16.0,4.0,0,0,1,8,0,0,0,0.06451612903225806,31,2.333499130702788,2.87749245762825,3.185899928212166,0,62
candidate,20260775,2,0,34.0,1.0,1,0,0,0,0,0,0,0.023809523809523808,42,2.2876311004871415,2.709469571709633,3.1612087041139603,0,84
candidate,20260775,3,0,-8.0,2.5,0,0,0,0,0,0,0,0.04838709677419355,62,2.2415884680324987,2.595511544495821,3.072381019592285,0,125
candidate,20260776,0,2,-17.0,3.0,0,0,0,0,0,0,0,0.0,40,2.41357097402215,3.028346225619316,3.078540787100792,0,81
candidate,20260776,1,2,-17.0,3.0,0,0,0,0,0,0,0,0.05,40,2.3167946841567755,2.8054703958332534,3.121858462691307,0,81
candidate,20260776,2,2,-17.0,3.0,0,0,0,0,0,0,0,0.025,40,2.359022293239832,2.954991441220045,3.0971020460128784,0,81
candidate,20260776,3,2,-8.0,2.5,0,0,0,0,0,0,0,0.0,78,2.39410179738815,3.298365883529186,3.892691805958748,0,157
candidate,20260777,0,0,-23.0,3.0,0,0,0,0,0,0,0,0.029411764705882353,68,2.3688735604724465,2.9133569449186325,3.004617989063263,0,137
candidate,20260777,1,0,72.0,1.0,1,1,0,0,0,0,0,0.0,71,2.5471889374541563,3.682228736579418,3.9707235991954803,0,141
candidate,20260777,2,0,52.0,1.0,1,0,0,0,0,0,0,0.02702702702702703,74,2.3437692104159176,2.8141337446868415,5.2425432950258255,0,148
candidate,20260777,3,0,33.0,1.0,1,0,0,0,0,0,0,0.0,55,2.3914871229366823,3.1500741839408875,3.4854188561439514,0,110
candidate,20260778,0,2,50.0,1.0,1,0,0,0,0,0,0,0.08571428571428572,35,2.3544039045061385,2.78325118124485,3.7031155079603195,0,70
candidate,20260778,1,2,90.0,1.0,1,1,0,0,0,0,0,0.016129032258064516,62,2.3499727549572147,3.048299718648195,3.350183367729187,0,123
candidate,20260778,2,2,-20.0,3.0,0,0,0,0,0,0,0,0.0,55,2.508771588856524,3.497568890452385,6.1635226011276245,0,111
candidate,20260778,3,2,-8.0,2.5,0,0,0,0,0,0,0,0.0,55,2.458221160552718,3.2157123088836665,7.601441815495491,0,110
candidate,20260779,0,2,44.0,1.0,1,0,0,0,0,0,0,0.04,50,2.3834609612822533,2.8577652759850025,3.327375277876854,0,100
candidate,20260779,1,2,36.0,1.0,1,0,0,0,0,0,0,0.0,52,2.4987196979614406,3.5400668159127235,3.7452522665262222,0,104
candidate,20260779,2,2,-30.0,4.0,0,0,1,22,0,0,0,0.03389830508474576,59,2.29697841835224,2.784498408436775,3.092629835009575,0,118
candidate,20260779,3,2,-8.0,2.5,0,0,0,0,0,0,0,0.06779661016949153,59,2.2670088367441954,2.810773067176342,2.964584156870842,0,118
candidate,20260780,0,3,-8.0,2.5,0,0,0,0,0,0,0,0.018518518518518517,54,2.368169698726248,2.9431540518999095,3.4339260309934616,0,108
candidate,20260780,1,3,35.0,1.0,1,0,0,0,0,0,0,0.038461538461538464,52,2.353858847457629,2.9809205792844287,3.4144576638936996,0,104
candidate,20260780,2,3,-8.0,2.5,0,0,0,0,0,0,0,0.05555555555555555,54,2.264107094594726,2.8517015278339386,3.0135009437799454,0,108
candidate,20260780,3,3,-8.0,2.5,0,0,0,0,0,0,0,0.016129032258064516,62,2.2772863927868103,2.776897605508566,3.2847076654434204,0,124
candidate,20260781,0,2,32.0,1.0,1,0,0,0,0,0,0,0.04411764705882353,68,2.3575929979629375,2.9398784041404724,3.1834878027439117,0,136
candidate,20260781,1,2,-8.0,2.5,0,0,0,0,0,0,0,0.014492753623188406,69,2.315440336647241,2.749333158135414,2.8981417417526245,0,138
candidate,20260781,2,2,-8.0,2.5,0,0,0,0,0,0,0,0.047619047619047616,63,2.2343394183923326,2.6659658178687096,3.0067283660173416,0,126
candidate,20260781,3,2,-8.0,2.5,0,0,0,0,0,0,0,0.03571428571428571,56,2.299538447654673,2.841925248503685,3.4784674644470215,0,112
candidate,20260782,0,1,0.0,2.5,0,0,0,0,0,1,1,0.033707865168539325,89,2.35686321439368,2.798762544989586,3.1345486640930176,0,178
candidate,20260782,1,1,38.0,1.0,1,0,0,0,0,0,0,0.0,48,2.447224144513408,3.4744192846119404,3.7369579076766968,0,96
candidate,20260782,2,1,-8.0,2.5,0,0,0,0,0,0,0,0.0,48,2.35289983296146,2.9521871358156204,3.094848245382309,0,96
candidate,20260782,3,1,-20.0,3.0,0,0,0,0,0,0,0,0.022222222222222223,45,2.3100173307789698,2.8303056955337524,2.9018931090831757,0,91
candidate,20260783,0,2,-16.0,4.0,0,0,1,8,0,0,0,0.022727272727272728,44,2.37899057736451,2.984754927456379,3.2240934669971466,0,88
candidate,20260783,1,2,32.0,1.0,1,0,0,0,0,0,0,0.06818181818181818,44,2.321190158413215,2.9169200919568543,3.178192302584648,0,88
candidate,20260783,2,2,-16.0,3.0,0,0,0,0,0,0,0,0.03225806451612903,62,2.341022414545859,2.9529144056141376,3.021281212568283,0,125
candidate,20260783,3,2,-16.0,4.0,0,0,1,8,0,0,0,0.0,55,2.42050557651303,3.409823589026928,3.7890709936618805,0,110
candidate,20260784,0,1,-8.0,2.5,0,0,0,0,0,0,0,0.02857142857142857,35,2.413141887102808,3.071277029812335,3.346813842654228,0,70
candidate,20260784,1,1,-19.0,4.0,0,0,1,11,0,0,0,0.05,40,2.3164100013673306,2.7445499785244465,2.7803126722574234,0,80
candidate,20260784,2,1,-8.0,2.5,0,0,0,0,0,0,0,0.0,40,2.4368764366954565,3.1281871721148478,4.779292270541191,0,80
candidate,20260784,3,1,35.0,1.0,1,0,0,0,0,0,0,0.0,40,2.5177292991429567,3.232410550117488,6.5871961414813995,0,80
candidate,20260785,0,0,0.0,2.5,0,0,0,0,0,1,1,0.0,82,2.5292742861116806,3.5080511122941975,4.71578910946846,0,164
candidate,20260785,1,0,-8.0,2.5,0,0,0,0,0,0,0,0.018518518518518517,54,2.416995112542753,3.210233990103004,5.266573280096054,0,108
candidate,20260785,2,0,33.0,1.0,1,0,0,0,0,0,0,0.046875,64,2.2625377168878913,2.8294116258621216,3.0407030135393143,0,128
candidate,20260785,3,0,-22.0,3.0,0,0,0,0,0,0,0,0.0,76,2.347733384292377,2.974089700728655,5.224496126174927,0,153
candidate,20260786,0,2,-8.0,2.5,0,0,0,0,0,0,0,0.0,79,2.4723688116933724,3.296634554862976,4.926400259137154,0,158
candidate,20260786,1,2,33.0,1.0,1,0,0,0,0,0,0,0.03409090909090909,88,2.2528162861073557,2.584068570286034,3.009568899869919,0,176
candidate,20260786,2,2,32.0,1.0,1,0,0,0,0,0,0,0.0273972602739726,73,2.2440060003571314,2.6144329458475113,2.795891836285591,0,146
candidate,20260786,3,2,-20.0,3.0,0,0,0,0,0,0,0,0.029411764705882353,68,2.23945064798874,2.6702530682086945,2.7960017323493958,0,137
candidate,20260787,0,0,35.0,1.0,1,0,0,0,0,0,0,0.0,44,2.4697758596051824,3.373539913445711,3.4687351435422897,0,88
candidate,20260787,1,0,-8.0,2.5,0,0,0,0,0,0,0,0.043478260869565216,46,2.3272802405383275,2.850479446351528,2.9668081551790237,0,92
candidate,20260787,2,0,-31.0,3.0,0,0,0,0,0,0,0,0.07692307692307693,39,2.2384364826556964,2.6700755581259727,2.7476269751787186,0,79
candidate,20260787,3,0,40.0,1.0,1,0,0,0,0,0,0,0.04081632653061224,49,2.2507051804236005,2.7086101472377773,3.429865464568138,0,98
candidate,20260788,0,3,-8.0,2.5,0,0,0,0,0,0,0,0.03125,32,2.3606439935974777,2.8819899074733257,2.8955843299627304,0,64
candidate,20260788,1,3,-19.0,4.0,0,0,1,11,0,0,0,0.0625,32,2.234547690022737,2.56052790209651,2.5874078273773193,0,64
candidate,20260788,2,3,54.0,1.0,1,1,0,0,0,0,0,0.06060606060606061,33,2.2702949742476144,2.7983780950307846,3.3160168677568436,0,65
candidate,20260788,3,3,-8.0,2.5,0,0,0,0,0,0,0,0.03125,32,2.3261961759999394,2.8914191760122776,2.8978511691093445,0,64
candidate,20260789,0,2,-8.0,2.5,0,0,0,0,0,0,0,0.018518518518518517,54,2.4073749297746905,2.9292414896190166,3.0741356313228607,0,108
candidate,20260789,1,2,-8.0,2.5,0,0,0,0,0,0,0,0.017241379310344827,58,2.337393383013791,2.886341977864504,3.4546684473752975,0,116
candidate,20260789,2,2,33.0,1.0,1,0,0,0,0,0,0,0.014705882352941176,68,2.3427645073217502,2.886647917330265,3.2590851187705994,0,136
candidate,20260789,3,2,-17.0,4.0,0,0,1,9,0,0,0,0.034482758620689655,58,2.3076616805689087,2.9116397723555565,3.22626531124115,0,116
candidate,20260790,0,1,-8.0,2.5,0,0,0,0,0,0,0,0.02127659574468085,47,2.3670042369593967,2.7901973575353622,2.8470512479543686,0,94
candidate,20260790,1,1,108.0,1.0,1,1,0,0,0,0,0,0.030303030303030304,66,2.31945359458526,2.9974132776260376,3.947049379348755,0,131
candidate,20260790,2,1,-18.0,4.0,0,0,1,10,0,0,0,0.02127659574468085,47,2.362487520626251,3.1287474557757378,3.255613148212433,0,94
candidate,20260790,3,1,-28.0,3.0,0,0,0,0,0,0,0,0.017241379310344827,58,2.341025155679933,3.0553871765732765,3.1312480568885803,0,117
candidate,20260791,0,1,-8.0,2.5,0,0,0,0,0,0,0,0.0,75,2.420854394634565,3.1913558021187782,3.268422558903694,0,151
candidate,20260791,1,1,-20.0,4.0,0,0,1,12,0,0,0,0.0,73,2.430544681336782,3.336451947689056,3.430033102631569,0,147
candidate,20260791,2,1,10.0,2.0,0,0,0,0,0,0,0,0.0,52,2.2675198717759204,2.845100127160549,2.8824135661125183,1,105
candidate,20260791,3,1,-8.0,2.5,0,0,0,0,0,0,0,0.017857142857142856,56,2.298316652221339,2.7275364845991135,4.12103533744812,0,112
candidate,20260792,0,0,34.0,1.0,1,0,0,0,0,0,0,0.03125,32,2.4336075875908136,3.038803953677416,3.1365975737571716,0,64
candidate,20260792,1,0,-27.0,4.0,0,0,1,19,0,0,0,0.045454545454545456,44,2.4006221104751932,2.824147790670395,6.33787177503109,0,88
candidate,20260792,2,0,-18.0,3.0,0,0,0,0,0,0,0,0.04081632653061224,49,2.2492497703250574,2.656106650829315,2.6928074657917023,0,99
candidate,20260792,3,0,-8.0,2.5,0,0,0,0,0,0,0,0.09375,32,2.363979408983141,2.736356947571039,5.2139367908239365,0,64
candidate,20260793,0,1,36.0,1.0,1,0,0,0,0,0,0,0.03571428571428571,56,2.391117458630885,2.8589069843292236,3.2651275396347046,0,112
candidate,20260793,1,1,-23.0,3.0,0,0,0,0,0,0,0,0.03333333333333333,60,2.3673757600287595,2.8129723854362965,5.592776462435722,0,121
candidate,20260793,2,1,72.0,1.0,1,1,0,0,0,0,0,0.0196078431372549,51,2.287421704215162,2.74111982434988,2.8294064104557037,0,101
candidate,20260793,3,1,-23.0,3.0,0,0,0,0,0,0,0,0.016666666666666666,60,2.4152296284834542,3.2318396493792534,4.087358713150024,0,121
candidate,20260794,0,2,-23.0,4.0,0,0,1,15,0,0,0,0.025,40,2.388763753697276,2.8701281175017352,3.153923898935318,0,80
candidate,20260794,1,2,38.0,1.0,1,0,0,0,0,0,0,0.1,20,2.3519836366176605,2.9185489751398563,3.0531752854585648,0,40
candidate,20260794,2,2,-22.0,4.0,0,0,1,14,0,0,0,0.0,19,2.3908949408091997,3.0538296326994896,3.139195963740349,0,38
candidate,20260794,3,2,-8.0,2.5,0,0,0,0,0,0,0,0.05555555555555555,18,2.264478554328283,2.7350984513759613,2.8668437153100967,0,36
candidate,20260795,0,3,40.0,1.0,1,0,0,0,0,0,0,0.0,24,2.407777433594068,2.949392795562744,3.267541527748108,0,48
candidate,20260795,1,3,-8.0,2.5,0,0,0,0,0,0,0,0.08333333333333333,24,2.314834933107098,2.825435157865286,2.980906516313553,0,48
candidate,20260795,2,3,-8.0,2.5,0,0,0,0,0,0,0,0.0,24,2.370815879354874,3.0509719625115395,3.153277561068535,0,48
candidate,20260795,3,3,-24.0,4.0,0,0,1,16,0,0,0,0.0,24,2.288322119663159,2.7994947507977486,2.829238772392273,0,48
candidate,20260796,0,0,-16.0,4.0,0,0,1,8,0,0,0,0.027777777777777776,36,2.3434583304656877,2.699232194572687,2.851223573088646,0,72
candidate,20260796,1,0,-8.0,2.5,0,0,0,0,0,0,0,0.0,36,2.370108850300312,2.8751371428370476,2.9002688825130463,0,72
candidate,20260796,2,0,34.0,1.0,1,0,0,0,0,0,0,0.024390243902439025,82,2.297624332330576,2.9921079054474835,3.202144056558609,0,164
candidate,20260796,3,0,-8.0,2.5,0,0,0,0,0,0,0,0.0,36,2.303164711015092,2.8129941783845425,3.2529737800359726,0,72
candidate,20260797,0,0,-16.0,3.0,0,0,0,0,0,0,0,0.047619047619047616,42,2.4147104649316695,3.0150829814374442,3.311123698949814,0,85
candidate,20260797,1,0,48.0,1.0,1,1,0,0,0,0,0,0.0,43,2.443083020490269,3.347131237387657,3.6429092288017273,0,85
candidate,20260797,2,0,57.0,1.0,1,1,0,0,0,0,0,0.08333333333333333,36,2.2845009031395116,2.8027757070958614,3.173520788550377,0,71
candidate,20260797,3,0,-16.0,3.0,0,0,0,0,0,0,0,0.07142857142857142,42,2.2974592589196705,2.8321591205894947,3.4060589969158173,0,85
candidate,20260798,0,1,-16.0,4.0,0,0,1,8,0,0,0,0.0,17,2.4455221479429916,2.867777645587921,2.8923675417900085,0,34
candidate,20260798,1,1,34.0,1.0,1,0,0,0,0,0,0,0.023809523809523808,42,2.3166832203666368,2.913325745612383,3.098597750067711,0,84
candidate,20260798,2,1,-8.0,2.5,0,0,0,0,0,0,0,0.0,42,2.3447171385799135,3.0534498393535614,3.23529914021492,0,84
candidate,20260798,3,1,-18.0,4.0,0,0,1,10,0,0,0,0.07317073170731707,41,2.2388082451936677,2.742854878306389,3.0411705374717712,0,82
candidate,20260799,0,0,-8.0,2.5,0,0,0,0,0,0,0,0.0,40,2.50078784301877,3.3946361392736426,3.7696827203035355,0,80
candidate,20260799,1,0,-8.0,2.5,0,0,0,0,0,0,0,0.03333333333333333,60,2.291002869606018,2.6889939792454243,2.952592447400093,0,120
candidate,20260799,2,0,-8.0,2.5,0,0,0,0,0,0,0,0.023809523809523808,42,2.3800223799688474,3.246086370199918,3.705281764268875,0,84
candidate,20260799,3,0,-8.0,2.5,0,0,0,0,0,0,0,0.025,40,2.3421497084200382,2.986037265509367,3.45819815993309,0,80
candidate,20260800,0,3,0.0,2.5,0,0,0,0,0,1,0,0.011627906976744186,86,2.3635721353943957,2.849406562745571,3.2960642129182816,0,172
candidate,20260800,1,3,51.0,1.0,1,1,0,0,0,0,0,0.045454545454545456,44,2.313171386380087,2.826658170670271,3.241604194045067,0,87
candidate,20260800,2,3,0.0,2.5,0,0,0,0,0,1,0,0.0,84,2.3301783283906325,2.9220168478786945,3.215877339243889,0,169
candidate,20260800,3,3,-17.0,3.0,0,0,0,0,0,0,0,0.046511627906976744,43,2.2806269224993017,2.8683053329586983,2.8857141733169556,0,87
candidate,20260801,0,2,-8.0,2.5,0,0,0,0,0,0,0,0.0,62,2.418452242930089,3.018316719681024,3.3887606114149094,0,124
candidate,20260801,1,2,0.0,2.5,0,0,0,0,0,1,1,0.022727272727272728,88,2.3678448262878438,2.926324401050806,4.781484603881836,0,176
candidate,20260801,2,2,-24.0,4.0,0,0,1,16,0,0,0,0.03614457831325301,83,2.2824897868446556,2.720613032579422,3.3315662294626236,0,166
candidate,20260801,3,2,36.0,1.0,1,0,0,0,0,0,0,0.037037037037037035,54,2.272039720857585,2.7320681139826766,2.8756391257047653,0,108
candidate,20260802,0,3,-8.0,2.5,0,0,0,0,0,0,0,0.029411764705882353,34,2.359243602875401,2.802455890923738,2.8838738799095154,0,68
candidate,20260802,1,3,-20.0,4.0,0,0,1,12,0,0,0,0.029411764705882353,34,2.380550729439539,3.1415232457220554,3.2326597720384598,0,68
candidate,20260802,2,3,36.0,1.0,1,0,0,0,0,0,0,0.029411764705882353,34,2.298291663036627,2.7270983904600143,2.8005987405776978,0,68
candidate,20260802,3,3,-8.0,2.5,0,0,0,0,0,0,0,0.058823529411764705,34,2.301425618283889,2.880705613642931,3.0624642968177795,0,68
candidate,20260803,0,1,-8.0,2.5,0,0,0,0,0,0,0,0.022222222222222223,45,2.3675772878858776,2.7473796159029007,2.940785139799118,0,90
candidate,20260803,1,1,32.0,1.0,1,0,0,0,0,0,0,0.0,66,2.476318570023233,3.319600597023964,3.5713035613298416,0,132
candidate,20260803,2,1,34.0,1.0,1,0,0,0,0,0,0,0.022222222222222223,45,2.3388406054841147,3.032204881310463,3.290679305791855,0,90
candidate,20260803,3,1,36.0,1.0,1,0,0,0,0,0,0,0.04225352112676056,71,2.2955269513415617,2.827840857207775,3.051484003663063,0,142
candidate,20260804,0,1,57.0,1.0,1,1,0,0,0,0,0,0.0196078431372549,51,2.3761019110679626,2.817874774336815,3.2585933804512024,0,101
candidate,20260804,1,1,-19.0,3.0,0,0,0,0,0,0,0,0.058823529411764705,51,2.31242212740814,2.7973372489213943,2.8325114399194717,0,103
candidate,20260804,2,1,-21.0,3.0,0,0,0,0,0,0,0,0.05084745762711865,59,2.4359230015237454,3.2805817201733585,3.509869799017906,0,119
candidate,20260804,3,1,-8.0,2.5,0,0,0,0,0,0,0,0.0,34,2.387305228587459,3.197658341377973,3.393031656742096,0,68
candidate,20260805,0,2,-8.0,2.5,0,0,0,0,0,0,0,0.018867924528301886,53,2.3909818099917106,2.8254956007003784,3.241444006562233,0,106
candidate,20260805,1,2,35.0,1.0,1,0,0,0,0,0,0,0.03773584905660377,53,2.3376311895982274,2.9031187295913696,3.1636301428079605,0,106
candidate,20260805,2,2,-8.0,2.5,0,0,0,0,0,0,0,0.0,54,2.3522547066763595,2.9980238527059555,3.2658837735652924,0,108
candidate,20260805,3,2,-8.0,2.5,0,0,0,0,0,0,0,0.0,53,2.433926886263883,3.243538737297058,3.4072324633598328,0,106
candidate,20260806,0,0,-17.0,3.0,0,0,0,0,0,0,0,0.014925373134328358,67,2.387334356334672,2.953045815229416,3.3701639622449875,0,135
candidate,20260806,1,0,60.0,1.0,1,1,0,0,0,0,0,0.0,66,2.453247056991765,3.3830259926617146,3.858063369989395,0,131
candidate,20260806,2,0,-8.0,2.5,0,0,0,0,0,0,0,0.0,60,2.4340681731700897,3.358358796685934,3.714773803949356,0,120
candidate,20260806,3,0,45.0,1.0,1,0,0,0,0,0,0,0.014492753623188406,69,2.3984101101540136,3.3524289727211,3.8591809570789337,0,138
candidate,20260807,0,1,-16.0,4.0,0,0,1,8,0,0,0,0.0,64,2.4122676404658705,2.968466095626354,3.340587019920349,0,128
candidate,20260807,1,1,0.0,2.5,0,0,0,0,0,1,1,0.023255813953488372,86,2.303365184817203,2.7278801426291466,3.1366851180791855,0,172
candidate,20260807,2,1,36.0,1.0,1,0,0,0,0,0,0,0.020833333333333332,48,2.355302528788646,3.207239229232073,3.497086465358734,0,96
candidate,20260807,3,1,-17.0,4.0,0,0,1,9,0,0,0,0.038461538461538464,52,2.301803001990685,2.832423988729715,3.145100548863411,0,104
candidate,20260808,0,3,-18.0,3.0,0,0,0,0,0,0,0,0.0,38,2.4934608587308933,3.398694097995758,3.4731030464172363,0,77
candidate,20260808,1,3,-18.0,3.0,0,0,0,0,0,0,0,0.0,38,2.530402896043501,3.4878339618444443,3.707563504576683,0,77
candidate,20260808,2,3,-24.0,4.0,0,0,1,16,0,0,0,0.022727272727272728,44,2.388349776579575,3.0190719291567802,3.229014575481415,0,87
candidate,20260808,3,3,-18.0,3.0,0,0,0,0,0,0,0,0.0,38,2.3363136539333746,2.9190884903073306,3.443744033575058,0,77
candidate,20260809,0,0,-8.0,2.5,0,0,0,0,0,0,0,0.0,27,2.3899154944552317,2.9566891491413116,3.0288100242614746,0,54
candidate,20260809,1,0,33.0,1.0,1,0,0,0,0,0,0,0.07407407407407407,27,2.350776973697874,2.992229349911213,3.213023766875267,0,54
candidate,20260809,2,0,-17.0,4.0,0,0,1,9,0,0,0,0.07407407407407407,27,2.3089968081977634,2.820410393178463,2.9494836926460266,0,54
candidate,20260809,3,0,-8.0,2.5,0,0,0,0,0,0,0,0.037037037037037035,27,2.440204636918174,3.093477338552475,5.410796031355858,0,54
candidate,20260810,0,0,60.0,1.0,1,1,0,0,0,0,0,0.05405405405405406,37,2.338420196964934,2.942635491490363,3.53030301630497,0,73
candidate,20260810,1,0,-20.0,3.0,0,0,0,0,0,0,0,0.0,36,2.38013184732861,3.203301690518856,3.326825797557831,0,73
candidate,20260810,2,0,-20.0,3.0,0,0,0,0,0,0,0,0.0,36,2.3305116014348135,2.843067981302738,3.1855981796979904,0,73
candidate,20260810,3,0,-20.0,3.0,0,0,0,0,0,0,0,0.027777777777777776,36,2.365829371329811,2.9107662849128246,3.8294680416584015,0,73
candidate,20260811,0,2,57.0,1.0,1,1,0,0,0,0,0,0.05263157894736842,38,2.3062137984915783,2.583879232406616,3.1010322272777557,0,75
candidate,20260811,1,2,-19.0,3.0,0,0,0,0,0,0,0,0.0,37,2.4144100277005016,3.0988864600658417,3.216417506337166,0,75
candidate,20260811,2,2,-19.0,3.0,0,0,0,0,0,0,0,0.0,37,2.415998259911666,3.0808433890342704,3.265535458922386,0,75
candidate,20260811,3,2,-19.0,3.0,0,0,0,0,0,0,0,0.0,37,2.4157644224327965,3.1337346881628023,3.862328827381134,0,75
candidate,20260812,0,2,-8.0,2.5,0,0,0,0,0,0,0,0.02564102564102564,78,2.3616857778949614,2.8352833352983,4.279762506484985,0,156
candidate,20260812,1,2,-8.0,2.5,0,0,0,0,0,0,0,0.057692307692307696,52,2.2769891656935215,2.6560233905911446,2.863200381398201,0,104
candidate,20260812,2,2,-8.0,2.5,0,0,0,0,0,0,0,0.01639344262295082,61,2.281454865072594,2.8428882360458374,3.039039671421051,0,122
candidate,20260812,3,2,33.0,1.0,1,0,0,0,0,0,0,0.0392156862745098,51,2.446535499949081,3.651648759841919,4.9000997096300125,0,102
candidate,20260813,0,2,-16.0,3.0,0,0,0,0,0,0,0,0.037037037037037035,27,2.532239106518251,2.9600482434034348,6.381317973136902,0,55
candidate,20260813,1,2,48.0,1.0,1,1,0,0,0,0,0,0.0,28,2.404919359833002,3.373768273741007,3.7033073604106903,0,55
candidate,20260813,2,2,-16.0,3.0,0,0,0,0,0,0,0,0.0,27,2.270054486062792,2.8670357540249825,2.9005277901887894,0,55
candidate,20260813,3,2,-16.0,3.0,0,0,0,0,0,0,0,0.0,27,2.3358126205426677,3.022603504359722,3.393733873963356,0,55
candidate,20260814,0,2,-31.0,4.0,0,0,1,23,0,0,0,0.0,80,2.441806998103857,3.1867614947259426,3.511263057589531,0,160
candidate,20260814,1,2,0.0,2.5,0,0,0,0,0,1,1,0.0,83,2.5318986455719155,3.7255447357892986,4.701660946011543,0,166
candidate,20260814,2,2,0.0,2.5,0,0,0,0,0,1,1,0.012048192771084338,83,2.309112394430551,2.9188182204961772,3.864958882331848,0,166
candidate,20260814,3,2,0.0,2.5,0,0,0,0,0,1,1,0.03529411764705882,85,2.3017471327501187,2.632654085755348,4.913343116641045,0,170
candidate,20260815,0,0,-18.0,3.0,0,0,0,0,0,0,0,0.0,30,2.334988055129846,2.7816759422421455,2.793995663523674,0,61
candidate,20260815,1,0,33.0,1.0,1,0,0,0,0,0,0,0.02702702702702703,74,2.2722430325843193,2.6809695176780224,3.7082452327013016,0,148
candidate,20260815,2,0,54.0,1.0,1,1,0,0,0,0,0,0.06451612903225806,31,2.2561778464624958,2.8486251831054688,2.904703840613365,0,61
candidate,20260815,3,0,-18.0,3.0,0,0,0,0,0,0,0,0.0,30,2.30915987243255,2.9654008336365223,2.9901452362537384,0,61
candidate,20260816,0,2,-18.0,3.0,0,0,0,0,0,0,0,0.05405405405405406,37,2.3591259645449147,2.6606157422065726,5.240501835942268,0,75
candidate,20260816,1,2,-17.0,3.0,0,0,0,0,0,0,0,0.0,58,2.4413659140981476,3.1359612010419364,5.185103043913841,0,117
candidate,20260816,2,2,54.0,1.0,1,1,0,0,0,0,0,0.01694915254237288,59,2.2820197992910773,2.8732212260365486,2.9294639825820923,0,117
candidate,20260816,3,2,-17.0,3.0,0,0,0,0,0,0,0,0.034482758620689655,58,2.310138420555098,2.80068451538682,5.565531551837921,0,117
candidate,20260817,0,0,33.0,1.0,1,0,0,0,0,0,0,0.058823529411764705,34,2.381281598525889,3.0855956487357616,3.2710805535316467,0,68
candidate,20260817,1,0,-8.0,2.5,0,0,0,0,0,0,0,0.0,34,2.435300718335544,3.0445899814367294,4.402589052915573,0,68
candidate,20260817,2,0,-8.0,2.5,0,0,0,0,0,0,0,0.0,36,2.3203455946511693,2.897475380450487,2.9891952872276306,0,72
candidate,20260817,3,0,-17.0,4.0,0,0,1,9,0,0,0,0.0,34,2.3849847562172832,3.191023785620928,4.141245037317276,0,68
candidate,20260818,0,3,-33.0,3.0,0,0,0,0,0,0,0,0.0,36,2.5642838639517627,3.6851507611572742,3.837360069155693,0,73
candidate,20260818,1,3,99.0,1.0,1,1,0,0,0,0,0,0.0,37,2.312947266005181,2.840905264019966,3.583453595638275,0,73
candidate,20260818,2,3,-33.0,3.0,0,0,0,0,0,0,0,0.027777777777777776,36,2.2805330033103623,2.8154761530458927,3.0724387615919113,0,73
candidate,20260818,3,3,-33.0,3.0,0,0,0,0,0,0,0,0.027777777777777776,36,2.2948403428826065,2.9640039429068565,3.0267536640167236,0,73
candidate,20260819,0,3,-8.0,2.5,0,0,0,0,0,0,0,0.028169014084507043,71,2.340033965211519,2.8352774679660797,3.887392580509186,0,142
candidate,20260819,1,3,34.0,1.0,1,0,0,0,0,0,0,0.0273972602739726,73,2.302887581595003,2.8186183422803874,3.0766669660806656,0,146
candidate,20260819,2,3,-20.0,4.0,0,0,1,12,0,0,0,0.0,71,2.3097529430204715,2.8868401423096657,4.896417260169983,0,142
candidate,20260819,3,3,-20.0,4.0,0,0,1,12,0,0,0,0.0,68,2.383340780130204,3.157481737434864,4.990937188267708,0,136
candidate,20260820,0,3,-19.0,3.0,0,0,0,0,0,0,0,0.018518518518518517,54,2.377318287337268,3.0199632979929447,3.4428033977746964,0,110
candidate,20260820,1,3,-8.0,2.5,0,0,0,0,0,0,0,0.04,25,2.4070394039154053,2.7537845075130463,5.266737192869186,0,50
candidate,20260820,2,3,-18.0,4.0,0,0,1,10,0,0,0,0.0,36,2.3466808617942863,3.0258935876190662,3.0692778527736664,0,72
candidate,20260820,3,3,-8.0,2.5,0,0,0,0,0,0,0,0.05660377358490566,53,2.2268960568702445,2.6379525661468506,2.7933064848184586,0,105
candidate,20260821,0,0,-19.0,3.0,0,0,0,0,0,0,0,0.0,29,2.479785989070761,2.9373764991760254,5.399059504270554,0,59
candidate,20260821,1,0,57.0,1.0,1,1,0,0,0,0,0,0.06666666666666667,30,2.3003320520122847,2.7997531928122044,4.129214212298393,0,59
candidate,20260821,2,0,-19.0,3.0,0,0,0,0,0,0,0,0.06896551724137931,29,2.2371887903788994,2.712761238217354,2.8149131685495377,0,59
candidate,20260821,3,0,-19.0,3.0,0,0,0,0,0,0,0,0.034482758620689655,29,2.2697552781680534,2.845897153019905,2.871936187148094,0,59
candidate,20260822,0,0,42.0,1.0,1,0,0,0,0,0,0,0.0,56,2.450872545263597,3.119054716080427,5.1848068833351135,0,112
candidate,20260822,1,0,-19.0,4.0,0,0,1,11,0,0,0,0.0,57,2.460389120275514,3.006536141037941,6.188059225678444,0,114
candidate,20260822,2,0,-8.0,2.5,0,0,0,0,0,0,0,0.0,56,2.5065916124731302,3.277515061199665,5.851173773407936,0,112
candidate,20260822,3,0,-21.0,4.0,0,0,1,13,0,0,0,0.03636363636363636,55,2.2406852719458668,2.746744081377983,2.794494852423668,0,110
candidate,20260823,0,1,-8.0,2.5,0,0,0,0,0,0,0,0.0,38,2.4349876728497053,2.86563728004694,5.9153251349925995,0,76
candidate,20260823,1,1,-8.0,2.5,0,0,0,0,0,0,0,0.0,43,2.318161171536113,2.911592833697796,2.9810182750225067,0,86
candidate,20260823,2,1,-8.0,2.5,0,0,0,0,0,0,0,0.02631578947368421,38,2.3543189132684157,2.856181748211384,6.26288540661335,0,76
candidate,20260823,3,1,44.0,1.0,1,0,0,0,0,0,0,0.02127659574468085,47,2.363163819338413,3.2546212896704665,5.044538527727127,0,94
candidate,20260824,0,3,-24.0,3.0,0,0,0,0,0,0,0,0.0,52,2.4800535577994127,2.9445777647197247,6.547810509800911,0,105
candidate,20260824,1,3,-24.0,3.0,0,0,0,0,0,0,0,0.0,52,2.4100315327254624,2.884905505925417,7.178096100687981,0,105
candidate,20260824,2,3,72.0,1.0,1,1,0,0,0,0,0,0.05660377358490566,53,2.2414163247031986,2.6246529072523117,3.101091831922531,0,105
candidate,20260824,3,3,-24.0,3.0,0,0,0,0,0,0,0,0.0,52,2.3622850959117594,2.9511320404708385,4.009813070297241,0,105
candidate,20260825,0,3,-19.0,3.0,0,0,0,0,0,0,0,0.0,44,2.406185365874659,3.0342512764036655,3.54851596057415,0,89
candidate,20260825,1,3,-23.0,3.0,0,0,0,0,0,0,0,0.022727272727272728,44,2.366402990777384,2.8441693633794785,3.808695822954178,0,89
candidate,20260825,2,3,0.0,2.5,0,0,0,0,0,1,1,0.012048192771084338,83,2.3309662040457666,2.9098503291606903,3.887973725795746,0,166
candidate,20260825,3,3,-27.0,4.0,0,0,1,19,0,0,0,0.0,73,2.3563135007064635,3.1746160238981243,3.5343021154403687,0,146
candidate,20260826,0,3,-8.0,2.5,0,0,0,0,0,0,0,0.0,38,2.4449151793592856,3.0876029282808304,3.8924720138311386,0,76
candidate,20260826,1,3,-32.0,4.0,0,0,1,24,0,0,0,0.047619047619047616,42,2.2872632724188624,2.796519733965397,2.867653965950012,0,84
candidate,20260826,2,3,-8.0,2.5,0,0,0,0,0,0,0,0.0,38,2.349663476802801,3.145754151046276,3.74581478536129,0,76
candidate,20260826,3,3,-30.0,4.0,0,0,1,22,0,0,0,0.0,36,2.317603574030929,2.8829011134803295,3.000933676958084,0,72
candidate,20260827,0,2,-21.0,3.0,0,0,0,0,0,0,0,0.0,43,2.4213906550823254,3.0320290476083755,3.2718628644943237,0,87
candidate,20260827,1,2,60.0,1.0,1,1,0,0,0,0,0,0.022727272727272728,44,2.318922472609715,2.888039033859968,3.3861566334962845,0,87
candidate,20260827,2,2,48.0,1.0,1,1,0,0,0,0,0,0.0,25,2.301151305437088,2.9962249100208282,3.041621297597885,0,49
candidate,20260827,3,2,-21.0,3.0,0,0,0,0,0,0,0,0.023255813953488372,43,2.2803738193456518,2.7156436815857887,2.8738658875226974,0,87
candidate,20260828,0,1,-8.0,2.5,0,0,0,0,0,0,0,0.029850746268656716,67,2.2849287392932975,2.656250260770321,2.7909092605113983,0,134
candidate,20260828,1,1,35.0,1.0,1,0,0,0,0,0,0,0.05555555555555555,72,2.250021452912026,2.5794035755097866,3.681948408484459,0,144
candidate,20260828,2,1,-8.0,2.5,0,0,0,0,0,0,0,0.0,71,2.4775859807998364,3.44894640147686,3.844553604722023,0,142
candidate,20260828,3,1,-23.0,4.0,0,0,1,15,0,0,0,0.028169014084507043,71,2.28712786461266,2.7134567499160767,4.28764708340168,0,142
candidate,20260829,0,1,-8.0,2.5,0,0,0,0,0,0,0,0.0625,32,2.3603590670973063,2.8282655403017998,4.266971722245216,0,64
candidate,20260829,1,1,-8.0,2.5,0,0,0,0,0,0,0,0.06060606060606061,33,2.2948720689975852,2.726629376411438,4.686698317527771,0,66
candidate,20260829,2,1,44.0,1.0,1,0,0,0,0,0,0,0.03125,32,2.357479417696595,2.8321128338575363,5.600208416581154,0,64
candidate,20260829,3,1,-28.0,4.0,0,0,1,20,0,0,0,0.03125,32,2.2694383515045047,2.843270171433687,2.8608180582523346,0,64
candidate,20260830,0,2,-21.0,4.0,0,0,1,13,0,0,0,0.0,64,2.4201479100156575,2.862309478223324,5.805512890219688,0,128
candidate,20260830,1,2,35.0,1.0,1,0,0,0,0,0,0,0.0,68,2.5923204717828945,3.945700451731682,6.2146298587322235,0,136
candidate,20260830,2,2,-23.0,3.0,0,0,0,0,0,0,0,0.013333333333333334,75,2.364067087570826,3.1950568780303,3.333127126097679,0,150
candidate,20260830,3,2,-8.0,2.5,0,0,0,0,0,0,0,0.027777777777777776,72,2.356815177740322,2.8572716750204563,5.56853786110878,0,144
candidate,20260831,0,3,63.0,1.0,1,1,0,0,0,0,0,0.08,25,2.2869694232940674,2.7514915913343425,2.835448831319809,0,49
candidate,20260831,1,3,-21.0,3.0,0,0,0,0,0,0,0,0.041666666666666664,24,2.326684926326076,2.85483431071043,2.8591491281986237,0,49
candidate,20260831,2,3,-21.0,3.0,0,0,0,0,0,0,0,0.041666666666666664,24,2.2536483593285084,2.869060914963484,2.895507961511612,0,49
candidate,20260831,3,3,-21.0,3.0,0,0,0,0,0,0,0,0.0,24,2.2953559334079423,3.049000166356563,3.1694266945123672,0,49
candidate,20260832,0,1,-8.0,2.5,0,0,0,0,0,0,0,0.024390243902439025,41,2.5630200327169606,3.1548570841550827,5.676485598087311,0,83
candidate,20260832,1,1,-26.0,4.0,0,0,1,18,0,0,0,0.0392156862745098,51,2.3143254220485687,2.8022993355989456,3.2421164214611053,0,101
candidate,20260832,2,1,-19.0,3.0,0,0,0,0,0,0,0,0.02,50,2.380479648709297,2.966720797121525,5.382487550377846,0,102
candidate,20260832,3,1,33.0,1.0,1,0,0,0,0,0,0,0.0,41,2.345462897565307,3.203345462679863,3.2553765922784805,0,83
candidate,20260833,0,0,-8.0,2.5,0,0,0,0,0,0,0,0.0425531914893617,47,2.4672384433289793,2.926340512931347,6.442409008741379,0,94
candidate,20260833,1,0,-19.0,4.0,0,0,1,11,0,0,0,0.011904761904761904,84,2.346485143616086,2.877845335751772,6.317773833870888,0,168
candidate,20260833,2,0,-8.0,2.5,0,0,0,0,0,0,0,0.0851063829787234,47,2.291758009727965,2.714953385293483,5.522288382053375,0,94
candidate,20260833,3,0,32.0,1.0,1,0,0,0,0,0,0,0.06382978723404255,47,2.1952958183085665,2.5153392925858493,2.587873488664627,0,94
candidate,20260834,0,2,-8.0,2.5,0,0,0,0,0,0,0,0.0,46,2.3346551410529925,2.8414628468453884,2.8547346591949463,0,92
candidate,20260834,1,2,32.0,1.0,1,0,0,0,0,0,0,0.09375,32,2.214584092143923,2.5422710925340652,2.5781001895666122,0,64
candidate,20260834,2,2,-16.0,4.0,0,0,1,8,0,0,0,0.08333333333333333,24,2.377368975430727,2.8022384271025658,4.534861072897911,0,48
candidate,20260834,3,2,-8.0,2.5,0,0,0,0,0,0,0,0.0392156862745098,51,2.284521638762717,2.8371838852763176,3.5833287984132767,0,102
candidate,20260835,0,2,-16.0,4.0,0,0,1,8,0,0,0,0.0,57,2.4553639977647546,3.351551666855812,3.4071560949087143,0,114
candidate,20260835,1,2,-18.0,3.0,0,0,0,0,0,0,0,0.02631578947368421,76,2.3079946097966872,3.026216756552458,3.231275826692581,0,153
candidate,20260835,2,2,-27.0,4.0,0,0,1,19,0,0,0,0.0,47,2.409337801819152,3.250235505402088,3.351746127009392,0,94
candidate,20260835,3,2,-20.0,4.0,0,0,1,12,0,0,0,0.011904761904761904,84,2.4121487069697607,3.1838659197092056,4.261460155248642,0,168
candidate,20260836,0,3,-16.0,4.0,0,0,1,8,0,0,0,0.041666666666666664,48,2.380500896833837,2.7769681997597218,4.0568821132183075,0,96
candidate,20260836,1,3,32.0,1.0,1,0,0,0,0,0,0,0.01639344262295082,61,2.3439387012212003,2.8992220759391785,3.694480285048485,0,122
candidate,20260836,2,3,-8.0,2.5,0,0,0,0,0,0,0,0.03278688524590164,61,2.244029896425419,2.6659052819013596,2.8191395103931427,0,122
candidate,20260836,3,3,-17.0,3.0,0,0,0,0,0,0,0,0.03333333333333333,60,2.3147174467643103,2.8662974946200848,5.306709557771683,0,121
candidate,20260837,0,1,-22.0,3.0,0,0,0,0,0,0,0,0.0,46,2.335404531787271,2.7874349616467953,2.836819738149643,0,93
candidate,20260837,1,1,-22.0,3.0,0,0,0,0,0,0,0,0.0,46,2.3733755654614903,2.915363758802414,3.6884136497974396,0,93
candidate,20260837,2,1,48.0,1.0,1,1,0,0,0,0,0,0.0,39,2.3729718075348782,3.1892577186226845,3.2839924097061157,0,77
candidate,20260837,3,1,-22.0,3.0,0,0,0,0,0,0,0,0.0,44,2.270553896034306,2.799575310200453,2.813100814819336,0,89
candidate,20260838,0,1,-17.0,3.0,0,0,0,0,0,0,0,0.0967741935483871,31,2.2939504875290777,2.624041400849819,2.911541610956192,0,63
candidate,20260838,1,1,-17.0,3.0,0,0,0,0,0,0,0,0.0,32,2.4956862907856703,3.029429167509079,6.962968036532402,0,65
candidate,20260838,2,1,51.0,1.0,1,1,0,0,0,0,0,0.0625,32,2.2581539233215153,2.8052832931280136,2.9832348227500916,0,63
candidate,20260838,3,1,-8.0,2.5,0,0,0,0,0,0,0,0.0,34,2.2697278353221275,2.9777316376566887,3.054700791835785,0,68
candidate,20260839,0,2,-16.0,4.0,0,0,1,8,0,0,0,0.0,45,2.4134581287701926,2.895916998386383,4.68452088534832,0,90
candidate,20260839,1,2,-8.0,2.5,0,0,0,0,0,0,0,0.0,45,2.3215275671746998,2.858377993106842,3.368886187672615,0,90
candidate,20260839,2,2,32.0,1.0,1,0,0,0,0,0,0,0.022222222222222223,45,2.287857441438569,2.923428639769554,3.067437559366226,0,90
candidate,20260839,3,2,-8.0,2.5,0,0,0,0,0,0,0,0.044444444444444446,45,2.2855685402949653,2.6175513863563538,5.830179899930954,0,90
candidate,20260840,0,2,-28.0,3.0,0,0,0,0,0,0,0,0.046511627906976744,43,2.469218054483103,3.0051395297050476,5.27653843164444,0,87
candidate,20260840,1,2,-27.0,3.0,0,0,0,0,0,0,0,0.0,42,2.381542564502784,3.0926018953323364,3.3679362386465073,0,85
candidate,20260840,2,2,43.0,1.0,1,0,0,0,0,0,0,0.023255813953488372,43,2.303666456840759,2.922975830733776,3.0654575675725937,0,86
candidate,20260840,3,2,-28.0,3.0,0,0,0,0,0,0,0,0.046511627906976744,43,2.3430746568496836,2.827705256640911,6.31076842546463,0,87
candidate,20260841,0,0,-8.0,2.5,0,0,0,0,0,0,0,0.0,43,2.4974949571282363,3.2226169481873512,3.9115585386753082,0,86
candidate,20260841,1,0,-8.0,2.5,0,0,0,0,0,0,0,0.025,40,2.271658042445779,2.657245751470327,2.8418712317943573,0,80
candidate,20260841,2,0,-8.0,2.5,0,0,0,0,0,0,0,0.0,40,2.359904209151864,3.3370348624885082,3.4371018409729004,0,80
candidate,20260841,3,0,33.0,1.0,1,0,0,0,0,0,0,0.05,40,2.2150990087538958,2.577800303697586,2.694016322493553,0,80
candidate,20260842,0,0,-20.0,4.0,0,0,1,12,0,0,0,0.020833333333333332,48,2.3359686989958086,2.8169560246169567,2.842126414179802,0,96
candidate,20260842,1,0,36.0,1.0,1,0,0,0,0,0,0,0.041666666666666664,48,2.2826842420424023,2.882263623178005,2.986827865242958,0,96
candidate,20260842,2,0,-8.0,2.5,0,0,0,0,0,0,0,0.020833333333333332,48,2.299261512234807,3.0767801217734814,3.1383484601974487,0,96
candidate,20260842,3,0,-8.0,2.5,0,0,0,0,0,0,0,0.020833333333333332,48,2.2770308035736284,2.7124473825097084,3.2603591680526733,0,96
candidate,20260843,0,1,-17.0,4.0,0,0,1,9,0,0,0,0.0,41,2.390143484240625,2.9473435133695602,3.0301883816719055,0,82
candidate,20260843,1,1,-30.0,4.0,0,0,0,0,0,0,0,0.03225806451612903,62,2.280805530326982,2.775594126433134,2.888031303882599,1,123
candidate,20260843,2,1,34.0,1.0,1,0,0,0,0,0,0,0.02,50,2.2888579964637756,2.8839148581027985,2.9342342168092728,0,100
candidate,20260843,3,1,-8.0,2.5,0,0,0,0,0,0,0,0.0,50,2.3389334976673126,3.178749606013298,3.290075808763504,0,100
candidate,20260844,0,2,-16.0,4.0,0,0,1,8,0,0,0,0.0,48,2.419024473056197,3.041393216699362,3.1824037432670593,0,96
candidate,20260844,1,2,-8.0,2.5,0,0,0,0,0,0,0,0.02040816326530612,49,2.2798505212579454,2.8230957686901093,2.871142700314522,0,98
candidate,20260844,2,2,-19.0,4.0,0,0,1,11,0,0,0,0.08,50,2.270619459450245,2.817539032548666,2.8673838824033737,0,100
candidate,20260844,3,2,-8.0,2.5,0,0,0,0,0,0,0,0.02,50,2.3050053790211678,2.9753193259239197,3.0648354440927505,0,100
candidate,20260845,0,3,-8.0,2.5,0,0,0,0,0,0,0,0.05555555555555555,36,2.3384447623458176,2.8455564752221107,2.889160066843033,0,72
candidate,20260845,1,3,87.0,1.0,1,1,0,0,0,0,0,0.05128205128205128,39,2.295118875992604,2.8563201427459717,3.5407468676567078,0,77
candidate,20260845,2,3,-29.0,3.0,0,0,0,0,0,0,0,0.05263157894736842,38,2.3417935069454345,3.1565932556986804,3.396259620785713,0,77
candidate,20260845,3,3,-8.0,2.5,0,0,0,0,0,0,0,0.05555555555555555,36,2.2328753127819962,2.6348838582634926,2.6561189442873,0,72
candidate,20260846,0,2,-8.0,2.5,0,0,0,0,0,0,0,0.0,46,2.3770122586385063,2.9421336948871613,3.0239149928092957,0,92
candidate,20260846,1,2,-8.0,2.5,0,0,0,0,0,0,0,0.018518518518518517,54,2.326504568810816,2.9115431010723114,2.9237736016511917,0,108
candidate,20260846,2,2,-25.0,3.0,0,0,0,0,0,0,0,0.023809523809523808,84,2.3085858584159897,3.041314985603094,3.21262888610363,0,169
candidate,20260846,3,2,-8.0,2.5,0,0,0,0,0,0,0,0.024390243902439025,82,2.2625228753540574,2.7716158889234066,2.8743837028741837,0,164
candidate,20260847,0,2,-17.0,3.0,0,0,0,0,0,0,0,0.043478260869565216,46,2.342790405711402,2.9115607030689716,2.9470063745975494,0,93
candidate,20260847,1,2,-17.0,3.0,0,0,0,0,0,0,0,0.021739130434782608,46,2.3725421127417814,3.077171742916107,3.3639278262853622,0,93
candidate,20260847,2,2,-34.0,4.0,0,0,1,26,0,0,0,0.01818181818181818,55,2.277483520182696,2.7882160618901253,2.9035452753305435,0,110
candidate,20260847,3,2,-16.0,4.0,0,0,1,8,0,0,0,0.0,36,2.3203666528893843,2.9231691733002663,2.9732361435890198,0,72
candidate,20260848,0,0,-8.0,2.5,0,0,0,0,0,0,0,0.0425531914893617,47,2.3180337503869484,2.8743799775838847,2.9152054339647293,0,94
candidate,20260848,1,0,43.0,1.0,1,0,0,0,0,0,0,0.02127659574468085,47,2.304303994838228,2.786594443023205,2.963051199913025,0,94
candidate,20260848,2,0,42.0,1.0,1,0,0,0,0,0,0,0.022222222222222223,45,2.277353364560339,2.8363019227981567,2.964664250612259,0,90
candidate,20260848,3,0,-8.0,2.5,0,0,0,0,0,0,0,0.0,47,2.2835308646268033,2.853773348033428,2.929365262389183,0,94
candidate,20260849,0,3,32.0,1.0,1,0,0,0,0,0,0,0.03389830508474576,59,2.327421774803582,2.7650605887174597,4.602106288075447,0,118
candidate,20260849,1,3,-8.0,2.5,0,0,0,0,0,0,0,0.03389830508474576,59,2.391733765854674,3.0203182250261302,5.57686947286129,0,118
candidate,20260849,2,3,0.0,2.5,0,0,0,0,0,1,1,0.045454545454545456,88,2.259705766019496,2.684494201093912,6.330123171210289,0,176
candidate,20260849,3,3,-8.0,2.5,0,0,0,0,0,0,0,0.034482758620689655,58,2.2888633518897255,2.953677996993065,3.0580684542655945,0,116
candidate,20260850,0,0,-18.0,3.0,0,0,0,0,0,0,0,0.018518518518518517,54,2.325232796095036,2.7803856879472733,2.834497019648552,0,109
candidate,20260850,1,0,-17.0,4.0,0,0,1,9,0,0,0,0.012658227848101266,79,2.4728286492673655,3.4246256574988365,3.828521817922592,0,158
candidate,20260850,2,0,-8.0,2.5,0,0,0,0,0,0,0,0.0851063829787234,47,2.207042768280557,2.5908557698130603,2.7849730104207993,0,94
candidate,20260850,3,0,0.0,2.5,0,0,0,0,0,1,1,0.036585365853658534,82,2.2536766283759255,2.6937750168144703,2.8986968100070953,0,164
candidate,20260851,0,1,37.0,1.0,1,0,0,0,0,0,0,0.1111111111111111,27,2.3047163116711156,2.7523986995220184,2.8938017785549164,0,54
candidate,20260851,1,1,-8.0,2.5,0,0,0,0,0,0,0,0.037037037037037035,27,2.3064629209262355,2.8522633016109467,2.891549840569496,0,54
candidate,20260851,2,1,-22.0,3.0,0,0,0,0,0,0,0,0.0,33,2.3049672670436627,2.9221974313259125,3.0463021248579025,0,67
candidate,20260851,3,1,-8.0,2.5,0,0,0,0,0,0,0,0.037037037037037035,27,2.266893577244547,2.9660845175385475,3.0535608530044556,0,54
candidate,20260852,0,3,-8.0,2.5,0,0,0,0,0,0,0,0.0,36,2.463540734930171,3.5059177316725254,3.6340169608592987,0,72
candidate,20260852,1,3,-8.0,2.5,0,0,0,0,0,0,0,0.0,36,2.408080113430818,3.071717917919159,3.9424393326044083,0,72
candidate,20260852,2,3,36.0,1.0,1,0,0,0,0,0,0,0.0,36,2.270265482366085,2.822163514792919,2.8361063450574875,0,72
candidate,20260852,3,3,-20.0,4.0,0,0,1,12,0,0,0,0.05555555555555555,36,2.2374562298258147,2.768539823591709,2.8522275388240814,0,72
candidate,20260853,0,2,-8.0,2.5,0,0,0,0,0,0,0,0.04918032786885246,61,2.3146563621818044,2.6974081993103027,2.908090129494667,0,122
candidate,20260853,1,2,-8.0,2.5,0,0,0,0,0,0,0,0.0,32,2.4022424477152526,3.245700988918543,3.7257466465234756,0,64
candidate,20260853,2,2,-17.0,4.0,0,0,1,9,0,0,0,0.0,61,2.3289494766075105,2.977851778268814,3.14115546643734,0,122
candidate,20260853,3,2,-27.0,4.0,0,0,1,19,0,0,0,0.03278688524590164,61,2.2423260341413687,2.741672098636627,2.8572119772434235,0,122
candidate,20260854,0,1,-8.0,2.5,0,0,0,0,0,0,0,0.0,30,2.3782944306731224,2.987832482904196,3.0166208744049072,0,60
candidate,20260854,1,1,-20.0,4.0,0,0,1,12,0,0,0,0.03333333333333333,30,2.3102108389139175,2.8476595878601074,3.0638594180345535,0,60
candidate,20260854,2,1,48.0,1.0,1,0,0,0,0,0,0,0.0,38,2.263899157313924,2.814461663365364,2.8275717049837112,0,76
candidate,20260854,3,1,-19.0,3.0,0,0,0,0,0,0,0,0.034482758620689655,29,2.289301169843509,2.853938192129135,3.039304167032242,0,59
candidate,20260855,0,1,60.0,1.0,1,1,0,0,0,0,0,0.0,70,2.5517106854489873,3.552826680243015,3.9797648787498474,0,139
candidate,20260855,1,1,-8.0,2.5,0,0,0,0,0,0,0,0.038461538461538464,52,2.250807538915139,2.6202057488262653,2.726878970861435,0,104
candidate,20260855,2,1,-17.0,3.0,0,0,0,0,0,0,0,0.014084507042253521,71,2.2793155373402043,2.868812531232834,2.95439176261425,0,143
candidate,20260855,3,1,-18.0,4.0,0,0,1,10,0,0,0,0.045454545454545456,44,2.252005421641198,2.669095527380705,2.721918746829033,0,88
candidate,20260856,0,1,33.0,1.0,1,0,0,0,0,0,0,0.0,62,2.639964823761294,3.799494821578264,4.4304076582193375,0,124
candidate,20260856,1,1,-8.0,2.5,0,0,0,0,0,0,0,0.03225806451612903,62,2.2769442068472987,2.7162843383848667,2.8471872210502625,0,124
candidate,20260856,2,1,-17.0,4.0,0,0,1,9,0,0,0,0.05,60,2.442715254922708,3.084179572761059,5.6765116751194,0,120
candidate,20260856,3,1,-8.0,2.5,0,0,0,0,0,0,0,0.03225806451612903,62,2.3448197171092033,2.8172052465379234,6.442256271839142,0,124
candidate,20260857,0,0,-32.0,4.0,0,0,1,24,0,0,0,0.029411764705882353,34,2.360369626651792,2.917393110692501,3.571007400751114,0,68
candidate,20260857,1,0,-8.0,2.5,0,0,0,0,0,0,0,0.0,34,2.3019617313847824,3.0634920112788677,3.2933559268712997,0,68
candidate,20260857,2,0,-8.0,2.5,0,0,0,0,0,0,0,0.09090909090909091,33,2.379477306297331,3.575314581394193,4.868168383836746,0,66
candidate,20260857,3,0,-18.0,4.0,0,0,1,10,0,0,0,0.0,39,2.371241983312827,2.8408151119947433,6.14764541387558,0,78
candidate,20260858,0,2,-20.0,3.0,0,0,0,0,0,0,0,0.03773584905660377,53,2.3953566011392846,2.736646309494972,5.718795582652092,0,108
candidate,20260858,1,2,-20.0,3.0,0,0,0,0,0,0,0,0.03773584905660377,53,2.2873001981456325,2.737957239151001,4.3671391904354095,0,108
candidate,20260858,2,2,-20.0,3.0,0,0,0,0,0,0,0,0.03773584905660377,53,2.286381070625107,2.8368666768074036,4.423322156071663,0,108
candidate,20260858,3,2,60.0,1.0,1,1,0,0,0,0,0,0.01818181818181818,55,2.2969997064633803,3.10361385345459,3.1464751809835434,0,108
candidate,20260859,0,1,-8.0,2.5,0,0,0,0,0,0,0,0.0,36,2.296331131623851,2.7376399375498295,2.759331837296486,0,72
candidate,20260859,1,1,33.0,1.0,1,0,0,0,0,0,0,0.027777777777777776,36,2.2375046068595514,2.719747368246317,2.7930308133363724,0,72
candidate,20260859,2,1,-8.0,2.5,0,0,0,0,0,0,0,0.05555555555555555,36,2.2863570807708635,3.1647267751395702,3.1812116503715515,0,72
candidate,20260859,3,1,-8.0,2.5,0,0,0,0,0,0,0,0.0,35,2.231424248644284,2.7558481320738792,2.807430922985077,0,70
candidate,20260860,0,0,-22.0,3.0,0,0,0,0,0,0,0,0.01818181818181818,55,2.305436913262714,2.788243256509304,2.898339182138443,0,111
candidate,20260860,1,0,66.0,1.0,1,1,0,0,0,0,0,0.03571428571428571,56,2.2360026237687896,2.6699756272137165,2.924598753452301,0,111
candidate,20260860,2,0,-22.0,3.0,0,0,0,0,0,0,0,0.03389830508474576,59,2.188260177687063,2.61105764657259,2.628074958920479,0,119
candidate,20260860,3,0,-22.0,3.0,0,0,0,0,0,0,0,0.0,55,2.3002025417306204,3.032839484512806,3.072386607527733,0,111
candidate,20260861,0,3,49.0,1.0,1,0,0,0,0,0,0,0.0,8,2.3197936825454235,2.8284654021263123,2.830794081091881,0,16
candidate,20260861,1,3,-8.0,2.5,0,0,0,0,0,0,0,0.0,8,2.259512897580862,2.716457936912775,2.7228891849517822,0,16
candidate,20260861,2,3,-8.0,2.5,0,0,0,0,0,0,0,0.0,8,2.246991265565157,2.7217820286750793,2.7233101427555084,0,16
candidate,20260861,3,3,-33.0,4.0,0,0,1,25,0,0,0,0.0,8,2.256006933748722,2.7810009196400642,2.781972289085388,0,16
candidate,20260862,0,0,216.0,1.0,1,1,0,0,0,0,0,0.0392156862745098,51,2.265331390149453,2.688243053853512,2.898266538977623,0,101
candidate,20260862,1,0,-35.0,4.0,0,0,1,27,0,0,0,0.0,36,2.261607079870171,2.8487439267337322,2.869853749871254,0,72
candidate,20260862,2,0,-8.0,2.5,0,0,0,0,0,0,0,0.030303030303030304,33,2.287588618469961,2.9583122581243515,3.027498722076416,0,66
candidate,20260862,3,0,-8.0,2.5,0,0,0,0,0,0,0,0.027777777777777776,36,2.260302659124136,2.800547983497381,3.1186267733573914,0,72
candidate,20260863,0,3,-24.0,3.0,0,0,0,0,0,0,0,0.019230769230769232,52,2.312096516386821,2.8808144852519035,3.051474690437317,0,105
candidate,20260863,1,3,-23.0,4.0,0,0,1,15,0,0,0,0.019230769230769232,52,2.233931579842017,2.604097221046686,2.753140404820442,0,104
candidate,20260863,2,3,-8.0,2.5,0,0,0,0,0,0,0,0.029850746268656716,67,2.2397177266096002,2.824913337826729,2.859732136130333,0,134
candidate,20260863,3,3,72.0,1.0,1,1,0,0,0,0,0,0.05660377358490566,53,2.15798261452396,2.492957189679146,2.5223959237337112,0,105
candidate,20260864,0,3,-8.0,2.5,0,0,0,0,0,0,0,0.0,27,2.3369006122703904,2.8455128893256187,2.8985273092985153,0,54
candidate,20260864,1,3,37.0,1.0,1,0,0,0,0,0,0,0.0,27,2.319002110097143,3.03635410964489,3.135368227958679,0,54
candidate,20260864,2,3,-23.0,3.0,0,0,0,0,0,0,0,0.0,37,2.240656195460139,2.8123725205659866,2.823706716299057,0,75
candidate,20260864,3,3,-8.0,2.5,0,0,0,0,0,0,0,0.0,27,2.2341703513154276,2.791201137006283,2.8292834758758545,0,54
candidate,20260865,0,0,-8.0,2.5,0,0,0,0,0,0,0,0.03333333333333333,30,2.316276915371418,2.8223494067788124,2.8309281915426254,0,60
candidate,20260865,1,0,-22.0,3.0,0,0,0,0,0,0,0,0.03125,32,2.2494119475595653,2.7141783386468887,2.871491014957428,0,65
candidate,20260865,2,0,-23.0,4.0,0,0,1,15,0,0,0,0.03333333333333333,30,2.2143268336852393,2.718852646648884,2.7839988470077515,0,60
candidate,20260865,3,0,-8.0,2.5,0,0,0,0,0,0,0,0.09375,32,2.188099839258939,2.6473183184862137,2.756880596280098,0,64
candidate,20260866,0,3,-8.0,2.5,0,0,0,0,0,0,0,0.030303030303030304,33,2.3158729979486177,2.902909740805626,2.9735788702964783,0,66
candidate,20260866,1,3,39.0,1.0,1,0,0,0,0,0,0,0.05263157894736842,57,2.1804388808576682,2.502137795090675,2.6598628610372543,0,114
candidate,20260866,2,3,-16.0,4.0,0,0,1,8,0,0,0,0.047619047619047616,63,2.204624669892447,2.73127518594265,2.862166613340378,0,126
candidate,20260866,3,3,-8.0,2.5,0,0,0,0,0,0,0,0.0425531914893617,47,2.222633623379342,2.812604419887066,2.9287543147802353,0,94
candidate,20260867,0,1,-45.0,4.0,0,0,1,37,1,0,0,0.0392156862745098,51,2.2922364958361086,2.708589658141136,2.8581172227859497,0,102
candidate,20260867,1,1,-8.0,2.5,0,0,0,0,0,0,0,0.0196078431372549,51,2.3017338677948596,2.771196886897087,5.562271922826767,0,102
candidate,20260867,2,1,-8.0,2.5,0,0,0,0,0,0,0,0.023809523809523808,42,2.257234195158595,2.8693742118775845,2.9058828949928284,0,84
candidate,20260867,3,1,36.0,1.0,1,0,0,0,0,0,0,0.022727272727272728,44,2.3491378365592523,2.9368271119892597,6.384784355759621,0,88
candidate,20260868,0,2,-8.0,2.5,0,0,0,0,0,0,0,0.0,35,2.331977923001562,2.9548529535531998,3.098679706454277,0,70
candidate,20260868,1,2,-20.0,4.0,0,0,1,12,0,0,0,0.05714285714285714,35,2.2491357156208585,2.616851218044758,2.717653289437294,0,70
candidate,20260868,2,2,36.0,1.0,1,0,0,0,0,0,0,0.0,35,2.2988961211272647,2.9309671372175217,3.0422769486904144,0,70
candidate,20260868,3,2,-8.0,2.5,0,0,0,0,0,0,0,0.05714285714285714,35,2.355561139328139,2.83779576420784,7.053891196846962,0,70
candidate,20260869,0,3,-8.0,2.5,0,0,0,0,0,0,0,0.0,38,2.340048796644336,2.7995921671390533,3.3615510910749435,0,76
candidate,20260869,1,3,-8.0,2.5,0,0,0,0,0,0,0,0.019230769230769232,52,2.324260090692685,2.8161378577351566,5.6795384734869,0,104
candidate,20260869,2,3,-8.0,2.5,0,0,0,0,0,0,0,0.02857142857142857,70,2.2581534194094792,2.9227567836642265,3.1437594443559647,0,140
candidate,20260869,3,3,0.0,2.5,0,0,0,0,0,1,1,0.011627906976744186,86,2.3224081757456756,3.0802334658801556,3.210080787539482,0,172
candidate,20260870,0,2,-21.0,3.0,0,0,0,0,0,0,0,0.02,50,2.297227345407009,2.7935135178267956,2.9010027647018433,0,101
candidate,20260870,1,2,36.0,1.0,1,0,0,0,0,0,0,0.0,60,2.2754198871552944,2.8464567847549915,2.910492941737175,0,120
candidate,20260870,2,2,63.0,1.0,1,1,0,0,0,0,0,0.02127659574468085,47,2.2411067831389446,2.732117660343647,2.7792789041996,0,93
candidate,20260870,3,2,-16.0,4.0,0,0,1,8,0,0,0,0.0,20,2.2337740287184715,2.767905965447426,2.7789194136857986,0,40
candidate,20260871,0,1,33.0,1.0,1,0,0,0,0,0,0,0.024390243902439025,82,2.257164226981198,2.597826812416315,2.8518978506326675,0,165
candidate,20260871,1,1,0.0,2.5,0,0,0,0,0,1,1,0.023255813953488372,86,2.2671368016406546,2.7588093653321266,2.958003431558609,0,171
candidate,20260871,2,1,0.0,2.5,0,0,0,0,0,1,0,0.011627906976744186,86,2.2717205331076022,2.9233363457024097,3.0552800744771957,0,174
candidate,20260871,3,1,0.0,2.5,0,0,0,0,0,1,1,0.0,88,2.2775083991952916,2.8745812363922596,2.934124320745468,0,177
candidate,20260872,0,3,-8.0,2.5,0,0,0,0,0,0,0,0.06382978723404255,47,2.264691992325986,2.7999913319945335,2.8863176703453064,0,95
candidate,20260872,1,3,33.0,1.0,1,0,0,0,0,0,0,0.08888888888888889,45,2.2197963462935553,2.5988515466451645,2.672223374247551,0,89
candidate,20260872,2,3,0.0,2.5,0,0,0,0,0,1,1,0.023529411764705882,85,2.2343792021274567,2.7395855635404587,2.809898927807808,0,170
candidate,20260872,3,3,-27.0,4.0,0,0,1,19,0,0,0,0.0,72,2.385156979370448,3.4153806045651436,3.5239234566688538,0,145
candidate,20260873,0,1,-8.0,2.5,0,0,0,0,0,0,0,0.0425531914893617,47,2.2936860059804105,2.822237089276314,2.8594695031642914,0,94
candidate,20260873,1,1,33.0,1.0,1,0,0,0,0,0,0,0.02127659574468085,47,2.256513553413939,2.699715830385685,3.308480605483055,0,94
candidate,20260873,2,1,-8.0,2.5,0,0,0,0,0,0,0,0.0196078431372549,51,2.2878882785638175,2.982533536851406,3.035392612218857,0,102
candidate,20260873,3,1,-17.0,4.0,0,0,1,9,0,0,0,0.0,39,2.270335092758521,2.9013969004154205,3.0010882765054703,0,78
candidate,20260874,0,1,-8.0,2.5,0,0,0,0,0,0,0,0.0,18,2.245716336700651,2.69791716709733,2.7255527675151825,0,36
candidate,20260874,1,1,33.0,1.0,1,0,0,0,0,0,0,0.1111111111111111,18,2.2374739249547324,2.634312957525253,2.819964662194252,0,36
candidate,20260874,2,1,-8.0,2.5,0,0,0,0,0,0,0,0.0,18,2.301443782117632,2.9415727593004704,2.9647815972566605,0,36
candidate,20260874,3,1,-17.0,4.0,0,0,1,9,0,0,0,0.0,18,2.2735908213588925,2.815659251064062,2.8681866824626923,0,36
candidate,20260875,0,3,-8.0,2.5,0,0,0,0,0,0,0,0.0,72,2.4402744602411985,3.33894994109869,3.475641831755638,0,144
candidate,20260875,1,3,-8.0,2.5,0,0,0,0,0,0,0,0.043478260869565216,46,2.2432661979742674,2.7119875885546207,2.9028337448835373,0,92
candidate,20260875,2,3,-8.0,2.5,0,0,0,0,0,0,0,0.013888888888888888,72,2.3190395440906286,3.026154357939959,4.64998371899128,0,144
candidate,20260875,3,3,55.0,1.0,1,0,0,0,0,0,0,0.041666666666666664,72,2.228752735795246,2.683037146925926,3.0266642570495605,0,144
candidate,20260876,0,2,-8.0,2.5,0,0,0,0,0,0,0,0.04081632653061224,49,2.299776072708928,2.854727581143379,3.483973443508148,0,98
candidate,20260876,1,2,-16.0,4.0,0,0,1,8,0,0,0,0.021739130434782608,46,2.3589857003611066,2.663443796336651,6.895719096064568,0,92
candidate,20260876,2,2,32.0,1.0,1,0,0,0,0,0,0,0.02040816326530612,49,2.2936786848063373,3.07268425822258,3.238201141357422,0,98
candidate,20260876,3,2,-8.0,2.5,0,0,0,0,0,0,0,0.0,50,2.241089306771755,2.781915944069624,2.7977805584669113,0,100
candidate,20260877,0,0,78.0,1.0,1,1,0,0,0,0,0,0.0,51,2.3148868817324733,2.834191545844078,2.853013575077057,0,102
candidate,20260877,1,0,-8.0,2.5,0,0,0,0,0,0,0,0.0,48,2.30447711267819,2.8365377336740494,3.3868812024593353,0,97
candidate,20260877,2,0,-8.0,2.5,0,0,0,0,0,0,0,0.03076923076923077,65,2.1886325226380277,2.5866854935884476,2.629488706588745,0,129
candidate,20260877,3,0,-26.0,3.0,0,0,0,0,0,0,0,0.04,50,2.2430263832211494,2.7821614407002926,2.8291232883930206,0,102
candidate,20260878,0,2,-23.0,4.0,0,0,1,15,0,0,0,0.0,57,2.366020099112862,2.9822353273630138,3.152690827846527,0,114
candidate,20260878,1,2,-8.0,2.5,0,0,0,0,0,0,0,0.017543859649122806,57,2.3391881075344587,3.0068498104810706,3.6139972507953644,0,114
candidate,20260878,2,2,39.0,1.0,1,0,0,0,0,0,0,0.030303030303030304,66,2.207468574245771,2.6172208599746227,2.844981849193573,0,132
candidate,20260878,3,2,-8.0,2.5,0,0,0,0,0,0,0,0.0,57,2.2380772259151724,2.7567077428102493,2.790607511997223,0,114
candidate,20260879,0,0,-8.0,2.5,0,0,0,0,0,0,0,0.05,40,2.2873036563396454,2.753298543393612,2.8034206479787827,0,80
candidate,20260879,1,0,-8.0,2.5,0,0,0,0,0,0,0,0.027777777777777776,36,2.2115216900904975,2.623302396386862,2.7203187346458435,0,72
candidate,20260879,2,0,-17.0,4.0,0,0,1,9,0,0,0,0.027777777777777776,36,2.2474065319531493,2.812592778354883,2.8747618198394775,0,72
candidate,20260879,3,0,33.0,1.0,1,0,0,0,0,0,0,0.05555555555555555,36,2.23671096480555,2.819797955453396,3.056161105632782,0,72
candidate,20260880,0,3,-19.0,4.0,0,0,1,11,0,0,0,0.019230769230769232,52,2.358052951212113,2.9719186015427113,3.022586926817894,0,104
candidate,20260880,1,3,-33.0,3.0,0,0,0,0,0,0,0,0.03389830508474576,59,2.2510298038438217,2.688450738787651,2.7584489434957504,0,120
candidate,20260880,2,3,33.0,1.0,1,0,0,0,0,0,0,0.014925373134328358,67,2.2965399409408,3.0114257708191867,3.2904986292123795,0,133
candidate,20260880,3,3,0.0,2.5,0,0,0,0,0,1,1,0.02631578947368421,76,2.210834798844237,2.632781397551298,3.086322918534279,0,154
candidate,20260881,0,0,-16.0,3.0,0,0,0,0,0,0,0,0.07142857142857142,28,2.3018263413437774,2.791312336921692,2.8302595019340515,0,58
candidate,20260881,1,0,-16.0,3.0,0,0,0,0,0,0,0,0.0,28,2.22860329917499,2.728636469691992,2.745607867836952,0,58
candidate,20260881,2,0,-16.0,3.0,0,0,0,0,0,0,0,0.10714285714285714,28,2.1882631283785616,2.5325414724648,2.5531575083732605,0,58
candidate,20260881,3,0,63.0,1.0,1,1,0,0,0,0,0,0.03125,32,2.322483225725591,3.0757355503737926,3.3180397003889084,0,62
candidate,20260882,0,3,32.0,1.0,1,0,0,0,0,0,0,0.03125,32,2.4296691990457475,3.4167347475886345,3.502665087580681,0,64
candidate,20260882,1,3,-24.0,3.0,0,0,0,0,0,0,0,0.0,38,2.27402189844533,2.7979430742561817,2.8105024248361588,0,77
candidate,20260882,2,3,-8.0,2.5,0,0,0,0,0,0,0,0.03125,32,2.2334991372190416,2.8504391200840473,2.936016768217087,0,64
candidate,20260882,3,3,-8.0,2.5,0,0,0,0,0,0,0,0.0625,32,2.2311839275062084,2.876901626586914,2.9217954725027084,0,64
candidate,20260883,0,2,32.0,1.0,1,0,0,0,0,0,0,0.05,40,2.295317407697439,2.7563312090933323,2.8231460601091385,0,80
candidate,20260883,1,2,-16.0,3.0,0,0,0,0,0,0,0,0.025,40,2.263611275702715,2.8101435862481594,2.8428304940462112,0,81
candidate,20260883,2,2,-16.0,3.0,0,0,0,0,0,0,0,0.0,40,2.265362534672022,2.86561269313097,2.8968695551156998,0,81
candidate,20260883,3,2,-16.0,3.0,0,0,0,0,0,0,0,0.025,40,2.235692460089922,2.7607391588389874,2.778066322207451,0,81
candidate,20260884,0,3,57.0,1.0,1,1,0,0,0,0,0,0.043478260869565216,23,2.3082211289716805,2.909855917096138,3.072485327720642,0,45
candidate,20260884,1,3,-19.0,3.0,0,0,0,0,0,0,0,0.045454545454545456,22,2.259457991881804,2.817853819578886,2.842813730239868,0,45
candidate,20260884,2,3,-19.0,3.0,0,0,0,0,0,0,0,0.0,19,2.2185061519083225,2.8030844405293465,2.837223932147026,0,39
candidate,20260884,3,3,-19.0,3.0,0,0,0,0,0,0,0,0.05263157894736842,19,2.222845036732523,2.7337586507201195,2.735510468482971,0,39
candidate,20260885,0,3,-8.0,2.5,0,0,0,0,0,0,0,0.0,34,2.374928115921862,3.0671972781419754,3.1658876687288284,0,69
candidate,20260885,1,3,36.0,1.0,1,0,0,0,0,0,0,0.031746031746031744,63,2.2318105080298016,2.6999376714229584,2.7644429355859756,0,127
candidate,20260885,2,3,34.0,1.0,1,0,0,0,0,0,0,0.05714285714285714,35,2.199228640113558,2.6152795180678368,2.6819780468940735,0,69
candidate,20260885,3,3,-8.0,2.5,0,0,0,0,0,0,0,0.0,34,2.3562121478950275,3.3364213071763515,3.895755857229233,0,69
candidate,20260886,0,2,99.0,1.0,1,1,0,0,0,0,0,0.04878048780487805,41,2.395973018393284,2.9188431799411774,5.316343158483505,0,81
candidate,20260886,1,2,-33.0,3.0,0,0,0,0,0,0,0,0.05,40,2.2347292862832546,2.801328618079424,2.8816983103752136,0,81
candidate,20260886,2,2,-33.0,3.0,0,0,0,0,0,0,0,0.0,40,2.246105996891856,2.7995911426842213,2.8470102697610855,0,81
candidate,20260886,3,2,-33.0,3.0,0,0,0,0,0,0,0,0.075,40,2.177691273391247,2.5576073676347733,2.6068761944770813,0,81
candidate,20260887,0,3,-20.0,3.0,0,0,0,0,0,0,0,0.0,58,2.3472516893826683,2.933630906045437,3.4073609858751297,0,117
candidate,20260887,1,3,-8.0,2.5,0,0,0,0,0,0,0,0.0,58,2.2597299439126046,2.800062485039234,2.8891731053590775,0,116
candidate,20260887,2,3,-24.0,4.0,0,0,1,16,0,0,0,0.03076923076923077,65,2.189339525424517,2.508503571152687,2.74842232465744,0,130
candidate,20260887,3,3,-21.0,4.0,0,0,1,13,0,0,0,0.015625,64,2.228142984677106,2.7167923748493195,2.733225002884865,0,128
candidate,20260888,0,3,-18.0,3.0,0,0,0,0,0,0,0,0.0,35,2.368173216070448,2.9720015823841095,3.5427305847406387,0,71
candidate,20260888,1,3,-18.0,3.0,0,0,0,0,0,0,0,0.08571428571428572,35,2.21143082848617,2.5403942912817,2.5554075837135315,0,71
candidate,20260888,2,3,54.0,1.0,1,1,0,0,0,0,0,0.08333333333333333,36,2.2798218350443573,2.828288357704878,4.993665963411331,0,71
candidate,20260888,3,3,-22.0,3.0,0,0,0,0,0,0,0,0.02857142857142857,35,2.197078136461122,2.700699120759964,2.7417149394750595,0,71
candidate,20260889,0,0,-8.0,2.5,0,0,0,0,0,0,0,0.02702702702702703,74,2.347176441469708,2.8496108949184418,5.456075072288513,0,148
candidate,20260889,1,0,-16.0,4.0,0,0,1,8,0,0,0,0.0,41,2.310343722744686,2.9091201722621918,2.930702641606331,0,82
candidate,20260889,2,0,-18.0,4.0,0,0,1,10,0,0,0,0.037037037037037035,54,2.25810575540419,2.7869822457432747,3.737127408385277,0,108
candidate,20260889,3,0,33.0,1.0,1,0,0,0,0,0,0,0.016129032258064516,62,2.3445789552023335,2.9867964796721935,5.4993703961372375,0,124
candidate,20260890,0,2,-26.0,4.0,0,0,1,18,0,0,0,0.046511627906976744,43,2.2664141169814176,2.7504250407218933,2.795260399580002,0,86
candidate,20260890,1,2,42.0,1.0,1,0,0,0,0,0,0,0.023255813953488372,43,2.3244586015163464,2.8637774288654327,4.338635131716728,0,86
candidate,20260890,2,2,-8.0,2.5,0,0,0,0,0,0,0,0.022222222222222223,45,2.3541226569149227,3.065457940101623,3.200788050889969,0,90
candidate,20260890,3,2,-8.0,2.5,0,0,0,0,0,0,0,0.023255813953488372,43,2.2533710526172506,2.923118881881237,2.964971587061882,0,86
candidate,20260891,0,1,-19.0,4.0,0,0,1,11,0,0,0,0.04477611940298507,67,2.2861695111687506,2.7275701984763145,4.161013290286064,0,134
candidate,20260891,1,1,33.0,1.0,1,0,0,0,0,0,0,0.07317073170731707,41,2.223624688823049,2.8499625623226166,2.9307492077350616,0,82
candidate,20260891,2,1,-23.0,4.0,0,0,1,15,0,0,0,0.023255813953488372,43,2.220816607045573,2.710077166557312,2.7816370129585266,0,86
candidate,20260891,3,1,0.0,2.5,0,0,0,0,0,1,0,0.011627906976744186,86,2.2463309903477513,2.8175488114356995,2.9241740703582764,0,171
candidate,20260892,0,0,33.0,1.0,1,0,0,0,0,0,0,0.0,48,2.4027539184316993,3.082800470292568,3.1965933740139008,0,96
candidate,20260892,1,0,-8.0,2.5,0,0,0,0,0,0,0,0.0,48,2.466368838213384,3.4364182502031326,4.77018766105175,0,96
candidate,20260892,2,0,-17.0,4.0,0,0,1,9,0,0,0,0.0,35,2.437321043440274,3.31750456243753,5.738683044910431,0,70
candidate,20260892,3,0,-17.0,4.0,0,0,1,9,0,0,0,0.041666666666666664,48,2.2402802327026925,2.777453977614641,2.965552732348442,0,96
candidate,20260893,0,3,-8.0,2.5,0,0,0,0,0,0,0,0.04838709677419355,62,2.3349640109846668,2.8699672780930996,4.835030063986778,0,124
candidate,20260893,1,3,-16.0,4.0,0,0,1,8,0,0,0,0.0,34,2.621472758405349,4.0114580653607845,4.109546542167664,0,68
candidate,20260893,2,3,32.0,1.0,1,0,0,0,0,0,0,0.03225806451612903,62,2.2282612720324146,2.8570620343089095,3.8488972932100296,0,124
candidate,20260893,3,3,-8.0,2.5,0,0,0,0,0,0,0,0.03225806451612903,62,2.1948361949574564,2.581055276095867,2.766881138086319,0,124
candidate,20260894,0,1,48.0,1.0,1,0,0,0,0,0,0,0.0,22,2.3085700178688224,2.7544118463993073,2.760186791419983,0,44
candidate,20260894,1,1,-32.0,4.0,0,0,1,24,0,0,0,0.07692307692307693,26,2.246295388501424,2.611327450722456,3.039250150322914,0,52
candidate,20260894,2,1,-8.0,2.5,0,0,0,0,0,0,0,0.0,26,2.238255782196155,2.814600709825754,2.869442105293274,0,52
candidate,20260894,3,1,-8.0,2.5,0,0,0,0,0,0,0,0.0,26,2.3102364861048184,3.1575593166053295,3.6010239273309708,0,52
candidate,20260895,0,1,-8.0,2.5,0,0,0,0,0,0,0,0.04,50,2.3245352134108543,2.789594605565071,4.126476123929024,0,100
candidate,20260895,1,1,-19.0,4.0,0,0,1,11,0,0,0,0.023809523809523808,42,2.252534253611451,2.6692195795476437,2.7235522866249084,0,84
candidate,20260895,2,1,-27.0,3.0,0,0,0,0,0,0,0,0.0,56,2.250248333439231,2.8164125978946686,2.8701331466436386,0,113
candidate,20260895,3,1,35.0,1.0,1,0,0,0,0,0,0,0.06818181818181818,44,2.18446823683652,2.653574757277966,2.937721088528633,0,88
candidate,20260896,0,2,34.0,1.0,1,0,0,0,0,0,0,0.075,40,2.2870022803545,2.620073221623897,4.342513158917427,0,80
candidate,20260896,1,2,-8.0,2.5,0,0,0,0,0,0,0,0.025,40,2.2552105132490396,2.7080966159701347,3.2666847109794617,0,80
candidate,20260896,2,2,-32.0,3.0,0,0,0,0,0,0,0,0.017543859649122806,57,2.2721637301800546,2.7558691799640656,3.1746309250593185,0,116
candidate,20260896,3,2,-8.0,2.5,0,0,0,0,0,0,0,0.020833333333333332,48,2.234129118733108,2.720467559993267,3.7785861641168594,0,97
candidate,20260897,0,1,-16.0,4.0,0,0,1,8,0,0,0,0.0,29,2.299776493475355,2.7985796332359314,2.8220731765031815,0,58
candidate,20260897,1,1,32.0,1.0,1,0,0,0,0,0,0,0.034482758620689655,29,2.3640180327768983,3.0522003769874573,3.2488442957401276,0,58
candidate,20260897,2,1,-8.0,2.5,0,0,0,0,0,0,0,0.034482758620689655,29,2.2061318801394822,2.55013108253479,2.6601944118738174,0,58
candidate,20260897,3,1,-8.0,2.5,0,0,0,0,0,0,0,0.06896551724137931,29,2.2250273875121414,2.6733051985502243,2.709217369556427,0,58
candidate,20260898,0,1,-16.0,4.0,0,0,1,8,0,0,0,0.0,63,2.5163041575560494,3.638048842549324,3.755750134587288,0,126
candidate,20260898,1,1,-8.0,2.5,0,0,0,0,0,0,0,0.034482758620689655,29,2.2923418417059143,2.9288887977600093,3.0169785022735596,0,58
candidate,20260898,2,1,0.0,2.5,0,0,0,0,0,1,1,0.011627906976744186,86,2.2743380693502204,2.7455799281597137,3.573670983314514,0,172
candidate,20260898,3,1,-8.0,2.5,0,0,0,0,0,0,0,0.019230769230769232,52,2.2133819114130278,2.6152387261390686,2.6473961770534515,0,104
candidate,20260899,0,3,-8.0,2.5,0,0,0,0,0,0,0,0.02040816326530612,49,2.2876879238352483,2.647516131401062,2.8525684028863907,0,98
candidate,20260899,1,3,-19.0,4.0,0,0,1,11,0,0,0,0.02040816326530612,49,2.390591275631165,3.275530412793159,3.5032127052545547,0,98
candidate,20260899,2,3,35.0,1.0,1,0,0,0,0,0,0,0.0,49,2.3915581785294475,3.3890604972839355,3.8318391889333725,0,98
candidate,20260899,3,3,-19.0,4.0,0,0,1,11,0,0,0,0.022727272727272728,44,2.2260052659972147,2.700989041477442,2.7223117649555206,0,88
candidate,20260900,0,1,-20.0,3.0,0,0,0,0,0,0,0,0.05,20,2.318999543786049,2.7718134224414825,2.812158316373825,0,41
candidate,20260900,1,1,60.0,1.0,1,1,0,0,0,0,0,0.09523809523809523,21,2.19253832030864,2.497240900993347,2.5774482637643814,0,41
candidate,20260900,2,1,-20.0,3.0,0,0,0,0,0,0,0,0.0,20,2.2850358858704567,2.890352066606283,2.9953885823488235,0,41
candidate,20260900,3,1,-20.0,3.0,0,0,0,0,0,0,0,0.0,20,2.2585934959352016,2.9335246421396732,2.9406752437353134,0,41
candidate,20260901,0,0,60.0,1.0,1,1,0,0,0,0,0,0.023809523809523808,42,2.350202805939175,3.1152549199759956,3.294367343187332,0,83
candidate,20260901,1,0,-20.0,3.0,0,0,0,0,0,0,0,0.045454545454545456,44,2.2741149348968808,2.797417156398297,3.9728153496980667,0,89
candidate,20260901,2,0,-22.0,3.0,0,0,0,0,0,0,0,0.04,50,2.3048535361886024,2.7311048470437527,4.384586587548256,0,101
candidate,20260901,3,0,-20.0,3.0,0,0,0,0,0,0,0,0.024390243902439025,41,2.3089721344593093,2.986803650856018,3.3779144287109375,0,83
candidate,20260902,0,2,-19.0,3.0,0,0,0,0,0,0,0,0.045454545454545456,22,2.3181148042733017,2.83451359719038,2.8480682522058487,0,45
candidate,20260902,1,2,-19.0,4.0,0,0,1,11,0,0,0,0.045454545454545456,22,2.3086091334169563,2.6965915225446224,3.601290285587311,0,44
candidate,20260902,2,2,57.0,1.0,1,1,0,0,0,0,0,0.043478260869565216,23,2.238872906436091,2.8648333624005318,2.866031602025032,0,45
candidate,20260902,3,2,-19.0,3.0,0,0,0,0,0,0,0,0.0,22,2.3011797192421826,3.0146608129143715,3.411887213587761,0,45
candidate,20260903,0,2,-8.0,2.5,0,0,0,0,0,0,0,0.012345679012345678,81,2.34155980065281,2.8060339391231537,3.9771534502506256,0,163
candidate,20260903,1,2,51.0,1.0,1,1,0,0,0,0,0,0.023529411764705882,85,2.266955178450136,2.7772635221481323,3.0949898064136505,0,170
candidate,20260903,2,2,-18.0,4.0,0,0,1,10,0,0,0,0.024096385542168676,83,2.246218161231064,2.7305496856570235,3.1593237072229385,0,167
candidate,20260903,3,2,-8.0,2.5,0,0,0,0,0,0,0,0.036585365853658534,82,2.2529305708481044,2.770690619945526,3.803027793765068,0,163
candidate,20260904,0,0,-16.0,4.0,0,0,1,8,0,0,0,0.0,40,2.416540775448084,3.069252148270607,3.5294201225042343,0,80
candidate,20260904,1,0,10.0,2.0,0,0,0,0,0,0,0,0.0,73,2.3136191478330796,2.946653589606285,2.995060756802559,1,147
candidate,20260904,2,0,-18.0,4.0,0,0,1,10,0,0,0,0.025,80,2.2917475551366806,3.124372288584709,3.4436434507369995,0,159
candidate,20260904,3,0,-8.0,2.5,0,0,0,0,0,0,0,0.05,40,2.195659698918462,2.5851661339402194,2.7414578944444656,0,80
candidate,20260905,0,3,44.0,1.0,1,0,0,0,0,0,0,0.03333333333333333,30,2.3673404629031816,2.941504400223493,3.2351892441511154,0,60
candidate,20260905,1,3,-8.0,2.5,0,0,0,0,0,0,0,0.03296703296703297,91,2.230235917882605,2.6366105303168297,2.8679389506578445,0,182
candidate,20260905,2,3,-8.0,2.5,0,0,0,0,0,0,0,0.0,30,2.2475125888983407,2.867650054395199,2.9008518904447556,0,60
candidate,20260905,3,3,-8.0,2.5,0,0,0,0,0,0,0,0.06666666666666667,30,2.2200403114159903,2.773774042725563,2.803560346364975,0,60
candidate,20260906,0,2,49.0,1.0,1,0,0,0,0,0,0,0.0,30,2.357280751069387,2.8739158995449543,2.9016099870204926,0,60
candidate,20260906,1,2,40.0,1.0,1,0,0,0,0,0,0,0.0,37,2.2632785745569177,2.790548652410507,2.792729064822197,0,74
candidate,20260906,2,2,34.0,1.0,1,0,0,0,0,0,0,0.045454545454545456,44,2.257524523884058,2.9428748413920403,3.1439829617738724,0,88
candidate,20260906,3,2,-8.0,2.5,0,0,0,0,0,0,0,0.0,30,2.235701742271582,2.8000231832265854,2.8056204319000244,0,60
candidate,20260907,0,1,44.0,1.0,1,0,0,0,0,0,0,0.06,50,2.3528919741511345,2.6882280595600596,5.669975653290749,0,100
candidate,20260907,1,1,-8.0,2.5,0,0,0,0,0,0,0,0.058823529411764705,51,2.1916887193333867,2.558961510658264,2.7442481368780136,0,102
candidate,20260907,2,1,-8.0,2.5,0,0,0,0,0,0,0,0.0196078431372549,51,2.330045453181454,2.9543377459049225,6.3550639897584915,0,102
candidate,20260907,3,1,-28.0,4.0,0,0,1,20,0,0,0,0.02,50,2.2282471135258675,2.7449491433799267,2.8067566454410553,0,100
candidate,20260908,0,1,-8.0,2.5,0,0,0,0,0,0,0,0.0,79,2.4032062980570372,3.181201964616775,3.745684400200844,0,158
candidate,20260908,1,1,-19.0,4.0,0,0,1,11,0,0,0,0.0379746835443038,79,2.3153808580923685,2.9701141640543933,3.626156598329544,0,158
candidate,20260908,2,1,-33.0,4.0,0,0,1,25,0,0,0,0.02857142857142857,70,2.2600081084030017,2.729250304400921,5.392845720052719,0,140
candidate,20260908,3,1,35.0,1.0,1,0,0,0,0,0,0,0.03125,64,2.248380158562213,2.718562912195921,4.77171503007412,0,128
candidate,20260909,0,0,33.0,1.0,1,0,0,0,0,0,0,0.06666666666666667,45,2.2643185738060208,2.7314800769090652,2.79177725315094,0,90
candidate,20260909,1,0,-8.0,2.5,0,0,0,0,0,0,0,0.022222222222222223,45,2.2382824785179563,2.6733428239822388,2.7626194059848785,0,90
candidate,20260909,2,0,-17.0,4.0,0,0,1,9,0,0,0,0.06,50,2.219630740582943,2.7904017828404903,2.829812467098236,0,100
candidate,20260909,3,0,-8.0,2.5,0,0,0,0,0,0,0,0.06666666666666667,45,2.2369793719715543,2.7646388858556747,3.5172738134860992,0,90
candidate,20260910,0,2,-21.0,3.0,0,0,0,0,0,0,0,0.0,38,2.340741357521007,2.9105113819241524,3.056725487112999,0,77
candidate,20260910,1,2,-21.0,3.0,0,0,0,0,0,0,0,0.02631578947368421,38,2.340783218019887,2.834936510771513,5.546847358345985,0,77
candidate,20260910,2,2,48.0,1.0,1,0,0,0,0,0,0,0.0,46,2.2556509660637896,2.827521413564682,3.1091663986444473,0,92
candidate,20260910,3,2,-21.0,3.0,0,0,0,0,0,0,0,0.0,40,2.2403344977647066,2.791744936257601,2.8149355202913284,0,81
candidate,20260911,0,1,-8.0,2.5,0,0,0,0,0,0,0,0.0,52,2.4046185426414013,3.174926433712244,3.404363989830017,0,104
candidate,20260911,1,1,34.0,1.0,1,0,0,0,0,0,0,0.057692307692307696,52,2.1965311696896186,2.606863621622323,2.7613788843154907,0,104
candidate,20260911,2,1,-8.0,2.5,0,0,0,0,0,0,0,0.030303030303030304,33,2.2886079933607215,2.6851721107959747,5.049288272857666,0,66
candidate,20260911,3,1,-18.0,4.0,0,0,1,10,0,0,0,0.0,52,2.3237026941317778,3.1254456378519535,3.159528598189354,0,104
candidate,20260912,0,0,-17.0,4.0,0,0,1,9,0,0,0,0.023255813953488372,43,2.3731752190479014,3.160700760781765,3.211025148630142,0,86
candidate,20260912,1,0,-8.0,2.5,0,0,0,0,0,0,0,0.023809523809523808,42,2.490058984784853,3.519592434167861,4.925427958369255,0,84
candidate,20260912,2,0,-20.0,3.0,0,0,0,0,0,0,0,0.02,50,2.2518550977110863,2.7740291319787502,2.8487537056207657,0,101
candidate,20260912,3,0,-8.0,2.5,0,0,0,0,0,0,0,0.0,43,2.4245824924735135,3.219207376241684,6.711617112159729,0,86
candidate,20260913,0,0,66.0,1.0,1,1,0,0,0,0,0,0.05263157894736842,38,2.2556940093636513,2.706998772919178,2.941049635410309,0,75
candidate,20260913,1,0,-22.0,3.0,0,0,0,0,0,0,0,0.05405405405405406,37,2.241934121057794,2.719579637050628,2.913501113653183,0,75
candidate,20260913,2,0,-22.0,3.0,0,0,0,0,0,0,0,0.08108108108108109,37,2.2028065915848756,2.6739362627267833,2.7759280055761337,0,75
candidate,20260913,3,0,-22.0,3.0,0,0,0,0,0,0,0,0.0,37,2.3539416693352364,3.245009109377861,3.3382996916770935,0,75
candidate,20260914,0,3,33.0,1.0,1,0,0,0,0,0,0,0.0410958904109589,73,2.293000329438954,2.792126312851906,4.5828670263290405,0,146
candidate,20260914,1,3,-8.0,2.5,0,0,0,0,0,0,0,0.03389830508474576,59,2.3017745086197126,2.880609966814518,4.305679351091385,0,118
candidate,20260914,2,3,-8.0,2.5,0,0,0,0,0,0,0,0.03389830508474576,59,2.26617115155115,2.788296528160572,4.3589044362306595,0,118
candidate,20260914,3,3,-8.0,2.5,0,0,0,0,0,0,0,0.01694915254237288,59,2.2446921695086917,2.806469984352588,2.999221906065941,0,118
candidate,20260915,0,1,0.0,2.5,0,0,0,0,0,1,1,0.0,82,2.4909263295007915,3.4466161392629147,4.93830069899559,0,164
candidate,20260915,1,1,0.0,2.5,0,0,0,0,0,1,0,0.012195121951219513,82,2.2885262875295265,2.853080537170172,3.1921807676553726,0,164
candidate,20260915,2,1,-28.0,4.0,0,0,1,20,0,0,0,0.015384615384615385,65,2.2521303250239444,2.7280472218990326,3.596978262066841,0,130
candidate,20260915,3,1,0.0,2.5,0,0,0,0,0,1,1,0.036585365853658534,82,2.260744003806172,2.832505200058222,5.449419841170311,0,164
candidate,20260916,0,0,38.0,1.0,1,0,0,0,0,0,0,0.0425531914893617,47,2.244743855392679,2.5530770421028137,2.838054671883583,0,94
candidate,20260916,1,0,-23.0,4.0,0,0,1,15,0,0,0,0.024390243902439025,41,2.3937437047318713,3.4394338726997375,5.215499550104141,0,82
candidate,20260916,2,0,-8.0,2.5,0,0,0,0,0,0,0,0.0975609756097561,41,2.215561479693506,2.7497150003910065,2.806413918733597,0,82
candidate,20260916,3,0,-8.0,2.5,0,0,0,0,0,0,0,0.024390243902439025,41,2.2266889218150117,2.7607176452875137,2.7773063629865646,0,82
candidate,20260917,0,1,-8.0,2.5,0,0,0,0,0,0,0,0.02127659574468085,47,2.2841368187615214,2.7373231947422023,2.816503867506981,0,94
candidate,20260917,1,1,-8.0,2.5,0,0,0,0,0,0,0,0.014925373134328358,67,2.29378920326482,2.7856817469000816,6.221657618880272,0,134
candidate,20260917,2,1,39.0,1.0,1,0,0,0,0,0,0,0.03636363636363636,55,2.36425403166901,3.0938917770981775,3.5771336406469345,0,110
candidate,20260917,3,1,-17.0,4.0,0,0,1,9,0,0,0,0.04081632653061224,49,2.4523972248544497,3.4414239227771715,6.643675267696381,0,98
candidate,20260918,0,1,-8.0,2.5,0,0,0,0,0,0,0,0.045454545454545456,44,2.294280312278054,2.8029905632138252,2.978881821036339,0,88
candidate,20260918,1,1,66.0,1.0,1,1,0,0,0,0,0,0.05714285714285714,35,2.2165604467902864,2.5922538712620735,2.69286148250103,0,69
candidate,20260918,2,1,-8.0,2.5,0,0,0,0,0,0,0,0.02040816326530612,49,2.3322755052727095,3.157759085297583,3.7035811692476273,0,98
candidate,20260918,3,1,-22.0,3.0,0,0,0,0,0,0,0,0.0,34,2.294951118528843,2.9936635866761208,3.0480362474918365,0,69
candidate,20260919,0,0,66.0,1.0,1,1,0,0,0,0,0,0.05405405405405406,37,2.2410089905197554,2.7057114988565445,2.718741074204445,0,74
candidate,20260919,1,0,-21.0,4.0,0,0,1,13,0,0,0,0.023809523809523808,42,2.333735381918294,2.9740621335804462,3.1525585800409317,0,85
candidate,20260919,2,0,-8.0,2.5,0,0,0,0,0,0,0,0.023255813953488372,43,2.2201192413651665,2.6527859270572662,2.6988014578819275,0,85
candidate,20260919,3,0,-8.0,2.5,0,0,0,0,0,0,0,0.023809523809523808,42,2.2284178772852536,2.7922195382416244,2.865426242351532,0,85
candidate,20260920,0,2,36.0,1.0,1,0,0,0,0,0,0,0.03571428571428571,28,2.319420155669962,2.8934516943991184,3.472752869129181,0,56
candidate,20260920,1,2,-8.0,2.5,0,0,0,0,0,0,0,0.03333333333333333,30,2.312514123817285,2.9424216598272324,2.9920823872089386,0,60
candidate,20260920,2,2,-8.0,2.5,0,0,0,0,0,0,0,0.0,28,2.2406125042055334,2.7679895982146263,2.7961768209934235,0,56
candidate,20260920,3,2,-20.0,4.0,0,0,1,12,0,0,0,0.0,28,2.229428450976099,2.743972185999155,2.7523431926965714,0,56
candidate,20260921,0,1,-8.0,2.5,0,0,0,0,0,0,0,0.0,52,2.4094228417827535,3.2570883631706224,3.8340166211128235,0,104
candidate,20260921,1,1,-34.0,4.0,0,0,1,26,0,0,0,0.04081632653061224,49,2.205561390336679,2.5712016969919205,2.7341190725564957,0,98
candidate,20260921,2,1,36.0,1.0,1,0,0,0,0,0,0,0.0,51,2.311015976410286,2.9972651973366737,3.072412684559822,0,102
candidate,20260921,3,1,0.0,2.5,0,0,0,0,0,1,1,0.0,86,2.354036128624927,3.2798401080071926,3.429519012570381,0,172
candidate,20260922,0,0,37.0,1.0,1,0,0,0,0,0,0,0.0,62,2.3741126661339114,3.061617072671652,3.245178610086441,0,124
candidate,20260922,1,0,-8.0,2.5,0,0,0,0,0,0,0,0.04838709677419355,62,2.1915872010492508,2.5378433987498283,2.5552548468112946,0,124
candidate,20260922,2,0,33.0,1.0,1,0,0,0,0,0,0,0.05084745762711865,59,2.2319101933705605,2.7214072644710536,2.8371810913085938,0,118
candidate,20260922,3,0,-17.0,4.0,0,0,1,9,0,0,0,0.016129032258064516,62,2.2534580841179817,2.818333823233843,2.865811809897423,0,124
candidate,20260923,0,1,-8.0,2.5,0,0,0,0,0,0,0,0.017241379310344827,58,2.31677213491037,2.7312709018588066,2.998257055878639,0,116
candidate,20260923,1,1,-19.0,4.0,0,0,1,11,0,0,0,0.017241379310344827,58,2.321085571471987,2.955007739365101,3.1229667365550995,0,116
candidate,20260923,2,1,-17.0,4.0,0,0,1,9,0,0,0,0.0,47,2.2861094392360526,2.868175506591797,2.8953589498996735,0,94
candidate,20260923,3,1,35.0,1.0,1,0,0,0,0,0,0,0.0,58,2.3195246106077887,3.1188623048365116,3.3138468861579895,0,116
candidate,20260924,0,2,54.0,1.0,1,1,0,0,0,0,0,0.027777777777777776,36,2.2733029392030506,2.7879062108695507,2.8641801327466965,0,71
candidate,20260924,1,2,-18.0,3.0,0,0,0,0,0,0,0,0.029411764705882353,34,2.286021214197664,2.8568563982844353,2.984091639518738,0,69
candidate,20260924,2,2,-18.0,3.0,0,0,0,0,0,0,0,0.05714285714285714,35,2.232179950390543,2.811351232230663,2.9839538037776947,0,71
candidate,20260924,3,2,-18.0,3.0,0,0,0,0,0,0,0,0.0,35,2.261987860713686,2.963036485016346,3.1901132315397263,0,71
candidate,20260925,0,3,-18.0,4.0,0,0,1,10,0,0,0,0.07317073170731707,41,2.2322889417409897,2.5360994040966034,2.776099368929863,0,82
candidate,20260925,1,3,37.0,1.0,1,0,0,0,0,0,0,0.08571428571428572,35,2.3319507283823833,2.892452292144298,4.8897359520196915,0,70
candidate,20260925,2,3,-17.0,4.0,0,0,1,9,0,0,0,0.06666666666666667,30,2.3309710125128427,2.6155256666243076,5.081711336970329,0,60
candidate,20260925,3,3,-8.0,2.5,0,0,0,0,0,0,0,0.022727272727272728,44,2.267031168395823,2.8651020489633083,4.39806841313839,0,88
candidate,20260926,0,1,-17.0,4.0,0,0,1,9,0,0,0,0.03125,32,2.4095266708172858,2.8859300538897514,4.629608243703842,0,64
candidate,20260926,1,1,-17.0,3.0,0,0,0,0,0,0,0,0.07692307692307693,39,2.192545156830396,2.535722404718399,2.757051959633827,0,79
candidate,20260926,2,1,33.0,1.0,1,0,0,0,0,0,0,0.03125,32,2.2346132900565863,2.681844774633646,2.9740631580352783,0,64
candidate,20260926,3,1,-8.0,2.5,0,0,0,0,0,0,0,0.0,32,2.250806719530374,2.7510550804436207,2.7613937854766846,0,64
candidate,20260927,0,2,-8.0,2.5,0,0,0,0,0,0,0,0.0,68,2.4290153592386665,3.120248205959797,3.640390932559967,0,136
candidate,20260927,1,2,-8.0,2.5,0,0,0,0,0,0,0,0.03125,64,2.2535141033586115,2.6974369771778584,3.6462079733610153,0,128
candidate,20260927,2,2,35.0,1.0,1,0,0,0,0,0,0,0.015625,64,2.319026185432449,3.063800558447838,3.352697938680649,0,128
candidate,20260927,3,2,33.0,1.0,1,0,0,0,0,0,0,0.02857142857142857,70,2.2239715393100465,2.794599160552025,2.9747840017080307,0,140
candidate,20260928,0,0,63.0,1.0,1,1,0,0,0,0,0,0.014084507042253521,71,2.278662221112721,2.6921890676021576,2.7754809707403183,0,141
candidate,20260928,1,0,-8.0,2.5,0,0,0,0,0,0,0,0.04918032786885246,61,2.2340483169575207,2.6807840913534164,2.9963739216327667,0,122
candidate,20260928,2,0,-20.0,4.0,0,0,1,12,0,0,0,0.017543859649122806,57,2.2586457954164136,2.855009213089943,2.968084067106247,0,114
candidate,20260928,3,0,-18.0,3.0,0,0,0,0,0,0,0,0.016666666666666666,60,2.232841681689024,2.738338802009821,2.854127436876297,0,121
candidate,20260929,0,3,-8.0,2.5,0,0,0,0,0,0,0,0.016129032258064516,62,2.2930063066943998,2.75686988607049,2.8050951659679413,0,124
candidate,20260929,1,3,-8.0,2.5,0,0,0,0,0,0,0,0.0,62,2.3493851504979597,3.209983929991722,3.2826848328113556,0,124
candidate,20260929,2,3,0.0,2.5,0,0,0,0,0,1,1,0.022988505747126436,87,2.2146322218508554,2.704287506639958,2.8914734721183777,0,174
candidate,20260929,3,3,-17.0,4.0,0,0,1,9,0,0,0,0.0,62,2.387294005001745,3.343108482658863,3.4463852643966675,0,124
candidate,20260930,0,3,-16.0,4.0,0,0,1,8,0,0,0,0.0,60,2.4604755143324533,3.487682156264782,3.909500315785408,0,120
candidate,20260930,1,3,-19.0,4.0,0,0,1,11,0,0,0,0.04,25,2.279469221830368,2.7895528823137283,2.853497862815857,0,50
candidate,20260930,2,3,-17.0,4.0,0,0,1,9,0,0,0,0.0196078431372549,51,2.2299725781468784,2.768450416624546,2.8559360653162003,0,102
candidate,20260930,3,3,-17.0,4.0,0,0,1,9,0,0,0,0.045454545454545456,44,2.2389638152989475,2.812415733933449,2.8668399900197983,0,88
candidate,20260931,0,1,48.0,1.0,1,1,0,0,0,0,0,0.0,42,2.3307479651910916,2.9115568846464157,3.2899994403123856,0,83
candidate,20260931,1,1,-21.0,3.0,0,0,0,0,0,0,0,0.044444444444444446,45,2.2125540922085443,2.6130348443984985,2.8039440512657166,0,91
candidate,20260931,2,1,-21.0,3.0,0,0,0,0,0,0,0,0.06666666666666667,45,2.1863219224744372,2.5500979274511337,2.7484558522701263,0,91
candidate,20260931,3,1,-22.0,4.0,0,0,1,14,0,0,0,0.013157894736842105,76,2.2996186621879278,3.063490614295006,3.3120159059762955,0,152
candidate,20260932,0,0,-8.0,2.5,0,0,0,0,0,0,0,0.0,39,2.415087933723743,3.2068807631731033,3.301085904240608,0,78
candidate,20260932,1,0,-8.0,2.5,0,0,0,0,0,0,0,0.05,40,2.254039840772748,2.784773893654346,3.50060872733593,0,80
candidate,20260932,2,0,-21.0,4.0,0,0,1,13,0,0,0,0.0,39,2.2752005129288406,2.8785936534404755,2.9016248881816864,0,78
candidate,20260932,3,0,-8.0,2.5,0,0,0,0,0,0,0,0.05128205128205128,39,2.1714301158984504,2.549361437559128,2.667304128408432,0,78
candidate,20260933,0,3,0.0,2.5,0,0,0,0,0,1,0,0.023809523809523808,84,2.287023944691533,2.7437704615294933,2.8512347489595413,0,168
candidate,20260933,1,3,-20.0,4.0,0,0,1,12,0,0,0,0.04878048780487805,41,2.213407444154344,2.616550773382187,2.6194248348474503,0,82
candidate,20260933,2,3,-8.0,2.5,0,0,0,0,0,0,0,0.037037037037037035,54,2.237075974267942,2.867040876299143,2.9423069208860397,0,108
candidate,20260933,3,3,-8.0,2.5,0,0,0,0,0,0,0,0.023809523809523808,42,2.223447408704531,2.709873393177986,2.832287922501564,0,84
candidate,20260934,0,0,48.0,1.0,1,1,0,0,0,0,0,0.022222222222222223,45,2.299737102455563,2.70371213555336,3.9594080299139023,0,89
candidate,20260934,1,0,-19.0,4.0,0,0,1,11,0,0,0,0.027777777777777776,72,2.2754778102454214,2.615971118211746,6.26835972070694,0,144
candidate,20260934,2,0,-36.0,3.0,0,0,0,0,0,0,0,0.0,81,2.4166948587438206,3.437919542193413,3.796728327870369,0,163
candidate,20260934,3,0,-16.0,3.0,0,0,0,0,0,0,0,0.0,46,2.3839699266397436,3.1342115253210068,5.444271489977837,0,93
candidate,20260935,0,3,-8.0,2.5,0,0,0,0,0,0,0,0.02564102564102564,39,2.2772797502768345,2.7050696313381195,2.7594026178121567,0,78
candidate,20260935,1,3,49.0,1.0,1,0,0,0,0,0,0,0.0,39,2.389300280274489,3.192788362503052,3.4667719155550003,0,78
candidate,20260935,2,3,-8.0,2.5,0,0,0,0,0,0,0,0.02564102564102564,39,2.265261868253732,2.7072522789239883,4.200100898742676,0,78
candidate,20260935,3,3,-33.0,4.0,0,0,1,25,0,0,0,0.05128205128205128,39,2.229327144913184,2.9257260262966156,3.0046869069337845,0,78
candidate,20260936,0,0,-31.0,3.0,0,0,0,0,0,0,0,0.0,39,2.298476843115611,2.76617668569088,2.78485007584095,0,79
candidate,20260936,1,0,-31.0,3.0,0,0,0,0,0,0,0,0.0,39,2.3136412581572166,2.883593551814556,2.9210541397333145,0,79
candidate,20260936,2,0,-31.0,3.0,0,0,0,0,0,0,0,0.0,39,2.3397071621356864,3.111439570784569,3.440799191594124,0,79
candidate,20260936,3,0,93.0,1.0,1,1,0,0,0,0,0,0.0,40,2.3415123578161,3.302570059895514,3.739435225725174,0,79
candidate,20260937,0,0,-16.0,3.0,0,0,0,0,0,0,0,0.0625,32,2.2812660317867994,2.8207603842020035,2.966077998280525,0,65
candidate,20260937,1,0,48.0,1.0,1,1,0,0,0,0,0,0.09090909090909091,33,2.2044499602281684,2.6249095797538757,2.7981363236904144,0,65
candidate,20260937,2,0,-16.0,3.0,0,0,0,0,0,0,0,0.058823529411764705,34,2.2696564521859672,2.7140491642057896,2.7890000492334366,0,69
candidate,20260937,3,0,-16.0,3.0,0,0,0,0,0,0,0,0.0,28,2.373711139495884,3.363979235291481,3.41065414249897,0,57
candidate,20260938,0,3,-8.0,2.5,0,0,0,0,0,0,0,0.037037037037037035,27,2.3655819672125356,3.000541031360626,3.344457596540451,0,54
candidate,20260938,1,3,-8.0,2.5,0,0,0,0,0,0,0,0.037037037037037035,27,2.3325895545659243,3.028806857764721,3.100879490375519,0,54
candidate,20260938,2,3,-18.0,4.0,0,0,1,10,0,0,0,0.0,27,2.2873633575660213,2.9027510434389114,2.9210038483142853,0,54
candidate,20260938,3,3,34.0,1.0,1,0,0,0,0,0,0,0.037037037037037035,27,2.276023711871218,2.9275119304656982,3.197304904460907,0,54
candidate,20260939,0,3,-19.0,3.0,0,0,0,0,0,0,0,0.021739130434782608,46,2.2838804060998172,2.78309965506196,2.8158817440271378,0,93
candidate,20260939,1,3,-19.0,3.0,0,0,0,0,0,0,0,0.08695652173913043,46,2.2799420453931973,2.700492739677429,3.100752830505371,0,93
candidate,20260939,2,3,57.0,1.0,1,1,0,0,0,0,0,0.0425531914893617,47,2.229788400074269,2.623733878135681,2.770794555544853,0,93
candidate,20260939,3,3,-19.0,3.0,0,0,0,0,0,0,0,0.0,46,2.3789398129219594,3.2715536653995514,3.3711791038513184,0,93
candidate,20260940,0,2,-20.0,3.0,0,0,0,0,0,0,0,0.0,26,2.3357120987314444,2.778011839836836,3.2005682587623596,0,53
candidate,20260940,1,2,-18.0,3.0,0,0,0,0,0,0,0,0.0,30,2.467047361036142,3.464831132441759,3.674456849694252,0,61
candidate,20260940,2,2,54.0,1.0,1,1,0,0,0,0,0,0.05714285714285714,35,2.262482845357486,2.8678175061941147,3.382079303264618,0,69
candidate,20260940,3,2,-20.0,3.0,0,0,0,0,0,0,0,0.0,26,2.300117523051225,2.8296206146478653,3.387603908777237,0,53
candidate,20260941,0,1,-17.0,4.0,0,0,1,9,0,0,0,0.043478260869565216,23,2.349044803691947,2.980823814868927,2.995351329445839,0,46
candidate,20260941,1,1,-8.0,2.5,0,0,0,0,0,0,0,0.034482758620689655,29,2.3073288772640557,2.943748608231544,3.6942996084690094,0,58
candidate,20260941,2,1,-8.0,2.5,0,0,0,0,0,0,0,0.047619047619047616,42,2.26469546379078,2.916089817881584,3.0310340225696564,0,84
candidate,20260941,3,1,39.0,1.0,1,0,0,0,0,0,0,0.047619047619047616,42,2.1953184512399493,2.531720232218504,2.5615189224481583,0,84
candidate,20260942,0,2,-18.0,4.0,0,0,1,10,0,0,0,0.0,42,2.6217993969718614,4.099262878298759,4.504464566707611,0,84
candidate,20260942,1,2,34.0,1.0,1,0,0,0,0,0,0,0.023809523809523808,42,2.3028611959446046,2.8947307728230944,3.1949784606695175,0,84
candidate,20260942,2,2,-8.0,2.5,0,0,0,0,0,0,0,0.023809523809523808,42,2.289988100528717,3.1278438866138445,3.3155418932437897,0,84
candidate,20260942,3,2,-8.0,2.5,0,0,0,0,0,0,0,0.023809523809523808,42,2.311893827503636,2.9961965046823025,3.1400565057992935,0,84
candidate,20260943,0,3,-8.0,2.5,0,0,0,0,0,0,0,0.022727272727272728,44,2.293603325431997,2.671889029443264,2.7810856699943542,0,88
candidate,20260943,1,3,-8.0,2.5,0,0,0,0,0,0,0,0.030303030303030304,33,3.0426140874624252,4.737230390310287,5.4788365960121155,0,66
candidate,20260943,2,3,-16.0,4.0,0,0,1,8,0,0,0,0.030303030303030304,33,2.269995314153758,2.8109438717365265,2.9293056577444077,0,66
candidate,20260943,3,3,32.0,1.0,1,0,0,0,0,0,0,0.06060606060606061,33,2.2085205736485394,2.6595674455165863,2.7457475662231445,0,66
candidate,20260944,0,3,-23.0,3.0,0,0,0,0,0,0,0,0.047619047619047616,21,2.3000678491024744,2.8172656893730164,2.8333738446235657,0,43
candidate,20260944,1,3,-23.0,3.0,0,0,0,0,0,0,0,0.09523809523809523,21,2.4267518449397314,2.9058828949928284,3.2419059425592422,0,43
candidate,20260944,2,3,69.0,1.0,1,1,0,0,0,0,0,0.0,22,2.279070375317877,2.946246974170208,3.2409951090812683,0,43
candidate,20260944,3,3,-23.0,3.0,0,0,0,0,0,0,0,0.0,21,2.1925953527291617,2.760525792837143,2.8148218989372253,0,43
candidate,20260945,0,1,-8.0,2.5,0,0,0,0,0,0,0,0.0,29,2.326383480224116,2.866043895483017,2.9742084443569183,0,58
candidate,20260945,1,1,-16.0,4.0,0,0,1,8,0,0,0,0.05128205128205128,39,2.345268638470234,3.058517351746559,3.193691372871399,0,78
candidate,20260945,2,1,-8.0,2.5,0,0,0,0,0,0,0,0.05128205128205128,39,2.2591706842948227,3.031170181930065,3.0640922486782074,0,78
candidate,20260945,3,1,35.0,1.0,1,0,0,0,0,0,0,0.06666666666666667,30,2.1699206282695136,2.5344274006783962,2.5908462703227997,0,60
candidate,20260946,0,2,-16.0,4.0,0,0,1,8,0,0,0,0.043478260869565216,69,2.2705120938843577,2.544249966740608,3.4562554210424423,0,138
candidate,20260946,1,2,-18.0,4.0,0,0,1,10,0,0,0,0.030303030303030304,66,2.250359111437292,2.7308515273034573,4.311436787247658,0,132
candidate,20260946,2,2,-8.0,2.5,0,0,0,0,0,0,0,0.0,66,2.5817362986730807,3.9507714100182056,6.317039951682091,0,132
candidate,20260946,3,2,0.0,2.5,0,0,0,0,0,1,1,0.02197802197802198,91,2.245550893329002,2.7062203735113144,3.4720730036497116,0,182
candidate,20260947,0,0,-23.0,4.0,0,0,1,15,0,0,0,0.041666666666666664,48,2.2548527534430227,2.5388645008206367,2.8388090431690216,0,96
candidate,20260947,1,0,-8.0,2.5,0,0,0,0,0,0,0,0.020833333333333332,48,2.276554509686927,2.845127321779728,2.8987471014261246,0,96
candidate,20260947,2,0,57.0,1.0,1,1,0,0,0,0,0,0.0,46,2.3319923683353094,3.1505576334893703,3.302827477455139,0,91
candidate,20260947,3,0,-8.0,2.5,0,0,0,0,0,0,0,0.0,48,2.2423096233978868,2.7556433342397213,2.815423533320427,0,96
candidate,20260948,0,3,-8.0,2.5,0,0,0,0,0,0,0,0.02702702702702703,37,2.24541817363855,2.589501067996025,2.7502570301294327,0,74
candidate,20260948,1,3,32.0,1.0,1,0,0,0,0,0,0,0.02702702702702703,37,2.3212845160348996,3.0248992145061493,3.0729342252016068,0,74
candidate,20260948,2,3,-16.0,4.0,0,0,1,8,0,0,0,0.0,38,2.263129835850314,2.7943123131990433,2.9843002557754517,0,76
candidate,20260948,3,3,-16.0,4.0,0,0,1,8,0,0,0,0.0,37,2.2419699140497156,2.8490323573350906,2.968190237879753,0,74
candidate,20260949,0,0,-20.0,3.0,0,0,0,0,0,0,0,0.0375,80,2.218261593952775,2.485833503305912,2.746220678091049,0,161
candidate,20260949,1,0,-22.0,4.0,0,0,1,14,0,0,0,0.03225806451612903,62,2.2199056561916106,2.5943796150386333,2.6702415198087692,0,124
candidate,20260949,2,0,-8.0,2.5,0,0,0,0,0,0,0,0.0,73,2.2900775840429413,2.9645651578903194,3.139043226838112,0,146
candidate,20260949,3,0,0.0,2.5,0,0,0,0,0,1,0,0.0,80,2.257889066822827,2.9062146320939064,2.996820956468582,0,160
candidate,20260950,0,3,48.0,1.0,1,1,0,0,0,0,0,0.01639344262295082,61,2.288324391988457,2.8272997587919235,2.8984230011701584,0,121
candidate,20260950,1,3,-19.0,4.0,0,0,1,11,0,0,0,0.0,35,2.3018847086599896,2.9540620744228363,3.221403807401657,0,70
candidate,20260950,2,3,-24.0,4.0,0,0,1,16,0,0,0,0.015384615384615385,65,2.2584491051160374,2.8264805674552917,2.9508359730243683,0,130
candidate,20260950,3,3,-8.0,2.5,0,0,0,0,0,0,0,0.0,65,2.3851024989898386,3.239986300468445,3.482948988676071,0,130
candidate,20260951,0,1,48.0,1.0,1,1,0,0,0,0,0,0.0,53,2.5157070595700786,3.7177808582782745,3.95253486931324,0,105
candidate,20260951,1,1,-18.0,4.0,0,0,1,10,0,0,0,0.0,58,2.381197112644541,3.108882810920477,5.376391112804413,0,116
candidate,20260951,2,1,0.0,2.5,0,0,0,0,0,1,1,0.0,84,2.4063772344518277,3.1929069198668003,3.683280199766159,0,168
candidate,20260951,3,1,-8.0,2.5,0,0,0,0,0,0,0,0.01694915254237288,59,2.3143837323128165,2.9731296002864838,3.490062430500984,0,118
candidate,20260952,0,2,-33.0,3.0,0,0,0,0,0,0,0,0.0,70,2.3615549451538493,2.953136526048183,3.680892288684845,0,141
candidate,20260952,1,2,-33.0,3.0,0,0,0,0,0,0,0,0.05970149253731343,67,2.269953489303589,2.733761817216873,3.003481775522232,0,135
candidate,20260952,2,2,-33.0,3.0,0,0,0,0,0,0,0,0.04477611940298507,67,2.2793888712107244,2.734888158738613,2.949269488453865,0,135
candidate,20260952,3,2,34.0,1.0,1,0,0,0,0,0,0,0.020833333333333332,48,2.318172870824734,2.8989109210669994,3.132406622171402,0,96
candidate,20260953,0,0,48.0,1.0,1,1,0,0,0,0,0,0.0,33,2.420219338753007,3.2333403825759888,3.4503620117902756,0,65
candidate,20260953,1,0,-16.0,3.0,0,0,0,0,0,0,0,0.0,36,2.3690896729628244,3.008839674293995,3.1168870627880096,0,73
candidate,20260953,2,0,-16.0,3.0,0,0,0,0,0,0,0,0.027777777777777776,36,2.304414597650369,2.9557920061051846,3.4619346261024475,0,73
candidate,20260953,3,0,-16.0,3.0,0,0,0,0,0,0,0,0.027777777777777776,36,2.323424184901847,3.0053346417844296,3.0730366706848145,0,73
candidate,20260954,0,0,0.0,2.5,0,0,0,0,0,1,1,0.0,84,2.60705157138762,3.839497454464435,7.140973582863808,0,168
candidate,20260954,1,0,35.0,1.0,1,0,0,0,0,0,0,0.02531645569620253,79,2.3228984939146646,2.9684532433748245,3.4990739077329636,0,158
candidate,20260954,2,0,-21.0,3.0,0,0,0,0,0,0,0,0.023255813953488372,43,2.2953229328227596,2.8315719217061996,3.0785072594881058,0,87
candidate,20260954,3,0,-23.0,4.0,0,0,1,15,0,0,0,0.03614457831325301,83,2.250092350933925,2.8000937774777412,3.0947960913181305,0,166
candidate,20260955,0,2,-16.0,4.0,0,0,1,8,0,0,0,0.030303030303030304,66,2.321925437585874,2.800541464239359,3.3158231526613235,0,131
candidate,20260955,1,2,-8.0,2.5,0,0,0,0,0,0,0,0.0,73,2.510736964336813,3.611798211932181,4.408808425068855,0,147
candidate,20260955,2,2,32.0,1.0,1,0,0,0,0,0,0,0.0136986301369863,73,2.2716908013983947,2.8152305632829666,3.167087212204933,0,147
candidate,20260955,3,2,0.0,2.5,0,0,0,0,0,1,1,0.023529411764705882,85,2.2579344756462993,2.672581374645233,3.199884667992592,0,170
candidate,20260956,0,2,-8.0,2.5,0,0,0,0,0,0,0,0.030303030303030304,33,2.362631374236309,2.8438169509172435,3.1747687608003616,0,66
candidate,20260956,1,2,-8.0,2.5,0,0,0,0,0,0,0,0.0,35,2.390951503600393,3.0671600252389903,3.6131497472524643,0,70
candidate,20260956,2,2,-21.0,4.0,0,0,1,13,0,0,0,0.0,33,2.2893856194886295,2.9448676854372025,3.1025372445583344,0,66
candidate,20260956,3,2,-8.0,2.5,0,0,0,0,0,0,0,0.09090909090909091,33,2.187592795852459,2.589501440525055,2.6728101074695587,0,66
candidate,20260957,0,2,33.0,1.0,1,0,0,0,0,0,0,0.027777777777777776,36,2.382954375611411,3.064943477511406,3.226201981306076,0,72
candidate,20260957,1,2,-8.0,2.5,0,0,0,0,0,0,0,0.03125,32,2.274878672324121,2.7408340014517307,2.75290384888649,0,64
candidate,20260957,2,2,-8.0,2.5,0,0,0,0,0,0,0,0.020833333333333332,48,2.2997571310649314,3.098956868052482,3.333624452352524,0,96
candidate,20260957,3,2,-17.0,4.0,0,0,1,9,0,0,0,0.016129032258064516,62,2.281729943088947,2.8632814064621925,3.253193572163582,0,124
candidate,20260958,0,3,-8.0,2.5,0,0,0,0,0,0,0,0.0,30,2.3647811884681382,2.935699839144945,3.008045256137848,0,60
candidate,20260958,1,3,-22.0,3.0,0,0,0,0,0,0,0,0.027777777777777776,36,2.312971279025078,2.923463936895132,2.9719676822423935,0,73
candidate,20260958,2,3,-8.0,2.5,0,0,0,0,0,0,0,0.03333333333333333,30,2.2590689981977143,2.7243283577263355,2.767777070403099,0,60
candidate,20260958,3,3,-17.0,4.0,0,0,1,9,0,0,0,0.02040816326530612,49,2.2628002857067147,2.7832247316837306,2.876918762922287,0,98
candidate,20260959,0,1,-25.0,3.0,0,0,0,0,0,0,0,0.0,28,2.3629552950816497,2.907999698072672,3.100600093603134,0,57
candidate,20260959,1,1,75.0,1.0,1,1,0,0,0,0,0,0.10344827586206896,29,2.2443550285594216,2.7007214725017543,2.876853570342064,0,57
candidate,20260959,2,1,-25.0,3.0,0,0,0,0,0,0,0,0.10714285714285714,28,2.20980668174369,2.667452674359083,2.7076881378889084,0,57
candidate,20260959,3,1,-25.0,3.0,0,0,0,0,0,0,0,0.07142857142857142,28,2.279612302247967,2.820330485701561,2.9324516654014587,0,57
candidate,20260960,0,3,54.0,1.0,1,1,0,0,0,0,0,0.02,50,2.3514449223876,2.782439813017845,3.1772665679454803,0,99
candidate,20260960,1,3,-17.0,3.0,0,0,0,0,0,0,0,0.03896103896103896,77,2.2397502385950707,2.6243019849061966,2.834511920809746,0,155
candidate,20260960,2,3,54.0,1.0,1,1,0,0,0,0,0,0.046153846153846156,65,2.288321090432314,2.966463938355446,3.160802647471428,0,129
candidate,20260960,3,3,-8.0,2.5,0,0,0,0,0,0,0,0.05555555555555555,36,2.284385315659973,2.60765478014946,4.279434680938721,0,72
candidate,20260961,0,3,-24.0,3.0,0,0,0,0,0,0,0,0.02702702702702703,37,2.4104320721046344,3.2193545252084723,3.35116870701313,0,75
candidate,20260961,1,3,48.0,1.0,1,1,0,0,0,0,0,0.07692307692307693,39,2.281316054555086,2.6572510600090027,3.1099747866392136,0,77
candidate,20260961,2,3,-16.0,3.0,0,0,0,0,0,0,0,0.07894736842105263,38,2.249580955034808,2.780015952885151,3.3745653927326202,0,77
candidate,20260961,3,3,-16.0,3.0,0,0,0,0,0,0,0,0.02631578947368421,38,2.253705684683825,2.8841430321335793,2.91471928358078,0,77
candidate,20260962,0,1,-8.0,2.5,0,0,0,0,0,0,0,0.022727272727272728,44,2.3576889864423056,2.9842170886695385,3.3195074647665024,0,88
candidate,20260962,1,1,0.0,2.5,0,0,0,0,0,1,1,0.04395604395604396,91,2.2939833106247933,2.73829884827137,3.947420045733452,0,182
candidate,20260962,2,1,-8.0,2.5,0,0,0,0,0,0,0,0.041666666666666664,48,2.2792566645269594,2.777954190969467,2.839447930455208,0,96
candidate,20260962,3,1,45.0,1.0,1,0,0,0,0,0,0,0.041666666666666664,48,2.216844353824854,2.6892853900790215,2.7159787714481354,0,96
candidate,20260963,0,3,34.0,1.0,1,0,0,0,0,0,0,0.0,23,2.5545455029477244,3.4753140062093735,4.213154315948486,0,46
candidate,20260963,1,3,-8.0,2.5,0,0,0,0,0,0,0,0.0,23,2.4062383757985155,3.159112855792045,3.4429673105478287,0,46
candidate,20260963,2,3,-18.0,4.0,0,0,1,10,0,0,0,0.043478260869565216,23,2.2464957412170325,2.551456168293953,2.653101459145546,0,46
candidate,20260963,3,3,-8.0,2.5,0,0,0,0,0,0,0,0.043478260869565216,23,2.3368369463993157,3.023272007703781,3.2282881438732147,0,46
candidate,20260964,0,2,75.0,1.0,1,1,0,0,0,0,0,0.01818181818181818,55,2.3100490935824136,2.6887083426117897,2.7807243168354034,0,109
candidate,20260964,1,2,39.0,1.0,1,0,0,0,0,0,0,0.07894736842105263,38,2.2639391061506773,2.749795373529196,2.863135188817978,0,76
candidate,20260964,2,2,-24.0,3.0,0,0,0,0,0,0,0,0.018518518518518517,54,2.2910563620152296,2.783186268061399,3.2401494681835175,0,109
candidate,20260964,3,2,-24.0,3.0,0,0,0,0,0,0,0,0.018518518518518517,54,2.2625318831867642,2.7342705987393856,2.7941055595874786,0,109
candidate,20260965,0,2,-16.0,4.0,0,0,1,8,0,0,0,0.0,29,2.482860895066426,3.3327978104352947,4.005718976259232,0,58
candidate,20260965,1,2,-8.0,2.5,0,0,0,0,0,0,0,0.038461538461538464,52,2.2572399331973148,2.598943468183279,3.0639097094535828,0,104
candidate,20260965,2,2,-17.0,4.0,0,0,1,9,0,0,0,0.0,39,2.558526797936513,3.787174075841904,4.374384880065918,0,78
candidate,20260965,3,2,-17.0,3.0,0,0,0,0,0,0,0,0.0,57,2.3745238584907433,3.0757561326026908,4.502655938267708,0,115
candidate,20260966,0,1,41.0,1.0,1,0,0,0,0,0,0,0.022727272727272728,44,2.361871175129305,2.765616774559021,4.5179203152656555,0,88
candidate,20260966,1,1,-18.0,4.0,0,0,1,10,0,0,0,0.0,44,2.3517145521261473,2.970240451395512,3.2153725624084473,0,88
candidate,20260966,2,1,-8.0,2.5,0,0,0,0,0,0,0,0.01694915254237288,59,2.3652126033932475,3.2759523019194603,3.7002693861722946,0,118
candidate,20260966,3,1,-8.0,2.5,0,0,0,0,0,0,0,0.02,50,2.2941549122333527,3.1011411920189853,3.4249424934387207,0,100
candidate,20260967,0,1,-19.0,4.0,0,0,1,11,0,0,0,0.0,37,2.3355322915154533,2.81945914030075,3.0688252300024033,0,74
candidate,20260967,1,1,36.0,1.0,1,0,0,0,0,0,0,0.0,61,2.3308101064357603,3.104390576481819,3.4536048769950867,0,122
candidate,20260967,2,1,-8.0,2.5,0,0,0,0,0,0,0,0.01639344262295082,61,2.292428135139043,2.9151402413845062,3.4480541944503784,0,122
candidate,20260967,3,1,-8.0,2.5,0,0,0,0,0,0,0,0.01639344262295082,61,2.2998493714410753,2.966374158859253,3.3475682139396667,0,122
candidate,20260968,0,0,0.0,2.5,0,0,0,0,0,1,0,0.0,84,2.451940617036252,3.206674847751856,3.5885367542505264,0,168
candidate,20260968,1,0,-8.0,2.5,0,0,0,0,0,0,0,0.031746031746031744,63,2.2835319063493182,2.6909543201327324,2.982666715979576,0,126
candidate,20260968,2,0,0.0,2.5,0,0,0,0,0,1,1,0.022222222222222223,90,2.2688090387317867,2.759165596216917,3.1426604837179184,0,180
candidate,20260968,3,0,34.0,1.0,1,0,0,0,0,0,0,0.011363636363636364,88,2.445922868156975,3.4247463569045067,3.7738941609859467,0,176
candidate,20260969,0,0,0.0,2.5,0,0,0,0,0,1,0,0.0,84,2.482544808160691,3.1952843070030212,3.7311483174562454,0,168
candidate,20260969,1,0,0.0,2.5,0,0,0,0,0,1,1,0.011363636363636364,88,2.330909991128878,2.948794513940811,3.1573139131069183,0,176
candidate,20260969,2,0,-8.0,2.5,0,0,0,0,0,0,0,0.0,68,2.448701299726963,3.3772576600313187,3.7472285330295563,0,136
candidate,20260969,3,0,-17.0,4.0,0,0,1,9,0,0,0,0.045454545454545456,66,2.2153368671283578,2.715468406677246,3.2205749303102493,0,132
candidate,20260970,0,1,-8.0,2.5,0,0,0,0,0,0,0,0.0,46,2.4120733951744824,3.1163287349045277,3.4379884600639343,0,92
candidate,20260970,1,1,-8.0,2.5,0,0,0,0,0,0,0,0.043478260869565216,46,2.3345414387143175,3.1169052235782146,3.3990759402513504,0,92
candidate,20260970,2,1,-19.0,4.0,0,0,1,11,0,0,0,0.021739130434782608,46,2.3175627803025036,3.0439519323408604,3.7503205239772797,0,92
candidate,20260970,3,1,32.0,1.0,1,0,0,0,0,0,0,0.046511627906976744,43,2.320350342711737,2.9836485162377357,3.468608483672142,0,86
candidate,20260971,0,3,168.0,1.0,1,1,0,0,0,0,0,0.1,30,2.2972853233416877,2.676823548972606,3.1783804297447205,0,59
candidate,20260971,1,3,-8.0,2.5,0,0,0,0,0,0,0,0.06666666666666667,15,2.2811496009429297,2.746026962995529,2.7869809418916702,0,30
candidate,20260971,2,3,-8.0,2.5,0,0,0,0,0,0,0,0.09523809523809523,21,2.2964000347114744,2.9166117310523987,3.097398206591606,0,42
candidate,20260971,3,3,-8.0,2.5,0,0,0,0,0,0,0,0.0,16,2.3391046561300755,3.1822887249290943,3.9993859827518463,0,32
candidate,20260972,0,3,-18.0,4.0,0,0,1,10,0,0,0,0.04878048780487805,41,2.3038703948259354,2.7919411659240723,2.830635756254196,0,82
candidate,20260972,1,3,33.0,1.0,1,0,0,0,0,0,0,0.06451612903225806,62,2.2409556193217153,2.7496873401105395,2.996552735567093,0,124
candidate,20260972,2,3,-8.0,2.5,0,0,0,0,0,0,0,0.06666666666666667,30,2.299040866394838,2.84017575904727,2.977309748530388,0,60
candidate,20260972,3,3,-16.0,4.0,0,0,1,8,0,0,0,0.0,30,2.4615193406740823,3.571725822985172,3.95781546831131,0,60
candidate,20260973,0,3,32.0,1.0,1,0,0,0,0,0,0,0.029411764705882353,34,2.3574439589591587,2.931262739002704,3.212256357073784,0,68
candidate,20260973,1,3,32.0,1.0,1,0,0,0,0,0,0,0.027777777777777776,72,2.3117526951763363,2.9663804918527603,3.5678278654813766,0,144
candidate,20260973,2,3,-8.0,2.5,0,0,0,0,0,0,0,0.0,34,2.276849768617574,2.7914000675082207,2.859329804778099,0,68
candidate,20260973,3,3,-8.0,2.5,0,0,0,0,0,0,0,0.0,34,2.3872829864130303,3.1067613512277603,3.5844314843416214,0,68
candidate,20260974,0,1,-8.0,2.5,0,0,0,0,0,0,0,0.0,73,2.4606515589642197,3.357091918587684,3.728920593857765,0,146
candidate,20260974,1,1,38.0,1.0,1,0,0,0,0,0,0,0.014705882352941176,68,2.3349602706730366,3.074369579553604,3.1779110431671143,0,136
candidate,20260974,2,1,-19.0,4.0,0,0,1,11,0,0,0,0.0,69,2.3887568571861237,3.2101027667522426,3.8344450294971466,0,138
candidate,20260974,3,1,-22.0,4.0,0,0,1,14,0,0,0,0.029411764705882353,68,2.2955548073000767,2.8851144947111607,3.436584025621414,0,136
candidate,20260975,0,3,-26.0,3.0,0,0,0,0,0,0,0,0.03571428571428571,28,2.3177892102726867,2.7952732518315315,3.1046904623508453,0,57
candidate,20260975,1,3,-26.0,3.0,0,0,0,0,0,0,0,0.0,28,2.345235752207892,3.0207342468202114,3.0849669128656387,0,57
candidate,20260975,2,3,-26.0,3.0,0,0,0,0,0,0,0,0.0,30,2.2735465317964554,2.8555791825056076,3.1748339533805847,0,61
candidate,20260975,3,3,78.0,1.0,1,1,0,0,0,0,0,0.034482758620689655,29,2.212098510614757,2.692815661430359,2.712829038500786,0,57
candidate,20260976,0,2,-18.0,3.0,0,0,0,0,0,0,0,0.0625,48,2.2530907299369574,2.586262486875057,2.796100452542305,0,97
candidate,20260976,1,2,0.0,2.5,0,0,0,0,0,1,1,0.03529411764705882,85,2.279437508653192,2.6667647063732147,3.3317208290100098,0,171
candidate,20260976,2,2,-18.0,3.0,0,0,0,0,0,0,0,0.02040816326530612,49,2.338136603333512,3.023260086774826,3.4835971891880035,0,99
candidate,20260976,3,2,-18.0,3.0,0,0,0,0,0,0,0,0.02040816326530612,49,2.2789600628371143,2.879880368709564,2.9917247593402863,0,99
candidate,20260977,0,2,-21.0,3.0,0,0,0,0,0,0,0,0.0,40,2.5113540701568127,3.570141457021235,4.301823675632477,0,81
candidate,20260977,1,2,-21.0,3.0,0,0,0,0,0,0,0,0.05,40,2.5554702151566744,3.1266950070857984,6.735440343618393,0,81
candidate,20260977,2,2,-21.0,3.0,0,0,0,0,0,0,0,0.075,40,2.3258794099092484,2.962019760161638,3.8797277957201004,0,81
candidate,20260977,3,2,63.0,1.0,1,1,0,0,0,0,0,0.0,41,2.3377254696154015,3.123488277196884,3.4340303391218185,0,81
candidate,20260978,0,0,-8.0,2.5,0,0,0,0,0,0,0,0.05128205128205128,39,2.284368309072959,2.6510965079069138,3.001134842634201,0,78
candidate,20260978,1,0,-28.0,4.0,0,0,1,20,0,0,0,0.02702702702702703,37,2.461863127914635,2.892988920211792,6.078632548451424,0,74
candidate,20260978,2,0,84.0,1.0,1,1,0,0,0,0,0,0.012658227848101266,79,2.3435631743337533,2.9546473175287233,4.062119871377945,0,157
candidate,20260978,3,0,34.0,1.0,1,0,0,0,0,0,0,0.05660377358490566,53,2.249414733839485,2.7827225625514984,3.5754144191741943,0,106
candidate,20260979,0,3,-8.0,2.5,0,0,0,0,0,0,0,0.07142857142857142,28,2.2749636056167737,2.609769254922867,2.881290391087532,0,56
candidate,20260979,1,3,-8.0,2.5,0,0,0,0,0,0,0,0.06451612903225806,31,2.2902116179466248,2.6955679059028625,3.068098798394203,0,62
candidate,20260979,2,3,-8.0,2.5,0,0,0,0,0,0,0,0.03225806451612903,31,2.266660272594421,2.827533520758152,2.9390882700681686,0,62
candidate,20260979,3,3,35.0,1.0,1,0,0,0,0,0,0,0.0,31,2.359985464042233,3.3995043486356735,3.510788083076477,0,62
candidate,20260980,0,0,-8.0,2.5,0,0,0,0,0,0,0,0.020833333333333332,48,2.333272403726975,2.8700768016278744,2.9521752148866653,0,96
candidate,20260980,1,0,44.0,1.0,1,0,0,0,0,0,0,0.0,48,2.5879474511990943,4.020331706851721,4.525603726506233,0,96
candidate,20260980,2,0,-8.0,2.5,0,0,0,0,0,0,0,0.0,48,2.3105727353443704,2.896428667008877,3.2904986292123795,0,96
candidate,20260980,3,0,-30.0,3.0,0,0,0,0,0,0,0,0.03508771929824561,57,2.2479121883710227,2.7043376117944713,2.924680709838867,0,115
candidate,20260981,0,3,-17.0,4.0,0,0,1,9,0,0,0,0.0,43,2.341309995498768,2.8214992955327034,3.2874755561351776,0,86
candidate,20260981,1,3,-32.0,4.0,0,0,1,24,0,0,0,0.022727272727272728,44,2.335713879967278,3.1311612576246266,3.266735002398491,0,88
candidate,20260981,2,3,-8.0,2.5,0,0,0,0,0,0,0,0.023255813953488372,43,2.246500317787015,2.7526048943400383,3.2241027802228928,0,86
candidate,20260981,3,3,-8.0,2.5,0,0,0,0,0,0,0,0.023255813953488372,43,2.3344322432612263,3.0523791909217834,3.9160605520009995,0,86
candidate,20260982,0,0,-19.0,4.0,0,0,1,11,0,0,0,0.022222222222222223,45,2.3077076921860376,2.7698293328285217,3.0503328889608383,0,90
candidate,20260982,1,0,35.0,1.0,1,0,0,0,0,0,0,0.0,49,2.3727981487707215,3.178125619888305,3.415849059820175,0,98
candidate,20260982,2,0,-8.0,2.5,0,0,0,0,0,0,0,0.04081632653061224,49,2.215657687308837,2.554284781217575,2.7519427239894867,0,98
candidate,20260982,3,0,-8.0,2.5,0,0,0,0,0,0,0,0.02040816326530612,49,2.2805678677193972,2.727525681257248,3.012971952557564,0,98
candidate,20260983,0,0,-27.0,4.0,0,0,1,19,0,0,0,0.08571428571428572,35,2.288286281483514,2.883150801062584,3.0092615634202957,0,70
candidate,20260983,1,0,43.0,1.0,1,0,0,0,0,0,0,0.017543859649122806,57,2.3107675737456272,2.795109525322914,3.1957272440195084,0,114
candidate,20260983,2,0,-21.0,4.0,0,0,1,13,0,0,0,0.01639344262295082,61,2.3545235029009524,3.088930621743202,3.3892598003149033,0,122
candidate,20260983,3,0,-28.0,3.0,0,0,0,0,0,0,0,0.046511627906976744,43,2.276947635204293,2.7887925505638123,3.2840557396411896,0,87
candidate,20260984,0,2,-18.0,3.0,0,0,0,0,0,0,0,0.018518518518518517,54,2.3443143193920455,2.8088269755244255,3.4214090555906296,0,109
candidate,20260984,1,2,-8.0,2.5,0,0,0,0,0,0,0,0.02040816326530612,49,2.3487234602169114,3.0793491750955577,3.504836931824684,0,98
candidate,20260984,2,2,-8.0,2.5,0,0,0,0,0,0,0,0.016666666666666666,60,2.274686750024557,2.795304823666811,3.227468580007553,0,120
candidate,20260984,3,2,35.0,1.0,1,0,0,0,0,0,0,0.058823529411764705,34,2.3171613540719536,3.2641784287989135,3.51167656481266,0,68
candidate,20260985,0,2,-8.0,2.5,0,0,0,0,0,0,0,0.0,35,2.4731512580599104,3.0986137688159943,3.42344306409359,0,70
candidate,20260985,1,2,46.0,1.0,1,0,0,0,0,0,0,0.0,35,2.5460234177964076,3.8211386650800705,4.167670384049416,0,70
candidate,20260985,2,2,-30.0,4.0,0,0,1,22,0,0,0,0.0,35,2.2766112749065672,2.7701441198587418,2.7836430817842484,0,70
candidate,20260985,3,2,-30.0,4.0,0,0,1,22,0,0,0,0.03125,32,2.347840811125934,3.0472381971776485,3.1942669302225113,0,64
candidate,20260986,0,1,-22.0,4.0,0,0,1,14,0,0,0,0.028169014084507043,71,2.312915084857336,2.7596382424235344,3.078049048781395,0,143
candidate,20260986,1,1,34.0,1.0,1,0,0,0,0,0,0,0.027777777777777776,36,2.421746185670296,3.109946381300688,4.172109067440033,0,72
candidate,20260986,2,1,-8.0,2.5,0,0,0,0,0,0,0,0.031746031746031744,63,2.2842382627820212,2.844916097819805,3.401555120944977,0,126
candidate,20260986,3,1,-8.0,2.5,0,0,0,0,0,0,0,0.03076923076923077,65,2.4562605298482456,3.399757295846939,4.534386098384857,0,130
candidate,20260987,0,3,-8.0,2.5,0,0,0,0,0,0,0,0.0,68,2.452813171069412,3.0943366698920727,3.5453420132398605,0,136
candidate,20260987,1,3,42.0,1.0,1,0,0,0,0,0,0,0.0,85,2.453227582223275,3.312196582555771,3.7578772753477097,0,170
candidate,20260987,2,3,-8.0,2.5,0,0,0,0,0,0,0,0.0,81,2.343661807201527,2.9218699783086777,3.6380216479301453,0,162
candidate,20260987,3,3,-8.0,2.5,0,0,0,0,0,0,0,0.0,85,2.4356669801123,3.2090559601783752,3.9137322455644608,0,170
candidate,20260988,0,2,-27.0,3.0,0,0,0,0,0,0,0,0.03488372093023256,86,2.352412118641443,2.8901202604174614,3.1142812222242355,0,173
candidate,20260988,1,2,-26.0,4.0,0,0,1,18,0,0,0,0.023255813953488372,86,2.3785832359693773,3.1501902267336845,3.30541655421257,0,172
candidate,20260988,2,2,-8.0,2.5,0,0,0,0,0,0,0,0.02702702702702703,37,2.30615958571434,2.777514979243278,3.2237153500318527,0,74
candidate,20260988,3,2,-27.0,3.0,0,0,0,0,0,0,0,0.03488372093023256,86,2.2159123706609702,2.564065158367157,2.9716603457927704,0,173
candidate,20260989,0,3,60.0,1.0,1,1,0,0,0,0,0,0.0,23,2.5312089887650115,3.4316882491111755,3.9281677454710007,0,45
candidate,20260989,1,3,-16.0,3.0,0,0,0,0,0,0,0,0.047619047619047616,21,2.354573281038375,3.0409563332796097,3.072500228881836,0,43
candidate,20260989,2,3,-20.0,3.0,0,0,0,0,0,0,0,0.0,22,2.3109732534397733,3.0680159106850624,3.0831899493932724,0,45
candidate,20260989,3,3,-20.0,3.0,0,0,0,0,0,0,0,0.045454545454545456,22,2.262072976339947,2.7710205875337124,2.792850136756897,0,45
candidate,20260990,0,0,-16.0,4.0,0,0,1,8,0,0,0,0.0,48,2.414127617763976,3.0394076369702816,3.320116549730301,0,96
candidate,20260990,1,0,0.0,2.5,0,0,0,0,0,1,1,0.012658227848101266,79,2.298859950107864,2.9733849689364433,3.041250631213188,0,158
candidate,20260990,2,0,-8.0,2.5,0,0,0,0,0,0,0,0.0,60,2.2899382126828036,2.945558726787567,2.9813945293426514,0,120
candidate,20260990,3,0,-8.0,2.5,0,0,0,0,0,0,0,0.06578947368421052,76,2.191650730214621,2.6229447685182095,2.755051478743553,0,152
candidate,20260991,0,3,-8.0,2.5,0,0,0,0,0,0,0,0.0425531914893617,47,2.3174511783934655,2.8248803690075874,3.0667632818222046,0,94
candidate,20260991,1,3,-28.0,4.0,0,0,1,20,0,0,0,0.06382978723404255,47,2.2157760772933353,2.500689774751663,2.684950828552246,0,94
candidate,20260991,2,3,44.0,1.0,1,0,0,0,0,0,0,0.02127659574468085,47,2.272572526906399,2.919478900730609,3.0651483684778214,0,94
candidate,20260991,3,3,-27.0,4.0,0,0,1,19,0,0,0,0.0,25,2.263016104698181,2.858392149209976,2.8775762766599655,0,50
candidate,20260992,0,0,48.0,1.0,1,0,0,0,0,0,0,0.0,41,2.329463093745999,2.837512642145157,2.847829833626747,0,82
candidate,20260992,1,0,-8.0,2.5,0,0,0,0,0,0,0,0.020833333333333332,48,2.25436765079697,2.7007236145436764,2.7847662568092346,0,96
candidate,20260992,2,0,66.0,1.0,1,1,0,0,0,0,0,0.04,50,2.238314524292946,2.875336166471243,2.9107965528964996,0,99
candidate,20260992,3,0,-22.0,3.0,0,0,0,0,0,0,0,0.02040816326530612,49,2.3520084059968287,3.0921846628189087,4.058873280882835,0,99
candidate,20260993,0,1,-8.0,2.5,0,0,0,0,0,0,0,0.0,29,2.5859966488747763,3.852307051420211,4.137229174375534,0,58
candidate,20260993,1,1,-8.0,2.5,0,0,0,0,0,0,0,0.034482758620689655,29,2.3322989843015014,3.028586506843567,3.0429400503635406,0,58
candidate,20260993,2,1,-16.0,4.0,0,0,1,8,0,0,0,0.0,33,2.2949317865299457,2.917882055044174,3.0098669230937958,0,66
candidate,20260993,3,1,-17.0,3.0,0,0,0,0,0,0,0,0.13636363636363635,22,2.1956783973357896,2.568335924297571,2.7744602411985397,0,45
candidate,20260994,0,1,48.0,1.0,1,1,0,0,0,0,0,0.058823529411764705,17,2.336425816311556,2.904437109827995,3.1690504401922226,0,33
candidate,20260994,1,1,-8.0,2.5,0,0,0,0,0,0,0,0.06060606060606061,33,2.2471767257560384,2.6389166712760925,2.7489308267831802,0,66
candidate,20260994,2,1,-17.0,4.0,0,0,1,9,0,0,0,0.04878048780487805,41,2.2456451069291044,2.7753468602895737,2.789061516523361,0,82
candidate,20260994,3,1,-8.0,2.5,0,0,0,0,0,0,0,0.07142857142857142,14,2.21108365803957,2.6429246179759502,2.6772860437631607,0,28
candidate,20260995,0,2,-17.0,3.0,0,0,0,0,0,0,0,0.012987012987012988,77,2.3177831687710504,2.818344533443451,2.8946176171302795,0,155
candidate,20260995,1,2,-17.0,3.0,0,0,0,0,0,0,0,0.025974025974025976,77,2.2788492164441516,2.821897342801094,2.8884317725896835,0,155
candidate,20260995,2,2,-8.0,2.5,0,0,0,0,0,0,0,0.0,74,2.2737838931985803,2.844901382923126,2.9124729335308075,0,148
candidate,20260995,3,2,-8.0,2.5,0,0,0,0,0,0,0,0.02702702702702703,74,2.2109047182508417,2.616178523749113,2.7027688920497894,0,148
candidate,20260996,0,3,-17.0,3.0,0,0,0,0,0,0,0,0.01818181818181818,55,2.6127663864330812,3.609887883067131,3.847070038318634,0,111
candidate,20260996,1,3,-38.0,4.0,0,0,1,30,0,0,0,0.0,52,2.397542532819968,3.3419592306017876,3.4349337220191956,0,104
candidate,20260996,2,3,-16.0,4.0,0,0,1,8,0,0,0,0.0,81,2.291095960471365,2.899225801229477,3.0553992837667465,0,162
candidate,20260996,3,3,-8.0,2.5,0,0,0,0,0,0,0,0.019230769230769232,52,2.2589120154197397,2.69908020272851,2.849806100130081,0,104
candidate,20260997,0,0,-8.0,2.5,0,0,0,0,0,0,0,0.0,41,2.4012181362727794,3.0051060020923615,3.0266325920820236,0,82
candidate,20260997,1,0,36.0,1.0,1,0,0,0,0,0,0,0.0,41,2.2630037330999606,2.810141071677208,2.8545018285512924,0,82
candidate,20260997,2,0,-8.0,2.5,0,0,0,0,0,0,0,0.024390243902439025,41,2.248220509145318,2.7582067996263504,2.8029177337884903,0,82
candidate,20260997,3,0,-8.0,2.5,0,0,0,0,0,0,0,0.02127659574468085,47,2.228312432131869,2.7219118550419807,2.7617402374744415,0,94
candidate,20260998,0,2,-8.0,2.5,0,0,0,0,0,0,0,0.03389830508474576,59,2.298048744767399,2.7168814092874527,3.0573811382055283,0,118
candidate,20260998,1,2,0.0,2.5,0,0,0,0,0,1,1,0.0,84,2.4698926135897636,3.2731110230088234,3.863740712404251,0,168
candidate,20260998,2,2,32.0,1.0,1,0,0,0,0,0,0,0.015384615384615385,65,2.263444088972532,2.7511514723300934,2.8600264340639114,0,130
candidate,20260998,3,2,-8.0,2.5,0,0,0,0,0,0,0,0.015384615384615385,65,2.254658507613035,2.7481094002723694,2.79923714697361,0,130
candidate,20260999,0,3,81.0,1.0,1,1,0,0,0,0,0,0.04,50,2.2552571073174477,2.6753794401884075,2.7977433055639267,0,99
candidate,20260999,1,3,-23.0,3.0,0,0,0,0,0,0,0,0.0,49,2.294218053623122,2.8495050966739655,2.880321815609932,0,99
candidate,20260999,2,3,-27.0,3.0,0,0,0,0,0,0,0,0.04081632653061224,49,2.2331680722382603,2.634650096297264,2.7756541967391968,0,99
candidate,20260999,3,3,32.0,1.0,1,0,0,0,0,0,0,0.0,40,2.3832601495087147,3.2716148532927036,3.3894870430231094,0,80
candidate,20261000,0,0,-17.0,4.0,0,0,1,9,0,0,0,0.02702702702702703,37,2.39245719402223,2.8988339006900783,3.612309694290161,0,74
candidate,20261000,1,0,-17.0,4.0,0,0,1,9,0,0,0,0.0,50,2.342239134013653,2.948226220905781,3.029167652130127,0,100
candidate,20261000,2,0,32.0,1.0,1,0,0,0,0,0,0,0.03333333333333333,60,2.2266014789541564,2.6518603786826134,2.802511677145958,0,120
candidate,20261000,3,0,34.0,1.0,1,0,0,0,0,0,0,0.0,66,2.3157092545068627,3.0903592705726624,3.229904919862747,0,132
candidate,20261001,0,0,51.0,1.0,1,1,0,0,0,0,0,0.014492753623188406,69,2.3227693324071774,2.8371386229991913,2.9939785599708557,0,137
candidate,20261001,1,0,-8.0,2.5,0,0,0,0,0,0,0,0.0,31,2.3119882229835755,2.9141316190361977,2.9509346932172775,0,62
candidate,20261001,2,0,87.0,1.0,1,1,0,0,0,0,0,0.0,67,2.3290589451789856,3.0235789716243744,3.1837821006774902,0,133
candidate,20261001,3,0,-20.0,4.0,0,0,1,12,0,0,0,0.046511627906976744,43,2.2329833618430204,2.748693898320198,2.764955163002014,0,86
candidate,20261002,0,3,-8.0,2.5,0,0,0,0,0,0,0,0.0,36,2.4952922637263932,3.395876381546259,3.8520563393831253,0,72
candidate,20261002,1,3,-8.0,2.5,0,0,0,0,0,0,0,0.0,35,2.3929715156555176,3.1570576131343837,3.2339487224817276,0,70
candidate,20261002,2,3,-8.0,2.5,0,0,0,0,0,0,0,0.047619047619047616,42,2.2160691608275687,2.6025965809822083,2.747524529695511,0,84
candidate,20261002,3,3,-17.0,4.0,0,0,1,9,0,0,0,0.08333333333333333,36,2.1887795689205327,2.550098579376936,2.731962129473686,0,72
candidate,20261003,0,1,-18.0,3.0,0,0,0,0,0,0,0,0.0,42,2.441629323930967,3.2597321085631843,3.3504068851470947,0,85
candidate,20261003,1,1,-18.0,3.0,0,0,0,0,0,0,0,0.023809523809523808,42,2.2993087325067747,2.863369788974523,3.024706616997719,0,85
candidate,20261003,2,1,-18.0,4.0,0,0,1,10,0,0,0,0.02564102564102564,39,2.259503858975875,2.7195505797863007,2.8588566929101944,0,78
candidate,20261003,3,1,-18.0,3.0,0,0,0,0,0,0,0,0.047619047619047616,42,2.2602913723815057,2.882164996117353,2.9414836317300797,0,85
candidate,20261004,0,1,-8.0,2.5,0,0,0,0,0,0,0,0.0,53,2.355281720465084,2.917059510946274,3.017660230398178,0,107
candidate,20261004,1,1,60.0,1.0,1,1,0,0,0,0,0,0.04878048780487805,41,2.2800424386088443,2.8617046773433685,3.010643646121025,0,80
candidate,20261004,2,1,-17.0,4.0,0,0,1,9,0,0,0,0.0,53,2.3286723233056517,3.2246027141809464,3.421088680624962,0,107
candidate,20261004,3,1,-8.0,2.5,0,0,0,0,0,0,0,0.05714285714285714,35,2.2730541016374315,2.9439549893140793,2.980899065732956,0,71
candidate,20261005,0,3,0.0,2.5,0,0,0,0,0,1,0,0.0,87,2.3548874318942254,2.8770726174116135,3.1060129404067993,0,174
candidate,20261005,1,3,45.0,1.0,1,0,0,0,0,0,0,0.02564102564102564,39,2.3521018716005178,3.0443692579865456,3.1529590487480164,0,78
candidate,20261005,2,3,-21.0,3.0,0,0,0,0,0,0,0,0.043478260869565216,69,2.196392233389011,2.577522024512291,2.5985874235630035,0,139
candidate,20261005,3,3,0.0,2.5,0,0,0,0,0,1,1,0.011764705882352941,85,2.3075546192772247,2.8789427131414413,4.761744290590286,0,170
candidate,20261006,0,0,44.0,1.0,1,0,0,0,0,0,0,0.019230769230769232,52,2.3732250914550743,2.954391855746507,3.835279494524002,0,104
candidate,20261006,1,0,54.0,1.0,1,1,0,0,0,0,0,0.047619047619047616,42,2.308939273158709,2.9462866485118866,3.0006039887666702,0,83
candidate,20261006,2,0,-8.0,2.5,0,0,0,0,0,0,0,0.025,40,2.2659667767584324,2.859574556350708,2.9113348573446274,0,80
candidate,20261006,3,0,-17.0,4.0,0,0,1,9,0,0,0,0.0,36,2.2526449627346463,2.77241924777627,2.8005801141262054,0,72
candidate,20261007,0,0,-33.0,3.0,0,0,0,0,0,0,0,0.0196078431372549,51,2.404702462109865,2.886374481022358,4.034185782074928,0,103
candidate,20261007,1,0,99.0,1.0,1,1,0,0,0,0,0,0.0,52,2.3855244239362388,3.0173921957612038,4.576276987791061,0,103
candidate,20261007,2,0,-33.0,3.0,0,0,0,0,0,0,0,0.0196078431372549,51,2.2737734823250304,2.899548038840294,3.1027011573314667,0,103
candidate,20261007,3,0,-33.0,3.0,0,0,0,0,0,0,0,0.0,51,2.3456621988146913,3.2677631825208664,3.5111457109451294,0,103
candidate,20261008,0,0,-19.0,4.0,0,0,1,11,0,0,0,0.023255813953488372,43,2.3553694576718085,2.8699228540062904,2.924880012869835,0,86
candidate,20261008,1,0,-8.0,2.5,0,0,0,0,0,0,0,0.0,70,2.415076403745583,3.3301274292171,3.4049246460199356,0,140
candidate,20261008,2,0,0.0,2.5,0,0,0,0,0,1,1,0.011904761904761904,84,2.2856781392225196,2.8426881879568096,3.354087471961975,0,168
candidate,20261008,3,0,32.0,1.0,1,0,0,0,0,0,0,0.046153846153846156,65,2.211363814198054,2.5762848556041718,2.858925610780716,0,130
candidate,20261009,0,1,33.0,1.0,1,0,0,0,0,0,0,0.03389830508474576,59,2.2938201930058204,2.7116594836115837,2.787027508020401,0,118
candidate,20261009,1,1,-8.0,2.5,0,0,0,0,0,0,0,0.02,50,2.330123744904995,2.922646515071392,3.1019989401102066,0,100
candidate,20261009,2,1,32.0,1.0,1,0,0,0,0,0,0,0.0,44,2.30996310710907,3.0903642997145657,3.461139276623726,0,88
candidate,20261009,3,1,-8.0,2.5,0,0,0,0,0,0,0,0.01694915254237288,59,2.247011446851795,2.74084135890007,2.7607865631580353,0,118
candidate,20261010,0,2,-8.0,2.5,0,0,0,0,0,0,0,0.01282051282051282,78,2.421511743122186,3.2432640902698036,3.4993626177310944,0,156
candidate,20261010,1,2,57.0,1.0,1,1,0,0,0,0,0,0.04477611940298507,67,2.2505731947386445,2.63319481164217,2.7906037867069244,0,133
candidate,20261010,2,2,0.0,2.5,0,0,0,0,0,1,1,0.0,83,2.47128240494843,3.512023948132992,3.9038583636283875,0,166
candidate,20261010,3,2,0.0,2.5,0,0,0,0,0,1,1,0.024390243902439025,82,2.238239070809469,2.7137341909110546,2.809680998325348,0,164
candidate,20261011,0,1,-8.0,2.5,0,0,0,0,0,0,0,0.05,40,2.305522933602333,2.8182070702314377,2.8335433453321457,0,80
candidate,20261011,1,1,-8.0,2.5,0,0,0,0,0,0,0,0.024390243902439025,41,2.346802184857973,3.080856055021286,3.1414516270160675,0,82
candidate,20261011,2,1,32.0,1.0,1,0,0,0,0,0,0,0.02631578947368421,38,2.2721546947171816,2.7798211202025414,2.8688963502645493,0,76
candidate,20261011,3,1,-8.0,2.5,0,0,0,0,0,0,0,0.024390243902439025,41,2.277421878605354,2.8790049254894257,2.945519983768463,0,82
candidate,20261012,0,2,-18.0,4.0,0,0,1,10,0,0,0,0.0,29,2.357298315599047,2.876809239387512,2.8861556202173233,0,58
candidate,20261012,1,2,-16.0,4.0,0,0,1,8,0,0,0,0.0,54,2.2984754846051887,2.841520309448242,2.895766869187355,0,108
candidate,20261012,2,2,32.0,1.0,1,0,0,0,0,0,0,0.018518518518518517,54,2.266815208174564,2.81875878572464,2.906680107116699,0,108
candidate,20261012,3,2,-8.0,2.5,0,0,0,0,0,0,0,0.0,54,2.447172895901733,3.618961758911609,3.9641689509153366,0,108
candidate,20261013,0,1,-28.0,4.0,0,0,1,20,0,0,0,0.030303030303030304,33,2.3314807789795324,2.8579343110322952,2.9045864939689636,0,66
candidate,20261013,1,1,-8.0,2.5,0,0,0,0,0,0,0,0.04,25,2.4887765198946,3.58506217598915,3.699587658047676,0,50
candidate,20261013,2,1,44.0,1.0,1,0,0,0,0,0,0,0.08,25,2.307937666773796,2.7536951005458827,3.986973315477371,0,50
candidate,20261013,3,1,-8.0,2.5,0,0,0,0,0,0,0,0.0,29,2.393312238413712,3.154999390244484,4.3251775205135345,0,58
candidate,20261014,0,1,90.0,1.0,1,1,0,0,0,0,0,0.018867924528301886,53,2.376205973186583,3.0988909304142,4.126682877540588,0,105
candidate,20261014,1,1,-30.0,3.0,0,0,0,0,0,0,0,0.019230769230769232,52,2.3221862502396107,2.8119198046624656,4.028989002108574,0,105
candidate,20261014,2,1,-30.0,3.0,0,0,0,0,0,0,0,0.0,52,2.3373316686887007,3.0432269908487797,3.1084585934877396,0,105
candidate,20261014,3,1,-30.0,3.0,0,0,0,0,0,0,0,0.038461538461538464,52,2.2449548929356613,2.7901762165129185,2.9535572975873947,0,105
candidate,20261015,0,2,-8.0,2.5,0,0,0,0,0,0,0,0.0,32,2.3792448919266462,2.972207870334387,3.065742552280426,0,64
candidate,20261015,1,2,32.0,1.0,1,0,0,0,0,0,0,0.08108108108108109,37,2.297256695660385,2.673868462443351,5.088895559310913,0,74
candidate,20261015,2,2,-17.0,4.0,0,0,1,9,0,0,0,0.06976744186046512,43,2.2875043715155403,2.568040043115616,5.915584042668343,0,87
candidate,20261015,3,2,51.0,1.0,1,1,0,0,0,0,0,0.027777777777777776,36,2.3068550767170057,3.0942517332732677,3.2300129532814026,0,71
candidate,20261016,0,0,-16.0,4.0,0,0,1,8,0,0,0,0.02702702702702703,74,2.2812499790578276,2.662676014006138,2.799222245812416,0,149
candidate,20261016,1,0,-16.0,4.0,0,0,1,8,0,0,0,0.0,61,2.444111360389678,3.243822604417801,5.935585126280785,0,122
candidate,20261016,2,0,-8.0,2.5,0,0,0,0,0,0,0,0.03278688524590164,61,2.2256184125044305,2.592436969280243,2.8112605214118958,0,122
candidate,20261016,3,0,-8.0,2.5,0,0,0,0,0,0,0,0.04918032786885246,61,2.19423021571558,2.5309640914201736,2.7776025235652924,0,122
candidate,20261017,0,2,-8.0,2.5,0,0,0,0,0,0,0,0.047619047619047616,42,2.2764347848438082,2.762797661125659,2.8088558465242386,0,84
candidate,20261017,1,2,-16.0,4.0,0,0,1,8,0,0,0,0.05,20,2.3016374558210373,2.7669441886246204,2.780776470899582,0,40
candidate,20261017,2,2,32.0,1.0,1,0,0,0,0,0,0,0.08571428571428572,35,2.2132920899561475,2.7191977947950363,2.7542654424905777,0,70
candidate,20261017,3,2,32.0,1.0,1,0,0,0,0,0,0,0.0,20,2.237039338797331,2.990178856998682,3.063756972551346,0,40
candidate,20261018,0,3,-20.0,4.0,0,0,1,12,0,0,0,0.0,41,2.39717960357666,3.084992989897728,3.228249028325081,0,83
candidate,20261018,1,3,-19.0,4.0,0,0,1,11,0,0,0,0.02127659574468085,47,2.285722127937256,2.792227640748024,2.7999766170978546,0,93
candidate,20261018,2,3,-8.0,2.5,0,0,0,0,0,0,0,0.019230769230769232,52,2.3646833948217907,3.362088929861784,3.8286931812763214,0,105
candidate,20261018,3,3,-8.0,2.5,0,0,0,0,0,0,0,0.021739130434782608,46,2.3701926288397415,3.3419914543628693,3.381121903657913,0,93
candidate,20261019,0,3,-20.0,4.0,0,0,1,12,0,0,0,0.02666666666666667,75,2.2824914008378983,2.631908096373081,2.8216298669576645,0,150
candidate,20261019,1,3,99.0,1.0,1,1,0,0,0,0,0,0.0,67,2.3199188898303618,2.869506925344467,2.9230527579784393,0,133
candidate,20261019,2,3,-33.0,3.0,0,0,0,0,0,0,0,0.0,66,2.4169461914535724,3.3733206801116467,3.6303941160440445,0,133
candidate,20261019,3,3,10.0,2.0,0,0,0,0,0,0,0,0.014084507042253521,71,2.256961434449948,2.816363237798214,2.9685068875551224,1,143
candidate,20261020,0,3,32.0,1.0,1,0,0,0,0,0,0,0.01818181818181818,55,2.271815287795934,2.6721524074673653,2.767615020275116,0,110
candidate,20261020,1,3,-8.0,2.5,0,0,0,0,0,0,0,0.03636363636363636,55,2.232548188079487,2.5605568662285805,2.7379561215639114,0,110
candidate,20261020,2,3,-16.0,4.0,0,0,1,8,0,0,0,0.015873015873015872,63,2.2642897471549017,2.7648761868476868,2.8579160571098328,0,126
candidate,20261020,3,3,-8.0,2.5,0,0,0,0,0,0,0,0.0,55,2.3521737957542594,3.0695831403136253,3.2600294798612595,0,110
candidate,20261021,0,0,35.0,1.0,1,0,0,0,0,0,0,0.015625,64,2.318068436579779,2.8191410936415195,3.3221598714590073,0,128
candidate,20261021,1,0,-8.0,2.5,0,0,0,0,0,0,0,0.0,85,2.318482320098316,2.8810568153858185,2.9650628566741943,0,170
candidate,20261021,2,0,-8.0,2.5,0,0,0,0,0,0,0,0.03389830508474576,59,2.2646787939435344,2.847466431558132,3.818994387984276,0,118
candidate,20261021,3,0,-8.0,2.5,0,0,0,0,0,0,0,0.03508771929824561,57,2.221777316248208,2.7130231261253352,2.8269998729228973,0,114
candidate,20261022,0,2,-20.0,3.0,0,0,0,0,0,0,0,0.06451612903225806,31,2.3248515302135098,2.77676060795784,2.8297603130340576,0,63
candidate,20261022,1,2,-20.0,3.0,0,0,0,0,0,0,0,0.03225806451612903,31,2.2843861051144136,2.8184885159134865,2.971721813082695,0,63
candidate,20261022,2,2,60.0,1.0,1,1,0,0,0,0,0,0.125,32,2.204295655246824,2.554939966648817,2.9545892030000687,0,63
candidate,20261022,3,2,-20.0,3.0,0,0,0,0,0,0,0,0.0,31,2.3151139217999672,3.2287267968058586,3.324722871184349,0,63
candidate,20261023,0,3,-18.0,4.0,0,0,1,10,0,0,0,0.02040816326530612,49,2.3685842372325,2.8619360178709026,3.4438427537679672,0,98
candidate,20261023,1,3,33.0,1.0,1,0,0,0,0,0,0,0.024390243902439025,82,2.255267940643357,2.6385197415947914,3.1039435416460037,0,164
candidate,20261023,2,3,-8.0,2.5,0,0,0,0,0,0,0,0.061224489795918366,49,2.2892840966886405,2.726737782359123,4.498302936553955,0,98
candidate,20261023,3,3,-8.0,2.5,0,0,0,0,0,0,0,0.0,49,2.2584158090912565,2.80797891318798,2.8726961463689804,0,98
candidate,20261024,0,1,0.0,2.5,0,0,0,0,0,1,1,0.053763440860215055,93,2.2972202909890043,2.940741181373595,3.1918175518512726,0,186
candidate,20261024,1,1,-8.0,2.5,0,0,0,0,0,0,0,0.05555555555555555,54,2.2689375198549695,2.8651890344917774,2.9367953538894653,0,108
candidate,20261024,2,1,-19.0,3.0,0,0,0,0,0,0,0,0.03125,64,2.211886487202719,2.606636378914118,2.6600081473588943,0,129
candidate,20261024,3,1,-30.0,4.0,0,0,1,22,0,0,0,0.015384615384615385,65,2.341729603134669,3.264482691884041,3.791043534874916,0,130
candidate,20261025,0,1,-8.0,2.5,0,0,0,0,0,0,0,0.03333333333333333,60,2.2947835735976696,2.809766214340925,2.879984676837921,0,120
candidate,20261025,1,1,57.0,1.0,1,1,0,0,0,0,0,0.0,51,2.3348472062863554,3.1554875895380974,3.636147826910019,0,101
candidate,20261025,2,1,-20.0,4.0,0,0,1,12,0,0,0,0.05,60,2.198130947848161,2.539217285811901,2.7587153017520905,0,120
candidate,20261025,3,1,35.0,1.0,1,0,0,0,0,0,0,0.017543859649122806,57,2.285988184443691,2.853570133447647,2.901541069149971,0,114
candidate,20261026,0,2,-20.0,3.0,0,0,0,0,0,0,0,0.0,46,2.4216172244885694,3.2299081794917583,3.380516543984413,0,93
candidate,20261026,1,2,34.0,1.0,1,0,0,0,0,0,0,0.043478260869565216,46,2.2601458527471707,2.714401576668024,2.769017592072487,0,92
candidate,20261026,2,2,-8.0,2.5,0,0,0,0,0,0,0,0.0,49,2.307660003401795,3.1222853809595104,3.399694338440895,0,98
candidate,20261026,3,2,-8.0,2.5,0,0,0,0,0,0,0,0.041666666666666664,48,2.2650195363288126,2.9013408347964287,3.0860677361488342,0,96
candidate,20261027,0,0,0.0,2.5,0,0,0,0,0,1,1,0.011764705882352941,85,2.3259983343236588,2.7893129736185074,2.8465818613767624,0,170
candidate,20261027,1,0,34.0,1.0,1,0,0,0,0,0,0,0.0,52,2.432716079056263,3.5110336728394027,4.220090806484222,0,104
candidate,20261027,2,0,0.0,2.5,0,0,0,0,0,1,1,0.0,85,2.479430309989873,3.574615344405174,4.244962707161903,0,170
candidate,20261027,3,0,0.0,2.5,0,0,0,0,0,1,1,0.023529411764705882,85,2.2278004271142624,2.6451408863067627,2.826489508152008,0,170
candidate,20261028,0,0,-17.0,4.0,0,0,1,9,0,0,0,0.025974025974025976,77,2.316662340195148,2.903955429792404,3.0347388237714767,0,154
candidate,20261028,1,0,-8.0,2.5,0,0,0,0,0,0,0,0.012048192771084338,83,2.2740720894681403,2.778317406773567,2.8308797627687454,0,166
candidate,20261028,2,0,-48.0,4.0,0,0,1,40,1,0,0,0.06578947368421052,76,2.239913753184833,2.6579308323562145,2.731241285800934,0,152
candidate,20261028,3,0,54.0,1.0,1,1,0,0,0,0,0,0.012048192771084338,83,2.3876161999013052,3.293652459979057,3.9928480982780457,0,165
candidate,20261029,0,2,-32.0,3.0,0,0,0,0,0,0,0,0.0196078431372549,51,2.391790934637481,3.1043700873851776,3.8251467049121857,0,103
candidate,20261029,1,2,-32.0,3.0,0,0,0,0,0,0,0,0.0196078431372549,51,2.3156757667368533,2.8759781271219254,3.118487074971199,0,103
candidate,20261029,2,2,-32.0,3.0,0,0,0,0,0,0,0,0.0392156862745098,51,2.231526827695323,2.6552490890026093,2.811850979924202,0,103
candidate,20261029,3,2,96.0,1.0,1,1,0,0,0,0,0,0.0,52,2.3851082660257816,3.2564009539782997,4.9185603857040405,0,103
candidate,20261030,0,1,34.0,1.0,1,0,0,0,0,0,0,0.058823529411764705,34,2.319879884667256,2.820080518722534,2.9197148978710175,0,68
candidate,20261030,1,1,-18.0,4.0,0,0,1,10,0,0,0,0.058823529411764705,34,2.29001697152853,2.823573164641857,2.955690026283264,0,68
candidate,20261030,2,1,-8.0,2.5,0,0,0,0,0,0,0,0.058823529411764705,34,2.250486984848976,2.9087457805871964,2.931607887148857,0,68
candidate,20261030,3,1,-19.0,3.0,0,0,0,0,0,0,0,0.0,34,2.4134026402059723,3.1210388988256454,5.703989416360855,0,69
candidate,20261031,0,2,-8.0,2.5,0,0,0,0,0,0,0,0.047619047619047616,42,2.3307823354289647,2.856708783656358,3.309745341539383,0,84
candidate,20261031,1,2,-8.0,2.5,0,0,0,0,0,0,0,0.05128205128205128,39,2.281838168318455,2.798205241560936,2.910453826189041,0,78
candidate,20261031,2,2,54.0,1.0,1,1,0,0,0,0,0,0.0,42,2.340276548195453,3.3076221123337746,3.3209286630153656,0,83
candidate,20261031,3,2,-22.0,4.0,0,0,1,14,0,0,0,0.05128205128205128,39,2.4258406498493295,3.5044416785240196,6.665168330073357,0,78
candidate,20261032,0,1,-8.0,2.5,0,0,0,0,0,0,0,0.058823529411764705,34,2.354264149771017,2.9614269733428955,3.020714968442917,0,68
candidate,20261032,1,1,57.0,1.0,1,1,0,0,0,0,0,0.03125,32,2.349687390960753,2.688396442681551,5.243564024567604,0,63
candidate,20261032,2,1,-20.0,3.0,0,0,0,0,0,0,0,0.0,31,2.3911381440777935,3.1906142830848694,3.2857581973075867,0,63
candidate,20261032,3,1,-20.0,3.0,0,0,0,0,0,0,0,0.03225806451612903,31,2.2303087096060477,2.739633433520794,2.8075184673070908,0,63
candidate,20261033,0,0,0.0,2.5,0,0,0,0,0,1,1,0.012345679012345678,81,2.3839382661713495,3.1600594520568848,3.475908190011978,0,161
candidate,20261033,1,0,33.0,1.0,1,0,0,0,0,0,0,0.025,80,2.4123895447701216,3.1348489224910736,5.135061219334602,0,159
candidate,20261033,2,0,-8.0,2.5,0,0,0,0,0,0,0,0.013157894736842105,76,2.307966743644915,2.9689790681004524,3.3888574689626694,0,153
candidate,20261033,3,0,33.0,1.0,1,0,0,0,0,0,0,0.0,74,2.378484989340241,3.157272655516863,6.345503032207489,0,148
candidate,20261034,0,2,-21.0,4.0,0,0,1,13,0,0,0,0.02702702702702703,37,2.340995782130473,2.8850477188825607,3.0461400747299194,0,74
candidate,20261034,1,2,-8.0,2.5,0,0,0,0,0,0,0,0.08108108108108109,37,2.386601339723613,2.7932431548833847,7.496710866689682,0,74
candidate,20261034,2,2,-8.0,2.5,0,0,0,0,0,0,0,0.02702702702702703,37,2.231731004006154,2.684539556503296,2.793246880173683,0,74
candidate,20261034,3,2,37.0,1.0,1,0,0,0,0,0,0,0.08108108108108109,37,2.2077776894376084,2.7786914259195323,2.9473528265953064,0,74
candidate,20261035,0,0,0.0,2.5,0,0,0,0,0,1,0,0.012048192771084338,83,2.3542706327266005,2.8461495414376246,5.505086854100227,0,166
candidate,20261035,1,0,-8.0,2.5,0,0,0,0,0,0,0,0.0,44,2.3439485495063392,2.7916956692934036,5.044091492891312,0,88
candidate,20261035,2,0,-8.0,2.5,0,0,0,0,0,0,0,0.03125,64,2.3107258311938494,2.915012650191784,4.56705316901207,0,129
candidate,20261035,3,0,0.0,2.5,0,0,0,0,0,1,0,0.023809523809523808,84,2.261599503634941,2.8665730729699135,3.8416869938373566,0,169
candidate,20261036,0,1,-27.0,4.0,0,0,1,19,0,0,0,0.044444444444444446,45,2.3793538411458335,2.984702587127685,4.080692306160927,0,90
candidate,20261036,1,1,43.0,1.0,1,0,0,0,0,0,0,0.022222222222222223,45,2.3436917199028864,3.011422231793403,3.734661266207695,0,90
candidate,20261036,2,1,-17.0,4.0,0,0,1,9,0,0,0,0.0,38,2.3597716108748785,3.161154128611088,3.17341648042202,0,76
candidate,20261036,3,1,51.0,1.0,1,1,0,0,0,0,0,0.025,40,2.2432799451053143,2.8267454355955124,2.9139388352632523,0,79
candidate,20261037,0,0,-20.0,4.0,0,0,1,12,0,0,0,0.017857142857142856,56,2.2895756576742445,2.612695563584566,2.9189828783273697,0,112
candidate,20261037,1,0,-18.0,4.0,0,0,1,10,0,0,0,0.0,45,2.300843389497863,2.840019017457962,2.8951242566108704,0,90
candidate,20261037,2,0,34.0,1.0,1,0,0,0,0,0,0,0.037037037037037035,54,2.2233767365967787,2.7488240040838714,2.819078043103218,0,108
candidate,20261037,3,0,-8.0,2.5,0,0,0,0,0,0,0,0.05555555555555555,54,2.206039339028023,2.597329765558243,2.755986526608467,0,108
candidate,20261038,0,2,36.0,1.0,1,0,0,0,0,0,0,0.0392156862745098,51,2.3476415697266075,2.862888388335705,4.552785307168961,0,102
candidate,20261038,1,2,-19.0,4.0,0,0,1,11,0,0,0,0.047619047619047616,21,2.258447309335073,2.7762707322835922,2.8270166367292404,0,42
candidate,20261038,2,2,-8.0,2.5,0,0,0,0,0,0,0,0.047619047619047616,21,2.288352609390304,2.7521084994077682,3.742525354027748,0,42
candidate,20261038,3,2,-8.0,2.5,0,0,0,0,0,0,0,0.0,21,2.4184355778353557,2.922501415014267,5.104787647724152,0,42
candidate,20261039,0,0,-8.0,2.5,0,0,0,0,0,0,0,0.05,40,2.3523001931607723,2.6577533222734924,4.80683334171772,0,80
candidate,20261039,1,0,-18.0,4.0,0,0,1,10,0,0,0,0.11904761904761904,42,2.2777154420812926,2.617193665355444,4.098610952496529,0,84
candidate,20261039,2,0,-8.0,2.5,0,0,0,0,0,0,0,0.025,40,2.219997998327017,2.684983517974615,2.714628353714943,0,80
candidate,20261039,3,0,32.0,1.0,1,0,0,0,0,0,0,0.0196078431372549,51,2.2671693095973895,2.891005016863346,2.986634150147438,0,102
candidate,20261040,0,2,-26.0,3.0,0,0,0,0,0,0,0,0.030303030303030304,33,2.3586588036833387,2.9351044446229935,3.0402857810258865,0,67
candidate,20261040,1,2,75.0,1.0,1,1,0,0,0,0,0,0.05128205128205128,39,2.2805166454651418,2.959581650793553,3.1813979148864746,0,77
candidate,20261040,2,2,-24.0,4.0,0,0,1,16,0,0,0,0.05555555555555555,36,2.355069387704134,2.797179389744997,6.096851080656052,0,72
candidate,20261040,3,2,-8.0,2.5,0,0,0,0,0,0,0,0.044444444444444446,45,2.298944112327364,2.7967043220996857,4.768982529640198,0,90
candidate,20261041,0,2,35.0,1.0,1,0,0,0,0,0,0,0.017857142857142856,56,2.3337586649826596,2.839901950210333,2.9011648148298264,0,112
candidate,20261041,1,2,-8.0,2.5,0,0,0,0,0,0,0,0.047619047619047616,63,2.2637384337565254,2.6445746421813965,2.8280168771743774,0,126
candidate,20261041,2,2,-16.0,4.0,0,0,1,8,0,0,0,0.05357142857142857,56,2.2826697012143478,2.6598642580211163,5.164327099919319,0,112
candidate,20261041,3,2,-8.0,2.5,0,0,0,0,0,0,0,0.017857142857142856,56,2.2305616044572423,2.6965849101543427,2.7236100286245346,0,112
candidate,20261042,0,1,48.0,1.0,1,0,0,0,0,0,0,0.0,35,2.3266682667391643,2.8115088120102882,2.833399921655655,0,70
candidate,20261042,1,1,-8.0,2.5,0,0,0,0,0,0,0,0.0,35,2.304061023252351,2.8368614614009857,3.099074587225914,0,70
candidate,20261042,2,1,-32.0,4.0,0,0,1,24,0,0,0,0.02857142857142857,35,2.256705186196736,2.7310317382216454,2.848586067557335,0,70
candidate,20261042,3,1,-8.0,2.5,0,0,0,0,0,0,0,0.02857142857142857,35,2.227113608803068,2.708716131746769,2.792784944176674,0,70
candidate,20261043,0,2,-17.0,4.0,0,0,1,9,0,0,0,0.027777777777777776,72,2.363363332632515,2.8853447176516056,5.177851766347885,0,144
candidate,20261043,1,2,33.0,1.0,1,0,0,0,0,0,0,0.0,74,2.6011475034662195,4.02550809085369,5.474807694554329,0,148
candidate,20261043,2,2,-8.0,2.5,0,0,0,0,0,0,0,0.013888888888888888,72,2.3778852644479938,2.76394197717309,5.712408572435379,0,144
candidate,20261043,3,2,-8.0,2.5,0,0,0,0,0,0,0,0.041666666666666664,72,2.248117674349083,2.649571374058724,4.703273996710777,0,144
candidate,20261044,0,1,-8.0,2.5,0,0,0,0,0,0,0,0.025974025974025976,77,2.340218463501373,2.7908552438020706,4.059042781591415,0,154
candidate,20261044,1,1,-8.0,2.5,0,0,0,0,0,0,0,0.04081632653061224,49,2.249767395610712,2.6772987097501755,2.7309097349643707,0,98
candidate,20261044,2,1,-24.0,4.0,0,0,1,16,0,0,0,0.0,45,2.3345723334285946,2.8819438070058823,5.097627639770508,0,90
candidate,20261044,3,1,-8.0,2.5,0,0,0,0,0,0,0,0.04225352112676056,71,2.257372921621296,2.637219615280628,5.280526354908943,0,142
candidate,20261045,0,2,-8.0,2.5,0,0,0,0,0,0,0,0.015625,64,2.3962160921655595,3.0636967159807664,4.601519554853439,0,129
candidate,20261045,1,2,34.0,1.0,1,0,0,0,0,0,0,0.030303030303030304,66,2.275715074078603,2.6114853098988533,5.030320957303047,0,132
candidate,20261045,2,2,38.0,1.0,1,0,0,0,0,0,0,0.04225352112676056,71,2.2423661143427163,2.5372710078954697,4.23109345138073,0,143
candidate,20261045,3,2,-8.0,2.5,0,0,0,0,0,0,0,0.03125,64,2.2763813321944326,2.8275942429900165,2.9225945472717285,0,129
candidate,20261046,0,0,78.0,1.0,1,1,0,0,0,0,0,0.020833333333333332,48,2.3207030026242137,2.920509409159422,3.0075758695602417,0,95
candidate,20261046,1,0,-8.0,2.5,0,0,0,0,0,0,0,0.058823529411764705,51,2.2843718967017006,2.851041965186596,2.9307156801223755,0,102
candidate,20261046,2,0,50.0,1.0,1,0,0,0,0,0,0,0.0,69,2.3721349358126735,3.1302928924560547,3.97612527012825,0,138
candidate,20261046,3,0,32.0,1.0,1,0,0,0,0,0,0,0.0196078431372549,51,2.2982982005558763,2.937261015176773,3.031400963664055,0,102
candidate,20261047,0,0,-8.0,2.5,0,0,0,0,0,0,0,0.0,54,2.450282512991517,3.314392454922198,3.8102082908153534,0,108
candidate,20261047,1,0,33.0,1.0,1,0,0,0,0,0,0,0.06521739130434782,46,2.225004217546919,2.5179125368595123,2.7263686060905457,0,92
candidate,20261047,2,0,33.0,1.0,1,0,0,0,0,0,0,0.017543859649122806,57,2.296722347014829,3.0701138079166412,3.1969361007213593,0,114
candidate,20261047,3,0,34.0,1.0,1,0,0,0,0,0,0,0.045454545454545456,44,2.264415379613638,2.8447892516851425,3.935808315873146,0,88
candidate,20261048,0,1,57.0,1.0,1,1,0,0,0,0,0,0.03278688524590164,61,2.304275901835473,2.7231574058532715,3.5119280219078064,0,121
candidate,20261048,1,1,-8.0,2.5,0,0,0,0,0,0,0,0.046153846153846156,65,2.2581342034615,2.628425881266594,4.396863281726837,0,130
candidate,20261048,2,1,-19.0,3.0,0,0,0,0,0,0,0,0.016666666666666666,60,2.2894615617891154,2.813420165330171,3.4846030175685883,0,121
candidate,20261048,3,1,-19.0,3.0,0,0,0,0,0,0,0,0.016666666666666666,60,2.253974167009195,2.764678467065096,2.7959998697042465,0,121
candidate,20261049,0,2,-16.0,4.0,0,0,1,8,0,0,0,0.046511627906976744,43,2.4041665588007417,2.943761646747589,4.0880367159843445,0,86
candidate,20261049,1,2,-20.0,3.0,0,0,0,0,0,0,0,0.06,50,2.299356982111931,2.711722999811172,5.790162831544876,0,101
candidate,20261049,2,2,-8.0,2.5,0,0,0,0,0,0,0,0.034482758620689655,58,2.260818274627472,2.812202461063862,2.914726734161377,0,117
candidate,20261049,3,2,-22.0,3.0,0,0,0,0,0,0,0,0.06,50,2.290603928267956,2.6331858709454536,6.166005507111549,0,101
candidate,20261050,0,1,-8.0,2.5,0,0,0,0,0,0,0,0.0,64,2.4129499215632677,3.1689959578216076,3.3289678394794464,0,128
candidate,20261050,1,1,-8.0,2.5,0,0,0,0,0,0,0,0.0,64,2.3499615490436554,2.884501125663519,5.307503044605255,0,128
candidate,20261050,2,1,33.0,1.0,1,0,0,0,0,0,0,0.03125,64,2.2627627186011523,2.6701717637479305,5.535505712032318,0,128
candidate,20261050,3,1,54.0,1.0,1,1,0,0,0,0,0,0.0,64,2.364042622502893,3.1171279028058048,4.070349037647247,0,127
candidate,20261051,0,3,35.0,1.0,1,0,0,0,0,0,0,0.016129032258064516,62,2.3530713252482878,2.810802310705185,4.653384909033775,0,124
candidate,20261051,1,3,-19.0,4.0,0,0,1,11,0,0,0,0.03225806451612903,62,2.357458665726646,2.884860336780548,5.586815997958183,0,124
candidate,20261051,2,3,-18.0,4.0,0,0,1,10,0,0,0,0.0,43,2.397663024968879,2.840912528336048,7.6367054134607315,0,86
candidate,20261051,3,3,-31.0,4.0,0,0,1,23,0,0,0,0.027777777777777776,72,2.268811584346824,2.8294588439166555,4.145285114645958,0,144
candidate,20261052,0,1,-23.0,4.0,0,0,1,15,0,0,0,0.043478260869565216,46,2.340387026576892,2.8544054366648197,3.4297388046979904,0,92
candidate,20261052,1,1,-8.0,2.5,0,0,0,0,0,0,0,0.021739130434782608,46,2.6208634447792303,3.9063734002411366,6.64856843650341,0,92
candidate,20261052,2,1,39.0,1.0,1,0,0,0,0,0,0,0.043478260869565216,46,2.2181025908693024,2.651290502399206,2.850830554962158,0,92
candidate,20261052,3,1,-23.0,3.0,0,0,0,0,0,0,0,0.03333333333333333,60,2.2862701676785946,2.804665733128786,3.563299775123596,0,121
candidate,20261053,0,0,-17.0,4.0,0,0,1,9,0,0,0,0.06451612903225806,31,2.3510928355878398,2.970541827380657,3.1019411981105804,0,63
candidate,20261053,1,0,-8.0,2.5,0,0,0,0,0,0,0,0.0,31,2.318952773367205,2.9187239706516266,3.0891448259353638,0,63
candidate,20261053,2,0,34.0,1.0,1,0,0,0,0,0,0,0.0967741935483871,31,2.2328878121991313,2.760891802608967,2.786463126540184,0,63
candidate,20261053,3,0,-22.0,4.0,0,0,1,14,0,0,0,0.03225806451612903,31,2.294732077467826,2.8168093413114548,2.850983291864395,0,61
candidate,20261054,0,3,-19.0,4.0,0,0,1,11,0,0,0,0.02631578947368421,38,2.410080479948144,3.0678030103445053,3.1755510717630386,0,76
candidate,20261054,1,3,-8.0,2.5,0,0,0,0,0,0,0,0.05,40,2.2365648299455643,2.605195716023445,2.8105396777391434,0,80
candidate,20261054,2,3,35.0,1.0,1,0,0,0,0,0,0,0.0,40,2.3194560315459967,3.0907872132956977,3.4359823912382126,0,80
candidate,20261054,3,3,-8.0,2.5,0,0,0,0,0,0,0,0.058823529411764705,34,2.2624679019345955,2.8514038771390915,2.886800095438957,0,68
candidate,20261055,0,3,-8.0,2.5,0,0,0,0,0,0,0,0.046511627906976744,43,2.340496539376503,2.908720262348652,2.9645878821611404,0,86
candidate,20261055,1,3,-21.0,3.0,0,0,0,0,0,0,0,0.0,59,2.4148175587593497,3.331335261464119,3.3866409212350845,0,119
candidate,20261055,2,3,-8.0,2.5,0,0,0,0,0,0,0,0.0273972602739726,73,2.2424497475771057,2.8546929359436035,2.915201708674431,0,146
candidate,20261055,3,3,-19.0,3.0,0,0,0,0,0,0,0,0.01694915254237288,59,2.3330672628293603,2.8100365772843356,5.388975143432617,0,119
candidate,20261056,0,1,-20.0,4.0,0,0,1,12,0,0,0,0.017857142857142856,56,2.3918451541768655,2.7966825291514397,6.599146872758865,0,112
candidate,20261056,1,1,35.0,1.0,1,0,0,0,0,0,0,0.021739130434782608,46,2.3740437286703484,2.8939000330865383,4.5895054936409,0,92
candidate,20261056,2,1,-8.0,2.5,0,0,0,0,0,0,0,0.03225806451612903,62,2.325240823049699,2.686062268912792,4.800092428922653,0,124
candidate,20261056,3,1,36.0,1.0,1,0,0,0,0,0,0,0.016129032258064516,62,2.2792019430668122,2.772307489067316,2.9046013951301575,0,124
candidate,20261057,0,3,-16.0,3.0,0,0,0,0,0,0,0,0.03636363636363636,55,2.3336382752115075,2.9121372848749156,3.1530912965536118,0,111
candidate,20261057,1,3,-8.0,2.5,0,0,0,0,0,0,0,0.03225806451612903,62,2.262312678560134,2.680082246661186,2.858733758330345,0,124
candidate,20261057,2,3,48.0,1.0,1,1,0,0,0,0,0,0.034482758620689655,58,2.2101171700091196,2.6504604145884514,2.7946829795837402,0,115
candidate,20261057,3,3,37.0,1.0,1,0,0,0,0,0,0,0.03571428571428571,56,2.2513627939458405,2.6292060501873493,4.513604566454887,0,112
candidate,20261058,0,2,-8.0,2.5,0,0,0,0,0,0,0,0.0,65,2.468266481390366,3.277277946472168,3.4077372401952744,0,130
candidate,20261058,1,2,48.0,1.0,1,0,0,0,0,0,0,0.038461538461538464,52,2.365343487606599,3.022891003638506,3.931725397706032,0,104
candidate,20261058,2,2,-8.0,2.5,0,0,0,0,0,0,0,0.0,74,2.283382078481687,2.902639750391245,2.93673574924469,0,148
candidate,20261058,3,2,32.0,1.0,1,0,0,0,0,0,0,0.05,40,2.278509084135294,2.82529117539525,3.06699238717556,0,80
candidate,20261059,0,1,-23.0,3.0,0,0,0,0,0,0,0,0.030303030303030304,33,2.3807961719505712,2.9838435351848602,3.0618999153375626,0,67
candidate,20261059,1,1,-8.0,2.5,0,0,0,0,0,0,0,0.0,47,2.5118110661811017,3.433422371745109,5.998820066452026,0,94
candidate,20261059,2,1,-23.0,3.0,0,0,0,0,0,0,0,0.029411764705882353,34,2.2442607647355866,2.676610369235277,2.7552153915166855,0,69
candidate,20261059,3,1,-8.0,2.5,0,0,0,0,0,0,0,0.0851063829787234,47,2.1939134581926023,2.59057842195034,2.8051435947418213,0,94
candidate,20261060,0,1,-8.0,2.5,0,0,0,0,0,0,0,0.016129032258064516,62,2.353954819902297,2.9747750610113144,3.073517233133316,0,124
candidate,20261060,1,1,34.0,1.0,1,0,0,0,0,0,0,0.016666666666666666,60,2.330449130386114,3.0138198286294933,3.138897940516472,0,120
candidate,20261060,2,1,-22.0,3.0,0,0,0,0,0,0,0,0.0,63,2.335342386412242,3.0491411685943604,4.278784617781639,0,127
candidate,20261060,3,1,-18.0,4.0,0,0,1,10,0,0,0,0.0,60,2.3462307018538318,3.138082008808851,3.320874646306038,0,120
candidate,20261061,0,3,42.0,1.0,1,0,0,0,0,0,0,0.017857142857142856,56,2.3885308764874935,3.022190183401108,4.779383540153503,0,112
candidate,20261061,1,3,48.0,1.0,1,1,0,0,0,0,0,0.013513513513513514,74,2.2600783991652564,2.7116715908050537,2.8220638632774353,0,147
candidate,20261061,2,3,-8.0,2.5,0,0,0,0,0,0,0,0.04081632653061224,49,2.2689901976561058,2.8588935732841487,4.142472520470619,0,98
candidate,20261061,3,3,-20.0,3.0,0,0,0,0,0,0,0,0.0,72,2.3617512132558556,3.2214746810495853,3.5009682178497314,0,145
candidate,20261062,0,1,-19.0,4.0,0,0,1,11,0,0,0,0.03389830508474576,59,2.318301853739609,2.795913070440292,3.0133798718452454,0,118
candidate,20261062,1,1,-17.0,4.0,0,0,1,9,0,0,0,0.046875,64,2.230285608675331,2.6222260668873787,2.7754567563533783,0,128
candidate,20261062,2,1,-21.0,3.0,0,0,0,0,0,0,0,0.0,46,2.3664670550952787,3.0437405221164227,5.598526448011398,0,93
candidate,20261062,3,1,-19.0,3.0,0,0,0,0,0,0,0,0.046511627906976744,43,2.2705283535774363,2.8003232553601265,2.993907779455185,0,87
candidate,20261063,0,0,-8.0,2.5,0,0,0,0,0,0,0,0.0,34,2.322503091657863,2.8629329055547714,2.8729774057865143,0,68
candidate,20261063,1,0,-8.0,2.5,0,0,0,0,0,0,0,0.05172413793103448,58,2.2082581216919013,2.567127905786037,2.7594920247793198,0,116
candidate,20261063,2,0,-17.0,4.0,0,0,1,9,0,0,0,0.0,34,2.264016800943543,2.819776628166437,2.8726477175951004,0,68
candidate,20261063,3,0,33.0,1.0,1,0,0,0,0,0,0,0.024390243902439025,41,2.258093164461415,2.8297211974859238,2.9204469174146652,0,82
candidate,20261064,0,3,33.0,1.0,1,0,0,0,0,0,0,0.016666666666666666,60,2.322213569035133,2.8227035887539382,3.0260756611824036,0,120
candidate,20261064,1,3,-8.0,2.5,0,0,0,0,0,0,0,0.061224489795918366,49,2.2347025117095636,2.610946446657181,2.714233472943306,0,98
candidate,20261064,2,3,33.0,1.0,1,0,0,0,0,0,0,0.061224489795918366,49,2.2003779149785334,2.567628398537635,2.7320291846990585,0,98
candidate,20261064,3,3,-18.0,3.0,0,0,0,0,0,0,0,0.0,51,2.3048698682995403,3.0485987663269043,3.341022878885269,0,103
candidate,20261065,0,1,-8.0,2.5,0,0,0,0,0,0,0,0.0,47,2.415440857727477,3.063931316137314,3.0978992581367493,0,94
candidate,20261065,1,1,32.0,1.0,1,0,0,0,0,0,0,0.02127659574468085,47,2.362378694592638,2.8182376176118846,6.556801497936249,0,94
candidate,20261065,2,1,-16.0,4.0,0,0,1,8,0,0,0,0.0,18,2.2655805158946247,2.8678108006715775,2.892395481467247,0,36
candidate,20261065,3,1,-8.0,2.5,0,0,0,0,0,0,0,0.0425531914893617,47,2.247322073325198,2.668525092303753,3.264704719185829,0,94
candidate,20261066,0,1,-28.0,4.0,0,0,1,20,0,0,0,0.06060606060606061,33,2.3150313645601273,2.7385979890823364,3.1317155808210373,0,66
candidate,20261066,1,1,44.0,1.0,1,0,0,0,0,0,0,0.030303030303030304,33,2.3537458231051764,3.0304692685604095,3.0969269573688507,0,66
candidate,20261066,2,1,-8.0,2.5,0,0,0,0,0,0,0,0.06060606060606061,33,2.249812199310823,2.8326187282800674,2.910347655415535,0,66
candidate,20261066,3,1,-8.0,2.5,0,0,0,0,0,0,0,0.030303030303030304,33,2.2824770121863396,2.8975505381822586,2.980675548315048,0,66
candidate,20261067,0,2,-8.0,2.5,0,0,0,0,0,0,0,0.05454545454545454,55,2.2863783958283337,2.588295377790928,3.63055057823658,0,110
candidate,20261067,1,2,-17.0,4.0,0,0,1,9,0,0,0,0.03636363636363636,55,2.3044622418555347,2.865067310631275,2.96037457883358,0,110
candidate,20261067,2,2,43.0,1.0,1,0,0,0,0,0,0,0.017543859649122806,57,2.312152401397103,2.822916954755783,5.660923197865486,0,114
candidate,20261067,3,2,33.0,1.0,1,0,0,0,0,0,0,0.01818181818181818,55,2.2495693442496387,2.863452397286892,3.004560247063637,0,110
candidate,20261068,0,2,-22.0,4.0,0,0,1,14,0,0,0,0.037037037037037035,27,2.3273639380931854,2.8276097029447556,2.8527267277240753,0,54
candidate,20261068,1,2,-17.0,4.0,0,0,1,9,0,0,0,0.06818181818181818,44,2.2127370519394223,2.55220765247941,2.759234979748726,0,88
candidate,20261068,2,2,33.0,1.0,1,0,0,0,0,0,0,0.045454545454545456,44,2.1969649348069322,2.568656485527754,2.620711922645569,0,88
candidate,20261068,3,2,-8.0,2.5,0,0,0,0,0,0,0,0.0,44,2.3262590931897815,3.0218852683901787,3.2734517008066177,0,88
candidate,20261069,0,1,33.0,1.0,1,0,0,0,0,0,0,0.04081632653061224,49,2.2555038865123476,2.534496784210205,2.8403066098690033,0,98
candidate,20261069,1,1,34.0,1.0,1,0,0,0,0,0,0,0.029411764705882353,68,2.2697601850856755,2.757193800061941,2.9073860496282578,0,136
candidate,20261069,2,1,-8.0,2.5,0,0,0,0,0,0,0,0.028169014084507043,71,2.2427853931423645,2.7875471860170364,2.8772447258234024,0,142
candidate,20261069,3,1,-8.0,2.5,0,0,0,0,0,0,0,0.02040816326530612,49,2.222776641042865,2.7265265583992,2.799246460199356,0,98
candidate,20261070,0,3,-8.0,2.5,0,0,0,0,0,0,0,0.0,56,2.3362597650183097,2.842752728611231,2.8733499348163605,0,112
candidate,20261070,1,3,-26.0,3.0,0,0,0,0,0,0,0,0.02631578947368421,76,2.274591573759129,2.712271176278591,2.8587449342012405,0,153
candidate,20261070,2,3,37.0,1.0,1,0,0,0,0,0,0,0.02,50,2.2502804920077324,2.770167775452137,2.819651737809181,0,100
candidate,20261070,3,3,99.0,1.0,1,1,0,0,0,0,0,0.0,48,2.2995638428255916,2.990362234413624,2.998633310198784,0,95
candidate,20261071,0,3,-8.0,2.5,0,0,0,0,0,0,0,0.023255813953488372,43,2.4108214000629826,3.296087495982647,3.6851633340120316,0,86
candidate,20261071,1,3,-16.0,3.0,0,0,0,0,0,0,0,0.045454545454545456,44,2.2610103372823107,2.7902710251510143,2.9180124402046204,0,89
candidate,20261071,2,3,41.0,1.0,1,0,0,0,0,0,0,0.018867924528301886,53,2.2871791613551804,2.819683775305748,2.872427925467491,0,106
candidate,20261071,3,3,-16.0,3.0,0,0,0,0,0,0,0,0.047619047619047616,42,2.2482349138174738,2.661934122443199,2.8246063739061356,0,85
candidate,20261072,0,0,-8.0,2.5,0,0,0,0,0,0,0,0.02702702702702703,74,2.3463431846451117,2.9066435992717743,3.0191000550985336,0,149
candidate,20261072,1,0,-17.0,4.0,0,0,1,9,0,0,0,0.022727272727272728,44,2.29072587733919,2.715506497770548,3.0787568539381027,0,88
candidate,20261072,2,0,32.0,1.0,1,0,0,0,0,0,0,0.01639344262295082,61,2.2381612511931874,2.7247201651334763,2.825789153575897,0,122
candidate,20261072,3,0,33.0,1.0,1,0,0,0,0,0,0,0.03278688524590164,61,2.2106631735309223,2.7149077504873276,2.8151758015155792,0,122
candidate,20261073,0,1,-21.0,3.0,0,0,0,0,0,0,0,0.0,18,2.344407969050937,2.7998290956020355,2.845287322998047,0,37
candidate,20261073,1,1,-21.0,3.0,0,0,0,0,0,0,0,0.05555555555555555,18,2.2787869804435306,2.6984626427292824,2.790439873933792,0,37
candidate,20261073,2,1,63.0,1.0,1,1,0,0,0,0,0,0.0,19,2.3126435515127683,3.1115181744098663,3.1829755753278732,0,37
candidate,20261073,3,1,-21.0,3.0,0,0,0,0,0,0,0,0.0,18,2.257791244321399,2.827716153115034,2.846077084541321,0,37
candidate,20261074,0,1,-8.0,2.5,0,0,0,0,0,0,0,0.0,56,2.5030504246907577,3.337383270263672,3.490110859274864,0,112
candidate,20261074,1,1,-16.0,4.0,0,0,1,8,0,0,0,0.017857142857142856,56,2.4277868547609875,3.0583334155380726,5.012974143028259,0,112
candidate,20261074,2,1,-8.0,2.5,0,0,0,0,0,0,0,0.03571428571428571,56,2.239507024309465,2.7159983292222023,2.848263829946518,0,112
candidate,20261074,3,1,32.0,1.0,1,0,0,0,0,0,0,0.018518518518518517,54,2.350813916160001,3.3695912919938555,3.961727023124695,0,108
candidate,20261075,0,0,-8.0,2.5,0,0,0,0,0,0,0,0.023809523809523808,42,2.339273425085204,2.813626267015934,3.589903935790062,0,84
candidate,20261075,1,0,32.0,1.0,1,0,0,0,0,0,0,0.04081632653061224,49,2.298483739093858,2.8234049677848816,3.6845970898866653,0,98
candidate,20261075,2,0,-8.0,2.5,0,0,0,0,0,0,0,0.0,42,2.653453809519609,3.9452034980058657,4.600228741765022,0,84
candidate,20261075,3,0,0.0,2.5,0,0,0,0,0,1,1,0.023255813953488372,86,2.2402360472221705,2.70353676751256,2.874685451388359,0,172
candidate,20261076,0,3,34.0,1.0,1,0,0,0,0,0,0,0.022727272727272728,44,2.3094065995378927,2.7970056980848312,2.841958776116371,0,88
candidate,20261076,1,3,-8.0,2.5,0,0,0,0,0,0,0,0.0,44,2.370339183306152,3.266798425465822,3.3963117748498917,0,88
candidate,20261076,2,3,-8.0,2.5,0,0,0,0,0,0,0,0.022727272727272728,44,2.2447144358672877,2.722855005413294,2.7444157749414444,0,88
candidate,20261076,3,3,-20.0,3.0,0,0,0,0,0,0,0,0.0,40,2.3455407470464706,3.082185424864292,3.241531550884247,0,81
candidate,20261077,0,0,-8.0,2.5,0,0,0,0,0,0,0,0.0,84,2.3689213918433305,2.910081297159195,2.9667001217603683,0,168
candidate,20261077,1,0,-8.0,2.5,0,0,0,0,0,0,0,0.05172413793103448,58,2.1887155378173135,2.4736953899264336,2.6943758130073547,0,116
candidate,20261077,2,0,-8.0,2.5,0,0,0,0,0,0,0,0.017241379310344827,58,2.384354456745345,3.0559749342501163,6.53432309627533,0,116
candidate,20261077,3,0,-17.0,4.0,0,0,1,9,0,0,0,0.0,42,2.35502581511225,3.1765330582857128,3.4111905843019485,0,84
candidate,20261078,0,3,-8.0,2.5,0,0,0,0,0,0,0,0.021739130434782608,46,2.2839253120448277,2.6313713751733303,2.8083305805921555,0,92
candidate,20261078,1,3,-30.0,4.0,0,0,1,22,0,0,0,0.06521739130434782,46,2.2491374579460723,2.6931683532893658,2.786584198474884,0,92
candidate,20261078,2,3,46.0,1.0,1,0,0,0,0,0,0,0.043478260869565216,46,2.258744333749232,2.77735386043787,2.8770864009857178,0,92
candidate,20261078,3,3,-8.0,2.5,0,0,0,0,0,0,0,0.06521739130434782,46,2.280424834917421,2.6687649078667164,6.097136065363884,0,92
candidate,20261079,0,2,-22.0,3.0,0,0,0,0,0,0,0,0.0625,32,2.289222495164722,2.6684001088142395,2.842007204890251,0,65
candidate,20261079,1,2,66.0,1.0,1,1,0,0,0,0,0,0.0,33,2.3276732500755424,3.105302155017853,3.136841580271721,0,65
candidate,20261079,2,2,-22.0,3.0,0,0,0,0,0,0,0,0.03125,32,2.260341541841626,2.8186162002384663,2.8769150376319885,0,65
candidate,20261079,3,2,-22.0,3.0,0,0,0,0,0,0,0,0.03125,32,2.2222468396648765,2.752277348190546,2.7999449521303177,0,65
candidate,20261080,0,2,-31.0,4.0,0,0,1,23,0,0,0,0.0,56,2.46666042533304,3.3360766246914864,3.8588009774684906,0,112
candidate,20261080,1,2,47.0,1.0,1,0,0,0,0,0,0,0.03333333333333333,60,2.2369882091879845,2.613750845193863,2.7843043208122253,0,120
candidate,20261080,2,2,0.0,2.5,0,0,0,0,0,1,1,0.03529411764705882,85,2.230781053795534,2.6479873806238174,2.6667844504117966,0,170
candidate,20261080,3,2,-18.0,4.0,0,0,1,10,0,0,0,0.0,62,2.281418310538415,2.884891163557768,2.9533319175243378,0,124
candidate,20261081,0,2,-21.0,4.0,0,0,1,13,0,0,0,0.01639344262295082,61,2.3243026349876748,2.7866102755069733,2.8565414249897003,0,123
candidate,20261081,1,2,-21.0,3.0,0,0,0,0,0,0,0,0.02857142857142857,70,2.2643644894872392,2.699760254472494,2.8579141944646835,0,140
candidate,20261081,2,2,-8.0,2.5,0,0,0,0,0,0,0,0.0425531914893617,47,2.23213311364042,2.7485495433211318,2.8186235576868057,0,95
candidate,20261081,3,2,40.0,1.0,1,0,0,0,0,0,0,0.0,54,2.411962245349531,3.531796485185623,3.916379064321518,0,108
candidate,20261082,0,0,-29.0,4.0,0,0,1,21,0,0,0,0.03773584905660377,53,2.3097407845955975,2.8270918875932693,2.9625967144966125,0,106
candidate,20261082,1,0,45.0,1.0,1,0,0,0,0,0,0,0.0,49,2.472376222817265,3.677723184227942,3.8370899856090546,0,98
candidate,20261082,2,0,-28.0,3.0,0,0,0,0,0,0,0,0.023255813953488372,43,2.4388185160797695,3.235260583460331,5.37165068089962,0,87
candidate,20261082,3,0,-8.0,2.5,0,0,0,0,0,0,0,0.02040816326530612,49,2.258751313297116,2.741333097219467,2.809543162584305,0,98
candidate,20261083,0,3,-33.0,3.0,0,0,0,0,0,0,0,0.0,58,2.4792135789476593,3.2760577276349068,6.639029830694199,0,117
candidate,20261083,1,3,-33.0,3.0,0,0,0,0,0,0,0,0.017241379310344827,58,2.4488465539340316,3.4798599779605865,5.795679986476898,0,117
candidate,20261083,2,3,99.0,1.0,1,1,0,0,0,0,0,0.0,59,2.3335056789850785,2.863096073269844,4.791866987943649,0,117
candidate,20261083,3,3,-33.0,3.0,0,0,0,0,0,0,0,0.017241379310344827,58,2.3546354395562203,2.7323066256940365,6.089372560381889,0,117
candidate,20261084,0,2,38.0,1.0,1,0,0,0,0,0,0,0.04918032786885246,61,2.3207527997552373,2.8381124138832092,2.9707197099924088,0,122
candidate,20261084,1,2,39.0,1.0,1,0,0,0,0,0,0,0.08333333333333333,60,2.220811601728201,2.7186155319213867,2.7922838926315308,0,120
candidate,20261084,2,2,-8.0,2.5,0,0,0,0,0,0,0,0.016666666666666666,60,2.278464256475369,2.8787315823137756,3.0178986489772797,0,120
candidate,20261084,3,2,54.0,1.0,1,1,0,0,0,0,0,0.0,42,2.3971670972449437,3.3122388646006584,4.19800728559494,0,83
candidate,20261085,0,2,60.0,1.0,1,1,0,0,0,0,0,0.0,44,2.3897663182155653,3.1236428767442703,3.276307135820389,0,87
candidate,20261085,1,2,-20.0,3.0,0,0,0,0,0,0,0,0.0,43,2.270948834890543,2.8067056089639664,2.8576962649822235,0,87
candidate,20261085,2,2,-20.0,3.0,0,0,0,0,0,0,0,0.06976744186046512,43,2.211718971646109,2.6983922347426414,2.7840323746204376,0,87
candidate,20261085,3,2,-20.0,3.0,0,0,0,0,0,0,0,0.046511627906976744,43,2.2231063610592554,2.7930637821555133,2.8893835842609406,0,87
candidate,20261086,0,0,42.0,1.0,1,0,0,0,0,0,0,0.06818181818181818,44,2.236544154584408,2.4764063768088818,2.761654555797577,0,88
candidate,20261086,1,0,-8.0,2.5,0,0,0,0,0,0,0,0.02564102564102564,39,2.339424278873664,3.052097372710705,3.107616677880287,0,78
candidate,20261086,2,0,-27.0,4.0,0,0,1,19,0,0,0,0.02564102564102564,39,2.2558988764500008,2.7298640459775925,2.783600240945816,0,78
candidate,20261086,3,0,-8.0,2.5,0,0,0,0,0,0,0,0.02564102564102564,39,2.23374791825429,2.70218625664711,2.8031188994646072,0,78
candidate,20261087,0,3,-8.0,2.5,0,0,0,0,0,0,0,0.023809523809523808,42,2.321594749532995,2.8775346465408798,2.909483388066292,0,84
candidate,20261087,1,3,-26.0,4.0,0,0,1,18,0,0,0,0.029411764705882353,34,2.3343067287522206,3.037029784172773,3.1672492623329163,0,68
candidate,20261087,2,3,-8.0,2.5,0,0,0,0,0,0,0,0.0,38,2.285657989743509,2.941483911126852,3.029603511095047,0,76
candidate,20261087,3,3,-26.0,4.0,0,0,1,18,0,0,0,0.03125,32,2.254601160530001,2.8094859793782234,2.8311721980571747,0,64
candidate,20261088,0,1,-31.0,3.0,0,0,0,0,0,0,0,0.04,50,2.2815611585974693,2.643934264779091,2.8246473520994186,0,101
candidate,20261088,1,1,-31.0,3.0,0,0,0,0,0,0,0,0.04,50,2.2769394144415855,2.846724167466163,2.9987916350364685,0,101
candidate,20261088,2,1,-31.0,3.0,0,0,0,0,0,0,0,0.02,50,2.318199835717678,2.9505597427487373,3.235951066017151,0,101
candidate,20261088,3,1,93.0,1.0,1,1,0,0,0,0,0,0.0,51,2.341716495506904,3.241037018597126,3.695352002978325,0,101
candidate,20261089,0,1,34.0,1.0,1,0,0,0,0,0,0,0.02702702702702703,74,2.294848597532994,2.720540948212146,2.940436825156212,0,148
candidate,20261089,1,1,-8.0,2.5,0,0,0,0,0,0,0,0.038461538461538464,78,2.228420251646103,2.545011416077614,2.8760023415088654,0,156
candidate,20261089,2,1,-16.0,3.0,0,0,0,0,0,0,0,0.0,11,2.2730681706558573,2.7653975412249565,2.7673598378896713,0,23
candidate,20261089,3,1,-8.0,2.5,0,0,0,0,0,0,0,0.0196078431372549,51,2.3039867918865355,3.0765775591135025,3.3392366021871567,0,102
candidate,20261090,0,3,51.0,1.0,1,1,0,0,0,0,0,0.047619047619047616,21,2.3263164219402133,2.88240984082222,2.9162056744098663,0,41
candidate,20261090,1,3,-16.0,4.0,0,0,1,8,0,0,0,0.0,18,2.3210027979479895,2.8750449419021606,2.9157977551221848,0,36
candidate,20261090,2,3,-17.0,3.0,0,0,0,0,0,0,0,0.0,20,2.377484180033207,3.2529558986425404,3.6077219992876053,0,41
candidate,20261090,3,3,-17.0,3.0,0,0,0,0,0,0,0,0.0,20,2.288572397083044,2.8768613934516907,2.970723435282707,0,41
candidate,20261091,0,1,-26.0,3.0,0,0,0,0,0,0,0,0.03278688524590164,61,2.277912266674589,2.809470519423485,2.867441624403,0,123
candidate,20261091,1,1,-26.0,3.0,0,0,0,0,0,0,0,0.04918032786885246,61,2.269628137105801,2.7455631643533707,2.8350558131933212,0,123
candidate,20261091,2,1,78.0,1.0,1,1,0,0,0,0,0,0.04838709677419355,62,2.23976508864472,2.75888005271554,2.886088564991951,0,123
candidate,20261091,3,1,-26.0,3.0,0,0,0,0,0,0,0,0.04918032786885246,61,2.219478156967241,2.8287768363952637,2.9206499457359314,0,123
candidate,20261092,0,3,33.0,1.0,1,0,0,0,0,0,0,0.044444444444444446,45,2.4237402611308627,2.9060967266559596,7.135353982448578,0,90
candidate,20261092,1,3,-8.0,2.5,0,0,0,0,0,0,0,0.022222222222222223,45,2.449881575173802,3.528175130486487,5.859512835741043,0,90
candidate,20261092,2,3,-17.0,4.0,0,0,1,9,0,0,0,0.044444444444444446,45,2.2321321070194244,2.778487280011177,2.952907234430313,0,90
candidate,20261092,3,3,-8.0,2.5,0,0,0,0,0,0,0,0.06666666666666667,45,2.3629782100518546,3.712043538689611,4.610544070601463,0,90
candidate,20261093,0,1,-16.0,4.0,0,0,1,8,0,0,0,0.06666666666666667,30,2.2761136293411255,2.555991429835558,2.919502556324005,0,60
candidate,20261093,1,1,-16.0,3.0,0,0,0,0,0,0,0,0.11538461538461539,26,2.3374657074992475,2.561426255851984,5.60341402888298,0,53
candidate,20261093,2,1,-16.0,3.0,0,0,0,0,0,0,0,0.03125,32,2.2602874669246376,2.731273975223303,2.9334556311368942,0,65
candidate,20261093,3,1,48.0,1.0,1,1,0,0,0,0,0,0.037037037037037035,27,2.3387667067624904,2.9678722843527794,4.848938435316086,0,53
candidate,20261094,0,1,-8.0,2.5,0,0,0,0,0,0,0,0.025,40,2.4062325712293386,2.9769700951874256,5.32442145049572,0,80
candidate,20261094,1,1,48.0,1.0,1,1,0,0,0,0,0,0.02,50,2.296590283513069,2.8387752361595626,3.1229015439748764,0,99
candidate,20261094,2,1,-16.0,3.0,0,0,0,0,0,0,0,0.02040816326530612,49,2.2680101802154464,2.828622981905937,3.070872277021408,0,99
candidate,20261094,3,1,-21.0,4.0,0,0,1,13,0,0,0,0.0,40,2.2722921799868345,2.7993835508823395,2.8130561113357544,0,80
candidate,20261095,0,0,54.0,1.0,1,1,0,0,0,0,0,0.017543859649122806,57,2.305557689907258,2.7916617691516876,2.829337492585182,0,113
candidate,20261095,1,0,57.0,1.0,1,1,0,0,0,0,0,0.06451612903225806,62,2.204626678459106,2.6070397347211838,2.6190485805273056,0,123
candidate,20261095,2,0,-17.0,3.0,0,0,0,0,0,0,0,0.01818181818181818,55,2.303309840234843,2.8173664584755898,5.098963156342506,0,111
candidate,20261095,3,0,-19.0,3.0,0,0,0,0,0,0,0,0.0,61,2.49043595595438,3.5720355808734894,3.841256722807884,0,123
candidate,20261096,0,0,-8.0,2.5,0,0,0,0,0,0,0,0.041666666666666664,48,2.3152477806434035,2.817635051906109,3.026992082595825,0,96
candidate,20261096,1,0,34.0,1.0,1,0,0,0,0,0,0,0.10344827586206896,29,2.2069969182384424,2.577793598175049,2.5831572711467743,0,58
candidate,20261096,2,0,-8.0,2.5,0,0,0,0,0,0,0,0.022727272727272728,44,2.251158256761052,2.766350470483303,2.8138309717178345,0,88
candidate,20261096,3,0,-22.0,4.0,0,0,1,14,0,0,0,0.0,40,2.2949146572500467,3.0138117261230946,3.178633749485016,0,80
candidate,20261097,0,1,-8.0,2.5,0,0,0,0,0,0,0,0.037037037037037035,27,2.2634826600551605,2.771157957613468,2.7912650257349014,0,54
candidate,20261097,1,1,-8.0,2.5,0,0,0,0,0,0,0,0.07407407407407407,27,2.2265243309515492,2.665274031460285,2.762898802757263,0,54
candidate,20261097,2,1,33.0,1.0,1,0,0,0,0,0,0,0.037037037037037035,27,2.2751003917720585,2.781965397298336,2.9387399554252625,0,54
candidate,20261097,3,1,-17.0,4.0,0,0,1,9,0,0,0,0.06451612903225806,31,2.228050222319941,2.685362473130226,2.780504524707794,0,62
candidate,20261098,0,3,0.0,2.5,0,0,0,0,0,1,1,0.011764705882352941,85,2.333957899142714,2.8750892728567123,3.1059831380844116,0,170
candidate,20261098,1,3,-8.0,2.5,0,0,0,0,0,0,0,0.024390243902439025,82,2.27505775032247,2.778805047273636,3.0993428081274033,0,164
candidate,20261098,2,3,-54.0,4.0,0,0,1,46,1,0,0,0.0379746835443038,79,2.2404570651205282,2.835034579038619,3.1025782227516174,0,158
candidate,20261098,3,3,-8.0,2.5,0,0,0,0,0,0,0,0.02564102564102564,78,2.223378787629115,2.692447602748871,2.917807549238205,0,156
candidate,20261099,0,2,35.0,1.0,1,0,0,0,0,0,0,0.03508771929824561,57,2.342008805850096,2.868455275893211,3.0280277132987976,0,114
candidate,20261099,1,2,-17.0,3.0,0,0,0,0,0,0,0,0.02857142857142857,70,2.3414824956229756,3.013099916279316,3.0771028250455856,0,141
candidate,20261099,2,2,-26.0,3.0,0,0,0,0,0,0,0,0.01818181818181818,55,2.2478160871700807,2.7397528290748596,2.841085195541382,0,111
candidate,20261099,3,2,-8.0,2.5,0,0,0,0,0,0,0,0.046875,64,2.2348748752847314,2.6988624595105644,2.814922481775284,0,127
candidate,20261100,0,1,10.0,2.0,0,0,0,0,0,0,0,0.022727272727272728,44,2.4664400314742867,3.128615953028202,5.2842553704977036,1,89
candidate,20261100,1,1,-28.0,4.0,0,0,1,20,0,0,0,0.05555555555555555,36,2.4922465802066855,3.427545540034771,3.8524195551872253,0,72
candidate,20261100,2,1,-8.0,2.5,0,0,0,0,0,0,0,0.05555555555555555,36,2.2330513327485986,2.627371344715357,2.7969740331172943,0,72
candidate,20261100,3,1,-8.0,2.5,0,0,0,0,0,0,0,0.027777777777777776,36,2.2706352174282074,2.73091159760952,3.1721070408821106,0,72
candidate,20261101,0,2,-8.0,2.5,0,0,0,0,0,0,0,0.0,46,2.397854367028112,3.042441327124834,3.076201304793358,0,92
candidate,20261101,1,2,-8.0,2.5,0,0,0,0,0,0,0,0.021739130434782608,46,2.3308448169542397,2.9027583077549934,2.9484089463949203,0,92
candidate,20261101,2,2,-8.0,2.5,0,0,0,0,0,0,0,0.03389830508474576,59,2.2719679558176105,2.760237082839012,2.966010943055153,0,118
candidate,20261101,3,2,-18.0,4.0,0,0,1,10,0,0,0,0.0,46,2.4829777767476826,3.4396140836179256,5.0184596329927444,0,92
candidate,20261102,0,2,-8.0,2.5,0,0,0,0,0,0,0,0.02040816326530612,49,2.491143931235586,3.355869650840759,4.712879657745361,0,98
candidate,20261102,1,2,-19.0,4.0,0,0,1,11,0,0,0,0.0410958904109589,73,2.2412135890901905,2.6161517947912216,2.7307365089654922,0,146
candidate,20261102,2,2,44.0,1.0,1,0,0,0,0,0,0,0.07894736842105263,38,2.261137687846234,2.7751946821808815,2.816988155245781,0,76
candidate,20261102,3,2,-8.0,2.5,0,0,0,0,0,0,0,0.03636363636363636,55,2.3109140382571653,2.9851002618670464,3.416258841753006,0,110
candidate,20261103,0,1,-8.0,2.5,0,0,0,0,0,0,0,0.030303030303030304,66,2.292101469003793,2.7403179556131363,2.8356853872537613,0,132
candidate,20261103,1,1,-8.0,2.5,0,0,0,0,0,0,0,0.014925373134328358,67,2.3089780736325394,2.7248024940490723,4.838723689317703,0,134
candidate,20261103,2,1,-8.0,2.5,0,0,0,0,0,0,0,0.029850746268656716,67,2.2389151211549985,2.696847543120384,3.1954944133758545,0,134
candidate,20261103,3,1,34.0,1.0,1,0,0,0,0,0,0,0.029850746268656716,67,2.5377606611643264,3.7967363372445107,5.111318081617355,0,134
candidate,20261104,0,1,-8.0,2.5,0,0,0,0,0,0,0,0.06666666666666667,45,2.324334987335735,2.853616699576378,2.9424503445625305,0,90
candidate,20261104,1,1,-28.0,4.0,0,0,1,20,0,0,0,0.029850746268656716,67,2.285933983859731,2.7832094579935074,2.9034018516540527,0,134
candidate,20261104,2,1,-8.0,2.5,0,0,0,0,0,0,0,0.047619047619047616,63,2.2259391844272614,2.576293982565403,3.8931798189878464,0,126
candidate,20261104,3,1,-17.0,4.0,0,0,1,9,0,0,0,0.0,40,2.3744889069348574,3.1786158680915833,3.224847838282585,0,80
candidate,20261105,0,2,-8.0,2.5,0,0,0,0,0,0,0,0.022222222222222223,45,2.387076657679346,2.9225531965494156,4.664452746510506,0,90
candidate,20261105,1,2,-8.0,2.5,0,0,0,0,0,0,0,0.018518518518518517,54,2.346795811145394,2.7754979208111763,5.394168198108673,0,108
candidate,20261105,2,2,-8.0,2.5,0,0,0,0,0,0,0,0.023255813953488372,43,2.349044521187627,2.937897853553295,4.037998616695404,0,86
candidate,20261105,3,2,-8.0,2.5,0,0,0,0,0,0,0,0.0,54,2.338226815616643,2.9865298420190807,3.1720343977212906,0,108
candidate,20261106,0,1,-8.0,2.5,0,0,0,0,0,0,0,0.0,41,2.5221546430413317,3.331610932946205,3.5734903067350388,0,82
candidate,20261106,1,1,-8.0,2.5,0,0,0,0,0,0,0,0.023255813953488372,43,2.2600400153287623,2.6993470266461372,2.740131691098213,0,86
candidate,20261106,2,1,-18.0,3.0,0,0,0,0,0,0,0,0.0,71,2.2851066847502346,2.874610014259815,3.029191866517067,0,143
candidate,20261106,3,1,32.0,1.0,1,0,0,0,0,0,0,0.024390243902439025,41,2.3119320593229156,3.077024593949318,3.192765638232231,0,82
candidate,20261107,0,0,40.0,1.0,1,0,0,0,0,0,0,0.02702702702702703,37,2.3676750527040378,2.875217422842977,4.220392554998398,0,74
candidate,20261107,1,0,-20.0,4.0,0,0,1,12,0,0,0,0.06060606060606061,33,2.3048450097893225,2.7920085936784744,3.504740074276924,0,66
candidate,20261107,2,0,-8.0,2.5,0,0,0,0,0,0,0,0.0,37,2.4014974667413815,3.270802274346351,4.344526678323746,0,74
candidate,20261107,3,0,-8.0,2.5,0,0,0,0,0,0,0,0.05405405405405406,37,2.273925504571683,2.8162136673927303,3.6961622536182404,0,74
candidate,20261108,0,0,-8.0,2.5,0,0,0,0,0,0,0,0.023255813953488372,86,2.295222436619359,2.7182945050299168,2.9031243175268173,0,172
candidate,20261108,1,0,0.0,2.5,0,0,0,0,0,1,1,0.023529411764705882,85,2.403487002148348,3.162009268999099,5.61147928237915,0,170
candidate,20261108,2,0,0.0,2.5,0,0,0,0,0,1,0,0.0,84,2.29025911539793,2.853650413453579,3.3392440527677536,0,168
candidate,20261108,3,0,-25.0,4.0,0,0,1,17,0,0,0,0.05555555555555555,36,2.3713763803243637,3.32330958917737,4.942726343870163,0,72
candidate,20261109,0,1,0.0,2.5,0,0,0,0,0,1,1,0.03529411764705882,85,2.448575373958139,3.231676295399666,5.368374288082123,0,170
candidate,20261109,1,1,0.0,2.5,0,0,0,0,0,1,1,0.023529411764705882,85,2.2916646345573315,2.818003296852112,3.7646200507879257,0,170
candidate,20261109,2,1,51.0,1.0,1,0,0,0,0,0,0,0.0,74,2.3597696091274956,3.0810484662652016,3.131188452243805,0,148
candidate,20261109,3,1,0.0,2.5,0,0,0,0,0,1,1,0.0,85,2.358369419679922,3.1688567250967026,3.899538889527321,0,170
candidate,20261110,0,0,34.0,1.0,1,0,0,0,0,0,0,0.02702702702702703,37,2.4607730777682484,2.9047567397356033,6.288016214966774,0,74
candidate,20261110,1,0,-8.0,2.5,0,0,0,0,0,0,0,0.04081632653061224,49,2.2976864129304886,2.891463041305542,2.9381010681390762,0,98
candidate,20261110,2,0,-18.0,4.0,0,0,1,10,0,0,0,0.02702702702702703,37,2.2345407790428884,2.6656601577997208,2.76309996843338,0,74
candidate,20261110,3,0,-17.0,3.0,0,0,0,0,0,0,0,0.043478260869565216,69,2.201135175815527,2.5521595031023026,2.586986869573593,0,139
candidate,20261111,0,0,-17.0,3.0,0,0,0,0,0,0,0,0.05263157894736842,38,2.3122762672995267,2.8063392266631126,3.502223640680313,0,77
candidate,20261111,1,0,-8.0,2.5,0,0,0,0,0,0,0,0.061224489795918366,49,2.237618083552438,2.619236335158348,2.7404557913541794,0,98
candidate,20261111,2,0,-8.0,2.5,0,0,0,0,0,0,0,0.03225806451612903,62,2.2152029879150854,2.5866053998470306,2.7599986642599106,0,124
candidate,20261111,3,0,-8.0,2.5,0,0,0,0,0,0,0,0.027777777777777776,36,2.400775026116106,3.086251672357321,5.222175270318985,0,72
candidate,20261112,0,1,34.0,1.0,1,0,0,0,0,0,0,0.047619047619047616,42,2.2988561097355116,2.6353382505476475,2.8561875224113464,0,85
candidate,20261112,1,1,-8.0,2.5,0,0,0,0,0,0,0,0.023809523809523808,42,2.4100484858666147,2.932347822934389,5.734564736485481,0,85
candidate,20261112,2,1,-8.0,2.5,0,0,0,0,0,0,0,0.0,42,2.3305342931832587,3.126667905598879,3.13371978700161,0,85
candidate,20261112,3,1,-18.0,4.0,0,0,1,10,0,0,0,0.023255813953488372,43,2.3436297684214837,2.739354409277439,5.058923736214638,0,85
candidate,20261113,0,2,-8.0,2.5,0,0,0,0,0,0,0,0.014925373134328358,67,2.332285324584192,2.8797414153814316,2.938857302069664,0,134
candidate,20261113,1,2,-17.0,4.0,0,0,1,9,0,0,0,0.0,34,2.3714978357448295,3.0868116766214366,3.745073452591896,0,68
candidate,20261113,2,2,-33.0,3.0,0,0,0,0,0,0,0,0.03076923076923077,65,2.2599963614573846,2.76106595993042,3.6679524928331375,0,131
candidate,20261113,3,2,-33.0,3.0,0,0,0,0,0,0,0,0.0,63,2.5013642651694163,3.6429382860660553,3.729725256562233,0,127
candidate,20261114,0,1,-8.0,2.5,0,0,0,0,0,0,0,0.04878048780487805,41,2.315102781100971,2.8194040060043335,2.8426479548215866,0,82
candidate,20261114,1,1,36.0,1.0,1,0,0,0,0,0,0,0.024390243902439025,41,2.3924679745261264,3.136640414595604,3.2348763197660446,0,82
candidate,20261114,2,1,-16.0,4.0,0,0,1,8,0,0,0,0.0,68,2.5929031784043595,4.091991297900677,5.379220470786095,0,136
candidate,20261114,3,1,-8.0,2.5,0,0,0,0,0,0,0,0.057971014492753624,69,2.211442217230797,2.556508406996727,3.1152740120887756,0,138
candidate,20261115,0,3,-8.0,2.5,0,0,0,0,0,0,0,0.02857142857142857,35,2.3795947964702333,2.9207373037934303,3.6198440939188004,0,70
candidate,20261115,1,3,36.0,1.0,1,0,0,0,0,0,0,0.02857142857142857,35,2.334932503955705,2.95756533741951,3.1126458197832108,0,70
candidate,20261115,2,3,0.0,2.5,0,0,0,0,0,1,1,0.011764705882352941,85,2.2828861194498398,2.794194594025612,3.9000343531370163,0,170
candidate,20261115,3,3,-8.0,2.5,0,0,0,0,0,0,0,0.02857142857142857,35,2.277171239256859,3.0188113451004024,3.1611360609531403,0,70
candidate,20261116,0,1,-16.0,3.0,0,0,0,0,0,0,0,0.02564102564102564,39,2.3208729063089075,2.797471173107624,2.8678569942712784,0,79
candidate,20261116,1,1,-16.0,3.0,0,0,0,0,0,0,0,0.0,39,2.3731446036925683,3.032156825065613,3.1749922782182693,0,79
candidate,20261116,2,1,-16.0,3.0,0,0,0,0,0,0,0,0.0,39,2.26215650446904,2.7898140251636505,2.793528139591217,0,79
candidate,20261116,3,1,48.0,1.0,1,1,0,0,0,0,0,0.0,40,2.3248394951224327,3.218800295144319,3.5115741193294525,0,79
candidate,20261117,0,3,54.0,1.0,1,0,0,0,0,0,0,0.0,54,2.3547784528798528,2.8326581232249737,2.904728055000305,0,108
candidate,20261117,1,3,-18.0,4.0,0,0,1,10,0,0,0,0.0,65,2.3457324562164454,2.859029918909073,5.028082057833672,0,130
candidate,20261117,2,3,-30.0,3.0,0,0,0,0,0,0,0,0.03614457831325301,83,2.250979979892811,2.772180363535881,3.552701324224472,0,167
candidate,20261117,3,3,90.0,1.0,1,1,0,0,0,0,0,0.0,84,2.363213537526982,3.315223287791013,3.474649041891098,0,167
candidate,20261118,0,1,-26.0,4.0,0,0,1,18,0,0,0,0.043478260869565216,46,2.3357822033374207,2.705762628465891,5.215829238295555,0,92
candidate,20261118,1,1,42.0,1.0,1,0,0,0,0,0,0,0.021739130434782608,46,2.3756653232418974,3.240637481212616,3.3352114260196686,0,92
candidate,20261118,2,1,-8.0,2.5,0,0,0,0,0,0,0,0.021739130434782608,46,2.2595789202529453,2.790466882288456,3.0466262251138687,0,92
candidate,20261118,3,1,-8.0,2.5,0,0,0,0,0,0,0,0.05555555555555555,36,2.2653619655304484,2.8240191750228405,3.536546602845192,0,72
candidate,20261119,0,1,-33.0,3.0,0,0,0,0,0,0,0,0.01639344262295082,61,2.3018243860025875,2.758387476205826,2.848532050848007,0,123
candidate,20261119,1,1,-33.0,3.0,0,0,0,0,0,0,0,0.04918032786885246,61,2.357665785267705,2.899477258324623,5.302164703607559,0,123
candidate,20261119,2,1,-33.0,3.0,0,0,0,0,0,0,0,0.04918032786885246,61,2.2267064415529125,2.6533640921115875,2.7549229562282562,0,123
candidate,20261119,3,1,48.0,1.0,1,0,0,0,0,0,0,0.0,62,2.3502272463613942,2.951749786734581,6.187073886394501,0,124
candidate,20261120,0,0,43.0,1.0,1,0,0,0,0,0,0,0.08333333333333333,12,2.3405576745669046,2.960721030831337,2.965494990348816,0,24
candidate,20261120,1,0,-8.0,2.5,0,0,0,0,0,0,0,0.16666666666666666,12,2.281477674841881,2.669040486216545,2.6764944195747375,0,24
candidate,20261120,2,0,-27.0,4.0,0,0,1,19,0,0,0,0.0625,16,2.2824767511337996,2.925268840044737,2.9412154108285904,0,32
candidate,20261120,3,0,-8.0,2.5,0,0,0,0,0,0,0,0.08333333333333333,12,2.4326414180298648,3.643096145242451,4.830872640013695,0,24
candidate,20261121,0,0,51.0,1.0,1,1,0,0,0,0,0,0.04081632653061224,49,2.3312062329175522,2.969036251306534,3.9802156388759613,0,97
candidate,20261121,1,0,-8.0,2.5,0,0,0,0,0,0,0,0.0,40,2.394729107618332,3.549156431108713,3.7049297243356705,0,80
candidate,20261121,2,0,-8.0,2.5,0,0,0,0,0,0,0,0.0,40,2.2999887820333242,2.8438356705009933,3.0569955706596375,0,80
candidate,20261121,3,0,-16.0,4.0,0,0,1,8,0,0,0,0.07692307692307693,39,2.2216233878563614,2.600002847611904,2.680094912648201,0,78
candidate,20261122,0,2,-20.0,4.0,0,0,1,12,0,0,0,0.0375,80,2.3224470438435674,2.712455950677395,4.286361858248711,0,159
candidate,20261122,1,2,0.0,2.5,0,0,0,0,0,1,0,0.011904761904761904,84,2.33803376821535,2.85793524235487,3.9792656898498535,0,169
candidate,20261122,2,2,54.0,1.0,1,1,0,0,0,0,0,0.0,59,2.389363281555095,3.2454075291752815,3.34232859313488,0,118
candidate,20261122,3,2,0.0,2.5,0,0,0,0,0,1,1,0.023809523809523808,84,2.2599172246243273,2.7008707635104656,5.4648686200380325,0,169
candidate,20261123,0,1,33.0,1.0,1,0,0,0,0,0,0,0.025,40,2.4472722318023443,3.2731538638472553,4.619769752025604,0,80
candidate,20261123,1,1,-8.0,2.5,0,0,0,0,0,0,0,0.0,40,2.4968466255813837,3.342598117887973,5.731923505663872,0,80
candidate,20261123,2,1,-8.0,2.5,0,0,0,0,0,0,0,0.05,40,2.242502849549055,2.6927945204079147,2.871876582503319,0,80
candidate,20261123,3,1,-17.0,4.0,0,0,1,9,0,0,0,0.025,40,2.262272872030735,2.775781974196434,2.8220247477293015,0,80
candidate,20261124,0,1,-8.0,2.5,0,0,0,0,0,0,0,0.05263157894736842,57,2.3067558282300045,2.6162154972553253,4.395078867673874,0,114
candidate,20261124,1,1,-8.0,2.5,0,0,0,0,0,0,0,0.02040816326530612,49,2.39770201852127,3.050639852881431,5.825649946928024,0,98
candidate,20261124,2,1,-28.0,3.0,0,0,0,0,0,0,0,0.022222222222222223,45,2.232317171163029,2.675936743617058,2.7239304035902023,0,91
candidate,20261124,3,1,-17.0,4.0,0,0,1,9,0,0,0,0.015384615384615385,65,2.3428136052993627,3.2266493886709213,3.2921284437179565,0,131
candidate,20261125,0,2,43.0,1.0,1,0,0,0,0,0,0,0.0625,48,2.352105608830849,2.809904422610998,4.449030384421349,0,96
candidate,20261125,1,2,-16.0,4.0,0,0,1,8,0,0,0,0.043478260869565216,46,2.2653516624932704,2.6948107406497,2.946559339761734,0,92
candidate,20261125,2,2,-8.0,2.5,0,0,0,0,0,0,0,0.041666666666666664,48,2.3251624467472234,2.8571835719048977,5.475416779518127,0,96
candidate,20261125,3,2,33.0,1.0,1,0,0,0,0,0,0,0.06,50,2.2304120287299156,2.802517171949148,2.970803529024124,0,100
candidate,20261126,0,2,33.0,1.0,1,0,0,0,0,0,0,0.05128205128205128,39,2.3607401034006705,2.929050661623478,3.8983840495347977,0,78
candidate,20261126,1,2,-8.0,2.5,0,0,0,0,0,0,0,0.0,39,2.363332953208532,3.114582784473896,3.26472707092762,0,78
candidate,20261126,2,2,-22.0,3.0,0,0,0,0,0,0,0,0.017543859649122806,57,2.2792641661669077,2.810530737042427,3.1045041978359222,0,115
candidate,20261126,3,2,-8.0,2.5,0,0,0,0,0,0,0,0.05128205128205128,39,2.203910539929683,2.6471277698874474,2.6637613773345947,0,78
candidate,20261127,0,1,32.0,1.0,1,0,0,0,0,0,0,0.043478260869565216,46,2.2738253211845523,2.635614015161991,2.773026004433632,0,92
candidate,20261127,1,1,-16.0,4.0,0,0,1,8,0,0,0,0.0,57,2.411638762344394,2.9702283442020416,4.8924218863248825,0,114
candidate,20261127,2,1,-17.0,4.0,0,0,1,9,0,0,0,0.0,69,2.3049847965223202,2.8873223811388016,2.931291237473488,0,138
candidate,20261127,3,1,33.0,1.0,1,0,0,0,0,0,0,0.02666666666666667,75,2.240885943174362,2.7912547811865807,3.036459907889366,0,150
candidate,20261128,0,3,34.0,1.0,1,0,0,0,0,0,0,0.0,37,2.6430861672034136,4.050984978675842,4.288693889975548,0,74
candidate,20261128,1,3,102.0,1.0,1,1,0,0,0,0,0,0.08333333333333333,36,2.2429787657327123,2.827852498739958,2.9098745435476303,0,71
candidate,20261128,2,3,-34.0,3.0,0,0,0,0,0,0,0,0.0,35,2.253370572413717,2.816767245531082,2.8680358082056046,0,71
candidate,20261128,3,3,-8.0,2.5,0,0,0,0,0,0,0,0.04285714285714286,70,2.203356501247202,2.5661515071988106,2.789212390780449,0,140
candidate,20261129,0,2,-8.0,2.5,0,0,0,0,0,0,0,0.0,59,2.5067275105896645,3.3443836495280257,5.473755300045013,0,118
candidate,20261129,1,2,37.0,1.0,1,0,0,0,0,0,0,0.0,61,2.395088585918067,3.3495407551527023,4.713036119937897,0,122
candidate,20261129,2,2,-21.0,4.0,0,0,1,13,0,0,0,0.04918032786885246,61,2.268366362960612,2.8382577002048492,3.0015967786312103,0,122
candidate,20261129,3,2,-8.0,2.5,0,0,0,0,0,0,0,0.0,61,2.380705942384532,3.120657056570053,5.0262752920389175,0,122
candidate,20261130,0,1,-21.0,3.0,0,0,0,0,0,0,0,0.016666666666666666,60,2.3649486092229686,2.8305846266448498,4.486970603466034,0,121
candidate,20261130,1,1,-8.0,2.5,0,0,0,0,0,0,0,0.0,76,2.4802701204623046,3.426511771976948,5.806906148791313,0,152
candidate,20261130,2,1,-21.0,3.0,0,0,0,0,0,0,0,0.05,60,2.2432465106248856,2.8062839061021805,2.914896234869957,0,121
candidate,20261130,3,1,42.0,1.0,1,0,0,0,0,0,0,0.020833333333333332,48,2.3943985579535365,3.553255926817655,3.6241766065359116,0,96
candidate,20261131,0,3,51.0,1.0,1,1,0,0,0,0,0,0.022222222222222223,45,2.2871061745617123,2.64214389026165,2.883652225136757,0,89
candidate,20261131,1,3,-17.0,3.0,0,0,0,0,0,0,0,0.022727272727272728,44,2.2902831181206484,2.8707842342555523,2.891944721341133,0,90
candidate,20261131,2,3,-17.0,3.0,0,0,0,0,0,0,0,0.0,44,2.3065515878525646,2.89042592048645,2.988159656524658,0,89
candidate,20261131,3,3,-17.0,3.0,0,0,0,0,0,0,0,0.0,44,2.3203068412840366,2.9357573948800564,2.9675792902708054,0,89
candidate,20261132,0,3,-17.0,4.0,0,0,1,9,0,0,0,0.0,49,2.4040970495160745,3.0788980424404144,3.148462623357773,0,98
candidate,20261132,1,3,-8.0,2.5,0,0,0,0,0,0,0,0.02040816326530612,49,2.2656102949867445,2.745727449655532,2.860812470316887,0,98
candidate,20261132,2,3,48.0,1.0,1,1,0,0,0,0,0,0.023255813953488372,43,2.212719905168511,2.679905481636524,2.7238670736551285,0,85
candidate,20261132,3,3,-8.0,2.5,0,0,0,0,0,0,0,0.0,49,2.331396298749106,2.9910873621702194,3.0834004282951355,0,98
candidate,20261133,0,1,33.0,1.0,1,0,0,0,0,0,0,0.04878048780487805,41,2.2630081398458017,2.548741176724434,2.8610285371541977,0,82
candidate,20261133,1,1,-8.0,2.5,0,0,0,0,0,0,0,0.024390243902439025,41,2.300733018939088,2.7924254536628723,2.9981080442667007,0,82
candidate,20261133,2,1,-8.0,2.5,0,0,0,0,0,0,0,0.024390243902439025,41,2.2515027170501103,2.8758514672517776,2.885265275835991,0,82
candidate,20261133,3,1,-8.0,2.5,0,0,0,0,0,0,0,0.02,50,2.2693395242094994,2.809370681643486,2.9942579567432404,0,100
candidate,20261134,0,0,-8.0,2.5,0,0,0,0,0,0,0,0.019230769230769232,52,2.3117252410604405,2.811865136027336,2.8674639761447906,0,104
candidate,20261134,1,0,-8.0,2.5,0,0,0,0,0,0,0,0.022727272727272728,44,2.25324145602909,2.808384969830513,2.825343981385231,0,88
candidate,20261134,2,0,-18.0,3.0,0,0,0,0,0,0,0,0.05357142857142857,56,2.239018844972764,2.7497736737132072,2.8013531118631363,0,113
candidate,20261134,3,0,33.0,1.0,1,0,0,0,0,0,0,0.045454545454545456,44,2.2289559075778183,2.763800323009491,2.8815511614084244,0,88
candidate,20261135,0,3,-8.0,2.5,0,0,0,0,0,0,0,0.0,61,2.4687898207883365,3.520861268043518,3.77863273024559,0,122
candidate,20261135,1,3,35.0,1.0,1,0,0,0,0,0,0,0.01639344262295082,61,2.3262853138759487,2.9981452971696854,3.0558761209249496,0,122
candidate,20261135,2,3,-19.0,4.0,0,0,1,11,0,0,0,0.01639344262295082,61,2.2953946876232743,3.03586944937706,3.270963206887245,0,122
candidate,20261135,3,3,-8.0,2.5,0,0,0,0,0,0,0,0.0,59,2.3068756307080642,2.9769679531455036,3.2193511724472046,0,118
candidate,20261136,0,1,32.0,1.0,1,0,0,0,0,0,0,0.06451612903225806,31,2.26532481610775,2.6301052421331406,2.756919711828232,0,62
candidate,20261136,1,1,-8.0,2.5,0,0,0,0,0,0,0,0.0,31,2.3284184355889597,2.9665809124708176,2.9970407485961914,0,62
candidate,20261136,2,1,-8.0,2.5,0,0,0,0,0,0,0,0.022727272727272728,44,2.299605868756771,3.040688112378121,3.085847944021225,0,88
candidate,20261136,3,1,-8.0,2.5,0,0,0,0,0,0,0,0.0196078431372549,51,2.254857079071157,2.768019214272499,2.801092341542244,0,102
candidate,20261137,0,0,-8.0,2.5,0,0,0,0,0,0,0,0.0,39,2.3253650810474005,2.8104983270168304,2.8154049068689346,0,78
candidate,20261137,1,0,-32.0,4.0,0,0,1,24,0,0,0,0.05128205128205128,39,2.319420616214092,2.9097845777869225,3.9039961993694305,0,78
candidate,20261137,2,0,-8.0,2.5,0,0,0,0,0,0,0,0.0425531914893617,47,2.222418468049232,2.574446052312851,2.7910787612199783,0,94
candidate,20261137,3,0,48.0,1.0,1,0,0,0,0,0,0,0.0,39,2.2961065077628846,2.8176994994282722,3.596056252717972,0,78
candidate,20261138,0,0,-18.0,3.0,0,0,0,0,0,0,0,0.0,47,2.4134284876128462,2.9189344495534897,4.82603907585144,0,95
candidate,20261138,1,0,-8.0,2.5,0,0,0,0,0,0,0,0.05555555555555555,54,2.2188401608555406,2.560645341873169,2.719910815358162,0,108
candidate,20261138,2,0,-29.0,4.0,0,0,1,21,0,0,0,0.011494252873563218,87,2.2918410042579147,2.7759646996855736,4.045883193612099,0,174
candidate,20261138,3,0,54.0,1.0,1,1,0,0,0,0,0,0.041666666666666664,48,2.2528826957568526,2.8468793258070946,3.0993185937404633,0,95
candidate,20261139,0,2,33.0,1.0,1,0,0,0,0,0,0,0.03333333333333333,30,2.3803627118468285,2.9705993831157684,3.047218546271324,0,60
candidate,20261139,1,2,-8.0,2.5,0,0,0,0,0,0,0,0.0,44,2.358201298524033,3.022562712430954,3.2180342823266983,0,88
candidate,20261139,2,2,48.0,1.0,1,1,0,0,0,0,0,0.0,53,2.303148813123973,3.0977368354797363,3.3127646893262863,0,105
candidate,20261139,3,2,-17.0,4.0,0,0,1,9,0,0,0,0.03333333333333333,30,2.3088656986753144,2.8203001245856285,2.8764158487319946,0,60
candidate,20261140,0,1,0.0,2.5,0,0,0,0,0,1,1,0.024390243902439025,82,2.272376290908674,2.6867241598665714,2.8388332575559616,0,165
candidate,20261140,1,1,-27.0,4.0,0,0,1,19,0,0,0,0.01694915254237288,59,2.3232548797534682,2.8958886861801147,2.9978863894939423,0,117
candidate,20261140,2,1,43.0,1.0,1,0,0,0,0,0,0,0.01639344262295082,61,2.2413541914009656,2.698734402656555,2.831771969795227,0,123
candidate,20261140,3,1,-8.0,2.5,0,0,0,0,0,0,0,0.020833333333333332,48,2.2133621775234738,2.6527837850153446,2.733958885073662,0,97
candidate,20261141,0,2,-8.0,2.5,0,0,0,0,0,0,0,0.0,88,2.3824128914963114,3.0980519019067283,3.315260633826256,0,176
candidate,20261141,1,2,-16.0,3.0,0,0,0,0,0,0,0,0.03278688524590164,61,2.2467900922552486,2.6212800294160843,2.7722585946321487,0,123
candidate,20261141,2,2,48.0,1.0,1,1,0,0,0,0,0,0.03278688524590164,61,2.278326720487876,2.8788261115550995,3.297623246908188,0,121
candidate,20261141,3,2,-8.0,2.5,0,0,0,0,0,0,0,0.0,79,2.457484650083735,3.76643817871809,3.983858972787857,0,158
candidate,20261142,0,2,33.0,1.0,1,0,0,0,0,0,0,0.08,25,2.2696510702371597,2.7430828660726543,2.8055235743522644,0,50
candidate,20261142,1,2,-17.0,4.0,0,0,1,9,0,0,0,0.09375,32,2.28529836749658,2.691383846104145,2.710435539484024,0,64
candidate,20261142,2,2,-17.0,4.0,0,0,1,9,0,0,0,0.08,25,2.2240427881479263,2.5961127132177353,2.61056050658226,0,50
candidate,20261142,3,2,-8.0,2.5,0,0,0,0,0,0,0,0.0,34,2.226116683553247,2.8473063372075558,2.9283352196216583,0,68
candidate,20261143,0,0,-8.0,2.5,0,0,0,0,0,0,0,0.02127659574468085,47,2.328633707254491,2.8089361265301704,2.8513148427009583,0,94
candidate,20261143,1,0,-17.0,4.0,0,0,1,9,0,0,0,0.0,43,2.3984256265468376,3.2160116359591484,3.333255648612976,0,86
candidate,20261143,2,0,-8.0,2.5,0,0,0,0,0,0,0,0.02127659574468085,47,2.2797252428024373,3.064148686826229,3.136061131954193,0,94
candidate,20261143,3,0,57.0,1.0,1,1,0,0,0,0,0,0.05555555555555555,72,2.1825014458348355,2.5680961087346077,2.8509926050901413,0,143
candidate,20261144,0,0,51.0,1.0,1,1,0,0,0,0,0,0.07407407407407407,27,2.2963251642606877,2.771560102701187,2.879772335290909,0,53
candidate,20261144,1,0,-17.0,3.0,0,0,0,0,0,0,0,0.038461538461538464,26,2.300492129646815,2.945707179605961,2.973005175590515,0,53
candidate,20261144,2,0,-17.0,3.0,0,0,0,0,0,0,0,0.0,26,2.3059392921053448,2.998725976794958,3.054823726415634,0,53
candidate,20261144,3,0,-17.0,3.0,0,0,0,0,0,0,0,0.038461538461538464,26,2.302171877370431,2.7743089012801647,3.5425331443548203,0,53
candidate,20261145,0,1,54.0,1.0,1,1,0,0,0,0,0,0.0625,32,2.2611815365962684,2.77036651968956,2.8022807091474533,0,63
candidate,20261145,1,1,-25.0,3.0,0,0,0,0,0,0,0,0.0,39,2.3298103553362384,2.9481107369065285,3.01397405564785,0,79
candidate,20261145,2,1,-25.0,3.0,0,0,0,0,0,0,0,0.04878048780487805,41,2.2396746023399072,2.8065182268619537,2.8094425797462463,0,83
candidate,20261145,3,1,-17.0,4.0,0,0,1,9,0,0,0,0.0,76,2.2761549947685316,2.919455524533987,2.9687881469726562,0,152
candidate,20261146,0,2,-16.0,3.0,0,0,0,0,0,0,0,0.0,56,2.32003366441599,2.8550056740641594,2.8984956443309784,0,113
candidate,20261146,1,2,35.0,1.0,1,0,0,0,0,0,0,0.03896103896103896,77,2.2235623282658588,2.493724972009659,2.7434565126895905,0,153
candidate,20261146,2,2,36.0,1.0,1,0,0,0,0,0,0,0.05357142857142857,56,2.236346947029233,2.778708003461361,2.8869807720184326,0,112
candidate,20261146,3,2,-8.0,2.5,0,0,0,0,0,0,0,0.05333333333333334,75,2.23672553896904,2.7964098379015923,3.7896111607551575,0,151
candidate,20261147,0,3,0.0,2.5,0,0,0,0,0,1,0,0.0,89,2.428188103805767,3.373854979872703,4.813617095351219,0,178
candidate,20261147,1,3,-8.0,2.5,0,0,0,0,0,0,0,0.047619047619047616,42,2.2596108860203197,2.6289595291018486,3.689013421535492,0,84
candidate,20261147,2,3,-20.0,4.0,0,0,1,12,0,0,0,0.027777777777777776,36,2.349470535086261,2.8809807263314724,4.027804359793663,0,72
candidate,20261147,3,3,35.0,1.0,1,0,0,0,0,0,0,0.07142857142857142,42,2.2076666355133057,2.6946518570184708,2.7891043573617935,0,84
candidate,20261148,0,3,63.0,1.0,1,1,0,0,0,0,0,0.0,35,2.3699674223150526,3.069486655294895,3.2840613275766373,0,69
candidate,20261148,1,3,-8.0,2.5,0,0,0,0,0,0,0,0.02702702702702703,37,2.2680416099123053,2.8311297297477713,3.0215196311473846,0,74
candidate,20261148,2,3,-8.0,2.5,0,0,0,0,0,0,0,0.05405405405405406,37,2.2392346448189504,2.7954433113336563,2.962881699204445,0,74
candidate,20261148,3,3,-18.0,4.0,0,0,1,10,0,0,0,0.02702702702702703,37,2.232503951401324,2.6831496506929398,2.73299403488636,0,74
candidate,20261149,0,1,-16.0,3.0,0,0,0,0,0,0,0,0.0,42,2.3204447878968146,2.8037850745022297,2.8481725603342056,0,85
candidate,20261149,1,1,-16.0,3.0,0,0,0,0,0,0,0,0.0,42,2.285807437839962,2.808023616671562,2.8345566242933273,0,85
candidate,20261149,2,1,48.0,1.0,1,1,0,0,0,0,0,0.0,43,2.30295094119948,3.0266379937529564,3.056161105632782,0,85
candidate,20261149,3,1,-16.0,3.0,0,0,0,0,0,0,0,0.0,42,2.3432517246831033,3.161297645419836,3.4480467438697815,0,85
candidate,20261150,0,1,33.0,1.0,1,0,0,0,0,0,0,0.05714285714285714,35,2.337178641131946,2.933717891573906,2.9978081583976746,0,70
candidate,20261150,1,1,-8.0,2.5,0,0,0,0,0,0,0,0.05714285714285714,35,2.2753585129976273,2.8479916974902153,2.9531046748161316,0,70
candidate,20261150,2,1,-17.0,4.0,0,0,1,9,0,0,0,0.0,35,2.292067664010184,2.897246368229389,2.9633846133947372,0,70
candidate,20261150,3,1,-8.0,2.5,0,0,0,0,0,0,0,0.02857142857142857,35,2.2330875375441144,2.7892962098121643,2.8663109987974167,0,70
candidate,20261151,0,1,32.0,1.0,1,0,0,0,0,0,0,0.043478260869565216,23,2.3060590838608532,2.8045840561389923,2.8393976390361786,0,46
candidate,20261151,1,1,-8.0,2.5,0,0,0,0,0,0,0,0.043478260869565216,23,2.314465120434761,2.8657114133238792,2.9386356472969055,0,46
candidate,20261151,2,1,-16.0,4.0,0,0,1,8,0,0,0,0.0,23,2.280381872602131,2.8142478317022324,2.8217285871505737,0,46
candidate,20261151,3,1,-8.0,2.5,0,0,0,0,0,0,0,0.0,38,2.277036491585405,2.8578457422554493,2.9061324894428253,0,76
candidate,20261152,0,2,-8.0,2.5,0,0,0,0,0,0,0,0.017543859649122806,57,2.3172921256015173,2.8327826410531998,2.9105134308338165,0,114
candidate,20261152,1,2,32.0,1.0,1,0,0,0,0,0,0,0.02631578947368421,76,2.2261266988751136,2.5836569257080555,2.731774002313614,0,152
candidate,20261152,2,2,34.0,1.0,1,0,0,0,0,0,0,0.08333333333333333,24,2.21679227737089,2.612580545246601,2.8116125613451004,0,48
candidate,20261152,3,2,-17.0,4.0,0,0,1,9,0,0,0,0.03333333333333333,60,2.259431593120098,2.7277087792754173,2.7680955827236176,0,120
candidate,20261153,0,2,-8.0,2.5,0,0,0,0,0,0,0,0.0,39,2.4120343896823053,3.1204843893647194,3.1940490007400513,0,78
candidate,20261153,1,2,-8.0,2.5,0,0,0,0,0,0,0,0.0,39,2.351391917237869,3.0715106055140495,3.1110718846321106,0,78
candidate,20261153,2,2,-19.0,4.0,0,0,1,11,0,0,0,0.0,39,2.2699697277484794,2.790621668100357,2.8268136084079742,0,78
candidate,20261153,3,2,39.0,1.0,1,0,0,0,0,0,0,0.024390243902439025,41,2.3408122815010026,3.1436793506145477,3.2508913427591324,0,82
candidate,20261154,0,1,-17.0,3.0,0,0,0,0,0,0,0,0.06451612903225806,31,2.269314481846748,2.5640511885285378,2.793503925204277,0,63
candidate,20261154,1,1,-21.0,3.0,0,0,0,0,0,0,0,0.015873015873015872,63,2.308843125190054,2.840481698513031,2.8651636093854904,0,127
candidate,20261154,2,1,-17.0,3.0,0,0,0,0,0,0,0,0.03225806451612903,31,2.2435166061885896,2.7009062469005585,2.727542072534561,0,63
candidate,20261154,3,1,51.0,1.0,1,1,0,0,0,0,0,0.0,32,2.3422587546519935,3.217423241585493,3.373328596353531,0,63
candidate,20261155,0,0,-8.0,2.5,0,0,0,0,0,0,0,0.027777777777777776,36,2.3310870553056398,2.8533460572361946,2.898614853620529,0,72
candidate,20261155,1,0,-20.0,3.0,0,0,0,0,0,0,0,0.027777777777777776,36,2.279836270544264,2.7518989518284798,2.7913767844438553,0,73
candidate,20261155,2,0,60.0,1.0,1,1,0,0,0,0,0,0.05405405405405406,37,2.2448656224721186,2.7995847165584564,2.832004800438881,0,73
candidate,20261155,3,0,-20.0,3.0,0,0,0,0,0,0,0,0.0,36,2.331731478787131,3.1200461089611053,3.2803378999233246,0,73
candidate,20261156,0,1,46.0,1.0,1,0,0,0,0,0,0,0.058823529411764705,34,2.266893985078615,2.5841502472758293,2.842286601662636,0,68
candidate,20261156,1,1,-8.0,2.5,0,0,0,0,0,0,0,0.027777777777777776,36,2.311674360599783,2.8784936293959618,3.0336622148752213,0,72
candidate,20261156,2,1,35.0,1.0,1,0,0,0,0,0,0,0.02631578947368421,38,2.2560195311119684,2.811613120138645,2.909509465098381,0,76
candidate,20261156,3,1,-8.0,2.5,0,0,0,0,0,0,0,0.03125,32,2.314700046554208,2.8642915189266205,4.036353901028633,0,64
candidate,20261157,0,0,54.0,1.0,1,1,0,0,0,0,0,0.05714285714285714,35,2.3937374353408813,2.938229963183403,4.493383690714836,0,69
candidate,20261157,1,0,-18.0,3.0,0,0,0,0,0,0,0,0.0,34,2.3892306010512745,3.294411487877369,3.3154375851154327,0,69
candidate,20261157,2,0,-18.0,3.0,0,0,0,0,0,0,0,0.0,34,2.362614661893424,3.0835512094199657,3.337746486067772,0,69
candidate,20261157,3,0,-18.0,3.0,0,0,0,0,0,0,0,0.0,34,2.403799334869665,3.342541586607694,4.448689520359039,0,69
candidate,20261158,0,2,-8.0,2.5,0,0,0,0,0,0,0,0.02631578947368421,38,2.339323688494532,2.7740594930946827,3.178255632519722,0,76
candidate,20261158,1,2,52.0,1.0,1,0,0,0,0,0,0,0.0,63,2.3067229619574925,2.896307408809662,2.9188133776187897,0,126
candidate,20261158,2,2,-20.0,4.0,0,0,1,12,0,0,0,0.05263157894736842,38,2.2166117437575994,2.742435783147812,2.8267130255699158,0,76
candidate,20261158,3,2,36.0,1.0,1,0,0,0,0,0,0,0.02631578947368421,38,2.3661327891443906,2.9450866393744946,4.194365814328194,0,76
candidate,20261159,0,0,-8.0,2.5,0,0,0,0,0,0,0,0.06521739130434782,46,2.275327868435694,2.742283046245575,3.6700796335935593,0,92
candidate,20261159,1,0,-8.0,2.5,0,0,0,0,0,0,0,0.08823529411764706,34,2.2177934537039086,2.6049993000924587,2.7398671954870224,0,68
candidate,20261159,2,0,46.0,1.0,1,0,0,0,0,0,0,0.058823529411764705,34,2.2260450264986824,2.7893892489373684,2.861572429537773,0,68
candidate,20261159,3,0,-22.0,4.0,0,0,1,14,0,0,0,0.045454545454545456,22,2.195454625920816,2.5745502673089504,2.604462206363678,0,44
candidate,20261160,0,1,-8.0,2.5,0,0,0,0,0,0,0,0.0,27,2.3185158217394792,2.815861441195011,2.825947478413582,0,54
candidate,20261160,1,1,-8.0,2.5,0,0,0,0,0,0,0,0.07407407407407407,27,2.278052063451873,2.7966920286417007,2.8041116893291473,0,54
candidate,20261160,2,1,-18.0,4.0,0,0,1,10,0,0,0,0.0,27,2.2794988558248237,2.834102511405945,2.9382798820734024,0,54
candidate,20261160,3,1,33.0,1.0,1,0,0,0,0,0,0,0.037037037037037035,27,2.4207435134384365,3.554147854447365,3.712782636284828,0,54
candidate,20261161,0,1,-17.0,3.0,0,0,0,0,0,0,0,0.015384615384615385,65,2.392632571550516,3.066268190741539,3.2327286899089813,0,132
candidate,20261161,1,1,-17.0,3.0,0,0,0,0,0,0,0,0.0,65,2.347037740624868,3.044155240058899,3.1902976334095,0,131
candidate,20261161,2,1,51.0,1.0,1,1,0,0,0,0,0,0.030303030303030304,66,2.2279510951854964,2.6598814874887466,2.954762428998947,0,132
candidate,20261161,3,1,-17.0,3.0,0,0,0,0,0,0,0,0.046153846153846156,65,2.1833063031618414,2.516106888651848,2.611439675092697,0,132
candidate,20261162,0,1,-16.0,3.0,0,0,0,0,0,0,0,0.0,10,2.331695146858692,2.7862134389579296,2.787042409181595,0,21
candidate,20261162,1,1,-16.0,3.0,0,0,0,0,0,0,0,0.1,10,2.28405948728323,2.7199728414416313,2.7370769530534744,0,21
candidate,20261162,2,1,48.0,1.0,1,1,0,0,0,0,0,0.0,11,2.2355900569395586,2.886255271732807,2.928614616394043,0,21
candidate,20261162,3,1,-16.0,3.0,0,0,0,0,0,0,0,0.0,10,2.2213907912373543,2.7812182903289795,2.7876589447259903,0,21
candidate,20261163,0,2,-8.0,2.5,0,0,0,0,0,0,0,0.06382978723404255,47,2.2730413586535354,2.5815973058342934,2.8932616114616394,0,94
candidate,20261163,1,2,32.0,1.0,1,0,0,0,0,0,0,0.037037037037037035,81,2.233786485445352,2.6675909757614136,2.936333417892456,0,162
candidate,20261163,2,2,-8.0,2.5,0,0,0,0,0,0,0,0.0,55,2.2675453939221124,2.881912887096405,3.127479925751686,0,110
candidate,20261163,3,2,40.0,1.0,1,0,0,0,0,0,0,0.05660377358490566,53,2.2019002024295196,2.729099616408348,2.8167013078927994,0,106
candidate,20261164,0,0,-16.0,3.0,0,0,0,0,0,0,0,0.0,33,2.3366108988270615,2.833188697695732,2.879031002521515,0,67
candidate,20261164,1,0,48.0,1.0,1,1,0,0,0,0,0,0.0,34,2.4590727270526043,3.2739169895648956,3.5596992820501328,0,67
candidate,20261164,2,0,-20.0,3.0,0,0,0,0,0,0,0,0.0,33,2.276121328274409,2.8134383261203766,2.8452835977077484,0,67
candidate,20261164,3,0,-16.0,3.0,0,0,0,0,0,0,0,0.0,33,2.343066826914296,3.047247603535652,3.5794880241155624,0,67
candidate,20261165,0,0,75.0,1.0,1,1,0,0,0,0,0,0.03278688524590164,61,2.3421976165693312,2.919519320130348,3.362530842423439,0,121
candidate,20261165,1,0,-25.0,3.0,0,0,0,0,0,0,0,0.05,60,2.2305216640233994,2.7282525785267353,2.761831507086754,0,121
candidate,20261165,2,0,-25.0,3.0,0,0,0,0,0,0,0,0.016666666666666666,60,2.2797630168497562,2.7850250713527203,3.397945314645767,0,121
candidate,20261165,3,0,-25.0,3.0,0,0,0,0,0,0,0,0.016129032258064516,62,2.266877030412997,2.7871248312294483,2.925381064414978,0,125
candidate,20261166,0,1,-27.0,3.0,0,0,0,0,0,0,0,0.018867924528301886,53,2.3246356549690352,2.8107553720474243,2.8677359223365784,0,107
candidate,20261166,1,1,-27.0,3.0,0,0,0,0,0,0,0,0.03773584905660377,53,2.3222930448235206,2.9734402894973755,3.0564796179533005,0,107
candidate,20261166,2,1,81.0,1.0,1,1,0,0,0,0,0,0.018518518518518517,54,2.315780251390404,3.045313153415918,3.1816940754652023,0,107
candidate,20261166,3,1,-27.0,3.0,0,0,0,0,0,0,0,0.02,50,2.279432564973831,3.0023830011487,3.250427544116974,0,101
candidate,20261167,0,2,-8.0,2.5,0,0,0,0,0,0,0,0.034482758620689655,29,2.3944137039883384,2.9403015971183777,3.500014543533325,0,58
candidate,20261167,1,2,32.0,1.0,1,0,0,0,0,0,0,0.0,29,2.424792354476863,3.1975559890270233,3.3557377755641937,0,58
candidate,20261167,2,2,-16.0,4.0,0,0,1,8,0,0,0,0.0,29,2.373975733744687,3.176604211330414,3.385595977306366,0,58
candidate,20261167,3,2,-8.0,2.5,0,0,0,0,0,0,0,0.0,29,2.336341438108477,2.9727060347795486,3.115590661764145,0,58
candidate,20261168,0,0,-21.0,3.0,0,0,0,0,0,0,0,0.18181818181818182,11,2.43971242823384,3.1693940982222557,3.4875236451625824,0,23
candidate,20261168,1,0,63.0,1.0,1,1,0,0,0,0,0,0.0,12,2.391919338454803,3.162368293851614,3.225596621632576,0,23
candidate,20261168,2,0,-21.0,3.0,0,0,0,0,0,0,0,0.09090909090909091,11,2.3622440004890617,2.92916689068079,3.0497312545776367,0,23
candidate,20261168,3,0,-21.0,3.0,0,0,0,0,0,0,0,0.0,11,2.1558862856843253,2.469240687787533,2.820191904902458,0,23
candidate,20261169,0,1,-8.0,2.5,0,0,0,0,0,0,0,0.038461538461538464,78,2.3229037626431537,2.815012075006962,2.859838306903839,0,156
candidate,20261169,1,1,-16.0,4.0,0,0,1,8,0,0,0,0.0125,80,2.3219059221446514,2.915001753717661,3.7930794060230255,0,160
candidate,20261169,2,1,0.0,2.5,0,0,0,0,0,1,1,0.025,80,2.236205176450312,2.730976976454258,2.848166972398758,0,160
candidate,20261169,3,1,0.0,2.5,0,0,0,0,0,1,0,0.0,79,2.261800384974178,2.839651145040989,3.055194392800331,0,158
candidate,20261170,0,2,51.0,1.0,1,1,0,0,0,0,0,0.03278688524590164,61,2.281933839692444,2.6924479752779007,2.8056353330612183,0,121
candidate,20261170,1,2,-17.0,3.0,0,0,0,0,0,0,0,0.0,60,2.3506509761015573,3.012215625494718,3.310002386569977,0,121
candidate,20261170,2,2,-17.0,3.0,0,0,0,0,0,0,0,0.0,60,2.456693071871996,3.439118340611458,3.506164997816086,0,121
candidate,20261170,3,2,-17.0,3.0,0,0,0,0,0,0,0,0.0,62,2.320904434928971,2.9315216466784477,3.1124260276556015,0,125
candidate,20261171,0,3,-21.0,3.0,0,0,0,0,0,0,0,0.047619047619047616,21,2.301751148133051,2.758154645562172,2.835683524608612,0,43
candidate,20261171,1,3,-21.0,3.0,0,0,0,0,0,0,0,0.09523809523809523,21,2.260947511309669,2.6377495378255844,2.741824835538864,0,43
candidate,20261171,2,3,-21.0,3.0,0,0,0,0,0,0,0,0.047619047619047616,21,2.2346521062510356,2.771630883216858,2.8022322803735733,0,43
candidate,20261171,3,3,36.0,1.0,1,0,0,0,0,0,0,0.05128205128205128,39,2.2083992759386697,2.6844576001167297,2.8483886271715164,0,78
candidate,20261172,0,1,-8.0,2.5,0,0,0,0,0,0,0,0.03333333333333333,30,2.3122730975349746,2.792919147759676,2.937309443950653,0,60
candidate,20261172,1,1,43.0,1.0,1,0,0,0,0,0,0,0.09523809523809523,21,2.273270150735265,2.6939362287521362,2.8933025896549225,0,42
candidate,20261172,2,1,-17.0,3.0,0,0,0,0,0,0,0,0.0,38,2.301232938311602,2.9220460914075375,3.007924184203148,0,77
candidate,20261172,3,1,-27.0,4.0,0,0,1,19,0,0,0,0.0,34,2.257783185033237,2.8358767740428448,2.9052644968032837,0,68
candidate,20261173,0,3,34.0,1.0,1,0,0,0,0,0,0,0.0,49,2.5152562908372103,3.552807494997978,4.1001178324222565,0,98
candidate,20261173,1,3,44.0,1.0,1,0,0,0,0,0,0,0.03076923076923077,65,2.3586761206388474,3.0682995915412903,3.2833125442266464,0,130
candidate,20261173,2,3,-8.0,2.5,0,0,0,0,0,0,0,0.03389830508474576,59,2.275690846776558,2.77116484940052,3.7130285054445267,0,119
candidate,20261173,3,3,-8.0,2.5,0,0,0,0,0,0,0,0.0,49,2.324707958163047,2.952019870281219,3.6681722849607468,0,98
candidate,20261174,0,1,-8.0,2.5,0,0,0,0,0,0,0,0.0,32,2.327296999283135,2.801438234746456,2.8771553188562393,0,64
candidate,20261174,1,1,40.0,1.0,1,0,0,0,0,0,0,0.1,30,2.2283084069689116,2.669989317655563,2.8424523770809174,0,60
candidate,20261174,2,1,-32.0,4.0,0,0,1,24,0,0,0,0.0,23,2.2741764297951823,2.8077900409698486,2.8117652982473373,0,46
candidate,20261174,3,1,-8.0,2.5,0,0,0,0,0,0,0,0.0,35,2.2457238286733627,2.80846506357193,2.818118780851364,0,70
candidate,20261175,0,3,-17.0,4.0,0,0,1,9,0,0,0,0.061224489795918366,49,2.3155807688528176,2.8088081628084183,2.829449251294136,0,98
candidate,20261175,1,3,117.0,1.0,1,1,0,0,0,0,0,0.01639344262295082,61,2.3923305886202173,3.5055335611104965,4.1722990572452545,0,121
candidate,20261175,2,3,-39.0,3.0,0,0,0,0,0,0,0,0.03333333333333333,60,2.2331503530343375,2.7555206790566444,2.8064828366041183,0,121
candidate,20261175,3,3,-8.0,2.5,0,0,0,0,0,0,0,0.0,83,2.395333969090358,3.3957332372665405,3.8875751197338104,0,166
candidate,20261176,0,2,32.0,1.0,1,0,0,0,0,0,0,0.04,25,2.3963555693626404,3.014802560210228,3.0294861644506454,0,50
candidate,20261176,1,2,-16.0,4.0,0,0,1,8,0,0,0,0.0,25,2.358613908290863,2.99273319542408,3.0738282948732376,0,50
candidate,20261176,2,2,99.0,1.0,1,1,0,0,0,0,0,0.0,47,2.304142103233236,2.8254060074687004,4.042413085699081,0,93
candidate,20261176,3,2,-8.0,2.5,0,0,0,0,0,0,0,0.04,25,2.265419363975525,2.9958549886941905,3.0640698969364166,0,50
candidate,20261177,0,1,-22.0,4.0,0,0,1,14,0,0,0,0.0,17,2.3328428540159676,2.7886196970939636,2.8035417199134827,0,34
candidate,20261177,1,1,-8.0,2.5,0,0,0,0,0,0,0,0.047619047619047616,21,2.2971685975790024,2.6007387787103653,3.9675310254096985,0,42
candidate,20261177,2,1,-8.0,2.5,0,0,0,0,0,0,0,0.047619047619047616,21,2.3233026620887576,2.703556790947914,4.929330199956894,0,42
candidate,20261177,3,1,0.0,2.5,0,0,0,0,0,1,0,0.0,89,2.342157777440682,3.0043628066778183,4.244683310389519,0,178
candidate,20261178,0,1,-8.0,2.5,0,0,0,0,0,0,0,0.0,39,2.3161449875587072,2.781972847878933,2.798287197947502,0,78
candidate,20261178,1,1,35.0,1.0,1,0,0,0,0,0,0,0.02564102564102564,39,2.33057255928333,2.911401353776455,3.022359684109688,0,78
candidate,20261178,2,1,-8.0,2.5,0,0,0,0,0,0,0,0.0,39,2.299292729451106,3.0087314546108246,3.210699185729027,0,78
candidate,20261178,3,1,-19.0,4.0,0,0,1,11,0,0,0,0.02564102564102564,39,2.245052072864312,2.7573689818382263,2.7701277285814285,0,78
candidate,20261179,0,0,-8.0,2.5,0,0,0,0,0,0,0,0.015384615384615385,65,2.6610354677988934,4.047802835702896,4.572251811623573,0,130
candidate,20261179,1,0,33.0,1.0,1,0,0,0,0,0,0,0.016129032258064516,62,2.3076885770405493,2.736644726246595,4.706237465143204,0,124
candidate,20261179,2,0,-17.0,4.0,0,0,1,9,0,0,0,0.0,62,2.6919677733413634,4.362668562680482,4.953145980834961,0,124
candidate,20261179,3,0,-8.0,2.5,0,0,0,0,0,0,0,0.03508771929824561,57,2.3716840435538376,3.1024515628814697,4.683779552578926,0,114
candidate,20261180,0,2,90.0,1.0,1,0,0,0,0,0,0,0.030303030303030304,66,2.329701952862017,2.7537737041711807,4.298228770494461,0,132
candidate,20261180,1,2,32.0,1.0,1,0,0,0,0,0,0,0.06666666666666667,30,2.2677909582853317,2.646498382091522,2.7892515063285828,0,60
candidate,20261180,2,2,-16.0,4.0,0,0,1,8,0,0,0,0.0,30,2.4237715949614844,3.298691753298044,3.33472341299057,0,60
candidate,20261180,3,2,-8.0,2.5,0,0,0,0,0,0,0,0.0,65,2.3632377672653933,3.201165422797203,3.338942304253578,0,130
candidate,20261181,0,0,-8.0,2.5,0,0,0,0,0,0,0,0.0,47,2.326689145349442,2.7921494096517563,2.8789136558771133,0,94
candidate,20261181,1,0,-8.0,2.5,0,0,0,0,0,0,0,0.0,47,2.3837663788110652,3.4524936228990546,3.703717142343521,0,94
candidate,20261181,2,0,39.0,1.0,1,0,0,0,0,0,0,0.06382978723404255,47,2.2606260757497014,2.8078226372599593,3.5979915410280228,0,94
candidate,20261181,3,0,-8.0,2.5,0,0,0,0,0,0,0,0.0,45,2.343393282757865,2.837447077035904,4.939639940857887,0,90
candidate,20261182,0,3,-16.0,3.0,0,0,0,0,0,0,0,0.047619047619047616,21,2.322520972007797,2.7376972138881683,2.8478633612394333,0,43
candidate,20261182,1,3,48.0,1.0,1,1,0,0,0,0,0,0.0,22,2.3291915316473353,3.154382389038801,3.160100430250168,0,43
candidate,20261182,2,3,-16.0,3.0,0,0,0,0,0,0,0,0.09523809523809523,21,2.286392574508985,2.7991514652967453,2.8325188905000687,0,43
candidate,20261182,3,3,-19.0,3.0,0,0,0,0,0,0,0,0.041666666666666664,24,2.320639556273818,2.865480538457632,3.4983381628990173,0,49
candidate,20261183,0,1,-8.0,2.5,0,0,0,0,0,0,0,0.0,30,2.3201342672109604,2.863661292940378,2.9007121920585632,0,60
candidate,20261183,1,1,90.0,1.0,1,1,0,0,0,0,0,0.025,40,2.425035508349538,3.3032755367457867,4.361320286989212,0,79
candidate,20261183,2,1,-8.0,2.5,0,0,0,0,0,0,0,0.029411764705882353,34,2.2907490458558586,2.829018514603376,3.1249765306711197,0,68
candidate,20261183,3,1,-27.0,4.0,0,0,1,19,0,0,0,0.0,30,2.3778244853019714,2.9519394040107727,3.669148311018944,0,60
candidate,20261184,0,1,-8.0,2.5,0,0,0,0,0,0,0,0.05555555555555555,36,2.280550336258279,2.655026502907276,2.8282441198825836,0,72
candidate,20261184,1,1,-18.0,3.0,0,0,0,0,0,0,0,0.07894736842105263,38,2.3012019595817517,2.907763794064522,3.540974110364914,0,77
candidate,20261184,2,1,32.0,1.0,1,0,0,0,0,0,0,0.02564102564102564,39,2.257907285522192,2.8138447552919392,3.0801184475421906,0,78
candidate,20261184,3,1,-19.0,4.0,0,0,1,11,0,0,0,0.0,36,2.3808651603758335,2.943095751106739,5.0628650933504105,0,72
candidate,20261185,0,1,-8.0,2.5,0,0,0,0,0,0,0,0.03773584905660377,53,2.334732105428318,2.791093662381172,3.152312710881233,0,106
candidate,20261185,1,1,-19.0,4.0,0,0,1,11,0,0,0,0.05405405405405406,37,2.2729579862710594,2.7883488684892654,2.8299540281295776,0,74
candidate,20261185,2,1,-8.0,2.5,0,0,0,0,0,0,0,0.022727272727272728,44,2.2567766718566418,2.846777532249689,3.004778176546097,0,88
candidate,20261185,3,1,-8.0,2.5,0,0,0,0,0,0,0,0.043478260869565216,69,2.2249040396317192,2.7318619191646567,3.8577280938625336,0,138
candidate,20261186,0,3,34.0,1.0,1,0,0,0,0,0,0,0.04878048780487805,41,2.294955320838021,2.666836604475975,2.8604846447706223,0,82
candidate,20261186,1,3,-8.0,2.5,0,0,0,0,0,0,0,0.05128205128205128,39,2.278304778230496,2.9480449855327606,3.06609645485878,0,78
candidate,20261186,2,3,-17.0,4.0,0,0,1,9,0,0,0,0.07692307692307693,39,2.318469234384023,2.861822769045831,4.042275249958038,0,78
candidate,20261186,3,3,-8.0,2.5,0,0,0,0,0,0,0,0.0,39,2.245926178800754,2.7771055698394775,2.8554201126098633,0,78
candidate,20261187,0,3,-17.0,3.0,0,0,0,0,0,0,0,0.0,57,2.4253656401445993,3.0700180679559703,5.355987697839737,0,115
candidate,20261187,1,3,-18.0,4.0,0,0,1,10,0,0,0,0.018518518518518517,54,2.357992964486281,3.0627605505287647,3.1796619296073914,0,108
candidate,20261187,2,3,37.0,1.0,1,0,0,0,0,0,0,0.0,44,2.3165830326351253,3.03669897839427,3.1413063406944275,0,88
candidate,20261187,3,3,-17.0,3.0,0,0,0,0,0,0,0,0.017543859649122806,57,2.307781361435589,2.8622571378946304,4.089027643203735,0,115
candidate,20261188,0,1,-17.0,4.0,0,0,1,9,0,0,0,0.0,35,2.3345183048929488,2.7766646817326546,2.7788523584604263,0,70
candidate,20261188,1,1,32.0,1.0,1,0,0,0,0,0,0,0.02564102564102564,39,2.7773332041807666,3.8006603717803955,5.3069982677698135,0,78
candidate,20261188,2,1,-16.0,4.0,0,0,1,8,0,0,0,0.05128205128205128,39,2.290242518752049,2.6521973311901093,5.007537081837654,0,78
candidate,20261188,3,1,-8.0,2.5,0,0,0,0,0,0,0,0.05405405405405406,37,2.2795909663309923,2.7350161224603653,4.618266597390175,0,74
candidate,20261189,0,3,-8.0,2.5,0,0,0,0,0,0,0,0.015384615384615385,65,2.3466222274761934,2.752988412976265,4.574336111545563,0,130
candidate,20261189,1,3,-17.0,4.0,0,0,1,9,0,0,0,0.03773584905660377,53,2.304742007323031,2.8897054493427277,3.044597804546356,0,106
candidate,20261189,2,3,33.0,1.0,1,0,0,0,0,0,0,0.018867924528301886,53,2.2758241602272355,2.906027063727379,3.022095188498497,0,106
candidate,20261189,3,3,-8.0,2.5,0,0,0,0,0,0,0,0.028985507246376812,69,2.2536911124336547,2.8498154133558273,2.9182396829128265,0,138
candidate,20261190,0,1,-8.0,2.5,0,0,0,0,0,0,0,0.0,57,2.4737228819152763,3.232422098517418,5.9160105884075165,0,114
candidate,20261190,1,1,37.0,1.0,1,0,0,0,0,0,0,0.06818181818181818,44,2.3333690213886173,2.8429568745195866,6.2617044895887375,0,88
candidate,20261190,2,1,-24.0,3.0,0,0,0,0,0,0,0,0.0,58,2.4569651176189553,3.3714990131556988,3.8777291774749756,0,117
candidate,20261190,3,1,-20.0,3.0,0,0,0,0,0,0,0,0.028985507246376812,69,2.3161722212166027,2.8208736330270767,3.8720518350601196,0,139
candidate,20261191,0,0,-17.0,3.0,0,0,0,0,0,0,0,0.0,51,2.5133973024055067,3.391916863620281,5.473339930176735,0,103
candidate,20261191,1,0,-20.0,3.0,0,0,0,0,0,0,0,0.057692307692307696,52,2.2220065315755515,2.54646809771657,2.824608236551285,0,105
candidate,20261191,2,0,-18.0,4.0,0,0,1,10,0,0,0,0.043478260869565216,46,2.2447410080095995,2.584267407655716,3.2316073775291443,0,92
candidate,20261191,3,0,60.0,1.0,1,1,0,0,0,0,0,0.0,55,2.3735558106140657,3.1191393733024597,4.483027383685112,0,109
candidate,20261192,0,2,-8.0,2.5,0,0,0,0,0,0,0,0.0,62,2.5778992942744687,3.934703115373849,7.416315376758575,0,124
candidate,20261192,1,2,36.0,1.0,1,0,0,0,0,0,0,0.0,43,2.4614393884359402,3.3605705946683884,3.5688094794750214,0,86
candidate,20261192,2,2,-8.0,2.5,0,0,0,0,0,0,0,0.0,54,2.370623837190646,3.2198665663599964,4.087585955858231,0,108
candidate,20261192,3,2,-8.0,2.5,0,0,0,0,0,0,0,0.0,54,2.511109466905947,3.5400457680225346,6.95798359811306,0,108
candidate,20261193,0,1,-21.0,3.0,0,0,0,0,0,0,0,0.044444444444444446,45,2.386318685279952,3.123426809906959,3.707071766257286,0,91
candidate,20261193,1,1,63.0,1.0,1,1,0,0,0,0,0,0.021739130434782608,46,2.330429973485677,2.9744496569037437,3.6500878632068634,0,91
candidate,20261193,2,1,-21.0,3.0,0,0,0,0,0,0,0,0.06666666666666667,45,2.21399064693186,2.507226169109344,4.21464629471302,0,91
candidate,20261193,3,1,-21.0,3.0,0,0,0,0,0,0,0,0.022222222222222223,45,2.2350585295094385,2.66011580824852,2.6890691369771957,0,91
candidate,20261194,0,0,-8.0,2.5,0,0,0,0,0,0,0,0.0,60,2.416774785766999,2.864290494471788,4.47896309196949,0,120
candidate,20261194,1,0,-8.0,2.5,0,0,0,0,0,0,0,0.0,60,2.4135874894758067,2.9509946703910828,6.436675786972046,0,120
candidate,20261194,2,0,0.0,2.5,0,0,0,0,0,1,0,0.0,80,2.3097140481695533,2.87611810490489,4.594255238771439,0,161
candidate,20261194,3,0,-21.0,4.0,0,0,1,13,0,0,0,0.0,64,2.3247383651323617,3.0389953404664993,3.2706260681152344,0,128
candidate,20261195,0,0,36.0,1.0,1,0,0,0,0,0,0,0.047619047619047616,42,2.2863816647302535,2.7810441330075264,2.8920751065015793,0,84
candidate,20261195,1,0,35.0,1.0,1,0,0,0,0,0,0,0.046511627906976744,43,2.3443461504093435,2.8930647298693657,5.092548206448555,0,86
candidate,20261195,2,0,-8.0,2.5,0,0,0,0,0,0,0,0.0,42,2.367194564569564,3.1419551931321617,3.6510415375232697,0,84
candidate,20261195,3,0,-8.0,2.5,0,0,0,0,0,0,0,0.023809523809523808,42,2.274269770298685,2.9616541229188442,3.0528809875249863,0,84
candidate,20261196,0,1,-29.0,4.0,0,0,1,21,0,0,0,0.03125,32,2.4951293016783893,3.2826779410243025,5.798568949103355,0,64
candidate,20261196,1,1,49.0,1.0,1,0,0,0,0,0,0,0.0,39,2.4991960575183234,3.095347620546818,7.146717980504036,0,78
candidate,20261196,2,1,0.0,2.5,0,0,0,0,0,1,1,0.0,85,2.2873051464557648,2.8485994786024094,3.5492032766342163,0,170
candidate,20261196,3,1,0.0,2.5,0,0,0,0,0,1,1,0.011764705882352941,85,2.4854059824172188,3.703708574175834,8.717911317944527,0,170
candidate,20261197,0,1,-8.0,2.5,0,0,0,0,0,0,0,0.02564102564102564,39,2.4025856206814447,3.0951060354709625,3.15285287797451,0,78
candidate,20261197,1,1,-18.0,3.0,0,0,0,0,0,0,0,0.0,34,2.3172474192345844,2.860268298536539,2.9917359352111816,0,69
candidate,20261197,2,1,35.0,1.0,1,0,0,0,0,0,0,0.02564102564102564,39,2.3494897266993156,3.0265385285019875,6.028003990650177,0,78
candidate,20261197,3,1,-8.0,2.5,0,0,0,0,0,0,0,0.10256410256410256,39,2.340117899271158,2.8501668944954877,6.069496273994446,0,78
candidate,20261198,0,0,32.0,1.0,1,0,0,0,0,0,0,0.03278688524590164,61,2.2578484943655672,2.596599981188774,2.7165506035089493,0,122
candidate,20261198,1,0,-16.0,4.0,0,0,1,8,0,0,0,0.017543859649122806,57,2.380330671082463,2.7953270822763443,5.761358886957169,0,114
candidate,20261198,2,0,-8.0,2.5,0,0,0,0,0,0,0,0.0,61,2.324568993244015,2.911670133471489,4.4454969465732574,0,122
candidate,20261198,3,0,-8.0,2.5,0,0,0,0,0,0,0,0.0,34,2.3254396065193066,2.8019477613270283,4.967287182807922,0,68
candidate,20261199,0,1,32.0,1.0,1,0,0,0,0,0,0,0.024390243902439025,41,2.2956927011652692,2.7011744678020477,2.8644800186157227,0,82
candidate,20261199,1,1,-8.0,2.5,0,0,0,0,0,0,0,0.023809523809523808,42,2.413353173150903,2.829636540263891,5.647379904985428,0,84
candidate,20261199,2,1,36.0,1.0,1,0,0,0,0,0,0,0.06060606060606061,33,2.261713372938561,2.7339350432157516,4.399498924612999,0,66
candidate,20261199,3,1,-16.0,4.0,0,0,1,8,0,0,0,0.04878048780487805,41,2.2744237468010042,2.6298128068447113,4.454663023352623,0,82
candidate,20261200,0,0,-8.0,2.5,0,0,0,0,0,0,0,0.023809523809523808,42,2.316778037874472,2.8871635906398296,3.0250567942857742,0,84
candidate,20261200,1,0,39.0,1.0,1,0,0,0,0,0,0,0.07142857142857142,42,2.2517510113261996,2.7612898498773575,2.8274264186620712,0,84
candidate,20261200,2,0,-8.0,2.5,0,0,0,0,0,0,0,0.0,42,2.342844958461466,3.0931330285966396,3.1235292553901672,0,84
candidate,20261200,3,0,105.0,1.0,1,1,0,0,0,0,0,0.0,67,2.4088311718026203,3.1370677053928375,6.306353956460953,0,133
candidate,20261201,0,3,-8.0,2.5,0,0,0,0,0,0,0,0.01694915254237288,59,2.327654005612357,2.694916538894176,4.536358639597893,0,118
candidate,20261201,1,3,-8.0,2.5,0,0,0,0,0,0,0,0.012195121951219513,82,2.3411038990427806,2.9574017971754074,6.214281544089317,0,164
candidate,20261201,2,3,-19.0,4.0,0,0,1,11,0,0,0,0.02564102564102564,78,2.275695881018272,2.8344775550067425,2.9492657631635666,0,156
candidate,20261201,3,3,0.0,2.5,0,0,0,0,0,1,1,0.022727272727272728,88,2.2844158493998377,2.68101142719388,4.7122035175561905,0,176
candidate,20261202,0,2,-16.0,3.0,0,0,0,0,0,0,0,0.0,48,2.4461498639235892,2.8904092498123646,5.798120051622391,0,97
candidate,20261202,1,2,-21.0,3.0,0,0,0,0,0,0,0,0.02040816326530612,49,2.5558736251325023,4.005997255444521,6.6811200231313705,0,99
candidate,20261202,2,2,-8.0,2.5,0,0,0,0,0,0,0,0.016666666666666666,60,2.295784279704094,2.8500149026513095,3.6850664764642715,0,120
candidate,20261202,3,2,-8.0,2.5,0,0,0,0,0,0,0,0.017543859649122806,57,2.299358970240543,2.709377557039261,5.501609295606613,0,114
candidate,20261203,0,3,-20.0,4.0,0,0,1,12,0,0,0,0.0,36,2.451125325428115,3.011350054293871,4.941413179039955,0,72
candidate,20261203,1,3,-22.0,3.0,0,0,0,0,0,0,0,0.016129032258064516,62,2.284650540640277,2.7479954063892365,2.8984490782022476,0,125
candidate,20261203,2,3,36.0,1.0,1,0,0,0,0,0,0,0.0,36,2.341675986018446,3.1226747669279575,3.31270694732666,0,72
candidate,20261203,3,3,-8.0,2.5,0,0,0,0,0,0,0,0.025,40,2.34111649915576,3.0435083433985706,3.5218093544244766,0,80
candidate,20261204,0,2,-21.0,3.0,0,0,0,0,0,0,0,0.0,46,2.428066714302353,2.894336823374033,6.453821435570717,0,93
candidate,20261204,1,2,-21.0,3.0,0,0,0,0,0,0,0,0.0,46,2.4186299870843473,2.9128273017704487,6.2879957258701324,0,93
candidate,20261204,2,2,63.0,1.0,1,1,0,0,0,0,0,0.0,47,2.246882172023996,2.7873655781149864,2.823352813720703,0,93
candidate,20261204,3,2,-21.0,3.0,0,0,0,0,0,0,0,0.0,46,2.4009438474541125,3.224560059607029,4.735099151730537,0,93
candidate,20261205,0,1,84.0,1.0,1,1,0,0,0,0,0,0.05970149253731343,67,2.3611495132321743,2.754864282906055,7.032215595245361,0,134
candidate,20261205,1,1,-21.0,4.0,0,0,1,13,0,0,0,0.0,52,2.375532299853288,3.0909186229109764,3.2036956399679184,0,104
candidate,20261205,2,1,-18.0,3.0,0,0,0,0,0,0,0,0.046875,64,2.2791121155023575,2.67556831240654,5.536545068025589,0,129
candidate,20261205,3,1,-28.0,3.0,0,0,0,0,0,0,0,0.0,65,2.4126978734364877,3.219667822122574,3.291301429271698,0,131
