model,wall_seed,seat,prevalent_wind,score,rank,win,self_draw,deal_in,deal_in_fan,big_deal_in,draw,draw_tenpai,call_rate,decisions,mean_decision_ms,p95_decision_ms,max_decision_ms,invalid_or_timeout,steps
candidate,20260706,0,3,35.0,1.0,1,0,0,0,0,0,0,0.075,40,11.121968366205692,3.3668902702629566,349.5098538696766,0,80
candidate,20260706,1,3,-17.0,4.0,0,0,1,9,0,0,0,0.09090909090909091,33,2.471120632959135,3.231285512447357,3.247378394007683,0,66
candidate,20260706,2,3,-19.0,4.0,0,0,1,11,0,0,0,0.0,40,2.657385217025876,3.8686804473400116,5.854008719325066,0,80
candidate,20260706,3,3,-8.0,2.5,0,0,0,0,0,0,0,0.0,40,2.416263334453106,3.1921262852847576,3.21820005774498,0,80
candidate,20260707,0,1,-8.0,2.5,0,0,0,0,0,0,0,0.019230769230769232,52,2.542567654297902,3.304718155413866,3.3595897257328033,0,104
candidate,20260707,1,1,-29.0,4.0,0,0,1,21,0,0,0,0.04477611940298507,67,2.473408606515002,3.258606977760792,3.608487546443939,0,134
candidate,20260707,2,1,-31.0,3.0,0,0,0,0,0,0,0,0.016666666666666666,60,2.431665857632955,3.194169793277979,3.6030635237693787,0,121
candidate,20260707,3,1,45.0,1.0,1,0,0,0,0,0,0,0.014925373134328358,67,2.530438881089438,3.7226155400276175,5.244273692369461,0,134
candidate,20260708,0,0,102.0,1.0,1,1,0,0,0,0,0,0.0,45,2.5436766859557896,3.351130336523056,3.4865159541368484,0,89
candidate,20260708,1,0,-34.0,3.0,0,0,0,0,0,0,0,0.06818181818181818,44,2.569612030955878,3.3424279652535915,4.811100661754608,0,89
candidate,20260708,2,0,-34.0,3.0,0,0,0,0,0,0,0,0.0,44,2.598702484233813,3.624335862696171,3.9106030017137527,0,89
candidate,20260708,3,0,-34.0,3.0,0,0,0,0,0,0,0,0.022727272727272728,44,2.413153563710776,3.1359239481389523,3.3004600554704666,0,89
candidate,20260709,0,1,-8.0,2.5,0,0,0,0,0,0,0,0.0,28,2.516430802643299,3.280023764818907,3.3339522778987885,0,56
candidate,20260709,1,1,-8.0,2.5,0,0,0,0,0,0,0,0.02564102564102564,39,2.427311279834845,3.125143051147461,3.18814255297184,0,78
candidate,20260709,2,1,-8.0,2.5,0,0,0,0,0,0,0,0.023809523809523808,42,2.4562524631619453,3.3096913248300552,3.3634956926107407,0,84
candidate,20260709,3,1,35.0,1.0,1,0,0,0,0,0,0,0.03571428571428571,28,2.4232327538941587,3.4053684212267394,3.5066697746515274,0,56
candidate,20260710,0,2,-23.0,3.0,0,0,0,0,0,0,0,0.0,29,2.5288307204328735,3.215230256319046,3.2420046627521515,0,59
candidate,20260710,1,2,69.0,1.0,1,1,0,0,0,0,0,0.0,30,2.4639861658215523,3.2005744986236095,3.221651539206505,0,59
candidate,20260710,2,2,-23.0,3.0,0,0,0,0,0,0,0,0.034482758620689655,29,2.413474280258705,3.1440041959285736,3.173893317580223,0,59
candidate,20260710,3,2,-23.0,3.0,0,0,0,0,0,0,0,0.0,29,2.4773176631023146,3.350868448615074,3.744453191757202,0,59
candidate,20260711,0,3,-24.0,3.0,0,0,0,0,0,0,0,0.0,74,2.5730497530988745,3.411280829459429,3.516901284456253,0,149
candidate,20260711,1,3,0.0,2.5,0,0,0,0,0,1,1,0.011904761904761904,84,2.442112857741969,3.1260699033737183,3.237057477235794,0,168
candidate,20260711,2,3,-8.0,2.5,0,0,0,0,0,0,0,0.0,68,2.5362614542245865,3.427416831254959,3.594459965825081,0,136
candidate,20260711,3,3,-8.0,2.5,0,0,0,0,0,0,0,0.024390243902439025,41,2.421479853915005,3.2280683517456055,3.3419709652662277,0,82
candidate,20260712,0,1,-8.0,2.5,0,0,0,0,0,0,0,0.041666666666666664,72,2.4264768645581274,3.0470882542431355,3.3283233642578125,0,144
candidate,20260712,1,1,52.0,1.0,1,0,0,0,0,0,0,0.0,52,2.5645243003964424,3.595719393342733,3.7019681185483932,0,104
candidate,20260712,2,1,-8.0,2.5,0,0,0,0,0,0,0,0.0,50,2.4213775619864464,3.263960871845484,3.3350829035043716,0,100
candidate,20260712,3,1,-8.0,2.5,0,0,0,0,0,0,0,0.038461538461538464,52,2.359095566834395,2.966287825256586,3.0891932547092438,0,104
candidate,20260713,0,0,48.0,1.0,1,0,0,0,0,0,0,0.0,56,2.5453565841806784,3.4266975708305836,4.091164097189903,0,112
candidate,20260713,1,0,-22.0,3.0,0,0,0,0,0,0,0,0.01694915254237288,59,2.4041709947889136,3.1470376998186107,3.247436136007309,0,119
candidate,20260713,2,0,-8.0,2.5,0,0,0,0,0,0,0,0.09523809523809523,42,2.356364524790219,3.0594433657824984,3.220023587346077,0,84
candidate,20260713,3,0,34.0,1.0,1,0,0,0,0,0,0,0.03389830508474576,59,2.3804696876618823,3.057190962135792,3.121905028820038,0,118
candidate,20260714,0,0,-18.0,3.0,0,0,0,0,0,0,0,0.0392156862745098,51,2.5199691892838945,3.3472226932644844,3.4413784742355347,0,103
candidate,20260714,1,0,-18.0,3.0,0,0,0,0,0,0,0,0.0392156862745098,51,2.4270568335173177,3.2016290351748466,3.325585275888443,0,103
candidate,20260714,2,0,-8.0,2.5,0,0,0,0,0,0,0,0.06666666666666667,45,2.3819943269093833,3.089173510670662,3.3054202795028687,0,90
candidate,20260714,3,0,32.0,1.0,1,0,0,0,0,0,0,0.024390243902439025,41,2.463316181447448,3.520868718624115,3.609858453273773,0,82
candidate,20260715,0,1,141.0,1.0,1,1,0,0,0,0,0,0.05,60,2.4120849867661796,3.165294136852026,3.299778327345848,0,119
candidate,20260715,1,1,33.0,1.0,1,0,0,0,0,0,0,0.0,62,2.5763536593125713,3.6297159269452095,3.7418585270643234,0,124
candidate,20260715,2,1,-17.0,4.0,0,0,1,9,0,0,0,0.016129032258064516,62,2.4464225036001976,3.2547317445278168,3.285026177763939,0,124
candidate,20260715,3,1,-8.0,2.5,0,0,0,0,0,0,0,0.01639344262295082,61,2.4141600569252106,3.2494887709617615,3.3298954367637634,0,122
candidate,20260716,0,1,-8.0,2.5,0,0,0,0,0,0,0,0.0,27,2.5658032132519617,3.368443436920643,3.3812616020441055,0,54
candidate,20260716,1,1,42.0,1.0,1,0,0,0,0,0,0,0.037037037037037035,27,2.5110684197258064,3.3282730728387833,3.407595679163933,0,54
candidate,20260716,2,1,-26.0,4.0,0,0,1,18,0,0,0,0.07407407407407407,27,2.386725128248886,2.9989445582032204,3.1542442739009857,0,54
candidate,20260716,3,1,-8.0,2.5,0,0,0,0,0,0,0,0.038461538461538464,26,2.4157767542279682,3.246887121349573,3.281679004430771,0,52
candidate,20260717,0,3,-24.0,4.0,0,0,1,16,0,0,0,0.0,49,2.518262638121235,3.222949430346489,3.2885558903217316,0,98
candidate,20260717,1,3,40.0,1.0,1,0,0,0,0,0,0,0.0,49,2.541895347590349,3.526453673839569,4.646122455596924,0,98
candidate,20260717,2,3,-23.0,4.0,0,0,1,15,0,0,0,0.012658227848101266,79,2.5830138710480703,3.842886351048946,4.232857376337051,0,158
candidate,20260717,3,3,-8.0,2.5,0,0,0,0,0,0,0,0.0,49,2.4926586038604075,3.3187109977006912,3.6016255617141724,0,98
candidate,20260718,0,2,0.0,2.5,0,0,0,0,0,1,1,0.023529411764705882,85,2.5123107740107704,3.256707638502121,3.5676993429660797,0,169
candidate,20260718,1,2,-17.0,4.0,0,0,1,9,0,0,0,0.03225806451612903,62,2.427740983905331,3.192995302379131,3.2807663083076477,0,124
candidate,20260718,2,2,32.0,1.0,1,0,0,0,0,0,0,0.015625,64,2.4379825044889003,3.3060667105019093,3.4061111509799957,0,128
candidate,20260718,3,2,33.0,1.0,1,0,0,0,0,0,0,0.0,62,2.4737512031870503,3.3294151537120342,3.5327840596437454,0,124
candidate,20260719,0,0,32.0,1.0,1,0,0,0,0,0,0,0.02857142857142857,70,2.457220453236784,3.032527957111597,3.338497132062912,0,140
candidate,20260719,1,0,-8.0,2.5,0,0,0,0,0,0,0,0.0,70,2.4745652452111244,3.3245095051825047,3.4039206802845,0,140
candidate,20260719,2,0,0.0,2.5,0,0,0,0,0,1,0,0.011627906976744186,86,2.422417384074178,3.16611398011446,3.2635554671287537,0,172
candidate,20260719,3,0,0.0,2.5,0,0,0,0,0,1,0,0.0,86,2.5149992948701216,3.466490190476179,3.7256721407175064,0,172
candidate,20260720,0,2,34.0,1.0,1,0,0,0,0,0,0,0.029850746268656716,67,2.42232194920974,2.923436276614666,3.185868263244629,0,134
candidate,20260720,1,2,-8.0,2.5,0,0,0,0,0,0,0,0.0,67,2.5379537646450214,3.5805951803922653,3.8622859865427017,0,134
candidate,20260720,2,2,33.0,1.0,1,0,0,0,0,0,0,0.031746031746031744,63,2.428780915954756,3.2485267147421837,3.330843523144722,0,126
candidate,20260720,3,2,-18.0,4.0,0,0,1,10,0,0,0,0.046153846153846156,65,2.4177975092942896,3.2891701906919475,3.5895444452762604,0,130
candidate,20260721,0,1,-8.0,2.5,0,0,0,0,0,0,0,0.041666666666666664,24,2.4822859559208155,3.260280005633831,3.315262496471405,0,48
candidate,20260721,1,1,-8.0,2.5,0,0,0,0,0,0,0,0.0,24,2.434313219661514,3.304200991988182,3.31740640103817,0,48
candidate,20260721,2,1,34.0,1.0,1,0,0,0,0,0,0,0.08333333333333333,24,2.4243516381829977,3.226272668689489,3.2774116843938828,0,48
candidate,20260721,3,1,-19.0,3.0,0,0,0,0,0,0,0,0.0,63,2.4570002264919735,3.302142582833767,3.330996260046959,0,127
candidate,20260722,0,3,33.0,1.0,1,0,0,0,0,0,0,0.05084745762711865,59,2.439510866494502,3.0371563509106636,3.3720210194587708,0,118
candidate,20260722,1,3,-18.0,4.0,0,0,1,10,0,0,0,0.03389830508474576,59,2.4186324138762587,3.0739469453692436,3.4665726125240326,0,118
candidate,20260722,2,3,-8.0,2.5,0,0,0,0,0,0,0,0.03389830508474576,59,2.3611579721761964,3.009606897830963,3.0253957957029343,0,118
candidate,20260722,3,3,-8.0,2.5,0,0,0,0,0,0,0,0.01694915254237288,59,2.4087500079708586,3.140106052160263,3.2754074782133102,0,118
candidate,20260723,0,0,-8.0,2.5,0,0,0,0,0,0,0,0.0,39,2.6125399252543082,3.608763962984085,3.64501029253006,0,78
candidate,20260723,1,0,-18.0,3.0,0,0,0,0,0,0,0,0.0,37,2.536937997147844,3.4323416650295258,3.656083717942238,0,75
candidate,20260723,2,0,-20.0,4.0,0,0,1,12,0,0,0,0.0,35,2.560249928917204,3.5039830952882767,3.6286097019910812,0,70
candidate,20260723,3,0,-8.0,2.5,0,0,0,0,0,0,0,0.02564102564102564,39,2.4212484653943624,3.1680729240179066,3.4575797617435455,0,78
candidate,20260724,0,2,-34.0,3.0,0,0,0,0,0,0,0,0.014925373134328358,67,2.6287919104988897,3.5935524851083755,4.4806282967329025,0,135
candidate,20260724,1,2,-17.0,4.0,0,0,1,9,0,0,0,0.029850746268656716,67,2.5112822985471186,3.329402022063732,3.9345789700746536,0,134
candidate,20260724,2,2,33.0,1.0,1,0,0,0,0,0,0,0.0,50,2.511950545012951,3.3262567594647408,3.5688094794750214,0,100
candidate,20260724,3,2,102.0,1.0,1,1,0,0,0,0,0,0.0,56,2.4618490798664943,3.3196345902979374,3.3568665385246277,0,111
candidate,20260725,0,2,51.0,1.0,1,1,0,0,0,0,0,0.0,43,2.5612650395825853,3.50655447691679,3.6011952906847,0,85
candidate,20260725,1,2,-17.0,3.0,0,0,0,0,0,0,0,0.04878048780487805,41,2.4617128528472856,3.1961407512426376,3.260292112827301,0,83
candidate,20260725,2,2,-17.0,3.0,0,0,0,0,0,0,0,0.0,40,2.543675061315298,3.4072638489305973,3.5275425761938095,0,81
candidate,20260725,3,2,-8.0,2.5,0,0,0,0,0,0,0,0.05555555555555555,54,2.552525864707099,3.7516910582780834,4.043789580464363,0,108
candidate,20260726,0,1,-8.0,2.5,0,0,0,0,0,0,0,0.0,69,2.5299702757510585,3.29710952937603,3.880482167005539,0,138
candidate,20260726,1,1,-8.0,2.5,0,0,0,0,0,0,0,0.014925373134328358,67,2.4553258250008767,3.329730778932571,3.41123528778553,0,134
candidate,20260726,2,1,-8.0,2.5,0,0,0,0,0,0,0,0.04411764705882353,68,2.395593889934175,3.1485265120863914,3.309117630124092,0,136
candidate,20260726,3,1,35.0,1.0,1,0,0,0,0,0,0,0.014705882352941176,68,2.4613263085484505,3.4459849819540977,3.7653110921382904,0,136
candidate,20260727,0,1,-8.0,2.5,0,0,0,0,0,0,0,0.024390243902439025,41,2.504296146514939,3.24384868144989,3.297654911875725,0,82
candidate,20260727,1,1,-8.0,2.5,0,0,0,0,0,0,0,0.0,41,2.522259450903753,3.450436517596245,3.5431087017059326,0,82
candidate,20260727,2,1,-17.0,4.0,0,0,1,9,0,0,0,0.0,41,2.439357976361019,3.2892096787691116,3.3297818154096603,0,82
candidate,20260727,3,1,33.0,1.0,1,0,0,0,0,0,0,0.07317073170731707,41,2.3313116554806874,2.8839167207479477,2.9013101011514664,0,82
candidate,20260728,0,1,-16.0,3.0,0,0,0,0,0,0,0,0.04878048780487805,41,2.447821472476168,3.0521154403686523,3.1964238733053207,0,83
candidate,20260728,1,1,-16.0,3.0,0,0,0,0,0,0,0,0.0,39,2.4679180903312488,3.2647117972373962,3.2824762165546417,0,79
candidate,20260728,2,1,-16.0,3.0,0,0,0,0,0,0,0,0.024390243902439025,41,2.4198549458893335,3.2309070229530334,3.255074843764305,0,83
candidate,20260728,3,1,-8.0,2.5,0,0,0,0,0,0,0,0.0,59,2.479692005504996,3.556210547685623,3.6265477538108826,0,118
candidate,20260729,0,3,-19.0,4.0,0,0,1,11,0,0,0,0.0,65,2.5813014748004766,3.4974582493305206,3.6004167050123215,0,130
candidate,20260729,1,3,34.0,1.0,1,0,0,0,0,0,0,0.0,68,2.5335124912945663,3.5220280289649963,3.6251824349164963,0,136
candidate,20260729,2,3,-19.0,4.0,0,0,1,11,0,0,0,0.0,51,2.4659010198186424,3.2631224021315575,3.400331363081932,0,102
candidate,20260729,3,3,-18.0,4.0,0,0,1,10,0,0,0,0.0,68,2.520935472977512,3.6036428064107895,3.9009395986795425,0,136
candidate,20260730,0,1,32.0,1.0,1,0,0,0,0,0,0,0.05357142857142857,56,2.4189081575189317,2.958174329251051,3.2804254442453384,0,112
candidate,20260730,1,1,-8.0,2.5,0,0,0,0,0,0,0,0.041666666666666664,48,2.4441125569865108,3.2741806469857693,3.3475495874881744,0,96
candidate,20260730,2,1,-19.0,3.0,0,0,0,0,0,0,0,0.0,33,2.4536088334791586,3.291509300470352,3.4306179732084274,0,67
candidate,20260730,3,1,33.0,1.0,1,0,0,0,0,0,0,0.03225806451612903,31,2.4363840779950543,3.3140210434794426,3.3607110381126404,0,62
candidate,20260731,0,2,-8.0,2.5,0,0,0,0,0,0,0,0.013513513513513514,74,2.4750886636005864,3.223375789821148,3.3009201288223267,0,148
candidate,20260731,1,2,-17.0,3.0,0,0,0,0,0,0,0,0.0,54,2.537962083739263,3.5628721117973328,3.6364812403917313,0,109
candidate,20260731,2,2,-17.0,3.0,0,0,0,0,0,0,0,0.018518518518518517,54,2.5039987845553293,3.5021468065679073,3.542669117450714,0,109
candidate,20260731,3,2,-8.0,2.5,0,0,0,0,0,0,0,0.03333333333333333,60,2.4173335482676825,3.1272683292627335,3.250217065215111,0,120
candidate,20260732,0,1,38.0,1.0,1,0,0,0,0,0,0,0.07142857142857142,28,2.4737919281635965,3.2361273653805256,3.283100202679634,0,56
candidate,20260732,1,1,33.0,1.0,1,0,0,0,0,0,0,0.027777777777777776,36,2.4386165767080255,3.181498497724533,3.2446999102830887,0,72
candidate,20260732,2,1,-8.0,2.5,0,0,0,0,0,0,0,0.0,28,2.446983608284167,3.2601981423795223,3.289557993412018,0,56
candidate,20260732,3,1,-24.0,3.0,0,0,0,0,0,0,0,0.0,28,2.4318513460457325,3.3224444836378098,3.3959299325942993,0,57
candidate,20260733,0,1,-23.0,3.0,0,0,0,0,0,0,0,0.0,60,2.496723116685947,3.2637793570756912,3.7513095885515213,0,121
candidate,20260733,1,1,-8.0,2.5,0,0,0,0,0,0,0,0.030303030303030304,66,2.4124916755791865,3.0389875173568726,3.3311452716588974,0,132
candidate,20260733,2,1,63.0,1.0,1,1,0,0,0,0,0,0.015151515151515152,66,2.421031395594279,3.174262121319771,3.4892577677965164,0,131
candidate,20260733,3,1,-21.0,3.0,0,0,0,0,0,0,0,0.015384615384615385,65,2.4522788536090117,3.311638906598091,4.105575382709503,0,131
candidate,20260734,0,0,-18.0,3.0,0,0,0,0,0,0,0,0.02666666666666667,75,2.460732708374659,3.06418314576149,3.289977088570595,0,151
candidate,20260734,1,0,-18.0,3.0,0,0,0,0,0,0,0,0.0,75,2.559807375073433,3.611488454043865,4.058599472045898,0,151
candidate,20260734,2,0,-18.0,3.0,0,0,0,0,0,0,0,0.0136986301369863,73,2.4638893720630097,3.3155620098114014,3.3896490931510925,0,147
candidate,20260734,3,0,-8.0,2.5,0,0,0,0,0,0,0,0.01694915254237288,59,2.415034698985391,3.191407211124897,3.3735334873199463,0,118
candidate,20260735,0,3,-8.0,2.5,0,0,0,0,0,0,0,0.0196078431372549,51,2.466014568127838,3.1233569607138634,3.206845372915268,0,102
candidate,20260735,1,3,32.0,1.0,1,0,0,0,0,0,0,0.0,39,2.503813793643927,3.4627769142389297,3.6399774253368378,0,78
candidate,20260735,2,3,-8.0,2.5,0,0,0,0,0,0,0,0.0,47,2.5101155042648315,3.5518858581781383,3.7758592516183853,0,94
candidate,20260735,3,3,-21.0,4.0,0,0,1,13,0,0,0,0.0392156862745098,51,2.392890004842889,3.1899958848953247,3.3325720578432083,0,102
candidate,20260736,0,0,-27.0,4.0,0,0,1,19,0,0,0,0.08571428571428572,35,2.4446096271276474,2.9817506670951843,3.1762290745973587,0,70
candidate,20260736,1,0,-8.0,2.5,0,0,0,0,0,0,0,0.02857142857142857,35,2.4290598928928375,3.119576722383499,3.192402422428131,0,70
candidate,20260736,2,0,-8.0,2.5,0,0,0,0,0,0,0,0.0,35,2.4254253400223598,3.2741395756602287,3.3240187913179398,0,70
candidate,20260736,3,0,54.0,1.0,1,1,0,0,0,0,0,0.047619047619047616,42,2.344310815845217,3.054701630026102,3.2442156225442886,0,83
candidate,20260737,0,0,-24.0,3.0,0,0,0,0,0,0,0,0.029411764705882353,34,2.487279091249494,3.1805312260985374,3.245241940021515,0,69
candidate,20260737,1,0,-24.0,3.0,0,0,0,0,0,0,0,0.0,34,2.5148632771828594,3.414779342710972,3.596838563680649,0,69
candidate,20260737,2,0,-17.0,4.0,0,0,1,9,0,0,0,0.0,66,2.612603884754759,4.025790374726057,4.3669193983078,0,132
candidate,20260737,3,0,-24.0,3.0,0,0,0,0,0,0,0,0.058823529411764705,34,2.3653786081601593,3.179430402815342,3.22582945227623,0,69
candidate,20260738,0,0,33.0,1.0,1,0,0,0,0,0,0,0.04878048780487805,41,2.5090462096580644,3.295021131634712,3.3803433179855347,0,84
candidate,20260738,1,0,-17.0,4.0,0,0,1,9,0,0,0,0.047619047619047616,42,2.476681023836136,3.2438728027045727,3.2481420785188675,0,84
candidate,20260738,2,0,-8.0,2.5,0,0,0,0,0,0,0,0.0,41,2.579863660219239,3.739161416888237,4.042860120534897,0,84
candidate,20260738,3,0,-8.0,2.5,0,0,0,0,0,0,0,0.06521739130434782,46,2.3410766506972522,2.873521763831377,2.993175759911537,0,92
candidate,20260739,0,0,-26.0,3.0,0,0,0,0,0,0,0,0.0,36,2.644697566413217,3.707807045429945,4.197746515274048,0,73
candidate,20260739,1,0,-26.0,3.0,0,0,0,0,0,0,0,0.05555555555555555,36,2.4292726173169084,3.1643249094486237,3.607815131545067,0,73
candidate,20260739,2,0,-26.0,3.0,0,0,0,0,0,0,0,0.0,36,2.499825165917476,3.457923885434866,3.562057390809059,0,73
candidate,20260739,3,0,-8.0,2.5,0,0,0,0,0,0,0,0.05555555555555555,54,2.3626954536195153,2.904352266341448,3.286762163043022,0,108
candidate,20260740,0,1,-8.0,2.5,0,0,0,0,0,0,0,0.0,38,2.639126914896463,3.6431806161999702,4.015889018774033,0,76
candidate,20260740,1,1,-19.0,4.0,0,0,1,11,0,0,0,0.0,34,2.479520407231415,3.3808916807174683,3.545483574271202,0,68
candidate,20260740,2,1,35.0,1.0,1,0,0,0,0,0,0,0.07894736842105263,38,2.3543520977622583,2.8481037355959415,2.8915833681821823,0,76
candidate,20260740,3,1,-8.0,2.5,0,0,0,0,0,0,0,0.0,38,2.4714819890888116,3.3441158942878246,3.3953730016946793,0,76
candidate,20260741,0,1,-8.0,2.5,0,0,0,0,0,0,0,0.022727272727272728,44,2.444887449118224,3.088993765413761,3.153657540678978,0,88
candidate,20260741,1,1,32.0,1.0,1,0,0,0,0,0,0,0.06666666666666667,30,2.4730506663521132,3.2948020845651627,3.3979173749685287,0,60
candidate,20260741,2,1,-19.0,4.0,0,0,1,11,0,0,0,0.0,45,2.484995582037502,3.3640291541814804,3.4045204520225525,0,90
candidate,20260741,3,1,35.0,1.0,1,0,0,0,0,0,0,0.045454545454545456,44,2.4031605148179964,3.3087000250816345,3.4661293029785156,0,88
candidate,20260742,0,1,32.0,1.0,1,0,0,0,0,0,0,0.017857142857142856,56,2.4936546105891466,3.2943105325102806,3.401048481464386,0,112
candidate,20260742,1,1,-16.0,4.0,0,0,1,8,0,0,0,0.022727272727272728,44,2.6407933963293377,3.597444947808981,4.164550453424454,0,88
candidate,20260742,2,1,39.0,1.0,1,0,0,0,0,0,0,0.0,64,2.495240798452869,3.376956097781658,3.428203985095024,0,128
candidate,20260742,3,1,-8.0,2.5,0,0,0,0,0,0,0,0.03125,64,2.3830139834899455,3.058480564504862,3.2504554837942123,0,128
candidate,20260743,0,3,-24.0,4.0,0,0,1,16,0,0,0,0.018867924528301886,53,2.49222901491624,3.244650736451149,3.2977070659399033,0,106
candidate,20260743,1,3,-8.0,2.5,0,0,0,0,0,0,0,0.0,47,2.5377957982585784,3.370864689350128,3.4212395548820496,0,94
candidate,20260743,2,3,0.0,2.5,0,0,0,0,0,1,0,0.011494252873563218,87,2.4808790192179297,3.261190839111805,3.410203382372856,0,174
candidate,20260743,3,3,81.0,1.0,1,1,0,0,0,0,0,0.0,78,2.6214297096698713,4.027759563177824,4.227025434374809,0,155
candidate,20260744,0,3,-16.0,3.0,0,0,0,0,0,0,0,0.0,48,2.520755515433848,3.313007391989231,3.33595834672451,0,97
candidate,20260744,1,3,-18.0,3.0,0,0,0,0,0,0,0,0.0,47,2.4647176107193562,3.2188579440116882,3.2309070229530334,0,95
candidate,20260744,2,3,48.0,1.0,1,1,0,0,0,0,0,0.0,49,2.5343835277824986,3.653477504849434,3.7119053304195404,0,97
candidate,20260744,3,3,-16.0,3.0,0,0,0,0,0,0,0,0.020833333333333332,48,2.4618122649068632,3.340499196201563,3.412138670682907,0,97
candidate,20260745,0,3,57.0,1.0,1,1,0,0,0,0,0,0.03125,64,2.4696960754226893,3.2536717131733894,3.4747105091810226,0,127
candidate,20260745,1,3,-19.0,3.0,0,0,0,0,0,0,0,0.047619047619047616,63,2.425804320308897,3.278619796037674,3.626447170972824,0,127
candidate,20260745,2,3,-19.0,3.0,0,0,0,0,0,0,0,0.015873015873015872,63,2.4356174149683545,3.215465135872364,3.296712413430214,0,127
candidate,20260745,3,3,38.0,1.0,1,0,0,0,0,0,0,0.0,43,2.5315752122984376,3.750535659492016,3.8999952375888824,0,86
candidate,20260746,0,1,-28.0,4.0,0,0,1,20,0,0,0,0.02631578947368421,38,2.4816685503250673,3.2248771749436855,3.807399421930313,0,76
candidate,20260746,1,1,0.0,2.5,0,0,0,0,0,1,1,0.011363636363636364,88,2.496510532430627,3.3093811944127083,3.3859796822071075,0,176
candidate,20260746,2,1,43.0,1.0,1,0,0,0,0,0,0,0.07692307692307693,26,2.3792357398913455,3.179729450494051,3.3756718039512634,0,52
candidate,20260746,3,1,-27.0,4.0,0,0,1,19,0,0,0,0.038461538461538464,26,2.5298258719535975,3.4240102395415306,3.5411734133958817,0,52
candidate,20260747,0,3,-8.0,2.5,0,0,0,0,0,0,0,0.016129032258064516,62,2.561025621910249,3.43347555026412,3.788767382502556,0,124
candidate,20260747,1,3,-8.0,2.5,0,0,0,0,0,0,0,0.0,85,2.478595034164541,3.2921969890594482,3.5734176635742188,0,170
candidate,20260747,2,3,-20.0,4.0,0,0,1,12,0,0,0,0.0,65,2.450500657925239,3.312736377120018,3.3525563776493073,0,130
candidate,20260747,3,3,-8.0,2.5,0,0,0,0,0,0,0,0.03076923076923077,65,2.370869740843773,3.018701449036598,3.225909546017647,0,130
candidate,20260748,0,2,54.0,1.0,1,1,0,0,0,0,0,0.0,55,2.5447752326726913,3.320576436817646,3.375014290213585,0,109
candidate,20260748,1,2,0.0,2.5,0,0,0,0,0,1,0,0.011904761904761904,84,2.551104851244461,3.5141535103321075,3.5812165588140488,0,169
candidate,20260748,2,2,-19.0,3.0,0,0,0,0,0,0,0,0.0,80,2.562950784340501,3.5513453185558315,3.9161723107099533,0,161
candidate,20260748,3,2,0.0,2.5,0,0,0,0,0,1,1,0.0,84,2.4623290546948002,3.2751129940152164,3.688916563987732,0,169
candidate,20260749,0,3,33.0,1.0,1,0,0,0,0,0,0,0.0,26,2.570089167700364,3.480982966721058,3.685222938656807,0,52
candidate,20260749,1,3,-24.0,4.0,0,0,1,16,0,0,0,0.0,26,2.4868767135418377,3.212492913007736,3.2370127737522125,0,52
candidate,20260749,2,3,-8.0,2.5,0,0,0,0,0,0,0,0.0,34,2.423310378456817,3.142351843416691,3.191901370882988,0,68
candidate,20260749,3,3,-8.0,2.5,0,0,0,0,0,0,0,0.0,26,2.4626504343289595,3.399910870939493,3.4516453742980957,0,52
candidate,20260750,0,3,-16.0,3.0,0,0,0,0,0,0,0,0.0,40,2.672539744526148,3.6711711436510086,3.762500360608101,0,81
candidate,20260750,1,3,32.0,1.0,1,0,0,0,0,0,0,0.029411764705882353,34,2.4225430782226955,3.3356131054461002,3.3696070313453674,0,68
candidate,20260750,2,3,-8.0,2.5,0,0,0,0,0,0,0,0.058823529411764705,34,2.3709007484071396,2.9400124214589596,2.9590725898742676,0,68
candidate,20260750,3,3,-17.0,4.0,0,0,1,9,0,0,0,0.08,25,2.4764879792928696,3.2038763165473934,3.544420003890991,0,50
candidate,20260751,0,0,-26.0,4.0,0,0,1,18,0,0,0,0.0,78,2.5776974761333222,3.379001934081316,3.5095904022455215,0,156
candidate,20260751,1,0,-23.0,3.0,0,0,0,0,0,0,0,0.0,61,2.506246637614047,3.3209603279829025,3.447979688644409,0,123
candidate,20260751,2,0,0.0,2.5,0,0,0,0,0,1,0,0.0,90,2.481894422736433,3.3720524050295353,3.99196520447731,0,180
candidate,20260751,3,0,-8.0,2.5,0,0,0,0,0,0,0,0.044444444444444446,45,2.401872765686777,3.0950460582971573,3.2789520919322968,0,90
candidate,20260752,0,2,-8.0,2.5,0,0,0,0,0,0,0,0.018518518518518517,54,2.558984655748915,3.413604293018579,3.5496987402439117,0,108
candidate,20260752,1,2,-8.0,2.5,0,0,0,0,0,0,0,0.022222222222222223,45,2.515325778060489,3.3906441181898117,3.4367963671684265,0,90
candidate,20260752,2,2,-32.0,3.0,0,0,0,0,0,0,0,0.0,58,2.474009926462996,3.309550043195486,3.4609343856573105,0,117
candidate,20260752,3,2,96.0,1.0,1,1,0,0,0,0,0,0.01694915254237288,59,2.495416329573777,3.613812103867531,3.808964043855667,0,117
candidate,20260753,0,0,-8.0,2.5,0,0,0,0,0,0,0,0.0,66,2.642442331169591,3.694238606840372,3.7564709782600403,0,132
candidate,20260753,1,0,-32.0,4.0,0,0,1,24,0,0,0,0.0,66,2.474720420485193,3.3074687235057354,3.344578668475151,0,132
candidate,20260753,2,0,48.0,1.0,1,0,0,0,0,0,0,0.0,66,2.447237458192941,3.3346149139106274,3.3724531531333923,0,132
candidate,20260753,3,0,48.0,1.0,1,1,0,0,0,0,0,0.018518518518518517,54,2.430063465403186,3.280930034816265,3.4335292875766754,0,107
candidate,20260754,0,1,-8.0,2.5,0,0,0,0,0,0,0,0.0,52,2.5299169266453156,3.279184829443693,3.3893808722496033,0,104
candidate,20260754,1,1,51.0,1.0,1,1,0,0,0,0,0,0.0,56,2.622320150424327,3.753701690584421,4.1419751942157745,0,111
candidate,20260754,2,1,-41.0,3.0,0,0,0,0,0,0,0,0.01639344262295082,61,2.4075347502700617,3.0770953744649887,3.20550799369812,0,123
candidate,20260754,3,1,-17.0,3.0,0,0,0,0,0,0,0,0.03636363636363636,55,2.442855929786509,3.214665502309799,3.3069923520088196,0,111
candidate,20260755,0,3,-8.0,2.5,0,0,0,0,0,0,0,0.016666666666666666,60,2.472085691988468,3.187720198184252,3.3269133418798447,0,120
candidate,20260755,1,3,-17.0,3.0,0,0,0,0,0,0,0,0.02564102564102564,39,2.564178445400336,3.6387773230671883,3.742791712284088,0,79
candidate,20260755,2,3,-17.0,3.0,0,0,0,0,0,0,0,0.0,42,2.4659218089211556,3.270133677870035,3.503939136862755,0,85
candidate,20260755,3,3,32.0,1.0,1,0,0,0,0,0,0,0.02564102564102564,39,2.4787865770168795,3.521721065044403,3.6294888705015182,0,78
candidate,20260756,0,1,-20.0,4.0,0,0,1,12,0,0,0,0.018867924528301886,53,2.429719662891244,2.929896116256714,3.220329061150551,0,106
candidate,20260756,1,1,-8.0,2.5,0,0,0,0,0,0,0,0.058823529411764705,51,2.4122316755500495,3.118862397968769,3.2860077917575836,0,102
candidate,20260756,2,1,-8.0,2.5,0,0,0,0,0,0,0,0.0,53,2.484716053278941,3.363165631890297,3.986511379480362,0,106
candidate,20260756,3,1,36.0,1.0,1,0,0,0,0,0,0,0.018867924528301886,53,2.453758047436768,3.4082271158695217,3.5627037286758423,0,106
candidate,20260757,0,1,-32.0,4.0,0,0,1,24,0,0,0,0.02702702702702703,74,2.478035695448115,3.099809773266315,3.321593627333641,0,148
candidate,20260757,1,1,48.0,1.0,1,0,0,0,0,0,0,0.0,73,2.5346093645242798,3.4091882407665253,3.534303978085518,0,146
candidate,20260757,2,1,33.0,1.0,1,0,0,0,0,0,0,0.0,12,2.514540838698546,3.471135161817074,3.5381652414798737,0,24
candidate,20260757,3,1,-8.0,2.5,0,0,0,0,0,0,0,0.02702702702702703,37,2.4127212126512787,3.2892659306526184,3.307873383164406,0,74
candidate,20260758,0,0,-21.0,3.0,0,0,0,0,0,0,0,0.024390243902439025,41,2.4875221183387244,3.2132770866155624,3.2859966158866882,0,83
candidate,20260758,1,0,-21.0,3.0,0,0,0,0,0,0,0,0.023809523809523808,42,2.400113447081475,3.142816387116909,3.2321158796548843,0,85
candidate,20260758,2,0,-21.0,3.0,0,0,0,0,0,0,0,0.07142857142857142,42,2.422390461322807,3.0993768945336333,3.2742489129304886,0,85
candidate,20260758,3,0,63.0,1.0,1,1,0,0,0,0,0,0.0,43,2.581568478151809,3.5771718248724937,3.666117787361145,0,85
candidate,20260759,0,3,-20.0,3.0,0,0,0,0,0,0,0,0.016129032258064516,62,2.486148849129677,3.216719813644885,3.6228038370609283,0,125
candidate,20260759,1,3,-20.0,3.0,0,0,0,0,0,0,0,0.03225806451612903,62,2.4292726490286087,2.8843961656093597,6.497085094451904,0,125
candidate,20260759,2,3,-8.0,2.5,0,0,0,0,0,0,0,0.025,80,2.45792253408581,3.38673684746027,3.663497045636177,0,160
candidate,20260759,3,3,-17.0,4.0,0,0,1,9,0,0,0,0.027777777777777776,72,2.4248905893829136,3.2567473128437996,3.3644791692495346,0,144
candidate,20260760,0,2,-16.0,3.0,0,0,0,0,0,0,0,0.038461538461538464,52,2.605401660100772,3.6219743080437183,3.709901124238968,0,105
candidate,20260760,1,2,-17.0,3.0,0,0,0,0,0,0,0,0.038461538461538464,52,2.40663571569782,3.086311183869838,3.277115523815155,0,105
candidate,20260760,2,2,48.0,1.0,1,1,0,0,0,0,0,0.018867924528301886,53,2.4219674040686408,3.1068146228790283,3.207160159945488,0,105
candidate,20260760,3,2,-17.0,4.0,0,0,1,9,0,0,0,0.0,42,2.4642241409137133,3.3527194522321224,3.5801026970148087,0,84
candidate,20260761,0,3,-8.0,2.5,0,0,0,0,0,0,0,0.025974025974025976,77,2.4958816538383433,3.17264124751091,3.2317042350769043,0,154
candidate,20260761,1,3,-20.0,4.0,0,0,1,12,0,0,0,0.0,73,2.6032475320851964,3.5392388701438904,3.76313179731369,0,146
candidate,20260761,2,3,-8.0,2.5,0,0,0,0,0,0,0,0.0,68,2.5798060164293823,3.607537690550089,4.339780658483505,0,136
candidate,20260761,3,3,52.0,1.0,1,0,0,0,0,0,0,0.0,77,2.469976880140119,3.294878453016281,5.068009719252586,0,154
candidate,20260762,0,0,-8.0,2.5,0,0,0,0,0,0,0,0.0,59,2.64880863034119,3.719273954629897,3.9303451776504517,0,118
candidate,20260762,1,0,-8.0,2.5,0,0,0,0,0,0,0,0.012658227848101266,79,2.463996033125286,3.2950524240732193,3.4201405942440033,0,158
candidate,20260762,2,0,-20.0,4.0,0,0,1,12,0,0,0,0.0,75,2.5686416029930115,3.9039602503180504,4.1817594319581985,0,150
candidate,20260762,3,0,36.0,1.0,1,0,0,0,0,0,0,0.014925373134328358,67,2.447726538599427,3.388232551515102,3.4570060670375824,0,134
candidate,20260763,0,1,-8.0,2.5,0,0,0,0,0,0,0,0.03225806451612903,31,2.4756860108144823,3.0572516843676567,3.2620932906866074,0,62
candidate,20260763,1,1,-8.0,2.5,0,0,0,0,0,0,0,0.03225806451612903,31,2.445064064475798,3.091505728662014,3.176731988787651,0,62
candidate,20260763,2,1,36.0,1.0,1,0,0,0,0,0,0,0.0,34,2.409568220815238,3.303992375731468,3.332529217004776,0,68
candidate,20260763,3,1,36.0,1.0,1,0,0,0,0,0,0,0.12903225806451613,31,2.28099110386064,2.935389056801796,3.037748858332634,0,62
candidate,20260764,0,1,-16.0,4.0,0,0,1,8,0,0,0,0.023255813953488372,43,2.6148811935685403,3.571283631026745,3.654954954981804,0,86
candidate,20260764,1,1,-17.0,4.0,0,0,1,9,0,0,0,0.024096385542168676,83,2.374220168195575,2.8587324544787402,4.27086278796196,0,166
candidate,20260764,2,1,32.0,1.0,1,0,0,0,0,0,0,0.0425531914893617,47,2.407651790913115,3.298370912671089,3.3692102879285812,0,94
candidate,20260764,3,1,-8.0,2.5,0,0,0,0,0,0,0,0.0,86,2.494600709787635,3.590415231883526,3.8349516689777374,0,172
candidate,20260765,0,2,-8.0,2.5,0,0,0,0,0,0,0,0.047619047619047616,42,2.4466435203240033,3.27261509373784,3.2819323241710663,0,84
candidate,20260765,1,2,-8.0,2.5,0,0,0,0,0,0,0,0.025,40,2.4452279787510633,3.2870101742446423,3.361096605658531,0,80
candidate,20260765,2,2,-8.0,2.5,0,0,0,0,0,0,0,0.016129032258064516,62,2.4118143464288404,3.208814188838005,3.8381554186344147,0,124
candidate,20260765,3,2,35.0,1.0,1,0,0,0,0,0,0,0.023809523809523808,42,2.5219013027492023,3.7422200664877883,3.931945189833641,0,84
candidate,20260766,0,0,-39.0,3.0,0,0,0,0,0,0,0,0.0,35,2.4949739554098675,3.2748540863394737,3.335200250148773,0,71
candidate,20260766,1,0,-16.0,3.0,0,0,0,0,0,0,0,0.029411764705882353,68,2.3784994366852676,2.9556626453995705,3.270728513598442,0,137
candidate,20260766,2,0,-8.0,2.5,0,0,0,0,0,0,0,0.03636363636363636,55,2.3895828222686593,3.112085722386836,3.315884619951248,0,110
candidate,20260766,3,0,32.0,1.0,1,0,0,0,0,0,0,0.017543859649122806,57,2.41334095858691,3.1912196427583694,3.266656771302223,0,114
candidate,20260767,0,3,-8.0,2.5,0,0,0,0,0,0,0,0.027777777777777776,36,2.4536270130839615,3.055195789784193,3.3304933458566666,0,72
candidate,20260767,1,3,-18.0,4.0,0,0,1,10,0,0,0,0.027777777777777776,36,2.4162172339856625,2.9937298968434334,3.137100487947464,0,72
candidate,20260767,2,3,34.0,1.0,1,0,0,0,0,0,0,0.027777777777777776,36,2.451989592777358,3.320767544209957,3.4930165857076645,0,72
candidate,20260767,3,3,-8.0,2.5,0,0,0,0,0,0,0,0.027777777777777776,36,2.4049608554277153,3.281786572188139,3.398830071091652,0,72
candidate,20260768,0,3,-18.0,3.0,0,0,0,0,0,0,0,0.016666666666666666,60,2.5027571556468806,3.1879087910056114,3.310244530439377,0,121
candidate,20260768,1,3,-18.0,3.0,0,0,0,0,0,0,0,0.016666666666666666,60,2.446409066518148,3.153514303267002,3.849787637591362,0,121
candidate,20260768,2,3,-8.0,2.5,0,0,0,0,0,0,0,0.0,61,2.5172636645739197,3.573669120669365,3.858335316181183,0,122
candidate,20260768,3,3,44.0,1.0,1,0,0,0,0,0,0,0.05357142857142857,56,2.3408413399010897,3.0532688833773136,3.306284546852112,0,112
candidate,20260769,0,2,43.0,1.0,1,0,0,0,0,0,0,0.03125,64,2.4559710873290896,3.2464337535202503,3.3434852957725525,0,128
candidate,20260769,1,2,36.0,1.0,1,0,0,0,0,0,0,0.07894736842105263,38,2.3662479300247994,2.9261907562613487,3.0349846929311752,0,76
candidate,20260769,2,2,-8.0,2.5,0,0,0,0,0,0,0,0.016129032258064516,62,2.4068178909440197,3.1782396137714386,3.255775198340416,0,124
candidate,20260769,3,2,33.0,1.0,1,0,0,0,0,0,0,0.04411764705882353,68,2.3824140046010998,3.2812634482979774,3.3656805753707886,0,136
candidate,20260770,0,2,-8.0,2.5,0,0,0,0,0,0,0,0.034482758620689655,58,2.44085558144183,3.03750466555357,3.222167491912842,0,116
candidate,20260770,1,2,34.0,1.0,1,0,0,0,0,0,0,0.017241379310344827,58,2.4472489824582793,3.3462002873420715,3.434978425502777,0,116
candidate,20260770,2,2,0.0,2.5,0,0,0,0,0,1,0,0.0,86,2.437951996229416,3.284341190010309,3.422744572162628,0,172
candidate,20260770,3,2,-8.0,2.5,0,0,0,0,0,0,0,0.03571428571428571,28,2.3952082597783635,3.1043400056660175,3.1365621834993362,0,56
candidate,20260771,0,1,69.0,1.0,1,1,0,0,0,0,0,0.07317073170731707,41,2.4289318428533835,3.22565995156765,3.251371905207634,0,81
candidate,20260771,1,1,34.0,1.0,1,0,0,0,0,0,0,0.0,55,2.475873279300603,3.4546785056591034,3.6377161741256714,0,110
candidate,20260771,2,1,-17.0,3.0,0,0,0,0,0,0,0,0.045454545454545456,44,2.365723590959202,3.1641714274883275,3.243369981646538,0,89
candidate,20260771,3,1,-34.0,4.0,0,0,1,26,0,0,0,0.05263157894736842,38,2.387747364608865,3.209128323942423,3.2316595315933228,0,76
candidate,20260772,0,0,-8.0,2.5,0,0,0,0,0,0,0,0.03333333333333333,30,2.4695362895727158,3.2096737064421172,3.293309360742569,0,60
candidate,20260772,1,0,-8.0,2.5,0,0,0,0,0,0,0,0.0,25,2.472301796078682,3.3034492284059525,3.322180360555649,0,50
candidate,20260772,2,0,-8.0,2.5,0,0,0,0,0,0,0,0.0,57,2.4273639969658434,3.2468903809785843,3.2860320061445236,0,114
candidate,20260772,3,0,35.0,1.0,1,0,0,0,0,0,0,0.04,25,2.46482253074646,3.520922362804413,3.551904112100601,0,50
candidate,20260773,0,3,10.0,2.0,0,0,0,0,0,0,0,0.012048192771084338,83,2.525895497346499,3.2956384122371674,3.6899521946907043,1,168
candidate,20260773,1,3,-19.0,3.0,0,0,0,0,0,0,0,0.0,54,2.4570710957050323,3.2703716307878494,3.3496301621198654,0,109
candidate,20260773,2,3,-25.0,4.0,0,0,1,17,0,0,0,0.0,37,2.410985982498607,3.206929937005043,3.2315850257873535,0,74
candidate,20260773,3,3,-19.0,3.0,0,0,0,0,0,0,0,0.018518518518518517,54,2.3866477249949067,3.1824255362153053,3.2312311232089996,0,109
candidate,20260774,0,0,-19.0,3.0,0,0,0,0,0,0,0,0.024390243902439025,41,2.5100953331807765,3.2626818865537643,3.364250063896179,0,83
candidate,20260774,1,0,-19.0,3.0,0,0,0,0,0,0,0,0.0,41,2.443743869662285,3.256719559431076,3.3014360815286636,0,83
candidate,20260774,2,0,-19.0,3.0,0,0,0,0,0,0,0,0.024390243902439025,41,2.463838358114405,3.3457353711128235,3.5034995526075363,0,83
candidate,20260774,3,0,-29.0,3.0,0,0,0,0,0,0,0,0.05357142857142857,56,2.2963020019233227,2.8397482819855213,2.942359074950218,0,114
candidate,20260775,0,0,-18.0,4.0,0,0,1,10,0,0,0,0.014285714285714285,70,2.4618017886366164,3.180650901049375,3.314165398478508,0,140
candidate,20260775,1,0,-16.0,4.0,0,0,1,8,0,0,0,0.06451612903225806,31,2.4186753097080413,3.1995316967368126,3.216186538338661,0,62
candidate,20260775,2,0,-8.0,2.5,0,0,0,0,0,0,0,0.016129032258064516,62,2.4210152126127675,3.2890451140701766,3.7773288786411285,0,124
candidate,20260775,3,0,-8.0,2.5,0,0,0,0,0,0,0,0.04838709677419355,62,2.337484710639523,2.892822679132223,3.1817052513360977,0,125
candidate,20260776,0,2,-17.0,3.0,0,0,0,0,0,0,0,0.0,40,2.4855862371623516,3.412805125117302,3.4324470907449722,0,81
candidate,20260776,1,2,-17.0,3.0,0,0,0,0,0,0,0,0.05,40,2.384554408490658,3.1352811492979527,3.1394343823194504,0,81
candidate,20260776,2,2,-17.0,3.0,0,0,0,0,0,0,0,0.023255813953488372,43,2.454742745951165,3.2277096062898636,3.308497369289398,0,86
candidate,20260776,3,2,51.0,1.0,1,1,0,0,0,0,0,0.0,41,2.51963289409149,3.548605367541313,3.7712901830673218,0,81
candidate,20260777,0,0,0.0,2.5,0,0,0,0,0,1,0,0.0,85,2.567034521523644,3.4009557217359543,3.4912042319774628,0,170
candidate,20260777,1,0,69.0,1.0,1,1,0,0,0,0,0,0.013333333333333334,75,2.4107091625531516,3.1632093712687492,3.2991766929626465,0,149
candidate,20260777,2,0,-8.0,2.5,0,0,0,0,0,0,0,0.0425531914893617,47,2.391522948412185,3.212013840675354,3.3358801156282425,0,94
candidate,20260777,3,0,32.0,1.0,1,0,0,0,0,0,0,0.0,64,2.4699213972780854,3.2948946580290794,3.4134555608034134,0,128
candidate,20260778,0,2,10.0,2.0,0,0,0,0,0,0,0,0.030303030303030304,66,2.408698568064155,3.067926038056612,3.1769853085279465,1,133
candidate,20260778,1,2,90.0,1.0,1,1,0,0,0,0,0,0.016129032258064516,62,2.433771297575966,3.196886088699102,3.2801255583763123,0,123
candidate,20260778,2,2,10.0,2.0,0,0,0,0,0,0,0,0.014084507042253521,71,2.430976355369662,3.2871486619114876,3.386532887816429,1,143
candidate,20260778,3,2,0.0,2.5,0,0,0,0,0,1,0,0.0,85,2.4285888628048053,3.2809626311063766,3.5023707896471024,0,170
candidate,20260779,0,2,-8.0,2.5,0,0,0,0,0,0,0,0.03389830508474576,59,2.4558940618220024,3.205658122897148,3.2453201711177826,0,118
candidate,20260779,1,2,46.0,1.0,1,0,0,0,0,0,0,0.0,59,2.5650095510280737,3.739688545465469,3.877900540828705,0,118
candidate,20260779,2,2,-30.0,4.0,0,0,1,22,0,0,0,0.03389830508474576,59,2.393069187715902,3.0691478401422496,3.2122768461704254,0,118
candidate,20260779,3,2,-8.0,2.5,0,0,0,0,0,0,0,0.05084745762711865,59,2.3434848161572117,3.1614534556865688,3.358101472258568,0,118
candidate,20260780,0,3,-8.0,2.5,0,0,0,0,0,0,0,0.03636363636363636,55,2.4104240943085062,3.046363592147827,3.1061433255672455,0,110
candidate,20260780,1,3,-8.0,2.5,0,0,0,0,0,0,0,0.0,82,2.4642201549396283,3.2845932990312576,3.40091809630394,0,164
candidate,20260780,2,3,-8.0,2.5,0,0,0,0,0,0,0,0.05555555555555555,54,2.343943066619061,3.1995746307075024,3.231918439269066,0,108
candidate,20260780,3,3,-8.0,2.5,0,0,0,0,0,0,0,0.016129032258064516,62,2.351481167058791,3.0667437240481377,3.1100399792194366,0,124
candidate,20260781,0,2,32.0,1.0,1,0,0,0,0,0,0,0.04411764705882353,68,2.4111130110481205,2.9992863535881042,3.3429451286792755,0,136
candidate,20260781,1,2,43.0,1.0,1,0,0,0,0,0,0,0.058823529411764705,34,2.3879659745623085,3.1120359897613525,3.1240060925483704,0,68
candidate,20260781,2,2,-8.0,2.5,0,0,0,0,0,0,0,0.047619047619047616,63,2.321233470288534,2.853321097791195,3.2581984996795654,0,126
candidate,20260781,3,2,-32.0,4.0,0,0,1,24,0,0,0,0.0273972602739726,73,2.351377184872758,3.1784284859895706,3.240251913666725,0,146
candidate,20260782,0,1,-20.0,3.0,0,0,0,0,0,0,0,0.022222222222222223,45,2.4688423921664557,3.1785596162080765,3.2467953860759735,0,91
candidate,20260782,1,1,38.0,1.0,1,0,0,0,0,0,0,0.0,48,2.510683494620025,3.4827894531190395,3.694690763950348,0,96
candidate,20260782,2,1,-8.0,2.5,0,0,0,0,0,0,0,0.0,48,2.4013509585832558,3.1391012482345104,3.2124612480401993,0,96
candidate,20260782,3,1,-20.0,3.0,0,0,0,0,0,0,0,0.0,51,2.4560261882987677,3.359055146574974,3.6055687814950943,0,103
candidate,20260783,0,2,-16.0,4.0,0,0,1,8,0,0,0,0.022727272727272728,44,2.4888273751871153,3.294656053185463,3.3844001591205597,0,88
candidate,20260783,1,2,32.0,1.0,1,0,0,0,0,0,0,0.06818181818181818,44,2.350035800852559,3.102379385381937,3.1406842172145844,0,88
candidate,20260783,2,2,-17.0,4.0,0,0,1,9,0,0,0,0.0,42,2.513142524375802,3.5554923117160793,3.6525242030620575,0,84
candidate,20260783,3,2,-8.0,2.5,0,0,0,0,0,0,0,0.0,36,2.4464032095339565,3.3177509903907776,3.392321988940239,0,72
candidate,20260784,0,1,-8.0,2.5,0,0,0,0,0,0,0,0.0,40,2.491558901965618,3.2641789875924587,3.323342651128769,0,80
candidate,20260784,1,1,-8.0,2.5,0,0,0,0,0,0,0,0.023809523809523808,42,2.4145107184137617,3.11534833163023,3.169544041156769,0,84
candidate,20260784,2,1,-8.0,2.5,0,0,0,0,0,0,0,0.0,40,2.436971105635166,3.299870435148477,3.4128855913877487,0,80
candidate,20260784,3,1,35.0,1.0,1,0,0,0,0,0,0,0.0,40,2.4412048514932394,3.474308270961046,3.5952161997556686,0,80
candidate,20260785,0,0,-8.0,2.5,0,0,0,0,0,0,0,0.0,70,2.5550072214433124,3.4864401444792747,3.674326464533806,0,140
candidate,20260785,1,0,-8.0,2.5,0,0,0,0,0,0,0,0.025974025974025976,77,2.4061475142643047,3.1555823981761932,3.2296571880578995,0,154
candidate,20260785,2,0,33.0,1.0,1,0,0,0,0,0,0,0.046875,64,2.3301073524635285,3.170872945338487,3.2761823385953903,0,128
candidate,20260785,3,0,-8.0,2.5,0,0,0,0,0,0,0,0.0,78,2.4626018861547494,3.4619891084730616,3.7620868533849716,0,156
candidate,20260786,0,2,44.0,1.0,1,0,0,0,0,0,0,0.0,80,2.6088127167895436,3.880064096301794,4.53689880669117,0,160
candidate,20260786,1,2,-8.0,2.5,0,0,0,0,0,0,0,0.012658227848101266,79,2.4096828095520597,3.0008602887392044,3.232168033719063,0,158
candidate,20260786,2,2,32.0,1.0,1,0,0,0,0,0,0,0.0273972602739726,73,2.329580511336457,2.84520573914051,3.154562786221504,0,146
candidate,20260786,3,2,-19.0,3.0,0,0,0,0,0,0,0,0.024691358024691357,81,2.3399389774343113,2.96606682240963,3.5631172358989716,0,163
candidate,20260787,0,0,35.0,1.0,1,0,0,0,0,0,0,0.0,44,2.5936121290380303,3.573669772595167,3.8960669189691544,0,88
candidate,20260787,1,0,-8.0,2.5,0,0,0,0,0,0,0,0.0,44,2.4822773411870003,3.33595285192132,4.61152009665966,0,88
candidate,20260787,2,0,-8.0,2.5,0,0,0,0,0,0,0,0.05,20,2.375471778213978,3.031825926154852,3.18068265914917,0,40
candidate,20260787,3,0,35.0,1.0,1,0,0,0,0,0,0,0.03896103896103896,77,2.356998235374302,3.01709808409214,4.049995914101601,0,154
candidate,20260788,0,3,-8.0,2.5,0,0,0,0,0,0,0,0.03125,32,2.5062115164473653,3.2576842233538628,3.276679664850235,0,64
candidate,20260788,1,3,-19.0,4.0,0,0,1,11,0,0,0,0.06382978723404255,47,2.317603281203737,2.8081616386771198,2.8788745403289795,0,94
candidate,20260788,2,3,32.0,1.0,1,0,0,0,0,0,0,0.0,24,2.492827052871386,3.528440836817026,3.6006998270750046,0,48
candidate,20260788,3,3,-8.0,2.5,0,0,0,0,0,0,0,0.03125,32,2.423517464194447,3.1975356861948967,3.207167610526085,0,64
candidate,20260789,0,2,-8.0,2.5,0,0,0,0,0,0,0,0.0,77,2.539162753851383,3.439411148428917,3.7741679698228836,0,154
candidate,20260789,1,2,-8.0,2.5,0,0,0,0,0,0,0,0.017241379310344827,58,2.4081665765622566,3.201907966285944,3.3179372549057007,0,116
candidate,20260789,2,2,33.0,1.0,1,0,0,0,0,0,0,0.014705882352941176,68,2.4051025838536373,3.2227027229964733,3.3125579357147217,0,136
candidate,20260789,3,2,-17.0,4.0,0,0,1,9,0,0,0,0.034482758620689655,58,2.3949715340959616,3.2424855045974255,3.3750031143426895,0,116
candidate,20260790,0,1,-36.0,3.0,0,0,0,0,0,0,0,0.01639344262295082,61,2.4665771815620485,3.171449527144432,3.290906548500061,0,123
candidate,20260790,1,1,-8.0,2.5,0,0,0,0,0,0,0,0.022222222222222223,45,2.4747451974285974,3.550297766923904,3.6308467388153076,0,90
candidate,20260790,2,1,84.0,1.0,1,1,0,0,0,0,0,0.03389830508474576,59,2.4249297961340113,3.413795121014118,3.4868568181991577,0,117
candidate,20260790,3,1,-28.0,3.0,0,0,0,0,0,0,0,0.0,58,2.4867333664462485,3.4635424613952637,3.52603942155838,0,117
candidate,20260791,0,1,32.0,1.0,1,0,0,0,0,0,0,0.014492753623188406,69,2.4955672198447627,3.2912909984588623,3.4178942441940308,0,138
candidate,20260791,1,1,-20.0,4.0,0,0,1,12,0,0,0,0.0,77,2.5308296664968712,3.5357866436243057,3.5758614540100098,0,154
candidate,20260791,2,1,-8.0,2.5,0,0,0,0,0,0,0,0.0,63,2.473444544843265,3.3759230747818947,4.312299191951752,0,126
candidate,20260791,3,1,-8.0,2.5,0,0,0,0,0,0,0,0.0273972602739726,73,2.3731991189391644,2.984926849603653,3.0729956924915314,0,145
candidate,20260792,0,0,34.0,1.0,1,0,0,0,0,0,0,0.03125,32,2.5740828132256866,3.443052154034376,3.5154372453689575,0,64
candidate,20260792,1,0,-18.0,3.0,0,0,0,0,0,0,0,0.04081632653061224,49,2.400448887932057,3.1526383012533183,3.268420696258545,0,99
candidate,20260792,2,0,33.0,1.0,1,0,0,0,0,0,0,0.05714285714285714,35,2.3827828466892242,3.0939681455492973,3.116616979241371,0,70
candidate,20260792,3,0,-8.0,2.5,0,0,0,0,0,0,0,0.09375,32,2.3824244854040444,3.06714354082942,3.265669569373131,0,64
candidate,20260793,0,1,36.0,1.0,1,0,0,0,0,0,0,0.03571428571428571,56,2.4798978452703784,3.2469574362039566,3.364104777574539,0,112
candidate,20260793,1,1,-23.0,3.0,0,0,0,0,0,0,0,0.03333333333333333,60,2.3616510443389416,2.927099075168371,3.3148210495710373,0,121
candidate,20260793,2,1,-8.0,2.5,0,0,0,0,0,0,0,0.05084745762711865,59,2.3878986742031776,3.097427077591418,3.7362314760684967,0,117
candidate,20260793,3,1,35.0,1.0,1,0,0,0,0,0,0,0.011235955056179775,89,2.422944757710682,3.2610815018415447,3.7006735801696777,0,179
candidate,20260794,0,2,-8.0,2.5,0,0,0,0,0,0,0,0.0,20,2.428957726806402,3.2131790183484554,3.2182522118091583,0,40
candidate,20260794,1,2,38.0,1.0,1,0,0,0,0,0,0,0.1,20,2.404992002993822,3.2697197049856186,3.4200716763734818,0,40
candidate,20260794,2,2,-8.0,2.5,0,0,0,0,0,0,0,0.09523809523809523,21,2.4466683112439656,3.307228907942772,3.3142920583486557,0,42
candidate,20260794,3,2,-22.0,4.0,0,0,1,14,0,0,0,0.05714285714285714,35,2.3887287293161665,3.084169514477253,3.1622331589460373,0,70
candidate,20260795,0,3,40.0,1.0,1,0,0,0,0,0,0,0.0,24,2.512595926721891,3.2150705344974995,3.2243840396404266,0,48
candidate,20260795,1,3,-8.0,2.5,0,0,0,0,0,0,0,0.08333333333333333,24,2.439432234192888,3.25469346717,3.882411867380142,0,48
candidate,20260795,2,3,-8.0,2.5,0,0,0,0,0,0,0,0.0,24,2.4420099798589945,3.2564494758844376,3.273928537964821,0,48
candidate,20260795,3,3,-24.0,4.0,0,0,1,16,0,0,0,0.0,24,2.422753721475601,3.2458804547786713,3.272952511906624,0,48
candidate,20260796,0,0,0.0,2.5,0,0,0,0,0,1,0,0.022988505747126436,87,2.4310200978284593,3.055895492434502,3.976985812187195,0,174
candidate,20260796,1,0,-8.0,2.5,0,0,0,0,0,0,0,0.0,82,2.5039486950490533,3.364470414817333,4.048114642500877,0,164
candidate,20260796,2,0,0.0,2.5,0,0,0,0,0,1,1,0.024096385542168676,83,2.354871863162661,2.9892105609178543,3.3633988350629807,0,166
candidate,20260796,3,0,-8.0,2.5,0,0,0,0,0,0,0,0.0,36,2.374375549455484,3.174148965626955,3.202468156814575,0,72
candidate,20260797,0,0,-16.0,3.0,0,0,0,0,0,0,0,0.047619047619047616,42,2.4824954037155424,3.22786383330822,3.3899154514074326,0,85
candidate,20260797,1,0,48.0,1.0,1,1,0,0,0,0,0,0.0,43,2.4997189987537474,3.5310205072164536,3.79784032702446,0,85
candidate,20260797,2,0,57.0,1.0,1,1,0,0,0,0,0,0.08333333333333333,36,2.3645593060387506,3.1653475016355515,3.207307308912277,0,71
candidate,20260797,3,0,-16.0,3.0,0,0,0,0,0,0,0,0.023809523809523808,42,2.4060474797373725,3.303629718720913,3.3836904913187027,0,85
candidate,20260798,0,1,-17.0,4.0,0,0,1,9,0,0,0,0.043478260869565216,23,2.521725695418275,3.2265225425362587,3.2825544476509094,0,46
candidate,20260798,1,1,32.0,1.0,1,0,0,0,0,0,0,0.0,17,2.4781139457927033,3.460821509361267,3.510676324367523,0,34
candidate,20260798,2,1,-8.0,2.5,0,0,0,0,0,0,0,0.0,42,2.458442446021807,3.3928816206753254,3.6433618515729904,0,84
candidate,20260798,3,1,-18.0,4.0,0,0,1,10,0,0,0,0.05263157894736842,38,2.3643924413543,3.0976920388638973,3.1593218445777893,0,76
candidate,20260799,0,0,-20.0,3.0,0,0,0,0,0,0,0,0.0,38,2.607337297185471,3.8896493613719936,4.421591758728027,0,77
candidate,20260799,1,0,35.0,1.0,1,0,0,0,0,0,0,0.05,40,2.37899674102664,3.0342144891619682,3.2438430935144424,0,80
candidate,20260799,2,0,-8.0,2.5,0,0,0,0,0,0,0,0.023809523809523808,42,2.429477914813019,3.389842994511127,3.478817641735077,0,84
candidate,20260799,3,0,-8.0,2.5,0,0,0,0,0,0,0,0.023809523809523808,42,2.409170071283976,3.203404974192381,3.2403189688920975,0,84
candidate,20260800,0,3,-8.0,2.5,0,0,0,0,0,0,0,0.0,41,2.4563880500996986,3.180272877216339,3.2392945140600204,0,82
candidate,20260800,1,3,63.0,1.0,1,1,0,0,0,0,0,0.023809523809523808,42,2.3980935414632163,3.2075393013656135,3.300270065665245,0,83
candidate,20260800,2,3,0.0,2.5,0,0,0,0,0,1,0,0.0,84,2.4321075706254867,3.276646602898836,3.384515643119812,0,169
candidate,20260800,3,3,0.0,2.5,0,0,0,0,0,1,1,0.0,84,2.458044749108099,3.377424087375402,3.6931075155735016,0,168
candidate,20260801,0,2,-19.0,4.0,0,0,1,11,0,0,0,0.018867924528301886,53,2.4864760069352276,3.239557147026062,3.2869745045900345,0,106
candidate,20260801,1,2,-18.0,4.0,0,0,1,10,0,0,0,0.0,78,2.5510356928675604,3.686790354549884,3.843327984213829,0,156
candidate,20260801,2,2,0.0,2.5,0,0,0,0,0,1,0,0.011904761904761904,84,2.388392575085163,3.030566405504942,3.1910594552755356,0,168
candidate,20260801,3,2,34.0,1.0,1,0,0,0,0,0,0,0.04,50,2.341296076774597,2.9166470281779766,3.3526327461004257,0,100
candidate,20260802,0,3,-8.0,2.5,0,0,0,0,0,0,0,0.029411764705882353,34,2.4660206125939594,3.158841002732515,3.387151286005974,0,68
candidate,20260802,1,3,-20.0,4.0,0,0,1,12,0,0,0,0.029411764705882353,34,2.44991179993924,3.268420323729515,3.409380093216896,0,68
candidate,20260802,2,3,36.0,1.0,1,0,0,0,0,0,0,0.029411764705882353,34,2.3564176414819324,3.0211791396141052,3.1535308808088303,0,68
candidate,20260802,3,3,-8.0,2.5,0,0,0,0,0,0,0,0.058823529411764705,34,2.3859279120669648,3.307625465095043,3.3386070281267166,0,68
candidate,20260803,0,1,-8.0,2.5,0,0,0,0,0,0,0,0.021739130434782608,46,2.4526418875093046,3.1111780554056168,3.2623913139104843,0,92
candidate,20260803,1,1,-8.0,2.5,0,0,0,0,0,0,0,0.0,68,2.51393869300099,3.4465414471924305,3.6270003765821457,0,136
candidate,20260803,2,1,34.0,1.0,1,0,0,0,0,0,0,0.02127659574468085,47,2.4130924188710274,3.325909003615379,3.4449249505996704,0,94
candidate,20260803,3,1,-16.0,4.0,0,0,1,8,0,0,0,0.03389830508474576,59,2.3621305886466626,3.0128074809908867,3.233112394809723,0,118
candidate,20260804,0,1,57.0,1.0,1,1,0,0,0,0,0,0.017857142857142856,56,2.4229489333395446,3.180490341037512,3.2677799463272095,0,111
candidate,20260804,1,1,-8.0,2.5,0,0,0,0,0,0,0,0.0,34,2.434428781270981,3.2515782862901688,3.328220918774605,0,68
candidate,20260804,2,1,-19.0,3.0,0,0,0,0,0,0,0,0.07272727272727272,55,2.331251007589427,2.859611436724663,3.1545646488666534,0,111
candidate,20260804,3,1,-8.0,2.5,0,0,0,0,0,0,0,0.0,34,2.492584233336589,3.4776750020682807,3.690512850880623,0,68
candidate,20260805,0,2,0.0,2.5,0,0,0,0,0,1,0,0.0,84,2.490360378509476,3.2796988263726234,3.404267132282257,0,169
candidate,20260805,1,2,35.0,1.0,1,0,0,0,0,0,0,0.03571428571428571,56,2.43455936600055,3.308896441012621,3.363046795129776,0,112
candidate,20260805,2,2,-8.0,2.5,0,0,0,0,0,0,0,0.0,54,2.4541555731384843,3.3637194894254208,3.569595515727997,0,108
candidate,20260805,3,2,-19.0,4.0,0,0,1,11,0,0,0,0.013333333333333334,75,2.517073303461075,3.3998288214206696,3.5944227129220963,0,149
candidate,20260806,0,0,-8.0,2.5,0,0,0,0,0,0,0,0.05405405405405406,37,2.502418349723558,3.267774358391762,3.603806719183922,0,74
candidate,20260806,1,0,36.0,1.0,1,0,0,0,0,0,0,0.0,60,2.505814004689455,3.506402764469385,3.7688706070184708,0,120
candidate,20260806,2,0,-8.0,2.5,0,0,0,0,0,0,0,0.0,60,2.5152409759660563,3.495106659829616,3.6119408905506134,0,120
candidate,20260806,3,0,45.0,1.0,1,0,0,0,0,0,0,0.014492753623188406,69,2.485934590947801,3.5987600684165946,4.06215526163578,0,138
candidate,20260807,0,1,49.0,1.0,1,0,0,0,0,0,0,0.0,69,2.4931928061920665,3.257665410637855,3.3574867993593216,0,138
candidate,20260807,1,1,-17.0,4.0,0,0,1,9,0,0,0,0.028985507246376812,69,2.3534285525480905,2.8371822088956833,3.1324028968811035,0,138
candidate,20260807,2,1,36.0,1.0,1,0,0,0,0,0,0,0.020833333333333332,48,2.422664314508438,3.3203774131834507,3.395708277821541,0,96
candidate,20260807,3,1,-20.0,4.0,0,0,1,12,0,0,0,0.07272727272727272,55,2.3279520598324863,2.971592731773853,3.2274480909109116,0,110
candidate,20260808,0,3,-18.0,3.0,0,0,0,0,0,0,0,0.0,38,2.581358642170304,3.501039557158947,3.5724248737096786,0,77
candidate,20260808,1,3,-18.0,3.0,0,0,0,0,0,0,0,0.0,38,2.5823910867697313,3.764740563929081,3.839569166302681,0,77
candidate,20260808,2,3,54.0,1.0,1,1,0,0,0,0,0,0.0,39,2.4255261016197696,3.2457737252116203,3.2971352338790894,0,77
candidate,20260808,3,3,48.0,1.0,1,0,0,0,0,0,0,0.0,42,2.429376622395856,3.3115342259407043,3.342520445585251,0,85
candidate,20260809,0,0,-8.0,2.5,0,0,0,0,0,0,0,0.0,27,2.5252706750675484,3.3767443150281906,3.4962408244609833,0,54
candidate,20260809,1,0,33.0,1.0,1,0,0,0,0,0,0,0.07407407407407407,27,2.4281059288316302,3.2841363921761513,3.30936536192894,0,54
candidate,20260809,2,0,-17.0,4.0,0,0,1,9,0,0,0,0.07407407407407407,27,2.4012011234407074,3.1353389844298363,3.2017771154642105,0,54
candidate,20260809,3,0,-8.0,2.5,0,0,0,0,0,0,0,0.037037037037037035,27,2.3822090416042894,3.14452201128006,3.228500485420227,0,54
candidate,20260810,0,0,60.0,1.0,1,1,0,0,0,0,0,0.05405405405405406,37,2.4301184190286174,3.2484617084264755,3.463979810476303,0,73
candidate,20260810,1,0,-20.0,3.0,0,0,0,0,0,0,0,0.0,36,2.445182711299923,3.241180442273617,3.2827071845531464,0,73
candidate,20260810,2,0,-20.0,3.0,0,0,0,0,0,0,0,0.0,36,2.477770878209008,3.2570185139775276,3.2983943819999695,0,73
candidate,20260810,3,0,-20.0,3.0,0,0,0,0,0,0,0,0.027777777777777776,36,2.403805135852761,3.249557688832283,3.2944008708000183,0,73
candidate,20260811,0,2,39.0,1.0,1,0,0,0,0,0,0,0.06060606060606061,33,2.3849662393331528,2.89544016122818,3.1657498329877853,0,66
candidate,20260811,1,2,-19.0,3.0,0,0,0,0,0,0,0,0.02702702702702703,37,2.435958113622021,3.195695951581001,3.290018066763878,0,75
candidate,20260811,2,2,-19.0,3.0,0,0,0,0,0,0,0,0.02564102564102564,39,2.4309913412882733,3.236299380660057,3.3104494214057922,0,79
candidate,20260811,3,2,-19.0,3.0,0,0,0,0,0,0,0,0.0,37,2.482678892241942,3.4708011895418167,3.538450226187706,0,75
candidate,20260812,0,2,-8.0,2.5,0,0,0,0,0,0,0,0.019230769230769232,52,2.493220202338237,3.2158069312572475,3.2954197376966476,0,104
candidate,20260812,1,2,-8.0,2.5,0,0,0,0,0,0,0,0.057692307692307696,52,2.410906331183819,3.0435741879045963,3.226643428206444,0,104
candidate,20260812,2,2,-8.0,2.5,0,0,0,0,0,0,0,0.022222222222222223,45,2.3638820482624903,3.145831078290939,3.316681832075119,0,90
candidate,20260812,3,2,35.0,1.0,1,0,0,0,0,0,0,0.0,52,2.5421192941184225,3.8247425109148026,3.8951896131038666,0,104
candidate,20260813,0,2,-16.0,3.0,0,0,0,0,0,0,0,0.037037037037037035,27,2.5293208244774075,3.285105898976326,3.3239852637052536,0,55
candidate,20260813,1,2,48.0,1.0,1,1,0,0,0,0,0,0.0,28,2.542225777038506,3.7078971043229103,3.7701409310102463,0,55
candidate,20260813,2,2,-16.0,3.0,0,0,0,0,0,0,0,0.0,27,2.4098464874205767,3.3130768686532974,3.328738734126091,0,55
candidate,20260813,3,2,-16.0,3.0,0,0,0,0,0,0,0,0.0,27,2.421702499742861,3.3140746876597404,3.369230777025223,0,55
candidate,20260814,0,2,38.0,1.0,1,0,0,0,0,0,0,0.0,74,2.579563674894539,3.6350619979202747,3.7232860922813416,0,148
candidate,20260814,1,2,-8.0,2.5,0,0,0,0,0,0,0,0.01282051282051282,78,2.566621065712892,3.6831485107541084,3.7839915603399277,0,156
candidate,20260814,2,2,-8.0,2.5,0,0,0,0,0,0,0,0.0,72,2.4264878852085934,3.23837548494339,3.451881930232048,0,144
candidate,20260814,3,2,0.0,2.5,0,0,0,0,0,1,0,0.023529411764705882,85,2.371171094915446,2.932802215218544,3.2294169068336487,0,170
candidate,20260815,0,0,-18.0,3.0,0,0,0,0,0,0,0,0.0,30,2.4937753876050315,3.1996581703424454,3.2088495790958405,0,61
candidate,20260815,1,0,-8.0,2.5,0,0,0,0,0,0,0,0.03278688524590164,61,2.369281423629307,3.0208230018615723,3.1760558485984802,0,122
candidate,20260815,2,0,54.0,1.0,1,1,0,0,0,0,0,0.06451612903225806,31,2.3903781848569072,3.305072896182537,3.3099818974733353,0,61
candidate,20260815,3,0,-18.0,3.0,0,0,0,0,0,0,0,0.0,30,2.423417754471302,3.229174017906189,3.260647878050804,0,61
candidate,20260816,0,2,-17.0,3.0,0,0,0,0,0,0,0,0.034482758620689655,58,2.3709628731012344,2.859420422464609,3.1424053013324738,0,117
candidate,20260816,1,2,-17.0,3.0,0,0,0,0,0,0,0,0.0,58,2.5124429757225104,3.3559171482920647,3.660496324300766,0,117
candidate,20260816,2,2,51.0,1.0,1,1,0,0,0,0,0,0.06521739130434782,46,2.3724153313947762,3.2347687520086765,3.2533295452594757,0,91
candidate,20260816,3,2,-17.0,3.0,0,0,0,0,0,0,0,0.034482758620689655,58,2.380183962141645,3.092614095658064,3.233635798096657,0,117
candidate,20260817,0,0,-32.0,4.0,0,0,1,24,0,0,0,0.08163265306122448,49,2.4625145431075777,3.3491168171167374,3.4413672983646393,0,98
candidate,20260817,1,0,-8.0,2.5,0,0,0,0,0,0,0,0.0,34,2.495301723041955,3.2617797143757343,3.2835695892572403,0,68
candidate,20260817,2,0,-19.0,3.0,0,0,0,0,0,0,0,0.0,48,2.4199381781121097,3.1507233157753944,3.158099949359894,0,97
candidate,20260817,3,0,-17.0,4.0,0,0,1,9,0,0,0,0.0,34,2.4615657132338074,3.4481881186366077,3.547048196196556,0,68
candidate,20260818,0,3,-33.0,3.0,0,0,0,0,0,0,0,0.0,36,2.705079037696123,3.9110840298235416,4.009615629911423,0,73
candidate,20260818,1,3,99.0,1.0,1,1,0,0,0,0,0,0.0,37,2.454008051269763,3.228757530450821,3.3098161220550537,0,73
candidate,20260818,2,3,-33.0,3.0,0,0,0,0,0,0,0,0.027777777777777776,36,2.372872963961628,3.1667384319007397,3.183867782354355,0,73
candidate,20260818,3,3,-33.0,3.0,0,0,0,0,0,0,0,0.027777777777777776,36,2.422415599640873,3.2864809036254883,3.323376178741455,0,73
candidate,20260819,0,3,69.0,1.0,1,1,0,0,0,0,0,0.024691358024691357,81,2.4413100363295754,3.214888274669647,3.3077113330364227,0,161
candidate,20260819,1,3,-20.0,4.0,0,0,1,12,0,0,0,0.017241379310344827,58,2.4912050315018357,3.3458183519542217,3.4984368830919266,0,116
candidate,20260819,2,3,-20.0,4.0,0,0,1,12,0,0,0,0.0,71,2.4259450360083243,3.346262499690056,3.491627052426338,0,142
candidate,20260819,3,3,-20.0,4.0,0,0,1,12,0,0,0,0.0,68,2.4622782571789097,3.5089481621980667,3.6387108266353607,0,136
candidate,20260820,0,3,-25.0,3.0,0,0,0,0,0,0,0,0.03571428571428571,56,2.3973898496478796,3.0070836655795574,3.3308789134025574,0,113
candidate,20260820,1,3,-8.0,2.5,0,0,0,0,0,0,0,0.04,25,2.408185303211212,3.067602962255478,3.1244419515132904,0,50
candidate,20260820,2,3,-18.0,4.0,0,0,1,10,0,0,0,0.025,40,2.437545731663704,3.238691482692957,3.3085402101278305,0,80
candidate,20260820,3,3,34.0,1.0,1,0,0,0,0,0,0,0.025,40,2.3467806167900562,2.9238818213343616,3.1370334327220917,0,80
candidate,20260821,0,0,-19.0,3.0,0,0,0,0,0,0,0,0.0,29,2.500935168615703,3.2530829310417175,3.2844170928001404,0,59
candidate,20260821,1,0,57.0,1.0,1,1,0,0,0,0,0,0.06666666666666667,30,2.3507473369439444,3.153614606708288,3.2376982271671295,0,59
candidate,20260821,2,0,-19.0,3.0,0,0,0,0,0,0,0,0.06896551724137931,29,2.3577838236915656,3.052916005253792,3.236854448914528,0,59
candidate,20260821,3,0,-17.0,4.0,0,0,1,9,0,0,0,0.0,24,2.4050993379205465,3.197020012885332,3.231540322303772,0,48
candidate,20260822,0,0,42.0,1.0,1,0,0,0,0,0,0,0.0,56,2.540995233825275,3.4720096737146378,3.5077575594186783,0,112
candidate,20260822,1,0,-19.0,4.0,0,0,1,11,0,0,0,0.0,57,2.488192236214353,3.387109562754631,3.4576505422592163,0,114
candidate,20260822,2,0,-8.0,2.5,0,0,0,0,0,0,0,0.0,56,2.5097252801060677,3.558108117431402,3.6005154252052307,0,112
candidate,20260822,3,0,-26.0,4.0,0,0,1,18,0,0,0,0.03571428571428571,56,2.3665284139237235,3.09551740065217,3.132753074169159,0,112
candidate,20260823,0,1,-8.0,2.5,0,0,0,0,0,0,0,0.05263157894736842,38,2.4441270353762725,3.155614249408245,3.184424713253975,0,76
candidate,20260823,1,1,-17.0,4.0,0,0,1,9,0,0,0,0.0,42,2.4561123656375066,3.3134528435766692,3.343392163515091,0,84
candidate,20260823,2,1,-30.0,4.0,0,0,1,22,0,0,0,0.03389830508474576,59,2.3890161034414326,3.194811753928661,3.2652057707309723,0,118
candidate,20260823,3,1,0.0,2.5,0,0,0,0,0,1,1,0.0,86,2.6175350947088973,4.014579579234123,4.5322999358177185,0,172
candidate,20260824,0,3,-24.0,3.0,0,0,0,0,0,0,0,0.019230769230769232,52,2.478654639652142,3.165579680353403,3.1950604170560837,0,105
candidate,20260824,1,3,-24.0,3.0,0,0,0,0,0,0,0,0.0,52,2.452412691827004,3.281869739294052,4.3447595089674,0,105
candidate,20260824,2,3,72.0,1.0,1,1,0,0,0,0,0,0.05660377358490566,53,2.314356419275392,2.830047532916069,3.1306110322475433,0,105
candidate,20260824,3,3,-24.0,3.0,0,0,0,0,0,0,0,0.0,52,2.441592048853636,3.23363970965147,3.273516893386841,0,105
candidate,20260825,0,3,-19.0,3.0,0,0,0,0,0,0,0,0.0,44,2.4715378372506662,3.199272509664297,3.2560061663389206,0,89
candidate,20260825,1,3,-8.0,2.5,0,0,0,0,0,0,0,0.020833333333333332,48,2.4134490716581545,3.0877544544637203,3.150906413793564,0,96
candidate,20260825,2,3,-8.0,2.5,0,0,0,0,0,0,0,0.0125,80,2.403812948614359,3.1862913630902767,3.301147371530533,0,160
candidate,20260825,3,3,0.0,2.5,0,0,0,0,0,1,1,0.024096385542168676,83,2.3582386503736656,3.0903978273272514,3.2773762941360474,0,166
candidate,20260826,0,3,-8.0,2.5,0,0,0,0,0,0,0,0.0,38,2.524728004477526,3.43079911544919,3.45393642783165,0,76
candidate,20260826,1,3,-32.0,4.0,0,0,1,24,0,0,0,0.02631578947368421,38,2.4127699434757233,3.1927432864904404,3.2117702066898346,0,76
candidate,20260826,2,3,-8.0,2.5,0,0,0,0,0,0,0,0.0,40,2.440838748589158,3.3155131153762336,3.496205434203148,0,80
candidate,20260826,3,3,48.0,1.0,1,0,0,0,0,0,0,0.0,38,2.397219503396436,3.1635251827538013,3.239896148443222,0,76
candidate,20260827,0,2,-20.0,3.0,0,0,0,0,0,0,0,0.0,39,2.5109722255132136,3.1972745433449745,3.317655995488167,0,79
candidate,20260827,1,2,72.0,1.0,1,1,0,0,0,0,0,0.0,38,2.532586651413064,3.668692987412214,4.093363881111145,0,75
candidate,20260827,2,2,-21.0,3.0,0,0,0,0,0,0,0,0.0,43,2.496023424143015,3.5499511286616325,3.9011165499687195,0,87
candidate,20260827,3,2,-21.0,3.0,0,0,0,0,0,0,0,0.023255813953488372,43,2.376128897763962,3.025142103433609,3.193167969584465,0,87
candidate,20260828,0,1,-8.0,2.5,0,0,0,0,0,0,0,0.028169014084507043,71,2.3829156244304817,2.9381196945905685,3.144988790154457,0,142
candidate,20260828,1,1,-28.0,4.0,0,0,1,20,0,0,0,0.045454545454545456,66,2.3314572419181014,2.7688033878803253,3.1461846083402634,0,132
candidate,20260828,2,1,-8.0,2.5,0,0,0,0,0,0,0,0.0,35,2.558611812336104,3.7435725331306458,3.7714093923568726,0,70
candidate,20260828,3,1,-19.0,3.0,0,0,0,0,0,0,0,0.025,80,2.3839395493268967,3.2749400474131107,3.3413469791412354,0,161
candidate,20260829,0,1,-8.0,2.5,0,0,0,0,0,0,0,0.058823529411764705,34,2.4486062500406716,3.2470651902258396,3.2602399587631226,0,68
candidate,20260829,1,1,-8.0,2.5,0,0,0,0,0,0,0,0.09375,32,2.3867073468863964,2.937792707234621,3.085048869252205,0,64
candidate,20260829,2,1,44.0,1.0,1,0,0,0,0,0,0,0.03125,32,2.3928670561872423,3.178026247769594,3.2957717776298523,0,64
candidate,20260829,3,1,-28.0,4.0,0,0,1,20,0,0,0,0.03571428571428571,28,2.3999585370932306,3.250323887914419,3.2764729112386703,0,56
candidate,20260830,0,2,0.0,2.5,0,0,0,0,0,1,0,0.0,83,2.4979721126427132,3.3127330243587494,3.5748984664678574,0,167
candidate,20260830,1,2,43.0,1.0,1,0,0,0,0,0,0,0.015873015873015872,63,2.579941547342709,3.6144547164440155,3.8483403623104095,0,126
candidate,20260830,2,2,-23.0,3.0,0,0,0,0,0,0,0,0.013333333333333334,75,2.511815627415975,3.503803350031376,3.645382821559906,0,150
candidate,20260830,3,2,-8.0,2.5,0,0,0,0,0,0,0,0.027777777777777776,72,2.3966656169957585,3.2030382193624973,3.3831484615802765,0,144
candidate,20260831,0,3,63.0,1.0,1,1,0,0,0,0,0,0.08,25,2.4067363142967224,3.099259361624717,3.1874720007181168,0,49
candidate,20260831,1,3,-21.0,3.0,0,0,0,0,0,0,0,0.08695652173913043,23,2.493713213049847,3.3110778778791428,3.3308807760477066,0,47
candidate,20260831,2,3,-21.0,3.0,0,0,0,0,0,0,0,0.041666666666666664,24,2.392427995800972,3.300838265568018,3.316352143883705,0,49
candidate,20260831,3,3,-21.0,3.0,0,0,0,0,0,0,0,0.0,24,2.425562279919783,3.467746917158365,3.5183988511562347,0,49
candidate,20260832,0,1,63.0,1.0,1,1,0,0,0,0,0,0.0196078431372549,51,2.530494485707844,3.430119715631008,3.5576745867729187,0,102
candidate,20260832,1,1,-8.0,2.5,0,0,0,0,0,0,0,0.04878048780487805,41,2.4244985202463663,3.144480288028717,3.1708646565675735,0,81
candidate,20260832,2,1,-17.0,4.0,0,0,1,9,0,0,0,0.024390243902439025,41,2.43683150265275,3.33617627620697,3.359772264957428,0,83
candidate,20260832,3,1,33.0,1.0,1,0,0,0,0,0,0,0.0,41,2.4718662224164825,3.4942124038934708,3.588669002056122,0,83
candidate,20260833,0,0,-8.0,2.5,0,0,0,0,0,0,0,0.0425531914893617,47,2.452254295349121,3.2617425546050063,3.385201096534729,0,94
candidate,20260833,1,0,-16.0,4.0,0,0,1,8,0,0,0,0.0425531914893617,47,2.377244901466877,3.008139319717883,3.3756233751773834,0,94
candidate,20260833,2,0,-16.0,3.0,0,0,0,0,0,0,0,0.04819277108433735,83,2.333724287798606,2.929612621665001,3.1336788088083267,0,167
candidate,20260833,3,0,-17.0,4.0,0,0,1,9,0,0,0,0.037037037037037035,81,2.292229598503054,2.738170325756073,2.9153339564800262,0,162
candidate,20260834,0,2,-8.0,2.5,0,0,0,0,0,0,0,0.0,44,2.494086426767436,3.443918749690056,3.54950875043869,0,88
candidate,20260834,1,2,32.0,1.0,1,0,0,0,0,0,0,0.09375,32,2.320293860975653,2.845953591167927,2.9622744768857956,0,64
candidate,20260834,2,2,-16.0,4.0,0,0,1,8,0,0,0,0.08333333333333333,24,2.4288136046379805,3.1891233287751675,3.2039321959018707,0,48
candidate,20260834,3,2,-8.0,2.5,0,0,0,0,0,0,0,0.0,32,2.3789513506926596,3.181592095643282,3.1971875578165054,0,64
candidate,20260835,0,2,-16.0,3.0,0,0,0,0,0,0,0,0.0,37,2.5533383359780184,3.4291729331016536,3.6222655326128006,0,75
candidate,20260835,1,2,-18.0,3.0,0,0,0,0,0,0,0,0.05,80,2.4156393948942423,3.2832141034305096,3.649245947599411,0,161
candidate,20260835,2,2,-18.0,3.0,0,0,0,0,0,0,0,0.0,76,2.5261881467151013,3.5087568685412407,3.857184201478958,0,153
candidate,20260835,3,2,-8.0,2.5,0,0,0,0,0,0,0,0.0,55,2.499122985384681,3.4915590658783913,3.5898685455322266,0,110
candidate,20260836,0,3,34.0,1.0,1,0,0,0,0,0,0,0.061224489795918366,49,2.398106820729314,3.0970666557550426,3.225307911634445,0,98
candidate,20260836,1,3,0.0,2.5,0,0,0,0,0,1,1,0.011494252873563218,87,2.4477708014263504,3.238609991967678,3.380274400115013,0,174
candidate,20260836,2,3,-8.0,2.5,0,0,0,0,0,0,0,0.012048192771084338,83,2.368312396378402,3.0895093455910683,3.2123401761054993,0,166
candidate,20260836,3,3,-17.0,3.0,0,0,0,0,0,0,0,0.03333333333333333,60,2.4032819705704846,3.25985811650753,3.340447321534157,0,121
candidate,20260837,0,1,-22.0,3.0,0,0,0,0,0,0,0,0.0,46,2.4731410667300224,3.1954883597791195,3.232065588235855,0,93
candidate,20260837,1,1,-22.0,3.0,0,0,0,0,0,0,0,0.0,46,2.48480462671622,3.3336635679006577,3.4035537391901016,0,93
candidate,20260837,2,1,-8.0,2.5,0,0,0,0,0,0,0,0.0,58,2.5227181292299568,3.5406189039349556,3.6721136420965195,0,116
candidate,20260837,3,1,-22.0,3.0,0,0,0,0,0,0,0,0.0,46,2.4140931503928225,3.262981306761503,3.331931307911873,0,93
candidate,20260838,0,1,-17.0,3.0,0,0,0,0,0,0,0,0.0967741935483871,31,2.4107885697195606,2.9110675677657127,3.3140797168016434,0,63
candidate,20260838,1,1,-8.0,2.5,0,0,0,0,0,0,0,0.029411764705882353,34,2.4388205698307823,3.187620546668768,3.3009424805641174,0,68
candidate,20260838,2,1,51.0,1.0,1,1,0,0,0,0,0,0.0625,32,2.3844706593081355,3.2082355581223965,3.3498499542474747,0,63
candidate,20260838,3,1,-17.0,3.0,0,0,0,0,0,0,0,0.0,31,2.3647808740215917,3.3240793272852898,3.3942796289920807,0,63
candidate,20260839,0,2,-16.0,4.0,0,0,1,8,0,0,0,0.0,45,2.503035507268376,3.2885313034057617,3.334755077958107,0,90
candidate,20260839,1,2,-8.0,2.5,0,0,0,0,0,0,0,0.0,45,2.4389927171998553,3.251470997929573,3.306875005364418,0,90
candidate,20260839,2,2,32.0,1.0,1,0,0,0,0,0,0,0.022222222222222223,45,2.413401876886686,3.339708223938942,3.462841734290123,0,90
candidate,20260839,3,2,-8.0,2.5,0,0,0,0,0,0,0,0.018518518518518517,54,2.3573058898802155,3.018205054104328,3.085741773247719,0,108
candidate,20260840,0,2,-31.0,3.0,0,0,0,0,0,0,0,0.045454545454545456,44,2.4879434653981165,3.2652584835886955,3.293599933385849,0,89
candidate,20260840,1,2,-27.0,3.0,0,0,0,0,0,0,0,0.0,42,2.4903600237199237,3.3155898563563824,3.390960395336151,0,85
candidate,20260840,2,2,84.0,1.0,1,1,0,0,0,0,0,0.022727272727272728,44,2.4288820780136366,3.3608262427151203,3.496231511235237,0,87
candidate,20260840,3,2,-28.0,3.0,0,0,0,0,0,0,0,0.046511627906976744,43,2.365433805903723,3.2297521829605103,3.2409578561782837,0,87
candidate,20260841,0,0,-17.0,4.0,0,0,1,9,0,0,0,0.0,40,2.6065056677907705,3.4635474905371666,4.066526889801025,0,80
candidate,20260841,1,0,-8.0,2.5,0,0,0,0,0,0,0,0.025,40,2.4127173237502575,3.0598952434957023,3.2368190586566925,0,80
candidate,20260841,2,0,-8.0,2.5,0,0,0,0,0,0,0,0.02,50,2.529499791562557,3.7118321284651756,3.7968680262565613,0,100
candidate,20260841,3,0,33.0,1.0,1,0,0,0,0,0,0,0.05,40,2.337190881371498,2.960093691945076,2.9960256069898605,0,80
candidate,20260842,0,0,-20.0,4.0,0,0,1,12,0,0,0,0.020833333333333332,48,2.4915774120017886,3.2324012368917465,3.2682325690984726,0,96
candidate,20260842,1,0,-8.0,2.5,0,0,0,0,0,0,0,0.05454545454545454,55,2.390242266384038,3.3119559288024902,3.363838419318199,0,110
candidate,20260842,2,0,-8.0,2.5,0,0,0,0,0,0,0,0.020833333333333332,48,2.4339217925444245,3.4528840333223343,3.5042129456996918,0,96
candidate,20260842,3,0,-8.0,2.5,0,0,0,0,0,0,0,0.041666666666666664,48,2.37798939148585,3.0791115947067738,3.1416844576597214,0,96
candidate,20260843,0,1,-8.0,2.5,0,0,0,0,0,0,0,0.02,50,2.5277918949723244,3.4096197225153446,3.4653227776288986,0,100
candidate,20260843,1,1,37.0,1.0,1,0,0,0,0,0,0,0.031746031746031744,63,2.408545848632616,3.223145939409733,3.3461321145296097,0,126
candidate,20260843,2,1,75.0,1.0,1,1,0,0,0,0,0,0.0196078431372549,51,2.697359259222068,4.6148160472512245,5.643201991915703,0,101
candidate,20260843,3,1,-8.0,2.5,0,0,0,0,0,0,0,0.0,50,2.4527812376618385,3.550491854548454,3.6940816789865494,0,100
candidate,20260844,0,2,-16.0,4.0,0,0,1,8,0,0,0,0.0,48,2.580497064627707,3.4062033519148827,4.19095903635025,0,96
candidate,20260844,1,2,-8.0,2.5,0,0,0,0,0,0,0,0.017543859649122806,57,2.3931194292871574,3.2052338123321533,3.2295528799295425,0,114
candidate,20260844,2,2,-19.0,3.0,0,0,0,0,0,0,0,0.05714285714285714,35,2.3944545537233353,3.1039927154779434,3.1401291489601135,0,71
candidate,20260844,3,2,-8.0,2.5,0,0,0,0,0,0,0,0.02,50,2.4327302724123,3.339637629687786,3.558153286576271,0,100
candidate,20260845,0,3,-8.0,2.5,0,0,0,0,0,0,0,0.025,40,2.5858240202069283,3.3774898387491703,6.189217790961266,0,80
candidate,20260845,1,3,87.0,1.0,1,1,0,0,0,0,0,0.05128205128205128,39,2.373819263317646,3.228199854493141,3.2676365226507187,0,77
candidate,20260845,2,3,44.0,1.0,1,0,0,0,0,0,0,0.024390243902439025,41,2.5971559580506347,3.8312040269374847,3.9922166615724564,0,82
candidate,20260845,3,3,-8.0,2.5,0,0,0,0,0,0,0,0.05555555555555555,36,2.382642330808772,2.9463544487953186,4.165614023804665,0,72
candidate,20260846,0,2,-8.0,2.5,0,0,0,0,0,0,0,0.0,46,2.495939033510892,3.237492870539427,3.302326425909996,0,92
candidate,20260846,1,2,-8.0,2.5,0,0,0,0,0,0,0,0.029411764705882353,68,2.479213837753324,3.314986079931259,3.4095682203769684,0,136
candidate,20260846,2,2,0.0,2.5,0,0,0,0,0,1,0,0.012048192771084338,83,2.480361633092524,3.514759987592697,3.6688465625047684,0,166
candidate,20260846,3,2,-18.0,4.0,0,0,1,10,0,0,0,0.013333333333333334,75,2.390799621740977,3.200531378388405,3.3000074326992035,0,150
candidate,20260847,0,2,-17.0,3.0,0,0,0,0,0,0,0,0.021739130434782608,46,2.4883747910675793,3.325922414660454,3.347611054778099,0,93
candidate,20260847,1,2,-17.0,3.0,0,0,0,0,0,0,0,0.021739130434782608,46,2.5085327417954155,3.4819631837308407,3.635171800851822,0,93
candidate,20260847,2,2,32.0,1.0,1,0,0,0,0,0,0,0.018867924528301886,53,2.495814431107269,3.5205036401748657,3.687700256705284,0,106
candidate,20260847,3,2,-8.0,2.5,0,0,0,0,0,0,0,0.0,43,2.4718572927075764,3.252088278532028,4.205960780382156,0,86
candidate,20260848,0,0,-8.0,2.5,0,0,0,0,0,0,0,0.0425531914893617,47,2.454761930919708,3.3228030428290367,3.3365804702043533,0,94
candidate,20260848,1,0,43.0,1.0,1,0,0,0,0,0,0,0.02127659574468085,47,2.736865681536654,3.9985070005059242,5.295157432556152,0,94
candidate,20260848,2,0,-27.0,4.0,0,0,1,19,0,0,0,0.02127659574468085,47,2.448041388329039,3.3073851838707924,3.34845669567585,0,94
candidate,20260848,3,0,-27.0,4.0,0,0,1,19,0,0,0,0.0,40,2.4794312193989754,3.261418640613556,3.4149903804063797,0,80
candidate,20260849,0,3,-17.0,4.0,0,0,1,9,0,0,0,0.03278688524590164,61,2.390014343574399,3.008924424648285,3.316326066851616,0,122
candidate,20260849,1,3,-8.0,2.5,0,0,0,0,0,0,0,0.03389830508474576,59,2.51109942288722,3.413602150976658,6.1976108700037,0,118
candidate,20260849,2,3,-8.0,2.5,0,0,0,0,0,0,0,0.0,68,2.4056235766586136,3.190092369914055,3.291158005595207,0,136
candidate,20260849,3,3,-16.0,4.0,0,0,1,8,0,0,0,0.03571428571428571,56,2.376827411353588,3.1239381060004234,3.3173486590385437,0,112
candidate,20260850,0,0,-8.0,2.5,0,0,0,0,0,0,0,0.02666666666666667,75,2.46944730480512,3.261971101164818,3.4073106944561005,0,150
candidate,20260850,1,0,33.0,1.0,1,0,0,0,0,0,0,0.015151515151515152,66,2.6362676907217866,3.7293280474841595,8.950892835855484,0,132
candidate,20260850,2,0,-18.0,3.0,0,0,0,0,0,0,0,0.0,68,2.4913957287721775,3.602262679487467,3.7588048726320267,0,137
candidate,20260850,3,0,0.0,2.5,0,0,0,0,0,1,1,0.036585365853658534,82,2.343649544366976,3.008501697331667,3.2209064811468124,0,164
candidate,20260851,0,1,37.0,1.0,1,0,0,0,0,0,0,0.1111111111111111,27,2.3950152789001113,3.046986646950245,3.197556361556053,0,54
candidate,20260851,1,1,-8.0,2.5,0,0,0,0,0,0,0,0.037037037037037035,27,2.439915512998899,3.227347694337368,3.3072717487812042,0,54
candidate,20260851,2,1,-22.0,3.0,0,0,0,0,0,0,0,0.09375,32,2.3662756429985166,3.0004091560840607,3.112420439720154,0,65
candidate,20260851,3,1,-8.0,2.5,0,0,0,0,0,0,0,0.0,25,2.3988578468561172,3.4083571285009384,3.4461449831724167,0,50
candidate,20260852,0,3,-8.0,2.5,0,0,0,0,0,0,0,0.0,36,2.5657197564012475,3.7045045755803585,3.79372201859951,0,72
candidate,20260852,1,3,-8.0,2.5,0,0,0,0,0,0,0,0.0,36,2.5683766127460532,3.4561785869300365,5.769725888967514,0,72
candidate,20260852,2,3,36.0,1.0,1,0,0,0,0,0,0,0.0,36,2.4895288774536715,3.25163546949625,5.335938185453415,0,72
candidate,20260852,3,3,-20.0,4.0,0,0,1,12,0,0,0,0.05555555555555555,36,2.3563004926674895,3.1893006525933743,3.2683610916137695,0,72
candidate,20260853,0,2,-33.0,4.0,0,0,1,25,0,0,0,0.0625,32,2.425725571811199,3.2139435410499573,3.2386090606451035,0,64
candidate,20260853,1,2,-8.0,2.5,0,0,0,0,0,0,0,0.0,32,2.534175175242126,3.5415922291576862,3.9427410811185837,0,64
candidate,20260853,2,2,117.0,1.0,1,1,0,0,0,0,0,0.0,45,2.3840638084544077,3.17179337143898,3.2187867909669876,0,89
candidate,20260853,3,2,-33.0,3.0,0,0,0,0,0,0,0,0.03278688524590164,61,2.3770112177876177,3.183998167514801,4.368104040622711,0,123
candidate,20260854,0,1,-8.0,2.5,0,0,0,0,0,0,0,0.0,30,2.591788706680139,3.4394140355288982,4.895256832242012,0,60
candidate,20260854,1,1,57.0,1.0,1,1,0,0,0,0,0,0.03333333333333333,30,2.3963273192445436,3.2676532864570618,3.3410675823688507,0,59
candidate,20260854,2,1,36.0,1.0,1,0,0,0,0,0,0,0.0,30,2.378151441613833,3.2343726605176926,3.283163532614708,0,60
candidate,20260854,3,1,-8.0,2.5,0,0,0,0,0,0,0,0.05263157894736842,38,2.364417783131725,3.2703816890716553,3.293326124548912,0,76
candidate,20260855,0,1,-8.0,2.5,0,0,0,0,0,0,0,0.019230769230769232,52,2.5348904757545543,3.465374931693077,3.9763040840625763,0,104
candidate,20260855,1,1,-19.0,4.0,0,0,1,11,0,0,0,0.043478260869565216,46,2.3430701264220737,2.8678919188678265,3.1190216541290283,0,92
candidate,20260855,2,1,-8.0,2.5,0,0,0,0,0,0,0,0.021739130434782608,46,2.3856668773552645,3.314030822366476,3.3814478665590286,0,92
candidate,20260855,3,1,-17.0,3.0,0,0,0,0,0,0,0,0.027777777777777776,72,2.3476753073434034,2.9792082495987415,3.168482333421707,0,145
candidate,20260856,0,1,33.0,1.0,1,0,0,0,0,0,0,0.0,58,2.5806219541820985,3.841773048043251,4.00887243449688,0,116
candidate,20260856,1,1,-8.0,2.5,0,0,0,0,0,0,0,0.03225806451612903,62,2.3900897752854133,3.0568047426640987,3.314545378088951,0,124
candidate,20260856,2,1,-16.0,4.0,0,0,1,8,0,0,0,0.0,66,2.4726751232237527,3.4122737124562263,3.5073496401309967,0,132
candidate,20260856,3,1,0.0,2.5,0,0,0,0,0,1,0,0.011494252873563218,87,2.4136592601907663,3.2495101913809776,3.480279818177223,0,174
candidate,20260857,0,0,-8.0,2.5,0,0,0,0,0,0,0,0.03225806451612903,31,2.4603397375152958,3.264371305704117,3.342144191265106,0,62
candidate,20260857,1,0,34.0,1.0,1,0,0,0,0,0,0,0.034482758620689655,29,2.3720692200907347,3.1234819442033768,3.168676048517227,0,58
candidate,20260857,2,0,-8.0,2.5,0,0,0,0,0,0,0,0.0,33,2.421393764741493,3.279006853699684,3.441091626882553,0,66
candidate,20260857,3,0,-18.0,4.0,0,0,1,10,0,0,0,0.0,43,2.4202200908993565,3.2575493678450584,3.272540867328644,0,86
candidate,20260858,0,2,-20.0,3.0,0,0,0,0,0,0,0,0.03773584905660377,53,2.4078838738068096,3.018856793642044,3.2015368342399597,0,108
candidate,20260858,1,2,33.0,1.0,1,0,0,0,0,0,0,0.046511627906976744,43,2.450698900014855,3.146081417798996,4.800803959369659,0,86
candidate,20260858,2,2,36.0,1.0,1,0,0,0,0,0,0,0.0,30,2.4013541638851166,3.2970373518764973,3.316013142466545,0,60
candidate,20260858,3,2,57.0,1.0,1,1,0,0,0,0,0,0.0,58,2.405505177789721,3.2091918401420116,3.2821986824274063,0,115
candidate,20260859,0,1,-8.0,2.5,0,0,0,0,0,0,0,0.0,36,2.4384167045354843,3.089421894401312,3.133300691843033,0,72
candidate,20260859,1,1,33.0,1.0,1,0,0,0,0,0,0,0.027777777777777776,36,2.379861091160112,3.1866254284977913,3.2045207917690277,0,72
candidate,20260859,2,1,-8.0,2.5,0,0,0,0,0,0,0,0.03773584905660377,53,2.396487402466108,3.4567944705486298,3.5011526197195053,0,106
candidate,20260859,3,1,-8.0,2.5,0,0,0,0,0,0,0,0.0,35,2.3985600897244046,3.171560913324356,3.856811672449112,0,70
candidate,20260860,0,0,39.0,1.0,1,0,0,0,0,0,0,0.0,45,2.4765312671661377,3.2334722578525543,3.2807812094688416,0,90
candidate,20260860,1,0,66.0,1.0,1,1,0,0,0,0,0,0.03571428571428571,56,2.359437124271478,3.0738813802599907,3.2766610383987427,0,111
candidate,20260860,2,0,-24.0,4.0,0,0,1,16,0,0,0,0.034482758620689655,29,2.3290981249562623,2.9692161828279495,2.9713306576013565,0,58
candidate,20260860,3,0,-22.0,3.0,0,0,0,0,0,0,0,0.0,55,2.4618627334182914,3.5309923812747,3.5561062395572662,0,111
candidate,20260861,0,3,49.0,1.0,1,0,0,0,0,0,0,0.0,8,2.4447585456073284,3.138437680900097,3.145938739180565,0,16
candidate,20260861,1,3,-8.0,2.5,0,0,0,0,0,0,0,0.0,8,2.404186176136136,3.108663111925125,3.124512732028961,0,16
candidate,20260861,2,3,-8.0,2.5,0,0,0,0,0,0,0,0.0,8,2.3760958574712276,3.0402020551264286,3.0418559908866882,0,16
candidate,20260861,3,3,-33.0,4.0,0,0,1,25,0,0,0,0.0,8,2.395244548097253,3.139887284487486,3.141067922115326,0,16
candidate,20260862,0,0,51.0,1.0,1,0,0,0,0,0,0,0.06896551724137931,29,2.5079567627660158,3.244622051715851,3.2662246376276016,0,58
candidate,20260862,1,0,-35.0,4.0,0,0,1,27,0,0,0,0.0,36,2.401399943563673,3.214170690625906,3.2593924552202225,0,72
candidate,20260862,2,0,-8.0,2.5,0,0,0,0,0,0,0,0.030303030303030304,33,2.4215027577046193,3.343607857823372,3.4114979207515717,0,66
candidate,20260862,3,0,-8.0,2.5,0,0,0,0,0,0,0,0.027777777777777776,36,2.39716578895847,3.1807315535843372,3.477295860648155,0,72
candidate,20260863,0,3,-24.0,3.0,0,0,0,0,0,0,0,0.019230769230769232,52,2.4765672233815375,3.365896269679069,3.96917387843132,0,105
candidate,20260863,1,3,-23.0,4.0,0,0,1,15,0,0,0,0.0196078431372549,51,2.41448427093964,2.955270931124687,3.9225388318300247,0,102
candidate,20260863,2,3,-24.0,3.0,0,0,0,0,0,0,0,0.02,50,2.4904685840010643,3.4582888707518573,4.966475069522858,0,101
candidate,20260863,3,3,72.0,1.0,1,1,0,0,0,0,0,0.05660377358490566,53,2.3650278530593187,2.8301574289798737,6.762184202671051,0,105
candidate,20260864,0,3,-8.0,2.5,0,0,0,0,0,0,0,0.0,27,2.4808278928200402,3.223789483308792,3.2348036766052246,0,54
candidate,20260864,1,3,37.0,1.0,1,0,0,0,0,0,0,0.0,27,2.467971847013191,3.353971987962723,3.440331667661667,0,54
candidate,20260864,2,3,-23.0,3.0,0,0,0,0,0,0,0,0.0,37,2.4519776170318193,3.3014126121997833,3.6919135600328445,0,75
candidate,20260864,3,3,-8.0,2.5,0,0,0,0,0,0,0,0.0,27,2.4699438363313675,3.195306658744812,5.624677985906601,0,54
candidate,20260865,0,0,-17.0,3.0,0,0,0,0,0,0,0,0.0,53,2.530639815442967,3.3420827239751816,3.4609977155923843,0,107
candidate,20260865,1,0,-22.0,3.0,0,0,0,0,0,0,0,0.0625,32,2.5174730108119547,3.2671745866537094,6.052760407328606,0,65
candidate,20260865,2,0,-23.0,4.0,0,0,1,15,0,0,0,0.03333333333333333,30,2.349120626846949,3.0870680697262287,3.132632002234459,0,60
candidate,20260865,3,0,-8.0,2.5,0,0,0,0,0,0,0,0.09375,32,2.3145860177464783,3.0324095860123634,3.1668078154325485,0,64
candidate,20260866,0,3,-23.0,3.0,0,0,0,0,0,0,0,0.0,36,2.589622512459755,3.307649865746498,6.398988887667656,0,73
candidate,20260866,1,3,-8.0,2.5,0,0,0,0,0,0,0,0.04838709677419355,62,2.3333118146946354,3.043536655604839,3.1396299600601196,0,124
candidate,20260866,2,3,-48.0,3.0,0,0,0,0,0,0,0,0.04054054054054054,74,2.3454862671929435,3.2494838349521156,4.03008796274662,0,149
candidate,20260866,3,3,-8.0,2.5,0,0,0,0,0,0,0,0.0425531914893617,47,2.3403558880090714,3.2649926841259003,3.3010318875312805,0,94
candidate,20260867,0,1,-45.0,4.0,0,0,1,37,1,0,0,0.0392156862745098,51,2.4019760244032917,2.999349497258663,3.15934419631958,0,102
candidate,20260867,1,1,-8.0,2.5,0,0,0,0,0,0,0,0.0196078431372549,51,2.348707842768407,3.063984215259552,3.221999853849411,0,102
candidate,20260867,2,1,61.0,1.0,1,0,0,0,0,0,0,0.058823529411764705,51,2.3328029349738477,3.0357958748936653,3.2521188259124756,0,102
candidate,20260867,3,1,37.0,1.0,1,0,0,0,0,0,0,0.041666666666666664,48,2.3490051195646324,3.026908915489912,3.4099575132131577,0,96
candidate,20260868,0,2,-8.0,2.5,0,0,0,0,0,0,0,0.0,35,2.4696736995662962,3.378339111804962,3.4377574920654297,0,70
candidate,20260868,1,2,-20.0,4.0,0,0,1,12,0,0,0,0.05714285714285714,35,2.3789241909980774,2.9884124174714084,3.0866023153066635,0,70
candidate,20260868,2,2,36.0,1.0,1,0,0,0,0,0,0,0.0,35,2.4609716343028203,3.2303450629115105,3.2655149698257446,0,70
candidate,20260868,3,2,-8.0,2.5,0,0,0,0,0,0,0,0.05714285714285714,35,2.396575627582414,3.2995788380503654,3.36308591067791,0,70
candidate,20260869,0,3,-8.0,2.5,0,0,0,0,0,0,0,0.019230769230769232,52,2.524587970513564,3.2517975196242332,5.305686965584755,0,104
candidate,20260869,1,3,-8.0,2.5,0,0,0,0,0,0,0,0.019230769230769232,52,2.4494423101154656,3.1994078308343887,3.35807166993618,0,104
candidate,20260869,2,3,33.0,1.0,1,0,0,0,0,0,0,0.025,40,2.532296162098646,3.6147892475128174,3.685513511300087,0,80
candidate,20260869,3,3,-19.0,4.0,0,0,1,11,0,0,0,0.0,52,2.4575145127108464,3.3555065281689167,3.4430939704179764,0,104
candidate,20260870,0,2,-21.0,3.0,0,0,0,0,0,0,0,0.02,50,2.446310631930828,3.1781167723238464,3.340190276503563,0,101
candidate,20260870,1,2,36.0,1.0,1,0,0,0,0,0,0,0.0,60,2.5204182602465153,3.359252866357565,7.756387814879417,0,120
candidate,20260870,2,2,-8.0,2.5,0,0,0,0,0,0,0,0.019230769230769232,52,2.3592210446412745,3.0884667299687862,3.229040652513504,0,104
candidate,20260870,3,2,-21.0,3.0,0,0,0,0,0,0,0,0.0,46,2.3832684382796288,3.2431818544864655,3.268130123615265,0,93
candidate,20260871,0,1,-21.0,3.0,0,0,0,0,0,0,0,0.03389830508474576,59,2.407274856153181,2.9273001477122307,3.391861915588379,0,119
candidate,20260871,1,1,0.0,2.5,0,0,0,0,0,1,1,0.023255813953488372,86,2.4146510418071303,3.1947032548487186,4.851862788200378,0,171
candidate,20260871,2,1,-8.0,2.5,0,0,0,0,0,0,0,0.02666666666666667,75,2.381893371542295,3.2230347394943237,3.3015571534633636,0,151
candidate,20260871,3,1,0.0,2.5,0,0,0,0,0,1,1,0.0,88,2.412675752897154,3.238445892930031,3.431398421525955,0,177
candidate,20260872,0,3,-8.0,2.5,0,0,0,0,0,0,0,0.06382978723404255,47,2.3890900168013065,3.259703703224659,3.312632441520691,0,95
candidate,20260872,1,3,-8.0,2.5,0,0,0,0,0,0,0,0.06153846153846154,65,2.354990948851292,2.9160335659980774,3.252331167459488,0,129
candidate,20260872,2,3,32.0,1.0,1,0,0,0,0,0,0,0.02857142857142857,70,2.3638652903693065,3.0028758570551872,3.239596262574196,0,141
candidate,20260872,3,3,-17.0,4.0,0,0,1,9,0,0,0,0.022727272727272728,44,2.368385099213232,3.177811112254858,3.2673384994268417,0,89
candidate,20260873,0,1,-8.0,2.5,0,0,0,0,0,0,0,0.0425531914893617,47,2.432739837689603,3.2069312408566475,3.217920660972595,0,94
candidate,20260873,1,1,33.0,1.0,1,0,0,0,0,0,0,0.02127659574468085,47,2.487247017152766,3.1690306961536403,5.062231793999672,0,94
candidate,20260873,2,1,-8.0,2.5,0,0,0,0,0,0,0,0.0,47,2.588238329329389,3.8326263427734375,7.265709340572357,0,94
candidate,20260873,3,1,-17.0,4.0,0,0,1,9,0,0,0,0.023255813953488372,43,2.4570637317590935,3.223644196987152,6.201434880495071,0,86
candidate,20260874,0,1,-8.0,2.5,0,0,0,0,0,0,0,0.0,18,2.3499552367462053,3.0326224863529205,3.0679479241371155,0,36
candidate,20260874,1,1,33.0,1.0,1,0,0,0,0,0,0,0.1111111111111111,18,2.44221163706647,3.1848524697124936,4.471259191632271,0,36
candidate,20260874,2,1,-8.0,2.5,0,0,0,0,0,0,0,0.0,18,2.431198437180784,3.235415555536747,3.252023831009865,0,36
candidate,20260874,3,1,-17.0,4.0,0,0,1,9,0,0,0,0.0,18,2.5025844160053463,3.2699172385036945,3.276033326983452,0,36
candidate,20260875,0,3,-8.0,2.5,0,0,0,0,0,0,0,0.0,72,2.585821164151033,3.6689547821879387,3.7656817585229874,0,144
candidate,20260875,1,3,-8.0,2.5,0,0,0,0,0,0,0,0.043478260869565216,46,2.382612908663957,3.170856274664402,3.2237153500318527,0,92
candidate,20260875,2,3,48.0,1.0,1,1,0,0,0,0,0,0.015384615384615385,65,2.470772140301191,3.3883079886436462,4.756364971399307,0,129
candidate,20260875,3,3,47.0,1.0,1,0,0,0,0,0,0,0.041666666666666664,72,2.363399240291781,3.1296168453991413,5.105195567011833,0,144
candidate,20260876,0,2,-8.0,2.5,0,0,0,0,0,0,0,0.04081632653061224,49,2.4151990988424847,3.2377690076828,3.300037235021591,0,98
candidate,20260876,1,2,-16.0,4.0,0,0,1,8,0,0,0,0.04,50,2.35929012298584,2.9549360275268555,3.1769704073667526,0,100
candidate,20260876,2,2,32.0,1.0,1,0,0,0,0,0,0,0.0392156862745098,51,2.387194693380711,3.394094295799732,3.551844507455826,0,102
candidate,20260876,3,2,48.0,1.0,1,0,0,0,0,0,0,0.0,46,2.381657574163831,3.1981542706489563,3.2224487513303757,0,92
candidate,20260877,0,0,78.0,1.0,1,1,0,0,0,0,0,0.0,51,2.4564106236485874,3.2271714881062508,3.2769758254289627,0,102
candidate,20260877,1,0,-26.0,4.0,0,0,1,18,0,0,0,0.03571428571428571,56,2.3529631351786002,3.0268486589193344,3.217613324522972,0,113
candidate,20260877,2,0,-8.0,2.5,0,0,0,0,0,0,0,0.046153846153846156,65,2.3117360587303457,2.9197033494710922,3.069380298256874,0,129
candidate,20260877,3,0,40.0,1.0,1,0,0,0,0,0,0,0.03125,64,2.3689708032179624,3.251523617655039,3.278568387031555,0,129
candidate,20260878,0,2,33.0,1.0,1,0,0,0,0,0,0,0.04,50,2.3896170035004616,3.10776624828577,3.2049790024757385,0,100
candidate,20260878,1,2,-8.0,2.5,0,0,0,0,0,0,0,0.017543859649122806,57,2.4647789174004604,3.4553714096546173,3.5613104701042175,0,114
candidate,20260878,2,2,33.0,1.0,1,0,0,0,0,0,0,0.0,51,2.5339809922026655,3.6024004220962524,3.7191733717918396,0,102
candidate,20260878,3,2,-8.0,2.5,0,0,0,0,0,0,0,0.0,57,2.390395490485325,3.1481221318244934,3.3164191991090775,0,114
candidate,20260879,0,0,-8.0,2.5,0,0,0,0,0,0,0,0.03225806451612903,31,2.479303628206253,3.1844722107052803,3.237847238779068,0,62
candidate,20260879,1,0,-8.0,2.5,0,0,0,0,0,0,0,0.027777777777777776,36,2.3359888647165565,2.9396717436611652,3.153100609779358,0,72
candidate,20260879,2,0,-17.0,4.0,0,0,1,9,0,0,0,0.05263157894736842,38,2.3495591196574663,3.214302472770214,3.303779289126396,0,76
candidate,20260879,3,0,-8.0,2.5,0,0,0,0,0,0,0,0.025,40,2.396454196423292,3.217430785298347,3.412235528230667,0,80
candidate,20260880,0,3,0.0,2.5,0,0,0,0,0,1,0,0.0,76,2.4925472312851955,3.2855900935828686,3.4771040081977844,0,154
candidate,20260880,1,3,33.0,1.0,1,0,0,0,0,0,0,0.02857142857142857,70,2.390179011438574,3.097250685095787,3.2157152891159058,0,142
candidate,20260880,2,3,99.0,1.0,1,1,0,0,0,0,0,0.01639344262295082,61,2.4302166077445766,3.27409990131855,3.355015069246292,0,120
candidate,20260880,3,3,0.0,2.5,0,0,0,0,0,1,1,0.02631578947368421,76,2.3452666539110636,3.0031809583306313,4.278268665075302,0,154
candidate,20260881,0,0,-16.0,3.0,0,0,0,0,0,0,0,0.07142857142857142,28,2.447994359369789,3.217075951397419,3.237459808588028,0,58
candidate,20260881,1,0,-16.0,3.0,0,0,0,0,0,0,0,0.0,30,2.388599825402101,3.1688306480646133,3.20415198802948,0,62
candidate,20260881,2,0,-16.0,3.0,0,0,0,0,0,0,0,0.10714285714285714,28,2.288847230374813,2.8072020038962364,2.875199541449547,0,58
candidate,20260881,3,0,75.0,1.0,1,1,0,0,0,0,0,0.0,34,2.45151120950194,3.445873036980629,3.73179093003273,0,67
candidate,20260882,0,3,-22.0,3.0,0,0,0,0,0,0,0,0.013513513513513514,74,2.4923476063319154,3.2694868743419643,3.880580887198448,0,149
candidate,20260882,1,3,-16.0,4.0,0,0,1,8,0,0,0,0.0,24,2.6277178743233285,3.264185320585966,5.893601104617119,0,48
candidate,20260882,2,3,-8.0,2.5,0,0,0,0,0,0,0,0.03125,32,2.4044328019954264,3.2848352566361427,3.342641517519951,0,64
candidate,20260882,3,3,-8.0,2.5,0,0,0,0,0,0,0,0.0625,32,2.349284361116588,3.266170062124729,3.321615979075432,0,64
candidate,20260883,0,2,-16.0,4.0,0,0,1,8,0,0,0,0.013157894736842105,76,2.4489359194902995,3.175695426762104,3.338245674967766,0,152
candidate,20260883,1,2,-16.0,3.0,0,0,0,0,0,0,0,0.025,40,2.3946284782141447,3.1618632376194,3.174165263772011,0,81
candidate,20260883,2,2,-20.0,3.0,0,0,0,0,0,0,0,0.0,59,2.418934446522745,3.2463854178786278,3.307359293103218,0,119
candidate,20260883,3,2,-16.0,3.0,0,0,0,0,0,0,0,0.025,40,2.4281656369566917,3.226103913038969,3.291601315140724,0,81
candidate,20260884,0,3,57.0,1.0,1,1,0,0,0,0,0,0.05,20,2.4374927394092083,3.258686885237694,3.3164508640766144,0,39
candidate,20260884,1,3,-19.0,3.0,0,0,0,0,0,0,0,0.045454545454545456,22,2.5121604346416215,3.1952504068613052,4.793176427483559,0,45
candidate,20260884,2,3,-19.0,3.0,0,0,0,0,0,0,0,0.0,19,2.3638018848080384,3.1684666872024536,3.2211318612098694,0,39
candidate,20260884,3,3,-19.0,3.0,0,0,0,0,0,0,0,0.05263157894736842,19,2.3757431067918477,3.178255259990692,3.1942613422870636,0,39
candidate,20260885,0,3,32.0,1.0,1,0,0,0,0,0,0,0.0,43,2.59368619773277,3.6688603460788727,3.9835311472415924,0,87
candidate,20260885,1,3,-18.0,4.0,0,0,1,10,0,0,0,0.029411764705882353,34,2.4063952595872036,3.1422756612300873,3.209507092833519,0,69
candidate,20260885,2,3,34.0,1.0,1,0,0,0,0,0,0,0.05714285714285714,35,2.336697546499116,2.9617363587021828,3.0069444328546524,0,69
candidate,20260885,3,3,41.0,1.0,1,0,0,0,0,0,0,0.04,25,2.6575523614883423,4.430775716900822,5.604438483715057,0,51
candidate,20260886,0,2,-8.0,2.5,0,0,0,0,0,0,0,0.0196078431372549,51,2.4648207951994503,3.2561076804995537,3.3334046602249146,0,102
candidate,20260886,1,2,-33.0,3.0,0,0,0,0,0,0,0,0.05,40,2.360645541921258,3.230186179280281,3.2759401947259903,0,81
candidate,20260886,2,2,63.0,1.0,1,1,0,0,0,0,0,0.0,57,2.480752014538698,3.306157514452934,5.000343546271324,0,113
candidate,20260886,3,2,-33.0,3.0,0,0,0,0,0,0,0,0.075,40,2.3106910288333893,2.9010141268372536,2.9472745954990387,0,81
candidate,20260887,0,3,37.0,1.0,1,0,0,0,0,0,0,0.0,63,2.5166828362714675,3.400862216949463,4.106035456061363,0,126
candidate,20260887,1,3,-8.0,2.5,0,0,0,0,0,0,0,0.016129032258064516,62,2.4307568167005815,3.267035074532032,3.4441929310560226,0,124
candidate,20260887,2,3,60.0,1.0,1,1,0,0,0,0,0,0.03278688524590164,61,2.340092552734203,2.8682276606559753,3.807308152318001,0,121
candidate,20260887,3,3,-21.0,4.0,0,0,1,13,0,0,0,0.015625,64,2.45027121854946,3.257908951491117,3.893144428730011,0,128
candidate,20260888,0,3,-18.0,3.0,0,0,0,0,0,0,0,0.0,35,2.528534776398114,3.4273384138941765,3.4626610577106476,0,71
candidate,20260888,1,3,-22.0,3.0,0,0,0,0,0,0,0,0.0,36,2.6392323068446584,3.491791430860758,4.9537234008312225,0,73
candidate,20260888,2,3,66.0,1.0,1,1,0,0,0,0,0,0.08571428571428572,35,2.3865687527826855,3.1197478994727126,3.371870145201683,0,69
candidate,20260888,3,3,-22.0,3.0,0,0,0,0,0,0,0,0.02857142857142857,35,2.322534205658095,3.0736271291971207,3.0862148851156235,0,71
candidate,20260889,0,0,-8.0,2.5,0,0,0,0,0,0,0,0.03125,64,2.465427271090448,3.2520595006644726,3.2983627170324326,0,128
candidate,20260889,1,0,-20.0,4.0,0,0,1,12,0,0,0,0.0,42,2.530100844090893,3.286338225007057,6.026552990078926,0,84
candidate,20260889,2,0,63.0,1.0,1,1,0,0,0,0,0,0.014084507042253521,71,2.447450874556958,3.4772809594869614,3.5715531557798386,0,141
candidate,20260889,3,0,36.0,1.0,1,0,0,0,0,0,0,0.0,62,2.4364222321779496,3.2678890973329544,3.3044982701539993,0,124
candidate,20260890,0,2,-26.0,4.0,0,0,1,18,0,0,0,0.046511627906976744,43,2.393210350080978,3.085510618984699,3.17302905023098,0,86
candidate,20260890,1,2,42.0,1.0,1,0,0,0,0,0,0,0.023255813953488372,43,2.4458733062411464,3.2846521586179733,3.4529846161603928,0,86
candidate,20260890,2,2,-8.0,2.5,0,0,0,0,0,0,0,0.023255813953488372,43,2.455328352922617,3.3942000940442085,3.522515296936035,0,86
candidate,20260890,3,2,-8.0,2.5,0,0,0,0,0,0,0,0.023255813953488372,43,2.3588251409142518,3.21915652602911,3.281405195593834,0,86
candidate,20260891,0,1,39.0,1.0,1,0,0,0,0,0,0,0.056338028169014086,71,2.34699354205333,2.8330236673355103,3.1412001699209213,0,142
candidate,20260891,1,1,33.0,1.0,1,0,0,0,0,0,0,0.0425531914893617,47,2.4099320648832525,3.1477645039558397,3.6370549350976944,0,94
candidate,20260891,2,1,-23.0,4.0,0,0,1,15,0,0,0,0.023255813953488372,43,2.383000932114069,3.1902773305773735,3.2244008034467697,0,86
candidate,20260891,3,1,0.0,2.5,0,0,0,0,0,1,0,0.011627906976744186,86,2.4068459738479104,3.1952844001352787,3.2822713255882263,0,171
candidate,20260892,0,0,-16.0,3.0,0,0,0,0,0,0,0,0.03508771929824561,57,2.5112314901331017,3.4392952919006348,3.4515932202339172,0,115
candidate,20260892,1,0,-8.0,2.5,0,0,0,0,0,0,0,0.0,48,2.588905510492623,3.741675801575184,4.608089104294777,0,96
candidate,20260892,2,0,36.0,1.0,1,0,0,0,0,0,0,0.02857142857142857,35,2.4034733218806132,3.209911473095417,3.277679905295372,0,70
candidate,20260892,3,0,-8.0,2.5,0,0,0,0,0,0,0,0.04,50,2.3994284123182297,3.2166040502488613,3.4248773008584976,0,100
candidate,20260893,0,3,-8.0,2.5,0,0,0,0,0,0,0,0.01818181818181818,55,2.498219602487304,3.280857764184475,3.3628027886152267,0,110
candidate,20260893,1,3,-16.0,4.0,0,0,1,8,0,0,0,0.03225806451612903,62,2.472722722638038,3.342623822391033,4.1642580181360245,0,124
candidate,20260893,2,3,32.0,1.0,1,0,0,0,0,0,0,0.03225806451612903,62,2.3858599484928193,3.18822469562292,5.605937913060188,0,124
candidate,20260893,3,3,-8.0,2.5,0,0,0,0,0,0,0,0.03225806451612903,62,2.3283510799369505,2.88277892395854,3.1240563839673996,0,124
candidate,20260894,0,1,48.0,1.0,1,0,0,0,0,0,0,0.0,22,2.4612984535369007,3.171359933912754,3.1933877617120743,0,44
candidate,20260894,1,1,-32.0,4.0,0,0,1,24,0,0,0,0.07692307692307693,26,2.462835982441902,3.190453164279461,3.9692502468824387,0,52
candidate,20260894,2,1,-8.0,2.5,0,0,0,0,0,0,0,0.0,26,2.466216468467162,3.1757508404552937,5.447017028927803,0,52
candidate,20260894,3,1,-8.0,2.5,0,0,0,0,0,0,0,0.0,26,2.5218475180176587,3.5867574624717236,4.331784322857857,0,52
candidate,20260895,0,1,-19.0,4.0,0,0,1,11,0,0,0,0.031746031746031744,63,2.4345494097187403,3.1705068424344063,3.28638032078743,0,126
candidate,20260895,1,1,-18.0,4.0,0,0,1,10,0,0,0,0.021739130434782608,46,2.403600505836632,3.0618873424828053,3.229953348636627,0,92
candidate,20260895,2,1,0.0,2.5,0,0,0,0,0,1,0,0.0,86,2.443668129312438,3.289096988737583,3.9179418236017227,0,172
candidate,20260895,3,1,35.0,1.0,1,0,0,0,0,0,0,0.06818181818181818,44,2.36066985367374,2.995843626558781,5.343349650502205,0,88
candidate,20260896,0,2,34.0,1.0,1,0,0,0,0,0,0,0.038461538461538464,52,2.4353993268540273,2.949509583413601,5.62334805727005,0,105
candidate,20260896,1,2,-8.0,2.5,0,0,0,0,0,0,0,0.025,40,2.422058442607522,3.0798873864114285,3.516577184200287,0,80
candidate,20260896,2,2,-18.0,4.0,0,0,1,10,0,0,0,0.027777777777777776,36,2.4509887314505048,3.236024174839258,3.3351853489875793,0,72
candidate,20260896,3,2,-8.0,2.5,0,0,0,0,0,0,0,0.020833333333333332,48,2.350941300392151,3.106553293764591,3.203030675649643,0,97
candidate,20260897,0,1,-16.0,4.0,0,0,1,8,0,0,0,0.0,29,2.541534281496344,3.2702255994081497,4.55097109079361,0,58
candidate,20260897,1,1,32.0,1.0,1,0,0,0,0,0,0,0.034482758620689655,29,2.473039424111103,3.4652244299650192,3.532515838742256,0,58
candidate,20260897,2,1,-8.0,2.5,0,0,0,0,0,0,0,0.034482758620689655,29,2.4801440023142716,2.998885884881019,5.978735163807869,0,58
candidate,20260897,3,1,-8.0,2.5,0,0,0,0,0,0,0,0.06896551724137931,29,2.353758454836648,3.0254676938056946,3.057122230529785,0,58
candidate,20260898,0,1,66.0,1.0,1,1,0,0,0,0,0,0.0,27,2.5377515703439713,3.6384733393788338,3.7403684109449387,0,53
candidate,20260898,1,1,-18.0,4.0,0,0,1,10,0,0,0,0.019230769230769232,52,2.420309429558424,3.2455135136842723,3.3523570746183395,0,104
candidate,20260898,2,1,-19.0,4.0,0,0,1,11,0,0,0,0.034482758620689655,29,2.378707687402594,3.040160238742828,3.2035987824201584,0,58
candidate,20260898,3,1,-8.0,2.5,0,0,0,0,0,0,0,0.034482758620689655,29,2.388104924867893,2.9554303735494614,3.7050489336252213,0,58
candidate,20260899,0,3,-8.0,2.5,0,0,0,0,0,0,0,0.07142857142857142,28,2.436982866908823,3.022688440978527,3.2027624547481537,0,56
candidate,20260899,1,3,-21.0,3.0,0,0,0,0,0,0,0,0.03125,64,2.4906628823373467,3.3790157176554203,3.627993166446686,0,129
candidate,20260899,2,3,35.0,1.0,1,0,0,0,0,0,0,0.0,49,2.5185472426974043,3.4544315189123154,3.5250093787908554,0,98
candidate,20260899,3,3,-8.0,2.5,0,0,0,0,0,0,0,0.043478260869565216,46,2.3671659519490986,3.0642221681773663,3.12897190451622,0,92
candidate,20260900,0,1,-20.0,3.0,0,0,0,0,0,0,0,0.05,20,2.4918390437960625,3.2314863055944443,3.28853540122509,0,41
candidate,20260900,1,1,60.0,1.0,1,1,0,0,0,0,0,0.09523809523809523,21,2.3920282366729917,2.929478883743286,3.882281482219696,0,41
candidate,20260900,2,1,-20.0,3.0,0,0,0,0,0,0,0,0.0,20,2.4497639387845993,3.3286343328654766,3.4463051706552505,0,41
candidate,20260900,3,1,-20.0,3.0,0,0,0,0,0,0,0,0.0,20,2.404387202113867,3.3202373422682285,3.5782624036073685,0,41
candidate,20260901,0,0,60.0,1.0,1,1,0,0,0,0,0,0.023809523809523808,42,2.4790562068422637,3.3170089125633235,3.592025488615036,0,83
candidate,20260901,1,0,-20.0,3.0,0,0,0,0,0,0,0,0.02564102564102564,39,2.4727434875109258,3.4439267590641975,3.572380170226097,0,79
candidate,20260901,2,0,-20.0,3.0,0,0,0,0,0,0,0,0.023809523809523808,42,2.3980209426510903,3.104908764362335,3.167988732457161,0,85
candidate,20260901,3,0,-20.0,3.0,0,0,0,0,0,0,0,0.024390243902439025,41,2.466081709759991,3.3659562468528748,3.745466470718384,0,83
candidate,20260902,0,2,-19.0,3.0,0,0,0,0,0,0,0,0.045454545454545456,22,2.491312101483345,3.2657462172210217,3.3063869923353195,0,45
candidate,20260902,1,2,-19.0,3.0,0,0,0,0,0,0,0,0.0,22,2.518003298477693,3.1102183274924755,4.238395020365715,0,45
candidate,20260902,2,2,57.0,1.0,1,1,0,0,0,0,0,0.043478260869565216,23,2.5357047662786814,3.3626340329647064,5.481380969285965,0,45
candidate,20260902,3,2,-19.0,3.0,0,0,0,0,0,0,0,0.0,22,2.455207265236161,3.3771896734833717,3.499601036310196,0,45
candidate,20260903,0,2,-8.0,2.5,0,0,0,0,0,0,0,0.012345679012345678,81,2.5410791974008817,3.2405927777290344,5.997719243168831,0,163
candidate,20260903,1,2,34.0,1.0,1,0,0,0,0,0,0,0.0,83,2.785524443151003,4.239971190690994,6.908845156431198,0,167
candidate,20260903,2,2,-18.0,4.0,0,0,1,10,0,0,0,0.024691358024691357,81,2.437496189901858,2.9916912317276,6.138443946838379,0,163
candidate,20260903,3,2,35.0,1.0,1,0,0,0,0,0,0,0.03225806451612903,62,2.403153587252863,3.1555271707475185,5.589419975876808,0,123
candidate,20260904,0,0,-8.0,2.5,0,0,0,0,0,0,0,0.01282051282051282,78,2.4639302864670753,3.1872102059423923,5.310600623488426,0,157
candidate,20260904,1,0,-8.0,2.5,0,0,0,0,0,0,0,0.0,40,2.5051106698811054,3.4302513115108013,3.6285463720560074,0,80
candidate,20260904,2,0,32.0,1.0,1,0,0,0,0,0,0,0.025,40,2.4297149386256933,3.3942854963243008,3.482488915324211,0,80
candidate,20260904,3,0,-8.0,2.5,0,0,0,0,0,0,0,0.05,40,2.4134583305567503,3.1458976678550243,5.47538697719574,0,80
candidate,20260905,0,3,44.0,1.0,1,0,0,0,0,0,0,0.03333333333333333,30,2.46206596493721,3.2392735593020916,3.332948312163353,0,60
candidate,20260905,1,3,-8.0,2.5,0,0,0,0,0,0,0,0.022727272727272728,88,2.4060661989179524,3.03216902539134,5.485262721776962,0,176
candidate,20260905,2,3,-8.0,2.5,0,0,0,0,0,0,0,0.0,30,2.391758312781652,3.2511501573026176,3.3261775970458984,0,60
candidate,20260905,3,3,35.0,1.0,1,0,0,0,0,0,0,0.0975609756097561,41,2.4400294826525015,3.251168876886368,5.444543436169624,0,82
candidate,20260906,0,2,49.0,1.0,1,0,0,0,0,0,0,0.0,30,2.5042233988642693,3.2413331791758537,3.2778382301330566,0,60
candidate,20260906,1,2,-8.0,2.5,0,0,0,0,0,0,0,0.020833333333333332,48,2.5117864521841207,3.2852849923074245,6.7475903779268265,0,96
candidate,20260906,2,2,33.0,1.0,1,0,0,0,0,0,0,0.022727272727272728,44,2.4034219624643978,3.3130026422441006,3.499336540699005,0,88
candidate,20260906,3,2,-8.0,2.5,0,0,0,0,0,0,0,0.0,30,2.417339260379473,3.3042377792298794,3.3732205629348755,0,60
candidate,20260907,0,1,43.0,1.0,1,0,0,0,0,0,0,0.0392156862745098,51,2.419818265765321,2.92285718023777,4.087768495082855,0,102
candidate,20260907,1,1,-8.0,2.5,0,0,0,0,0,0,0,0.04,50,2.4469762295484543,3.20180868729949,6.473144516348839,0,100
candidate,20260907,2,1,-8.0,2.5,0,0,0,0,0,0,0,0.0196078431372549,51,2.462958697887028,3.379003144800663,4.2547788470983505,0,102
candidate,20260907,3,1,-28.0,4.0,0,0,1,20,0,0,0,0.02,50,2.4708256497979164,3.246040735393762,3.320835530757904,0,100
candidate,20260908,0,1,-8.0,2.5,0,0,0,0,0,0,0,0.0,79,2.5930231602131566,3.59476525336504,3.643440082669258,0,158
candidate,20260908,1,1,49.0,1.0,1,0,0,0,0,0,0,0.0,55,2.5028406219048933,3.338310681283474,3.6401748657226562,0,110
candidate,20260908,2,1,-18.0,4.0,0,0,1,10,0,0,0,0.036585365853658534,82,2.3627079250972445,3.0514422804117203,3.2251328229904175,0,164
candidate,20260908,3,1,-8.0,2.5,0,0,0,0,0,0,0,0.030303030303030304,66,2.3700743913650513,3.1144539825618267,3.492666408419609,0,132
candidate,20260909,0,0,33.0,1.0,1,0,0,0,0,0,0,0.05555555555555555,54,2.398637709794221,3.1521145254373546,3.254225477576256,0,108
candidate,20260909,1,0,-8.0,2.5,0,0,0,0,0,0,0,0.018518518518518517,54,2.375349195467101,3.0616648495197296,3.1694062054157257,0,108
candidate,20260909,2,0,-17.0,4.0,0,0,1,9,0,0,0,0.08,50,2.3385662585496902,3.1717785634100433,3.2680127769708633,0,100
candidate,20260909,3,0,-8.0,2.5,0,0,0,0,0,0,0,0.061224489795918366,49,2.337088922456819,3.116387128829956,3.179425373673439,0,98
candidate,20260910,0,2,-21.0,3.0,0,0,0,0,0,0,0,0.025,40,2.4823513347655535,3.3088267780840397,3.385799005627632,0,81
candidate,20260910,1,2,-21.0,3.0,0,0,0,0,0,0,0,0.0,40,2.5366410613059998,3.5890202037990093,3.6201607435941696,0,81
candidate,20260910,2,2,63.0,1.0,1,1,0,0,0,0,0,0.0,41,2.3881035697896307,3.2749567180871964,3.308149054646492,0,81
candidate,20260910,3,2,-21.0,3.0,0,0,0,0,0,0,0,0.0,40,2.4003743194043636,3.1894865445792675,3.1953491270542145,0,81
candidate,20260911,0,1,-8.0,2.5,0,0,0,0,0,0,0,0.0,52,2.572971503608502,3.6172267049551006,3.840014338493347,0,104
candidate,20260911,1,1,34.0,1.0,1,0,0,0,0,0,0,0.057692307692307696,52,2.3347462814014692,2.937961369752883,3.1149350106716156,0,104
candidate,20260911,2,1,-8.0,2.5,0,0,0,0,0,0,0,0.030303030303030304,33,2.3560565190784857,3.0124790966510773,3.0580535531044006,0,66
candidate,20260911,3,1,-18.0,4.0,0,0,1,10,0,0,0,0.0,56,2.4852772309843982,3.5388092510402203,3.5609975457191467,0,112
candidate,20260912,0,0,-17.0,4.0,0,0,1,9,0,0,0,0.023255813953488372,43,2.5024752804013186,3.4770576283335686,3.507731482386589,0,86
candidate,20260912,1,0,-8.0,2.5,0,0,0,0,0,0,0,0.023809523809523808,42,2.5634267145679113,3.5731724463403225,4.146963357925415,0,84
candidate,20260912,2,0,-20.0,3.0,0,0,0,0,0,0,0,0.0,47,2.505559355337569,3.4351170063018794,3.534723073244095,0,95
candidate,20260912,3,0,-8.0,2.5,0,0,0,0,0,0,0,0.0,43,2.470972926117653,3.3237969502806664,3.3383741974830627,0,86
candidate,20260913,0,0,66.0,1.0,1,1,0,0,0,0,0,0.05263157894736842,38,2.4169928541308954,3.0306794680655,4.331847652792931,0,75
candidate,20260913,1,0,-22.0,3.0,0,0,0,0,0,0,0,0.05405405405405406,37,2.378334870209565,3.0584275722503658,3.3163055777549744,0,75
candidate,20260913,2,0,-22.0,3.0,0,0,0,0,0,0,0,0.08108108108108109,37,2.3457286627711476,3.1076051294803615,3.223877400159836,0,75
candidate,20260913,3,0,-23.0,4.0,0,0,1,15,0,0,0,0.018518518518518517,54,2.522019738400424,3.5804491490125656,3.7758909165859222,0,107
candidate,20260914,0,3,33.0,1.0,1,0,0,0,0,0,0,0.0410958904109589,73,2.379438444359662,3.0824474990367876,3.286268562078476,0,146
candidate,20260914,1,3,-8.0,2.5,0,0,0,0,0,0,0,0.02702702702702703,37,2.421953891580169,3.271714970469475,3.3375639468431473,0,74
candidate,20260914,2,3,-8.0,2.5,0,0,0,0,0,0,0,0.03389830508474576,59,2.403242260975353,3.141355514526367,3.80595400929451,0,118
candidate,20260914,3,3,-8.0,2.5,0,0,0,0,0,0,0,0.01694915254237288,59,2.4256496926990607,3.2791750505566593,3.4779757261276245,0,118
candidate,20260915,0,1,-20.0,3.0,0,0,0,0,0,0,0,0.0,81,2.6256082188568,3.8822870701551437,4.653325304389,0,163
candidate,20260915,1,1,0.0,2.5,0,0,0,0,0,1,0,0.012195121951219513,82,2.421515403179134,3.2247077673673634,3.5552270710468292,0,164
candidate,20260915,2,1,0.0,2.5,0,0,0,0,0,1,0,0.0,86,2.4074779087027838,3.1832829117774963,3.238838165998459,0,172
candidate,20260915,3,1,38.0,1.0,1,0,0,0,0,0,0,0.0,68,2.4262576035278687,3.2913737930357456,3.4421440213918686,0,136
candidate,20260916,0,0,38.0,1.0,1,0,0,0,0,0,0,0.0425531914893617,47,2.373196343158154,2.8824923560023303,3.2463539391756058,0,94
candidate,20260916,1,0,-23.0,4.0,0,0,1,15,0,0,0,0.024390243902439025,41,2.3875296025014503,3.022031858563423,3.2149069011211395,0,82
candidate,20260916,2,0,-8.0,2.5,0,0,0,0,0,0,0,0.0975609756097561,41,2.338379939518324,3.1963959336280823,3.226419910788536,0,82
candidate,20260916,3,0,-8.0,2.5,0,0,0,0,0,0,0,0.027777777777777776,36,2.3581119150751166,3.1387805938720703,3.159135580062866,0,72
candidate,20260917,0,1,-8.0,2.5,0,0,0,0,0,0,0,0.0392156862745098,51,2.4147150198034213,3.1273253262043,3.237105906009674,0,102
candidate,20260917,1,1,-8.0,2.5,0,0,0,0,0,0,0,0.027777777777777776,36,2.3625481149388685,3.1733964569866657,3.217184916138649,0,72
candidate,20260917,2,1,33.0,1.0,1,0,0,0,0,0,0,0.0425531914893617,47,2.2918341007638485,2.8192605823278427,2.863885834813118,0,94
candidate,20260917,3,1,-17.0,3.0,0,0,0,0,0,0,0,0.016666666666666666,60,2.387126814574003,3.117513190954923,3.333553671836853,0,121
candidate,20260918,0,1,-18.0,4.0,0,0,1,10,0,0,0,0.058823529411764705,34,2.4744198821923313,3.3303544856607914,3.4004468470811844,0,68
candidate,20260918,1,1,34.0,1.0,1,0,0,0,0,0,0,0.09090909090909091,44,2.31436559591781,2.8406827710568905,3.013378009200096,0,88
candidate,20260918,2,1,-8.0,2.5,0,0,0,0,0,0,0,0.0,33,2.410523762757128,3.242454305291176,3.3239610493183136,0,66
candidate,20260918,3,1,-22.0,3.0,0,0,0,0,0,0,0,0.0,34,2.4427585851620224,3.3783267252147198,3.3914633095264435,0,69
candidate,20260919,0,0,34.0,1.0,1,0,0,0,0,0,0,0.05,60,2.3992004804313183,3.0671855434775352,3.1062625348567963,0,121
candidate,20260919,1,0,-23.0,4.0,0,0,1,15,0,0,0,0.014705882352941176,68,2.4779854232774063,3.336524125188589,3.9699040353298187,0,137
candidate,20260919,2,0,-8.0,2.5,0,0,0,0,0,0,0,0.046511627906976744,43,2.3738894784866376,3.080282360315323,3.12134250998497,0,85
candidate,20260919,3,0,-8.0,2.5,0,0,0,0,0,0,0,0.045454545454545456,66,2.3605245814630478,3.2289759255945683,3.3003967255353928,0,133
candidate,20260920,0,2,36.0,1.0,1,0,0,0,0,0,0,0.06666666666666667,30,2.4605785806973777,3.286559320986271,3.313574939966202,0,60
candidate,20260920,1,2,-8.0,2.5,0,0,0,0,0,0,0,0.03333333333333333,30,2.468282667299112,3.346977662295103,3.381168469786644,0,60
candidate,20260920,2,2,-8.0,2.5,0,0,0,0,0,0,0,0.0,28,2.4064674840441773,3.2105605117976665,3.268832340836525,0,56
candidate,20260920,3,2,-8.0,2.5,0,0,0,0,0,0,0,0.0,31,2.3804004153897687,3.2397229224443436,3.2722260802984238,0,62
candidate,20260921,0,1,-8.0,2.5,0,0,0,0,0,0,0,0.0,49,2.4936142168482958,3.406327590346336,3.4283865243196487,0,98
candidate,20260921,1,1,0.0,2.5,0,0,0,0,0,1,1,0.023255813953488372,86,2.370885811572851,2.953285351395607,3.1502041965723038,0,172
candidate,20260921,2,1,50.0,1.0,1,0,0,0,0,0,0,0.04081632653061224,49,2.4221813192172927,3.250720351934433,3.2610874623060226,0,98
candidate,20260921,3,1,-33.0,4.0,0,0,1,25,0,0,0,0.0,75,2.494896948337555,3.4762606024742126,3.770887851715088,0,151
candidate,20260922,0,0,-19.0,3.0,0,0,0,0,0,0,0,0.0,59,2.5242174012681184,3.263195976614952,3.4737270325422287,0,119
candidate,20260922,1,0,-8.0,2.5,0,0,0,0,0,0,0,0.04838709677419355,62,2.308328996502584,2.8470723889768124,2.8989557176828384,0,124
candidate,20260922,2,0,33.0,1.0,1,0,0,0,0,0,0,0.05084745762711865,59,2.3807082956625245,3.093265555799007,3.187786787748337,0,118
candidate,20260922,3,0,-20.0,3.0,0,0,0,0,0,0,0,0.014925373134328358,67,2.419822891034297,3.2196570187807083,3.41067835688591,0,135
candidate,20260923,0,1,-8.0,2.5,0,0,0,0,0,0,0,0.017241379310344827,58,2.467020382655078,3.0945850536227226,3.669939935207367,0,116
candidate,20260923,1,1,-8.0,2.5,0,0,0,0,0,0,0,0.0196078431372549,51,2.496332879744324,3.4282151609659195,3.5964958369731903,0,102
candidate,20260923,2,1,-8.0,2.5,0,0,0,0,0,0,0,0.0,58,2.4445699206713973,3.238362818956375,3.2999422401189804,0,116
candidate,20260923,3,1,35.0,1.0,1,0,0,0,0,0,0,0.0,58,2.4712913637531213,3.5258950665593147,3.7143249064683914,0,116
candidate,20260924,0,2,54.0,1.0,1,1,0,0,0,0,0,0.027777777777777776,36,2.4390270830028586,3.2884078100323677,3.3151600509881973,0,71
candidate,20260924,1,2,-18.0,3.0,0,0,0,0,0,0,0,0.02857142857142857,35,2.4613994040659497,3.352122008800506,3.723619505763054,0,71
candidate,20260924,2,2,-18.0,3.0,0,0,0,0,0,0,0,0.08571428571428572,35,2.367946771638734,3.225686587393284,3.3736880868673325,0,71
candidate,20260924,3,2,-18.0,3.0,0,0,0,0,0,0,0,0.0,35,2.411515691450664,3.318668343126774,3.3729486167430878,0,71
candidate,20260925,0,3,-8.0,2.5,0,0,0,0,0,0,0,0.03225806451612903,31,2.4390159955909176,3.1961817294359207,3.213508054614067,0,62
candidate,20260925,1,3,37.0,1.0,1,0,0,0,0,0,0,0.08571428571428572,35,2.4182783173663274,3.2240865752100945,3.4511759877204895,0,70
candidate,20260925,2,3,-19.0,3.0,0,0,0,0,0,0,0,0.046153846153846156,65,2.3551474683559857,2.9330268502235413,2.975868061184883,0,131
candidate,20260925,3,3,-21.0,4.0,0,0,1,13,0,0,0,0.0,35,2.4524605699947903,3.4492980688810344,3.6624688655138016,0,70
candidate,20260926,0,1,-17.0,4.0,0,0,1,9,0,0,0,0.03125,32,2.5704664876684546,3.356894478201866,3.537183627486229,0,64
candidate,20260926,1,1,-17.0,3.0,0,0,0,0,0,0,0,0.07692307692307693,39,2.3244515730020328,2.8497396036982536,3.135908395051956,0,79
candidate,20260926,2,1,33.0,1.0,1,0,0,0,0,0,0,0.03125,32,2.3550347541458905,3.0413445085287094,3.0794329941272736,0,64
candidate,20260926,3,1,-8.0,2.5,0,0,0,0,0,0,0,0.0,32,2.388714754488319,3.1728580594062805,3.1949449330568314,0,64
candidate,20260927,0,2,32.0,1.0,1,0,0,0,0,0,0,0.017857142857142856,56,2.5055813935718367,3.3397814258933067,3.4373030066490173,0,112
candidate,20260927,1,2,-17.0,4.0,0,0,1,9,0,0,0,0.013513513513513514,74,2.387238238510248,3.033864125609398,3.1104180961847305,0,148
candidate,20260927,2,2,0.0,2.5,0,0,0,0,0,1,1,0.0,86,2.490245109034139,3.565296996384859,3.7069767713546753,0,172
candidate,20260927,3,2,-8.0,2.5,0,0,0,0,0,0,0,0.014925373134328358,67,2.4194431894305928,3.401934541761875,3.4688636660575867,0,134
candidate,20260928,0,0,63.0,1.0,1,1,0,0,0,0,0,0.014084507042253521,71,2.4261963356968383,3.0703572556376457,3.2167527824640274,0,141
candidate,20260928,1,0,48.0,1.0,1,1,0,0,0,0,0,0.019230769230769232,52,2.5076230343144674,3.431688342243433,3.6983005702495575,0,103
candidate,20260928,2,0,-21.0,3.0,0,0,0,0,0,0,0,0.0,70,2.5081061625054906,3.6809463053941722,4.039693623781204,0,141
candidate,20260928,3,0,-18.0,3.0,0,0,0,0,0,0,0,0.0,58,2.4439135309437225,3.3919036388397217,3.4198928624391556,0,117
candidate,20260929,0,3,0.0,2.5,0,0,0,0,0,1,0,0.022727272727272728,88,2.455982929942283,3.203807957470417,3.7172753363847733,0,176
candidate,20260929,1,3,-8.0,2.5,0,0,0,0,0,0,0,0.0,62,2.4984476847514028,3.545562643557787,3.618501126766205,0,124
candidate,20260929,2,3,-17.0,4.0,0,0,1,9,0,0,0,0.05660377358490566,53,2.390790765859046,3.2038312405347824,3.3127013593912125,0,106
candidate,20260929,3,3,-17.0,4.0,0,0,1,9,0,0,0,0.0,62,2.5493703001449184,3.6898873746395107,3.757873550057411,0,124
candidate,20260930,0,3,-8.0,2.5,0,0,0,0,0,0,0,0.0,35,2.5568736451012746,3.653152100741863,3.775503486394882,0,70
candidate,20260930,1,3,-19.0,4.0,0,0,1,11,0,0,0,0.06896551724137931,29,2.408817282010769,3.203936666250229,3.2134652137756348,0,58
candidate,20260930,2,3,33.0,1.0,1,0,0,0,0,0,0,0.0,50,2.437763661146164,3.368040267378092,3.467237576842308,0,100
candidate,20260930,3,3,-8.0,2.5,0,0,0,0,0,0,0,0.02,50,2.4103206023573875,3.314539324492216,3.362933173775673,0,100
candidate,20260931,0,1,63.0,1.0,1,1,0,0,0,0,0,0.021739130434782608,46,2.420686671267385,3.1627570278942585,3.2810084521770477,0,91
candidate,20260931,1,1,-21.0,3.0,0,0,0,0,0,0,0,0.043478260869565216,46,2.364250709829123,2.937762998044491,3.234071657061577,0,93
candidate,20260931,2,1,-21.0,3.0,0,0,0,0,0,0,0,0.044444444444444446,45,2.361146774556902,3.05684208869934,3.1666550785303116,0,91
candidate,20260931,3,1,-16.0,3.0,0,0,0,0,0,0,0,0.0,68,2.423935295904384,3.3125633373856544,3.4712720662355423,0,137
candidate,20260932,0,0,-8.0,2.5,0,0,0,0,0,0,0,0.0,39,2.586998761846469,3.6108294501900673,3.678755834698677,0,78
candidate,20260932,1,0,-8.0,2.5,0,0,0,0,0,0,0,0.05,40,2.3592318408191204,2.9571037739515296,3.3192001283168793,0,80
candidate,20260932,2,0,-8.0,2.5,0,0,0,0,0,0,0,0.047619047619047616,42,2.4152974198971475,3.213624469935894,3.267258405685425,0,84
candidate,20260932,3,0,-19.0,4.0,0,0,1,11,0,0,0,0.05,40,2.326851198449731,2.923703193664551,3.0858777463436127,0,80
candidate,20260933,0,3,36.0,1.0,1,0,0,0,0,0,0,0.0,46,2.4872655453889267,3.3033411018550396,3.4423358738422394,0,92
candidate,20260933,1,3,-20.0,4.0,0,0,1,12,0,0,0,0.04878048780487805,41,2.348899750447855,2.9517170041799545,2.997634932398796,0,82
candidate,20260933,2,3,-8.0,2.5,0,0,0,0,0,0,0,0.0,41,2.42097989269873,3.3187679946422577,3.3827144652605057,0,82
candidate,20260933,3,3,-8.0,2.5,0,0,0,0,0,0,0,0.044444444444444446,45,2.345097023579809,2.9858816415071487,3.2789353281259537,0,90
candidate,20260934,0,0,-16.0,4.0,0,0,1,8,0,0,0,0.03389830508474576,59,2.4061817675828934,3.0813736841082573,3.190692514181137,0,118
candidate,20260934,1,0,-8.0,2.5,0,0,0,0,0,0,0,0.05084745762711865,59,2.3290921886593607,2.9448121786117554,3.2564569264650345,0,118
candidate,20260934,2,0,-36.0,3.0,0,0,0,0,0,0,0,0.0,81,2.5444340972620765,3.775477409362793,4.054320976138115,0,163
candidate,20260934,3,0,-16.0,3.0,0,0,0,0,0,0,0,0.0,46,2.4383490419258242,3.2106898725032806,3.2210107892751694,0,93
candidate,20260935,0,3,-8.0,2.5,0,0,0,0,0,0,0,0.0,39,2.51710682343214,3.2825451344251633,3.332151100039482,0,78
candidate,20260935,1,3,49.0,1.0,1,0,0,0,0,0,0,0.0,39,2.551926682010675,3.5322066396474843,3.719257190823555,0,78
candidate,20260935,2,3,-8.0,2.5,0,0,0,0,0,0,0,0.02564102564102564,39,2.3608484233801184,3.038099966943264,3.1658727675676346,0,78
candidate,20260935,3,3,-33.0,4.0,0,0,1,25,0,0,0,0.05128205128205128,39,2.368661885460218,3.2307321205735207,3.357289358973503,0,78
candidate,20260936,0,0,-31.0,3.0,0,0,0,0,0,0,0,0.0,39,2.4609237622756224,3.16576287150383,3.2025594264268875,0,79
candidate,20260936,1,0,-31.0,3.0,0,0,0,0,0,0,0,0.0,39,2.451045725208062,3.1829655170440674,3.20582278072834,0,79
candidate,20260936,2,0,-31.0,3.0,0,0,0,0,0,0,0,0.0,39,2.5076672243766294,3.4942980855703354,3.956373780965805,0,79
candidate,20260936,3,0,-21.0,3.0,0,0,0,0,0,0,0,0.0,42,2.4882427727182708,3.6458683200180526,4.029318690299988,0,85
candidate,20260937,0,0,-16.0,3.0,0,0,0,0,0,0,0,0.07142857142857142,28,2.4681672719972476,3.2990215346217155,3.51877324283123,0,57
candidate,20260937,1,0,48.0,1.0,1,1,0,0,0,0,0,0.06896551724137931,29,2.3539627035116326,3.0285257846117015,3.2327380031347275,0,57
candidate,20260937,2,0,-16.0,3.0,0,0,0,0,0,0,0,0.0,28,2.428016226206507,3.2728654332458973,3.347916528582573,0,57
candidate,20260937,3,0,-16.0,3.0,0,0,0,0,0,0,0,0.0,28,2.5303644527282034,3.708096966147423,3.7305671721696854,0,57
candidate,20260938,0,3,-8.0,2.5,0,0,0,0,0,0,0,0.037037037037037035,27,2.5270557789890855,3.4528767690062523,3.7005674093961716,0,54
candidate,20260938,1,3,-8.0,2.5,0,0,0,0,0,0,0,0.0,31,2.5230302445350157,3.5122567787766457,3.5257767885923386,0,62
candidate,20260938,2,3,34.0,1.0,1,0,0,0,0,0,0,0.0625,32,2.4220788618549705,3.3193797804415226,3.388581797480583,0,64
candidate,20260938,3,3,-17.0,4.0,0,0,1,9,0,0,0,0.05,40,2.408356685191393,3.326781839132309,3.5698972642421722,0,80
candidate,20260939,0,3,-19.0,3.0,0,0,0,0,0,0,0,0.021739130434782608,46,2.4365857648460763,3.2279454171657562,3.317970782518387,0,93
candidate,20260939,1,3,-19.0,3.0,0,0,0,0,0,0,0,0.08695652173913043,46,2.3254674009006955,2.9481216333806515,3.1120963394641876,0,93
candidate,20260939,2,3,57.0,1.0,1,1,0,0,0,0,0,0.0425531914893617,47,2.342749149241346,3.0014051124453545,3.188641741871834,0,93
candidate,20260939,3,3,-19.0,3.0,0,0,0,0,0,0,0,0.0,45,2.4556674891048007,3.4211333841085434,3.532698377966881,0,91
candidate,20260940,0,2,-20.0,3.0,0,0,0,0,0,0,0,0.0,26,2.4853172497107434,3.2050623558461666,3.2096300274133682,0,53
candidate,20260940,1,2,-18.0,3.0,0,0,0,0,0,0,0,0.0,30,2.593127265572548,3.8195190019905563,3.936685621738434,0,61
candidate,20260940,2,2,60.0,1.0,1,1,0,0,0,0,0,0.0,27,2.438819725756292,3.4463297575712204,3.560096025466919,0,53
candidate,20260940,3,2,-18.0,3.0,0,0,0,0,0,0,0,0.03333333333333333,30,2.3984854420026145,3.26346755027771,3.324383869767189,0,61
candidate,20260941,0,1,-23.0,4.0,0,0,1,15,0,0,0,0.03225806451612903,62,2.429897175921548,3.1582843512296668,3.3022742718458176,0,124
candidate,20260941,1,1,-8.0,2.5,0,0,0,0,0,0,0,0.03225806451612903,31,2.4559679290940686,3.2410435378551483,3.284705802798271,0,62
candidate,20260941,2,1,-35.0,3.0,0,0,0,0,0,0,0,0.0,53,2.411586917796225,3.309166803956032,3.415558487176895,0,107
candidate,20260941,3,1,39.0,1.0,1,0,0,0,0,0,0,0.047619047619047616,42,2.3078287818602155,2.8686562553048134,2.9014647006988525,0,84
candidate,20260942,0,2,-27.0,3.0,0,0,0,0,0,0,0,0.0,48,2.7478734652201333,4.311674274504185,5.181686952710152,0,97
candidate,20260942,1,2,34.0,1.0,1,0,0,0,0,0,0,0.023809523809523808,42,2.403786184177512,3.0483522452414036,3.2209400087594986,0,84
candidate,20260942,2,2,-8.0,2.5,0,0,0,0,0,0,0,0.024390243902439025,41,2.385974611814429,3.1225327402353287,3.305334597826004,0,82
candidate,20260942,3,2,-18.0,4.0,0,0,1,10,0,0,0,0.0,42,2.462418528185004,3.4693583846092224,3.5402942448854446,0,84
candidate,20260943,0,3,-8.0,2.5,0,0,0,0,0,0,0,0.030303030303030304,33,2.4156042685111365,2.9929839074611664,3.094138577580452,0,66
candidate,20260943,1,3,-8.0,2.5,0,0,0,0,0,0,0,0.030303030303030304,33,2.4872347712516785,3.4218765795230865,3.5455431789159775,0,66
candidate,20260943,2,3,-18.0,4.0,0,0,1,10,0,0,0,0.037037037037037035,27,2.428839604059855,3.30217182636261,3.391193225979805,0,54
candidate,20260943,3,3,32.0,1.0,1,0,0,0,0,0,0,0.06060606060606061,33,2.3167938219778463,3.0752882361412044,3.1966939568519592,0,66
candidate,20260944,0,3,-23.0,3.0,0,0,0,0,0,0,0,0.047619047619047616,21,2.4644140863702413,3.2489467412233353,3.2777078449726105,0,43
candidate,20260944,1,3,-23.0,3.0,0,0,0,0,0,0,0,0.0,21,2.5611787679649534,3.5417787730693817,3.5514719784259796,0,43
candidate,20260944,2,3,69.0,1.0,1,1,0,0,0,0,0,0.0,22,2.449196594005281,3.387046605348587,3.5620294511318207,0,43
candidate,20260944,3,3,-23.0,3.0,0,0,0,0,0,0,0,0.0,21,2.3555980019626164,3.289913758635521,3.303486853837967,0,43
candidate,20260945,0,1,-8.0,2.5,0,0,0,0,0,0,0,0.03333333333333333,30,2.499192456404368,3.225621208548546,3.2749176025390625,0,60
candidate,20260945,1,1,-16.0,4.0,0,0,1,8,0,0,0,0.05128205128205128,39,2.5139494966237974,3.454017825424671,3.5194233059883118,0,78
candidate,20260945,2,1,35.0,1.0,1,0,0,0,0,0,0,0.05084745762711865,59,2.374122740101006,3.2779037952423096,3.4084059298038483,0,118
candidate,20260945,3,1,35.0,1.0,1,0,0,0,0,0,0,0.06666666666666667,30,2.318513269225756,2.836555242538452,2.971123903989792,0,60
candidate,20260946,0,2,-8.0,2.5,0,0,0,0,0,0,0,0.030303030303030304,66,2.5049324683619267,3.2657128758728504,3.3845696598291397,0,132
candidate,20260946,1,2,32.0,1.0,1,0,0,0,0,0,0,0.04838709677419355,62,2.4024712582749705,3.1895508989691734,3.2982267439365387,0,124
candidate,20260946,2,2,0.0,2.5,0,0,0,0,0,1,0,0.0,88,2.4682369972155853,3.393890615552664,3.557870164513588,0,176
candidate,20260946,3,2,0.0,2.5,0,0,0,0,0,1,1,0.02197802197802198,91,2.371372388941901,3.0510229989886284,3.244008868932724,0,182
candidate,20260947,0,0,-16.0,4.0,0,0,1,8,0,0,0,0.041666666666666664,48,2.398966928012669,2.919454127550125,3.2021477818489075,0,96
candidate,20260947,1,0,54.0,1.0,1,1,0,0,0,0,0,0.0425531914893617,47,2.429188962312455,3.3204445615410805,3.349488601088524,0,93
candidate,20260947,2,0,57.0,1.0,1,1,0,0,0,0,0,0.0,46,2.459555418918962,3.413477446883917,3.5001952201128006,0,91
candidate,20260947,3,0,-18.0,3.0,0,0,0,0,0,0,0,0.0,42,2.36426249501251,3.1386110931634903,3.2057594507932663,0,85
candidate,20260948,0,3,-8.0,2.5,0,0,0,0,0,0,0,0.02702702702702703,37,2.38556888055157,2.923173084855079,3.1747445464134216,0,74
candidate,20260948,1,3,-19.0,3.0,0,0,0,0,0,0,0,0.018867924528301886,53,2.4475589183703907,3.3881202340126038,3.4371335059404373,0,107
candidate,20260948,2,3,-16.0,4.0,0,0,1,8,0,0,0,0.0,38,2.4303383144893145,3.229294065386057,3.3516455441713333,0,76
candidate,20260948,3,3,-16.0,4.0,0,0,1,8,0,0,0,0.0,37,2.3945802067582673,3.281082957983017,3.3018365502357483,0,74
candidate,20260949,0,0,-8.0,2.5,0,0,0,0,0,0,0,0.08823529411764706,34,2.3610482321066013,2.8305787593126297,3.1943880021572113,0,68
candidate,20260949,1,0,90.0,1.0,1,1,0,0,0,0,0,0.014285714285714285,70,2.3700534233025143,3.0585551634430885,3.1679924577474594,0,139
candidate,20260949,2,0,-8.0,2.5,0,0,0,0,0,0,0,0.0,73,2.448421839165361,3.4359280019998546,3.633778542280197,0,146
candidate,20260949,3,0,-16.0,4.0,0,0,1,8,0,0,0,0.0,34,2.4283329463180374,3.298796806484461,3.75230610370636,0,68
candidate,20260950,0,3,54.0,1.0,1,1,0,0,0,0,0,0.013157894736842105,76,2.424127324239204,3.1427661888301373,3.2159630209207535,0,152
candidate,20260950,1,3,-20.0,4.0,0,0,1,12,0,0,0,0.0,39,2.442978322505951,3.363398462533951,3.462761640548706,0,78
candidate,20260950,2,3,-32.0,3.0,0,0,0,0,0,0,0,0.019230769230769232,52,2.383905856941755,3.181553725153208,3.208799287676811,0,105
candidate,20260950,3,3,-8.0,2.5,0,0,0,0,0,0,0,0.0,65,2.5178375725562754,3.5543106496334076,3.77822108566761,0,130
candidate,20260951,0,1,-8.0,2.5,0,0,0,0,0,0,0,0.0,59,2.6458050361124137,3.847699984908104,3.9645563811063766,0,118
candidate,20260951,1,1,48.0,1.0,1,0,0,0,0,0,0,0.0,59,2.4480900206303193,3.2914798706769943,3.4205038100481033,0,118
candidate,20260951,2,1,-24.0,3.0,0,0,0,0,0,0,0,0.0379746835443038,79,2.40079676614532,3.116753324866294,3.8485322147607803,0,159
candidate,20260951,3,1,-8.0,2.5,0,0,0,0,0,0,0,0.01694915254237288,59,2.4237506786140344,3.352503292262554,3.415297716856003,0,118
candidate,20260952,0,2,-33.0,3.0,0,0,0,0,0,0,0,0.0,70,2.494698523410729,3.24703985825181,3.4869853407144547,0,141
candidate,20260952,1,2,-8.0,2.5,0,0,0,0,0,0,0,0.0,60,2.5427048094570637,3.370896726846695,7.020622491836548,0,120
candidate,20260952,2,2,-33.0,3.0,0,0,0,0,0,0,0,0.04477611940298507,67,2.3601729311604998,3.034731186926364,3.9088763296604156,0,135
candidate,20260952,3,2,34.0,1.0,1,0,0,0,0,0,0,0.020833333333333332,48,2.3919709880525866,3.115668334066868,3.233063966035843,0,96
candidate,20260953,0,0,48.0,1.0,1,1,0,0,0,0,0,0.0,37,2.496864545989681,3.2899871468544006,3.4866798669099808,0,73
candidate,20260953,1,0,-16.0,3.0,0,0,0,0,0,0,0,0.0,32,2.4597892770543694,3.3105259761214256,3.4266728907823563,0,65
candidate,20260953,2,0,-16.0,3.0,0,0,0,0,0,0,0,0.0,36,2.5021090793112912,3.3975127153098583,4.601104184985161,0,73
candidate,20260953,3,0,-16.0,3.0,0,0,0,0,0,0,0,0.027777777777777776,36,2.405576304429107,3.2592415809631348,3.3128075301647186,0,73
candidate,20260954,0,0,0.0,2.5,0,0,0,0,0,1,1,0.0,84,2.6751586369105746,3.788419812917709,5.561238154768944,0,168
candidate,20260954,1,0,32.0,1.0,1,0,0,0,0,0,0,0.012658227848101266,79,2.5002066564710836,3.3841948956251144,3.934348002076149,0,158
candidate,20260954,2,0,-8.0,2.5,0,0,0,0,0,0,0,0.0,61,2.4950738507704657,3.6334171891212463,3.8741882890462875,0,122
candidate,20260954,3,0,90.0,1.0,1,1,0,0,0,0,0,0.0379746835443038,79,2.4563081892608087,3.402848541736603,4.493189975619316,0,157
candidate,20260955,0,2,0.0,2.5,0,0,0,0,0,1,0,0.023529411764705882,85,2.419901398174903,3.0224449932575226,3.3522900193929672,0,169
candidate,20260955,1,2,-8.0,2.5,0,0,0,0,0,0,0,0.0,73,2.643833931994765,3.902045264840126,4.2601414024829865,0,147
candidate,20260955,2,2,-8.0,2.5,0,0,0,0,0,0,0,0.0,70,2.4300637788006236,3.1491012312471867,3.5253427922725677,0,141
candidate,20260955,3,2,-19.0,3.0,0,0,0,0,0,0,0,0.037037037037037035,81,2.353533090632639,2.983406186103821,3.7092287093400955,0,164
candidate,20260956,0,2,-8.0,2.5,0,0,0,0,0,0,0,0.030303030303030304,33,2.511370870651621,3.1956493854522705,5.135573446750641,0,66
candidate,20260956,1,2,37.0,1.0,1,0,0,0,0,0,0,0.0,33,2.5084584838513173,3.4321654587984085,3.465784713625908,0,66
candidate,20260956,2,2,-21.0,4.0,0,0,1,13,0,0,0,0.0,33,2.453556114977056,3.350917249917984,3.5224519670009613,0,66
candidate,20260956,3,2,-8.0,2.5,0,0,0,0,0,0,0,0.09090909090909091,33,2.3601790607878654,2.980545163154602,3.463543951511383,0,66
candidate,20260957,0,2,33.0,1.0,1,0,0,0,0,0,0,0.027777777777777776,36,2.4976092908117504,3.404257819056511,3.4967120736837387,0,72
candidate,20260957,1,2,-8.0,2.5,0,0,0,0,0,0,0,0.0625,32,2.3971820482984185,3.137557487934828,3.154037520289421,0,64
candidate,20260957,2,2,-8.0,2.5,0,0,0,0,0,0,0,0.020833333333333332,48,2.3906041557590165,3.2005898654460907,3.3093616366386414,0,96
candidate,20260957,3,2,-17.0,4.0,0,0,1,9,0,0,0,0.015625,64,2.408389322226867,3.263348899781704,3.3553242683410645,0,128
candidate,20260958,0,3,-8.0,2.5,0,0,0,0,0,0,0,0.0,30,2.4881203969319663,3.3806043677031994,3.4442730247974396,0,60
candidate,20260958,1,3,-18.0,4.0,0,0,1,10,0,0,0,0.014925373134328358,67,2.43590908375249,3.184039331972598,3.4015029668807983,0,134
candidate,20260958,2,3,-8.0,2.5,0,0,0,0,0,0,0,0.03333333333333333,30,2.402646839618683,3.1784474849700923,3.2371580600738525,0,60
candidate,20260958,3,3,-17.0,4.0,0,0,1,9,0,0,0,0.02040816326530612,49,2.411459287514492,3.233708068728447,3.270035609602928,0,98
candidate,20260959,0,1,-25.0,3.0,0,0,0,0,0,0,0,0.0,28,2.5288652229521955,3.324830625206232,3.490384668111801,0,57
candidate,20260959,1,1,40.0,1.0,1,0,0,0,0,0,0,0.07142857142857142,28,2.341235987842083,3.0275144614279266,3.92143614590168,0,56
candidate,20260959,2,1,-25.0,3.0,0,0,0,0,0,0,0,0.07142857142857142,28,2.34600090022598,3.0029943212866783,3.162221983075142,0,57
candidate,20260959,3,1,-25.0,3.0,0,0,0,0,0,0,0,0.07142857142857142,28,2.4314168175416335,3.2145563513040543,3.2642558217048645,0,57
candidate,20260960,0,3,54.0,1.0,1,1,0,0,0,0,0,0.02,50,2.4631502106785774,3.213489707559347,3.561563789844513,0,99
candidate,20260960,1,3,-16.0,4.0,0,0,1,8,0,0,0,0.014925373134328358,67,2.38863178598347,3.0297281220555305,3.183700144290924,0,134
candidate,20260960,2,3,38.0,1.0,1,0,0,0,0,0,0,0.029411764705882353,68,2.37498854232185,3.3351590856909747,3.507956862449646,0,136
candidate,20260960,3,3,-21.0,3.0,0,0,0,0,0,0,0,0.016666666666666666,60,2.3426147177815437,2.957119047641754,3.1329505145549774,0,121
candidate,20260961,0,3,-16.0,3.0,0,0,0,0,0,0,0,0.02631578947368421,38,2.4653520239026925,3.2798204571008682,3.302142024040222,0,77
candidate,20260961,1,3,-25.0,4.0,0,0,1,17,0,0,0,0.06382978723404255,47,2.3833398330718913,2.971799299120903,3.1003691256046295,0,94
candidate,20260961,2,3,-16.0,3.0,0,0,0,0,0,0,0,0.05263157894736842,38,2.4009314120600096,3.260638751089573,3.3260416239500046,0,77
candidate,20260961,3,3,-16.0,3.0,0,0,0,0,0,0,0,0.02631578947368421,38,2.406854035430833,3.2466151751577854,3.2601524144411087,0,77
candidate,20260962,0,1,-26.0,4.0,0,0,1,18,0,0,0,0.03125,32,2.4680953356437385,3.1950537115335464,3.235096111893654,0,64
candidate,20260962,1,1,-35.0,3.0,0,0,0,0,0,0,0,0.014084507042253521,71,2.415889821631808,3.113538958132267,3.1656771898269653,0,143
candidate,20260962,2,1,-8.0,2.5,0,0,0,0,0,0,0,0.041666666666666664,48,2.3452433524653316,3.097109030932188,3.2822154462337494,0,96
candidate,20260962,3,1,45.0,1.0,1,0,0,0,0,0,0,0.041666666666666664,48,2.347937668673694,3.0911117792129517,3.159189596772194,0,96
candidate,20260963,0,3,34.0,1.0,1,0,0,0,0,0,0,0.0,23,2.807812036379524,4.368820786476134,6.010876968502998,0,46
candidate,20260963,1,3,-8.0,2.5,0,0,0,0,0,0,0,0.0,23,2.441171313757482,3.166118636727333,3.173515200614929,0,46
candidate,20260963,2,3,-18.0,4.0,0,0,1,10,0,0,0,0.043478260869565216,23,2.366886676653572,2.9021676629781723,3.0767619609832764,0,46
candidate,20260963,3,3,-8.0,2.5,0,0,0,0,0,0,0,0.043478260869565216,23,2.497138617479283,3.4585341811180115,3.6958567798137665,0,46
candidate,20260964,0,2,-8.0,2.5,0,0,0,0,0,0,0,0.017241379310344827,58,2.485301538274206,3.1355618499219418,3.1901244074106216,0,116
candidate,20260964,1,2,39.0,1.0,1,0,0,0,0,0,0,0.07894736842105263,38,2.372774246491884,3.1479516997933388,3.226920962333679,0,76
candidate,20260964,2,2,-24.0,3.0,0,0,0,0,0,0,0,0.0,54,2.5438311751242035,3.407008852809667,5.5506788194179535,0,109
candidate,20260964,3,2,-24.0,3.0,0,0,0,0,0,0,0,0.0,54,2.7256487282337964,3.9121916517615274,5.598176270723343,0,109
candidate,20260965,0,2,-17.0,3.0,0,0,0,0,0,0,0,0.034482758620689655,29,2.4865349947378554,3.325051814317703,3.431323915719986,0,59
candidate,20260965,1,2,-8.0,2.5,0,0,0,0,0,0,0,0.038461538461538464,52,2.373685988669212,2.922235056757927,3.1405948102474213,0,104
candidate,20260965,2,2,-17.0,3.0,0,0,0,0,0,0,0,0.017543859649122806,57,2.4072001443097464,3.1176161020994186,4.875205457210541,0,115
candidate,20260965,3,2,-17.0,3.0,0,0,0,0,0,0,0,0.0,57,2.504994308477954,3.429513052105903,3.7577692419290543,0,115
candidate,20260966,0,1,41.0,1.0,1,0,0,0,0,0,0,0.022727272727272728,44,2.441466066308997,3.0663863755762577,3.1513869762420654,0,88
candidate,20260966,1,1,-18.0,4.0,0,0,1,10,0,0,0,0.0,40,2.4965064600110054,3.2737454399466515,3.3348463475704193,0,80
candidate,20260966,2,1,-8.0,2.5,0,0,0,0,0,0,0,0.0,57,2.424307265564015,3.229782357811928,3.5921745002269745,0,114
candidate,20260966,3,1,-8.0,2.5,0,0,0,0,0,0,0,0.0,56,2.557516996083515,3.5252878442406654,3.6298632621765137,0,112
candidate,20260967,0,1,-19.0,4.0,0,0,1,11,0,0,0,0.0,33,2.473581751639193,3.175118938088417,3.293827176094055,0,66
candidate,20260967,1,1,36.0,1.0,1,0,0,0,0,0,0,0.0,61,2.4699317444054807,3.258880227804184,3.2790862023830414,0,122
candidate,20260967,2,1,-8.0,2.5,0,0,0,0,0,0,0,0.01639344262295082,61,2.4173419434027594,3.249010071158409,3.4105610102415085,0,122
candidate,20260967,3,1,-8.0,2.5,0,0,0,0,0,0,0,0.0,61,2.51109708772331,3.5753659904003143,5.4329074919223785,0,122
candidate,20260968,0,0,0.0,2.5,0,0,0,0,0,1,0,0.0,83,2.583440842039614,3.630672767758369,4.347369074821472,0,166
candidate,20260968,1,0,-19.0,4.0,0,0,1,11,0,0,0,0.0,34,2.4875847294050106,3.234789054840803,3.324713557958603,0,68
candidate,20260968,2,0,32.0,1.0,1,0,0,0,0,0,0,0.047619047619047616,42,2.4171099510221254,3.382944129407406,3.721071407198906,0,84
candidate,20260968,3,0,-21.0,4.0,0,0,1,13,0,0,0,0.0,63,2.5220698425694117,3.602685034275055,3.712274134159088,0,126
candidate,20260969,0,0,-16.0,4.0,0,0,1,8,0,0,0,0.015873015873015872,63,2.472959192735808,3.1900929287075996,3.9980094879865646,0,126
candidate,20260969,1,0,0.0,2.5,0,0,0,0,0,1,0,0.011904761904761904,84,2.425185227323146,3.2219952903687954,3.255097195506096,0,168
candidate,20260969,2,0,-8.0,2.5,0,0,0,0,0,0,0,0.03409090909090909,88,2.3732765958729116,3.0341960489749904,3.0843932181596756,0,176
candidate,20260969,3,0,-17.0,4.0,0,0,1,9,0,0,0,0.045454545454545456,66,2.3242969517454957,3.005978651344776,3.254752606153488,0,132
candidate,20260970,0,1,-8.0,2.5,0,0,0,0,0,0,0,0.0,46,2.5647677805112754,3.304803743958473,3.497188910841942,0,92
candidate,20260970,1,1,-8.0,2.5,0,0,0,0,0,0,0,0.06521739130434782,46,2.3486893624067307,2.8716707602143288,3.2196491956710815,0,92
candidate,20260970,2,1,-19.0,4.0,0,0,1,11,0,0,0,0.021739130434782608,46,2.4368530949172764,3.041303250938654,5.016783252358437,0,92
candidate,20260970,3,1,-18.0,4.0,0,0,1,10,0,0,0,0.045454545454545456,44,2.380981618030505,3.3147591166198254,3.421153873205185,0,88
candidate,20260971,0,3,168.0,1.0,1,1,0,0,0,0,0,0.1,30,2.3351114243268967,2.7672442607581615,3.063136711716652,0,59
candidate,20260971,1,3,-8.0,2.5,0,0,0,0,0,0,0,0.0,16,2.4148907978087664,3.152990248054266,3.170143812894821,0,32
candidate,20260971,2,3,-55.0,4.0,0,0,1,47,1,0,0,0.07142857142857142,28,2.3823480920067857,2.9504582285881042,4.084384068846703,0,56
candidate,20260971,3,3,-8.0,2.5,0,0,0,0,0,0,0,0.0,16,2.3760669864714146,3.3356333151459694,3.3647604286670685,0,32
candidate,20260972,0,3,-8.0,2.5,0,0,0,0,0,0,0,0.043478260869565216,23,2.4688129677720694,3.183911181986332,3.281012177467346,0,46
candidate,20260972,1,3,37.0,1.0,1,0,0,0,0,0,0,0.04,25,2.437325492501259,3.1651295721530914,3.236999735236168,0,50
candidate,20260972,2,3,-8.0,2.5,0,0,0,0,0,0,0,0.06666666666666667,30,2.4081189185380936,3.2390394248068333,3.309214487671852,0,60
candidate,20260972,3,3,-16.0,4.0,0,0,1,8,0,0,0,0.0,26,2.4765170394228053,3.5822251811623573,3.7022363394498825,0,52
candidate,20260973,0,3,32.0,1.0,1,0,0,0,0,0,0,0.029411764705882353,34,2.425265279324616,3.1127234920859337,3.1455345451831818,0,68
candidate,20260973,1,3,0.0,2.5,0,0,0,0,0,1,0,0.011627906976744186,86,2.428274190183296,3.1478176824748516,3.309464082121849,0,172
candidate,20260973,2,3,-18.0,3.0,0,0,0,0,0,0,0,0.014492753623188406,69,2.402237009095109,3.1444821506738663,3.8534216582775116,0,139
candidate,20260973,3,3,-8.0,2.5,0,0,0,0,0,0,0,0.0,34,2.4513909593224525,3.363768756389618,3.404824063181877,0,68
candidate,20260974,0,1,-8.0,2.5,0,0,0,0,0,0,0,0.0,73,2.614183734132819,3.739073500037193,4.788573831319809,0,146
candidate,20260974,1,1,38.0,1.0,1,0,0,0,0,0,0,0.014705882352941176,68,2.4397857213283287,3.2661142759025097,3.672230988740921,0,136
candidate,20260974,2,1,-8.0,2.5,0,0,0,0,0,0,0,0.014705882352941176,68,2.4719022707465816,3.447972424328327,3.530958667397499,0,136
candidate,20260974,3,1,-22.0,4.0,0,0,1,14,0,0,0,0.029411764705882353,68,2.4347541963352874,3.2888101413846016,3.3590104430913925,0,136
candidate,20260975,0,3,-26.0,3.0,0,0,0,0,0,0,0,0.03571428571428571,28,2.4119572980063304,3.0784671194851394,3.163175657391548,0,57
candidate,20260975,1,3,-26.0,3.0,0,0,0,0,0,0,0,0.0,28,2.458677959761449,3.261204343289137,3.308309242129326,0,57
candidate,20260975,2,3,-22.0,3.0,0,0,0,0,0,0,0,0.11538461538461539,26,2.4860636689341984,3.6005894653499126,4.436872899532318,0,53
candidate,20260975,3,3,78.0,1.0,1,1,0,0,0,0,0,0.034482758620689655,29,2.3271216015363563,2.9684577137231822,3.093212842941284,0,57
candidate,20260976,0,2,-18.0,3.0,0,0,0,0,0,0,0,0.0625,48,2.390536440846821,2.9064426198601723,3.2096952199935913,0,97
candidate,20260976,1,2,33.0,1.0,1,0,0,0,0,0,0,0.05405405405405406,37,2.405480406171567,3.023164719343185,3.2556261867284775,0,74
candidate,20260976,2,2,-18.0,3.0,0,0,0,0,0,0,0,0.0,49,2.5058121097331143,3.550692275166511,3.730056807398796,0,99
candidate,20260976,3,2,-16.0,4.0,0,0,1,8,0,0,0,0.022727272727272728,44,2.41133545271375,3.3675544895231724,3.3890772610902786,0,88
candidate,20260977,0,2,-21.0,3.0,0,0,0,0,0,0,0,0.0,40,2.585884928703308,3.8383242674171925,4.066642373800278,0,81
candidate,20260977,1,2,-21.0,3.0,0,0,0,0,0,0,0,0.04878048780487805,41,2.3908359793628136,3.133367747068405,3.1629204750061035,0,83
candidate,20260977,2,2,-32.0,4.0,0,0,1,24,0,0,0,0.05,40,2.350117266178131,2.8833700343966484,3.1192880123853683,0,80
candidate,20260977,3,2,63.0,1.0,1,1,0,0,0,0,0,0.0,41,2.4143601881294714,3.304067999124527,3.3653676509857178,0,81
candidate,20260978,0,0,-8.0,2.5,0,0,0,0,0,0,0,0.05128205128205128,39,2.4009010730645595,2.9816804453730583,3.238396719098091,0,78
candidate,20260978,1,0,-8.0,2.5,0,0,0,0,0,0,0,0.01282051282051282,78,2.3867484325399766,3.130304254591465,3.355247899889946,0,156
candidate,20260978,2,0,84.0,1.0,1,1,0,0,0,0,0,0.012195121951219513,82,2.515066551362596,3.716238494962454,4.042431712150574,0,163
candidate,20260978,3,0,0.0,2.5,0,0,0,0,0,1,0,0.011764705882352941,85,2.355177547125255,3.0326686799526215,3.2205097377300262,0,170
candidate,20260979,0,3,-19.0,4.0,0,0,1,11,0,0,0,0.06451612903225806,31,2.4269138492884172,2.984476275742054,3.228960558772087,0,62
candidate,20260979,1,3,-8.0,2.5,0,0,0,0,0,0,0,0.06451612903225806,31,2.3808362142693613,3.039723262190819,3.1717345118522644,0,62
candidate,20260979,2,3,-8.0,2.5,0,0,0,0,0,0,0,0.03225806451612903,31,2.3666010388443546,3.198022022843361,3.210747614502907,0,62
candidate,20260979,3,3,35.0,1.0,1,0,0,0,0,0,0,0.0,31,2.523882675074762,3.7234947085380554,3.842843696475029,0,62
candidate,20260980,0,0,-8.0,2.5,0,0,0,0,0,0,0,0.020833333333333332,48,2.457757364027202,3.281112015247345,3.585686907172203,0,96
candidate,20260980,1,0,44.0,1.0,1,0,0,0,0,0,0,0.0,48,2.6802299544215202,4.093475639820099,4.4417604804039,0,96
candidate,20260980,2,0,-8.0,2.5,0,0,0,0,0,0,0,0.0,48,2.4347593231747546,3.2741542905569077,3.4714099019765854,0,96
candidate,20260980,3,0,35.0,1.0,1,0,0,0,0,0,0,0.05405405405405406,37,2.398956969783113,3.227549046278,3.4331195056438446,0,74
candidate,20260981,0,3,-16.0,4.0,0,0,1,8,0,0,0,0.0,45,2.5466365118821463,3.3104978501796722,3.7161950021982193,0,90
candidate,20260981,1,3,33.0,1.0,1,0,0,0,0,0,0,0.06976744186046512,43,2.442179117784944,3.342164307832718,3.428267315030098,0,86
candidate,20260981,2,3,-8.0,2.5,0,0,0,0,0,0,0,0.023255813953488372,43,2.3755015762046328,3.0284790322184563,3.25855053961277,0,86
candidate,20260981,3,3,47.0,1.0,1,0,0,0,0,0,0,0.05405405405405406,37,2.4333913886063807,3.3594589680433273,3.6711525171995163,0,74
candidate,20260982,0,0,-8.0,2.5,0,0,0,0,0,0,0,0.0,30,2.5102932627002397,3.2223157584667206,3.2446756958961487,0,60
candidate,20260982,1,0,35.0,1.0,1,0,0,0,0,0,0,0.0,49,2.4933945767733516,3.5005521029233932,3.592710942029953,0,98
candidate,20260982,2,0,-8.0,2.5,0,0,0,0,0,0,0,0.04081632653061224,49,2.3943091913753625,3.0139081180095673,3.1514186412096024,0,98
candidate,20260982,3,0,-8.0,2.5,0,0,0,0,0,0,0,0.03333333333333333,30,2.412488373617331,3.1695151701569553,3.27192060649395,0,60
candidate,20260983,0,0,-8.0,2.5,0,0,0,0,0,0,0,0.07017543859649122,57,2.403028570769126,2.912462502717972,3.306455910205841,0,114
candidate,20260983,1,0,84.0,1.0,1,1,0,0,0,0,0,0.017857142857142856,56,2.428676633696471,3.185675013810396,3.243444487452507,0,111
candidate,20260983,2,0,-27.0,4.0,0,0,1,19,0,0,0,0.017543859649122806,57,2.482790009755837,3.520591557025909,3.6950185894966125,0,114
candidate,20260983,3,0,-17.0,4.0,0,0,1,9,0,0,0,0.02857142857142857,35,2.371854760817119,3.1932082027196884,3.2535772770643234,0,70
candidate,20260984,0,2,0.0,2.5,0,0,0,0,0,1,0,0.0,84,2.581070044210979,3.525850176811218,4.893163219094276,0,168
candidate,20260984,1,2,-8.0,2.5,0,0,0,0,0,0,0,0.01818181818181818,55,2.4632072922858326,3.3074975013732906,3.4625474363565445,0,110
candidate,20260984,2,2,-8.0,2.5,0,0,0,0,0,0,0,0.016666666666666666,60,2.4321737699210644,3.304550051689148,3.338925540447235,0,120
candidate,20260984,3,2,-19.0,4.0,0,0,1,11,0,0,0,0.017857142857142856,56,2.489531146628516,3.4741186536848545,3.582783043384552,0,112
candidate,20260985,0,2,-8.0,2.5,0,0,0,0,0,0,0,0.0,32,2.551191719248891,3.4017824567854404,3.4870505332946777,0,64
candidate,20260985,1,2,46.0,1.0,1,0,0,0,0,0,0,0.0,35,2.609982660838536,3.7763966247439384,3.8381703197956085,0,70
candidate,20260985,2,2,-30.0,4.0,0,0,1,22,0,0,0,0.0,35,2.4050129843609676,3.160303644835949,3.1945575028657913,0,70
candidate,20260985,3,2,-8.0,2.5,0,0,0,0,0,0,0,0.02857142857142857,35,2.406979671546391,3.3037157729268074,3.828626126050949,0,70
candidate,20260986,0,1,-8.0,2.5,0,0,0,0,0,0,0,0.0,59,2.5085253420017533,3.270370326936244,3.7340782582759857,0,118
candidate,20260986,1,1,-20.0,3.0,0,0,0,0,0,0,0,0.03125,64,2.4253089795820415,3.242750559002161,3.3492445945739746,0,129
candidate,20260986,2,1,-8.0,2.5,0,0,0,0,0,0,0,0.015625,64,2.396346244495362,3.27053377404809,3.627125173807144,0,128
candidate,20260986,3,1,-18.0,4.0,0,0,1,10,0,0,0,0.05,40,2.4157903622835875,3.3414621837437153,3.3997073769569397,0,80
candidate,20260987,0,3,0.0,2.5,0,0,0,0,0,1,1,0.023529411764705882,85,2.4103041957406437,3.126414120197296,3.6934856325387955,0,170
candidate,20260987,1,3,34.0,1.0,1,0,0,0,0,0,0,0.0,68,2.4851097944466507,3.40461740270257,3.5631563514471054,0,136
candidate,20260987,2,3,-8.0,2.5,0,0,0,0,0,0,0,0.0,74,2.434290769333775,3.259932901710272,3.31999734044075,0,148
candidate,20260987,3,3,-18.0,4.0,0,0,1,10,0,0,0,0.0,68,2.5049116024199654,3.4521732479333878,3.4848134964704514,0,136
candidate,20260988,0,2,-19.0,4.0,0,0,1,11,0,0,0,0.043478260869565216,69,2.4153673076543254,3.16498763859272,3.235790878534317,0,138
candidate,20260988,1,2,42.0,1.0,1,0,0,0,0,0,0,0.05405405405405406,37,2.3911034033910648,3.221091628074646,3.30527126789093,0,74
candidate,20260988,2,2,-8.0,2.5,0,0,0,0,0,0,0,0.013513513513513514,74,2.40016940074998,3.2177843153476715,3.3705122768878937,0,148
candidate,20260988,3,2,-8.0,2.5,0,0,0,0,0,0,0,0.0,40,2.437980193644762,3.381844237446785,3.41004878282547,0,80
candidate,20260989,0,3,60.0,1.0,1,1,0,0,0,0,0,0.0,23,2.634806396520656,3.689689561724663,3.896346315741539,0,45
candidate,20260989,1,3,-20.0,3.0,0,0,0,0,0,0,0,0.045454545454545456,22,2.4747970429333774,3.37233180180192,3.4452322870492935,0,45
candidate,20260989,2,3,-20.0,3.0,0,0,0,0,0,0,0,0.0,22,2.4571717632087795,3.4213880077004433,3.4487787634134293,0,45
candidate,20260989,3,3,-20.0,3.0,0,0,0,0,0,0,0,0.045454545454545456,22,2.376449802382426,3.070379700511694,3.117956221103668,0,45
candidate,20260990,0,0,-16.0,4.0,0,0,1,8,0,0,0,0.0,48,2.5787269308542213,3.5021087154746056,3.680068999528885,0,96
candidate,20260990,1,0,0.0,2.5,0,0,0,0,0,1,1,0.012658227848101266,79,2.4146651495483855,3.3623214811086655,3.4231431782245636,0,158
candidate,20260990,2,0,-8.0,2.5,0,0,0,0,0,0,0,0.0,60,2.4238821429510913,3.313972521573305,3.3858325332403183,0,120
candidate,20260990,3,0,-16.0,4.0,0,0,1,8,0,0,0,0.05,60,2.3336161859333515,3.036972228437662,3.1267106533050537,0,120
candidate,20260991,0,3,-8.0,2.5,0,0,0,0,0,0,0,0.0425531914893617,47,2.435387132015634,3.2324066385626793,3.3825021237134933,0,94
candidate,20260991,1,3,-28.0,4.0,0,0,1,20,0,0,0,0.06382978723404255,47,2.3323780599426716,2.777375467121601,3.0215196311473846,0,94
candidate,20260991,2,3,44.0,1.0,1,0,0,0,0,0,0,0.02127659574468085,47,2.41578663600252,3.353863954544067,3.4812893718481064,0,94
candidate,20260991,3,3,-27.0,4.0,0,0,1,19,0,0,0,0.0,25,2.409920021891594,3.2688450068235397,3.3019687980413437,0,50
candidate,20260992,0,0,-22.0,3.0,0,0,0,0,0,0,0,0.0425531914893617,47,2.4612526548035603,3.203164041042328,3.272993490099907,0,95
candidate,20260992,1,0,-8.0,2.5,0,0,0,0,0,0,0,0.02702702702702703,37,2.4022598927085466,3.251275047659874,3.3326633274555206,0,74
candidate,20260992,2,0,66.0,1.0,1,1,0,0,0,0,0,0.04,50,2.350223697721958,3.1758882105350494,3.2770149409770966,0,99
candidate,20260992,3,0,-8.0,2.5,0,0,0,0,0,0,0,0.047619047619047616,42,2.3986671031230973,3.2225279137492175,3.3541396260261536,0,84
candidate,20260993,0,1,-8.0,2.5,0,0,0,0,0,0,0,0.034482758620689655,29,2.575121755743849,3.5992197692394257,3.7826169282197952,0,58
candidate,20260993,1,1,-8.0,2.5,0,0,0,0,0,0,0,0.0,29,2.484263081488938,3.412400931119919,3.454461693763733,0,58
candidate,20260993,2,1,-18.0,4.0,0,0,1,10,0,0,0,0.0,29,2.4247892072488524,3.287713974714279,3.3622346818447113,0,58
candidate,20260993,3,1,-17.0,3.0,0,0,0,0,0,0,0,0.13636363636363635,22,2.3101411590521987,2.8886238113045692,3.2054688781499863,0,45
candidate,20260994,0,1,48.0,1.0,1,1,0,0,0,0,0,0.058823529411764705,17,2.4648971636505688,3.311922773718834,3.499826416373253,0,33
candidate,20260994,1,1,-8.0,2.5,0,0,0,0,0,0,0,0.05555555555555555,36,2.3593220135404005,2.975539304316044,3.1164344400167465,0,72
candidate,20260994,2,1,-17.0,4.0,0,0,1,9,0,0,0,0.06521739130434782,46,2.3209268389188726,2.992635127156973,3.137923777103424,0,92
candidate,20260994,3,1,-8.0,2.5,0,0,0,0,0,0,0,0.07142857142857142,14,2.334825960653169,3.024681191891432,3.0387993901968002,0,28
candidate,20260995,0,2,-17.0,3.0,0,0,0,0,0,0,0,0.025974025974025976,77,2.4447473274035887,3.2355722039937973,3.2609570771455765,0,155
candidate,20260995,1,2,34.0,1.0,1,0,0,0,0,0,0,0.014492753623188406,69,2.4241947879393897,3.2087113708257675,3.409275785088539,0,138
candidate,20260995,2,2,-8.0,2.5,0,0,0,0,0,0,0,0.0,72,2.4230607992245092,3.2894620671868324,3.44923697412014,0,144
candidate,20260995,3,2,-8.0,2.5,0,0,0,0,0,0,0,0.02702702702702703,74,2.3168739485176832,2.9206879436969757,2.983594313263893,0,148
candidate,20260996,0,3,-17.0,3.0,0,0,0,0,0,0,0,0.01818181818181818,55,2.6979714970697057,3.785474970936775,4.116959869861603,0,111
candidate,20260996,1,3,-38.0,4.0,0,0,1,30,0,0,0,0.0,52,2.517513930797577,3.6184048280119896,3.6476757377386093,0,104
candidate,20260996,2,3,-17.0,3.0,0,0,0,0,0,0,0,0.0,57,2.3986617789456717,3.2036136835813522,3.2260678708553314,0,115
candidate,20260996,3,3,-8.0,2.5,0,0,0,0,0,0,0,0.047619047619047616,21,2.3562140940200713,3.134768456220627,3.148021176457405,0,42
candidate,20260997,0,0,-8.0,2.5,0,0,0,0,0,0,0,0.0,41,2.5427331466500354,3.3939070999622345,3.4084543585777283,0,82
candidate,20260997,1,0,36.0,1.0,1,0,0,0,0,0,0,0.0,41,2.386156242431664,3.223385661840439,3.247588872909546,0,82
candidate,20260997,2,0,-8.0,2.5,0,0,0,0,0,0,0,0.024390243902439025,41,2.353687611658399,3.070509061217308,3.1251776963472366,0,82
candidate,20260997,3,0,-20.0,4.0,0,0,1,12,0,0,0,0.024390243902439025,41,2.3580745498581632,2.980569377541542,3.1357109546661377,0,82
candidate,20260998,0,2,-19.0,4.0,0,0,1,11,0,0,0,0.0,69,2.604013227898142,3.59659381210804,3.7735849618911743,0,138
candidate,20260998,1,2,37.0,1.0,1,0,0,0,0,0,0,0.0,71,2.5176665889964975,3.2979119569063187,3.5186000168323517,0,142
candidate,20260998,2,2,32.0,1.0,1,0,0,0,0,0,0,0.015384615384615385,65,2.4107924161049037,3.1483229249715805,3.9073508232831955,0,130
candidate,20260998,3,2,-8.0,2.5,0,0,0,0,0,0,0,0.04225352112676056,71,2.3689066702631156,3.030703403055668,3.2602883875370026,0,142
candidate,20260999,0,3,81.0,1.0,1,1,0,0,0,0,0,0.04,50,2.382194846868515,3.0762700363993636,3.2670963555574417,0,99
candidate,20260999,1,3,-8.0,2.5,0,0,0,0,0,0,0,0.038461538461538464,52,2.40534465186871,3.2457254827022552,3.26753593981266,0,104
candidate,20260999,2,3,-27.0,3.0,0,0,0,0,0,0,0,0.06,50,2.35356405377388,2.9750293120741844,3.192441537976265,0,101
candidate,20260999,3,3,-27.0,3.0,0,0,0,0,0,0,0,0.0,49,2.488454499719094,3.4161359071731567,3.536112606525421,0,99
candidate,20261000,0,0,-17.0,4.0,0,0,1,9,0,0,0,0.018867924528301886,53,2.468819923277171,3.216887265443802,3.2918639481067657,0,106
candidate,20261000,1,0,-8.0,2.5,0,0,0,0,0,0,0,0.0,53,2.49712014535688,3.478862345218658,3.6894604563713074,0,106
candidate,20261000,2,0,32.0,1.0,1,0,0,0,0,0,0,0.023809523809523808,42,2.4504108088357106,3.437298536300659,3.4896880388259888,0,84
candidate,20261000,3,0,-8.0,2.5,0,0,0,0,0,0,0,0.03508771929824561,57,2.487776147430403,3.301067277789116,3.5928338766098022,0,114
candidate,20261001,0,0,-8.0,2.5,0,0,0,0,0,0,0,0.0,31,2.653450915409673,3.662935458123684,3.720032051205635,0,62
candidate,20261001,1,0,-8.0,2.5,0,0,0,0,0,0,0,0.03225806451612903,31,2.4764514378001614,3.3452296629548073,4.266075789928436,0,62
candidate,20261001,2,0,-21.0,3.0,0,0,0,0,0,0,0,0.0,45,2.4140985475646124,3.14176045358181,3.6591868847608566,0,91
candidate,20261001,3,0,33.0,1.0,1,0,0,0,0,0,0,0.06451612903225806,31,2.352975609321748,3.199133090674877,3.2130014151334763,0,62
candidate,20261002,0,3,-8.0,2.5,0,0,0,0,0,0,0,0.0,36,2.577801441980733,3.6127958446741104,3.6460179835557938,0,72
candidate,20261002,1,3,93.0,1.0,1,1,0,0,0,0,0,0.0,57,2.5880066841317895,3.7084724754095073,3.8945768028497696,0,113
candidate,20261002,2,3,-8.0,2.5,0,0,0,0,0,0,0,0.047619047619047616,42,2.3476750190768922,2.9496395029127593,3.177579492330551,0,84
candidate,20261002,3,3,-17.0,4.0,0,0,1,9,0,0,0,0.08333333333333333,36,2.3176369464231863,2.819271292537451,3.1994562596082687,0,72
candidate,20261003,0,1,-18.0,3.0,0,0,0,0,0,0,0,0.0,42,2.590501725318886,3.5851147025823593,3.6416444927453995,0,85
candidate,20261003,1,1,-18.0,3.0,0,0,0,0,0,0,0,0.023809523809523808,42,2.4521020906312123,3.2237992621958256,3.4355800598859787,0,85
candidate,20261003,2,1,54.0,1.0,1,1,0,0,0,0,0,0.05128205128205128,39,2.3819832370067253,3.2334061339497566,3.5968590527772903,0,77
candidate,20261003,3,1,-18.0,3.0,0,0,0,0,0,0,0,0.023809523809523808,42,2.4678480057489303,3.5102758556604376,3.7015192210674286,0,85
candidate,20261004,0,1,-8.0,2.5,0,0,0,0,0,0,0,0.02702702702702703,37,2.476963642481211,3.25152687728405,3.2566990703344345,0,75
candidate,20261004,1,1,33.0,1.0,1,0,0,0,0,0,0,0.037037037037037035,54,2.4037997203844563,3.23487464338541,3.293495625257492,0,107
candidate,20261004,2,1,-8.0,2.5,0,0,0,0,0,0,0,0.0,35,2.3970561900309155,3.20673119276762,3.2467804849147797,0,71
candidate,20261004,3,1,-8.0,2.5,0,0,0,0,0,0,0,0.03773584905660377,53,2.3449700817746937,3.0660428106784816,3.277817741036415,0,107
candidate,20261005,0,3,0.0,2.5,0,0,0,0,0,1,0,0.0,88,2.4649807971648197,3.230700269341469,3.2949745655059814,0,176
candidate,20261005,1,3,0.0,2.5,0,0,0,0,0,1,0,0.0,84,2.554397763950484,3.5819833166897297,3.8413722068071365,0,168
candidate,20261005,2,3,-8.0,2.5,0,0,0,0,0,0,0,0.034482758620689655,87,2.2916504792098342,2.775513008236885,2.961263060569763,0,174
candidate,20261005,3,3,0.0,2.5,0,0,0,0,0,1,1,0.011764705882352941,85,2.3814454017316593,3.175545483827591,3.2635442912578583,0,170
candidate,20261006,0,0,-29.0,3.0,0,0,0,0,0,0,0,0.0,53,2.5891834202240096,3.643026575446129,3.8534607738256454,0,107
candidate,20261006,1,0,54.0,1.0,1,1,0,0,0,0,0,0.047619047619047616,42,2.4018206057094393,3.2060738652944565,3.2804589718580246,0,83
candidate,20261006,2,0,-18.0,3.0,0,0,0,0,0,0,0,0.024390243902439025,41,2.3703405678999134,3.2431837171316147,3.2718125730752945,0,83
candidate,20261006,3,0,-18.0,3.0,0,0,0,0,0,0,0,0.0,41,2.398007753782156,3.209739923477173,3.287486732006073,0,83
candidate,20261007,0,0,32.0,1.0,1,0,0,0,0,0,0,0.0,50,2.476690635085106,3.127296920865774,3.1685233116149902,0,100
candidate,20261007,1,0,99.0,1.0,1,1,0,0,0,0,0,0.0,52,2.4570283265067983,3.224171046167612,3.308679908514023,0,103
candidate,20261007,2,0,-33.0,3.0,0,0,0,0,0,0,0,0.0,51,2.4426980857171263,3.3586490899324417,3.4538358449935913,0,103
candidate,20261007,3,0,-33.0,3.0,0,0,0,0,0,0,0,0.0,51,2.479062689577832,3.559209406375885,3.9093829691410065,0,103
candidate,20261008,0,0,-16.0,4.0,0,0,1,8,0,0,0,0.0,35,2.524325517671449,3.2859433442354202,3.381175920367241,0,70
candidate,20261008,1,0,-8.0,2.5,0,0,0,0,0,0,0,0.0,70,2.5458447635173798,3.6109107546508312,3.635082393884659,0,140
candidate,20261008,2,0,-8.0,2.5,0,0,0,0,0,0,0,0.023255813953488372,43,2.2989270212345345,2.765461802482605,2.826683223247528,0,86
candidate,20261008,3,0,-19.0,4.0,0,0,1,11,0,0,0,0.017241379310344827,58,2.389732748270035,3.0889667570590973,3.235854208469391,0,116
candidate,20261009,0,1,33.0,1.0,1,0,0,0,0,0,0,0.03389830508474576,59,2.431176160856829,3.0752196907997122,3.2631922513246536,0,118
candidate,20261009,1,1,-8.0,2.5,0,0,0,0,0,0,0,0.02,50,2.4582932144403458,3.2999285496771336,3.437403589487076,0,100
candidate,20261009,2,1,-27.0,4.0,0,0,1,19,0,0,0,0.014925373134328358,67,2.386593329372691,3.261221759021282,3.3383481204509735,0,134
candidate,20261009,3,1,-8.0,2.5,0,0,0,0,0,0,0,0.05084745762711865,59,2.3679733276367188,3.1042777001857758,3.1370632350444794,0,118
candidate,20261010,0,2,-8.0,2.5,0,0,0,0,0,0,0,0.0,78,2.535575021726963,3.5268195904791355,3.5945698618888855,0,156
candidate,20261010,1,2,-19.0,4.0,0,0,1,11,0,0,0,0.05128205128205128,78,2.3765272150437036,2.9719287529587737,3.134310245513916,0,156
candidate,20261010,2,2,-23.0,3.0,0,0,0,0,0,0,0,0.011764705882352941,85,2.5229978649055256,3.497682511806488,3.6617089062929153,0,171
candidate,20261010,3,2,10.0,2.0,0,0,0,0,0,0,0,0.012195121951219513,82,2.3669873750427874,3.0985303223133087,3.210661932826042,1,165
candidate,20261011,0,1,-8.0,2.5,0,0,0,0,0,0,0,0.045454545454545456,44,2.450235653668642,3.2595627941191196,3.283947706222534,0,88
candidate,20261011,1,1,-8.0,2.5,0,0,0,0,0,0,0,0.024390243902439025,41,2.4826741527493406,3.4619104117155075,3.4863557666540146,0,82
candidate,20261011,2,1,32.0,1.0,1,0,0,0,0,0,0,0.02631578947368421,38,2.4022364400719343,3.207328822463751,3.2205097377300262,0,76
candidate,20261011,3,1,-8.0,2.5,0,0,0,0,0,0,0,0.0,41,2.462701735700049,3.4001823514699936,3.486478701233864,0,82
candidate,20261012,0,2,-18.0,4.0,0,0,1,10,0,0,0,0.03773584905660377,53,2.5035136924037396,3.3200033009052277,3.3882763236761093,0,106
candidate,20261012,1,2,75.0,1.0,1,1,0,0,0,0,0,0.0,58,2.441014291654373,3.290414437651634,3.329940140247345,0,115
candidate,20261012,2,2,32.0,1.0,1,0,0,0,0,0,0,0.018518518518518517,54,2.3905521741619817,3.2318891026079655,3.325054422020912,0,108
candidate,20261012,3,2,-8.0,2.5,0,0,0,0,0,0,0,0.0,54,2.5658032132519617,3.880413435399532,4.219457507133484,0,108
candidate,20261013,0,1,-28.0,4.0,0,0,1,20,0,0,0,0.0,25,2.5427259504795074,3.4767009317874904,3.566412255167961,0,50
candidate,20261013,1,1,-8.0,2.5,0,0,0,0,0,0,0,0.04,25,2.584252208471298,3.786239027976989,3.873119130730629,0,50
candidate,20261013,2,1,44.0,1.0,1,0,0,0,0,0,0,0.08,25,2.369540184736252,3.076712414622307,3.2878778874874115,0,50
candidate,20261013,3,1,-8.0,2.5,0,0,0,0,0,0,0,0.0,25,2.487950772047043,3.4483253955841064,3.463214263319969,0,50
candidate,20261014,0,1,90.0,1.0,1,1,0,0,0,0,0,0.018867924528301886,53,2.4821271522427506,3.3513247966766357,3.806512802839279,0,105
candidate,20261014,1,1,-30.0,3.0,0,0,0,0,0,0,0,0.019230769230769232,52,2.419465436385228,3.2110365107655525,3.3867675811052322,0,105
candidate,20261014,2,1,-30.0,3.0,0,0,0,0,0,0,0,0.0,52,2.451876035103431,3.3823627047240734,3.4344401210546494,0,105
candidate,20261014,3,1,-30.0,3.0,0,0,0,0,0,0,0,0.038461538461538464,52,2.355367267647615,3.1679004430770874,3.2812878489494324,0,105
candidate,20261015,0,2,-8.0,2.5,0,0,0,0,0,0,0,0.0,32,2.5042526540346444,3.324336279183626,3.340158611536026,0,64
candidate,20261015,1,2,48.0,1.0,1,1,0,0,0,0,0,0.06,50,2.319420538842678,2.8902793303132053,3.166835755109787,0,99
candidate,20261015,2,2,-8.0,2.5,0,0,0,0,0,0,0,0.05555555555555555,36,2.324777293122477,2.925614360719919,3.1686127185821533,0,72
candidate,20261015,3,2,51.0,1.0,1,1,0,0,0,0,0,0.027777777777777776,36,2.4285698826942177,3.4566260874271393,3.568660467863083,0,71
candidate,20261016,0,0,52.0,1.0,1,0,0,0,0,0,0,0.0,53,2.489512786269188,3.2749414443969727,3.325231373310089,0,106
candidate,20261016,1,0,0.0,2.5,0,0,0,0,0,1,1,0.011764705882352941,85,2.5077761972651764,3.4387901425361633,3.924500197172165,0,169
candidate,20261016,2,0,32.0,1.0,1,0,0,0,0,0,0,0.028169014084507043,71,2.338542642307953,2.9251929372549057,3.149231895804405,0,143
candidate,20261016,3,0,0.0,2.5,0,0,0,0,0,1,1,0.03571428571428571,84,2.2778383101381006,2.6947698555886745,3.150288015604019,0,169
candidate,20261017,0,2,-8.0,2.5,0,0,0,0,0,0,0,0.061224489795918366,49,2.3890617018451494,3.016088157892226,3.1927060335874557,0,98
candidate,20261017,1,2,-16.0,4.0,0,0,1,8,0,0,0,0.05,20,2.4551935493946075,3.16887479275465,3.1830910593271255,0,40
candidate,20261017,2,2,-8.0,2.5,0,0,0,0,0,0,0,0.1,20,2.4326237849891186,3.1713973730802536,3.1787585467100143,0,40
candidate,20261017,3,2,32.0,1.0,1,0,0,0,0,0,0,0.0,20,2.3470109328627586,3.3441564068198204,3.3590663224458694,0,40
candidate,20261018,0,3,-8.0,2.5,0,0,0,0,0,0,0,0.0,46,2.5525076476776083,3.4837317653000355,3.5664942115545273,0,93
candidate,20261018,1,3,-18.0,4.0,0,0,1,10,0,0,0,0.02127659574468085,47,2.429233507273045,3.1425068154931064,3.21342796087265,0,93
candidate,20261018,2,3,37.0,1.0,1,0,0,0,0,0,0,0.0,42,2.5786557900054112,3.7927922792732716,4.074361175298691,0,85
candidate,20261018,3,3,-21.0,4.0,0,0,1,13,0,0,0,0.025,40,2.5784411933273077,3.495478630065918,4.062484949827194,0,81
candidate,20261019,0,3,-18.0,3.0,0,0,0,0,0,0,0,0.0136986301369863,73,2.458755437233677,3.1081173568964005,3.3293478190898895,0,147
candidate,20261019,1,3,10.0,2.0,0,0,0,0,0,0,0,0.0,71,2.482286536357772,3.24205681681633,3.3251382410526276,1,143
candidate,20261019,2,3,51.0,1.0,1,1,0,0,0,0,0,0.0,72,2.477136362964908,3.4082166850566864,3.593703731894493,0,143
candidate,20261019,3,3,-8.0,2.5,0,0,0,0,0,0,0,0.0,65,2.450617259511581,3.2569658011198044,3.322567790746689,0,130
candidate,20261020,0,3,32.0,1.0,1,0,0,0,0,0,0,0.01818181818181818,55,2.3987697945399717,2.970300614833832,3.183206543326378,0,110
candidate,20261020,1,3,-8.0,2.5,0,0,0,0,0,0,0,0.03636363636363636,55,2.343639528209513,2.865489013493061,3.110615536570549,0,110
candidate,20261020,2,3,-18.0,4.0,0,0,1,10,0,0,0,0.031746031746031744,63,2.3920157894728677,3.2258421182632446,3.347456455230713,0,126
candidate,20261020,3,3,-8.0,2.5,0,0,0,0,0,0,0,0.0,55,2.4541374295949936,3.3193983137607574,3.5610422492027283,0,110
candidate,20261021,0,0,35.0,1.0,1,0,0,0,0,0,0,0.015625,64,2.4384348071180284,3.1393450684845443,3.2668374478816986,0,128
candidate,20261021,1,0,-20.0,4.0,0,0,1,12,0,0,0,0.046153846153846156,65,2.3450474326427164,2.952718362212181,3.2108258455991745,0,130
candidate,20261021,2,0,34.0,1.0,1,0,0,0,0,0,0,0.03508771929824561,57,2.3373580750143317,3.118040040135383,3.2899975776672363,0,114
candidate,20261021,3,0,-8.0,2.5,0,0,0,0,0,0,0,0.017857142857142856,56,2.3588614338742837,3.1514675356447697,3.231901675462723,0,112
candidate,20261022,0,2,-20.0,3.0,0,0,0,0,0,0,0,0.06451612903225806,31,2.471284940838814,3.183131106197834,3.2855644822120667,0,63
candidate,20261022,1,2,-20.0,3.0,0,0,0,0,0,0,0,0.03225806451612903,31,2.407418323620673,3.1923819333314896,3.3397898077964783,0,63
candidate,20261022,2,2,60.0,1.0,1,1,0,0,0,0,0,0.125,32,2.2782020969316363,2.8286924585700035,2.91389599442482,0,63
candidate,20261022,3,2,-20.0,3.0,0,0,0,0,0,0,0,0.0,31,2.4564911521250203,3.51701769977808,3.641607239842415,0,63
candidate,20261023,0,3,-17.0,4.0,0,0,1,9,0,0,0,0.022222222222222223,45,2.452926668855879,3.194974362850189,3.335939720273018,0,90
candidate,20261023,1,3,34.0,1.0,1,0,0,0,0,0,0,0.04081632653061224,49,2.3393790256612155,2.92394682765007,2.9577892273664474,0,98
candidate,20261023,2,3,-8.0,2.5,0,0,0,0,0,0,0,0.061224489795918366,49,2.3164674639701843,2.974525839090347,3.2823197543621063,0,98
candidate,20261023,3,3,-8.0,2.5,0,0,0,0,0,0,0,0.0,49,2.39241678191691,3.188719227910042,3.310874104499817,0,98
candidate,20261024,0,1,39.0,1.0,1,0,0,0,0,0,0,0.06451612903225806,62,2.4596937301178134,3.3798757009208202,3.556651994585991,0,124
candidate,20261024,1,1,32.0,1.0,1,0,0,0,0,0,0,0.075,40,2.409700211137533,3.265206702053547,3.347571939229965,0,80
candidate,20261024,2,1,-19.0,3.0,0,0,0,0,0,0,0,0.015625,64,2.3723541235085577,3.175488859415054,3.2024867832660675,0,129
candidate,20261024,3,1,-30.0,4.0,0,0,1,22,0,0,0,0.015384615384615385,65,2.471663917486484,3.549768775701523,4.086259752511978,0,130
candidate,20261025,0,1,-8.0,2.5,0,0,0,0,0,0,0,0.03333333333333333,60,2.408934384584427,3.1756886281073093,3.216378390789032,0,120
candidate,20261025,1,1,57.0,1.0,1,1,0,0,0,0,0,0.0,51,2.449592502385962,3.46547644585371,3.5490859299898148,0,101
candidate,20261025,2,1,-8.0,2.5,0,0,0,0,0,0,0,0.04918032786885246,61,2.306488449456262,2.83636711537838,2.955101430416107,0,122
candidate,20261025,3,1,-8.0,2.5,0,0,0,0,0,0,0,0.016666666666666666,60,2.3789124252895513,3.1484763137996197,3.245614469051361,0,120
candidate,20261026,0,2,-20.0,3.0,0,0,0,0,0,0,0,0.0,46,2.5709772725468096,3.5394253209233284,3.6568939685821533,0,93
candidate,20261026,1,2,60.0,1.0,1,1,0,0,0,0,0,0.022222222222222223,45,2.3971998857127295,3.0999846756458282,3.221830353140831,0,89
candidate,20261026,2,2,-8.0,2.5,0,0,0,0,0,0,0,0.0,49,2.4395542485373363,3.5072710365056983,3.8004759699106216,0,98
candidate,20261026,3,2,-8.0,2.5,0,0,0,0,0,0,0,0.045454545454545456,44,2.3636834865266625,3.1957771629095078,3.2584555447101593,0,88
candidate,20261027,0,0,0.0,2.5,0,0,0,0,0,1,1,0.011764705882352941,85,2.445592008092824,3.12003456056118,3.28742153942585,0,170
candidate,20261027,1,0,-27.0,3.0,0,0,0,0,0,0,0,0.03529411764705882,85,2.369662681046654,3.205200284719467,3.3175144344568253,0,171
candidate,20261027,2,0,-22.0,3.0,0,0,0,0,0,0,0,0.011904761904761904,84,2.477625584495919,3.4894324839115143,3.589911386370659,0,169
candidate,20261027,3,0,0.0,2.5,0,0,0,0,0,1,1,0.023529411764705882,85,2.348303926341674,3.032514825463295,3.1889844685792923,0,170
candidate,20261028,0,0,56.0,1.0,1,0,0,0,0,0,0,0.024096385542168676,83,2.3852634995457636,3.1216500326991077,3.255767747759819,0,166
candidate,20261028,1,0,-8.0,2.5,0,0,0,0,0,0,0,0.012048192771084338,83,2.4009307913751488,3.1535381451249123,3.240007907152176,0,166
candidate,20261028,2,0,-8.0,2.5,0,0,0,0,0,0,0,0.04081632653061224,49,2.3746935612693125,3.1098566949367523,3.1880903989076614,0,98
candidate,20261028,3,0,-48.0,4.0,0,0,1,40,1,0,0,0.0,83,2.4899644664971223,3.6179775372147556,3.8710329681634903,0,166
candidate,20261029,0,2,-8.0,2.5,0,0,0,0,0,0,0,0.016129032258064516,62,2.5287104710455863,3.4992147237062454,3.5770125687122345,0,124
candidate,20261029,1,2,-32.0,3.0,0,0,0,0,0,0,0,0.0,50,2.4079686403274536,3.1494894064962864,3.2064206898212433,0,101
candidate,20261029,2,2,33.0,1.0,1,0,0,0,0,0,0,0.015384615384615385,65,2.4158624502328725,3.2373175024986267,3.3539198338985443,0,130
candidate,20261029,3,2,96.0,1.0,1,1,0,0,0,0,0,0.0,52,2.4787354497955394,3.6078663542866707,3.8456283509731293,0,103
candidate,20261030,0,1,34.0,1.0,1,0,0,0,0,0,0,0.058823529411764705,34,2.4321233744130417,3.1961715780198574,3.2363049685955048,0,68
candidate,20261030,1,1,-18.0,4.0,0,0,1,10,0,0,0,0.058823529411764705,34,2.406940685913843,3.2114801928400993,3.283165395259857,0,68
candidate,20261030,2,1,-8.0,2.5,0,0,0,0,0,0,0,0.058823529411764705,34,2.357471953420078,3.240624349564314,3.2665804028511047,0,68
candidate,20261030,3,1,-8.0,2.5,0,0,0,0,0,0,0,0.029411764705882353,34,2.408128067412797,3.3189645968377586,3.5730618983507156,0,68
candidate,20261031,0,2,35.0,1.0,1,0,0,0,0,0,0,0.025,40,2.5103248190134764,3.43882218003273,3.6251824349164963,0,80
candidate,20261031,1,2,-20.0,3.0,0,0,0,0,0,0,0,0.058823529411764705,34,2.362431410480948,3.059212304651737,3.1180139631032944,0,69
candidate,20261031,2,2,54.0,1.0,1,1,0,0,0,0,0,0.0,42,2.4685378496845565,3.6106614395976067,3.7198159843683243,0,83
candidate,20261031,3,2,-8.0,2.5,0,0,0,0,0,0,0,0.06451612903225806,62,2.3188569372700107,2.907579019665718,2.9639285057783127,0,123
candidate,20261032,0,1,-8.0,2.5,0,0,0,0,0,0,0,0.0,30,2.477223426103592,3.3262197859585285,3.3512208610773087,0,60
candidate,20261032,1,1,57.0,1.0,1,1,0,0,0,0,0,0.03125,32,2.351859526243061,2.8776361607015133,3.116469830274582,0,63
candidate,20261032,2,1,-20.0,3.0,0,0,0,0,0,0,0,0.0,31,2.5234882149004165,3.5517485812306404,3.6320630460977554,0,63
candidate,20261032,3,1,-20.0,3.0,0,0,0,0,0,0,0,0.03225806451612903,31,2.3626861793379628,3.126845695078373,3.2146722078323364,0,63
candidate,20261033,0,0,0.0,2.5,0,0,0,0,0,1,1,0.012345679012345678,81,2.48503832169521,3.3606309443712234,3.702666610479355,0,161
candidate,20261033,1,0,-8.0,2.5,0,0,0,0,0,0,0,0.02247191011235955,89,2.4329585682475163,3.4456338733434677,3.56416217982769,0,178
candidate,20261033,2,0,-8.0,2.5,0,0,0,0,0,0,0,0.013157894736842105,76,2.4246697461134508,3.316903952509165,3.4775957465171814,0,153
candidate,20261033,3,0,0.0,2.5,0,0,0,0,0,1,0,0.0,85,2.473271879203179,3.437963128089905,3.58421728014946,0,170
candidate,20261034,0,2,-21.0,4.0,0,0,1,13,0,0,0,0.02702702702702703,37,2.4722308625240585,3.263469785451889,3.3080801367759705,0,74
candidate,20261034,1,2,-8.0,2.5,0,0,0,0,0,0,0,0.08108108108108109,37,2.3721189716377773,3.059731796383857,3.240145742893219,0,74
candidate,20261034,2,2,-8.0,2.5,0,0,0,0,0,0,0,0.02702702702702703,37,2.35835528252898,3.056268766522407,3.1670331954956055,0,74
candidate,20261034,3,2,37.0,1.0,1,0,0,0,0,0,0,0.08108108108108109,37,2.3055649488358885,3.165098652243614,3.326673060655594,0,74
candidate,20261035,0,0,-8.0,2.5,0,0,0,0,0,0,0,0.06976744186046512,43,2.508450212866761,3.4404920414090157,3.48096527159214,0,86
candidate,20261035,1,0,0.0,2.5,0,0,0,0,0,1,0,0.0,83,2.4841347238026468,3.318769671022892,3.479311242699623,0,166
candidate,20261035,2,0,33.0,1.0,1,0,0,0,0,0,0,0.014285714285714285,70,2.393276829804693,3.256597090512514,3.4596603363752365,0,141
candidate,20261035,3,0,0.0,2.5,0,0,0,0,0,1,0,0.023809523809523808,84,2.3649566185971103,3.216647077351808,3.295646980404854,0,169
candidate,20261036,0,1,-27.0,4.0,0,0,1,19,0,0,0,0.044444444444444446,45,2.460683799452252,3.2811112701892853,3.3415481448173523,0,90
candidate,20261036,1,1,-8.0,2.5,0,0,0,0,0,0,0,0.024390243902439025,41,2.4220842595507457,3.237493336200714,3.2619498670101166,0,82
candidate,20261036,2,1,-17.0,4.0,0,0,1,9,0,0,0,0.0,43,2.5079564386328985,3.6348581314086914,3.750726580619812,0,86
candidate,20261036,3,1,-8.0,2.5,0,0,0,0,0,0,0,0.03389830508474576,59,2.3652210957923177,3.153299354016781,3.20439413189888,0,118
candidate,20261037,0,0,-19.0,3.0,0,0,0,0,0,0,0,0.02564102564102564,78,2.4847566412809567,3.3459043130278583,3.5059694200754166,0,157
candidate,20261037,1,0,-18.0,4.0,0,0,1,10,0,0,0,0.0,45,2.4531420320272446,3.269616886973381,3.4526921808719635,0,90
candidate,20261037,2,0,35.0,1.0,1,0,0,0,0,0,0,0.03389830508474576,59,2.3450789562726424,3.1982511281967163,3.2433271408081055,0,118
candidate,20261037,3,0,-8.0,2.5,0,0,0,0,0,0,0,0.03508771929824561,57,2.3045618283121208,2.8537821024656296,3.11155803501606,0,114
candidate,20261038,0,2,32.0,1.0,1,0,0,0,0,0,0,0.047619047619047616,21,2.5115606508084705,3.337053582072258,3.3968016505241394,0,42
candidate,20261038,1,2,-19.0,4.0,0,0,1,11,0,0,0,0.047619047619047616,21,2.388957000914074,3.198152408003807,3.290100023150444,0,42
candidate,20261038,2,2,-8.0,2.5,0,0,0,0,0,0,0,0.047619047619047616,21,2.3572734069256556,3.1090155243873596,3.112267702817917,0,42
candidate,20261038,3,2,-8.0,2.5,0,0,0,0,0,0,0,0.0,21,2.382454506698109,3.151107579469681,3.238281235098839,0,42
candidate,20261039,0,0,-8.0,2.5,0,0,0,0,0,0,0,0.05,40,2.402005484327674,2.9516400769352913,3.265148028731346,0,80
candidate,20261039,1,0,-19.0,4.0,0,0,1,11,0,0,0,0.1,40,2.356535568833351,2.9150089249014854,3.1809061765670776,0,80
candidate,20261039,2,0,-8.0,2.5,0,0,0,0,0,0,0,0.025,40,2.326645143330097,3.0104181729257107,3.0616093426942825,0,80
candidate,20261039,3,0,32.0,1.0,1,0,0,0,0,0,0,0.0196078431372549,51,2.3915777530740288,3.272736445069313,3.3579040318727493,0,102
candidate,20261040,0,2,-8.0,2.5,0,0,0,0,0,0,0,0.0,49,2.5963001713460807,3.6752279847860336,3.8384217768907547,0,98
candidate,20261040,1,2,42.0,1.0,1,0,0,0,0,0,0,0.04878048780487805,41,2.4199390829336354,3.369627520442009,3.5634655505418777,0,82
candidate,20261040,2,2,-31.0,3.0,0,0,0,0,0,0,0,0.09523809523809523,42,2.3299497330472585,3.1410818919539443,3.241775557398796,0,85
candidate,20261040,3,2,-8.0,2.5,0,0,0,0,0,0,0,0.029850746268656716,67,2.3125306383442523,2.9109470546245575,3.1592510640621185,0,134
candidate,20261041,0,2,-20.0,3.0,0,0,0,0,0,0,0,0.02666666666666667,75,2.411076525847117,3.139110282063484,3.4059230238199234,0,151
candidate,20261041,1,2,-16.0,3.0,0,0,0,0,0,0,0,0.0,72,2.4929777977781162,3.475818131119013,3.663616254925728,0,145
candidate,20261041,2,2,-16.0,4.0,0,0,1,8,0,0,0,0.05357142857142857,56,2.3637098659362112,3.0107544735074043,3.02710197865963,0,112
candidate,20261041,3,2,-8.0,2.5,0,0,0,0,0,0,0,0.017857142857142856,56,2.491274881841881,3.400377929210663,3.547247499227524,0,112
candidate,20261042,0,1,48.0,1.0,1,0,0,0,0,0,0,0.0,35,2.461781246321542,3.245960548520088,3.272106871008873,0,70
candidate,20261042,1,1,-8.0,2.5,0,0,0,0,0,0,0,0.027777777777777776,36,2.436020773732,3.3250455744564533,3.5705361515283585,0,72
candidate,20261042,2,1,-32.0,4.0,0,0,1,24,0,0,0,0.02857142857142857,35,2.3707168442862376,3.0655885115265846,3.2462961971759796,0,70
candidate,20261042,3,1,-8.0,2.5,0,0,0,0,0,0,0,0.02857142857142857,35,2.326402866414615,2.9691457748413086,3.1812023371458054,0,70
candidate,20261043,0,2,57.0,1.0,1,1,0,0,0,0,0,0.041666666666666664,48,2.429381633798281,2.99641452729702,3.27301025390625,0,95
candidate,20261043,1,2,33.0,1.0,1,0,0,0,0,0,0,0.0,74,2.6133478795354432,3.9172329939901824,4.179440438747406,0,148
candidate,20261043,2,2,-8.0,2.5,0,0,0,0,0,0,0,0.013888888888888888,72,2.3607474803510637,3.06957820430398,3.2283011823892593,0,144
candidate,20261043,3,2,-8.0,2.5,0,0,0,0,0,0,0,0.027777777777777776,72,2.3460498390098414,3.0304126441478734,3.1821615993976593,0,144
candidate,20261044,0,1,40.0,1.0,1,0,0,0,0,0,0,0.02040816326530612,49,2.4709964209065145,3.172781690955162,3.3772028982639313,0,98
candidate,20261044,1,1,-8.0,2.5,0,0,0,0,0,0,0,0.04081632653061224,49,2.366058262331145,2.980959042906761,3.05752269923687,0,98
candidate,20261044,2,1,0.0,2.5,0,0,0,0,0,1,0,0.0,87,2.4324105303177888,3.3483171835541725,3.4623518586158752,0,174
candidate,20261044,3,1,0.0,2.5,0,0,0,0,0,1,1,0.03333333333333333,90,2.318174433377054,2.859916165471077,3.1943488866090775,0,180
candidate,20261045,0,2,-18.0,4.0,0,0,1,10,0,0,0,0.0,52,2.5695965696985903,3.4835037775337696,3.755887970328331,0,104
candidate,20261045,1,2,39.0,1.0,1,0,0,0,0,0,0,0.05084745762711865,59,2.3570385587922598,2.917102724313735,3.2460950314998627,0,118
candidate,20261045,2,2,10.0,2.0,0,0,0,0,0,0,0,0.041666666666666664,72,2.3174879865513907,2.755703032016754,2.8961244970560074,1,146
candidate,20261045,3,2,-8.0,2.5,0,0,0,0,0,0,0,0.03125,64,2.39237817004323,3.231179807335138,3.3886320888996124,0,129
candidate,20261046,0,0,-22.0,4.0,0,0,1,14,0,0,0,0.03225806451612903,62,2.4577336866528756,3.339312132447958,3.4347176551818848,0,124
candidate,20261046,1,0,-8.0,2.5,0,0,0,0,0,0,0,0.0,47,2.442621487252256,3.3001430332660675,3.349732607603073,0,94
candidate,20261046,2,0,-8.0,2.5,0,0,0,0,0,0,0,0.0,56,2.498090998934848,3.587021492421627,3.6460179835557938,0,112
candidate,20261046,3,0,32.0,1.0,1,0,0,0,0,0,0,0.0196078431372549,51,2.413896880313462,3.2926732674241066,3.4031420946121216,0,102
candidate,20261047,0,0,-8.0,2.5,0,0,0,0,0,0,0,0.0,54,2.557914048709251,3.5469986498355865,3.8858260959386826,0,108
candidate,20261047,1,0,33.0,1.0,1,0,0,0,0,0,0,0.06521739130434782,46,2.335576259571573,2.7756174094974995,3.2296478748321533,0,92
candidate,20261047,2,0,33.0,1.0,1,0,0,0,0,0,0,0.017543859649122806,57,2.435800308982531,3.4772321581840515,3.5578589886426926,0,114
candidate,20261047,3,0,34.0,1.0,1,0,0,0,0,0,0,0.045454545454545456,44,2.325884701514786,2.871134877204895,3.1853634864091873,0,88
candidate,20261048,0,1,-19.0,4.0,0,0,1,11,0,0,0,0.03076923076923077,65,2.426590512578304,2.998901158571243,3.1791701912879944,0,130
candidate,20261048,1,1,-8.0,2.5,0,0,0,0,0,0,0,0.03076923076923077,65,2.3413766748630085,2.9674187302589417,3.1492020934820175,0,130
candidate,20261048,2,1,-19.0,3.0,0,0,0,0,0,0,0,0.016666666666666666,60,2.3695181123912334,3.0266714282333846,3.2635293900966644,0,121
candidate,20261048,3,1,48.0,1.0,1,0,0,0,0,0,0,0.0,37,2.403387799859047,3.2886363565921783,3.313882276415825,0,74
candidate,20261049,0,2,-16.0,4.0,0,0,1,8,0,0,0,0.046511627906976744,43,2.4547001216993776,3.284098766744137,3.350963816046715,0,86
candidate,20261049,1,2,-8.0,2.5,0,0,0,0,0,0,0,0.044444444444444446,45,2.379061571425862,3.0275683850049973,3.186112269759178,0,90
candidate,20261049,2,2,-8.0,2.5,0,0,0,0,0,0,0,0.0,33,2.4117297972693588,3.2287128269672394,3.319069743156433,0,66
candidate,20261049,3,2,32.0,1.0,1,0,0,0,0,0,0,0.05128205128205128,39,2.32155119570402,2.9660694301128387,2.995030954480171,0,78
candidate,20261050,0,1,-8.0,2.5,0,0,0,0,0,0,0,0.0,64,2.5513944565318525,3.4723146818578243,3.5870037972927094,0,128
candidate,20261050,1,1,-8.0,2.5,0,0,0,0,0,0,0,0.0,64,2.444184385240078,3.25905280187726,3.3575333654880524,0,128
candidate,20261050,2,1,33.0,1.0,1,0,0,0,0,0,0,0.03125,64,2.3507828591391444,2.9839877039194107,3.2670125365257263,0,128
candidate,20261050,3,1,32.0,1.0,1,0,0,0,0,0,0,0.013513513513513514,74,2.412336802965886,3.2556439749896526,3.560161218047142,0,148
candidate,20261051,0,3,35.0,1.0,1,0,0,0,0,0,0,0.016129032258064516,62,2.442131029261697,3.125170059502125,3.263624384999275,0,124
candidate,20261051,1,3,-19.0,4.0,0,0,1,11,0,0,0,0.03225806451612903,62,2.3958728678764833,3.2303067855536938,3.2412465661764145,0,124
candidate,20261051,2,3,-17.0,3.0,0,0,0,0,0,0,0,0.0,51,2.4226683319783677,3.2555609941482544,3.31810861825943,0,103
candidate,20261051,3,3,126.0,1.0,1,1,0,0,0,0,0,0.04477611940298507,67,2.379007248291329,3.247589059174061,3.7501491606235504,0,133
candidate,20261052,0,1,63.0,1.0,1,1,0,0,0,0,0,0.05263157894736842,38,2.503369101568272,3.3296585083007812,3.3728647977113724,0,75
candidate,20261052,1,1,-8.0,2.5,0,0,0,0,0,0,0,0.021739130434782608,46,2.494661218446234,3.5124756395816803,3.5379156470298767,0,92
candidate,20261052,2,1,39.0,1.0,1,0,0,0,0,0,0,0.043478260869565216,46,2.3380008161715837,3.014620393514633,3.2584909349679947,0,92
candidate,20261052,3,1,-8.0,2.5,0,0,0,0,0,0,0,0.045454545454545456,44,2.3766095242039724,3.1706581823527813,3.2952725887298584,0,88
candidate,20261053,0,0,-17.0,4.0,0,0,1,9,0,0,0,0.037037037037037035,27,2.4900108023926064,3.2799022272229195,3.335079178214073,0,55
candidate,20261053,1,0,-8.0,2.5,0,0,0,0,0,0,0,0.0,31,2.436245881742047,3.261774778366089,3.425387665629387,0,63
candidate,20261053,2,0,33.0,1.0,1,0,0,0,0,0,0,0.0967741935483871,31,2.3354830881280284,3.1022727489471436,3.1185559928417206,0,63
candidate,20261053,3,0,-8.0,2.5,0,0,0,0,0,0,0,0.03125,32,2.4021942517720163,3.1204964965581894,3.160078078508377,0,63
candidate,20261054,0,3,-19.0,4.0,0,0,1,11,0,0,0,0.05,40,2.4847278371453285,3.3444855362176895,3.378968685865402,0,80
candidate,20261054,1,3,-8.0,2.5,0,0,0,0,0,0,0,0.05,40,2.3525089025497437,2.950574364513159,3.174329176545143,0,80
candidate,20261054,2,3,35.0,1.0,1,0,0,0,0,0,0,0.0,40,2.4569532833993435,3.4836027771234512,3.6733318120241165,0,80
candidate,20261054,3,3,-8.0,2.5,0,0,0,0,0,0,0,0.058823529411764705,34,2.3819047081119873,3.2240094617009163,3.2668113708496094,0,68
candidate,20261055,0,3,33.0,1.0,1,0,0,0,0,0,0,0.028985507246376812,69,2.4250491481760275,3.250264376401901,3.353612497448921,0,138
candidate,20261055,1,3,-21.0,3.0,0,0,0,0,0,0,0,0.0,59,2.5012809151815154,3.522886708378792,3.586266189813614,0,119
candidate,20261055,2,3,-21.0,3.0,0,0,0,0,0,0,0,0.031746031746031744,63,2.3683484880224106,3.084326535463333,3.3089835196733475,0,127
candidate,20261055,3,3,56.0,1.0,1,0,0,0,0,0,0,0.0,86,2.4125700556608134,3.229606430977583,3.475664183497429,0,172
candidate,20261056,0,1,-8.0,2.5,0,0,0,0,0,0,0,0.02,50,2.4651143699884415,3.1468724831938744,3.2249391078948975,0,100
candidate,20261056,1,1,35.0,1.0,1,0,0,0,0,0,0,0.021739130434782608,46,2.384688300283059,3.1814007088541985,3.29715758562088,0,92
candidate,20261056,2,1,-28.0,3.0,0,0,0,0,0,0,0,0.018867924528301886,53,2.3436191720220276,3.0075810849666595,3.047376871109009,0,107
candidate,20261056,3,1,54.0,1.0,1,1,0,0,0,0,0,0.04,50,2.3458127304911613,3.0316135846078396,3.256645053625107,0,99
candidate,20261057,0,3,-16.0,3.0,0,0,0,0,0,0,0,0.03636363636363636,55,2.436994964426214,3.2563481479883194,3.4006591886281967,0,111
candidate,20261057,1,3,-16.0,3.0,0,0,0,0,0,0,0,0.03508771929824561,57,2.393446830019616,2.9818035662174225,3.337401896715164,0,115
candidate,20261057,2,3,48.0,1.0,1,1,0,0,0,0,0,0.034482758620689655,58,2.333978415820105,3.0377155169844627,3.2644085586071014,0,115
candidate,20261057,3,3,37.0,1.0,1,0,0,0,0,0,0,0.03571428571428571,56,2.3132864651935443,2.9133185744285583,3.098307177424431,0,112
candidate,20261058,0,2,34.0,1.0,1,0,0,0,0,0,0,0.02564102564102564,39,2.5171381540787525,3.4005526453256607,3.602348268032074,0,78
candidate,20261058,1,2,-8.0,2.5,0,0,0,0,0,0,0,0.02127659574468085,47,2.4730523929316948,3.381450474262237,3.5331137478351593,0,94
candidate,20261058,2,2,-16.0,4.0,0,0,1,8,0,0,0,0.0,67,2.425940818528631,3.3172784373164177,3.413952887058258,0,134
candidate,20261058,3,2,32.0,1.0,1,0,0,0,0,0,0,0.05,40,2.3848832584917545,3.20598715916276,3.333868458867073,0,80
candidate,20261059,0,1,35.0,1.0,1,0,0,0,0,0,0,0.06060606060606061,33,2.4376592288414636,3.2412447035312653,3.2646246254444122,0,66
candidate,20261059,1,1,40.0,1.0,1,0,0,0,0,0,0,0.0,44,2.5508420287885447,3.830878343433142,3.931637853384018,0,88
candidate,20261059,2,1,-8.0,2.5,0,0,0,0,0,0,0,0.019230769230769232,52,2.3464434421979465,3.0402345582842827,3.1456071883440018,0,104
candidate,20261059,3,1,-23.0,3.0,0,0,0,0,0,0,0,0.11764705882352941,34,2.2990905734546043,2.9369777068495746,3.102099522948265,0,69
candidate,20261060,0,1,-8.0,2.5,0,0,0,0,0,0,0,0.0,48,2.5144353276118636,3.2885723747313023,3.460042178630829,0,96
candidate,20261060,1,1,34.0,1.0,1,0,0,0,0,0,0,0.016666666666666666,60,2.471201059718927,3.3441527746617794,3.5099387168884277,0,120
candidate,20261060,2,1,-18.0,3.0,0,0,0,0,0,0,0,0.0,75,2.424257223804792,3.3266378566622734,3.5334620624780655,0,151
candidate,20261060,3,1,-8.0,2.5,0,0,0,0,0,0,0,0.0,63,2.4281307936660825,3.383745439350605,3.4270137548446655,0,126
candidate,20261061,0,3,42.0,1.0,1,0,0,0,0,0,0,0.017857142857142856,56,2.455660275050572,3.302203956991434,3.392178565263748,0,112
candidate,20261061,1,3,-8.0,2.5,0,0,0,0,0,0,0,0.03125,64,2.3347812239080667,2.850379608571529,3.0936170369386673,0,128
candidate,20261061,2,3,-8.0,2.5,0,0,0,0,0,0,0,0.04081632653061224,49,2.341674336669396,3.1244870275259005,3.3109597861766815,0,98
candidate,20261061,3,3,-8.0,2.5,0,0,0,0,0,0,0,0.0,55,2.495172619819641,3.5938629880547523,3.7433430552482605,0,110
candidate,20261062,0,1,-21.0,3.0,0,0,0,0,0,0,0,0.02631578947368421,76,2.4457381989218687,3.0952407978475094,3.2027848064899445,0,153
candidate,20261062,1,1,-21.0,3.0,0,0,0,0,0,0,0,0.02,50,2.3781947419047356,3.0508404597640038,3.1730923801660538,0,101
candidate,20261062,2,1,-19.0,3.0,0,0,0,0,0,0,0,0.0,46,2.4398046991099482,3.3373567275702953,3.4072529524564743,0,93
candidate,20261062,3,1,-19.0,3.0,0,0,0,0,0,0,0,0.022727272727272728,44,2.398570068180561,3.1928728334605694,3.3422429114580154,0,89
candidate,20261063,0,0,-8.0,2.5,0,0,0,0,0,0,0,0.0,34,2.4602769819252632,3.2674815505743027,3.2943543046712875,0,68
candidate,20261063,1,0,33.0,1.0,1,0,0,0,0,0,0,0.08823529411764706,34,2.3531348937574554,3.156022634357214,3.200126811861992,0,68
candidate,20261063,2,0,-17.0,4.0,0,0,1,9,0,0,0,0.0,34,2.4380092235172497,3.2930416986346245,3.4347400069236755,0,68
candidate,20261063,3,0,-8.0,2.5,0,0,0,0,0,0,0,0.029411764705882353,34,2.3927600396906628,3.2801413908600807,3.285646438598633,0,68
candidate,20261064,0,3,34.0,1.0,1,0,0,0,0,0,0,0.019230769230769232,52,2.472825849858614,3.316973708570003,3.4358054399490356,0,104
candidate,20261064,1,3,-17.0,3.0,0,0,0,0,0,0,0,0.046875,64,2.3458546784240752,2.854528557509184,3.1284410506486893,0,129
candidate,20261064,2,3,-16.0,3.0,0,0,0,0,0,0,0,0.0136986301369863,73,2.3639507030379283,3.0175480991601944,3.1454358249902725,0,147
candidate,20261064,3,3,-18.0,3.0,0,0,0,0,0,0,0,0.0,51,2.4395313698287104,3.4773722290992737,3.653664141893387,0,103
candidate,20261065,0,1,-8.0,2.5,0,0,0,0,0,0,0,0.0,47,2.5396683114640255,3.393908217549324,3.417152911424637,0,94
candidate,20261065,1,1,32.0,1.0,1,0,0,0,0,0,0,0.02127659574468085,47,2.416585829663784,3.1538017094135284,3.492521122097969,0,94
candidate,20261065,2,1,-16.0,4.0,0,0,1,8,0,0,0,0.0,18,2.417626273300913,3.2874520868062973,3.3126510679721832,0,36
candidate,20261065,3,1,-8.0,2.5,0,0,0,0,0,0,0,0.0425531914893617,47,2.3625181551943433,3.0411068350076675,3.212274983525276,0,94
candidate,20261066,0,1,-28.0,4.0,0,0,1,20,0,0,0,0.06060606060606061,33,2.4282051758332686,2.969580888748169,3.2474901527166367,0,66
candidate,20261066,1,1,44.0,1.0,1,0,0,0,0,0,0,0.030303030303030304,33,2.4937294197805002,3.4469015896320343,3.500232473015785,0,66
candidate,20261066,2,1,-8.0,2.5,0,0,0,0,0,0,0,0.06060606060606061,33,2.3559743369167503,3.1982962042093277,3.2581035047769547,0,66
candidate,20261066,3,1,-8.0,2.5,0,0,0,0,0,0,0,0.030303030303030304,33,2.3653997164784055,3.28349806368351,3.341119736433029,0,66
candidate,20261067,0,2,-8.0,2.5,0,0,0,0,0,0,0,0.05454545454545454,55,2.3533932864665985,2.820280008018017,3.017352893948555,0,110
candidate,20261067,1,2,-27.0,4.0,0,0,1,19,0,0,0,0.05263157894736842,57,2.4034968462952397,3.241967037320137,3.2928790897130966,0,114
candidate,20261067,2,2,-8.0,2.5,0,0,0,0,0,0,0,0.03636363636363636,55,2.3708009245720776,3.100152872502804,3.1646136194467545,0,110
candidate,20261067,3,2,33.0,1.0,1,0,0,0,0,0,0,0.01818181818181818,55,2.388637749986215,3.305560350418091,3.5168956965208054,0,110
candidate,20261068,0,2,-22.0,4.0,0,0,1,14,0,0,0,0.037037037037037035,27,2.46684273911847,3.254471905529499,3.274446353316307,0,54
candidate,20261068,1,2,-8.0,2.5,0,0,0,0,0,0,0,0.08695652173913043,23,2.315529014753259,2.831333316862583,3.1664296984672546,0,46
candidate,20261068,2,2,33.0,1.0,1,0,0,0,0,0,0,0.045454545454545456,44,2.3048884997313674,2.829091064631939,2.949213609099388,0,88
candidate,20261068,3,2,-8.0,2.5,0,0,0,0,0,0,0,0.0,23,2.4439349932515104,3.278137557208538,3.3582206815481186,0,46
candidate,20261069,0,1,-19.0,4.0,0,0,1,11,0,0,0,0.028169014084507043,71,2.3645873273342426,2.8296364471316338,3.1494759023189545,0,142
candidate,20261069,1,1,-8.0,2.5,0,0,0,0,0,0,0,0.014084507042253521,71,2.5007266183974037,3.530748188495636,3.582032397389412,0,142
candidate,20261069,2,1,-8.0,2.5,0,0,0,0,0,0,0,0.03225806451612903,62,2.3757202791110164,3.2351696863770485,3.3196192234754562,0,124
candidate,20261069,3,1,-19.0,3.0,0,0,0,0,0,0,0,0.04,50,2.3470717296004295,3.097948804497719,3.122391179203987,0,101
candidate,20261070,0,3,-89.0,3.0,0,0,0,0,0,0,0,0.0,69,2.469850056197332,3.2854437828063965,3.449689596891403,0,139
candidate,20261070,1,3,-26.0,3.0,0,0,0,0,0,0,0,0.029411764705882353,68,2.4243797285153583,3.138053696602583,3.1912121921777725,0,137
candidate,20261070,2,3,36.0,1.0,1,0,0,0,0,0,0,0.023529411764705882,85,2.3965826367630676,3.042849153280258,3.3435672521591187,0,170
candidate,20261070,3,3,99.0,1.0,1,1,0,0,0,0,0,0.0,48,2.4052670147890844,3.1984790228307247,3.3027008175849915,0,95
candidate,20261071,0,3,-8.0,2.5,0,0,0,0,0,0,0,0.023255813953488372,43,2.537318873544072,3.602096438407898,3.8360171020030975,0,86
candidate,20261071,1,3,-16.0,3.0,0,0,0,0,0,0,0,0.06153846153846154,65,2.3389707677639446,2.8666555881500244,3.2354407012462616,0,131
candidate,20261071,2,3,41.0,1.0,1,0,0,0,0,0,0,0.018867924528301886,53,2.392845685189625,3.173023834824562,3.2081827521324158,0,106
candidate,20261071,3,3,-16.0,3.0,0,0,0,0,0,0,0,0.047619047619047616,42,2.3463821215998557,2.9453099705278873,3.1612273305654526,0,85
candidate,20261072,0,0,10.0,2.0,0,0,0,0,0,0,0,0.017241379310344827,58,2.451297634377562,3.2629461027681828,3.2984092831611633,1,117
candidate,20261072,1,0,-8.0,2.5,0,0,0,0,0,0,0,0.022222222222222223,45,2.4035115208890705,3.057374432682991,3.405896946787834,0,90
candidate,20261072,2,0,53.0,1.0,1,0,0,0,0,0,0,0.017543859649122806,57,2.3860641869536616,3.11591774225235,3.3333320170640945,0,114
candidate,20261072,3,0,33.0,1.0,1,0,0,0,0,0,0,0.03278688524590164,61,2.3249941649007018,3.096919506788254,3.1837765127420425,0,122
candidate,20261073,0,1,-21.0,3.0,0,0,0,0,0,0,0,0.0,18,2.4865199294355183,3.1971076503396034,3.214513882994652,0,37
candidate,20261073,1,1,-21.0,3.0,0,0,0,0,0,0,0,0.0,18,2.44712612281243,3.194502741098404,3.2505877315998077,0,37
candidate,20261073,2,1,63.0,1.0,1,1,0,0,0,0,0,0.0,19,2.4311954253598262,3.4732539206743236,3.6119241267442703,0,37
candidate,20261073,3,1,-21.0,3.0,0,0,0,0,0,0,0,0.0,18,2.3841364309191704,3.2099799253046513,3.2412000000476837,0,37
candidate,20261074,0,1,-8.0,2.5,0,0,0,0,0,0,0,0.0,56,2.6252017955162694,3.628319129347801,3.9101727306842804,0,112
candidate,20261074,1,1,-16.0,4.0,0,0,1,8,0,0,0,0.017857142857142856,56,2.439519523509911,3.173952456563711,3.2076966017484665,0,112
candidate,20261074,2,1,-8.0,2.5,0,0,0,0,0,0,0,0.03571428571428571,56,2.3502237496099303,3.0579958111047745,3.2779332250356674,0,112
candidate,20261074,3,1,32.0,1.0,1,0,0,0,0,0,0,0.018518518518518517,54,2.446142680667065,3.595159668475389,3.875572234392166,0,108
candidate,20261075,0,0,-8.0,2.5,0,0,0,0,0,0,0,0.023809523809523808,42,2.4330742834579375,3.200381249189377,3.2660607248544693,0,84
candidate,20261075,1,0,32.0,1.0,1,0,0,0,0,0,0,0.047619047619047616,42,2.3814390989996137,3.1610160134732723,3.18339467048645,0,84
candidate,20261075,2,0,-8.0,2.5,0,0,0,0,0,0,0,0.0,42,2.4557608135399365,3.4234490245580673,3.46936471760273,0,84
candidate,20261075,3,0,-8.0,2.5,0,0,0,0,0,0,0,0.0,41,2.4024780567099406,3.309357911348343,3.3383220434188843,0,82
candidate,20261076,0,3,-20.0,3.0,0,0,0,0,0,0,0,0.01694915254237288,59,2.461295448622461,3.22181936353445,3.3088382333517075,0,119
candidate,20261076,1,3,-8.0,2.5,0,0,0,0,0,0,0,0.0,44,2.50660903243856,3.597286157310009,3.6655496805906296,0,88
candidate,20261076,2,3,-8.0,2.5,0,0,0,0,0,0,0,0.022727272727272728,44,2.3637666282328693,3.0318127013742924,3.051402047276497,0,88
candidate,20261076,3,3,-20.0,3.0,0,0,0,0,0,0,0,0.0,40,2.476486563682556,3.3937975764274597,3.5863835364580154,0,81
candidate,20261077,0,0,-8.0,2.5,0,0,0,0,0,0,0,0.0,84,2.4784040592965626,3.1947441399097443,3.257235512137413,0,168
candidate,20261077,1,0,-8.0,2.5,0,0,0,0,0,0,0,0.05172413793103448,58,2.2825961611394225,2.701286878436804,3.0135922133922577,0,116
candidate,20261077,2,0,-8.0,2.5,0,0,0,0,0,0,0,0.017857142857142856,56,2.3712721719805683,3.0191708356142044,3.046588972210884,0,112
candidate,20261077,3,0,-17.0,4.0,0,0,1,9,0,0,0,0.0,40,2.5001066736876965,3.4854214638471603,3.7353169173002243,0,81
candidate,20261078,0,3,-8.0,2.5,0,0,0,0,0,0,0,0.021739130434782608,46,2.3821359500288963,2.9142252169549465,3.1513292342424393,0,92
candidate,20261078,1,3,-30.0,4.0,0,0,1,22,0,0,0,0.06521739130434782,46,2.3607211997327595,3.0345371924340725,3.139311447739601,0,92
candidate,20261078,2,3,46.0,1.0,1,0,0,0,0,0,0,0.043478260869565216,46,2.3734273146028104,3.08944471180439,3.236031159758568,0,92
candidate,20261078,3,3,-8.0,2.5,0,0,0,0,0,0,0,0.06521739130434782,46,2.3249326192814372,3.0240467749536037,3.3111516386270523,0,92
candidate,20261079,0,2,-22.0,3.0,0,0,0,0,0,0,0,0.03125,32,2.424618403892964,3.0466265976428986,3.234080970287323,0,65
candidate,20261079,1,2,66.0,1.0,1,1,0,0,0,0,0,0.0,33,2.458274195140058,3.4295018762350082,3.4536756575107574,0,65
candidate,20261079,2,2,-22.0,3.0,0,0,0,0,0,0,0,0.03125,32,2.4324958212673664,3.271384723484516,3.8644764572381973,0,65
candidate,20261079,3,2,-22.0,3.0,0,0,0,0,0,0,0,0.03125,32,2.352707495447248,3.208369016647339,3.253750503063202,0,65
candidate,20261080,0,2,44.0,1.0,1,0,0,0,0,0,0,0.03125,32,2.51537753501907,3.357507102191448,3.4101661294698715,0,64
candidate,20261080,1,2,-16.0,4.0,0,0,1,8,0,0,0,0.05263157894736842,57,2.3582803837040016,2.963397651910782,3.1488966196775436,0,114
candidate,20261080,2,2,0.0,2.5,0,0,0,0,0,1,1,0.03529411764705882,85,2.3327845422660602,2.9473934322595596,2.9797814786434174,0,170
candidate,20261080,3,2,-18.0,4.0,0,0,1,10,0,0,0,0.0,62,2.425532457568953,3.2963013276457787,3.387484699487686,0,124
candidate,20261081,0,2,-8.0,2.5,0,0,0,0,0,0,0,0.0,47,2.4741982367444546,3.295730240643024,3.3433381468057632,0,95
candidate,20261081,1,2,-21.0,3.0,0,0,0,0,0,0,0,0.02857142857142857,70,2.367016486823559,2.9650552198290825,3.2099615782499313,0,140
candidate,20261081,2,2,-8.0,2.5,0,0,0,0,0,0,0,0.022222222222222223,45,2.34941438668304,3.129123151302337,3.2197050750255585,0,91
candidate,20261081,3,2,60.0,1.0,1,1,0,0,0,0,0,0.0,52,2.526998878098451,3.792785666882991,3.9675794541835785,0,104
candidate,20261082,0,0,-28.0,3.0,0,0,0,0,0,0,0,0.024390243902439025,41,2.4851815457024227,3.272680565714836,3.2878853380680084,0,83
candidate,20261082,1,0,45.0,1.0,1,0,0,0,0,0,0,0.0,49,2.5686980510244566,3.889242559671402,4.051605239510536,0,98
candidate,20261082,2,0,-28.0,3.0,0,0,0,0,0,0,0,0.0,41,2.466138270570011,3.2796598970890045,3.477061167359352,0,83
candidate,20261082,3,0,-8.0,2.5,0,0,0,0,0,0,0,0.02040816326530612,49,2.386026692633726,3.198616206645965,3.2612141221761703,0,98
candidate,20261083,0,3,-33.0,3.0,0,0,0,0,0,0,0,0.0,58,2.5616599375317834,3.5218054428696632,3.817405551671982,0,117
candidate,20261083,1,3,-33.0,3.0,0,0,0,0,0,0,0,0.0,58,2.583047921030686,3.8400190882384777,3.8736406713724136,0,117
candidate,20261083,2,3,99.0,1.0,1,1,0,0,0,0,0,0.0,59,2.3997664388458606,3.2479917630553246,3.382960334420204,0,117
candidate,20261083,3,3,-33.0,3.0,0,0,0,0,0,0,0,0.017241379310344827,58,2.356079374921733,3.042466379702091,3.1477082520723343,0,117
candidate,20261084,0,2,-30.0,4.0,0,0,0,0,0,0,0,0.04838709677419355,62,2.424024736448642,3.1961957924067974,3.286488354206085,1,123
candidate,20261084,1,2,39.0,1.0,1,0,0,0,0,0,0,0.08333333333333333,60,2.3247447485725083,3.1180303543806076,3.1867362558841705,0,120
candidate,20261084,2,2,32.0,1.0,1,0,0,0,0,0,0,0.0,48,2.4705682105074325,3.5729290917515755,3.9877090603113174,0,96
candidate,20261084,3,2,54.0,1.0,1,1,0,0,0,0,0,0.0,42,2.490935536722342,3.382081910967827,3.9472226053476334,0,83
candidate,20261085,0,2,60.0,1.0,1,1,0,0,0,0,0,0.0,44,2.5093610483137043,3.4172202460467815,3.5176631063222885,0,87
candidate,20261085,1,2,-20.0,3.0,0,0,0,0,0,0,0,0.0,43,2.4028562962315805,3.2149210572242737,3.2549258321523666,0,87
candidate,20261085,2,2,-20.0,3.0,0,0,0,0,0,0,0,0.06976744186046512,43,2.3366325036730875,3.076498582959175,3.0967984348535538,0,87
candidate,20261085,3,2,-20.0,3.0,0,0,0,0,0,0,0,0.0,44,2.451793121343309,3.3111550845205784,3.356626257300377,0,89
candidate,20261086,0,0,43.0,1.0,1,0,0,0,0,0,0,0.02564102564102564,39,2.3574261233592644,2.7319828048348427,3.1215883791446686,0,78
candidate,20261086,1,0,-8.0,2.5,0,0,0,0,0,0,0,0.023255813953488372,43,2.4546154796384103,3.395274095237255,3.4720730036497116,0,86
candidate,20261086,2,0,-27.0,4.0,0,0,1,19,0,0,0,0.02564102564102564,39,2.3722356806198754,3.0423466116189957,3.232039511203766,0,78
candidate,20261086,3,0,-8.0,2.5,0,0,0,0,0,0,0,0.02564102564102564,39,2.34125225016704,2.976912818849087,3.169802948832512,0,78
candidate,20261087,0,3,-8.0,2.5,0,0,0,0,0,0,0,0.07142857142857142,42,2.3848280044538632,2.9285702854394913,3.352217376232147,0,84
candidate,20261087,1,3,-26.0,3.0,0,0,0,0,0,0,0,0.0,54,2.5257925261501915,3.606635797768831,3.9434395730495453,0,109
candidate,20261087,2,3,78.0,1.0,1,1,0,0,0,0,0,0.0,55,2.4283874102614145,3.400983288884163,3.461027517914772,0,109
candidate,20261087,3,3,-26.0,3.0,0,0,0,0,0,0,0,0.0,54,2.4060256848180734,3.2556957565248013,3.3777933567762375,0,109
candidate,20261088,0,1,-19.0,4.0,0,0,1,11,0,0,0,0.05555555555555555,36,2.424068800691101,3.0095973052084446,3.2500717788934708,0,72
candidate,20261088,1,1,-8.0,2.5,0,0,0,0,0,0,0,0.0,34,2.504562630372889,3.389505762606859,3.5724807530641556,0,68
candidate,20261088,2,1,-31.0,3.0,0,0,0,0,0,0,0,0.0,47,2.4792863888309356,3.48260086029768,3.4994762390851974,0,95
candidate,20261088,3,1,93.0,1.0,1,1,0,0,0,0,0,0.0,51,2.46010665946147,3.606426529586315,3.9953645318746567,0,101
candidate,20261089,0,1,-17.0,4.0,0,0,1,9,0,0,0,0.02,50,2.5299113988876343,3.293321374803781,3.588944673538208,0,100
candidate,20261089,1,1,-8.0,2.5,0,0,0,0,0,0,0,0.03773584905660377,53,2.4154295898833364,3.0597109347581863,3.3102016896009445,0,106
candidate,20261089,2,1,33.0,1.0,1,0,0,0,0,0,0,0.057692307692307696,52,2.346784592821048,3.1850069761276245,3.2098274677991867,0,104
candidate,20261089,3,1,-8.0,2.5,0,0,0,0,0,0,0,0.0,51,2.4188010058566634,3.2735448330640793,3.3455826342105865,0,102
candidate,20261090,0,3,51.0,1.0,1,1,0,0,0,0,0,0.047619047619047616,21,2.4631830553213754,3.3017490059137344,3.3077187836170197,0,41
candidate,20261090,1,3,-17.0,3.0,0,0,0,0,0,0,0,0.0,20,2.454004716128111,3.2803268171846867,3.318939357995987,0,41
candidate,20261090,2,3,-17.0,3.0,0,0,0,0,0,0,0,0.0,20,2.5050900876522064,3.6194161511957645,3.912243992090225,0,41
candidate,20261090,3,3,-17.0,3.0,0,0,0,0,0,0,0,0.0,20,2.425406500697136,3.2538985833525658,3.28686460852623,0,41
candidate,20261091,0,1,-26.0,3.0,0,0,0,0,0,0,0,0.03278688524590164,61,2.3694486952707416,3.130204975605011,3.1590238213539124,0,123
candidate,20261091,1,1,-26.0,3.0,0,0,0,0,0,0,0,0.06557377049180328,61,2.3727459436068767,3.072155639529228,3.1247809529304504,0,123
candidate,20261091,2,1,75.0,1.0,1,1,0,0,0,0,0,0.0273972602739726,73,2.3446849815241277,3.1578809022903442,3.2750964164733887,0,145
candidate,20261091,3,1,38.0,1.0,1,0,0,0,0,0,0,0.0784313725490196,51,2.315013797259798,3.1227562576532364,3.3078081905841827,0,102
candidate,20261092,0,3,34.0,1.0,1,0,0,0,0,0,0,0.024390243902439025,41,2.4977015649400105,3.296380862593651,3.388071432709694,0,82
candidate,20261092,1,3,-8.0,2.5,0,0,0,0,0,0,0,0.0,45,2.475697836942143,3.514764830470085,3.6397259682416916,0,90
candidate,20261092,2,3,-17.0,4.0,0,0,1,9,0,0,0,0.044444444444444446,45,2.347063355975681,3.2177478075027466,3.2975412905216217,0,90
candidate,20261092,3,3,-8.0,2.5,0,0,0,0,0,0,0,0.06666666666666667,45,2.3019278628958597,2.8891418129205704,3.099502995610237,0,90
candidate,20261093,0,1,-16.0,4.0,0,0,1,8,0,0,0,0.037037037037037035,27,2.386366189629943,2.7787141501903534,3.2262466847896576,0,54
candidate,20261093,1,1,-16.0,3.0,0,0,0,0,0,0,0,0.0,26,2.4760568227905493,3.3218436874449253,3.3847950398921967,0,53
candidate,20261093,2,1,-16.0,3.0,0,0,0,0,0,0,0,0.038461538461538464,26,2.464596611949114,3.374852705746889,3.376634791493416,0,53
candidate,20261093,3,1,48.0,1.0,1,1,0,0,0,0,0,0.037037037037037035,27,2.338001642514158,3.252219595015049,3.3082179725170135,0,53
candidate,20261094,0,1,-8.0,2.5,0,0,0,0,0,0,0,0.025,40,2.4588654283434153,3.241047170013189,3.374984487891197,0,80
candidate,20261094,1,1,48.0,1.0,1,1,0,0,0,0,0,0.02,50,2.4294759705662727,3.2356443814933296,3.453759476542473,0,99
candidate,20261094,2,1,-8.0,2.5,0,0,0,0,0,0,0,0.0,40,2.424773946404457,3.2296315766870975,3.258548676967621,0,80
candidate,20261094,3,1,-16.0,3.0,0,0,0,0,0,0,0,0.0,49,2.400643933488398,3.233122080564499,3.2905694097280502,0,99
candidate,20261095,0,0,54.0,1.0,1,1,0,0,0,0,0,0.017543859649122806,57,2.440662989229487,3.1487196683883667,3.2056774944067,0,113
candidate,20261095,1,0,57.0,1.0,1,1,0,0,0,0,0,0.06451612903225806,62,2.3141365137792405,2.944220695644617,2.9766838997602463,0,123
candidate,20261095,2,0,-19.0,3.0,0,0,0,0,0,0,0,0.03278688524590164,61,2.3724510960403036,3.172788769006729,3.2223984599113464,0,123
candidate,20261095,3,0,-19.0,3.0,0,0,0,0,0,0,0,0.0,61,2.5559622855460056,3.686128184199333,3.8623083382844925,0,123
candidate,20261096,0,0,-8.0,2.5,0,0,0,0,0,0,0,0.041666666666666664,48,2.4434212440003953,3.2421674579381943,3.3974405378103256,0,96
candidate,20261096,1,0,38.0,1.0,1,0,0,0,0,0,0,0.0625,48,2.30411816543589,2.885804697871208,2.9954370111227036,0,96
candidate,20261096,2,0,-8.0,2.5,0,0,0,0,0,0,0,0.013513513513513514,74,2.372611565767108,3.143690805882215,3.312366083264351,0,148
candidate,20261096,3,0,-22.0,4.0,0,0,1,14,0,0,0,0.020833333333333332,48,2.3977693635970354,3.2656346447765827,3.2983608543872833,0,96
candidate,20261097,0,1,-17.0,4.0,0,0,1,9,0,0,0,0.07142857142857142,28,2.393072670591729,3.177733812481165,3.2191891223192215,0,56
candidate,20261097,1,1,-8.0,2.5,0,0,0,0,0,0,0,0.07407407407407407,27,2.353184270086112,3.0614061281085014,3.139803186058998,0,54
candidate,20261097,2,1,38.0,1.0,1,0,0,0,0,0,0,0.041666666666666664,24,2.4180836820354066,3.252368979156017,3.3212490379810333,0,48
candidate,20261097,3,1,-17.0,4.0,0,0,1,9,0,0,0,0.037037037037037035,27,2.3590886482486018,3.071158193051815,3.145955502986908,0,54
candidate,20261098,0,3,-8.0,2.5,0,0,0,0,0,0,0,0.024390243902439025,82,2.4284384008951303,3.239932097494602,3.32026369869709,0,164
candidate,20261098,1,3,0.0,2.5,0,0,0,0,0,1,0,0.023255813953488372,86,2.3728379936412325,3.043889068067074,3.290325403213501,0,172
candidate,20261098,2,3,102.0,1.0,1,1,0,0,0,0,0,0.0,55,2.415576848116788,3.3213363960385323,3.418935462832451,0,109
candidate,20261098,3,3,-8.0,2.5,0,0,0,0,0,0,0,0.02531645569620253,79,2.3142175300966334,2.859398908913135,3.1799785792827606,0,158
candidate,20261099,0,2,-26.0,3.0,0,0,0,0,0,0,0,0.0,55,2.5510294532234017,3.503112494945526,3.8050785660743713,0,111
candidate,20261099,1,2,78.0,1.0,1,1,0,0,0,0,0,0.017857142857142856,56,2.461059018969536,3.498626407235861,3.5563185811042786,0,111
candidate,20261099,2,2,-8.0,2.5,0,0,0,0,0,0,0,0.015151515151515152,66,2.371875738555735,3.109532408416271,3.1727440655231476,0,132
candidate,20261099,3,2,34.0,1.0,1,0,0,0,0,0,0,0.058823529411764705,51,2.325150202594551,3.00496444106102,3.1581632792949677,0,102
candidate,20261100,0,1,10.0,2.0,0,0,0,0,0,0,0,0.022727272727272728,44,2.5391982952979477,3.4409395419061184,3.512328490614891,1,89
candidate,20261100,1,1,-28.0,4.0,0,0,1,20,0,0,0,0.05555555555555555,36,2.608246118244198,3.7537445314228535,4.045084118843079,0,72
candidate,20261100,2,1,-8.0,2.5,0,0,0,0,0,0,0,0.05555555555555555,36,2.348698986073335,2.9543526470661163,3.135964274406433,0,72
candidate,20261100,3,1,-8.0,2.5,0,0,0,0,0,0,0,0.027777777777777776,36,2.365187586595615,3.0128834769129753,3.0294470489025116,0,72
candidate,20261101,0,2,-8.0,2.5,0,0,0,0,0,0,0,0.021739130434782608,46,2.474457632912242,3.3561470918357372,3.4958366304636,0,92
candidate,20261101,1,2,-8.0,2.5,0,0,0,0,0,0,0,0.021739130434782608,46,2.4553190349884657,3.27106099575758,3.294687718153,0,92
candidate,20261101,2,2,34.0,1.0,1,0,0,0,0,0,0,0.043478260869565216,46,2.367493453557077,3.195688594132662,3.317069262266159,0,92
candidate,20261101,3,2,-18.0,4.0,0,0,1,10,0,0,0,0.0,46,2.4945862267328347,3.6447779275476933,3.6550648510456085,0,92
candidate,20261102,0,2,-8.0,2.5,0,0,0,0,0,0,0,0.02857142857142857,70,2.552395553461143,3.633695002645254,4.330161958932877,0,140
candidate,20261102,1,2,38.0,1.0,1,0,0,0,0,0,0,0.039473684210526314,76,2.328088654107169,2.8538089245557785,3.125108778476715,0,152
candidate,20261102,2,2,-8.0,2.5,0,0,0,0,0,0,0,0.028985507246376812,69,2.3740581304266835,3.1125985085964203,3.2517630606889725,0,138
candidate,20261102,3,2,-8.0,2.5,0,0,0,0,0,0,0,0.03636363636363636,55,2.3994569074023855,3.365219198167324,3.3967122435569763,0,110
candidate,20261103,0,1,-18.0,4.0,0,0,1,10,0,0,0,0.028169014084507043,71,2.3904443049514796,3.115949220955372,3.20647656917572,0,142
candidate,20261103,1,1,-8.0,2.5,0,0,0,0,0,0,0,0.014925373134328358,67,2.37798062500669,2.9456764459609985,3.184739500284195,0,134
candidate,20261103,2,1,-8.0,2.5,0,0,0,0,0,0,0,0.030303030303030304,66,2.331674240077987,3.0021979473531246,3.0992720276117325,0,132
candidate,20261103,3,1,34.0,1.0,1,0,0,0,0,0,0,0.029850746268656716,67,2.387202608941206,3.112744353711605,3.163779154419899,0,134
candidate,20261104,0,1,-8.0,2.5,0,0,0,0,0,0,0,0.043478260869565216,46,2.419136990995511,3.215052653104067,3.233274444937706,0,92
candidate,20261104,1,1,-8.0,2.5,0,0,0,0,0,0,0,0.025,40,2.345509734004736,3.1102237291634083,3.1572766602039337,0,80
candidate,20261104,2,1,35.0,1.0,1,0,0,0,0,0,0,0.047619047619047616,42,2.3276079002590406,2.8837688267230988,3.0049756169319153,0,84
candidate,20261104,3,1,-17.0,4.0,0,0,1,9,0,0,0,0.0,40,2.506808377802372,3.454575035721063,3.609592095017433,0,80
candidate,20261105,0,2,-8.0,2.5,0,0,0,0,0,0,0,0.022222222222222223,45,2.4861392047670154,3.2878730446100235,3.520127385854721,0,90
candidate,20261105,1,2,-32.0,4.0,0,0,1,24,0,0,0,0.044444444444444446,45,2.369106560945511,2.967407926917076,3.0735433101654053,0,90
candidate,20261105,2,2,-20.0,4.0,0,0,1,12,0,0,0,0.05555555555555555,54,2.35858045656372,3.189618792384863,3.2234638929367065,0,108
candidate,20261105,3,2,35.0,1.0,1,0,0,0,0,0,0,0.038461538461538464,52,2.374152330538401,3.219317365437746,3.2743196934461594,0,104
candidate,20261106,0,1,-8.0,2.5,0,0,0,0,0,0,0,0.0,41,2.583155317640886,3.54575552046299,3.658151254057884,0,82
candidate,20261106,1,1,-8.0,2.5,0,0,0,0,0,0,0,0.015625,64,2.439032745314762,3.2565520144999027,3.404047340154648,0,128
candidate,20261106,2,1,-16.0,4.0,0,0,1,8,0,0,0,0.024390243902439025,41,2.415641824283251,3.1751077622175217,3.2173171639442444,0,82
candidate,20261106,3,1,32.0,1.0,1,0,0,0,0,0,0,0.024390243902439025,41,2.4217792854803366,3.4144707024097443,3.434816375374794,0,82
candidate,20261107,0,0,40.0,1.0,1,0,0,0,0,0,0,0.02702702702702703,37,2.453978198605615,3.1008981168270107,3.404904156923294,0,74
candidate,20261107,1,0,-24.0,4.0,0,0,1,16,0,0,0,0.02702702702702703,37,2.4186570600077912,3.180643916130066,3.2025929540395737,0,74
candidate,20261107,2,0,-8.0,2.5,0,0,0,0,0,0,0,0.0,37,2.4565307272447123,3.515354916453361,3.629639744758606,0,74
candidate,20261107,3,0,-8.0,2.5,0,0,0,0,0,0,0,0.05405405405405406,37,2.3799145443213954,3.283616527915001,3.3131539821624756,0,74
candidate,20261108,0,0,-8.0,2.5,0,0,0,0,0,0,0,0.023255813953488372,86,2.4542243891330653,3.0754022300243378,3.318140283226967,0,172
candidate,20261108,1,0,-8.0,2.5,0,0,0,0,0,0,0,0.0,85,2.4151025668663135,3.172982484102249,3.3617131412029266,0,170
candidate,20261108,2,0,-8.0,2.5,0,0,0,0,0,0,0,0.0,36,2.4102390743792057,3.239199984818697,3.2625962048768997,0,72
candidate,20261108,3,0,0.0,2.5,0,0,0,0,0,1,1,0.011627906976744186,86,2.4073643956420034,3.2503665424883366,3.392895683646202,0,172
candidate,20261109,0,1,0.0,2.5,0,0,0,0,0,1,1,0.03529411764705882,85,2.3926654501872906,2.954346686601639,3.202207386493683,0,170
candidate,20261109,1,1,0.0,2.5,0,0,0,0,0,1,1,0.023529411764705882,85,2.3580041659228943,3.0558474361896506,3.2230205833911896,0,170
candidate,20261109,2,1,51.0,1.0,1,0,0,0,0,0,0,0.0,38,2.412509173154831,3.1602646224200726,3.18918377161026,0,76
candidate,20261109,3,1,0.0,2.5,0,0,0,0,0,1,1,0.0,85,2.4703318362726883,3.5250570625066757,3.6348365247249603,0,170
candidate,20261110,0,0,34.0,1.0,1,0,0,0,0,0,0,0.02702702702702703,37,2.498322946799768,3.336011990904808,3.4067779779434204,0,74
candidate,20261110,1,0,-8.0,2.5,0,0,0,0,0,0,0,0.04081632653061224,49,2.40627083243156,3.2151181250810623,3.254218026995659,0,98
candidate,20261110,2,0,-18.0,4.0,0,0,1,10,0,0,0,0.02702702702702703,37,2.350328943213901,3.0139256268739696,3.1761787831783295,0,74
candidate,20261110,3,0,-8.0,2.5,0,0,0,0,0,0,0,0.08108108108108109,37,2.3343939132787086,2.9534824192523956,2.981696277856827,0,74
candidate,20261111,0,0,-17.0,3.0,0,0,0,0,0,0,0,0.07894736842105263,38,2.3881358731734124,2.9865499585866924,3.17208468914032,0,77
candidate,20261111,1,0,-8.0,2.5,0,0,0,0,0,0,0,0.061224489795918366,49,2.3348898607857373,2.9255855828523636,3.106415271759033,0,98
candidate,20261111,2,0,47.0,1.0,1,0,0,0,0,0,0,0.013513513513513514,74,2.4011619640765964,3.262358345091343,3.334643319249153,0,148
candidate,20261111,3,0,-8.0,2.5,0,0,0,0,0,0,0,0.019230769230769232,52,2.4776415397914557,3.570088092237711,3.6461595445871353,0,104
candidate,20261112,0,1,34.0,1.0,1,0,0,0,0,0,0,0.047619047619047616,42,2.411517669402418,2.937994245439768,3.2243728637695312,0,85
candidate,20261112,1,1,-8.0,2.5,0,0,0,0,0,0,0,0.02127659574468085,47,2.444863715704451,3.325304761528969,3.3424440771341324,0,95
candidate,20261112,2,1,-8.0,2.5,0,0,0,0,0,0,0,0.0,42,2.445324235374019,3.4393945708870883,3.460891544818878,0,85
candidate,20261112,3,1,40.0,1.0,1,0,0,0,0,0,0,0.016129032258064516,62,2.3450492430598504,3.004767559468746,3.1024422496557236,0,123
candidate,20261113,0,2,-33.0,3.0,0,0,0,0,0,0,0,0.0,65,2.5045558523673277,3.332969918847084,3.5711675882339478,0,131
candidate,20261113,1,2,99.0,1.0,1,1,0,0,0,0,0,0.0,65,2.461540555724731,3.2758112996816635,3.4683775156736374,0,129
candidate,20261113,2,2,-33.0,3.0,0,0,0,0,0,0,0,0.03076923076923077,65,2.341715074502505,3.1473323702812195,3.3710524439811707,0,131
candidate,20261113,3,2,32.0,1.0,1,0,0,0,0,0,0,0.05263157894736842,38,2.3332879339393817,2.9937182553112507,3.1584706157445908,0,76
candidate,20261114,0,1,-8.0,2.5,0,0,0,0,0,0,0,0.024390243902439025,41,2.4739993599856773,3.200290724635124,3.3075548708438873,0,82
candidate,20261114,1,1,57.0,1.0,1,1,0,0,0,0,0,0.0,40,2.537177409976721,3.5266461782157417,3.724152222275734,0,79
candidate,20261114,2,1,-18.0,3.0,0,0,0,0,0,0,0,0.0,72,2.6622727099392147,4.084995202720165,4.193486645817757,0,145
candidate,20261114,3,1,-16.0,4.0,0,0,1,8,0,0,0,0.04878048780487805,41,2.3067586759968504,2.8757043182849884,3.127584233880043,0,82
candidate,20261115,0,3,-8.0,2.5,0,0,0,0,0,0,0,0.02857142857142857,35,2.484144110764776,3.274701163172722,3.3337511122226715,0,70
candidate,20261115,1,3,36.0,1.0,1,0,0,0,0,0,0,0.02857142857142857,35,2.4634470364877155,3.3976979553699493,3.469357267022133,0,70
candidate,20261115,2,3,35.0,1.0,1,0,0,0,0,0,0,0.03333333333333333,60,2.372381774087747,3.2265898771584034,3.3027324825525284,0,120
candidate,20261115,3,3,-8.0,2.5,0,0,0,0,0,0,0,0.02857142857142857,35,2.3930751319442476,3.395269438624382,3.41792032122612,0,70
candidate,20261116,0,1,-16.0,3.0,0,0,0,0,0,0,0,0.02564102564102564,39,2.448520073905969,3.1786253675818443,3.2411832362413406,0,79
candidate,20261116,1,1,-16.0,3.0,0,0,0,0,0,0,0,0.02564102564102564,39,2.437020484835674,3.246656432747841,3.291243687272072,0,79
candidate,20261116,2,1,-16.0,3.0,0,0,0,0,0,0,0,0.0,39,2.413988161163452,3.1829960644245148,3.2343845814466476,0,79
candidate,20261116,3,1,48.0,1.0,1,1,0,0,0,0,0,0.0,40,2.4363475386053324,3.528206702321768,3.7126801908016205,0,79
candidate,20261117,0,3,-30.0,3.0,0,0,0,0,0,0,0,0.0,83,2.463722534208413,3.1595775857567787,3.359561786055565,0,167
candidate,20261117,1,3,-23.0,4.0,0,0,1,15,0,0,0,0.0,58,2.4663304974292886,3.308780211955309,3.3534690737724304,0,116
candidate,20261117,2,3,35.0,1.0,1,0,0,0,0,0,0,0.043478260869565216,46,2.3616543039679527,3.189779818058014,3.2014846801757812,0,92
candidate,20261117,3,3,90.0,1.0,1,1,0,0,0,0,0,0.0,84,2.479565906382742,3.5510923713445663,3.828151151537895,0,167
candidate,20261118,0,1,-8.0,2.5,0,0,0,0,0,0,0,0.06,50,2.401610128581524,3.0499218963086605,3.191394731402397,0,100
candidate,20261118,1,1,40.0,1.0,1,0,0,0,0,0,0,0.0,53,2.5268121148055456,3.4943141043186188,3.6708377301692963,0,106
candidate,20261118,2,1,-8.0,2.5,0,0,0,0,0,0,0,0.022222222222222223,45,2.3702598694298,3.128072619438171,3.268301486968994,0,90
candidate,20261118,3,1,-8.0,2.5,0,0,0,0,0,0,0,0.0625,32,2.360641141422093,3.1887358054518695,3.5599786788225174,0,64
candidate,20261119,0,1,-33.0,3.0,0,0,0,0,0,0,0,0.01639344262295082,61,2.4180845891843075,3.043936565518379,3.291768953204155,0,123
candidate,20261119,1,1,-24.0,4.0,0,0,1,16,0,0,0,0.030303030303030304,66,2.3862536375721297,3.1950902193784714,3.29635851085186,0,132
candidate,20261119,2,1,-33.0,3.0,0,0,0,0,0,0,0,0.04918032786885246,61,2.340025528043997,2.955770120024681,3.119269385933876,0,123
candidate,20261119,3,1,99.0,1.0,1,1,0,0,0,0,0,0.0,62,2.4085667044405015,3.3111343160271645,3.428349271416664,0,123
candidate,20261120,0,0,43.0,1.0,1,0,0,0,0,0,0,0.08333333333333333,12,2.4565577817459903,3.2791499979794025,3.2864902168512344,0,24
candidate,20261120,1,0,-8.0,2.5,0,0,0,0,0,0,0,0.16666666666666666,12,2.4279852708180747,3.0148016288876534,3.0339527875185013,0,24
candidate,20261120,2,0,-27.0,4.0,0,0,1,19,0,0,0,0.0625,16,2.402127953246236,3.2529663294553757,3.2679643481969833,0,32
candidate,20261120,3,0,-8.0,2.5,0,0,0,0,0,0,0,0.08333333333333333,12,2.291478061427673,3.065334167331457,3.0979476869106293,0,24
candidate,20261121,0,0,32.0,1.0,1,0,0,0,0,0,0,0.05,40,2.4161068722605705,3.2812674529850483,3.3682361245155334,0,80
candidate,20261121,1,0,-8.0,2.5,0,0,0,0,0,0,0,0.0,40,2.5149920023977757,3.794257063418627,3.890691325068474,0,80
candidate,20261121,2,0,-16.0,4.0,0,0,1,8,0,0,0,0.0,26,2.3921010299370837,3.2657478004693985,3.276936709880829,0,52
candidate,20261121,3,0,-17.0,3.0,0,0,0,0,0,0,0,0.08333333333333333,48,2.3108342041571936,2.914184518158436,3.001280128955841,0,97
candidate,20261122,0,2,-8.0,2.5,0,0,0,0,0,0,0,0.023529411764705882,85,2.4203428231617985,3.0219022184610367,3.2727159559726715,0,169
candidate,20261122,1,2,-8.0,2.5,0,0,0,0,0,0,0,0.0,39,2.415876644544112,3.276711516082287,3.3122673630714417,0,78
candidate,20261122,2,2,-8.0,2.5,0,0,0,0,0,0,0,0.0,75,2.535477032264074,3.900235705077648,4.040176048874855,0,151
candidate,20261122,3,2,0.0,2.5,0,0,0,0,0,1,1,0.023809523809523808,84,2.321870620584204,3.004103060811758,3.074968233704567,0,169
candidate,20261123,0,1,33.0,1.0,1,0,0,0,0,0,0,0.025,40,2.48628007248044,3.363822679966688,3.708548843860626,0,80
candidate,20261123,1,1,-8.0,2.5,0,0,0,0,0,0,0,0.0,40,2.5160668417811394,3.49062867462635,3.7221722304821014,0,80
candidate,20261123,2,1,-8.0,2.5,0,0,0,0,0,0,0,0.05,40,2.3813588079065084,3.0293863266706462,3.2765287905931473,0,80
candidate,20261123,3,1,-17.0,4.0,0,0,1,9,0,0,0,0.025,40,2.392836520448327,3.115831781178713,3.28613817691803,0,80
candidate,20261124,0,1,-28.0,3.0,0,0,0,0,0,0,0,0.06666666666666667,45,2.3599839044941797,2.916426211595535,3.1877346336841583,0,91
candidate,20261124,1,1,84.0,1.0,1,1,0,0,0,0,0,0.043478260869565216,46,2.451754903987698,3.3591827377676964,3.4146085381507874,0,91
candidate,20261124,2,1,-17.0,4.0,0,0,1,9,0,0,0,0.015384615384615385,65,2.360084194403428,3.0138131231069565,3.0874833464622498,0,131
candidate,20261124,3,1,0.0,2.5,0,0,0,0,0,1,0,0.012195121951219513,82,2.4380958752661215,3.497993852943182,3.6163274198770523,0,165
candidate,20261125,0,2,-8.0,2.5,0,0,0,0,0,0,0,0.021739130434782608,46,2.459013389180536,3.2206368632614613,3.361644223332405,0,92
candidate,20261125,1,2,-8.0,2.5,0,0,0,0,0,0,0,0.046875,64,2.37781522446312,2.944592945277691,3.2008159905672073,0,128
candidate,20261125,2,2,-8.0,2.5,0,0,0,0,0,0,0,0.03389830508474576,59,2.4883194305634095,3.343839943408966,3.562638536095619,0,118
candidate,20261125,3,2,33.0,1.0,1,0,0,0,0,0,0,0.06,50,2.361433617770672,3.267863858491182,3.3920910209417343,0,100
candidate,20261126,0,2,33.0,1.0,1,0,0,0,0,0,0,0.05128205128205128,39,2.4385636147016134,3.240163065493107,3.342054784297943,0,78
candidate,20261126,1,2,-8.0,2.5,0,0,0,0,0,0,0,0.0,39,2.5115588154548254,3.5102462396025658,3.5921502858400345,0,78
candidate,20261126,2,2,-17.0,4.0,0,0,1,9,0,0,0,0.02127659574468085,47,2.3777804713934025,3.100180067121982,3.2335519790649414,0,94
candidate,20261126,3,2,-8.0,2.5,0,0,0,0,0,0,0,0.05128205128205128,39,2.316391047758934,2.9892610386013985,2.9994603246450424,0,78
candidate,20261127,0,1,32.0,1.0,1,0,0,0,0,0,0,0.05263157894736842,38,2.385748648329785,3.0030399560928345,3.1871292740106583,0,76
candidate,20261127,1,1,-16.0,4.0,0,0,1,8,0,0,0,0.0,57,2.4898842042475415,3.2749954611063004,3.312617540359497,0,114
candidate,20261127,2,1,0.0,2.5,0,0,0,0,0,1,0,0.0,86,2.414513444311397,3.3132201060652733,3.407064825296402,0,172
candidate,20261127,3,1,33.0,1.0,1,0,0,0,0,0,0,0.02666666666666667,75,2.3452417304118476,3.143349476158619,3.2377131283283234,0,150
candidate,20261128,0,3,34.0,1.0,1,0,0,0,0,0,0,0.0,37,2.680964516224088,4.009603336453438,4.217231646180153,0,74
candidate,20261128,1,3,102.0,1.0,1,1,0,0,0,0,0,0.08333333333333333,36,2.349714386380381,3.132894169539213,3.2470691949129105,0,71
candidate,20261128,2,3,-8.0,2.5,0,0,0,0,0,0,0,0.0,70,2.402328034596784,3.2057995907962322,3.4304577857255936,0,140
candidate,20261128,3,3,37.0,1.0,1,0,0,0,0,0,0,0.058823529411764705,51,2.3316215431573344,2.8948551043868065,3.1349845230579376,0,102
candidate,20261129,0,2,-8.0,2.5,0,0,0,0,0,0,0,0.0,59,2.5703506386381085,3.611435368657112,3.7847869098186493,0,118
candidate,20261129,1,2,37.0,1.0,1,0,0,0,0,0,0,0.0,61,2.500321563394343,3.630397841334343,3.788840025663376,0,122
candidate,20261129,2,2,-21.0,4.0,0,0,1,13,0,0,0,0.05660377358490566,53,2.404240715616154,3.213449940085411,3.304777666926384,0,106
candidate,20261129,3,2,-8.0,2.5,0,0,0,0,0,0,0,0.0,61,2.4615613224565007,3.4054946154356003,3.754967823624611,0,122
candidate,20261130,0,1,-21.0,3.0,0,0,0,0,0,0,0,0.016666666666666666,60,2.440851181745529,3.1882276758551598,3.287060186266899,0,121
candidate,20261130,1,1,-8.0,2.5,0,0,0,0,0,0,0,0.0,49,2.465935994167717,3.3425886183977123,3.633825108408928,0,98
candidate,20261130,2,1,-8.0,2.5,0,0,0,0,0,0,0,0.04081632653061224,49,2.3735361743946464,3.255001083016395,3.3607054501771927,0,98
candidate,20261130,3,1,-34.0,3.0,0,0,0,0,0,0,0,0.013333333333333334,75,2.497954765955607,3.718939609825611,3.9617177098989487,0,151
candidate,20261131,0,3,51.0,1.0,1,1,0,0,0,0,0,0.022222222222222223,45,2.410557741920153,2.969762310385704,3.2361950725317,0,89
candidate,20261131,1,3,-17.0,3.0,0,0,0,0,0,0,0,0.0,44,2.488515043461865,3.5021218471229076,3.6836378276348114,0,89
candidate,20261131,2,3,-17.0,3.0,0,0,0,0,0,0,0,0.0,44,2.4177014658396896,3.169824182987213,3.220709040760994,0,89
candidate,20261131,3,3,-17.0,3.0,0,0,0,0,0,0,0,0.0,44,2.436407037417997,3.2533450052142143,3.326086327433586,0,89
candidate,20261132,0,3,-17.0,4.0,0,0,1,9,0,0,0,0.0,49,2.525108201163156,3.408087044954299,3.574436530470848,0,98
candidate,20261132,1,3,-8.0,2.5,0,0,0,0,0,0,0,0.02040816326530612,49,2.381894281324075,3.124499320983886,3.245307132601738,0,98
candidate,20261132,2,3,48.0,1.0,1,1,0,0,0,0,0,0.023255813953488372,43,2.3426392743753834,3.10019701719284,3.1360480934381485,0,85
candidate,20261132,3,3,0.0,2.5,0,0,0,0,0,1,0,0.0,84,2.4964471924163045,3.549391496926546,3.7783272564411163,0,168
candidate,20261133,0,1,34.0,1.0,1,0,0,0,0,0,0,0.06,50,2.356826290488243,2.7455716393887997,3.1457561999559402,0,100
candidate,20261133,1,1,34.0,1.0,1,0,0,0,0,0,0,0.02,50,2.4198005348443985,3.2034230418503284,3.3721867948770523,0,100
candidate,20261133,2,1,-8.0,2.5,0,0,0,0,0,0,0,0.0,41,2.391809733902536,3.251805901527405,3.2979678362607956,0,82
candidate,20261133,3,1,-8.0,2.5,0,0,0,0,0,0,0,0.024390243902439025,41,2.418246847100374,3.388967365026474,3.4952424466609955,0,82
candidate,20261134,0,0,-8.0,2.5,0,0,0,0,0,0,0,0.019230769230769232,52,2.4543040288755527,3.2380455173552036,3.3031199127435684,0,104
candidate,20261134,1,0,-8.0,2.5,0,0,0,0,0,0,0,0.022727272727272728,44,2.3916095325892623,3.1735191121697426,3.2349154353141785,0,88
candidate,20261134,2,0,-17.0,4.0,0,0,1,9,0,0,0,0.057692307692307696,52,2.399601901953037,3.1095124781131744,3.2300595194101334,0,104
candidate,20261134,3,0,45.0,1.0,1,0,0,0,0,0,0,0.057692307692307696,52,2.3546760830168543,3.089492861181497,3.212541341781616,0,104
candidate,20261135,0,3,-8.0,2.5,0,0,0,0,0,0,0,0.0,61,2.602616080739459,3.795824944972992,4.038043320178986,0,122
candidate,20261135,1,3,35.0,1.0,1,0,0,0,0,0,0,0.01639344262295082,61,2.462913022666681,3.3477675169706345,3.4087449312210083,0,122
candidate,20261135,2,3,-19.0,4.0,0,0,1,11,0,0,0,0.02857142857142857,35,2.4262460746935437,3.3830352127552032,3.4059900790452957,0,70
candidate,20261135,3,3,-8.0,2.5,0,0,0,0,0,0,0,0.0,59,2.401528280165236,3.2280679792165756,3.3382605761289597,0,118
candidate,20261136,0,1,32.0,1.0,1,0,0,0,0,0,0,0.06451612903225806,31,2.3622633588890873,2.885105088353157,3.0767209827899933,0,62
candidate,20261136,1,1,-8.0,2.5,0,0,0,0,0,0,0,0.0,48,2.452790349101027,3.2951566390693188,3.3770445734262466,0,96
candidate,20261136,2,1,-8.0,2.5,0,0,0,0,0,0,0,0.022727272727272728,44,2.428906038403511,3.289618529379368,3.3562853932380676,0,88
candidate,20261136,3,1,-8.0,2.5,0,0,0,0,0,0,0,0.0,43,2.384868688708128,3.1649118289351463,3.3128876239061356,0,86
candidate,20261137,0,0,-8.0,2.5,0,0,0,0,0,0,0,0.0,39,2.47427214605686,3.2494351267814636,3.3127516508102417,0,78
candidate,20261137,1,0,-32.0,4.0,0,0,1,24,0,0,0,0.0425531914893617,47,2.379253110352983,3.1985538080334663,3.2267458736896515,0,94
candidate,20261137,2,0,-8.0,2.5,0,0,0,0,0,0,0,0.07692307692307693,39,2.312397966400171,2.89866179227829,3.1311381608247757,0,78
candidate,20261137,3,0,48.0,1.0,1,0,0,0,0,0,0,0.0,47,2.444180877918893,3.295852057635784,3.3471398055553436,0,94
candidate,20261138,0,0,-18.0,3.0,0,0,0,0,0,0,0,0.02127659574468085,47,2.4387879257506513,3.1776180490851402,3.2192282378673553,0,95
candidate,20261138,1,0,-20.0,4.0,0,0,1,12,0,0,0,0.019230769230769232,52,2.455250395891758,3.2754942774772644,3.3221766352653503,0,104
candidate,20261138,2,0,63.0,1.0,1,1,0,0,0,0,0,0.014925373134328358,67,2.356312557387708,3.0607949942350388,3.1827520579099655,0,133
candidate,20261138,3,0,-8.0,2.5,0,0,0,0,0,0,0,0.028985507246376812,69,2.362469778112743,3.260403126478195,3.3036042004823685,0,138
candidate,20261139,0,2,33.0,1.0,1,0,0,0,0,0,0,0.03333333333333333,30,2.5129617502292,3.3044619485735893,3.3455658704042435,0,60
candidate,20261139,1,2,-8.0,2.5,0,0,0,0,0,0,0,0.0,30,2.420837556322416,3.1581428833305836,3.2313335686922073,0,60
candidate,20261139,2,2,0.0,2.5,0,0,0,0,0,1,1,0.0,83,2.514312111110572,3.6025037989020343,4.189236089587212,0,166
candidate,20261139,3,2,34.0,1.0,1,0,0,0,0,0,0,0.0392156862745098,51,2.355402225957197,3.072410821914673,3.1285975128412247,0,102
candidate,20261140,0,1,32.0,1.0,1,0,0,0,0,0,0,0.05357142857142857,56,2.424270280503801,3.0285371467471123,3.2397154718637466,0,113
candidate,20261140,1,1,0.0,2.5,0,0,0,0,0,1,0,0.01282051282051282,78,2.433937639953234,3.263674397021532,3.2809358090162277,0,155
candidate,20261140,2,1,43.0,1.0,1,0,0,0,0,0,0,0.01639344262295082,61,2.3603307113784258,3.013376146554947,3.1933747231960297,0,123
candidate,20261140,3,1,-8.0,2.5,0,0,0,0,0,0,0,0.0,60,2.382414508610964,3.2049828208982944,3.2818149775266647,0,121
candidate,20261141,0,2,-8.0,2.5,0,0,0,0,0,0,0,0.0,84,2.4878109273101603,3.307875245809555,3.644367679953575,0,168
candidate,20261141,1,2,0.0,2.5,0,0,0,0,0,1,0,0.011627906976744186,86,2.4007107889236408,3.11835203319788,3.2932404428720474,0,172
candidate,20261141,2,2,48.0,1.0,1,1,0,0,0,0,0,0.03278688524590164,61,2.374874153098122,3.2436419278383255,3.3216066658496857,0,121
candidate,20261141,3,2,-16.0,3.0,0,0,0,0,0,0,0,0.0,60,2.5753860361874104,3.9768033660948277,4.178015515208244,0,121
candidate,20261142,0,2,-8.0,2.5,0,0,0,0,0,0,0,0.028169014084507043,71,2.433732571736188,3.2153399661183357,3.276864066720009,0,142
candidate,20261142,1,2,-17.0,4.0,0,0,1,9,0,0,0,0.09090909090909091,44,2.475300719114867,3.1118325889110565,3.182770684361458,0,88
candidate,20261142,2,2,-8.0,2.5,0,0,0,0,0,0,0,0.0,42,2.4715522304177284,3.3206095919013023,3.559870645403862,0,84
candidate,20261142,3,2,-8.0,2.5,0,0,0,0,0,0,0,0.0,34,2.3502969895215595,3.244877699762583,3.27320396900177,0,68
candidate,20261143,0,0,-8.0,2.5,0,0,0,0,0,0,0,0.02127659574468085,47,2.4731408091301614,3.249669261276722,3.266163170337677,0,94
candidate,20261143,1,0,-17.0,4.0,0,0,1,9,0,0,0,0.0,43,2.5354392480018526,3.497309237718582,3.601524978876114,0,86
candidate,20261143,2,0,-8.0,2.5,0,0,0,0,0,0,0,0.02127659574468085,47,2.375368227032905,3.3326493576169014,3.4639202058315277,0,94
candidate,20261143,3,0,32.0,1.0,1,0,0,0,0,0,0,0.029411764705882353,68,2.3477769675938522,3.1692538410425186,3.226282075047493,0,136
candidate,20261144,0,0,51.0,1.0,1,1,0,0,0,0,0,0.07407407407407407,27,2.4182862015785993,3.143668733537197,3.339780494570732,0,53
candidate,20261144,1,0,-17.0,3.0,0,0,0,0,0,0,0,0.038461538461538464,26,2.41861492395401,3.2912404276430607,3.3589880913496017,0,53
candidate,20261144,2,0,-17.0,3.0,0,0,0,0,0,0,0,0.0,26,2.445711324421259,3.3929552882909775,3.461964428424835,0,53
candidate,20261144,3,0,-17.0,3.0,0,0,0,0,0,0,0,0.07692307692307693,26,2.3799711981644998,3.0989153310656548,3.192394971847534,0,53
candidate,20261145,0,1,75.0,1.0,1,1,0,0,0,0,0,0.05,40,2.373362798243761,3.0628032982349396,3.171650692820549,0,79
candidate,20261145,1,1,-25.0,3.0,0,0,0,0,0,0,0,0.0,39,2.459617570424691,3.275206498801708,3.344232216477394,0,79
candidate,20261145,2,1,-25.0,3.0,0,0,0,0,0,0,0,0.02564102564102564,39,2.348998465981239,3.1768152490258217,3.1888671219348907,0,79
candidate,20261145,3,1,-25.0,3.0,0,0,0,0,0,0,0,0.05128205128205128,39,2.3634364971747766,3.1777821481227875,3.197653219103813,0,79
candidate,20261146,0,2,52.0,1.0,1,0,0,0,0,0,0,0.0,83,2.4802483483610382,3.381390497088432,3.4409165382385254,0,167
candidate,20261146,1,2,35.0,1.0,1,0,0,0,0,0,0,0.03896103896103896,77,2.3062216819493804,2.7378711849451065,3.074096515774727,0,153
candidate,20261146,2,2,-16.0,4.0,0,0,1,8,0,0,0,0.05357142857142857,56,2.3492854088544846,3.1170430593192577,3.214765340089798,0,112
candidate,20261146,3,2,-8.0,2.5,0,0,0,0,0,0,0,0.0196078431372549,51,2.3593981476391064,3.1482717022299767,3.2652411609888077,0,102
candidate,20261147,0,3,-8.0,2.5,0,0,0,0,0,0,0,0.0,57,2.46762487579856,3.3233672380447388,3.600010648369789,0,114
candidate,20261147,1,3,-8.0,2.5,0,0,0,0,0,0,0,0.047619047619047616,42,2.343198772342432,2.9304563999176025,3.0964910984039307,0,84
candidate,20261147,2,3,-20.0,4.0,0,0,1,12,0,0,0,0.027777777777777776,36,2.4515250180330543,3.309447318315506,3.3240318298339844,0,72
candidate,20261147,3,3,-31.0,4.0,0,0,1,23,0,0,0,0.05263157894736842,57,2.341244206355329,3.0393600463867188,3.230556845664978,0,114
candidate,20261148,0,3,63.0,1.0,1,1,0,0,0,0,0,0.0,35,2.5207240666661943,3.475075401365757,3.582792356610298,0,69
candidate,20261148,1,3,-8.0,2.5,0,0,0,0,0,0,0,0.02702702702702703,37,2.3876640039521293,3.234753385186195,3.436284139752388,0,74
candidate,20261148,2,3,-8.0,2.5,0,0,0,0,0,0,0,0.05405405405405406,37,2.359994359918543,3.2321967184543605,3.400268033146858,0,74
candidate,20261148,3,3,-18.0,4.0,0,0,1,10,0,0,0,0.02702702702702703,37,2.359095256070833,3.0290834605693817,3.0798427760601044,0,74
candidate,20261149,0,1,-16.0,3.0,0,0,0,0,0,0,0,0.0,42,2.4701418975989022,3.2374773174524307,3.3152997493743896,0,85
candidate,20261149,1,1,-16.0,3.0,0,0,0,0,0,0,0,0.0,42,2.4296569948395095,3.2170800492167473,3.2323431223630905,0,85
candidate,20261149,2,1,48.0,1.0,1,1,0,0,0,0,0,0.0,43,2.4207871147366458,3.351582959294319,3.4390073269605637,0,85
candidate,20261149,3,1,-16.0,3.0,0,0,0,0,0,0,0,0.0,42,2.4734560755037127,3.524198289960623,3.7712324410676956,0,85
candidate,20261150,0,1,33.0,1.0,1,0,0,0,0,0,0,0.05714285714285714,35,2.4750726031405583,3.3232277259230614,3.404434770345688,0,70
candidate,20261150,1,1,-8.0,2.5,0,0,0,0,0,0,0,0.05128205128205128,39,2.398188727406355,3.234495222568512,3.3624209463596344,0,78
candidate,20261150,2,1,-17.0,4.0,0,0,1,9,0,0,0,0.02564102564102564,39,2.3683488177947507,3.154439851641655,3.2528433948755264,0,78
candidate,20261150,3,1,-8.0,2.5,0,0,0,0,0,0,0,0.02857142857142857,35,2.350081503391266,3.130476549267769,3.179149702191353,0,70
candidate,20261151,0,1,32.0,1.0,1,0,0,0,0,0,0,0.043478260869565216,23,2.4474497236635373,3.220166638493538,3.275388851761818,0,46
candidate,20261151,1,1,-8.0,2.5,0,0,0,0,0,0,0,0.043478260869565216,23,2.4396799018849498,3.2296158373355865,3.2638758420944214,0,46
candidate,20261151,2,1,-16.0,4.0,0,0,1,8,0,0,0,0.0,23,2.409756021655124,3.159160353243351,3.229612484574318,0,46
candidate,20261151,3,1,-8.0,2.5,0,0,0,0,0,0,0,0.0,43,2.4049906709859536,3.2508164644241333,3.5191383212804794,0,86
candidate,20261152,0,2,-8.0,2.5,0,0,0,0,0,0,0,0.017543859649122806,57,2.4512314090603278,3.271888568997383,3.2900702208280563,0,114
candidate,20261152,1,2,-16.0,4.0,0,0,1,8,0,0,0,0.08,25,2.36582413315773,2.9736168682575226,3.0144769698381424,0,50
candidate,20261152,2,2,33.0,1.0,1,0,0,0,0,0,0,0.027777777777777776,36,2.436579205095768,3.357265144586563,3.424590453505516,0,72
candidate,20261152,3,2,-17.0,4.0,0,0,1,9,0,0,0,0.03333333333333333,60,2.417807218929132,3.1029113568365574,3.2997187227010727,0,120
candidate,20261153,0,2,-8.0,2.5,0,0,0,0,0,0,0,0.0,39,2.5415367040878687,3.466055728495121,3.506641834974289,0,78
candidate,20261153,1,2,-8.0,2.5,0,0,0,0,0,0,0,0.0,41,2.4833205360464934,3.442235291004181,3.4817084670066833,0,82
candidate,20261153,2,2,-20.0,3.0,0,0,0,0,0,0,0,0.0,65,2.403013436840131,3.235051780939102,3.3328961580991745,0,131
candidate,20261153,3,2,-21.0,3.0,0,0,0,0,0,0,0,0.0,54,2.4985467877101013,3.5214860923588276,3.5753343254327774,0,109
candidate,20261154,0,1,-17.0,3.0,0,0,0,0,0,0,0,0.06451612903225806,31,2.3757915703519696,2.865835092961788,3.122035413980484,0,63
candidate,20261154,1,1,-17.0,3.0,0,0,0,0,0,0,0,0.06451612903225806,31,2.418134421590836,3.2811397686600685,3.297245129942894,0,63
candidate,20261154,2,1,-17.0,3.0,0,0,0,0,0,0,0,0.03225806451612903,31,2.358281504242651,3.0548349022865295,3.1124837696552277,0,63
candidate,20261154,3,1,-21.0,3.0,0,0,0,0,0,0,0,0.0,77,2.5720421660256076,3.9557687938213353,4.404494538903236,0,155
candidate,20261155,0,0,-20.0,3.0,0,0,0,0,0,0,0,0.0,36,2.483636037343078,3.3167381770908833,3.3352337777614594,0,73
candidate,20261155,1,0,-20.0,3.0,0,0,0,0,0,0,0,0.027777777777777776,36,2.4180740324987307,3.1527699902653694,3.184851258993149,0,73
candidate,20261155,2,0,66.0,1.0,1,1,0,0,0,0,0,0.05405405405405406,37,2.3828576746824623,3.2260488718748093,3.2908041030168533,0,73
candidate,20261155,3,0,-20.0,3.0,0,0,0,0,0,0,0,0.0,36,2.456238131142325,3.517651930451393,3.5464968532323837,0,73
candidate,20261156,0,1,46.0,1.0,1,0,0,0,0,0,0,0.058823529411764705,34,2.3478239993838703,2.8372911736369133,3.199523314833641,0,68
candidate,20261156,1,1,-30.0,4.0,0,0,1,22,0,0,0,0.03125,32,2.458364819176495,3.2341312617063522,3.3166147768497467,0,64
candidate,20261156,2,1,-8.0,2.5,0,0,0,0,0,0,0,0.03125,32,2.355361299123615,3.228296246379614,3.2389219850301743,0,64
candidate,20261156,3,1,-8.0,2.5,0,0,0,0,0,0,0,0.03125,32,2.3653407697565854,3.204117249697447,3.2637715339660645,0,64
candidate,20261157,0,0,54.0,1.0,1,1,0,0,0,0,0,0.05714285714285714,35,2.446060148733003,3.2324742525815964,3.2879430800676346,0,69
candidate,20261157,1,0,-18.0,3.0,0,0,0,0,0,0,0,0.0,34,2.5279274867737995,3.585224971175194,3.67949903011322,0,69
candidate,20261157,2,0,-18.0,3.0,0,0,0,0,0,0,0,0.0,34,2.5044687311438953,3.475603275001049,3.7484392523765564,0,69
candidate,20261157,3,0,-18.0,3.0,0,0,0,0,0,0,0,0.0,34,2.441869555589031,3.4654226154088974,3.648277372121811,0,69
candidate,20261158,0,2,-16.0,4.0,0,0,1,8,0,0,0,0.0,60,2.4578827433288097,3.231129702180624,3.327520564198494,0,120
candidate,20261158,1,2,-17.0,3.0,0,0,0,0,0,0,0,0.03773584905660377,53,2.35137181743136,2.956508845090866,3.0898265540599823,0,107
candidate,20261158,2,2,-20.0,4.0,0,0,1,12,0,0,0,0.05263157894736842,38,2.308268688227001,3.0284134671092033,3.1332653015851974,0,76
candidate,20261158,3,2,-21.0,4.0,0,0,1,13,0,0,0,0.0,29,2.4076981534217965,3.183077648282051,3.2088682055473328,0,58
candidate,20261159,0,0,-32.0,3.0,0,0,0,0,0,0,0,0.04081632653061224,49,2.3721426117176914,3.0058629810810085,3.204062581062317,0,99
candidate,20261159,1,0,-8.0,2.5,0,0,0,0,0,0,0,0.05454545454545454,55,2.31664969839833,2.8544848784804344,3.078056499361992,0,110
candidate,20261159,2,0,46.0,1.0,1,0,0,0,0,0,0,0.058823529411764705,34,2.3577224791926494,3.242842201143503,3.315085545182228,0,68
candidate,20261159,3,0,-22.0,4.0,0,0,1,14,0,0,0,0.045454545454545456,22,2.299284731799906,2.88230637088418,2.8998851776123047,0,44
candidate,20261160,0,1,-17.0,4.0,0,0,1,9,0,0,0,0.0,21,2.505319193005562,3.2941754907369614,3.303324803709984,0,42
candidate,20261160,1,1,-8.0,2.5,0,0,0,0,0,0,0,0.047619047619047616,21,2.4218403157733737,3.2242462038993835,3.240065649151802,0,42
candidate,20261160,2,1,-8.0,2.5,0,0,0,0,0,0,0,0.034482758620689655,58,2.3730643864335685,3.212664555758238,3.3607259392738342,0,116
candidate,20261160,3,1,34.0,1.0,1,0,0,0,0,0,0,0.0,27,2.5210908303658166,3.5974305123090744,3.881514072418213,0,54
candidate,20261161,0,1,-17.0,3.0,0,0,0,0,0,0,0,0.0,65,2.5538305823619547,3.42831052839756,3.4810230135917664,0,131
candidate,20261161,1,1,-17.0,3.0,0,0,0,0,0,0,0,0.015384615384615385,65,2.37521231174469,3.006402403116226,3.169829025864601,0,131
candidate,20261161,2,1,51.0,1.0,1,1,0,0,0,0,0,0.030303030303030304,66,2.351605248722163,3.0072960071265697,3.3082030713558197,0,132
candidate,20261161,3,1,-17.0,3.0,0,0,0,0,0,0,0,0.046153846153846156,65,2.286760279765496,2.731049060821533,2.912081778049469,0,132
candidate,20261162,0,1,-16.0,3.0,0,0,0,0,0,0,0,0.0,10,2.5106919929385185,3.246134240180254,3.2798554748296738,0,21
candidate,20261162,1,1,-16.0,3.0,0,0,0,0,0,0,0,0.1,10,2.431250363588333,3.104030154645443,3.1258482486009598,0,21
candidate,20261162,2,1,48.0,1.0,1,1,0,0,0,0,0,0.0,11,2.3620328442616896,3.380010835826397,3.3853761851787567,0,21
candidate,20261162,3,1,-16.0,3.0,0,0,0,0,0,0,0,0.0,10,2.3458385840058327,3.1656192615628242,3.171803429722786,0,21
candidate,20261163,0,2,-8.0,2.5,0,0,0,0,0,0,0,0.0425531914893617,47,2.392302207807277,3.063904680311679,3.245079889893532,0,94
candidate,20261163,1,2,32.0,1.0,1,0,0,0,0,0,0,0.037037037037037035,81,2.3441262037297825,2.98931822180748,3.478739410638809,0,162
candidate,20261163,2,2,-21.0,4.0,0,0,1,13,0,0,0,0.0,43,2.405690549071445,3.2489757984876633,4.284640774130821,0,86
candidate,20261163,3,2,0.0,2.5,0,0,0,0,0,1,1,0.033707865168539325,89,2.338210685869281,3.0733272433280945,3.1563378870487213,0,178
candidate,20261164,0,0,-16.0,3.0,0,0,0,0,0,0,0,0.0,33,2.507795382178191,3.2469846308231354,3.2736770808696747,0,67
candidate,20261164,1,0,48.0,1.0,1,1,0,0,0,0,0,0.0,34,2.623892279670519,3.6065251566469665,3.8009285926818848,0,67
candidate,20261164,2,0,-20.0,3.0,0,0,0,0,0,0,0,0.0,33,2.462108534845439,3.277835249900818,3.294447436928749,0,67
candidate,20261164,3,0,-16.0,3.0,0,0,0,0,0,0,0,0.0,33,2.506623157497608,3.507951647043228,3.828505054116249,0,67
candidate,20261165,0,0,-17.0,3.0,0,0,0,0,0,0,0,0.0,57,2.537555633145466,3.4553136676549907,3.595041111111641,0,115
candidate,20261165,1,0,-19.0,3.0,0,0,0,0,0,0,0,0.0,58,2.4353586908044487,3.1988220289349556,3.2365452498197556,0,117
candidate,20261165,2,0,-25.0,3.0,0,0,0,0,0,0,0,0.03333333333333333,60,2.370046700040499,3.0725068412721153,3.5529471933841705,0,121
candidate,20261165,3,0,-25.0,3.0,0,0,0,0,0,0,0,0.03333333333333333,60,2.347105244795481,3.0184157192707057,3.177005797624588,0,121
candidate,20261166,0,1,-27.0,3.0,0,0,0,0,0,0,0,0.02,50,2.446652464568615,3.1292576342821117,3.2739676535129547,0,101
candidate,20261166,1,1,-27.0,3.0,0,0,0,0,0,0,0,0.018867924528301886,53,2.462659031152725,3.3766310662031174,3.493770956993103,0,107
candidate,20261166,2,1,-8.0,2.5,0,0,0,0,0,0,0,0.0,60,2.5089926396807036,3.766934014856815,3.901991993188858,0,120
candidate,20261166,3,1,-27.0,3.0,0,0,0,0,0,0,0,0.02,50,2.3559321463108063,3.134858049452305,3.2180361449718475,0,101
candidate,20261167,0,2,60.0,1.0,1,1,0,0,0,0,0,0.06,50,2.4440444260835648,3.2953417859971523,3.3289995044469833,0,99
candidate,20261167,1,2,32.0,1.0,1,0,0,0,0,0,0,0.020833333333333332,48,2.4993233770752945,3.546837531030178,3.6172717809677124,0,96
candidate,20261167,2,2,-16.0,4.0,0,0,1,8,0,0,0,0.0,34,2.4836146108367863,3.4729550592601295,3.6423224955797195,0,68
candidate,20261167,3,2,-8.0,2.5,0,0,0,0,0,0,0,0.0,29,2.416509428414805,3.3196870237588882,3.330286592245102,0,58
candidate,20261168,0,0,-21.0,3.0,0,0,0,0,0,0,0,0.18181818181818182,11,2.463498745452274,3.069649450480938,3.2414812594652176,0,23
candidate,20261168,1,0,35.0,1.0,1,0,0,0,0,0,0,0.058823529411764705,34,2.3742686299716724,2.9929934069514275,3.0332114547491074,0,68
candidate,20261168,2,0,-21.0,3.0,0,0,0,0,0,0,0,0.09090909090909091,11,2.4089286611838774,3.1982893124222755,3.2216012477874756,0,23
candidate,20261168,3,0,-21.0,3.0,0,0,0,0,0,0,0,0.0,11,2.241314642808654,2.6831403374671936,3.203289583325386,0,23
candidate,20261169,0,1,-17.0,3.0,0,0,0,0,0,0,0,0.03225806451612903,62,2.423724730408961,3.1749029643833637,3.224080428481102,0,125
candidate,20261169,1,1,-8.0,2.5,0,0,0,0,0,0,0,0.029850746268656716,67,2.449576645644743,3.1632082536816597,3.2061897218227386,0,134
candidate,20261169,2,1,33.0,1.0,1,0,0,0,0,0,0,0.029411764705882353,68,2.3361726335304627,3.063744492828846,3.2654330134391785,0,136
candidate,20261169,3,1,0.0,2.5,0,0,0,0,0,1,0,0.0,83,2.4081310369523177,3.3120056614279747,3.417588770389557,0,166
candidate,20261170,0,2,51.0,1.0,1,1,0,0,0,0,0,0.03278688524590164,61,2.406817479211776,3.013940528035164,3.2721608877182007,0,121
candidate,20261170,1,2,-20.0,3.0,0,0,0,0,0,0,0,0.0,56,2.499203363965665,3.4714024513959885,3.6894194781780243,0,113
candidate,20261170,2,2,-20.0,3.0,0,0,0,0,0,0,0,0.0,56,2.597033811200942,3.760762047022581,3.9261654019355774,0,113
candidate,20261170,3,2,-20.0,3.0,0,0,0,0,0,0,0,0.0,56,2.486466529912182,3.424684051424265,3.4729260951280594,0,113
candidate,20261171,0,3,-21.0,3.0,0,0,0,0,0,0,0,0.1111111111111111,27,2.4601140369971595,3.161643259227276,3.272242844104767,0,55
candidate,20261171,1,3,-21.0,3.0,0,0,0,0,0,0,0,0.09523809523809523,21,2.4224726394528435,3.0236896127462387,3.17244790494442,0,43
candidate,20261171,2,3,-21.0,3.0,0,0,0,0,0,0,0,0.0,21,2.422859360064779,3.2867807894945145,3.3248402178287506,0,43
candidate,20261171,3,3,63.0,1.0,1,1,0,0,0,0,0,0.0,22,2.3839138448238373,3.456020075827837,3.4639500081539154,0,43
candidate,20261172,0,1,-8.0,2.5,0,0,0,0,0,0,0,0.03333333333333333,30,2.4755864714582763,3.2114237546920776,3.280768170952797,0,60
candidate,20261172,1,1,43.0,1.0,1,0,0,0,0,0,0,0.06666666666666667,30,2.3876809204618135,3.0410028994083405,3.369862213730812,0,60
candidate,20261172,2,1,-17.0,3.0,0,0,0,0,0,0,0,0.0,38,2.4417208409623097,3.247327823191881,3.9728116244077682,0,77
candidate,20261172,3,1,-27.0,4.0,0,0,1,19,0,0,0,0.0,34,2.4004576399045834,3.2162013463675976,3.246001899242401,0,68
candidate,20261173,0,3,34.0,1.0,1,0,0,0,0,0,0,0.0,49,2.6452061625159518,3.7880074232816696,4.104681313037872,0,98
candidate,20261173,1,3,39.0,1.0,1,0,0,0,0,0,0,0.0,83,2.5355804217867104,3.4431172534823418,3.5056304186582565,0,166
candidate,20261173,2,3,-18.0,4.0,0,0,1,10,0,0,0,0.0196078431372549,51,2.4099727252534793,3.2288720831274986,3.2556001096963882,0,103
candidate,20261173,3,3,-33.0,3.0,0,0,0,0,0,0,0,0.017543859649122806,57,2.7245550759528814,3.6845009773969597,5.0218552350997925,0,114
candidate,20261174,0,1,-8.0,2.5,0,0,0,0,0,0,0,0.0,32,2.4544778279960155,3.140631690621376,3.228805959224701,0,64
candidate,20261174,1,1,40.0,1.0,1,0,0,0,0,0,0,0.1,30,2.3131055757403374,3.002192825078964,3.1381528824567795,0,60
candidate,20261174,2,1,-20.0,4.0,0,0,1,12,0,0,0,0.0,38,2.409875196845908,3.2246864400804043,3.23653407394886,0,76
candidate,20261174,3,1,-8.0,2.5,0,0,0,0,0,0,0,0.0,30,2.40761029223601,3.3335281535983086,3.4096576273441315,0,60
candidate,20261175,0,3,-17.0,4.0,0,0,1,9,0,0,0,0.061224489795918366,49,2.5134772746538627,3.237807005643844,3.5599805414676666,0,98
candidate,20261175,1,3,67.0,1.0,1,0,0,0,0,0,0,0.014925373134328358,67,2.513502293558263,3.536305204033851,3.821633756160736,0,134
candidate,20261175,2,3,51.0,1.0,1,1,0,0,0,0,0,0.024096385542168676,83,2.501425389424864,3.3321589231491084,3.46512533724308,0,165
candidate,20261175,3,3,37.0,1.0,1,0,0,0,0,0,0,0.0,79,2.493784491774402,3.7367383018136024,4.155963659286499,0,158
candidate,20261176,0,2,32.0,1.0,1,0,0,0,0,0,0,0.04,25,2.5103211402893066,3.333953022956848,3.339255228638649,0,50
candidate,20261176,1,2,-16.0,4.0,0,0,1,8,0,0,0,0.0,25,2.481163516640663,3.3278070390224457,3.42748686671257,0,50
candidate,20261176,2,2,99.0,1.0,1,1,0,0,0,0,0,0.0,47,2.379589337617793,3.21164857596159,3.2803956419229507,0,93
candidate,20261176,3,2,-8.0,2.5,0,0,0,0,0,0,0,0.04,25,2.365751788020134,3.291945904493332,3.4208372235298157,0,50
candidate,20261177,0,1,-22.0,4.0,0,0,1,14,0,0,0,0.0,25,2.473442181944847,3.195326030254364,3.2464489340782166,0,50
candidate,20261177,1,1,-8.0,2.5,0,0,0,0,0,0,0,0.047619047619047616,21,2.3236083132880077,2.8935056179761887,2.9121264815330505,0,42
candidate,20261177,2,1,-8.0,2.5,0,0,0,0,0,0,0,0.047619047619047616,21,2.3379330301568624,3.0590444803237915,3.106461837887764,0,42
candidate,20261177,3,1,38.0,1.0,1,0,0,0,0,0,0,0.047619047619047616,21,2.372128356780325,3.2828673720359802,3.3266209065914154,0,42
candidate,20261178,0,1,-8.0,2.5,0,0,0,0,0,0,0,0.0,39,2.4453925971801462,3.194539435207844,3.2508522272109985,0,78
candidate,20261178,1,1,35.0,1.0,1,0,0,0,0,0,0,0.02564102564102564,39,2.4175822066190915,3.3027347177267075,3.385094925761223,0,78
candidate,20261178,2,1,-8.0,2.5,0,0,0,0,0,0,0,0.0,39,2.4215239935960526,3.4362593665719032,3.5753753036260605,0,78
candidate,20261178,3,1,-19.0,4.0,0,0,1,11,0,0,0,0.020833333333333332,48,2.4258907651528716,3.3547631464898586,3.635633736848831,0,96
candidate,20261179,0,0,-8.0,2.5,0,0,0,0,0,0,0,0.015384615384615385,65,2.745717133467014,4.053820297122002,4.843439906835556,0,130
candidate,20261179,1,0,69.0,1.0,1,1,0,0,0,0,0,0.02040816326530612,49,2.3884751206758073,3.077973797917366,3.127019852399826,0,97
candidate,20261179,2,0,-18.0,4.0,0,0,1,10,0,0,0,0.015384615384615385,65,2.393872720690874,3.230515494942665,3.304043784737587,0,130
candidate,20261179,3,0,-8.0,2.5,0,0,0,0,0,0,0,0.0,44,2.4633296257392927,3.501461911946535,3.530709072947502,0,88
candidate,20261180,0,2,10.0,2.0,0,0,0,0,0,0,0,0.046153846153846156,65,2.34218044922902,2.806529775261879,3.150932490825653,1,132
candidate,20261180,1,2,32.0,1.0,1,0,0,0,0,0,0,0.06666666666666667,30,2.3839659988880157,2.9815449379384518,3.1205229461193085,0,60
candidate,20261180,2,2,-16.0,4.0,0,0,1,8,0,0,0,0.0,30,2.5140995159745216,3.554641641676426,3.6221910268068314,0,60
candidate,20261180,3,2,-8.0,2.5,0,0,0,0,0,0,0,0.0,30,2.3813011745611825,3.2908637076616287,3.361757844686508,0,60
candidate,20261181,0,0,48.0,1.0,1,0,0,0,0,0,0,0.0,45,2.449400184883012,3.2563094049692154,3.3023767173290253,0,90
candidate,20261181,1,0,-37.0,3.0,0,0,0,0,0,0,0,0.021739130434782608,46,2.4072722248409106,3.2968446612358093,3.4429077059030533,0,93
candidate,20261181,2,0,39.0,1.0,1,0,0,0,0,0,0,0.06382978723404255,47,2.339800899016096,2.9467860236763954,3.2853223383426666,0,94
candidate,20261181,3,0,-8.0,2.5,0,0,0,0,0,0,0,0.0,45,2.400899844037162,3.183938190340996,3.199758008122444,0,90
candidate,20261182,0,3,-16.0,3.0,0,0,0,0,0,0,0,0.047619047619047616,21,2.465536729210899,3.115801140666008,3.2995641231536865,0,43
candidate,20261182,1,3,48.0,1.0,1,1,0,0,0,0,0,0.0,22,2.4521756409244104,3.53895565494895,3.569217398762703,0,43
candidate,20261182,2,3,-16.0,3.0,0,0,0,0,0,0,0,0.09523809523809523,21,2.44304919171901,3.1612906605005264,3.2153408974409103,0,43
candidate,20261182,3,3,-19.0,3.0,0,0,0,0,0,0,0,0.041666666666666664,24,2.419868716970086,3.2359782606363297,3.2987724989652634,0,49
candidate,20261183,0,1,-29.0,3.0,0,0,0,0,0,0,0,0.02857142857142857,35,2.503464158092226,3.3088501542806625,3.3757053315639496,0,71
candidate,20261183,1,1,43.0,1.0,1,0,0,0,0,0,0,0.0,30,2.54521860430638,3.5864127799868584,3.782639279961586,0,60
candidate,20261183,2,1,-8.0,2.5,0,0,0,0,0,0,0,0.029411764705882353,34,2.371938680024708,3.141523152589798,3.155237063765526,0,68
candidate,20261183,3,1,-27.0,4.0,0,0,1,19,0,0,0,0.0,30,2.472763198117415,3.331025503575802,3.3743083477020264,0,60
candidate,20261184,0,1,-8.0,2.5,0,0,0,0,0,0,0,0.05555555555555555,36,2.3799041389591165,2.948189154267311,3.2503027468919754,0,72
candidate,20261184,1,1,33.0,1.0,1,0,0,0,0,0,0,0.13043478260869565,23,2.390765463528426,3.157462924718857,3.2342951744794846,0,46
candidate,20261184,2,1,35.0,1.0,1,0,0,0,0,0,0,0.0,14,2.5519306904503276,3.757437225431204,4.181800410151482,0,28
candidate,20261184,3,1,-19.0,4.0,0,0,1,11,0,0,0,0.0,36,2.429017693632179,3.274941351264715,3.300085663795471,0,72
candidate,20261185,0,1,-8.0,2.5,0,0,0,0,0,0,0,0.03773584905660377,53,2.4041799512111917,2.9491327702999115,3.1729061156511307,0,106
candidate,20261185,1,1,-19.0,4.0,0,0,1,11,0,0,0,0.05405405405405406,37,2.4051596284718126,3.2003872096538544,3.2531246542930603,0,74
candidate,20261185,2,1,-8.0,2.5,0,0,0,0,0,0,0,0.022727272727272728,44,2.4284650571644306,3.2482193782925606,3.405507653951645,0,88
candidate,20261185,3,1,10.0,2.0,0,0,0,0,0,0,0,0.043478260869565216,69,2.3611835811449136,2.9990959912538524,3.2541193068027496,1,139
candidate,20261186,0,3,-20.0,4.0,0,0,1,12,0,0,0,0.037037037037037035,54,2.43172784232431,3.036588244140148,3.337206318974495,0,108
candidate,20261186,1,3,-8.0,2.5,0,0,0,0,0,0,0,0.05128205128205128,39,2.3941527096888957,3.3122656866908073,3.4224558621644974,0,78
candidate,20261186,2,3,-8.0,2.5,0,0,0,0,0,0,0,0.06818181818181818,44,2.32822054319761,2.9490173794329166,3.1167715787887573,0,88
candidate,20261186,3,3,-17.0,4.0,0,0,1,9,0,0,0,0.0,36,2.405691322767072,3.226702567189932,3.315512090921402,0,72
candidate,20261187,0,3,-17.0,3.0,0,0,0,0,0,0,0,0.017543859649122806,57,2.491773547310578,3.3159293234348297,3.434211015701294,0,115
candidate,20261187,1,3,-8.0,2.5,0,0,0,0,0,0,0,0.0,44,2.528222447091883,3.4106370992958546,3.505021333694458,0,88
candidate,20261187,2,3,37.0,1.0,1,0,0,0,0,0,0,0.0,44,2.4733297018842264,3.547404520213604,3.582209348678589,0,88
candidate,20261187,3,3,-17.0,3.0,0,0,0,0,0,0,0,0.017543859649122806,57,2.3924577654453745,3.214457631111145,3.2949913293123245,0,115
candidate,20261188,0,1,-8.0,2.5,0,0,0,0,0,0,0,0.0,39,2.471849561119691,3.1651029363274574,3.33477184176445,0,78
candidate,20261188,1,1,78.0,1.0,1,1,0,0,0,0,0,0.017857142857142856,56,2.5098311182643687,3.568243235349655,3.714967519044876,0,111
candidate,20261188,2,1,-22.0,3.0,0,0,0,0,0,0,0,0.027777777777777776,72,2.331390744075179,2.929806709289551,3.0512604862451553,0,145
candidate,20261188,3,1,-8.0,2.5,0,0,0,0,0,0,0,0.07692307692307693,39,2.321031995308705,3.0866416171193123,3.1005553901195526,0,78
candidate,20261189,0,3,-8.0,2.5,0,0,0,0,0,0,0,0.018867924528301886,53,2.448447786693303,3.087548166513443,3.2511763274669647,0,106
candidate,20261189,1,3,-17.0,4.0,0,0,1,9,0,0,0,0.05263157894736842,57,2.4309044279027403,3.3336877822875977,3.480624407529831,0,114
candidate,20261189,2,3,33.0,1.0,1,0,0,0,0,0,0,0.018867924528301886,53,2.3950602999835646,3.29233780503273,3.3596549183130264,0,106
candidate,20261189,3,3,-8.0,2.5,0,0,0,0,0,0,0,0.061224489795918366,49,2.3355086010937787,3.260999545454979,3.4049954265356064,0,98
candidate,20261190,0,1,-8.0,2.5,0,0,0,0,0,0,0,0.0,57,2.4681624940090012,3.376796469092369,3.528343513607979,0,114
candidate,20261190,1,1,38.0,1.0,1,0,0,0,0,0,0,0.07017543859649122,57,2.427376577990097,3.227950632572174,3.2448675483465195,0,114
candidate,20261190,2,1,-24.0,3.0,0,0,0,0,0,0,0,0.0,58,2.5839973241090775,3.7196388468146324,3.9882324635982513,0,117
candidate,20261190,3,1,54.0,1.0,1,1,0,0,0,0,0,0.0,53,2.5013646567767522,3.7495110183954234,4.072228446602821,0,105
candidate,20261191,0,0,-19.0,3.0,0,0,0,0,0,0,0,0.0,53,2.4800374401065537,3.4810349345207214,3.5868529230356216,0,107
candidate,20261191,1,0,-8.0,2.5,0,0,0,0,0,0,0,0.0,43,2.383000845479411,3.0656786635518074,3.110066056251526,0,86
candidate,20261191,2,0,-8.0,2.5,0,0,0,0,0,0,0,0.05263157894736842,38,2.3437250209482094,2.9038406908512115,2.961849793791771,0,76
candidate,20261191,3,0,54.0,1.0,1,1,0,0,0,0,0,0.018518518518518517,54,2.4339317309635655,3.400443121790886,3.616020083427429,0,107
candidate,20261192,0,2,46.0,1.0,1,0,0,0,0,0,0,0.0,54,2.546853109918259,3.567549679428339,3.812495619058609,0,108
candidate,20261192,1,2,36.0,1.0,1,0,0,0,0,0,0,0.0,43,2.559308569098628,3.6036254838109016,3.711787983775139,0,86
candidate,20261192,2,2,-8.0,2.5,0,0,0,0,0,0,0,0.0,54,2.4572127947100886,3.393380902707576,3.60679067671299,0,108
candidate,20261192,3,2,-8.0,2.5,0,0,0,0,0,0,0,0.0,47,2.4719786770800325,3.42425424605608,3.6012958735227585,0,94
candidate,20261193,0,1,-21.0,3.0,0,0,0,0,0,0,0,0.044444444444444446,45,2.475616128908263,3.422936424612999,3.5517755895853043,0,91
candidate,20261193,1,1,72.0,1.0,1,1,0,0,0,0,0,0.0,42,2.530840713353384,3.5126509144902225,3.5785268992185593,0,83
candidate,20261193,2,1,-21.0,3.0,0,0,0,0,0,0,0,0.06666666666666667,45,2.2756451533900366,2.7328670024871826,2.9811952263116837,0,91
candidate,20261193,3,1,-21.0,3.0,0,0,0,0,0,0,0,0.022222222222222223,45,2.358563823832406,2.937769517302513,3.037000074982643,0,91
candidate,20261194,0,0,-8.0,2.5,0,0,0,0,0,0,0,0.0,48,2.486616101426383,3.155665472149849,3.7044379860162735,0,96
candidate,20261194,1,0,-8.0,2.5,0,0,0,0,0,0,0,0.0,60,2.4766404181718826,3.269868902862072,3.311699256300926,0,120
candidate,20261194,2,0,0.0,2.5,0,0,0,0,0,1,0,0.0,83,2.431783825159073,3.309975750744343,3.378976136445999,0,167
candidate,20261194,3,0,-21.0,4.0,0,0,1,13,0,0,0,0.016666666666666666,60,2.4491009302437305,3.3263735473155975,3.362167626619339,0,120
candidate,20261195,0,0,-21.0,3.0,0,0,0,0,0,0,0,0.0273972602739726,73,2.6601744841222894,3.6903128027915932,4.533855244517326,0,147
candidate,20261195,1,0,35.0,1.0,1,0,0,0,0,0,0,0.046511627906976744,43,2.420125442535378,3.111396729946136,6.124578416347504,0,86
candidate,20261195,2,0,-8.0,2.5,0,0,0,0,0,0,0,0.0,42,2.555652965037596,3.4242969006299973,5.169980227947235,0,84
candidate,20261195,3,0,-8.0,2.5,0,0,0,0,0,0,0,0.023809523809523808,42,2.4245582698356536,3.330465964972973,3.4498199820518494,0,84
candidate,20261196,0,1,32.0,1.0,1,0,0,0,0,0,0,0.015384615384615385,65,2.5027626982102027,3.205292671918869,6.437219679355621,0,130
candidate,20261196,1,1,0.0,2.5,0,0,0,0,0,1,1,0.0,85,2.5420939001966927,3.387495130300522,4.573861137032509,0,170
candidate,20261196,2,1,0.0,2.5,0,0,0,0,0,1,1,0.0,85,2.4731836336500503,3.3015649765729904,6.156535819172859,0,170
candidate,20261196,3,1,0.0,2.5,0,0,0,0,0,1,1,0.011904761904761904,84,2.6181796565651894,4.229444544762373,4.6064406633377075,0,168
candidate,20261197,0,1,-8.0,2.5,0,0,0,0,0,0,0,0.02857142857142857,35,2.50907087964671,3.2300669699907303,4.553264006972313,0,70
candidate,20261197,1,1,-19.0,4.0,0,0,1,11,0,0,0,0.0,39,2.444062190942275,3.290785849094391,3.3381469547748566,0,78
candidate,20261197,2,1,35.0,1.0,1,0,0,0,0,0,0,0.02564102564102564,39,2.4358926770778804,3.389122523367405,4.907501861453056,0,78
candidate,20261197,3,1,-21.0,3.0,0,0,0,0,0,0,0,0.08695652173913043,46,2.348404742129471,3.045277204364538,3.127722069621086,0,93
candidate,20261198,0,0,-8.0,2.5,0,0,0,0,0,0,0,0.05172413793103448,58,2.361140631396195,2.817871794104576,3.2910779118537903,0,116
candidate,20261198,1,0,-16.0,4.0,0,0,1,8,0,0,0,0.01639344262295082,61,2.471200205752107,3.094380721449852,7.624365389347076,0,122
candidate,20261198,2,0,-8.0,2.5,0,0,0,0,0,0,0,0.0,61,2.450020647928363,3.2770130783319473,3.338063135743141,0,122
candidate,20261198,3,0,-16.0,4.0,0,0,1,8,0,0,0,0.0,39,2.429090774594209,3.2423535361886024,4.22564335167408,0,78
candidate,20261199,0,1,-17.0,3.0,0,0,0,0,0,0,0,0.034482758620689655,58,2.400528382638405,2.939252555370331,3.2570771872997284,0,117
candidate,20261199,1,1,-8.0,2.5,0,0,0,0,0,0,0,0.023809523809523808,42,2.506268742893423,3.322684951126575,3.523683175444603,0,84
candidate,20261199,2,1,-8.0,2.5,0,0,0,0,0,0,0,0.04878048780487805,41,2.3037883930089995,2.878522500395775,3.0032433569431305,0,82
candidate,20261199,3,1,-16.0,4.0,0,0,1,8,0,0,0,0.04878048780487805,41,2.34669665010964,2.9239878058433533,2.9818620532751083,0,82
candidate,20261200,0,0,-8.0,2.5,0,0,0,0,0,0,0,0.023809523809523808,42,2.456430434471085,3.3304049633443356,3.4179911017417908,0,84
candidate,20261200,1,0,39.0,1.0,1,0,0,0,0,0,0,0.07142857142857142,42,2.390291009630476,3.1548071652650833,3.177966922521591,0,84
candidate,20261200,2,0,-24.0,4.0,0,0,1,16,0,0,0,0.0,37,2.4926555720535486,3.4542419016361237,3.56450118124485,0,74
candidate,20261200,3,0,-23.0,4.0,0,0,1,15,0,0,0,0.023809523809523808,42,2.4797016577351663,3.4422029741108413,3.716554492712021,0,84
candidate,20261201,0,3,-8.0,2.5,0,0,0,0,0,0,0,0.01694915254237288,59,2.4147544498160736,2.990478090941906,3.2159797847270966,0,118
candidate,20261201,1,3,32.0,1.0,1,0,0,0,0,0,0,0.01694915254237288,59,2.4540954095832372,3.3887619152665134,3.470374271273613,0,118
candidate,20261201,2,3,41.0,1.0,1,0,0,0,0,0,0,0.0,77,2.4728268481694258,3.3882152289152145,3.5351794213056564,0,154
candidate,20261201,3,3,-16.0,4.0,0,0,1,8,0,0,0,0.01694915254237288,59,2.3710975833868577,3.078251332044601,3.215974196791649,0,118
candidate,20261202,0,2,-8.0,2.5,0,0,0,0,0,0,0,0.0,80,2.4853249080479145,3.2273822464048862,3.435315564274788,0,160
candidate,20261202,1,2,-21.0,3.0,0,0,0,0,0,0,0,0.02040816326530612,49,2.5254777271528632,3.5728931427001953,3.7263520061969757,0,99
candidate,20261202,2,2,-8.0,2.5,0,0,0,0,0,0,0,0.0,57,2.519263477440466,3.395316377282142,3.585033118724823,0,114
candidate,20261202,3,2,-21.0,3.0,0,0,0,0,0,0,0,0.02040816326530612,49,2.442494642977812,3.1713724136352535,3.2997988164424896,0,99
candidate,20261203,0,3,-20.0,4.0,0,0,1,12,0,0,0,0.0,36,2.5410021448300943,3.384785261005163,3.4973714500665665,0,72
candidate,20261203,1,3,-22.0,3.0,0,0,0,0,0,0,0,0.015625,64,2.4103075556922704,3.0070799402892585,3.308752551674843,0,129
candidate,20261203,2,3,36.0,1.0,1,0,0,0,0,0,0,0.0,36,2.493186336424616,3.4858440048992634,3.7618130445480347,0,72
candidate,20261203,3,3,-8.0,2.5,0,0,0,0,0,0,0,0.025,40,2.4172693956643343,3.2625339925289154,3.307601436972618,0,80
candidate,20261204,0,2,-21.0,3.0,0,0,0,0,0,0,0,0.0,48,2.4869473030169806,3.19609846919775,3.238620236515999,0,97
candidate,20261204,1,2,-21.0,3.0,0,0,0,0,0,0,0,0.0,46,2.4816250509541966,3.220914863049984,3.3004898577928543,0,93
candidate,20261204,2,2,63.0,1.0,1,1,0,0,0,0,0,0.0,47,2.4070966433971486,3.259516693651676,3.282785415649414,0,93
candidate,20261204,3,2,50.0,1.0,1,0,0,0,0,0,0,0.0,45,2.43526982764403,3.344462811946869,3.3725909888744354,0,90
candidate,20261205,0,1,84.0,1.0,1,1,0,0,0,0,0,0.05970149253731343,67,2.414045716399577,3.076112270355224,3.2172761857509613,0,134
candidate,20261205,1,1,48.0,1.0,1,1,0,0,0,0,0,0.015151515151515152,66,2.4123100394552406,3.1422581523656845,3.2663270831108093,0,131
candidate,20261205,2,1,-8.0,2.5,0,0,0,0,0,0,0,0.022727272727272728,44,2.3780106143517927,2.996729128062725,3.183329477906227,0,88
candidate,20261205,3,1,-28.0,3.0,0,0,0,0,0,0,0,0.0,65,2.527449194055337,3.4572675824165344,3.5077370703220367,0,131
