model,wall_seed,seat,prevalent_wind,score,rank,win,self_draw,deal_in,deal_in_fan,big_deal_in,draw,draw_tenpai,call_rate,decisions,mean_decision_ms,p95_decision_ms,max_decision_ms,invalid_or_timeout,steps
candidate,20260706,0,3,35.0,1.0,1,0,0,0,0,0,0,0.075,40,11.654617916792631,3.1261591240763633,373.6437950283289,0,80
candidate,20260706,1,3,-17.0,4.0,0,0,1,9,0,0,0,0.09090909090909091,33,2.4016507985917004,2.856232225894928,5.878273397684097,0,66
candidate,20260706,2,3,-19.0,4.0,0,0,1,11,0,0,0,0.0,36,2.4336310000055366,3.2741674222052097,3.5295728594064713,0,72
candidate,20260706,3,3,-8.0,2.5,0,0,0,0,0,0,0,0.0,40,2.3223099298775196,2.8657780960202217,4.672067239880562,0,80
candidate,20260707,0,1,-8.0,2.5,0,0,0,0,0,0,0,0.019230769230769232,52,2.419662482749957,2.847763430327177,4.972906783223152,0,104
candidate,20260707,1,1,-29.0,4.0,0,0,1,21,0,0,0,0.04477611940298507,67,2.3656231142691713,2.9500704258680344,3.0100885778665543,0,134
candidate,20260707,2,1,-8.0,2.5,0,0,0,0,0,0,0,0.014925373134328358,67,2.303230451114142,2.7872502803802486,2.8648842126131058,0,134
candidate,20260707,3,1,45.0,1.0,1,0,0,0,0,0,0,0.014925373134328358,67,2.4662946642779593,3.5147514194250102,4.754591733217239,0,134
candidate,20260708,0,0,102.0,1.0,1,1,0,0,0,0,0,0.0,45,2.7800714804066553,4.25487756729126,4.990000277757645,0,89
candidate,20260708,1,0,-34.0,3.0,0,0,0,0,0,0,0,0.045454545454545456,44,2.2879181514409455,2.717914152890444,2.8362534940242767,0,89
candidate,20260708,2,0,-34.0,3.0,0,0,0,0,0,0,0,0.045454545454545456,44,2.3164432495832443,2.6119405403733253,5.3996741771698,0,89
candidate,20260708,3,0,-34.0,3.0,0,0,0,0,0,0,0,0.022727272727272728,44,2.352487549863078,2.799482923001051,5.91551698744297,0,89
candidate,20260709,0,1,-8.0,2.5,0,0,0,0,0,0,0,0.0,28,2.3713876892413412,2.8283673338592052,3.0338112264871597,0,56
candidate,20260709,1,1,-19.0,4.0,0,0,1,11,0,0,0,0.0,26,2.3234692903665395,2.7912897057831287,2.8178393840789795,0,52
candidate,20260709,2,1,-8.0,2.5,0,0,0,0,0,0,0,0.022727272727272728,44,2.3645699362863195,2.8532199561595917,4.598196595907211,0,88
candidate,20260709,3,1,35.0,1.0,1,0,0,0,0,0,0,0.03571428571428571,28,2.299404703080654,3.0480726622045036,3.156464546918869,0,56
candidate,20260710,0,2,-23.0,3.0,0,0,0,0,0,0,0,0.0,29,2.3958488399612494,2.895475924015045,2.937549725174904,0,59
candidate,20260710,1,2,69.0,1.0,1,1,0,0,0,0,0,0.0,30,2.412142294148604,3.0968120321631427,3.825698047876358,0,59
candidate,20260710,2,2,-23.0,3.0,0,0,0,0,0,0,0,0.034482758620689655,29,2.2895934766736525,2.7965031564235687,2.8190836310386658,0,59
candidate,20260710,3,2,-23.0,3.0,0,0,0,0,0,0,0,0.0,29,2.363663230990541,2.976919710636139,3.052718937397003,0,59
candidate,20260711,0,3,-24.0,3.0,0,0,0,0,0,0,0,0.0,74,2.5180449105195097,3.180845733731985,4.140008240938187,0,149
candidate,20260711,1,3,57.0,1.0,1,1,0,0,0,0,0,0.02702702702702703,74,2.3101743914791055,2.747122198343277,3.9419159293174744,0,147
candidate,20260711,2,3,-8.0,2.5,0,0,0,0,0,0,0,0.0,68,2.407788052497541,3.140745311975479,3.2832007855176926,0,136
candidate,20260711,3,3,-8.0,2.5,0,0,0,0,0,0,0,0.024390243902439025,41,2.2944294643111345,2.835474908351898,2.9073860496282578,0,82
candidate,20260712,0,1,-8.0,2.5,0,0,0,0,0,0,0,0.038461538461538464,52,2.3027105758396478,2.661043871194124,2.8237495571374893,0,104
candidate,20260712,1,1,52.0,1.0,1,0,0,0,0,0,0,0.0,52,2.474730762724693,3.3341442234814167,3.916839137673378,0,104
candidate,20260712,2,1,-28.0,3.0,0,0,0,0,0,0,0,0.0,60,2.293535197774569,2.81608859077096,2.924032509326935,0,121
candidate,20260712,3,1,84.0,1.0,1,1,0,0,0,0,0,0.06557377049180328,61,2.210094975154908,2.538062632083893,2.750752493739128,0,121
candidate,20260713,0,0,48.0,1.0,1,0,0,0,0,0,0,0.0,56,2.3598079569637775,2.864707726985216,2.957616001367569,0,112
candidate,20260713,1,0,-22.0,3.0,0,0,0,0,0,0,0,0.01694915254237288,59,2.3100524193654626,2.8450509533286095,3.2341238111257553,0,119
candidate,20260713,2,0,-18.0,3.0,0,0,0,0,0,0,0,0.03333333333333333,60,2.262705688675245,2.7066959999501705,2.8208699077367783,0,121
candidate,20260713,3,0,33.0,1.0,1,0,0,0,0,0,0,0.04878048780487805,41,2.266889074590148,2.6849601417779922,3.237975761294365,0,82
candidate,20260714,0,0,-8.0,2.5,0,0,0,0,0,0,0,0.02564102564102564,39,2.390202516928697,3.0398864299058914,3.0830930918455124,0,78
candidate,20260714,1,0,-8.0,2.5,0,0,0,0,0,0,0,0.04878048780487805,41,2.303657871557445,2.7671996504068375,2.8254203498363495,0,82
candidate,20260714,2,0,-16.0,4.0,0,0,1,8,0,0,0,0.0,41,2.3468618349331183,3.0976440757513046,3.5573001950979233,0,82
candidate,20260714,3,0,32.0,1.0,1,0,0,0,0,0,0,0.024390243902439025,41,2.355449401387354,3.1378399580717087,3.19843553006649,0,82
candidate,20260715,0,1,108.0,1.0,1,1,0,0,0,0,0,0.03571428571428571,56,2.3166163757975613,2.7992459945380688,3.2850466668605804,0,111
candidate,20260715,1,1,33.0,1.0,1,0,0,0,0,0,0,0.0,62,2.4548778911271403,3.259282186627388,3.5945475101470947,0,124
candidate,20260715,2,1,-17.0,4.0,0,0,1,9,0,0,0,0.016129032258064516,62,2.313523523269161,2.848294749855995,2.95858271420002,0,124
candidate,20260715,3,1,35.0,1.0,1,0,0,0,0,0,0,0.01639344262295082,61,2.280867826498923,2.8275568038225174,2.9026102274656296,0,122
candidate,20260716,0,1,-8.0,2.5,0,0,0,0,0,0,0,0.0,40,2.393859438598156,2.9813503846526146,3.206798806786537,0,80
candidate,20260716,1,1,42.0,1.0,1,0,0,0,0,0,0,0.037037037037037035,27,2.369496488460788,2.9676970094442368,3.1390246003866196,0,54
candidate,20260716,2,1,-26.0,4.0,0,0,1,18,0,0,0,0.07407407407407407,27,2.2398334824376636,2.6336146518588066,2.738041803240776,0,54
candidate,20260716,3,1,-8.0,2.5,0,0,0,0,0,0,0,0.0,27,2.2817545880874,2.8621813282370567,2.9052719473838806,0,54
candidate,20260717,0,3,-24.0,4.0,0,0,1,16,0,0,0,0.0,49,2.379780407158696,2.862352132797241,3.1137969344854355,0,98
candidate,20260717,1,3,40.0,1.0,1,0,0,0,0,0,0,0.0,49,2.362656426064822,3.162473812699318,3.2413750886917114,0,98
candidate,20260717,2,3,35.0,1.0,1,0,0,0,0,0,0,0.030303030303030304,66,2.344027895367507,2.995377406477928,3.7193354219198227,0,132
candidate,20260717,3,3,-8.0,2.5,0,0,0,0,0,0,0,0.0,49,2.344749107652781,2.890462428331375,3.9698202162981033,0,98
candidate,20260718,0,2,-8.0,2.5,0,0,0,0,0,0,0,0.016129032258064516,62,2.3648880662456637,2.8067251667380333,4.656512290239334,0,124
candidate,20260718,1,2,-17.0,4.0,0,0,1,9,0,0,0,0.03225806451612903,62,2.2880483959471025,2.781965304166078,2.829337492585182,0,124
candidate,20260718,2,2,-8.0,2.5,0,0,0,0,0,0,0,0.016129032258064516,62,2.3584546100708748,2.8848987072706223,5.915384739637375,0,124
candidate,20260718,3,2,-36.0,3.0,0,0,0,0,0,0,0,0.01282051282051282,78,2.3759016528343544,3.033193666487932,4.558686167001724,0,157
candidate,20260719,0,0,32.0,1.0,1,0,0,0,0,0,0,0.012987012987012988,77,2.3837301928501624,2.8617072850465775,4.9926042556762695,0,154
candidate,20260719,1,0,-8.0,2.5,0,0,0,0,0,0,0,0.0,74,2.3175299016607775,2.8686044737696648,2.937138080596924,0,148
candidate,20260719,2,0,-16.0,4.0,0,0,1,8,0,0,0,0.03896103896103896,77,2.2499061056545804,2.635309472680092,2.83660925924778,0,154
candidate,20260719,3,0,-17.0,3.0,0,0,0,0,0,0,0,0.012345679012345678,81,2.337030008619214,3.087136894464493,3.3406484872102737,0,163
candidate,20260720,0,2,-8.0,2.5,0,0,0,0,0,0,0,0.047619047619047616,63,2.3162842151664553,2.772853523492813,2.8743911534547806,0,126
candidate,20260720,1,2,35.0,1.0,1,0,0,0,0,0,0,0.0,66,2.4262774509913996,3.2744710333645344,3.616051748394966,0,132
candidate,20260720,2,2,33.0,1.0,1,0,0,0,0,0,0,0.031746031746031744,63,2.2914368836652663,2.846532128751278,2.9224753379821777,0,126
candidate,20260720,3,2,-18.0,4.0,0,0,1,10,0,0,0,0.015625,64,2.294007455930114,2.7570544742047787,3.9745885878801346,0,128
candidate,20260721,0,1,-8.0,2.5,0,0,0,0,0,0,0,0.041666666666666664,24,2.3381387970099845,2.8743185102939606,2.874772995710373,0,48
candidate,20260721,1,1,-8.0,2.5,0,0,0,0,0,0,0,0.0,20,2.280775271356106,2.859842218458653,3.193788230419159,0,40
candidate,20260721,2,1,34.0,1.0,1,0,0,0,0,0,0,0.08333333333333333,24,2.2777040333797536,2.822153829038143,2.8832852840423584,0,48
candidate,20260721,3,1,-18.0,4.0,0,0,1,10,0,0,0,0.0,24,2.3155666422098875,2.840786427259445,2.908654510974884,0,48
candidate,20260722,0,3,34.0,1.0,1,0,0,0,0,0,0,0.05084745762711865,59,2.3051494006383217,2.6666099205613136,2.9078759253025055,0,118
candidate,20260722,1,3,-18.0,4.0,0,0,1,10,0,0,0,0.03389830508474576,59,2.3145167378045746,2.759206481277942,3.681708127260208,0,118
candidate,20260722,2,3,-8.0,2.5,0,0,0,0,0,0,0,0.03389830508474576,59,2.238028887975014,2.6713769882917404,2.679659053683281,0,118
candidate,20260722,3,3,-8.0,2.5,0,0,0,0,0,0,0,0.01694915254237288,59,2.2592368077928735,2.775464579463005,2.8364956378936768,0,118
candidate,20260723,0,0,-18.0,3.0,0,0,0,0,0,0,0,0.02702702702702703,37,2.3825164582278275,2.9219109565019603,3.033323213458061,0,75
candidate,20260723,1,0,36.0,1.0,1,0,0,0,0,0,0,0.0,39,2.328559087637143,2.850671298801899,2.871336415410042,0,78
candidate,20260723,2,0,48.0,1.0,1,1,0,0,0,0,0,0.06666666666666667,30,2.3313087100783982,3.1585678458213806,3.238340839743614,0,59
candidate,20260723,3,0,-8.0,2.5,0,0,0,0,0,0,0,0.02564102564102564,39,2.2780873741094885,2.7951532974839215,3.0768588185310364,0,78
candidate,20260724,0,2,-34.0,3.0,0,0,0,0,0,0,0,0.014925373134328358,67,2.409672614798617,3.1291386112570763,3.2171960920095444,0,135
candidate,20260724,1,2,-8.0,2.5,0,0,0,0,0,0,0,0.03333333333333333,60,2.3259034069875875,2.911208290606737,3.200208768248558,0,120
candidate,20260724,2,2,-33.0,4.0,0,0,1,25,0,0,0,0.0,59,2.35009771156109,3.1316405162215233,3.286970779299736,0,118
candidate,20260724,3,2,49.0,1.0,1,0,0,0,0,0,0,0.0,67,2.3992979871248132,3.0976565554738045,3.4078191965818405,0,134
candidate,20260725,0,2,35.0,1.0,1,0,0,0,0,0,0,0.0,61,2.510615761895649,3.2977405935525894,3.37066687643528,0,122
candidate,20260725,1,2,-17.0,3.0,0,0,0,0,0,0,0,0.047619047619047616,42,2.2814818879678134,2.7463030070066448,2.852916717529297,0,85
candidate,20260725,2,2,-8.0,2.5,0,0,0,0,0,0,0,0.0,27,2.3993451010297844,2.804729901254177,5.457064136862755,0,54
candidate,20260725,3,2,34.0,1.0,1,0,0,0,0,0,0,0.02564102564102564,78,2.3823889593283334,3.2504614442586894,3.9256680756807327,0,157
candidate,20260726,0,1,-19.0,4.0,0,0,1,11,0,0,0,0.0,68,2.4579006849842915,3.0907743610441685,4.416996613144875,0,136
candidate,20260726,1,1,-8.0,2.5,0,0,0,0,0,0,0,0.014925373134328358,67,2.3534752484132992,2.921968512237072,5.112072452902794,0,134
candidate,20260726,2,1,-8.0,2.5,0,0,0,0,0,0,0,0.015151515151515152,66,2.368324295137868,3.1951083801686764,3.5997331142425537,0,132
candidate,20260726,3,1,35.0,1.0,1,0,0,0,0,0,0,0.014705882352941176,68,2.359106424538528,2.906178869307041,6.2226783484220505,0,136
candidate,20260727,0,1,-8.0,2.5,0,0,0,0,0,0,0,0.04878048780487805,41,2.3229157143249743,2.666192129254341,2.8800107538700104,0,82
candidate,20260727,1,1,-8.0,2.5,0,0,0,0,0,0,0,0.0,41,2.397538957799353,3.1079985201358795,3.2433271408081055,0,82
candidate,20260727,2,1,-17.0,4.0,0,0,1,9,0,0,0,0.0,41,2.2905311751656416,2.811076119542122,2.832328900694847,0,82
candidate,20260727,3,1,33.0,1.0,1,0,0,0,0,0,0,0.07317073170731707,41,2.2203418448930834,2.5821104645729065,2.6109330356121063,0,82
candidate,20260728,0,1,-16.0,3.0,0,0,0,0,0,0,0,0.04878048780487805,41,2.2962530847729705,2.610383555293083,2.8163809329271317,0,83
candidate,20260728,1,1,-8.0,2.5,0,0,0,0,0,0,0,0.0,52,2.3146403523591847,2.863108180463314,2.9021799564361572,0,104
candidate,20260728,2,1,-16.0,3.0,0,0,0,0,0,0,0,0.024390243902439025,41,2.288839938800509,2.8031468391418457,2.8405040502548218,0,83
candidate,20260728,3,1,60.0,1.0,1,1,0,0,0,0,0,0.0,44,2.3271389813585714,3.234447818249464,3.392724320292473,0,87
candidate,20260729,0,3,-19.0,4.0,0,0,1,11,0,0,0,0.0,65,2.414836333348201,3.0716203153133392,3.14340740442276,0,130
candidate,20260729,1,3,34.0,1.0,1,0,0,0,0,0,0,0.0,68,2.3902296910391136,3.1304332427680492,3.2556839287281036,0,136
candidate,20260729,2,3,-8.0,2.5,0,0,0,0,0,0,0,0.014705882352941176,68,2.332459039547864,2.905673161149025,3.0033662915229797,0,136
candidate,20260729,3,3,0.0,2.5,0,0,0,0,0,1,1,0.011764705882352941,85,2.3203141110784866,2.8023574501276016,5.581064149737358,0,170
candidate,20260730,0,1,37.0,1.0,1,0,0,0,0,0,0,0.06666666666666667,60,2.305183776964744,2.6513177901506424,2.9279887676239014,0,120
candidate,20260730,1,1,-8.0,2.5,0,0,0,0,0,0,0,0.03225806451612903,31,2.3129972959718397,2.9443586245179176,2.9652323573827744,0,62
candidate,20260730,2,1,-8.0,2.5,0,0,0,0,0,0,0,0.03225806451612903,31,2.301733400071821,2.851131372153759,2.8535909950733185,0,62
candidate,20260730,3,1,33.0,1.0,1,0,0,0,0,0,0,0.03225806451612903,31,2.31092176850765,2.928469330072403,2.98912450671196,0,62
candidate,20260731,0,2,51.0,1.0,1,1,0,0,0,0,0,0.01818181818181818,55,2.3782509971748698,2.950773388147354,3.0391253530979156,0,109
candidate,20260731,1,2,-8.0,2.5,0,0,0,0,0,0,0,0.0,51,2.4776065393405804,3.4140273928642273,3.75928170979023,0,102
candidate,20260731,2,2,-17.0,3.0,0,0,0,0,0,0,0,0.018518518518518517,54,2.352482708239997,3.0944078229367733,3.1345151364803314,0,109
candidate,20260731,3,2,-8.0,2.5,0,0,0,0,0,0,0,0.022222222222222223,45,2.2679350442356534,2.7499400079250336,2.835463732481003,0,90
candidate,20260732,0,1,38.0,1.0,1,0,0,0,0,0,0,0.07142857142857142,28,2.3300450827394212,2.8592671267688274,2.8945673257112503,0,56
candidate,20260732,1,1,-8.0,2.5,0,0,0,0,0,0,0,0.02,50,2.2915707156062126,2.7488320134580135,3.007262945175171,0,100
candidate,20260732,2,1,-8.0,2.5,0,0,0,0,0,0,0,0.0,28,2.3145010428769246,2.913740463554859,2.969924360513687,0,56
candidate,20260732,3,1,-17.0,4.0,0,0,1,9,0,0,0,0.0,28,2.307091506996325,2.9160757549107075,3.041064366698265,0,56
candidate,20260733,0,1,-21.0,3.0,0,0,0,0,0,0,0,0.03076923076923077,65,2.327603818132327,2.8225455433130264,2.8901156038045883,0,131
candidate,20260733,1,1,-8.0,2.5,0,0,0,0,0,0,0,0.030303030303030304,66,2.368048877652847,2.794845961034298,5.708448588848114,0,132
candidate,20260733,2,1,63.0,1.0,1,1,0,0,0,0,0,0.015151515151515152,66,2.2946140362006244,2.899582963436842,3.115631639957428,0,131
candidate,20260733,3,1,-21.0,3.0,0,0,0,0,0,0,0,0.0,65,2.434464916586876,3.145552426576614,6.521092727780342,0,131
candidate,20260734,0,0,-18.0,3.0,0,0,0,0,0,0,0,0.02666666666666667,75,2.3557751874128976,2.754785493016243,4.795456305146217,0,151
candidate,20260734,1,0,-17.0,4.0,0,0,1,9,0,0,0,0.0,32,2.3583758156746626,3.016570582985878,3.0638035386800766,0,64
candidate,20260734,2,0,38.0,1.0,1,0,0,0,0,0,0,0.0,68,2.3160646943485035,2.9849110171198845,3.018151968717575,0,136
candidate,20260734,3,0,54.0,1.0,1,1,0,0,0,0,0,0.013888888888888888,72,2.300202768916885,2.8647741302847867,3.4772176295518875,0,143
candidate,20260735,0,3,-8.0,2.5,0,0,0,0,0,0,0,0.02127659574468085,47,2.3883360814540944,2.7821743860840797,4.558641463518143,0,94
candidate,20260735,1,3,36.0,1.0,1,0,0,0,0,0,0,0.0,52,2.351976465433836,3.0245384201407433,3.193063661456108,0,104
candidate,20260735,2,3,-8.0,2.5,0,0,0,0,0,0,0,0.0196078431372549,51,2.3311043486875644,3.0160844326019287,3.0632242560386658,0,102
candidate,20260735,3,3,-21.0,4.0,0,0,1,13,0,0,0,0.0392156862745098,51,2.338320235995685,2.84359697252512,4.900645464658737,0,102
candidate,20260736,0,0,-28.0,4.0,0,0,1,20,0,0,0,0.08571428571428572,35,2.309616655111313,2.6233484968543053,2.7830731123685837,0,70
candidate,20260736,1,0,-8.0,2.5,0,0,0,0,0,0,0,0.02857142857142857,35,2.2893771529197693,2.7470560744404793,2.818780019879341,0,70
candidate,20260736,2,0,-8.0,2.5,0,0,0,0,0,0,0,0.0,19,2.2608276064458646,2.8171563521027565,2.829901874065399,0,38
candidate,20260736,3,0,43.0,1.0,1,0,0,0,0,0,0,0.10526315789473684,19,2.2151765266531394,2.6680141687393184,2.8388909995555878,0,38
candidate,20260737,0,0,-24.0,3.0,0,0,0,0,0,0,0,0.029411764705882353,34,2.34683822183048,2.759743109345436,2.939479425549507,0,69
candidate,20260737,1,0,-24.0,3.0,0,0,0,0,0,0,0,0.0,34,2.3756247452076744,2.9584272764623165,3.0968990176916122,0,69
candidate,20260737,2,0,34.0,1.0,1,0,0,0,0,0,0,0.0,34,2.3992564529180527,3.235484473407268,3.5576485097408295,0,68
candidate,20260737,3,0,-24.0,3.0,0,0,0,0,0,0,0,0.058823529411764705,34,2.306730979505707,2.8477641753852367,2.9206164181232452,0,69
candidate,20260738,0,0,75.0,1.0,1,1,0,0,0,0,0,0.0,64,2.356822893489152,2.8633782640099525,2.904225140810013,0,129
candidate,20260738,1,0,-17.0,4.0,0,0,1,9,0,0,0,0.044444444444444446,45,2.3153400669495263,2.8226006776094437,2.853836864233017,0,90
candidate,20260738,2,0,-8.0,2.5,0,0,0,0,0,0,0,0.0,41,2.4363737916801034,3.426268696784973,3.6427732557058334,0,84
candidate,20260738,3,0,-8.0,2.5,0,0,0,0,0,0,0,0.07142857142857142,42,2.2325064720852033,2.5906211696565147,2.645255997776985,0,84
candidate,20260739,0,0,-26.0,3.0,0,0,0,0,0,0,0,0.0,36,2.5356142367753716,3.435400314629078,3.795679658651352,0,73
candidate,20260739,1,0,-26.0,3.0,0,0,0,0,0,0,0,0.027777777777777776,36,2.327184555017286,2.8326259925961494,2.8979647904634476,0,73
candidate,20260739,2,0,-26.0,3.0,0,0,0,0,0,0,0,0.0,36,2.359830101744996,3.082029055804014,3.2283440232276917,0,73
candidate,20260739,3,0,78.0,1.0,1,1,0,0,0,0,0,0.08108108108108109,37,2.23813095205539,2.595284208655357,2.9153674840927124,0,73
candidate,20260740,0,1,-8.0,2.5,0,0,0,0,0,0,0,0.0,38,2.504045633893264,3.402168396860361,4.001248627901077,0,76
candidate,20260740,1,1,-19.0,4.0,0,0,1,11,0,0,0,0.0,38,2.345071223221327,3.005820233374834,3.1248461455106735,0,76
candidate,20260740,2,1,-33.0,4.0,0,0,1,25,0,0,0,0.06,50,2.2577130794525146,2.6208270341157913,2.7050673961639404,0,100
candidate,20260740,3,1,-20.0,4.0,0,0,1,12,0,0,0,0.0,28,2.2938219564301625,2.8205687180161476,2.8923097997903824,0,56
candidate,20260741,0,1,-8.0,2.5,0,0,0,0,0,0,0,0.022727272727272728,44,2.307789611884139,2.7717278338968754,2.8366725891828537,0,88
candidate,20260741,1,1,-8.0,2.5,0,0,0,0,0,0,0,0.045454545454545456,44,2.280863171274012,2.7040201239287853,2.785937860608101,0,88
candidate,20260741,2,1,-19.0,4.0,0,0,1,11,0,0,0,0.0,45,2.3182894620630474,2.913966402411461,2.9357466846704483,0,90
candidate,20260741,3,1,35.0,1.0,1,0,0,0,0,0,0,0.045454545454545456,44,2.267219253223051,2.9208937659859657,2.9486995190382004,0,88
candidate,20260742,0,1,32.0,1.0,1,0,0,0,0,0,0,0.017857142857142856,56,2.3793029665414775,2.923884429037571,3.133697435259819,0,112
candidate,20260742,1,1,-23.0,4.0,0,0,1,15,0,0,0,0.027777777777777776,72,2.3771075842281184,3.1007695011794567,3.2807905226945877,0,144
candidate,20260742,2,1,-8.0,2.5,0,0,0,0,0,0,0,0.0,44,2.3098973218690264,2.9226357117295265,2.9808469116687775,0,88
candidate,20260742,3,1,-8.0,2.5,0,0,0,0,0,0,0,0.046875,64,2.26546946214512,2.677086368203163,2.7962885797023773,0,128
candidate,20260743,0,3,-8.0,2.5,0,0,0,0,0,0,0,0.0,22,2.5080530480905012,2.882843464612961,4.973407834768295,0,44
candidate,20260743,1,3,-8.0,2.5,0,0,0,0,0,0,0,0.0,47,2.3793104956758784,2.9601627960801125,2.993173897266388,0,94
candidate,20260743,2,3,0.0,2.5,0,0,0,0,0,1,0,0.011494252873563218,87,2.3648939256010384,2.853619121015072,5.20174577832222,0,174
candidate,20260743,3,3,0.0,2.5,0,0,0,0,0,1,0,0.0,84,2.4039846889319874,3.0287829227745533,5.770782008767128,0,168
candidate,20260744,0,3,-16.0,3.0,0,0,0,0,0,0,0,0.020833333333333332,48,2.322857268154621,2.7469721622765064,2.8257928788661957,0,97
candidate,20260744,1,3,-18.0,3.0,0,0,0,0,0,0,0,0.0,47,2.315565785194965,2.792702056467533,2.8244275599718094,0,95
candidate,20260744,2,3,-18.0,3.0,0,0,0,0,0,0,0,0.0,49,2.393637118594987,3.197047486901283,3.377750515937805,0,99
candidate,20260744,3,3,-16.0,3.0,0,0,0,0,0,0,0,0.020833333333333332,48,2.307191607542336,2.9870353639125824,3.06740403175354,0,97
candidate,20260745,0,3,57.0,1.0,1,1,0,0,0,0,0,0.03125,64,2.331085328478366,2.7659356594085693,2.8819236904382706,0,127
candidate,20260745,1,3,-19.0,3.0,0,0,0,0,0,0,0,0.047619047619047616,63,2.2609252186994704,2.8086313977837563,2.898072823882103,0,127
candidate,20260745,2,3,-8.0,2.5,0,0,0,0,0,0,0,0.046511627906976744,43,2.245847395686216,2.6774268597364426,2.7923360466957092,0,86
candidate,20260745,3,3,-19.0,3.0,0,0,0,0,0,0,0,0.015873015873015872,63,2.2711969971183747,2.7933070436120033,2.8653498739004135,0,127
candidate,20260746,0,1,-8.0,2.5,0,0,0,0,0,0,0,0.0,26,2.3887925423108616,2.9185879975557327,2.95819528400898,0,52
candidate,20260746,1,1,-8.0,2.5,0,0,0,0,0,0,0,0.07692307692307693,26,2.299903891980648,2.808797173202038,2.826554700732231,0,52
candidate,20260746,2,1,43.0,1.0,1,0,0,0,0,0,0,0.07692307692307693,26,2.2641877428843427,2.7700746431946754,3.0626803636550903,0,52
candidate,20260746,3,1,-27.0,4.0,0,0,1,19,0,0,0,0.03333333333333333,30,2.3547145227591195,3.0951598659157753,3.1897034496068954,0,60
candidate,20260747,0,3,-8.0,2.5,0,0,0,0,0,0,0,0.015384615384615385,65,2.399645975002876,3.107673674821853,3.29526886343956,0,130
candidate,20260747,1,3,0.0,2.5,0,0,0,0,0,1,0,0.0,84,2.326865880084889,2.9053394682705402,3.0899178236722946,0,168
candidate,20260747,2,3,-20.0,4.0,0,0,1,12,0,0,0,0.0,65,2.3426536470651627,2.878839895129204,5.136437714099884,0,130
candidate,20260747,3,3,-20.0,4.0,0,0,1,12,0,0,0,0.03225806451612903,62,2.246130768570208,2.6523208245635033,2.765750512480736,0,124
candidate,20260748,0,2,48.0,1.0,1,1,0,0,0,0,0,0.06557377049180328,61,2.3369890194935876,2.9094237834215164,3.015805035829544,0,121
candidate,20260748,1,2,0.0,2.5,0,0,0,0,0,1,1,0.0,83,2.403841567147209,3.1439285725355144,3.2690465450286865,0,167
candidate,20260748,2,2,0.0,2.5,0,0,0,0,0,1,1,0.011904761904761904,84,2.391936324004616,3.2799446024000645,3.3626090735197067,0,167
candidate,20260748,3,2,-17.0,4.0,0,0,1,9,0,0,0,0.0,60,2.311785581211249,2.8369897976517677,2.9405560344457626,0,121
candidate,20260749,0,3,32.0,1.0,1,0,0,0,0,0,0,0.01818181818181818,55,2.441192079674114,3.36863212287426,3.4982915967702866,0,110
candidate,20260749,1,3,-24.0,4.0,0,0,1,16,0,0,0,0.0,26,2.311088073139007,2.778293564915657,2.788268029689789,0,52
candidate,20260749,2,3,-8.0,2.5,0,0,0,0,0,0,0,0.0,34,2.296542639241499,2.8049674816429615,2.859394997358322,0,68
candidate,20260749,3,3,-8.0,2.5,0,0,0,0,0,0,0,0.038461538461538464,26,2.2503022964184103,2.695683389902115,2.7936063706874847,0,52
candidate,20260750,0,3,32.0,1.0,1,0,0,0,0,0,0,0.014705882352941176,68,2.3850183386136505,3.053906559944153,3.3582989126443863,0,137
candidate,20260750,1,3,32.0,1.0,1,0,0,0,0,0,0,0.029411764705882353,34,2.293861471116543,2.9387500137090683,3.002675250172615,0,68
candidate,20260750,2,3,-8.0,2.5,0,0,0,0,0,0,0,0.058823529411764705,34,2.226676408420591,2.610903885215521,2.620069310069084,0,68
candidate,20260750,3,3,-8.0,2.5,0,0,0,0,0,0,0,0.058823529411764705,34,2.248366308562896,2.6261691004037857,2.744670957326889,0,68
candidate,20260751,0,0,0.0,2.5,0,0,0,0,0,1,1,0.03488372093023256,86,2.344870398384194,2.8085331432521343,4.411699250340462,0,172
candidate,20260751,1,0,-22.0,3.0,0,0,0,0,0,0,0,0.03225806451612903,62,2.2780477640128907,2.5938093662261963,3.526618704199791,0,125
candidate,20260751,2,0,-8.0,2.5,0,0,0,0,0,0,0,0.0,38,2.2726562364321006,2.810884825885296,2.8578173369169235,0,76
candidate,20260751,3,0,-8.0,2.5,0,0,0,0,0,0,0,0.023255813953488372,43,2.267143884023955,2.7439622208476067,2.8207730501890182,0,86
candidate,20260752,0,2,-8.0,2.5,0,0,0,0,0,0,0,0.02,50,2.4837645888328552,3.0575839802622795,4.856374114751816,0,100
candidate,20260752,1,2,-8.0,2.5,0,0,0,0,0,0,0,0.022222222222222223,45,2.36597280535433,3.0262988060712814,3.0396878719329834,0,90
candidate,20260752,2,2,-32.0,3.0,0,0,0,0,0,0,0,0.0,58,2.3221851422868927,2.846936136484146,4.040934145450592,0,117
candidate,20260752,3,2,102.0,1.0,1,1,0,0,0,0,0,0.0,55,2.4655080315741627,3.4483147785067554,5.580168217420578,0,109
candidate,20260753,0,0,-8.0,2.5,0,0,0,0,0,0,0,0.0,66,2.4788962733564954,3.308778628706932,3.4607909619808197,0,132
candidate,20260753,1,0,-20.0,4.0,0,0,1,12,0,0,0,0.0,58,2.384052740345741,2.8519146144390106,4.781369119882584,0,116
candidate,20260753,2,0,48.0,1.0,1,0,0,0,0,0,0,0.0,66,2.2844828270149953,2.8477287851274014,2.870336174964905,0,132
candidate,20260753,3,0,-8.0,2.5,0,0,0,0,0,0,0,0.017241379310344827,58,2.3551339861647835,2.8753619641065598,6.875546649098396,0,116
candidate,20260754,0,1,-8.0,2.5,0,0,0,0,0,0,0,0.0,52,2.4523168372420163,2.8129344806075096,7.7478233724832535,0,104
candidate,20260754,1,1,-21.0,3.0,0,0,0,0,0,0,0,0.02040816326530612,49,2.3286528885364532,2.9051590710878363,3.105679526925087,0,99
candidate,20260754,2,1,-41.0,3.0,0,0,0,0,0,0,0,0.01639344262295082,61,2.330190089882397,2.7467329055070877,5.655352026224136,0,123
candidate,20260754,3,1,37.0,1.0,1,0,0,0,0,0,0,0.019230769230769232,52,2.315460560986629,2.84897955134511,2.8844214975833893,0,104
candidate,20260755,0,3,-19.0,4.0,0,0,1,11,0,0,0,0.022222222222222223,45,2.3467900024520025,2.8095297515392303,2.950413152575493,0,90
candidate,20260755,1,3,-17.0,3.0,0,0,0,0,0,0,0,0.02564102564102564,39,2.488824371726085,3.576117381453516,4.886487498879433,0,79
candidate,20260755,2,3,-8.0,2.5,0,0,0,0,0,0,0,0.0,45,2.304504646195306,2.8144415467977524,3.0863210558891296,0,90
candidate,20260755,3,3,-8.0,2.5,0,0,0,0,0,0,0,0.044444444444444446,45,2.339192976554235,3.193992376327514,3.2869763672351837,0,90
candidate,20260756,0,1,-8.0,2.5,0,0,0,0,0,0,0,0.02857142857142857,35,2.2869346929447993,2.617260627448559,2.7936697006225586,0,70
candidate,20260756,1,1,-8.0,2.5,0,0,0,0,0,0,0,0.03773584905660377,53,2.4017853978669867,2.7817949652671814,6.059369072318077,0,106
candidate,20260756,2,1,-8.0,2.5,0,0,0,0,0,0,0,0.0,53,2.5199401842535667,3.185965120792389,4.3455809354782104,0,106
candidate,20260756,3,1,36.0,1.0,1,0,0,0,0,0,0,0.018867924528301886,53,2.306684113617213,2.968478575348854,3.184346482157707,0,106
candidate,20260757,0,1,34.0,1.0,1,0,0,0,0,0,0,0.02702702702702703,37,2.5905403434424787,3.780805319547653,3.817344084382057,0,74
candidate,20260757,1,1,-18.0,4.0,0,0,1,10,0,0,0,0.0,33,2.52748467028141,3.4157458692789064,3.9788931608200073,0,66
candidate,20260757,2,1,-8.0,2.5,0,0,0,0,0,0,0,0.02702702702702703,37,2.3694335407501943,2.7584455907344805,6.463350728154182,0,74
candidate,20260757,3,1,-8.0,2.5,0,0,0,0,0,0,0,0.0,37,2.3056702134577005,2.891729399561882,2.9930472373962402,0,74
candidate,20260758,0,0,-21.0,3.0,0,0,0,0,0,0,0,0.0,42,2.5365318038633893,3.384574130177497,6.699711084365845,0,85
candidate,20260758,1,0,-21.0,3.0,0,0,0,0,0,0,0,0.0,42,2.382118565340837,3.1912263482809067,3.466350957751274,0,85
candidate,20260758,2,0,-21.0,3.0,0,0,0,0,0,0,0,0.07142857142857142,42,2.2610908019400777,2.6272887364029884,2.788415178656578,0,85
candidate,20260758,3,0,63.0,1.0,1,1,0,0,0,0,0,0.0,43,2.36357081421586,3.1965194270014763,3.2072216272354126,0,85
candidate,20260759,0,3,-20.0,3.0,0,0,0,0,0,0,0,0.016129032258064516,62,2.3551658096332706,2.845914382487535,4.913095384836197,0,125
candidate,20260759,1,3,-18.0,3.0,0,0,0,0,0,0,0,0.03125,64,2.2631885658483952,2.6281598024070263,2.7761999517679214,0,129
candidate,20260759,2,3,48.0,1.0,1,1,0,0,0,0,0,0.0,55,2.5027680464766244,3.144632093608379,4.334164783358574,0,109
candidate,20260759,3,3,-20.0,3.0,0,0,0,0,0,0,0,0.04838709677419355,62,2.3369772600070124,2.82992422580719,5.330484360456467,0,125
candidate,20260760,0,2,-16.0,3.0,0,0,0,0,0,0,0,0.0,52,2.6131760543928695,3.7569153122603893,5.497019737958908,0,105
candidate,20260760,1,2,-16.0,3.0,0,0,0,0,0,0,0,0.037037037037037035,54,2.297134794018887,2.7996121905744076,2.8272438794374466,0,109
candidate,20260760,2,2,32.0,1.0,1,0,0,0,0,0,0,0.041666666666666664,48,2.3064842292418084,2.7530270628631115,4.131581634283066,0,96
candidate,20260760,3,2,-16.0,3.0,0,0,0,0,0,0,0,0.0,52,2.2784663865772576,2.8707027435302734,2.9803402721881866,0,105
candidate,20260761,0,3,-22.0,4.0,0,0,1,14,0,0,0,0.09375,32,2.3117050295695662,2.6134555228054523,2.813110128045082,0,64
candidate,20260761,1,3,-20.0,4.0,0,0,1,12,0,0,0,0.0,73,2.473424303613297,3.3932052552700025,4.043996334075928,0,146
candidate,20260761,2,3,-8.0,2.5,0,0,0,0,0,0,0,0.0,68,2.4721816949108066,3.334589581936598,4.320135340094566,0,136
candidate,20260761,3,3,52.0,1.0,1,0,0,0,0,0,0,0.0,77,2.3022291625474955,2.852953225374222,2.963503822684288,0,154
candidate,20260762,0,0,-8.0,2.5,0,0,0,0,0,0,0,0.0,59,2.664894149717638,3.8199847564101153,6.281228736042976,0,118
candidate,20260762,1,0,-8.0,2.5,0,0,0,0,0,0,0,0.024096385542168676,83,2.29046720427921,2.736583165824413,2.8826482594013214,0,166
candidate,20260762,2,0,-20.0,4.0,0,0,1,12,0,0,0,0.012658227848101266,79,2.403088739212555,2.8859598562121382,5.875991657376289,0,158
candidate,20260762,3,0,-17.0,4.0,0,0,1,9,0,0,0,0.02702702702702703,74,2.3484738996705494,2.8246012516319747,7.165975868701935,0,148
candidate,20260763,0,1,-8.0,2.5,0,0,0,0,0,0,0,0.03225806451612903,31,2.410732450023774,3.0602840706706047,3.8385484367609024,0,62
candidate,20260763,1,1,-8.0,2.5,0,0,0,0,0,0,0,0.03225806451612903,31,2.455594318528329,3.0181650072336197,3.7849433720111847,0,62
candidate,20260763,2,1,-20.0,4.0,0,0,1,12,0,0,0,0.0,31,2.330674339205988,2.874884754419327,3.043537959456444,0,62
candidate,20260763,3,1,35.0,1.0,1,0,0,0,0,0,0,0.04285714285714286,70,2.189156413078308,2.4775617755949497,2.666683867573738,0,140
candidate,20260764,0,1,0.0,2.5,0,0,0,0,0,1,1,0.02247191011235955,89,2.3891344624623825,2.91028693318367,5.653582513332367,0,178
candidate,20260764,1,1,-8.0,2.5,0,0,0,0,0,0,0,0.025,80,2.25600004196167,2.583944797515869,2.80848890542984,0,160
candidate,20260764,2,1,-17.0,4.0,0,0,1,9,0,0,0,0.025,80,2.281329920515418,2.8333730995655055,3.123568370938301,0,160
candidate,20260764,3,1,33.0,1.0,1,0,0,0,0,0,0,0.0,80,2.429269254207611,3.317274060100317,5.223266780376434,0,160
candidate,20260765,0,2,36.0,1.0,1,0,0,0,0,0,0,0.05,40,2.3173451889306307,2.8259574435651302,2.872081473469734,0,80
candidate,20260765,1,2,-8.0,2.5,0,0,0,0,0,0,0,0.025,40,2.306987904012203,2.7927315793931484,2.891743555665016,0,80
candidate,20260765,2,2,57.0,1.0,1,1,0,0,0,0,0,0.09090909090909091,44,2.3289930329404096,2.8120587579905987,6.161017343401909,0,87
candidate,20260765,3,2,35.0,1.0,1,0,0,0,0,0,0,0.023809523809523808,42,2.3705859535506795,3.461639955639838,3.519263118505478,0,84
candidate,20260766,0,0,-39.0,3.0,0,0,0,0,0,0,0,0.0,35,2.342290697353227,2.8278330340981483,2.8560329228639603,0,71
candidate,20260766,1,0,-16.0,3.0,0,0,0,0,0,0,0,0.029411764705882353,68,2.2629369872019574,2.6377005502581596,2.9094871133565903,0,137
candidate,20260766,2,0,-16.0,3.0,0,0,0,0,0,0,0,0.04411764705882353,68,2.267105641829617,2.6886096224188805,2.8741490095853806,0,137
candidate,20260766,3,0,32.0,1.0,1,0,0,0,0,0,0,0.017543859649122806,57,2.393125311324471,2.8660152107477184,5.7186707854270935,0,114
candidate,20260767,0,3,-8.0,2.5,0,0,0,0,0,0,0,0.027777777777777776,36,2.3429360654619007,2.861033659428358,3.4162867814302444,0,72
candidate,20260767,1,3,-17.0,3.0,0,0,0,0,0,0,0,0.043478260869565216,46,2.3166273680070173,2.655330114066601,3.983365371823311,0,93
candidate,20260767,2,3,34.0,1.0,1,0,0,0,0,0,0,0.027777777777777776,36,2.3065233706600137,2.9364824295043945,3.191303461790085,0,72
candidate,20260767,3,3,-8.0,2.5,0,0,0,0,0,0,0,0.027777777777777776,36,2.2672972538404994,2.8441757895052433,2.9261503368616104,0,72
candidate,20260768,0,3,-22.0,3.0,0,0,0,0,0,0,0,0.016666666666666666,60,2.3807752256592116,2.8328128159046173,5.472363904118538,0,121
candidate,20260768,1,3,-18.0,3.0,0,0,0,0,0,0,0,0.03333333333333333,60,2.291000261902809,2.696975227445364,2.821950241923332,0,121
candidate,20260768,2,3,54.0,1.0,1,1,0,0,0,0,0,0.03278688524590164,61,2.3924207895017062,3.103502094745636,3.4214984625577927,0,121
candidate,20260768,3,3,-18.0,3.0,0,0,0,0,0,0,0,0.05,60,2.293199518074592,2.6924164965748782,5.3427014499902725,0,121
candidate,20260769,0,2,-8.0,2.5,0,0,0,0,0,0,0,0.0,58,2.494307459685309,3.6546666175127025,4.214568063616753,0,117
candidate,20260769,1,2,-8.0,2.5,0,0,0,0,0,0,0,0.0392156862745098,51,2.382462588595409,3.111582249403,4.7075022011995316,0,102
candidate,20260769,2,2,-8.0,2.5,0,0,0,0,0,0,0,0.016129032258064516,62,2.3634113791969513,2.958575915545225,6.361754611134529,0,124
candidate,20260769,3,2,-32.0,3.0,0,0,0,0,0,0,0,0.038461538461538464,78,2.2554412149848084,2.8434724546968937,3.5552717745304108,0,157
candidate,20260770,0,2,32.0,1.0,1,0,0,0,0,0,0,0.016666666666666666,60,2.3256105991701284,2.7874652296304703,2.906814217567444,0,120
candidate,20260770,1,2,-8.0,2.5,0,0,0,0,0,0,0,0.016666666666666666,60,2.6178219045201936,4.269044194370508,4.950923845171928,0,120
candidate,20260770,2,2,-16.0,4.0,0,0,1,8,0,0,0,0.05,60,2.3213235661387444,2.7968646958470345,4.799371585249901,0,120
candidate,20260770,3,2,-8.0,2.5,0,0,0,0,0,0,0,0.03571428571428571,28,2.269343805632421,2.7311814948916435,2.7467031031847,0,56
candidate,20260771,0,1,-20.0,3.0,0,0,0,0,0,0,0,0.03278688524590164,61,2.3349870118449947,2.8478410094976425,2.9541291296482086,0,123
candidate,20260771,1,1,60.0,1.0,1,1,0,0,0,0,0,0.0,62,2.3823157553711245,3.2666825689375396,3.3411607146263123,0,123
candidate,20260771,2,1,-20.0,3.0,0,0,0,0,0,0,0,0.06557377049180328,61,2.254804932191724,2.6894062757492065,2.9639117419719696,0,123
candidate,20260771,3,1,-34.0,4.0,0,0,1,26,0,0,0,0.05263157894736842,38,2.3221355911932493,2.8442613780498505,3.039248287677765,0,76
candidate,20260772,0,0,-19.0,4.0,0,0,1,11,0,0,0,0.0,25,2.417360693216324,2.844623103737831,3.3731311559677124,0,50
candidate,20260772,1,0,-8.0,2.5,0,0,0,0,0,0,0,0.0,25,2.3706696927547455,3.0170407146215434,3.3953506499528885,0,50
candidate,20260772,2,0,34.0,1.0,1,0,0,0,0,0,0,0.02857142857142857,35,2.325907668897084,2.7555588632822037,4.5580267906188965,0,70
candidate,20260772,3,0,35.0,1.0,1,0,0,0,0,0,0,0.04,25,2.391572669148445,3.171998262405395,3.682423382997513,0,50
candidate,20260773,0,3,-18.0,4.0,0,0,1,10,0,0,0,0.023255813953488372,43,2.449487184369287,3.2805934548377986,3.338102251291275,0,86
candidate,20260773,1,3,-19.0,3.0,0,0,0,0,0,0,0,0.018518518518518517,54,2.3193707758629762,2.799684647470712,3.1753070652484894,0,109
candidate,20260773,2,3,-25.0,4.0,0,0,1,17,0,0,0,0.0,49,2.3985562884077734,3.4070041030645357,4.091227427124977,0,98
candidate,20260773,3,3,-8.0,2.5,0,0,0,0,0,0,0,0.028985507246376812,69,2.342570006199505,2.8571709990501404,5.171937867999077,0,138
candidate,20260774,0,0,-19.0,3.0,0,0,0,0,0,0,0,0.0,41,2.542616436030807,3.4200362861156464,4.954125732183456,0,83
candidate,20260774,1,0,-19.0,3.0,0,0,0,0,0,0,0,0.0,41,2.393074697110711,3.016609698534012,3.5133901983499527,0,83
candidate,20260774,2,0,-19.0,3.0,0,0,0,0,0,0,0,0.024390243902439025,41,2.442105514247243,3.038788214325905,6.134944036602974,0,83
candidate,20260774,3,0,38.0,1.0,1,0,0,0,0,0,0,0.10526315789473684,38,2.3861839681079515,2.9521497897803752,5.087107419967651,0,76
candidate,20260775,0,0,-18.0,4.0,0,0,1,10,0,0,0,0.04838709677419355,62,2.3679267014226606,2.835573069751262,3.4545231610536575,0,125
candidate,20260775,1,0,-16.0,4.0,0,0,1,8,0,0,0,0.06451612903225806,31,2.406909821494933,3.1714262440800667,3.5701990127563477,0,62
candidate,20260775,2,0,34.0,1.0,1,0,0,0,0,0,0,0.023809523809523808,42,2.2762675459186235,2.721923775970936,2.9317904263734818,0,84
candidate,20260775,3,0,-8.0,2.5,0,0,0,0,0,0,0,0.04838709677419355,62,2.3204298209278815,2.7670852839946747,6.469858810305595,0,125
candidate,20260776,0,2,-17.0,3.0,0,0,0,0,0,0,0,0.0,40,2.3946742061525583,3.034221380949019,3.605678677558899,0,81
candidate,20260776,1,2,-17.0,3.0,0,0,0,0,0,0,0,0.05,40,2.463420480489731,3.2815919257700426,3.957342356443405,0,81
candidate,20260776,2,2,-17.0,3.0,0,0,0,0,0,0,0,0.025,40,2.3272203747183084,2.948941197246313,3.0293408781290054,0,81
candidate,20260776,3,2,-8.0,2.5,0,0,0,0,0,0,0,0.0,78,2.4842629209160805,3.743325266987085,5.830807611346245,0,157
candidate,20260777,0,0,-23.0,3.0,0,0,0,0,0,0,0,0.029411764705882353,68,2.4672670235090397,3.315556980669498,3.461012616753578,0,137
candidate,20260777,1,0,72.0,1.0,1,1,0,0,0,0,0,0.0,71,2.61517561657328,3.7475135177373886,4.576107487082481,0,141
candidate,20260777,2,0,52.0,1.0,1,0,0,0,0,0,0,0.02702702702702703,74,2.4005195276962743,3.0985254794359185,5.099112167954445,0,148
candidate,20260777,3,0,33.0,1.0,1,0,0,0,0,0,0,0.0,55,2.420331436124715,3.2907135784626007,3.4345053136348724,0,110
candidate,20260778,0,2,50.0,1.0,1,0,0,0,0,0,0,0.08571428571428572,35,2.4103293993643353,2.8428778052330017,4.739966243505478,0,70
candidate,20260778,1,2,90.0,1.0,1,1,0,0,0,0,0,0.016129032258064516,62,2.4086997633980167,3.0533824115991584,4.783589392900467,0,123
candidate,20260778,2,2,-20.0,3.0,0,0,0,0,0,0,0,0.0,55,2.5849240070039574,3.5628806799650192,6.1993710696697235,0,111
candidate,20260778,3,2,-8.0,2.5,0,0,0,0,0,0,0,0.0,55,2.388045361096209,3.1880833208560944,3.340665251016617,0,110
candidate,20260779,0,2,44.0,1.0,1,0,0,0,0,0,0,0.04,50,2.4422096461057663,2.977161109447479,4.331557080149651,0,100
candidate,20260779,1,2,36.0,1.0,1,0,0,0,0,0,0,0.0,52,2.4569245556799264,3.5191201604902744,3.5843197256326675,0,104
candidate,20260779,2,2,-30.0,4.0,0,0,1,22,0,0,0,0.03389830508474576,59,2.335813306903435,3.0686825513839713,3.306441009044647,0,118
candidate,20260779,3,2,-8.0,2.5,0,0,0,0,0,0,0,0.06779661016949153,59,2.322594524692681,2.992653846740722,3.5643279552459717,0,118
candidate,20260780,0,3,-8.0,2.5,0,0,0,0,0,0,0,0.018518518518518517,54,2.323127834609261,2.7640707790851593,2.9341597110033035,0,108
candidate,20260780,1,3,35.0,1.0,1,0,0,0,0,0,0,0.038461538461538464,52,2.3058131337165833,2.8405400924384594,2.8941594064235687,0,104
candidate,20260780,2,3,-8.0,2.5,0,0,0,0,0,0,0,0.05555555555555555,54,2.251374293808584,2.8231645934283733,2.9394570738077164,0,108
candidate,20260780,3,3,-8.0,2.5,0,0,0,0,0,0,0,0.016129032258064516,62,2.270564196571227,2.752645779401064,2.964124083518982,0,124
candidate,20260781,0,2,32.0,1.0,1,0,0,0,0,0,0,0.04411764705882353,68,2.3114678778630844,2.71809296682477,2.9594488441944122,0,136
candidate,20260781,1,2,-8.0,2.5,0,0,0,0,0,0,0,0.014492753623188406,69,2.293228968114093,2.72575207054615,2.820167690515518,0,138
candidate,20260781,2,2,-8.0,2.5,0,0,0,0,0,0,0,0.047619047619047616,63,2.2399829966681346,2.666635625064373,3.417354077100754,0,126
candidate,20260781,3,2,-8.0,2.5,0,0,0,0,0,0,0,0.03571428571428571,56,2.2907136008143425,2.83109862357378,3.1346604228019714,0,112
candidate,20260782,0,1,0.0,2.5,0,0,0,0,0,1,1,0.033707865168539325,89,2.3290253966377024,2.792605012655258,2.8395336121320724,0,178
candidate,20260782,1,1,38.0,1.0,1,0,0,0,0,0,0,0.0,48,2.4441166315227747,3.3290077932178974,3.6028996109962463,0,96
candidate,20260782,2,1,-8.0,2.5,0,0,0,0,0,0,0,0.0,48,2.3131660418584943,2.8988133184611797,3.2463204115629196,0,96
candidate,20260782,3,1,-20.0,3.0,0,0,0,0,0,0,0,0.022222222222222223,45,2.316152718332079,2.8821878135204315,3.2867994159460068,0,91
candidate,20260783,0,2,-16.0,4.0,0,0,1,8,0,0,0,0.022727272727272728,44,2.375683408569206,2.976524829864502,3.0350368469953537,0,88
candidate,20260783,1,2,32.0,1.0,1,0,0,0,0,0,0,0.06818181818181818,44,2.260784787887877,2.7359706349670887,2.781243994832039,0,88
candidate,20260783,2,2,-16.0,3.0,0,0,0,0,0,0,0,0.03225806451612903,62,2.303118396910929,2.9641255736351013,3.028353676199913,0,125
candidate,20260783,3,2,-16.0,4.0,0,0,1,8,0,0,0,0.0,55,2.4382050064477054,3.4357670694589615,3.632133826613426,0,110
candidate,20260784,0,1,-8.0,2.5,0,0,0,0,0,0,0,0.02857142857142857,35,2.3734929306166515,2.9332734644412994,2.9902514070272446,0,70
candidate,20260784,1,1,-19.0,4.0,0,0,1,11,0,0,0,0.05,40,2.3330687545239925,3.0263911932706824,3.2924525439739227,0,80
candidate,20260784,2,1,-8.0,2.5,0,0,0,0,0,0,0,0.0,40,2.4018735624849796,3.0517425388097754,3.3129416406154633,0,80
candidate,20260784,3,1,35.0,1.0,1,0,0,0,0,0,0,0.0,40,2.4388425517827272,3.1781669706106173,3.688240423798561,0,80
candidate,20260785,0,0,0.0,2.5,0,0,0,0,0,1,1,0.0,82,2.5605456676425002,3.5660351626574998,4.642440006136894,0,164
candidate,20260785,1,0,-8.0,2.5,0,0,0,0,0,0,0,0.018518518518518517,54,2.410102911569454,2.955764625221491,3.3856015652418137,0,108
candidate,20260785,2,0,33.0,1.0,1,0,0,0,0,0,0,0.046875,64,2.345576329389587,2.894807793200016,4.7018881887197495,0,128
candidate,20260785,3,0,-22.0,3.0,0,0,0,0,0,0,0,0.0,76,2.368525822499865,2.95462878420949,3.4125875681638718,0,153
candidate,20260786,0,2,-8.0,2.5,0,0,0,0,0,0,0,0.0,79,2.5270416672471203,3.4339364618062973,5.093695595860481,0,158
candidate,20260786,1,2,33.0,1.0,1,0,0,0,0,0,0,0.03409090909090909,88,2.286950380287387,2.714801672846078,3.031384199857712,0,176
candidate,20260786,2,2,32.0,1.0,1,0,0,0,0,0,0,0.0273972602739726,73,2.3142931957359183,2.8383940458297716,3.00588458776474,0,146
candidate,20260786,3,2,-20.0,3.0,0,0,0,0,0,0,0,0.029411764705882353,68,2.291695077848785,2.682658191770315,3.1507182866334915,0,137
candidate,20260787,0,0,35.0,1.0,1,0,0,0,0,0,0,0.0,44,2.5415915826504882,3.6832030862569813,3.97646427154541,0,88
candidate,20260787,1,0,-8.0,2.5,0,0,0,0,0,0,0,0.043478260869565216,46,2.3480149633858516,2.940704580396414,3.2071340829133987,0,92
candidate,20260787,2,0,-31.0,3.0,0,0,0,0,0,0,0,0.07692307692307693,39,2.322218643549161,2.907421439886093,3.163658082485199,0,79
candidate,20260787,3,0,40.0,1.0,1,0,0,0,0,0,0,0.04081632653061224,49,2.2883124421445693,2.668243646621704,2.9476601630449295,0,98
candidate,20260788,0,3,-8.0,2.5,0,0,0,0,0,0,0,0.03125,32,2.384160819929093,2.901458740234375,3.054199740290642,0,64
candidate,20260788,1,3,-19.0,4.0,0,0,1,11,0,0,0,0.0625,32,2.2758799022994936,2.639569714665413,2.6723556220531464,0,64
candidate,20260788,2,3,54.0,1.0,1,1,0,0,0,0,0,0.06060606060606061,33,2.2760001998959165,2.754085883498192,2.8464440256357193,0,65
candidate,20260788,3,3,-8.0,2.5,0,0,0,0,0,0,0,0.03125,32,2.398345328401774,2.9110499657690525,3.070080652832985,0,64
candidate,20260789,0,2,-8.0,2.5,0,0,0,0,0,0,0,0.018518518518518517,54,2.433418537731524,3.0016941949725147,3.514280542731285,0,108
candidate,20260789,1,2,-8.0,2.5,0,0,0,0,0,0,0,0.017241379310344827,58,2.3770913931316344,3.2540581189095974,3.4132804721593857,0,116
candidate,20260789,2,2,33.0,1.0,1,0,0,0,0,0,0,0.014705882352941176,68,2.320278052459745,2.863653004169464,2.921484410762787,0,136
candidate,20260789,3,2,-17.0,4.0,0,0,1,9,0,0,0,0.034482758620689655,58,2.308712437235076,2.8424893505871296,2.9982514679431915,0,116
candidate,20260790,0,1,-8.0,2.5,0,0,0,0,0,0,0,0.02127659574468085,47,2.3926606679216342,2.8545793145895,3.224840387701988,0,94
candidate,20260790,1,1,108.0,1.0,1,1,0,0,0,0,0,0.030303030303030304,66,2.3637441353815976,3.065450582653284,3.429606556892395,0,131
candidate,20260790,2,1,-18.0,4.0,0,0,1,10,0,0,0,0.02127659574468085,47,2.3931487998429763,3.184537775814533,3.3292490988969803,0,94
candidate,20260790,3,1,-28.0,3.0,0,0,0,0,0,0,0,0.017241379310344827,58,2.3416979238390923,3.041953593492508,3.1299591064453125,0,117
candidate,20260791,0,1,-8.0,2.5,0,0,0,0,0,0,0,0.0,75,2.4620437373717627,3.1905805692076683,4.5790765434503555,0,151
candidate,20260791,1,1,-20.0,4.0,0,0,1,12,0,0,0,0.0,73,2.5158708226190853,3.4448757767677307,4.168486222624779,0,147
candidate,20260791,2,1,10.0,2.0,0,0,0,0,0,0,0,0.0,52,2.335847534525853,2.890709601342678,3.3226292580366135,1,105
candidate,20260791,3,1,-8.0,2.5,0,0,0,0,0,0,0,0.017857142857142856,56,2.385300284783755,3.025324083864689,4.885781556367874,0,112
candidate,20260792,0,0,34.0,1.0,1,0,0,0,0,0,0,0.03125,32,2.4585786159150302,3.0384838581085205,3.2509323209524155,0,64
candidate,20260792,1,0,-27.0,4.0,0,0,1,19,0,0,0,0.045454545454545456,44,2.3371239023452457,2.792910672724247,3.255300223827362,0,88
candidate,20260792,2,0,-18.0,3.0,0,0,0,0,0,0,0,0.04081632653061224,49,2.3435567866782754,2.6915162801742554,6.319496780633926,0,99
candidate,20260792,3,0,-8.0,2.5,0,0,0,0,0,0,0,0.09375,32,2.309150353539735,2.8104844503104687,3.148375079035759,0,64
candidate,20260793,0,1,36.0,1.0,1,0,0,0,0,0,0,0.03571428571428571,56,2.384226503116744,2.879149280488491,3.0787084251642227,0,112
candidate,20260793,1,1,-23.0,3.0,0,0,0,0,0,0,0,0.03333333333333333,60,2.3352112621068954,2.7885180898010726,3.3312197774648666,0,121
candidate,20260793,2,1,72.0,1.0,1,1,0,0,0,0,0,0.0196078431372549,51,2.32745812950181,3.1297625973820686,3.665415570139885,0,101
candidate,20260793,3,1,-23.0,3.0,0,0,0,0,0,0,0,0.016666666666666666,60,2.4322522804141045,3.2017914578318596,3.487054258584976,0,121
candidate,20260794,0,2,-23.0,4.0,0,0,1,15,0,0,0,0.025,40,2.38866382278502,2.9221884906291953,3.3346395939588547,0,80
candidate,20260794,1,2,38.0,1.0,1,0,0,0,0,0,0,0.1,20,2.369013801217079,2.9243300668895245,3.1258687376976013,0,40
candidate,20260794,2,2,-22.0,4.0,0,0,1,14,0,0,0,0.0,19,2.3977867278613543,3.1410366296768184,3.406243398785591,0,38
candidate,20260794,3,2,-8.0,2.5,0,0,0,0,0,0,0,0.05555555555555555,18,2.267907477087445,2.7040259912610054,2.813754603266716,0,36
candidate,20260795,0,3,40.0,1.0,1,0,0,0,0,0,0,0.0,24,2.37838722144564,2.840365096926689,3.3813565969467163,0,48
candidate,20260795,1,3,-8.0,2.5,0,0,0,0,0,0,0,0.08333333333333333,24,2.340953874712189,2.8604980558156967,3.295963630080223,0,48
candidate,20260795,2,3,-8.0,2.5,0,0,0,0,0,0,0,0.0,24,2.3962659761309624,3.0879504047334194,3.1490493565797806,0,48
candidate,20260795,3,3,-24.0,4.0,0,0,1,16,0,0,0,0.0,24,2.311604951197902,2.826124429702759,3.1628161668777466,0,48
candidate,20260796,0,0,-16.0,4.0,0,0,1,8,0,0,0,0.027777777777777776,36,2.3571072767178216,2.716432325541973,2.8216652572155,0,72
candidate,20260796,1,0,-8.0,2.5,0,0,0,0,0,0,0,0.0,36,2.3447391059663563,2.8668507002294064,3.013007342815399,0,72
candidate,20260796,2,0,34.0,1.0,1,0,0,0,0,0,0,0.024390243902439025,82,2.2855782881379128,2.7728668414056306,3.0312445014715195,0,164
candidate,20260796,3,0,-8.0,2.5,0,0,0,0,0,0,0,0.0,36,2.3934366698894234,3.346647135913372,3.836875781416893,0,72
candidate,20260797,0,0,-16.0,3.0,0,0,0,0,0,0,0,0.047619047619047616,42,2.386803250937235,2.9349856078624725,2.9991287738084793,0,85
candidate,20260797,1,0,48.0,1.0,1,1,0,0,0,0,0,0.0,43,2.486428809027339,3.3168286085128784,3.8878824561834335,0,85
candidate,20260797,2,0,57.0,1.0,1,1,0,0,0,0,0,0.08333333333333333,36,2.3359045282834106,2.8306194581091404,2.915728837251663,0,71
candidate,20260797,3,0,-16.0,3.0,0,0,0,0,0,0,0,0.07142857142857142,42,2.3267586671170735,2.9794117435812946,3.331415355205536,0,85
candidate,20260798,0,1,-16.0,4.0,0,0,1,8,0,0,0,0.0,17,2.455646062598509,3.126409649848938,3.254637122154236,0,34
candidate,20260798,1,1,34.0,1.0,1,0,0,0,0,0,0,0.023809523809523808,42,2.3805370022143637,3.085331805050372,3.485092893242836,0,84
candidate,20260798,2,1,-8.0,2.5,0,0,0,0,0,0,0,0.0,42,2.3958400512735047,3.069240320473909,3.820110112428665,0,84
candidate,20260798,3,1,-18.0,4.0,0,0,1,10,0,0,0,0.07317073170731707,41,2.2527126640808293,2.5862716138362885,2.8715748339891434,0,82
candidate,20260799,0,0,-8.0,2.5,0,0,0,0,0,0,0,0.0,40,2.5252738501876593,3.6882969550788403,3.8593728095293045,0,80
candidate,20260799,1,0,-8.0,2.5,0,0,0,0,0,0,0,0.03333333333333333,60,2.3320297710597515,2.721117623150348,3.221258521080017,0,120
candidate,20260799,2,0,-8.0,2.5,0,0,0,0,0,0,0,0.023809523809523808,42,2.347769880933421,3.089161030948162,3.1791366636753082,0,84
candidate,20260799,3,0,-8.0,2.5,0,0,0,0,0,0,0,0.025,40,2.3362777661532164,2.831756789237261,2.934565767645836,0,80
candidate,20260800,0,3,0.0,2.5,0,0,0,0,0,1,0,0.011627906976744186,86,2.379493419687415,2.856907434761524,3.266461193561554,0,172
candidate,20260800,1,3,51.0,1.0,1,1,0,0,0,0,0,0.045454545454545456,44,2.2999071939425035,2.8046272695064545,3.126254305243492,0,87
candidate,20260800,2,3,0.0,2.5,0,0,0,0,0,1,0,0.0,84,2.383197657763958,2.951015532016754,3.4353621304035187,0,169
candidate,20260800,3,3,-17.0,3.0,0,0,0,0,0,0,0,0.046511627906976744,43,2.325061015611471,2.863435633480549,3.251088783144951,0,87
candidate,20260801,0,2,-8.0,2.5,0,0,0,0,0,0,0,0.0,62,2.412722025427126,2.971645537763834,3.4804586321115494,0,124
candidate,20260801,1,2,0.0,2.5,0,0,0,0,0,1,1,0.022727272727272728,88,2.3636594414711,2.9378282837569714,3.09847854077816,0,176
candidate,20260801,2,2,-24.0,4.0,0,0,1,16,0,0,0,0.03614457831325301,83,2.278582383710218,2.7163175866007805,3.0598603188991547,0,166
candidate,20260801,3,2,36.0,1.0,1,0,0,0,0,0,0,0.037037037037037035,54,2.2979614635308585,2.688811346888542,3.730654716491699,0,108
candidate,20260802,0,3,-8.0,2.5,0,0,0,0,0,0,0,0.029411764705882353,34,2.403455786406994,3.0201144516468044,3.2388363033533096,0,68
candidate,20260802,1,3,-20.0,4.0,0,0,1,12,0,0,0,0.029411764705882353,34,2.3782342562780663,3.034603036940098,3.2255705446004868,0,68
candidate,20260802,2,3,36.0,1.0,1,0,0,0,0,0,0,0.029411764705882353,34,2.3343640324823998,2.7673006989061832,3.7735607475042343,0,68
candidate,20260802,3,3,-8.0,2.5,0,0,0,0,0,0,0,0.058823529411764705,34,2.3530613740577415,2.9253751039505005,3.3036433160305023,0,68
candidate,20260803,0,1,-8.0,2.5,0,0,0,0,0,0,0,0.022222222222222223,45,2.4297391374905906,2.9266960918903346,4.203777760267258,0,90
candidate,20260803,1,1,32.0,1.0,1,0,0,0,0,0,0,0.0,66,2.5127705638155793,3.3295159228146076,4.9591753631830215,0,132
candidate,20260803,2,1,34.0,1.0,1,0,0,0,0,0,0,0.022222222222222223,45,2.3925001008643045,3.2351803034543987,3.669498488306999,0,90
candidate,20260803,3,1,36.0,1.0,1,0,0,0,0,0,0,0.04225352112676056,71,2.3199731982509855,2.8858594596385956,3.123164176940918,0,142
candidate,20260804,0,1,57.0,1.0,1,1,0,0,0,0,0,0.0196078431372549,51,2.362708688951006,2.7830414474010468,2.8110798448324203,0,101
candidate,20260804,1,1,-19.0,3.0,0,0,0,0,0,0,0,0.058823529411764705,51,2.3203325987446544,2.781827934086323,2.7984175831079483,0,103
candidate,20260804,2,1,-21.0,3.0,0,0,0,0,0,0,0,0.05084745762711865,59,2.2476807362952473,2.7413593605160713,2.7997437864542007,0,119
candidate,20260804,3,1,-8.0,2.5,0,0,0,0,0,0,0,0.0,34,2.4438952917561814,3.409694042056799,3.420712426304817,0,68
candidate,20260805,0,2,-8.0,2.5,0,0,0,0,0,0,0,0.018867924528301886,53,2.386148597271937,2.8491705656051636,3.370290622115135,0,106
candidate,20260805,1,2,35.0,1.0,1,0,0,0,0,0,0,0.03773584905660377,53,2.366121788069887,2.8711821883916855,3.1004007905721664,0,106
candidate,20260805,2,2,-8.0,2.5,0,0,0,0,0,0,0,0.0,54,2.35632903597973,3.0261780135333534,3.236515447497368,0,108
candidate,20260805,3,2,-8.0,2.5,0,0,0,0,0,0,0,0.0,53,2.4406960550344214,3.3249221742153168,3.5117920488119125,0,106
candidate,20260806,0,0,-17.0,3.0,0,0,0,0,0,0,0,0.014925373134328358,67,2.396268575493969,2.9178146272897716,3.371424973011017,0,135
candidate,20260806,1,0,60.0,1.0,1,1,0,0,0,0,0,0.0,66,2.4682421406561676,3.4376527182757854,3.85969877243042,0,131
candidate,20260806,2,0,-8.0,2.5,0,0,0,0,0,0,0,0.0,60,2.465958520770073,3.275464754551648,3.943976014852524,0,120
candidate,20260806,3,0,45.0,1.0,1,0,0,0,0,0,0,0.014492753623188406,69,2.429256269681281,3.3500339835882187,4.054035991430283,0,138
candidate,20260807,0,1,-16.0,4.0,0,0,1,8,0,0,0,0.0,64,2.4092720123007894,2.9379933141171932,3.437906503677368,0,128
candidate,20260807,1,1,0.0,2.5,0,0,0,0,0,1,1,0.023255813953488372,86,2.31561214164939,2.685953862965107,3.2378491014242172,0,172
candidate,20260807,2,1,36.0,1.0,1,0,0,0,0,0,0,0.020833333333333332,48,2.3469874868169427,2.9804255813360214,3.0567441135644913,0,96
candidate,20260807,3,1,-17.0,4.0,0,0,1,9,0,0,0,0.038461538461538464,52,2.3052929542385616,2.8145592659711833,3.0667614191770554,0,104
candidate,20260808,0,3,-18.0,3.0,0,0,0,0,0,0,0,0.0,38,2.498746751562545,3.4435064531862736,3.5722143948078156,0,77
candidate,20260808,1,3,-18.0,3.0,0,0,0,0,0,0,0,0.0,38,2.5227775699213932,3.3970849588513374,3.6861076951026917,0,77
candidate,20260808,2,3,-24.0,4.0,0,0,1,16,0,0,0,0.022727272727272728,44,2.372309734875506,2.944837976247072,3.562556579709053,0,87
candidate,20260808,3,3,-18.0,3.0,0,0,0,0,0,0,0,0.0,38,2.376860595847431,2.926764450967312,3.333374857902527,0,77
candidate,20260809,0,0,-8.0,2.5,0,0,0,0,0,0,0,0.0,27,2.401293634816452,2.9774241149425507,3.021134063601494,0,54
candidate,20260809,1,0,33.0,1.0,1,0,0,0,0,0,0,0.07407407407407407,27,2.359642888660784,2.9912063851952553,3.071477636694908,0,54
candidate,20260809,2,0,-17.0,4.0,0,0,1,9,0,0,0,0.07407407407407407,27,2.3331609037187366,2.770872227847576,3.3129937946796417,0,54
candidate,20260809,3,0,-8.0,2.5,0,0,0,0,0,0,0,0.037037037037037035,27,2.3679566328172332,2.9655344784259796,3.046208992600441,0,54
candidate,20260810,0,0,60.0,1.0,1,1,0,0,0,0,0,0.05405405405405406,37,2.408998389099095,3.082872182130813,3.2551251351833344,0,73
candidate,20260810,1,0,-20.0,3.0,0,0,0,0,0,0,0,0.0,36,2.3802278770340815,2.8890278190374374,3.2282788306474686,0,73
candidate,20260810,2,0,-20.0,3.0,0,0,0,0,0,0,0,0.0,36,2.3853457015421657,3.1652902252972126,3.334488719701767,0,73
candidate,20260810,3,0,-20.0,3.0,0,0,0,0,0,0,0,0.027777777777777776,36,2.3312802529997296,2.898059319704771,2.925211563706398,0,73
candidate,20260811,0,2,57.0,1.0,1,1,0,0,0,0,0,0.05263157894736842,38,2.3080154175036833,2.7892216108739376,2.9165446758270264,0,75
candidate,20260811,1,2,-19.0,3.0,0,0,0,0,0,0,0,0.0,37,2.4142973124980927,3.0668258666992188,3.819510340690613,0,75
candidate,20260811,2,2,-19.0,3.0,0,0,0,0,0,0,0,0.0,37,2.4611813494482555,3.0390139669179916,5.863312631845474,0,75
candidate,20260811,3,2,-19.0,3.0,0,0,0,0,0,0,0,0.0,37,2.359971102025058,3.0449118465185165,3.3318009227514267,0,75
candidate,20260812,0,2,-8.0,2.5,0,0,0,0,0,0,0,0.02564102564102564,78,2.380786774059137,2.858706843107938,3.352828323841095,0,156
candidate,20260812,1,2,-8.0,2.5,0,0,0,0,0,0,0,0.057692307692307696,52,2.3132714872749953,2.7231831103563304,3.103284165263176,0,104
candidate,20260812,2,2,-8.0,2.5,0,0,0,0,0,0,0,0.01639344262295082,61,2.318137096332722,2.8387028723955154,3.1614769250154495,0,122
candidate,20260812,3,2,33.0,1.0,1,0,0,0,0,0,0,0.0392156862745098,51,2.434298615245258,3.467927686870098,4.064658656716347,0,102
candidate,20260813,0,2,-16.0,3.0,0,0,0,0,0,0,0,0.037037037037037035,27,2.4267432314378246,2.975003980100155,3.018401563167572,0,55
candidate,20260813,1,2,48.0,1.0,1,1,0,0,0,0,0,0.0,28,2.4518785066902637,3.529808949679136,3.6749430000782013,0,55
candidate,20260813,2,2,-16.0,3.0,0,0,0,0,0,0,0,0.0,27,2.308008019570951,2.873845584690571,2.876143902540207,0,55
candidate,20260813,3,2,-16.0,3.0,0,0,0,0,0,0,0,0.0,27,2.3750387546088962,3.027654252946377,3.37253138422966,0,55
candidate,20260814,0,2,-31.0,4.0,0,0,1,23,0,0,0,0.0,80,2.4843888357281685,3.2913450151681896,3.651665523648262,0,160
candidate,20260814,1,2,0.0,2.5,0,0,0,0,0,1,1,0.0,83,2.561277676239071,3.7640767171978946,4.316585138440132,0,166
candidate,20260814,2,2,0.0,2.5,0,0,0,0,0,1,1,0.012048192771084338,83,2.357993521783725,2.9275441542267795,3.2055750489234924,0,166
candidate,20260814,3,2,0.0,2.5,0,0,0,0,0,1,1,0.03529411764705882,85,2.283816959928064,2.7135986834764476,3.0288156121969223,0,170
candidate,20260815,0,0,-18.0,3.0,0,0,0,0,0,0,0,0.0,30,2.3827369635303817,2.785164024680853,3.3500846475362778,0,61
candidate,20260815,1,0,33.0,1.0,1,0,0,0,0,0,0,0.02702702702702703,74,2.2999216374513267,2.670244872570038,2.9189400374889374,0,148
candidate,20260815,2,0,54.0,1.0,1,1,0,0,0,0,0,0.06451612903225806,31,2.308169980683634,2.8789574280381203,2.9891282320022583,0,61
candidate,20260815,3,0,-18.0,3.0,0,0,0,0,0,0,0,0.0,30,2.354707755148411,2.9720080085098743,2.9889754951000214,0,61
candidate,20260816,0,2,-18.0,3.0,0,0,0,0,0,0,0,0.05405405405405406,37,2.336112077574472,2.6573538780212393,3.1288955360651016,0,75
candidate,20260816,1,2,-17.0,3.0,0,0,0,0,0,0,0,0.0,58,2.435346005548691,3.099923301488161,3.4767352044582367,0,117
candidate,20260816,2,2,54.0,1.0,1,1,0,0,0,0,0,0.01694915254237288,59,2.3430988066277263,2.904190681874752,3.489140421152115,0,117
candidate,20260816,3,2,-17.0,3.0,0,0,0,0,0,0,0,0.034482758620689655,58,2.2876451819621284,2.836390119045973,3.1653866171836853,0,117
candidate,20260817,0,0,33.0,1.0,1,0,0,0,0,0,0,0.058823529411764705,34,2.462052575805608,3.3691057935357085,3.6388132721185684,0,68
candidate,20260817,1,0,-8.0,2.5,0,0,0,0,0,0,0,0.0,34,2.4507522911709896,3.0371236614882946,3.3997707068920135,0,68
candidate,20260817,2,0,-8.0,2.5,0,0,0,0,0,0,0,0.0,36,2.4009739152259297,3.0569895170629025,3.448648378252983,0,72
candidate,20260817,3,0,-17.0,4.0,0,0,1,9,0,0,0,0.0,34,2.426639637526344,3.192092850804329,3.71767021715641,0,68
candidate,20260818,0,3,-33.0,3.0,0,0,0,0,0,0,0,0.0,36,2.6674516912963657,3.7713302299380302,4.69292514026165,0,73
candidate,20260818,1,3,99.0,1.0,1,1,0,0,0,0,0,0.0,37,2.359564239914353,2.872367948293686,2.967843785881996,0,73
candidate,20260818,2,3,-33.0,3.0,0,0,0,0,0,0,0,0.027777777777777776,36,2.335162212451299,2.9269387014210224,3.290940076112747,0,73
candidate,20260818,3,3,-33.0,3.0,0,0,0,0,0,0,0,0.027777777777777776,36,2.3369682021439075,2.9827156104147434,3.034088760614395,0,73
candidate,20260819,0,3,-8.0,2.5,0,0,0,0,0,0,0,0.028169014084507043,71,2.468383306978454,3.242471255362034,4.074849188327789,0,142
candidate,20260819,1,3,34.0,1.0,1,0,0,0,0,0,0,0.0273972602739726,73,2.3786815215055257,3.001682087779045,3.6933310329914093,0,146
candidate,20260819,2,3,-20.0,4.0,0,0,1,12,0,0,0,0.0,71,2.313335596675604,2.8845174238085747,4.249056801199913,0,142
candidate,20260819,3,3,-20.0,4.0,0,0,1,12,0,0,0,0.0,68,2.410633653840598,3.2632302492856975,5.28024323284626,0,136
candidate,20260820,0,3,-19.0,3.0,0,0,0,0,0,0,0,0.018518518518518517,54,2.4473663005563946,3.263344522565602,3.8019269704818726,0,110
candidate,20260820,1,3,-8.0,2.5,0,0,0,0,0,0,0,0.04,25,2.3601125925779343,2.768636867403984,3.097565844655037,0,50
candidate,20260820,2,3,-18.0,4.0,0,0,1,10,0,0,0,0.0,36,2.4299431695706315,3.0794311314821243,3.276752308011055,0,72
candidate,20260820,3,3,-8.0,2.5,0,0,0,0,0,0,0,0.05660377358490566,53,2.3010553054089815,2.6133138686418533,3.25729139149189,0,105
candidate,20260821,0,0,-19.0,3.0,0,0,0,0,0,0,0,0.0,29,2.457683584813414,3.219872713088989,3.3862050622701645,0,59
candidate,20260821,1,0,57.0,1.0,1,1,0,0,0,0,0,0.06666666666666667,30,2.323330380022526,2.9009951278567314,3.0471011996269226,0,59
candidate,20260821,2,0,-19.0,3.0,0,0,0,0,0,0,0,0.06896551724137931,29,2.298496856257833,2.7767036110162735,3.286471590399742,0,59
candidate,20260821,3,0,-19.0,3.0,0,0,0,0,0,0,0,0.034482758620689655,29,2.324251971881965,2.8194397687911987,2.864629030227661,0,59
candidate,20260822,0,0,42.0,1.0,1,0,0,0,0,0,0,0.0,56,2.4866899475455284,3.2195299863815308,3.624552860856056,0,112
candidate,20260822,1,0,-19.0,4.0,0,0,1,11,0,0,0,0.0,57,2.409958427673892,3.0056584626436234,3.292504698038101,0,114
candidate,20260822,2,0,-8.0,2.5,0,0,0,0,0,0,0,0.0,56,2.4292529560625553,3.2067904248833656,3.331892192363739,0,112
candidate,20260822,3,0,-21.0,4.0,0,0,1,13,0,0,0,0.03636363636363636,55,2.2900282659313898,2.780524827539921,3.2929833978414536,0,110
candidate,20260823,0,1,-8.0,2.5,0,0,0,0,0,0,0,0.0,38,2.427347200481515,3.2340689562261105,3.4402962774038315,0,76
candidate,20260823,1,1,-8.0,2.5,0,0,0,0,0,0,0,0.0,43,2.529155203076296,3.491116873919964,4.803944379091263,0,86
candidate,20260823,2,1,-8.0,2.5,0,0,0,0,0,0,0,0.02631578947368421,38,2.428443416168815,3.2170470803976055,3.5126209259033203,0,76
candidate,20260823,3,1,44.0,1.0,1,0,0,0,0,0,0,0.02127659574468085,47,2.3181817315994424,2.8828894719481464,3.3050384372472763,0,94
candidate,20260824,0,3,-24.0,3.0,0,0,0,0,0,0,0,0.0,52,2.435081530935489,2.9784040525555606,3.498215228319168,0,105
candidate,20260824,1,3,-24.0,3.0,0,0,0,0,0,0,0,0.0,52,2.353745261923625,2.8630202636122704,3.4267157316207886,0,105
candidate,20260824,2,3,72.0,1.0,1,1,0,0,0,0,0,0.05660377358490566,53,2.2929152298086093,2.6507925242185593,2.858571708202362,0,105
candidate,20260824,3,3,-24.0,3.0,0,0,0,0,0,0,0,0.0,52,2.3981846080949674,2.9815448448061943,3.4987609833478928,0,105
candidate,20260825,0,3,-19.0,3.0,0,0,0,0,0,0,0,0.0,44,2.4320236830548807,3.0334437265992165,3.3025704324245453,0,89
candidate,20260825,1,3,-23.0,3.0,0,0,0,0,0,0,0,0.022727272727272728,44,2.3547107861800627,2.8127609752118587,3.372764214873314,0,89
candidate,20260825,2,3,0.0,2.5,0,0,0,0,0,1,1,0.012048192771084338,83,2.363958833626954,2.9663890600204468,3.4043360501527786,0,166
candidate,20260825,3,3,-27.0,4.0,0,0,1,19,0,0,0,0.0,73,2.4064713451143813,3.190774470567703,3.9138589054346085,0,146
candidate,20260826,0,3,-8.0,2.5,0,0,0,0,0,0,0,0.0,38,2.44108161055728,3.0362174846231937,3.1918417662382126,0,76
candidate,20260826,1,3,-32.0,4.0,0,0,1,24,0,0,0,0.047619047619047616,42,2.360061431924502,2.8983958996832366,3.3518150448799133,0,84
candidate,20260826,2,3,-8.0,2.5,0,0,0,0,0,0,0,0.0,38,2.39265827756179,3.1777662225067616,3.7946682423353195,0,76
candidate,20260826,3,3,-30.0,4.0,0,0,1,22,0,0,0,0.0,36,2.3726712291439376,3.0749868601560593,3.555702045559883,0,72
candidate,20260827,0,2,-21.0,3.0,0,0,0,0,0,0,0,0.0,43,2.477805801602297,3.0231179669499397,3.6337822675704956,0,87
candidate,20260827,1,2,60.0,1.0,1,1,0,0,0,0,0,0.022727272727272728,44,2.3548235185444355,2.8762086294591427,2.9482319951057434,0,87
candidate,20260827,2,2,48.0,1.0,1,1,0,0,0,0,0,0.0,25,2.4030426144599915,3.052300214767456,3.449413925409317,0,49
candidate,20260827,3,2,-21.0,3.0,0,0,0,0,0,0,0,0.023255813953488372,43,2.3569046238134073,2.8651049360632896,3.239531069993973,0,87
candidate,20260828,0,1,-8.0,2.5,0,0,0,0,0,0,0,0.029850746268656716,67,2.4256505794934373,3.086242452263832,3.637738525867462,0,134
candidate,20260828,1,1,35.0,1.0,1,0,0,0,0,0,0,0.05555555555555555,72,2.2774415815042124,2.6711333543062215,3.262309357523918,0,144
candidate,20260828,2,1,-8.0,2.5,0,0,0,0,0,0,0,0.0,71,2.535663859944948,3.510313108563423,4.474358633160591,0,142
candidate,20260828,3,1,-23.0,4.0,0,0,1,15,0,0,0,0.028169014084507043,71,2.3436375801831906,2.7537876740098,3.0938461422920227,0,142
candidate,20260829,0,1,-8.0,2.5,0,0,0,0,0,0,0,0.0625,32,2.357020101044327,2.8308702632784843,3.1853970140218735,0,64
candidate,20260829,1,1,-8.0,2.5,0,0,0,0,0,0,0,0.06060606060606061,33,2.3292755764542203,2.9525335878133765,3.3446606248617172,0,66
candidate,20260829,2,1,44.0,1.0,1,0,0,0,0,0,0,0.03125,32,2.3173768422566354,2.7954375371336937,2.857143059372902,0,64
candidate,20260829,3,1,-28.0,4.0,0,0,1,20,0,0,0,0.03125,32,2.3399440688081086,2.867620624601841,3.1276214867830276,0,64
candidate,20260830,0,2,-21.0,4.0,0,0,1,13,0,0,0,0.0,64,2.4244230007752776,2.930586319416761,3.4170001745224,0,128
candidate,20260830,1,2,35.0,1.0,1,0,0,0,0,0,0,0.0,68,2.635290106648908,3.9885152131319046,4.33170422911644,0,136
candidate,20260830,2,2,-23.0,3.0,0,0,0,0,0,0,0,0.013333333333333334,75,2.464382623632749,3.3311257138848305,3.8983989506959915,0,150
candidate,20260830,3,2,-8.0,2.5,0,0,0,0,0,0,0,0.027777777777777776,72,2.731204964220524,4.443307127803564,4.834383726119995,0,144
candidate,20260831,0,3,63.0,1.0,1,1,0,0,0,0,0,0.08,25,2.3265714198350906,2.791205793619156,2.83605232834816,0,49
candidate,20260831,1,3,-21.0,3.0,0,0,0,0,0,0,0,0.041666666666666664,24,2.3951491651435695,2.8728844597935677,3.4592654556035995,0,49
candidate,20260831,2,3,-21.0,3.0,0,0,0,0,0,0,0,0.041666666666666664,24,2.294979834308227,2.9260887764394283,3.1591448932886124,0,49
candidate,20260831,3,3,-21.0,3.0,0,0,0,0,0,0,0,0.0,24,2.379311714321375,3.068523574620485,3.7557948380708694,0,49
candidate,20260832,0,1,-8.0,2.5,0,0,0,0,0,0,0,0.024390243902439025,41,2.457274623760363,3.176603466272354,3.6193113774061203,0,83
candidate,20260832,1,1,-26.0,4.0,0,0,1,18,0,0,0,0.0392156862745098,51,2.3553689540016887,2.8094863519072533,3.042323514819145,0,101
candidate,20260832,2,1,-19.0,3.0,0,0,0,0,0,0,0,0.02,50,2.357894666492939,2.95875808224082,3.2102540135383606,0,102
candidate,20260832,3,1,33.0,1.0,1,0,0,0,0,0,0,0.0,41,2.380205818065783,3.1719841063022614,3.239074721932411,0,83
candidate,20260833,0,0,-8.0,2.5,0,0,0,0,0,0,0,0.0425531914893617,47,2.38768570125103,2.872475609183311,3.4590251743793488,0,94
candidate,20260833,1,0,-19.0,4.0,0,0,1,11,0,0,0,0.011904761904761904,84,2.3864148007262322,3.2537742517888537,3.4570060670375824,0,168
candidate,20260833,2,0,-8.0,2.5,0,0,0,0,0,0,0,0.0851063829787234,47,2.272950009779727,2.720575407147407,3.1754523515701294,0,94
candidate,20260833,3,0,32.0,1.0,1,0,0,0,0,0,0,0.06382978723404255,47,2.248747591325577,2.6234399527311325,3.1192023307085037,0,94
candidate,20260834,0,2,-8.0,2.5,0,0,0,0,0,0,0,0.0,46,2.3754021638761396,2.827015705406666,3.352755680680275,0,92
candidate,20260834,1,2,32.0,1.0,1,0,0,0,0,0,0,0.09375,32,2.2479984327219427,2.552187070250511,2.5624483823776245,0,64
candidate,20260834,2,2,-16.0,4.0,0,0,1,8,0,0,0,0.08333333333333333,24,2.348182490095496,2.769580576568842,2.8129443526268005,0,48
candidate,20260834,3,2,-8.0,2.5,0,0,0,0,0,0,0,0.0392156862745098,51,2.311392048118161,2.896096557378769,3.194708377122879,0,102
candidate,20260835,0,2,-16.0,4.0,0,0,1,8,0,0,0,0.0,57,2.494351121417263,3.3422406762838364,3.4440625458955765,0,114
candidate,20260835,1,2,-18.0,3.0,0,0,0,0,0,0,0,0.02631578947368421,76,2.3527191461701142,3.0376091599464417,3.3189505338668823,0,153
candidate,20260835,2,2,-27.0,4.0,0,0,1,19,0,0,0,0.0,47,2.467599519072695,3.282839059829712,3.5145003348588943,0,94
candidate,20260835,3,2,-20.0,4.0,0,0,1,12,0,0,0,0.011904761904761904,84,2.4072088168135712,3.158258460462093,3.402216359972954,0,168
candidate,20260836,0,3,-16.0,4.0,0,0,1,8,0,0,0,0.041666666666666664,48,2.383479460452994,2.7539719827473164,2.9111504554748535,0,96
candidate,20260836,1,3,32.0,1.0,1,0,0,0,0,0,0,0.01639344262295082,61,2.419055118912556,3.0120722949504852,3.3625029027462006,0,122
candidate,20260836,2,3,-8.0,2.5,0,0,0,0,0,0,0,0.03278688524590164,61,2.2860563619703544,2.7018561959266663,2.799857407808304,0,122
candidate,20260836,3,3,-17.0,3.0,0,0,0,0,0,0,0,0.03333333333333333,60,2.3152168840169907,2.876834385097027,3.328433260321617,0,121
candidate,20260837,0,1,-22.0,3.0,0,0,0,0,0,0,0,0.0,46,2.397408061053442,2.887672744691372,3.2949820160865784,0,93
candidate,20260837,1,1,-22.0,3.0,0,0,0,0,0,0,0,0.0,46,2.383225394979767,2.894185483455658,3.407636657357216,0,93
candidate,20260837,2,1,48.0,1.0,1,1,0,0,0,0,0,0.0,39,2.424604904193145,3.1731463968753815,3.3014006912708282,0,77
candidate,20260837,3,1,-22.0,3.0,0,0,0,0,0,0,0,0.0,44,2.3638794029300865,3.2758143730461606,3.608955070376396,0,89
candidate,20260838,0,1,-17.0,3.0,0,0,0,0,0,0,0,0.0967741935483871,31,2.334582949838331,2.6015229523181915,2.9317382723093033,0,63
candidate,20260838,1,1,-17.0,3.0,0,0,0,0,0,0,0,0.0,32,2.4496863479726017,3.26756089925766,3.3906642347574234,0,65
candidate,20260838,2,1,51.0,1.0,1,1,0,0,0,0,0,0.0625,32,2.3268586373887956,2.9096989892423153,2.9803942888975143,0,63
candidate,20260838,3,1,-8.0,2.5,0,0,0,0,0,0,0,0.0,34,2.3648011333802166,3.08173606172204,3.2105352729558945,0,68
candidate,20260839,0,2,-16.0,4.0,0,0,1,8,0,0,0,0.0,45,2.4418589141633777,3.2647348940372454,3.549441695213318,0,90
candidate,20260839,1,2,-8.0,2.5,0,0,0,0,0,0,0,0.0,45,2.374724133147134,2.9354777187108994,3.00770066678524,0,90
candidate,20260839,2,2,32.0,1.0,1,0,0,0,0,0,0,0.022222222222222223,45,2.37033830748664,3.0515555292367935,3.2878275960683823,0,90
candidate,20260839,3,2,-8.0,2.5,0,0,0,0,0,0,0,0.044444444444444446,45,2.325688468085395,2.9604069888591757,4.364941269159317,0,90
candidate,20260840,0,2,-28.0,3.0,0,0,0,0,0,0,0,0.046511627906976744,43,2.469890122843343,3.3040825277566905,3.7415605038404465,0,87
candidate,20260840,1,2,-27.0,3.0,0,0,0,0,0,0,0,0.0,42,2.420061977491492,3.2897398807108393,3.4767072647809982,0,85
candidate,20260840,2,2,43.0,1.0,1,0,0,0,0,0,0,0.023255813953488372,43,2.3717254313618636,2.9494376853108406,3.086099401116371,0,86
candidate,20260840,3,2,-28.0,3.0,0,0,0,0,0,0,0,0.046511627906976744,43,2.313926339496014,2.8363505378365517,3.041304647922516,0,87
candidate,20260841,0,0,-8.0,2.5,0,0,0,0,0,0,0,0.0,43,2.534129331971324,3.4079827368259425,3.9057955145835876,0,86
candidate,20260841,1,0,-8.0,2.5,0,0,0,0,0,0,0,0.025,40,2.4156241212040186,2.9759321361780144,4.4906288385391235,0,80
candidate,20260841,2,0,-8.0,2.5,0,0,0,0,0,0,0,0.0,40,2.4167209398001432,3.4205639734864235,3.5372674465179443,0,80
candidate,20260841,3,0,33.0,1.0,1,0,0,0,0,0,0,0.05,40,2.3498456459492445,2.856110222637653,3.5938844084739685,0,80
candidate,20260842,0,0,-20.0,4.0,0,0,1,12,0,0,0,0.020833333333333332,48,2.414546402481695,3.0495805665850635,3.285333514213562,0,96
candidate,20260842,1,0,36.0,1.0,1,0,0,0,0,0,0,0.041666666666666664,48,2.3643791986008487,2.948313858360052,3.0935481190681458,0,96
candidate,20260842,2,0,-8.0,2.5,0,0,0,0,0,0,0,0.020833333333333332,48,2.387660245100657,3.113932069391012,3.502611070871353,0,96
candidate,20260842,3,0,-8.0,2.5,0,0,0,0,0,0,0,0.020833333333333332,48,2.336807820635537,2.9256399720907207,3.237523138523102,0,96
candidate,20260843,0,1,-17.0,4.0,0,0,1,9,0,0,0,0.0,41,2.4487511141271128,3.1005926430225372,3.3529549837112427,0,82
candidate,20260843,1,1,-30.0,4.0,0,0,0,0,0,0,0,0.03225806451612903,62,2.329866702277814,2.8326276689767838,3.11264768242836,1,123
candidate,20260843,2,1,34.0,1.0,1,0,0,0,0,0,0,0.02,50,2.3650530725717545,3.021787386387586,3.495199605822563,0,100
candidate,20260843,3,1,-8.0,2.5,0,0,0,0,0,0,0,0.0,50,2.38275233656168,3.183287102729082,3.663109615445137,0,100
candidate,20260844,0,2,-16.0,4.0,0,0,1,8,0,0,0,0.0,48,2.4538893485441804,3.139999322593212,3.577800467610359,0,96
candidate,20260844,1,2,-8.0,2.5,0,0,0,0,0,0,0,0.02040816326530612,49,2.3559562253708743,2.8694529086351395,3.2454226166009903,0,98
candidate,20260844,2,2,-19.0,4.0,0,0,1,11,0,0,0,0.08,50,2.3284124955534935,2.840808965265751,3.394428640604019,0,100
candidate,20260844,3,2,-8.0,2.5,0,0,0,0,0,0,0,0.02,50,2.4561168998479843,3.252820018678903,4.766145721077919,0,100
candidate,20260845,0,3,-8.0,2.5,0,0,0,0,0,0,0,0.05555555555555555,36,2.6349522069924407,4.021471366286278,4.456644877791405,0,72
candidate,20260845,1,3,87.0,1.0,1,1,0,0,0,0,0,0.05128205128205128,39,2.5280886926712136,3.5804891958832745,5.085179582238197,0,77
candidate,20260845,2,3,-29.0,3.0,0,0,0,0,0,0,0,0.05263157894736842,38,2.6567298428792703,4.507629573345183,5.236370489001274,0,77
candidate,20260845,3,3,-8.0,2.5,0,0,0,0,0,0,0,0.05555555555555555,36,2.4617350556784205,3.555303905159235,4.231175407767296,0,72
candidate,20260846,0,2,-8.0,2.5,0,0,0,0,0,0,0,0.0,46,2.6518674162418945,3.768190275877714,5.021251738071442,0,92
candidate,20260846,1,2,-8.0,2.5,0,0,0,0,0,0,0,0.018518518518518517,54,2.5749280358906144,4.151487629860637,4.729066044092178,0,108
candidate,20260846,2,2,-25.0,3.0,0,0,0,0,0,0,0,0.023809523809523808,84,2.606126568501904,3.7089888006448737,5.102386698126793,0,169
candidate,20260846,3,2,-8.0,2.5,0,0,0,0,0,0,0,0.024390243902439025,82,2.288876896406092,2.8586498461663723,3.17477248609066,0,164
candidate,20260847,0,2,-17.0,3.0,0,0,0,0,0,0,0,0.043478260869565216,46,2.3782914504408836,2.9219784773886204,3.4267231822013855,0,93
candidate,20260847,1,2,-17.0,3.0,0,0,0,0,0,0,0,0.021739130434782608,46,2.376204680489457,3.000329714268446,3.1052548438310623,0,93
candidate,20260847,2,2,-34.0,4.0,0,0,1,26,0,0,0,0.01818181818181818,55,2.3020338944413443,2.858609892427921,3.3980142325162888,0,110
candidate,20260847,3,2,-16.0,4.0,0,0,1,8,0,0,0,0.0,36,2.349559942053424,2.994225360453129,3.3043865114450455,0,72
candidate,20260848,0,0,-8.0,2.5,0,0,0,0,0,0,0,0.0425531914893617,47,2.336696741428781,2.8531599789857864,2.9661543667316437,0,94
candidate,20260848,1,0,43.0,1.0,1,0,0,0,0,0,0,0.02127659574468085,47,2.3167147994675537,2.772651799023151,3.094170242547989,0,94
candidate,20260848,2,0,42.0,1.0,1,0,0,0,0,0,0,0.022222222222222223,45,2.2774738570054374,2.8408728539943695,3.281455487012863,0,90
candidate,20260848,3,0,-8.0,2.5,0,0,0,0,0,0,0,0.0,47,2.2822056520492473,3.082675114274023,3.3221282064914703,0,94
candidate,20260849,0,3,32.0,1.0,1,0,0,0,0,0,0,0.03389830508474576,59,2.3030152512808977,2.6960821822285643,3.0091777443885803,0,118
candidate,20260849,1,3,-8.0,2.5,0,0,0,0,0,0,0,0.03389830508474576,59,2.3349386845099724,3.0097782611846915,3.461591899394989,0,118
candidate,20260849,2,3,-16.0,4.0,0,0,1,8,0,0,0,0.08333333333333333,36,2.2572742050720587,2.71888030692935,2.7755293995141983,0,72
candidate,20260849,3,3,-8.0,2.5,0,0,0,0,0,0,0,0.034482758620689655,58,2.2986391880388917,2.9273271560668945,3.089059144258499,0,116
candidate,20260850,0,0,-18.0,3.0,0,0,0,0,0,0,0,0.018518518518518517,54,2.332338856326209,2.765603270381689,3.090871497988701,0,109
candidate,20260850,1,0,-17.0,4.0,0,0,1,9,0,0,0,0.012658227848101266,79,2.4853310771758044,3.3624121919274326,3.772992640733719,0,158
candidate,20260850,2,0,-8.0,2.5,0,0,0,0,0,0,0,0.0851063829787234,47,2.2040006328136363,2.5710666552186012,2.982551231980324,0,94
candidate,20260850,3,0,0.0,2.5,0,0,0,0,0,1,1,0.036585365853658534,82,2.266700947430076,2.8003226034343243,3.126520663499832,0,164
candidate,20260851,0,1,37.0,1.0,1,0,0,0,0,0,0,0.1111111111111111,27,2.3150373664167194,2.8119999915361404,2.993464469909668,0,54
candidate,20260851,1,1,-8.0,2.5,0,0,0,0,0,0,0,0.037037037037037035,27,2.342841691441006,2.8752800077199936,2.8981007635593414,0,54
candidate,20260851,2,1,-22.0,3.0,0,0,0,0,0,0,0,0.0,33,2.329692470304894,3.047892078757286,3.277204930782318,0,67
candidate,20260851,3,1,-8.0,2.5,0,0,0,0,0,0,0,0.037037037037037035,27,2.252719054619471,2.905692905187607,2.9990244656801224,0,54
candidate,20260852,0,3,-8.0,2.5,0,0,0,0,0,0,0,0.0,36,2.4253944866359234,3.470450174063444,3.583524376153946,0,72
candidate,20260852,1,3,-8.0,2.5,0,0,0,0,0,0,0,0.0,36,2.3758441934155092,3.0011474154889584,3.6388561129570007,0,72
candidate,20260852,2,3,36.0,1.0,1,0,0,0,0,0,0,0.0,36,2.2767938466535673,2.8360076248645782,3.2163746654987335,0,72
candidate,20260852,3,3,-20.0,4.0,0,0,1,12,0,0,0,0.05555555555555555,36,2.2287093516853123,2.750386018306017,2.798527479171753,0,72
candidate,20260853,0,2,-8.0,2.5,0,0,0,0,0,0,0,0.04918032786885246,61,2.3079419233759895,2.8196685016155243,3.1866729259490967,0,122
candidate,20260853,1,2,-8.0,2.5,0,0,0,0,0,0,0,0.0,32,2.4180825566872954,3.209487535059452,3.668103367090225,0,64
candidate,20260853,2,2,-17.0,4.0,0,0,1,9,0,0,0,0.0,61,2.3214443602034303,3.1110774725675583,3.3089909702539444,0,122
candidate,20260853,3,2,-27.0,4.0,0,0,1,19,0,0,0,0.03278688524590164,61,2.2615920141583583,2.697158604860306,3.3484362065792084,0,122
candidate,20260854,0,1,-8.0,2.5,0,0,0,0,0,0,0,0.0,30,2.3941611871123314,2.9584387317299843,3.3378787338733673,0,60
candidate,20260854,1,1,-20.0,4.0,0,0,1,12,0,0,0,0.03333333333333333,30,2.3221923038363457,2.7993390336632724,3.5730674862861633,0,60
candidate,20260854,2,1,48.0,1.0,1,0,0,0,0,0,0,0.0,38,2.295203604980519,2.8768059797585006,3.307996317744255,0,76
candidate,20260854,3,1,-19.0,3.0,0,0,0,0,0,0,0,0.034482758620689655,29,2.300849505539598,3.0334077775478363,3.3687036484479904,0,59
candidate,20260855,0,1,34.0,1.0,1,0,0,0,0,0,0,0.0,46,2.562899304472882,3.731166012585163,4.346424713730812,0,92
candidate,20260855,1,1,-8.0,2.5,0,0,0,0,0,0,0,0.038461538461538464,52,2.289205288084654,2.6340137235820293,2.9965266585350037,0,104
candidate,20260855,2,1,-17.0,3.0,0,0,0,0,0,0,0,0.014084507042253521,71,2.3212009962175935,2.9799779877066612,3.327617421746254,0,143
candidate,20260855,3,1,-18.0,4.0,0,0,1,10,0,0,0,0.045454545454545456,44,2.2353557869791985,2.6300672441720963,2.6511140167713165,0,88
candidate,20260856,0,1,33.0,1.0,1,0,0,0,0,0,0,0.0,62,2.4887160247852727,3.5670702345669256,4.1486956179142,0,124
candidate,20260856,1,1,-8.0,2.5,0,0,0,0,0,0,0,0.03225806451612903,62,2.29189106293263,2.7539954520761967,2.9808226972818375,0,124
candidate,20260856,2,1,-17.0,4.0,0,0,1,9,0,0,0,0.05,60,2.358165414383014,3.0358487740159035,3.471672534942627,0,120
candidate,20260856,3,1,-8.0,2.5,0,0,0,0,0,0,0,0.03225806451612903,62,2.261595530135016,2.7749736793339252,3.1491275876760483,0,124
candidate,20260857,0,0,-32.0,4.0,0,0,1,24,0,0,0,0.029411764705882353,34,2.3681096294346977,2.9223015531897545,3.473503515124321,0,68
candidate,20260857,1,0,-8.0,2.5,0,0,0,0,0,0,0,0.0,34,2.346180982011206,3.1227608211338516,3.3635757863521576,0,68
candidate,20260857,2,0,-8.0,2.5,0,0,0,0,0,0,0,0.09090909090909091,33,2.2884113431879967,2.966312319040298,3.3727865666151047,0,66
candidate,20260857,3,0,-18.0,4.0,0,0,1,10,0,0,0,0.0,39,2.5292584815850625,3.666312620043755,4.818186163902283,0,78
candidate,20260858,0,2,-20.0,3.0,0,0,0,0,0,0,0,0.03773584905660377,53,2.530551462803247,3.6663252860307693,4.464011639356613,0,108
candidate,20260858,1,2,-20.0,3.0,0,0,0,0,0,0,0,0.03773584905660377,53,2.3637394649240204,3.0743345618247986,3.2549966126680374,0,108
candidate,20260858,2,2,-20.0,3.0,0,0,0,0,0,0,0,0.03773584905660377,53,2.319581420072969,2.8522487729787827,3.4198835492134094,0,108
candidate,20260858,3,2,60.0,1.0,1,1,0,0,0,0,0,0.01818181818181818,55,2.3720673539421777,3.156847693026066,3.6470461636781693,0,108
candidate,20260859,0,1,-8.0,2.5,0,0,0,0,0,0,0,0.0,36,2.3771095503535538,2.8077559545636177,3.1000711023807526,0,72
candidate,20260859,1,1,33.0,1.0,1,0,0,0,0,0,0,0.027777777777777776,36,2.3013856261968613,2.741535659879446,2.787495031952858,0,72
candidate,20260859,2,1,-8.0,2.5,0,0,0,0,0,0,0,0.05555555555555555,36,2.380110840830538,3.1899348832666874,3.8147196173667908,0,72
candidate,20260859,3,1,-8.0,2.5,0,0,0,0,0,0,0,0.0,35,2.298950191055025,2.816910110414028,2.842497080564499,0,70
candidate,20260860,0,0,-22.0,3.0,0,0,0,0,0,0,0,0.01818181818181818,55,2.3921559818766336,2.965516597032547,3.278139978647232,0,111
candidate,20260860,1,0,66.0,1.0,1,1,0,0,0,0,0,0.03571428571428571,56,2.327497150482876,3.0213077552616596,3.5093016922473907,0,111
candidate,20260860,2,0,-22.0,3.0,0,0,0,0,0,0,0,0.03389830508474576,59,2.28216164445473,2.733524143695829,3.1033605337142944,0,119
candidate,20260860,3,0,-22.0,3.0,0,0,0,0,0,0,0,0.0,55,2.3573039946230976,3.080933354794979,3.1247157603502274,0,111
candidate,20260861,0,3,49.0,1.0,1,0,0,0,0,0,0,0.0,8,2.3762478958815336,2.8712257742881775,2.884332090616226,0,16
candidate,20260861,1,3,-8.0,2.5,0,0,0,0,0,0,0,0.0,8,2.305431757122278,2.7922287583351135,2.7926433831453323,0,16
candidate,20260861,2,3,-8.0,2.5,0,0,0,0,0,0,0,0.0,8,2.2960191126912832,2.8026231564581394,2.8084181249141693,0,16
candidate,20260861,3,3,-33.0,4.0,0,0,1,25,0,0,0,0.0,8,2.2935597226023674,2.835580427199602,2.8564687818288803,0,16
candidate,20260862,0,0,216.0,1.0,1,1,0,0,0,0,0,0.0392156862745098,51,2.3229196302446664,2.7638254687190056,2.938583493232727,0,101
candidate,20260862,1,0,-35.0,4.0,0,0,1,27,0,0,0,0.0,36,2.3267495756347976,2.9008309356868267,3.0893664807081223,0,72
candidate,20260862,2,0,-8.0,2.5,0,0,0,0,0,0,0,0.030303030303030304,33,2.3518244764118483,3.0479855835437775,3.163401037454605,0,66
candidate,20260862,3,0,-8.0,2.5,0,0,0,0,0,0,0,0.027777777777777776,36,2.320646825763914,3.1613879837095737,3.280170261859894,0,72
candidate,20260863,0,3,-24.0,3.0,0,0,0,0,0,0,0,0.019230769230769232,52,2.408803798831426,2.938116248697042,3.1927991658449173,0,105
candidate,20260863,1,3,-23.0,4.0,0,0,1,15,0,0,0,0.019230769230769232,52,2.3255348563767395,2.8964932076632968,3.123754635453224,0,104
candidate,20260863,2,3,-8.0,2.5,0,0,0,0,0,0,0,0.029850746268656716,67,2.2853478900532225,2.8427353128790855,2.92857363820076,0,134
candidate,20260863,3,3,72.0,1.0,1,1,0,0,0,0,0,0.05660377358490566,53,2.234639635063567,2.554413303732872,3.8098860532045364,0,105
candidate,20260864,0,3,-8.0,2.5,0,0,0,0,0,0,0,0.0,27,2.3980980256089457,2.899664267897606,2.904597669839859,0,54
candidate,20260864,1,3,37.0,1.0,1,0,0,0,0,0,0,0.0,27,2.4614700426657996,3.165648691356182,3.528900444507599,0,54
candidate,20260864,2,3,-23.0,3.0,0,0,0,0,0,0,0,0.0,37,2.333324704621289,2.927445620298385,3.1256023794412613,0,75
candidate,20260864,3,3,-8.0,2.5,0,0,0,0,0,0,0,0.0,27,2.385705985404827,3.3033356070518494,3.3485013991594315,0,54
candidate,20260865,0,0,-8.0,2.5,0,0,0,0,0,0,0,0.03333333333333333,30,2.382093916336695,2.866598777472973,2.8835423290729523,0,60
candidate,20260865,1,0,-22.0,3.0,0,0,0,0,0,0,0,0.03125,32,2.3246213677339256,2.7677075937390327,2.892686054110527,0,65
candidate,20260865,2,0,-23.0,4.0,0,0,1,15,0,0,0,0.03333333333333333,30,2.337762899696827,3.1089022755622864,3.164086490869522,0,60
candidate,20260865,3,0,-8.0,2.5,0,0,0,0,0,0,0,0.09375,32,2.2962443181313574,2.8208413161337376,3.258591517806053,0,64
candidate,20260866,0,3,-8.0,2.5,0,0,0,0,0,0,0,0.030303030303030304,33,2.456628576372609,3.202834725379944,3.5037044435739517,0,66
candidate,20260866,1,3,39.0,1.0,1,0,0,0,0,0,0,0.05263157894736842,57,2.2764662117288825,2.621602267026901,2.853609621524811,0,114
candidate,20260866,2,3,-16.0,4.0,0,0,1,8,0,0,0,0.047619047619047616,63,2.2559332114363473,2.8259366750717163,3.0685290694236755,0,126
candidate,20260866,3,3,-8.0,2.5,0,0,0,0,0,0,0,0.0425531914893617,47,2.3069568770997066,2.890995517373085,2.940976992249489,0,94
candidate,20260867,0,1,-45.0,4.0,0,0,1,37,1,0,0,0.0392156862745098,51,2.3601334542036057,2.8812671080231667,3.181392326951027,0,102
candidate,20260867,1,1,-8.0,2.5,0,0,0,0,0,0,0,0.0196078431372549,51,2.307061617280923,2.767183817923069,2.8757452964782715,0,102
candidate,20260867,2,1,-8.0,2.5,0,0,0,0,0,0,0,0.023809523809523808,42,2.317180945759728,2.90522463619709,3.055168315768242,0,84
candidate,20260867,3,1,36.0,1.0,1,0,0,0,0,0,0,0.022727272727272728,44,2.3491806773976847,3.092930093407631,3.413243219256401,0,88
candidate,20260868,0,2,-8.0,2.5,0,0,0,0,0,0,0,0.0,35,2.423086336680821,2.9776299372315407,3.630705177783966,0,70
candidate,20260868,1,2,-20.0,4.0,0,0,1,12,0,0,0,0.05714285714285714,35,2.3098440042563846,2.814819663763046,3.1150206923484802,0,70
candidate,20260868,2,2,36.0,1.0,1,0,0,0,0,0,0,0.0,35,2.366539090871811,2.9348941519856453,3.030054271221161,0,70
candidate,20260868,3,2,-8.0,2.5,0,0,0,0,0,0,0,0.05714285714285714,35,2.3637843983513966,3.315748460590839,3.4589730203151703,0,70
candidate,20260869,0,3,-8.0,2.5,0,0,0,0,0,0,0,0.0,38,2.389260763792615,2.830902859568596,2.8632935136556625,0,76
candidate,20260869,1,3,-8.0,2.5,0,0,0,0,0,0,0,0.019230769230769232,52,2.3334591936033506,2.8016448952257633,2.936350181698799,0,104
candidate,20260869,2,3,-8.0,2.5,0,0,0,0,0,0,0,0.02857142857142857,70,2.3677312902041843,3.165223356336355,3.5212989896535873,0,140
candidate,20260869,3,3,0.0,2.5,0,0,0,0,0,1,1,0.011627906976744186,86,2.4194827216655708,3.1783105805516243,3.347303718328476,0,172
candidate,20260870,0,2,-21.0,3.0,0,0,0,0,0,0,0,0.02,50,2.392558641731739,2.8853139840066433,3.88486310839653,0,101
candidate,20260870,1,2,36.0,1.0,1,0,0,0,0,0,0,0.0,60,2.3445297963917255,2.944063860923052,3.3351071178913116,0,120
candidate,20260870,2,2,63.0,1.0,1,1,0,0,0,0,0,0.02127659574468085,47,2.3112666020368007,2.842887677252292,3.2507721334695816,0,93
candidate,20260870,3,2,-16.0,4.0,0,0,1,8,0,0,0,0.0,20,2.328725252300501,2.8673836961388592,3.34005244076252,0,40
candidate,20260871,0,1,33.0,1.0,1,0,0,0,0,0,0,0.024390243902439025,82,2.3439948151751264,2.852327097207308,3.198111429810524,0,165
candidate,20260871,1,1,0.0,2.5,0,0,0,0,0,1,1,0.023255813953488372,86,2.4405081084994382,3.5967212170362473,4.544753581285477,0,171
candidate,20260871,2,1,0.0,2.5,0,0,0,0,0,1,0,0.011627906976744186,86,2.514896936021572,3.6131516098976135,5.020618438720703,0,174
candidate,20260871,3,1,0.0,2.5,0,0,0,0,0,1,1,0.0,88,2.3773904593492095,3.246231283992529,3.4362003207206726,0,177
candidate,20260872,0,3,-8.0,2.5,0,0,0,0,0,0,0,0.06382978723404255,47,2.3319935624269728,2.868475578725338,2.95105017721653,0,95
candidate,20260872,1,3,33.0,1.0,1,0,0,0,0,0,0,0.08888888888888889,45,2.297096782260471,2.8615601360797873,3.2062027603387833,0,89
candidate,20260872,2,3,0.0,2.5,0,0,0,0,0,1,1,0.023529411764705882,85,2.316979713299695,2.8152775019407272,3.8712341338396072,0,170
candidate,20260872,3,3,-27.0,4.0,0,0,1,19,0,0,0,0.0,72,2.450963740961419,3.479686472564936,3.9094388484954834,0,145
candidate,20260873,0,1,-8.0,2.5,0,0,0,0,0,0,0,0.0425531914893617,47,2.3648279540716333,2.8727414086461067,3.006948158144951,0,94
candidate,20260873,1,1,33.0,1.0,1,0,0,0,0,0,0,0.02127659574468085,47,2.3172543720996126,2.7651524171233177,2.893475815653801,0,94
candidate,20260873,2,1,-8.0,2.5,0,0,0,0,0,0,0,0.0196078431372549,51,2.3520037020538367,3.0498048290610313,3.3896397799253464,0,102
candidate,20260873,3,1,-17.0,4.0,0,0,1,9,0,0,0,0.0,39,2.333800236766155,2.9341885820031166,3.000916913151741,0,78
candidate,20260874,0,1,-8.0,2.5,0,0,0,0,0,0,0,0.0,18,2.3413019047843084,2.751987986266613,2.7537960559129715,0,36
candidate,20260874,1,1,33.0,1.0,1,0,0,0,0,0,0,0.1111111111111111,18,2.316176373925474,2.8932862915098667,2.9165204614400864,0,36
candidate,20260874,2,1,-8.0,2.5,0,0,0,0,0,0,0,0.0,18,2.337300736043188,2.9756213538348675,3.0002202838659286,0,36
candidate,20260874,3,1,-17.0,4.0,0,0,1,9,0,0,0,0.0,18,2.3261220711800785,2.8838138096034527,2.9960740357637405,0,36
candidate,20260875,0,3,-8.0,2.5,0,0,0,0,0,0,0,0.0,72,2.5297131441119642,3.382552322000265,3.967195749282837,0,144
candidate,20260875,1,3,-8.0,2.5,0,0,0,0,0,0,0,0.043478260869565216,46,2.3815690985192424,3.2195793464779854,3.543758764863014,0,92
candidate,20260875,2,3,-8.0,2.5,0,0,0,0,0,0,0,0.013888888888888888,72,2.3127542032549777,2.9212652705609803,3.4930966794490814,0,144
candidate,20260875,3,3,55.0,1.0,1,0,0,0,0,0,0,0.041666666666666664,72,2.2461004813926086,2.696469333022833,2.8193816542625427,0,144
candidate,20260876,0,2,-8.0,2.5,0,0,0,0,0,0,0,0.04081632653061224,49,2.318471556111258,2.862168475985527,2.9356051236391068,0,98
candidate,20260876,1,2,-16.0,4.0,0,0,1,8,0,0,0,0.021739130434782608,46,2.2759650550458743,2.6771887205541134,2.7634166181087494,0,92
candidate,20260876,2,2,32.0,1.0,1,0,0,0,0,0,0,0.02040816326530612,49,2.325932704368416,3.093467652797699,3.3186394721269608,0,98
candidate,20260876,3,2,-8.0,2.5,0,0,0,0,0,0,0,0.0,50,2.2826898470520973,2.8091168962419033,2.8317607939243317,0,100
candidate,20260877,0,0,78.0,1.0,1,1,0,0,0,0,0,0.0,51,2.3558869154429902,2.884186804294586,2.924349159002304,0,102
candidate,20260877,1,0,-8.0,2.5,0,0,0,0,0,0,0,0.0,48,2.32837717824926,2.8830300085246563,2.932325005531311,0,97
candidate,20260877,2,0,-8.0,2.5,0,0,0,0,0,0,0,0.03076923076923077,65,2.2319070135171595,2.6357877999544144,2.678118646144867,0,129
candidate,20260877,3,0,-26.0,3.0,0,0,0,0,0,0,0,0.04,50,2.290334440767765,2.8195101767778397,2.8538741171360016,0,102
candidate,20260878,0,2,-23.0,4.0,0,0,1,15,0,0,0,0.0,57,2.4180305108689426,3.057524189352989,3.161458298563957,0,114
candidate,20260878,1,2,-8.0,2.5,0,0,0,0,0,0,0,0.017543859649122806,57,2.3539788498167407,3.0245393514633174,3.2733287662267685,0,114
candidate,20260878,2,2,39.0,1.0,1,0,0,0,0,0,0,0.030303030303030304,66,2.2461842745542526,2.6590642519295216,2.928018569946289,0,132
candidate,20260878,3,2,-8.0,2.5,0,0,0,0,0,0,0,0.0,57,2.2971419323431816,2.793889492750168,2.870805561542511,0,114
candidate,20260879,0,0,-8.0,2.5,0,0,0,0,0,0,0,0.05,40,2.3374478798359632,2.825958002358675,2.8530433773994446,0,80
candidate,20260879,1,0,-8.0,2.5,0,0,0,0,0,0,0,0.027777777777777776,36,2.265565200812287,2.681395038962364,2.941001206636429,0,72
candidate,20260879,2,0,-17.0,4.0,0,0,1,9,0,0,0,0.027777777777777776,36,2.287833278791772,2.85185594111681,2.9769279062747955,0,72
candidate,20260879,3,0,33.0,1.0,1,0,0,0,0,0,0,0.05555555555555555,36,2.2684232228332095,2.865465823560953,3.09118814766407,0,72
candidate,20260880,0,3,-19.0,4.0,0,0,1,11,0,0,0,0.019230769230769232,52,2.436174115595909,2.991366945207119,3.6630071699619293,0,104
candidate,20260880,1,3,-33.0,3.0,0,0,0,0,0,0,0,0.03389830508474576,59,2.319326750555281,2.723294496536255,2.819100394845009,0,120
candidate,20260880,2,3,33.0,1.0,1,0,0,0,0,0,0,0.014925373134328358,67,2.3563333522917618,3.046351298689842,3.323744982481003,0,133
candidate,20260880,3,3,0.0,2.5,0,0,0,0,0,1,1,0.02631578947368421,76,2.2780684705235457,2.8371033258736134,3.8439854979515076,0,154
candidate,20260881,0,0,-16.0,3.0,0,0,0,0,0,0,0,0.07142857142857142,28,2.4302536621689796,3.034652397036552,3.237703815102577,0,58
candidate,20260881,1,0,-16.0,3.0,0,0,0,0,0,0,0,0.0,28,2.344357714589153,2.913812361657619,3.335103392601013,0,58
candidate,20260881,2,0,-16.0,3.0,0,0,0,0,0,0,0,0.10714285714285714,28,2.237741170184953,2.6071717962622643,2.7765948325395584,0,58
candidate,20260881,3,0,63.0,1.0,1,1,0,0,0,0,0,0.03125,32,2.3697855649515986,3.148094564676285,3.397628664970398,0,62
candidate,20260882,0,3,32.0,1.0,1,0,0,0,0,0,0,0.03125,32,2.5104890228249133,3.4487071447074413,3.583727404475212,0,64
candidate,20260882,1,3,-24.0,3.0,0,0,0,0,0,0,0,0.0,38,2.510547147769677,3.5382494330406185,3.9775967597961426,0,77
candidate,20260882,2,3,-8.0,2.5,0,0,0,0,0,0,0,0.03125,32,2.3833009763620794,2.9415790922939777,4.603976383805275,0,64
candidate,20260882,3,3,-8.0,2.5,0,0,0,0,0,0,0,0.0625,32,2.376714488491416,3.0676448717713356,4.493696615099907,0,64
candidate,20260883,0,2,32.0,1.0,1,0,0,0,0,0,0,0.05,40,2.3685093969106674,2.791653946042061,2.885451540350914,0,80
candidate,20260883,1,2,-16.0,3.0,0,0,0,0,0,0,0,0.025,40,2.3010799195617437,2.8203167021274567,2.8924085199832916,0,81
candidate,20260883,2,2,-16.0,3.0,0,0,0,0,0,0,0,0.0,40,2.336968621239066,2.8848127461969852,2.9293131083250046,0,81
candidate,20260883,3,2,-16.0,3.0,0,0,0,0,0,0,0,0.025,40,2.3180638439953327,2.782556042075157,3.472099080681801,0,81
candidate,20260884,0,3,57.0,1.0,1,1,0,0,0,0,0,0.043478260869565216,23,2.358651193587676,2.926291897892952,3.0990689992904663,0,45
candidate,20260884,1,3,-19.0,3.0,0,0,0,0,0,0,0,0.045454545454545456,22,2.3069027811288834,2.883242256939411,3.0082017183303833,0,45
candidate,20260884,2,3,-19.0,3.0,0,0,0,0,0,0,0,0.0,19,2.283635892366108,2.8296880424022675,2.8549376875162125,0,39
candidate,20260884,3,3,-19.0,3.0,0,0,0,0,0,0,0,0.05263157894736842,19,2.2892728447914124,2.7435090392827988,2.766244113445282,0,39
candidate,20260885,0,3,-8.0,2.5,0,0,0,0,0,0,0,0.0,34,2.465830951490823,3.1442442908883095,3.2045021653175354,0,69
candidate,20260885,1,3,36.0,1.0,1,0,0,0,0,0,0,0.031746031746031744,63,2.315672203188851,2.7527352795004845,3.169342875480652,0,127
candidate,20260885,2,3,34.0,1.0,1,0,0,0,0,0,0,0.05714285714285714,35,2.277316685233797,2.746937237679958,3.1686704605817795,0,69
candidate,20260885,3,3,-8.0,2.5,0,0,0,0,0,0,0,0.0,34,2.410812522558605,3.37832048535347,3.9434004575014114,0,69
candidate,20260886,0,2,99.0,1.0,1,1,0,0,0,0,0,0.04878048780487805,41,2.3718624852779433,2.9832497239112854,3.281818702816963,0,81
candidate,20260886,1,2,-33.0,3.0,0,0,0,0,0,0,0,0.05,40,2.371295355260372,3.091401420533657,3.4434031695127487,0,81
candidate,20260886,2,2,-33.0,3.0,0,0,0,0,0,0,0,0.0,40,2.3443657904863358,2.83253900706768,3.287535160779953,0,81
candidate,20260886,3,2,-33.0,3.0,0,0,0,0,0,0,0,0.075,40,2.2620814852416515,2.5919582694768906,2.8576329350471497,0,81
candidate,20260887,0,3,-20.0,3.0,0,0,0,0,0,0,0,0.0,58,2.5255669486419907,3.462701011449098,3.9816144853830338,0,117
candidate,20260887,1,3,-8.0,2.5,0,0,0,0,0,0,0,0.0,58,2.2965438728188645,2.835665736347437,2.9284395277500153,0,116
candidate,20260887,2,3,-24.0,4.0,0,0,1,16,0,0,0,0.03076923076923077,65,2.2341120701569777,2.54647359251976,2.7862507849931717,0,130
candidate,20260887,3,3,-21.0,4.0,0,0,1,13,0,0,0,0.015625,64,2.308468654518947,2.7562929317355156,3.277488052845001,0,128
candidate,20260888,0,3,-18.0,3.0,0,0,0,0,0,0,0,0.0,35,2.4206850145544325,3.1158993020653725,3.171660006046295,0,71
candidate,20260888,1,3,-18.0,3.0,0,0,0,0,0,0,0,0.08571428571428572,35,2.2781160260949815,2.5697579607367516,2.8683915734291077,0,71
candidate,20260888,2,3,54.0,1.0,1,1,0,0,0,0,0,0.08333333333333333,36,2.369775643779172,3.0975788831710815,3.7674512714147568,0,71
candidate,20260888,3,3,-22.0,3.0,0,0,0,0,0,0,0,0.02857142857142857,35,2.2822868078947067,2.798929996788501,3.2286234200000763,0,71
candidate,20260889,0,0,-8.0,2.5,0,0,0,0,0,0,0,0.02702702702702703,74,2.397745117746495,2.90164090692997,3.451090306043625,0,148
candidate,20260889,1,0,-16.0,4.0,0,0,1,8,0,0,0,0.0,41,2.3945814861756998,2.906329929828644,3.4833699464797974,0,82
candidate,20260889,2,0,-18.0,4.0,0,0,1,10,0,0,0,0.037037037037037035,54,2.3066290757722325,2.844868320971727,3.132333979010582,0,108
candidate,20260889,3,0,33.0,1.0,1,0,0,0,0,0,0,0.016129032258064516,62,2.3875384921989133,3.015921823680401,3.553910180926323,0,124
candidate,20260890,0,2,-26.0,4.0,0,0,1,18,0,0,0,0.046511627906976744,43,2.3647388226764146,2.84253116697073,3.1477604061365128,0,86
candidate,20260890,1,2,42.0,1.0,1,0,0,0,0,0,0,0.023255813953488372,43,2.349682238905929,2.9009822756052017,3.2691657543182373,0,86
candidate,20260890,2,2,-8.0,2.5,0,0,0,0,0,0,0,0.022222222222222223,45,2.40921133922206,3.237829729914665,3.645215183496475,0,90
candidate,20260890,3,2,-8.0,2.5,0,0,0,0,0,0,0,0.023255813953488372,43,2.337937048354814,2.9470350593328476,3.398589789867401,0,86
candidate,20260891,0,1,-19.0,4.0,0,0,1,11,0,0,0,0.04477611940298507,67,2.350481616249725,2.792997844517231,3.65343876183033,0,134
candidate,20260891,1,1,33.0,1.0,1,0,0,0,0,0,0,0.07317073170731707,41,2.3036307496268575,2.849472686648369,2.962019294500351,0,82
candidate,20260891,2,1,-23.0,4.0,0,0,1,15,0,0,0,0.023255813953488372,43,2.3023396037345707,2.8586551547050476,3.212103620171547,0,86
candidate,20260891,3,1,0.0,2.5,0,0,0,0,0,1,0,0.011627906976744186,86,2.3471518571293633,2.974816132336855,3.43875028192997,0,171
candidate,20260892,0,0,33.0,1.0,1,0,0,0,0,0,0,0.0,48,2.5057108917584023,3.1814781948924065,5.049273371696472,0,96
candidate,20260892,1,0,-8.0,2.5,0,0,0,0,0,0,0,0.0,48,2.511747763492167,3.445484209805727,4.412535578012466,0,96
candidate,20260892,2,0,-17.0,4.0,0,0,1,9,0,0,0,0.0,35,2.298828959465027,2.831750735640526,2.8906241059303284,0,70
candidate,20260892,3,0,-17.0,4.0,0,0,1,9,0,0,0,0.041666666666666664,48,2.3435341815153756,3.0187097378075123,3.8831643760204315,0,96
candidate,20260893,0,3,-8.0,2.5,0,0,0,0,0,0,0,0.04838709677419355,62,2.407037863327611,3.1177599914371963,3.8399994373321533,0,124
candidate,20260893,1,3,-16.0,4.0,0,0,1,8,0,0,0,0.0,34,2.617102280697402,4.0214316919445965,4.844855517148972,0,68
candidate,20260893,2,3,32.0,1.0,1,0,0,0,0,0,0,0.03225806451612903,62,2.4171676186303936,3.486507572233677,4.153581336140633,0,124
candidate,20260893,3,3,-8.0,2.5,0,0,0,0,0,0,0,0.03225806451612903,62,2.290554945507357,2.629594597965479,3.1974297016859055,0,124
candidate,20260894,0,1,48.0,1.0,1,0,0,0,0,0,0,0.0,22,2.415300939570774,2.7864850126206875,2.812907099723816,0,44
candidate,20260894,1,1,-32.0,4.0,0,0,1,24,0,0,0,0.07692307692307693,26,2.29556428698393,2.6671472005546093,2.7288924902677536,0,52
candidate,20260894,2,1,-8.0,2.5,0,0,0,0,0,0,0,0.0,26,2.2818220492738943,2.8649605810642242,2.8813909739255905,0,52
candidate,20260894,3,1,-8.0,2.5,0,0,0,0,0,0,0,0.0,26,2.323188317509798,2.995328977704048,3.211457282304764,0,52
candidate,20260895,0,1,-8.0,2.5,0,0,0,0,0,0,0,0.04,50,2.3494990915060043,2.8607672080397606,2.917936071753502,0,100
candidate,20260895,1,1,-19.0,4.0,0,0,1,11,0,0,0,0.023809523809523808,42,2.314992692498934,2.7269565500319004,2.755856141448021,0,84
candidate,20260895,2,1,-27.0,3.0,0,0,0,0,0,0,0,0.0,56,2.646503903503929,4.717098083347082,4.921700805425644,0,113
candidate,20260895,3,1,35.0,1.0,1,0,0,0,0,0,0,0.06818181818181818,44,2.3153702389787543,2.9221312142908573,3.282148391008377,0,88
candidate,20260896,0,2,34.0,1.0,1,0,0,0,0,0,0,0.075,40,2.300869021564722,2.649213932454586,2.879459410905838,0,80
candidate,20260896,1,2,-8.0,2.5,0,0,0,0,0,0,0,0.025,40,2.3314296267926693,2.8141795657575126,3.0279606580734253,0,80
candidate,20260896,2,2,-32.0,3.0,0,0,0,0,0,0,0,0.017543859649122806,57,2.396544833716593,2.9499161988496763,3.421841189265251,0,116
candidate,20260896,3,2,-8.0,2.5,0,0,0,0,0,0,0,0.020833333333333332,48,2.26984735733519,2.7361792512238026,3.0597690492868423,0,97
candidate,20260897,0,1,-16.0,4.0,0,0,1,8,0,0,0,0.0,29,2.4302347466863434,3.054535016417503,3.394538536667824,0,58
candidate,20260897,1,1,32.0,1.0,1,0,0,0,0,0,0,0.034482758620689655,29,2.421744745867006,3.1895224004983898,3.2666511833667755,0,58
candidate,20260897,2,1,-8.0,2.5,0,0,0,0,0,0,0,0.034482758620689655,29,2.3261198838209283,2.841485664248466,3.7542060017585754,0,58
candidate,20260897,3,1,-8.0,2.5,0,0,0,0,0,0,0,0.06896551724137931,29,2.2860131515511153,2.790267392992973,2.873782068490982,0,58
candidate,20260898,0,1,-16.0,4.0,0,0,1,8,0,0,0,0.0,63,2.615038157692031,3.75375933945179,4.433702677488327,0,126
candidate,20260898,1,1,-8.0,2.5,0,0,0,0,0,0,0,0.034482758620689655,29,2.3597691465040733,2.91297510266304,3.0886325985193253,0,58
candidate,20260898,2,1,0.0,2.5,0,0,0,0,0,1,1,0.011627906976744186,86,2.3322877105931905,2.7648131363093853,3.235790878534317,0,172
candidate,20260898,3,1,-8.0,2.5,0,0,0,0,0,0,0,0.019230769230769232,52,2.3512764332386165,3.0016155913472176,4.194444045424461,0,104
candidate,20260899,0,3,-8.0,2.5,0,0,0,0,0,0,0,0.02040816326530612,49,2.3310162811254966,2.7300436049699783,2.8392672538757324,0,98
candidate,20260899,1,3,-19.0,4.0,0,0,1,11,0,0,0,0.02040816326530612,49,2.4646463214742895,3.3237963914871216,3.617679700255394,0,98
candidate,20260899,2,3,35.0,1.0,1,0,0,0,0,0,0,0.0,49,2.4784787805104744,3.4565519541502,3.806730732321739,0,98
candidate,20260899,3,3,-19.0,4.0,0,0,1,11,0,0,0,0.022727272727272728,44,2.533114007250829,3.2707791775465016,3.742864355444908,0,88
candidate,20260900,0,1,-20.0,3.0,0,0,0,0,0,0,0,0.05,20,2.450845018029213,2.853715792298317,3.0189882963895798,0,41
candidate,20260900,1,1,60.0,1.0,1,1,0,0,0,0,0,0.09523809523809523,21,2.3006698382752284,2.624792978167534,2.982938662171364,0,41
candidate,20260900,2,1,-20.0,3.0,0,0,0,0,0,0,0,0.0,20,2.3698446340858936,2.9493097215890884,3.0270125716924667,0,41
candidate,20260900,3,1,-20.0,3.0,0,0,0,0,0,0,0,0.0,20,2.3331613279879093,2.9514157213270664,2.9820725321769714,0,41
candidate,20260901,0,0,60.0,1.0,1,1,0,0,0,0,0,0.023809523809523808,42,2.410363938127245,3.0458624474704257,3.7011858075857162,0,83
candidate,20260901,1,0,-20.0,3.0,0,0,0,0,0,0,0,0.045454545454545456,44,2.3538011380217294,2.948675397783518,3.2368358224630356,0,89
candidate,20260901,2,0,-20.0,3.0,0,0,0,0,0,0,0,0.023809523809523808,42,2.320841353918825,2.7406005188822746,3.6058370023965836,0,85
candidate,20260901,3,0,-20.0,3.0,0,0,0,0,0,0,0,0.024390243902439025,41,2.414671249869393,3.3833738416433334,3.3957231789827347,0,83
candidate,20260902,0,2,-19.0,3.0,0,0,0,0,0,0,0,0.045454545454545456,22,2.4210804734717715,3.0072199180722237,3.1719058752059937,0,45
candidate,20260902,1,2,-19.0,4.0,0,0,1,11,0,0,0,0.045454545454545456,22,2.329141240228306,2.706350851804018,3.1254850327968597,0,44
candidate,20260902,2,2,57.0,1.0,1,1,0,0,0,0,0,0.043478260869565216,23,2.325499268329662,2.906424179673195,2.9302332550287247,0,45
candidate,20260902,3,2,-19.0,3.0,0,0,0,0,0,0,0,0.0,22,2.3389150473204525,2.9614719562232494,3.0509009957313538,0,45
candidate,20260903,0,2,-8.0,2.5,0,0,0,0,0,0,0,0.012345679012345678,81,2.39410515828633,2.831069752573967,3.2701827585697174,0,163
candidate,20260903,1,2,51.0,1.0,1,1,0,0,0,0,0,0.023529411764705882,85,2.3987336632083442,3.0497308820486064,4.015559330582619,0,170
candidate,20260903,2,2,-18.0,4.0,0,0,1,10,0,0,0,0.024096385542168676,83,2.3561095572020636,2.860861830413341,3.33620049059391,0,167
candidate,20260903,3,2,-8.0,2.5,0,0,0,0,0,0,0,0.036585365853658534,82,2.6037098112993124,4.300080239772798,4.492109641432762,0,163
candidate,20260904,0,0,-16.0,4.0,0,0,1,8,0,0,0,0.0,40,2.47256881557405,3.135392908006906,3.362644463777542,0,80
candidate,20260904,1,0,-8.0,2.5,0,0,0,0,0,0,0,0.0,40,2.38376809284091,3.0580852180719376,3.1311586499214172,0,80
candidate,20260904,2,0,0.0,2.5,0,0,0,0,0,1,1,0.023529411764705882,85,2.348363180370892,3.159213066101074,3.688473254442215,0,169
candidate,20260904,3,0,-8.0,2.5,0,0,0,0,0,0,0,0.05,40,2.2789074573665857,2.8117073699831954,3.316335380077362,0,80
candidate,20260905,0,3,44.0,1.0,1,0,0,0,0,0,0,0.03333333333333333,30,2.3840312535564103,2.8269385918974876,3.033693879842758,0,60
candidate,20260905,1,3,-8.0,2.5,0,0,0,0,0,0,0,0.03296703296703297,91,2.370340503997855,2.969535067677498,3.8132723420858383,0,182
candidate,20260905,2,3,-8.0,2.5,0,0,0,0,0,0,0,0.0,30,2.3580411449074745,3.0841780826449385,3.4786202013492584,0,60
candidate,20260905,3,3,-8.0,2.5,0,0,0,0,0,0,0,0.06666666666666667,30,2.382079760233561,3.295116499066353,4.165343940258026,0,60
candidate,20260906,0,2,49.0,1.0,1,0,0,0,0,0,0,0.0,30,2.7741934483249984,3.708852548152208,4.5022983103990555,0,60
candidate,20260906,1,2,40.0,1.0,1,0,0,0,0,0,0,0.0,37,2.343353538497074,2.9980771243572226,3.2241065055131912,0,74
candidate,20260906,2,2,34.0,1.0,1,0,0,0,0,0,0,0.045454545454545456,44,2.359160052781755,3.0723605304956436,3.5080797970294952,0,88
candidate,20260906,3,2,-8.0,2.5,0,0,0,0,0,0,0,0.0,30,2.4385313193003335,3.2592454925179473,4.210023209452629,0,60
candidate,20260907,0,1,44.0,1.0,1,0,0,0,0,0,0,0.06,50,2.306327633559704,2.592290658503771,2.8229858726263046,0,100
candidate,20260907,1,1,-8.0,2.5,0,0,0,0,0,0,0,0.058823529411764705,51,2.2914119649167155,2.7190204709768295,3.120826557278633,0,102
candidate,20260907,2,1,-8.0,2.5,0,0,0,0,0,0,0,0.0196078431372549,51,2.344344760857376,3.0730916187167168,3.28894704580307,0,102
candidate,20260907,3,1,-28.0,4.0,0,0,1,20,0,0,0,0.02,50,2.303532399237156,2.772827260196209,2.8613973408937454,0,100
candidate,20260908,0,1,-8.0,2.5,0,0,0,0,0,0,0,0.0,79,2.464474449995198,3.2246753573417664,3.8917269557714462,0,158
candidate,20260908,1,1,-19.0,4.0,0,0,1,11,0,0,0,0.0379746835443038,79,2.416307648903207,3.034340217709541,3.410588949918747,0,158
candidate,20260908,2,1,-33.0,4.0,0,0,1,25,0,0,0,0.02857142857142857,70,2.4128147533961704,3.2212481833994384,4.684582352638245,0,140
candidate,20260908,3,1,35.0,1.0,1,0,0,0,0,0,0,0.03125,64,2.4821369734127074,3.5762314684689005,3.7777982652187347,0,128
candidate,20260909,0,0,33.0,1.0,1,0,0,0,0,0,0,0.06666666666666667,45,2.3118329130940967,2.7074862271547318,2.759302034974098,0,90
candidate,20260909,1,0,-8.0,2.5,0,0,0,0,0,0,0,0.022222222222222223,45,2.271076954073376,2.7135618031024933,2.8961393982172012,0,90
candidate,20260909,2,0,-17.0,4.0,0,0,1,9,0,0,0,0.06,50,2.2631603851914406,2.9289150610566135,3.297964110970497,0,100
candidate,20260909,3,0,-8.0,2.5,0,0,0,0,0,0,0,0.06666666666666667,45,2.257512261470159,2.745538204908371,3.107665106654167,0,90
candidate,20260910,0,2,-21.0,3.0,0,0,0,0,0,0,0,0.0,38,2.429463998659661,3.037359099835157,3.5731568932533264,0,77
candidate,20260910,1,2,-21.0,3.0,0,0,0,0,0,0,0,0.02631578947368421,38,2.3327051710925604,2.8205555863678455,2.9605217278003693,0,77
candidate,20260910,2,2,48.0,1.0,1,0,0,0,0,0,0,0.0,46,2.2959110691495566,2.8586904518306255,3.3875219523906708,0,92
candidate,20260910,3,2,-21.0,3.0,0,0,0,0,0,0,0,0.0,40,2.310612052679062,3.113196790218353,3.3420249819755554,0,81
candidate,20260911,0,1,-8.0,2.5,0,0,0,0,0,0,0,0.0,52,2.465225147226682,3.2891412265598765,3.5656653344631195,0,104
candidate,20260911,1,1,34.0,1.0,1,0,0,0,0,0,0,0.057692307692307696,52,2.2476546179789763,2.704774308949709,2.802511677145958,0,104
candidate,20260911,2,1,-8.0,2.5,0,0,0,0,0,0,0,0.030303030303030304,33,2.293509233630065,2.7347110211849213,3.1084157526493073,0,66
candidate,20260911,3,1,-18.0,4.0,0,0,1,10,0,0,0,0.0,52,2.3911017924547195,3.135751187801361,3.5965796560049057,0,104
candidate,20260912,0,0,-17.0,4.0,0,0,1,9,0,0,0,0.023255813953488372,43,2.439872383378273,3.166244924068451,3.571227192878723,0,86
candidate,20260912,1,0,-8.0,2.5,0,0,0,0,0,0,0,0.023809523809523808,42,2.44714692234993,3.308343142271042,3.528919070959091,0,84
candidate,20260912,2,0,-20.0,3.0,0,0,0,0,0,0,0,0.02,50,2.299897260963917,2.8265652246773243,3.0091796070337296,0,101
candidate,20260912,3,0,-8.0,2.5,0,0,0,0,0,0,0,0.0,43,2.440444388708403,3.274061530828476,3.830833360552788,0,86
candidate,20260913,0,0,66.0,1.0,1,1,0,0,0,0,0,0.05263157894736842,38,2.2952453184284662,2.6708826422691345,2.8085727244615555,0,75
candidate,20260913,1,0,-22.0,3.0,0,0,0,0,0,0,0,0.05405405405405406,37,2.3075697591175905,2.974349632859229,3.33496555685997,0,75
candidate,20260913,2,0,-22.0,3.0,0,0,0,0,0,0,0,0.08108108108108109,37,2.2812070878776343,2.7838010340929027,3.405885770916939,0,75
candidate,20260913,3,0,-22.0,3.0,0,0,0,0,0,0,0,0.0,37,2.431820977378536,3.2399345189332953,3.8980115205049515,0,75
candidate,20260914,0,3,33.0,1.0,1,0,0,0,0,0,0,0.0410958904109589,73,2.323310516060215,2.7176417410373683,3.3644363284111023,0,146
candidate,20260914,1,3,-8.0,2.5,0,0,0,0,0,0,0,0.03389830508474576,59,2.357530518103454,2.9392560943961135,3.326535224914551,0,118
candidate,20260914,2,3,-8.0,2.5,0,0,0,0,0,0,0,0.03389830508474576,59,2.313423901796341,2.8893098235130297,3.2524075359106064,0,118
candidate,20260914,3,3,-8.0,2.5,0,0,0,0,0,0,0,0.01694915254237288,59,2.2749429789640137,2.876770123839378,3.2552406191825867,0,118
candidate,20260915,0,1,0.0,2.5,0,0,0,0,0,1,1,0.0,82,2.5331894526394403,3.622614126652479,3.9318837225437164,0,164
candidate,20260915,1,1,0.0,2.5,0,0,0,0,0,1,0,0.012195121951219513,82,2.3418357141497657,3.1708606518805027,3.5786963999271393,0,164
candidate,20260915,2,1,-28.0,4.0,0,0,1,20,0,0,0,0.015384615384615385,65,2.3191873843853292,2.7560438960790634,4.611000418663025,0,130
candidate,20260915,3,1,0.0,2.5,0,0,0,0,0,1,1,0.036585365853658534,82,2.274779103151182,2.8846769593656063,3.4271162003278732,0,164
candidate,20260916,0,0,38.0,1.0,1,0,0,0,0,0,0,0.0425531914893617,47,2.2749806100383716,2.6317002251744266,2.814279869198799,0,94
candidate,20260916,1,0,-23.0,4.0,0,0,1,15,0,0,0,0.024390243902439025,41,2.287778367356556,3.054499626159668,3.1336210668087006,0,82
candidate,20260916,2,0,-8.0,2.5,0,0,0,0,0,0,0,0.0975609756097561,41,2.2944293734503955,2.990022301673889,3.2998938113451004,0,82
candidate,20260916,3,0,-8.0,2.5,0,0,0,0,0,0,0,0.024390243902439025,41,2.3272728047719817,3.2334476709365845,3.3279601484537125,0,82
candidate,20260917,0,1,-8.0,2.5,0,0,0,0,0,0,0,0.02127659574468085,47,2.358113633508378,2.9424363747239104,3.239121288061142,0,94
candidate,20260917,1,1,-8.0,2.5,0,0,0,0,0,0,0,0.014925373134328358,67,2.2797676275915175,2.7793295681476593,3.1648948788642883,0,134
candidate,20260917,2,1,39.0,1.0,1,0,0,0,0,0,0,0.03636363636363636,55,2.220583266832612,2.6034690439701076,3.008423373103142,0,110
candidate,20260917,3,1,-17.0,4.0,0,0,1,9,0,0,0,0.04081632653061224,49,2.283314204945856,2.890986949205398,3.2575763761997223,0,98
candidate,20260918,0,1,-8.0,2.5,0,0,0,0,0,0,0,0.045454545454545456,44,2.3479660210961644,2.915689256042242,3.30953486263752,0,88
candidate,20260918,1,1,66.0,1.0,1,1,0,0,0,0,0,0.05714285714285714,35,2.263929322361946,2.607782371342182,3.0959956347942352,0,69
candidate,20260918,2,1,-8.0,2.5,0,0,0,0,0,0,0,0.02040816326530612,49,2.347537867572843,3.1361404806375495,3.5159438848495483,0,98
candidate,20260918,3,1,-22.0,3.0,0,0,0,0,0,0,0,0.0,34,2.334874835522736,3.02873607724905,3.3464767038822174,0,69
candidate,20260919,0,0,66.0,1.0,1,1,0,0,0,0,0,0.05405405405405406,37,2.2984552826430344,2.7037210762500763,2.8763320297002792,0,74
candidate,20260919,1,0,-21.0,4.0,0,0,1,13,0,0,0,0.023809523809523808,42,2.3895792574399994,3.056054096668958,3.183433786034584,0,85
candidate,20260919,2,0,-8.0,2.5,0,0,0,0,0,0,0,0.023255813953488372,43,2.26757311543753,2.6799803599715233,3.12989205121994,0,85
candidate,20260919,3,0,-8.0,2.5,0,0,0,0,0,0,0,0.023809523809523808,42,2.305942631903149,2.873311564326286,3.117246553301811,0,85
candidate,20260920,0,2,36.0,1.0,1,0,0,0,0,0,0,0.03571428571428571,28,2.408781155411686,2.914611529558897,3.7431083619594574,0,56
candidate,20260920,1,2,-8.0,2.5,0,0,0,0,0,0,0,0.03333333333333333,30,2.3613709956407547,2.9629185795783997,3.5178158432245255,0,60
candidate,20260920,2,2,-8.0,2.5,0,0,0,0,0,0,0,0.0,28,2.305882517248392,2.778600435703993,3.260646015405655,0,56
candidate,20260920,3,2,-20.0,4.0,0,0,1,12,0,0,0,0.0,28,2.2988776410264626,2.809250447899103,3.241082653403282,0,56
candidate,20260921,0,1,-8.0,2.5,0,0,0,0,0,0,0,0.0,52,2.4641922746713343,3.4813186153769484,3.8981344550848007,0,104
candidate,20260921,1,1,-34.0,4.0,0,0,1,26,0,0,0,0.04081632653061224,49,2.2610864240904243,2.650912851095199,3.0534528195858,0,98
candidate,20260921,2,1,36.0,1.0,1,0,0,0,0,0,0,0.0,51,2.3762023843386593,3.048921935260296,3.6840084940195084,0,102
candidate,20260921,3,1,0.0,2.5,0,0,0,0,0,1,1,0.0,86,2.4082780880636947,3.30123258754611,3.7224870175123215,0,172
candidate,20260922,0,0,37.0,1.0,1,0,0,0,0,0,0,0.0,62,2.426374823816361,3.2412121072411537,3.4955237060785294,0,124
candidate,20260922,1,0,-8.0,2.5,0,0,0,0,0,0,0,0.04838709677419355,62,2.229286898528376,2.5381773710250854,2.6067253202199936,0,124
candidate,20260922,2,0,33.0,1.0,1,0,0,0,0,0,0,0.05084745762711865,59,2.298020363106566,2.7802126482129097,3.1195394694805145,0,118
candidate,20260922,3,0,-17.0,4.0,0,0,1,9,0,0,0,0.016129032258064516,62,2.3129683949293627,2.8701472096145153,3.106009215116501,0,124
candidate,20260923,0,1,-8.0,2.5,0,0,0,0,0,0,0,0.017241379310344827,58,2.3612960980370126,2.8961114585399628,3.1278282403945923,0,116
candidate,20260923,1,1,-19.0,4.0,0,0,1,11,0,0,0,0.017241379310344827,58,2.3764927132890143,2.9348832555115223,3.6259684711694717,0,116
candidate,20260923,2,1,-17.0,4.0,0,0,1,9,0,0,0,0.0,47,2.334273004151405,2.89224274456501,3.0734408646821976,0,94
candidate,20260923,3,1,35.0,1.0,1,0,0,0,0,0,0,0.0,58,2.3474096930746375,3.1224620528519154,3.3677183091640472,0,116
candidate,20260924,0,2,54.0,1.0,1,1,0,0,0,0,0,0.027777777777777776,36,2.326304610404703,2.8180633671581745,2.8272047638893127,0,71
candidate,20260924,1,2,-18.0,3.0,0,0,0,0,0,0,0,0.029411764705882353,34,2.3336289450526237,2.8582817874848843,3.007853403687477,0,69
candidate,20260924,2,2,-18.0,3.0,0,0,0,0,0,0,0,0.05714285714285714,35,2.2809228194611415,2.910463139414787,3.1883027404546738,0,71
candidate,20260924,3,2,-18.0,3.0,0,0,0,0,0,0,0,0.0,35,2.2843599851642336,2.9537094756960864,3.1939707696437836,0,71
candidate,20260925,0,3,-18.0,4.0,0,0,1,10,0,0,0,0.07317073170731707,41,2.2542674730463728,2.5742538273334503,2.8185267001390457,0,82
candidate,20260925,1,3,37.0,1.0,1,0,0,0,0,0,0,0.08571428571428572,35,2.298052130000932,2.857888117432594,3.072032704949379,0,70
candidate,20260925,2,3,-17.0,4.0,0,0,1,9,0,0,0,0.06666666666666667,30,2.269435984392961,2.6203302666544914,2.805868163704872,0,60
candidate,20260925,3,3,-8.0,2.5,0,0,0,0,0,0,0,0.022727272727272728,44,2.255903302945874,2.820791583508253,2.9221605509519577,0,88
candidate,20260926,0,1,-17.0,4.0,0,0,1,9,0,0,0,0.03125,32,2.3793996078893542,2.987878117710352,3.220111131668091,0,64
candidate,20260926,1,1,-17.0,3.0,0,0,0,0,0,0,0,0.07692307692307693,39,2.2209458626233616,2.5468559935688972,2.763476222753525,0,79
candidate,20260926,2,1,33.0,1.0,1,0,0,0,0,0,0,0.03125,32,2.249593904707581,2.6817191392183304,2.8964560478925705,0,64
candidate,20260926,3,1,-8.0,2.5,0,0,0,0,0,0,0,0.0,32,2.279572654515505,2.7878493070602417,3.2226163893938065,0,64
candidate,20260927,0,2,-8.0,2.5,0,0,0,0,0,0,0,0.0,68,2.459343632354456,3.1790105625987053,3.5275407135486603,0,136
candidate,20260927,1,2,-8.0,2.5,0,0,0,0,0,0,0,0.03125,64,2.325122943148017,3.015399258583783,3.1852032989263535,0,128
candidate,20260927,2,2,35.0,1.0,1,0,0,0,0,0,0,0.015625,64,2.3727097432129085,3.0828236602246757,3.4980308264493942,0,128
candidate,20260927,3,2,33.0,1.0,1,0,0,0,0,0,0,0.02857142857142857,70,2.2934204233544215,2.8918516822159286,3.4019239246845245,0,140
candidate,20260928,0,0,63.0,1.0,1,1,0,0,0,0,0,0.014084507042253521,71,2.323184162378311,2.709249034523964,3.16016748547554,0,141
candidate,20260928,1,0,-8.0,2.5,0,0,0,0,0,0,0,0.04918032786885246,61,2.2820081928225813,2.874394878745079,3.054708242416382,0,122
candidate,20260928,2,0,-20.0,4.0,0,0,1,12,0,0,0,0.017543859649122806,57,2.544464706851725,3.919760137796401,4.194376990199089,0,114
candidate,20260928,3,0,-18.0,3.0,0,0,0,0,0,0,0,0.016666666666666666,60,2.264815755188465,2.791352290660143,2.852771431207657,0,121
candidate,20260929,0,3,-8.0,2.5,0,0,0,0,0,0,0,0.016129032258064516,62,2.2971282803243205,2.735123038291931,2.809368073940277,0,124
candidate,20260929,1,3,-8.0,2.5,0,0,0,0,0,0,0,0.0,62,2.3583798939662595,3.1928636133670802,3.342069685459137,0,124
candidate,20260929,2,3,0.0,2.5,0,0,0,0,0,1,1,0.022988505747126436,87,2.229240412513415,2.702534757554531,2.880919724702835,0,174
candidate,20260929,3,3,-17.0,4.0,0,0,1,9,0,0,0,0.0,62,2.389583886871415,3.3314047381281853,3.3644475042819977,0,124
candidate,20260930,0,3,-16.0,4.0,0,0,1,8,0,0,0,0.0,60,2.473581644395987,3.4671079367399216,3.8572195917367935,0,120
candidate,20260930,1,3,-19.0,4.0,0,0,1,11,0,0,0,0.04,25,2.2999034076929092,2.8350040316581726,2.841504290699959,0,50
candidate,20260930,2,3,-17.0,4.0,0,0,1,9,0,0,0,0.0196078431372549,51,2.243200572682362,2.772204577922821,2.8127823024988174,0,102
candidate,20260930,3,3,-17.0,4.0,0,0,1,9,0,0,0,0.045454545454545456,44,2.338164697655223,2.904669288545847,5.347976461052895,0,88
candidate,20260931,0,1,48.0,1.0,1,1,0,0,0,0,0,0.0,42,2.343257312618551,2.9184961691498756,3.302343189716339,0,83
candidate,20260931,1,1,-21.0,3.0,0,0,0,0,0,0,0,0.044444444444444446,45,2.234311236275567,2.650473639369011,2.802325412631035,0,91
candidate,20260931,2,1,-21.0,3.0,0,0,0,0,0,0,0,0.06666666666666667,45,2.1942288925250373,2.5706131011247635,2.7483776211738586,0,91
candidate,20260931,3,1,-22.0,4.0,0,0,1,14,0,0,0,0.013157894736842105,76,2.3148759317241216,3.086003940552473,3.2821204513311386,0,152
candidate,20260932,0,0,-8.0,2.5,0,0,0,0,0,0,0,0.0,39,2.4333220357314134,3.2248908653855324,3.2687149941921234,0,78
candidate,20260932,1,0,-8.0,2.5,0,0,0,0,0,0,0,0.05,40,2.249106951057911,2.682986110448837,2.9533356428146362,0,80
candidate,20260932,2,0,-21.0,4.0,0,0,1,13,0,0,0,0.0,39,2.2881444639120345,2.8769606724381447,2.946147695183754,0,78
candidate,20260932,3,0,-8.0,2.5,0,0,0,0,0,0,0,0.05128205128205128,39,2.1861065179109573,2.5744805112481117,2.681305631995201,0,78
candidate,20260933,0,3,0.0,2.5,0,0,0,0,0,1,0,0.023809523809523808,84,2.3017539864494685,2.7522826567292213,2.854885533452034,0,168
candidate,20260933,1,3,-20.0,4.0,0,0,1,12,0,0,0,0.04878048780487805,41,2.270340010887239,2.6477426290512085,4.38682921230793,0,82
candidate,20260933,2,3,-8.0,2.5,0,0,0,0,0,0,0,0.037037037037037035,54,2.251412271073571,2.884050365537405,2.9548313468694687,0,108
candidate,20260933,3,3,-8.0,2.5,0,0,0,0,0,0,0,0.023809523809523808,42,2.241475685011773,2.744953148066997,2.892104908823967,0,84
candidate,20260934,0,0,48.0,1.0,1,1,0,0,0,0,0,0.022222222222222223,45,2.2715383105807834,2.6716839522123337,2.759244292974472,0,89
candidate,20260934,1,0,-19.0,4.0,0,0,1,11,0,0,0,0.027777777777777776,72,2.229585519267453,2.607364021241665,2.749333158135414,0,144
candidate,20260934,2,0,-36.0,3.0,0,0,0,0,0,0,0,0.0,81,2.460082647977052,3.478674218058586,3.763791173696518,0,163
candidate,20260934,3,0,-16.0,3.0,0,0,0,0,0,0,0,0.0,46,2.35804980215819,3.201688639819622,3.2459329813718796,0,93
candidate,20260935,0,3,-8.0,2.5,0,0,0,0,0,0,0,0.02564102564102564,39,2.3555122793484955,2.7656763792037964,3.6751404404640198,0,78
candidate,20260935,1,3,49.0,1.0,1,0,0,0,0,0,0,0.0,39,2.4859714202391796,3.566508740186692,4.852032288908958,0,78
candidate,20260935,2,3,-8.0,2.5,0,0,0,0,0,0,0,0.02564102564102564,39,2.2866564969985914,2.786761522293091,4.275210201740265,0,78
candidate,20260935,3,3,-33.0,4.0,0,0,1,25,0,0,0,0.05128205128205128,39,2.251187052864295,2.907979115843773,3.047080710530281,0,78
candidate,20260936,0,0,-31.0,3.0,0,0,0,0,0,0,0,0.0,39,2.3251999742709675,2.7920089662075043,2.915801480412483,0,79
candidate,20260936,1,0,-31.0,3.0,0,0,0,0,0,0,0,0.0,39,2.348046988630906,2.933887392282486,2.9994789510965347,0,79
candidate,20260936,2,0,-31.0,3.0,0,0,0,0,0,0,0,0.0,39,2.36317539253296,3.1265320256352425,3.57125885784626,0,79
candidate,20260936,3,0,93.0,1.0,1,1,0,0,0,0,0,0.0,40,2.36936011351645,3.278222586959599,3.799041733145714,0,79
candidate,20260937,0,0,-16.0,3.0,0,0,0,0,0,0,0,0.0625,32,2.2894011926837265,2.8089971281588078,2.940114587545395,0,65
candidate,20260937,1,0,48.0,1.0,1,1,0,0,0,0,0,0.09090909090909091,33,2.2112922460743873,2.641214430332184,2.815132960677147,0,65
candidate,20260937,2,0,-16.0,3.0,0,0,0,0,0,0,0,0.058823529411764705,34,2.2251106360379387,2.6850784197449684,2.7371440082788467,0,69
candidate,20260937,3,0,-16.0,3.0,0,0,0,0,0,0,0,0.0,28,2.3901848388569698,3.4274693578481674,3.480350598692894,0,57
candidate,20260938,0,3,-8.0,2.5,0,0,0,0,0,0,0,0.037037037037037035,27,2.3803938594129352,2.992960624396801,3.3593643456697464,0,54
candidate,20260938,1,3,-8.0,2.5,0,0,0,0,0,0,0,0.037037037037037035,27,2.3524292089320995,3.0429741367697716,3.0929110944271088,0,54
candidate,20260938,2,3,-18.0,4.0,0,0,1,10,0,0,0,0.0,27,2.3069056785768933,2.930881828069687,2.946728840470314,0,54
candidate,20260938,3,3,34.0,1.0,1,0,0,0,0,0,0,0.037037037037037035,27,2.2893855693163694,2.982667461037636,3.2012704759836197,0,54
candidate,20260939,0,3,-19.0,3.0,0,0,0,0,0,0,0,0.021739130434782608,46,2.295278741613678,2.7642115019261837,2.849806100130081,0,93
candidate,20260939,1,3,-19.0,3.0,0,0,0,0,0,0,0,0.08695652173913043,46,2.2163303649943806,2.5835782289505005,2.7115382254123688,0,93
candidate,20260939,2,3,57.0,1.0,1,1,0,0,0,0,0,0.0425531914893617,47,2.2240822064749737,2.6391085237264633,2.7843527495861053,0,93
candidate,20260939,3,3,-19.0,3.0,0,0,0,0,0,0,0,0.0,46,2.3413762126279916,3.1600226648151875,3.2686907798051834,0,93
candidate,20260940,0,2,-20.0,3.0,0,0,0,0,0,0,0,0.0,26,2.33524851500988,2.807732205837965,2.83864326775074,0,53
candidate,20260940,1,2,-18.0,3.0,0,0,0,0,0,0,0,0.0,30,2.445014317830404,3.419673256576061,3.5213083028793335,0,61
candidate,20260940,2,2,54.0,1.0,1,1,0,0,0,0,0,0.05714285714285714,35,2.236295331801687,2.889728732407093,2.9022227972745895,0,69
candidate,20260940,3,2,-20.0,3.0,0,0,0,0,0,0,0,0.0,26,2.2706905236611,2.8625689446926117,2.8758272528648376,0,53
candidate,20260941,0,1,-17.0,4.0,0,0,1,9,0,0,0,0.043478260869565216,23,2.3648182497076364,2.9568674042820926,2.9949620366096497,0,46
candidate,20260941,1,1,-8.0,2.5,0,0,0,0,0,0,0,0.034482758620689655,29,2.2911274612977586,2.7961626648902893,2.82897986471653,0,58
candidate,20260941,2,1,-8.0,2.5,0,0,0,0,0,0,0,0.047619047619047616,42,2.2617105305904435,2.9166012071073055,2.959964796900749,0,84
candidate,20260941,3,1,39.0,1.0,1,0,0,0,0,0,0,0.047619047619047616,42,2.1874976477452686,2.5569391436874866,2.5959275662899017,0,84
candidate,20260942,0,2,-18.0,4.0,0,0,1,10,0,0,0,0.0,42,2.607868363459905,4.143829364329575,4.52088750898838,0,84
candidate,20260942,1,2,34.0,1.0,1,0,0,0,0,0,0,0.023809523809523808,42,2.2691406220907258,2.708968985825777,2.741757780313492,0,84
candidate,20260942,2,2,-8.0,2.5,0,0,0,0,0,0,0,0.023809523809523808,42,2.2458920166605996,2.769911289215088,2.8127525001764297,0,84
candidate,20260942,3,2,-8.0,2.5,0,0,0,0,0,0,0,0.023809523809523808,42,2.300764611434369,3.032444603741169,3.1676404178142548,0,84
candidate,20260943,0,3,-8.0,2.5,0,0,0,0,0,0,0,0.022727272727272728,44,2.286326986822215,2.667104173451662,2.7948934584856033,0,88
candidate,20260943,1,3,-8.0,2.5,0,0,0,0,0,0,0,0.030303030303030304,33,2.3474350120082046,3.059900924563408,3.1781792640686035,0,66
candidate,20260943,2,3,-16.0,4.0,0,0,1,8,0,0,0,0.030303030303030304,33,2.2582163977803607,2.842170000076294,2.89250910282135,0,66
candidate,20260943,3,3,32.0,1.0,1,0,0,0,0,0,0,0.06060606060606061,33,2.1856435659256848,2.6669349521398544,2.772761508822441,0,66
candidate,20260944,0,3,-23.0,3.0,0,0,0,0,0,0,0,0.047619047619047616,21,2.3087343821922937,2.819312736392021,2.8526633977890015,0,43
candidate,20260944,1,3,-23.0,3.0,0,0,0,0,0,0,0,0.09523809523809523,21,2.291937048236529,2.949584275484085,2.9516220092773438,0,43
candidate,20260944,2,3,69.0,1.0,1,1,0,0,0,0,0,0.0,22,2.297783524475314,2.993286121636629,3.273759037256241,0,43
candidate,20260944,3,3,-23.0,3.0,0,0,0,0,0,0,0,0.0,21,2.2131562055576417,2.7859508991241455,2.8139837086200714,0,43
candidate,20260945,0,1,-8.0,2.5,0,0,0,0,0,0,0,0.0,29,2.33450371386676,2.8473392128944397,2.9859021306037903,0,58
candidate,20260945,1,1,-16.0,4.0,0,0,1,8,0,0,0,0.05128205128205128,39,2.359584833566959,3.0489878728985786,3.1827986240386963,0,78
candidate,20260945,2,1,-8.0,2.5,0,0,0,0,0,0,0,0.05128205128205128,39,2.2780925799638796,3.070441260933876,3.105688840150833,0,78
candidate,20260945,3,1,35.0,1.0,1,0,0,0,0,0,0,0.06666666666666667,30,2.190162241458893,2.542419545352459,2.6074163615703583,0,60
candidate,20260946,0,2,-16.0,4.0,0,0,1,8,0,0,0,0.043478260869565216,69,2.24486598070117,2.523374557495117,2.7871858328580856,0,138
candidate,20260946,1,2,-18.0,4.0,0,0,1,10,0,0,0,0.030303030303030304,66,2.2534286659775358,2.7726017870008945,3.052208572626114,0,132
candidate,20260946,2,2,-8.0,2.5,0,0,0,0,0,0,0,0.0,66,2.2624200492194206,2.8898860327899456,2.947108820080757,0,132
candidate,20260946,3,2,0.0,2.5,0,0,0,0,0,1,1,0.02197802197802198,91,2.243842540697737,2.7039675042033195,3.883812576532364,0,182
candidate,20260947,0,0,-23.0,4.0,0,0,1,15,0,0,0,0.041666666666666664,48,2.2674237843602896,2.5862823240458965,2.7890820056200027,0,96
candidate,20260947,1,0,-8.0,2.5,0,0,0,0,0,0,0,0.020833333333333332,48,2.2998858088006577,2.845214121043682,2.956237643957138,0,96
candidate,20260947,2,0,57.0,1.0,1,1,0,0,0,0,0,0.0,46,2.3942450871286183,3.2335547730326653,3.8682445883750916,0,91
candidate,20260947,3,0,-8.0,2.5,0,0,0,0,0,0,0,0.0,48,2.2723887814208865,2.779612597078085,2.9480475932359695,0,96
candidate,20260948,0,3,-8.0,2.5,0,0,0,0,0,0,0,0.02702702702702703,37,2.258143060513445,2.6181206107139587,2.785300835967064,0,74
candidate,20260948,1,3,32.0,1.0,1,0,0,0,0,0,0,0.02702702702702703,37,2.326673651869233,3.0288655310869217,3.095323219895363,0,74
candidate,20260948,2,3,-16.0,4.0,0,0,1,8,0,0,0,0.0,38,2.271327925355811,2.8163942508399487,3.0272379517555237,0,76
candidate,20260948,3,3,-16.0,4.0,0,0,1,8,0,0,0,0.0,37,2.2488597881149603,2.8560876846313477,2.949267625808716,0,74
candidate,20260949,0,0,-20.0,3.0,0,0,0,0,0,0,0,0.0375,80,2.2318907314911485,2.4978692643344402,2.7682166546583176,0,161
candidate,20260949,1,0,-22.0,4.0,0,0,1,14,0,0,0,0.03225806451612903,62,2.2320323473503514,2.605573181062937,2.7323029935359955,0,124
candidate,20260949,2,0,-8.0,2.5,0,0,0,0,0,0,0,0.0,73,2.3186888086469204,2.9822904616594315,3.245284780859947,0,146
candidate,20260949,3,0,0.0,2.5,0,0,0,0,0,1,0,0.0,80,2.2619302151724696,2.8670527040958405,2.934962511062622,0,160
candidate,20260950,0,3,48.0,1.0,1,1,0,0,0,0,0,0.01639344262295082,61,2.2950525716191432,2.8023328632116318,2.924717962741852,0,121
candidate,20260950,1,3,-19.0,4.0,0,0,1,11,0,0,0,0.0,35,2.2741638656173433,2.879028581082821,2.9802676290273666,0,70
candidate,20260950,2,3,-24.0,4.0,0,0,1,16,0,0,0,0.015384615384615385,65,2.250550028223258,2.8248589485883713,2.996731549501419,0,130
candidate,20260950,3,3,-8.0,2.5,0,0,0,0,0,0,0,0.0,65,2.3823313415050507,3.245055675506592,3.4766793251037598,0,130
candidate,20260951,0,1,48.0,1.0,1,1,0,0,0,0,0,0.0,53,2.525616366908235,3.7584520876407623,3.936847671866417,0,105
candidate,20260951,1,1,-18.0,4.0,0,0,1,10,0,0,0,0.0,58,2.280486876080776,2.7777187526226044,2.83828005194664,0,116
candidate,20260951,2,1,0.0,2.5,0,0,0,0,0,1,1,0.0,84,2.375348892417692,3.163506742566824,3.3940020948648453,0,168
candidate,20260951,3,1,-8.0,2.5,0,0,0,0,0,0,0,0.01694915254237288,59,2.277970250885365,2.98319011926651,3.0628815293312073,0,118
candidate,20260952,0,2,-33.0,3.0,0,0,0,0,0,0,0,0.0,70,2.3160616734198163,2.874435670673847,3.0439477413892746,0,141
candidate,20260952,1,2,-33.0,3.0,0,0,0,0,0,0,0,0.05970149253731343,67,2.222774327913327,2.6976548135280605,2.8078798204660416,0,135
candidate,20260952,2,2,-33.0,3.0,0,0,0,0,0,0,0,0.04477611940298507,67,2.2163887355309813,2.6046063750982285,2.794859930872917,0,135
candidate,20260952,3,2,34.0,1.0,1,0,0,0,0,0,0,0.020833333333333332,48,2.2995740873739123,2.9136361554265022,3.232652321457863,0,96
candidate,20260953,0,0,48.0,1.0,1,1,0,0,0,0,0,0.0,33,2.3733982534119575,3.066651150584221,3.1830761581659317,0,65
candidate,20260953,1,0,-16.0,3.0,0,0,0,0,0,0,0,0.0,36,2.3109429619378514,3.0059698037803173,3.030216321349144,0,73
candidate,20260953,2,0,-16.0,3.0,0,0,0,0,0,0,0,0.027777777777777776,36,2.261272372884883,2.8591882437467575,2.9062796384096146,0,73
candidate,20260953,3,0,-16.0,3.0,0,0,0,0,0,0,0,0.027777777777777776,36,2.288486653318008,2.997767645865679,3.078969195485115,0,73
candidate,20260954,0,0,0.0,2.5,0,0,0,0,0,1,1,0.0,84,2.6301637158862183,3.7486989982426167,7.327251136302948,0,168
candidate,20260954,1,0,35.0,1.0,1,0,0,0,0,0,0,0.02531645569620253,79,2.3206261611437498,2.9624389484524727,4.898421466350555,0,158
candidate,20260954,2,0,-21.0,3.0,0,0,0,0,0,0,0,0.023255813953488372,43,2.3774661903464516,2.908816747367382,7.130227982997894,0,87
candidate,20260954,3,0,-23.0,4.0,0,0,1,15,0,0,0,0.03614457831325301,83,2.2983896400196007,2.952126227319239,6.0541946440935135,0,166
candidate,20260955,0,2,-16.0,4.0,0,0,1,8,0,0,0,0.030303030303030304,66,2.359001191728043,2.7524828910827637,7.119966670870781,0,131
candidate,20260955,1,2,-8.0,2.5,0,0,0,0,0,0,0,0.0,73,2.4474915882495987,3.493185713887214,3.7985090166330338,0,147
candidate,20260955,2,2,32.0,1.0,1,0,0,0,0,0,0,0.0136986301369863,73,2.2504625918522274,2.7664270251989365,2.8552860021591187,0,147
candidate,20260955,3,2,0.0,2.5,0,0,0,0,0,1,1,0.023529411764705882,85,2.2261494661078736,2.6553403586149216,2.668345347046852,0,170
candidate,20260956,0,2,-8.0,2.5,0,0,0,0,0,0,0,0.030303030303030304,33,2.3672891159852347,2.7524158358573914,4.443932324647903,0,66
candidate,20260956,1,2,-8.0,2.5,0,0,0,0,0,0,0,0.0,35,2.3519238190991536,3.0136238783597946,3.2133925706148148,0,70
candidate,20260956,2,2,-21.0,4.0,0,0,1,13,0,0,0,0.0,33,2.260663800618865,2.9472216963768005,3.097027540206909,0,66
candidate,20260956,3,2,-8.0,2.5,0,0,0,0,0,0,0,0.09090909090909091,33,2.172427251935005,2.5845013558864594,2.6061534881591797,0,66
candidate,20260957,0,2,33.0,1.0,1,0,0,0,0,0,0,0.027777777777777776,36,2.347846929397848,3.016063943505287,3.0805356800556183,0,72
candidate,20260957,1,2,-8.0,2.5,0,0,0,0,0,0,0,0.03125,32,2.255049010273069,2.7272094041109085,2.9133930802345276,0,64
candidate,20260957,2,2,-8.0,2.5,0,0,0,0,0,0,0,0.020833333333333332,48,2.237282576970756,2.7474697679281235,2.8382614254951477,0,96
candidate,20260957,3,2,-17.0,4.0,0,0,1,9,0,0,0,0.016129032258064516,62,2.237076390414469,2.814056538045406,2.9202625155448914,0,124
candidate,20260958,0,3,-8.0,2.5,0,0,0,0,0,0,0,0.0,30,2.3263502245148024,2.9595322906970973,3.008022904396057,0,60
candidate,20260958,1,3,-22.0,3.0,0,0,0,0,0,0,0,0.027777777777777776,36,2.3057183457745447,2.8926189988851547,3.0081886798143387,0,73
candidate,20260958,2,3,-8.0,2.5,0,0,0,0,0,0,0,0.03333333333333333,30,2.2446626176436744,2.751421555876732,2.8127171099185944,0,60
candidate,20260958,3,3,-17.0,4.0,0,0,1,9,0,0,0,0.02040816326530612,49,2.2476822593990637,2.796659991145134,2.8719287365674973,0,98
candidate,20260959,0,1,-25.0,3.0,0,0,0,0,0,0,0,0.0,28,2.3715275206736157,2.9284405522048473,2.9464345425367355,0,57
candidate,20260959,1,1,75.0,1.0,1,1,0,0,0,0,0,0.10344827586206896,29,2.221022700441295,2.7366112917661662,2.8807055205106735,0,57
candidate,20260959,2,1,-25.0,3.0,0,0,0,0,0,0,0,0.10714285714285714,28,2.216172205018146,2.6194587349891663,2.7908310294151306,0,57
candidate,20260959,3,1,-25.0,3.0,0,0,0,0,0,0,0,0.07142857142857142,28,2.282089420727321,2.834917791187763,2.9362179338932037,0,57
candidate,20260960,0,3,54.0,1.0,1,1,0,0,0,0,0,0.02,50,2.3152783140540123,2.7794350869953632,2.8191618621349335,0,99
candidate,20260960,1,3,-17.0,3.0,0,0,0,0,0,0,0,0.03896103896103896,77,2.228101667065125,2.624361589550972,2.7583688497543335,0,155
candidate,20260960,2,3,54.0,1.0,1,1,0,0,0,0,0,0.046153846153846156,65,2.249616728379176,2.9174461960792537,3.1918250024318695,0,129
candidate,20260960,3,3,-8.0,2.5,0,0,0,0,0,0,0,0.05555555555555555,36,2.1836205075184503,2.5482112541794777,2.723056823015213,0,72
candidate,20260961,0,3,-24.0,3.0,0,0,0,0,0,0,0,0.02702702702702703,37,2.3159735106133126,2.8719861060380936,2.9182452708482742,0,75
candidate,20260961,1,3,48.0,1.0,1,1,0,0,0,0,0,0.07692307692307693,39,2.2293474907294297,2.6121309027075768,2.7243737131357193,0,77
candidate,20260961,2,3,-16.0,3.0,0,0,0,0,0,0,0,0.07894736842105263,38,2.2340751694221246,2.7944554574787617,2.8444696217775345,0,77
candidate,20260961,3,3,-16.0,3.0,0,0,0,0,0,0,0,0.02631578947368421,38,2.2319490580182326,2.870823908597231,2.9035620391368866,0,77
candidate,20260962,0,1,-8.0,2.5,0,0,0,0,0,0,0,0.022727272727272728,44,2.301136836070906,2.8002027422189713,3.0034519731998444,0,88
candidate,20260962,1,1,0.0,2.5,0,0,0,0,0,1,1,0.04395604395604396,91,2.2538105169167886,2.6923855766654015,4.717966541647911,0,182
candidate,20260962,2,1,-8.0,2.5,0,0,0,0,0,0,0,0.041666666666666664,48,2.223313475648562,2.7019563131034374,2.811489626765251,0,96
candidate,20260962,3,1,45.0,1.0,1,0,0,0,0,0,0,0.041666666666666664,48,2.228768620019158,2.7140414342284203,3.5338494926691055,0,96
candidate,20260963,0,3,34.0,1.0,1,0,0,0,0,0,0,0.0,23,2.5320500135421753,3.4703554585576057,4.254715517163277,0,46
candidate,20260963,1,3,-8.0,2.5,0,0,0,0,0,0,0,0.0,23,2.478095419380976,2.7888331562280655,6.467211991548538,0,46
candidate,20260963,2,3,-18.0,4.0,0,0,1,10,0,0,0,0.043478260869565216,23,2.2382626876882883,2.647579647600651,3.09089757502079,0,46
candidate,20260963,3,3,-8.0,2.5,0,0,0,0,0,0,0,0.043478260869565216,23,2.2732374946708265,2.9266567900776863,3.083324059844017,0,46
candidate,20260964,0,2,75.0,1.0,1,1,0,0,0,0,0,0.01818181818181818,55,2.2649055177515205,2.716323174536228,2.7669500559568405,0,109
candidate,20260964,1,2,39.0,1.0,1,0,0,0,0,0,0,0.07894736842105263,38,2.2836022667194666,2.7942292392253876,3.986617550253868,0,76
candidate,20260964,2,2,-24.0,3.0,0,0,0,0,0,0,0,0.018518518518518517,54,2.249463875260618,2.786503732204437,2.860182896256447,0,109
candidate,20260964,3,2,-24.0,3.0,0,0,0,0,0,0,0,0.018518518518518517,54,2.304214121842826,2.7681300416588783,5.723344162106514,0,109
candidate,20260965,0,2,-16.0,4.0,0,0,1,8,0,0,0,0.0,29,2.4492162568815825,3.379286825656891,3.439534455537796,0,58
candidate,20260965,1,2,-8.0,2.5,0,0,0,0,0,0,0,0.038461538461538464,52,2.2160011845139356,2.58276853710413,2.6058126240968704,0,104
candidate,20260965,2,2,-17.0,4.0,0,0,1,9,0,0,0,0.0,39,2.5253093873079004,3.768610954284668,4.274031147360802,0,78
candidate,20260965,3,2,-17.0,3.0,0,0,0,0,0,0,0,0.0,57,2.3096939712239983,3.0140534043312073,3.0641648918390274,0,115
candidate,20260966,0,1,41.0,1.0,1,0,0,0,0,0,0,0.022727272727272728,44,2.293673513287848,2.74861678481102,2.7791913598775864,0,88
candidate,20260966,1,1,-18.0,4.0,0,0,1,10,0,0,0,0.0,44,2.337320792404088,2.9341393150389194,3.0539408326148987,0,88
candidate,20260966,2,1,-8.0,2.5,0,0,0,0,0,0,0,0.01694915254237288,59,2.2815599469310146,2.863175980746746,3.116808831691742,0,118
candidate,20260966,3,1,-8.0,2.5,0,0,0,0,0,0,0,0.02,50,2.582913227379322,3.7930703721940517,5.835032090544701,0,100
candidate,20260967,0,1,-19.0,4.0,0,0,1,11,0,0,0,0.0,37,2.2963049846726493,2.7324266731739044,2.763316035270691,0,74
candidate,20260967,1,1,36.0,1.0,1,0,0,0,0,0,0,0.0,61,2.268389905573892,2.799505367875099,2.840062603354454,0,122
candidate,20260967,2,1,-8.0,2.5,0,0,0,0,0,0,0,0.01639344262295082,61,2.271587303915962,2.840649336576462,3.3174175769090652,0,122
candidate,20260967,3,1,-8.0,2.5,0,0,0,0,0,0,0,0.01639344262295082,61,2.2677665912225597,2.859320491552353,3.160536289215088,0,122
candidate,20260968,0,0,0.0,2.5,0,0,0,0,0,1,0,0.0,84,2.4371508154131116,3.0254339799284935,7.771875709295273,0,168
candidate,20260968,1,0,-8.0,2.5,0,0,0,0,0,0,0,0.031746031746031744,63,2.345563696017341,2.8114978224039078,5.327511578798294,0,126
candidate,20260968,2,0,0.0,2.5,0,0,0,0,0,1,1,0.022222222222222223,90,2.3312186408374043,2.7729165740311146,6.638897582888603,0,180
candidate,20260968,3,0,34.0,1.0,1,0,0,0,0,0,0,0.011363636363636364,88,2.4042114065113394,3.378750663250684,4.485825076699257,0,176
candidate,20260969,0,0,0.0,2.5,0,0,0,0,0,1,0,0.0,84,2.506082323158071,3.2008444890379906,5.896454676985741,0,168
candidate,20260969,1,0,0.0,2.5,0,0,0,0,0,1,1,0.011363636363636364,88,2.3050649218599903,2.7514993213117123,6.346061825752258,0,176
candidate,20260969,2,0,-8.0,2.5,0,0,0,0,0,0,0,0.0,68,2.4400804849231945,3.3491709269583225,5.303740501403809,0,136
candidate,20260969,3,0,-17.0,4.0,0,0,1,9,0,0,0,0.045454545454545456,66,2.203051226608681,2.647207584232092,2.783374860882759,0,132
candidate,20260970,0,1,-8.0,2.5,0,0,0,0,0,0,0,0.0,46,2.3696961529229,2.983253914862871,3.127899020910263,0,92
candidate,20260970,1,1,-8.0,2.5,0,0,0,0,0,0,0,0.043478260869565216,46,2.2449221300042193,2.6551042683422565,2.7826372534036636,0,92
candidate,20260970,2,1,-19.0,4.0,0,0,1,11,0,0,0,0.021739130434782608,46,2.2708251262488575,2.7266484685242176,3.1833406537771225,0,92
candidate,20260970,3,1,32.0,1.0,1,0,0,0,0,0,0,0.046511627906976744,43,2.257608700283738,2.96408049762249,3.001803532242775,0,86
candidate,20260971,0,3,168.0,1.0,1,1,0,0,0,0,0,0.1,30,2.4497980251908302,4.306773375719778,6.017209962010384,0,59
candidate,20260971,1,3,-8.0,2.5,0,0,0,0,0,0,0,0.06666666666666667,15,2.272011712193489,2.7691809460520744,2.7967561036348343,0,30
candidate,20260971,2,3,-8.0,2.5,0,0,0,0,0,0,0,0.09523809523809523,21,2.2736256498666036,2.9219817370176315,3.072179853916168,0,42
candidate,20260971,3,3,-8.0,2.5,0,0,0,0,0,0,0,0.0,16,2.231143298558891,2.8557833284139633,2.882733941078186,0,32
candidate,20260972,0,3,-18.0,4.0,0,0,1,10,0,0,0,0.04878048780487805,41,2.3101026692041535,2.8488487005233765,2.882830798625946,0,82
candidate,20260972,1,3,33.0,1.0,1,0,0,0,0,0,0,0.06451612903225806,62,2.1972204107911355,2.4595086462795734,2.9604472219944,0,124
candidate,20260972,2,3,-8.0,2.5,0,0,0,0,0,0,0,0.06666666666666667,30,2.237640072902044,2.811539266258478,2.848844975233078,0,60
candidate,20260972,3,3,-16.0,4.0,0,0,1,8,0,0,0,0.0,30,2.4457842111587524,3.523415699601172,4.487290978431702,0,60
candidate,20260973,0,3,32.0,1.0,1,0,0,0,0,0,0,0.029411764705882353,34,2.368661520235679,2.8336635790765285,5.138639360666275,0,68
candidate,20260973,1,3,32.0,1.0,1,0,0,0,0,0,0,0.027777777777777776,72,2.323772240844038,2.912921085953713,6.237609311938286,0,144
candidate,20260973,2,3,-8.0,2.5,0,0,0,0,0,0,0,0.0,34,2.3319797371240223,2.8260529041290283,4.827000200748444,0,68
candidate,20260973,3,3,-8.0,2.5,0,0,0,0,0,0,0,0.0,34,2.3081978673444077,3.032649587839842,3.2553356140851974,0,68
candidate,20260974,0,1,-8.0,2.5,0,0,0,0,0,0,0,0.0,73,2.464466179682784,3.271068632602691,5.107726901769638,0,146
candidate,20260974,1,1,38.0,1.0,1,0,0,0,0,0,0,0.014705882352941176,68,2.361623104661703,3.045916184782982,5.49972802400589,0,136
candidate,20260974,2,1,-19.0,4.0,0,0,1,11,0,0,0,0.0,69,2.4436696068100305,3.3457361161708823,6.691578775644302,0,138
candidate,20260974,3,1,-22.0,4.0,0,0,1,14,0,0,0,0.029411764705882353,68,2.3123642484493114,2.903384529054165,5.2809566259384155,0,136
candidate,20260975,0,3,-26.0,3.0,0,0,0,0,0,0,0,0.03571428571428571,28,2.273921588701861,2.723274007439613,2.835812047123909,0,57
candidate,20260975,1,3,-26.0,3.0,0,0,0,0,0,0,0,0.0,28,2.3363202677241395,2.9673564247787,3.053976222872734,0,57
candidate,20260975,2,3,-26.0,3.0,0,0,0,0,0,0,0,0.0,30,2.3483440900842347,2.871173433959484,4.890270531177521,0,61
candidate,20260975,3,3,78.0,1.0,1,1,0,0,0,0,0,0.034482758620689655,29,2.2711421780545136,2.6901595294475555,4.105689004063606,0,57
candidate,20260976,0,2,-18.0,3.0,0,0,0,0,0,0,0,0.0625,48,2.3673156586786113,3.2902635633945465,4.476107656955719,0,97
candidate,20260976,1,2,0.0,2.5,0,0,0,0,0,1,1,0.03529411764705882,85,2.3019051727126625,2.6148993521928787,5.429031327366829,0,171
candidate,20260976,2,2,-18.0,3.0,0,0,0,0,0,0,0,0.02040816326530612,49,2.3135132707503376,3.028203174471855,3.493215888738632,0,99
candidate,20260976,3,2,-18.0,3.0,0,0,0,0,0,0,0,0.02040816326530612,49,2.251328596351098,2.8907500207424164,2.911524847149849,0,99
candidate,20260977,0,2,-21.0,3.0,0,0,0,0,0,0,0,0.0,40,2.5565223302692175,3.9953682571649547,4.416828975081444,0,81
candidate,20260977,1,2,-21.0,3.0,0,0,0,0,0,0,0,0.05,40,2.2352815605700016,2.628538943827152,2.8031617403030396,0,81
candidate,20260977,2,2,-21.0,3.0,0,0,0,0,0,0,0,0.075,40,2.2681626491248608,2.6488088071346283,4.560647532343864,0,81
candidate,20260977,3,2,63.0,1.0,1,1,0,0,0,0,0,0.0,41,2.354259580010321,2.9246527701616287,5.07332943379879,0,81
candidate,20260978,0,0,-8.0,2.5,0,0,0,0,0,0,0,0.05128205128205128,39,2.4139249267486425,3.011929243803025,4.520827904343605,0,78
candidate,20260978,1,0,-28.0,4.0,0,0,1,20,0,0,0,0.02702702702702703,37,2.3403360030135594,2.760423719882965,5.046216771006584,0,74
candidate,20260978,2,0,84.0,1.0,1,1,0,0,0,0,0,0.012658227848101266,79,2.261755634335023,2.834773063659668,3.313889726996422,0,157
candidate,20260978,3,0,34.0,1.0,1,0,0,0,0,0,0,0.05660377358490566,53,2.2184085100889206,2.6924774050712585,4.201861098408699,0,106
candidate,20260979,0,3,-8.0,2.5,0,0,0,0,0,0,0,0.07142857142857142,28,2.361972284104143,2.7928112074732776,4.686422646045685,0,56
candidate,20260979,1,3,-8.0,2.5,0,0,0,0,0,0,0,0.06451612903225806,31,2.3189958545469467,2.737020142376423,4.544906318187714,0,62
candidate,20260979,2,3,-8.0,2.5,0,0,0,0,0,0,0,0.03225806451612903,31,2.2215197884267375,2.7844011783599854,2.805713564157486,0,62
candidate,20260979,3,3,35.0,1.0,1,0,0,0,0,0,0,0.0,31,2.3186299949884415,3.2707583159208298,3.4466050565242767,0,62
candidate,20260980,0,0,-8.0,2.5,0,0,0,0,0,0,0,0.020833333333333332,48,2.3091358986372748,2.8695293702185154,2.9706712812185287,0,96
candidate,20260980,1,0,44.0,1.0,1,0,0,0,0,0,0,0.0,48,2.530082128942013,3.866358660161495,4.119325429201126,0,96
candidate,20260980,2,0,-8.0,2.5,0,0,0,0,0,0,0,0.0,48,2.3337454379846654,2.804567851126194,5.680041387677193,0,96
candidate,20260980,3,0,-30.0,3.0,0,0,0,0,0,0,0,0.03508771929824561,57,2.2136136693389794,2.6212044060230255,2.7962196618318558,0,115
candidate,20260981,0,3,-17.0,4.0,0,0,1,9,0,0,0,0.0,43,2.3581929678140683,2.8364771977066994,3.3299624919891357,0,86
candidate,20260981,1,3,-32.0,4.0,0,0,1,24,0,0,0,0.022727272727272728,44,2.294958907772194,2.8973610140383244,2.941228449344635,0,88
candidate,20260981,2,3,-8.0,2.5,0,0,0,0,0,0,0,0.023255813953488372,43,2.2073940395615823,2.6085281744599342,2.787953242659569,0,86
candidate,20260981,3,3,-8.0,2.5,0,0,0,0,0,0,0,0.023255813953488372,43,2.231410249721172,2.7420012280344963,2.9672514647245407,0,86
candidate,20260982,0,0,-19.0,4.0,0,0,1,11,0,0,0,0.022222222222222223,45,2.3013574381669364,2.77615487575531,2.805059775710106,0,90
candidate,20260982,1,0,35.0,1.0,1,0,0,0,0,0,0,0.0,49,2.426234168969855,3.207245096564293,6.6612716764211655,0,98
candidate,20260982,2,0,-8.0,2.5,0,0,0,0,0,0,0,0.04081632653061224,49,2.257827859447927,2.617394924163818,5.474371835589409,0,98
candidate,20260982,3,0,-8.0,2.5,0,0,0,0,0,0,0,0.02040816326530612,49,2.2202486514436957,2.60726734995842,2.8254184871912003,0,98
candidate,20260983,0,0,-27.0,4.0,0,0,1,19,0,0,0,0.08571428571428572,35,2.369834589106696,2.628918550908565,6.2362197786569595,0,70
candidate,20260983,1,0,43.0,1.0,1,0,0,0,0,0,0,0.017543859649122806,57,2.313430535427311,2.7912139892578125,3.9832498878240585,0,114
candidate,20260983,2,0,-21.0,4.0,0,0,1,13,0,0,0,0.01639344262295082,61,2.3689747589533448,3.0588191002607346,5.343994125723839,0,122
candidate,20260983,3,0,-28.0,3.0,0,0,0,0,0,0,0,0.046511627906976744,43,2.2196157207322673,2.8076637536287308,2.908090129494667,0,87
candidate,20260984,0,2,-18.0,3.0,0,0,0,0,0,0,0,0.018518518518518517,54,2.374023406041993,2.8213575482368465,5.329394713044167,0,109
candidate,20260984,1,2,-8.0,2.5,0,0,0,0,0,0,0,0.02040816326530612,49,2.313456707158867,2.943684533238411,3.125181421637535,0,98
candidate,20260984,2,2,-8.0,2.5,0,0,0,0,0,0,0,0.016666666666666666,60,2.2855130955576897,2.8318792581558228,4.53069806098938,0,120
candidate,20260984,3,2,35.0,1.0,1,0,0,0,0,0,0,0.058823529411764705,34,2.3454227210844265,2.901276294142008,6.295137107372284,0,68
candidate,20260985,0,2,-8.0,2.5,0,0,0,0,0,0,0,0.0,35,2.508715699825968,3.0938487499952316,6.142977625131607,0,70
candidate,20260985,1,2,46.0,1.0,1,0,0,0,0,0,0,0.0,35,2.5733151073966707,3.5385319963097572,6.247036159038544,0,70
candidate,20260985,2,2,-30.0,4.0,0,0,1,22,0,0,0,0.0,35,2.261353869523321,2.794334851205349,2.800421789288521,0,70
candidate,20260985,3,2,-30.0,4.0,0,0,1,22,0,0,0,0.03125,32,2.254549413919449,2.8199746273458004,2.855570986866951,0,64
candidate,20260986,0,1,-22.0,4.0,0,0,1,14,0,0,0,0.028169014084507043,71,2.3693010263459784,2.786087803542614,5.429770797491074,0,143
candidate,20260986,1,1,34.0,1.0,1,0,0,0,0,0,0,0.027777777777777776,36,2.366215094096131,2.905384171754122,4.803236573934555,0,72
candidate,20260986,2,1,-8.0,2.5,0,0,0,0,0,0,0,0.031746031746031744,63,2.2421889894065403,2.8160182759165764,2.890065312385559,0,126
candidate,20260986,3,1,-8.0,2.5,0,0,0,0,0,0,0,0.03076923076923077,65,2.2617395107562723,3.0141763389110565,3.3787377178668976,0,130
candidate,20260987,0,3,-8.0,2.5,0,0,0,0,0,0,0,0.0,68,2.35244442763574,2.9711252078413963,3.1644590198993683,0,136
candidate,20260987,1,3,42.0,1.0,1,0,0,0,0,0,0,0.0,85,2.368628912988831,3.2238222658634186,3.398546949028969,0,170
candidate,20260987,2,3,-8.0,2.5,0,0,0,0,0,0,0,0.0,81,2.2917155314374855,2.836264669895172,4.3274760246276855,0,162
candidate,20260987,3,3,-8.0,2.5,0,0,0,0,0,0,0,0.0,85,2.366459807928871,3.1500358134508133,3.543635830283165,0,170
candidate,20260988,0,2,-27.0,3.0,0,0,0,0,0,0,0,0.03488372093023256,86,2.360962396271007,2.770074177533388,6.154179573059082,0,173
candidate,20260988,1,2,-26.0,4.0,0,0,1,18,0,0,0,0.023255813953488372,86,2.3774881738909457,2.9956609942018986,5.1696691662073135,0,172
candidate,20260988,2,2,-26.0,4.0,0,0,1,18,0,0,0,0.025,40,2.2592909168452024,2.8054616414010525,2.838375046849251,0,80
candidate,20260988,3,2,-27.0,3.0,0,0,0,0,0,0,0,0.03488372093023256,86,2.1785848752357238,2.5192564353346825,2.7307383716106415,0,173
candidate,20260989,0,3,60.0,1.0,1,1,0,0,0,0,0,0.0,23,2.5028208189684413,3.407650627195835,3.822021186351776,0,45
candidate,20260989,1,3,-16.0,3.0,0,0,0,0,0,0,0,0.047619047619047616,21,2.3363447260288965,2.991963177919388,3.0556712299585342,0,43
candidate,20260989,2,3,-20.0,3.0,0,0,0,0,0,0,0,0.0,22,2.2957547652450474,3.034878894686699,3.053154796361923,0,45
candidate,20260989,3,3,-20.0,3.0,0,0,0,0,0,0,0,0.045454545454545456,22,2.236636694182049,2.734540216624737,2.7693770825862885,0,45
candidate,20260990,0,0,-16.0,4.0,0,0,1,8,0,0,0,0.0,48,2.4658908369019628,3.0530638992786407,5.374452099204063,0,96
candidate,20260990,1,0,0.0,2.5,0,0,0,0,0,1,1,0.012658227848101266,79,2.3403979507805426,2.9632298275828357,4.868924617767334,0,158
candidate,20260990,2,0,-8.0,2.5,0,0,0,0,0,0,0,0.0,60,2.290925942361355,2.9581673443317413,3.0331648886203766,0,120
candidate,20260990,3,0,-8.0,2.5,0,0,0,0,0,0,0,0.06578947368421052,76,2.2454713226148955,2.6926971040666103,6.396664306521416,0,152
candidate,20260991,0,3,-8.0,2.5,0,0,0,0,0,0,0,0.0425531914893617,47,2.4177353591360946,3.0584823340177536,5.627792328596115,0,94
candidate,20260991,1,3,-28.0,4.0,0,0,1,20,0,0,0,0.06382978723404255,47,2.2043199773798596,2.491833083331585,2.6938896626234055,0,94
candidate,20260991,2,3,44.0,1.0,1,0,0,0,0,0,0,0.02127659574468085,47,2.2638465892127217,2.88943275809288,3.0918866395950317,0,94
candidate,20260991,3,3,-27.0,4.0,0,0,1,19,0,0,0,0.0,25,2.2474411129951477,2.835160866379738,2.8429999947547913,0,50
candidate,20260992,0,0,48.0,1.0,1,0,0,0,0,0,0,0.0,41,2.331730387196308,2.8380509465932846,2.856185659766197,0,82
candidate,20260992,1,0,-22.0,3.0,0,0,0,0,0,0,0,0.019230769230769232,52,2.2709482134534764,2.7262231335043907,2.8996076434850693,0,105
candidate,20260992,2,0,66.0,1.0,1,1,0,0,0,0,0,0.04,50,2.230554521083832,2.86036292091012,2.898596227169037,0,99
candidate,20260992,3,0,-22.0,3.0,0,0,0,0,0,0,0,0.02040816326530612,49,2.2958259725449035,3.022429719567299,3.411216661334038,0,99
candidate,20260993,0,1,-8.0,2.5,0,0,0,0,0,0,0,0.0,29,2.578158445399383,3.824051469564437,4.067035391926765,0,58
candidate,20260993,1,1,-8.0,2.5,0,0,0,0,0,0,0,0.034482758620689655,29,2.319939562986637,2.991383895277977,3.0128099024295807,0,58
candidate,20260993,2,1,-16.0,4.0,0,0,1,8,0,0,0,0.0,33,2.3908862900553327,2.9619600623846054,5.568852648139,0,66
candidate,20260993,3,1,-17.0,3.0,0,0,0,0,0,0,0,0.13636363636363635,22,2.1905323321169075,2.567776944488287,2.7742795646190643,0,45
candidate,20260994,0,1,48.0,1.0,1,1,0,0,0,0,0,0.058823529411764705,17,2.3213425541625305,2.8722479939460754,3.1033530831336975,0,33
candidate,20260994,1,1,-8.0,2.5,0,0,0,0,0,0,0,0.06060606060606061,33,2.238921200235685,2.634928748011589,2.7372241020202637,0,66
candidate,20260994,2,1,-17.0,4.0,0,0,1,9,0,0,0,0.04878048780487805,41,2.2403844518632425,2.785487100481987,2.7960240840911865,0,82
candidate,20260994,3,1,-8.0,2.5,0,0,0,0,0,0,0,0.07142857142857142,14,2.1923701944095746,2.6333781890571117,2.6607271283864975,0,28
candidate,20260995,0,2,-17.0,3.0,0,0,0,0,0,0,0,0.012987012987012988,77,2.297734890084762,2.8197817504405975,2.861596643924713,0,155
candidate,20260995,1,2,-17.0,3.0,0,0,0,0,0,0,0,0.025974025974025976,77,2.2996317643623847,2.799411863088608,5.047548562288284,0,155
candidate,20260995,2,2,-8.0,2.5,0,0,0,0,0,0,0,0.0,74,2.258645697824053,2.845474798232317,2.932431176304817,0,148
candidate,20260995,3,2,-8.0,2.5,0,0,0,0,0,0,0,0.02702702702702703,74,2.199295228598891,2.6076686568558216,2.691159024834633,0,148
candidate,20260996,0,3,-17.0,3.0,0,0,0,0,0,0,0,0.01818181818181818,55,2.60356336154721,3.605230525135994,3.8205254822969437,0,111
candidate,20260996,1,3,-38.0,4.0,0,0,1,30,0,0,0,0.0,52,2.379874412256938,3.3110853284597397,3.3947210758924484,0,104
candidate,20260996,2,3,-16.0,4.0,0,0,1,8,0,0,0,0.0,81,2.2757639993488055,2.8828680515289307,3.0075199902057648,0,162
candidate,20260996,3,3,-8.0,2.5,0,0,0,0,0,0,0,0.019230769230769232,52,2.2318241401360583,2.6656475849449635,2.8035473078489304,0,104
candidate,20260997,0,0,-8.0,2.5,0,0,0,0,0,0,0,0.0,41,2.3824718848961157,2.9709339141845703,2.9930081218481064,0,82
candidate,20260997,1,0,36.0,1.0,1,0,0,0,0,0,0,0.0,41,2.274192824232869,2.7817189693450928,2.918597310781479,0,82
candidate,20260997,2,0,-8.0,2.5,0,0,0,0,0,0,0,0.024390243902439025,41,2.2233928576475237,2.719661220908165,2.7495399117469788,0,82
candidate,20260997,3,0,-8.0,2.5,0,0,0,0,0,0,0,0.02127659574468085,47,2.2144809444534017,2.6915233582258224,2.7225222438573837,0,94
candidate,20260998,0,2,-8.0,2.5,0,0,0,0,0,0,0,0.03389830508474576,59,2.27796444195812,2.708444558084011,3.0248183757066727,0,118
candidate,20260998,1,2,0.0,2.5,0,0,0,0,0,1,1,0.0,84,2.4666528527935347,3.326624445617199,4.289116710424423,0,168
candidate,20260998,2,2,32.0,1.0,1,0,0,0,0,0,0,0.015384615384615385,65,2.2434793699246187,2.7188900858163834,2.848617732524872,0,130
candidate,20260998,3,2,-8.0,2.5,0,0,0,0,0,0,0,0.015384615384615385,65,2.2337094235878725,2.696359157562256,2.783721312880516,0,130
candidate,20260999,0,3,81.0,1.0,1,1,0,0,0,0,0,0.04,50,2.248688042163849,2.666927687823772,2.8037652373313904,0,99
candidate,20260999,1,3,-23.0,3.0,0,0,0,0,0,0,0,0.0,49,2.2842713384603965,2.8448518365621567,2.849351614713669,0,99
candidate,20260999,2,3,-27.0,3.0,0,0,0,0,0,0,0,0.04081632653061224,49,2.227606860046484,2.639925479888916,2.77881883084774,0,99
candidate,20260999,3,3,32.0,1.0,1,0,0,0,0,0,0,0.0,40,2.3522374220192432,3.2374564558267593,3.365926444530487,0,80
candidate,20261000,0,0,-17.0,4.0,0,0,1,9,0,0,0,0.02702702702702703,37,2.339392900466919,2.8374388813972473,2.9361918568611145,0,74
candidate,20261000,1,0,-17.0,4.0,0,0,1,9,0,0,0,0.0,50,2.416202165186405,2.9905534349381924,5.895644426345825,0,100
candidate,20261000,2,0,32.0,1.0,1,0,0,0,0,0,0,0.03333333333333333,60,2.2669277464350066,2.6779464446008205,4.768015816807747,0,120
candidate,20261000,3,0,34.0,1.0,1,0,0,0,0,0,0,0.0,66,2.3646981765826545,3.11598414555192,6.329640746116638,0,132
candidate,20261001,0,0,51.0,1.0,1,1,0,0,0,0,0,0.014492753623188406,69,2.35450346076834,2.8724409639835358,5.090614780783653,0,137
candidate,20261001,1,0,-8.0,2.5,0,0,0,0,0,0,0,0.0,31,2.450758651379616,2.8709573671221733,7.738275453448296,0,62
candidate,20261001,2,0,87.0,1.0,1,1,0,0,0,0,0,0.0,67,2.377527474022623,3.027927502989769,7.123669609427452,0,133
candidate,20261001,3,0,-8.0,2.5,0,0,0,0,0,0,0,0.05660377358490566,53,2.2163582297990905,2.6502158492803574,2.7679093182086945,0,106
candidate,20261002,0,3,-8.0,2.5,0,0,0,0,0,0,0,0.0,36,2.55394514857067,3.5301740281283855,4.771741107106209,0,72
candidate,20261002,1,3,-8.0,2.5,0,0,0,0,0,0,0,0.0,35,2.3814106626170024,3.125463053584099,3.2194461673498154,0,70
candidate,20261002,2,3,-8.0,2.5,0,0,0,0,0,0,0,0.047619047619047616,42,2.2055787433471,2.607265207916498,2.7860868722200394,0,84
candidate,20261002,3,3,-17.0,4.0,0,0,1,9,0,0,0,0.08333333333333333,36,2.1879797697895103,2.538825385272503,2.735363319516182,0,72
candidate,20261003,0,1,-18.0,3.0,0,0,0,0,0,0,0,0.0,42,2.5120064438808534,3.2502874732017517,5.458060652017593,0,85
candidate,20261003,1,1,-18.0,3.0,0,0,0,0,0,0,0,0.023809523809523808,42,2.293126568907783,2.8488676995038986,3.028055652976036,0,85
candidate,20261003,2,1,-18.0,4.0,0,0,1,10,0,0,0,0.02564102564102564,39,2.2352306793133416,2.673737145960331,2.853887155652046,0,78
candidate,20261003,3,1,-18.0,3.0,0,0,0,0,0,0,0,0.047619047619047616,42,2.242512646175566,2.831218671053648,2.9265470802783966,0,85
candidate,20261004,0,1,-8.0,2.5,0,0,0,0,0,0,0,0.0,53,2.3433027683563954,2.9059045016765594,2.995900809764862,0,107
candidate,20261004,1,1,60.0,1.0,1,1,0,0,0,0,0,0.04878048780487805,41,2.269155732015284,2.8240252286195755,2.9424019157886505,0,80
candidate,20261004,2,1,-17.0,4.0,0,0,1,9,0,0,0,0.0,53,2.3225929658367948,3.224249556660652,3.426413983106613,0,107
candidate,20261004,3,1,-8.0,2.5,0,0,0,0,0,0,0,0.05714285714285714,35,2.2551857999392917,2.917393110692501,2.9281433671712875,0,71
candidate,20261005,0,3,0.0,2.5,0,0,0,0,0,1,0,0.0,87,2.3408695284662575,2.8517402708530426,3.0887629836797714,0,174
candidate,20261005,1,3,45.0,1.0,1,0,0,0,0,0,0,0.02564102564102564,39,2.3390946862025137,3.0444450676441193,3.169618546962738,0,78
candidate,20261005,2,3,-21.0,3.0,0,0,0,0,0,0,0,0.043478260869565216,69,2.184354092763818,2.566288784146309,2.5900546461343765,0,139
candidate,20261005,3,3,0.0,2.5,0,0,0,0,0,1,1,0.011764705882352941,85,2.2752743652638268,2.853507548570633,2.978697419166565,0,170
candidate,20261006,0,0,44.0,1.0,1,0,0,0,0,0,0,0.019230769230769232,52,2.3219592940921965,2.866131719201803,3.1326934695243835,0,104
candidate,20261006,1,0,54.0,1.0,1,1,0,0,0,0,0,0.047619047619047616,42,2.268503686147077,2.917885314673185,2.954883500933647,0,83
candidate,20261006,2,0,-8.0,2.5,0,0,0,0,0,0,0,0.025,40,2.2466965951025486,2.861485071480274,2.8865840286016464,0,80
candidate,20261006,3,0,-17.0,4.0,0,0,1,9,0,0,0,0.0,36,2.2413868767519793,2.7411715127527714,2.7917753905057907,0,72
candidate,20261007,0,0,-33.0,3.0,0,0,0,0,0,0,0,0.0196078431372549,51,2.350925230512432,2.8533944860100746,2.8846655040979385,0,103
candidate,20261007,1,0,99.0,1.0,1,1,0,0,0,0,0,0.0,52,2.3204641273388495,2.9216529801487923,3.0321869999170303,0,103
candidate,20261007,2,0,-33.0,3.0,0,0,0,0,0,0,0,0.0196078431372549,51,2.2733395590501675,2.874927595257759,3.0948910862207413,0,103
candidate,20261007,3,0,-33.0,3.0,0,0,0,0,0,0,0,0.0,51,2.336677309929156,3.218679688870907,3.5219527781009674,0,103
candidate,20261008,0,0,-19.0,4.0,0,0,1,11,0,0,0,0.023255813953488372,43,2.347850435694983,2.8778964653611183,2.951178699731827,0,86
candidate,20261008,1,0,-8.0,2.5,0,0,0,0,0,0,0,0.0,70,2.3960457050374577,3.281174134463072,3.425009548664093,0,140
candidate,20261008,2,0,0.0,2.5,0,0,0,0,0,1,1,0.011904761904761904,84,2.3214085071924186,2.9009751044213767,6.008420139551163,0,168
candidate,20261008,3,0,32.0,1.0,1,0,0,0,0,0,0,0.046153846153846156,65,2.2057934449269223,2.5736093521118164,2.8457604348659515,0,130
candidate,20261009,0,1,33.0,1.0,1,0,0,0,0,0,0,0.03389830508474576,59,2.3428909480571747,2.738356776535511,4.989258944988251,0,118
candidate,20261009,1,1,-8.0,2.5,0,0,0,0,0,0,0,0.02,50,2.4100346863269806,3.0485477298498154,4.709536209702492,0,100
candidate,20261009,2,1,32.0,1.0,1,0,0,0,0,0,0,0.0,44,2.2894869643178852,3.0653196386992936,3.4337155520915985,0,88
candidate,20261009,3,1,-8.0,2.5,0,0,0,0,0,0,0,0.01694915254237288,59,2.252643864791272,2.7321666479110713,3.087395802140236,0,118
candidate,20261010,0,2,-8.0,2.5,0,0,0,0,0,0,0,0.01282051282051282,78,2.4433308639205418,3.3139540813863264,4.01497446000576,0,156
candidate,20261010,1,2,-19.0,4.0,0,0,1,11,0,0,0,0.04878048780487805,82,2.240866468083568,2.6029706932604313,2.7517806738615036,0,164
candidate,20261010,2,2,0.0,2.5,0,0,0,0,0,1,1,0.0,83,2.5019108665635788,3.5109011456370354,7.46544636785984,0,166
candidate,20261010,3,2,0.0,2.5,0,0,0,0,0,1,1,0.024390243902439025,82,2.225435611496611,2.7035098522901535,2.8009042143821716,0,164
candidate,20261011,0,1,-8.0,2.5,0,0,0,0,0,0,0,0.05,40,2.2954908665269613,2.8160301968455315,2.823261544108391,0,80
candidate,20261011,1,1,-8.0,2.5,0,0,0,0,0,0,0,0.024390243902439025,41,2.340680397138363,3.053128719329834,3.1233765184879303,0,82
candidate,20261011,2,1,32.0,1.0,1,0,0,0,0,0,0,0.02631578947368421,38,2.256678760443863,2.7844960801303387,2.839934080839157,0,76
candidate,20261011,3,1,-8.0,2.5,0,0,0,0,0,0,0,0.024390243902439025,41,2.402851040043482,3.4016184508800507,3.4435447305440903,0,82
candidate,20261012,0,2,-18.0,4.0,0,0,1,10,0,0,0,0.0,29,2.3293603725474457,2.8466302901506424,2.856014296412468,0,58
candidate,20261012,1,2,75.0,1.0,1,1,0,0,0,0,0,0.0,58,2.2620767804569213,2.792493626475334,2.8253160417079926,0,115
candidate,20261012,2,2,32.0,1.0,1,0,0,0,0,0,0,0.018518518518518517,54,2.2460579941118204,2.810816094279289,2.8777923434972763,0,108
candidate,20261012,3,2,-8.0,2.5,0,0,0,0,0,0,0,0.0,54,2.4315223994630353,3.5807141102850433,3.879692405462265,0,108
candidate,20261013,0,1,-28.0,4.0,0,0,1,20,0,0,0,0.030303030303030304,33,2.3686227134682913,2.983448654413223,3.3690109848976135,0,66
candidate,20261013,1,1,-8.0,2.5,0,0,0,0,0,0,0,0.04,25,2.4758917838335037,3.5901024937629686,3.690659999847412,0,50
candidate,20261013,2,1,44.0,1.0,1,0,0,0,0,0,0,0.08,25,2.2212252765893936,2.672368660569191,2.768648788332939,0,50
candidate,20261013,3,1,-8.0,2.5,0,0,0,0,0,0,0,0.0,29,2.343152424898641,3.1075745820999146,3.166850656270981,0,58
candidate,20261014,0,1,90.0,1.0,1,1,0,0,0,0,0,0.018867924528301886,53,2.3392217831229263,2.975155413150787,3.3127032220363617,0,105
candidate,20261014,1,1,-30.0,3.0,0,0,0,0,0,0,0,0.019230769230769232,52,2.271524666307064,2.7849492616951466,3.0675753951072693,0,105
candidate,20261014,2,1,-30.0,3.0,0,0,0,0,0,0,0,0.0,52,2.305227224356853,3.030840866267681,3.0960366129875183,0,105
candidate,20261014,3,1,-30.0,3.0,0,0,0,0,0,0,0,0.038461538461538464,52,2.2338657066799126,2.7690641582012177,2.947404980659485,0,105
candidate,20261015,0,2,-8.0,2.5,0,0,0,0,0,0,0,0.0,32,2.3628915660083294,2.9550600796937943,3.084259107708931,0,64
candidate,20261015,1,2,32.0,1.0,1,0,0,0,0,0,0,0.08108108108108109,37,2.21540401312145,2.610892802476883,2.7690622955560684,0,74
candidate,20261015,2,2,-17.0,4.0,0,0,1,9,0,0,0,0.06976744186046512,43,2.1890934210184008,2.5362063199281693,2.7421005070209503,0,87
candidate,20261015,3,2,51.0,1.0,1,1,0,0,0,0,0,0.027777777777777776,36,2.3457630433970027,3.206077963113785,3.8874242454767227,0,71
candidate,20261016,0,0,-16.0,4.0,0,0,1,8,0,0,0,0.02702702702702703,74,2.2716882915512935,2.651261258870363,2.7742646634578705,0,149
candidate,20261016,1,0,-16.0,4.0,0,0,1,8,0,0,0,0.0,61,2.390702942111453,3.2364223152399063,3.4197326749563217,0,122
candidate,20261016,2,0,-8.0,2.5,0,0,0,0,0,0,0,0.03278688524590164,61,2.2139422534430615,2.6011914014816284,2.7991048991680145,0,122
candidate,20261016,3,0,-8.0,2.5,0,0,0,0,0,0,0,0.04918032786885246,61,2.197981949468128,2.535071223974228,2.792036160826683,0,122
candidate,20261017,0,2,-8.0,2.5,0,0,0,0,0,0,0,0.047619047619047616,42,2.332858963026887,2.79901884496212,4.954762756824493,0,84
candidate,20261017,1,2,-16.0,4.0,0,0,1,8,0,0,0,0.05,20,2.288537472486496,2.7440186589956284,2.783931791782379,0,40
candidate,20261017,2,2,32.0,1.0,1,0,0,0,0,0,0,0.08571428571428572,35,2.324502861925534,2.777377516031265,6.080629304051399,0,70
candidate,20261017,3,2,32.0,1.0,1,0,0,0,0,0,0,0.0,20,2.2549277171492577,2.975653111934662,3.0773859471082687,0,40
candidate,20261018,0,3,-20.0,4.0,0,0,1,12,0,0,0,0.0,41,2.4716959948219905,3.1228717416524887,6.481951102614403,0,83
candidate,20261018,1,3,-19.0,4.0,0,0,1,11,0,0,0,0.02127659574468085,47,2.343031557950568,2.807856537401676,4.995839670300484,0,93
candidate,20261018,2,3,-8.0,2.5,0,0,0,0,0,0,0,0.019230769230769232,52,2.3762032461281004,3.3714315854012966,3.8971174508333206,0,105
candidate,20261018,3,3,-8.0,2.5,0,0,0,0,0,0,0,0.021739130434782608,46,2.423635157554046,3.352789208292961,4.999119788408279,0,93
candidate,20261019,0,3,-20.0,4.0,0,0,1,12,0,0,0,0.02666666666666667,75,2.3194184402624765,2.654809318482876,5.764869973063469,0,150
candidate,20261019,1,3,99.0,1.0,1,1,0,0,0,0,0,0.0,67,2.310989897197752,2.867821417748928,2.8941072523593903,0,133
candidate,20261019,2,3,-33.0,3.0,0,0,0,0,0,0,0,0.0,66,2.434438912931717,3.346951212733984,4.488687962293625,0,133
candidate,20261019,3,3,10.0,2.0,0,0,0,0,0,0,0,0.014084507042253521,71,2.247776258999193,2.788868732750416,2.9273349791765213,1,143
candidate,20261020,0,3,32.0,1.0,1,0,0,0,0,0,0,0.01818181818181818,55,2.2670329294421454,2.6686806231737137,2.757228910923004,0,110
candidate,20261020,1,3,-8.0,2.5,0,0,0,0,0,0,0,0.03636363636363636,55,2.229711650447412,2.56962813436985,2.7372725307941437,0,110
candidate,20261020,2,3,-16.0,4.0,0,0,1,8,0,0,0,0.015873015873015872,63,2.2535923986680926,2.7323130518198013,2.8456859290599823,0,126
candidate,20261020,3,3,-8.0,2.5,0,0,0,0,0,0,0,0.0,55,2.335249801928347,3.059699013829231,3.2376889139413834,0,110
candidate,20261021,0,0,35.0,1.0,1,0,0,0,0,0,0,0.015625,64,2.3144988517742604,2.7969851158559322,3.295319154858589,0,128
candidate,20261021,1,0,-8.0,2.5,0,0,0,0,0,0,0,0.0,85,2.352434374830302,2.901415526866913,4.829065874218941,0,170
candidate,20261021,2,0,-8.0,2.5,0,0,0,0,0,0,0,0.03389830508474576,59,2.205743217619799,2.693601697683334,2.8503146022558212,0,118
candidate,20261021,3,0,-8.0,2.5,0,0,0,0,0,0,0,0.03508771929824561,57,2.205304017192439,2.7248427271842957,2.796182408928871,0,114
candidate,20261022,0,2,-20.0,3.0,0,0,0,0,0,0,0,0.06451612903225806,31,2.299307755404903,2.7498584240674973,2.8019919991493225,0,63
candidate,20261022,1,2,-20.0,3.0,0,0,0,0,0,0,0,0.03225806451612903,31,2.2660484237055623,2.8209956362843513,2.9445216059684753,0,63
candidate,20261022,2,2,60.0,1.0,1,1,0,0,0,0,0,0.125,32,2.2732551442459226,2.5408399291336536,5.806963890790939,0,63
candidate,20261022,3,2,-20.0,3.0,0,0,0,0,0,0,0,0.0,31,2.2935159504413605,3.12646571546793,3.2390467822551727,0,63
candidate,20261023,0,3,-18.0,4.0,0,0,1,10,0,0,0,0.02040816326530612,49,2.2969914942371603,2.741854265332222,2.8859134763479233,0,98
candidate,20261023,1,3,33.0,1.0,1,0,0,0,0,0,0,0.024390243902439025,82,2.2300564479537126,2.6099571026861668,2.636028453707695,0,164
candidate,20261023,2,3,-8.0,2.5,0,0,0,0,0,0,0,0.061224489795918366,49,2.1921288678232504,2.6212114840745926,2.7440842241048813,0,98
candidate,20261023,3,3,-8.0,2.5,0,0,0,0,0,0,0,0.0,49,2.2660607510075277,2.832769230008125,4.146534949541092,0,98
candidate,20261024,0,1,0.0,2.5,0,0,0,0,0,1,1,0.053763440860215055,93,2.285889039436976,2.9527902603149405,3.1475387513637543,0,186
candidate,20261024,1,1,-8.0,2.5,0,0,0,0,0,0,0,0.05555555555555555,54,2.2423016252341093,2.804517652839422,2.8985030949115753,0,108
candidate,20261024,2,1,-19.0,3.0,0,0,0,0,0,0,0,0.03125,64,2.2024950303602964,2.601027302443981,2.6406794786453247,0,129
candidate,20261024,3,1,-30.0,4.0,0,0,1,22,0,0,0,0.015384615384615385,65,2.3527335948668995,3.277958184480667,3.8163885474205017,0,130
candidate,20261025,0,1,-8.0,2.5,0,0,0,0,0,0,0,0.03333333333333333,60,2.2803877790768943,2.8038352727890015,2.8554797172546387,0,120
candidate,20261025,1,1,57.0,1.0,1,1,0,0,0,0,0,0.0,51,2.318448587959888,3.131539560854435,3.230104222893715,0,101
candidate,20261025,2,1,-20.0,4.0,0,0,1,12,0,0,0,0.05,60,2.192566699037949,2.528549265116453,2.610936760902405,0,120
candidate,20261025,3,1,35.0,1.0,1,0,0,0,0,0,0,0.017543859649122806,57,2.4481396141805147,3.3177845180034633,6.368579342961311,0,114
candidate,20261026,0,2,-20.0,3.0,0,0,0,0,0,0,0,0.0,46,2.418393755088682,3.2211304642260075,3.3755842596292496,0,93
candidate,20261026,1,2,34.0,1.0,1,0,0,0,0,0,0,0.043478260869565216,46,2.309364914570166,2.705932129174471,5.282681435346603,0,92
candidate,20261026,2,2,-8.0,2.5,0,0,0,0,0,0,0,0.0,49,2.3020276685758514,3.110159188508987,3.411797806620598,0,98
candidate,20261026,3,2,-8.0,2.5,0,0,0,0,0,0,0,0.041666666666666664,48,2.2983484280606112,2.9068423435091972,4.157643765211105,0,96
candidate,20261027,0,0,0.0,2.5,0,0,0,0,0,1,1,0.011764705882352941,85,2.3103489376166286,2.754553407430649,2.8288494795560837,0,170
candidate,20261027,1,0,34.0,1.0,1,0,0,0,0,0,0,0.0,52,2.4166441379258266,3.4761602990329266,4.217023029923439,0,104
candidate,20261027,2,0,0.0,2.5,0,0,0,0,0,1,1,0.0,85,2.4677397792830185,3.5568729043006893,4.220658913254738,0,170
candidate,20261027,3,0,0.0,2.5,0,0,0,0,0,1,1,0.023529411764705882,85,2.2294179481618546,2.6759635657072067,2.8548482805490494,0,170
candidate,20261028,0,0,-17.0,4.0,0,0,1,9,0,0,0,0.025974025974025976,77,2.3103529321295873,2.8952281922101974,3.0145272612571716,0,154
candidate,20261028,1,0,-8.0,2.5,0,0,0,0,0,0,0,0.012048192771084338,83,2.2607607968959464,2.755192667245865,2.830337733030319,0,166
candidate,20261028,2,0,-48.0,4.0,0,0,1,40,1,0,0,0.06578947368421052,76,2.2478833500491944,2.655541058629751,3.799503669142723,0,152
candidate,20261028,3,0,54.0,1.0,1,1,0,0,0,0,0,0.012048192771084338,83,2.325254705656006,3.1954359263181686,3.2829176634550095,0,165
candidate,20261029,0,2,-32.0,3.0,0,0,0,0,0,0,0,0.0196078431372549,51,2.3511788424323585,3.0478956177830696,3.321560099720955,0,103
candidate,20261029,1,2,-32.0,3.0,0,0,0,0,0,0,0,0.0196078431372549,51,2.3113236780844484,2.8879931196570396,3.1290948390960693,0,103
candidate,20261029,2,2,-32.0,3.0,0,0,0,0,0,0,0,0.0392156862745098,51,2.2162546348922394,2.6432499289512634,2.728760242462158,0,103
candidate,20261029,3,2,96.0,1.0,1,1,0,0,0,0,0,0.0,52,2.3208724048275213,3.1703892163932323,3.4442562609910965,0,103
candidate,20261030,0,1,34.0,1.0,1,0,0,0,0,0,0,0.058823529411764705,34,2.3055383935570717,2.825330011546612,2.918185666203499,0,68
candidate,20261030,1,1,-18.0,4.0,0,0,1,10,0,0,0,0.058823529411764705,34,2.2788270760108444,2.812990266829729,2.9482971876859665,0,68
candidate,20261030,2,1,-8.0,2.5,0,0,0,0,0,0,0,0.058823529411764705,34,2.316035220728201,3.036192804574966,3.8708671927452087,0,68
candidate,20261030,3,1,-19.0,3.0,0,0,0,0,0,0,0,0.0,34,2.30542614179499,3.0650466680526733,3.186620771884918,0,69
candidate,20261031,0,2,-8.0,2.5,0,0,0,0,0,0,0,0.047619047619047616,42,2.2687074683961415,2.5956683792173862,2.9812809079885483,0,84
candidate,20261031,1,2,-8.0,2.5,0,0,0,0,0,0,0,0.05128205128205128,39,2.253245371274459,2.766858786344528,2.8646010905504227,0,78
candidate,20261031,2,2,54.0,1.0,1,1,0,0,0,0,0,0.0,42,2.3289811132209643,3.2903459854424,3.322659060359001,0,83
candidate,20261031,3,2,-22.0,4.0,0,0,1,14,0,0,0,0.05128205128205128,39,2.1898446079248037,2.555811032652855,2.5656968355178833,0,78
candidate,20261032,0,1,-8.0,2.5,0,0,0,0,0,0,0,0.058823529411764705,34,2.324598403099705,2.9311327263712883,2.9778406023979187,0,68
candidate,20261032,1,1,57.0,1.0,1,1,0,0,0,0,0,0.03125,32,2.2285631857812405,2.6094134896993637,2.736572176218033,0,63
candidate,20261032,2,1,-20.0,3.0,0,0,0,0,0,0,0,0.0,31,2.3737127982801005,3.1897881999611855,3.2529477030038834,0,63
candidate,20261032,3,1,-20.0,3.0,0,0,0,0,0,0,0,0.03225806451612903,31,2.3603284911763285,3.1985193490982056,4.25301119685173,0,63
candidate,20261033,0,0,0.0,2.5,0,0,0,0,0,1,1,0.012345679012345678,81,2.419464244150821,3.2018087804317474,5.42278029024601,0,161
candidate,20261033,1,0,33.0,1.0,1,0,0,0,0,0,0,0.025,80,2.3181766271591187,3.0604721046984196,3.2494310289621353,0,159
candidate,20261033,2,0,-8.0,2.5,0,0,0,0,0,0,0,0.013157894736842105,76,2.319140041148976,2.938945312052965,3.8293637335300446,0,153
candidate,20261033,3,0,33.0,1.0,1,0,0,0,0,0,0,0.0,74,2.5383739455326184,3.2954885624349113,7.930506020784378,0,148
candidate,20261034,0,2,-21.0,4.0,0,0,1,13,0,0,0,0.02702702702702703,37,2.368792287401251,2.910301834344864,3.7268251180648804,0,74
candidate,20261034,1,2,-8.0,2.5,0,0,0,0,0,0,0,0.08108108108108109,37,2.37452334447487,2.791139110922813,6.932387128472328,0,74
candidate,20261034,2,2,-8.0,2.5,0,0,0,0,0,0,0,0.02702702702702703,37,2.2942412241890624,2.729213237762451,4.73615899682045,0,74
candidate,20261034,3,2,37.0,1.0,1,0,0,0,0,0,0,0.08108108108108109,37,2.2272393107414246,2.8455287218093868,3.1673945486545563,0,74
candidate,20261035,0,0,0.0,2.5,0,0,0,0,0,1,0,0.012048192771084338,83,2.3097382656422005,2.835118584334849,3.0710063874721527,0,166
candidate,20261035,1,0,-8.0,2.5,0,0,0,0,0,0,0,0.0,44,2.3730082691393117,2.788835298269987,6.691953167319298,0,88
candidate,20261035,2,0,-8.0,2.5,0,0,0,0,0,0,0,0.03125,64,2.262665657326579,2.8898864984512325,3.053855150938034,0,129
candidate,20261035,3,0,0.0,2.5,0,0,0,0,0,1,0,0.023809523809523808,84,2.2415279277733395,2.8231250122189517,2.9110219329595566,0,169
candidate,20261036,0,1,-27.0,4.0,0,0,1,19,0,0,0,0.044444444444444446,45,2.4245797759956784,2.996796742081642,5.371209233999252,0,90
candidate,20261036,1,1,43.0,1.0,1,0,0,0,0,0,0,0.022222222222222223,45,2.412542204062144,3.2210089266300197,5.500763654708862,0,90
candidate,20261036,2,1,-17.0,4.0,0,0,1,9,0,0,0,0.0,38,2.413417310699036,3.139234334230423,4.834109917283058,0,76
candidate,20261036,3,1,51.0,1.0,1,1,0,0,0,0,0,0.025,40,2.378104068338871,3.3396519720554334,3.94459068775177,0,79
candidate,20261037,0,0,-20.0,4.0,0,0,1,12,0,0,0,0.017857142857142856,56,2.3234091765646423,2.6474441401660442,2.923065796494484,0,112
candidate,20261037,1,0,-18.0,4.0,0,0,1,10,0,0,0,0.0,45,2.4106805937157736,2.943143248558044,4.713775590062141,0,90
candidate,20261037,2,0,34.0,1.0,1,0,0,0,0,0,0,0.037037037037037035,54,2.345114566937641,2.9210598208010197,5.905726924538612,0,108
candidate,20261037,3,0,-8.0,2.5,0,0,0,0,0,0,0,0.05555555555555555,54,2.2121313614425837,2.5967860594391823,2.804730087518692,0,108
candidate,20261038,0,2,36.0,1.0,1,0,0,0,0,0,0,0.0392156862745098,51,2.4038997350954543,2.9178913682699203,5.386924371123314,0,102
candidate,20261038,1,2,-19.0,4.0,0,0,1,11,0,0,0,0.047619047619047616,21,2.249956574468386,2.7375128120183945,2.818077802658081,0,42
candidate,20261038,2,2,-8.0,2.5,0,0,0,0,0,0,0,0.047619047619047616,21,2.2573814328227724,2.7738045901060104,3.1798966228961945,0,42
candidate,20261038,3,2,-8.0,2.5,0,0,0,0,0,0,0,0.0,21,2.2724426041046777,2.823092043399811,2.8990693390369415,0,42
candidate,20261039,0,0,-8.0,2.5,0,0,0,0,0,0,0,0.05,40,2.353970054537058,2.631394192576408,5.132032558321953,0,80
candidate,20261039,1,0,-18.0,4.0,0,0,1,10,0,0,0,0.11904761904761904,42,2.2401071730114164,2.5994282215833664,2.7517564594745636,0,84
candidate,20261039,2,0,-8.0,2.5,0,0,0,0,0,0,0,0.025,40,2.2748302202671766,2.721928246319294,4.159348085522652,0,80
candidate,20261039,3,0,32.0,1.0,1,0,0,0,0,0,0,0.0196078431372549,51,2.4090523594150355,3.8018831983208656,5.134226754307747,0,102
candidate,20261040,0,2,-8.0,2.5,0,0,0,0,0,0,0,0.021739130434782608,46,2.3724523008517595,2.9296698048710823,4.418661817908287,0,92
candidate,20261040,1,2,75.0,1.0,1,1,0,0,0,0,0,0.05128205128205128,39,2.287374713864082,2.9680717736482625,3.1916871666908264,0,77
candidate,20261040,2,2,-24.0,4.0,0,0,1,16,0,0,0,0.05555555555555555,36,2.2490435383386083,2.7882098220288754,3.022061660885811,0,72
candidate,20261040,3,2,-8.0,2.5,0,0,0,0,0,0,0,0.044444444444444446,45,2.2694924225409827,2.7941543608903885,3.797536715865135,0,90
candidate,20261041,0,2,35.0,1.0,1,0,0,0,0,0,0,0.017857142857142856,56,2.3225515615195036,2.830981742590666,2.9219090938568115,0,112
candidate,20261041,1,2,-8.0,2.5,0,0,0,0,0,0,0,0.047619047619047616,63,2.288909037671392,2.6630261912941933,4.3777283281087875,0,126
candidate,20261041,2,2,-16.0,4.0,0,0,1,8,0,0,0,0.05357142857142857,56,2.2278797613190755,2.6187142357230186,2.6941318064928055,0,112
candidate,20261041,3,2,-8.0,2.5,0,0,0,0,0,0,0,0.017857142857142856,56,2.269392932898232,2.711909357458353,4.426123574376106,0,112
candidate,20261042,0,1,48.0,1.0,1,0,0,0,0,0,0,0.0,35,2.3669490856783733,2.8005389496684074,4.2419396340847015,0,70
candidate,20261042,1,1,-8.0,2.5,0,0,0,0,0,0,0,0.0,35,2.2823491266795566,2.7702609077095985,2.7895551174879074,0,70
candidate,20261042,2,1,-32.0,4.0,0,0,1,24,0,0,0,0.02857142857142857,35,2.243091112801007,2.709001302719116,2.809617668390274,0,70
candidate,20261042,3,1,-8.0,2.5,0,0,0,0,0,0,0,0.02857142857142857,35,2.2733418537037715,2.782325819134712,4.06002439558506,0,70
candidate,20261043,0,2,-17.0,4.0,0,0,1,9,0,0,0,0.027777777777777776,72,2.3641058036850557,2.779751550406218,6.371358409523964,0,144
candidate,20261043,1,2,33.0,1.0,1,0,0,0,0,0,0,0.0,74,2.551486816357922,3.807373344898224,4.665495827794075,0,148
candidate,20261043,2,2,-8.0,2.5,0,0,0,0,0,0,0,0.013888888888888888,72,2.3132903604871697,2.730182185769081,6.907587870955467,0,144
candidate,20261043,3,2,-8.0,2.5,0,0,0,0,0,0,0,0.041666666666666664,72,2.333329887025886,2.7513951994478703,7.718600332736969,0,144
candidate,20261044,0,1,-8.0,2.5,0,0,0,0,0,0,0,0.025974025974025976,77,2.3850147890580167,2.7670837938785553,6.743289530277252,0,154
candidate,20261044,1,1,-8.0,2.5,0,0,0,0,0,0,0,0.04081632653061224,49,2.3151930345564473,2.69857719540596,5.815187469124794,0,98
candidate,20261044,2,1,-24.0,4.0,0,0,1,16,0,0,0,0.0,45,2.2574642880095377,2.807861566543579,2.8493311256170273,0,90
candidate,20261044,3,1,-8.0,2.5,0,0,0,0,0,0,0,0.04225352112676056,71,2.21072659421135,2.607647329568863,2.7887988835573196,0,142
candidate,20261045,0,2,-8.0,2.5,0,0,0,0,0,0,0,0.015625,64,2.4135491403285414,3.0332255177199836,6.610706448554993,0,129
candidate,20261045,1,2,34.0,1.0,1,0,0,0,0,0,0,0.030303030303030304,66,2.234319732947783,2.597587648779154,2.842055633664131,0,132
candidate,20261045,2,2,38.0,1.0,1,0,0,0,0,0,0,0.04225352112676056,71,2.2543916924738547,2.529502846300602,4.700914025306702,0,143
candidate,20261045,3,2,-8.0,2.5,0,0,0,0,0,0,0,0.03125,64,2.2400412417482585,2.7591574937105174,2.902321517467499,0,129
candidate,20261046,0,0,78.0,1.0,1,1,0,0,0,0,0,0.020833333333333332,48,2.3966902711739144,2.968425117433071,6.467666476964951,0,95
candidate,20261046,1,0,-8.0,2.5,0,0,0,0,0,0,0,0.058823529411764705,51,2.2801806894587537,2.8509097173810005,2.9361415654420853,0,102
candidate,20261046,2,0,50.0,1.0,1,0,0,0,0,0,0,0.0,69,2.4146400931952656,3.1112585216760635,7.055843248963356,0,138
candidate,20261046,3,0,32.0,1.0,1,0,0,0,0,0,0,0.0196078431372549,51,2.2720931937881543,2.8994614258408546,2.986844629049301,0,102
candidate,20261047,0,0,-8.0,2.5,0,0,0,0,0,0,0,0.0,54,2.4321328641639814,3.291457146406173,3.804905340075493,0,108
candidate,20261047,1,0,33.0,1.0,1,0,0,0,0,0,0,0.06521739130434782,46,2.208912704625855,2.5383634492754936,2.730756998062134,0,92
candidate,20261047,2,0,33.0,1.0,1,0,0,0,0,0,0,0.017543859649122806,57,2.3078983159441697,3.094066679477691,3.2975245267152786,0,114
candidate,20261047,3,0,34.0,1.0,1,0,0,0,0,0,0,0.045454545454545456,44,2.228124998509884,2.7208739891648297,3.011845052242279,0,88
candidate,20261048,0,1,57.0,1.0,1,1,0,0,0,0,0,0.03278688524590164,61,2.264182739814774,2.6336684823036194,2.8021298348903656,0,121
candidate,20261048,1,1,-8.0,2.5,0,0,0,0,0,0,0,0.046153846153846156,65,2.2288611015448203,2.634146437048912,2.8514526784420013,0,130
candidate,20261048,2,1,-19.0,3.0,0,0,0,0,0,0,0,0.016666666666666666,60,2.2611792820195356,2.695853449404239,3.0133910477161407,0,121
candidate,20261048,3,1,-19.0,3.0,0,0,0,0,0,0,0,0.016666666666666666,60,2.240313868969679,2.7434753254055977,2.7916990220546722,0,121
candidate,20261049,0,2,-16.0,4.0,0,0,1,8,0,0,0,0.046511627906976744,43,2.432459445540295,2.9208291321992874,6.690483540296555,0,86
candidate,20261049,1,2,-20.0,3.0,0,0,0,0,0,0,0,0.06,50,2.229776903986931,2.644256316125393,2.7616769075393677,0,101
candidate,20261049,2,2,-8.0,2.5,0,0,0,0,0,0,0,0.034482758620689655,58,2.295415944837291,2.823396772146225,4.94423508644104,0,117
candidate,20261049,3,2,-22.0,3.0,0,0,0,0,0,0,0,0.06,50,2.2415076196193695,2.6198643259704113,3.624850884079933,0,101
candidate,20261050,0,1,-8.0,2.5,0,0,0,0,0,0,0,0.0,64,2.442457713186741,3.1912842765450478,3.366949036717415,0,128
candidate,20261050,1,1,-8.0,2.5,0,0,0,0,0,0,0,0.0,64,2.2891636181157082,2.8532944619655605,2.9010362923145294,0,128
candidate,20261050,2,1,33.0,1.0,1,0,0,0,0,0,0,0.03125,64,2.3127023596316576,2.8234167955815783,5.257721990346909,0,128
candidate,20261050,3,1,54.0,1.0,1,1,0,0,0,0,0,0.0,64,2.363769570365548,3.146466333419084,4.82940673828125,0,127
candidate,20261051,0,3,35.0,1.0,1,0,0,0,0,0,0,0.016129032258064516,62,2.325035721784638,2.7866442687809467,3.0255354940891266,0,124
candidate,20261051,1,3,-19.0,4.0,0,0,1,11,0,0,0,0.03225806451612903,62,2.2885570482861612,2.8504620306193824,2.9256176203489304,0,124
candidate,20261051,2,3,-18.0,4.0,0,0,1,10,0,0,0,0.0,43,2.316835358045822,2.799711562693119,4.165502265095711,0,86
candidate,20261051,3,3,-31.0,4.0,0,0,1,23,0,0,0,0.027777777777777776,72,2.286718666760458,2.941371686756611,6.0430169105529785,0,144
candidate,20261052,0,1,-23.0,4.0,0,0,1,15,0,0,0,0.043478260869565216,46,2.309817577833715,2.811144571751356,2.9068347066640854,0,92
candidate,20261052,1,1,-8.0,2.5,0,0,0,0,0,0,0,0.021739130434782608,46,2.4015520415876224,3.234444186091423,3.7913061678409576,0,92
candidate,20261052,2,1,39.0,1.0,1,0,0,0,0,0,0,0.043478260869565216,46,2.3240901772742686,2.608214970678091,7.7490732073783875,0,92
candidate,20261052,3,1,-23.0,3.0,0,0,0,0,0,0,0,0.03333333333333333,60,2.239530005802711,2.725512720644474,2.826448529958725,0,121
candidate,20261053,0,0,-17.0,4.0,0,0,1,9,0,0,0,0.06451612903225806,31,2.331754372965905,2.944543957710266,3.0727647244930267,0,63
candidate,20261053,1,0,-8.0,2.5,0,0,0,0,0,0,0,0.0,31,2.2971162632588418,2.8630420565605164,3.06086428463459,0,63
candidate,20261053,2,0,34.0,1.0,1,0,0,0,0,0,0,0.0967741935483871,31,2.259398480096171,2.7228007093071938,4.225015640258789,0,63
candidate,20261053,3,0,-22.0,4.0,0,0,1,14,0,0,0,0.03225806451612903,31,2.395982763940288,3.3264541998505592,4.9244072288274765,0,61
candidate,20261054,0,3,-19.0,4.0,0,0,1,11,0,0,0,0.02631578947368421,38,2.476677886749569,3.204591386020183,4.998603835701942,0,76
candidate,20261054,1,3,-8.0,2.5,0,0,0,0,0,0,0,0.05,40,2.256490057334304,2.622839249670505,3.37824784219265,0,80
candidate,20261054,2,3,35.0,1.0,1,0,0,0,0,0,0,0.0,40,2.307779062539339,3.0667617917060848,3.437718376517296,0,80
candidate,20261054,3,3,-8.0,2.5,0,0,0,0,0,0,0,0.058823529411764705,34,2.2608322255751667,2.855410799384117,2.8987284749746323,0,68
candidate,20261055,0,3,-8.0,2.5,0,0,0,0,0,0,0,0.046511627906976744,43,2.3172998497652455,2.90681179612875,2.9267221689224243,0,86
candidate,20261055,1,3,-21.0,3.0,0,0,0,0,0,0,0,0.0,59,2.4138053531868984,3.334769792854786,3.986544907093048,0,119
candidate,20261055,2,3,-8.0,2.5,0,0,0,0,0,0,0,0.0273972602739726,73,2.311936056573097,2.83408872783184,5.719764158129692,0,146
candidate,20261055,3,3,-19.0,3.0,0,0,0,0,0,0,0,0.01694915254237288,59,2.3115139644024736,2.8130926191806793,5.091624334454536,0,119
candidate,20261056,0,1,-20.0,4.0,0,0,1,12,0,0,0,0.017857142857142856,56,2.3424676286854913,2.7935048565268517,3.74019518494606,0,112
candidate,20261056,1,1,35.0,1.0,1,0,0,0,0,0,0,0.021739130434782608,46,2.321760453607725,2.80300946906209,4.572456702589989,0,92
candidate,20261056,2,1,-8.0,2.5,0,0,0,0,0,0,0,0.03225806451612903,62,2.2377957619966997,2.652854844927788,2.6680901646614075,0,124
candidate,20261056,3,1,36.0,1.0,1,0,0,0,0,0,0,0.016129032258064516,62,2.2805927681826774,2.7741040103137493,3.7121791392564774,0,124
candidate,20261057,0,3,-16.0,3.0,0,0,0,0,0,0,0,0.03636363636363636,55,2.3243185810067435,2.9142014682292934,3.1109023839235306,0,111
candidate,20261057,1,3,-8.0,2.5,0,0,0,0,0,0,0,0.03225806451612903,62,2.272913232445717,2.663720864802599,3.096560016274452,0,124
candidate,20261057,2,3,48.0,1.0,1,1,0,0,0,0,0,0.034482758620689655,58,2.2208839654922485,2.673967462033033,2.8520487248897552,0,115
candidate,20261057,3,3,37.0,1.0,1,0,0,0,0,0,0,0.03571428571428571,56,2.28067025143121,2.606179565191269,6.0818251222372055,0,112
candidate,20261058,0,2,-8.0,2.5,0,0,0,0,0,0,0,0.0,65,2.499831496522977,3.2783910632133484,6.197979673743248,0,130
candidate,20261058,1,2,48.0,1.0,1,0,0,0,0,0,0,0.038461538461538464,52,2.3672163056639524,2.9588143341243267,5.083909258246422,0,104
candidate,20261058,2,2,-8.0,2.5,0,0,0,0,0,0,0,0.0,74,2.290901803487056,2.88446256890893,4.53919917345047,0,148
candidate,20261058,3,2,32.0,1.0,1,0,0,0,0,0,0,0.05,40,2.2692696657031775,2.8155513107776637,3.0523762106895447,0,80
candidate,20261059,0,1,-23.0,3.0,0,0,0,0,0,0,0,0.030303030303030304,33,2.431031372962576,2.994685247540474,4.314374178647995,0,67
candidate,20261059,1,1,-8.0,2.5,0,0,0,0,0,0,0,0.0,47,2.4268104040876346,3.26093602925539,3.8541220128536224,0,94
candidate,20261059,2,1,-23.0,3.0,0,0,0,0,0,0,0,0.029411764705882353,34,2.334348254782312,3.198780398815867,4.184620454907417,0,69
candidate,20261059,3,1,-8.0,2.5,0,0,0,0,0,0,0,0.0851063829787234,47,2.192353869372226,2.564847469329834,2.7785152196884155,0,94
candidate,20261060,0,1,-8.0,2.5,0,0,0,0,0,0,0,0.016129032258064516,62,2.372847028797673,2.958288323134184,3.993438556790352,0,124
candidate,20261060,1,1,34.0,1.0,1,0,0,0,0,0,0,0.016666666666666666,60,2.421496963749329,3.097432665526867,5.078025162220001,0,120
candidate,20261060,2,1,-22.0,3.0,0,0,0,0,0,0,0,0.0,63,2.327351638722041,2.9965322464704514,3.1568650156259537,0,127
candidate,20261060,3,1,-18.0,4.0,0,0,1,10,0,0,0,0.0,60,2.4264713128407798,3.2604841515421867,6.442762911319733,0,120
candidate,20261061,0,3,42.0,1.0,1,0,0,0,0,0,0,0.017857142857142856,56,2.3970153581883227,2.9579903930425644,5.490459501743317,0,112
candidate,20261061,1,3,48.0,1.0,1,1,0,0,0,0,0,0.013513513513513514,74,2.364531864185591,3.0271716415882106,4.918145015835762,0,147
candidate,20261061,2,3,-8.0,2.5,0,0,0,0,0,0,0,0.04081632653061224,49,2.3110790976456235,2.8944548219442368,5.499707534909248,0,98
candidate,20261061,3,3,-20.0,3.0,0,0,0,0,0,0,0,0.0,72,2.4041118255505958,3.2572506926953793,4.9894265830516815,0,145
candidate,20261062,0,1,-19.0,4.0,0,0,1,11,0,0,0,0.03389830508474576,59,2.323475839980578,2.8511835262179375,3.0299481004476547,0,118
candidate,20261062,1,1,-17.0,4.0,0,0,1,9,0,0,0,0.046875,64,2.241294801933691,2.6134817861020565,2.733765169978142,0,128
candidate,20261062,2,1,-21.0,3.0,0,0,0,0,0,0,0,0.0,46,2.335329702043015,3.0186884105205536,3.120848909020424,0,93
candidate,20261062,3,1,-19.0,3.0,0,0,0,0,0,0,0,0.046511627906976744,43,2.26635919060818,2.8091875836253166,3.004910424351692,0,87
candidate,20261063,0,0,-8.0,2.5,0,0,0,0,0,0,0,0.0,34,2.419443691478056,3.068646416068076,4.821920767426491,0,68
candidate,20261063,1,0,-8.0,2.5,0,0,0,0,0,0,0,0.05172413793103448,58,2.218788875074222,2.634219266474247,2.790115773677826,0,116
candidate,20261063,2,0,-17.0,4.0,0,0,1,9,0,0,0,0.0,34,2.2691803272156155,2.788329217582941,2.843117341399193,0,68
candidate,20261063,3,0,33.0,1.0,1,0,0,0,0,0,0,0.024390243902439025,41,2.246773915319908,2.833835780620575,2.893708646297455,0,82
candidate,20261064,0,3,33.0,1.0,1,0,0,0,0,0,0,0.016666666666666666,60,2.3137195656696954,2.832531463354826,2.989772707223892,0,120
candidate,20261064,1,3,-8.0,2.5,0,0,0,0,0,0,0,0.061224489795918366,49,2.234155388206852,2.5975391268730164,2.7077384293079376,0,98
candidate,20261064,2,3,33.0,1.0,1,0,0,0,0,0,0,0.061224489795918366,49,2.180541884534213,2.5447331368923183,2.71599180996418,0,98
candidate,20261064,3,3,-18.0,3.0,0,0,0,0,0,0,0,0.0,51,2.2914430820474436,3.0419090762734413,3.273528069257736,0,103
candidate,20261065,0,1,-8.0,2.5,0,0,0,0,0,0,0,0.0,47,2.401566648102821,3.0507253482937813,3.085283562541008,0,94
candidate,20261065,1,1,32.0,1.0,1,0,0,0,0,0,0,0.02127659574468085,47,2.285773568647973,2.7686968445777893,3.0916184186935425,0,94
candidate,20261065,2,1,-16.0,4.0,0,0,1,8,0,0,0,0.0,18,2.2570830252435474,2.8153888881206512,2.8650332242250443,0,36
candidate,20261065,3,1,-8.0,2.5,0,0,0,0,0,0,0,0.0425531914893617,47,2.265240045938086,2.656492032110691,4.14627231657505,0,94
candidate,20261066,0,1,-28.0,4.0,0,0,1,20,0,0,0,0.06060606060606061,33,2.2973322281331727,2.6707515120506287,2.8100255876779556,0,66
candidate,20261066,1,1,44.0,1.0,1,0,0,0,0,0,0,0.030303030303030304,33,2.3477829879883565,3.0494213104248047,3.0507314950227737,0,66
candidate,20261066,2,1,-8.0,2.5,0,0,0,0,0,0,0,0.06060606060606061,33,2.234875817190517,2.83651240170002,2.909252420067787,0,66
candidate,20261066,3,1,-8.0,2.5,0,0,0,0,0,0,0,0.030303030303030304,33,2.2434606357957376,2.861858904361725,2.9666032642126083,0,66
candidate,20261067,0,2,-8.0,2.5,0,0,0,0,0,0,0,0.05454545454545454,55,2.2532605650750073,2.5586532428860664,2.728968858718872,0,110
candidate,20261067,1,2,-17.0,4.0,0,0,1,9,0,0,0,0.03636363636363636,55,2.3058550262993034,2.886880561709404,2.9516909271478653,0,110
candidate,20261067,2,2,43.0,1.0,1,0,0,0,0,0,0,0.017543859649122806,57,2.265662510405507,2.8236262500286102,2.893175929784775,0,114
candidate,20261067,3,2,33.0,1.0,1,0,0,0,0,0,0,0.01818181818181818,55,2.2505582056262274,2.8732988983392715,3.0014608055353165,0,110
candidate,20261068,0,2,-22.0,4.0,0,0,1,14,0,0,0,0.037037037037037035,27,2.3224114405888097,2.817542850971222,2.8690267354249954,0,54
candidate,20261068,1,2,-17.0,4.0,0,0,1,9,0,0,0,0.06818181818181818,44,2.2161437875845214,2.546832710504532,2.772614359855652,0,88
candidate,20261068,2,2,33.0,1.0,1,0,0,0,0,0,0,0.045454545454545456,44,2.2657154212621125,2.5758590549230576,5.862170830368996,0,88
candidate,20261068,3,2,-8.0,2.5,0,0,0,0,0,0,0,0.0,44,2.332421062006192,3.026507329195738,3.3031683415174484,0,88
candidate,20261069,0,1,33.0,1.0,1,0,0,0,0,0,0,0.04081632653061224,49,2.3043601564606844,2.5561828166246414,4.7906264662742615,0,98
candidate,20261069,1,1,34.0,1.0,1,0,0,0,0,0,0,0.029411764705882353,68,2.307303058093085,2.7521630749106407,4.1008684784173965,0,136
candidate,20261069,2,1,-8.0,2.5,0,0,0,0,0,0,0,0.028169014084507043,71,2.261987716799051,2.846658229827881,3.894839435815811,0,142
candidate,20261069,3,1,-8.0,2.5,0,0,0,0,0,0,0,0.02040816326530612,49,2.3323497449865145,2.790900319814682,5.613844841718674,0,98
candidate,20261070,0,3,-8.0,2.5,0,0,0,0,0,0,0,0.0,56,2.357547570552145,2.846045885235071,4.476822912693024,0,112
candidate,20261070,1,3,-26.0,3.0,0,0,0,0,0,0,0,0.02631578947368421,76,2.3088573331111357,2.7767950668931007,4.662850871682167,0,153
candidate,20261070,2,3,37.0,1.0,1,0,0,0,0,0,0,0.02,50,2.2889354825019836,2.818986214697361,3.9383620023727417,0,100
candidate,20261070,3,3,99.0,1.0,1,1,0,0,0,0,0,0.0,48,2.3158671877657375,2.978565637022257,2.9907282441854477,0,95
candidate,20261071,0,3,-8.0,2.5,0,0,0,0,0,0,0,0.023255813953488372,43,2.4242944755526477,3.3270834013819695,3.674957901239395,0,86
candidate,20261071,1,3,-16.0,3.0,0,0,0,0,0,0,0,0.045454545454545456,44,2.250376623123884,2.7324665337800984,2.917913720011711,0,89
candidate,20261071,2,3,41.0,1.0,1,0,0,0,0,0,0,0.018867924528301886,53,2.2743706292701216,2.8331533074378967,2.872610464692116,0,106
candidate,20261071,3,3,-16.0,3.0,0,0,0,0,0,0,0,0.047619047619047616,42,2.225177362561226,2.5972114875912666,2.8317682445049286,0,85
candidate,20261072,0,0,-8.0,2.5,0,0,0,0,0,0,0,0.02702702702702703,74,2.3278558777796254,2.867096196860075,2.9934272170066833,0,149
candidate,20261072,1,0,-17.0,4.0,0,0,1,9,0,0,0,0.022727272727272728,44,2.2832268256355417,2.7272379025816917,3.009280189871788,0,88
candidate,20261072,2,0,32.0,1.0,1,0,0,0,0,0,0,0.01639344262295082,61,2.2352136305121126,2.7019530534744263,2.7708597481250763,0,122
candidate,20261072,3,0,33.0,1.0,1,0,0,0,0,0,0,0.03278688524590164,61,2.20923159332549,2.73127481341362,2.7567408978939056,0,122
candidate,20261073,0,1,-21.0,3.0,0,0,0,0,0,0,0,0.0,18,2.4272182749377356,3.031526692211626,4.2005181312561035,0,37
candidate,20261073,1,1,-21.0,3.0,0,0,0,0,0,0,0,0.05555555555555555,18,2.2803578111860485,2.676527854055166,2.8572920709848404,0,37
candidate,20261073,2,1,63.0,1.0,1,1,0,0,0,0,0,0.0,19,2.302244403644612,3.0799357220530506,3.1839367002248764,0,37
candidate,20261073,3,1,-21.0,3.0,0,0,0,0,0,0,0,0.0,18,2.240233847664462,2.7815370820462704,2.808086574077606,0,37
candidate,20261074,0,1,-8.0,2.5,0,0,0,0,0,0,0,0.0,56,2.492850613115089,3.3187326043844223,3.466753289103508,0,112
candidate,20261074,1,1,-16.0,4.0,0,0,1,8,0,0,0,0.017857142857142856,56,2.3019560280122926,2.8088833205401897,2.878241240978241,0,112
candidate,20261074,2,1,-8.0,2.5,0,0,0,0,0,0,0,0.03571428571428571,56,2.230173974697079,2.6906104758381844,2.8322450816631317,0,112
candidate,20261074,3,1,32.0,1.0,1,0,0,0,0,0,0,0.018518518518518517,54,2.3170881732194513,3.261992055922746,3.606542944908142,0,108
candidate,20261075,0,0,-8.0,2.5,0,0,0,0,0,0,0,0.023809523809523808,42,2.3084807520111403,2.790109161287546,2.8178226202726364,0,84
candidate,20261075,1,0,32.0,1.0,1,0,0,0,0,0,0,0.04081632653061224,49,2.263682913415286,2.7803376317024227,2.833947539329529,0,98
candidate,20261075,2,0,-8.0,2.5,0,0,0,0,0,0,0,0.0,42,2.3395545958053496,3.128506615757942,3.176245838403702,0,84
candidate,20261075,3,0,0.0,2.5,0,0,0,0,0,1,1,0.023255813953488372,86,2.242235791717851,2.692579757422209,2.882203087210655,0,172
candidate,20261076,0,3,34.0,1.0,1,0,0,0,0,0,0,0.022727272727272728,44,2.311054828830741,2.800168748944998,2.8422437608242035,0,88
candidate,20261076,1,3,-8.0,2.5,0,0,0,0,0,0,0,0.0,44,2.376865256916393,3.2862638123333454,3.4083500504493713,0,88
candidate,20261076,2,3,-8.0,2.5,0,0,0,0,0,0,0,0.022727272727272728,44,2.2449865090576084,2.7209218591451645,2.724193036556244,0,88
candidate,20261076,3,3,-20.0,3.0,0,0,0,0,0,0,0,0.0,40,2.34511848539114,3.062421642243862,3.207731992006302,0,81
candidate,20261077,0,0,-8.0,2.5,0,0,0,0,0,0,0,0.0,84,2.3904309962831793,2.90253683924675,4.3291375041008,0,168
candidate,20261077,1,0,-8.0,2.5,0,0,0,0,0,0,0,0.05172413793103448,58,2.206787113742582,2.508168574422598,2.7163680642843246,0,116
candidate,20261077,2,0,-8.0,2.5,0,0,0,0,0,0,0,0.017241379310344827,58,2.3776442133660973,3.04287476465106,4.579130560159683,0,116
candidate,20261077,3,0,-17.0,4.0,0,0,1,9,0,0,0,0.0,42,2.3782489200433097,3.175516240298748,3.377716988325119,0,84
candidate,20261078,0,3,-8.0,2.5,0,0,0,0,0,0,0,0.021739130434782608,46,2.269497708134029,2.6344540528953075,2.8481874614953995,0,92
candidate,20261078,1,3,-30.0,4.0,0,0,1,22,0,0,0,0.06521739130434782,46,2.3141147406852762,2.723200712352991,4.897003993391991,0,92
candidate,20261078,2,3,46.0,1.0,1,0,0,0,0,0,0,0.043478260869565216,46,2.2440325144840325,2.7415677905082703,2.871733158826828,0,92
candidate,20261078,3,3,-8.0,2.5,0,0,0,0,0,0,0,0.06521739130434782,46,2.268219812084799,2.680370584130287,5.059456452727318,0,92
candidate,20261079,0,2,-22.0,3.0,0,0,0,0,0,0,0,0.0625,32,2.2946050739847124,2.7018013410270214,2.8511863201856613,0,65
candidate,20261079,1,2,66.0,1.0,1,1,0,0,0,0,0,0.0,33,2.3520746352997692,3.103441372513771,3.4661702811717987,0,65
candidate,20261079,2,2,-22.0,3.0,0,0,0,0,0,0,0,0.03125,32,2.2829199442639947,2.8191453777253628,2.8736907988786697,0,65
candidate,20261079,3,2,-22.0,3.0,0,0,0,0,0,0,0,0.03125,32,2.2121695219539106,2.7538544498384,2.8376001864671707,0,65
candidate,20261080,0,2,-31.0,4.0,0,0,1,23,0,0,0,0.0,56,2.4597869653786932,3.34480544552207,3.8546789437532425,0,112
candidate,20261080,1,2,47.0,1.0,1,0,0,0,0,0,0,0.03333333333333333,60,2.248896316935619,2.6374350301921368,2.826746553182602,0,120
candidate,20261080,2,2,0.0,2.5,0,0,0,0,0,1,1,0.03529411764705882,85,2.269988287897671,2.6416677981615067,5.65725564956665,0,170
candidate,20261080,3,2,-18.0,4.0,0,0,1,10,0,0,0,0.0,62,2.2819603102341777,2.8870290145277977,2.9480233788490295,0,124
candidate,20261081,0,2,-21.0,4.0,0,0,1,13,0,0,0,0.01639344262295082,61,2.3276484037031895,2.807892858982086,2.8772763907909393,0,123
candidate,20261081,1,2,-21.0,3.0,0,0,0,0,0,0,0,0.02857142857142857,70,2.2521703370979855,2.6625951752066612,2.8651151806116104,0,140
candidate,20261081,2,2,-8.0,2.5,0,0,0,0,0,0,0,0.0425531914893617,47,2.2485765450178308,2.739800699055195,2.7995817363262177,0,95
candidate,20261081,3,2,40.0,1.0,1,0,0,0,0,0,0,0.0,54,2.422164815167586,3.5131076350808144,3.8978513330221176,0,108
candidate,20261082,0,0,-29.0,4.0,0,0,1,21,0,0,0,0.03773584905660377,53,2.3001048995076485,2.819613739848137,2.9554329812526703,0,106
candidate,20261082,1,0,45.0,1.0,1,0,0,0,0,0,0,0.0,49,2.4859447944529203,3.7068676203489295,3.8194935768842697,0,98
candidate,20261082,2,0,-28.0,3.0,0,0,0,0,0,0,0,0.023255813953488372,43,2.3626478952030805,3.1443605199456215,3.292325884103775,0,87
candidate,20261082,3,0,-8.0,2.5,0,0,0,0,0,0,0,0.02040816326530612,49,2.268036447313367,2.7668561786413193,2.8948578983545303,0,98
candidate,20261083,0,3,-33.0,3.0,0,0,0,0,0,0,0,0.0,58,2.4231070781062387,3.1447137705981727,3.641754388809204,0,117
candidate,20261083,1,3,-33.0,3.0,0,0,0,0,0,0,0,0.0,58,2.4210373903142997,3.246637526899576,3.5173241049051285,0,117
candidate,20261083,2,3,99.0,1.0,1,1,0,0,0,0,0,0.0,59,2.2594620931451606,2.8070174157619476,2.8647221624851227,0,117
candidate,20261083,3,3,-33.0,3.0,0,0,0,0,0,0,0,0.017241379310344827,58,2.2851552428870368,2.7131433598697186,5.560869351029396,0,117
candidate,20261084,0,2,38.0,1.0,1,0,0,0,0,0,0,0.04918032786885246,61,2.310108179684545,2.835651859641075,2.963302657008171,0,122
candidate,20261084,1,2,39.0,1.0,1,0,0,0,0,0,0,0.08333333333333333,60,2.2127507254481316,2.7292320504784584,2.751389518380165,0,120
candidate,20261084,2,2,-8.0,2.5,0,0,0,0,0,0,0,0.016666666666666666,60,2.2843279565374055,2.8871455229818817,3.0304789543151855,0,120
candidate,20261084,3,2,54.0,1.0,1,1,0,0,0,0,0,0.0,42,2.3916293645188924,3.330189362168312,4.172610118985176,0,83
candidate,20261085,0,2,60.0,1.0,1,1,0,0,0,0,0,0.0,44,2.38162177530202,3.0877355486154556,3.2462049275636673,0,87
candidate,20261085,1,2,-20.0,3.0,0,0,0,0,0,0,0,0.0,43,2.2761114808016045,2.8421198949217796,2.8723273426294327,0,87
candidate,20261085,2,2,-20.0,3.0,0,0,0,0,0,0,0,0.06976744186046512,43,2.2192337052073587,2.698082849383354,2.8366465121507645,0,87
candidate,20261085,3,2,-20.0,3.0,0,0,0,0,0,0,0,0.046511627906976744,43,2.222038155724836,2.733600884675979,2.9015280306339264,0,87
candidate,20261086,0,0,42.0,1.0,1,0,0,0,0,0,0,0.06818181818181818,44,2.2515599107877775,2.5011888705193996,2.749340608716011,0,88
candidate,20261086,1,0,-8.0,2.5,0,0,0,0,0,0,0,0.02564102564102564,39,2.461181332667669,3.2494960352778453,4.74075973033905,0,78
candidate,20261086,2,0,-27.0,4.0,0,0,1,19,0,0,0,0.02564102564102564,39,2.383865033968901,2.9416039586067226,5.74587844312191,0,78
candidate,20261086,3,0,-8.0,2.5,0,0,0,0,0,0,0,0.02564102564102564,39,2.2271594558006678,2.685212530195713,2.8289929032325745,0,78
candidate,20261087,0,3,-8.0,2.5,0,0,0,0,0,0,0,0.023809523809523808,42,2.4333328806928227,2.9098983854055405,5.638524889945984,0,84
candidate,20261087,1,3,-26.0,4.0,0,0,1,18,0,0,0,0.029411764705882353,34,2.348296015578158,3.1244704499840736,3.3177006989717484,0,68
candidate,20261087,2,3,-8.0,2.5,0,0,0,0,0,0,0,0.0,38,2.292100683246788,2.9416490346193314,3.019111230969429,0,76
candidate,20261087,3,3,-26.0,4.0,0,0,1,18,0,0,0,0.03125,32,2.25476996274665,2.8045457787811756,2.849860116839409,0,64
candidate,20261088,0,1,-31.0,3.0,0,0,0,0,0,0,0,0.04,50,2.281116284430027,2.650062181055546,2.8194114565849304,0,101
candidate,20261088,1,1,-31.0,3.0,0,0,0,0,0,0,0,0.04,50,2.2970421612262726,2.917355950921774,3.5123825073242188,0,101
candidate,20261088,2,1,-31.0,3.0,0,0,0,0,0,0,0,0.02,50,2.320934683084488,2.983671333640814,3.259170800447464,0,101
candidate,20261088,3,1,93.0,1.0,1,1,0,0,0,0,0,0.0,51,2.3191462763968635,3.202698193490505,3.62996943295002,0,101
candidate,20261089,0,1,34.0,1.0,1,0,0,0,0,0,0,0.02702702702702703,74,2.286492343488577,2.70842658355832,2.915332093834877,0,148
candidate,20261089,1,1,-8.0,2.5,0,0,0,0,0,0,0,0.038461538461538464,78,2.2272712383896875,2.538009826093912,2.868048846721649,0,156
candidate,20261089,2,1,-16.0,3.0,0,0,0,0,0,0,0,0.0,11,2.259783616120165,2.7511408552527428,2.7754511684179306,0,23
candidate,20261089,3,1,-8.0,2.5,0,0,0,0,0,0,0,0.0196078431372549,51,2.304443505172636,3.0834125354886055,3.3682938665151596,0,102
candidate,20261090,0,3,51.0,1.0,1,1,0,0,0,0,0,0.047619047619047616,21,2.315427221003033,2.9013194143772125,2.9211677610874176,0,41
candidate,20261090,1,3,-16.0,4.0,0,0,1,8,0,0,0,0.0,18,2.326463038722674,2.8604334220290184,2.9219742864370346,0,36
candidate,20261090,2,3,-17.0,3.0,0,0,0,0,0,0,0,0.0,20,2.3726477287709713,3.254198003560305,3.586910665035248,0,41
candidate,20261090,3,3,-17.0,3.0,0,0,0,0,0,0,0,0.0,20,2.284708432853222,2.850416488945484,2.943092957139015,0,41
candidate,20261091,0,1,-26.0,3.0,0,0,0,0,0,0,0,0.03278688524590164,61,2.2635975638862518,2.781203016638756,2.851104363799095,0,123
candidate,20261091,1,1,-26.0,3.0,0,0,0,0,0,0,0,0.04918032786885246,61,2.251400841308422,2.746356651186943,2.8430745005607605,0,123
candidate,20261091,2,1,78.0,1.0,1,1,0,0,0,0,0,0.04838709677419355,62,2.2250270591147485,2.770841307938099,2.8565917164087296,0,123
candidate,20261091,3,1,-26.0,3.0,0,0,0,0,0,0,0,0.04918032786885246,61,2.222811375729373,2.8218012303113937,2.8919875621795654,0,123
candidate,20261092,0,3,33.0,1.0,1,0,0,0,0,0,0,0.044444444444444446,45,2.3313857201072903,2.8752584010362625,2.953816205263138,0,90
candidate,20261092,1,3,-8.0,2.5,0,0,0,0,0,0,0,0.022222222222222223,45,2.3189938316742578,2.9851932078599925,3.615396097302437,0,90
candidate,20261092,2,3,-17.0,4.0,0,0,1,9,0,0,0,0.044444444444444446,45,2.2294372734096317,2.7814269065856934,2.8931666165590286,0,90
candidate,20261092,3,3,-8.0,2.5,0,0,0,0,0,0,0,0.06666666666666667,45,2.1936570190721087,2.5839395821094513,2.7280542999505997,0,90
candidate,20261093,0,1,-16.0,4.0,0,0,1,8,0,0,0,0.06666666666666667,30,2.267128601670265,2.533097006380558,2.9090270400047302,0,60
candidate,20261093,1,1,-16.0,3.0,0,0,0,0,0,0,0,0.11538461538461539,26,2.208144833835272,2.501188311725855,2.56367027759552,0,53
candidate,20261093,2,1,-16.0,3.0,0,0,0,0,0,0,0,0.03125,32,2.2593530011363328,2.7447602711617947,2.8604716062545776,0,65
candidate,20261093,3,1,48.0,1.0,1,1,0,0,0,0,0,0.037037037037037035,27,2.225697523465863,2.928933873772621,2.9568076133728027,0,53
candidate,20261094,0,1,-8.0,2.5,0,0,0,0,0,0,0,0.025,40,2.3152269888669252,2.8838432393968105,3.0173417180776596,0,80
candidate,20261094,1,1,48.0,1.0,1,1,0,0,0,0,0,0.02,50,2.2868547216057777,2.8157843276858325,3.1011849641799927,0,99
candidate,20261094,2,1,-16.0,3.0,0,0,0,0,0,0,0,0.02040816326530612,49,2.257026237796764,2.8140563517808914,2.856040373444557,0,99
candidate,20261094,3,1,-21.0,4.0,0,0,1,13,0,0,0,0.0,40,2.266987645998597,2.786612883210182,2.809640020132065,0,80
candidate,20261095,0,0,54.0,1.0,1,1,0,0,0,0,0,0.017543859649122806,57,2.3111872244299505,2.7642060071229935,2.827562391757965,0,113
candidate,20261095,1,0,57.0,1.0,1,1,0,0,0,0,0,0.06451612903225806,62,2.224200525351109,2.6133432053029537,2.998868003487587,0,123
candidate,20261095,2,0,-17.0,3.0,0,0,0,0,0,0,0,0.01818181818181818,55,2.339132299477404,2.795393578708172,6.542559713125229,0,111
candidate,20261095,3,0,-19.0,3.0,0,0,0,0,0,0,0,0.0,61,2.596370326202424,3.840867429971695,5.252078175544739,0,123
candidate,20261096,0,0,-8.0,2.5,0,0,0,0,0,0,0,0.041666666666666664,48,2.3115225679551563,2.829065639525652,3.0132774263620377,0,96
candidate,20261096,1,0,34.0,1.0,1,0,0,0,0,0,0,0.10344827586206896,29,2.2187074325208007,2.599446102976799,2.610180526971817,0,58
candidate,20261096,2,0,-8.0,2.5,0,0,0,0,0,0,0,0.022727272727272728,44,2.2569069723513993,2.764238975942135,2.807680517435074,0,88
candidate,20261096,3,0,-22.0,4.0,0,0,1,14,0,0,0,0.0,40,2.3711442947387695,3.082661051303148,5.9424228966236115,0,80
candidate,20261097,0,1,-8.0,2.5,0,0,0,0,0,0,0,0.037037037037037035,27,2.277997080926542,2.7775609865784645,2.818664535880089,0,54
candidate,20261097,1,1,-8.0,2.5,0,0,0,0,0,0,0,0.07407407407407407,27,2.2413354642965175,2.7053749188780785,2.7888845652341843,0,54
candidate,20261097,2,1,33.0,1.0,1,0,0,0,0,0,0,0.037037037037037035,27,2.382185310125351,2.916470728814602,5.63889741897583,0,54
candidate,20261097,3,1,-17.0,4.0,0,0,1,9,0,0,0,0.06451612903225806,31,2.3039072872169557,2.73093581199646,4.518907517194748,0,62
candidate,20261098,0,3,0.0,2.5,0,0,0,0,0,1,1,0.011764705882352941,85,2.328709008939126,2.8583139181137085,3.0799321830272675,0,170
candidate,20261098,1,3,-8.0,2.5,0,0,0,0,0,0,0,0.024390243902439025,82,2.2510254937337666,2.7148268185555935,2.8302911669015884,0,164
candidate,20261098,2,3,-54.0,4.0,0,0,1,46,1,0,0,0.0379746835443038,79,2.240426437575606,2.820647880434989,3.056595101952553,0,158
candidate,20261098,3,3,-8.0,2.5,0,0,0,0,0,0,0,0.02564102564102564,78,2.2216995891470175,2.705055195838213,2.87611223757267,0,156
candidate,20261099,0,2,35.0,1.0,1,0,0,0,0,0,0,0.03508771929824561,57,2.331252814384929,2.831374853849411,3.0224379152059555,0,114
candidate,20261099,1,2,-17.0,3.0,0,0,0,0,0,0,0,0.02857142857142857,70,2.328339618231569,2.9902434907853603,3.0868425965309143,0,141
candidate,20261099,2,2,-26.0,3.0,0,0,0,0,0,0,0,0.01818181818181818,55,2.244916321201758,2.7406426146626472,2.8297416865825653,0,111
candidate,20261099,3,2,-8.0,2.5,0,0,0,0,0,0,0,0.046875,64,2.2303957084659487,2.672670688480139,2.785133197903633,0,127
candidate,20261100,0,1,10.0,2.0,0,0,0,0,0,0,0,0.022727272727272728,44,2.399827903983268,3.123591188341379,3.1318403780460358,1,89
candidate,20261100,1,1,-28.0,4.0,0,0,1,20,0,0,0,0.05555555555555555,36,2.4939563849733934,3.4617758356034756,3.883868455886841,0,72
candidate,20261100,2,1,-8.0,2.5,0,0,0,0,0,0,0,0.05555555555555555,36,2.223786846217182,2.6072757318615913,2.6856977492570877,0,72
candidate,20261100,3,1,-8.0,2.5,0,0,0,0,0,0,0,0.027777777777777776,36,2.247406169772148,2.709032502025366,2.724284306168556,0,72
candidate,20261101,0,2,-8.0,2.5,0,0,0,0,0,0,0,0.0,46,2.375994120603022,3.013467416167259,3.095220774412155,0,92
candidate,20261101,1,2,-8.0,2.5,0,0,0,0,0,0,0,0.021739130434782608,46,2.3195170594946197,2.9197600670158863,2.953672781586647,0,92
candidate,20261101,2,2,-8.0,2.5,0,0,0,0,0,0,0,0.03389830508474576,59,2.2527387334128557,2.715532667934894,2.8582364320755005,0,118
candidate,20261101,3,2,-18.0,4.0,0,0,1,10,0,0,0,0.0,46,2.371053454344687,3.2940125092864037,3.4658964723348618,0,92
candidate,20261102,0,2,-8.0,2.5,0,0,0,0,0,0,0,0.02040816326530612,49,2.4410878517189802,3.284183517098427,3.616226837038994,0,98
candidate,20261102,1,2,-19.0,4.0,0,0,1,11,0,0,0,0.0410958904109589,73,2.225691018855735,2.5955598801374435,2.7197767049074173,0,146
candidate,20261102,2,2,44.0,1.0,1,0,0,0,0,0,0,0.07894736842105263,38,2.2292372917658403,2.713682036846876,2.8111599385738373,0,76
candidate,20261102,3,2,-8.0,2.5,0,0,0,0,0,0,0,0.03636363636363636,55,2.2636602209372954,2.982827089726925,3.0012018978595734,0,110
candidate,20261103,0,1,-8.0,2.5,0,0,0,0,0,0,0,0.030303030303030304,66,2.2712625055150553,2.7129692025482655,2.7651507407426834,0,132
candidate,20261103,1,1,-8.0,2.5,0,0,0,0,0,0,0,0.014925373134328358,67,2.273923175326034,2.737225033342838,3.1433627009391785,0,134
candidate,20261103,2,1,-8.0,2.5,0,0,0,0,0,0,0,0.029850746268656716,67,2.2525397866074717,2.6808060705661774,4.714133217930794,0,134
candidate,20261103,3,1,34.0,1.0,1,0,0,0,0,0,0,0.029850746268656716,67,2.2514081601776295,2.7468910440802574,2.796865999698639,0,134
candidate,20261104,0,1,-8.0,2.5,0,0,0,0,0,0,0,0.06666666666666667,45,2.389965413345231,2.870471775531769,5.360392853617668,0,90
candidate,20261104,1,1,-28.0,4.0,0,0,1,20,0,0,0,0.029850746268656716,67,2.2698839320175686,2.7568623423576355,2.8014350682497025,0,134
candidate,20261104,2,1,-8.0,2.5,0,0,0,0,0,0,0,0.047619047619047616,63,2.2392194304201336,2.573663182556629,4.663726314902306,0,126
candidate,20261104,3,1,-17.0,4.0,0,0,1,9,0,0,0,0.0,40,2.3708187974989414,3.156660497188568,3.2633915543556213,0,80
candidate,20261105,0,2,-8.0,2.5,0,0,0,0,0,0,0,0.022222222222222223,45,2.3960303929116993,2.9078569263219833,5.566669628024101,0,90
candidate,20261105,1,2,-8.0,2.5,0,0,0,0,0,0,0,0.018518518518518517,54,2.2837822842929096,2.736048400402069,4.525253549218178,0,108
candidate,20261105,2,2,-8.0,2.5,0,0,0,0,0,0,0,0.023255813953488372,43,2.27735897656097,2.8745057061314583,2.916991710662842,0,86
candidate,20261105,3,2,-8.0,2.5,0,0,0,0,0,0,0,0.0,54,2.3209600605898433,2.944999560713768,3.1903963536024094,0,108
candidate,20261106,0,1,-8.0,2.5,0,0,0,0,0,0,0,0.0,41,2.4747889852378426,3.3117737621068954,3.5558752715587616,0,82
candidate,20261106,1,1,-8.0,2.5,0,0,0,0,0,0,0,0.023255813953488372,43,2.2610916301261548,2.6759926229715347,2.778194844722748,0,86
candidate,20261106,2,1,-18.0,3.0,0,0,0,0,0,0,0,0.0,71,2.2933418324715653,2.8865188360214233,3.104645758867264,0,143
candidate,20261106,3,1,32.0,1.0,1,0,0,0,0,0,0,0.024390243902439025,41,2.364644099299501,3.0980445444583893,4.8590246587991714,0,82
candidate,20261107,0,0,40.0,1.0,1,0,0,0,0,0,0,0.02702702702702703,37,2.3312673878830834,2.740246430039406,3.028569743037224,0,74
candidate,20261107,1,0,-20.0,4.0,0,0,1,12,0,0,0,0.06060606060606061,33,2.2949816263986356,2.772723510861397,2.818584442138672,0,66
candidate,20261107,2,0,-8.0,2.5,0,0,0,0,0,0,0,0.0,37,2.3595463182475114,3.2448064535856247,3.2991692423820496,0,74
candidate,20261107,3,0,-8.0,2.5,0,0,0,0,0,0,0,0.05405405405405406,37,2.219151403452899,2.750050649046898,2.823375165462494,0,74
candidate,20261108,0,0,-8.0,2.5,0,0,0,0,0,0,0,0.023255813953488372,86,2.329188225747541,2.7179368771612644,6.248423829674721,0,172
candidate,20261108,1,0,0.0,2.5,0,0,0,0,0,1,1,0.023529411764705882,85,2.2560636348584118,2.7676858007907867,2.8283409774303436,0,170
candidate,20261108,2,0,0.0,2.5,0,0,0,0,0,1,0,0.0,84,2.2903424687683582,2.8461266309022903,3.4649930894374847,0,168
candidate,20261108,3,0,-25.0,4.0,0,0,1,17,0,0,0,0.05555555555555555,36,2.319254498514864,2.8986516408622265,4.574965685606003,0,72
candidate,20261109,0,1,0.0,2.5,0,0,0,0,0,1,1,0.03529411764705882,85,2.3284692098112667,2.740588784217834,6.06917217373848,0,170
candidate,20261109,1,1,0.0,2.5,0,0,0,0,0,1,1,0.023529411764705882,85,2.2463053464889526,2.705759555101394,2.886071801185608,0,170
candidate,20261109,2,1,51.0,1.0,1,0,0,0,0,0,0,0.0,74,2.4114428339777767,3.0644909478724003,5.887970328330994,0,148
candidate,20261109,3,1,0.0,2.5,0,0,0,0,0,1,1,0.0,85,2.384581942768658,3.2034609466791153,5.3963493555784225,0,170
candidate,20261110,0,0,34.0,1.0,1,0,0,0,0,0,0,0.02702702702702703,37,2.343182426852149,2.8932563960552216,2.9387474060058594,0,74
candidate,20261110,1,0,-8.0,2.5,0,0,0,0,0,0,0,0.04081632653061224,49,2.279013509348947,2.8550811111927032,2.9211025685071945,0,98
candidate,20261110,2,0,-18.0,4.0,0,0,1,10,0,0,0,0.02702702702702703,37,2.2877801612422273,2.7039937674999233,4.246525466442108,0,74
candidate,20261110,3,0,-17.0,3.0,0,0,0,0,0,0,0,0.043478260869565216,69,2.2227707980335625,2.550232782959938,4.0615759789943695,0,139
candidate,20261111,0,0,-17.0,3.0,0,0,0,0,0,0,0,0.05263157894736842,38,2.27716300440462,2.6712371967732906,2.7785077691078186,0,77
candidate,20261111,1,0,-16.0,4.0,0,0,1,8,0,0,0,0.057692307692307696,52,2.3262833173458395,2.6229278184473515,5.807515233755112,0,104
candidate,20261111,2,0,-8.0,2.5,0,0,0,0,0,0,0,0.03225806451612903,62,2.2409626493050205,2.6019194163382053,3.5390853881835938,0,124
candidate,20261111,3,0,-8.0,2.5,0,0,0,0,0,0,0,0.027777777777777776,36,2.3009697906672955,3.014802932739258,3.081386908888817,0,72
candidate,20261112,0,1,34.0,1.0,1,0,0,0,0,0,0,0.047619047619047616,42,2.3127983191183636,2.6827871799468994,2.8424039483070374,0,85
candidate,20261112,1,1,-8.0,2.5,0,0,0,0,0,0,0,0.023809523809523808,42,2.4390374975545064,2.896503172814846,7.438773289322853,0,85
candidate,20261112,2,1,-8.0,2.5,0,0,0,0,0,0,0,0.0,42,2.399544896824019,3.1251019798219204,5.119480192661285,0,85
candidate,20261112,3,1,-18.0,4.0,0,0,1,10,0,0,0,0.023255813953488372,43,2.221178956503092,2.6197081431746483,2.6921387761831284,0,85
candidate,20261113,0,2,-8.0,2.5,0,0,0,0,0,0,0,0.014925373134328358,67,2.342900706093703,2.883624844253063,2.927873283624649,0,134
candidate,20261113,1,2,-17.0,4.0,0,0,1,9,0,0,0,0.0,34,2.407608608550885,3.1236344948410983,3.320513293147087,0,68
candidate,20261113,2,2,-33.0,3.0,0,0,0,0,0,0,0,0.03076923076923077,65,2.2333178382653456,2.762109413743019,2.8830114752054214,0,131
candidate,20261113,3,2,-33.0,3.0,0,0,0,0,0,0,0,0.0,63,2.520397689843935,3.6617575213313103,4.329714924097061,0,127
candidate,20261114,0,1,-8.0,2.5,0,0,0,0,0,0,0,0.04878048780487805,41,2.321411787373264,2.805892378091812,2.8367824852466583,0,82
candidate,20261114,1,1,36.0,1.0,1,0,0,0,0,0,0,0.024390243902439025,41,2.393057388139934,3.1240638345479965,3.214215859770775,0,82
candidate,20261114,2,1,-16.0,4.0,0,0,1,8,0,0,0,0.0,68,2.590471412986517,4.039308335632086,4.356347024440765,0,136
candidate,20261114,3,1,-8.0,2.5,0,0,0,0,0,0,0,0.057971014492753624,69,2.2163323896086733,2.5379404425621033,2.761879935860634,0,138
candidate,20261115,0,3,-8.0,2.5,0,0,0,0,0,0,0,0.02857142857142857,35,2.4063535034656525,2.90790107101202,3.596959635615349,0,70
candidate,20261115,1,3,36.0,1.0,1,0,0,0,0,0,0,0.02857142857142857,35,2.354461220758302,2.996600233018398,3.292897716164589,0,70
candidate,20261115,2,3,0.0,2.5,0,0,0,0,0,1,1,0.011764705882352941,85,2.3002466953852596,2.8130345046520233,4.356648772954941,0,170
candidate,20261115,3,3,-8.0,2.5,0,0,0,0,0,0,0,0.02857142857142857,35,2.2808491651500975,3.009165078401565,3.130333498120308,0,70
candidate,20261116,0,1,-16.0,3.0,0,0,0,0,0,0,0,0.02564102564102564,39,2.348871662830695,2.773841470479965,2.888759598135948,0,79
candidate,20261116,1,1,-16.0,3.0,0,0,0,0,0,0,0,0.0,39,2.428394336348925,3.0403289943933487,4.787962883710861,0,79
candidate,20261116,2,1,-16.0,3.0,0,0,0,0,0,0,0,0.0,39,2.3879330987349534,2.9986130073666573,4.028765484690666,0,79
candidate,20261116,3,1,48.0,1.0,1,1,0,0,0,0,0,0.0,40,2.3918114602565765,3.4256326965987682,4.744699224829674,0,79
candidate,20261117,0,3,54.0,1.0,1,0,0,0,0,0,0,0.0,54,2.378826236559285,2.8471428900957108,4.908522590994835,0,108
candidate,20261117,1,3,-18.0,4.0,0,0,1,10,0,0,0,0.0,65,2.373656974389003,2.853378653526306,6.849441677331924,0,130
candidate,20261117,2,3,-30.0,3.0,0,0,0,0,0,0,0,0.03614457831325301,83,2.2501167672944358,2.7921095490455627,4.359029233455658,0,167
candidate,20261117,3,3,90.0,1.0,1,1,0,0,0,0,0,0.0,84,2.3987855806591964,3.331427462399005,6.220309063792229,0,167
candidate,20261118,0,1,-26.0,4.0,0,0,1,18,0,0,0,0.043478260869565216,46,2.288812609470409,2.677571028470993,2.786269411444664,0,92
candidate,20261118,1,1,42.0,1.0,1,0,0,0,0,0,0,0.021739130434782608,46,2.3557825175964315,3.1889984384179115,3.285543993115425,0,92
candidate,20261118,2,1,-8.0,2.5,0,0,0,0,0,0,0,0.021739130434782608,46,2.3579353304660837,2.8579109348356724,5.899244919419289,0,92
candidate,20261118,3,1,-8.0,2.5,0,0,0,0,0,0,0,0.05555555555555555,36,2.2694309655990867,2.819014247506857,3.527272492647171,0,72
candidate,20261119,0,1,-33.0,3.0,0,0,0,0,0,0,0,0.01639344262295082,61,2.3419131509593276,2.761228010058403,5.1166098564863205,0,123
candidate,20261119,1,1,-33.0,3.0,0,0,0,0,0,0,0,0.04918032786885246,61,2.2879474353594857,2.85273976624012,4.954371601343155,0,123
candidate,20261119,2,1,-33.0,3.0,0,0,0,0,0,0,0,0.04918032786885246,61,2.2792368211218568,2.670552581548691,4.110613837838173,0,123
candidate,20261119,3,1,48.0,1.0,1,0,0,0,0,0,0,0.0,62,2.3211132013990032,2.895088493824005,5.614073947072029,0,124
candidate,20261120,0,0,43.0,1.0,1,0,0,0,0,0,0,0.08333333333333333,12,2.330690622329712,2.9399427585303783,2.9468629509210587,0,24
candidate,20261120,1,0,-8.0,2.5,0,0,0,0,0,0,0,0.16666666666666666,12,2.277874853461981,2.6391295716166496,2.64027900993824,0,24
candidate,20261120,2,0,-27.0,4.0,0,0,1,19,0,0,0,0.0625,16,2.398531883955002,3.2186945900321007,4.100563004612923,0,32
candidate,20261120,3,0,-8.0,2.5,0,0,0,0,0,0,0,0.08333333333333333,12,2.1770020636419454,2.6809211820364,2.70279124379158,0,24
candidate,20261121,0,0,51.0,1.0,1,1,0,0,0,0,0,0.04081632653061224,49,2.374143890884458,3.0015271157026286,4.299154505133629,0,97
candidate,20261121,1,0,-8.0,2.5,0,0,0,0,0,0,0,0.0,40,2.4163533467799425,3.521833755075931,3.69461253285408,0,80
candidate,20261121,2,0,-8.0,2.5,0,0,0,0,0,0,0,0.0,40,2.260829694569111,2.7730323374271393,2.8399713337421417,0,80
candidate,20261121,3,0,-16.0,4.0,0,0,1,8,0,0,0,0.07692307692307693,39,2.204669878268853,2.5937512516975403,2.6335008442401886,0,78
candidate,20261122,0,2,-20.0,4.0,0,0,1,12,0,0,0,0.0375,80,2.3308759788051248,2.716636285185814,5.044424906373024,0,159
candidate,20261122,1,2,0.0,2.5,0,0,0,0,0,1,0,0.011904761904761904,84,2.3430238167444863,2.956143114715814,4.733197391033173,0,169
candidate,20261122,2,2,54.0,1.0,1,1,0,0,0,0,0,0.0,59,2.3823743528228696,3.2512452453374863,3.336643800139427,0,118
candidate,20261122,3,2,0.0,2.5,0,0,0,0,0,1,1,0.023809523809523808,84,2.289819930280958,2.695445902645588,7.322100922465324,0,169
candidate,20261123,0,1,33.0,1.0,1,0,0,0,0,0,0,0.025,40,2.361507434397936,3.0239220708608627,3.417879343032837,0,80
candidate,20261123,1,1,-8.0,2.5,0,0,0,0,0,0,0,0.0,40,2.4166897404938936,3.317220602184534,3.578636795282364,0,80
candidate,20261123,2,1,-8.0,2.5,0,0,0,0,0,0,0,0.05,40,2.2417345084249973,2.6924131438136096,2.8627198189496994,0,80
candidate,20261123,3,1,-17.0,4.0,0,0,1,9,0,0,0,0.025,40,2.244445262476802,2.7382141910493374,2.8081759810447693,0,80
candidate,20261124,0,1,-8.0,2.5,0,0,0,0,0,0,0,0.05263157894736842,57,2.2536959956612503,2.5488093495368958,2.819407731294632,0,114
candidate,20261124,1,1,-8.0,2.5,0,0,0,0,0,0,0,0.02040816326530612,49,2.4146518232871075,3.0654557049274445,5.070159211754799,0,98
candidate,20261124,2,1,-28.0,3.0,0,0,0,0,0,0,0,0.022222222222222223,45,2.2412442912658057,2.6912976056337357,2.7338694781064987,0,91
candidate,20261124,3,1,-17.0,4.0,0,0,1,9,0,0,0,0.015384615384615385,65,2.3551742617900553,3.2037820667028427,3.2830964773893356,0,131
candidate,20261125,0,2,43.0,1.0,1,0,0,0,0,0,0,0.0625,48,2.3108600871637464,2.8198497369885445,2.90132500231266,0,96
candidate,20261125,1,2,-16.0,4.0,0,0,1,8,0,0,0,0.043478260869565216,46,2.291353216961674,2.713304478675127,4.6844929456710815,0,92
candidate,20261125,2,2,-8.0,2.5,0,0,0,0,0,0,0,0.041666666666666664,48,2.257642064553996,2.8421347960829735,2.8893761336803436,0,96
candidate,20261125,3,2,33.0,1.0,1,0,0,0,0,0,0,0.06,50,2.230253517627716,2.785369288176298,2.9496531933546066,0,100
candidate,20261126,0,2,33.0,1.0,1,0,0,0,0,0,0,0.05128205128205128,39,2.53746214394386,3.15743312239647,3.7568360567092896,0,78
candidate,20261126,1,2,-8.0,2.5,0,0,0,0,0,0,0,0.0,39,2.5161667607533627,3.313409909605981,4.079833626747131,0,78
candidate,20261126,2,2,-22.0,3.0,0,0,0,0,0,0,0,0.017543859649122806,57,2.261001257258549,2.8267931193113327,2.863621339201927,0,115
candidate,20261126,3,2,-8.0,2.5,0,0,0,0,0,0,0,0.05128205128205128,39,2.334851867113358,2.9454391449689887,4.414916038513184,0,78
candidate,20261127,0,1,32.0,1.0,1,0,0,0,0,0,0,0.043478260869565216,46,2.2920006076278896,2.661631442606449,3.3071525394916534,0,92
candidate,20261127,1,1,-16.0,4.0,0,0,1,8,0,0,0,0.0,57,2.43059382365461,2.984434366226196,5.06862998008728,0,114
candidate,20261127,2,1,-17.0,4.0,0,0,1,9,0,0,0,0.0,69,2.3418427107558735,2.880079671740532,4.2265113443136215,0,138
candidate,20261127,3,1,33.0,1.0,1,0,0,0,0,0,0,0.02666666666666667,75,2.3159253845612207,2.769322134554386,6.805986166000366,0,150
candidate,20261128,0,3,34.0,1.0,1,0,0,0,0,0,0,0.0,37,2.5953970648146965,3.925838321447372,4.100693389773369,0,74
candidate,20261128,1,3,102.0,1.0,1,1,0,0,0,0,0,0.08333333333333333,36,2.2390435139338174,2.8138598427176476,2.8935372829437256,0,71
candidate,20261128,2,3,-34.0,3.0,0,0,0,0,0,0,0,0.0,35,2.2605575088943755,2.833506464958191,2.872347831726074,0,71
candidate,20261128,3,3,-8.0,2.5,0,0,0,0,0,0,0,0.04285714285714286,70,2.2075882979801724,2.5673345662653446,2.959495410323143,0,140
candidate,20261129,0,2,-8.0,2.5,0,0,0,0,0,0,0,0.0,59,2.4402932721679496,3.2792719081044197,3.5816170275211334,0,118
candidate,20261129,1,2,37.0,1.0,1,0,0,0,0,0,0,0.0,61,2.378395071527997,3.191094845533371,3.3645033836364746,0,122
candidate,20261129,2,2,-21.0,4.0,0,0,1,13,0,0,0,0.04918032786885246,61,2.2889563172567087,2.9069725424051285,3.5904087126255035,0,122
candidate,20261129,3,2,-8.0,2.5,0,0,0,0,0,0,0,0.0,61,2.314397423970895,3.0956007540225983,3.4170057624578476,0,122
candidate,20261130,0,1,-21.0,3.0,0,0,0,0,0,0,0,0.016666666666666666,60,2.348317112773657,2.8594711795449257,4.101788625121117,0,121
candidate,20261130,1,1,-8.0,2.5,0,0,0,0,0,0,0,0.0,76,2.4160691782047876,3.3427788875997066,3.461405634880066,0,152
candidate,20261130,2,1,-21.0,3.0,0,0,0,0,0,0,0,0.05,60,2.2602946807940802,2.848172839730978,3.1485706567764282,0,121
candidate,20261130,3,1,42.0,1.0,1,0,0,0,0,0,0,0.020833333333333332,48,2.4678191790978112,3.5901411436498165,7.036508992314339,0,96
candidate,20261131,0,3,51.0,1.0,1,1,0,0,0,0,0,0.022222222222222223,45,2.3619960993528366,2.8379343450069427,5.4042283445596695,0,89
candidate,20261131,1,3,-17.0,3.0,0,0,0,0,0,0,0,0.022727272727272728,44,2.348856661807407,2.9069014824926853,4.624387249350548,0,90
candidate,20261131,2,3,-17.0,3.0,0,0,0,0,0,0,0,0.0,44,2.3548914204266937,2.9175709933042526,4.459179937839508,0,89
candidate,20261131,3,3,-17.0,3.0,0,0,0,0,0,0,0,0.0,44,2.3195408284664154,2.9382923617959023,2.9805172234773636,0,89
candidate,20261132,0,3,-17.0,4.0,0,0,1,9,0,0,0,0.0,49,2.3902711667576613,3.0479013919830322,3.1207427382469177,0,98
candidate,20261132,1,3,-8.0,2.5,0,0,0,0,0,0,0,0.02040816326530612,49,2.2539698271727073,2.7484659105539317,2.817384898662567,0,98
candidate,20261132,2,3,48.0,1.0,1,1,0,0,0,0,0,0.023255813953488372,43,2.2622910003329433,2.7045411989092827,4.068015143275261,0,85
candidate,20261132,3,3,-8.0,2.5,0,0,0,0,0,0,0,0.0,49,2.442670643937831,3.0537955462932587,5.769677460193634,0,98
candidate,20261133,0,1,33.0,1.0,1,0,0,0,0,0,0,0.04878048780487805,41,2.250433013570018,2.5326162576675415,2.7936790138483047,0,82
candidate,20261133,1,1,-8.0,2.5,0,0,0,0,0,0,0,0.024390243902439025,41,2.2989180302474557,2.8104297816753387,2.9995404183864594,0,82
candidate,20261133,2,1,-8.0,2.5,0,0,0,0,0,0,0,0.024390243902439025,41,2.2406981485645945,2.824820578098297,2.8831493109464645,0,82
candidate,20261133,3,1,-8.0,2.5,0,0,0,0,0,0,0,0.02,50,2.254951037466526,2.801195345818996,2.9855184257030487,0,100
candidate,20261134,0,0,-8.0,2.5,0,0,0,0,0,0,0,0.019230769230769232,52,2.30887052244865,2.7936275117099285,2.850281074643135,0,104
candidate,20261134,1,0,-8.0,2.5,0,0,0,0,0,0,0,0.022727272727272728,44,2.2506901401687753,2.7864405885338783,2.7986466884613037,0,88
candidate,20261134,2,0,-18.0,3.0,0,0,0,0,0,0,0,0.05357142857142857,56,2.2397929736013924,2.744170371443033,2.7972161769866943,0,113
candidate,20261134,3,0,33.0,1.0,1,0,0,0,0,0,0,0.045454545454545456,44,2.225690224969929,2.7243269607424736,2.891233190894127,0,88
candidate,20261135,0,3,-8.0,2.5,0,0,0,0,0,0,0,0.0,61,2.465472113890726,3.5622064024209976,3.7611424922943115,0,122
candidate,20261135,1,3,35.0,1.0,1,0,0,0,0,0,0,0.01639344262295082,61,2.3075012093196148,2.9652807861566544,3.019837662577629,0,122
candidate,20261135,2,3,-19.0,4.0,0,0,1,11,0,0,0,0.01639344262295082,61,2.283953893624368,3.023620694875717,3.2454747706651688,0,122
candidate,20261135,3,3,-8.0,2.5,0,0,0,0,0,0,0,0.0,59,2.2822123778573538,2.952110767364502,3.04233655333519,0,118
candidate,20261136,0,1,32.0,1.0,1,0,0,0,0,0,0,0.06451612903225806,31,2.2616913361895468,2.624349668622017,2.759302034974098,0,62
candidate,20261136,1,1,-8.0,2.5,0,0,0,0,0,0,0,0.0,31,2.3077520872316053,2.9284050688147545,2.983059734106064,0,62
candidate,20261136,2,1,-8.0,2.5,0,0,0,0,0,0,0,0.022727272727272728,44,2.3724618791179224,3.093279991298914,5.065778270363808,0,88
candidate,20261136,3,1,-8.0,2.5,0,0,0,0,0,0,0,0.0196078431372549,51,2.252162854168929,2.7776462957262993,2.7874354273080826,0,102
candidate,20261137,0,0,-8.0,2.5,0,0,0,0,0,0,0,0.0,39,2.3200829537251058,2.802976407110691,2.8414521366357803,0,78
candidate,20261137,1,0,-32.0,4.0,0,0,1,24,0,0,0,0.05128205128205128,39,2.254097173229242,2.8107251971960068,2.912435680627823,0,78
candidate,20261137,2,0,-8.0,2.5,0,0,0,0,0,0,0,0.0425531914893617,47,2.202417582590529,2.585715800523758,2.7607232332229614,0,94
candidate,20261137,3,0,48.0,1.0,1,0,0,0,0,0,0,0.0,39,2.256267154828096,2.8020940721035004,2.846626564860344,0,78
candidate,20261138,0,0,-18.0,3.0,0,0,0,0,0,0,0,0.0,47,2.3816800180901874,2.9219727963209152,3.1816959381103516,0,95
candidate,20261138,1,0,-8.0,2.5,0,0,0,0,0,0,0,0.05555555555555555,54,2.2233851874868074,2.5661349296569824,2.718176692724228,0,108
candidate,20261138,2,0,-29.0,4.0,0,0,1,21,0,0,0,0.011494252873563218,87,2.241855380178868,2.74882260710001,2.81742587685585,0,174
candidate,20261138,3,0,54.0,1.0,1,1,0,0,0,0,0,0.041666666666666664,48,2.240674337372184,2.8576571494340897,2.883452922105789,0,95
candidate,20261139,0,2,33.0,1.0,1,0,0,0,0,0,0,0.03333333333333333,30,2.464124249915282,2.994439657777548,4.914460703730583,0,60
candidate,20261139,1,2,-8.0,2.5,0,0,0,0,0,0,0,0.0,44,2.359281251714988,3.0181802809238434,3.223394975066185,0,88
candidate,20261139,2,2,48.0,1.0,1,1,0,0,0,0,0,0.0,53,2.309554766090411,3.114379569888115,3.297954797744751,0,105
candidate,20261139,3,2,-17.0,4.0,0,0,1,9,0,0,0,0.03333333333333333,30,2.292643984158834,2.8215916827321053,2.8383098542690277,0,60
candidate,20261140,0,1,0.0,2.5,0,0,0,0,0,1,1,0.024390243902439025,82,2.3273795434251063,2.7988804504275326,5.513535812497139,0,165
candidate,20261140,1,1,-27.0,4.0,0,0,1,19,0,0,0,0.01694915254237288,59,2.3291360397460097,2.9184671118855476,3.0194073915481567,0,117
candidate,20261140,2,1,43.0,1.0,1,0,0,0,0,0,0,0.01639344262295082,61,2.3125683369695165,2.7602799236774445,7.143858820199966,0,123
candidate,20261140,3,1,-8.0,2.5,0,0,0,0,0,0,0,0.020833333333333332,48,2.2128411025429764,2.6494139805436134,2.7510281652212143,0,97
candidate,20261141,0,2,-8.0,2.5,0,0,0,0,0,0,0,0.0,88,2.4140786210244354,3.139654360711574,4.544595256447792,0,176
candidate,20261141,1,2,-16.0,3.0,0,0,0,0,0,0,0,0.03278688524590164,61,2.266099371138166,2.641035243868828,2.993103116750717,0,123
candidate,20261141,2,2,48.0,1.0,1,1,0,0,0,0,0,0.03278688524590164,61,2.264712250134984,2.8819721192121506,3.019595518708229,0,121
candidate,20261141,3,2,-8.0,2.5,0,0,0,0,0,0,0,0.0,79,2.4423512241131142,3.785537928342819,3.9556678384542465,0,158
candidate,20261142,0,2,33.0,1.0,1,0,0,0,0,0,0,0.08,25,2.263762131333351,2.730476483702659,2.8072502464056015,0,50
candidate,20261142,1,2,-17.0,4.0,0,0,1,9,0,0,0,0.09375,32,2.280677144881338,2.69707003608346,2.72427499294281,0,64
candidate,20261142,2,2,-17.0,4.0,0,0,1,9,0,0,0,0.08,25,2.268023118376732,2.5773346424102783,3.2624229788780212,0,50
candidate,20261142,3,2,-8.0,2.5,0,0,0,0,0,0,0,0.0,25,2.214590013027191,2.8031114488840103,2.85322405397892,0,50
candidate,20261143,0,0,-8.0,2.5,0,0,0,0,0,0,0,0.02127659574468085,47,2.3297902909999197,2.8052568435668945,2.825949341058731,0,94
candidate,20261143,1,0,-17.0,4.0,0,0,1,9,0,0,0,0.0,43,2.3931606217872265,3.178250417113304,3.3429916948080063,0,86
candidate,20261143,2,0,-8.0,2.5,0,0,0,0,0,0,0,0.02127659574468085,47,2.271078130666246,3.048123605549335,3.166455775499344,0,94
candidate,20261143,3,0,57.0,1.0,1,1,0,0,0,0,0,0.05555555555555555,72,2.198673008630673,2.577016782015562,3.2403040677309036,0,143
candidate,20261144,0,0,51.0,1.0,1,1,0,0,0,0,0,0.07407407407407407,27,2.2863253813098976,2.7702566236257553,2.8603877872228622,0,53
candidate,20261144,1,0,-17.0,3.0,0,0,0,0,0,0,0,0.038461538461538464,26,2.301406616774889,2.966021653264761,2.9813628643751144,0,53
candidate,20261144,2,0,-17.0,3.0,0,0,0,0,0,0,0,0.0,26,2.3002671794249463,2.9857736080884933,3.0730292201042175,0,53
candidate,20261144,3,0,-17.0,3.0,0,0,0,0,0,0,0,0.038461538461538464,26,2.2386641313250246,2.7177431620657444,2.839215099811554,0,53
candidate,20261145,0,1,54.0,1.0,1,1,0,0,0,0,0,0.0625,32,2.2607497521676123,2.7628740295767784,2.8262417763471603,0,63
candidate,20261145,1,1,-25.0,3.0,0,0,0,0,0,0,0,0.0,39,2.337692162165275,2.9588332399725914,3.0557047575712204,0,79
candidate,20261145,2,1,-25.0,3.0,0,0,0,0,0,0,0,0.04878048780487805,41,2.238749185713326,2.7734078466892242,2.842055633664131,0,83
candidate,20261145,3,1,-17.0,4.0,0,0,1,9,0,0,0,0.0,76,2.273856221061004,2.895096316933632,2.99830362200737,0,152
candidate,20261146,0,2,-16.0,3.0,0,0,0,0,0,0,0,0.0,56,2.3119859397411346,2.8425618074834347,2.9268115758895874,0,113
candidate,20261146,1,2,35.0,1.0,1,0,0,0,0,0,0,0.03896103896103896,77,2.213452567721342,2.5217946618795395,2.7385763823986053,0,153
candidate,20261146,2,2,36.0,1.0,1,0,0,0,0,0,0,0.05357142857142857,56,2.2235452197492123,2.7322876267135143,2.8820596635341644,0,112
candidate,20261146,3,2,-8.0,2.5,0,0,0,0,0,0,0,0.05333333333333334,75,2.214550127585729,2.738608419895172,2.902340143918991,0,151
candidate,20261147,0,3,0.0,2.5,0,0,0,0,0,1,0,0.0,89,2.379541630657871,3.148278594017029,3.469632938504219,0,178
candidate,20261147,1,3,-8.0,2.5,0,0,0,0,0,0,0,0.047619047619047616,42,2.226704554188819,2.5833330117166042,2.7566738426685333,0,84
candidate,20261147,2,3,-20.0,4.0,0,0,1,12,0,0,0,0.027777777777777776,36,2.304096550991138,2.8911097906529903,2.968931570649147,0,72
candidate,20261147,3,3,35.0,1.0,1,0,0,0,0,0,0,0.07142857142857142,42,2.2145297289604233,2.682891022413969,2.8277523815631866,0,84
candidate,20261148,0,3,63.0,1.0,1,1,0,0,0,0,0,0.0,35,2.3785434663295746,3.078826889395714,3.262920305132866,0,69
candidate,20261148,1,3,-8.0,2.5,0,0,0,0,0,0,0,0.02702702702702703,37,2.263781086013124,2.8301633894443508,3.0134785920381546,0,74
candidate,20261148,2,3,-8.0,2.5,0,0,0,0,0,0,0,0.05405405405405406,37,2.302705536823015,2.86659263074398,4.490716382861137,0,74
candidate,20261148,3,3,-18.0,4.0,0,0,1,10,0,0,0,0.02702702702702703,37,2.2365589802329606,2.6909198611974716,2.6958324015140533,0,74
candidate,20261149,0,1,-16.0,3.0,0,0,0,0,0,0,0,0.0,42,2.520195785022917,3.0378601513803005,4.056720063090324,0,85
candidate,20261149,1,1,-16.0,3.0,0,0,0,0,0,0,0,0.0,42,2.3714657429428327,2.8323578648269176,4.13321889936924,0,85
candidate,20261149,2,1,48.0,1.0,1,1,0,0,0,0,0,0.0,43,2.3031985430523405,3.0129851773381233,3.0430052429437637,0,85
candidate,20261149,3,1,-16.0,3.0,0,0,0,0,0,0,0,0.0,42,2.3432067994560515,3.156297747045755,3.4591108560562134,0,85
candidate,20261150,0,1,33.0,1.0,1,0,0,0,0,0,0,0.05714285714285714,35,2.4307356349059512,2.9649883508682247,5.382480099797249,0,70
candidate,20261150,1,1,-8.0,2.5,0,0,0,0,0,0,0,0.05714285714285714,35,2.2756171013627733,2.824852801859379,2.9377099126577377,0,70
candidate,20261150,2,1,-17.0,4.0,0,0,1,9,0,0,0,0.0,35,2.2923206644398824,2.9132166877388954,2.9923543334007263,0,70
candidate,20261150,3,1,-8.0,2.5,0,0,0,0,0,0,0,0.02857142857142857,35,2.2856374936444417,2.7971968054771423,4.092799499630928,0,70
candidate,20261151,0,1,32.0,1.0,1,0,0,0,0,0,0,0.043478260869565216,23,2.3106046668861224,2.784186601638794,2.8606727719306946,0,46
candidate,20261151,1,1,-8.0,2.5,0,0,0,0,0,0,0,0.043478260869565216,23,2.3118321500394656,2.8867457062005997,2.925928682088852,0,46
candidate,20261151,2,1,-16.0,4.0,0,0,1,8,0,0,0,0.0,23,2.2755619948324948,2.806263230741024,2.8107725083827972,0,46
candidate,20261151,3,1,-8.0,2.5,0,0,0,0,0,0,0,0.0,38,2.271493896842003,2.821560576558113,2.846674993634224,0,76
candidate,20261152,0,2,-8.0,2.5,0,0,0,0,0,0,0,0.017543859649122806,57,2.318115480113448,2.8358176350593567,2.902671694755554,0,114
candidate,20261152,1,2,32.0,1.0,1,0,0,0,0,0,0,0.02631578947368421,76,2.2199847735464573,2.5729001499712467,2.6780162006616592,0,152
candidate,20261152,2,2,34.0,1.0,1,0,0,0,0,0,0,0.08333333333333333,24,2.232134730244676,2.7803176082670684,2.9082782566547394,0,48
candidate,20261152,3,2,-17.0,4.0,0,0,1,9,0,0,0,0.03333333333333333,60,2.258360137542089,2.7330636978149414,2.805408090353012,0,120
candidate,20261153,0,2,-8.0,2.5,0,0,0,0,0,0,0,0.0,39,2.407189219807967,3.107219561934471,3.202328458428383,0,78
candidate,20261153,1,2,-8.0,2.5,0,0,0,0,0,0,0,0.0,39,2.345961781266408,3.0690621584653854,3.092695027589798,0,78
candidate,20261153,2,2,-19.0,4.0,0,0,1,11,0,0,0,0.0,39,2.258294715713232,2.767976187169552,2.8052031993865967,0,78
candidate,20261153,3,2,39.0,1.0,1,0,0,0,0,0,0,0.024390243902439025,41,2.328285765720577,3.1104516237974167,3.205426037311554,0,82
candidate,20261154,0,1,-17.0,3.0,0,0,0,0,0,0,0,0.06451612903225806,31,2.2607224602853098,2.5611454620957375,2.784188836812973,0,63
candidate,20261154,1,1,-21.0,3.0,0,0,0,0,0,0,0,0.015873015873015872,63,2.294280847150182,2.8251999989151955,2.858683466911316,0,127
candidate,20261154,2,1,-17.0,3.0,0,0,0,0,0,0,0,0.03225806451612903,31,2.2323283577157604,2.687566913664341,2.7132146060466766,0,63
candidate,20261154,3,1,51.0,1.0,1,1,0,0,0,0,0,0.0,32,2.32306111138314,3.212776966392994,3.355424851179123,0,63
candidate,20261155,0,0,-8.0,2.5,0,0,0,0,0,0,0,0.027777777777777776,36,2.3226096915702024,2.8440537862479687,2.856871113181114,0,72
candidate,20261155,1,0,-20.0,3.0,0,0,0,0,0,0,0,0.027777777777777776,36,2.2629589463273683,2.7415365912020206,2.7487818151712418,0,73
candidate,20261155,2,0,60.0,1.0,1,1,0,0,0,0,0,0.05405405405405406,37,2.2398495694270006,2.8171423822641373,2.865491434931755,0,73
candidate,20261155,3,0,-20.0,3.0,0,0,0,0,0,0,0,0.0,36,2.327242297016912,3.1172330491244793,3.2748207449913025,0,73
candidate,20261156,0,1,46.0,1.0,1,0,0,0,0,0,0,0.058823529411764705,34,2.2498563698985996,2.5770089589059353,2.84498929977417,0,68
candidate,20261156,1,1,-8.0,2.5,0,0,0,0,0,0,0,0.027777777777777776,36,2.286166728784641,2.833117265254259,2.8937216848134995,0,72
candidate,20261156,2,1,35.0,1.0,1,0,0,0,0,0,0,0.02631578947368421,38,2.2462443693688043,2.796941250562668,2.8511453419923782,0,76
candidate,20261156,3,1,-8.0,2.5,0,0,0,0,0,0,0,0.03125,32,2.2383149480447173,2.8103611432015896,2.888062968850136,0,64
candidate,20261157,0,0,54.0,1.0,1,1,0,0,0,0,0,0.05714285714285714,35,2.3186436721256802,2.909376472234726,2.9113516211509705,0,69
candidate,20261157,1,0,-18.0,3.0,0,0,0,0,0,0,0,0.0,34,2.38610475378878,3.2828636467456818,3.324272111058235,0,69
candidate,20261157,2,0,-18.0,3.0,0,0,0,0,0,0,0,0.0,34,2.3568432558985317,3.075068350881338,3.3554937690496445,0,69
candidate,20261157,3,0,-18.0,3.0,0,0,0,0,0,0,0,0.0,34,2.3215913268573143,3.1275883316993713,3.2539386302232742,0,69
candidate,20261158,0,2,-8.0,2.5,0,0,0,0,0,0,0,0.02631578947368421,38,2.2874109348968457,2.739262208342552,2.763485535979271,0,76
candidate,20261158,1,2,52.0,1.0,1,0,0,0,0,0,0,0.0,63,2.2993276398333293,2.8816061094403267,2.9147472232580185,0,126
candidate,20261158,2,2,-20.0,4.0,0,0,1,12,0,0,0,0.05263157894736842,38,2.215779631545669,2.7591881342232227,2.818722277879715,0,76
candidate,20261158,3,2,-21.0,4.0,0,0,1,13,0,0,0,0.0,29,2.309021315184133,2.9762234538793564,2.9897410422563553,0,58
candidate,20261159,0,0,-8.0,2.5,0,0,0,0,0,0,0,0.06521739130434782,46,2.2465772926807404,2.63007078319788,2.8198380023241043,0,92
candidate,20261159,1,0,-8.0,2.5,0,0,0,0,0,0,0,0.08823529411764706,34,2.234106226002469,2.6549140922725196,2.967316657304764,0,68
candidate,20261159,2,0,46.0,1.0,1,0,0,0,0,0,0,0.058823529411764705,34,2.230036510702442,2.7526875026524067,2.848951146006584,0,68
candidate,20261159,3,0,-22.0,4.0,0,0,1,14,0,0,0,0.045454545454545456,22,2.2376216101375492,2.580415550619364,3.05064395070076,0,44
candidate,20261160,0,1,-8.0,2.5,0,0,0,0,0,0,0,0.0,27,2.3215839432345495,2.8309352695941925,2.8444435447454453,0,54
candidate,20261160,1,1,-8.0,2.5,0,0,0,0,0,0,0,0.07407407407407407,27,2.3876442401497453,2.8113678097724915,5.671197548508644,0,54
candidate,20261160,2,1,-18.0,4.0,0,0,1,10,0,0,0,0.0,27,2.2924233365941933,2.8421567752957344,2.894928678870201,0,54
candidate,20261160,3,1,33.0,1.0,1,0,0,0,0,0,0,0.037037037037037035,27,2.4191651631284645,3.531036525964737,3.687916323542595,0,54
candidate,20261161,0,1,-17.0,3.0,0,0,0,0,0,0,0,0.015384615384615385,65,2.650532441643568,3.9420753717422485,5.819261074066162,0,132
candidate,20261161,1,1,-17.0,3.0,0,0,0,0,0,0,0,0.0,65,2.414457843853877,3.1209666281938553,4.253620281815529,0,131
candidate,20261161,2,1,51.0,1.0,1,1,0,0,0,0,0,0.030303030303030304,66,2.2526557529062936,2.751437947154045,3.2337456941604614,0,132
candidate,20261161,3,1,-17.0,3.0,0,0,0,0,0,0,0,0.046153846153846156,65,2.2268031938717914,2.5737982243299484,3.7599708884954453,0,132
candidate,20261162,0,1,-16.0,3.0,0,0,0,0,0,0,0,0.0,10,2.3273907601833344,2.7755319140851498,2.8181765228509903,0,21
candidate,20261162,1,1,-16.0,3.0,0,0,0,0,0,0,0,0.1,10,2.2811975330114365,2.7168013155460358,2.7249082922935486,0,21
candidate,20261162,2,1,48.0,1.0,1,1,0,0,0,0,0,0.0,11,2.2286527197469366,2.891496755182743,2.950461581349373,0,21
candidate,20261162,3,1,-16.0,3.0,0,0,0,0,0,0,0,0.0,10,2.2157907485961914,2.7714956551790237,2.7788616716861725,0,21
candidate,20261163,0,2,-8.0,2.5,0,0,0,0,0,0,0,0.06382978723404255,47,2.264912814853039,2.5912508368492126,2.854635939002037,0,94
candidate,20261163,1,2,32.0,1.0,1,0,0,0,0,0,0,0.037037037037037035,81,2.2348324871725507,2.6554539799690247,2.9450207948684692,0,162
candidate,20261163,2,2,-8.0,2.5,0,0,0,0,0,0,0,0.0,55,2.293759686025706,2.8938135132193565,4.00930643081665,0,110
candidate,20261163,3,2,40.0,1.0,1,0,0,0,0,0,0,0.05660377358490566,53,2.2004964005834653,2.7274586260318756,2.791730687022209,0,106
candidate,20261164,0,0,-16.0,3.0,0,0,0,0,0,0,0,0.0,33,2.3389169099656018,2.8320468962192535,2.8627850115299225,0,67
candidate,20261164,1,0,48.0,1.0,1,1,0,0,0,0,0,0.0,34,2.4572892443222156,3.2688898034393787,3.578508272767067,0,67
candidate,20261164,2,0,-20.0,3.0,0,0,0,0,0,0,0,0.0,33,2.2712724114006217,2.787124738097191,2.845248207449913,0,67
candidate,20261164,3,0,-16.0,3.0,0,0,0,0,0,0,0,0.0,33,2.3329047429742236,3.0260540544986725,3.5632047802209854,0,67
candidate,20261165,0,0,75.0,1.0,1,1,0,0,0,0,0,0.03278688524590164,61,2.337996832659987,2.9385294765233994,3.313697874546051,0,121
candidate,20261165,1,0,-25.0,3.0,0,0,0,0,0,0,0,0.05,60,2.2285391887029014,2.711950708180666,2.7561653405427933,0,121
candidate,20261165,2,0,-25.0,3.0,0,0,0,0,0,0,0,0.016666666666666666,60,2.2896061030526957,2.7597525157034397,3.395991399884224,0,121
candidate,20261165,3,0,-25.0,3.0,0,0,0,0,0,0,0,0.016129032258064516,62,2.2756772175911935,2.770042512565851,2.893129363656044,0,125
candidate,20261166,0,1,-27.0,3.0,0,0,0,0,0,0,0,0.018867924528301886,53,2.3169977555297456,2.7854423969984055,2.85150483250618,0,107
candidate,20261166,1,1,-27.0,3.0,0,0,0,0,0,0,0,0.03773584905660377,53,2.3173182359281577,2.9600579291582108,3.0401181429624557,0,107
candidate,20261166,2,1,81.0,1.0,1,1,0,0,0,0,0,0.018518518518518517,54,2.2873954019612737,3.0064190737903114,3.165328875184059,0,107
candidate,20261166,3,1,-27.0,3.0,0,0,0,0,0,0,0,0.02,50,2.2263099998235703,2.7158329263329506,2.7548205107450485,0,101
candidate,20261167,0,2,-8.0,2.5,0,0,0,0,0,0,0,0.034482758620689655,29,2.3358452037490647,2.890828624367714,2.9114559292793274,0,58
candidate,20261167,1,2,32.0,1.0,1,0,0,0,0,0,0,0.0,29,2.383329166934408,3.1529027968645096,3.35773266851902,0,58
candidate,20261167,2,2,-16.0,4.0,0,0,1,8,0,0,0,0.0,29,2.3535678227399957,3.1087998300790787,3.1750965863466263,0,58
candidate,20261167,3,2,-8.0,2.5,0,0,0,0,0,0,0,0.0,29,2.284968657226398,2.9287900775671005,2.942856401205063,0,58
candidate,20261168,0,0,-21.0,3.0,0,0,0,0,0,0,0,0.18181818181818182,11,2.311654219573194,2.696446143090725,2.838829532265663,0,23
candidate,20261168,1,0,63.0,1.0,1,1,0,0,0,0,0,0.0,12,2.3868527884284654,3.1687035225331783,3.219716250896454,0,23
candidate,20261168,2,0,-21.0,3.0,0,0,0,0,0,0,0,0.09090909090909091,11,2.266876060854305,2.792147919535637,2.8414297848939896,0,23
candidate,20261168,3,0,-21.0,3.0,0,0,0,0,0,0,0,0.0,11,2.1545206281271847,2.459254115819931,2.7970727533102036,0,23
candidate,20261169,0,1,-8.0,2.5,0,0,0,0,0,0,0,0.038461538461538464,78,2.3129857742251496,2.792744804173708,2.8285086154937744,0,156
candidate,20261169,1,1,-16.0,4.0,0,0,1,8,0,0,0,0.0125,80,2.3052931064739823,2.863289788365364,2.9199663549661636,0,160
candidate,20261169,2,1,0.0,2.5,0,0,0,0,0,1,1,0.025,80,2.2157848346978426,2.732521388679743,2.857021987438202,0,160
candidate,20261169,3,1,0.0,2.5,0,0,0,0,0,1,0,0.0,79,2.2589491232286525,2.842966839671135,3.019118681550026,0,158
candidate,20261170,0,2,51.0,1.0,1,1,0,0,0,0,0,0.03278688524590164,61,2.31589673117536,2.7229301631450653,3.525523468852043,0,121
candidate,20261170,1,2,-17.0,3.0,0,0,0,0,0,0,0,0.0,60,2.374958091725906,3.0165153555572033,4.663916304707527,0,121
candidate,20261170,2,2,-17.0,3.0,0,0,0,0,0,0,0,0.0,60,2.4203785384694734,3.407192137092352,3.5121627151966095,0,121
candidate,20261170,3,2,-17.0,3.0,0,0,0,0,0,0,0,0.0,62,2.351742388019639,2.9906471259891982,4.159471020102501,0,125
candidate,20261171,0,3,-21.0,3.0,0,0,0,0,0,0,0,0.047619047619047616,21,2.2996894660450162,2.7453135699033737,2.817673608660698,0,43
candidate,20261171,1,3,-21.0,3.0,0,0,0,0,0,0,0,0.09523809523809523,21,2.25030178470271,2.6157889515161514,2.718048170208931,0,43
candidate,20261171,2,3,-21.0,3.0,0,0,0,0,0,0,0,0.047619047619047616,21,2.2402646108752204,2.821885049343109,2.835223451256752,0,43
candidate,20261171,3,3,36.0,1.0,1,0,0,0,0,0,0,0.05128205128205128,39,2.2128870089848838,2.664283663034439,2.900112420320511,0,78
candidate,20261172,0,1,-8.0,2.5,0,0,0,0,0,0,0,0.03333333333333333,30,2.302290561298529,2.750442735850811,2.7815811336040497,0,60
candidate,20261172,1,1,43.0,1.0,1,0,0,0,0,0,0,0.09523809523809523,21,2.2737091141087666,2.6794876903295517,2.91392020881176,0,42
candidate,20261172,2,1,-17.0,3.0,0,0,0,0,0,0,0,0.0,38,2.2977150388454137,2.9210309498012066,2.9695332050323486,0,77
candidate,20261172,3,1,-27.0,4.0,0,0,1,19,0,0,0,0.0,34,2.2674508611945545,2.83321812748909,2.898348495364189,0,68
candidate,20261173,0,3,34.0,1.0,1,0,0,0,0,0,0,0.0,49,2.5313931840414905,3.5834182053804393,4.1045211255550385,0,98
candidate,20261173,1,3,44.0,1.0,1,0,0,0,0,0,0,0.03076923076923077,65,2.3661948453921537,3.0702192336320877,3.287220373749733,0,130
candidate,20261173,2,3,-8.0,2.5,0,0,0,0,0,0,0,0.03389830508474576,59,2.2513000768120004,2.7908742427825928,2.807263284921646,0,119
candidate,20261173,3,3,-8.0,2.5,0,0,0,0,0,0,0,0.0,49,2.31843392307661,2.9229458421468735,3.6443229764699936,0,98
candidate,20261174,0,1,-8.0,2.5,0,0,0,0,0,0,0,0.0,32,2.331067924387753,2.805443201214075,2.857757732272148,0,64
candidate,20261174,1,1,40.0,1.0,1,0,0,0,0,0,0,0.1,30,2.228541982670625,2.6876293122768398,2.844531089067459,0,60
candidate,20261174,2,1,-32.0,4.0,0,0,1,24,0,0,0,0.0,23,2.2722187087587686,2.7995869517326355,2.8072725981473923,0,46
candidate,20261174,3,1,-8.0,2.5,0,0,0,0,0,0,0,0.0,35,2.2470792489392415,2.7908386662602425,2.8164125978946686,0,70
candidate,20261175,0,3,-17.0,4.0,0,0,1,9,0,0,0,0.061224489795918366,49,2.3149558323986676,2.811739966273308,2.8299763798713684,0,98
candidate,20261175,1,3,117.0,1.0,1,1,0,0,0,0,0,0.01639344262295082,61,2.388351428948465,3.5130977630615234,4.183607175946236,0,121
candidate,20261175,2,3,-39.0,3.0,0,0,0,0,0,0,0,0.03333333333333333,60,2.2316456151505313,2.700207009911537,2.821192145347595,0,121
candidate,20261175,3,3,-8.0,2.5,0,0,0,0,0,0,0,0.0,83,2.3895717528929192,3.394067659974098,3.860877826809883,0,166
candidate,20261176,0,2,32.0,1.0,1,0,0,0,0,0,0,0.04,25,2.376335933804512,2.9994793236255646,3.019643947482109,0,50
candidate,20261176,1,2,-16.0,4.0,0,0,1,8,0,0,0,0.0,25,2.3389797657728195,2.9825963079929347,3.0959974974393845,0,50
candidate,20261176,2,2,99.0,1.0,1,1,0,0,0,0,0,0.0,47,2.253122310689155,2.8167812153697014,2.8444714844226837,0,93
candidate,20261176,3,2,-8.0,2.5,0,0,0,0,0,0,0,0.04,25,2.271752506494522,3.0048251152038574,3.0649472028017044,0,50
candidate,20261177,0,1,-22.0,4.0,0,0,1,14,0,0,0,0.0,17,2.327231580720228,2.7670998126268387,2.774665132164955,0,34
candidate,20261177,1,1,-8.0,2.5,0,0,0,0,0,0,0,0.047619047619047616,21,2.216306825478872,2.5640446692705154,2.5846287608146667,0,42
candidate,20261177,2,1,-8.0,2.5,0,0,0,0,0,0,0,0.047619047619047616,21,2.2229689749933423,2.694239839911461,2.694295719265938,0,42
candidate,20261177,3,1,0.0,2.5,0,0,0,0,0,1,0,0.0,89,2.2921482456868953,2.9810760170221324,3.0165519565343857,0,178
candidate,20261178,0,1,-8.0,2.5,0,0,0,0,0,0,0,0.0,39,2.3192735627675667,2.7984153479337692,2.834336832165718,0,78
candidate,20261178,1,1,35.0,1.0,1,0,0,0,0,0,0,0.02564102564102564,39,2.2896163356609835,2.819707989692688,3.0277371406555176,0,78
candidate,20261178,2,1,-8.0,2.5,0,0,0,0,0,0,0,0.0,39,2.3015750906406303,2.9957719147205353,3.2253041863441467,0,78
candidate,20261178,3,1,-19.0,4.0,0,0,1,11,0,0,0,0.02564102564102564,39,2.2410134283395915,2.743319235742092,2.7524568140506744,0,78
candidate,20261179,0,0,-8.0,2.5,0,0,0,0,0,0,0,0.015384615384615385,65,2.6558741067464533,4.025857895612717,4.575552418828011,0,130
candidate,20261179,1,0,33.0,1.0,1,0,0,0,0,0,0,0.016129032258064516,62,2.293132545967256,2.709177229553461,3.8294903934001923,0,124
candidate,20261179,2,0,-17.0,4.0,0,0,1,9,0,0,0,0.0,62,2.687569106778791,4.332304093986749,4.979144781827927,0,124
candidate,20261179,3,0,-8.0,2.5,0,0,0,0,0,0,0,0.03508771929824561,57,2.3506794843757364,3.145868703722954,3.6765113472938538,0,114
candidate,20261180,0,2,90.0,1.0,1,0,0,0,0,0,0,0.030303030303030304,66,2.272815133134524,2.63085775077343,2.841668203473091,0,132
candidate,20261180,1,2,32.0,1.0,1,0,0,0,0,0,0,0.06666666666666667,30,2.2628886625170708,2.650043834000826,2.784552052617073,0,60
candidate,20261180,2,2,-16.0,4.0,0,0,1,8,0,0,0,0.0,30,2.4131823951999345,3.28089352697134,3.340456634759903,0,60
candidate,20261180,3,2,-8.0,2.5,0,0,0,0,0,0,0,0.0,65,2.4167399280346356,3.2803986221551895,4.242733120918274,0,130
candidate,20261181,0,0,-8.0,2.5,0,0,0,0,0,0,0,0.0,47,2.310226928997547,2.8057631105184555,2.827666699886322,0,94
candidate,20261181,1,0,-8.0,2.5,0,0,0,0,0,0,0,0.0,47,2.402632754850895,3.4153454005718227,3.7607718259096146,0,94
candidate,20261181,2,0,39.0,1.0,1,0,0,0,0,0,0,0.06382978723404255,47,2.2405716095198978,2.6519788429141045,3.0192919075489044,0,94
candidate,20261181,3,0,-8.0,2.5,0,0,0,0,0,0,0,0.0,45,2.3533975498543844,2.8393469750881195,5.277978256344795,0,90
candidate,20261182,0,3,-16.0,3.0,0,0,0,0,0,0,0,0.047619047619047616,21,2.3211879389626637,2.749865874648094,2.871822565793991,0,43
candidate,20261182,1,3,48.0,1.0,1,1,0,0,0,0,0,0.0,22,2.338842488825321,3.142688237130642,3.176270052790642,0,43
candidate,20261182,2,3,-16.0,3.0,0,0,0,0,0,0,0,0.09523809523809523,21,2.442493059095882,2.8511155396699905,5.394240841269493,0,43
candidate,20261182,3,3,-19.0,3.0,0,0,0,0,0,0,0,0.041666666666666664,24,2.258879210179051,2.810462564229965,2.8439275920391083,0,49
candidate,20261183,0,1,-8.0,2.5,0,0,0,0,0,0,0,0.0,30,2.435659865538279,2.909288741648197,5.482926964759827,0,60
candidate,20261183,1,1,90.0,1.0,1,1,0,0,0,0,0,0.025,40,2.3686896543949842,3.2993015833199024,3.4260768443346024,0,79
candidate,20261183,2,1,-8.0,2.5,0,0,0,0,0,0,0,0.029411764705882353,34,2.3475857451558113,2.7950490824878216,5.776083096861839,0,68
candidate,20261183,3,1,-27.0,4.0,0,0,1,19,0,0,0,0.0,30,2.31005580474933,2.929843682795763,2.9473677277565002,0,60
candidate,20261184,0,1,-8.0,2.5,0,0,0,0,0,0,0,0.05555555555555555,36,2.2710997921725116,2.6420806534588337,2.8219707310199738,0,72
candidate,20261184,1,1,-18.0,3.0,0,0,0,0,0,0,0,0.07894736842105263,38,2.357286548143939,2.9048627242445946,5.617557093501091,0,77
candidate,20261184,2,1,32.0,1.0,1,0,0,0,0,0,0,0.02564102564102564,39,2.251153907332665,2.749028615653515,3.071388229727745,0,78
candidate,20261184,3,1,-19.0,4.0,0,0,1,11,0,0,0,0.0,36,2.3686434659692974,2.9041189700365067,4.83839213848114,0,72
candidate,20261185,0,1,-8.0,2.5,0,0,0,0,0,0,0,0.03773584905660377,53,2.340896265967837,2.6406217366456985,5.591502413153648,0,106
candidate,20261185,1,1,-19.0,4.0,0,0,1,11,0,0,0,0.05405405405405406,37,2.2839302247440494,2.769562602043152,2.831168472766876,0,74
candidate,20261185,2,1,-8.0,2.5,0,0,0,0,0,0,0,0.022727272727272728,44,2.29445125230334,2.9639135114848614,3.8101859390735626,0,88
candidate,20261185,3,1,-8.0,2.5,0,0,0,0,0,0,0,0.043478260869565216,69,2.2924334026765134,2.8092186897993088,6.740769371390343,0,138
candidate,20261186,0,3,34.0,1.0,1,0,0,0,0,0,0,0.04878048780487805,41,2.2888064566181927,2.6535764336586,2.865023910999298,0,82
candidate,20261186,1,3,-8.0,2.5,0,0,0,0,0,0,0,0.05128205128205128,39,2.4104918329379497,3.114870749413968,6.542446091771126,0,78
candidate,20261186,2,3,-17.0,4.0,0,0,1,9,0,0,0,0.07692307692307693,39,2.2998167536197562,2.7452098205685616,4.879387095570564,0,78
candidate,20261186,3,3,-8.0,2.5,0,0,0,0,0,0,0,0.0,39,2.2383364729392223,2.7811324223876,2.8454363346099854,0,78
candidate,20261187,0,3,-17.0,3.0,0,0,0,0,0,0,0,0.0,57,2.4680851778963158,3.0702285468578334,6.928391754627228,0,115
candidate,20261187,1,3,-18.0,4.0,0,0,1,10,0,0,0,0.018518518518518517,54,2.4161901738908558,3.0854190699756145,5.250990390777588,0,108
candidate,20261187,2,3,37.0,1.0,1,0,0,0,0,0,0,0.0,44,2.3064436814324423,2.9927347786724567,3.1067561358213425,0,88
candidate,20261187,3,3,-17.0,3.0,0,0,0,0,0,0,0,0.017543859649122806,57,2.268106725655104,2.8249334543943405,2.9029250144958496,0,115
candidate,20261188,0,1,-17.0,4.0,0,0,1,9,0,0,0,0.0,35,2.4194274629865373,2.76537649333477,4.071960225701332,0,70
candidate,20261188,1,1,32.0,1.0,1,0,0,0,0,0,0,0.02564102564102564,39,2.449110962259464,3.2269861549139027,4.644382745027542,0,78
candidate,20261188,2,1,-16.0,4.0,0,0,1,8,0,0,0,0.05128205128205128,39,2.262932702134817,2.655031904578209,3.0887071043252945,0,78
candidate,20261188,3,1,-8.0,2.5,0,0,0,0,0,0,0,0.05405405405405406,37,2.2130445451349825,2.715672552585602,2.734348177909851,0,74
candidate,20261189,0,3,-8.0,2.5,0,0,0,0,0,0,0,0.015384615384615385,65,2.3711931820099172,2.761896699666977,5.035053938627243,0,130
candidate,20261189,1,3,-17.0,4.0,0,0,1,9,0,0,0,0.03773584905660377,53,2.364600182704206,2.89592444896698,6.155500188469887,0,106
candidate,20261189,2,3,33.0,1.0,1,0,0,0,0,0,0,0.018867924528301886,53,2.282575510863988,2.9407184571027756,3.0380282551050186,0,106
candidate,20261189,3,3,-8.0,2.5,0,0,0,0,0,0,0,0.028985507246376812,69,2.303972597355428,2.8770431876182556,4.68442402780056,0,138
candidate,20261190,0,1,-8.0,2.5,0,0,0,0,0,0,0,0.0,57,2.392003541452843,3.0571792274713516,4.998786374926567,0,114
candidate,20261190,1,1,37.0,1.0,1,0,0,0,0,0,0,0.06818181818181818,44,2.2401925684376196,2.7760102413594727,2.880888059735298,0,88
candidate,20261190,2,1,-24.0,3.0,0,0,0,0,0,0,0,0.0,58,2.449616982505239,3.3804244361817837,3.8808099925518036,0,117
candidate,20261190,3,1,-20.0,3.0,0,0,0,0,0,0,0,0.028985507246376812,69,2.294416957791301,2.8139397501945496,5.379838868975639,0,139
candidate,20261191,0,0,-17.0,3.0,0,0,0,0,0,0,0,0.0,51,2.4189005295435586,3.269183449447155,3.4355279058218002,0,103
candidate,20261191,1,0,-20.0,3.0,0,0,0,0,0,0,0,0.057692307692307696,52,2.2869761316822124,2.6394654065370555,6.248019635677338,0,105
candidate,20261191,2,0,-18.0,4.0,0,0,1,10,0,0,0,0.043478260869565216,46,2.273355651160945,2.587471157312393,4.553467035293579,0,92
candidate,20261191,3,0,60.0,1.0,1,1,0,0,0,0,0,0.0,55,2.3766639557751743,3.1370768323540688,4.521101713180542,0,109
candidate,20261192,0,2,-8.0,2.5,0,0,0,0,0,0,0,0.0,62,2.442822911806645,3.2490037381649013,4.469562321901321,0,124
candidate,20261192,1,2,36.0,1.0,1,0,0,0,0,0,0,0.0,43,2.634206916703734,3.574218600988388,4.550119861960411,0,86
candidate,20261192,2,2,-8.0,2.5,0,0,0,0,0,0,0,0.0,54,2.347385062387696,3.0488523654639716,3.285469487309456,0,108
candidate,20261192,3,2,-8.0,2.5,0,0,0,0,0,0,0,0.0,54,2.3492402224629014,3.179469238966703,3.3728834241628647,0,108
candidate,20261193,0,1,-21.0,3.0,0,0,0,0,0,0,0,0.044444444444444446,45,2.353496766752667,3.0112627893686295,3.462841734290123,0,91
candidate,20261193,1,1,63.0,1.0,1,1,0,0,0,0,0,0.021739130434782608,46,2.3354299204505007,2.840746659785509,5.430469289422035,0,91
candidate,20261193,2,1,-21.0,3.0,0,0,0,0,0,0,0,0.06666666666666667,45,2.1739872379435434,2.479943633079529,2.6252511888742447,0,91
candidate,20261193,3,1,-21.0,3.0,0,0,0,0,0,0,0,0.022222222222222223,45,2.350543439388275,2.6695985347032547,6.008123978972435,0,91
candidate,20261194,0,0,-8.0,2.5,0,0,0,0,0,0,0,0.0,60,2.3946326846877732,2.8251170180737972,5.216725170612335,0,120
candidate,20261194,1,0,-8.0,2.5,0,0,0,0,0,0,0,0.0,60,2.3209524961809316,2.9185794293880463,2.976600080728531,0,120
candidate,20261194,2,0,0.0,2.5,0,0,0,0,0,1,0,0.0,80,2.3043047171086073,2.8624529018998146,4.523931071162224,0,161
candidate,20261194,3,0,-21.0,4.0,0,0,1,13,0,0,0,0.0,64,2.3228033969644457,3.003775794059038,3.2892506569623947,0,128
candidate,20261195,0,0,36.0,1.0,1,0,0,0,0,0,0,0.047619047619047616,42,2.347798796281928,2.8361517004668713,3.3889692276716232,0,84
candidate,20261195,1,0,35.0,1.0,1,0,0,0,0,0,0,0.046511627906976744,43,2.3009116479823755,2.879083715379238,3.999399021267891,0,86
candidate,20261195,2,0,-8.0,2.5,0,0,0,0,0,0,0,0.0,42,2.3906794598414782,3.1520589254796496,4.920989274978638,0,84
candidate,20261195,3,0,-8.0,2.5,0,0,0,0,0,0,0,0.023809523809523808,42,2.2764731464641437,2.97601455822587,3.0655227601528168,0,84
candidate,20261196,0,1,-29.0,4.0,0,0,1,21,0,0,0,0.03125,32,2.427817787975073,3.144816495478153,4.672586917877197,0,64
candidate,20261196,1,1,49.0,1.0,1,0,0,0,0,0,0,0.0,39,2.3659742317902737,3.0678438022732735,3.0762571841478348,0,78
candidate,20261196,2,1,0.0,2.5,0,0,0,0,0,1,1,0.0,85,2.423180639743805,2.91232131421566,7.310459390282631,0,170
candidate,20261196,3,1,0.0,2.5,0,0,0,0,0,1,1,0.011764705882352941,85,2.444262955995167,3.7113938480615616,4.670446738600731,0,170
candidate,20261197,0,1,-8.0,2.5,0,0,0,0,0,0,0,0.02564102564102564,39,2.441605791831628,3.153405338525772,3.482416272163391,0,78
candidate,20261197,1,1,-18.0,3.0,0,0,0,0,0,0,0,0.0,34,2.318526618182659,2.8716114349663258,2.9972027987241745,0,69
candidate,20261197,2,1,35.0,1.0,1,0,0,0,0,0,0,0.02564102564102564,39,2.280503559188965,2.9734494164586067,3.1172148883342743,0,78
candidate,20261197,3,1,-8.0,2.5,0,0,0,0,0,0,0,0.10256410256410256,39,2.2117310705093236,2.737233228981495,2.805270254611969,0,78
candidate,20261198,0,0,32.0,1.0,1,0,0,0,0,0,0,0.03278688524590164,61,2.2620244837198102,2.578817307949066,3.0465833842754364,0,122
candidate,20261198,1,0,-16.0,4.0,0,0,1,8,0,0,0,0.017543859649122806,57,2.324068036518599,2.7786292135715485,4.693157970905304,0,114
candidate,20261198,2,0,-8.0,2.5,0,0,0,0,0,0,0,0.0,61,2.295033456604989,2.9018204659223557,2.9700808227062225,0,122
candidate,20261198,3,0,-8.0,2.5,0,0,0,0,0,0,0,0.0,34,2.2377696107415592,2.791205607354641,2.815771847963333,0,68
candidate,20261199,0,1,32.0,1.0,1,0,0,0,0,0,0,0.024390243902439025,41,2.297943049087757,2.6959870010614395,2.88291834294796,0,82
candidate,20261199,1,1,-8.0,2.5,0,0,0,0,0,0,0,0.023809523809523808,42,2.3471384442278316,2.840952854603529,4.574200138449669,0,84
candidate,20261199,2,1,36.0,1.0,1,0,0,0,0,0,0,0.06060606060606061,33,2.217116963231202,2.610613778233528,3.500102087855339,0,66
candidate,20261199,3,1,-16.0,4.0,0,0,1,8,0,0,0,0.04878048780487805,41,2.2462037187523958,2.636425197124481,3.544531762599945,0,82
candidate,20261200,0,0,-8.0,2.5,0,0,0,0,0,0,0,0.023809523809523808,42,2.5396098249724934,3.118698112666607,5.7633016258478165,0,84
candidate,20261200,1,0,39.0,1.0,1,0,0,0,0,0,0,0.07142857142857142,42,2.251416134337584,2.7490830048918724,2.7897153049707413,0,84
candidate,20261200,2,0,-8.0,2.5,0,0,0,0,0,0,0,0.0,42,2.342670535047849,3.1088423915207386,3.1557567417621613,0,84
candidate,20261200,3,0,105.0,1.0,1,1,0,0,0,0,0,0.0,67,2.4310405185418342,3.17789688706398,5.133120343089104,0,133
candidate,20261201,0,3,-8.0,2.5,0,0,0,0,0,0,0,0.01694915254237288,59,2.2898723323971537,2.652517706155777,2.843208611011505,0,118
candidate,20261201,1,3,-8.0,2.5,0,0,0,0,0,0,0,0.012195121951219513,82,2.3510634626557185,2.9436605982482433,6.198015064001083,0,164
candidate,20261201,2,3,-19.0,4.0,0,0,1,11,0,0,0,0.02564102564102564,78,2.326295114098451,2.809368725866079,6.357066333293915,0,156
candidate,20261201,3,3,0.0,2.5,0,0,0,0,0,1,1,0.022727272727272728,88,2.237844556062059,2.6498794555664062,4.243860021233559,0,176
candidate,20261202,0,2,-16.0,3.0,0,0,0,0,0,0,0,0.0,48,2.385231937902669,2.859282772988081,3.510063514113426,0,97
candidate,20261202,1,2,-21.0,3.0,0,0,0,0,0,0,0,0.02040816326530612,49,2.3454574830069834,3.098658844828605,3.4546423703432083,0,99
candidate,20261202,2,2,-8.0,2.5,0,0,0,0,0,0,0,0.016666666666666666,60,2.3318379186093807,2.8509164229035378,7.164983078837395,0,120
candidate,20261202,3,2,-8.0,2.5,0,0,0,0,0,0,0,0.017543859649122806,57,2.230455379998475,2.6795484125614166,2.799844369292259,0,114
candidate,20261203,0,3,-20.0,4.0,0,0,1,12,0,0,0,0.0,36,2.416528192245298,3.010284621268511,3.985585644841194,0,72
candidate,20261203,1,3,-22.0,3.0,0,0,0,0,0,0,0,0.016129032258064516,62,2.414117417027873,2.933503594249487,5.795000120997429,0,125
candidate,20261203,2,3,36.0,1.0,1,0,0,0,0,0,0,0.0,36,2.350301533523533,3.1668306328356266,3.374852240085602,0,72
candidate,20261203,3,3,-8.0,2.5,0,0,0,0,0,0,0,0.0,40,2.3950202390551567,3.1932691112160674,3.49489226937294,0,80
candidate,20261204,0,2,-21.0,3.0,0,0,0,0,0,0,0,0.0,46,2.3502908728044964,2.841843292117119,2.897839993238449,0,93
candidate,20261204,1,2,-21.0,3.0,0,0,0,0,0,0,0,0.0,46,2.3367456767870034,2.8955969028174877,3.1048189848661423,0,93
candidate,20261204,2,2,63.0,1.0,1,1,0,0,0,0,0,0.0,47,2.3382719051330647,2.7982646599411964,7.085207849740982,0,93
candidate,20261204,3,2,-21.0,3.0,0,0,0,0,0,0,0,0.0,46,2.4118000722449757,3.0994354747235775,6.362752988934517,0,93
candidate,20261205,0,1,84.0,1.0,1,1,0,0,0,0,0,0.05970149253731343,67,2.290124963246175,2.7062887325882907,2.809746190905571,0,134
candidate,20261205,1,1,-21.0,4.0,0,0,1,13,0,0,0,0.0,52,2.376241609454155,3.0886749736964703,3.224283456802368,0,104
candidate,20261205,2,1,-18.0,3.0,0,0,0,0,0,0,0,0.046875,64,2.225686446763575,2.6449731551110744,2.776680514216423,0,129
candidate,20261205,3,1,-28.0,3.0,0,0,0,0,0,0,0,0.0,65,2.4592468658318887,3.251434490084648,4.884295165538788,0,131
