model,wall_seed,seat,prevalent_wind,score,rank,win,self_draw,deal_in,deal_in_fan,big_deal_in,draw,draw_tenpai,call_rate,decisions,mean_decision_ms,p95_decision_ms,max_decision_ms,invalid_or_timeout,steps
candidate,20260706,0,3,35.0,1.0,1,0,0,0,0,0,0,0.075,40,10.916260164231062,3.1865050084888877,343.38897839188576,0,80
candidate,20260706,1,3,-17.0,4.0,0,0,1,9,0,0,0,0.09090909090909091,33,2.318689938295971,2.8508875519037247,2.8827525675296783,0,66
candidate,20260706,2,3,-19.0,4.0,0,0,1,11,0,0,0,0.0,36,2.4376109035478697,3.2861223444342613,3.5514365881681442,0,72
candidate,20260706,3,3,-8.0,2.5,0,0,0,0,0,0,0,0.0,40,2.240652497857809,2.8289316222071648,2.8376225382089615,0,80
candidate,20260707,0,1,-8.0,2.5,0,0,0,0,0,0,0,0.019230769230769232,52,2.344312038845741,2.805438730865717,2.895902842283249,0,104
candidate,20260707,1,1,-29.0,4.0,0,0,1,21,0,0,0,0.04477611940298507,67,2.361243646313895,2.954745665192604,3.1116586178541183,0,134
candidate,20260707,2,1,-8.0,2.5,0,0,0,0,0,0,0,0.014925373134328358,67,2.2994775547465283,2.788253128528595,2.8501804918050766,0,134
candidate,20260707,3,1,45.0,1.0,1,0,0,0,0,0,0,0.014925373134328358,67,2.4525621322108737,3.422444127500057,5.338307470083237,0,134
candidate,20260708,0,0,102.0,1.0,1,1,0,0,0,0,0,0.0,45,2.415378764271736,3.019961714744568,3.1664352864027023,0,89
candidate,20260708,1,0,-34.0,3.0,0,0,0,0,0,0,0,0.045454545454545456,44,2.274562477726828,2.687008399516344,2.8211958706378937,0,89
candidate,20260708,2,0,-34.0,3.0,0,0,0,0,0,0,0,0.045454545454545456,44,2.230962823060426,2.5852184742689133,2.61889211833477,0,89
candidate,20260708,3,0,-34.0,3.0,0,0,0,0,0,0,0,0.022727272727272728,44,2.2667462683536788,2.757177222520113,2.8383769094944,0,89
candidate,20260709,0,1,-8.0,2.5,0,0,0,0,0,0,0,0.0,28,2.3237492090889384,2.7970748022198677,2.8184987604618073,0,56
candidate,20260709,1,1,-19.0,4.0,0,0,1,11,0,0,0,0.0,26,2.312634426813859,2.787380013614893,2.8391368687152863,0,52
candidate,20260709,2,1,-8.0,2.5,0,0,0,0,0,0,0,0.022727272727272728,44,2.3185063407502393,2.830182481557131,2.840319648385048,0,88
candidate,20260709,3,1,35.0,1.0,1,0,0,0,0,0,0,0.03571428571428571,28,2.3046694030719146,3.054269682615995,3.1715426594018936,0,56
candidate,20260710,0,2,-23.0,3.0,0,0,0,0,0,0,0,0.0,29,2.4058648609909516,2.9061656445264816,2.9142703860998154,0,59
candidate,20260710,1,2,69.0,1.0,1,1,0,0,0,0,0,0.0,30,2.388297331829866,3.0782476067543025,3.3550281077623367,0,59
candidate,20260710,2,2,-23.0,3.0,0,0,0,0,0,0,0,0.034482758620689655,29,2.287822358053306,2.793731912970543,2.9385630041360855,0,59
candidate,20260710,3,2,-23.0,3.0,0,0,0,0,0,0,0,0.0,29,2.3785654198506783,3.0237894505262375,4.267899319529533,0,59
candidate,20260711,0,3,-24.0,3.0,0,0,0,0,0,0,0,0.0,74,2.4490722681622246,3.0622361227869987,3.173353150486946,0,149
candidate,20260711,1,3,57.0,1.0,1,1,0,0,0,0,0,0.02702702702702703,74,2.290056338785468,2.7319698594510555,3.007197752594948,0,147
candidate,20260711,2,3,-8.0,2.5,0,0,0,0,0,0,0,0.0,68,2.463708248208551,3.1878966838121414,5.017878487706184,0,136
candidate,20260711,3,3,-8.0,2.5,0,0,0,0,0,0,0,0.024390243902439025,41,2.3879233929442196,2.8447117656469345,6.670225411653519,0,82
candidate,20260712,0,1,-8.0,2.5,0,0,0,0,0,0,0,0.038461538461538464,52,2.3133940636538544,2.6971680112183094,2.8305556625127792,0,104
candidate,20260712,1,1,52.0,1.0,1,0,0,0,0,0,0,0.0,52,2.436886505725292,3.3407870680093765,3.3846069127321243,0,104
candidate,20260712,2,1,-28.0,3.0,0,0,0,0,0,0,0,0.0,60,2.3415865066150823,2.8828736394643784,4.783604294061661,0,121
candidate,20260712,3,1,84.0,1.0,1,1,0,0,0,0,0,0.06557377049180328,61,2.2123097518428425,2.560427412390709,2.778535708785057,0,121
candidate,20260713,0,0,48.0,1.0,1,0,0,0,0,0,0,0.0,56,2.3492686450481415,2.8495225124061108,2.969907596707344,0,112
candidate,20260713,1,0,-22.0,3.0,0,0,0,0,0,0,0,0.01694915254237288,59,2.307450935497122,2.7626663446426387,3.26676107943058,0,119
candidate,20260713,2,0,-18.0,3.0,0,0,0,0,0,0,0,0.03333333333333333,60,2.2625931228200593,2.676071505993604,3.319639712572098,0,121
candidate,20260713,3,0,33.0,1.0,1,0,0,0,0,0,0,0.04878048780487805,41,2.2534293735899578,2.6973169296979904,2.721646800637245,0,82
candidate,20260714,0,0,-8.0,2.5,0,0,0,0,0,0,0,0.02564102564102564,39,2.392151130315585,3.035487048327923,3.0832793563604355,0,78
candidate,20260714,1,0,-8.0,2.5,0,0,0,0,0,0,0,0.04878048780487805,41,2.352994889384363,2.8131958097219467,4.547659307718277,0,82
candidate,20260714,2,0,-16.0,4.0,0,0,1,8,0,0,0,0.0,41,2.334463705376881,3.134721890091896,3.565952181816101,0,82
candidate,20260714,3,0,32.0,1.0,1,0,0,0,0,0,0,0.024390243902439025,41,2.3235964884118334,3.1427573412656784,3.206143155694008,0,82
candidate,20260715,0,1,108.0,1.0,1,1,0,0,0,0,0,0.03571428571428571,56,2.3007851892283986,2.7908594347536564,2.9196999967098236,0,111
candidate,20260715,1,1,33.0,1.0,1,0,0,0,0,0,0,0.0,62,2.4399702407179342,3.2432968728244305,3.510771319270134,0,124
candidate,20260715,2,1,-17.0,4.0,0,0,1,9,0,0,0,0.016129032258064516,62,2.3512073882645175,2.8790030628442764,5.080267786979675,0,124
candidate,20260715,3,1,35.0,1.0,1,0,0,0,0,0,0,0.01639344262295082,61,2.280383966252452,2.867328003048897,2.9121749103069305,0,122
candidate,20260716,0,1,-8.0,2.5,0,0,0,0,0,0,0,0.0,40,2.3690948262810707,2.9580040834844112,3.1263623386621475,0,80
candidate,20260716,1,1,42.0,1.0,1,0,0,0,0,0,0,0.037037037037037035,27,2.355667796951753,2.984495833516121,3.1289327889680862,0,54
candidate,20260716,2,1,-26.0,4.0,0,0,1,18,0,0,0,0.07407407407407407,27,2.25737615040055,2.6544880121946335,2.795131877064705,0,54
candidate,20260716,3,1,-8.0,2.5,0,0,0,0,0,0,0,0.0,27,2.2934161264587334,2.8873469680547714,2.9236264526844025,0,54
candidate,20260717,0,3,-24.0,4.0,0,0,1,16,0,0,0,0.0,49,2.4677535557017034,2.9152579605579376,7.241968065500259,0,98
candidate,20260717,1,3,40.0,1.0,1,0,0,0,0,0,0,0.0,49,2.3604004206706066,3.160892054438591,3.256808966398239,0,98
candidate,20260717,2,3,35.0,1.0,1,0,0,0,0,0,0,0.030303030303030304,66,2.324918567231207,2.9683150351047516,3.7315338850021362,0,132
candidate,20260717,3,3,-8.0,2.5,0,0,0,0,0,0,0,0.0,49,2.3214538790741743,2.8842784464359283,2.9441285878419876,0,98
candidate,20260718,0,2,-8.0,2.5,0,0,0,0,0,0,0,0.016129032258064516,62,2.333984109422853,2.8048289939761157,2.8719045221805573,0,124
candidate,20260718,1,2,-17.0,4.0,0,0,1,9,0,0,0,0.03225806451612903,62,2.282402508201138,2.7696845121681686,2.838246524333954,0,124
candidate,20260718,2,2,-8.0,2.5,0,0,0,0,0,0,0,0.016129032258064516,62,2.287278943244488,2.8667311184108257,2.933250740170479,0,124
candidate,20260718,3,2,-36.0,3.0,0,0,0,0,0,0,0,0.01282051282051282,78,2.3101876513698163,2.8949039988219725,3.7246905267238617,0,157
candidate,20260719,0,0,32.0,1.0,1,0,0,0,0,0,0,0.012987012987012988,77,2.3335075223600708,2.8106190264225006,2.903975546360016,0,154
candidate,20260719,1,0,-8.0,2.5,0,0,0,0,0,0,0,0.0,74,2.359419305985038,2.9327580705285072,5.532264709472656,0,148
candidate,20260719,2,0,-16.0,4.0,0,0,1,8,0,0,0,0.03896103896103896,77,2.277635449132362,2.6383530348539352,4.601823166012764,0,154
candidate,20260719,3,0,-17.0,3.0,0,0,0,0,0,0,0,0.012345679012345678,81,2.3737517357976348,3.0794888734817505,6.042182445526123,0,163
candidate,20260720,0,2,-8.0,2.5,0,0,0,0,0,0,0,0.047619047619047616,63,2.3138595242348927,2.658165618777275,3.6680083721876144,0,126
candidate,20260720,1,2,35.0,1.0,1,0,0,0,0,0,0,0.0,66,2.4077587789206794,3.2553737983107567,3.637753427028656,0,132
candidate,20260720,2,2,33.0,1.0,1,0,0,0,0,0,0,0.031746031746031744,63,2.297936923920162,2.858777716755867,3.7876591086387634,0,126
candidate,20260720,3,2,-18.0,4.0,0,0,1,10,0,0,0,0.015625,64,2.275518956594169,2.748932410031557,2.993481233716011,0,128
candidate,20260721,0,1,-8.0,2.5,0,0,0,0,0,0,0,0.041666666666666664,24,2.343700577815374,2.864317409694195,2.908242866396904,0,48
candidate,20260721,1,1,-8.0,2.5,0,0,0,0,0,0,0,0.0,20,2.2580143064260483,2.8254040516912937,2.8508231043815613,0,40
candidate,20260721,2,1,34.0,1.0,1,0,0,0,0,0,0,0.08333333333333333,24,2.267255292584499,2.807210572063923,2.8769075870513916,0,48
candidate,20260721,3,1,-18.0,4.0,0,0,1,10,0,0,0,0.0,24,2.316852410634359,2.8206899762153625,2.920156344771385,0,48
candidate,20260722,0,3,34.0,1.0,1,0,0,0,0,0,0,0.05084745762711865,59,2.299671740097515,2.6414966210722923,2.918517217040062,0,118
candidate,20260722,1,3,-18.0,4.0,0,0,1,10,0,0,0,0.03389830508474576,59,2.291022121148594,2.723536640405655,3.044823184609413,0,118
candidate,20260722,2,3,-8.0,2.5,0,0,0,0,0,0,0,0.03389830508474576,59,2.2333527962535116,2.684386819601059,2.690238878130913,0,118
candidate,20260722,3,3,-8.0,2.5,0,0,0,0,0,0,0,0.01694915254237288,59,2.2600654007519707,2.761085517704487,2.8749704360961914,0,118
candidate,20260723,0,0,-18.0,3.0,0,0,0,0,0,0,0,0.02702702702702703,37,2.368874696863664,2.945930138230324,3.008754923939705,0,75
candidate,20260723,1,0,36.0,1.0,1,0,0,0,0,0,0,0.0,39,2.308137380541899,2.844836562871933,2.871250733733177,0,78
candidate,20260723,2,0,48.0,1.0,1,1,0,0,0,0,0,0.06666666666666667,30,2.341669239103794,3.164160903543234,3.2056383788585663,0,59
candidate,20260723,3,0,-8.0,2.5,0,0,0,0,0,0,0,0.02564102564102564,39,2.270262831678757,2.753410674631596,3.0922312289476395,0,78
candidate,20260724,0,2,-34.0,3.0,0,0,0,0,0,0,0,0.014925373134328358,67,2.403283046919908,3.1153185293078423,3.2125916332006454,0,135
candidate,20260724,1,2,-17.0,4.0,0,0,1,9,0,0,0,0.046153846153846156,65,2.319475750510509,2.8138376772403717,2.979785203933716,0,130
candidate,20260724,2,2,-33.0,4.0,0,0,1,25,0,0,0,0.0,59,2.365303557302992,3.1499844044446945,3.2249372452497482,0,118
candidate,20260724,3,2,49.0,1.0,1,0,0,0,0,0,0,0.0,67,2.3203653964533735,2.9876427724957466,3.1138602644205093,0,134
candidate,20260725,0,2,35.0,1.0,1,0,0,0,0,0,0,0.0,61,2.4644384679735682,3.2576359808444977,3.3798646181821823,0,122
candidate,20260725,1,2,-17.0,3.0,0,0,0,0,0,0,0,0.047619047619047616,42,2.2891835708703314,2.7514201588928695,2.834200859069824,0,85
candidate,20260725,2,2,-8.0,2.5,0,0,0,0,0,0,0,0.0,27,2.3042872134182186,2.8245702385902405,2.8303060680627823,0,54
candidate,20260725,3,2,34.0,1.0,1,0,0,0,0,0,0,0.02564102564102564,78,2.3660377766459417,3.2756821252405643,3.7079155445098877,0,157
candidate,20260726,0,1,-19.0,4.0,0,0,1,11,0,0,0,0.0,68,2.3464225780437973,2.825168613344431,2.920115366578102,0,136
candidate,20260726,1,1,-8.0,2.5,0,0,0,0,0,0,0,0.014925373134328358,67,2.3283618154810437,2.8702534735202785,4.9297995865345,0,134
candidate,20260726,2,1,-8.0,2.5,0,0,0,0,0,0,0,0.015151515151515152,66,2.401679613147721,3.2047638669610023,4.1729118674993515,0,132
candidate,20260726,3,1,35.0,1.0,1,0,0,0,0,0,0,0.014705882352941176,68,2.362644628566854,3.050043061375618,4.610845819115639,0,136
candidate,20260727,0,1,-8.0,2.5,0,0,0,0,0,0,0,0.04878048780487805,41,2.3297293611416,2.659447491168976,3.2363831996917725,0,82
candidate,20260727,1,1,-8.0,2.5,0,0,0,0,0,0,0,0.0,41,2.4020849931530837,3.1167231500148773,3.2536182552576065,0,82
candidate,20260727,2,1,-17.0,4.0,0,0,1,9,0,0,0,0.0,41,2.3910147932971397,2.8820745646953583,5.549123510718346,0,82
candidate,20260727,3,1,33.0,1.0,1,0,0,0,0,0,0,0.07317073170731707,41,2.2230399545372985,2.5703515857458115,2.8269104659557343,0,82
candidate,20260728,0,1,-16.0,3.0,0,0,0,0,0,0,0,0.04878048780487805,41,2.3112225278121667,2.7632415294647217,3.0118320137262344,0,83
candidate,20260728,1,1,-8.0,2.5,0,0,0,0,0,0,0,0.0,52,2.36378198202986,2.8899023309350014,5.061089992523193,0,104
candidate,20260728,2,1,-16.0,3.0,0,0,0,0,0,0,0,0.024390243902439025,41,2.271617104004069,2.780802547931671,2.8251037001609802,0,83
candidate,20260728,3,1,60.0,1.0,1,1,0,0,0,0,0,0.0,44,2.3123537698252634,3.2319052144885063,3.2857656478881836,0,87
candidate,20260729,0,3,-19.0,4.0,0,0,1,11,0,0,0,0.0,65,2.4491613587507834,3.096047416329384,4.542795941233635,0,130
candidate,20260729,1,3,34.0,1.0,1,0,0,0,0,0,0,0.0,68,2.379315083517748,3.1447519548237324,3.226911649107933,0,136
candidate,20260729,2,3,-8.0,2.5,0,0,0,0,0,0,0,0.014705882352941176,68,2.311836215941345,2.885157987475395,2.9960647225379944,0,136
candidate,20260729,3,3,0.0,2.5,0,0,0,0,0,1,1,0.011764705882352941,85,2.2792698925032333,2.792920544743538,2.893839031457901,0,170
candidate,20260730,0,1,-17.0,4.0,0,0,1,9,0,0,0,0.047058823529411764,85,2.3189737078021553,2.6709716767072678,3.8110055029392242,0,170
candidate,20260730,1,1,-8.0,2.5,0,0,0,0,0,0,0,0.03225806451612903,31,2.309176830514785,2.929423004388809,2.9663685709238052,0,62
candidate,20260730,2,1,-8.0,2.5,0,0,0,0,0,0,0,0.03225806451612903,31,2.2872457461011027,2.810141071677208,2.8343237936496735,0,62
candidate,20260730,3,1,33.0,1.0,1,0,0,0,0,0,0,0.03225806451612903,31,2.287904761971966,2.917625941336155,2.989891916513443,0,62
candidate,20260731,0,2,51.0,1.0,1,1,0,0,0,0,0,0.01818181818181818,55,2.349473874677311,2.9300754889845844,3.008279949426651,0,109
candidate,20260731,1,2,-8.0,2.5,0,0,0,0,0,0,0,0.0,51,2.4755430206948636,3.411204554140568,3.810187801718712,0,102
candidate,20260731,2,2,-17.0,3.0,0,0,0,0,0,0,0,0.018518518518518517,54,2.348855620733014,3.1031412072479725,3.136618062853813,0,109
candidate,20260731,3,2,-8.0,2.5,0,0,0,0,0,0,0,0.022222222222222223,45,2.261771551436848,2.7336038649082184,2.830691635608673,0,90
candidate,20260732,0,1,38.0,1.0,1,0,0,0,0,0,0,0.07142857142857142,28,2.3274414374360015,2.873918879777193,2.904849126935005,0,56
candidate,20260732,1,1,-8.0,2.5,0,0,0,0,0,0,0,0.02,50,2.278064861893654,2.711048070341348,2.7834512293338776,0,100
candidate,20260732,2,1,-8.0,2.5,0,0,0,0,0,0,0,0.0,28,2.2928344884089062,2.8813952580094337,2.9220115393400192,0,56
candidate,20260732,3,1,-17.0,4.0,0,0,1,9,0,0,0,0.0,28,2.379927252020155,2.9866605065762997,3.9161797612905502,0,56
candidate,20260733,0,1,-21.0,3.0,0,0,0,0,0,0,0,0.03076923076923077,65,2.318754018499301,2.815740182995796,2.863788977265358,0,131
candidate,20260733,1,1,-8.0,2.5,0,0,0,0,0,0,0,0.030303030303030304,66,2.2720388334357375,2.6967483572661877,2.8174370527267456,0,132
candidate,20260733,2,1,63.0,1.0,1,1,0,0,0,0,0,0.015151515151515152,66,2.283292766096014,2.816248219460249,3.130560740828514,0,131
candidate,20260733,3,1,-21.0,3.0,0,0,0,0,0,0,0,0.0,65,2.329253921141991,2.9644671827554703,3.4243054687976837,0,131
candidate,20260734,0,0,-18.0,3.0,0,0,0,0,0,0,0,0.02666666666666667,75,2.3061208923657737,2.695823647081852,2.8176531195640564,0,151
candidate,20260734,1,0,-17.0,4.0,0,0,1,9,0,0,0,0.0,32,2.337419311515987,2.954106032848358,3.04272398352623,0,64
candidate,20260734,2,0,38.0,1.0,1,0,0,0,0,0,0,0.0,68,2.305609886260594,2.9529253020882607,3.065912052989006,0,136
candidate,20260734,3,0,54.0,1.0,1,1,0,0,0,0,0,0.013888888888888888,72,2.373179162128104,2.933406736701727,6.003744900226593,0,143
candidate,20260735,0,3,-8.0,2.5,0,0,0,0,0,0,0,0.02127659574468085,47,2.3632557626734387,2.7737921103835106,4.897912964224815,0,94
candidate,20260735,1,3,36.0,1.0,1,0,0,0,0,0,0,0.0,52,2.4238664728517714,3.195164166390896,5.12310117483139,0,104
candidate,20260735,2,3,-8.0,2.5,0,0,0,0,0,0,0,0.0196078431372549,51,2.3346704010869943,2.9946761205792427,3.0461326241493225,0,102
candidate,20260735,3,3,-21.0,4.0,0,0,1,13,0,0,0,0.0392156862745098,51,2.249609459848965,2.78437789529562,2.937713637948036,0,102
candidate,20260736,0,0,-28.0,4.0,0,0,1,20,0,0,0,0.08571428571428572,35,2.296230729137148,2.605600468814373,2.8195511549711227,0,70
candidate,20260736,1,0,-8.0,2.5,0,0,0,0,0,0,0,0.02857142857142857,35,2.272365987300873,2.7032939717173576,2.735372632741928,0,70
candidate,20260736,2,0,-8.0,2.5,0,0,0,0,0,0,0,0.0,19,2.2509626455997167,2.824588865041733,2.833835780620575,0,38
candidate,20260736,3,0,43.0,1.0,1,0,0,0,0,0,0,0.10526315789473684,19,2.4945777105657676,3.276143968105306,7.60314054787159,0,38
candidate,20260737,0,0,-24.0,3.0,0,0,0,0,0,0,0,0.029411764705882353,34,2.4095539222745335,2.81749814748764,5.076015368103981,0,69
candidate,20260737,1,0,-24.0,3.0,0,0,0,0,0,0,0,0.0,34,2.341989318237585,2.925428654998541,3.075413405895233,0,69
candidate,20260737,2,0,34.0,1.0,1,0,0,0,0,0,0,0.0,34,2.4099004838396523,3.2143110409379,3.5352297127246857,0,68
candidate,20260737,3,0,-24.0,3.0,0,0,0,0,0,0,0,0.058823529411764705,34,2.2550046115237126,2.805480267852545,3.32752987742424,0,69
candidate,20260738,0,0,75.0,1.0,1,1,0,0,0,0,0,0.0,64,2.3604802263434976,2.8590895235538483,2.902202308177948,0,129
candidate,20260738,1,0,-17.0,4.0,0,0,1,9,0,0,0,0.044444444444444446,45,2.3203489267163806,2.8359301388263702,2.874216064810753,0,90
candidate,20260738,2,0,-8.0,2.5,0,0,0,0,0,0,0,0.0,41,2.432745222638293,3.3747684210538864,3.6452729254961014,0,84
candidate,20260738,3,0,-8.0,2.5,0,0,0,0,0,0,0,0.07142857142857142,42,2.245868733596234,2.617278043180704,2.637159079313278,0,84
candidate,20260739,0,0,-26.0,3.0,0,0,0,0,0,0,0,0.0,36,2.570644434955385,3.7791323848068714,4.29416261613369,0,73
candidate,20260739,1,0,-26.0,3.0,0,0,0,0,0,0,0,0.027777777777777776,36,2.322716638445854,2.8381431475281715,3.171181306242943,0,73
candidate,20260739,2,0,-26.0,3.0,0,0,0,0,0,0,0,0.0,36,2.354167143089904,3.0841990374028683,3.1864717602729797,0,73
candidate,20260739,3,0,78.0,1.0,1,1,0,0,0,0,0,0.08108108108108109,37,2.2407049262845837,2.715294435620307,3.0082855373620987,0,73
candidate,20260740,0,1,-8.0,2.5,0,0,0,0,0,0,0,0.0,38,2.4949225940202413,3.394713345915079,3.911467269062996,0,76
candidate,20260740,1,1,-19.0,4.0,0,0,1,11,0,0,0,0.0,38,2.3315206268116047,2.9964787885546684,3.173304721713066,0,76
candidate,20260740,2,1,-33.0,4.0,0,0,1,25,0,0,0,0.06,50,2.29649156332016,2.586640417575836,4.775395616889,0,100
candidate,20260740,3,1,-20.0,4.0,0,0,1,12,0,0,0,0.0,28,2.295385713555983,2.8388733975589275,2.8513148427009583,0,56
candidate,20260741,0,1,-8.0,2.5,0,0,0,0,0,0,0,0.022727272727272728,44,2.3203690705651585,2.79880128800869,2.8822440654039383,0,88
candidate,20260741,1,1,-8.0,2.5,0,0,0,0,0,0,0,0.045454545454545456,44,2.332089976830916,2.7723939158022404,4.0930770337581635,0,88
candidate,20260741,2,1,-19.0,4.0,0,0,1,11,0,0,0,0.0,45,2.3423980507585735,2.9483795166015625,3.1832922250032425,0,90
candidate,20260741,3,1,35.0,1.0,1,0,0,0,0,0,0,0.045454545454545456,44,2.26890371943062,2.8944097459316254,2.962324768304825,0,88
candidate,20260742,0,1,32.0,1.0,1,0,0,0,0,0,0,0.017857142857142856,56,2.3513412369149074,2.885728143155575,3.291407600045204,0,112
candidate,20260742,1,1,-23.0,4.0,0,0,1,15,0,0,0,0.027777777777777776,72,2.3672345301343336,3.1158518046140675,3.22035513818264,0,144
candidate,20260742,2,1,-8.0,2.5,0,0,0,0,0,0,0,0.0,44,2.328775569119237,2.9153446666896343,3.801858052611351,0,88
candidate,20260742,3,1,-8.0,2.5,0,0,0,0,0,0,0,0.046875,64,2.265270770294592,2.6787866838276386,3.7030763924121857,0,128
candidate,20260743,0,3,-8.0,2.5,0,0,0,0,0,0,0,0.0,22,2.3715253072706135,2.869322896003723,2.9185041785240173,0,44
candidate,20260743,1,3,-8.0,2.5,0,0,0,0,0,0,0,0.0,47,2.458010899259689,2.982655167579651,6.334561854600906,0,94
candidate,20260743,2,3,0.0,2.5,0,0,0,0,0,1,0,0.011494252873563218,87,2.2877979723886512,2.7940163388848305,2.887444570660591,0,174
candidate,20260743,3,3,0.0,2.5,0,0,0,0,0,1,0,0.0,84,2.3535993837174916,3.0431117862462997,3.229985013604164,0,168
candidate,20260744,0,3,-16.0,3.0,0,0,0,0,0,0,0,0.020833333333333332,48,2.3964936456953487,2.8222382068634033,4.5112669467926025,0,97
candidate,20260744,1,3,-18.0,3.0,0,0,0,0,0,0,0,0.0,47,2.307810444147029,2.7985934168100357,2.8118789196014404,0,95
candidate,20260744,2,3,-18.0,3.0,0,0,0,0,0,0,0,0.0,49,2.391703426837921,3.229018300771713,3.377532586455345,0,99
candidate,20260744,3,3,-16.0,3.0,0,0,0,0,0,0,0,0.020833333333333332,48,2.346875495277345,3.0738020315766335,3.8504041731357574,0,97
candidate,20260745,0,3,57.0,1.0,1,1,0,0,0,0,0,0.03125,64,2.3739526513963938,2.8399177826941013,4.772918298840523,0,127
candidate,20260745,1,3,-19.0,3.0,0,0,0,0,0,0,0,0.047619047619047616,63,2.259521966888791,2.8017690405249596,2.8937142342329025,0,127
candidate,20260745,2,3,-8.0,2.5,0,0,0,0,0,0,0,0.046511627906976744,43,2.2484558352897333,2.677310071885586,2.7174167335033417,0,86
candidate,20260745,3,3,-19.0,3.0,0,0,0,0,0,0,0,0.015873015873015872,63,2.32608737571845,2.8271136805415154,5.737001076340675,0,127
candidate,20260746,0,1,-8.0,2.5,0,0,0,0,0,0,0,0.0,26,2.3825430096342015,2.9142284765839577,2.948235720396042,0,52
candidate,20260746,1,1,-8.0,2.5,0,0,0,0,0,0,0,0.07692307692307693,26,2.3094619122835307,2.824480179697275,2.899620682001114,0,52
candidate,20260746,2,1,43.0,1.0,1,0,0,0,0,0,0,0.07692307692307693,26,2.231823137173286,2.6604030281305313,2.843538299202919,0,52
candidate,20260746,3,1,-27.0,4.0,0,0,1,19,0,0,0,0.03333333333333333,30,2.350757581492265,3.1100130639970303,3.220958635210991,0,60
candidate,20260747,0,3,-8.0,2.5,0,0,0,0,0,0,0,0.015384615384615385,65,2.4143634220728507,3.0838154256343837,4.523921757936478,0,130
candidate,20260747,1,3,0.0,2.5,0,0,0,0,0,1,0,0.0,84,2.3283441329286214,2.936322335153818,3.024499863386154,0,168
candidate,20260747,2,3,-20.0,4.0,0,0,1,12,0,0,0,0.0,65,2.4128743089162388,3.5355031490325906,6.015678867697716,0,130
candidate,20260747,3,3,-20.0,4.0,0,0,1,12,0,0,0,0.03225806451612903,62,2.238870027565187,2.6486551389098167,2.7436111122369766,0,124
candidate,20260748,0,2,48.0,1.0,1,1,0,0,0,0,0,0.06557377049180328,61,2.334836290263739,2.9321443289518356,3.0243434011936188,0,121
candidate,20260748,1,2,0.0,2.5,0,0,0,0,0,1,1,0.0,83,2.4985047393893622,3.188159503042697,4.63574193418026,0,167
candidate,20260748,2,2,0.0,2.5,0,0,0,0,0,1,1,0.011904761904761904,84,2.3881334013172557,3.306267876178026,3.3620428293943405,0,167
candidate,20260748,3,2,-17.0,4.0,0,0,1,9,0,0,0,0.0,60,2.3653199896216393,2.8524081222712994,5.138291046023369,0,121
candidate,20260749,0,3,32.0,1.0,1,0,0,0,0,0,0,0.01818181818181818,55,2.4472794749520044,3.4068290144205093,3.4655071794986725,0,110
candidate,20260749,1,3,-24.0,4.0,0,0,1,16,0,0,0,0.0,26,2.318106018579923,2.8238878585398197,2.8264597058296204,0,52
candidate,20260749,2,3,-8.0,2.5,0,0,0,0,0,0,0,0.0,34,2.2805974654415073,2.8163494542241096,2.8595980256795883,0,68
candidate,20260749,3,3,-8.0,2.5,0,0,0,0,0,0,0,0.038461538461538464,26,2.236667017524059,2.7019698172807693,2.7810707688331604,0,52
candidate,20260750,0,3,32.0,1.0,1,0,0,0,0,0,0,0.014705882352941176,68,2.4250347495955578,3.1336012296378613,5.280826240777969,0,137
candidate,20260750,1,3,32.0,1.0,1,0,0,0,0,0,0,0.029411764705882353,34,2.321709002203801,2.959896717220545,3.4198611974716187,0,68
candidate,20260750,2,3,-8.0,2.5,0,0,0,0,0,0,0,0.058823529411764705,34,2.224605968769859,2.6148993521928787,2.653464674949646,0,68
candidate,20260750,3,3,-8.0,2.5,0,0,0,0,0,0,0,0.058823529411764705,34,2.3340800338808227,2.675913739949465,5.240684375166893,0,68
candidate,20260751,0,0,0.0,2.5,0,0,0,0,0,1,1,0.03488372093023256,86,2.3409806755046514,2.79301218688488,4.441641271114349,0,172
candidate,20260751,1,0,-22.0,3.0,0,0,0,0,0,0,0,0.03225806451612903,62,2.257524719161372,2.582666277885437,2.8270911425352097,0,125
candidate,20260751,2,0,-8.0,2.5,0,0,0,0,0,0,0,0.0,38,2.291646295864331,2.8133731335401535,2.845572307705879,0,76
candidate,20260751,3,0,-8.0,2.5,0,0,0,0,0,0,0,0.023255813953488372,43,2.2591361559407654,2.7638571336865425,2.868644893169403,0,86
candidate,20260752,0,2,-8.0,2.5,0,0,0,0,0,0,0,0.02,50,2.501286417245865,3.250413015484809,5.1267072558403015,0,100
candidate,20260752,1,2,-8.0,2.5,0,0,0,0,0,0,0,0.022222222222222223,45,2.404629894428783,3.0057601630687714,4.201995208859444,0,90
candidate,20260752,2,2,-32.0,3.0,0,0,0,0,0,0,0,0.0,58,2.3518489545275427,2.8655683621764183,4.911366850137711,0,117
candidate,20260752,3,2,102.0,1.0,1,1,0,0,0,0,0,0.0,55,2.427593957294117,3.4489635378122325,3.8309767842292786,0,109
candidate,20260753,0,0,-8.0,2.5,0,0,0,0,0,0,0,0.0,66,2.6665520430965857,3.977796994149685,4.956955090165138,0,132
candidate,20260753,1,0,-20.0,4.0,0,0,1,12,0,0,0,0.0,58,2.3328728716948937,2.8608230873942375,3.4175291657447815,0,116
candidate,20260753,2,0,48.0,1.0,1,0,0,0,0,0,0,0.0,66,2.3849124483989947,2.8610359877347946,6.08178973197937,0,132
candidate,20260753,3,0,-8.0,2.5,0,0,0,0,0,0,0,0.017241379310344827,58,2.272997886456292,2.8705540113151073,2.902574837207794,0,116
candidate,20260754,0,1,-8.0,2.5,0,0,0,0,0,0,0,0.0,52,2.647737900798137,3.8926487788558,6.292363628745079,0,104
candidate,20260754,1,1,-21.0,3.0,0,0,0,0,0,0,0,0.02040816326530612,49,2.302983851761234,2.868376672267913,3.0701830983161926,0,99
candidate,20260754,2,1,-41.0,3.0,0,0,0,0,0,0,0,0.01639344262295082,61,2.2869484468561705,2.769744023680687,3.352940082550049,0,123
candidate,20260754,3,1,37.0,1.0,1,0,0,0,0,0,0,0.019230769230769232,52,2.297578272051536,2.8443547897040844,2.895839512348175,0,104
candidate,20260755,0,3,-19.0,4.0,0,0,1,11,0,0,0,0.022222222222222223,45,2.340926519698567,2.8206203132867813,2.900106832385063,0,90
candidate,20260755,1,3,-17.0,3.0,0,0,0,0,0,0,0,0.02564102564102564,39,2.428830529634769,3.226196020841599,4.615260288119316,0,79
candidate,20260755,2,3,-8.0,2.5,0,0,0,0,0,0,0,0.0,45,2.2705025557014675,2.804604172706604,2.8434619307518005,0,90
candidate,20260755,3,3,-8.0,2.5,0,0,0,0,0,0,0,0.044444444444444446,45,2.324733013908068,3.1866025179624553,3.2452773302793503,0,90
candidate,20260756,0,1,-8.0,2.5,0,0,0,0,0,0,0,0.02857142857142857,35,2.2780559957027435,2.5851408019661903,2.8238445520401,0,70
candidate,20260756,1,1,-8.0,2.5,0,0,0,0,0,0,0,0.03773584905660377,53,2.333184879905773,2.7262307703495026,4.605371505022049,0,106
candidate,20260756,2,1,-8.0,2.5,0,0,0,0,0,0,0,0.0,53,2.416797087721105,3.1400952488183975,5.131935700774193,0,106
candidate,20260756,3,1,36.0,1.0,1,0,0,0,0,0,0,0.018867924528301886,53,2.309854546526693,2.95853428542614,3.1630750745534897,0,106
candidate,20260757,0,1,34.0,1.0,1,0,0,0,0,0,0,0.02702702702702703,37,2.341757503312987,2.797644585371017,2.898581326007843,0,74
candidate,20260757,1,1,-18.0,4.0,0,0,1,10,0,0,0,0.0,33,2.320031663685134,2.8732139617204666,2.878740429878235,0,66
candidate,20260757,2,1,-8.0,2.5,0,0,0,0,0,0,0,0.02702702702702703,37,2.2632261687839352,2.6591025292873383,3.061547875404358,0,74
candidate,20260757,3,1,-8.0,2.5,0,0,0,0,0,0,0,0.0,37,2.2653009541131355,2.8587032109498978,2.8644707053899765,0,74
candidate,20260758,0,0,-21.0,3.0,0,0,0,0,0,0,0,0.0,42,2.420452822531973,3.0729427002370358,3.3465679734945297,0,85
candidate,20260758,1,0,-21.0,3.0,0,0,0,0,0,0,0,0.0,42,2.380784423578353,3.194402437657118,3.517070785164833,0,85
candidate,20260758,2,0,-21.0,3.0,0,0,0,0,0,0,0,0.07142857142857142,42,2.252089037072091,2.693921513855457,2.797544002532959,0,85
candidate,20260758,3,0,63.0,1.0,1,1,0,0,0,0,0,0.0,43,2.366570106079412,3.2076478004455566,3.2376330345869064,0,85
candidate,20260759,0,3,-20.0,3.0,0,0,0,0,0,0,0,0.016129032258064516,62,2.334899779769682,2.8237355872988696,3.416888415813446,0,125
candidate,20260759,1,3,-18.0,3.0,0,0,0,0,0,0,0,0.03125,64,2.2459684405475855,2.604223322123289,2.6358459144830704,0,129
candidate,20260759,2,3,48.0,1.0,1,1,0,0,0,0,0,0.0,55,2.327211133458398,3.038277290761471,3.0823219567537308,0,109
candidate,20260759,3,3,-20.0,3.0,0,0,0,0,0,0,0,0.04838709677419355,62,2.3690292371376866,2.8282160870730877,6.540412083268166,0,125
candidate,20260760,0,2,-16.0,3.0,0,0,0,0,0,0,0,0.0,52,2.519856708554121,3.609480243176221,4.152689129114151,0,105
candidate,20260760,1,2,-16.0,3.0,0,0,0,0,0,0,0,0.037037037037037035,54,2.3062425424103385,2.7739036828279495,4.140239208936691,0,109
candidate,20260760,2,2,32.0,1.0,1,0,0,0,0,0,0,0.041666666666666664,48,2.258683671243489,2.755657024681568,2.7770791202783585,0,96
candidate,20260760,3,2,-16.0,3.0,0,0,0,0,0,0,0,0.0,52,2.290252309579116,2.8633050620555878,3.702159970998764,0,105
candidate,20260761,0,3,-22.0,4.0,0,0,1,14,0,0,0,0.09375,32,2.2842580801807344,2.5522522628307343,2.8465278446674347,0,64
candidate,20260761,1,3,-20.0,4.0,0,0,1,12,0,0,0,0.0,73,2.441303983126601,3.3015552908182144,3.5687722265720367,0,146
candidate,20260761,2,3,-8.0,2.5,0,0,0,0,0,0,0,0.0,68,2.4707585792331135,3.316133748739958,5.932651460170746,0,136
candidate,20260761,3,3,52.0,1.0,1,0,0,0,0,0,0,0.0,77,2.2968445457034297,2.887863665819168,2.9598399996757507,0,154
candidate,20260762,0,0,-8.0,2.5,0,0,0,0,0,0,0,0.0,59,2.5101389609656093,3.563622571527957,3.718491643667221,0,118
candidate,20260762,1,0,-8.0,2.5,0,0,0,0,0,0,0,0.024096385542168676,83,2.330182187528495,2.8858574107289314,4.015777260065079,0,166
candidate,20260762,2,0,-20.0,4.0,0,0,1,12,0,0,0,0.012658227848101266,79,2.31152039634276,2.8679925948381424,3.089163452386856,0,158
candidate,20260762,3,0,-17.0,4.0,0,0,1,9,0,0,0,0.02702702702702703,74,2.2725879743292525,2.7504593133926383,3.0003637075424194,0,148
candidate,20260763,0,1,-8.0,2.5,0,0,0,0,0,0,0,0.03225806451612903,31,2.3774240286119523,2.8155390173196793,4.202911630272865,0,62
candidate,20260763,1,1,-8.0,2.5,0,0,0,0,0,0,0,0.03225806451612903,31,2.2881334467280294,2.719240263104439,2.7596410363912582,0,62
candidate,20260763,2,1,-20.0,4.0,0,0,1,12,0,0,0,0.0,31,2.291172562587646,2.862335182726383,2.8950627893209457,0,62
candidate,20260763,3,1,35.0,1.0,1,0,0,0,0,0,0,0.04285714285714286,70,2.1829583549073766,2.4846543557941914,2.6826076209545135,0,140
candidate,20260764,0,1,0.0,2.5,0,0,0,0,0,1,1,0.02247191011235955,89,2.3241213031029435,2.8203748166561122,2.978511154651642,0,178
candidate,20260764,1,1,-8.0,2.5,0,0,0,0,0,0,0,0.025,80,2.309186104685068,2.6084754616022106,4.594679921865463,0,160
candidate,20260764,2,1,-17.0,4.0,0,0,1,9,0,0,0,0.025,80,2.298510796390474,2.887702267616987,3.2893195748329163,0,160
candidate,20260764,3,1,33.0,1.0,1,0,0,0,0,0,0,0.0,80,2.396744047291577,3.2984831370413303,4.3348148465156555,0,160
candidate,20260765,0,2,36.0,1.0,1,0,0,0,0,0,0,0.05,40,2.334405016154051,2.821903210133314,3.3744871616363525,0,80
candidate,20260765,1,2,-8.0,2.5,0,0,0,0,0,0,0,0.025,40,2.290160022675991,2.775635477155447,2.8882399201393127,0,80
candidate,20260765,2,2,57.0,1.0,1,1,0,0,0,0,0,0.09090909090909091,44,2.2242280061949384,2.7564821764826775,2.8446409851312637,0,87
candidate,20260765,3,2,35.0,1.0,1,0,0,0,0,0,0,0.023809523809523808,42,2.3612089100338163,3.40646831318736,3.5761483013629913,0,84
candidate,20260766,0,0,-39.0,3.0,0,0,0,0,0,0,0,0.0,35,2.3339372128248215,2.8118589892983437,2.8335116803646088,0,71
candidate,20260766,1,0,-16.0,3.0,0,0,0,0,0,0,0,0.029411764705882353,68,2.2599032860906685,2.641039341688156,2.9202494770288467,0,137
candidate,20260766,2,0,-16.0,3.0,0,0,0,0,0,0,0,0.04411764705882353,68,2.247462158693987,2.674240618944168,2.8818119317293167,0,137
candidate,20260766,3,0,32.0,1.0,1,0,0,0,0,0,0,0.017543859649122806,57,2.269360514586432,2.846047654747963,2.9059983789920807,0,114
candidate,20260767,0,3,-8.0,2.5,0,0,0,0,0,0,0,0.027777777777777776,36,2.306463145133522,2.7188463136553764,2.868887037038803,0,72
candidate,20260767,1,3,-17.0,3.0,0,0,0,0,0,0,0,0.043478260869565216,46,2.257723563715168,2.6518874801695347,2.7902908623218536,0,93
candidate,20260767,2,3,34.0,1.0,1,0,0,0,0,0,0,0.027777777777777776,36,2.297315332624647,2.9415087774395943,3.1873825937509537,0,72
candidate,20260767,3,3,-8.0,2.5,0,0,0,0,0,0,0,0.027777777777777776,36,2.256039478298691,2.863882575184107,2.946285530924797,0,72
candidate,20260768,0,3,-22.0,3.0,0,0,0,0,0,0,0,0.016666666666666666,60,2.324507012963295,2.7854817919433117,2.855053171515465,0,121
candidate,20260768,1,3,-18.0,3.0,0,0,0,0,0,0,0,0.03333333333333333,60,2.272295020520687,2.684029098600149,2.8517786413431168,0,121
candidate,20260768,2,3,54.0,1.0,1,1,0,0,0,0,0,0.03278688524590164,61,2.274987180946303,2.8945710510015488,3.106672316789627,0,121
candidate,20260768,3,3,-18.0,3.0,0,0,0,0,0,0,0,0.05,60,2.219919953495264,2.689661178737879,2.8654858469963074,0,121
candidate,20260769,0,2,-8.0,2.5,0,0,0,0,0,0,0,0.0,58,2.486251551529457,3.6620592698454852,4.135044291615486,0,117
candidate,20260769,1,2,-8.0,2.5,0,0,0,0,0,0,0,0.0392156862745098,51,2.2587560701603984,2.674744464457035,2.760009840130806,0,102
candidate,20260769,2,2,-8.0,2.5,0,0,0,0,0,0,0,0.016129032258064516,62,2.293073602261082,2.908073551952839,2.994069829583168,0,124
candidate,20260769,3,2,-32.0,3.0,0,0,0,0,0,0,0,0.038461538461538464,78,2.227508009244234,2.6542026549577695,2.979159355163574,0,157
candidate,20260770,0,2,32.0,1.0,1,0,0,0,0,0,0,0.016666666666666666,60,2.312130822489659,2.764797769486904,2.9139388352632523,0,120
candidate,20260770,1,2,-8.0,2.5,0,0,0,0,0,0,0,0.016666666666666666,60,2.3480107386906943,3.0351062305271626,3.116944804787636,0,120
candidate,20260770,2,2,-16.0,4.0,0,0,1,8,0,0,0,0.05,60,2.257152646780014,2.7523286640644073,3.5677868872880936,0,120
candidate,20260770,3,2,-8.0,2.5,0,0,0,0,0,0,0,0.03571428571428571,28,2.2639937565795014,2.7410916052758694,2.781786024570465,0,56
candidate,20260771,0,1,-20.0,3.0,0,0,0,0,0,0,0,0.03278688524590164,61,2.333436710912673,2.846822142601013,2.8715189546346664,0,123
candidate,20260771,1,1,60.0,1.0,1,1,0,0,0,0,0,0.0,62,2.412746179728739,3.3041223883628845,4.175705835223198,0,123
candidate,20260771,2,1,-20.0,3.0,0,0,0,0,0,0,0,0.06557377049180328,61,2.242289514082377,2.6830509305000305,2.976609393954277,0,123
candidate,20260771,3,1,-34.0,4.0,0,0,1,26,0,0,0,0.05263157894736842,38,2.3501362455518624,2.824518922716379,5.275949835777283,0,76
candidate,20260772,0,0,-19.0,4.0,0,0,1,11,0,0,0,0.0,25,2.445650100708008,2.87482887506485,4.170943051576614,0,50
candidate,20260772,1,0,-8.0,2.5,0,0,0,0,0,0,0,0.0,25,2.3351996392011642,2.900492399930954,2.921145409345627,0,50
candidate,20260772,2,0,34.0,1.0,1,0,0,0,0,0,0,0.02857142857142857,35,2.255590100373541,2.734539844095707,2.7512330561876297,0,70
candidate,20260772,3,0,35.0,1.0,1,0,0,0,0,0,0,0.04,25,2.4078766256570816,3.186474740505218,4.198715090751648,0,50
candidate,20260773,0,3,-18.0,4.0,0,0,1,10,0,0,0,0.023255813953488372,43,2.4684619071871734,3.2308157533407207,4.963666200637817,0,86
candidate,20260773,1,3,-19.0,3.0,0,0,0,0,0,0,0,0.018518518518518517,54,2.3032574810915523,2.720863837748766,3.882022574543953,0,109
candidate,20260773,2,3,-25.0,4.0,0,0,1,17,0,0,0,0.0,49,2.3509495492492403,3.265158087015152,3.5698693245649338,0,98
candidate,20260773,3,3,-8.0,2.5,0,0,0,0,0,0,0,0.028985507246376812,69,2.237958482642105,2.7210600674152365,2.8439443558454514,0,138
candidate,20260774,0,0,-19.0,3.0,0,0,0,0,0,0,0,0.0,41,2.4487766005643983,3.19882296025753,3.456695005297661,0,83
candidate,20260774,1,0,-19.0,3.0,0,0,0,0,0,0,0,0.0,41,2.3450759216779615,2.9978137463331223,3.003278747200966,0,83
candidate,20260774,2,0,-19.0,3.0,0,0,0,0,0,0,0,0.024390243902439025,41,2.3128371231439635,2.9769819229841232,3.0070319771766663,0,83
candidate,20260774,3,0,38.0,1.0,1,0,0,0,0,0,0,0.10526315789473684,38,2.1877081966713856,2.5500635616481304,2.5690272450447083,0,76
candidate,20260775,0,0,-18.0,4.0,0,0,1,10,0,0,0,0.04838709677419355,62,2.2740241500639145,2.5725130923092365,2.858024090528488,0,125
candidate,20260775,1,0,-16.0,4.0,0,0,1,8,0,0,0,0.06451612903225806,31,2.2869057232333767,2.7852021157741547,2.808529883623123,0,62
candidate,20260775,2,0,34.0,1.0,1,0,0,0,0,0,0,0.023809523809523808,42,2.2372455291804814,2.6903963647782803,2.7216915041208267,0,84
candidate,20260775,3,0,-8.0,2.5,0,0,0,0,0,0,0,0.04838709677419355,62,2.2115291006142095,2.5753057561814785,2.7816947549581528,0,125
candidate,20260776,0,2,-17.0,3.0,0,0,0,0,0,0,0,0.0,40,2.396349748596549,3.0007262714207172,3.6460459232330322,0,81
candidate,20260776,1,2,-17.0,3.0,0,0,0,0,0,0,0,0.05,40,2.2612040862441063,2.7442806400358677,2.761688083410263,0,81
candidate,20260776,2,2,-17.0,3.0,0,0,0,0,0,0,0,0.025,40,2.3185585159808397,2.914718631654978,3.024870529770851,0,81
candidate,20260776,3,2,-8.0,2.5,0,0,0,0,0,0,0,0.0,78,2.3654838307545734,3.2731853425502777,3.407297655940056,0,157
candidate,20260777,0,0,-23.0,3.0,0,0,0,0,0,0,0,0.029411764705882353,68,2.3714869885760197,2.905004657804966,2.9843002557754517,0,137
candidate,20260777,1,0,72.0,1.0,1,1,0,0,0,0,0,0.0,71,2.5142826874491195,3.672550432384014,3.7971101701259613,0,141
candidate,20260777,2,0,52.0,1.0,1,0,0,0,0,0,0,0.02702702702702703,74,2.259864194973095,2.7114644646644583,2.978568896651268,0,148
candidate,20260777,3,0,33.0,1.0,1,0,0,0,0,0,0,0.0,55,2.348785000768575,3.123100660741329,3.22592630982399,0,110
candidate,20260778,0,2,50.0,1.0,1,0,0,0,0,0,0,0.08571428571428572,35,2.284947782754898,2.729689888656139,2.8399210423231125,0,70
candidate,20260778,1,2,0.0,2.5,0,0,0,0,0,1,0,0.011494252873563218,87,2.312476928720529,2.8346560895442963,2.942090854048729,0,175
candidate,20260778,2,2,-20.0,3.0,0,0,0,0,0,0,0,0.0,55,2.4038211527195843,3.2314006239175797,3.521956503391266,0,111
candidate,20260778,3,2,-8.0,2.5,0,0,0,0,0,0,0,0.0,55,2.3866609754887493,3.199256956577301,4.446560516953468,0,110
candidate,20260779,0,2,44.0,1.0,1,0,0,0,0,0,0,0.04,50,2.353159449994564,2.8491346165537834,2.902258187532425,0,100
candidate,20260779,1,2,36.0,1.0,1,0,0,0,0,0,0,0.0,52,2.429921932231921,3.513525705784559,3.6357082426548004,0,104
candidate,20260779,2,2,-30.0,4.0,0,0,1,22,0,0,0,0.03389830508474576,59,2.284139205338591,2.8071751818060875,3.5661011934280396,0,118
candidate,20260779,3,2,-8.0,2.5,0,0,0,0,0,0,0,0.06779661016949153,59,2.25303170539565,2.7597796171903606,2.99965962767601,0,118
candidate,20260780,0,3,-8.0,2.5,0,0,0,0,0,0,0,0.018518518518518517,54,2.350588984511517,2.7901197783648963,3.3715423196554184,0,108
candidate,20260780,1,3,35.0,1.0,1,0,0,0,0,0,0,0.038461538461538464,52,2.31693942959492,2.8434067964553833,2.9257163405418396,0,104
candidate,20260780,2,3,-8.0,2.5,0,0,0,0,0,0,0,0.05555555555555555,54,2.2485346567851527,2.8160802088677883,2.933535724878311,0,108
candidate,20260780,3,3,-8.0,2.5,0,0,0,0,0,0,0,0.016129032258064516,62,2.254494045290255,2.742916252464056,2.821490168571472,0,124
candidate,20260781,0,2,32.0,1.0,1,0,0,0,0,0,0,0.04411764705882353,68,2.3618355557760773,2.728237770497799,5.03777340054512,0,136
candidate,20260781,1,2,-8.0,2.5,0,0,0,0,0,0,0,0.014492753623188406,69,2.2779921528653824,2.7529835700988765,2.797076478600502,0,138
candidate,20260781,2,2,-8.0,2.5,0,0,0,0,0,0,0,0.047619047619047616,63,2.217982082612931,2.633308246731758,2.8004907071590424,0,126
candidate,20260781,3,2,-8.0,2.5,0,0,0,0,0,0,0,0.03571428571428571,56,2.257183426991105,2.8434237465262413,2.9184911400079727,0,112
candidate,20260782,0,1,0.0,2.5,0,0,0,0,0,1,1,0.033707865168539325,89,2.319817797521527,2.758411690592766,2.840135246515274,0,178
candidate,20260782,1,1,38.0,1.0,1,0,0,0,0,0,0,0.0,48,2.3989785307397447,3.251724038273096,3.5888198763132095,0,96
candidate,20260782,2,1,-8.0,2.5,0,0,0,0,0,0,0,0.0,48,2.292268560267985,2.8632082045078278,3.0059106647968292,0,96
candidate,20260782,3,1,-20.0,3.0,0,0,0,0,0,0,0,0.022222222222222223,45,2.271971810195181,2.86833792924881,2.880459651350975,0,91
candidate,20260783,0,2,-16.0,4.0,0,0,1,8,0,0,0,0.022727272727272728,44,2.361628734929995,2.965528704226017,3.0461661517620087,0,88
candidate,20260783,1,2,32.0,1.0,1,0,0,0,0,0,0,0.06818181818181818,44,2.249934710562229,2.737270016223192,2.782883122563362,0,88
candidate,20260783,2,2,-16.0,3.0,0,0,0,0,0,0,0,0.03225806451612903,62,2.294718978866454,2.954526897519827,3.062339499592781,0,125
candidate,20260783,3,2,-16.0,4.0,0,0,1,8,0,0,0,0.0,55,2.38212069327181,3.256558813154697,3.7116482853889465,0,110
candidate,20260784,0,1,-8.0,2.5,0,0,0,0,0,0,0,0.02857142857142857,35,2.367543269480978,2.9361216351389885,2.9874835163354874,0,70
candidate,20260784,1,1,-19.0,4.0,0,0,1,11,0,0,0,0.05,40,2.2799529135227203,2.7363025583326817,2.7634147554636,0,80
candidate,20260784,2,1,-8.0,2.5,0,0,0,0,0,0,0,0.0,40,2.305989572778344,2.960491366684437,3.02874855697155,0,80
candidate,20260784,3,1,35.0,1.0,1,0,0,0,0,0,0,0.0,40,2.3128661792725325,3.1058384105563164,3.1575076282024384,0,80
candidate,20260785,0,0,0.0,2.5,0,0,0,0,0,1,1,0.0,82,2.4468606201613823,3.2758640125393867,3.8643144071102142,0,164
candidate,20260785,1,0,-8.0,2.5,0,0,0,0,0,0,0,0.018518518518518517,54,2.2997004842316664,2.8467757627367973,2.8636716306209564,0,108
candidate,20260785,2,0,33.0,1.0,1,0,0,0,0,0,0,0.046875,64,2.2320283169392496,2.7932024560868736,2.885861322283745,0,128
candidate,20260785,3,0,-22.0,3.0,0,0,0,0,0,0,0,0.0,76,2.3055629265543662,2.9446305707097054,2.9944628477096558,0,153
candidate,20260786,0,2,-8.0,2.5,0,0,0,0,0,0,0,0.0,79,2.427116272192967,3.2326307147741318,3.4646615386009216,0,158
candidate,20260786,1,2,33.0,1.0,1,0,0,0,0,0,0,0.03409090909090909,88,2.235603793947534,2.525239717215299,3.0115116387605667,0,176
candidate,20260786,2,2,96.0,1.0,1,1,0,0,0,0,0,0.025,80,2.2450572811067104,2.645467408001423,2.7397330850362778,0,159
candidate,20260786,3,2,-20.0,3.0,0,0,0,0,0,0,0,0.029411764705882353,68,2.2445929455844795,2.6688916608691216,2.7895141392946243,0,137
candidate,20260787,0,0,35.0,1.0,1,0,0,0,0,0,0,0.0,44,2.4612259797074576,3.37623730301857,3.4070443361997604,0,88
candidate,20260787,1,0,-8.0,2.5,0,0,0,0,0,0,0,0.043478260869565216,46,2.2650864380209343,2.6856372132897377,2.713911235332489,0,92
candidate,20260787,2,0,-31.0,3.0,0,0,0,0,0,0,0,0.07692307692307693,39,2.243775922136429,2.6771146804094315,2.780979499220848,0,79
candidate,20260787,3,0,40.0,1.0,1,0,0,0,0,0,0,0.04081632653061224,49,2.233809772498754,2.6590529829263687,2.93542817234993,0,98
candidate,20260788,0,3,-8.0,2.5,0,0,0,0,0,0,0,0.03125,32,2.4272826849482954,2.9034036211669445,4.160020500421524,0,64
candidate,20260788,1,3,-19.0,4.0,0,0,1,11,0,0,0,0.0625,32,2.3418094497174025,2.5815842673182487,5.563503131270409,0,64
candidate,20260788,2,3,54.0,1.0,1,1,0,0,0,0,0,0.06060606060606061,33,2.3419624476721794,2.786334976553917,5.412321537733078,0,65
candidate,20260788,3,3,-8.0,2.5,0,0,0,0,0,0,0,0.03125,32,2.3088533780537546,2.904742769896984,2.9223840683698654,0,64
candidate,20260789,0,2,-8.0,2.5,0,0,0,0,0,0,0,0.018518518518518517,54,2.363061497884768,2.9468840919435024,3.0428078025579453,0,108
candidate,20260789,1,2,-8.0,2.5,0,0,0,0,0,0,0,0.017241379310344827,58,2.2939287190293443,2.830730564892292,2.8631817549467087,0,116
candidate,20260789,2,2,33.0,1.0,1,0,0,0,0,0,0,0.014705882352941176,68,2.2865906905602005,2.8583675622940063,2.9151812195777893,0,136
candidate,20260789,3,2,-17.0,4.0,0,0,1,9,0,0,0,0.034482758620689655,58,2.272948911734696,2.849611733108759,2.9834210872650146,0,116
candidate,20260790,0,1,-8.0,2.5,0,0,0,0,0,0,0,0.02127659574468085,47,2.3343062543488564,2.809920534491539,2.8323568403720856,0,94
candidate,20260790,1,1,108.0,1.0,1,1,0,0,0,0,0,0.030303030303030304,66,2.3001276633956214,2.965516410768032,3.405565395951271,0,131
candidate,20260790,2,1,-18.0,4.0,0,0,1,10,0,0,0,0.02127659574468085,47,2.366284225532349,3.131403960287571,3.253854811191559,0,94
candidate,20260790,3,1,-28.0,3.0,0,0,0,0,0,0,0,0.017241379310344827,58,2.3495390497404953,3.078216966241598,3.396676853299141,0,117
candidate,20260791,0,1,-8.0,2.5,0,0,0,0,0,0,0,0.0,73,2.4257942983140683,3.194542229175567,3.3331159502267838,0,147
candidate,20260791,1,1,-20.0,4.0,0,0,1,12,0,0,0,0.0,73,2.4315546177429694,3.3219676464796066,3.458688035607338,0,147
candidate,20260791,2,1,10.0,2.0,0,0,0,0,0,0,0,0.0,52,2.277024269390565,2.8608654625713825,2.9047876596450806,1,105
candidate,20260791,3,1,-8.0,2.5,0,0,0,0,0,0,0,0.017857142857142856,56,2.244957523154361,2.7037574909627438,2.827076241374016,0,112
candidate,20260792,0,0,34.0,1.0,1,0,0,0,0,0,0,0.03125,32,2.406543353572488,3.0367255210876465,3.077765926718712,0,64
candidate,20260792,1,0,-27.0,4.0,0,0,1,19,0,0,0,0.045454545454545456,44,2.266720614650033,2.72055147215724,2.8093084692955017,0,88
candidate,20260792,2,0,-18.0,3.0,0,0,0,0,0,0,0,0.04081632653061224,49,2.226268986658174,2.6432543992996216,2.666216343641281,0,99
candidate,20260792,3,0,-8.0,2.5,0,0,0,0,0,0,0,0.09375,32,2.2287066094577312,2.6553447358310223,2.7692820876836777,0,64
candidate,20260793,0,1,36.0,1.0,1,0,0,0,0,0,0,0.03571428571428571,56,2.325578293363963,2.8410516679286957,2.911524847149849,0,112
candidate,20260793,1,1,-23.0,3.0,0,0,0,0,0,0,0,0.03333333333333333,60,2.2855253890156746,2.767124678939581,3.5980697721242905,0,121
candidate,20260793,2,1,72.0,1.0,1,1,0,0,0,0,0,0.0196078431372549,51,2.2504602869351706,2.721755765378475,2.8595197945833206,0,101
candidate,20260793,3,1,-23.0,3.0,0,0,0,0,0,0,0,0.016666666666666666,60,2.39414864530166,3.2303464598953724,3.5100504755973816,0,121
candidate,20260794,0,2,-23.0,4.0,0,0,1,15,0,0,0,0.025,40,2.334339916706085,2.856228407472372,2.8747953474521637,0,80
candidate,20260794,1,2,38.0,1.0,1,0,0,0,0,0,0,0.1,20,2.28852778673172,2.8404091484844685,2.9134564101696014,0,40
candidate,20260794,2,2,-22.0,4.0,0,0,1,14,0,0,0,0.0,19,2.3554523328417227,3.0264442786574364,3.055678680539131,0,38
candidate,20260794,3,2,-8.0,2.5,0,0,0,0,0,0,0,0.05555555555555555,18,2.23390840821796,2.6863609440624714,2.690710127353668,0,36
candidate,20260795,0,3,40.0,1.0,1,0,0,0,0,0,0,0.0,24,2.3376894338677325,2.8423085808753967,2.861110493540764,0,48
candidate,20260795,1,3,-8.0,2.5,0,0,0,0,0,0,0,0.08333333333333333,24,2.289033882940809,2.831858955323696,2.8378181159496307,0,48
candidate,20260795,2,3,-8.0,2.5,0,0,0,0,0,0,0,0.0,24,2.377499360591173,3.05094076320529,3.1542405486106873,0,48
candidate,20260795,3,3,-24.0,4.0,0,0,1,16,0,0,0,0.0,24,2.279939129948616,2.819499187171459,2.8466228395700455,0,48
candidate,20260796,0,0,-16.0,4.0,0,0,1,8,0,0,0,0.027777777777777776,36,2.316988952871826,2.6935352943837643,2.837343141436577,0,72
candidate,20260796,1,0,-8.0,2.5,0,0,0,0,0,0,0,0.0,36,2.452972707235151,3.4041176550090313,5.429409444332123,0,72
candidate,20260796,2,0,34.0,1.0,1,0,0,0,0,0,0,0.024390243902439025,82,2.2654000260844462,2.6764298789203167,3.87575663626194,0,164
candidate,20260796,3,0,-8.0,2.5,0,0,0,0,0,0,0,0.0,36,2.2557348840766482,2.785692922770977,2.801647409796715,0,72
candidate,20260797,0,0,-16.0,3.0,0,0,0,0,0,0,0,0.047619047619047616,42,2.352463436268625,2.912307810038328,2.967165783047676,0,85
candidate,20260797,1,0,48.0,1.0,1,1,0,0,0,0,0,0.0,43,2.3998431428227316,3.2858338207006454,3.6861151456832886,0,85
candidate,20260797,2,0,57.0,1.0,1,1,0,0,0,0,0,0.08333333333333333,36,2.250197964409987,2.7765221893787384,2.8446540236473083,0,71
candidate,20260797,3,0,-16.0,3.0,0,0,0,0,0,0,0,0.07142857142857142,42,2.253575383552483,2.7696367353200912,2.8902143239974976,0,85
candidate,20260798,0,1,-16.0,4.0,0,0,1,8,0,0,0,0.0,17,2.3638760561452195,2.8443749994039536,2.8882380574941635,0,34
candidate,20260798,1,1,34.0,1.0,1,0,0,0,0,0,0,0.023809523809523808,42,2.3088842364294186,2.910451218485832,3.1356774270534515,0,84
candidate,20260798,2,1,-8.0,2.5,0,0,0,0,0,0,0,0.0,42,2.329116908922082,3.04750632494688,3.2487399876117706,0,84
candidate,20260798,3,1,-18.0,4.0,0,0,1,10,0,0,0,0.07317073170731707,41,2.2096012877981837,2.5998782366514206,2.7138516306877136,0,82
candidate,20260799,0,0,-8.0,2.5,0,0,0,0,0,0,0,0.0,40,2.459462219849229,3.3871086314320555,3.7454795092344284,0,80
candidate,20260799,1,0,-8.0,2.5,0,0,0,0,0,0,0,0.03333333333333333,60,2.267671376466751,2.702373079955578,2.8175152838230133,0,120
candidate,20260799,2,0,-8.0,2.5,0,0,0,0,0,0,0,0.023809523809523808,42,2.359466848983651,3.0495397746562958,3.963066264986992,0,84
candidate,20260799,3,0,-8.0,2.5,0,0,0,0,0,0,0,0.025,40,2.2761022206395864,2.808934263885021,2.89999321103096,0,80
candidate,20260800,0,3,0.0,2.5,0,0,0,0,0,1,0,0.011627906976744186,86,2.339464222449203,2.826427575200796,2.9062163084745407,0,172
candidate,20260800,1,3,51.0,1.0,1,1,0,0,0,0,0,0.045454545454545456,44,2.297143790532242,2.78250090777874,3.775937482714653,0,87
candidate,20260800,2,3,0.0,2.5,0,0,0,0,0,1,0,0.0,84,2.2941698054117814,2.9049113392829895,2.951323986053467,0,169
candidate,20260800,3,3,-17.0,3.0,0,0,0,0,0,0,0,0.046511627906976744,43,2.241082706077154,2.86139864474535,2.8809048235416412,0,87
candidate,20260801,0,2,-8.0,2.5,0,0,0,0,0,0,0,0.0,62,2.370447190778871,2.9283850453794003,3.0235182493925095,0,124
candidate,20260801,1,2,0.0,2.5,0,0,0,0,0,1,1,0.022727272727272728,88,2.2978806783529846,2.8426807373762126,2.958359196782112,0,176
candidate,20260801,2,2,-24.0,4.0,0,0,1,16,0,0,0,0.03614457831325301,83,2.282477264483291,2.7061115950345993,5.1054880023002625,0,166
candidate,20260801,3,2,36.0,1.0,1,0,0,0,0,0,0,0.037037037037037035,54,2.231850806209776,2.6294895447790623,2.8713736683130264,0,108
candidate,20260802,0,3,-8.0,2.5,0,0,0,0,0,0,0,0.029411764705882353,34,2.3339376510942684,2.7816990390419956,2.9274430125951767,0,68
candidate,20260802,1,3,-20.0,4.0,0,0,1,12,0,0,0,0.029411764705882353,34,2.3272762842038097,2.933512255549431,3.0622296035289764,0,68
candidate,20260802,2,3,36.0,1.0,1,0,0,0,0,0,0,0.029411764705882353,34,2.2458288380328346,2.7191700413823128,2.7661193162202835,0,68
candidate,20260802,3,3,-8.0,2.5,0,0,0,0,0,0,0,0.058823529411764705,34,2.258395283099483,2.839494775980711,2.9309075325727463,0,68
candidate,20260803,0,1,-8.0,2.5,0,0,0,0,0,0,0,0.022222222222222223,45,2.3202479713492923,2.7176372706890106,2.8608236461877823,0,90
candidate,20260803,1,1,32.0,1.0,1,0,0,0,0,0,0,0.0,66,2.4179926311427895,3.2797660678625107,3.57929989695549,0,132
candidate,20260803,2,1,34.0,1.0,1,0,0,0,0,0,0,0.022222222222222223,45,2.295218822028902,2.918261662125587,3.111697733402252,0,90
candidate,20260803,3,1,36.0,1.0,1,0,0,0,0,0,0,0.04225352112676056,71,2.2508287671166407,2.6416024193167686,3.185439854860306,0,142
candidate,20260804,0,1,57.0,1.0,1,1,0,0,0,0,0,0.0196078431372549,51,2.317189439839008,2.792865037918091,2.872191369533539,0,101
candidate,20260804,1,1,-19.0,3.0,0,0,0,0,0,0,0,0.058823529411764705,51,2.262655645608902,2.7875900268554688,2.811707556247711,0,103
candidate,20260804,2,1,-21.0,3.0,0,0,0,0,0,0,0,0.05084745762711865,59,2.2300316052416624,2.6190374046564093,3.188006579875946,0,119
candidate,20260804,3,1,-8.0,2.5,0,0,0,0,0,0,0,0.0,34,2.373940366155961,3.2247701659798618,3.435218706727028,0,68
candidate,20260805,0,2,-8.0,2.5,0,0,0,0,0,0,0,0.018867924528301886,53,2.3516055618254645,2.830376476049423,3.055991604924202,0,106
candidate,20260805,1,2,35.0,1.0,1,0,0,0,0,0,0,0.03773584905660377,53,2.3023197954555727,2.877526730298996,2.924753352999687,0,106
candidate,20260805,2,2,-8.0,2.5,0,0,0,0,0,0,0,0.0,54,2.3385312201248274,3.0119484290480614,3.230128437280655,0,108
candidate,20260805,3,2,-8.0,2.5,0,0,0,0,0,0,0,0.0,53,2.4560770055033125,3.342019021511078,5.073679611086845,0,106
candidate,20260806,0,0,-17.0,3.0,0,0,0,0,0,0,0,0.014925373134328358,67,2.3673873728335795,2.8434276580810547,3.488769754767418,0,135
candidate,20260806,1,0,-18.0,4.0,0,0,1,10,0,0,0,0.0,74,2.445126380267981,3.4988724626600742,3.579210489988327,0,148
candidate,20260806,2,0,-8.0,2.5,0,0,0,0,0,0,0,0.0,60,2.3847957452138266,3.2139787450432777,3.3317208290100098,0,120
candidate,20260806,3,0,45.0,1.0,1,0,0,0,0,0,0,0.014492753623188406,69,2.41515245558559,3.389659896492957,5.059372633695602,0,138
candidate,20260807,0,1,-16.0,4.0,0,0,1,8,0,0,0,0.0,64,2.3744805657770485,2.92054433375597,3.0484478920698166,0,128
candidate,20260807,1,1,0.0,2.5,0,0,0,0,0,1,1,0.023255813953488372,86,2.2961175459068874,2.7141543105244637,4.746207967400551,0,172
candidate,20260807,2,1,36.0,1.0,1,0,0,0,0,0,0,0.020833333333333332,48,2.2928251031165323,2.9239497147500515,3.0186474323272705,0,96
candidate,20260807,3,1,-17.0,4.0,0,0,1,9,0,0,0,0.038461538461538464,52,2.324521613235657,2.7915851213037963,6.419138982892036,0,104
candidate,20260808,0,3,-18.0,3.0,0,0,0,0,0,0,0,0.0,38,2.517505107741607,3.275357652455568,6.0607995837926865,0,77
candidate,20260808,1,3,-18.0,3.0,0,0,0,0,0,0,0,0.0,38,2.477217514656092,3.430189285427332,3.7042032927274704,0,77
candidate,20260808,2,3,-24.0,4.0,0,0,1,16,0,0,0,0.022727272727272728,44,2.31479662893848,2.9700138606131077,3.0055195093154907,0,87
candidate,20260808,3,3,-18.0,3.0,0,0,0,0,0,0,0,0.0,38,2.350749104822937,2.926945313811302,4.511641338467598,0,77
candidate,20260809,0,0,-8.0,2.5,0,0,0,0,0,0,0,0.0,27,2.3784008980901152,2.9657455161213875,3.0297189950942993,0,54
candidate,20260809,1,0,33.0,1.0,1,0,0,0,0,0,0,0.07407407407407407,27,2.3081748987789505,2.9360882937908173,2.992454916238785,0,54
candidate,20260809,2,0,-17.0,4.0,0,0,1,9,0,0,0,0.07407407407407407,27,2.394936426922127,2.816268987953663,4.764234647154808,0,54
candidate,20260809,3,0,-8.0,2.5,0,0,0,0,0,0,0,0.037037037037037035,27,2.3496818763238414,2.853153832256794,4.951972514390945,0,54
candidate,20260810,0,0,60.0,1.0,1,1,0,0,0,0,0,0.05405405405405406,37,2.3151458920659245,2.933382987976074,3.0695870518684387,0,73
candidate,20260810,1,0,-20.0,3.0,0,0,0,0,0,0,0,0.0,36,2.3288875818252563,2.838234417140484,3.6097150295972824,0,73
candidate,20260810,2,0,-20.0,3.0,0,0,0,0,0,0,0,0.0,36,2.3459185742669635,2.8342269361019135,4.435895010828972,0,73
candidate,20260810,3,0,-20.0,3.0,0,0,0,0,0,0,0,0.027777777777777776,36,2.3383677730129824,2.910751849412918,4.2401328682899475,0,73
candidate,20260811,0,2,57.0,1.0,1,1,0,0,0,0,0,0.05263157894736842,38,2.2723872312589695,2.5964667089283466,2.9066428542137146,0,75
candidate,20260811,1,2,-19.0,3.0,0,0,0,0,0,0,0,0.0,37,2.459287693774378,3.1146112829446784,5.5959876626729965,0,75
candidate,20260811,2,2,-19.0,3.0,0,0,0,0,0,0,0,0.0,37,2.4121961480862386,3.0499041080474854,4.188051447272301,0,75
candidate,20260811,3,2,-19.0,3.0,0,0,0,0,0,0,0,0.0,37,2.322988634979403,3.036307170987129,3.337407484650612,0,75
candidate,20260812,0,2,-8.0,2.5,0,0,0,0,0,0,0,0.02564102564102564,78,2.3921381156796064,2.8231266885995865,4.845527932047844,0,156
candidate,20260812,1,2,-8.0,2.5,0,0,0,0,0,0,0,0.057692307692307696,52,2.2673083540911856,2.654134761542082,2.7520600706338882,0,104
candidate,20260812,2,2,-8.0,2.5,0,0,0,0,0,0,0,0.01639344262295082,61,2.2852725547845245,2.843141555786133,2.8638355433940887,0,122
candidate,20260812,3,2,33.0,1.0,1,0,0,0,0,0,0,0.0392156862745098,51,2.4220376622443105,3.49601823836565,4.301544278860092,0,102
candidate,20260813,0,2,-16.0,3.0,0,0,0,0,0,0,0,0.037037037037037035,27,2.4385281183101513,2.9334351420402527,3.849819302558899,0,55
candidate,20260813,1,2,48.0,1.0,1,1,0,0,0,0,0,0.0,28,2.4594153676714217,3.5766532644629474,3.7786178290843964,0,55
candidate,20260813,2,2,-16.0,3.0,0,0,0,0,0,0,0,0.0,27,2.2761042885206364,2.866765484213829,2.8971079736948013,0,55
candidate,20260813,3,2,-16.0,3.0,0,0,0,0,0,0,0,0.0,27,2.2825580090284348,2.906208112835884,3.0371472239494324,0,55
candidate,20260814,0,2,-31.0,4.0,0,0,1,23,0,0,0,0.0,80,2.4618481984362006,3.170191776007414,4.454856738448143,0,160
candidate,20260814,1,2,0.0,2.5,0,0,0,0,0,1,1,0.0,83,2.5421314121010794,3.7194671109318733,4.8043373972177505,0,166
candidate,20260814,2,2,0.0,2.5,0,0,0,0,0,1,1,0.012048192771084338,83,2.327789877911648,2.8805335983633995,4.497023299336433,0,166
candidate,20260814,3,2,0.0,2.5,0,0,0,0,0,1,1,0.023529411764705882,85,2.2517922827426124,2.651503309607506,2.767236903309822,0,170
candidate,20260815,0,0,-18.0,3.0,0,0,0,0,0,0,0,0.0,30,2.336497480670611,2.7982288040220737,2.819336950778961,0,61
candidate,20260815,1,0,33.0,1.0,1,0,0,0,0,0,0,0.02702702702702703,74,2.266336962379314,2.680927235633135,2.8030946850776672,0,148
candidate,20260815,2,0,54.0,1.0,1,1,0,0,0,0,0,0.06451612903225806,31,2.307526046229947,2.888905815780163,4.385547712445259,0,61
candidate,20260815,3,0,-18.0,3.0,0,0,0,0,0,0,0,0.0,30,2.337043918669224,2.987060882151127,3.0482206493616104,0,61
candidate,20260816,0,2,-18.0,3.0,0,0,0,0,0,0,0,0.05405405405405406,37,2.2899051373069352,2.5571219623088837,2.8057117015123367,0,75
candidate,20260816,1,2,-17.0,3.0,0,0,0,0,0,0,0,0.0,58,2.43334517139813,3.157567139714956,4.147278144955635,0,117
candidate,20260816,2,2,54.0,1.0,1,1,0,0,0,0,0,0.01694915254237288,59,2.3339410012556336,2.898774854838848,3.7590842694044113,0,117
candidate,20260816,3,2,-17.0,3.0,0,0,0,0,0,0,0,0.034482758620689655,58,2.2962936681920083,2.8260176070034504,4.502998664975166,0,117
candidate,20260817,0,0,33.0,1.0,1,0,0,0,0,0,0,0.058823529411764705,34,2.4101985070635292,3.138659428805113,3.241186961531639,0,68
candidate,20260817,1,0,-8.0,2.5,0,0,0,0,0,0,0,0.0,34,2.381568500662551,3.0161757953464985,3.045998513698578,0,68
candidate,20260817,2,0,-8.0,2.5,0,0,0,0,0,0,0,0.0,36,2.299572548104657,2.8707515448331833,2.974892035126686,0,72
candidate,20260817,3,0,-17.0,4.0,0,0,1,9,0,0,0,0.0,34,2.376255250590689,3.163045924156904,3.960356116294861,0,68
candidate,20260818,0,3,-33.0,3.0,0,0,0,0,0,0,0,0.0,36,2.593883416718907,3.6605726927518845,3.719886764883995,0,73
candidate,20260818,1,3,99.0,1.0,1,1,0,0,0,0,0,0.0,37,2.3053865376356484,2.83653624355793,2.875739708542824,0,73
candidate,20260818,2,3,-33.0,3.0,0,0,0,0,0,0,0,0.027777777777777776,36,2.2671948083572917,2.807960379868746,2.8633028268814087,0,73
candidate,20260818,3,3,-33.0,3.0,0,0,0,0,0,0,0,0.027777777777777776,36,2.3418167192074986,3.004881553351879,3.03582102060318,0,73
candidate,20260819,0,3,-8.0,2.5,0,0,0,0,0,0,0,0.028169014084507043,71,2.323627786737093,2.846955321729183,3.1074881553649902,0,142
candidate,20260819,1,3,34.0,1.0,1,0,0,0,0,0,0,0.0273972602739726,73,2.361277603123286,2.897398173809051,4.318619146943092,0,146
candidate,20260819,2,3,-20.0,4.0,0,0,1,12,0,0,0,0.0,71,2.281970436304388,2.861572429537773,3.053821623325348,0,142
candidate,20260819,3,3,-20.0,4.0,0,0,1,12,0,0,0,0.0,68,2.3310487158596516,3.122078999876976,3.3517684787511826,0,136
candidate,20260820,0,3,-19.0,3.0,0,0,0,0,0,0,0,0.018518518518518517,54,2.4221524320266865,3.255923558026551,3.6661233752965927,0,110
candidate,20260820,1,3,-8.0,2.5,0,0,0,0,0,0,0,0.04,25,2.281086891889572,2.753213793039322,2.760438248515129,0,50
candidate,20260820,2,3,-18.0,4.0,0,0,1,10,0,0,0,0.0,36,2.347600646317005,3.029399085789919,3.0503179877996445,0,72
candidate,20260820,3,3,-8.0,2.5,0,0,0,0,0,0,0,0.05660377358490566,53,2.277978537779934,2.7683958411216736,3.635833039879799,0,105
candidate,20260821,0,0,-19.0,3.0,0,0,0,0,0,0,0,0.0,29,2.3630854256194214,2.859456092119217,2.987302839756012,0,59
candidate,20260821,1,0,57.0,1.0,1,1,0,0,0,0,0,0.06666666666666667,30,2.2573181117574372,2.7767392806708813,2.875644713640213,0,59
candidate,20260821,2,0,-19.0,3.0,0,0,0,0,0,0,0,0.06896551724137931,29,2.2487312169938254,2.728436142206192,2.7566980570554733,0,59
candidate,20260821,3,0,-19.0,3.0,0,0,0,0,0,0,0,0.034482758620689655,29,2.2681171781030196,2.819417044520378,2.855096012353897,0,59
candidate,20260822,0,0,42.0,1.0,1,0,0,0,0,0,0,0.0,56,2.435783955401608,3.1324834562838078,3.605574369430542,0,112
candidate,20260822,1,0,-19.0,4.0,0,0,1,11,0,0,0,0.0,57,2.383744736251078,3.0146338045597076,3.7233028560876846,0,114
candidate,20260822,2,0,-8.0,2.5,0,0,0,0,0,0,0,0.0,56,2.3962507423545634,3.194298129528761,3.3495500683784485,0,112
candidate,20260822,3,0,-21.0,4.0,0,0,1,13,0,0,0,0.03636363636363636,55,2.2456161339174616,2.7221228927373886,2.788383513689041,0,110
candidate,20260823,0,1,-8.0,2.5,0,0,0,0,0,0,0,0.0,38,2.4031517831118485,2.887339238077402,4.031579941511154,0,76
candidate,20260823,1,1,-8.0,2.5,0,0,0,0,0,0,0,0.0,43,2.341731559745101,2.939462661743164,2.9600653797388077,0,86
candidate,20260823,2,1,-8.0,2.5,0,0,0,0,0,0,0,0.02631578947368421,38,2.2629130827753166,2.8276698663830757,2.872347831726074,0,76
candidate,20260823,3,1,44.0,1.0,1,0,0,0,0,0,0,0.02127659574468085,47,2.287656663263098,2.9190022498369212,3.3033043146133423,0,94
candidate,20260824,0,3,-24.0,3.0,0,0,0,0,0,0,0,0.0,52,2.3808372923387933,2.9214496724307537,2.9582958668470383,0,105
candidate,20260824,1,3,-24.0,3.0,0,0,0,0,0,0,0,0.0,52,2.3693001041045556,2.8876371681690216,4.982726648449898,0,105
candidate,20260824,2,3,72.0,1.0,1,1,0,0,0,0,0,0.05660377358490566,53,2.218290495703805,2.576977387070656,3.063635900616646,0,105
candidate,20260824,3,3,-24.0,3.0,0,0,0,0,0,0,0,0.0,52,2.3793895513965535,2.9576536267995834,5.559531971812248,0,105
candidate,20260825,0,3,-19.0,3.0,0,0,0,0,0,0,0,0.0,44,2.3715790276500313,2.973145619034767,3.0220653861761093,0,89
candidate,20260825,1,3,-23.0,3.0,0,0,0,0,0,0,0,0.022727272727272728,44,2.305206631056287,2.787221223115921,2.8654728084802628,0,89
candidate,20260825,2,3,0.0,2.5,0,0,0,0,0,1,1,0.012048192771084338,83,2.3498391979430093,2.9446134343743324,5.341159179806709,0,166
candidate,20260825,3,3,-27.0,4.0,0,0,1,19,0,0,0,0.0,73,2.360992235680149,3.1516663730144496,3.3644363284111023,0,146
candidate,20260826,0,3,-8.0,2.5,0,0,0,0,0,0,0,0.0,38,2.9953697108124433,4.969074111431837,5.323480814695358,0,76
candidate,20260826,1,3,-32.0,4.0,0,0,1,24,0,0,0,0.047619047619047616,42,2.54634412981215,3.6768218502402292,6.16278313100338,0,84
candidate,20260826,2,3,-8.0,2.5,0,0,0,0,0,0,0,0.0,38,2.3271578707193075,3.1052502803504467,3.7047788500785828,0,76
candidate,20260826,3,3,-30.0,4.0,0,0,1,22,0,0,0,0.0,36,2.2620076003173986,2.855999395251274,2.936340868473053,0,72
candidate,20260827,0,2,-21.0,3.0,0,0,0,0,0,0,0,0.0,43,2.4375651291636533,3.204601444303989,4.350908100605011,0,87
candidate,20260827,1,2,60.0,1.0,1,1,0,0,0,0,0,0.022727272727272728,44,2.254046542062001,2.8063075616955757,2.8759874403476715,0,87
candidate,20260827,2,2,48.0,1.0,1,1,0,0,0,0,0,0.0,25,2.262875959277153,2.966180443763733,3.0161458998918533,0,49
candidate,20260827,3,2,-21.0,3.0,0,0,0,0,0,0,0,0.023255813953488372,43,2.37161960712699,2.7961071580648422,5.103908479213715,0,87
candidate,20260828,0,1,-8.0,2.5,0,0,0,0,0,0,0,0.029850746268656716,67,2.255374176511124,2.6042845100164413,2.743719145655632,0,134
candidate,20260828,1,1,35.0,1.0,1,0,0,0,0,0,0,0.05555555555555555,72,2.229560580518511,2.5183559395372868,4.9124956130981445,0,144
candidate,20260828,2,1,-8.0,2.5,0,0,0,0,0,0,0,0.0,71,2.428940720331501,3.399539738893509,3.7423577159643173,0,142
candidate,20260828,3,1,-23.0,4.0,0,0,1,15,0,0,0,0.028169014084507043,71,2.243251447946253,2.6513496413826942,3.736726939678192,0,142
candidate,20260829,0,1,-8.0,2.5,0,0,0,0,0,0,0,0.0625,32,2.276262443047017,2.7261423878371716,2.796478569507599,0,64
candidate,20260829,1,1,-8.0,2.5,0,0,0,0,0,0,0,0.06060606060606061,33,2.267680215564641,2.663895860314369,4.309291020035744,0,66
candidate,20260829,2,1,44.0,1.0,1,0,0,0,0,0,0,0.03125,32,2.239684108644724,2.765509020537138,2.8360001742839813,0,64
candidate,20260829,3,1,-28.0,4.0,0,0,1,20,0,0,0,0.03125,32,2.2396744461730123,2.7999178506433964,2.8230659663677216,0,64
candidate,20260830,0,2,-21.0,4.0,0,0,1,13,0,0,0,0.0,64,2.340129984077066,2.7995741926133633,4.841536283493042,0,128
candidate,20260830,1,2,35.0,1.0,1,0,0,0,0,0,0,0.0,68,2.5723242091343685,3.928691428154707,5.277315154671669,0,136
candidate,20260830,2,2,-23.0,3.0,0,0,0,0,0,0,0,0.013333333333333334,75,2.3252529402573905,3.167949803173542,3.300704061985016,0,150
candidate,20260830,3,2,-8.0,2.5,0,0,0,0,0,0,0,0.027777777777777776,72,2.2360921268247895,2.7836011722683907,2.8358828276395798,0,144
candidate,20260831,0,3,63.0,1.0,1,1,0,0,0,0,0,0.08,25,2.27204367518425,2.677609026432037,2.784963697195053,0,49
candidate,20260831,1,3,-21.0,3.0,0,0,0,0,0,0,0,0.041666666666666664,24,2.3369664947191873,2.7916486375033855,3.355095162987709,0,49
candidate,20260831,2,3,-21.0,3.0,0,0,0,0,0,0,0,0.041666666666666664,24,2.2706374681244292,2.832549251616001,3.131004050374031,0,49
candidate,20260831,3,3,-21.0,3.0,0,0,0,0,0,0,0,0.0,24,2.344568104793628,3.1165537424385543,4.087219014763832,0,49
candidate,20260832,0,1,-8.0,2.5,0,0,0,0,0,0,0,0.024390243902439025,41,2.36903598940954,2.9487069696187973,3.1011197715997696,0,83
candidate,20260832,1,1,-26.0,4.0,0,0,1,18,0,0,0,0.0392156862745098,51,2.395550519520161,3.027636557817459,5.034752190113068,0,101
candidate,20260832,2,1,-19.0,3.0,0,0,0,0,0,0,0,0.02,50,2.3781918361783028,3.2621958293020707,3.9197970181703568,0,102
candidate,20260832,3,1,33.0,1.0,1,0,0,0,0,0,0,0.0,41,2.976905463672266,4.567289724946022,5.396327003836632,0,83
candidate,20260833,0,0,-8.0,2.5,0,0,0,0,0,0,0,0.0425531914893617,47,2.2688706980106677,2.7918525040149684,2.8795339167118073,0,94
candidate,20260833,1,0,-19.0,4.0,0,0,1,11,0,0,0,0.011904761904761904,84,2.284804425601448,2.8164301067590714,5.18166646361351,0,168
candidate,20260833,2,0,-8.0,2.5,0,0,0,0,0,0,0,0.0851063829787234,47,2.1941930927494737,2.665260061621665,2.9466114938259125,0,94
candidate,20260833,3,0,32.0,1.0,1,0,0,0,0,0,0,0.06382978723404255,47,2.207692197345673,2.512802742421627,4.720788449048996,0,94
candidate,20260834,0,2,-8.0,2.5,0,0,0,0,0,0,0,0.0,46,2.3411987349390984,2.800868358463049,4.331160336732864,0,92
candidate,20260834,1,2,32.0,1.0,1,0,0,0,0,0,0,0.09375,32,2.18486157245934,2.515934966504574,2.5539714843034744,0,64
candidate,20260834,2,2,-16.0,4.0,0,0,1,8,0,0,0,0.08333333333333333,24,2.2956393659114838,2.801290061324835,3.298617899417877,0,48
candidate,20260834,3,2,-8.0,2.5,0,0,0,0,0,0,0,0.0392156862745098,51,2.2106033329870187,2.742207609117031,2.929406240582466,0,102
candidate,20260835,0,2,-16.0,4.0,0,0,1,8,0,0,0,0.0,57,2.4236673325823066,3.298670426011085,3.380103036761284,0,114
candidate,20260835,1,2,-18.0,3.0,0,0,0,0,0,0,0,0.02631578947368421,76,2.2404641893349195,2.8965254314243793,3.193369135260582,0,153
candidate,20260835,2,2,-27.0,4.0,0,0,1,19,0,0,0,0.0,47,2.356046454069462,3.171316161751747,3.2526906579732895,0,94
candidate,20260835,3,2,-20.0,4.0,0,0,1,12,0,0,0,0.011904761904761904,84,2.307710215626728,3.0536596663296223,3.2211989164352417,0,168
candidate,20260836,0,3,-16.0,4.0,0,0,1,8,0,0,0,0.041666666666666664,48,2.278544008731842,2.668585442006588,3.6195404827594757,0,96
candidate,20260836,1,3,32.0,1.0,1,0,0,0,0,0,0,0.01639344262295082,61,2.278673722118628,2.827966585755348,2.985527738928795,0,122
candidate,20260836,2,3,-8.0,2.5,0,0,0,0,0,0,0,0.03278688524590164,61,2.1898959931291517,2.5999844074249268,2.7314648032188416,0,122
candidate,20260836,3,3,-17.0,3.0,0,0,0,0,0,0,0,0.03333333333333333,60,2.2208159789443016,2.8008967638015747,2.863707020878792,0,121
candidate,20260837,0,1,-22.0,3.0,0,0,0,0,0,0,0,0.0,46,2.280159610445085,2.738099545240402,2.7645453810691833,0,93
candidate,20260837,1,1,-22.0,3.0,0,0,0,0,0,0,0,0.0,46,2.2846736904719602,2.831175923347473,2.8894394636154175,0,93
candidate,20260837,2,1,48.0,1.0,1,1,0,0,0,0,0,0.0,39,2.324431848067504,3.153649903833866,3.225645050406456,0,77
candidate,20260837,3,1,-22.0,3.0,0,0,0,0,0,0,0,0.0,44,2.2105315954170446,2.7481921017169952,2.7947351336479187,0,89
candidate,20260838,0,1,-17.0,3.0,0,0,0,0,0,0,0,0.0967741935483871,31,2.2382468826347783,2.544690854847431,2.9119066894054413,0,63
candidate,20260838,1,1,-17.0,3.0,0,0,0,0,0,0,0,0.0,32,2.3241095477715135,2.9633864760398865,2.970632165670395,0,65
candidate,20260838,2,1,51.0,1.0,1,1,0,0,0,0,0,0.0625,32,2.212321269325912,2.7671086601912975,2.924559637904167,0,63
candidate,20260838,3,1,-8.0,2.5,0,0,0,0,0,0,0,0.0,34,2.2210845833315567,2.9243181459605694,3.021419048309326,0,68
candidate,20260839,0,2,-16.0,4.0,0,0,1,8,0,0,0,0.0,45,2.310236170887947,2.8567690402269363,2.8799232095479965,0,90
candidate,20260839,1,2,-8.0,2.5,0,0,0,0,0,0,0,0.0,45,2.2404920723703174,2.745066210627556,2.779237926006317,0,90
candidate,20260839,2,2,32.0,1.0,1,0,0,0,0,0,0,0.022222222222222223,45,2.237642142507765,2.854940667748451,3.008093684911728,0,90
candidate,20260839,3,2,-8.0,2.5,0,0,0,0,0,0,0,0.044444444444444446,45,2.1640645547045603,2.5296684354543686,2.5726258754730225,0,90
candidate,20260840,0,2,-28.0,3.0,0,0,0,0,0,0,0,0.046511627906976744,43,2.291037549459657,2.864931896328926,2.961067482829094,0,87
candidate,20260840,1,2,-27.0,3.0,0,0,0,0,0,0,0,0.0,42,2.3048014513083865,2.992982510477304,3.0778925865888596,0,85
candidate,20260840,2,2,43.0,1.0,1,0,0,0,0,0,0,0.023255813953488372,43,2.253398125947908,2.8679950162768364,3.027070313692093,0,86
candidate,20260840,3,2,-28.0,3.0,0,0,0,0,0,0,0,0.046511627906976744,43,2.192683777836866,2.761530876159668,2.795884385704994,0,87
candidate,20260841,0,0,-8.0,2.5,0,0,0,0,0,0,0,0.0,43,2.406882165476333,3.1322453171014786,3.173641860485077,0,86
candidate,20260841,1,0,-8.0,2.5,0,0,0,0,0,0,0,0.025,40,2.225435944274068,2.6174648664891715,2.7945060282945633,0,80
candidate,20260841,2,0,-8.0,2.5,0,0,0,0,0,0,0,0.0,40,2.3172563407570124,3.295920602977276,3.376884385943413,0,80
candidate,20260841,3,0,33.0,1.0,1,0,0,0,0,0,0,0.05,40,2.1663272753357887,2.5605150498449802,2.575015649199486,0,80
candidate,20260842,0,0,-20.0,4.0,0,0,1,12,0,0,0,0.020833333333333332,48,2.301156288012862,2.7577380649745464,2.7990154922008514,0,96
candidate,20260842,1,0,36.0,1.0,1,0,0,0,0,0,0,0.041666666666666664,48,2.2435856129353247,2.8266760520637035,2.916509285569191,0,96
candidate,20260842,2,0,-8.0,2.5,0,0,0,0,0,0,0,0.020833333333333332,48,2.2576244082301855,3.003334254026413,3.16556915640831,0,96
candidate,20260842,3,0,-8.0,2.5,0,0,0,0,0,0,0,0.020833333333333332,48,2.1988314498836794,2.6499311439692974,2.66362726688385,0,96
candidate,20260843,0,1,-17.0,4.0,0,0,1,9,0,0,0,0.0,41,2.3376845822828574,2.894096076488495,3.0015110969543457,0,82
candidate,20260843,1,1,-30.0,4.0,0,0,0,0,0,0,0,0.03225806451612903,62,2.219396523169933,2.7332440949976444,2.7959104627370834,1,123
candidate,20260843,2,1,34.0,1.0,1,0,0,0,0,0,0,0.02,50,2.234741933643818,2.843960467725992,2.8830617666244507,0,100
candidate,20260843,3,1,-8.0,2.5,0,0,0,0,0,0,0,0.0,50,2.3034748062491417,3.1019439920783043,3.2513849437236786,0,100
candidate,20260844,0,2,-16.0,4.0,0,0,1,8,0,0,0,0.0,48,2.401938933568696,2.9951821081340313,3.658890724182129,0,96
candidate,20260844,1,2,-8.0,2.5,0,0,0,0,0,0,0,0.02040816326530612,49,2.2627374119296366,2.7897585183382034,3.5188328474760056,0,98
candidate,20260844,2,2,-19.0,4.0,0,0,1,11,0,0,0,0.08,50,2.2892697528004646,2.793370932340622,4.20713983476162,0,100
candidate,20260844,3,2,-8.0,2.5,0,0,0,0,0,0,0,0.02,50,2.2929902002215385,2.97936862334609,4.250584170222282,0,100
candidate,20260845,0,3,-8.0,2.5,0,0,0,0,0,0,0,0.05555555555555555,36,2.369768503639433,2.949971240013838,3.645295277237892,0,72
candidate,20260845,1,3,87.0,1.0,1,1,0,0,0,0,0,0.05128205128205128,39,2.2230022228681126,2.801322564482689,2.889927476644516,0,77
candidate,20260845,2,3,-29.0,3.0,0,0,0,0,0,0,0,0.05263157894736842,38,2.2967534237786342,3.118408471345901,3.333659842610359,0,77
candidate,20260845,3,3,-8.0,2.5,0,0,0,0,0,0,0,0.05555555555555555,36,2.1838479571872287,2.560563385486603,2.6049334555864334,0,72
candidate,20260846,0,2,-8.0,2.5,0,0,0,0,0,0,0,0.0,46,2.3284088010373325,2.8673429042100906,2.9888078570365906,0,92
candidate,20260846,1,2,-8.0,2.5,0,0,0,0,0,0,0,0.018518518518518517,54,2.2682846282367355,2.8624010272324085,2.885781228542328,0,108
candidate,20260846,2,2,-25.0,3.0,0,0,0,0,0,0,0,0.023809523809523808,84,2.267942519947177,3.0034538358449936,3.1338445842266083,0,169
candidate,20260846,3,2,-8.0,2.5,0,0,0,0,0,0,0,0.024390243902439025,82,2.2118707619062286,2.7051204815506935,2.8078388422727585,0,164
candidate,20260847,0,2,-17.0,3.0,0,0,0,0,0,0,0,0.043478260869565216,46,2.2939325350782145,2.86410516127944,2.8986558318138123,0,93
candidate,20260847,1,2,-17.0,3.0,0,0,0,0,0,0,0,0.021739130434782608,46,2.3246614019507947,3.0086664482951164,3.2058879733085632,0,93
candidate,20260847,2,2,-34.0,4.0,0,0,1,26,0,0,0,0.01818181818181818,55,2.234006706963886,2.735188417136669,2.8916876763105392,0,110
candidate,20260847,3,2,-16.0,4.0,0,0,1,8,0,0,0,0.0,36,2.277734172013071,2.8769131749868393,2.966487780213356,0,72
candidate,20260848,0,0,-8.0,2.5,0,0,0,0,0,0,0,0.0425531914893617,47,2.266506644639563,2.814956381917,2.8424952179193497,0,94
candidate,20260848,1,0,43.0,1.0,1,0,0,0,0,0,0,0.02127659574468085,47,2.2344161221321595,2.720675803720951,2.7597136795520782,0,94
candidate,20260848,2,0,42.0,1.0,1,0,0,0,0,0,0,0.022222222222222223,45,2.212558976478047,2.7617592364549637,2.8520599007606506,0,90
candidate,20260848,3,0,-8.0,2.5,0,0,0,0,0,0,0,0.0,47,2.2280423485852303,2.7990493923425674,2.858554944396019,0,94
candidate,20260849,0,3,32.0,1.0,1,0,0,0,0,0,0,0.03389830508474576,59,2.2431752818115687,2.6225375011563297,2.8859972953796387,0,118
candidate,20260849,1,3,-8.0,2.5,0,0,0,0,0,0,0,0.03389830508474576,59,2.2829478701292456,2.9307343065738674,3.1380411237478256,0,118
candidate,20260849,2,3,0.0,2.5,0,0,0,0,0,1,1,0.045454545454545456,88,2.186550187285651,2.5972248055040836,3.747629001736641,0,176
candidate,20260849,3,3,-8.0,2.5,0,0,0,0,0,0,0,0.034482758620689655,58,2.2411149573223343,2.8936455957591534,2.957278862595558,0,116
candidate,20260850,0,0,-18.0,3.0,0,0,0,0,0,0,0,0.018518518518518517,54,2.2745452200373015,2.720383089035749,2.782018855214119,0,109
candidate,20260850,1,0,-17.0,4.0,0,0,1,9,0,0,0,0.012658227848101266,79,2.4250075928395307,3.3644281327724457,3.8029663264751434,0,158
candidate,20260850,2,0,-8.0,2.5,0,0,0,0,0,0,0,0.0851063829787234,47,2.1577942720118988,2.5516493245959277,2.711201086640358,0,94
candidate,20260850,3,0,0.0,2.5,0,0,0,0,0,1,1,0.036585365853658534,82,2.202988261493241,2.6654615998268127,2.8268713504076004,0,164
candidate,20260851,0,1,37.0,1.0,1,0,0,0,0,0,0,0.1111111111111111,27,2.2488143984918243,2.7160080149769783,2.8719790279865265,0,54
candidate,20260851,1,1,-8.0,2.5,0,0,0,0,0,0,0,0.037037037037037035,27,2.249270056684812,2.7907270938158035,2.852516248822212,0,54
candidate,20260851,2,1,-22.0,3.0,0,0,0,0,0,0,0,0.0,33,2.248576475363789,2.8727736324071884,2.9411204159259796,0,67
candidate,20260851,3,1,-8.0,2.5,0,0,0,0,0,0,0,0.037037037037037035,27,2.2140359850945295,2.9189497232437134,2.971479669213295,0,54
candidate,20260852,0,3,-8.0,2.5,0,0,0,0,0,0,0,0.0,36,2.406235266890791,3.436347469687462,3.6010723561048508,0,72
candidate,20260852,1,3,-8.0,2.5,0,0,0,0,0,0,0,0.0,36,2.343006432056427,3.032153006643057,3.3411234617233276,0,72
candidate,20260852,2,3,36.0,1.0,1,0,0,0,0,0,0,0.0,36,2.224720497098234,2.75076599791646,2.798110246658325,0,72
candidate,20260852,3,3,-20.0,4.0,0,0,1,12,0,0,0,0.05555555555555555,36,2.2476277210646205,2.791367471218109,4.207879304885864,0,72
candidate,20260853,0,2,-8.0,2.5,0,0,0,0,0,0,0,0.04918032786885246,61,2.2711781326864586,2.7986690402030945,2.8555523604154587,0,122
candidate,20260853,1,2,-8.0,2.5,0,0,0,0,0,0,0,0.0,32,2.4323707330040634,3.1686154194176197,6.332185119390488,0,64
candidate,20260853,2,2,-17.0,4.0,0,0,1,9,0,0,0,0.0,61,2.3198750969327864,2.921421080827713,5.460090935230255,0,122
candidate,20260853,3,2,-27.0,4.0,0,0,1,19,0,0,0,0.03278688524590164,61,2.224182160418542,2.7637630701065063,3.954291343688965,0,122
candidate,20260854,0,1,-8.0,2.5,0,0,0,0,0,0,0,0.0,30,2.372259274125099,2.948625758290291,3.4981872886419296,0,60
candidate,20260854,1,1,-20.0,4.0,0,0,1,12,0,0,0,0.03333333333333333,30,2.266372926533222,2.772785630077123,2.9993709176778793,0,60
candidate,20260854,2,1,48.0,1.0,1,0,0,0,0,0,0,0.0,38,2.222761658853606,2.7593261562287807,2.7690771967172623,0,76
candidate,20260854,3,1,-19.0,3.0,0,0,0,0,0,0,0,0.034482758620689655,29,2.2386850724960197,2.801760658621788,3.0245650559663773,0,59
candidate,20260855,0,1,60.0,1.0,1,1,0,0,0,0,0,0.0,70,2.480653753238065,3.4895670600235458,3.950035199522972,0,139
candidate,20260855,1,1,-8.0,2.5,0,0,0,0,0,0,0,0.038461538461538464,52,2.1966803604020524,2.5686250999569893,2.702280879020691,0,104
candidate,20260855,2,1,-17.0,3.0,0,0,0,0,0,0,0,0.014084507042253521,71,2.2334987428826345,2.8245365247130394,2.8722230345010757,0,143
candidate,20260855,3,1,-18.0,4.0,0,0,1,10,0,0,0,0.045454545454545456,44,2.197997686876492,2.601364441215992,2.6427973061800003,0,88
candidate,20260856,0,1,33.0,1.0,1,0,0,0,0,0,0,0.0,62,2.4256446669178624,3.6052175797522064,4.043467342853546,0,124
candidate,20260856,1,1,-8.0,2.5,0,0,0,0,0,0,0,0.03225806451612903,62,2.226326374276992,2.678790222853422,2.8293393552303314,0,124
candidate,20260856,2,1,-17.0,4.0,0,0,1,9,0,0,0,0.05,60,2.2704075401028,2.9481793753802776,3.083711490035057,0,120
candidate,20260856,3,1,-8.0,2.5,0,0,0,0,0,0,0,0.03225806451612903,62,2.1897018136036013,2.6351280510425568,2.8032641857862473,0,124
candidate,20260857,0,0,-32.0,4.0,0,0,1,24,0,0,0,0.029411764705882353,34,2.3072272648706154,2.8918784111738205,2.9250215739011765,0,68
candidate,20260857,1,0,-8.0,2.5,0,0,0,0,0,0,0,0.0,34,2.343251589028274,3.125237952917814,4.131890833377838,0,68
candidate,20260857,2,0,-8.0,2.5,0,0,0,0,0,0,0,0.09090909090909091,33,2.2219996334928456,2.81711146235466,2.835119143128395,0,66
candidate,20260857,3,0,-18.0,4.0,0,0,1,10,0,0,0,0.0,39,2.2614746330640254,2.8374670073390007,2.8419680893421173,0,78
candidate,20260858,0,2,-20.0,3.0,0,0,0,0,0,0,0,0.03773584905660377,53,2.256234826625518,2.6314951479434967,2.850217744708061,0,108
candidate,20260858,1,2,-20.0,3.0,0,0,0,0,0,0,0,0.03773584905660377,53,2.2385186111589648,2.6922106742858887,2.758460119366646,0,108
candidate,20260858,2,2,-20.0,3.0,0,0,0,0,0,0,0,0.03773584905660377,53,2.2324961170835316,2.784477546811104,2.8453972190618515,0,108
candidate,20260858,3,2,60.0,1.0,1,1,0,0,0,0,0,0.01818181818181818,55,2.280285954475403,3.077551908791065,3.152165561914444,0,108
candidate,20260859,0,1,-8.0,2.5,0,0,0,0,0,0,0,0.0,36,2.2814716729852886,2.719334326684475,2.757687121629715,0,72
candidate,20260859,1,1,33.0,1.0,1,0,0,0,0,0,0,0.027777777777777776,36,2.2193437649144068,2.6946687139570713,2.7197618037462234,0,72
candidate,20260859,2,1,-8.0,2.5,0,0,0,0,0,0,0,0.05555555555555555,36,2.272107948859533,3.1463121995329857,3.1743794679641724,0,72
candidate,20260859,3,1,-8.0,2.5,0,0,0,0,0,0,0,0.0,35,2.2142894566059113,2.7369366958737373,2.7433279901742935,0,70
candidate,20260860,0,0,-22.0,3.0,0,0,0,0,0,0,0,0.01818181818181818,55,2.286671203645793,2.781573124229908,2.899324521422386,0,111
candidate,20260860,1,0,66.0,1.0,1,1,0,0,0,0,0,0.03571428571428571,56,2.2165171935089996,2.6578563265502453,2.9149074107408524,0,111
candidate,20260860,2,0,-22.0,3.0,0,0,0,0,0,0,0,0.03389830508474576,59,2.1708470658730654,2.5779537856578827,2.6627760380506516,0,119
candidate,20260860,3,0,-22.0,3.0,0,0,0,0,0,0,0,0.0,55,2.290994640101086,3.0207589268684387,3.0553732067346573,0,111
candidate,20260861,0,3,49.0,1.0,1,0,0,0,0,0,0,0.0,8,2.2993749007582664,2.8114547953009605,2.8360597789287567,0,16
candidate,20260861,1,3,-8.0,2.5,0,0,0,0,0,0,0,0.0,8,2.2473132703453302,2.7132857590913773,2.714555710554123,0,16
candidate,20260861,2,3,-8.0,2.5,0,0,0,0,0,0,0,0.0,8,2.2440680768340826,2.7814529836177826,2.811616286635399,0,16
candidate,20260861,3,3,-33.0,4.0,0,0,1,25,0,0,0,0.0,8,2.247211756184697,2.7716750279068947,2.773342654109001,0,16
candidate,20260862,0,0,216.0,1.0,1,1,0,0,0,0,0,0.0392156862745098,51,2.346603711153947,2.8503574430942535,4.7483667731285095,0,101
candidate,20260862,1,0,-35.0,4.0,0,0,1,27,0,0,0,0.0,36,2.2525254947443805,2.8369040228426456,2.849521115422249,0,72
candidate,20260862,2,0,-8.0,2.5,0,0,0,0,0,0,0,0.030303030303030304,33,2.345720757589196,2.986312285065651,5.437988787889481,0,66
candidate,20260862,3,0,-8.0,2.5,0,0,0,0,0,0,0,0.027777777777777776,36,2.2536409087479115,2.7915844693779945,3.3979415893554688,0,72
candidate,20260863,0,3,-24.0,3.0,0,0,0,0,0,0,0,0.019230769230769232,52,2.2997550952893038,2.859652601182461,3.025732934474945,0,105
candidate,20260863,1,3,-23.0,4.0,0,0,1,15,0,0,0,0.019230769230769232,52,2.2267395128997474,2.59714899584651,2.737622708082199,0,104
candidate,20260863,2,3,-8.0,2.5,0,0,0,0,0,0,0,0.029850746268656716,67,2.2528261335483237,2.8362937271595,3.7951990962028503,0,134
candidate,20260863,3,3,72.0,1.0,1,1,0,0,0,0,0,0.05660377358490566,53,2.176070269548668,2.487650513648987,4.130857065320015,0,105
candidate,20260864,0,3,-8.0,2.5,0,0,0,0,0,0,0,0.0,27,2.3278352563027984,2.866920828819275,2.8872378170490265,0,54
candidate,20260864,1,3,37.0,1.0,1,0,0,0,0,0,0,0.0,27,2.387377674932833,3.132784925401211,4.021653905510902,0,54
candidate,20260864,2,3,-23.0,3.0,0,0,0,0,0,0,0,0.0,37,2.226910528701705,2.769361063838005,2.8244387358427048,0,75
candidate,20260864,3,3,-8.0,2.5,0,0,0,0,0,0,0,0.0,27,2.2118865615791745,2.7650056406855583,2.816464751958847,0,54
candidate,20260865,0,0,-8.0,2.5,0,0,0,0,0,0,0,0.03333333333333333,30,2.302932490905126,2.8193083591759205,2.8455033898353577,0,60
candidate,20260865,1,0,-22.0,3.0,0,0,0,0,0,0,0,0.03125,32,2.2357215639203787,2.733507752418518,2.836991101503372,0,65
candidate,20260865,2,0,-23.0,4.0,0,0,1,15,0,0,0,0.03333333333333333,30,2.1961028998096785,2.6996074244379997,2.737259492278099,0,60
candidate,20260865,3,0,-8.0,2.5,0,0,0,0,0,0,0,0.09375,32,2.1719957585446537,2.6087693870067596,2.7558207511901855,0,64
candidate,20260866,0,3,-8.0,2.5,0,0,0,0,0,0,0,0.030303030303030304,33,2.316233278675513,2.9016483575105667,2.9532350599765778,0,66
candidate,20260866,1,3,39.0,1.0,1,0,0,0,0,0,0,0.05263157894736842,57,2.170516145333909,2.5274906307458878,2.6567094027996063,0,114
candidate,20260866,2,3,-16.0,4.0,0,0,1,8,0,0,0,0.047619047619047616,63,2.1836055176598683,2.7365487068891525,2.8030388057231903,0,126
candidate,20260866,3,3,-8.0,2.5,0,0,0,0,0,0,0,0.0425531914893617,47,2.1964972244298204,2.7687400579452515,2.879694104194641,0,94
candidate,20260867,0,1,-45.0,4.0,0,0,1,37,1,0,0,0.0392156862745098,51,2.258633902552081,2.648049034178257,2.847185358405113,0,102
candidate,20260867,1,1,-8.0,2.5,0,0,0,0,0,0,0,0.0196078431372549,51,2.2133034014818715,2.706375904381275,2.833375707268715,0,102
candidate,20260867,2,1,-8.0,2.5,0,0,0,0,0,0,0,0.023809523809523808,42,2.240121985475222,2.8221389278769493,2.9138922691345215,0,84
candidate,20260867,3,1,36.0,1.0,1,0,0,0,0,0,0,0.022727272727272728,44,2.273912837898189,2.850949298590422,4.748927429318428,0,88
candidate,20260868,0,2,-8.0,2.5,0,0,0,0,0,0,0,0.0,35,2.312112652829715,2.9486244544386864,3.0947308987379074,0,70
candidate,20260868,1,2,-20.0,4.0,0,0,1,12,0,0,0,0.05714285714285714,35,2.215780796749251,2.611155062913894,2.7100127190351486,0,70
candidate,20260868,2,2,36.0,1.0,1,0,0,0,0,0,0,0.0,35,2.2755729300635203,2.9149044305086136,2.9854178428649902,0,70
candidate,20260868,3,2,-8.0,2.5,0,0,0,0,0,0,0,0.05714285714285714,35,2.21574173441955,2.7795491740107536,2.8502438217401505,0,70
candidate,20260869,0,3,-8.0,2.5,0,0,0,0,0,0,0,0.0,38,2.2815039479418804,2.7531644329428673,2.7704890817403793,0,76
candidate,20260869,1,3,-8.0,2.5,0,0,0,0,0,0,0,0.019230769230769232,52,2.2390706536288443,2.7324140071868896,2.9075108468532562,0,104
candidate,20260869,2,3,-8.0,2.5,0,0,0,0,0,0,0,0.02857142857142857,70,2.2435163280793597,2.8921938501298428,3.1609218567609787,0,140
candidate,20260869,3,3,0.0,2.5,0,0,0,0,0,1,1,0.011627906976744186,86,2.3007483633105146,3.0658156611025333,3.156391903758049,0,172
candidate,20260870,0,2,-21.0,3.0,0,0,0,0,0,0,0,0.02,50,2.2866524010896683,2.777175884693861,2.9057376086711884,0,101
candidate,20260870,1,2,36.0,1.0,1,0,0,0,0,0,0,0.0,60,2.297246331969897,2.8495148755609985,4.7470573335886,0,120
candidate,20260870,2,2,63.0,1.0,1,1,0,0,0,0,0,0.02127659574468085,47,2.1912952924662448,2.677398920059204,2.734307199716568,0,93
candidate,20260870,3,2,-16.0,4.0,0,0,1,8,0,0,0,0.0,20,2.209500689059496,2.744488976895809,2.751542255282402,0,40
candidate,20260871,0,1,33.0,1.0,1,0,0,0,0,0,0,0.024390243902439025,82,2.2370341438345793,2.579019032418728,2.8064604848623276,0,165
candidate,20260871,1,1,0.0,2.5,0,0,0,0,0,1,1,0.023255813953488372,86,2.2381513791028844,2.7185524813830853,2.7663763612508774,0,171
candidate,20260871,2,1,0.0,2.5,0,0,0,0,0,1,0,0.011627906976744186,86,2.2838492336314777,2.9258551076054573,5.09396567940712,0,174
candidate,20260871,3,1,0.0,2.5,0,0,0,0,0,1,1,0.0,88,2.339926738799973,2.8947160579264164,5.55831752717495,0,177
candidate,20260872,0,3,-8.0,2.5,0,0,0,0,0,0,0,0.06382978723404255,47,2.248543810020102,2.824806049466133,2.882443368434906,0,95
candidate,20260872,1,3,33.0,1.0,1,0,0,0,0,0,0,0.08888888888888889,45,2.29079131450918,2.6657037436962128,4.093626514077187,0,89
candidate,20260872,2,3,0.0,2.5,0,0,0,0,0,1,1,0.023529411764705882,85,2.218560326625319,2.731545642018318,2.777043730020523,0,170
candidate,20260872,3,3,-27.0,4.0,0,0,1,19,0,0,0,0.0,72,2.3606160603877573,3.395461291074753,3.5244356840848923,0,145
candidate,20260873,0,1,-8.0,2.5,0,0,0,0,0,0,0,0.0425531914893617,47,2.282917776957471,2.822086215019226,3.09782475233078,0,94
candidate,20260873,1,1,33.0,1.0,1,0,0,0,0,0,0,0.02127659574468085,47,2.2315671865610365,2.664119005203247,2.734806388616562,0,94
candidate,20260873,2,1,-8.0,2.5,0,0,0,0,0,0,0,0.0196078431372549,51,2.262589649534693,2.964428626000881,2.9990021139383316,0,102
candidate,20260873,3,1,-17.0,4.0,0,0,1,9,0,0,0,0.0,39,2.253535752877211,2.8683288022875786,2.9763858765363693,0,78
candidate,20260874,0,1,-8.0,2.5,0,0,0,0,0,0,0,0.0,18,2.2208418490158186,2.6529647409915924,2.675611525774002,0,36
candidate,20260874,1,1,33.0,1.0,1,0,0,0,0,0,0,0.1111111111111111,18,2.2217102555765047,2.632472291588783,2.824222669005394,0,36
candidate,20260874,2,1,-8.0,2.5,0,0,0,0,0,0,0,0.0,18,2.2787651461031704,2.88983266800642,2.911387011408806,0,36
candidate,20260874,3,1,-17.0,4.0,0,0,1,9,0,0,0,0.0,18,2.2646218745244875,2.811772096902132,2.833321690559387,0,36
candidate,20260875,0,3,-8.0,2.5,0,0,0,0,0,0,0,0.0,72,2.4249634653743772,3.318514209240675,3.431059420108795,0,144
candidate,20260875,1,3,-8.0,2.5,0,0,0,0,0,0,0,0.043478260869565216,46,2.2251218881296073,2.7077794075012207,2.87819467484951,0,92
candidate,20260875,2,3,-8.0,2.5,0,0,0,0,0,0,0,0.013888888888888888,72,2.2731046192348003,2.8999116271734238,3.4570395946502686,0,144
candidate,20260875,3,3,55.0,1.0,1,0,0,0,0,0,0,0.041666666666666664,72,2.1948584665854773,2.640391420572996,2.752711996436119,0,144
candidate,20260876,0,2,-8.0,2.5,0,0,0,0,0,0,0,0.04081632653061224,49,2.2818382677375055,2.833295240998268,3.4922435879707336,0,98
candidate,20260876,1,2,-16.0,4.0,0,0,1,8,0,0,0,0.021739130434782608,46,2.22328527952018,2.610662952065468,2.6702899485826492,0,92
candidate,20260876,2,2,32.0,1.0,1,0,0,0,0,0,0,0.02040816326530612,49,2.2609942801752867,3.0243936926126476,3.2024532556533813,0,98
candidate,20260876,3,2,-8.0,2.5,0,0,0,0,0,0,0,0.0,50,2.2191189602017403,2.7357288636267185,2.799496054649353,0,100
candidate,20260877,0,0,78.0,1.0,1,1,0,0,0,0,0,0.0,51,2.2997993464563407,2.8182724490761757,2.8331559151411057,0,102
candidate,20260877,1,0,-8.0,2.5,0,0,0,0,0,0,0,0.0,48,2.284020224275688,2.820787765085697,3.0223242938518524,0,97
candidate,20260877,2,0,-8.0,2.5,0,0,0,0,0,0,0,0.03076923076923077,65,2.171244902106432,2.569625899195671,2.6015527546405792,0,129
candidate,20260877,3,0,-26.0,3.0,0,0,0,0,0,0,0,0.04,50,2.2226152941584587,2.7888627722859383,2.80974805355072,0,102
candidate,20260878,0,2,-23.0,4.0,0,0,1,15,0,0,0,0.0,57,2.3474231558410743,2.9633965343236923,3.1178221106529236,0,114
candidate,20260878,1,2,-8.0,2.5,0,0,0,0,0,0,0,0.017543859649122806,57,2.3334221424240815,3.0200429260730735,3.57133150100708,0,114
candidate,20260878,2,2,39.0,1.0,1,0,0,0,0,0,0,0.030303030303030304,66,2.197225126578952,2.634415403008461,2.8496384620666504,0,132
candidate,20260878,3,2,-8.0,2.5,0,0,0,0,0,0,0,0.0,57,2.219018738782197,2.7238264679908752,2.7484800666570663,0,114
candidate,20260879,0,0,-8.0,2.5,0,0,0,0,0,0,0,0.05,40,2.2670548874884844,2.7365456335246563,2.7749277651309967,0,80
candidate,20260879,1,0,-8.0,2.5,0,0,0,0,0,0,0,0.027777777777777776,36,2.2005137159592576,2.625813242048025,2.761213108897209,0,72
candidate,20260879,2,0,-17.0,4.0,0,0,1,9,0,0,0,0.027777777777777776,36,2.214890749504169,2.767516765743494,2.8405189514160156,0,72
candidate,20260879,3,0,33.0,1.0,1,0,0,0,0,0,0,0.05555555555555555,36,2.3260662953058877,2.913917414844036,4.176285117864609,0,72
candidate,20260880,0,3,-19.0,4.0,0,0,1,11,0,0,0,0.019230769230769232,52,2.351083936026463,2.9703437350690365,3.0256882309913635,0,104
candidate,20260880,1,3,-33.0,3.0,0,0,0,0,0,0,0,0.03389830508474576,59,2.2368623038469733,2.689659222960472,2.792755141854286,0,120
candidate,20260880,2,3,33.0,1.0,1,0,0,0,0,0,0,0.014925373134328358,67,2.2838545490556688,2.9920566827058788,3.24912928044796,0,133
candidate,20260880,3,3,0.0,2.5,0,0,0,0,0,1,1,0.02631578947368421,76,2.1782514737232734,2.5929943658411503,2.7519352734088898,0,154
candidate,20260881,0,0,-16.0,3.0,0,0,0,0,0,0,0,0.07142857142857142,28,2.2912497765251567,2.767837792634964,2.812635153532028,0,58
candidate,20260881,1,0,-16.0,3.0,0,0,0,0,0,0,0,0.0,28,2.2294364337410246,2.723651472479105,2.7323272079229355,0,58
candidate,20260881,2,0,-16.0,3.0,0,0,0,0,0,0,0,0.10714285714285714,28,2.2520993037947585,2.546804118901491,4.413323476910591,0,58
candidate,20260881,3,0,63.0,1.0,1,1,0,0,0,0,0,0.03125,32,2.3225226323120296,3.0453693121671677,3.290737047791481,0,62
candidate,20260882,0,3,32.0,1.0,1,0,0,0,0,0,0,0.03125,32,2.4145820643752813,3.362635150551796,3.478042781352997,0,64
candidate,20260882,1,3,-24.0,3.0,0,0,0,0,0,0,0,0.0,38,2.2589084937384256,2.779269218444824,2.7878843247890472,0,77
candidate,20260882,2,3,-8.0,2.5,0,0,0,0,0,0,0,0.03125,32,2.2714840015396476,2.8776650317013264,3.7814341485500336,0,64
candidate,20260882,3,3,-8.0,2.5,0,0,0,0,0,0,0,0.0625,32,2.214055508375168,2.889551781117916,2.9610171914100647,0,64
candidate,20260883,0,2,32.0,1.0,1,0,0,0,0,0,0,0.05,40,2.2779403254389763,2.7566655538976192,2.8455164283514023,0,80
candidate,20260883,1,2,-16.0,3.0,0,0,0,0,0,0,0,0.025,40,2.240959694609046,2.763037197291851,2.789309248328209,0,81
candidate,20260883,2,2,-16.0,3.0,0,0,0,0,0,0,0,0.0,40,2.244795858860016,2.830956131219864,2.8515178710222244,0,81
candidate,20260883,3,2,-16.0,3.0,0,0,0,0,0,0,0,0.025,40,2.215272095054388,2.7537438087165356,2.774760127067566,0,81
candidate,20260884,0,3,57.0,1.0,1,1,0,0,0,0,0,0.043478260869565216,23,2.287309292865836,2.906634658575058,3.040863201022148,0,45
candidate,20260884,1,3,-19.0,3.0,0,0,0,0,0,0,0,0.045454545454545456,22,2.44325323199684,3.8504669442772856,5.102463066577911,0,45
candidate,20260884,2,3,-19.0,3.0,0,0,0,0,0,0,0,0.0,19,2.2105745186931207,2.7946367859840393,2.8525255620479584,0,39
candidate,20260884,3,3,-19.0,3.0,0,0,0,0,0,0,0,0.05263157894736842,19,2.203963304820814,2.680192142724991,2.7396734803915024,0,39
candidate,20260885,0,3,-8.0,2.5,0,0,0,0,0,0,0,0.0,34,2.3684257860569393,3.075694665312767,3.141077235341072,0,69
candidate,20260885,1,3,36.0,1.0,1,0,0,0,0,0,0,0.031746031746031744,63,2.262995208776186,2.7269044890999794,4.844833165407181,0,127
candidate,20260885,2,3,34.0,1.0,1,0,0,0,0,0,0,0.05714285714285714,35,2.183145816837038,2.596121095120907,2.631843090057373,0,69
candidate,20260885,3,3,-8.0,2.5,0,0,0,0,0,0,0,0.0,34,2.3205191554392086,3.3773161470890045,3.8460884243249893,0,69
candidate,20260886,0,2,99.0,1.0,1,1,0,0,0,0,0,0.04878048780487805,41,2.2716970614543777,2.825837582349777,2.9128659516572952,0,81
candidate,20260886,1,2,-33.0,3.0,0,0,0,0,0,0,0,0.05,40,2.3016616702079773,2.8552706353366375,5.57316467165947,0,81
candidate,20260886,2,2,-33.0,3.0,0,0,0,0,0,0,0,0.0,40,2.230701269581914,2.7728970162570477,2.927526831626892,0,81
candidate,20260886,3,2,-33.0,3.0,0,0,0,0,0,0,0,0.075,40,2.2538261488080025,2.872326318174599,3.490110859274864,0,81
candidate,20260887,0,3,-20.0,3.0,0,0,0,0,0,0,0,0.0,58,2.5433412720930986,3.4761980175971976,5.809616297483444,0,117
candidate,20260887,1,3,-8.0,2.5,0,0,0,0,0,0,0,0.0,58,2.2910760458687256,2.8218144550919533,4.661770537495613,0,116
candidate,20260887,2,3,-24.0,4.0,0,0,1,16,0,0,0,0.03076923076923077,65,2.2240931598039775,2.5125425308942795,5.069360136985779,0,130
candidate,20260887,3,3,-21.0,4.0,0,0,1,13,0,0,0,0.015625,64,2.2733094810973853,2.7298814617097378,5.036542192101479,0,128
candidate,20260888,0,3,-18.0,3.0,0,0,0,0,0,0,0,0.0,35,2.3184295211519514,2.9159320518374443,3.0369237065315247,0,71
candidate,20260888,1,3,-18.0,3.0,0,0,0,0,0,0,0,0.08571428571428572,35,2.1935031350169862,2.5150608271360397,2.5297366082668304,0,71
candidate,20260888,2,3,54.0,1.0,1,1,0,0,0,0,0,0.08333333333333333,36,2.2247967103289232,2.6137279346585274,4.2382292449474335,0,71
candidate,20260888,3,3,-18.0,3.0,0,0,0,0,0,0,0,0.02857142857142857,35,2.411652941788946,2.982228994369507,3.546135500073433,0,71
candidate,20260889,0,0,-8.0,2.5,0,0,0,0,0,0,0,0.02702702702702703,74,2.3097898811101913,2.832129504531622,3.8205906748771667,0,148
candidate,20260889,1,0,-16.0,4.0,0,0,1,8,0,0,0,0.0,41,2.322997988724127,2.8838515281677246,3.230506554245949,0,82
candidate,20260889,2,0,-18.0,4.0,0,0,1,10,0,0,0,0.037037037037037035,54,2.284433727187139,2.775457501411438,5.677880719304085,0,108
candidate,20260889,3,0,33.0,1.0,1,0,0,0,0,0,0,0.016129032258064516,62,2.360042635231249,2.9862970113754272,4.712443798780441,0,124
candidate,20260890,0,2,-26.0,4.0,0,0,1,18,0,0,0,0.046511627906976744,43,2.2504538037749224,2.73628681898117,2.8151962906122208,0,86
candidate,20260890,1,2,42.0,1.0,1,0,0,0,0,0,0,0.023255813953488372,43,2.2744289491065715,2.7831440791487694,3.150021657347679,0,86
candidate,20260890,2,2,-8.0,2.5,0,0,0,0,0,0,0,0.022222222222222223,45,2.3195384277237787,3.104327246546745,3.1925328075885773,0,90
candidate,20260890,3,2,-8.0,2.5,0,0,0,0,0,0,0,0.023255813953488372,43,2.3477935600419375,2.9082514345645905,6.918791681528091,0,86
candidate,20260891,0,1,-19.0,4.0,0,0,1,11,0,0,0,0.04477611940298507,67,2.3050198970890756,2.7231737971305847,4.07523475587368,0,134
candidate,20260891,1,1,33.0,1.0,1,0,0,0,0,0,0,0.07317073170731707,41,2.210103475102564,2.7832426130771637,2.8775278478860855,0,82
candidate,20260891,2,1,-23.0,4.0,0,0,1,15,0,0,0,0.023255813953488372,43,2.203858955654987,2.6933394372463226,2.7202144265174866,0,86
candidate,20260891,3,1,0.0,2.5,0,0,0,0,0,1,0,0.011627906976744186,86,2.2638789053226627,2.8023426420986652,5.262352526187897,0,171
candidate,20260892,0,0,33.0,1.0,1,0,0,0,0,0,0,0.0,48,2.3885228826353946,3.11258714646101,3.2049287110567093,0,96
candidate,20260892,1,0,-8.0,2.5,0,0,0,0,0,0,0,0.0,48,2.505985554307699,3.796528372913598,6.208503618836403,0,96
candidate,20260892,2,0,-17.0,4.0,0,0,1,9,0,0,0,0.0,35,2.2487861769539967,2.7931716293096542,2.8471387922763824,0,70
candidate,20260892,3,0,-17.0,4.0,0,0,1,9,0,0,0,0.041666666666666664,48,2.230902357647816,2.7911475859582424,2.955172210931778,0,96
candidate,20260893,0,3,-8.0,2.5,0,0,0,0,0,0,0,0.04838709677419355,62,2.2705528404443496,2.825104258954525,3.097647801041603,0,124
candidate,20260893,1,3,-16.0,4.0,0,0,1,8,0,0,0,0.0,34,2.2947852335431995,2.8838601894676685,2.934124320745468,0,68
candidate,20260893,2,3,32.0,1.0,1,0,0,0,0,0,0,0.03225806451612903,62,2.236031536613741,2.748824562877416,5.017455667257309,0,124
candidate,20260893,3,3,-8.0,2.5,0,0,0,0,0,0,0,0.03225806451612903,62,2.2587887642364346,2.6093698106706142,5.331005901098251,0,124
candidate,20260894,0,1,48.0,1.0,1,0,0,0,0,0,0,0.0,22,2.2745835171504454,2.7128975838422775,2.7224086225032806,0,44
candidate,20260894,1,1,-32.0,4.0,0,0,1,24,0,0,0,0.07692307692307693,26,2.2258939078220954,2.6299720630049706,2.6562996208667755,0,52
candidate,20260894,2,1,-8.0,2.5,0,0,0,0,0,0,0,0.0,26,2.224476649784125,2.8023323975503445,2.812609076499939,0,52
candidate,20260894,3,1,-8.0,2.5,0,0,0,0,0,0,0,0.0,26,2.2634249180555344,2.9776375740766525,3.194667398929596,0,52
candidate,20260895,0,1,-8.0,2.5,0,0,0,0,0,0,0,0.04,50,2.3132114857435226,2.77826813980937,4.292735829949379,0,100
candidate,20260895,1,1,-19.0,4.0,0,0,1,11,0,0,0,0.023809523809523808,42,2.2315855714536847,2.6503076776862144,2.709386870265007,0,84
candidate,20260895,2,1,-27.0,3.0,0,0,0,0,0,0,0,0.0,56,2.3192612321249078,2.861986868083477,5.919555202126503,0,113
candidate,20260895,3,1,35.0,1.0,1,0,0,0,0,0,0,0.06818181818181818,44,2.1575674922628836,2.505747228860855,2.9387418180704117,0,88
candidate,20260896,0,2,34.0,1.0,1,0,0,0,0,0,0,0.075,40,2.326900139451027,2.6242903433740135,6.573393940925598,0,80
candidate,20260896,1,2,-8.0,2.5,0,0,0,0,0,0,0,0.025,40,2.2213734220713377,2.6184759102761745,2.6763807982206345,0,80
candidate,20260896,2,2,-32.0,3.0,0,0,0,0,0,0,0,0.017543859649122806,57,2.264854285800666,2.7782078832387924,4.00763563811779,0,116
candidate,20260896,3,2,-8.0,2.5,0,0,0,0,0,0,0,0.020833333333333332,48,2.2201991717641554,2.6885761879384518,4.1076671332120895,0,97
candidate,20260897,0,1,-16.0,4.0,0,0,1,8,0,0,0,0.0,29,2.2833249049967734,2.7809452265501022,2.821804955601692,0,58
candidate,20260897,1,1,32.0,1.0,1,0,0,0,0,0,0,0.034482758620689655,29,2.313307903963944,3.0541300773620605,3.1893905252218246,0,58
candidate,20260897,2,1,-8.0,2.5,0,0,0,0,0,0,0,0.034482758620689655,29,2.1882372555033913,2.5474347174167633,2.6457123458385468,0,58
candidate,20260897,3,1,-8.0,2.5,0,0,0,0,0,0,0,0.06896551724137931,29,2.1950359745272277,2.65226848423481,2.685440704226494,0,58
candidate,20260898,0,1,-16.0,4.0,0,0,1,8,0,0,0,0.0,63,2.562948399119907,3.6586668342351913,6.0646627098321915,0,126
candidate,20260898,1,1,-8.0,2.5,0,0,0,0,0,0,0,0.034482758620689655,29,2.281337462622544,2.9183533042669296,3.036379814147949,0,58
candidate,20260898,2,1,0.0,2.5,0,0,0,0,0,1,1,0.011627906976744186,86,2.3137817895689676,2.7210786938667297,6.878718733787537,0,172
candidate,20260898,3,1,-8.0,2.5,0,0,0,0,0,0,0,0.019230769230769232,52,2.1957185907432666,2.601874992251396,2.631107345223427,0,104
candidate,20260899,0,3,-8.0,2.5,0,0,0,0,0,0,0,0.02040816326530612,49,2.2761894351973826,2.6934642344713207,3.110276535153389,0,98
candidate,20260899,1,3,-19.0,4.0,0,0,1,11,0,0,0,0.02040816326530612,49,2.3526379420441024,3.2095666974782944,3.285657614469528,0,98
candidate,20260899,2,3,35.0,1.0,1,0,0,0,0,0,0,0.0,49,2.365937532514942,3.289509192109107,3.430107608437538,0,98
candidate,20260899,3,3,-19.0,4.0,0,0,1,11,0,0,0,0.022727272727272728,44,2.2217670286243614,2.6893941685557365,2.712186425924301,0,88
candidate,20260900,0,1,-20.0,3.0,0,0,0,0,0,0,0,0.05,20,2.3008297197520733,2.7794855646789074,2.8036553412675858,0,41
candidate,20260900,1,1,60.0,1.0,1,1,0,0,0,0,0,0.09523809523809523,21,2.3691547768456593,2.5471001863479614,6.033148616552353,0,41
candidate,20260900,2,1,-20.0,3.0,0,0,0,0,0,0,0,0.0,20,2.270887978374958,2.8695430606603622,2.987859770655632,0,41
candidate,20260900,3,1,-20.0,3.0,0,0,0,0,0,0,0,0.0,20,2.2361990995705128,2.915424667298794,2.941461279988289,0,41
candidate,20260901,0,0,60.0,1.0,1,1,0,0,0,0,0,0.023809523809523808,42,2.3643592195141885,3.0751958489418025,4.587668925523758,0,83
candidate,20260901,1,0,-20.0,3.0,0,0,0,0,0,0,0,0.045454545454545456,44,2.250462304800749,2.74506825953722,4.25008125603199,0,89
candidate,20260901,2,0,-22.0,3.0,0,0,0,0,0,0,0,0.04,50,2.2022470086812973,2.66701839864254,2.695683389902115,0,101
candidate,20260901,3,0,-20.0,3.0,0,0,0,0,0,0,0,0.024390243902439025,41,2.2937331530379086,2.965157851576805,3.337560221552849,0,83
candidate,20260902,0,2,-19.0,3.0,0,0,0,0,0,0,0,0.045454545454545456,22,2.343643033369021,2.8427166864275932,3.710474818944931,0,45
candidate,20260902,1,2,-19.0,4.0,0,0,1,11,0,0,0,0.045454545454545456,22,2.3409958759492095,2.6376438327133656,5.078410729765892,0,44
candidate,20260902,2,2,57.0,1.0,1,1,0,0,0,0,0,0.043478260869565216,23,2.235806020705596,2.8526047244668007,2.870740368962288,0,45
candidate,20260902,3,2,-19.0,3.0,0,0,0,0,0,0,0,0.0,22,2.3068546910177576,2.9955648817121983,3.048097714781761,0,45
candidate,20260903,0,2,-8.0,2.5,0,0,0,0,0,0,0,0.012345679012345678,81,2.2892058585528976,2.760373055934906,2.8494764119386673,0,163
candidate,20260903,1,2,51.0,1.0,1,1,0,0,0,0,0,0.023529411764705882,85,2.2743580095908222,2.781643345952034,4.5139379799366,0,170
candidate,20260903,2,2,-18.0,4.0,0,0,1,10,0,0,0,0.024096385542168676,83,2.2552704595657715,2.730718813836574,4.551135003566742,0,167
candidate,20260903,3,2,-8.0,2.5,0,0,0,0,0,0,0,0.036585365853658534,82,2.203216776251793,2.666715905070305,2.992698922753334,0,163
candidate,20260904,0,0,-16.0,4.0,0,0,1,8,0,0,0,0.0,40,2.3857763968408108,3.0105398036539555,3.0976422131061554,0,80
candidate,20260904,1,0,10.0,2.0,0,0,0,0,0,0,0,0.0,73,2.3528714345334327,2.9456432908773422,5.1520392298698425,1,147
candidate,20260904,2,0,-18.0,4.0,0,0,1,10,0,0,0,0.025,80,2.3011870915070176,3.0989697203040123,5.640551447868347,0,159
candidate,20260904,3,0,-8.0,2.5,0,0,0,0,0,0,0,0.05,40,2.1848039235919714,2.5672595947980876,2.738894894719124,0,80
candidate,20260905,0,3,44.0,1.0,1,0,0,0,0,0,0,0.03333333333333333,30,2.295010288556417,2.7945763431489468,3.008142113685608,0,60
candidate,20260905,1,3,-8.0,2.5,0,0,0,0,0,0,0,0.03296703296703297,91,2.235272387554357,2.621709369122982,3.8417894393205643,0,182
candidate,20260905,2,3,-8.0,2.5,0,0,0,0,0,0,0,0.0,30,2.2384274750947952,2.8436097316443916,2.8944984078407288,0,60
candidate,20260905,3,3,-8.0,2.5,0,0,0,0,0,0,0,0.06666666666666667,30,2.220423395435015,2.7456323616206646,3.014303743839264,0,60
candidate,20260906,0,2,49.0,1.0,1,0,0,0,0,0,0,0.0,30,2.34568410863479,2.872646786272526,2.8787367045879364,0,60
candidate,20260906,1,2,40.0,1.0,1,0,0,0,0,0,0,0.0,37,2.3200119770056493,2.7860715985298157,4.4050682336091995,0,74
candidate,20260906,2,2,34.0,1.0,1,0,0,0,0,0,0,0.045454545454545456,44,2.249629321423444,2.9394605197012424,3.150349482893944,0,88
candidate,20260906,3,2,-8.0,2.5,0,0,0,0,0,0,0,0.0,30,2.2852816929419837,2.808195538818836,4.92408312857151,0,60
candidate,20260907,0,1,44.0,1.0,1,0,0,0,0,0,0,0.06,50,2.2921906039118767,2.6729122735559936,4.372643306851387,0,100
candidate,20260907,1,1,-8.0,2.5,0,0,0,0,0,0,0,0.058823529411764705,51,2.1957382559776306,2.6345308870077133,2.9185526072978973,0,102
candidate,20260907,2,1,-8.0,2.5,0,0,0,0,0,0,0,0.0196078431372549,51,2.248735258392259,2.8984127566218376,3.0946508049964905,0,102
candidate,20260907,3,1,-28.0,4.0,0,0,1,20,0,0,0,0.02,50,2.2109337896108627,2.734976913779974,2.7783364057540894,0,100
candidate,20260908,0,1,-8.0,2.5,0,0,0,0,0,0,0,0.0,79,2.380481437791752,3.1722547486424446,3.2864268869161606,0,158
candidate,20260908,1,1,-19.0,4.0,0,0,1,11,0,0,0,0.0379746835443038,79,2.2881468875875957,2.9577013105154037,3.0765272676944733,0,158
candidate,20260908,2,1,-33.0,4.0,0,0,1,25,0,0,0,0.02857142857142857,70,2.207219441022192,2.6485958136618137,2.847546711564064,0,140
candidate,20260908,3,1,35.0,1.0,1,0,0,0,0,0,0,0.03125,64,2.2331982327159494,2.721016760915518,4.862559959292412,0,128
candidate,20260909,0,0,33.0,1.0,1,0,0,0,0,0,0,0.06666666666666667,45,2.2699853198395834,2.7612056583166122,3.2240767031908035,0,90
candidate,20260909,1,0,-8.0,2.5,0,0,0,0,0,0,0,0.022222222222222223,45,2.3828635613123574,2.731073275208473,7.038069888949394,0,90
candidate,20260909,2,0,-17.0,4.0,0,0,1,9,0,0,0,0.06,50,2.2069402784109116,2.7631192468106747,3.072459250688553,0,100
candidate,20260909,3,0,-8.0,2.5,0,0,0,0,0,0,0,0.06666666666666667,45,2.1830979734659195,2.6804979890584946,2.774205058813095,0,90
candidate,20260910,0,2,-21.0,3.0,0,0,0,0,0,0,0,0.0,38,2.412178749708753,2.9370642267167564,6.03163056075573,0,77
candidate,20260910,1,2,-21.0,3.0,0,0,0,0,0,0,0,0.02631578947368421,38,2.260182346952589,2.8415173292160034,2.9037483036518097,0,77
candidate,20260910,2,2,48.0,1.0,1,0,0,0,0,0,0,0.0,46,2.236790266697821,2.788292709738016,2.8134919703006744,0,92
candidate,20260910,3,2,-21.0,3.0,0,0,0,0,0,0,0,0.0,40,2.2223888896405697,2.7569247409701347,2.7981549501419067,0,81
candidate,20260911,0,1,-8.0,2.5,0,0,0,0,0,0,0,0.0,52,2.4608948912758093,3.1881707720458508,6.908521056175232,0,104
candidate,20260911,1,1,34.0,1.0,1,0,0,0,0,0,0,0.057692307692307696,52,2.2033387795090675,2.673771884292364,3.5138335078954697,0,104
candidate,20260911,2,1,-8.0,2.5,0,0,0,0,0,0,0,0.030303030303030304,33,2.198273880463658,2.636067196726799,2.6467163115739822,0,66
candidate,20260911,3,1,-18.0,4.0,0,0,1,10,0,0,0,0.0,52,2.4898233465277233,4.003383591771126,5.3077582269907,0,104
candidate,20260912,0,0,-17.0,4.0,0,0,1,9,0,0,0,0.023255813953488372,43,2.3771335565766623,3.1567635014653206,3.2316651195287704,0,86
candidate,20260912,1,0,-8.0,2.5,0,0,0,0,0,0,0,0.023809523809523808,42,2.4109852633305957,3.217834234237671,3.859231248497963,0,84
candidate,20260912,2,0,-20.0,3.0,0,0,0,0,0,0,0,0.02,50,2.273287810385227,2.777746971696615,4.001006484031677,0,101
candidate,20260912,3,0,-8.0,2.5,0,0,0,0,0,0,0,0.0,43,2.3344532088484873,3.1377265229821205,3.253607079386711,0,86
candidate,20260913,0,0,66.0,1.0,1,1,0,0,0,0,0,0.05263157894736842,38,2.2371760814597734,2.6214937679469585,2.766665071249008,0,75
candidate,20260913,1,0,-22.0,3.0,0,0,0,0,0,0,0,0.05405405405405406,37,2.2225697096940635,2.683933079242706,2.9148757457733154,0,75
candidate,20260913,2,0,-22.0,3.0,0,0,0,0,0,0,0,0.08108108108108109,37,2.1922095502550536,2.675732225179672,2.7697086334228516,0,75
candidate,20260913,3,0,-22.0,3.0,0,0,0,0,0,0,0,0.0,37,2.426144591457135,3.2624267041683193,5.2607376128435135,0,75
candidate,20260914,0,3,33.0,1.0,1,0,0,0,0,0,0,0.0410958904109589,73,2.2774666598806643,2.7761485427618027,4.020612686872482,0,146
candidate,20260914,1,3,-8.0,2.5,0,0,0,0,0,0,0,0.03389830508474576,59,2.282755291562969,2.8887808322906494,3.3765025436878204,0,118
candidate,20260914,2,3,-8.0,2.5,0,0,0,0,0,0,0,0.03389830508474576,59,2.2350088772127186,2.737300284206867,3.2271873205900192,0,118
candidate,20260914,3,3,-8.0,2.5,0,0,0,0,0,0,0,0.01694915254237288,59,2.232005346124455,2.7895199134945865,3.006376326084137,0,118
candidate,20260915,0,1,0.0,2.5,0,0,0,0,0,1,1,0.0,82,2.4399502520881047,3.415482398122549,3.941196948289871,0,164
candidate,20260915,1,1,0.0,2.5,0,0,0,0,0,1,0,0.012195121951219513,82,2.2703660879193284,2.866679430007935,3.2048560678958893,0,164
candidate,20260915,2,1,-28.0,4.0,0,0,1,20,0,0,0,0.015384615384615385,65,2.2042152400200186,2.677168697118759,2.752630040049553,0,130
candidate,20260915,3,1,0.0,2.5,0,0,0,0,0,1,1,0.036585365853658534,82,2.2040846780305956,2.7898368425667286,2.8404835611581802,0,164
candidate,20260916,0,0,38.0,1.0,1,0,0,0,0,0,0,0.0425531914893617,47,2.223557931311587,2.525199763476848,2.798471599817276,0,94
candidate,20260916,1,0,-23.0,4.0,0,0,1,15,0,0,0,0.024390243902439025,41,2.248776622298287,2.658391371369362,3.0354801565408707,0,82
candidate,20260916,2,0,-8.0,2.5,0,0,0,0,0,0,0,0.0975609756097561,41,2.187634840971086,2.7271267026662827,2.7714036405086517,0,82
candidate,20260916,3,0,-8.0,2.5,0,0,0,0,0,0,0,0.024390243902439025,41,2.2038189557994285,2.732347697019577,2.7687102556228638,0,82
candidate,20260917,0,1,-8.0,2.5,0,0,0,0,0,0,0,0.02127659574468085,47,2.267065794861063,2.722750604152679,2.8092358261346817,0,94
candidate,20260917,1,1,-8.0,2.5,0,0,0,0,0,0,0,0.014925373134328358,67,2.2206888047616875,2.694040723145008,2.80679389834404,0,134
candidate,20260917,2,1,39.0,1.0,1,0,0,0,0,0,0,0.03636363636363636,55,2.175854349678213,2.4853670969605446,3.5528745502233505,0,110
candidate,20260917,3,1,-17.0,4.0,0,0,1,9,0,0,0,0.04081632653061224,49,2.2245352441559034,2.7329597622156143,2.937164157629013,0,98
candidate,20260918,0,1,-8.0,2.5,0,0,0,0,0,0,0,0.045454545454545456,44,2.2748213007368823,2.8111604042351246,2.922816202044487,0,88
candidate,20260918,1,1,66.0,1.0,1,1,0,0,0,0,0,0.05714285714285714,35,2.202095996056284,2.5866981595754623,2.7268845587968826,0,69
candidate,20260918,2,1,-8.0,2.5,0,0,0,0,0,0,0,0.02040816326530612,49,2.284063710546007,3.0139636248350143,3.3058300614356995,0,98
candidate,20260918,3,1,-8.0,2.5,0,0,0,0,0,0,0,0.038461538461538464,52,2.2613871842622757,2.921693492680788,3.050912171602249,0,104
candidate,20260919,0,0,66.0,1.0,1,1,0,0,0,0,0,0.05405405405405406,37,2.2463648504502065,2.70766019821167,2.7750134468078613,0,74
candidate,20260919,1,0,-21.0,4.0,0,0,1,13,0,0,0,0.023809523809523808,42,2.3275166306467283,2.9939218424260616,3.18155437707901,0,85
candidate,20260919,2,0,-8.0,2.5,0,0,0,0,0,0,0,0.023255813953488372,43,2.198183692471926,2.6313096284866333,2.681177109479904,0,85
candidate,20260919,3,0,-8.0,2.5,0,0,0,0,0,0,0,0.023809523809523808,42,2.213242774208387,2.789869625121355,2.8591658920049667,0,85
candidate,20260920,0,2,36.0,1.0,1,0,0,0,0,0,0,0.03571428571428571,28,2.2658504146550382,2.767194528132677,2.8114784508943558,0,56
candidate,20260920,1,2,-8.0,2.5,0,0,0,0,0,0,0,0.03333333333333333,30,2.2928379476070404,2.927263453602791,2.9438938945531845,0,60
candidate,20260920,2,2,-8.0,2.5,0,0,0,0,0,0,0,0.0,28,2.221300399729184,2.7287453413009644,2.747846767306328,0,56
candidate,20260920,3,2,-20.0,4.0,0,0,1,12,0,0,0,0.0,28,2.215880235391004,2.7459051460027695,2.779826521873474,0,56
candidate,20260921,0,1,-8.0,2.5,0,0,0,0,0,0,0,0.0,52,2.398171891959814,3.255434706807135,3.90714593231678,0,104
candidate,20260921,1,1,-34.0,4.0,0,0,1,26,0,0,0,0.04081632653061224,49,2.1931299825712127,2.556213364005089,2.6895347982645035,0,98
candidate,20260921,2,1,36.0,1.0,1,0,0,0,0,0,0,0.0,51,2.2990448656035403,3.000522032380104,3.0757486820220947,0,102
candidate,20260921,3,1,0.0,2.5,0,0,0,0,0,1,1,0.0,86,2.3425339049724645,3.270080778747797,3.397533670067787,0,172
candidate,20260922,0,0,37.0,1.0,1,0,0,0,0,0,0,0.0,62,2.3801676147887783,3.1707148067653175,3.642341122031212,0,124
candidate,20260922,1,0,-8.0,2.5,0,0,0,0,0,0,0,0.04838709677419355,62,2.2052340810337374,2.542745415121317,3.4612882882356644,0,124
candidate,20260922,2,0,33.0,1.0,1,0,0,0,0,0,0,0.05084745762711865,59,2.219859889503253,2.7166433632373805,2.8412267565727234,0,118
candidate,20260922,3,0,-17.0,4.0,0,0,1,9,0,0,0,0.016129032258064516,62,2.272067801846612,2.827402763068676,3.119520843029022,0,124
candidate,20260923,0,1,-8.0,2.5,0,0,0,0,0,0,0,0.017241379310344827,58,2.2989603979834197,2.771334070712328,2.9795393347740173,0,116
candidate,20260923,1,1,-19.0,4.0,0,0,1,11,0,0,0,0.017241379310344827,58,2.3321723244313537,3.0136844143271446,4.077419638633728,0,116
candidate,20260923,2,1,-17.0,4.0,0,0,1,9,0,0,0,0.0,47,2.265419692118117,2.8408650308847427,2.881065011024475,0,94
candidate,20260923,3,1,35.0,1.0,1,0,0,0,0,0,0,0.0,58,2.307283756291044,3.1164039857685566,3.2899975776672363,0,116
candidate,20260924,0,2,54.0,1.0,1,1,0,0,0,0,0,0.027777777777777776,36,2.265417534444067,2.7786572463810444,2.801593393087387,0,71
candidate,20260924,1,2,-18.0,3.0,0,0,0,0,0,0,0,0.029411764705882353,34,2.277203999898013,2.8439776971936226,2.9981695115566254,0,69
candidate,20260924,2,2,-18.0,3.0,0,0,0,0,0,0,0,0.05714285714285714,35,2.216764007295881,2.76032704859972,3.01150418817997,0,71
candidate,20260924,3,2,-18.0,3.0,0,0,0,0,0,0,0,0.0,35,2.253311180642673,2.9464017599821086,3.149794414639473,0,71
candidate,20260925,0,3,-18.0,4.0,0,0,1,10,0,0,0,0.07317073170731707,41,2.2261878702698685,2.5797244161367416,2.8191953897476196,0,82
candidate,20260925,1,3,37.0,1.0,1,0,0,0,0,0,0,0.08571428571428572,35,2.2582358015435084,2.809267491102218,3.016604110598564,0,70
candidate,20260925,2,3,-17.0,4.0,0,0,1,9,0,0,0,0.06666666666666667,30,2.215317947169145,2.6287934742867947,2.6855915784835815,0,60
candidate,20260925,3,3,-8.0,2.5,0,0,0,0,0,0,0,0.022727272727272728,44,2.206204967065291,2.822440955787897,2.9316507279872894,0,88
candidate,20260926,0,1,-17.0,4.0,0,0,1,9,0,0,0,0.03125,32,2.3139092954806983,2.815633825957775,2.8926245868206024,0,64
candidate,20260926,1,1,-17.0,3.0,0,0,0,0,0,0,0,0.07692307692307693,39,2.1760984300038753,2.523881569504738,2.791326493024826,0,79
candidate,20260926,2,1,33.0,1.0,1,0,0,0,0,0,0,0.03125,32,2.203591458965093,2.65669459477067,2.677975222468376,0,64
candidate,20260926,3,1,-8.0,2.5,0,0,0,0,0,0,0,0.0,32,2.267759758979082,2.8157190419733524,3.0623357743024826,0,64
candidate,20260927,0,2,-8.0,2.5,0,0,0,0,0,0,0,0.0,68,2.447069513008875,3.305498696863651,3.7625283002853394,0,136
candidate,20260927,1,2,-8.0,2.5,0,0,0,0,0,0,0,0.03125,64,2.2783121385145932,2.681268099695444,3.1467508524656296,0,128
candidate,20260927,2,2,35.0,1.0,1,0,0,0,0,0,0,0.015625,64,2.3427518317475915,3.077646903693676,3.4574363380670547,0,128
candidate,20260927,3,2,33.0,1.0,1,0,0,0,0,0,0,0.02857142857142857,70,2.256471317793642,2.8154129162430763,2.9337331652641296,0,140
candidate,20260928,0,0,63.0,1.0,1,1,0,0,0,0,0,0.014084507042253521,71,2.312907581807862,2.7299541980028152,3.3045969903469086,0,141
candidate,20260928,1,0,-8.0,2.5,0,0,0,0,0,0,0,0.04918032786885246,61,2.2648090466124113,2.811415120959282,3.125237300992012,0,122
candidate,20260928,2,0,-20.0,4.0,0,0,1,12,0,0,0,0.017543859649122806,57,2.290419907423488,2.8568431735038753,2.985600382089615,0,114
candidate,20260928,3,0,-18.0,3.0,0,0,0,0,0,0,0,0.016666666666666666,60,2.2940638785560927,2.78719700872898,3.4160353243350983,0,121
candidate,20260929,0,3,-8.0,2.5,0,0,0,0,0,0,0,0.016129032258064516,62,2.3172544615883983,2.76875551789999,3.1733438372612,0,124
candidate,20260929,1,3,-8.0,2.5,0,0,0,0,0,0,0,0.0,62,2.3804142049724057,3.2995817251503463,3.5382304340600967,0,124
candidate,20260929,2,3,0.0,2.5,0,0,0,0,0,1,1,0.022988505747126436,87,2.255797043614004,2.841680496931076,2.9663294553756714,0,174
candidate,20260929,3,3,-17.0,4.0,0,0,1,9,0,0,0,0.0,62,2.4075963264030795,3.3279133029282093,3.770342096686363,0,124
candidate,20260930,0,3,-16.0,4.0,0,0,1,8,0,0,0,0.0,60,2.53337686881423,3.4915225580334663,3.8480274379253387,0,120
candidate,20260930,1,3,-19.0,4.0,0,0,1,11,0,0,0,0.04,25,2.3400987684726715,2.965717017650604,3.1302664428949356,0,50
candidate,20260930,2,3,-17.0,4.0,0,0,1,9,0,0,0,0.0196078431372549,51,2.263573126173487,2.778279595077038,3.013916313648224,0,102
candidate,20260930,3,3,-17.0,4.0,0,0,1,9,0,0,0,0.045454545454545456,44,2.3517515933649107,2.8673372231423855,5.035892128944397,0,88
candidate,20260931,0,1,48.0,1.0,1,1,0,0,0,0,0,0.0,42,2.3141575622416677,2.869261521846056,3.297906368970871,0,83
candidate,20260931,1,1,-21.0,3.0,0,0,0,0,0,0,0,0.044444444444444446,45,2.2821170174413257,2.7566317468881607,5.082650110125542,0,91
candidate,20260931,2,1,-21.0,3.0,0,0,0,0,0,0,0,0.06666666666666667,45,2.2229286117686167,2.759939059615135,2.9511358588933945,0,91
candidate,20260931,3,1,-22.0,4.0,0,0,1,14,0,0,0,0.013157894736842105,76,2.3307140279365215,3.19693423807621,3.5952534526586533,0,152
candidate,20260932,0,0,-8.0,2.5,0,0,0,0,0,0,0,0.0,39,2.4454727864418273,3.248080238699913,3.3984314650297165,0,78
candidate,20260932,1,0,-8.0,2.5,0,0,0,0,0,0,0,0.05,40,2.2280999459326267,2.594933938235044,2.844586968421936,0,80
candidate,20260932,2,0,-21.0,4.0,0,0,1,13,0,0,0,0.0,39,2.2899478864975467,2.8637338429689407,2.958793193101883,0,78
candidate,20260932,3,0,-8.0,2.5,0,0,0,0,0,0,0,0.05128205128205128,39,2.207581335917497,2.6963291689753537,2.9838494956493378,0,78
candidate,20260933,0,3,0.0,2.5,0,0,0,0,0,1,0,0.023809523809523808,84,2.301226370036602,2.8009274043142796,3.082685172557831,0,168
candidate,20260933,1,3,-20.0,4.0,0,0,1,12,0,0,0,0.04878048780487805,41,2.272907099345835,2.695942297577858,3.4960992634296417,0,82
candidate,20260933,2,3,-8.0,2.5,0,0,0,0,0,0,0,0.037037037037037035,54,2.2599920975389303,2.8855477459728713,2.9320642352104187,0,108
candidate,20260933,3,3,-8.0,2.5,0,0,0,0,0,0,0,0.023809523809523808,42,2.2901237631837525,3.0603468418121325,3.1267907470464706,0,84
candidate,20260934,0,0,48.0,1.0,1,1,0,0,0,0,0,0.022222222222222223,45,2.2984388801786633,2.6667483150959015,3.2880231738090515,0,89
candidate,20260934,1,0,-19.0,4.0,0,0,1,11,0,0,0,0.027777777777777776,72,2.283272152352664,2.8367491438984875,4.634670913219452,0,144
candidate,20260934,2,0,-36.0,3.0,0,0,0,0,0,0,0,0.0,81,2.4423842536814417,3.5637132823467255,4.248857498168945,0,163
candidate,20260934,3,0,-16.0,3.0,0,0,0,0,0,0,0,0.0,46,2.3335593793055285,3.122391179203987,3.2409001141786575,0,93
candidate,20260935,0,3,-8.0,2.5,0,0,0,0,0,0,0,0.02564102564102564,39,2.3162510150518174,2.8219262138009076,3.2648425549268723,0,78
candidate,20260935,1,3,49.0,1.0,1,0,0,0,0,0,0,0.0,39,2.417007795511148,3.322468511760235,3.5914741456508636,0,78
candidate,20260935,2,3,-8.0,2.5,0,0,0,0,0,0,0,0.02564102564102564,39,2.239430609803933,2.6552535593509674,2.743840217590332,0,78
candidate,20260935,3,3,-33.0,4.0,0,0,1,25,0,0,0,0.05128205128205128,39,2.326069781795526,2.9026003554463387,3.513006493449211,0,78
candidate,20260936,0,0,-31.0,3.0,0,0,0,0,0,0,0,0.0,39,2.4632693578799567,2.8718318790197372,3.370322287082672,0,79
candidate,20260936,1,0,-31.0,3.0,0,0,0,0,0,0,0,0.0,39,2.498221273223559,3.2828249037265778,3.4733880311250687,0,79
candidate,20260936,2,0,-31.0,3.0,0,0,0,0,0,0,0,0.0,39,2.470638077610578,3.2849309965968136,3.6607887595891953,0,79
candidate,20260936,3,0,93.0,1.0,1,1,0,0,0,0,0,0.0,40,2.495106402784586,3.38818710297346,3.9149951189756393,0,79
candidate,20260937,0,0,-16.0,3.0,0,0,0,0,0,0,0,0.0625,32,2.3662830935791135,2.8885841369628906,3.055909648537636,0,65
candidate,20260937,1,0,48.0,1.0,1,1,0,0,0,0,0,0.09090909090909091,33,2.618135771516598,3.3838376402854915,3.5174600780010223,0,65
candidate,20260937,2,0,-16.0,3.0,0,0,0,0,0,0,0,0.058823529411764705,34,2.212989198810914,2.6867685839533806,2.7438662946224213,0,69
candidate,20260937,3,0,-16.0,3.0,0,0,0,0,0,0,0,0.0,28,2.373667699950082,3.398282267153263,3.4163817763328552,0,57
candidate,20260938,0,3,-8.0,2.5,0,0,0,0,0,0,0,0.037037037037037035,27,2.3948544015487037,3.00151314586401,3.3459365367889404,0,54
candidate,20260938,1,3,-8.0,2.5,0,0,0,0,0,0,0,0.037037037037037035,27,2.346467019783126,3.0611108988523483,3.133069723844528,0,54
candidate,20260938,2,3,-18.0,4.0,0,0,1,10,0,0,0,0.0,27,2.307683919314985,2.925012819468975,2.9366444796323776,0,54
candidate,20260938,3,3,34.0,1.0,1,0,0,0,0,0,0,0.037037037037037035,27,2.3333036375266536,3.1051935628056526,3.4647807478904724,0,54
candidate,20260939,0,3,-19.0,3.0,0,0,0,0,0,0,0,0.021739130434782608,46,2.304204253722792,2.7589714154601097,2.83118337392807,0,93
candidate,20260939,1,3,-19.0,3.0,0,0,0,0,0,0,0,0.08695652173913043,46,2.2055285618357034,2.6332801207900047,2.6864279061555862,0,93
candidate,20260939,2,3,57.0,1.0,1,1,0,0,0,0,0,0.0425531914893617,47,2.205732377602699,2.6175063103437424,2.81633622944355,0,93
candidate,20260939,3,3,-19.0,3.0,0,0,0,0,0,0,0,0.0,46,2.420862245818843,3.238785546272993,5.986323580145836,0,93
candidate,20260940,0,2,-20.0,3.0,0,0,0,0,0,0,0,0.0,26,2.335101222762695,2.787729725241661,3.112317994236946,0,53
candidate,20260940,1,2,-18.0,3.0,0,0,0,0,0,0,0,0.0,30,2.461660342911879,3.4662765450775623,3.506997600197792,0,61
candidate,20260940,2,2,54.0,1.0,1,1,0,0,0,0,0,0.05714285714285714,35,2.343540372593062,3.0525764450430857,4.947775974869728,0,69
candidate,20260940,3,2,-20.0,3.0,0,0,0,0,0,0,0,0.0,26,2.258601598441601,2.836506813764572,2.851443365216255,0,53
candidate,20260941,0,1,-17.0,4.0,0,0,1,9,0,0,0,0.043478260869565216,23,2.5033570178177045,3.020644560456276,5.8769844472408295,0,46
candidate,20260941,1,1,-8.0,2.5,0,0,0,0,0,0,0,0.034482758620689655,29,2.2756523484813758,2.7767758816480637,2.8419196605682373,0,58
candidate,20260941,2,1,-8.0,2.5,0,0,0,0,0,0,0,0.047619047619047616,42,2.283705531486443,2.905360236763954,3.347571939229965,0,84
candidate,20260941,3,1,39.0,1.0,1,0,0,0,0,0,0,0.047619047619047616,42,2.1765113231681643,2.553745172917843,2.581711858510971,0,84
candidate,20260942,0,2,-18.0,4.0,0,0,1,10,0,0,0,0.0,42,2.625654096759501,4.332341440021989,4.5462362468242645,0,84
candidate,20260942,1,2,34.0,1.0,1,0,0,0,0,0,0,0.023809523809523808,42,2.248749890852542,2.6892281137406826,2.7637649327516556,0,84
candidate,20260942,2,2,-8.0,2.5,0,0,0,0,0,0,0,0.023809523809523808,42,2.260876509050528,2.792990766465664,3.7815850228071213,0,84
candidate,20260942,3,2,-8.0,2.5,0,0,0,0,0,0,0,0.023809523809523808,42,2.302780126531919,3.0526947230100627,3.608856350183487,0,84
candidate,20260943,0,3,-8.0,2.5,0,0,0,0,0,0,0,0.022727272727272728,44,2.278325401923873,2.6627755723893642,2.8012357652187347,0,88
candidate,20260943,1,3,-8.0,2.5,0,0,0,0,0,0,0,0.030303030303030304,33,2.3555787788196043,3.0645400285720825,3.16837802529335,0,66
candidate,20260943,2,3,-16.0,4.0,0,0,1,8,0,0,0,0.030303030303030304,33,2.2546943051345423,2.8579585254192352,2.8951000422239304,0,66
candidate,20260943,3,3,32.0,1.0,1,0,0,0,0,0,0,0.06060606060606061,33,2.1673624375552842,2.6557348668575287,2.7454886585474014,0,66
candidate,20260944,0,3,-23.0,3.0,0,0,0,0,0,0,0,0.047619047619047616,21,2.2968481339159466,2.8116758912801743,2.9011592268943787,0,43
candidate,20260944,1,3,-23.0,3.0,0,0,0,0,0,0,0,0.09523809523809523,21,2.274675117362113,2.930259332060814,2.956824377179146,0,43
candidate,20260944,2,3,69.0,1.0,1,1,0,0,0,0,0,0.0,22,2.2949174215847794,3.014014009386301,3.270767629146576,0,43
candidate,20260944,3,3,-23.0,3.0,0,0,0,0,0,0,0,0.0,21,2.209628178250222,2.7966927736997604,2.8174519538879395,0,43
candidate,20260945,0,1,-8.0,2.5,0,0,0,0,0,0,0,0.0,29,2.3350862079653245,2.867158129811287,2.988634631037712,0,58
candidate,20260945,1,1,-16.0,4.0,0,0,1,8,0,0,0,0.05128205128205128,39,2.3553198537765403,3.0420269817113876,3.1697507947683334,0,78
candidate,20260945,2,1,-8.0,2.5,0,0,0,0,0,0,0,0.05128205128205128,39,2.280758025172429,3.0825918540358543,3.1239334493875504,0,78
candidate,20260945,3,1,35.0,1.0,1,0,0,0,0,0,0,0.06666666666666667,30,2.1791815757751465,2.5427046231925488,2.6064757257699966,0,60
candidate,20260946,0,2,-16.0,4.0,0,0,1,8,0,0,0,0.043478260869565216,69,2.235866462190946,2.4876948446035385,2.758665010333061,0,138
candidate,20260946,1,2,-18.0,4.0,0,0,1,10,0,0,0,0.030303030303030304,66,2.2328220251383204,2.7421717531979084,2.7778930962085724,0,132
candidate,20260946,2,2,-8.0,2.5,0,0,0,0,0,0,0,0.0,66,2.315281043675813,2.9180352576076984,5.220035091042519,0,132
candidate,20260946,3,2,0.0,2.5,0,0,0,0,0,1,1,0.02197802197802198,91,2.2180846145192343,2.700120210647583,2.8637610375881195,0,182
candidate,20260947,0,0,-23.0,4.0,0,0,1,15,0,0,0,0.041666666666666664,48,2.252549670326213,2.5764686055481434,2.801092341542244,0,96
candidate,20260947,1,0,-8.0,2.5,0,0,0,0,0,0,0,0.020833333333333332,48,2.280656946823001,2.829471044242382,3.149721771478653,0,96
candidate,20260947,2,0,57.0,1.0,1,1,0,0,0,0,0,0.0,46,2.441894424998242,3.362501971423626,4.278562963008881,0,91
candidate,20260947,3,0,-8.0,2.5,0,0,0,0,0,0,0,0.0,48,2.2635820399348936,2.746915817260742,3.0489396303892136,0,96
candidate,20260948,0,3,-8.0,2.5,0,0,0,0,0,0,0,0.02702702702702703,37,2.323274827889494,2.79526449739933,3.0199680477380753,0,74
candidate,20260948,1,3,32.0,1.0,1,0,0,0,0,0,0,0.02702702702702703,37,2.3661239727123364,3.1019344925880423,3.3675357699394226,0,74
candidate,20260948,2,3,-16.0,4.0,0,0,1,8,0,0,0,0.0,38,2.323546740961702,2.9238914139568806,3.018055111169815,0,76
candidate,20260948,3,3,-16.0,4.0,0,0,1,8,0,0,0,0.0,37,2.2820499096367812,2.8873734176158905,2.993885427713394,0,74
candidate,20260949,0,0,-20.0,3.0,0,0,0,0,0,0,0,0.0375,80,2.310517244040966,3.0772185884416103,3.6890078336000443,0,161
candidate,20260949,1,0,-22.0,4.0,0,0,1,14,0,0,0,0.03225806451612903,62,2.2487227294233536,2.629218157380819,3.4179501235485077,0,124
candidate,20260949,2,0,-8.0,2.5,0,0,0,0,0,0,0,0.0,73,2.3415402496514255,3.0829507857561107,4.011331126093864,0,146
candidate,20260949,3,0,0.0,2.5,0,0,0,0,0,1,0,0.0,80,2.4263847153633833,3.201427776366472,5.477914586663246,0,160
candidate,20260950,0,3,48.0,1.0,1,1,0,0,0,0,0,0.01639344262295082,61,2.316876421453523,2.851167693734169,2.9096193611621857,0,121
candidate,20260950,1,3,-19.0,4.0,0,0,1,11,0,0,0,0.0,35,2.3151701050145284,2.872231788933277,3.1149331480264664,0,70
candidate,20260950,2,3,-24.0,4.0,0,0,1,16,0,0,0,0.015384615384615385,65,2.3024720641282888,2.90437713265419,3.1492915004491806,0,130
candidate,20260950,3,3,-8.0,2.5,0,0,0,0,0,0,0,0.0,65,2.451418454830463,3.2748043537139893,5.196785554289818,0,130
candidate,20260951,0,1,48.0,1.0,1,1,0,0,0,0,0,0.0,53,2.540187172169955,3.83528396487236,3.960035741329193,0,105
candidate,20260951,1,1,-18.0,4.0,0,0,1,10,0,0,0,0.0,58,2.27439705410908,2.7953065931797028,2.8308071196079254,0,116
candidate,20260951,2,1,0.0,2.5,0,0,0,0,0,1,1,0.0,84,2.3786967975043116,3.175654634833336,3.407968208193779,0,168
candidate,20260951,3,1,-8.0,2.5,0,0,0,0,0,0,0,0.01694915254237288,59,2.286107673988504,2.9892362654209133,3.039766103029251,0,118
candidate,20260952,0,2,-33.0,3.0,0,0,0,0,0,0,0,0.0,70,2.3120506533554623,2.8920202516019344,3.108920529484749,0,141
candidate,20260952,1,2,-33.0,3.0,0,0,0,0,0,0,0,0.05970149253731343,67,2.2168245944959013,2.706976048648357,2.7805641293525696,0,135
candidate,20260952,2,2,-33.0,3.0,0,0,0,0,0,0,0,0.04477611940298507,67,2.2258024607131732,2.6240384206175804,2.843925729393959,0,135
candidate,20260952,3,2,34.0,1.0,1,0,0,0,0,0,0,0.020833333333333332,48,2.312142557154099,2.915030810981989,3.2420996576547623,0,96
candidate,20260953,0,0,48.0,1.0,1,1,0,0,0,0,0,0.0,33,2.444611749414242,3.3431131392717357,3.919614478945732,0,65
candidate,20260953,1,0,-16.0,3.0,0,0,0,0,0,0,0,0.0,36,2.29915122811993,2.9854951426386833,3.0582118779420853,0,73
candidate,20260953,2,0,-16.0,3.0,0,0,0,0,0,0,0,0.027777777777777776,36,2.2526654000911446,2.8263325802981853,2.9487721621990204,0,73
candidate,20260953,3,0,-16.0,3.0,0,0,0,0,0,0,0,0.027777777777777776,36,2.2895770250923104,3.0090385116636753,3.057347610592842,0,73
candidate,20260954,0,0,0.0,2.5,0,0,0,0,0,1,1,0.0,84,2.551357594451734,3.707758989185095,4.383387044072151,0,168
candidate,20260954,1,0,35.0,1.0,1,0,0,0,0,0,0,0.02531645569620253,79,2.2906030092058303,2.9617207124829292,3.1297672539949417,0,158
candidate,20260954,2,0,-21.0,3.0,0,0,0,0,0,0,0,0.023255813953488372,43,2.313846245754597,2.9286926612257957,2.9981639236211777,0,87
candidate,20260954,3,0,-23.0,4.0,0,0,1,15,0,0,0,0.03614457831325301,83,2.2379280887095323,2.8333121910691257,3.0532460659742355,0,166
candidate,20260955,0,2,-16.0,4.0,0,0,1,8,0,0,0,0.030303030303030304,66,2.28610471116774,2.731090411543846,2.835804596543312,0,131
candidate,20260955,1,2,-8.0,2.5,0,0,0,0,0,0,0,0.0,73,2.4491155341471713,3.51625233888626,3.831382840871811,0,147
candidate,20260955,2,2,32.0,1.0,1,0,0,0,0,0,0,0.0136986301369863,73,2.359590480384761,2.8889484703540798,4.736276343464851,0,147
candidate,20260955,3,2,0.0,2.5,0,0,0,0,0,1,1,0.023529411764705882,85,2.2944249431876576,2.659304440021515,4.065845161676407,0,170
candidate,20260956,0,2,-8.0,2.5,0,0,0,0,0,0,0,0.030303030303030304,33,2.421109400915377,3.2135367393493652,4.446724429726601,0,66
candidate,20260956,1,2,-8.0,2.5,0,0,0,0,0,0,0,0.0,35,2.361466735601425,3.046669252216816,3.2152757048606873,0,70
candidate,20260956,2,2,-21.0,4.0,0,0,1,13,0,0,0,0.0,33,2.3209811611609026,3.008214384317398,4.476742818951607,0,66
candidate,20260956,3,2,-8.0,2.5,0,0,0,0,0,0,0,0.09090909090909091,33,2.356291043035912,3.6508500576019256,5.29068149626255,0,66
candidate,20260957,0,2,33.0,1.0,1,0,0,0,0,0,0,0.027777777777777776,36,2.3405406003197036,3.024634439498186,3.110412508249283,0,72
candidate,20260957,1,2,-8.0,2.5,0,0,0,0,0,0,0,0.03125,32,2.334846183657646,2.771687600761652,4.502257332205772,0,64
candidate,20260957,2,2,-8.0,2.5,0,0,0,0,0,0,0,0.020833333333333332,48,2.284599894968172,2.7795664966106415,4.271429032087326,0,96
candidate,20260957,3,2,-17.0,4.0,0,0,1,9,0,0,0,0.016129032258064516,62,2.2833453070732856,2.865839470177889,4.16436605155468,0,124
candidate,20260958,0,3,-8.0,2.5,0,0,0,0,0,0,0,0.0,30,2.3255386700232825,2.941332664340734,3.0535049736499786,0,60
candidate,20260958,1,3,-22.0,3.0,0,0,0,0,0,0,0,0.027777777777777776,36,2.482782635423872,3.5878363996744156,5.072776228189468,0,73
candidate,20260958,2,3,-8.0,2.5,0,0,0,0,0,0,0,0.03333333333333333,30,2.2898207108179727,2.787522505968809,3.4827739000320435,0,60
candidate,20260958,3,3,-17.0,4.0,0,0,1,9,0,0,0,0.02040816326530612,49,2.317512673991067,2.9316637665033336,3.9107389748096466,0,98
candidate,20260959,0,1,-25.0,3.0,0,0,0,0,0,0,0,0.0,28,2.4572350084781647,3.1259872950613494,4.020994529128075,0,57
candidate,20260959,1,1,75.0,1.0,1,1,0,0,0,0,0,0.10344827586206896,29,2.250701702874282,2.873783558607101,3.2679494470357895,0,57
candidate,20260959,2,1,-25.0,3.0,0,0,0,0,0,0,0,0.10714285714285714,28,2.2618857744549,2.7126943692564964,2.8694290667772293,0,57
candidate,20260959,3,1,-25.0,3.0,0,0,0,0,0,0,0,0.07142857142857142,28,2.2786433276321207,2.8702001087367535,2.9129646718502045,0,57
candidate,20260960,0,3,54.0,1.0,1,1,0,0,0,0,0,0.02,50,2.3500429838895798,2.828072290867567,2.8990376740694046,0,99
candidate,20260960,1,3,-17.0,3.0,0,0,0,0,0,0,0,0.03896103896103896,77,2.2590346392486,2.619241178035736,3.0593331903219223,0,155
candidate,20260960,2,3,54.0,1.0,1,1,0,0,0,0,0,0.046153846153846156,65,2.28646148282748,3.0695516616106033,3.3566150814294815,0,129
candidate,20260960,3,3,-8.0,2.5,0,0,0,0,0,0,0,0.05555555555555555,36,2.3195017646584244,2.907682675868273,5.094634369015694,0,72
candidate,20260961,0,3,-24.0,3.0,0,0,0,0,0,0,0,0.02702702702702703,37,2.3590994847787394,2.9123384505510326,3.124479204416275,0,75
candidate,20260961,1,3,48.0,1.0,1,1,0,0,0,0,0,0.07692307692307693,39,2.2724918448008022,2.6500001549720764,3.0994489789009094,0,77
candidate,20260961,2,3,-16.0,3.0,0,0,0,0,0,0,0,0.07894736842105263,38,2.3670829832553864,2.946893498301505,5.030214786529541,0,77
candidate,20260961,3,3,-16.0,3.0,0,0,0,0,0,0,0,0.02631578947368421,38,2.3654532667837644,3.1235552392899986,3.8218777626752853,0,77
candidate,20260962,0,1,-8.0,2.5,0,0,0,0,0,0,0,0.022727272727272728,44,2.346362749283964,2.8403040021657944,2.9939506202936172,0,88
candidate,20260962,1,1,0.0,2.5,0,0,0,0,0,1,1,0.04395604395604396,91,2.275343411243879,2.713967114686966,3.0264221131801605,0,182
candidate,20260962,2,1,-8.0,2.5,0,0,0,0,0,0,0,0.041666666666666664,48,2.308758092112839,2.972066681832075,4.29205596446991,0,96
candidate,20260962,3,1,45.0,1.0,1,0,0,0,0,0,0,0.041666666666666664,48,2.2849139058962464,2.9459876939654346,3.22144478559494,0,96
candidate,20260963,0,3,34.0,1.0,1,0,0,0,0,0,0,0.0,23,2.5984606827082843,3.5068202763795853,4.959437996149063,0,46
candidate,20260963,1,3,-8.0,2.5,0,0,0,0,0,0,0,0.0,23,2.359517242597497,3.1862795352935787,3.2509099692106247,0,46
candidate,20260963,2,3,-18.0,4.0,0,0,1,10,0,0,0,0.043478260869565216,23,2.349556059293125,2.9546098783612247,3.039121627807617,0,46
candidate,20260963,3,3,-8.0,2.5,0,0,0,0,0,0,0,0.043478260869565216,23,2.367328528476798,3.104139491915703,3.3089034259319305,0,46
candidate,20260964,0,2,75.0,1.0,1,1,0,0,0,0,0,0.01818181818181818,55,2.2794241254979912,2.735549211502075,2.809762954711914,0,109
candidate,20260964,1,2,39.0,1.0,1,0,0,0,0,0,0,0.07894736842105263,38,2.247842028737068,2.7653517201542854,3.47859226167202,0,76
candidate,20260964,2,2,-24.0,3.0,0,0,0,0,0,0,0,0.018518518518518517,54,2.2376770222628557,2.761021349579096,2.8783921152353287,0,109
candidate,20260964,3,2,-24.0,3.0,0,0,0,0,0,0,0,0.018518518518518517,54,2.270270932327818,2.7735725976526733,3.009553998708725,0,109
candidate,20260965,0,2,-16.0,4.0,0,0,1,8,0,0,0,0.0,29,2.471993002912094,3.3913012593984604,3.8137026131153107,0,58
candidate,20260965,1,2,-8.0,2.5,0,0,0,0,0,0,0,0.038461538461538464,52,2.279079232651454,2.7962655760347843,3.0091535300016403,0,104
candidate,20260965,2,2,-17.0,4.0,0,0,1,9,0,0,0,0.0,39,2.5328690998065166,3.766540996730328,4.384882748126984,0,78
candidate,20260965,3,2,-17.0,3.0,0,0,0,0,0,0,0,0.0,57,2.3796422439709044,3.1044255942106243,3.2033398747444153,0,115
candidate,20260966,0,1,41.0,1.0,1,0,0,0,0,0,0,0.022727272727272728,44,2.344574440609325,2.748922538012266,3.244590014219284,0,88
candidate,20260966,1,1,-18.0,4.0,0,0,1,10,0,0,0,0.0,44,2.347528722814538,3.0517227947711945,3.0863676220178604,0,88
candidate,20260966,2,1,-8.0,2.5,0,0,0,0,0,0,0,0.01694915254237288,59,2.333068936052969,3.0752120539546013,3.321627154946327,0,118
candidate,20260966,3,1,-8.0,2.5,0,0,0,0,0,0,0,0.02,50,2.2939273715019226,3.050575125962496,3.166012465953827,0,100
candidate,20260967,0,1,-19.0,4.0,0,0,1,11,0,0,0,0.0,37,2.330268103931401,2.734601870179176,2.8191786259412766,0,74
candidate,20260967,1,1,36.0,1.0,1,0,0,0,0,0,0,0.0,61,2.2751587885813636,2.8149429708719254,2.9947925359010696,0,122
candidate,20260967,2,1,-8.0,2.5,0,0,0,0,0,0,0,0.01639344262295082,61,2.237691773010082,2.822674810886383,2.937696874141693,0,122
candidate,20260967,3,1,-8.0,2.5,0,0,0,0,0,0,0,0.01639344262295082,61,2.237292250893155,2.8360243886709213,3.015264868736267,0,122
candidate,20260968,0,0,0.0,2.5,0,0,0,0,0,1,0,0.0,84,2.3600486595006216,3.0114084482192993,3.0946265906095505,0,168
candidate,20260968,1,0,-8.0,2.5,0,0,0,0,0,0,0,0.031746031746031744,63,2.2374139950862006,2.673218213021755,2.8642844408750534,0,126
candidate,20260968,2,0,0.0,2.5,0,0,0,0,0,1,1,0.022222222222222223,90,2.220408908194966,2.677279245108366,2.900410443544388,0,180
candidate,20260968,3,0,34.0,1.0,1,0,0,0,0,0,0,0.011363636363636364,88,2.3687504104931247,3.309899289160966,3.4630335867404938,0,176
candidate,20260969,0,0,0.0,2.5,0,0,0,0,0,1,0,0.0,84,2.4317757093480656,3.1700825318694115,3.3165086060762405,0,168
candidate,20260969,1,0,0.0,2.5,0,0,0,0,0,1,1,0.011363636363636364,88,2.2609647024761546,2.7449476532638073,2.86235474050045,0,176
candidate,20260969,2,0,-8.0,2.5,0,0,0,0,0,0,0,0.0,68,2.3809336947605892,3.2901604659855366,3.560153767466545,0,136
candidate,20260969,3,0,-17.0,4.0,0,0,1,9,0,0,0,0.045454545454545456,66,2.188768632935755,2.6756366714835167,3.1008925288915634,0,132
candidate,20260970,0,1,-8.0,2.5,0,0,0,0,0,0,0,0.0,46,2.351840836522372,2.9726610518991947,3.1326990574598312,0,92
candidate,20260970,1,1,-8.0,2.5,0,0,0,0,0,0,0,0.043478260869565216,46,2.2858188528081644,2.671707421541214,5.231877788901329,0,92
candidate,20260970,2,1,-19.0,4.0,0,0,1,11,0,0,0,0.021739130434782608,46,2.2400429715280947,2.682791557163,2.960994839668274,0,92
candidate,20260970,3,1,32.0,1.0,1,0,0,0,0,0,0,0.046511627906976744,43,2.2384796811397685,2.9358776286244392,3.018021583557129,0,86
candidate,20260971,0,3,168.0,1.0,1,1,0,0,0,0,0,0.1,30,2.267288975417614,2.851847466081379,3.393683582544327,0,59
candidate,20260971,1,3,-8.0,2.5,0,0,0,0,0,0,0,0.06666666666666667,15,2.252985661228498,2.7737265452742577,2.7803201228380203,0,30
candidate,20260971,2,3,-8.0,2.5,0,0,0,0,0,0,0,0.09523809523809523,21,2.2937715763137456,2.9014721512794495,3.120139241218567,0,42
candidate,20260971,3,3,-8.0,2.5,0,0,0,0,0,0,0,0.0,16,2.2122827358543873,2.8298464603722095,2.8540603816509247,0,32
candidate,20260972,0,3,-18.0,4.0,0,0,1,10,0,0,0,0.04878048780487805,41,2.2714248426803727,2.8222817927598953,2.8334762901067734,0,82
candidate,20260972,1,3,33.0,1.0,1,0,0,0,0,0,0,0.06451612903225806,62,2.1837617781373764,2.458329312503338,2.8854850679636,0,124
candidate,20260972,2,3,-8.0,2.5,0,0,0,0,0,0,0,0.06666666666666667,30,2.2713967288533845,2.8279167599976063,3.412894904613495,0,60
candidate,20260972,3,3,-16.0,4.0,0,0,1,8,0,0,0,0.0,30,2.3377985383073487,3.2291259616613384,3.701047971844673,0,60
candidate,20260973,0,3,32.0,1.0,1,0,0,0,0,0,0,0.029411764705882353,34,2.292802557349205,2.7430502697825427,2.8407443314790726,0,68
candidate,20260973,1,3,32.0,1.0,1,0,0,0,0,0,0,0.027777777777777776,72,2.262428920302126,2.740392182022333,2.994576469063759,0,144
candidate,20260973,2,3,-8.0,2.5,0,0,0,0,0,0,0,0.0,34,2.2440932910231983,2.800367306917906,2.8521083295345306,0,68
candidate,20260973,3,3,-8.0,2.5,0,0,0,0,0,0,0,0.0,34,2.2916088757269524,3.0209632590413094,3.096526488661766,0,68
candidate,20260974,0,1,-8.0,2.5,0,0,0,0,0,0,0,0.0,73,2.4227678316504986,3.2461229711771007,3.354731947183609,0,146
candidate,20260974,1,1,38.0,1.0,1,0,0,0,0,0,0,0.014705882352941176,68,2.2877286845708595,3.008271846920252,3.104107454419136,0,136
candidate,20260974,2,1,-19.0,4.0,0,0,1,11,0,0,0,0.0,69,2.3651929113312042,3.2305594533681865,3.536596894264221,0,138
candidate,20260974,3,1,-22.0,4.0,0,0,1,14,0,0,0,0.029411764705882353,68,2.2802488494883564,2.9133616015315056,3.4945048391819,0,136
candidate,20260975,0,3,-26.0,3.0,0,0,0,0,0,0,0,0.03571428571428571,28,2.28238119078534,2.708679344505071,2.7883853763341904,0,57
candidate,20260975,1,3,-26.0,3.0,0,0,0,0,0,0,0,0.0,28,2.367732846843345,3.0246877111494537,4.1898321360349655,0,57
candidate,20260975,2,3,-26.0,3.0,0,0,0,0,0,0,0,0.0,30,2.249286758402983,2.843237668275833,3.025885671377182,0,61
candidate,20260975,3,3,78.0,1.0,1,1,0,0,0,0,0,0.034482758620689655,29,2.1823635003690063,2.597437426447868,2.731461077928543,0,57
candidate,20260976,0,2,-18.0,3.0,0,0,0,0,0,0,0,0.0625,48,2.246252649153272,2.550302352756262,3.1043533235788345,0,97
candidate,20260976,1,2,0.0,2.5,0,0,0,0,0,1,1,0.03529411764705882,85,2.2281109629308475,2.582046389579773,2.8465110808610916,0,171
candidate,20260976,2,2,-18.0,3.0,0,0,0,0,0,0,0,0.02040816326530612,49,2.3326382649188138,3.124213218688964,4.031447693705559,0,99
candidate,20260976,3,2,-18.0,3.0,0,0,0,0,0,0,0,0.02040816326530612,49,2.23824248782226,2.8622951358556747,2.8929878026247025,0,99
candidate,20260977,0,2,-21.0,3.0,0,0,0,0,0,0,0,0.0,40,2.5236427783966064,3.8874006830155845,4.103375598788261,0,81
candidate,20260977,1,2,-21.0,3.0,0,0,0,0,0,0,0,0.05,40,2.2215092554688454,2.6018761098384853,2.791648730635643,0,81
candidate,20260977,2,2,-21.0,3.0,0,0,0,0,0,0,0,0.075,40,2.201481256633997,2.5686629116535187,2.7507077902555466,0,81
candidate,20260977,3,2,63.0,1.0,1,1,0,0,0,0,0,0.0,41,2.2810270964372448,2.7909670025110245,4.045156762003899,0,81
candidate,20260978,0,0,-8.0,2.5,0,0,0,0,0,0,0,0.05128205128205128,39,2.2488457556718435,2.6076555252075195,2.8200242668390274,0,78
candidate,20260978,1,0,-28.0,4.0,0,0,1,20,0,0,0,0.02702702702702703,37,2.37127484099285,3.020746260881419,5.286389961838722,0,74
candidate,20260978,2,0,84.0,1.0,1,1,0,0,0,0,0,0.012658227848101266,79,2.282392492965807,2.838608622550964,3.4896153956651688,0,157
candidate,20260978,3,0,34.0,1.0,1,0,0,0,0,0,0,0.05660377358490566,53,2.172314755196841,2.6073209941387177,2.7590282261371613,0,106
candidate,20260979,0,3,-8.0,2.5,0,0,0,0,0,0,0,0.07142857142857142,28,2.403938344546727,2.777848485857248,5.651751533150673,0,56
candidate,20260979,1,3,-8.0,2.5,0,0,0,0,0,0,0,0.06451612903225806,31,2.2776530034119085,2.7165506035089493,4.118403419852257,0,62
candidate,20260979,2,3,-8.0,2.5,0,0,0,0,0,0,0,0.03225806451612903,31,2.2231958686344084,2.7501219883561134,2.7692466974258423,0,62
candidate,20260979,3,3,35.0,1.0,1,0,0,0,0,0,0,0.0,31,2.2963942178795413,3.264111466705799,3.4144092351198196,0,62
candidate,20260980,0,0,-8.0,2.5,0,0,0,0,0,0,0,0.020833333333333332,48,2.3560757593562207,2.95700216665864,4.116641357541084,0,96
candidate,20260980,1,0,44.0,1.0,1,0,0,0,0,0,0,0.0,48,2.5261134142056108,3.8460143841803074,4.164494574069977,0,96
candidate,20260980,2,0,-8.0,2.5,0,0,0,0,0,0,0,0.0,48,2.293339464813471,2.84145325422287,3.6885160952806473,0,96
candidate,20260980,3,0,-30.0,3.0,0,0,0,0,0,0,0,0.03508771929824561,57,2.2585316512145495,2.7593817561864853,3.919031471014023,0,115
candidate,20260981,0,3,-17.0,4.0,0,0,1,9,0,0,0,0.0,43,2.3701482040937556,2.8747307136654854,3.750784322619438,0,86
candidate,20260981,1,3,-32.0,4.0,0,0,1,24,0,0,0,0.022727272727272728,44,2.311122815378688,2.885790728032589,2.954510971903801,0,88
candidate,20260981,2,3,-8.0,2.5,0,0,0,0,0,0,0,0.023255813953488372,43,2.2431559600802355,2.7528028935194016,3.179376944899559,0,86
candidate,20260981,3,3,-8.0,2.5,0,0,0,0,0,0,0,0.023255813953488372,43,2.246550262667412,2.8317173942923546,3.0144955962896347,0,86
candidate,20260982,0,0,-19.0,4.0,0,0,1,11,0,0,0,0.022222222222222223,45,2.303891173667378,2.7623385190963745,3.937631845474243,0,90
candidate,20260982,1,0,35.0,1.0,1,0,0,0,0,0,0,0.0,49,2.3430084467542414,3.1493645161390305,3.3716466277837753,0,98
candidate,20260982,2,0,-8.0,2.5,0,0,0,0,0,0,0,0.04081632653061224,49,2.2100486165406754,2.565919980406761,3.3555887639522552,0,98
candidate,20260982,3,0,-8.0,2.5,0,0,0,0,0,0,0,0.02040816326530612,49,2.228828717251213,2.7503632009029384,3.0250530689954758,0,98
candidate,20260983,0,0,-27.0,4.0,0,0,1,19,0,0,0,0.08571428571428572,35,2.257117522614343,2.575005777180195,2.8119757771492004,0,70
candidate,20260983,1,0,43.0,1.0,1,0,0,0,0,0,0,0.017543859649122806,57,2.3035247597778055,2.7884922921657562,4.762344062328339,0,114
candidate,20260983,2,0,-21.0,4.0,0,0,1,13,0,0,0,0.01639344262295082,61,2.298335071469917,3.057340160012245,3.1871870160102844,0,122
candidate,20260983,3,0,-28.0,3.0,0,0,0,0,0,0,0,0.046511627906976744,43,2.2688177522531774,2.7470961213111877,5.201162770390511,0,87
candidate,20260984,0,2,-18.0,3.0,0,0,0,0,0,0,0,0.018518518518518517,54,2.3594622810681662,2.8156219981610775,5.059430375695229,0,109
candidate,20260984,1,2,-8.0,2.5,0,0,0,0,0,0,0,0.02040816326530612,49,2.3179107858818404,2.934592217206955,3.1652934849262238,0,98
candidate,20260984,2,2,-8.0,2.5,0,0,0,0,0,0,0,0.016666666666666666,60,2.2593821088473,2.821245603263378,2.893587574362755,0,120
candidate,20260984,3,2,35.0,1.0,1,0,0,0,0,0,0,0.058823529411764705,34,2.2386147585861824,2.8997037559747696,2.9852762818336487,0,68
candidate,20260985,0,2,-8.0,2.5,0,0,0,0,0,0,0,0.0,35,2.4950213730335236,3.5137569531798323,4.537908360362053,0,70
candidate,20260985,1,2,46.0,1.0,1,0,0,0,0,0,0,0.0,35,2.51929834485054,3.580326586961746,3.8281958550214767,0,70
candidate,20260985,2,2,-30.0,4.0,0,0,1,22,0,0,0,0.0,35,2.246569256697382,2.7547137811779976,2.79899500310421,0,70
candidate,20260985,3,2,-30.0,4.0,0,0,1,22,0,0,0,0.03125,32,2.2441750625148416,2.8017351403832436,2.8516165912151337,0,64
candidate,20260986,0,1,-22.0,4.0,0,0,1,14,0,0,0,0.028169014084507043,71,2.3229158890079447,2.76775099337101,5.557987838983536,0,143
candidate,20260986,1,1,34.0,1.0,1,0,0,0,0,0,0,0.027777777777777776,36,2.3352247662842274,2.867809496819973,5.039246752858162,0,72
candidate,20260986,2,1,-8.0,2.5,0,0,0,0,0,0,0,0.031746031746031744,63,2.2795298506343173,2.8106437996029854,4.888787865638733,0,126
candidate,20260986,3,1,-8.0,2.5,0,0,0,0,0,0,0,0.03076923076923077,65,2.282678994994897,2.9861263930797577,6.127750501036644,0,130
candidate,20260987,0,3,-8.0,2.5,0,0,0,0,0,0,0,0.0,68,2.463816719896653,3.3849897794425483,6.985144689679146,0,136
candidate,20260987,1,3,42.0,1.0,1,0,0,0,0,0,0,0.0,85,2.3627995568163254,3.2227072864770885,3.3963024616241455,0,170
candidate,20260987,2,3,-8.0,2.5,0,0,0,0,0,0,0,0.0,81,2.2672456631689895,2.8361398726701736,2.94453464448452,0,162
candidate,20260987,3,3,-8.0,2.5,0,0,0,0,0,0,0,0.0,85,2.344102171414039,3.1125444918870926,3.2177064567804337,0,170
candidate,20260988,0,2,-27.0,3.0,0,0,0,0,0,0,0,0.03488372093023256,86,2.2650522634733554,2.699415199458599,2.790141850709915,0,173
candidate,20260988,1,2,-26.0,4.0,0,0,1,18,0,0,0,0.023255813953488372,86,2.3092838264135427,2.9190145432949066,3.1594783067703247,0,172
candidate,20260988,2,2,-8.0,2.5,0,0,0,0,0,0,0,0.02702702702702703,37,2.2657427534058288,2.795961871743202,2.8546489775180817,0,74
candidate,20260988,3,2,-27.0,3.0,0,0,0,0,0,0,0,0.03488372093023256,86,2.1694558347726978,2.5123944506049156,2.7084220200777054,0,173
candidate,20260989,0,3,60.0,1.0,1,1,0,0,0,0,0,0.0,23,2.4923541299674823,3.3849384635686874,3.8699861615896225,0,45
candidate,20260989,1,3,-16.0,3.0,0,0,0,0,0,0,0,0.047619047619047616,21,2.3163572131168273,2.9860995709896088,2.9968805611133575,0,43
candidate,20260989,2,3,-20.0,3.0,0,0,0,0,0,0,0,0.0,22,2.2853910076347264,3.026759997010231,3.0356254428625107,0,45
candidate,20260989,3,3,-20.0,3.0,0,0,0,0,0,0,0,0.045454545454545456,22,2.228123728524555,2.723473124206066,2.7947798371315002,0,45
candidate,20260990,0,0,-16.0,4.0,0,0,1,8,0,0,0,0.0,48,2.3913083908458552,3.0064670369029045,3.2668933272361755,0,96
candidate,20260990,1,0,0.0,2.5,0,0,0,0,0,1,1,0.012658227848101266,79,2.2777407842723627,2.921776473522186,3.0373018234968185,0,158
candidate,20260990,2,0,-8.0,2.5,0,0,0,0,0,0,0,0.0,60,2.279831531147162,2.923043817281723,2.962270751595497,0,120
candidate,20260990,3,0,-8.0,2.5,0,0,0,0,0,0,0,0.06578947368421052,76,2.1810651707806086,2.6251934468746185,2.7743931859731674,0,152
candidate,20260991,0,3,-8.0,2.5,0,0,0,0,0,0,0,0.0425531914893617,47,2.3629959434904952,2.9694104567170134,5.267081782221794,0,94
candidate,20260991,1,3,-28.0,4.0,0,0,1,20,0,0,0,0.06382978723404255,47,2.197257064758463,2.500665746629238,2.685653045773506,0,94
candidate,20260991,2,3,44.0,1.0,1,0,0,0,0,0,0,0.02127659574468085,47,2.254205339766563,2.9033171012997623,3.0578672885894775,0,94
candidate,20260991,3,3,-27.0,4.0,0,0,1,19,0,0,0,0.0,25,2.241160348057747,2.8170496225357056,2.8244387358427048,0,50
candidate,20260992,0,0,48.0,1.0,1,0,0,0,0,0,0,0.0,41,2.319371736631161,2.8169676661491394,2.8291158378124237,0,82
candidate,20260992,1,0,-8.0,2.5,0,0,0,0,0,0,0,0.020833333333333332,48,2.254025428555906,2.703214716166258,2.787245437502861,0,96
candidate,20260992,2,0,66.0,1.0,1,1,0,0,0,0,0,0.04,50,2.2615043446421623,2.8913195244967937,3.827061504125595,0,99
candidate,20260992,3,0,-22.0,3.0,0,0,0,0,0,0,0,0.02040816326530612,49,2.287586124575868,3.030009567737579,3.4756381064653397,0,99
candidate,20260993,0,1,-8.0,2.5,0,0,0,0,0,0,0,0.0,29,2.587421572413938,3.849022462964057,4.5942384749650955,0,58
candidate,20260993,1,1,-8.0,2.5,0,0,0,0,0,0,0,0.034482758620689655,29,2.3105858728803437,2.978173643350601,3.0454453080892563,0,58
candidate,20260993,2,1,-16.0,4.0,0,0,1,8,0,0,0,0.0,33,2.2733714431524277,2.8703831136226654,2.9884278774261475,0,66
candidate,20260993,3,1,-17.0,3.0,0,0,0,0,0,0,0,0.13636363636363635,22,2.2272046824747864,2.7445039711892605,2.875320613384247,0,45
candidate,20260994,0,1,48.0,1.0,1,1,0,0,0,0,0,0.058823529411764705,17,2.3243156645227883,2.8970815241336823,3.1349100172519684,0,33
candidate,20260994,1,1,-8.0,2.5,0,0,0,0,0,0,0,0.06060606060606061,33,2.3258693064704086,2.627568691968918,5.463996902108192,0,66
candidate,20260994,2,1,-17.0,4.0,0,0,1,9,0,0,0,0.04878048780487805,41,2.326651862481745,2.797365188598633,4.929361864924431,0,82
candidate,20260994,3,1,-8.0,2.5,0,0,0,0,0,0,0,0.07142857142857142,14,2.2363545639174327,2.6641041040420532,2.6769135147333145,0,28
candidate,20260995,0,2,-17.0,3.0,0,0,0,0,0,0,0,0.012987012987012988,77,2.335037262021721,2.8399452567100525,4.029661417007446,0,155
candidate,20260995,1,2,-17.0,3.0,0,0,0,0,0,0,0,0.025974025974025976,77,2.2834480389372094,2.8161950409412384,3.5585034638643265,0,155
candidate,20260995,2,2,-8.0,2.5,0,0,0,0,0,0,0,0.0,74,2.2666294983512647,2.8152503073215485,3.1330864876508713,0,148
candidate,20260995,3,2,-8.0,2.5,0,0,0,0,0,0,0,0.02702702702702703,74,2.2466403960778907,2.5982134975492954,6.539329886436462,0,148
candidate,20260996,0,3,-17.0,3.0,0,0,0,0,0,0,0,0.01818181818181818,55,2.608207579363476,3.6177869886159897,3.8247909396886826,0,111
candidate,20260996,1,3,-38.0,4.0,0,0,1,30,0,0,0,0.0,52,2.3952750847316704,3.319278266280889,3.403119742870331,0,104
candidate,20260996,2,3,-16.0,4.0,0,0,1,8,0,0,0,0.0,81,2.2708850418343958,2.887606620788574,2.956867218017578,0,162
candidate,20260996,3,3,-8.0,2.5,0,0,0,0,0,0,0,0.019230769230769232,52,2.2295193675045786,2.6864646933972836,2.8527118265628815,0,104
candidate,20260997,0,0,-8.0,2.5,0,0,0,0,0,0,0,0.0,41,2.3743288091770034,2.969510853290558,2.9850341379642487,0,82
candidate,20260997,1,0,36.0,1.0,1,0,0,0,0,0,0,0.0,41,2.24732616689147,2.8159040957689285,2.8249267488718033,0,82
candidate,20260997,2,0,-8.0,2.5,0,0,0,0,0,0,0,0.024390243902439025,41,2.2481194720035647,2.74873711168766,2.8002485632896423,0,82
candidate,20260997,3,0,-8.0,2.5,0,0,0,0,0,0,0,0.02127659574468085,47,2.248515077727906,2.7735853567719455,3.2574012875556946,0,94
candidate,20260998,0,2,-8.0,2.5,0,0,0,0,0,0,0,0.03389830508474576,59,2.273466627476579,2.6997821405529976,2.991780638694763,0,118
candidate,20260998,1,2,0.0,2.5,0,0,0,0,0,1,1,0.0,84,2.4420369993008317,3.27805932611227,3.612736240029335,0,168
candidate,20260998,2,2,32.0,1.0,1,0,0,0,0,0,0,0.015384615384615385,65,2.237551516065231,2.711596339941025,2.8259921818971634,0,130
candidate,20260998,3,2,-8.0,2.5,0,0,0,0,0,0,0,0.015384615384615385,65,2.239859075500415,2.742522954940796,2.7832482010126114,0,130
candidate,20260999,0,3,81.0,1.0,1,1,0,0,0,0,0,0.04,50,2.243790365755558,2.669117879122495,2.7635227888822556,0,99
candidate,20260999,1,3,-23.0,3.0,0,0,0,0,0,0,0,0.0,49,2.282249152052159,2.843596041202545,2.8815511614084244,0,99
candidate,20260999,2,3,-27.0,3.0,0,0,0,0,0,0,0,0.04081632653061224,49,2.2290010689472664,2.636945247650146,2.8307028114795685,0,99
candidate,20260999,3,3,32.0,1.0,1,0,0,0,0,0,0,0.0,40,2.339408313855529,3.2597946003079414,3.3445097506046295,0,80
candidate,20261000,0,0,-17.0,4.0,0,0,1,9,0,0,0,0.02702702702702703,37,2.3261829203850515,2.8165824711322784,2.883458510041237,0,74
candidate,20261000,1,0,-17.0,4.0,0,0,1,9,0,0,0,0.0,50,2.326953373849392,2.9403183609247208,3.0219946056604385,0,100
candidate,20261000,2,0,32.0,1.0,1,0,0,0,0,0,0,0.03333333333333333,60,2.209623996168375,2.6513992808759212,2.765549346804619,0,120
candidate,20261000,3,0,34.0,1.0,1,0,0,0,0,0,0,0.0,66,2.300442083541191,3.1094150617718697,3.217371180653572,0,132
candidate,20261001,0,0,51.0,1.0,1,1,0,0,0,0,0,0.014492753623188406,69,2.297472640656043,2.848720923066139,2.9353760182857513,0,137
candidate,20261001,1,0,-8.0,2.5,0,0,0,0,0,0,0,0.0,31,2.2797907792752787,2.850927412509918,2.942945808172226,0,62
candidate,20261001,2,0,87.0,1.0,1,1,0,0,0,0,0,0.0,67,2.301029721969989,3.0093105509877205,3.155602142214775,0,133
candidate,20261001,3,0,-20.0,4.0,0,0,1,12,0,0,0,0.046511627906976744,43,2.3077142446540124,2.7668720111250877,5.434602499008179,0,86
candidate,20261002,0,3,-8.0,2.5,0,0,0,0,0,0,0,0.0,36,2.5420903952585325,3.3968682400882244,3.836933523416519,0,72
candidate,20261002,1,3,-8.0,2.5,0,0,0,0,0,0,0,0.0,35,2.3906214960983823,3.130692802369594,3.216259181499481,0,70
candidate,20261002,2,3,-8.0,2.5,0,0,0,0,0,0,0,0.047619047619047616,42,2.3279936451997076,2.78829401358962,6.129080429673195,0,84
candidate,20261002,3,3,-17.0,4.0,0,0,1,9,0,0,0,0.08333333333333333,36,2.2799281092981496,2.58434284478426,6.006287410855293,0,72
candidate,20261003,0,1,-18.0,3.0,0,0,0,0,0,0,0,0.0,42,2.439701042714573,3.248629719018936,3.683796152472496,0,85
candidate,20261003,1,1,-18.0,3.0,0,0,0,0,0,0,0,0.023809523809523808,42,2.314142971521332,3.000094462186097,3.5386253148317337,0,85
candidate,20261003,2,1,-18.0,4.0,0,0,1,10,0,0,0,0.02564102564102564,39,2.3196404561018333,2.8347883373498917,5.01897931098938,0,78
candidate,20261003,3,1,-18.0,3.0,0,0,0,0,0,0,0,0.047619047619047616,42,2.3253543657206355,2.9221253469586372,4.822637885808945,0,85
candidate,20261004,0,1,-8.0,2.5,0,0,0,0,0,0,0,0.0,53,2.3880013668874525,2.9251400381326675,4.910707473754883,0,107
candidate,20261004,1,1,60.0,1.0,1,1,0,0,0,0,0,0.04878048780487805,41,2.2614684591932996,2.826835960149765,2.959292382001877,0,80
candidate,20261004,2,1,-17.0,4.0,0,0,1,9,0,0,0,0.0,53,2.30327881169769,3.1805552542209625,3.4202691167593002,0,107
candidate,20261004,3,1,-8.0,2.5,0,0,0,0,0,0,0,0.05714285714285714,35,2.3726242993559157,2.9529744759202003,3.7990305572748184,0,71
candidate,20261005,0,3,0.0,2.5,0,0,0,0,0,1,0,0.0,87,2.3393351798770072,2.877141907811165,3.0689537525177,0,174
candidate,20261005,1,3,45.0,1.0,1,0,0,0,0,0,0,0.02564102564102564,39,2.328366900865848,3.0436772853136063,3.141826018691063,0,78
candidate,20261005,2,3,-21.0,3.0,0,0,0,0,0,0,0,0.043478260869565216,69,2.1781042974064317,2.5761447846889496,2.7412623167037964,0,139
candidate,20261005,3,3,0.0,2.5,0,0,0,0,0,1,1,0.0,84,2.3247796953434037,2.945553883910179,3.3355839550495148,0,168
candidate,20261006,0,0,44.0,1.0,1,0,0,0,0,0,0,0.019230769230769232,52,2.320406313699025,2.874030638486147,3.1218528747558594,0,104
candidate,20261006,1,0,54.0,1.0,1,1,0,0,0,0,0,0.047619047619047616,42,2.2559741157151403,2.9073408804833885,2.963876351714134,0,83
candidate,20261006,2,0,-8.0,2.5,0,0,0,0,0,0,0,0.025,40,2.2391690872609615,2.840275317430496,2.885879948735237,0,80
candidate,20261006,3,0,-17.0,4.0,0,0,1,9,0,0,0,0.0,36,2.2374757875998816,2.7660662308335304,2.7779508382081985,0,72
candidate,20261007,0,0,-33.0,3.0,0,0,0,0,0,0,0,0.0196078431372549,51,2.3451237482767477,2.870826981961727,2.8902441263198853,0,103
candidate,20261007,1,0,99.0,1.0,1,1,0,0,0,0,0,0.0,52,2.313210843847348,2.8984581120312214,3.0223727226257324,0,103
candidate,20261007,2,0,-33.0,3.0,0,0,0,0,0,0,0,0.0196078431372549,51,2.2554000949158386,2.859378233551979,3.0832439661026,0,103
candidate,20261007,3,0,-33.0,3.0,0,0,0,0,0,0,0,0.0,51,2.321738822787416,3.2307226210832596,3.5125240683555603,0,103
candidate,20261008,0,0,-19.0,4.0,0,0,1,11,0,0,0,0.023255813953488372,43,2.343332005101581,2.883131615817547,2.936568111181259,0,86
candidate,20261008,1,0,-8.0,2.5,0,0,0,0,0,0,0,0.0,70,2.4119227592434203,3.3028703182935715,3.585975617170334,0,140
candidate,20261008,2,0,0.0,2.5,0,0,0,0,0,1,1,0.011904761904761904,84,2.2622240884673026,2.8010015375912185,3.324344754219055,0,168
candidate,20261008,3,0,32.0,1.0,1,0,0,0,0,0,0,0.046153846153846156,65,2.194667636201932,2.563220262527466,2.815214917063713,0,130
candidate,20261009,0,1,33.0,1.0,1,0,0,0,0,0,0,0.03389830508474576,59,2.2771098666777045,2.6978332549333572,2.796510234475136,0,118
candidate,20261009,1,1,-8.0,2.5,0,0,0,0,0,0,0,0.02,50,2.3131559416651726,2.893335558474064,3.034682944417,0,100
candidate,20261009,2,1,32.0,1.0,1,0,0,0,0,0,0,0.0,44,2.2911964915692806,3.0618994496762757,3.4412462264299393,0,88
candidate,20261009,3,1,-8.0,2.5,0,0,0,0,0,0,0,0.01694915254237288,59,2.225483625622119,2.7150049805641174,2.7872808277606964,0,118
candidate,20261010,0,2,-8.0,2.5,0,0,0,0,0,0,0,0.01282051282051282,78,2.41410882713703,3.259675391018389,3.4810733050107956,0,156
candidate,20261010,1,2,57.0,1.0,1,1,0,0,0,0,0,0.04477611940298507,67,2.2446396691140844,2.6479296386241913,2.7687177062034607,0,133
candidate,20261010,2,2,0.0,2.5,0,0,0,0,0,1,1,0.0,83,2.4664859365986054,3.501115553081035,3.9145927876234055,0,166
candidate,20261010,3,2,0.0,2.5,0,0,0,0,0,1,1,0.024390243902439025,82,2.262403529773398,2.7268096804618835,4.376331344246864,0,164
candidate,20261011,0,1,-8.0,2.5,0,0,0,0,0,0,0,0.05,40,2.277356805279851,2.7830789797008038,2.817239612340927,0,80
candidate,20261011,1,1,-8.0,2.5,0,0,0,0,0,0,0,0.024390243902439025,41,2.3511836259830288,3.056636080145836,3.1415820121765137,0,82
candidate,20261011,2,1,32.0,1.0,1,0,0,0,0,0,0,0.02631578947368421,38,2.2540483623743057,2.7841778472065926,2.842539921402931,0,76
candidate,20261011,3,1,-8.0,2.5,0,0,0,0,0,0,0,0.024390243902439025,41,2.2636413029054316,2.875620499253273,2.9270965605974197,0,82
candidate,20261012,0,2,-18.0,4.0,0,0,1,10,0,0,0,0.0,29,2.3374499046596986,2.871318906545639,2.892887219786644,0,58
candidate,20261012,1,2,-16.0,4.0,0,0,1,8,0,0,0,0.0,54,2.2701909420666873,2.8197670355439186,2.876048907637596,0,108
candidate,20261012,2,2,32.0,1.0,1,0,0,0,0,0,0,0.018518518518518517,54,2.234215399733296,2.781340107321739,2.8661061078310013,0,108
candidate,20261012,3,2,-8.0,2.5,0,0,0,0,0,0,0,0.0,54,2.4197396166898586,3.5824172198772426,3.899112343788147,0,108
candidate,20261013,0,1,-28.0,4.0,0,0,1,20,0,0,0,0.030303030303030304,33,2.298469626993844,2.8094910085201263,2.8315596282482147,0,66
candidate,20261013,1,1,-8.0,2.5,0,0,0,0,0,0,0,0.04,25,2.4714022874832153,3.574166819453238,3.7225764244794846,0,50
candidate,20261013,2,1,44.0,1.0,1,0,0,0,0,0,0,0.08,25,2.2238000482320786,2.673022449016571,2.761783078312874,0,50
candidate,20261013,3,1,-8.0,2.5,0,0,0,0,0,0,0,0.0,29,2.3555664409851205,3.1456727534532543,3.318190574645996,0,58
candidate,20261014,0,1,90.0,1.0,1,1,0,0,0,0,0,0.018867924528301886,53,2.3435550337692477,2.981775999069214,3.2977964729070663,0,105
candidate,20261014,1,1,-30.0,3.0,0,0,0,0,0,0,0,0.019230769230769232,52,2.2705006413161755,2.782414574176073,3.029217943549156,0,105
candidate,20261014,2,1,-30.0,3.0,0,0,0,0,0,0,0,0.0,52,2.300258009479596,3.038574755191803,3.1238943338394165,0,105
candidate,20261014,3,1,-30.0,3.0,0,0,0,0,0,0,0,0.038461538461538464,52,2.218926468720803,2.782626450061798,2.9191430658102036,0,105
candidate,20261015,0,2,-8.0,2.5,0,0,0,0,0,0,0,0.0,32,2.349181449972093,2.9644550755620003,3.0561238527297974,0,64
candidate,20261015,1,2,32.0,1.0,1,0,0,0,0,0,0,0.08108108108108109,37,2.2255004056402155,2.647010236978531,2.771034836769104,0,74
candidate,20261015,2,2,-17.0,4.0,0,0,1,9,0,0,0,0.06976744186046512,43,2.1951454583295558,2.559146285057068,2.746380865573883,0,87
candidate,20261015,3,2,51.0,1.0,1,1,0,0,0,0,0,0.027777777777777776,36,2.3063387100895247,3.1327391043305397,3.207499161362648,0,71
candidate,20261016,0,0,-16.0,4.0,0,0,1,8,0,0,0,0.02702702702702703,74,2.2714041626533947,2.6748688891530032,2.84380279481411,0,149
candidate,20261016,1,0,-16.0,4.0,0,0,1,8,0,0,0,0.0,61,2.3785631065485906,3.2357629388570786,3.434581682085991,0,122
candidate,20261016,2,0,-8.0,2.5,0,0,0,0,0,0,0,0.03278688524590164,61,2.1972648616208406,2.5527644902467728,2.754427492618561,0,122
candidate,20261016,3,0,-8.0,2.5,0,0,0,0,0,0,0,0.04918032786885246,61,2.1786365474833818,2.515861764550209,2.763558179140091,0,122
candidate,20261017,0,2,-8.0,2.5,0,0,0,0,0,0,0,0.047619047619047616,42,2.258598804473877,2.7319615706801406,2.7921348810195923,0,84
candidate,20261017,1,2,-16.0,4.0,0,0,1,8,0,0,0,0.05,20,2.28198254480958,2.7505971491336823,2.7597136795520782,0,40
candidate,20261017,2,2,32.0,1.0,1,0,0,0,0,0,0,0.08571428571428572,35,2.1935457097632542,2.710503153502941,2.7386993169784546,0,70
candidate,20261017,3,2,32.0,1.0,1,0,0,0,0,0,0,0.0,20,2.212547045201063,2.9563474468886852,3.013642504811287,0,40
candidate,20261018,0,3,-20.0,4.0,0,0,1,12,0,0,0,0.0,41,2.367671942565499,3.1048525124788284,3.2161958515644073,0,83
candidate,20261018,1,3,-19.0,4.0,0,0,1,11,0,0,0,0.02127659574468085,47,2.271889015398127,2.761607989668846,3.144875168800354,0,93
candidate,20261018,2,3,-8.0,2.5,0,0,0,0,0,0,0,0.019230769230769232,52,2.3121614224062514,3.221304528415202,3.849690780043602,0,105
candidate,20261018,3,3,-8.0,2.5,0,0,0,0,0,0,0,0.021739130434782608,46,2.343037854070249,3.307236358523369,3.3504199236631393,0,93
candidate,20261019,0,3,-20.0,4.0,0,0,1,12,0,0,0,0.02666666666666667,75,2.267139653364817,2.633441612124443,2.8484929352998734,0,150
candidate,20261019,1,3,99.0,1.0,1,1,0,0,0,0,0,0.0,67,2.336517671373353,2.87226140499115,3.9652269333601,0,133
candidate,20261019,2,3,-33.0,3.0,0,0,0,0,0,0,0,0.0,66,2.4161321873014625,3.399183973670006,4.405805841088295,0,133
candidate,20261019,3,3,10.0,2.0,0,0,0,0,0,0,0,0.014084507042253521,71,2.2561734306140684,2.7743326500058174,3.1139887869358063,1,143
candidate,20261020,0,3,32.0,1.0,1,0,0,0,0,0,0,0.01818181818181818,55,2.2548857060345737,2.6557868346571922,2.7702804654836655,0,110
candidate,20261020,1,3,-8.0,2.5,0,0,0,0,0,0,0,0.03636363636363636,55,2.2579302164641293,2.6264637708663936,3.976179286837578,0,110
candidate,20261020,2,3,-16.0,4.0,0,0,1,8,0,0,0,0.015873015873015872,63,2.2551867933500382,2.756251208484173,2.8393976390361786,0,126
candidate,20261020,3,3,-8.0,2.5,0,0,0,0,0,0,0,0.0,55,2.3319025269963523,3.0684806406497955,3.25009785592556,0,110
candidate,20261021,0,0,35.0,1.0,1,0,0,0,0,0,0,0.015625,64,2.2956515022087842,2.776169218122959,2.9094815254211426,0,128
candidate,20261021,1,0,-8.0,2.5,0,0,0,0,0,0,0,0.0,85,2.297093653503586,2.855624631047249,2.9487069696187973,0,170
candidate,20261021,2,0,-8.0,2.5,0,0,0,0,0,0,0,0.03389830508474576,59,2.2120294240066563,2.7024850249290457,2.8568655252456665,0,118
candidate,20261021,3,0,-8.0,2.5,0,0,0,0,0,0,0,0.03508771929824561,57,2.20404320249432,2.7326293289661407,2.8262734413146973,0,114
candidate,20261022,0,2,-20.0,3.0,0,0,0,0,0,0,0,0.06451612903225806,31,2.3001885462191796,2.7519511058926582,2.8199665248394012,0,63
candidate,20261022,1,2,-20.0,3.0,0,0,0,0,0,0,0,0.03225806451612903,31,2.2571383104208977,2.811068668961525,2.9265843331813812,0,63
candidate,20261022,2,2,60.0,1.0,1,1,0,0,0,0,0,0.125,32,2.151247812435031,2.497656550258398,2.5607626885175705,0,63
candidate,20261022,3,2,-20.0,3.0,0,0,0,0,0,0,0,0.0,31,2.2782241144487934,3.107544034719467,3.2429564744234085,0,63
candidate,20261023,0,3,-18.0,4.0,0,0,1,10,0,0,0,0.02040816326530612,49,2.280508187048289,2.7337528765201564,2.8761159628629684,0,98
candidate,20261023,1,3,33.0,1.0,1,0,0,0,0,0,0,0.024390243902439025,82,2.2142089040177626,2.583732921630144,2.6222914457321167,0,164
candidate,20261023,2,3,-8.0,2.5,0,0,0,0,0,0,0,0.061224489795918366,49,2.1841521850045846,2.5958064943552013,2.7406029403209686,0,98
candidate,20261023,3,3,-8.0,2.5,0,0,0,0,0,0,0,0.0,49,2.244741142708428,2.80417799949646,2.849513664841652,0,98
candidate,20261024,0,1,0.0,2.5,0,0,0,0,0,1,1,0.053763440860215055,93,2.2871972772703377,2.9343854635953894,3.1571276485919952,0,186
candidate,20261024,1,1,-8.0,2.5,0,0,0,0,0,0,0,0.05555555555555555,54,2.263053182374548,2.8479788452386856,3.340216353535652,0,108
candidate,20261024,2,1,-19.0,3.0,0,0,0,0,0,0,0,0.03125,64,2.1935618424322456,2.598934154957533,2.6242639869451523,0,129
candidate,20261024,3,1,-30.0,4.0,0,0,1,22,0,0,0,0.015384615384615385,65,2.325566141651227,3.252241760492325,3.794075921177864,0,130
candidate,20261025,0,1,-8.0,2.5,0,0,0,0,0,0,0,0.03333333333333333,60,2.2779129755993686,2.7986567467451096,2.8797127306461334,0,120
candidate,20261025,1,1,57.0,1.0,1,1,0,0,0,0,0,0.0,51,2.3494284307839823,3.1679514795541763,3.3947546035051346,0,101
candidate,20261025,2,1,-20.0,4.0,0,0,1,12,0,0,0,0.05,60,2.196356561034918,2.5321549735963345,3.0218008905649185,0,120
candidate,20261025,3,1,35.0,1.0,1,0,0,0,0,0,0,0.017543859649122806,57,2.2727102694804207,2.85818949341774,2.892613410949707,0,114
candidate,20261026,0,2,-20.0,3.0,0,0,0,0,0,0,0,0.0,46,2.412694708808609,3.2237889245152473,3.342974931001663,0,93
candidate,20261026,1,2,34.0,1.0,1,0,0,0,0,0,0,0.043478260869565216,46,2.2476455601661103,2.6984228752553463,2.7769431471824646,0,92
candidate,20261026,2,2,-8.0,2.5,0,0,0,0,0,0,0,0.0,49,2.3519297567557316,3.252174705266951,5.145784467458725,0,98
candidate,20261026,3,2,-8.0,2.5,0,0,0,0,0,0,0,0.041666666666666664,48,2.2508000256493688,2.9070637188851833,3.0533093959093094,0,96
candidate,20261027,0,0,0.0,2.5,0,0,0,0,0,1,1,0.011764705882352941,85,2.3392133195610607,2.789369225502014,5.044514313340187,0,170
candidate,20261027,1,0,34.0,1.0,1,0,0,0,0,0,0,0.0,52,2.456256260092442,3.819779492914674,4.334559664130211,0,104
candidate,20261027,2,0,0.0,2.5,0,0,0,0,0,1,1,0.0,85,2.4716404211871765,3.567443042993545,4.2113736271858215,0,170
candidate,20261027,3,0,0.0,2.5,0,0,0,0,0,1,1,0.023529411764705882,85,2.2428202716743244,2.6632990688085556,4.319667816162109,0,170
candidate,20261028,0,0,-17.0,4.0,0,0,1,9,0,0,0,0.025974025974025976,77,2.351187992018539,2.930150181055069,4.364468157291412,0,154
candidate,20261028,1,0,-8.0,2.5,0,0,0,0,0,0,0,0.012048192771084338,83,2.254098002989608,2.7563583105802536,2.8166212141513824,0,166
candidate,20261028,2,0,-48.0,4.0,0,0,1,40,1,0,0,0.06578947368421052,76,2.219815689482187,2.6403656229376793,2.7295146137475967,0,152
candidate,20261028,3,0,54.0,1.0,1,1,0,0,0,0,0,0.012048192771084338,83,2.330289031547236,3.2134488224983215,3.361746668815613,0,165
candidate,20261029,0,2,-32.0,3.0,0,0,0,0,0,0,0,0.0196078431372549,51,2.368710569891275,3.0929241329431534,3.5433564335107803,0,103
candidate,20261029,1,2,-32.0,3.0,0,0,0,0,0,0,0,0.0196078431372549,51,2.3707652135806927,3.052002750337124,5.020884796977043,0,103
candidate,20261029,2,2,-32.0,3.0,0,0,0,0,0,0,0,0.0392156862745098,51,2.215390002318457,2.636224962770939,2.7385763823986053,0,103
candidate,20261029,3,2,96.0,1.0,1,1,0,0,0,0,0,0.0,52,2.3109269543335986,3.1597018241882324,3.3981557935476303,0,103
candidate,20261030,0,1,34.0,1.0,1,0,0,0,0,0,0,0.058823529411764705,34,2.326548537787269,2.880257274955511,2.9975511133670807,0,68
candidate,20261030,1,1,-18.0,4.0,0,0,1,10,0,0,0,0.058823529411764705,34,2.273925141814877,2.8186431154608727,2.915460616350174,0,68
candidate,20261030,2,1,-8.0,2.5,0,0,0,0,0,0,0,0.058823529411764705,34,2.359054544392754,2.9065266251564026,6.975652649998665,0,68
candidate,20261030,3,1,-19.0,3.0,0,0,0,0,0,0,0,0.0,34,2.2954143693341926,3.055509366095066,3.160230815410614,0,69
candidate,20261031,0,2,-8.0,2.5,0,0,0,0,0,0,0,0.047619047619047616,42,2.3088634812406132,2.6188199408352375,4.027418792247772,0,84
candidate,20261031,1,2,-8.0,2.5,0,0,0,0,0,0,0,0.05128205128205128,39,2.307967641032659,2.854231186211109,4.079783335328102,0,78
candidate,20261031,2,2,54.0,1.0,1,1,0,0,0,0,0,0.0,42,2.33239143909443,3.2902217470109463,3.325246274471283,0,83
candidate,20261031,3,2,-22.0,4.0,0,0,1,14,0,0,0,0.05128205128205128,39,2.2706036957410665,2.6140214875340466,3.798937425017357,0,78
candidate,20261032,0,1,-8.0,2.5,0,0,0,0,0,0,0,0.058823529411764705,34,2.347798251053866,2.946051675826311,3.198878839612007,0,68
candidate,20261032,1,1,57.0,1.0,1,1,0,0,0,0,0,0.03125,32,2.232362108770758,2.6318582706153393,2.783525735139847,0,63
candidate,20261032,2,1,-20.0,3.0,0,0,0,0,0,0,0,0.0,31,2.3720978849357173,3.181486390531063,3.2878369092941284,0,63
candidate,20261032,3,1,-20.0,3.0,0,0,0,0,0,0,0,0.03225806451612903,31,2.318808087898839,2.78343353420496,4.495486617088318,0,63
candidate,20261033,0,0,0.0,2.5,0,0,0,0,0,1,1,0.012345679012345678,81,2.477735510946792,3.3137835562229156,5.3232405334711075,0,161
candidate,20261033,1,0,33.0,1.0,1,0,0,0,0,0,0,0.025,80,2.3795172572135925,3.1133539974689484,5.232734605669975,0,159
candidate,20261033,2,0,-8.0,2.5,0,0,0,0,0,0,0,0.013157894736842105,76,2.3242084701594554,2.970281057059765,4.186216741800308,0,153
candidate,20261033,3,0,33.0,1.0,1,0,0,0,0,0,0,0.0,74,2.3931211263344094,3.195717372000217,5.604904145002365,0,148
candidate,20261034,0,2,-21.0,4.0,0,0,1,13,0,0,0,0.02702702702702703,37,2.4733022862189524,3.275747597217553,5.152268335223198,0,74
candidate,20261034,1,2,-8.0,2.5,0,0,0,0,0,0,0,0.08108108108108109,37,2.691061412160461,3.692390769720077,4.497537389397621,0,74
candidate,20261034,2,2,-8.0,2.5,0,0,0,0,0,0,0,0.02702702702702703,37,2.2983435742758416,2.7744650840759277,3.878047689795494,0,74
candidate,20261034,3,2,37.0,1.0,1,0,0,0,0,0,0,0.08108108108108109,37,2.268055755947087,2.868884056806564,4.501482471823692,0,74
candidate,20261035,0,0,0.0,2.5,0,0,0,0,0,1,0,0.012048192771084338,83,2.3271572069231286,2.7351265773177142,3.0837152153253555,0,166
candidate,20261035,1,0,-8.0,2.5,0,0,0,0,0,0,0,0.0,44,2.3782327347858385,2.800980769097805,4.468480125069618,0,88
candidate,20261035,2,0,-8.0,2.5,0,0,0,0,0,0,0,0.03125,64,2.286070492118597,2.9108789749443527,3.089003264904022,0,129
candidate,20261035,3,0,0.0,2.5,0,0,0,0,0,1,0,0.023809523809523808,84,2.2934311113896824,2.864834479987621,5.512364208698273,0,169
candidate,20261036,0,1,-27.0,4.0,0,0,1,19,0,0,0,0.044444444444444446,45,2.440622655881776,3.073936700820923,5.1961783319711685,0,90
candidate,20261036,1,1,43.0,1.0,1,0,0,0,0,0,0,0.022222222222222223,45,2.353807994061046,3.053055703639984,3.7340112030506134,0,90
candidate,20261036,2,1,-17.0,4.0,0,0,1,9,0,0,0,0.0,38,2.3524400925165727,3.1289548613131046,3.1687188893556595,0,76
candidate,20261036,3,1,51.0,1.0,1,1,0,0,0,0,0,0.025,40,2.249047812074423,2.83654248341918,2.8948113322257996,0,79
candidate,20261037,0,0,-20.0,4.0,0,0,1,12,0,0,0,0.017857142857142856,56,2.2990772101495947,2.615368925035,2.942558377981186,0,112
candidate,20261037,1,0,-18.0,4.0,0,0,1,10,0,0,0,0.0,45,2.3832462314102383,2.8792530298233032,5.092140287160873,0,90
candidate,20261037,2,0,34.0,1.0,1,0,0,0,0,0,0,0.037037037037037035,54,2.286842748246811,2.8048018924891944,4.531089216470718,0,108
candidate,20261037,3,0,-8.0,2.5,0,0,0,0,0,0,0,0.05555555555555555,54,2.25774726519982,2.6301865465939045,3.729306161403656,0,108
candidate,20261038,0,2,36.0,1.0,1,0,0,0,0,0,0,0.0392156862745098,51,2.3119863049656737,2.828671596944332,2.9798895120620728,0,102
candidate,20261038,1,2,-19.0,4.0,0,0,1,11,0,0,0,0.047619047619047616,21,2.2639439751704535,2.7720853686332703,2.859167754650116,0,42
candidate,20261038,2,2,-8.0,2.5,0,0,0,0,0,0,0,0.047619047619047616,21,2.2336594937812713,2.6756655424833298,2.798575907945633,0,42
candidate,20261038,3,2,-8.0,2.5,0,0,0,0,0,0,0,0.0,21,2.2663184042487825,2.819560468196869,2.8688665479421616,0,42
candidate,20261039,0,0,-8.0,2.5,0,0,0,0,0,0,0,0.05,40,2.419960405677557,2.859372086822985,6.543433293700218,0,80
candidate,20261039,1,0,-18.0,4.0,0,0,1,10,0,0,0,0.11904761904761904,42,2.40016644377084,2.799732703715562,5.457213148474693,0,84
candidate,20261039,2,0,-8.0,2.5,0,0,0,0,0,0,0,0.025,40,2.331114746630192,2.7207618579268456,6.260935217142105,0,80
candidate,20261039,3,0,32.0,1.0,1,0,0,0,0,0,0,0.0196078431372549,51,2.3372812452269534,2.922966144979,4.6500153839588165,0,102
candidate,20261040,0,2,-26.0,3.0,0,0,0,0,0,0,0,0.030303030303030304,33,2.383261411027475,2.9845301061868668,3.6884956061840057,0,67
candidate,20261040,1,2,75.0,1.0,1,1,0,0,0,0,0,0.05128205128205128,39,2.28728979634933,2.9505914077162747,3.1930431723594666,0,77
candidate,20261040,2,2,-24.0,4.0,0,0,1,16,0,0,0,0.05555555555555555,36,2.3692108483778105,2.962046768516302,4.34529222548008,0,72
candidate,20261040,3,2,-8.0,2.5,0,0,0,0,0,0,0,0.044444444444444446,45,2.3009150392479367,2.8255537152290344,3.545409068465233,0,90
candidate,20261041,0,2,35.0,1.0,1,0,0,0,0,0,0,0.017857142857142856,56,2.3596747778356075,2.8445860370993614,4.224436357617378,0,112
candidate,20261041,1,2,-8.0,2.5,0,0,0,0,0,0,0,0.047619047619047616,63,2.3373316027342326,2.6647858321666718,6.871955469250679,0,126
candidate,20261041,2,2,-16.0,4.0,0,0,1,8,0,0,0,0.05357142857142857,56,2.2578127682209015,2.6615681126713753,3.417370840907097,0,112
candidate,20261041,3,2,-8.0,2.5,0,0,0,0,0,0,0,0.017857142857142856,56,2.3195174456174885,2.71359970793128,6.483983248472214,0,112
candidate,20261042,0,1,48.0,1.0,1,0,0,0,0,0,0,0.0,35,2.3585382848978043,2.833951450884342,3.579443320631981,0,70
candidate,20261042,1,1,-8.0,2.5,0,0,0,0,0,0,0,0.0,35,2.2906074034316197,2.8004543855786324,2.828279510140419,0,70
candidate,20261042,2,1,-32.0,4.0,0,0,1,24,0,0,0,0.02857142857142857,35,2.2421868251902715,2.6984671130776405,2.823019400238991,0,70
candidate,20261042,3,1,-8.0,2.5,0,0,0,0,0,0,0,0.02857142857142857,35,2.281916780131204,2.742278575897217,4.430953413248062,0,70
candidate,20261043,0,2,-17.0,4.0,0,0,1,9,0,0,0,0.027777777777777776,72,2.4342653600292072,2.953718323260546,6.228649988770485,0,144
candidate,20261043,1,2,33.0,1.0,1,0,0,0,0,0,0,0.0,74,2.526853862847831,3.816948924213648,4.152599722146988,0,148
candidate,20261043,2,2,-8.0,2.5,0,0,0,0,0,0,0,0.013888888888888888,72,2.2840441152867346,2.74345139041543,4.55419160425663,0,144
candidate,20261043,3,2,-8.0,2.5,0,0,0,0,0,0,0,0.041666666666666664,72,2.228430342964,2.693844120949507,2.8002560138702393,0,144
candidate,20261044,0,1,-8.0,2.5,0,0,0,0,0,0,0,0.025974025974025976,77,2.345492047342387,2.7852118015289307,5.148952826857567,0,154
candidate,20261044,1,1,-8.0,2.5,0,0,0,0,0,0,0,0.04081632653061224,49,2.279286177790895,2.688167989253998,3.2744649797677994,0,98
candidate,20261044,2,1,-24.0,4.0,0,0,1,16,0,0,0,0.0,45,2.2758975211117,2.839227020740509,2.876291051506996,0,90
candidate,20261044,3,1,-8.0,2.5,0,0,0,0,0,0,0,0.04225352112676056,71,2.249676524333551,2.634773962199688,2.8131939470767975,0,142
candidate,20261045,0,2,-8.0,2.5,0,0,0,0,0,0,0,0.015625,64,2.340485021704808,2.846729662269354,3.1320415437221527,0,129
candidate,20261045,1,2,34.0,1.0,1,0,0,0,0,0,0,0.030303030303030304,66,2.2969624084053617,2.6133875362575054,6.490958854556084,0,132
candidate,20261045,2,2,38.0,1.0,1,0,0,0,0,0,0,0.04225352112676056,71,2.3819092975955614,2.9497258365154266,4.7880541533231735,0,143
candidate,20261045,3,2,-8.0,2.5,0,0,0,0,0,0,0,0.03125,64,2.2971052676439285,2.858551777899265,4.00669127702713,0,129
candidate,20261046,0,0,78.0,1.0,1,1,0,0,0,0,0,0.020833333333333332,48,2.336791600100696,2.9390687122941017,3.0015669763088226,0,95
candidate,20261046,1,0,-8.0,2.5,0,0,0,0,0,0,0,0.058823529411764705,51,2.412695875939201,2.91255209594965,6.621692329645157,0,102
candidate,20261046,2,0,50.0,1.0,1,0,0,0,0,0,0,0.0,69,2.358091806156048,3.135666623711586,4.0963999927043915,0,138
candidate,20261046,3,0,32.0,1.0,1,0,0,0,0,0,0,0.0196078431372549,51,2.3632268695270313,2.9238425195217133,6.028234958648682,0,102
candidate,20261047,0,0,-8.0,2.5,0,0,0,0,0,0,0,0.0,54,2.4951575323939323,3.558730054646728,4.023317247629166,0,108
candidate,20261047,1,0,33.0,1.0,1,0,0,0,0,0,0,0.06521739130434782,46,2.2485785024321596,2.549845725297928,3.375660628080368,0,92
candidate,20261047,2,0,33.0,1.0,1,0,0,0,0,0,0,0.017543859649122806,57,2.3012037732099233,3.069366887211799,3.224235028028488,0,114
candidate,20261047,3,0,34.0,1.0,1,0,0,0,0,0,0,0.045454545454545456,44,2.2446630014614626,2.7201775461435322,3.567604348063469,0,88
candidate,20261048,0,1,57.0,1.0,1,1,0,0,0,0,0,0.03278688524590164,61,2.384401369290274,2.6345327496528625,5.340052768588066,0,121
candidate,20261048,1,1,-8.0,2.5,0,0,0,0,0,0,0,0.046153846153846156,65,2.2372959898068356,2.60455384850502,2.8886478394269943,0,130
candidate,20261048,2,1,-19.0,3.0,0,0,0,0,0,0,0,0.016666666666666666,60,2.3098061171670756,2.825471200048923,5.036419257521629,0,121
candidate,20261048,3,1,-19.0,3.0,0,0,0,0,0,0,0,0.016666666666666666,60,2.2577543122073016,2.7727953158318996,2.8379037976264954,0,121
candidate,20261049,0,2,-16.0,4.0,0,0,1,8,0,0,0,0.046511627906976744,43,2.3870537880548213,2.9286403208971024,4.546856507658958,0,86
candidate,20261049,1,2,-20.0,3.0,0,0,0,0,0,0,0,0.06,50,2.280426509678364,2.7236752212047572,4.952132701873779,0,101
candidate,20261049,2,2,-8.0,2.5,0,0,0,0,0,0,0,0.034482758620689655,58,2.344687886793038,2.866184711456299,6.602810695767403,0,117
candidate,20261049,3,2,-22.0,3.0,0,0,0,0,0,0,0,0.06,50,2.218940183520317,2.6240019127726555,2.6668068021535873,0,101
candidate,20261050,0,1,-8.0,2.5,0,0,0,0,0,0,0,0.0,64,2.488149388227612,3.240679390728473,4.648948088288307,0,128
candidate,20261050,1,1,-8.0,2.5,0,0,0,0,0,0,0,0.0,64,2.3099956451915205,2.8736412525177,2.9349997639656067,0,128
candidate,20261050,2,1,33.0,1.0,1,0,0,0,0,0,0,0.03125,64,2.282194996951148,2.670369204133749,5.877641960978508,0,128
candidate,20261050,3,1,54.0,1.0,1,1,0,0,0,0,0,0.0,64,2.4161135079339147,3.1720610335469246,4.983512684702873,0,127
candidate,20261051,0,3,35.0,1.0,1,0,0,0,0,0,0,0.016129032258064516,62,2.3601594411077036,2.8068004176020622,5.24023175239563,0,124
candidate,20261051,1,3,-19.0,4.0,0,0,1,11,0,0,0,0.03225806451612903,62,2.3225299533336394,2.8974384069442745,5.370443686842918,0,124
candidate,20261051,2,3,-18.0,4.0,0,0,1,10,0,0,0,0.0,43,2.333141170268835,2.824949100613594,4.528263583779335,0,86
candidate,20261051,3,3,-31.0,4.0,0,0,1,23,0,0,0,0.027777777777777776,72,2.3511740275555186,3.0018444173038006,6.160346791148186,0,144
candidate,20261052,0,1,-23.0,4.0,0,0,1,15,0,0,0,0.043478260869565216,46,2.3161160719135534,2.821904607117176,2.878403291106224,0,92
candidate,20261052,1,1,-8.0,2.5,0,0,0,0,0,0,0,0.021739130434782608,46,2.374250684743342,3.1877700239419937,3.3405087888240814,0,92
candidate,20261052,2,1,39.0,1.0,1,0,0,0,0,0,0,0.043478260869565216,46,2.2204450291136038,2.634424716234207,2.815850079059601,0,92
candidate,20261052,3,1,-23.0,3.0,0,0,0,0,0,0,0,0.03333333333333333,60,2.278367274751266,2.797885239124298,4.488740116357803,0,121
candidate,20261053,0,0,-17.0,4.0,0,0,1,9,0,0,0,0.06451612903225806,31,2.4756516420072123,3.0383318662643433,6.3332486897706985,0,63
candidate,20261053,1,0,-8.0,2.5,0,0,0,0,0,0,0,0.0,31,2.316616836094087,2.8975410386919975,3.090543672442436,0,63
candidate,20261053,2,0,34.0,1.0,1,0,0,0,0,0,0,0.0967741935483871,31,2.2372560755860422,2.753688022494316,2.7955397963523865,0,63
candidate,20261053,3,0,-22.0,4.0,0,0,1,14,0,0,0,0.03225806451612903,31,2.3261809180821142,2.8427941724658012,2.858402207493782,0,61
candidate,20261054,0,3,-19.0,4.0,0,0,1,11,0,0,0,0.02631578947368421,38,2.430364930708157,3.1288597732782364,3.3892951905727386,0,76
candidate,20261054,1,3,-8.0,2.5,0,0,0,0,0,0,0,0.05,40,2.243529725819826,2.6227332651615143,2.826675772666931,0,80
candidate,20261054,2,3,35.0,1.0,1,0,0,0,0,0,0,0.0,40,2.407150575891137,3.1942283734679213,5.436563864350319,0,80
candidate,20261054,3,3,-8.0,2.5,0,0,0,0,0,0,0,0.058823529411764705,34,2.261875306858736,2.8789748437702656,2.9087383300065994,0,68
candidate,20261055,0,3,-8.0,2.5,0,0,0,0,0,0,0,0.046511627906976744,43,2.4149409646904747,2.9244571924209595,4.062928259372711,0,86
candidate,20261055,1,3,-21.0,3.0,0,0,0,0,0,0,0,0.0,59,2.449566340547497,3.3661259338259693,5.011340603232384,0,119
candidate,20261055,2,3,-8.0,2.5,0,0,0,0,0,0,0,0.0273972602739726,73,2.3205482388195926,2.8617747128009796,6.7900437861680984,0,146
candidate,20261055,3,3,-19.0,3.0,0,0,0,0,0,0,0,0.01694915254237288,59,2.276811369899976,2.8002262115478516,3.5808775573968887,0,119
candidate,20261056,0,1,-20.0,4.0,0,0,1,12,0,0,0,0.017857142857142856,56,2.321345532046897,2.772850915789604,2.8423480689525604,0,112
candidate,20261056,1,1,35.0,1.0,1,0,0,0,0,0,0,0.021739130434782608,46,2.2731169086435568,2.791855949908495,2.878054976463318,0,92
candidate,20261056,2,1,-8.0,2.5,0,0,0,0,0,0,0,0.03225806451612903,62,2.233577351416311,2.649461105465889,2.7084145694971085,0,124
candidate,20261056,3,1,36.0,1.0,1,0,0,0,0,0,0,0.016129032258064516,62,2.2643445540339715,2.7529719285666943,2.8816238045692444,0,124
candidate,20261057,0,3,-16.0,3.0,0,0,0,0,0,0,0,0.03636363636363636,55,2.3881419477137653,2.9841938987374306,5.272287875413895,0,111
candidate,20261057,1,3,-8.0,2.5,0,0,0,0,0,0,0,0.03225806451612903,62,2.272155316125962,2.6747720316052437,2.8958600014448166,0,124
candidate,20261057,2,3,48.0,1.0,1,1,0,0,0,0,0,0.034482758620689655,58,2.206434238830517,2.659206185489893,2.810712903738022,0,115
candidate,20261057,3,3,37.0,1.0,1,0,0,0,0,0,0,0.03571428571428571,56,2.2115154258374656,2.6219869032502174,2.737615257501602,0,112
candidate,20261058,0,2,-8.0,2.5,0,0,0,0,0,0,0,0.0,65,2.5090582382220488,3.2947897911071777,5.151987075805664,0,130
candidate,20261058,1,2,48.0,1.0,1,0,0,0,0,0,0,0.038461538461538464,52,2.3208829717567334,2.92597534134984,3.0205585062503815,0,104
candidate,20261058,2,2,-8.0,2.5,0,0,0,0,0,0,0,0.0,74,2.2804458701127284,2.887221705168485,2.9420070350170135,0,148
candidate,20261058,3,2,32.0,1.0,1,0,0,0,0,0,0,0.05,40,2.2653418127447367,2.828531432896852,3.036627545952797,0,80
candidate,20261059,0,1,-23.0,3.0,0,0,0,0,0,0,0,0.030303030303030304,33,2.3760011024547345,2.9515162110328674,3.0658356845378876,0,67
candidate,20261059,1,1,-8.0,2.5,0,0,0,0,0,0,0,0.0,47,2.4450326219518135,3.421750292181968,3.9513371884822845,0,94
candidate,20261059,2,1,-23.0,3.0,0,0,0,0,0,0,0,0.029411764705882353,34,2.2234156289521385,2.669653482735157,2.691959962248802,0,69
candidate,20261059,3,1,-8.0,2.5,0,0,0,0,0,0,0,0.0851063829787234,47,2.205161140003103,2.5750566273927684,2.8042010962963104,0,94
candidate,20261060,0,1,-8.0,2.5,0,0,0,0,0,0,0,0.016129032258064516,62,2.368132073071695,2.9641488566994667,3.055911511182785,0,124
candidate,20261060,1,1,34.0,1.0,1,0,0,0,0,0,0,0.016666666666666666,60,2.3504350955287614,3.0103433877229686,3.144344314932823,0,120
candidate,20261060,2,1,-22.0,3.0,0,0,0,0,0,0,0,0.0,63,2.3391875068819714,3.0041567981243134,3.187207505106926,0,127
candidate,20261060,3,1,-18.0,4.0,0,0,1,10,0,0,0,0.0,60,2.357669019450744,3.1518367119133472,3.2995138317346573,0,120
candidate,20261061,0,3,42.0,1.0,1,0,0,0,0,0,0,0.017857142857142856,56,2.347605336191399,2.946247812360525,3.0676349997520447,0,112
candidate,20261061,1,3,48.0,1.0,1,1,0,0,0,0,0,0.013513513513513514,74,2.2627880947815404,2.7107276953756805,2.831755205988884,0,147
candidate,20261061,2,3,-8.0,2.5,0,0,0,0,0,0,0,0.04081632653061224,49,2.2433672328384553,2.7705274522304526,2.9570888727903366,0,98
candidate,20261061,3,3,-20.0,3.0,0,0,0,0,0,0,0,0.0,72,2.410000345359246,3.3014615066349506,4.662366583943367,0,145
candidate,20261062,0,1,-19.0,4.0,0,0,1,11,0,0,0,0.03389830508474576,59,2.3250548895132743,2.8356565162539478,2.99837626516819,0,118
candidate,20261062,1,1,-17.0,4.0,0,0,1,9,0,0,0,0.046875,64,2.2406922362279147,2.6150845922529697,2.7482956647872925,0,128
candidate,20261062,2,1,-21.0,3.0,0,0,0,0,0,0,0,0.0,46,2.324322036103062,3.0258940532803535,3.144478425383568,0,93
candidate,20261062,3,1,-19.0,3.0,0,0,0,0,0,0,0,0.046511627906976744,43,2.282416231410448,2.8087306767702103,3.0277352780103683,0,87
candidate,20261063,0,0,-8.0,2.5,0,0,0,0,0,0,0,0.0,34,2.3405330584329715,2.853743266314268,2.902098000049591,0,68
candidate,20261063,1,0,-8.0,2.5,0,0,0,0,0,0,0,0.05172413793103448,58,2.2413776866320907,2.7718969620764256,3.1097140163183212,0,116
candidate,20261063,2,0,-17.0,4.0,0,0,1,9,0,0,0,0.0,34,2.270051990361775,2.7886086143553257,2.804648131132126,0,68
candidate,20261063,3,0,33.0,1.0,1,0,0,0,0,0,0,0.024390243902439025,41,2.2574040766169383,2.8145648539066315,2.896316349506378,0,82
candidate,20261064,0,3,33.0,1.0,1,0,0,0,0,0,0,0.016666666666666666,60,2.3209383400777974,2.876541670411825,2.9551927000284195,0,120
candidate,20261064,1,3,-8.0,2.5,0,0,0,0,0,0,0,0.061224489795918366,49,2.2442056892477735,2.6193197816610336,2.7253013104200363,0,98
candidate,20261064,2,3,33.0,1.0,1,0,0,0,0,0,0,0.061224489795918366,49,2.202662430247482,2.572312951087951,2.7666743844747543,0,98
candidate,20261064,3,3,-18.0,3.0,0,0,0,0,0,0,0,0.0,51,2.352619178447069,3.131912089884281,4.689039662480354,0,103
candidate,20261065,0,1,-8.0,2.5,0,0,0,0,0,0,0,0.0,47,2.4115243887013578,3.047066740691662,3.117736428976059,0,94
candidate,20261065,1,1,32.0,1.0,1,0,0,0,0,0,0,0.02127659574468085,47,2.2845068114235048,2.7612540870904922,3.1396690756082535,0,94
candidate,20261065,2,1,-16.0,4.0,0,0,1,8,0,0,0,0.0,18,2.2667869925498962,2.8644965030252934,2.899579703807831,0,36
candidate,20261065,3,1,-8.0,2.5,0,0,0,0,0,0,0,0.0425531914893617,47,2.230970228606082,2.66565028578043,2.762461081147194,0,94
candidate,20261066,0,1,-28.0,4.0,0,0,1,20,0,0,0,0.06060606060606061,33,2.285815267400308,2.6217006146907806,2.8594471514225006,0,66
candidate,20261066,1,1,44.0,1.0,1,0,0,0,0,0,0,0.030303030303030304,33,2.433405285983375,3.062312677502632,4.462793469429016,0,66
candidate,20261066,2,1,-8.0,2.5,0,0,0,0,0,0,0,0.06060606060606061,33,2.2837182676250283,2.873729169368744,3.280496224761009,0,66
candidate,20261066,3,1,-8.0,2.5,0,0,0,0,0,0,0,0.030303030303030304,33,2.256086039723772,2.8899651020765305,2.972526475787163,0,66
candidate,20261067,0,2,-8.0,2.5,0,0,0,0,0,0,0,0.05454545454545454,55,2.2775368934327904,2.5715574622154236,2.758791670203209,0,110
candidate,20261067,1,2,-17.0,4.0,0,0,1,9,0,0,0,0.03636363636363636,55,2.312980355186896,2.8537563979625697,2.9896385967731476,0,110
candidate,20261067,2,2,43.0,1.0,1,0,0,0,0,0,0,0.017543859649122806,57,2.30452634002033,2.857217565178871,3.9464663714170456,0,114
candidate,20261067,3,2,33.0,1.0,1,0,0,0,0,0,0,0.01818181818181818,55,2.2528041154146194,2.851654402911663,3.024391829967499,0,110
candidate,20261068,0,2,-22.0,4.0,0,0,1,14,0,0,0,0.037037037037037035,27,2.3356776822496346,2.862776815891266,2.8854236006736755,0,54
candidate,20261068,1,2,-17.0,4.0,0,0,1,9,0,0,0,0.06818181818181818,44,2.2274006412110547,2.5791827589273453,2.750389277935028,0,88
candidate,20261068,2,2,33.0,1.0,1,0,0,0,0,0,0,0.045454545454545456,44,2.216511194340207,2.593891881406307,2.631673589348793,0,88
candidate,20261068,3,2,-8.0,2.5,0,0,0,0,0,0,0,0.0,44,2.35548975284804,3.032556176185608,3.373507410287857,0,88
candidate,20261069,0,1,33.0,1.0,1,0,0,0,0,0,0,0.04081632653061224,49,2.267577666409162,2.5332998484373093,2.8509683907032013,0,98
candidate,20261069,1,1,34.0,1.0,1,0,0,0,0,0,0,0.029411764705882353,68,2.2807459292166374,2.7639891020953655,2.9208846390247345,0,136
candidate,20261069,2,1,-8.0,2.5,0,0,0,0,0,0,0,0.028169014084507043,71,2.2611071840978005,2.8274431824684143,3.09116393327713,0,142
candidate,20261069,3,1,-8.0,2.5,0,0,0,0,0,0,0,0.02040816326530612,49,2.227539576742114,2.7506552636623383,2.7894098311662674,0,98
candidate,20261070,0,3,-8.0,2.5,0,0,0,0,0,0,0,0.0,56,2.3423200140574147,2.879655919969082,2.9885657131671906,0,112
candidate,20261070,1,3,-26.0,3.0,0,0,0,0,0,0,0,0.02631578947368421,76,2.27392832503507,2.702400553971529,2.8736479580402374,0,153
candidate,20261070,2,3,37.0,1.0,1,0,0,0,0,0,0,0.02,50,2.320564426481724,2.8210321441292763,4.765242338180542,0,100
candidate,20261070,3,3,99.0,1.0,1,1,0,0,0,0,0,0.0,48,2.399472054094076,3.0050269328057766,7.116755470633507,0,95
candidate,20261071,0,3,-8.0,2.5,0,0,0,0,0,0,0,0.023255813953488372,43,2.49316175143386,3.438725695014,5.2751339972019196,0,86
candidate,20261071,1,3,-16.0,3.0,0,0,0,0,0,0,0,0.045454545454545456,44,2.2852933034300804,2.809884399175644,3.379611298441887,0,89
candidate,20261071,2,3,41.0,1.0,1,0,0,0,0,0,0,0.018867924528301886,53,2.2961983000332453,2.8437186032533646,2.895643934607506,0,106
candidate,20261071,3,3,-16.0,3.0,0,0,0,0,0,0,0,0.047619047619047616,42,2.2481236872928485,2.6419945061206818,2.811811864376068,0,85
candidate,20261072,0,0,-8.0,2.5,0,0,0,0,0,0,0,0.02702702702702703,74,2.394508041844175,2.9104101471602917,5.485218018293381,0,149
candidate,20261072,1,0,-17.0,4.0,0,0,1,9,0,0,0,0.022727272727272728,44,2.293983559039506,2.729960810393095,3.0325762927532196,0,88
candidate,20261072,2,0,32.0,1.0,1,0,0,0,0,0,0,0.01639344262295082,61,2.2383999751239525,2.7315057814121246,2.753639593720436,0,122
candidate,20261072,3,0,33.0,1.0,1,0,0,0,0,0,0,0.03278688524590164,61,2.2209751434990617,2.7250833809375763,2.812575548887253,0,122
candidate,20261073,0,1,-21.0,3.0,0,0,0,0,0,0,0,0.0,18,2.354870136413309,2.8368105180561543,2.8487276285886765,0,37
candidate,20261073,1,1,-21.0,3.0,0,0,0,0,0,0,0,0.05555555555555555,18,2.2886617937021785,2.706649526953697,2.7398914098739624,0,37
candidate,20261073,2,1,63.0,1.0,1,1,0,0,0,0,0,0.0,19,2.3228436904518226,3.1382450833916664,3.2283253967761993,0,37
candidate,20261073,3,1,-21.0,3.0,0,0,0,0,0,0,0,0.0,18,2.256932978828748,2.806203067302704,2.8132833540439606,0,37
candidate,20261074,0,1,-8.0,2.5,0,0,0,0,0,0,0,0.0,56,2.517061773687601,3.3591222018003464,3.46953421831131,0,112
candidate,20261074,1,1,-16.0,4.0,0,0,1,8,0,0,0,0.017857142857142856,56,2.3084566263215884,2.814394887536764,2.868395298719406,0,112
candidate,20261074,2,1,-8.0,2.5,0,0,0,0,0,0,0,0.03571428571428571,56,2.2414076873766526,2.705276943743229,2.8239917010068893,0,112
candidate,20261074,3,1,32.0,1.0,1,0,0,0,0,0,0,0.018518518518518517,54,2.325353626575735,3.280976135283708,3.6379247903823853,0,108
candidate,20261075,0,0,-8.0,2.5,0,0,0,0,0,0,0,0.023809523809523808,42,2.3147248707356907,2.819784265011549,2.8314776718616486,0,84
candidate,20261075,1,0,32.0,1.0,1,0,0,0,0,0,0,0.04081632653061224,49,2.2716649560904014,2.7951285243034363,2.837587147951126,0,98
candidate,20261075,2,0,-8.0,2.5,0,0,0,0,0,0,0,0.0,42,2.352260807085605,3.149740770459175,3.2117515802383423,0,84
candidate,20261075,3,0,0.0,2.5,0,0,0,0,0,1,1,0.023255813953488372,86,2.2513903460876885,2.7070771902799606,2.912050113081932,0,172
candidate,20261076,0,3,34.0,1.0,1,0,0,0,0,0,0,0.022727272727272728,44,2.3167811503464524,2.8048782609403133,2.8197597712278366,0,88
candidate,20261076,1,3,-8.0,2.5,0,0,0,0,0,0,0,0.0,44,2.3828741925006565,3.28306183218956,3.4486204385757446,0,88
candidate,20261076,2,3,-8.0,2.5,0,0,0,0,0,0,0,0.022727272727272728,44,2.245386681434783,2.7200662530958652,2.7271099388599396,0,88
candidate,20261076,3,3,-20.0,3.0,0,0,0,0,0,0,0,0.0,40,2.347503649070859,3.064716514199972,3.1912587583065033,0,81
candidate,20261077,0,0,-8.0,2.5,0,0,0,0,0,0,0,0.0,84,2.3809579378437427,2.908808644860983,2.9742401093244553,0,168
candidate,20261077,1,0,-8.0,2.5,0,0,0,0,0,0,0,0.05172413793103448,58,2.2023081265646836,2.4723206646740437,2.7350857853889465,0,116
candidate,20261077,2,0,-8.0,2.5,0,0,0,0,0,0,0,0.017241379310344827,58,2.311651627051419,3.044852428138256,3.071499988436699,0,116
candidate,20261077,3,0,-17.0,4.0,0,0,1,9,0,0,0,0.0,42,2.3635374382138252,3.2086940482258792,3.3938847482204437,0,84
candidate,20261078,0,3,-8.0,2.5,0,0,0,0,0,0,0,0.021739130434782608,46,2.2815434343141057,2.6361183263361454,2.8478726744651794,0,92
candidate,20261078,1,3,-30.0,4.0,0,0,1,22,0,0,0,0.06521739130434782,46,2.2564311309353164,2.6982217095792294,2.8024185448884964,0,92
candidate,20261078,2,3,46.0,1.0,1,0,0,0,0,0,0,0.043478260869565216,46,2.2732220671099164,2.7890000492334366,2.903064712882042,0,92
candidate,20261078,3,3,-8.0,2.5,0,0,0,0,0,0,0,0.06521739130434782,46,2.271244828791722,2.726807724684477,3.761114552617073,0,92
candidate,20261079,0,2,-22.0,3.0,0,0,0,0,0,0,0,0.0625,32,2.297363127581775,2.6647012680768967,2.8685424476861954,0,65
candidate,20261079,1,2,66.0,1.0,1,1,0,0,0,0,0,0.0,33,2.40739451890642,3.145933151245117,4.602350294589996,0,65
candidate,20261079,2,2,-22.0,3.0,0,0,0,0,0,0,0,0.03125,32,2.266116440296173,2.7997533790767193,2.902120351791382,0,65
candidate,20261079,3,2,-22.0,3.0,0,0,0,0,0,0,0,0.03125,32,2.365098800510168,2.789854910224676,7.349412888288498,0,65
candidate,20261080,0,2,-31.0,4.0,0,0,1,23,0,0,0,0.0,56,2.573201199993491,4.008424933999777,4.914598539471626,0,112
candidate,20261080,1,2,47.0,1.0,1,0,0,0,0,0,0,0.03333333333333333,60,2.244868657241265,2.648944966495037,2.8309933841228485,0,120
candidate,20261080,2,2,0.0,2.5,0,0,0,0,0,1,1,0.03529411764705882,85,2.314602364512051,2.6602186262607574,5.16677089035511,0,170
candidate,20261080,3,2,-18.0,4.0,0,0,1,10,0,0,0,0.0,62,2.2827363723228054,2.8892217203974724,2.945076674222946,0,124
candidate,20261081,0,2,-21.0,4.0,0,0,1,13,0,0,0,0.01639344262295082,61,2.325686122306058,2.798415720462799,2.871062606573105,0,123
candidate,20261081,1,2,-21.0,3.0,0,0,0,0,0,0,0,0.02857142857142857,70,2.26133367312806,2.676484175026417,2.8660614043474197,0,140
candidate,20261081,2,2,-8.0,2.5,0,0,0,0,0,0,0,0.0425531914893617,47,2.2445317119994064,2.7883378788828845,2.842836081981659,0,95
candidate,20261081,3,2,40.0,1.0,1,0,0,0,0,0,0,0.0,54,2.432256971520406,3.532370924949646,3.9155203849077225,0,108
candidate,20261082,0,0,-27.0,4.0,0,0,1,19,0,0,0,0.044444444444444446,45,2.329339956243833,2.8589118272066116,3.0503589659929276,0,90
candidate,20261082,1,0,45.0,1.0,1,0,0,0,0,0,0,0.0,49,2.4833248129912784,3.673459216952323,3.8602314889431,0,98
candidate,20261082,2,0,-28.0,3.0,0,0,0,0,0,0,0,0.023255813953488372,43,2.3696611440458963,3.164231963455677,3.296390175819397,0,87
candidate,20261082,3,0,-8.0,2.5,0,0,0,0,0,0,0,0.02040816326530612,49,2.2652264000201714,2.78579369187355,2.8457213193178177,0,98
candidate,20261083,0,3,-33.0,3.0,0,0,0,0,0,0,0,0.0,58,2.4560260233180276,3.2517068088054657,5.156397819519043,0,117
candidate,20261083,1,3,-33.0,3.0,0,0,0,0,0,0,0,0.017241379310344827,58,2.3834064988226724,3.4348996356129646,3.6819055676460266,0,117
candidate,20261083,2,3,99.0,1.0,1,1,0,0,0,0,0,0.0,59,2.261363601280471,2.820330113172531,2.8581470251083374,0,117
candidate,20261083,3,3,-33.0,3.0,0,0,0,0,0,0,0,0.017241379310344827,58,2.2381759601934204,2.7064574882388115,2.7275364845991135,0,117
candidate,20261084,0,2,52.0,1.0,1,0,0,0,0,0,0,0.05084745762711865,59,2.3133973196401434,2.8370659798383713,2.9501840472221375,0,118
candidate,20261084,1,2,39.0,1.0,1,0,0,0,0,0,0,0.08333333333333333,60,2.2565586492419243,2.7068588882684708,5.180560052394867,0,120
candidate,20261084,2,2,-8.0,2.5,0,0,0,0,0,0,0,0.016666666666666666,60,2.2807777859270573,2.8647757135331626,3.005886450409889,0,120
candidate,20261084,3,2,54.0,1.0,1,1,0,0,0,0,0,0.0,42,2.3965172114826383,3.328312002122402,4.141604527831078,0,83
candidate,20261085,0,2,60.0,1.0,1,1,0,0,0,0,0,0.0,44,2.387499225071885,3.099043108522892,3.3002346754074097,0,87
candidate,20261085,1,2,-20.0,3.0,0,0,0,0,0,0,0,0.0,43,2.281112163219341,2.8302084654569626,2.8683319687843323,0,87
candidate,20261085,2,2,-20.0,3.0,0,0,0,0,0,0,0,0.06976744186046512,43,2.2234613465708355,2.698206342756748,2.7869362384080887,0,87
candidate,20261085,3,2,-20.0,3.0,0,0,0,0,0,0,0,0.046511627906976744,43,2.230006465038588,2.7637252584099765,2.884063869714737,0,87
candidate,20261086,0,0,42.0,1.0,1,0,0,0,0,0,0,0.06818181818181818,44,2.2452152757482096,2.480914071202278,2.753831446170807,0,88
candidate,20261086,1,0,-8.0,2.5,0,0,0,0,0,0,0,0.02564102564102564,39,2.3424472086704693,3.0237793922424316,3.1175073236227036,0,78
candidate,20261086,2,0,-27.0,4.0,0,0,1,19,0,0,0,0.02564102564102564,39,2.249376418498846,2.722277492284775,2.739597111940384,0,78
candidate,20261086,3,0,-8.0,2.5,0,0,0,0,0,0,0,0.02564102564102564,39,2.332175246033913,2.9310010373592394,4.68800961971283,0,78
candidate,20261087,0,3,-8.0,2.5,0,0,0,0,0,0,0,0.023809523809523808,42,2.3214278653973626,2.864656969904899,2.9402393847703934,0,84
candidate,20261087,1,3,-26.0,4.0,0,0,1,18,0,0,0,0.029411764705882353,34,2.340065808418919,3.0390978790819645,3.1635481864213943,0,68
candidate,20261087,2,3,-8.0,2.5,0,0,0,0,0,0,0,0.0,38,2.297121345212585,2.9271386563777924,3.0587706714868546,0,76
candidate,20261087,3,3,-26.0,4.0,0,0,1,18,0,0,0,0.03125,32,2.31797166634351,2.8070268221199512,4.098806530237198,0,64
candidate,20261088,0,1,-31.0,3.0,0,0,0,0,0,0,0,0.04,50,2.287164628505707,2.625923417508602,2.8340574353933334,0,101
candidate,20261088,1,1,-31.0,3.0,0,0,0,0,0,0,0,0.04,50,2.355415001511574,2.88934875279665,5.780652165412903,0,101
candidate,20261088,2,1,-31.0,3.0,0,0,0,0,0,0,0,0.02,50,2.3182693868875504,2.9506444931030273,3.258518874645233,0,101
candidate,20261088,3,1,93.0,1.0,1,1,0,0,0,0,0,0.0,51,2.4026834278130065,3.332037478685379,5.7058874517679214,0,101
candidate,20261089,0,1,34.0,1.0,1,0,0,0,0,0,0,0.02702702702702703,74,2.3047243924559773,2.7385951019823542,2.9228683561086655,0,148
candidate,20261089,1,1,-8.0,2.5,0,0,0,0,0,0,0,0.038461538461538464,78,2.337406556575726,2.5861036032438274,6.32806308567524,0,156
candidate,20261089,2,1,-16.0,3.0,0,0,0,0,0,0,0,0.0,11,2.27505239573392,2.756970003247261,2.7649160474538803,0,23
candidate,20261089,3,1,-8.0,2.5,0,0,0,0,0,0,0,0.0196078431372549,51,2.311876007154876,3.0941376462578773,3.353586420416832,0,102
candidate,20261090,0,3,51.0,1.0,1,1,0,0,0,0,0,0.047619047619047616,21,2.3254743289379847,2.9047075659036636,2.9084496200084686,0,41
candidate,20261090,1,3,-16.0,4.0,0,0,1,8,0,0,0,0.0,18,2.324771756927172,2.8725681826472282,2.9234569519758224,0,36
candidate,20261090,2,3,-17.0,3.0,0,0,0,0,0,0,0,0.0,20,2.379106916487217,3.2721442170441155,3.6051329225301743,0,41
candidate,20261090,3,3,-17.0,3.0,0,0,0,0,0,0,0,0.0,20,2.2874352522194386,2.8681518509984016,2.98098661005497,0,41
candidate,20261091,0,1,-26.0,3.0,0,0,0,0,0,0,0,0.03278688524590164,61,2.2763959819176156,2.7764160186052322,2.8262529522180557,0,123
candidate,20261091,1,1,-26.0,3.0,0,0,0,0,0,0,0,0.04918032786885246,61,2.268712234790208,2.7506183832883835,2.8129275888204575,0,123
candidate,20261091,2,1,78.0,1.0,1,1,0,0,0,0,0,0.04838709677419355,62,2.238134162560586,2.7672020718455315,2.8581880033016205,0,123
candidate,20261091,3,1,-26.0,3.0,0,0,0,0,0,0,0,0.04918032786885246,61,2.2234230561823143,2.8375592082738876,2.9277577996253967,0,123
candidate,20261092,0,3,33.0,1.0,1,0,0,0,0,0,0,0.044444444444444446,45,2.323236150874032,2.883841842412948,2.9345396906137466,0,90
candidate,20261092,1,3,-8.0,2.5,0,0,0,0,0,0,0,0.022222222222222223,45,2.3523251629538007,3.1156077980995174,3.649076446890831,0,90
candidate,20261092,2,3,-17.0,4.0,0,0,1,9,0,0,0,0.044444444444444446,45,2.2331090023120246,2.7844399213790894,2.9265303164720535,0,90
candidate,20261092,3,3,-8.0,2.5,0,0,0,0,0,0,0,0.06666666666666667,45,2.209110102719731,2.5765281170606613,2.75382399559021,0,90
candidate,20261093,0,1,-16.0,4.0,0,0,1,8,0,0,0,0.06666666666666667,30,2.28357103963693,2.5585290044546127,2.941995859146118,0,60
candidate,20261093,1,1,-16.0,3.0,0,0,0,0,0,0,0,0.11538461538461539,26,2.211873992704428,2.5179083459079266,2.5752391666173935,0,53
candidate,20261093,2,1,-16.0,3.0,0,0,0,0,0,0,0,0.03125,32,2.2639264934696257,2.7497000992298126,2.9030106961727142,0,65
candidate,20261093,3,1,48.0,1.0,1,1,0,0,0,0,0,0.037037037037037035,27,2.2352580670957214,2.92496494948864,2.9440242797136307,0,53
candidate,20261094,0,1,-8.0,2.5,0,0,0,0,0,0,0,0.025,40,2.329606981948018,2.902271691709757,3.0172839760780334,0,80
candidate,20261094,1,1,48.0,1.0,1,1,0,0,0,0,0,0.02,50,2.2907771915197372,2.8449168428778644,3.0816756188869476,0,99
candidate,20261094,2,1,-16.0,3.0,0,0,0,0,0,0,0,0.02040816326530612,49,2.2588435332385863,2.815628796815872,2.8339754790067673,0,99
candidate,20261094,3,1,-21.0,4.0,0,0,1,13,0,0,0,0.0,40,2.2669422440230846,2.7931961230933666,2.80727818608284,0,80
candidate,20261095,0,0,54.0,1.0,1,1,0,0,0,0,0,0.017543859649122806,57,2.308209279650136,2.779782935976982,2.8213560581207275,0,113
candidate,20261095,1,0,57.0,1.0,1,1,0,0,0,0,0,0.06451612903225806,62,2.234891958294376,2.6236211881041527,3.411177545785904,0,123
candidate,20261095,2,0,-17.0,3.0,0,0,0,0,0,0,0,0.01818181818181818,55,2.2625349123369562,2.8118107467889786,2.8808433562517166,0,111
candidate,20261095,3,0,-19.0,3.0,0,0,0,0,0,0,0,0.0,61,2.49075959818285,3.596128895878792,3.8510896265506744,0,123
candidate,20261096,0,0,-8.0,2.5,0,0,0,0,0,0,0,0.041666666666666664,48,2.3063612558568516,2.7957229875028133,2.9915329068899155,0,96
candidate,20261096,1,0,34.0,1.0,1,0,0,0,0,0,0,0.10344827586206896,29,2.213405252530657,2.5933142751455307,2.607479691505432,0,58
candidate,20261096,2,0,-8.0,2.5,0,0,0,0,0,0,0,0.022727272727272728,44,2.2616503675552933,2.751164324581623,2.7765538543462753,0,88
candidate,20261096,3,0,-22.0,4.0,0,0,1,14,0,0,0,0.0,40,2.3019660729914904,2.996365074068308,3.2243840396404266,0,80
candidate,20261097,0,1,-8.0,2.5,0,0,0,0,0,0,0,0.037037037037037035,27,2.283799703474398,2.8151197358965874,2.9787328094244003,0,54
candidate,20261097,1,1,-8.0,2.5,0,0,0,0,0,0,0,0.07407407407407407,27,2.370658020178477,2.781318686902523,6.171783432364464,0,54
candidate,20261097,2,1,33.0,1.0,1,0,0,0,0,0,0,0.037037037037037035,27,2.3520088030232325,2.9374999925494194,4.648430272936821,0,54
candidate,20261097,3,1,-17.0,4.0,0,0,1,9,0,0,0,0.06451612903225806,31,2.2349045161278016,2.6931054890155792,2.7771983295679092,0,62
candidate,20261098,0,3,0.0,2.5,0,0,0,0,0,1,1,0.011764705882352941,85,2.3701240253799103,2.966013178229332,3.7626828998327255,0,170
candidate,20261098,1,3,-8.0,2.5,0,0,0,0,0,0,0,0.024390243902439025,82,2.2870521856153885,2.7398371137678623,4.580659791827202,0,164
candidate,20261098,2,3,-54.0,4.0,0,0,1,46,1,0,0,0.0379746835443038,79,2.303818618006344,2.9854666441679,6.09956867992878,0,158
candidate,20261098,3,3,-8.0,2.5,0,0,0,0,0,0,0,0.02564102564102564,78,2.342853719034256,2.953420951962469,5.632927641272545,0,156
candidate,20261099,0,2,35.0,1.0,1,0,0,0,0,0,0,0.03508771929824561,57,2.4738968268298267,3.0042998492717743,6.738273426890373,0,114
candidate,20261099,1,2,-17.0,3.0,0,0,0,0,0,0,0,0.02857142857142857,70,2.4150403748665537,3.0388984829187393,6.25193677842617,0,141
candidate,20261099,2,2,-26.0,3.0,0,0,0,0,0,0,0,0.01818181818181818,55,2.299571071158756,2.7560969814658165,5.1240939646959305,0,111
candidate,20261099,3,2,-8.0,2.5,0,0,0,0,0,0,0,0.046875,64,2.261404733872041,2.6979328133165836,3.704383969306946,0,127
candidate,20261100,0,1,10.0,2.0,0,0,0,0,0,0,0,0.022727272727272728,44,2.4618676609613677,3.1356179155409336,4.632581025362015,1,89
candidate,20261100,1,1,-28.0,4.0,0,0,1,20,0,0,0,0.05555555555555555,36,2.5768702228864035,3.8182581774890423,4.978526383638382,0,72
candidate,20261100,2,1,-8.0,2.5,0,0,0,0,0,0,0,0.05555555555555555,36,2.314660284254286,2.6523112319409847,5.1006413996219635,0,72
candidate,20261100,3,1,-8.0,2.5,0,0,0,0,0,0,0,0.027777777777777776,36,2.2491469151443906,2.709736581891775,2.727389335632324,0,72
candidate,20261101,0,2,-8.0,2.5,0,0,0,0,0,0,0,0.0,46,2.4302104973922605,3.0556893907487392,4.542350769042969,0,92
candidate,20261101,1,2,-8.0,2.5,0,0,0,0,0,0,0,0.021739130434782608,46,2.33347207793723,2.9143663123250008,2.981148660182953,0,92
candidate,20261101,2,2,-8.0,2.5,0,0,0,0,0,0,0,0.03389830508474576,59,2.322584548491543,2.7813898399472237,5.759282037615776,0,118
candidate,20261101,3,2,-18.0,4.0,0,0,1,10,0,0,0,0.0,46,2.416421821259934,3.3408296294510365,4.226384684443474,0,92
candidate,20261102,0,2,-8.0,2.5,0,0,0,0,0,0,0,0.02040816326530612,49,2.4414015363673776,3.287193179130554,3.632254898548126,0,98
candidate,20261102,1,2,-19.0,4.0,0,0,1,11,0,0,0,0.0410958904109589,73,2.2932339510689044,2.654719352722168,4.46058064699173,0,146
candidate,20261102,2,2,44.0,1.0,1,0,0,0,0,0,0,0.07894736842105263,38,2.2739447947395477,2.7688423171639442,3.7236716598272324,0,76
candidate,20261102,3,2,-8.0,2.5,0,0,0,0,0,0,0,0.03636363636363636,55,2.2779738022522493,2.9867153614759445,3.0424147844314575,0,110
candidate,20261103,0,1,-8.0,2.5,0,0,0,0,0,0,0,0.030303030303030304,66,2.286813786309777,2.712270710617304,2.7909446507692337,0,132
candidate,20261103,1,1,-8.0,2.5,0,0,0,0,0,0,0,0.014925373134328358,67,2.3313769375655187,2.8126990422606464,5.603184923529625,0,134
candidate,20261103,2,1,-8.0,2.5,0,0,0,0,0,0,0,0.029850746268656716,67,2.2915784380774,2.716273069381714,6.371626630425453,0,134
candidate,20261103,3,1,34.0,1.0,1,0,0,0,0,0,0,0.029850746268656716,67,2.276290124699251,2.771408297121525,3.6756563931703568,0,134
candidate,20261104,0,1,-8.0,2.5,0,0,0,0,0,0,0,0.06666666666666667,45,2.3372611651817956,2.8766173869371414,2.9162243008613586,0,90
candidate,20261104,1,1,-28.0,4.0,0,0,1,20,0,0,0,0.029850746268656716,67,2.283578821972235,2.753273956477642,2.8142519295215607,0,134
candidate,20261104,2,1,-8.0,2.5,0,0,0,0,0,0,0,0.047619047619047616,63,2.2488706819121798,2.558377757668495,5.094680935144424,0,126
candidate,20261104,3,1,-17.0,4.0,0,0,1,9,0,0,0,0.0,40,2.4759116116911173,3.2187254168093204,6.288120523095131,0,80
candidate,20261105,0,2,-8.0,2.5,0,0,0,0,0,0,0,0.022222222222222223,45,2.399875306420856,2.913791686296463,4.983335733413696,0,90
candidate,20261105,1,2,-8.0,2.5,0,0,0,0,0,0,0,0.018518518518518517,54,2.3852620549775936,2.8619263321161252,5.7298243045806885,0,108
candidate,20261105,2,2,-8.0,2.5,0,0,0,0,0,0,0,0.023255813953488372,43,2.2787899212088694,2.8819486498832703,2.9170680791139603,0,86
candidate,20261105,3,2,-8.0,2.5,0,0,0,0,0,0,0,0.0,54,2.3733512325971216,3.032506350427865,4.732176661491394,0,108
candidate,20261106,0,1,-8.0,2.5,0,0,0,0,0,0,0,0.0,41,2.4879565235318206,3.315502777695656,3.552943468093872,0,82
candidate,20261106,1,1,-8.0,2.5,0,0,0,0,0,0,0,0.023255813953488372,43,2.355345459871514,2.7219170704483986,6.490800529718399,0,86
candidate,20261106,2,1,-18.0,3.0,0,0,0,0,0,0,0,0.0,71,2.325881351257714,2.8798487037420273,5.1266103982925415,0,143
candidate,20261106,3,1,32.0,1.0,1,0,0,0,0,0,0,0.024390243902439025,41,2.377093974046591,3.1181443482637405,5.022410303354263,0,82
candidate,20261107,0,0,40.0,1.0,1,0,0,0,0,0,0,0.02702702702702703,37,2.317311997349198,2.72742360830307,3.0559059232473373,0,74
candidate,20261107,1,0,-20.0,4.0,0,0,1,12,0,0,0,0.06060606060606061,33,2.365631531133796,2.780309319496155,5.176372826099396,0,66
candidate,20261107,2,0,-8.0,2.5,0,0,0,0,0,0,0,0.0,37,2.3414158337825053,3.260442614555359,3.3325403928756714,0,74
candidate,20261107,3,0,-8.0,2.5,0,0,0,0,0,0,0,0.05405405405405406,37,2.416089428840457,3.1710080802440603,5.96960075199604,0,74
candidate,20261108,0,0,-8.0,2.5,0,0,0,0,0,0,0,0.023255813953488372,86,2.3723364656054695,2.832843456417322,6.154617294669151,0,172
candidate,20261108,1,0,0.0,2.5,0,0,0,0,0,1,1,0.023529411764705882,85,2.2864731138243393,2.817803993821144,4.185354337096214,0,170
candidate,20261108,2,0,0.0,2.5,0,0,0,0,0,1,0,0.0,84,2.3043186270764897,2.837550174444914,4.556158557534218,0,168
candidate,20261108,3,0,-25.0,4.0,0,0,1,17,0,0,0,0.05555555555555555,36,2.334605540252394,2.8595789335668087,5.414532497525215,0,72
candidate,20261109,0,1,0.0,2.5,0,0,0,0,0,1,1,0.03529411764705882,85,2.29964021812467,2.645634487271309,3.0728746205568314,0,170
candidate,20261109,1,1,0.0,2.5,0,0,0,0,0,1,1,0.023529411764705882,85,2.3134823012001373,2.7934428304433823,5.735861137509346,0,170
candidate,20261109,2,1,51.0,1.0,1,0,0,0,0,0,0,0.0,74,2.4337713178750633,3.087549190968275,6.65242038667202,0,148
candidate,20261109,3,1,0.0,2.5,0,0,0,0,0,1,1,0.0,85,2.3618605426129173,3.1567495316267014,5.12644462287426,0,170
candidate,20261110,0,0,34.0,1.0,1,0,0,0,0,0,0,0.02702702702702703,37,2.3579929225348137,2.8911180794239044,2.9139444231987,0,74
candidate,20261110,1,0,-8.0,2.5,0,0,0,0,0,0,0,0.04081632653061224,49,2.3654772690972505,2.905181422829628,6.0838256031274796,0,98
candidate,20261110,2,0,-18.0,4.0,0,0,1,10,0,0,0,0.02702702702702703,37,2.2462008369935527,2.6769354939460754,2.7694404125213623,0,74
candidate,20261110,3,0,-17.0,3.0,0,0,0,0,0,0,0,0.043478260869565216,69,2.2873179312201515,2.743457257747649,6.0380250215530396,0,139
candidate,20261111,0,0,-17.0,3.0,0,0,0,0,0,0,0,0.05263157894736842,38,2.28992565289924,2.69396910443902,2.813994884490967,0,77
candidate,20261111,1,0,-8.0,2.5,0,0,0,0,0,0,0,0.061224489795918366,49,2.3468833188621367,2.6317384093999863,7.884712889790535,0,98
candidate,20261111,2,0,-8.0,2.5,0,0,0,0,0,0,0,0.03225806451612903,62,2.231936601381148,2.6252237148582935,3.2251346856355667,0,124
candidate,20261111,3,0,-8.0,2.5,0,0,0,0,0,0,0,0.027777777777777776,36,2.3201482060054937,3.0407062731683254,3.1206440180540085,0,72
candidate,20261112,0,1,34.0,1.0,1,0,0,0,0,0,0,0.047619047619047616,42,2.3424659545222917,2.6698640547692776,4.4381339102983475,0,85
candidate,20261112,1,1,-8.0,2.5,0,0,0,0,0,0,0,0.023809523809523808,42,2.3775668371291387,2.961153816431761,4.144245758652687,0,85
candidate,20261112,2,1,-8.0,2.5,0,0,0,0,0,0,0,0.0,42,2.3229047212572325,3.1073075719177723,3.1258128583431244,0,85
candidate,20261112,3,1,-18.0,4.0,0,0,1,10,0,0,0,0.023255813953488372,43,2.3190040401248044,2.691297046840191,5.592094734311104,0,85
candidate,20261113,0,2,-8.0,2.5,0,0,0,0,0,0,0,0.014925373134328358,67,2.341337668806759,2.8794560581445694,2.935197204351425,0,134
candidate,20261113,1,2,48.0,1.0,1,0,0,0,0,0,0,0.0,75,2.4290188401937485,3.060445562005043,6.104463711380959,0,150
candidate,20261113,2,2,-33.0,3.0,0,0,0,0,0,0,0,0.03076923076923077,65,2.258872097501388,2.7814075350761414,3.146631643176079,0,131
candidate,20261113,3,2,-33.0,3.0,0,0,0,0,0,0,0,0.0,63,2.5361871553791895,3.637884370982647,3.7299692630767822,0,127
candidate,20261114,0,1,-8.0,2.5,0,0,0,0,0,0,0,0.04878048780487805,41,2.3141218485628685,2.792494371533394,2.848854288458824,0,82
candidate,20261114,1,1,36.0,1.0,1,0,0,0,0,0,0,0.024390243902439025,41,2.4079098025473153,3.1524673104286194,3.2135210931301117,0,82
candidate,20261114,2,1,-16.0,4.0,0,0,1,8,0,0,0,0.0,68,2.605045077336185,4.073413833975792,6.0050878673791885,0,136
candidate,20261114,3,1,-8.0,2.5,0,0,0,0,0,0,0,0.057971014492753624,69,2.267222581566244,2.588319033384323,5.333354696631432,0,138
candidate,20261115,0,3,-8.0,2.5,0,0,0,0,0,0,0,0.02857142857142857,35,2.343814660395895,2.8893662616610527,2.9069315642118454,0,70
candidate,20261115,1,3,36.0,1.0,1,0,0,0,0,0,0,0.02857142857142857,35,2.3414388298988342,2.944449707865715,3.122784197330475,0,70
candidate,20261115,2,3,0.0,2.5,0,0,0,0,0,1,1,0.011764705882352941,85,2.3385975729016697,2.8062526136636734,5.75939379632473,0,170
candidate,20261115,3,3,-8.0,2.5,0,0,0,0,0,0,0,0.02857142857142857,35,2.277569366352899,3.0226744711399074,3.162512555718422,0,70
candidate,20261116,0,1,-16.0,3.0,0,0,0,0,0,0,0,0.02564102564102564,39,2.3238071455405307,2.7791326865553856,2.8629321604967117,0,79
candidate,20261116,1,1,-16.0,3.0,0,0,0,0,0,0,0,0.0,39,2.371355413626402,3.001243807375431,3.1913407146930695,0,79
candidate,20261116,2,1,-16.0,3.0,0,0,0,0,0,0,0,0.0,39,2.3513132563004127,2.802797593176365,5.052318796515465,0,79
candidate,20261116,3,1,48.0,1.0,1,1,0,0,0,0,0,0.0,40,2.4090212769806385,3.391093667596578,5.612965673208237,0,79
candidate,20261117,0,3,54.0,1.0,1,0,0,0,0,0,0,0.0,54,2.3581568427659847,2.835512813180685,3.1490586698055267,0,108
candidate,20261117,1,3,-18.0,4.0,0,0,1,10,0,0,0,0.0,65,2.3788407158393126,2.871985360980034,6.466463208198547,0,130
candidate,20261117,2,3,-30.0,3.0,0,0,0,0,0,0,0,0.03614457831325301,83,2.2463927561619195,2.7571815997362137,3.2758358865976334,0,167
candidate,20261117,3,3,90.0,1.0,1,1,0,0,0,0,0,0.0,84,2.3894920679075375,3.3289022743701926,5.930313840508461,0,167
candidate,20261118,0,1,-26.0,4.0,0,0,1,18,0,0,0,0.043478260869565216,46,2.2842782023160355,2.6873494498431683,2.804679796099663,0,92
candidate,20261118,1,1,42.0,1.0,1,0,0,0,0,0,0,0.021739130434782608,46,2.4089695804792903,3.2076830975711346,5.2020251750946045,0,92
candidate,20261118,2,1,-8.0,2.5,0,0,0,0,0,0,0,0.021739130434782608,46,2.3602132240067357,2.8453702107071877,4.725012928247452,0,92
candidate,20261118,3,1,-8.0,2.5,0,0,0,0,0,0,0,0.05555555555555555,36,2.3026249578429594,3.155672922730446,3.5419054329395294,0,72
candidate,20261119,0,1,-33.0,3.0,0,0,0,0,0,0,0,0.01639344262295082,61,2.336064628401741,2.784883603453636,3.6173854023218155,0,123
candidate,20261119,1,1,-33.0,3.0,0,0,0,0,0,0,0,0.04918032786885246,61,2.2656387481533113,2.866080030798912,2.9784198850393295,0,123
candidate,20261119,2,1,-33.0,3.0,0,0,0,0,0,0,0,0.04918032786885246,61,2.3747788528438476,2.9504969716072083,5.2503664046525955,0,123
candidate,20261119,3,1,48.0,1.0,1,0,0,0,0,0,0,0.0,62,2.274951807433559,2.9148180969059467,3.3224057406187057,0,124
candidate,20261120,0,0,43.0,1.0,1,0,0,0,0,0,0,0.08333333333333333,12,2.670485991984606,4.386576917022465,6.105795502662659,0,24
candidate,20261120,1,0,-8.0,2.5,0,0,0,0,0,0,0,0.16666666666666666,12,2.280950856705507,2.655937522649765,2.665780484676361,0,24
candidate,20261120,2,0,-27.0,4.0,0,0,1,19,0,0,0,0.0625,16,2.2852368419989944,2.8685559518635273,2.8812475502490997,0,32
candidate,20261120,3,0,-8.0,2.5,0,0,0,0,0,0,0,0.08333333333333333,12,2.177771491309007,2.655122149735689,2.6706457138061523,0,24
candidate,20261121,0,0,51.0,1.0,1,1,0,0,0,0,0,0.04081632653061224,49,2.393071140561785,2.982479706406593,4.620568826794624,0,97
candidate,20261121,1,0,-8.0,2.5,0,0,0,0,0,0,0,0.0,40,2.4241792038083076,3.5289220511913295,3.743281587958336,0,80
candidate,20261121,2,0,-8.0,2.5,0,0,0,0,0,0,0,0.0,40,2.2826905362308025,2.8100457042455673,2.8252732008695602,0,80
candidate,20261121,3,0,-16.0,4.0,0,0,1,8,0,0,0,0.07692307692307693,39,2.218630164861679,2.6207048445940018,2.6465877890586853,0,78
candidate,20261122,0,2,-20.0,4.0,0,0,1,12,0,0,0,0.0375,80,2.3450017673894763,2.7198104187846184,4.657747223973274,0,159
candidate,20261122,1,2,0.0,2.5,0,0,0,0,0,1,0,0.011904761904761904,84,2.360206696071795,2.855695411562919,6.683545187115669,0,169
candidate,20261122,2,2,54.0,1.0,1,1,0,0,0,0,0,0.0,59,2.3819906163518714,3.260675072669983,3.4149885177612305,0,118
candidate,20261122,3,2,0.0,2.5,0,0,0,0,0,1,1,0.023809523809523808,84,2.3047146830885183,2.721689362078905,5.592130124568939,0,169
candidate,20261123,0,1,33.0,1.0,1,0,0,0,0,0,0,0.025,40,2.363209892064333,2.9829454608261585,3.435179591178894,0,80
candidate,20261123,1,1,-8.0,2.5,0,0,0,0,0,0,0,0.0,40,2.4163585156202316,3.298984374850988,3.5514160990715027,0,80
candidate,20261123,2,1,-8.0,2.5,0,0,0,0,0,0,0,0.05,40,2.244386076927185,2.687849663197994,2.8548482805490494,0,80
candidate,20261123,3,1,-17.0,4.0,0,0,1,9,0,0,0,0.025,40,2.3550899233669043,2.766674291342497,6.0445088893175125,0,80
candidate,20261124,0,1,-8.0,2.5,0,0,0,0,0,0,0,0.05263157894736842,57,2.2583758425817155,2.540582790970802,2.812745049595833,0,114
candidate,20261124,1,1,-8.0,2.5,0,0,0,0,0,0,0,0.02040816326530612,49,2.403582389257392,3.094691038131714,5.04208542406559,0,98
candidate,20261124,2,1,-28.0,3.0,0,0,0,0,0,0,0,0.022222222222222223,45,2.24446016881201,2.678437903523445,2.7231406420469284,0,91
candidate,20261124,3,1,-17.0,4.0,0,0,1,9,0,0,0,0.015384615384615385,65,2.4506298108742786,3.2843787223100662,6.097747012972832,0,131
candidate,20261125,0,2,43.0,1.0,1,0,0,0,0,0,0,0.0625,48,2.3358012161528072,2.8428589925169945,3.439551219344139,0,96
candidate,20261125,1,2,-16.0,4.0,0,0,1,8,0,0,0,0.043478260869565216,46,2.288404244767583,2.7234461158514023,4.468834027647972,0,92
candidate,20261125,2,2,-8.0,2.5,0,0,0,0,0,0,0,0.041666666666666664,48,2.255536809874078,2.8509884141385555,2.8685815632343292,0,96
candidate,20261125,3,2,33.0,1.0,1,0,0,0,0,0,0,0.06,50,2.244422473013401,2.819089498370886,2.9690880328416824,0,100
candidate,20261126,0,2,33.0,1.0,1,0,0,0,0,0,0,0.05128205128205128,39,2.326744154859812,2.9038507491350174,2.9774364084005356,0,78
candidate,20261126,1,2,-8.0,2.5,0,0,0,0,0,0,0,0.0,39,2.3675171706156855,3.08508463203907,3.2762549817562103,0,78
candidate,20261126,2,2,-22.0,3.0,0,0,0,0,0,0,0,0.017543859649122806,57,2.2629028545659886,2.8081215918064117,2.846643328666687,0,115
candidate,20261126,3,2,-8.0,2.5,0,0,0,0,0,0,0,0.05128205128205128,39,2.21480901997823,2.6272011920809746,2.6896707713603973,0,78
candidate,20261127,0,1,32.0,1.0,1,0,0,0,0,0,0,0.043478260869565216,46,2.273056777599065,2.5982391089200974,2.807231619954109,0,92
candidate,20261127,1,1,-16.0,4.0,0,0,1,8,0,0,0,0.0,57,2.3597839304752517,2.9307354241609573,2.9856450855731964,0,114
candidate,20261127,2,1,-17.0,4.0,0,0,1,9,0,0,0,0.0,69,2.2818015051492746,2.86983884871006,2.9025766998529434,0,138
candidate,20261127,3,1,33.0,1.0,1,0,0,0,0,0,0,0.02666666666666667,75,2.249076043566068,2.8024453669786453,3.1397882848978043,0,150
candidate,20261128,0,3,34.0,1.0,1,0,0,0,0,0,0,0.0,37,2.5752609645998157,3.9700787514448157,4.11163829267025,0,74
candidate,20261128,1,3,102.0,1.0,1,1,0,0,0,0,0,0.08333333333333333,36,2.2452836856245995,2.796188462525606,2.9193665832281113,0,71
candidate,20261128,2,3,-34.0,3.0,0,0,0,0,0,0,0,0.0,35,2.2623672549213683,2.8211774304509163,2.878708764910698,0,71
candidate,20261128,3,3,-8.0,2.5,0,0,0,0,0,0,0,0.04285714285714286,70,2.2040285436170444,2.5417794473469257,2.8024762868881226,0,140
candidate,20261129,0,2,-8.0,2.5,0,0,0,0,0,0,0,0.0,59,2.4421709131891443,3.2599391415715213,3.5515539348125458,0,118
candidate,20261129,1,2,37.0,1.0,1,0,0,0,0,0,0,0.0,61,2.3737745206864154,3.2085441052913666,3.4057721495628357,0,122
candidate,20261129,2,2,-21.0,4.0,0,0,1,13,0,0,0,0.04918032786885246,61,2.284477754938798,2.8890464454889297,3.0580926686525345,0,122
candidate,20261129,3,2,-8.0,2.5,0,0,0,0,0,0,0,0.0,61,2.342965606538976,3.109220415353775,3.426743671298027,0,122
candidate,20261130,0,1,-21.0,3.0,0,0,0,0,0,0,0,0.016666666666666666,60,2.3209163919091225,2.8008579276502132,2.8739962726831436,0,121
candidate,20261130,1,1,-8.0,2.5,0,0,0,0,0,0,0,0.0,76,2.4050585190324405,3.369046375155449,3.4688469022512436,0,152
candidate,20261130,2,1,-21.0,3.0,0,0,0,0,0,0,0,0.05,60,2.2511934551099935,2.8065627440810204,2.913091331720352,0,121
candidate,20261130,3,1,42.0,1.0,1,0,0,0,0,0,0,0.020833333333333332,48,2.389316951545576,3.5423293709754944,3.6433394998311996,0,96
candidate,20261131,0,3,51.0,1.0,1,1,0,0,0,0,0,0.022222222222222223,45,2.2998201764292188,2.6578623801469803,2.9147211462259293,0,89
candidate,20261131,1,3,-17.0,3.0,0,0,0,0,0,0,0,0.022727272727272728,44,2.2987557405775245,2.884870395064354,2.905704081058502,0,90
candidate,20261131,2,3,-17.0,3.0,0,0,0,0,0,0,0,0.0,44,2.2948021069169044,2.888105344027281,3.0047427862882614,0,89
candidate,20261131,3,3,-17.0,3.0,0,0,0,0,0,0,0,0.0,44,2.3162325590171595,2.9301660135388374,2.969423308968544,0,89
candidate,20261132,0,3,-17.0,4.0,0,0,1,9,0,0,0,0.0,49,2.3973697834477132,3.0539385974407196,3.1425300985574722,0,98
candidate,20261132,1,3,-8.0,2.5,0,0,0,0,0,0,0,0.02040816326530612,49,2.3016834593549067,2.821581438183784,3.1140409409999847,0,98
candidate,20261132,2,3,48.0,1.0,1,1,0,0,0,0,0,0.023255813953488372,43,2.2574169344680253,2.7264468371868134,3.1273253262043,0,85
candidate,20261132,3,3,-8.0,2.5,0,0,0,0,0,0,0,0.0,49,2.3403847780154674,3.031802549958229,3.057759255170822,0,98
candidate,20261133,0,1,33.0,1.0,1,0,0,0,0,0,0,0.04878048780487805,41,2.270250149616381,2.5557205080986023,2.8499718755483627,0,82
candidate,20261133,1,1,-8.0,2.5,0,0,0,0,0,0,0,0.024390243902439025,41,2.392020303665138,2.9928330332040787,4.636777564883232,0,82
candidate,20261133,2,1,-8.0,2.5,0,0,0,0,0,0,0,0.024390243902439025,41,2.2871027723318194,2.8520599007606506,3.9687547832727432,0,82
candidate,20261133,3,1,-8.0,2.5,0,0,0,0,0,0,0,0.02,50,2.2646307572722435,2.8086275793612,3.005474805831909,0,100
candidate,20261134,0,0,-8.0,2.5,0,0,0,0,0,0,0,0.019230769230769232,52,2.3331271412854013,2.826817985624075,2.879539504647255,0,104
candidate,20261134,1,0,-8.0,2.5,0,0,0,0,0,0,0,0.022727272727272728,44,2.267274201254953,2.7999102137982845,2.832062542438507,0,88
candidate,20261134,2,0,-18.0,3.0,0,0,0,0,0,0,0,0.05357142857142857,56,2.25265566924853,2.7570934034883976,2.8630606830120087,0,113
candidate,20261134,3,0,33.0,1.0,1,0,0,0,0,0,0,0.045454545454545456,44,2.239582382819869,2.767074480652809,2.895418554544449,0,88
candidate,20261135,0,3,-8.0,2.5,0,0,0,0,0,0,0,0.0,61,2.4759352940027832,3.585994243621826,3.7579406052827835,0,122
candidate,20261135,1,3,35.0,1.0,1,0,0,0,0,0,0,0.01639344262295082,61,2.3139686186294086,2.9808413237333298,3.0592642724514008,0,122
candidate,20261135,2,3,-19.0,4.0,0,0,1,11,0,0,0,0.01639344262295082,61,2.2973271056276854,3.01959365606308,3.2584071159362793,0,122
candidate,20261135,3,3,-8.0,2.5,0,0,0,0,0,0,0,0.0,59,2.2895438754457538,2.9734380543231964,3.056032583117485,0,118
candidate,20261136,0,1,32.0,1.0,1,0,0,0,0,0,0,0.06451612903225806,31,2.2679065023699114,2.639399841427803,2.7580559253692627,0,62
candidate,20261136,1,1,-8.0,2.5,0,0,0,0,0,0,0,0.0,31,2.3248356076017505,2.969970926642418,2.9915515333414078,0,62
candidate,20261136,2,1,-8.0,2.5,0,0,0,0,0,0,0,0.022727272727272728,44,2.332711634649472,3.077712096273899,3.112317994236946,0,88
candidate,20261136,3,1,-8.0,2.5,0,0,0,0,0,0,0,0.0196078431372549,51,2.2614192144543517,2.7688322588801384,2.816293388605118,0,102
candidate,20261137,0,0,-8.0,2.5,0,0,0,0,0,0,0,0.0,39,2.329299035362708,2.798946015536785,2.814820036292076,0,78
candidate,20261137,1,0,-32.0,4.0,0,0,1,24,0,0,0,0.05128205128205128,39,2.261101721953123,2.80058067291975,2.883484587073326,0,78
candidate,20261137,2,0,-8.0,2.5,0,0,0,0,0,0,0,0.0425531914893617,47,2.2092168318464402,2.587711252272129,2.771010622382164,0,94
candidate,20261137,3,0,48.0,1.0,1,0,0,0,0,0,0,0.0,39,2.260096992055575,2.811555936932564,2.8404556214809418,0,78
candidate,20261138,0,0,-18.0,3.0,0,0,0,0,0,0,0,0.0,47,2.381716518008963,2.9206903651356693,2.9807165265083313,0,95
candidate,20261138,1,0,-8.0,2.5,0,0,0,0,0,0,0,0.05555555555555555,54,2.22586816245759,2.5598499923944473,2.762177959084511,0,108
candidate,20261138,2,0,-29.0,4.0,0,0,1,21,0,0,0,0.011494252873563218,87,2.254891476925762,2.7742868289351463,2.8118863701820374,0,174
candidate,20261138,3,0,54.0,1.0,1,1,0,0,0,0,0,0.041666666666666664,48,2.2479563873882094,2.8570697642862797,2.913687378168106,0,95
candidate,20261139,0,2,33.0,1.0,1,0,0,0,0,0,0,0.03333333333333333,30,2.377619594335556,2.9697111807763577,3.039894625544548,0,60
candidate,20261139,1,2,-8.0,2.5,0,0,0,0,0,0,0,0.0,44,2.3628548634323208,3.0158127658069134,3.207821398973465,0,88
candidate,20261139,2,2,48.0,1.0,1,1,0,0,0,0,0,0.0,53,2.3122221090883577,3.1226061284542084,3.3061914145946503,0,105
candidate,20261139,3,2,-17.0,4.0,0,0,1,9,0,0,0,0.03333333333333333,30,2.3005632062753043,2.8273149393498898,2.84438394010067,0,60
candidate,20261140,0,1,0.0,2.5,0,0,0,0,0,1,1,0.024390243902439025,82,2.2780733046735206,2.659962698817253,2.8565023094415665,0,165
candidate,20261140,1,1,-27.0,4.0,0,0,1,19,0,0,0,0.01694915254237288,59,2.3358442141848097,2.9033876955509186,3.0269064009189606,0,117
candidate,20261140,2,1,43.0,1.0,1,0,0,0,0,0,0,0.01639344262295082,61,2.243702284625319,2.720160409808159,2.8364919126033783,0,123
candidate,20261140,3,1,-8.0,2.5,0,0,0,0,0,0,0,0.020833333333333332,48,2.2889412163446345,2.7308227494359016,5.3955018520355225,0,97
candidate,20261141,0,2,-8.0,2.5,0,0,0,0,0,0,0,0.0,88,2.396970944987102,3.098472487181425,3.3456776291131973,0,176
candidate,20261141,1,2,-16.0,3.0,0,0,0,0,0,0,0,0.03278688524590164,61,2.2938974568101225,2.6674848049879074,4.061292856931686,0,123
candidate,20261141,2,2,48.0,1.0,1,1,0,0,0,0,0,0.03278688524590164,61,2.305002974682167,2.9097720980644226,4.367878660559654,0,121
candidate,20261141,3,2,-8.0,2.5,0,0,0,0,0,0,0,0.0,79,2.4488959461450577,3.736593015491962,3.9173420518636703,0,158
candidate,20261142,0,2,33.0,1.0,1,0,0,0,0,0,0,0.08,25,2.274741530418396,2.724460884928703,2.7805250138044357,0,50
candidate,20261142,1,2,-17.0,4.0,0,0,1,9,0,0,0,0.09375,32,2.4430539342574775,2.9718412086367607,5.197720602154732,0,64
candidate,20261142,2,2,-17.0,4.0,0,0,1,9,0,0,0,0.08,25,2.2349531948566437,2.596401795744896,2.620866522192955,0,50
candidate,20261142,3,2,-8.0,2.5,0,0,0,0,0,0,0,0.0,34,2.2333979277926335,2.8631478548049927,2.9006432741880417,0,68
candidate,20261143,0,0,-8.0,2.5,0,0,0,0,0,0,0,0.02127659574468085,47,2.3339281373835625,2.8057659044861794,2.8557926416397095,0,94
candidate,20261143,1,0,-17.0,4.0,0,0,1,9,0,0,0,0.0,43,2.394416044617808,3.200540691614151,3.3233892172574997,0,86
candidate,20261143,2,0,-8.0,2.5,0,0,0,0,0,0,0,0.02127659574468085,47,2.2732563554606537,3.038589097559452,3.135077655315399,0,94
candidate,20261143,3,0,57.0,1.0,1,1,0,0,0,0,0,0.05555555555555555,72,2.199323925500115,2.5916465558111668,2.888007089495659,0,143
candidate,20261144,0,0,51.0,1.0,1,1,0,0,0,0,0,0.07407407407407407,27,2.2945415090631553,2.767486497759819,2.869691699743271,0,53
candidate,20261144,1,0,-17.0,3.0,0,0,0,0,0,0,0,0.038461538461538464,26,2.3110992490099025,2.9779677279293537,3.0250009149312973,0,53
candidate,20261144,2,0,-17.0,3.0,0,0,0,0,0,0,0,0.0,26,2.310621552169323,2.9900260269641876,3.0547697097063065,0,53
candidate,20261144,3,0,-17.0,3.0,0,0,0,0,0,0,0,0.038461538461538464,26,2.252223758170238,2.756386063992977,2.813465893268585,0,53
candidate,20261145,0,1,54.0,1.0,1,1,0,0,0,0,0,0.0625,32,2.2687315358780324,2.7842736802995205,2.8496813029050827,0,63
candidate,20261145,1,1,-25.0,3.0,0,0,0,0,0,0,0,0.0,39,2.3462078414666347,2.9676197096705437,3.098638728260994,0,79
candidate,20261145,2,1,-25.0,3.0,0,0,0,0,0,0,0,0.04878048780487805,41,2.2415637788249225,2.7710366994142532,2.790100872516632,0,83
candidate,20261145,3,1,-17.0,4.0,0,0,1,9,0,0,0,0.0,76,2.2766607029265478,2.9212613590061665,2.9603950679302216,0,152
candidate,20261146,0,2,-16.0,3.0,0,0,0,0,0,0,0,0.0,56,2.3198436746107682,2.8398437425494194,2.9242336750030518,0,113
candidate,20261146,1,2,35.0,1.0,1,0,0,0,0,0,0,0.03896103896103896,77,2.219526605172591,2.5123804807662964,2.7466993778944016,0,153
candidate,20261146,2,2,36.0,1.0,1,0,0,0,0,0,0,0.05357142857142857,56,2.259170403704047,2.81876465305686,2.9277540743350983,0,112
candidate,20261146,3,2,-8.0,2.5,0,0,0,0,0,0,0,0.05333333333333334,75,2.2191956639289856,2.773636393249035,2.938229590654373,0,151
candidate,20261147,0,3,0.0,2.5,0,0,0,0,0,1,0,0.0,89,2.386048080378704,3.1555172055959697,3.482578322291374,0,178
candidate,20261147,1,3,-8.0,2.5,0,0,0,0,0,0,0,0.047619047619047616,42,2.2349063573139056,2.573519479483366,2.7604252099990845,0,84
candidate,20261147,2,3,-20.0,4.0,0,0,1,12,0,0,0,0.027777777777777776,36,2.298947268476089,2.891130279749632,2.923019230365753,0,72
candidate,20261147,3,3,35.0,1.0,1,0,0,0,0,0,0,0.07142857142857142,42,2.2169348029863265,2.66800532117486,2.828875556588173,0,84
candidate,20261148,0,3,63.0,1.0,1,1,0,0,0,0,0,0.0,35,2.380985181246485,3.0654406175017357,3.2705068588256836,0,69
candidate,20261148,1,3,-8.0,2.5,0,0,0,0,0,0,0,0.02702702702702703,37,2.2807249144927875,2.8477400541305538,3.025142475962639,0,74
candidate,20261148,2,3,-8.0,2.5,0,0,0,0,0,0,0,0.05405405405405406,37,2.2479054593556635,2.844559773802757,2.963632345199585,0,74
candidate,20261148,3,3,-18.0,4.0,0,0,1,10,0,0,0,0.02702702702702703,37,2.238807293611604,2.677234262228012,2.712709829211235,0,74
candidate,20261149,0,1,-16.0,3.0,0,0,0,0,0,0,0,0.0,42,2.3220654665714218,2.8013253584504128,2.8286054730415344,0,85
candidate,20261149,1,1,-16.0,3.0,0,0,0,0,0,0,0,0.0,42,2.284197225457146,2.7864553965628147,2.8184838593006134,0,85
candidate,20261149,2,1,48.0,1.0,1,1,0,0,0,0,0,0.0,43,2.3801284300726513,3.028743714094162,5.598710849881172,0,85
candidate,20261149,3,1,-16.0,3.0,0,0,0,0,0,0,0,0.0,42,2.4396124340239025,3.421325050294398,5.749884992837906,0,85
candidate,20261150,0,1,33.0,1.0,1,0,0,0,0,0,0,0.05714285714285714,35,2.388768802796091,2.9511466622352596,3.6384519189596176,0,70
candidate,20261150,1,1,-8.0,2.5,0,0,0,0,0,0,0,0.05714285714285714,35,2.4004185838358745,2.893399819731712,6.759269163012505,0,70
candidate,20261150,2,1,-17.0,4.0,0,0,1,9,0,0,0,0.0,35,2.531645659889494,3.298426419496534,4.103995859622955,0,70
candidate,20261150,3,1,-8.0,2.5,0,0,0,0,0,0,0,0.02857142857142857,35,2.2395497986248563,2.7640366926789284,2.8698276728391647,0,70
candidate,20261151,0,1,32.0,1.0,1,0,0,0,0,0,0,0.043478260869565216,23,2.319534592654394,2.8325481340289116,2.833554521203041,0,46
candidate,20261151,1,1,-8.0,2.5,0,0,0,0,0,0,0,0.043478260869565216,23,2.3143717452235846,2.864205464720726,2.924131229519844,0,46
candidate,20261151,2,1,-16.0,4.0,0,0,1,8,0,0,0,0.0,23,2.5132321955069252,2.857056073844433,7.432430982589722,0,46
candidate,20261151,3,1,-8.0,2.5,0,0,0,0,0,0,0,0.0,38,2.269406508850424,2.8392549604177475,2.885943278670311,0,76
candidate,20261152,0,2,-8.0,2.5,0,0,0,0,0,0,0,0.017543859649122806,57,2.345475809354531,2.8487678617239,3.5374872386455536,0,114
candidate,20261152,1,2,32.0,1.0,1,0,0,0,0,0,0,0.02631578947368421,76,2.270976816745181,2.618909813463688,3.529006615281105,0,152
candidate,20261152,2,2,34.0,1.0,1,0,0,0,0,0,0,0.08333333333333333,24,2.221554284915328,2.6211129501461983,2.829216420650482,0,48
candidate,20261152,3,2,-17.0,4.0,0,0,1,9,0,0,0,0.03333333333333333,60,2.2628512233495712,2.740656491369009,2.818038687109947,0,120
candidate,20261153,0,2,-8.0,2.5,0,0,0,0,0,0,0,0.0,39,2.411054017452093,3.1096303835511208,3.1860657036304474,0,78
candidate,20261153,1,2,-8.0,2.5,0,0,0,0,0,0,0,0.0,39,2.3557431995868683,3.075968846678734,3.1188149005174637,0,78
candidate,20261153,2,2,-19.0,4.0,0,0,1,11,0,0,0,0.0,39,2.2687936822573342,2.7717813849449158,2.82994844019413,0,78
candidate,20261153,3,2,39.0,1.0,1,0,0,0,0,0,0,0.024390243902439025,41,2.344031341192199,3.1048431992530823,3.2930076122283936,0,82
candidate,20261154,0,1,-17.0,3.0,0,0,0,0,0,0,0,0.06451612903225806,31,2.2756569688358614,2.5599710643291473,2.826724201440811,0,63
candidate,20261154,1,1,-21.0,3.0,0,0,0,0,0,0,0,0.015873015873015872,63,2.3143990113148614,2.8461089357733727,2.870384603738785,0,127
candidate,20261154,2,1,-17.0,3.0,0,0,0,0,0,0,0,0.03225806451612903,31,2.237311774684537,2.6935534551739693,2.72250734269619,0,63
candidate,20261154,3,1,51.0,1.0,1,1,0,0,0,0,0,0.0,32,2.336166216991842,3.216549102216959,3.3997930586338043,0,63
candidate,20261155,0,0,-8.0,2.5,0,0,0,0,0,0,0,0.027777777777777776,36,2.335292442391316,2.8733424842357635,2.902509644627571,0,72
candidate,20261155,1,0,-20.0,3.0,0,0,0,0,0,0,0,0.027777777777777776,36,2.268595207068655,2.7221362106502056,2.7625933289527893,0,73
candidate,20261155,2,0,60.0,1.0,1,1,0,0,0,0,0,0.05405405405405406,37,2.2363928020805925,2.78799831867218,2.82222218811512,0,73
candidate,20261155,3,0,-20.0,3.0,0,0,0,0,0,0,0,0.0,36,2.328012500786119,3.141687251627445,3.304656594991684,0,73
candidate,20261156,0,1,46.0,1.0,1,0,0,0,0,0,0,0.058823529411764705,34,2.2615520283579826,2.5917798280715942,2.8832070529460907,0,68
candidate,20261156,1,1,-8.0,2.5,0,0,0,0,0,0,0,0.027777777777777776,36,2.28943411881725,2.8613382019102573,2.900300547480583,0,72
candidate,20261156,2,1,35.0,1.0,1,0,0,0,0,0,0,0.02631578947368421,38,2.255845765926336,2.8237723745405674,2.876739948987961,0,76
candidate,20261156,3,1,-8.0,2.5,0,0,0,0,0,0,0,0.03125,32,2.324317581951618,3.035686258226633,4.014430567622185,0,64
candidate,20261157,0,0,54.0,1.0,1,1,0,0,0,0,0,0.05714285714285714,35,2.334445981042726,2.925616130232811,2.9536373913288116,0,69
candidate,20261157,1,0,-18.0,3.0,0,0,0,0,0,0,0,0.0,34,2.3990908966344944,3.276379778981209,3.3606737852096558,0,69
candidate,20261157,2,0,-18.0,3.0,0,0,0,0,0,0,0,0.0,34,2.3681723019656014,3.0782170593738556,3.3695772290229797,0,69
candidate,20261157,3,0,-18.0,3.0,0,0,0,0,0,0,0,0.0,34,2.3188622777952865,3.115870337933302,3.2226592302322388,0,69
candidate,20261158,0,2,-8.0,2.5,0,0,0,0,0,0,0,0.02631578947368421,38,2.2840261655418495,2.7052790857851505,2.7695782482624054,0,76
candidate,20261158,1,2,52.0,1.0,1,0,0,0,0,0,0,0.0,63,2.3201293652019803,2.887346036732197,3.172788769006729,0,126
candidate,20261158,2,2,-20.0,4.0,0,0,1,12,0,0,0,0.05263157894736842,38,2.215596406083358,2.7378122322261333,2.831818535923958,0,76
candidate,20261158,3,2,36.0,1.0,1,0,0,0,0,0,0,0.02631578947368421,38,2.29100853596863,2.9472749680280685,2.9671937227249146,0,76
candidate,20261159,0,0,-8.0,2.5,0,0,0,0,0,0,0,0.06521739130434782,46,2.24935599481282,2.6110420003533363,2.8002653270959854,0,92
candidate,20261159,1,0,-8.0,2.5,0,0,0,0,0,0,0,0.08823529411764706,34,2.2296604755170204,2.6030195876955986,2.728065475821495,0,68
candidate,20261159,2,0,46.0,1.0,1,0,0,0,0,0,0,0.058823529411764705,34,2.23364878226729,2.7851042337715626,2.8413087129592896,0,68
candidate,20261159,3,0,-22.0,4.0,0,0,1,14,0,0,0,0.045454545454545456,22,2.1957435899160127,2.5733363814651966,2.5895945727825165,0,44
candidate,20261160,0,1,-8.0,2.5,0,0,0,0,0,0,0,0.0,27,2.3464088638623557,2.8329549357295036,3.229759633541107,0,54
candidate,20261160,1,1,-8.0,2.5,0,0,0,0,0,0,0,0.07407407407407407,27,2.2873749473580607,2.8119392693042755,2.844378352165222,0,54
candidate,20261160,2,1,-18.0,4.0,0,0,1,10,0,0,0,0.0,27,2.287080787398197,2.8500868007540703,2.952937036752701,0,54
candidate,20261160,3,1,33.0,1.0,1,0,0,0,0,0,0,0.037037037037037035,27,2.423823500672976,3.5146938636898994,3.7134066224098206,0,54
candidate,20261161,0,1,-17.0,3.0,0,0,0,0,0,0,0,0.015384615384615385,65,2.4414605532701197,3.0230525881052017,6.442688405513763,0,132
candidate,20261161,1,1,-17.0,3.0,0,0,0,0,0,0,0,0.0,65,2.412823730936417,3.1197328120470047,5.657996982336044,0,131
candidate,20261161,2,1,51.0,1.0,1,1,0,0,0,0,0,0.030303030303030304,66,2.2911025549877775,2.772535663098097,5.458008497953415,0,132
candidate,20261161,3,1,-17.0,3.0,0,0,0,0,0,0,0,0.046153846153846156,65,2.245845215824934,2.589590474963188,4.719384014606476,0,132
candidate,20261162,0,1,-16.0,3.0,0,0,0,0,0,0,0,0.0,10,2.346445992588997,2.7856776490807533,2.7933772653341293,0,21
candidate,20261162,1,1,-16.0,3.0,0,0,0,0,0,0,0,0.1,10,2.2937390953302383,2.7068360708653927,2.7206167578697205,0,21
candidate,20261162,2,1,48.0,1.0,1,1,0,0,0,0,0,0.0,11,2.2355717691508206,2.9177870601415634,2.960905432701111,0,21
candidate,20261162,3,1,-16.0,3.0,0,0,0,0,0,0,0,0.0,10,2.2231796756386757,2.7878704480826855,2.793269231915474,0,21
candidate,20261163,0,2,-8.0,2.5,0,0,0,0,0,0,0,0.06382978723404255,47,2.2816221685485636,2.604571543633938,2.9280241578817368,0,94
candidate,20261163,1,2,32.0,1.0,1,0,0,0,0,0,0,0.037037037037037035,81,2.2700651330344472,2.6833191514015198,4.415843635797501,0,162
candidate,20261163,2,2,-8.0,2.5,0,0,0,0,0,0,0,0.0,55,2.3202319714156063,2.90227048099041,5.036555230617523,0,110
candidate,20261163,3,2,40.0,1.0,1,0,0,0,0,0,0,0.05660377358490566,53,2.213693487475503,2.7359802275896072,2.8043873608112335,0,106
candidate,20261164,0,0,-16.0,3.0,0,0,0,0,0,0,0,0.0,33,2.3438061277071633,2.8621476143598557,2.8745196759700775,0,67
candidate,20261164,1,0,48.0,1.0,1,1,0,0,0,0,0,0.0,34,2.465105725123602,3.279727231711149,3.5588983446359634,0,67
candidate,20261164,2,0,-20.0,3.0,0,0,0,0,0,0,0,0.0,33,2.283891380736322,2.8350431472063065,2.8780046850442886,0,67
candidate,20261164,3,0,-16.0,3.0,0,0,0,0,0,0,0,0.0,33,2.4416166160142785,3.19887213408947,3.550734370946884,0,67
candidate,20261165,0,0,75.0,1.0,1,1,0,0,0,0,0,0.03278688524590164,61,2.3439732059592107,2.9266439378261566,3.3497344702482224,0,121
candidate,20261165,1,0,-25.0,3.0,0,0,0,0,0,0,0,0.05,60,2.2422281404336295,2.7252298779785633,2.7803443372249603,0,121
candidate,20261165,2,0,-25.0,3.0,0,0,0,0,0,0,0,0.016666666666666666,60,2.2875393430391946,2.7525235898792744,3.410929813981056,0,121
candidate,20261165,3,0,-25.0,3.0,0,0,0,0,0,0,0,0.016129032258064516,62,2.268072878641467,2.7787718921899796,2.9033683240413666,0,125
candidate,20261166,0,1,-27.0,3.0,0,0,0,0,0,0,0,0.018867924528301886,53,2.319181619106599,2.8174232691526413,2.857096493244171,0,107
candidate,20261166,1,1,-27.0,3.0,0,0,0,0,0,0,0,0.03773584905660377,53,2.32439287850317,2.9652059078216553,3.110075369477272,0,107
candidate,20261166,2,1,81.0,1.0,1,1,0,0,0,0,0,0.018518518518518517,54,2.2944895274661206,3.0042025260627265,3.1781047582626343,0,107
candidate,20261166,3,1,-27.0,3.0,0,0,0,0,0,0,0,0.02,50,2.2967440634965897,2.760008815675974,5.195101723074913,0,101
candidate,20261167,0,2,-8.0,2.5,0,0,0,0,0,0,0,0.034482758620689655,29,2.3517366498708725,2.9019538313150406,2.9748715460300446,0,58
candidate,20261167,1,2,32.0,1.0,1,0,0,0,0,0,0,0.0,29,2.3874213983272683,3.1803466379642487,3.364505246281624,0,58
candidate,20261167,2,2,-16.0,4.0,0,0,1,8,0,0,0,0.0,29,2.36384647673574,3.1025074422359467,3.2189637422561646,0,58
candidate,20261167,3,2,-8.0,2.5,0,0,0,0,0,0,0,0.0,29,2.29743219398219,2.9586996883153915,2.994634211063385,0,58
candidate,20261168,0,0,-21.0,3.0,0,0,0,0,0,0,0,0.18181818181818182,11,2.327636730941859,2.7141300961375237,2.879371866583824,0,23
candidate,20261168,1,0,63.0,1.0,1,1,0,0,0,0,0,0.0,12,2.395876217633486,3.168710693717003,3.245225176215172,0,23
candidate,20261168,2,0,-21.0,3.0,0,0,0,0,0,0,0,0.09090909090909091,11,2.2908303547989237,2.83206719905138,2.8557535260915756,0,23
candidate,20261168,3,0,-21.0,3.0,0,0,0,0,0,0,0,0.0,11,2.163182266733863,2.4665985256433487,2.8122588992118835,0,23
candidate,20261169,0,1,-8.0,2.5,0,0,0,0,0,0,0,0.038461538461538464,78,2.3238822244680843,2.797910664230585,2.8585605323314667,0,156
candidate,20261169,1,1,-16.0,4.0,0,0,1,8,0,0,0,0.0125,80,2.31293267570436,2.881659474223852,2.926444634795189,0,160
candidate,20261169,2,1,0.0,2.5,0,0,0,0,0,1,1,0.025,80,2.224815101362765,2.7296257205307484,2.890428528189659,0,160
candidate,20261169,3,1,0.0,2.5,0,0,0,0,0,1,0,0.0,79,2.278825032371509,2.8765052556991573,3.23469378054142,0,158
candidate,20261170,0,2,51.0,1.0,1,1,0,0,0,0,0,0.03278688524590164,61,2.2927227994946184,2.7096234261989594,2.8044842183589935,0,121
candidate,20261170,1,2,-17.0,3.0,0,0,0,0,0,0,0,0.0,60,2.3544547458489737,3.046533372253179,3.3023077994585037,0,121
candidate,20261170,2,2,-17.0,3.0,0,0,0,0,0,0,0,0.0,60,2.4922064505517483,3.4801315516233444,5.486251786351204,0,121
candidate,20261170,3,2,-17.0,3.0,0,0,0,0,0,0,0,0.0,62,2.3797510131712882,2.9671612195670605,5.02781942486763,0,125
candidate,20261171,0,3,-21.0,3.0,0,0,0,0,0,0,0,0.047619047619047616,21,2.3106835072948817,2.7609802782535553,2.8300248086452484,0,43
candidate,20261171,1,3,-21.0,3.0,0,0,0,0,0,0,0,0.09523809523809523,21,2.2664545547394526,2.6322584599256516,2.7481429278850555,0,43
candidate,20261171,2,3,-21.0,3.0,0,0,0,0,0,0,0,0.047619047619047616,21,2.23299710168725,2.786543220281601,2.836013212800026,0,43
candidate,20261171,3,3,36.0,1.0,1,0,0,0,0,0,0,0.05128205128205128,39,2.2282972931861877,2.696626074612141,2.8976760804653168,0,78
candidate,20261172,0,1,-8.0,2.5,0,0,0,0,0,0,0,0.03333333333333333,30,2.4148518219590187,2.831398230046034,5.372216925024986,0,60
candidate,20261172,1,1,43.0,1.0,1,0,0,0,0,0,0,0.09523809523809523,21,2.446756831237248,2.9476378113031387,5.678931251168251,0,42
candidate,20261172,2,1,-17.0,3.0,0,0,0,0,0,0,0,0.0,38,2.3110191288747286,2.9141660779714584,2.96805240213871,0,77
candidate,20261172,3,1,-27.0,4.0,0,0,1,19,0,0,0,0.0,34,2.2919247036471084,2.855787891894579,3.771904855966568,0,68
candidate,20261173,0,3,34.0,1.0,1,0,0,0,0,0,0,0.0,49,2.583548806759776,3.6065116524696346,4.110127687454224,0,98
candidate,20261173,1,3,44.0,1.0,1,0,0,0,0,0,0,0.03076923076923077,65,2.3863884692008677,3.2131422311067577,3.951922059059143,0,130
candidate,20261173,2,3,-8.0,2.5,0,0,0,0,0,0,0,0.03389830508474576,59,2.3147168616622182,2.8188431635499,5.674730986356735,0,119
candidate,20261173,3,3,-8.0,2.5,0,0,0,0,0,0,0,0.0,49,2.3353873010800807,2.9435236006975174,3.7065744400024414,0,98
candidate,20261174,0,1,-8.0,2.5,0,0,0,0,0,0,0,0.0,32,2.342404972296208,2.815884631127119,2.868844196200371,0,64
candidate,20261174,1,1,40.0,1.0,1,0,0,0,0,0,0,0.1,30,2.2287274400393167,2.691288851201534,2.8283894062042236,0,60
candidate,20261174,2,1,-32.0,4.0,0,0,1,24,0,0,0,0.0,23,2.2764266671045967,2.7950098738074303,2.7995556592941284,0,46
candidate,20261174,3,1,-8.0,2.5,0,0,0,0,0,0,0,0.0,35,2.2599875926971436,2.8161531314253807,2.8396006673574448,0,70
candidate,20261175,0,3,-17.0,4.0,0,0,1,9,0,0,0,0.061224489795918366,49,2.375425086641798,2.84273698925972,4.652978852391243,0,98
candidate,20261175,1,3,117.0,1.0,1,1,0,0,0,0,0,0.01639344262295082,61,2.445600529918905,3.550475463271141,4.676945507526398,0,121
candidate,20261175,2,3,-39.0,3.0,0,0,0,0,0,0,0,0.03333333333333333,60,2.260447728137175,2.7575064450502396,3.0949246138334274,0,121
candidate,20261175,3,3,-8.0,2.5,0,0,0,0,0,0,0,0.0,83,2.4629283741296057,3.6880953237414347,6.793230772018433,0,166
candidate,20261176,0,2,32.0,1.0,1,0,0,0,0,0,0,0.04,25,2.4323566257953644,3.036290779709816,3.877677023410797,0,50
candidate,20261176,1,2,-16.0,4.0,0,0,1,8,0,0,0,0.0,25,2.3782357573509216,3.0591506510972977,3.640051931142807,0,50
candidate,20261176,2,2,99.0,1.0,1,1,0,0,0,0,0,0.0,47,2.3205250977201666,2.8243692591786385,4.873219877481461,0,93
candidate,20261176,3,2,-8.0,2.5,0,0,0,0,0,0,0,0.04,25,2.285146117210388,3.068942204117775,3.096291795372963,0,50
candidate,20261177,0,1,-22.0,4.0,0,0,1,14,0,0,0,0.0,17,2.4770061101983574,3.1397115439176546,4.543652758002281,0,34
candidate,20261177,1,1,-8.0,2.5,0,0,0,0,0,0,0,0.047619047619047616,21,2.2283572526205155,2.5826282799243927,2.598777413368225,0,42
candidate,20261177,2,1,-8.0,2.5,0,0,0,0,0,0,0,0.047619047619047616,21,2.2173344734169187,2.65476293861866,2.711895853281021,0,42
candidate,20261177,3,1,0.0,2.5,0,0,0,0,0,1,0,0.0,89,2.294296859188026,2.9850322753190994,3.019927069544792,0,178
candidate,20261178,0,1,-8.0,2.5,0,0,0,0,0,0,0,0.0,39,2.3235644285495463,2.8170056641101837,2.832198515534401,0,78
candidate,20261178,1,1,35.0,1.0,1,0,0,0,0,0,0,0.02564102564102564,39,2.380416609155826,2.8518211096525197,5.457034334540367,0,78
candidate,20261178,2,1,-8.0,2.5,0,0,0,0,0,0,0,0.0,39,2.2978375259882364,3.0063411220908165,3.172745928168297,0,78
candidate,20261178,3,1,-19.0,4.0,0,0,1,11,0,0,0,0.02564102564102564,39,2.255862530989525,2.763036824762821,2.780713140964508,0,78
candidate,20261179,0,0,-8.0,2.5,0,0,0,0,0,0,0,0.015384615384615385,65,2.714770373243552,4.068239778280258,5.403835326433182,0,130
candidate,20261179,1,0,33.0,1.0,1,0,0,0,0,0,0,0.016129032258064516,62,2.3184528634432824,2.7491441927850246,4.418201744556427,0,124
candidate,20261179,2,0,-17.0,4.0,0,0,1,9,0,0,0,0.0,62,2.82666715042245,4.863911680877209,5.815951153635979,0,124
candidate,20261179,3,0,-8.0,2.5,0,0,0,0,0,0,0,0.03508771929824561,57,2.4179898921334955,3.176701813936233,5.474356934428215,0,114
candidate,20261180,0,2,90.0,1.0,1,0,0,0,0,0,0,0.030303030303030304,66,2.2770903553023483,2.602573949843645,2.823425456881523,0,132
candidate,20261180,1,2,32.0,1.0,1,0,0,0,0,0,0,0.06666666666666667,30,2.2799077133337655,2.655585203319788,2.8321724385023117,0,60
candidate,20261180,2,2,-16.0,4.0,0,0,1,8,0,0,0,0.0,30,2.5090921049316726,3.315712697803974,4.9909558147192,0,60
candidate,20261180,3,2,-8.0,2.5,0,0,0,0,0,0,0,0.0,65,2.40833624624289,3.2621201127767563,4.149086773395538,0,130
candidate,20261181,0,0,-8.0,2.5,0,0,0,0,0,0,0,0.0,47,2.311460753070547,2.8090177103877068,2.845039591193199,0,94
candidate,20261181,1,0,-8.0,2.5,0,0,0,0,0,0,0,0.0,47,2.4045836576756012,3.438795171678066,3.7479959428310394,0,94
candidate,20261181,2,0,39.0,1.0,1,0,0,0,0,0,0,0.06382978723404255,47,2.310260971809955,2.792615443468093,5.416952073574066,0,94
candidate,20261181,3,0,-8.0,2.5,0,0,0,0,0,0,0,0.0,45,2.3601717005173364,2.873598039150238,4.655608907341957,0,90
candidate,20261182,0,3,-16.0,3.0,0,0,0,0,0,0,0,0.047619047619047616,21,2.3370512894221713,2.74495966732502,2.8997715562582016,0,43
candidate,20261182,1,3,48.0,1.0,1,1,0,0,0,0,0,0.0,22,2.3436093364249575,3.1592201441526413,3.1902678310871124,0,43
candidate,20261182,2,3,-16.0,3.0,0,0,0,0,0,0,0,0.09523809523809523,21,2.290681004524231,2.780759707093239,2.811901271343231,0,43
candidate,20261182,3,3,-19.0,3.0,0,0,0,0,0,0,0,0.041666666666666664,24,2.3019545090695224,2.839017193764448,2.869047224521637,0,49
candidate,20261183,0,1,-8.0,2.5,0,0,0,0,0,0,0,0.0,30,2.331219303111235,2.8847758658230305,2.890937030315399,0,60
candidate,20261183,1,1,90.0,1.0,1,1,0,0,0,0,0,0.025,40,2.450910536572337,3.3227358944714065,5.452791228890419,0,79
candidate,20261183,2,1,-8.0,2.5,0,0,0,0,0,0,0,0.029411764705882353,34,2.383545315002694,2.9675839468836775,6.385993212461472,0,68
candidate,20261183,3,1,-27.0,4.0,0,0,1,19,0,0,0,0.0,30,2.4403988073269525,2.9542996548116207,6.266400218009949,0,60
candidate,20261184,0,1,-8.0,2.5,0,0,0,0,0,0,0,0.05555555555555555,36,2.2876086748308606,2.656972035765648,2.8517432510852814,0,72
candidate,20261184,1,1,-18.0,3.0,0,0,0,0,0,0,0,0.07894736842105263,38,2.36105433616199,2.9201707802712917,5.365932360291481,0,77
candidate,20261184,2,1,32.0,1.0,1,0,0,0,0,0,0,0.02564102564102564,39,2.3090093372723994,2.8229685500264172,4.229266196489334,0,78
candidate,20261184,3,1,-19.0,4.0,0,0,1,11,0,0,0,0.0,36,2.299908289892806,2.9080435633659363,2.9580872505903244,0,72
candidate,20261185,0,1,-8.0,2.5,0,0,0,0,0,0,0,0.03773584905660377,53,2.30094424958499,2.6195090264081955,2.8089992702007294,0,106
candidate,20261185,1,1,-19.0,4.0,0,0,1,11,0,0,0,0.05405405405405406,37,2.2803144277753056,2.7975622564554214,2.8446242213249207,0,74
candidate,20261185,2,1,-8.0,2.5,0,0,0,0,0,0,0,0.0,48,2.499660050186018,3.4729285165667534,5.258854478597641,0,96
candidate,20261185,3,1,-8.0,2.5,0,0,0,0,0,0,0,0.043478260869565216,69,2.2314156581094298,2.719518169760703,3.9618927985429764,0,138
candidate,20261186,0,3,34.0,1.0,1,0,0,0,0,0,0,0.04878048780487805,41,2.2971703693634127,2.654392272233963,2.8656385838985443,0,82
candidate,20261186,1,3,-8.0,2.5,0,0,0,0,0,0,0,0.05128205128205128,39,2.2782145593410883,2.870260365307331,3.0988287180662155,0,78
candidate,20261186,2,3,-17.0,4.0,0,0,1,9,0,0,0,0.07692307692307693,39,2.316465744605431,2.7870167046785355,5.448989570140839,0,78
candidate,20261186,3,3,-8.0,2.5,0,0,0,0,0,0,0,0.0,39,2.2479751839851723,2.8104817494750023,2.8912797570228577,0,78
candidate,20261187,0,3,-17.0,3.0,0,0,0,0,0,0,0,0.0,57,2.396112340584136,3.03581990301609,3.1897593289613724,0,115
candidate,20261187,1,3,-18.0,4.0,0,0,1,10,0,0,0,0.018518518518518517,54,2.362444341458656,3.065705206245184,3.1766388565301895,0,108
candidate,20261187,2,3,37.0,1.0,1,0,0,0,0,0,0,0.0,44,2.476384820924564,3.243233822286129,4.325440153479576,0,88
candidate,20261187,3,3,-17.0,3.0,0,0,0,0,0,0,0,0.017543859649122806,57,2.31415425476275,2.8534702956676483,3.5921838134527206,0,115
candidate,20261188,0,1,-17.0,4.0,0,0,1,9,0,0,0,0.0,35,2.4109273084572385,2.7896245941519737,4.168141633272171,0,70
candidate,20261188,1,1,32.0,1.0,1,0,0,0,0,0,0,0.02564102564102564,39,2.335702188504048,3.082071989774704,3.2003074884414673,0,78
candidate,20261188,2,1,-16.0,4.0,0,0,1,8,0,0,0,0.05128205128205128,39,2.2270579655201006,2.648160047829151,2.6731304824352264,0,78
candidate,20261188,3,1,-8.0,2.5,0,0,0,0,0,0,0,0.05405405405405406,37,2.2507208726696066,2.7599290013313293,3.2512787729501724,0,74
candidate,20261189,0,3,-8.0,2.5,0,0,0,0,0,0,0,0.015384615384615385,65,2.3465748876333237,2.744033560156822,4.710327833890915,0,130
candidate,20261189,1,3,-17.0,4.0,0,0,1,9,0,0,0,0.03773584905660377,53,2.3817168724424436,2.9710017144680023,5.436226725578308,0,106
candidate,20261189,2,3,33.0,1.0,1,0,0,0,0,0,0,0.018867924528301886,53,2.335180827188042,2.963130921125412,5.6523047387599945,0,106
candidate,20261189,3,3,-8.0,2.5,0,0,0,0,0,0,0,0.028985507246376812,69,2.2664999832277712,2.8495635837316513,2.9606614261865616,0,138
candidate,20261190,0,1,-8.0,2.5,0,0,0,0,0,0,0,0.0,57,2.413024668369377,3.0753325670957565,4.837796092033386,0,114
candidate,20261190,1,1,37.0,1.0,1,0,0,0,0,0,0,0.06818181818181818,44,2.2567245177924633,2.78038214892149,2.9083918780088425,0,88
candidate,20261190,2,1,-24.0,3.0,0,0,0,0,0,0,0,0.0,58,2.5262607839600792,3.579465113580227,4.986528307199478,0,117
candidate,20261190,3,1,-20.0,3.0,0,0,0,0,0,0,0,0.028985507246376812,69,2.351579566796621,2.893736213445663,4.765110090374947,0,139
candidate,20261191,0,0,-17.0,3.0,0,0,0,0,0,0,0,0.0,51,2.566556281903211,3.3920984715223312,6.043374538421631,0,103
candidate,20261191,1,0,-20.0,3.0,0,0,0,0,0,0,0,0.057692307692307696,52,2.2231519867021303,2.517148200422525,2.794964239001274,0,105
candidate,20261191,2,0,-18.0,4.0,0,0,1,10,0,0,0,0.043478260869565216,46,2.2309626574101658,2.593875862658024,2.601025626063347,0,92
candidate,20261191,3,0,60.0,1.0,1,1,0,0,0,0,0,0.0,55,2.324965528466485,3.0689598992466927,3.3266041427850723,0,109
candidate,20261192,0,2,-8.0,2.5,0,0,0,0,0,0,0,0.0,62,2.4644845435696263,3.2800158485770226,4.471134394407272,0,124
candidate,20261192,1,2,36.0,1.0,1,0,0,0,0,0,0,0.0,43,2.4501941231794135,3.3627107739448547,3.6447662860155106,0,86
candidate,20261192,2,2,-8.0,2.5,0,0,0,0,0,0,0,0.0,54,2.364806623922454,3.118911664932966,4.656825214624405,0,108
candidate,20261192,3,2,-8.0,2.5,0,0,0,0,0,0,0,0.0,54,2.442780606172703,3.2435774803161617,6.106402724981308,0,108
candidate,20261193,0,1,-21.0,3.0,0,0,0,0,0,0,0,0.044444444444444446,45,2.359632444050577,3.009805828332901,3.4848973155021667,0,91
candidate,20261193,1,1,63.0,1.0,1,1,0,0,0,0,0,0.021739130434782608,46,2.284242771565914,2.740362659096718,3.005651757121086,0,91
candidate,20261193,2,1,-21.0,3.0,0,0,0,0,0,0,0,0.06666666666666667,45,2.243098533815808,2.523018792271614,4.9491822719573975,0,91
candidate,20261193,3,1,-21.0,3.0,0,0,0,0,0,0,0,0.022222222222222223,45,2.23529984553655,2.684805542230606,2.70254909992218,0,91
candidate,20261194,0,0,-8.0,2.5,0,0,0,0,0,0,0,0.0,60,2.355716439584891,2.8496851213276386,2.946818247437477,0,120
candidate,20261194,1,0,-8.0,2.5,0,0,0,0,0,0,0,0.0,60,2.4345382737616696,2.973049320280552,5.483059212565422,0,120
candidate,20261194,2,0,0.0,2.5,0,0,0,0,0,1,0,0.0,80,2.313416567631066,2.874330524355173,4.49119508266449,0,161
candidate,20261194,3,0,-21.0,4.0,0,0,1,13,0,0,0,0.0,64,2.4362218100577593,3.0272791162133217,6.17680698633194,0,128
candidate,20261195,0,0,36.0,1.0,1,0,0,0,0,0,0,0.047619047619047616,42,2.382740733169374,2.837931085377931,6.144100800156593,0,84
candidate,20261195,1,0,35.0,1.0,1,0,0,0,0,0,0,0.046511627906976744,43,2.253430657262026,2.790085971355438,2.888299524784088,0,86
candidate,20261195,2,0,-8.0,2.5,0,0,0,0,0,0,0,0.0,42,2.32071252096267,2.984436228871345,3.176182508468628,0,84
candidate,20261195,3,0,-8.0,2.5,0,0,0,0,0,0,0,0.023809523809523808,42,2.2773752875980877,2.934898342937231,3.0506420880556107,0,84
candidate,20261196,0,1,-29.0,4.0,0,0,1,21,0,0,0,0.03125,32,2.3473488399758935,2.900569047778845,2.9896944761276245,0,64
candidate,20261196,1,1,49.0,1.0,1,0,0,0,0,0,0,0.0,39,2.3802595260815744,3.0443834140896797,3.1071342527866364,0,78
candidate,20261196,2,1,0.0,2.5,0,0,0,0,0,1,1,0.0,85,2.3076932000763275,2.8787698596715927,3.878731280565262,0,170
candidate,20261196,3,1,0.0,2.5,0,0,0,0,0,1,1,0.011764705882352941,85,2.449551334275919,3.7196293473243713,4.678055644035339,0,170
candidate,20261197,0,1,-8.0,2.5,0,0,0,0,0,0,0,0.02564102564102564,39,2.4263938076985188,3.086494468152523,3.1637921929359436,0,78
candidate,20261197,1,1,-18.0,3.0,0,0,0,0,0,0,0,0.0,34,2.3156436817610966,2.8724455274641514,2.9332395642995834,0,69
candidate,20261197,2,1,35.0,1.0,1,0,0,0,0,0,0,0.02564102564102564,39,2.333606951511823,2.9900360852479935,5.086177960038185,0,78
candidate,20261197,3,1,-8.0,2.5,0,0,0,0,0,0,0,0.10256410256410256,39,2.267837094572874,2.813488617539406,3.973504528403282,0,78
candidate,20261198,0,0,32.0,1.0,1,0,0,0,0,0,0,0.03278688524590164,61,2.2713986271228945,2.5980286300182343,2.7329958975315094,0,122
candidate,20261198,1,0,-16.0,4.0,0,0,1,8,0,0,0,0.017543859649122806,57,2.3024426609800575,2.78463251888752,3.391927108168602,0,114
candidate,20261198,2,0,-8.0,2.5,0,0,0,0,0,0,0,0.0,61,2.392318527229497,2.941139042377472,5.801226943731308,0,122
candidate,20261198,3,0,-8.0,2.5,0,0,0,0,0,0,0,0.0,34,2.3512080421342567,2.801783289760351,5.4477062076330185,0,68
candidate,20261199,0,1,32.0,1.0,1,0,0,0,0,0,0,0.024390243902439025,41,2.3300553240427155,2.6928111910820007,3.3931341022253036,0,82
candidate,20261199,1,1,-8.0,2.5,0,0,0,0,0,0,0,0.023809523809523808,42,2.44593411861431,2.891412191092968,5.408093333244324,0,84
candidate,20261199,2,1,36.0,1.0,1,0,0,0,0,0,0,0.06060606060606061,33,2.2647453641349617,2.8736740350723258,3.2558199018239975,0,66
candidate,20261199,3,1,-16.0,4.0,0,0,1,8,0,0,0,0.04878048780487805,41,2.2406920608950824,2.6446543633937836,2.9044896364212036,0,82
candidate,20261200,0,0,-8.0,2.5,0,0,0,0,0,0,0,0.023809523809523808,42,2.340332604944706,2.899244800209999,3.3154841512441635,0,84
candidate,20261200,1,0,39.0,1.0,1,0,0,0,0,0,0,0.07142857142857142,42,2.3205738869451342,2.765108924359083,5.4785702377557755,0,84
candidate,20261200,2,0,-8.0,2.5,0,0,0,0,0,0,0,0.0,42,2.400055926825319,3.139554988592863,3.9100423455238342,0,84
candidate,20261200,3,0,105.0,1.0,1,1,0,0,0,0,0,0.0,67,2.4601429589648744,3.1685899943113327,6.488721817731857,0,133
candidate,20261201,0,3,-8.0,2.5,0,0,0,0,0,0,0,0.01694915254237288,59,2.3170381910720113,2.6975581422448154,3.5782326012849808,0,118
candidate,20261201,1,3,-8.0,2.5,0,0,0,0,0,0,0,0.012195121951219513,82,2.3881305554291097,2.942698821425438,6.070997565984726,0,164
candidate,20261201,2,3,-19.0,4.0,0,0,1,11,0,0,0,0.02564102564102564,78,2.2878674312661857,2.822832576930523,4.021545872092247,0,156
candidate,20261201,3,3,0.0,2.5,0,0,0,0,0,1,1,0.022727272727272728,88,2.2719286974858153,2.6759966276586056,5.139553919434547,0,176
candidate,20261202,0,2,-16.0,3.0,0,0,0,0,0,0,0,0.0,48,2.416410444614788,2.8783892281353474,4.238758236169815,0,97
candidate,20261202,1,2,-21.0,3.0,0,0,0,0,0,0,0,0.02040816326530612,49,2.431903186501289,3.201112896203994,5.464991554617882,0,99
candidate,20261202,2,2,-8.0,2.5,0,0,0,0,0,0,0,0.016666666666666666,60,2.2736567072570324,2.8473258018493652,3.0266717076301575,0,120
candidate,20261202,3,2,-8.0,2.5,0,0,0,0,0,0,0,0.017543859649122806,57,2.24835350455945,2.7084168046712875,2.7666687965393066,0,114
candidate,20261203,0,3,-20.0,4.0,0,0,1,12,0,0,0,0.0,36,2.3750821645889015,2.963216509670019,3.1230710446834564,0,72
candidate,20261203,1,3,-22.0,3.0,0,0,0,0,0,0,0,0.016129032258064516,62,2.2895130659303358,2.7927895076572895,2.9108356684446335,0,125
candidate,20261203,2,3,36.0,1.0,1,0,0,0,0,0,0,0.0,36,2.3434176109731197,3.154287114739418,3.3578891307115555,0,72
candidate,20261203,3,3,-8.0,2.5,0,0,0,0,0,0,0,0.025,40,2.303884830325842,2.996389754116535,3.18271666765213,0,80
candidate,20261204,0,2,-21.0,3.0,0,0,0,0,0,0,0,0.0,46,2.35262675129849,2.8345840983092785,2.913042902946472,0,93
candidate,20261204,1,2,-21.0,3.0,0,0,0,0,0,0,0,0.0,46,2.349565413011157,2.932368777692318,3.124389797449112,0,93
candidate,20261204,2,2,63.0,1.0,1,1,0,0,0,0,0,0.0,47,2.2570450413734355,2.8022615239024162,2.8112195432186127,0,93
candidate,20261204,3,2,-21.0,3.0,0,0,0,0,0,0,0,0.0,46,2.3232035581832347,3.0197985470294952,3.2908376306295395,0,93
candidate,20261205,0,1,84.0,1.0,1,1,0,0,0,0,0,0.05970149253731343,67,2.2910126943641633,2.6771120727062225,2.818746492266655,0,134
candidate,20261205,1,1,-21.0,4.0,0,0,1,13,0,0,0,0.0,52,2.3787770277032485,3.080364316701889,3.244442865252495,0,104
candidate,20261205,2,1,32.0,1.0,1,0,0,0,0,0,0,0.037037037037037035,54,2.2348314868631185,2.662359084933996,2.7304235845804214,0,109
candidate,20261205,3,1,-28.0,3.0,0,0,0,0,0,0,0,0.0,65,2.4044958444742055,3.2127905637025833,3.2981522381305695,0,131
