model,wall_seed,seat,prevalent_wind,score,rank,win,self_draw,deal_in,deal_in_fan,big_deal_in,draw,draw_tenpai,call_rate,decisions,mean_decision_ms,p95_decision_ms,max_decision_ms,invalid_or_timeout,steps
candidate,20260706,0,3,35.0,1.0,1,0,0,0,0,0,0,0.075,40,11.038896720856428,3.1948555260896607,347.26142697036266,0,80
candidate,20260706,1,3,-17.0,4.0,0,0,1,9,0,0,0,0.09090909090909091,33,2.4150607712341077,2.875479683279991,4.7736819833517075,0,66
candidate,20260706,2,3,-19.0,4.0,0,0,1,11,0,0,0,0.0,36,2.448941943132215,3.278660587966442,3.6220233887434006,0,72
candidate,20260706,3,3,-8.0,2.5,0,0,0,0,0,0,0,0.0,40,2.2857340052723885,2.823942434042692,3.22125107049942,0,80
candidate,20260707,0,1,-8.0,2.5,0,0,0,0,0,0,0,0.019230769230769232,52,2.3589034278232317,2.8226342983543873,2.9112547636032104,0,104
candidate,20260707,1,1,-29.0,4.0,0,0,1,21,0,0,0,0.04477611940298507,67,2.363649266424464,2.9539361596107483,2.9967036098241806,0,134
candidate,20260707,2,1,-8.0,2.5,0,0,0,0,0,0,0,0.014925373134328358,67,2.313516533641673,2.777272090315819,2.8870608657598495,0,134
candidate,20260707,3,1,45.0,1.0,1,0,0,0,0,0,0,0.014925373134328358,67,2.427622509091648,3.405131213366985,4.691027104854584,0,134
candidate,20260708,0,0,102.0,1.0,1,1,0,0,0,0,0,0.0,45,2.4310881478918924,3.037022054195404,3.1806398183107376,0,89
candidate,20260708,1,0,-34.0,3.0,0,0,0,0,0,0,0,0.045454545454545456,44,2.2974036295305598,2.769202832132578,2.8469599783420563,0,89
candidate,20260708,2,0,-34.0,3.0,0,0,0,0,0,0,0,0.045454545454545456,44,2.256659706207839,2.6217805221676826,2.6637371629476547,0,89
candidate,20260708,3,0,-34.0,3.0,0,0,0,0,0,0,0,0.022727272727272728,44,2.2787208753553303,2.7522901073098183,2.86686047911644,0,89
candidate,20260709,0,1,-8.0,2.5,0,0,0,0,0,0,0,0.0,28,2.3415498435497284,2.8293422423303127,2.858242020010948,0,56
candidate,20260709,1,1,-19.0,4.0,0,0,1,11,0,0,0,0.0,26,2.3357926939542475,2.817844972014427,2.8825290501117706,0,52
candidate,20260709,2,1,-8.0,2.5,0,0,0,0,0,0,0,0.022727272727272728,44,2.3217956874180925,2.8719360940158367,2.9139965772628784,0,88
candidate,20260709,3,1,35.0,1.0,1,0,0,0,0,0,0,0.03571428571428571,28,2.3427458613046577,3.1487474218010902,3.585975617170334,0,56
candidate,20260710,0,2,-23.0,3.0,0,0,0,0,0,0,0,0.0,29,2.407576631883095,2.896669879555702,2.961592748761177,0,59
candidate,20260710,1,2,69.0,1.0,1,1,0,0,0,0,0,0.0,30,2.363748289644718,3.014010190963745,3.1114723533391953,0,59
candidate,20260710,2,2,-23.0,3.0,0,0,0,0,0,0,0,0.034482758620689655,29,2.2998167651480643,2.80790738761425,2.8615687042474747,0,59
candidate,20260710,3,2,-23.0,3.0,0,0,0,0,0,0,0,0.0,29,2.3460943123389937,2.976572886109352,3.048686310648918,0,59
candidate,20260711,0,3,-24.0,3.0,0,0,0,0,0,0,0,0.0,74,2.468600214735882,3.0931277200579643,3.193359822034836,0,149
candidate,20260711,1,3,57.0,1.0,1,1,0,0,0,0,0,0.02702702702702703,74,2.311295804542464,2.759361919015646,2.8289034962654114,0,147
candidate,20260711,2,3,-8.0,2.5,0,0,0,0,0,0,0,0.0,68,2.4279574315775845,3.2058517448604107,3.3141914755105972,0,136
candidate,20260711,3,3,-8.0,2.5,0,0,0,0,0,0,0,0.024390243902439025,41,2.2964507977410062,2.8264466673135757,2.8980374336242676,0,82
candidate,20260712,0,1,-8.0,2.5,0,0,0,0,0,0,0,0.038461538461538464,52,2.3276744267115226,2.6880156248807907,2.858079969882965,0,104
candidate,20260712,1,1,52.0,1.0,1,0,0,0,0,0,0,0.0,52,2.4492196165598354,3.3519080840051174,3.366788849234581,0,104
candidate,20260712,2,1,-28.0,3.0,0,0,0,0,0,0,0,0.0,60,2.315952846159538,2.8663527220487595,3.60303558409214,0,121
candidate,20260712,3,1,84.0,1.0,1,1,0,0,0,0,0,0.06557377049180328,61,2.2351594916621194,2.587452530860901,2.7560964226722717,0,121
candidate,20260713,0,0,48.0,1.0,1,0,0,0,0,0,0,0.0,56,2.4353287049702237,2.8781211003661156,6.053008139133453,0,112
candidate,20260713,1,0,-22.0,3.0,0,0,0,0,0,0,0,0.01694915254237288,59,2.289610046703937,2.7598945423960686,2.8749611228704453,0,119
candidate,20260713,2,0,-18.0,3.0,0,0,0,0,0,0,0,0.03333333333333333,60,2.2690429352223873,2.6798777282238,2.8611011803150177,0,121
candidate,20260713,3,0,33.0,1.0,1,0,0,0,0,0,0,0.04878048780487805,41,2.2826033939675585,2.7305614203214645,2.7666036039590836,0,82
candidate,20260714,0,0,-8.0,2.5,0,0,0,0,0,0,0,0.02564102564102564,39,2.4886244478134008,3.082524426281452,4.919150844216347,0,78
candidate,20260714,1,0,-8.0,2.5,0,0,0,0,0,0,0,0.04878048780487805,41,2.312146445236555,2.7978848665952682,2.8656329959630966,0,82
candidate,20260714,2,0,-16.0,4.0,0,0,1,8,0,0,0,0.0,41,2.4037217585051933,3.121228888630867,5.636565387248993,0,82
candidate,20260714,3,0,32.0,1.0,1,0,0,0,0,0,0,0.024390243902439025,41,2.3571408194739645,3.1679347157478333,3.2216552644968033,0,82
candidate,20260715,0,1,108.0,1.0,1,1,0,0,0,0,0,0.03571428571428571,56,2.412193122186831,2.881621476262808,6.38946145772934,0,111
candidate,20260715,1,1,33.0,1.0,1,0,0,0,0,0,0,0.0,62,2.557535625753864,3.5116019658744326,7.093256339430809,0,124
candidate,20260715,2,1,-17.0,4.0,0,0,1,9,0,0,0,0.016129032258064516,62,2.3216384973737503,2.8474001213908195,2.9411502182483673,0,124
candidate,20260715,3,1,35.0,1.0,1,0,0,0,0,0,0,0.01639344262295082,61,2.309891349468075,2.870790660381317,2.936124801635742,0,122
candidate,20260716,0,1,-8.0,2.5,0,0,0,0,0,0,0,0.0,40,2.4017670657485723,3.00114369019866,3.1712129712104797,0,80
candidate,20260716,1,1,42.0,1.0,1,0,0,0,0,0,0,0.037037037037037035,27,2.433127965088244,3.1339529901742935,3.298569470643997,0,54
candidate,20260716,2,1,-26.0,4.0,0,0,1,18,0,0,0,0.07407407407407407,27,2.2696616059100188,2.6500271633267403,2.8186533600091934,0,54
candidate,20260716,3,1,-8.0,2.5,0,0,0,0,0,0,0,0.0,27,2.4196576603032924,2.9189182445406914,5.05920872092247,0,54
candidate,20260717,0,3,-24.0,4.0,0,0,1,16,0,0,0,0.0,49,2.3883142109428133,2.885027229785919,2.952190116047859,0,98
candidate,20260717,1,3,40.0,1.0,1,0,0,0,0,0,0,0.0,49,2.3834778718194185,3.185931220650673,3.2943878322839737,0,98
candidate,20260717,2,3,35.0,1.0,1,0,0,0,0,0,0,0.030303030303030304,66,2.3363567888736725,2.9476690106093884,3.709247335791588,0,132
candidate,20260717,3,3,-8.0,2.5,0,0,0,0,0,0,0,0.0,49,2.3334971343984408,2.8999939560890198,2.945113927125931,0,98
candidate,20260718,0,2,-8.0,2.5,0,0,0,0,0,0,0,0.016129032258064516,62,2.383572470036245,2.8137401677668095,3.734685480594635,0,124
candidate,20260718,1,2,-17.0,4.0,0,0,1,9,0,0,0,0.03225806451612903,62,2.3034135059964274,2.805692702531814,2.8761159628629684,0,124
candidate,20260718,2,2,-8.0,2.5,0,0,0,0,0,0,0,0.016129032258064516,62,2.3081862638073583,2.883560862392187,2.9285401105880737,0,124
candidate,20260718,3,2,-36.0,3.0,0,0,0,0,0,0,0,0.01282051282051282,78,2.3556512135725756,3.0141207389533515,3.38643416762352,0,157
candidate,20260719,0,0,32.0,1.0,1,0,0,0,0,0,0,0.012987012987012988,77,2.3548635230822996,2.835073694586754,2.9123127460479736,0,154
candidate,20260719,1,0,-8.0,2.5,0,0,0,0,0,0,0,0.0,74,2.3433957752343773,2.904199156910181,2.988675609230995,0,148
candidate,20260719,2,0,-16.0,4.0,0,0,1,8,0,0,0,0.03896103896103896,77,2.2664398874168272,2.6460327208042145,2.873249351978302,0,154
candidate,20260719,3,0,-17.0,3.0,0,0,0,0,0,0,0,0.012345679012345678,81,2.356725779396516,3.133833408355713,3.287116065621376,0,163
candidate,20260720,0,2,-8.0,2.5,0,0,0,0,0,0,0,0.047619047619047616,63,2.3325570223350374,2.7842743322253227,3.090156242251396,0,126
candidate,20260720,1,2,35.0,1.0,1,0,0,0,0,0,0,0.0,66,2.4351550153259076,3.294185269623995,3.646133467555046,0,132
candidate,20260720,2,2,33.0,1.0,1,0,0,0,0,0,0,0.031746031746031744,63,2.3044695456822715,2.8473354876041412,2.9544197022914886,0,126
candidate,20260720,3,2,-18.0,4.0,0,0,1,10,0,0,0,0.015625,64,2.3436456685885787,2.8007392771542072,5.259430035948753,0,128
candidate,20260721,0,1,-8.0,2.5,0,0,0,0,0,0,0,0.041666666666666664,24,2.422317940120896,2.9214367270469666,3.6925338208675385,0,48
candidate,20260721,1,1,-8.0,2.5,0,0,0,0,0,0,0,0.0,20,2.281708735972643,2.8101909905672073,2.8671622276306152,0,40
candidate,20260721,2,1,34.0,1.0,1,0,0,0,0,0,0,0.08333333333333333,24,2.301628701388836,2.833647094666958,2.9192548245191574,0,48
candidate,20260721,3,1,-18.0,4.0,0,0,1,10,0,0,0,0.0,24,2.434229478240013,2.8700387105345726,5.1639024168252945,0,48
candidate,20260722,0,3,34.0,1.0,1,0,0,0,0,0,0,0.05084745762711865,59,2.427384825581211,2.743493393063544,6.557276472449303,0,118
candidate,20260722,1,3,-18.0,4.0,0,0,1,10,0,0,0,0.03389830508474576,59,2.3200798906007054,2.752341330051422,2.868395298719406,0,118
candidate,20260722,2,3,-8.0,2.5,0,0,0,0,0,0,0,0.03389830508474576,59,2.273795778973628,2.6860252022743225,2.7033518999814987,0,118
candidate,20260722,3,3,-8.0,2.5,0,0,0,0,0,0,0,0.01694915254237288,59,2.290184151823238,2.8300274163484573,2.8493329882621765,0,118
candidate,20260723,0,0,-18.0,3.0,0,0,0,0,0,0,0,0.02702702702702703,37,2.4130079593207383,2.9933881014585495,3.030385822057724,0,75
candidate,20260723,1,0,36.0,1.0,1,0,0,0,0,0,0,0.0,39,2.3573046693435082,2.8911544010043144,3.0967164784669876,0,78
candidate,20260723,2,0,48.0,1.0,1,1,0,0,0,0,0,0.06666666666666667,30,2.3543300728003183,3.2036938704550266,3.2418128103017807,0,59
candidate,20260723,3,0,-8.0,2.5,0,0,0,0,0,0,0,0.02564102564102564,39,2.305776071854127,2.8005303815007214,3.0933059751987457,0,78
candidate,20260724,0,2,-34.0,3.0,0,0,0,0,0,0,0,0.014925373134328358,67,2.4365382686034955,3.149966336786747,3.264687955379486,0,135
candidate,20260724,1,2,-8.0,2.5,0,0,0,0,0,0,0,0.04,75,2.3216611643632254,2.8728364035487175,2.990908920764923,0,150
candidate,20260724,2,2,-33.0,4.0,0,0,1,25,0,0,0,0.0,59,2.380620530348713,3.1366204842925067,3.260444849729538,0,118
candidate,20260724,3,2,49.0,1.0,1,0,0,0,0,0,0,0.0,67,2.3540345423701985,3.0229203402996063,3.1488388776779175,0,134
candidate,20260725,0,2,35.0,1.0,1,0,0,0,0,0,0,0.0,61,2.5018856967570353,3.283713012933731,3.4179091453552246,0,122
candidate,20260725,1,2,-17.0,3.0,0,0,0,0,0,0,0,0.047619047619047616,42,2.3763605970002355,2.8205538168549538,4.200316965579987,0,85
candidate,20260725,2,2,-8.0,2.5,0,0,0,0,0,0,0,0.0,27,2.3694466799497604,2.946278266608715,3.0547771602869034,0,54
candidate,20260725,3,2,34.0,1.0,1,0,0,0,0,0,0,0.02564102564102564,78,2.3792295788343134,3.2714693807065487,3.4408196806907654,0,157
candidate,20260726,0,1,-19.0,4.0,0,0,1,11,0,0,0,0.0,68,2.370636581498034,2.8723563998937607,2.9398147016763687,0,136
candidate,20260726,1,1,-8.0,2.5,0,0,0,0,0,0,0,0.014925373134328358,67,2.335606643290662,2.900397591292858,3.052167594432831,0,134
candidate,20260726,2,1,-8.0,2.5,0,0,0,0,0,0,0,0.015151515151515152,66,2.399734390730208,3.212336916476488,3.3292993903160095,0,132
candidate,20260726,3,1,35.0,1.0,1,0,0,0,0,0,0,0.014705882352941176,68,2.3380309507689057,2.9617371037602425,3.11211496591568,0,136
candidate,20260727,0,1,-8.0,2.5,0,0,0,0,0,0,0,0.04878048780487805,41,2.320990057253256,2.6870928704738617,2.859659492969513,0,82
candidate,20260727,1,1,-8.0,2.5,0,0,0,0,0,0,0,0.0,41,2.416173359606324,3.1347759068012238,3.2230764627456665,0,82
candidate,20260727,2,1,-17.0,4.0,0,0,1,9,0,0,0,0.0,41,2.3734781255082384,2.848079428076744,4.722405225038528,0,82
candidate,20260727,3,1,33.0,1.0,1,0,0,0,0,0,0,0.07317073170731707,41,2.2404209324499456,2.5967657566070557,2.64793261885643,0,82
candidate,20260728,0,1,-16.0,3.0,0,0,0,0,0,0,0,0.04878048780487805,41,2.3218705432444082,2.6476942002773285,2.831399440765381,0,83
candidate,20260728,1,1,-8.0,2.5,0,0,0,0,0,0,0,0.0,52,2.3355684959544587,2.9136394150555134,2.9243510216474533,0,104
candidate,20260728,2,1,-16.0,3.0,0,0,0,0,0,0,0,0.024390243902439025,41,2.2953188546547074,2.79131717979908,2.8610434383153915,0,83
candidate,20260728,3,1,60.0,1.0,1,1,0,0,0,0,0,0.0,44,2.4322715418582614,3.3182931132614613,5.997508764266968,0,87
candidate,20260729,0,3,-19.0,4.0,0,0,1,11,0,0,0,0.0,65,2.434937054148087,3.1111352145671844,3.154737874865532,0,130
candidate,20260729,1,3,34.0,1.0,1,0,0,0,0,0,0,0.0,68,2.5534977150313996,3.2281664200127125,6.8108756095170975,0,136
candidate,20260729,2,3,-8.0,2.5,0,0,0,0,0,0,0,0.014705882352941176,68,2.40492878262611,2.956956159323454,4.4335853308439255,0,136
candidate,20260729,3,3,0.0,2.5,0,0,0,0,0,1,1,0.011764705882352941,85,2.36594157622141,2.831171452999115,7.106415927410126,0,170
candidate,20260730,0,1,-17.0,4.0,0,0,1,9,0,0,0,0.047058823529411764,85,2.3356387939523247,2.7006417512893677,3.060339018702507,0,170
candidate,20260730,1,1,-8.0,2.5,0,0,0,0,0,0,0,0.03225806451612903,31,2.43777246965516,2.956647425889969,5.503484979271889,0,62
candidate,20260730,2,1,-8.0,2.5,0,0,0,0,0,0,0,0.03225806451612903,31,2.371721510444918,2.8870031237602234,3.880102187395096,0,62
candidate,20260730,3,1,33.0,1.0,1,0,0,0,0,0,0,0.03225806451612903,31,2.441646531224251,3.016667440533638,5.704848095774651,0,62
candidate,20260731,0,2,51.0,1.0,1,1,0,0,0,0,0,0.01818181818181818,55,2.3882017216899176,2.9837818816304207,3.0737873166799545,0,109
candidate,20260731,1,2,-8.0,2.5,0,0,0,0,0,0,0,0.0,51,2.5018406849281463,3.4552309662103653,3.8078725337982178,0,102
candidate,20260731,2,2,-17.0,3.0,0,0,0,0,0,0,0,0.018518518518518517,54,2.380929266413053,3.1304581090807915,3.154890611767769,0,109
candidate,20260731,3,2,-8.0,2.5,0,0,0,0,0,0,0,0.022222222222222223,45,2.2906997551520667,2.7700137346982956,2.84481979906559,0,90
candidate,20260732,0,1,38.0,1.0,1,0,0,0,0,0,0,0.07142857142857142,28,2.3501557298004627,2.877203468233347,2.9555242508649826,0,56
candidate,20260732,1,1,-8.0,2.5,0,0,0,0,0,0,0,0.02,50,2.2987175360322,2.717639226466417,2.801358699798584,0,100
candidate,20260732,2,1,-8.0,2.5,0,0,0,0,0,0,0,0.0,28,2.3209025551165854,2.9140224680304527,2.9784366488456726,0,56
candidate,20260732,3,1,-17.0,4.0,0,0,1,9,0,0,0,0.0,28,2.306704276374408,2.910969126969576,3.0356962233781815,0,56
candidate,20260733,0,1,-21.0,3.0,0,0,0,0,0,0,0,0.03076923076923077,65,2.3524904193786473,2.859111502766609,2.893144264817238,0,131
candidate,20260733,1,1,-8.0,2.5,0,0,0,0,0,0,0,0.030303030303030304,66,2.307602599488966,2.7439091354608536,2.8555598109960556,0,132
candidate,20260733,2,1,63.0,1.0,1,1,0,0,0,0,0,0.015151515151515152,66,2.3097058927470986,2.8295456431806087,3.2029878348112106,0,131
candidate,20260733,3,1,-21.0,3.0,0,0,0,0,0,0,0,0.0,65,2.3456029020822964,2.9995806515216827,3.443697467446327,0,131
candidate,20260734,0,0,-18.0,3.0,0,0,0,0,0,0,0,0.02666666666666667,75,2.3406197875738144,2.716318890452385,2.8583258390426636,0,151
candidate,20260734,1,0,-17.0,4.0,0,0,1,9,0,0,0,0.0,32,2.377708617132157,3.0222054570913315,3.073500469326973,0,64
candidate,20260734,2,0,38.0,1.0,1,0,0,0,0,0,0,0.0,68,2.3376168135334465,2.9979918152093887,3.04541178047657,0,136
candidate,20260734,3,0,54.0,1.0,1,1,0,0,0,0,0,0.013888888888888888,72,2.2956896832005844,2.8274054639041424,2.9896050691604614,0,143
candidate,20260735,0,3,-8.0,2.5,0,0,0,0,0,0,0,0.02127659574468085,47,2.3419257808238902,2.767784520983696,2.7942173182964325,0,94
candidate,20260735,1,3,36.0,1.0,1,0,0,0,0,0,0,0.0,52,2.354638471912879,3.006429970264435,3.2278988510370255,0,104
candidate,20260735,2,3,-8.0,2.5,0,0,0,0,0,0,0,0.0196078431372549,51,2.3594121357389524,3.0517494305968285,3.091460093855858,0,102
candidate,20260735,3,3,-21.0,4.0,0,0,1,13,0,0,0,0.0392156862745098,51,2.292559938687904,2.834385260939598,2.9823370277881622,0,102
candidate,20260736,0,0,-28.0,4.0,0,0,1,20,0,0,0,0.08571428571428572,35,2.320667090160506,2.6323363184928894,2.813318744301796,0,70
candidate,20260736,1,0,-8.0,2.5,0,0,0,0,0,0,0,0.02857142857142857,35,2.306017226406506,2.7615653350949287,2.7683228254318237,0,70
candidate,20260736,2,0,-8.0,2.5,0,0,0,0,0,0,0,0.0,19,2.2782112814878164,2.836674451828003,2.8421394526958466,0,38
candidate,20260736,3,0,43.0,1.0,1,0,0,0,0,0,0,0.10526315789473684,19,2.4264567580662275,3.1520158052444396,5.684081465005875,0,38
candidate,20260737,0,0,-24.0,3.0,0,0,0,0,0,0,0,0.029411764705882353,34,2.350172301863923,2.767769619822502,2.8951838612556458,0,69
candidate,20260737,1,0,-24.0,3.0,0,0,0,0,0,0,0,0.0,34,2.3607865304631344,2.9673042707145214,3.0875205993652344,0,69
candidate,20260737,2,0,34.0,1.0,1,0,0,0,0,0,0,0.0,34,2.4035040508298313,3.2323063351213928,3.5352278500795364,0,68
candidate,20260737,3,0,-24.0,3.0,0,0,0,0,0,0,0,0.058823529411764705,34,2.2735046770642784,2.803622093051672,2.8344281017780304,0,69
candidate,20260738,0,0,75.0,1.0,1,1,0,0,0,0,0,0.0,64,2.4353275075554848,2.919423673301935,6.45161047577858,0,129
candidate,20260738,1,0,-17.0,4.0,0,0,1,9,0,0,0,0.044444444444444446,45,2.3965358320209713,2.8462618589401245,4.3830424547195435,0,90
candidate,20260738,2,0,-8.0,2.5,0,0,0,0,0,0,0,0.0,41,2.5253265914393634,3.4647881984710693,4.675025120377541,0,84
candidate,20260738,3,0,-8.0,2.5,0,0,0,0,0,0,0,0.07142857142857142,42,2.2724524938634465,2.644477039575577,3.0448082834482193,0,84
candidate,20260739,0,0,-26.0,3.0,0,0,0,0,0,0,0,0.0,36,2.602702317138513,3.8071507588028908,5.163934081792831,0,73
candidate,20260739,1,0,-26.0,3.0,0,0,0,0,0,0,0,0.027777777777777776,36,2.491421945807007,3.439356107264757,5.314487963914871,0,73
candidate,20260739,2,0,-26.0,3.0,0,0,0,0,0,0,0,0.0,36,2.3797730811768107,3.1360285356640816,3.178616985678673,0,73
candidate,20260739,3,0,78.0,1.0,1,1,0,0,0,0,0,0.08108108108108109,37,2.2539326266662494,2.653854712843895,2.915363758802414,0,73
candidate,20260740,0,1,-8.0,2.5,0,0,0,0,0,0,0,0.0,38,2.539634900657754,3.419584780931473,3.9220675826072693,0,76
candidate,20260740,1,1,-19.0,4.0,0,0,1,11,0,0,0,0.0,38,2.373579889535904,3.0412713065743446,3.168141469359398,0,76
candidate,20260740,2,1,-33.0,4.0,0,0,1,25,0,0,0,0.06,50,2.260587401688099,2.616983838379383,2.6392806321382523,0,100
candidate,20260740,3,1,-20.0,4.0,0,0,1,12,0,0,0,0.0,28,2.3216082315359796,2.8684756718575954,2.9177647083997726,0,56
candidate,20260741,0,1,-8.0,2.5,0,0,0,0,0,0,0,0.022727272727272728,44,2.3312699896368114,2.7994765900075436,2.866828814148903,0,88
candidate,20260741,1,1,-8.0,2.5,0,0,0,0,0,0,0,0.045454545454545456,44,2.363613425669345,2.733455691486597,4.841132089495659,0,88
candidate,20260741,2,1,-19.0,4.0,0,0,1,11,0,0,0,0.0,45,2.342066913843155,2.9349923133850098,2.9493942856788635,0,90
candidate,20260741,3,1,35.0,1.0,1,0,0,0,0,0,0,0.045454545454545456,44,2.2822070274163377,2.917877770960331,2.9630474746227264,0,88
candidate,20260742,0,1,32.0,1.0,1,0,0,0,0,0,0,0.017857142857142856,56,2.370024998007076,2.887415699660778,2.9859542846679688,0,112
candidate,20260742,1,1,-23.0,4.0,0,0,1,15,0,0,0,0.027777777777777776,72,2.4009257192826934,3.1371593475341797,3.2784026116132736,0,144
candidate,20260742,2,1,-8.0,2.5,0,0,0,0,0,0,0,0.0,44,2.3424307477067816,2.9614382423460484,3.620140254497528,0,88
candidate,20260742,3,1,-8.0,2.5,0,0,0,0,0,0,0,0.046875,64,2.2642372641712427,2.6713602244853973,2.826498821377754,0,128
candidate,20260743,0,3,-8.0,2.5,0,0,0,0,0,0,0,0.0,22,2.382538789375262,2.8673261404037476,2.871580421924591,0,44
candidate,20260743,1,3,-8.0,2.5,0,0,0,0,0,0,0,0.0,47,2.397338483244815,2.9987653717398643,3.0156858265399933,0,94
candidate,20260743,2,3,0.0,2.5,0,0,0,0,0,1,0,0.011494252873563218,87,2.313865712661853,2.8103260323405266,2.939775586128235,0,174
candidate,20260743,3,3,0.0,2.5,0,0,0,0,0,1,0,0.0,84,2.369738339136044,3.037537354975939,3.1323712319135666,0,168
candidate,20260744,0,3,-16.0,3.0,0,0,0,0,0,0,0,0.020833333333333332,48,2.343088349637886,2.783514093607664,2.8457138687372208,0,97
candidate,20260744,1,3,-18.0,3.0,0,0,0,0,0,0,0,0.0,47,2.3271280558819467,2.8114862740039825,2.8277020901441574,0,95
candidate,20260744,2,3,-18.0,3.0,0,0,0,0,0,0,0,0.0,49,2.4805729638557046,3.2687213271856304,5.404926836490631,0,99
candidate,20260744,3,3,-16.0,3.0,0,0,0,0,0,0,0,0.020833333333333332,48,2.3287533161540828,3.003671020269394,3.1283125281333923,0,97
candidate,20260745,0,3,57.0,1.0,1,1,0,0,0,0,0,0.03125,64,2.333666227059439,2.7632461860775948,2.8961878269910812,0,127
candidate,20260745,1,3,-19.0,3.0,0,0,0,0,0,0,0,0.047619047619047616,63,2.2852616532454415,2.8504671528935432,2.928478643298149,0,127
candidate,20260745,2,3,-8.0,2.5,0,0,0,0,0,0,0,0.046511627906976744,43,2.2924522501091626,2.7129584923386574,2.7910321950912476,0,86
candidate,20260745,3,3,-19.0,3.0,0,0,0,0,0,0,0,0.015873015873015872,63,2.291072987847858,2.8345758095383644,2.884887158870697,0,127
candidate,20260746,0,1,-8.0,2.5,0,0,0,0,0,0,0,0.0,26,2.404613706928033,2.9530050233006477,2.9912106692790985,0,52
candidate,20260746,1,1,-8.0,2.5,0,0,0,0,0,0,0,0.07692307692307693,26,2.3144525834001026,2.8245411813259125,2.835668623447418,0,52
candidate,20260746,2,1,43.0,1.0,1,0,0,0,0,0,0,0.07692307692307693,26,2.2458025755790563,2.6793177239596844,2.8282906860113144,0,52
candidate,20260746,3,1,-27.0,4.0,0,0,1,19,0,0,0,0.03333333333333333,30,2.383554602662722,3.1014098785817623,3.223879262804985,0,60
candidate,20260747,0,3,-8.0,2.5,0,0,0,0,0,0,0,0.015384615384615385,65,2.436430207811869,3.0377790331840515,3.237178549170494,0,130
candidate,20260747,1,3,0.0,2.5,0,0,0,0,0,1,0,0.0,84,2.393005637540704,3.012213204056024,4.125120118260384,0,168
candidate,20260747,2,3,-20.0,4.0,0,0,1,12,0,0,0,0.0,65,2.314578054042963,2.885575219988823,2.9172226786613464,0,130
candidate,20260747,3,3,-20.0,4.0,0,0,1,12,0,0,0,0.03225806451612903,62,2.2862726942666116,2.68859276548028,4.2524561285972595,0,124
candidate,20260748,0,2,48.0,1.0,1,1,0,0,0,0,0,0.06557377049180328,61,2.3859940530335315,2.971656620502472,4.002021625638008,0,121
candidate,20260748,1,2,0.0,2.5,0,0,0,0,0,1,1,0.0,83,2.4741101247000405,3.249711543321609,5.937634035944939,0,167
candidate,20260748,2,2,0.0,2.5,0,0,0,0,0,1,1,0.011904761904761904,84,2.4341815151274204,3.345135133713484,4.082562401890755,0,167
candidate,20260748,3,2,-17.0,4.0,0,0,1,9,0,0,0,0.0,60,2.370735785613457,2.8864720836281776,4.477500915527344,0,121
candidate,20260749,0,3,32.0,1.0,1,0,0,0,0,0,0,0.01818181818181818,55,2.488413622433489,3.435644507408142,3.4957155585289,0,110
candidate,20260749,1,3,-24.0,4.0,0,0,1,16,0,0,0,0.0,26,2.3330961568997455,2.8017419390380383,2.8358884155750275,0,52
candidate,20260749,2,3,-8.0,2.5,0,0,0,0,0,0,0,0.0,34,2.3572491481900215,2.8604399412870407,3.7792660295963287,0,68
candidate,20260749,3,3,-8.0,2.5,0,0,0,0,0,0,0,0.038461538461538464,26,2.4759131841934643,2.8590229339897633,7.102172821760178,0,52
candidate,20260750,0,3,32.0,1.0,1,0,0,0,0,0,0,0.014705882352941176,68,2.5023063644766808,3.24023412540555,8.126003667712212,0,137
candidate,20260750,1,3,32.0,1.0,1,0,0,0,0,0,0,0.029411764705882353,34,2.351452541701934,2.9982075095176697,3.2675638794898987,0,68
candidate,20260750,2,3,-8.0,2.5,0,0,0,0,0,0,0,0.058823529411764705,34,2.2459091509089752,2.627936564385891,2.6414282619953156,0,68
candidate,20260750,3,3,-8.0,2.5,0,0,0,0,0,0,0,0.058823529411764705,34,2.2550747346352127,2.648643869906664,2.7474258095026016,0,68
candidate,20260751,0,0,0.0,2.5,0,0,0,0,0,1,1,0.03488372093023256,86,2.482556737959385,3.572325687855482,8.034680038690567,0,172
candidate,20260751,1,0,-22.0,3.0,0,0,0,0,0,0,0,0.03225806451612903,62,2.2795570173090502,2.5756606832146645,2.841698005795479,0,125
candidate,20260751,2,0,-8.0,2.5,0,0,0,0,0,0,0,0.0,38,2.2992337318627456,2.8428414836525917,2.858942374587059,0,76
candidate,20260751,3,0,-8.0,2.5,0,0,0,0,0,0,0,0.023255813953488372,43,2.390290632150894,2.885812520980835,4.898110404610634,0,86
candidate,20260752,0,2,-8.0,2.5,0,0,0,0,0,0,0,0.02,50,2.467901296913624,3.0823430977761745,4.920795559883118,0,100
candidate,20260752,1,2,-8.0,2.5,0,0,0,0,0,0,0,0.022222222222222223,45,2.458284215794669,3.033624216914177,6.60305842757225,0,90
candidate,20260752,2,2,-32.0,3.0,0,0,0,0,0,0,0,0.0,58,2.3938464000821114,2.921260427683592,4.511283710598946,0,117
candidate,20260752,3,2,102.0,1.0,1,1,0,0,0,0,0,0.0,55,2.424955435774543,3.410365805029869,3.8516223430633545,0,109
candidate,20260753,0,0,-8.0,2.5,0,0,0,0,0,0,0,0.0,66,2.5672868289279216,3.4900852479040623,4.863696172833443,0,132
candidate,20260753,1,0,-20.0,4.0,0,0,1,12,0,0,0,0.0,58,2.4040206817203553,2.9043810442090034,5.429111421108246,0,116
candidate,20260753,2,0,48.0,1.0,1,0,0,0,0,0,0,0.0,66,2.3552570209810226,2.9190187342464924,3.9556361734867096,0,132
candidate,20260753,3,0,-8.0,2.5,0,0,0,0,0,0,0,0.017241379310344827,58,2.3492808806998977,2.8855365701019764,5.785899236798286,0,116
candidate,20260754,0,1,-8.0,2.5,0,0,0,0,0,0,0,0.0,52,2.4366704747080803,2.866104431450367,4.783624783158302,0,104
candidate,20260754,1,1,-21.0,3.0,0,0,0,0,0,0,0,0.02040816326530612,49,2.3981247249306463,3.046880662441253,5.39802759885788,0,99
candidate,20260754,2,1,-41.0,3.0,0,0,0,0,0,0,0,0.01639344262295082,61,2.346536969063712,2.7951765805482864,5.375627428293228,0,123
candidate,20260754,3,1,37.0,1.0,1,0,0,0,0,0,0,0.019230769230769232,52,2.3619279695244937,2.904383186250925,3.7808790802955627,0,104
candidate,20260755,0,3,-19.0,4.0,0,0,1,11,0,0,0,0.022222222222222223,45,2.37053454750114,2.825944498181343,2.9497481882572174,0,90
candidate,20260755,1,3,-17.0,3.0,0,0,0,0,0,0,0,0.02564102564102564,39,2.4133377159253144,3.2510779798030858,3.7524718791246414,0,79
candidate,20260755,2,3,-8.0,2.5,0,0,0,0,0,0,0,0.0,45,2.313851937651634,2.8290003538131714,2.8490331023931503,0,90
candidate,20260755,3,3,-8.0,2.5,0,0,0,0,0,0,0,0.044444444444444446,45,2.3525271978643207,3.1953029334545135,3.2999347895383835,0,90
candidate,20260756,0,1,-8.0,2.5,0,0,0,0,0,0,0,0.02857142857142857,35,2.3064546287059784,2.608095295727253,2.843715250492096,0,70
candidate,20260756,1,1,-8.0,2.5,0,0,0,0,0,0,0,0.03773584905660377,53,2.301905690780226,2.7608513832092285,2.8321966528892517,0,106
candidate,20260756,2,1,-8.0,2.5,0,0,0,0,0,0,0,0.0,53,2.369215501085767,3.096795082092285,3.1640809029340744,0,106
candidate,20260756,3,1,36.0,1.0,1,0,0,0,0,0,0,0.018867924528301886,53,2.37518513821206,3.0605498701334,4.752675071358681,0,106
candidate,20260757,0,1,34.0,1.0,1,0,0,0,0,0,0,0.02702702702702703,37,2.4072050142127113,2.835758030414581,4.063721746206284,0,74
candidate,20260757,1,1,-18.0,4.0,0,0,1,10,0,0,0,0.0,33,2.343156177437667,2.8795339167118073,2.8952043503522873,0,66
candidate,20260757,2,1,-8.0,2.5,0,0,0,0,0,0,0,0.02702702702702703,37,2.2899254250365333,2.703532576560974,3.074703738093376,0,74
candidate,20260757,3,1,-8.0,2.5,0,0,0,0,0,0,0,0.0,37,2.3048264855468594,2.8773993253707886,2.9090438038110733,0,74
candidate,20260758,0,0,-21.0,3.0,0,0,0,0,0,0,0,0.0,42,2.4640771693417003,3.1239657662808895,3.422083333134651,0,85
candidate,20260758,1,0,-21.0,3.0,0,0,0,0,0,0,0,0.0,42,2.3882873799829256,3.2351898029446597,3.2704994082450867,0,85
candidate,20260758,2,0,-21.0,3.0,0,0,0,0,0,0,0,0.07142857142857142,42,2.4174645631795837,2.8426707722246647,5.10082021355629,0,85
candidate,20260758,3,0,63.0,1.0,1,1,0,0,0,0,0,0.0,43,2.390671348155931,3.2228119671344757,3.2431762665510178,0,85
candidate,20260759,0,3,-20.0,3.0,0,0,0,0,0,0,0,0.016129032258064516,62,2.4433557785326436,2.892814017832279,5.696220323443413,0,125
candidate,20260759,1,3,-18.0,3.0,0,0,0,0,0,0,0,0.03125,64,2.2656160290353,2.5953421369194984,2.6622507721185684,0,129
candidate,20260759,2,3,48.0,1.0,1,1,0,0,0,0,0,0.0,55,2.3888618769970806,3.071462921798229,4.131622612476349,0,109
candidate,20260759,3,3,-20.0,3.0,0,0,0,0,0,0,0,0.04838709677419355,62,2.2865723097516644,2.8800178319215775,3.2142922282218933,0,125
candidate,20260760,0,2,-16.0,3.0,0,0,0,0,0,0,0,0.0,52,2.568539554396501,3.616269584745168,3.7790127098560333,0,105
candidate,20260760,1,2,-16.0,3.0,0,0,0,0,0,0,0,0.037037037037037035,54,2.2985757225089603,2.8096686117351055,2.843732014298439,0,109
candidate,20260760,2,2,32.0,1.0,1,0,0,0,0,0,0,0.041666666666666664,48,2.2771701527138553,2.7574830688536167,2.817342057824135,0,96
candidate,20260760,3,2,-16.0,3.0,0,0,0,0,0,0,0,0.0,52,2.347261788180241,2.901206724345684,4.633886739611626,0,105
candidate,20260761,0,3,-22.0,4.0,0,0,1,14,0,0,0,0.09375,32,2.343412721529603,2.7243580669164658,3.2533984631299973,0,64
candidate,20260761,1,3,-20.0,4.0,0,0,1,12,0,0,0,0.0,73,2.454675249245069,3.329940512776375,3.558950498700142,0,146
candidate,20260761,2,3,-8.0,2.5,0,0,0,0,0,0,0,0.0,68,2.5202240247060272,3.36425369605422,5.592329427599907,0,136
candidate,20260761,3,3,52.0,1.0,1,0,0,0,0,0,0,0.0,77,2.3698702261045383,2.9185913503170013,5.629023537039757,0,154
candidate,20260762,0,0,-8.0,2.5,0,0,0,0,0,0,0,0.0,59,2.5467326138484276,3.5510629415512076,4.501335322856903,0,118
candidate,20260762,1,0,-8.0,2.5,0,0,0,0,0,0,0,0.024096385542168676,83,2.3400758853159753,2.8360150754451743,5.613718181848526,0,166
candidate,20260762,2,0,-20.0,4.0,0,0,1,12,0,0,0,0.012658227848101266,79,2.3472625054890597,2.8970967978239055,3.16070020198822,0,158
candidate,20260762,3,0,-17.0,4.0,0,0,1,9,0,0,0,0.02702702702702703,74,2.307218826703123,2.781644649803638,3.0039455741643906,0,148
candidate,20260763,0,1,-8.0,2.5,0,0,0,0,0,0,0,0.03225806451612903,31,2.3384678868516797,2.7242861688137054,2.901356667280197,0,62
candidate,20260763,1,1,-8.0,2.5,0,0,0,0,0,0,0,0.03225806451612903,31,2.4054996789463106,2.7617700397968292,4.998520016670227,0,62
candidate,20260763,2,1,-20.0,4.0,0,0,1,12,0,0,0,0.0,31,2.3487544949016264,2.912747673690319,3.171168267726898,0,62
candidate,20260763,3,1,35.0,1.0,1,0,0,0,0,0,0,0.04285714285714286,70,2.2386960685253143,2.621584571897983,3.5758260637521744,0,140
candidate,20260764,0,1,0.0,2.5,0,0,0,0,0,1,1,0.02247191011235955,89,2.384606079104241,2.923889085650444,4.942681640386581,0,178
candidate,20260764,1,1,-8.0,2.5,0,0,0,0,0,0,0,0.025,80,2.304605720564723,2.6351373642683025,4.131374880671501,0,160
candidate,20260764,2,1,-17.0,4.0,0,0,1,9,0,0,0,0.025,80,2.3814773419871926,2.9974248260259624,5.408208817243576,0,160
candidate,20260764,3,1,33.0,1.0,1,0,0,0,0,0,0,0.0,80,2.435408206656575,3.325007390230894,4.77607361972332,0,160
candidate,20260765,0,2,36.0,1.0,1,0,0,0,0,0,0,0.05,40,2.339787036180496,2.871827967464924,2.899693325161934,0,80
candidate,20260765,1,2,-8.0,2.5,0,0,0,0,0,0,0,0.025,40,2.3336462676525116,2.862307336181402,2.9299240559339523,0,80
candidate,20260765,2,2,57.0,1.0,1,1,0,0,0,0,0,0.09090909090909091,44,2.2590570998462765,2.835803106427193,2.893194556236267,0,87
candidate,20260765,3,2,35.0,1.0,1,0,0,0,0,0,0,0.023809523809523808,42,2.443302245367141,3.5125277936458583,4.519086331129074,0,84
candidate,20260766,0,0,-39.0,3.0,0,0,0,0,0,0,0,0.0,35,2.4495134396212443,2.830967865884304,5.608033388853073,0,71
candidate,20260766,1,0,-16.0,3.0,0,0,0,0,0,0,0,0.029411764705882353,68,2.2983170004890248,2.6915492489933968,3.062015399336815,0,137
candidate,20260766,2,0,-16.0,3.0,0,0,0,0,0,0,0,0.04411764705882353,68,2.355147755759604,2.8949779458343983,6.50692917406559,0,137
candidate,20260766,3,0,32.0,1.0,1,0,0,0,0,0,0,0.017543859649122806,57,2.3465430396690703,2.8855014592409134,4.224129021167755,0,114
candidate,20260767,0,3,-8.0,2.5,0,0,0,0,0,0,0,0.027777777777777776,36,2.3333970457315445,2.730716485530138,2.8944388031959534,0,72
candidate,20260767,1,3,-17.0,3.0,0,0,0,0,0,0,0,0.043478260869565216,46,2.344172852842704,2.6976694352924824,4.974387586116791,0,93
candidate,20260767,2,3,34.0,1.0,1,0,0,0,0,0,0,0.027777777777777776,36,2.314304829471641,2.9701772145926952,3.197798505425453,0,72
candidate,20260767,3,3,-8.0,2.5,0,0,0,0,0,0,0,0.027777777777777776,36,2.3485416960385113,2.9196846298873425,4.606960341334343,0,72
candidate,20260768,0,3,-22.0,3.0,0,0,0,0,0,0,0,0.016666666666666666,60,2.4077449614802995,2.87097180262208,3.2043419778347015,0,121
candidate,20260768,1,3,-18.0,3.0,0,0,0,0,0,0,0,0.03333333333333333,60,2.3130903020501137,2.719616051763296,2.877630293369293,0,121
candidate,20260768,2,3,54.0,1.0,1,1,0,0,0,0,0,0.03278688524590164,61,2.3082827874382987,2.9281675815582275,3.129325807094574,0,121
candidate,20260768,3,3,-18.0,3.0,0,0,0,0,0,0,0,0.05,60,2.248698566108942,2.6837154291570187,2.887476235628128,0,121
candidate,20260769,0,2,-8.0,2.5,0,0,0,0,0,0,0,0.0,58,2.5614866794183335,4.0288022719323635,5.952557548880577,0,117
candidate,20260769,1,2,-8.0,2.5,0,0,0,0,0,0,0,0.0392156862745098,51,2.4011512013042675,2.743949182331562,5.356086418032646,0,102
candidate,20260769,2,2,-8.0,2.5,0,0,0,0,0,0,0,0.016129032258064516,62,2.322305023910538,2.9652990400791164,3.0359402298927307,0,124
candidate,20260769,3,2,-32.0,3.0,0,0,0,0,0,0,0,0.038461538461538464,78,2.25488055879489,2.6754045858979207,3.003763034939766,0,157
candidate,20260770,0,2,32.0,1.0,1,0,0,0,0,0,0,0.016666666666666666,60,2.3611287275950112,2.8440278954803944,3.3185649663209915,0,120
candidate,20260770,1,2,-8.0,2.5,0,0,0,0,0,0,0,0.016666666666666666,60,2.377794310450554,3.0578244477510452,3.141852095723152,0,120
candidate,20260770,2,2,-16.0,4.0,0,0,1,8,0,0,0,0.05,60,2.256830750654141,2.606107853353023,2.835197374224663,0,120
candidate,20260770,3,2,-8.0,2.5,0,0,0,0,0,0,0,0.03571428571428571,28,2.289376487689359,2.770988829433918,2.799447625875473,0,56
candidate,20260771,0,1,-20.0,3.0,0,0,0,0,0,0,0,0.03278688524590164,61,2.3760979109611666,2.8633885085582733,3.2145194709300995,0,123
candidate,20260771,1,1,60.0,1.0,1,1,0,0,0,0,0,0.0,62,2.400935777733403,3.2501380890607834,3.36364284157753,0,123
candidate,20260771,2,1,-20.0,3.0,0,0,0,0,0,0,0,0.06557377049180328,61,2.25051901623851,2.702118828892708,2.714589238166809,0,123
candidate,20260771,3,1,-34.0,4.0,0,0,1,26,0,0,0,0.05263157894736842,38,2.3622046175755953,2.8506935574114323,5.139390006661415,0,76
candidate,20260772,0,0,-19.0,4.0,0,0,1,11,0,0,0,0.0,25,2.371574565768242,2.838781476020813,2.84426286816597,0,50
candidate,20260772,1,0,-8.0,2.5,0,0,0,0,0,0,0,0.0,25,2.39057794213295,2.936476841568947,3.455197438597679,0,50
candidate,20260772,2,0,34.0,1.0,1,0,0,0,0,0,0,0.02857142857142857,35,2.3029817002160207,2.7707675471901894,2.8747040778398514,0,70
candidate,20260772,3,0,35.0,1.0,1,0,0,0,0,0,0,0.04,25,2.3480291664600372,3.0886448919773097,3.2118521630764008,0,50
candidate,20260773,0,3,-18.0,4.0,0,0,1,10,0,0,0,0.023255813953488372,43,2.4216212765421976,2.951323613524437,3.3217035233974457,0,86
candidate,20260773,1,3,-19.0,3.0,0,0,0,0,0,0,0,0.018518518518518517,54,2.3010661135669106,2.730313315987587,2.8005726635456085,0,109
candidate,20260773,2,3,-25.0,4.0,0,0,1,17,0,0,0,0.0,49,2.381934385214533,3.283475711941719,3.603493794798851,0,98
candidate,20260773,3,3,-8.0,2.5,0,0,0,0,0,0,0,0.028985507246376812,69,2.3020803928375244,2.840891480445862,4.353100433945656,0,138
candidate,20260774,0,0,-19.0,3.0,0,0,0,0,0,0,0,0.0,41,2.5366460223023486,3.4074299037456512,5.144542083144188,0,83
candidate,20260774,1,0,-19.0,3.0,0,0,0,0,0,0,0,0.0,41,2.362544216760775,2.962091937661171,2.999868243932724,0,83
candidate,20260774,2,0,-19.0,3.0,0,0,0,0,0,0,0,0.024390243902439025,41,2.420938959935816,3.0439235270023346,4.413856193423271,0,83
candidate,20260774,3,0,38.0,1.0,1,0,0,0,0,0,0,0.10526315789473684,38,2.30192657756178,2.548787835985422,5.631456151604652,0,76
candidate,20260775,0,0,-18.0,4.0,0,0,1,10,0,0,0,0.04838709677419355,62,2.3759666589959973,2.625383250415325,6.7749787122011185,0,125
candidate,20260775,1,0,-16.0,4.0,0,0,1,8,0,0,0,0.06451612903225806,31,2.3206616601636334,2.8262734413146973,2.865403890609741,0,62
candidate,20260775,2,0,34.0,1.0,1,0,0,0,0,0,0,0.023809523809523808,42,2.2733891826300394,2.733792271465063,2.7532484382390976,0,84
candidate,20260775,3,0,-8.0,2.5,0,0,0,0,0,0,0,0.04838709677419355,62,2.235586574721721,2.602866757661104,2.792486920952797,0,125
candidate,20260776,0,2,-17.0,3.0,0,0,0,0,0,0,0,0.0,40,2.3793811444193125,2.9968688264489174,3.0514560639858246,0,81
candidate,20260776,1,2,-17.0,3.0,0,0,0,0,0,0,0,0.05,40,2.2933628410100937,2.747276797890663,3.140997141599655,0,81
candidate,20260776,2,2,-17.0,3.0,0,0,0,0,0,0,0,0.025,40,2.3357847705483437,2.9453803785145283,3.053000196814537,0,81
candidate,20260776,3,2,-8.0,2.5,0,0,0,0,0,0,0,0.0,78,2.4021065149169702,3.2997133210301395,3.44146229326725,0,157
candidate,20260777,0,0,-23.0,3.0,0,0,0,0,0,0,0,0.029411764705882353,68,2.405592514311566,2.939396630972624,3.0265580862760544,0,137
candidate,20260777,1,0,72.0,1.0,1,1,0,0,0,0,0,0.0,71,2.5547914416857167,3.6871470510959625,3.929542377591133,0,141
candidate,20260777,2,0,52.0,1.0,1,0,0,0,0,0,0,0.02702702702702703,74,2.2794907358852594,2.7224206365644927,3.0319001525640488,0,148
candidate,20260777,3,0,33.0,1.0,1,0,0,0,0,0,0,0.0,55,2.3694293065504595,3.1380044296383858,3.2433830201625824,0,110
candidate,20260778,0,2,50.0,1.0,1,0,0,0,0,0,0,0.08571428571428572,35,2.312759097133364,2.7562273666262627,2.8593335300683975,0,70
candidate,20260778,1,2,90.0,1.0,1,1,0,0,0,0,0,0.016129032258064516,62,2.326265277881776,2.825686521828174,2.8888117522001266,0,123
candidate,20260778,2,2,-20.0,3.0,0,0,0,0,0,0,0,0.0,55,2.425048805095933,3.240569494664669,3.5647209733724594,0,111
candidate,20260778,3,2,-8.0,2.5,0,0,0,0,0,0,0,0.0,55,2.3635065013712104,3.180564008653164,3.3708903938531876,0,110
candidate,20260779,0,2,44.0,1.0,1,0,0,0,0,0,0,0.04,50,2.367968261241913,2.8507305309176445,2.8979405760765076,0,100
candidate,20260779,1,2,36.0,1.0,1,0,0,0,0,0,0,0.0,52,2.5285064386060605,3.5527741536498065,6.168456748127937,0,104
candidate,20260779,2,2,-30.0,4.0,0,0,1,22,0,0,0,0.03389830508474576,59,2.3038637019315007,2.801064774394035,2.987293526530266,0,118
candidate,20260779,3,2,-8.0,2.5,0,0,0,0,0,0,0,0.06779661016949153,59,2.270512598550926,2.7882974594831462,3.0165575444698334,0,118
candidate,20260780,0,3,-8.0,2.5,0,0,0,0,0,0,0,0.018518518518518517,54,2.3501467097688606,2.783102262765169,2.9764268547296524,0,108
candidate,20260780,1,3,35.0,1.0,1,0,0,0,0,0,0,0.038461538461538464,52,2.321575660831653,2.8666185215115547,2.9275864362716675,0,104
candidate,20260780,2,3,-8.0,2.5,0,0,0,0,0,0,0,0.05555555555555555,54,2.2591317969339864,2.830362319946289,2.914033830165863,0,108
candidate,20260780,3,3,-8.0,2.5,0,0,0,0,0,0,0,0.016129032258064516,62,2.2745314805257704,2.7321964502334595,2.8703883290290833,0,124
candidate,20260781,0,2,32.0,1.0,1,0,0,0,0,0,0,0.04411764705882353,68,2.35536480870317,2.716235537081957,3.7675928324460983,0,136
candidate,20260781,1,2,-8.0,2.5,0,0,0,0,0,0,0,0.014492753623188406,69,2.3653368479099828,2.7941975742578506,5.113944411277771,0,138
candidate,20260781,2,2,-8.0,2.5,0,0,0,0,0,0,0,0.047619047619047616,63,2.2729729849194724,2.724536508321762,4.5528411865234375,0,126
candidate,20260781,3,2,-8.0,2.5,0,0,0,0,0,0,0,0.03571428571428571,56,2.276607523007052,2.821853384375572,2.951737493276596,0,112
candidate,20260782,0,1,0.0,2.5,0,0,0,0,0,1,1,0.033707865168539325,89,2.4065670211998262,2.8172943741083145,5.45685738325119,0,178
candidate,20260782,1,1,38.0,1.0,1,0,0,0,0,0,0,0.0,48,2.442270594959458,3.323455434292555,3.6491211503744125,0,96
candidate,20260782,2,1,-8.0,2.5,0,0,0,0,0,0,0,0.0,48,2.3199550729865828,2.9019540175795555,3.100180998444557,0,96
candidate,20260782,3,1,-20.0,3.0,0,0,0,0,0,0,0,0.022222222222222223,45,2.312015121181806,2.8810497373342514,2.935105934739113,0,91
candidate,20260783,0,2,-16.0,4.0,0,0,1,8,0,0,0,0.022727272727272728,44,2.3877359080043705,2.985189575701952,3.052966669201851,0,88
candidate,20260783,1,2,32.0,1.0,1,0,0,0,0,0,0,0.06818181818181818,44,2.2698205218396406,2.754697110503912,2.790335565805435,0,88
candidate,20260783,2,2,-16.0,3.0,0,0,0,0,0,0,0,0.03225806451612903,62,2.3142869073537087,2.956880535930395,3.0753500759601593,0,125
candidate,20260783,3,2,-16.0,4.0,0,0,1,8,0,0,0,0.0,55,2.4064677344127134,3.315171413123607,3.7186965346336365,0,110
candidate,20260784,0,1,-8.0,2.5,0,0,0,0,0,0,0,0.02857142857142857,35,2.397038202200617,2.9842831194400787,3.0204877257347107,0,70
candidate,20260784,1,1,-19.0,4.0,0,0,1,11,0,0,0,0.05,40,2.311487542465329,2.772051189094782,2.7890875935554504,0,80
candidate,20260784,2,1,-8.0,2.5,0,0,0,0,0,0,0,0.0,40,2.363069634884596,2.994067966938019,3.045355901122093,0,80
candidate,20260784,3,1,35.0,1.0,1,0,0,0,0,0,0,0.0,40,2.4034841917455196,3.181108459830284,4.401136189699173,0,80
candidate,20260785,0,0,0.0,2.5,0,0,0,0,0,1,1,0.0,82,2.4720634583656382,3.3078931272029877,3.853732720017433,0,164
candidate,20260785,1,0,-8.0,2.5,0,0,0,0,0,0,0,0.018518518518518517,54,2.330434094700548,2.89089847356081,2.9183439910411835,0,108
candidate,20260785,2,0,33.0,1.0,1,0,0,0,0,0,0,0.046875,64,2.2610560699831694,2.8516632504761215,2.9091089963912964,0,128
candidate,20260785,3,0,-22.0,3.0,0,0,0,0,0,0,0,0.0,76,2.3397662627853846,2.9798662289977074,3.021322190761566,0,153
candidate,20260786,0,2,-8.0,2.5,0,0,0,0,0,0,0,0.0,79,2.454157942269422,3.230493329465389,3.4792516380548477,0,158
candidate,20260786,1,2,33.0,1.0,1,0,0,0,0,0,0,0.03409090909090909,88,2.259683371944861,2.5476194918155666,2.9911119490861893,0,176
candidate,20260786,2,2,32.0,1.0,1,0,0,0,0,0,0,0.0273972602739726,73,2.2832303728959333,2.637334167957306,3.036562353372574,0,146
candidate,20260786,3,2,-20.0,3.0,0,0,0,0,0,0,0,0.029411764705882353,68,2.2822564522571422,2.72092716768384,2.8431564569473267,0,137
candidate,20260787,0,0,35.0,1.0,1,0,0,0,0,0,0,0.0,44,2.5051069784570825,3.4217603504657745,3.4601613879203796,0,88
candidate,20260787,1,0,-8.0,2.5,0,0,0,0,0,0,0,0.043478260869565216,46,2.2843518982762876,2.681965008378029,2.7677789330482483,0,92
candidate,20260787,2,0,-31.0,3.0,0,0,0,0,0,0,0,0.07692307692307693,39,2.27325677107542,2.713431976735592,2.8222166001796722,0,79
candidate,20260787,3,0,40.0,1.0,1,0,0,0,0,0,0,0.04081632653061224,49,2.2492660019470723,2.682200074195862,2.9271673411130905,0,98
candidate,20260788,0,3,-8.0,2.5,0,0,0,0,0,0,0,0.03125,32,2.3827418335713446,2.87028681486845,2.9249005019664764,0,64
candidate,20260788,1,3,-19.0,4.0,0,0,1,11,0,0,0,0.0625,32,2.3682224564254284,2.6235551573336124,5.785668268799782,0,64
candidate,20260788,2,3,54.0,1.0,1,1,0,0,0,0,0,0.06060606060606061,33,2.343295593604897,2.8314419090747833,4.555564373731613,0,65
candidate,20260788,3,3,-8.0,2.5,0,0,0,0,0,0,0,0.03125,32,2.4572747061029077,2.9602141119539738,5.906390026211739,0,64
candidate,20260789,0,2,-8.0,2.5,0,0,0,0,0,0,0,0.018518518518518517,54,2.4425069008160523,3.0396046116948123,4.084212705492973,0,108
candidate,20260789,1,2,-8.0,2.5,0,0,0,0,0,0,0,0.017241379310344827,58,2.356734287379117,2.854032162576914,4.359018057584763,0,116
candidate,20260789,2,2,33.0,1.0,1,0,0,0,0,0,0,0.014705882352941176,68,2.3107364061562454,2.8695409186184406,2.938445657491684,0,136
candidate,20260789,3,2,-17.0,4.0,0,0,1,9,0,0,0,0.034482758620689655,58,2.3218633863946487,2.8776279650628567,3.2932162284851074,0,116
candidate,20260790,0,1,-8.0,2.5,0,0,0,0,0,0,0,0.02127659574468085,47,2.3738594844620278,2.831372991204262,2.8805099427700043,0,94
candidate,20260790,1,1,108.0,1.0,1,1,0,0,0,0,0,0.030303030303030304,66,2.3337628015063028,3.0304277315735817,3.435390070080757,0,131
candidate,20260790,2,1,-18.0,4.0,0,0,1,10,0,0,0,0.02127659574468085,47,2.4498331737011037,3.22747528553009,4.849536344408989,0,94
candidate,20260790,3,1,-28.0,3.0,0,0,0,0,0,0,0,0.017241379310344827,58,2.3584639139730355,3.0667773447930813,3.1568408012390137,0,117
candidate,20260791,0,1,-8.0,2.5,0,0,0,0,0,0,0,0.0,75,2.4457103262344995,3.1943531706929202,3.277728334069252,0,151
candidate,20260791,1,1,-20.0,4.0,0,0,1,12,0,0,0,0.0,73,2.4587290284976566,3.366649895906448,3.4289881587028503,0,147
candidate,20260791,2,1,10.0,2.0,0,0,0,0,0,0,0,0.0,52,2.303042269956607,2.870187908411026,2.8985105454921722,1,105
candidate,20260791,3,1,-8.0,2.5,0,0,0,0,0,0,0,0.017857142857142856,56,2.274976976748024,2.7210689149796963,2.85889208316803,0,112
candidate,20260792,0,0,34.0,1.0,1,0,0,0,0,0,0,0.03125,32,2.4380195536650717,3.0441366136074066,3.081841394305229,0,64
candidate,20260792,1,0,-27.0,4.0,0,0,1,19,0,0,0,0.045454545454545456,44,2.29867154055021,2.785064931958914,2.8185322880744934,0,88
candidate,20260792,2,0,-18.0,3.0,0,0,0,0,0,0,0,0.04081632653061224,49,2.261505747327999,2.692299336194992,2.7180276811122894,0,99
candidate,20260792,3,0,-8.0,2.5,0,0,0,0,0,0,0,0.09375,32,2.2491804556921124,2.678187470883131,2.8175320476293564,0,64
candidate,20260793,0,1,36.0,1.0,1,0,0,0,0,0,0,0.03571428571428571,56,2.346797679950084,2.856114413589239,2.8984639793634415,0,112
candidate,20260793,1,1,-23.0,3.0,0,0,0,0,0,0,0,0.03333333333333333,60,2.286928395430247,2.691793069243431,2.8230417519807816,0,121
candidate,20260793,2,1,72.0,1.0,1,1,0,0,0,0,0,0.0196078431372549,51,2.285698793974577,2.753913402557373,2.8598718345165253,0,101
candidate,20260793,3,1,-23.0,3.0,0,0,0,0,0,0,0,0.016666666666666666,60,2.3953862488269806,3.2121014781296253,3.535749390721321,0,121
candidate,20260794,0,2,-23.0,4.0,0,0,1,15,0,0,0,0.025,40,2.3571668658405542,2.8504173271358013,2.879468724131584,0,80
candidate,20260794,1,2,38.0,1.0,1,0,0,0,0,0,0,0.1,20,2.3159904405474663,2.8764751739799976,2.926582470536232,0,40
candidate,20260794,2,2,-22.0,4.0,0,0,1,14,0,0,0,0.0,19,2.378674420086961,3.0424967408180237,3.0653290450572968,0,38
candidate,20260794,3,2,-8.0,2.5,0,0,0,0,0,0,0,0.05555555555555555,18,2.5447350409295826,3.79863670095801,5.868792533874512,0,36
candidate,20260795,0,3,40.0,1.0,1,0,0,0,0,0,0,0.0,24,2.357388070474068,2.8250841423869133,2.890104427933693,0,48
candidate,20260795,1,3,-8.0,2.5,0,0,0,0,0,0,0,0.08333333333333333,24,2.3092207654068866,2.8382908552885056,2.863094210624695,0,48
candidate,20260795,2,3,-8.0,2.5,0,0,0,0,0,0,0,0.0,24,2.386393491178751,3.07683739811182,3.158044070005417,0,48
candidate,20260795,3,3,-24.0,4.0,0,0,1,16,0,0,0,0.0,24,2.3100991578151784,2.8347653336822987,2.8672870248556137,0,48
candidate,20260796,0,0,-16.0,4.0,0,0,1,8,0,0,0,0.027777777777777776,36,2.3469246096081204,2.7374085038900375,2.886982634663582,0,72
candidate,20260796,1,0,-8.0,2.5,0,0,0,0,0,0,0,0.0,36,2.330170116490788,2.8625568374991417,2.8936881572008133,0,72
candidate,20260796,2,0,34.0,1.0,1,0,0,0,0,0,0,0.024390243902439025,82,2.2825305690852606,2.7067373506724834,3.4437887370586395,0,164
candidate,20260796,3,0,-8.0,2.5,0,0,0,0,0,0,0,0.0,36,2.277710268066989,2.8033950366079807,2.817448228597641,0,72
candidate,20260797,0,0,-16.0,3.0,0,0,0,0,0,0,0,0.047619047619047616,42,2.37184918175141,2.9397130012512207,2.984391525387764,0,85
candidate,20260797,1,0,48.0,1.0,1,1,0,0,0,0,0,0.0,43,2.3980634936759637,3.3302467316389084,3.6749914288520813,0,85
candidate,20260797,2,0,57.0,1.0,1,1,0,0,0,0,0,0.08333333333333333,36,2.2713752566940255,2.7234358713030815,2.832842990756035,0,71
candidate,20260797,3,0,-16.0,3.0,0,0,0,0,0,0,0,0.07142857142857142,42,2.279902320532572,2.82824719324708,2.8978735208511353,0,85
candidate,20260798,0,1,-16.0,4.0,0,0,1,8,0,0,0,0.0,17,2.5245010414544273,3.2080516219139086,4.538305103778839,0,34
candidate,20260798,1,1,34.0,1.0,1,0,0,0,0,0,0,0.023809523809523808,42,2.411900930816219,2.9950791038572784,5.089804530143738,0,84
candidate,20260798,2,1,-8.0,2.5,0,0,0,0,0,0,0,0.0,42,2.452263209436621,3.238704334944486,6.87740184366703,0,84
candidate,20260798,3,1,-18.0,4.0,0,0,1,10,0,0,0,0.07317073170731707,41,2.3366426821888946,2.6138033717870712,5.927791818976402,0,82
candidate,20260799,0,0,-8.0,2.5,0,0,0,0,0,0,0,0.0,40,2.5530217681080103,3.756755869835615,4.857206717133522,0,80
candidate,20260799,1,0,-8.0,2.5,0,0,0,0,0,0,0,0.03333333333333333,60,2.314175106585026,2.6895853690803047,3.925388678908348,0,120
candidate,20260799,2,0,-8.0,2.5,0,0,0,0,0,0,0,0.023809523809523808,42,2.357853487843559,3.0905725434422493,3.186644986271858,0,84
candidate,20260799,3,0,-8.0,2.5,0,0,0,0,0,0,0,0.025,40,2.3371608927845955,2.867995761334896,2.9653795063495636,0,80
candidate,20260800,0,3,0.0,2.5,0,0,0,0,0,1,0,0.011627906976744186,86,2.3756267632855925,2.8713950887322426,2.9973797500133514,0,172
candidate,20260800,1,3,51.0,1.0,1,1,0,0,0,0,0,0.045454545454545456,44,2.297967164353891,2.7783235535025597,2.8707273304462433,0,87
candidate,20260800,2,3,0.0,2.5,0,0,0,0,0,1,0,0.0,84,2.3207798866289004,2.919573802500963,2.980519086122513,0,169
candidate,20260800,3,3,-17.0,3.0,0,0,0,0,0,0,0,0.046511627906976744,43,2.2794016918470694,2.882147766649723,2.9014218598604202,0,87
candidate,20260801,0,2,-8.0,2.5,0,0,0,0,0,0,0,0.0,62,2.3999377604453795,2.9366886243224144,3.0720923095941544,0,124
candidate,20260801,1,2,0.0,2.5,0,0,0,0,0,1,1,0.022727272727272728,88,2.3236411877653818,2.8787571936845775,2.991119399666786,0,176
candidate,20260801,2,2,-24.0,4.0,0,0,1,16,0,0,0,0.03614457831325301,83,2.2965584354228286,2.728530578315258,4.578642547130585,0,166
candidate,20260801,3,2,36.0,1.0,1,0,0,0,0,0,0,0.037037037037037035,54,2.2602394499160625,2.6575041003525257,2.8541386127471924,0,108
candidate,20260802,0,3,-8.0,2.5,0,0,0,0,0,0,0,0.029411764705882353,34,2.3569247192319702,2.810646221041679,2.937154844403267,0,68
candidate,20260802,1,3,-20.0,4.0,0,0,1,12,0,0,0,0.029411764705882353,34,2.3557986954555794,2.959634270519018,3.09545174241066,0,68
candidate,20260802,2,3,36.0,1.0,1,0,0,0,0,0,0,0.029411764705882353,34,2.2701046922627617,2.736784238368273,2.8028246015310287,0,68
candidate,20260802,3,3,-8.0,2.5,0,0,0,0,0,0,0,0.058823529411764705,34,2.2915068137295105,2.8641643002629276,2.9643159359693527,0,68
candidate,20260803,0,1,-8.0,2.5,0,0,0,0,0,0,0,0.022222222222222223,45,2.3455200095971427,2.7514927089214325,2.858327701687813,0,90
candidate,20260803,1,1,32.0,1.0,1,0,0,0,0,0,0,0.0,66,2.4369182629567203,3.2695247791707516,3.590419888496399,0,132
candidate,20260803,2,1,34.0,1.0,1,0,0,0,0,0,0,0.022222222222222223,45,2.317132552464803,2.9428824782371517,3.130897879600525,0,90
candidate,20260803,3,1,36.0,1.0,1,0,0,0,0,0,0,0.04225352112676056,71,2.2526769046212585,2.651231363415718,2.91566364467144,0,142
candidate,20260804,0,1,57.0,1.0,1,1,0,0,0,0,0,0.0196078431372549,51,2.335069774120462,2.792932093143463,2.8673410415649414,0,101
candidate,20260804,1,1,-19.0,3.0,0,0,0,0,0,0,0,0.058823529411764705,51,2.2882888203158096,2.8075948357582092,2.840448170900345,0,103
candidate,20260804,2,1,-21.0,3.0,0,0,0,0,0,0,0,0.05084745762711865,59,2.240869295546564,2.6178918778896327,2.8341375291347504,0,119
candidate,20260804,3,1,-8.0,2.5,0,0,0,0,0,0,0,0.0,34,2.3846069131703937,3.2209410332143302,3.440592437982559,0,68
candidate,20260805,0,2,-8.0,2.5,0,0,0,0,0,0,0,0.018867924528301886,53,2.361998243151971,2.816178649663925,2.831948921084404,0,106
candidate,20260805,1,2,35.0,1.0,1,0,0,0,0,0,0,0.03773584905660377,53,2.3233809701676638,2.893776074051857,2.922356128692627,0,106
candidate,20260805,2,2,-8.0,2.5,0,0,0,0,0,0,0,0.0,54,2.8645694600763143,4.620234295725822,5.2567776292562485,0,108
candidate,20260805,3,2,-8.0,2.5,0,0,0,0,0,0,0,0.0,53,2.4099970974449842,3.2371893525123596,3.458349034190178,0,106
candidate,20260806,0,0,-17.0,3.0,0,0,0,0,0,0,0,0.014925373134328358,67,2.473401989954621,2.9276560992002487,6.1984434723854065,0,135
candidate,20260806,1,0,60.0,1.0,1,1,0,0,0,0,0,0.0,66,2.431770335092689,3.542302642017603,4.673751071095467,0,131
candidate,20260806,2,0,-8.0,2.5,0,0,0,0,0,0,0,0.0,60,2.383409347385168,3.2305379398167133,3.674987703561783,0,120
candidate,20260806,3,0,45.0,1.0,1,0,0,0,0,0,0,0.014492753623188406,69,2.4011083271192466,3.358237817883491,4.689628258347511,0,138
candidate,20260807,0,1,-16.0,4.0,0,0,1,8,0,0,0,0.0,64,2.351314324187115,2.9096677899360657,3.019675612449646,0,128
candidate,20260807,1,1,0.0,2.5,0,0,0,0,0,1,1,0.023255813953488372,86,2.2851756102470464,2.7218377217650414,3.8312878459692,0,172
candidate,20260807,2,1,36.0,1.0,1,0,0,0,0,0,0,0.020833333333333332,48,2.272662396232287,2.9017381370067596,2.9705874621868134,0,96
candidate,20260807,3,1,-17.0,4.0,0,0,1,9,0,0,0,0.038461538461538464,52,2.242850784498912,2.816853020340204,2.9316022992134094,0,104
candidate,20260808,0,3,-18.0,3.0,0,0,0,0,0,0,0,0.0,38,2.4127517091600517,3.119464311748743,3.406379371881485,0,77
candidate,20260808,1,3,-18.0,3.0,0,0,0,0,0,0,0,0.0,38,2.4563782897434736,3.4011628478765488,3.674078732728958,0,77
candidate,20260808,2,3,-24.0,4.0,0,0,1,16,0,0,0,0.022727272727272728,44,2.3010478100993415,2.9076325707137585,2.991417422890663,0,87
candidate,20260808,3,3,-18.0,3.0,0,0,0,0,0,0,0,0.0,38,2.266659254306241,2.867874037474394,2.8802771121263504,0,77
candidate,20260809,0,0,-8.0,2.5,0,0,0,0,0,0,0,0.0,27,2.353610746838428,2.965337224304676,3.0235648155212402,0,54
candidate,20260809,1,0,33.0,1.0,1,0,0,0,0,0,0,0.07407407407407407,27,2.2808853536844254,2.9171109199523926,2.93167307972908,0,54
candidate,20260809,2,0,-17.0,4.0,0,0,1,9,0,0,0,0.07407407407407407,27,2.2543237579089626,2.7682486921548843,2.7850009500980377,0,54
candidate,20260809,3,0,-8.0,2.5,0,0,0,0,0,0,0,0.037037037037037035,27,2.2429038804990276,2.743169106543064,2.821892499923706,0,54
candidate,20260810,0,0,60.0,1.0,1,1,0,0,0,0,0,0.05405405405405406,37,2.2828435978373967,2.873049303889274,3.0344128608703613,0,73
candidate,20260810,1,0,-20.0,3.0,0,0,0,0,0,0,0,0.0,36,2.285404855178462,2.7820835821330547,2.7870945632457733,0,73
candidate,20260810,2,0,-20.0,3.0,0,0,0,0,0,0,0,0.0,36,2.2692683463295302,2.809254452586174,2.8336085379123688,0,73
candidate,20260810,3,0,-20.0,3.0,0,0,0,0,0,0,0,0.027777777777777776,36,2.271392951822943,2.8713010251522064,2.91246734559536,0,73
candidate,20260811,0,2,57.0,1.0,1,1,0,0,0,0,0,0.05263157894736842,38,2.258175935008024,2.5722418911755085,2.876861020922661,0,75
candidate,20260811,1,2,-19.0,3.0,0,0,0,0,0,0,0,0.0,37,2.3475284310611517,3.0640009790658946,3.1727030873298645,0,75
candidate,20260811,2,2,-19.0,3.0,0,0,0,0,0,0,0,0.0,37,2.348894303714907,2.998106926679611,3.855304792523384,0,75
candidate,20260811,3,2,-19.0,3.0,0,0,0,0,0,0,0,0.0,37,2.3122859766354433,3.0311331152915955,3.286793828010559,0,75
candidate,20260812,0,2,-8.0,2.5,0,0,0,0,0,0,0,0.02564102564102564,78,2.310749668723498,2.796338126063347,2.8873123228549957,0,156
candidate,20260812,1,2,-8.0,2.5,0,0,0,0,0,0,0,0.057692307692307696,52,2.300560868416841,2.6364432647824287,5.143918097019196,0,104
candidate,20260812,2,2,-8.0,2.5,0,0,0,0,0,0,0,0.01639344262295082,61,2.2569834941723306,2.8067175298929214,2.855917438864708,0,122
candidate,20260812,3,2,33.0,1.0,1,0,0,0,0,0,0,0.0392156862745098,51,2.3814940861627165,3.4526102244853973,4.053749144077301,0,102
candidate,20260813,0,2,-16.0,3.0,0,0,0,0,0,0,0,0.037037037037037035,27,2.360364905110112,2.8736602514982224,2.937421202659607,0,55
candidate,20260813,1,2,48.0,1.0,1,1,0,0,0,0,0,0.0,28,2.3858102171548774,3.318466804921627,3.619108349084854,0,55
candidate,20260813,2,2,-16.0,3.0,0,0,0,0,0,0,0,0.0,27,2.2483843344229237,2.8370412066578865,2.83992663025856,0,55
candidate,20260813,3,2,-16.0,3.0,0,0,0,0,0,0,0,0.0,27,2.2604803520220296,2.867416664958,3.019288182258606,0,55
candidate,20260814,0,2,-31.0,4.0,0,0,1,23,0,0,0,0.0,80,2.400019927881658,3.1640036031603813,3.2266005873680115,0,160
candidate,20260814,1,2,0.0,2.5,0,0,0,0,0,1,1,0.0,83,2.482768260391362,3.663136623799801,4.199232906103134,0,166
candidate,20260814,2,2,0.0,2.5,0,0,0,0,0,1,1,0.012048192771084338,83,2.3270042231643058,2.872944250702858,6.337149068713188,0,166
candidate,20260814,3,2,0.0,2.5,0,0,0,0,0,1,1,0.03529411764705882,85,2.237323299050331,2.587800472974777,3.3484473824501038,0,170
candidate,20260815,0,0,-18.0,3.0,0,0,0,0,0,0,0,0.0,30,2.507807190219561,3.6454223096370653,5.809055641293526,0,61
candidate,20260815,1,0,33.0,1.0,1,0,0,0,0,0,0,0.02702702702702703,74,2.2912237138764278,2.6571582071483135,6.51237927377224,0,148
candidate,20260815,2,0,54.0,1.0,1,1,0,0,0,0,0,0.06451612903225806,31,2.242359543038953,2.8060097247362137,2.9179956763982773,0,61
candidate,20260815,3,0,-18.0,3.0,0,0,0,0,0,0,0,0.0,30,2.3040064300100007,2.9320064932107925,3.170343115925789,0,61
candidate,20260816,0,2,-18.0,3.0,0,0,0,0,0,0,0,0.05405405405405406,37,2.285142152293308,2.5662094354629517,3.1918641179800034,0,75
candidate,20260816,1,2,-17.0,3.0,0,0,0,0,0,0,0,0.0,58,2.4287823009593734,3.141954075545072,4.764089360833168,0,117
candidate,20260816,2,2,54.0,1.0,1,1,0,0,0,0,0,0.01694915254237288,59,2.269700358984834,2.856249548494816,3.106962889432907,0,117
candidate,20260816,3,2,-17.0,3.0,0,0,0,0,0,0,0,0.034482758620689655,58,2.321205679969541,2.775815222412348,6.757613271474838,0,117
candidate,20260817,0,0,33.0,1.0,1,0,0,0,0,0,0,0.058823529411764705,34,2.475407193688785,3.0530668795108795,7.300522178411484,0,68
candidate,20260817,1,0,-8.0,2.5,0,0,0,0,0,0,0,0.0,34,2.482098198550589,3.0084488913416862,6.245823577046394,0,68
candidate,20260817,2,0,-8.0,2.5,0,0,0,0,0,0,0,0.0,36,2.3563807933694787,2.89958156645298,4.833078011870384,0,72
candidate,20260817,3,0,-17.0,4.0,0,0,1,9,0,0,0,0.0,34,2.3105924620347866,3.1119588762521744,3.1904466450214386,0,68
candidate,20260818,0,3,-33.0,3.0,0,0,0,0,0,0,0,0.0,36,2.5420512797103987,3.627810161560774,3.697007894515991,0,73
candidate,20260818,1,3,99.0,1.0,1,1,0,0,0,0,0,0.0,37,2.2934046448082537,2.793221175670624,2.831481397151947,0,73
candidate,20260818,2,3,-33.0,3.0,0,0,0,0,0,0,0,0.027777777777777776,36,2.2594241632355585,2.7843439020216465,3.5345908254384995,0,73
candidate,20260818,3,3,-33.0,3.0,0,0,0,0,0,0,0,0.027777777777777776,36,2.280248122082816,2.955604810267687,2.985132858157158,0,73
candidate,20260819,0,3,-8.0,2.5,0,0,0,0,0,0,0,0.028169014084507043,71,2.325579524040222,2.8156274929642677,4.296354949474335,0,142
candidate,20260819,1,3,34.0,1.0,1,0,0,0,0,0,0,0.0273972602739726,73,2.3273251287332952,2.8623379766941066,3.8960985839366913,0,146
candidate,20260819,2,3,-20.0,4.0,0,0,1,12,0,0,0,0.0,71,2.270154733683022,2.900577150285244,3.352964296936989,0,142
candidate,20260819,3,3,-20.0,4.0,0,0,1,12,0,0,0,0.0,68,2.349086105823517,3.1294118613004684,3.766728565096855,0,136
candidate,20260820,0,3,-19.0,3.0,0,0,0,0,0,0,0,0.018518518518518517,54,2.399835459612034,3.2323282212018953,3.918163478374481,0,110
candidate,20260820,1,3,-8.0,2.5,0,0,0,0,0,0,0,0.04,25,2.2550366818904877,2.704327180981636,2.7389097958803177,0,50
candidate,20260820,2,3,-18.0,4.0,0,0,1,10,0,0,0,0.0,36,2.315536244875855,3.004829864948988,3.012644127011299,0,72
candidate,20260820,3,3,-8.0,2.5,0,0,0,0,0,0,0,0.05660377358490566,53,2.2235926029817112,2.646438032388687,3.0616316944360733,0,105
candidate,20260821,0,0,-19.0,3.0,0,0,0,0,0,0,0,0.0,29,2.467012225553907,2.9259461909532547,5.540220066905022,0,59
candidate,20260821,1,0,57.0,1.0,1,1,0,0,0,0,0,0.06666666666666667,30,2.2353428726394973,2.7986462228000164,2.8841327875852585,0,59
candidate,20260821,2,0,-19.0,3.0,0,0,0,0,0,0,0,0.06896551724137931,29,2.2319965064525604,2.698328346014023,2.8006844222545624,0,59
candidate,20260821,3,0,-19.0,3.0,0,0,0,0,0,0,0,0.034482758620689655,29,2.2566691040992737,2.802005037665367,2.8456728905439377,0,59
candidate,20260822,0,0,42.0,1.0,1,0,0,0,0,0,0,0.0,56,2.4237570552421466,3.10011999681592,4.0658749639987946,0,112
candidate,20260822,1,0,-19.0,4.0,0,0,1,11,0,0,0,0.0,57,2.3781336974679377,2.969977632164955,5.7640112936496735,0,114
candidate,20260822,2,0,-8.0,2.5,0,0,0,0,0,0,0,0.0,56,2.3733551747032573,3.184183966368437,3.3126026391983032,0,112
candidate,20260822,3,0,-21.0,4.0,0,0,1,13,0,0,0,0.03636363636363636,55,2.263446016745134,2.733176201581955,3.2800864428281784,0,110
candidate,20260823,0,1,-8.0,2.5,0,0,0,0,0,0,0,0.0,38,2.453369284538846,3.2580576837062836,4.989953711628914,0,76
candidate,20260823,1,1,-8.0,2.5,0,0,0,0,0,0,0,0.0,43,2.3930267712404563,2.929479628801346,4.844283685088158,0,86
candidate,20260823,2,1,-8.0,2.5,0,0,0,0,0,0,0,0.02631578947368421,38,2.2836091290963325,2.8213893994688988,2.8803274035453796,0,76
candidate,20260823,3,1,44.0,1.0,1,0,0,0,0,0,0,0.02127659574468085,47,2.3100534652141813,3.0733805149793625,3.2695960253477097,0,94
candidate,20260824,0,3,-24.0,3.0,0,0,0,0,0,0,0,0.0,52,2.398962943026653,2.9900508932769294,3.387782722711563,0,105
candidate,20260824,1,3,-24.0,3.0,0,0,0,0,0,0,0,0.0,52,2.3686096000556764,2.8589198365807533,4.808001220226288,0,105
candidate,20260824,2,3,72.0,1.0,1,1,0,0,0,0,0,0.05660377358490566,53,2.229454628420326,2.581394463777542,2.7387551963329315,0,105
candidate,20260824,3,3,-24.0,3.0,0,0,0,0,0,0,0,0.0,52,2.370470704940649,3.081748913973569,3.2909493893384933,0,105
candidate,20260825,0,3,-19.0,3.0,0,0,0,0,0,0,0,0.0,44,2.4897971783172,3.2900642603635792,6.526593118906021,0,89
candidate,20260825,1,3,-23.0,3.0,0,0,0,0,0,0,0,0.022727272727272728,44,2.3225236853415314,2.800513803958893,3.2355748116970062,0,89
candidate,20260825,2,3,0.0,2.5,0,0,0,0,0,1,1,0.012048192771084338,83,2.326130328408207,2.908921241760254,3.0469875782728195,0,166
candidate,20260825,3,3,-27.0,4.0,0,0,1,19,0,0,0,0.0,73,2.4229608578224706,3.3438321202993384,3.891410306096077,0,146
candidate,20260826,0,3,-8.0,2.5,0,0,0,0,0,0,0,0.0,38,2.3940210475733408,3.0317836441099644,3.2018646597862244,0,76
candidate,20260826,1,3,-32.0,4.0,0,0,1,24,0,0,0,0.047619047619047616,42,2.2916167619682493,2.8322411701083183,2.894558012485504,0,84
candidate,20260826,2,3,-8.0,2.5,0,0,0,0,0,0,0,0.0,38,2.436943058120577,3.285534679889678,4.411622881889343,0,76
candidate,20260826,3,3,-30.0,4.0,0,0,1,22,0,0,0,0.0,36,2.303706378572517,2.9155053198337555,2.9643774032592773,0,72
candidate,20260827,0,2,-21.0,3.0,0,0,0,0,0,0,0,0.0,43,2.4180175779863844,3.0013633891940117,3.262164071202278,0,87
candidate,20260827,1,2,60.0,1.0,1,1,0,0,0,0,0,0.022727272727272728,44,2.316980241713199,2.802302408963442,3.0469950288534164,0,87
candidate,20260827,2,2,48.0,1.0,1,1,0,0,0,0,0,0.0,25,2.30220727622509,2.9991697520017624,3.0059609562158585,0,49
candidate,20260827,3,2,-21.0,3.0,0,0,0,0,0,0,0,0.023255813953488372,43,2.5037775725819342,3.709951788187026,3.8555264472961426,0,87
candidate,20260828,0,1,-8.0,2.5,0,0,0,0,0,0,0,0.029850746268656716,67,2.4260003675720583,3.036375343799591,4.796085879206657,0,134
candidate,20260828,1,1,35.0,1.0,1,0,0,0,0,0,0,0.05555555555555555,72,2.247400012695127,2.55874264985323,4.254316911101341,0,144
candidate,20260828,2,1,-8.0,2.5,0,0,0,0,0,0,0,0.0,71,2.490741948426609,3.4432420507073402,4.337942227721214,0,142
candidate,20260828,3,1,-23.0,4.0,0,0,1,15,0,0,0,0.028169014084507043,71,2.3293844883290813,2.726614475250244,5.841027945280075,0,142
candidate,20260829,0,1,-8.0,2.5,0,0,0,0,0,0,0,0.0625,32,2.3676598793826997,2.80483216047287,4.0620602667331696,0,64
candidate,20260829,1,1,-8.0,2.5,0,0,0,0,0,0,0,0.06060606060606061,33,2.219786698167974,2.5968126952648163,2.699306234717369,0,66
candidate,20260829,2,1,44.0,1.0,1,0,0,0,0,0,0,0.03125,32,2.307248010765761,2.8228252194821835,3.3905282616615295,0,64
candidate,20260829,3,1,-28.0,4.0,0,0,1,20,0,0,0,0.03125,32,2.2692743805237114,2.8383007273077965,2.8570033609867096,0,64
candidate,20260830,0,2,-21.0,4.0,0,0,1,13,0,0,0,0.0,64,2.359702659305185,2.8680404648184776,2.88538821041584,0,128
candidate,20260830,1,2,35.0,1.0,1,0,0,0,0,0,0,0.0,68,2.6632490677430347,4.141561314463615,5.447352305054665,0,136
candidate,20260830,2,2,-23.0,3.0,0,0,0,0,0,0,0,0.013333333333333334,75,2.375460962454478,3.1941289082169533,3.313198685646057,0,150
candidate,20260830,3,2,-8.0,2.5,0,0,0,0,0,0,0,0.027777777777777776,72,2.263650530949235,2.8268451802432537,2.8519295156002045,0,144
candidate,20260831,0,3,63.0,1.0,1,1,0,0,0,0,0,0.08,25,2.315535917878151,2.7664590626955032,2.8254780918359756,0,49
candidate,20260831,1,3,-21.0,3.0,0,0,0,0,0,0,0,0.041666666666666664,24,2.47987755574286,2.897482831031084,6.4613185822963715,0,49
candidate,20260831,2,3,-21.0,3.0,0,0,0,0,0,0,0,0.041666666666666664,24,2.4209064431488514,2.9843964613974094,5.07221557199955,0,49
candidate,20260831,3,3,-21.0,3.0,0,0,0,0,0,0,0,0.0,24,2.3028507518271604,3.056341782212257,3.186214715242386,0,49
candidate,20260832,0,1,-8.0,2.5,0,0,0,0,0,0,0,0.024390243902439025,41,2.4159439816707518,3.0608270317316055,3.1726472079753876,0,83
candidate,20260832,1,1,-26.0,4.0,0,0,1,18,0,0,0,0.0392156862745098,51,2.311365605861533,2.8294632211327553,2.9517803341150284,0,101
candidate,20260832,2,1,-19.0,3.0,0,0,0,0,0,0,0,0.02,50,2.328936606645584,2.9387774877250195,4.065340384840965,0,102
candidate,20260832,3,1,33.0,1.0,1,0,0,0,0,0,0,0.0,41,2.398822411167912,3.1586773693561554,5.623731762170792,0,83
candidate,20260833,0,0,-8.0,2.5,0,0,0,0,0,0,0,0.0425531914893617,47,2.3183339533019574,2.8149759396910663,2.910185605287552,0,94
candidate,20260833,1,0,-19.0,4.0,0,0,1,11,0,0,0,0.011904761904761904,84,2.334455981673229,2.8812951408326626,4.644136875867844,0,168
candidate,20260833,2,0,-8.0,2.5,0,0,0,0,0,0,0,0.0851063829787234,47,2.241837851544644,2.5824420154094696,2.8125233948230743,0,94
candidate,20260833,3,0,32.0,1.0,1,0,0,0,0,0,0,0.06382978723404255,47,2.186519866611095,2.523046731948852,2.604912966489792,0,94
candidate,20260834,0,2,-8.0,2.5,0,0,0,0,0,0,0,0.0,46,2.3705479891403862,2.8200196102261543,4.6164002269506454,0,92
candidate,20260834,1,2,32.0,1.0,1,0,0,0,0,0,0,0.09375,32,2.197260095272213,2.5095985271036625,2.535361796617508,0,64
candidate,20260834,2,2,-16.0,4.0,0,0,1,8,0,0,0,0.08333333333333333,24,2.372974452252189,3.135216049849986,3.2658521085977554,0,48
candidate,20260834,3,2,-8.0,2.5,0,0,0,0,0,0,0,0.0392156862745098,51,2.31087857893869,2.782757394015789,5.55640272796154,0,102
candidate,20260835,0,2,-16.0,4.0,0,0,1,8,0,0,0,0.0,57,2.443257033040649,3.3199794590473175,3.406621515750885,0,114
candidate,20260835,1,2,-18.0,3.0,0,0,0,0,0,0,0,0.02631578947368421,76,2.3282704580771294,3.028464037925005,4.074517637491226,0,153
candidate,20260835,2,2,-27.0,4.0,0,0,1,19,0,0,0,0.0,47,2.4527604988914855,3.3020583912730217,3.764258697628975,0,94
candidate,20260835,3,2,-20.0,4.0,0,0,1,12,0,0,0,0.011904761904761904,84,2.4150535020799864,3.1579738482832904,5.525641143321991,0,168
candidate,20260836,0,3,-16.0,4.0,0,0,1,8,0,0,0,0.041666666666666664,48,2.3099608176077404,2.675346750766039,2.8036199510097504,0,96
candidate,20260836,1,3,32.0,1.0,1,0,0,0,0,0,0,0.01639344262295082,61,2.3937092513823117,2.9533635824918747,5.954446271061897,0,122
candidate,20260836,2,3,-8.0,2.5,0,0,0,0,0,0,0,0.03278688524590164,61,2.283232103361458,2.6911478489637375,3.9747636765241623,0,122
candidate,20260836,3,3,-17.0,3.0,0,0,0,0,0,0,0,0.03333333333333333,60,2.3072148052354655,2.876193728297949,3.197932615876198,0,121
candidate,20260837,0,1,-22.0,3.0,0,0,0,0,0,0,0,0.0,46,2.3364443736879723,2.8053857386112213,2.817213535308838,0,93
candidate,20260837,1,1,-22.0,3.0,0,0,0,0,0,0,0,0.0,46,2.3710064023085264,2.900365274399519,4.864165559411049,0,93
candidate,20260837,2,1,48.0,1.0,1,1,0,0,0,0,0,0.0,39,2.367722443663157,3.1656039878726006,3.267582505941391,0,77
candidate,20260837,3,1,-22.0,3.0,0,0,0,0,0,0,0,0.0,44,2.2543537938459353,2.785793598741293,2.807287499308586,0,89
candidate,20260838,0,1,-17.0,3.0,0,0,0,0,0,0,0,0.0967741935483871,31,2.283747277913555,2.593766897916794,2.906395122408867,0,63
candidate,20260838,1,1,-17.0,3.0,0,0,0,0,0,0,0,0.0,32,2.363205887377262,3.029109165072441,3.0533261597156525,0,65
candidate,20260838,2,1,51.0,1.0,1,1,0,0,0,0,0,0.0625,32,2.2626477875746787,2.810237370431423,3.0026286840438843,0,63
candidate,20260838,3,1,-8.0,2.5,0,0,0,0,0,0,0,0.0,34,2.2790817105594803,2.997126616537571,3.0621811747550964,0,68
candidate,20260839,0,2,-16.0,4.0,0,0,1,8,0,0,0,0.0,45,2.388249130712615,2.912449836730957,3.4755393862724304,0,90
candidate,20260839,1,2,-8.0,2.5,0,0,0,0,0,0,0,0.0,45,2.3757684148020215,3.0067089945077896,4.185503348708153,0,90
candidate,20260839,2,2,32.0,1.0,1,0,0,0,0,0,0,0.022222222222222223,45,2.6585703094800315,3.628949820995331,3.705684095621109,0,90
candidate,20260839,3,2,-8.0,2.5,0,0,0,0,0,0,0,0.044444444444444446,45,2.305177806152238,2.7517199516296382,5.075020715594292,0,90
candidate,20260840,0,2,-28.0,3.0,0,0,0,0,0,0,0,0.046511627906976744,43,2.4745700837567797,2.9793763533234596,5.487944930791855,0,87
candidate,20260840,1,2,-27.0,3.0,0,0,0,0,0,0,0,0.0,42,2.3384074724855877,3.0144355259835716,3.119930624961853,0,85
candidate,20260840,2,2,43.0,1.0,1,0,0,0,0,0,0,0.023255813953488372,43,2.38414671878482,3.06794811040163,6.020344793796539,0,86
candidate,20260840,3,2,-28.0,3.0,0,0,0,0,0,0,0,0.046511627906976744,43,2.2588694944631222,2.8283677995204926,2.8504282236099243,0,87
candidate,20260841,0,0,-8.0,2.5,0,0,0,0,0,0,0,0.0,43,2.5252499292756236,3.203333169221878,5.656398832798004,0,86
candidate,20260841,1,0,-8.0,2.5,0,0,0,0,0,0,0,0.025,40,2.2871600929647684,2.759354654699564,2.9939040541648865,0,80
candidate,20260841,2,0,-8.0,2.5,0,0,0,0,0,0,0,0.0,40,2.353765582665801,3.329707682132721,3.394950181245804,0,80
candidate,20260841,3,0,33.0,1.0,1,0,0,0,0,0,0,0.05,40,2.288584318011999,2.684928849339482,3.999020904302597,0,80
candidate,20260842,0,0,-20.0,4.0,0,0,1,12,0,0,0,0.020833333333333332,48,2.3594399293263755,2.813776209950447,3.392565995454788,0,96
candidate,20260842,1,0,36.0,1.0,1,0,0,0,0,0,0,0.041666666666666664,48,2.287921185294787,2.895041089504957,2.963840961456299,0,96
candidate,20260842,2,0,-8.0,2.5,0,0,0,0,0,0,0,0.020833333333333332,48,2.3611802219723663,3.096040152013302,3.313165158033371,0,96
candidate,20260842,3,0,-8.0,2.5,0,0,0,0,0,0,0,0.020833333333333332,48,2.325568813830614,2.97880508005619,3.1770840287208557,0,96
candidate,20260843,0,1,-17.0,4.0,0,0,1,9,0,0,0,0.0,41,2.4582909465563008,3.0590686947107315,3.395611420273781,0,82
candidate,20260843,1,1,-30.0,4.0,0,0,0,0,0,0,0,0.03225806451612903,62,2.302481492440547,2.8060459531843662,3.4180153161287308,1,123
candidate,20260843,2,1,34.0,1.0,1,0,0,0,0,0,0,0.02,50,2.3893602564930916,3.2649452798068523,4.424460232257843,0,100
candidate,20260843,3,1,-8.0,2.5,0,0,0,0,0,0,0,0.0,50,2.387934923171997,3.182611521333456,3.517869859933853,0,100
candidate,20260844,0,2,-16.0,4.0,0,0,1,8,0,0,0,0.0,48,2.4520678368086615,3.03262397646904,3.4338999539613724,0,96
candidate,20260844,1,2,-8.0,2.5,0,0,0,0,0,0,0,0.02040816326530612,49,2.374639240454654,2.894831821322441,4.67897392809391,0,98
candidate,20260844,2,2,-19.0,4.0,0,0,1,11,0,0,0,0.08,50,2.312231920659542,2.8248896822333336,2.869626507163048,0,100
candidate,20260844,3,2,-8.0,2.5,0,0,0,0,0,0,0,0.02,50,2.3385441303253174,2.954403590410948,3.0779335647821426,0,100
candidate,20260845,0,3,-8.0,2.5,0,0,0,0,0,0,0,0.05555555555555555,36,2.3884199973609714,2.8506116941571236,3.3740270882844925,0,72
candidate,20260845,1,3,87.0,1.0,1,1,0,0,0,0,0,0.05128205128205128,39,2.331165549082634,2.927625924348831,3.053499385714531,0,77
candidate,20260845,2,3,-29.0,3.0,0,0,0,0,0,0,0,0.05263157894736842,38,2.3803257530457094,3.3362874761223793,3.4018270671367645,0,77
candidate,20260845,3,3,-8.0,2.5,0,0,0,0,0,0,0,0.05555555555555555,36,2.263661577469773,2.7159545570611954,3.0971188098192215,0,72
candidate,20260846,0,2,-8.0,2.5,0,0,0,0,0,0,0,0.0,46,2.43236412010763,3.198634833097458,3.3026691526174545,0,92
candidate,20260846,1,2,-8.0,2.5,0,0,0,0,0,0,0,0.018518518518518517,54,2.371094534518542,3.0763925053179264,3.3829212188720703,0,108
candidate,20260846,2,2,-25.0,3.0,0,0,0,0,0,0,0,0.023809523809523808,84,2.3588137701153755,3.157867584377527,3.6047622561454773,0,169
candidate,20260846,3,2,-8.0,2.5,0,0,0,0,0,0,0,0.024390243902439025,82,2.3119382832835362,2.8908447362482548,3.256574273109436,0,164
candidate,20260847,0,2,-17.0,3.0,0,0,0,0,0,0,0,0.043478260869565216,46,2.389760202039843,2.966215368360281,3.3913087099790573,0,93
candidate,20260847,1,2,-17.0,3.0,0,0,0,0,0,0,0,0.021739130434782608,46,2.397935877999534,3.0108881182968616,3.6366917192935944,0,93
candidate,20260847,2,2,-34.0,4.0,0,0,1,26,0,0,0,0.01818181818181818,55,2.3183707147836685,2.8393756598234177,3.1757764518260956,0,110
candidate,20260847,3,2,-16.0,4.0,0,0,1,8,0,0,0,0.0,36,2.4052957693735757,3.0334037728607655,3.2909102737903595,0,72
candidate,20260848,0,0,-8.0,2.5,0,0,0,0,0,0,0,0.0425531914893617,47,2.376401479891006,2.965239621698856,3.1353048980236053,0,94
candidate,20260848,1,0,43.0,1.0,1,0,0,0,0,0,0,0.02127659574468085,47,2.3443471798871425,3.017241880297659,3.3328142017126083,0,94
candidate,20260848,2,0,42.0,1.0,1,0,0,0,0,0,0,0.022222222222222223,45,2.316362907489141,2.8738193213939667,3.128061071038246,0,90
candidate,20260848,3,0,-8.0,2.5,0,0,0,0,0,0,0,0.0,47,2.3112575265955417,2.86635160446167,3.303432837128639,0,94
candidate,20260849,0,3,32.0,1.0,1,0,0,0,0,0,0,0.03389830508474576,59,2.3376919897431034,2.908331714570522,3.4279711544513702,0,118
candidate,20260849,1,3,-8.0,2.5,0,0,0,0,0,0,0,0.03389830508474576,59,2.363646971219677,3.025742433965206,3.3621732145547867,0,118
candidate,20260849,2,3,0.0,2.5,0,0,0,0,0,1,1,0.045454545454545456,88,2.2734356197443875,2.7172372676432133,3.1326115131378174,0,176
candidate,20260849,3,3,-8.0,2.5,0,0,0,0,0,0,0,0.034482758620689655,58,2.339130363844592,2.9518219642341132,3.5599060356616974,0,116
candidate,20260850,0,0,-18.0,3.0,0,0,0,0,0,0,0,0.018518518518518517,54,2.359298264814748,2.799843158572912,3.014717251062393,0,109
candidate,20260850,1,0,-17.0,4.0,0,0,1,9,0,0,0,0.012658227848101266,79,2.5154202469164813,3.781898505985737,4.068836569786072,0,158
candidate,20260850,2,0,-8.0,2.5,0,0,0,0,0,0,0,0.0851063829787234,47,2.2659482474022723,2.7350684627890582,3.1286608427762985,0,94
candidate,20260850,3,0,0.0,2.5,0,0,0,0,0,1,1,0.036585365853658534,82,2.3002081618803305,2.721554320305586,3.8184113800525665,0,164
candidate,20260851,0,1,37.0,1.0,1,0,0,0,0,0,0,0.1111111111111111,27,2.3113348417811923,2.777116373181343,2.8678905218839645,0,54
candidate,20260851,1,1,-8.0,2.5,0,0,0,0,0,0,0,0.037037037037037035,27,2.340485997222088,2.881869301199913,2.9193032532930374,0,54
candidate,20260851,2,1,-22.0,3.0,0,0,0,0,0,0,0,0.0,33,2.5760441115408232,3.581801429390906,4.230055958032608,0,67
candidate,20260851,3,1,-8.0,2.5,0,0,0,0,0,0,0,0.037037037037037035,27,2.51416041067353,3.4517880529165264,4.029804840683937,0,54
candidate,20260852,0,3,-8.0,2.5,0,0,0,0,0,0,0,0.0,36,2.4793982609278626,3.5648345947265625,3.644408658146858,0,72
candidate,20260852,1,3,-8.0,2.5,0,0,0,0,0,0,0,0.0,36,2.420580480247736,3.058176953345537,5.096731707453728,0,72
candidate,20260852,2,3,36.0,1.0,1,0,0,0,0,0,0,0.0,36,2.2926885220739575,2.8091687709093094,3.5255998373031616,0,72
candidate,20260852,3,3,-20.0,4.0,0,0,1,12,0,0,0,0.05555555555555555,36,2.3050015378329487,2.7876454405486584,5.264680832624435,0,72
candidate,20260853,0,2,-8.0,2.5,0,0,0,0,0,0,0,0.04918032786885246,61,2.320134554241524,2.83023901283741,3.637615591287613,0,122
candidate,20260853,1,2,-8.0,2.5,0,0,0,0,0,0,0,0.0,32,2.4493957753293216,3.49153708666563,4.198681563138962,0,64
candidate,20260853,2,2,-17.0,4.0,0,0,1,9,0,0,0,0.0,61,2.456381703253652,3.056151792407036,4.914930090308189,0,122
candidate,20260853,3,2,-27.0,4.0,0,0,1,19,0,0,0,0.03278688524590164,61,2.2505084816061083,2.704428508877754,2.865232527256012,0,122
candidate,20260854,0,1,-8.0,2.5,0,0,0,0,0,0,0,0.0,30,2.3767350862423577,2.9592874459922314,2.9791314154863358,0,60
candidate,20260854,1,1,-20.0,4.0,0,0,1,12,0,0,0,0.03333333333333333,30,2.309387798110644,2.817346528172493,3.0138306319713593,0,60
candidate,20260854,2,1,48.0,1.0,1,0,0,0,0,0,0,0.0,38,2.2602445494971777,2.7676098980009556,2.772117033600807,0,76
candidate,20260854,3,1,-19.0,3.0,0,0,0,0,0,0,0,0.034482758620689655,29,2.2892526126113433,2.83815935254097,3.0063483864068985,0,59
candidate,20260855,0,1,60.0,1.0,1,1,0,0,0,0,0,0.0,70,2.536200944866453,3.537075780332088,4.266522824764252,0,139
candidate,20260855,1,1,-8.0,2.5,0,0,0,0,0,0,0,0.038461538461538464,52,2.243209594430832,2.6002734899520874,2.725547179579735,0,104
candidate,20260855,2,1,-17.0,3.0,0,0,0,0,0,0,0,0.014084507042253521,71,2.2832934128146776,2.851942554116249,2.9134713113307953,0,143
candidate,20260855,3,1,-18.0,4.0,0,0,1,10,0,0,0,0.045454545454545456,44,2.303879242390394,2.663230989128351,4.5193154364824295,0,88
candidate,20260856,0,1,33.0,1.0,1,0,0,0,0,0,0,0.0,62,2.5144567592970786,3.6271468736231323,4.301631823182106,0,124
candidate,20260856,1,1,-8.0,2.5,0,0,0,0,0,0,0,0.03225806451612903,62,2.328169922674856,2.8113744221627712,3.1267721205949783,0,124
candidate,20260856,2,1,-17.0,4.0,0,0,1,9,0,0,0,0.05,60,2.3583727267881236,3.136174101382494,3.447137773036957,0,120
candidate,20260856,3,1,-8.0,2.5,0,0,0,0,0,0,0,0.03225806451612903,62,2.2744191209635427,2.6643414981663227,2.7946531772613525,0,124
candidate,20260857,0,0,-32.0,4.0,0,0,1,24,0,0,0,0.029411764705882353,34,2.405625987140571,2.9935400933027263,3.149738535284996,0,68
candidate,20260857,1,0,-8.0,2.5,0,0,0,0,0,0,0,0.0,34,2.3641973076497806,3.0455286614596844,3.2857507467269897,0,68
candidate,20260857,2,0,-8.0,2.5,0,0,0,0,0,0,0,0.09090909090909091,33,2.295232236836896,2.8197038918733597,2.852940931916237,0,66
candidate,20260857,3,0,-18.0,4.0,0,0,1,10,0,0,0,0.0,39,2.346877151956925,2.841556631028652,3.226017579436302,0,78
candidate,20260858,0,2,-20.0,3.0,0,0,0,0,0,0,0,0.03773584905660377,53,2.347154718525005,2.67508327960968,2.841273322701454,0,108
candidate,20260858,1,2,-20.0,3.0,0,0,0,0,0,0,0,0.03773584905660377,53,2.3161699327657805,2.756742388010025,2.987086772918701,0,108
candidate,20260858,2,2,-20.0,3.0,0,0,0,0,0,0,0,0.03773584905660377,53,2.2991718900091245,2.8202883899211884,2.8568245470523834,0,108
candidate,20260858,3,2,60.0,1.0,1,1,0,0,0,0,0,0.01818181818181818,55,2.3979056626558304,3.1700707972049713,3.445090726017952,0,108
candidate,20260859,0,1,-8.0,2.5,0,0,0,0,0,0,0,0.0,36,2.3641918475429216,2.7804356068372726,3.234798088669777,0,72
candidate,20260859,1,1,33.0,1.0,1,0,0,0,0,0,0,0.027777777777777776,36,2.29836648537053,2.726149745285511,3.2817088067531586,0,72
candidate,20260859,2,1,-8.0,2.5,0,0,0,0,0,0,0,0.05555555555555555,36,2.358808130439785,3.183134365826845,3.214055672287941,0,72
candidate,20260859,3,1,-8.0,2.5,0,0,0,0,0,0,0,0.0,35,2.3017243083034242,2.8745710849761954,3.2443907111883163,0,70
candidate,20260860,0,0,-22.0,3.0,0,0,0,0,0,0,0,0.01818181818181818,55,2.360636063597419,2.8003977611660957,2.921218052506447,0,111
candidate,20260860,1,0,66.0,1.0,1,1,0,0,0,0,0,0.03571428571428571,56,2.302944427356124,2.6763356290757656,2.943713217973709,0,111
candidate,20260860,2,0,-22.0,3.0,0,0,0,0,0,0,0,0.03389830508474576,59,2.265102435219086,2.6303954422473907,2.655118703842163,0,119
candidate,20260860,3,0,-22.0,3.0,0,0,0,0,0,0,0,0.0,55,2.512111921202053,3.6755844950675964,5.11457584798336,0,111
candidate,20260861,0,3,49.0,1.0,1,0,0,0,0,0,0,0.0,8,2.3686110507696867,2.8719959780573845,2.890506759285927,0,16
candidate,20260861,1,3,-8.0,2.5,0,0,0,0,0,0,0,0.0,8,2.2933981381356716,2.751212567090988,2.761421725153923,0,16
candidate,20260861,2,3,-8.0,2.5,0,0,0,0,0,0,0,0.0,8,2.3339625913649797,2.768021635711193,2.7685314416885376,0,16
candidate,20260861,3,3,-33.0,4.0,0,0,1,25,0,0,0,0.0,8,2.277686493471265,2.791909221559763,2.805253490805626,0,16
candidate,20260862,0,0,216.0,1.0,1,1,0,0,0,0,0,0.0392156862745098,51,2.4032224992326663,2.8805015608668327,5.0161294639110565,0,101
candidate,20260862,1,0,-35.0,4.0,0,0,1,27,0,0,0,0.0,36,2.382119858844413,2.968789543956518,4.910485818982124,0,72
candidate,20260862,2,0,-8.0,2.5,0,0,0,0,0,0,0,0.030303030303030304,33,2.4639846700610537,3.010546788573265,6.293598562479019,0,66
candidate,20260862,3,0,-8.0,2.5,0,0,0,0,0,0,0,0.027777777777777776,36,2.304180059581995,2.8053675778210163,3.1471624970436096,0,72
candidate,20260863,0,3,-24.0,3.0,0,0,0,0,0,0,0,0.019230769230769232,52,2.448387658939912,2.9960995540022846,4.98342327773571,0,105
candidate,20260863,1,3,-23.0,4.0,0,0,1,15,0,0,0,0.019230769230769232,52,2.3407964035868645,2.694500889629125,6.039990112185478,0,104
candidate,20260863,2,3,-8.0,2.5,0,0,0,0,0,0,0,0.029850746268656716,67,2.2592433908982064,2.8183259069919586,2.9021427035331726,0,134
candidate,20260863,3,3,72.0,1.0,1,1,0,0,0,0,0,0.05660377358490566,53,2.1893509646069327,2.508614957332611,2.5497395545244217,0,105
candidate,20260864,0,3,-8.0,2.5,0,0,0,0,0,0,0,0.0,27,2.3701622116344945,2.8772588819265366,2.891305834054947,0,54
candidate,20260864,1,3,37.0,1.0,1,0,0,0,0,0,0,0.0,27,2.438445196107582,3.156909719109535,5.0430502742528915,0,54
candidate,20260864,2,3,-23.0,3.0,0,0,0,0,0,0,0,0.0,37,2.278894488070462,2.7983862906694412,2.839924767613411,0,75
candidate,20260864,3,3,-8.0,2.5,0,0,0,0,0,0,0,0.0,27,2.26769072038156,2.8053119778633118,2.8367359191179276,0,54
candidate,20260865,0,0,-8.0,2.5,0,0,0,0,0,0,0,0.03333333333333333,30,2.3450581977764764,2.824020106345415,2.836110070347786,0,60
candidate,20260865,1,0,-22.0,3.0,0,0,0,0,0,0,0,0.03125,32,2.27542343782261,2.7347630821168423,2.8540026396512985,0,65
candidate,20260865,2,0,-23.0,4.0,0,0,1,15,0,0,0,0.03333333333333333,30,2.2524594639738402,2.7314843609929085,2.7831662446260452,0,60
candidate,20260865,3,0,-8.0,2.5,0,0,0,0,0,0,0,0.09375,32,2.2148353164084256,2.665570192039013,2.739161252975464,0,64
candidate,20260866,0,3,-8.0,2.5,0,0,0,0,0,0,0,0.030303030303030304,33,2.351579341021451,2.920796349644661,2.9429737478494644,0,66
candidate,20260866,1,3,39.0,1.0,1,0,0,0,0,0,0,0.05263157894736842,57,2.2101781020561853,2.5313816964626312,2.667434513568878,0,114
candidate,20260866,2,3,-16.0,4.0,0,0,1,8,0,0,0,0.047619047619047616,63,2.2296681408844297,2.721816673874855,2.8105750679969788,0,126
candidate,20260866,3,3,-8.0,2.5,0,0,0,0,0,0,0,0.0425531914893617,47,2.2568755802956035,2.824999950826168,2.917567268013954,0,94
candidate,20260867,0,1,-45.0,4.0,0,0,1,37,1,0,0,0.0392156862745098,51,2.312489693947867,2.6898616924881935,2.888089045882225,0,102
candidate,20260867,1,1,-8.0,2.5,0,0,0,0,0,0,0,0.0196078431372549,51,2.277735109422721,2.7812113985419273,3.301292657852173,0,102
candidate,20260867,2,1,-8.0,2.5,0,0,0,0,0,0,0,0.023809523809523808,42,2.2766791461479094,2.842376194894314,2.901645377278328,0,84
candidate,20260867,3,1,36.0,1.0,1,0,0,0,0,0,0,0.022727272727272728,44,2.2660363888876005,2.7231480926275253,3.0429456382989883,0,88
candidate,20260868,0,2,-8.0,2.5,0,0,0,0,0,0,0,0.0,35,2.3563210453305925,2.9598236083984375,3.1047817319631577,0,70
candidate,20260868,1,2,-20.0,4.0,0,0,1,12,0,0,0,0.05714285714285714,35,2.2581446915864944,2.6217767968773837,2.716992050409317,0,70
candidate,20260868,2,2,36.0,1.0,1,0,0,0,0,0,0,0.0,35,2.3287507040160045,2.943980321288109,3.0060037970542908,0,70
candidate,20260868,3,2,-8.0,2.5,0,0,0,0,0,0,0,0.05714285714285714,35,2.2651767624276027,2.822590060532093,2.866175025701523,0,70
candidate,20260869,0,3,-8.0,2.5,0,0,0,0,0,0,0,0.0,38,2.3236823219217753,2.7571951039135456,2.76893749833107,0,76
candidate,20260869,1,3,-8.0,2.5,0,0,0,0,0,0,0,0.019230769230769232,52,2.283478907954234,2.7459575794637203,2.9332786798477173,0,104
candidate,20260869,2,3,-8.0,2.5,0,0,0,0,0,0,0,0.02857142857142857,70,2.2860397983874594,2.8876186348497868,3.1310804188251495,0,140
candidate,20260869,3,3,0.0,2.5,0,0,0,0,0,1,1,0.011627906976744186,86,2.383224644459957,3.1429631635546684,3.4004077315330505,0,172
candidate,20260870,0,2,-21.0,3.0,0,0,0,0,0,0,0,0.02,50,2.378070130944252,2.841811440885067,3.1210072338581085,0,101
candidate,20260870,1,2,36.0,1.0,1,0,0,0,0,0,0,0.0,60,2.3431216987470784,2.890822757035494,3.317715600132942,0,120
candidate,20260870,2,2,63.0,1.0,1,1,0,0,0,0,0,0.02127659574468085,47,2.3049452996000332,3.0014205724000917,3.3324752002954483,0,93
candidate,20260870,3,2,-16.0,4.0,0,0,1,8,0,0,0,0.0,20,2.358155883848667,3.165797796100378,3.2346583902835846,0,40
candidate,20260871,0,1,33.0,1.0,1,0,0,0,0,0,0,0.024390243902439025,82,2.3656232827683774,2.6525977067649364,4.226395860314369,0,165
candidate,20260871,1,1,0.0,2.5,0,0,0,0,0,1,1,0.023255813953488372,86,2.3187835982372595,2.756216563284397,5.0870198756456375,0,171
candidate,20260871,2,1,0.0,2.5,0,0,0,0,0,1,0,0.011627906976744186,86,2.31264405992142,2.9297340661287308,3.090115264058113,0,174
candidate,20260871,3,1,0.0,2.5,0,0,0,0,0,1,1,0.0,88,2.308968814428557,2.8880292549729347,2.944754436612129,0,177
candidate,20260872,0,3,-8.0,2.5,0,0,0,0,0,0,0,0.06382978723404255,47,2.3660651467582015,2.8854174539446826,4.085797816514969,0,95
candidate,20260872,1,3,33.0,1.0,1,0,0,0,0,0,0,0.08888888888888889,45,2.245709713962343,2.5698982179164886,2.6711151003837585,0,89
candidate,20260872,2,3,0.0,2.5,0,0,0,0,0,1,1,0.023529411764705882,85,2.284377024454229,2.7797624468803406,4.167981445789337,0,170
candidate,20260872,3,3,-27.0,4.0,0,0,1,19,0,0,0,0.0,72,2.440633743794428,3.4098544158041477,3.902716562151909,0,145
candidate,20260873,0,1,-8.0,2.5,0,0,0,0,0,0,0,0.0425531914893617,47,2.3630016106874385,2.8157444670796394,2.874072641134262,0,94
candidate,20260873,1,1,33.0,1.0,1,0,0,0,0,0,0,0.02127659574468085,47,2.2967481153442506,2.721935883164406,3.0635353177785873,0,94
candidate,20260873,2,1,-8.0,2.5,0,0,0,0,0,0,0,0.0196078431372549,51,2.3333314148818745,3.033958375453949,3.0609499663114548,0,102
candidate,20260873,3,1,-17.0,4.0,0,0,1,9,0,0,0,0.0,39,2.3339553616749935,2.97612976282835,3.0155815184116364,0,78
candidate,20260874,0,1,-8.0,2.5,0,0,0,0,0,0,0,0.0,18,2.271978288061089,2.697945199906826,2.721412107348442,0,36
candidate,20260874,1,1,33.0,1.0,1,0,0,0,0,0,0,0.1111111111111111,18,2.271120436489582,2.669724635779857,2.847222611308098,0,36
candidate,20260874,2,1,-8.0,2.5,0,0,0,0,0,0,0,0.0,18,2.330811901224984,2.943582274019718,2.9951930046081543,0,36
candidate,20260874,3,1,-17.0,4.0,0,0,1,9,0,0,0,0.0,18,2.307370718982485,2.8354899026453495,2.868369221687317,0,36
candidate,20260875,0,3,-8.0,2.5,0,0,0,0,0,0,0,0.0,72,2.469873417996698,3.3486158587038517,3.447696566581726,0,144
candidate,20260875,1,3,-8.0,2.5,0,0,0,0,0,0,0,0.043478260869565216,46,2.277963592306427,2.7719447389245033,2.915533259510994,0,92
candidate,20260875,2,3,-8.0,2.5,0,0,0,0,0,0,0,0.013888888888888888,72,2.347367091311349,2.988283522427082,3.4734122455120087,0,144
candidate,20260875,3,3,55.0,1.0,1,0,0,0,0,0,0,0.041666666666666664,72,2.2404053662386207,2.6595447212457657,2.7543194591999054,0,144
candidate,20260876,0,2,-8.0,2.5,0,0,0,0,0,0,0,0.04081632653061224,49,2.31852120130646,2.8491005301475525,2.874145284295082,0,98
candidate,20260876,1,2,-16.0,4.0,0,0,1,8,0,0,0,0.021739130434782608,46,2.2827597820888395,2.659047022461891,2.835683524608612,0,92
candidate,20260876,2,2,32.0,1.0,1,0,0,0,0,0,0,0.02040816326530612,49,2.371484147650855,3.1924724578857417,3.3628176897764206,0,98
candidate,20260876,3,2,-8.0,2.5,0,0,0,0,0,0,0,0.0,50,2.2657016664743423,2.7740432880818844,2.8466247022151947,0,100
candidate,20260877,0,0,78.0,1.0,1,1,0,0,0,0,0,0.0,51,2.3404932854806675,2.829069271683693,2.9144976288080215,0,102
candidate,20260877,1,0,-8.0,2.5,0,0,0,0,0,0,0,0.0,48,2.3083440804233155,2.842365950345993,2.8697531670331955,0,97
candidate,20260877,2,0,-8.0,2.5,0,0,0,0,0,0,0,0.03076923076923077,65,2.2211400935283074,2.6011504232883453,2.6314109563827515,0,129
candidate,20260877,3,0,-26.0,3.0,0,0,0,0,0,0,0,0.04,50,2.2732777893543243,2.8124677017331123,2.844410017132759,0,102
candidate,20260878,0,2,-23.0,4.0,0,0,1,15,0,0,0,0.0,57,2.399054143512458,3.0163735151290894,3.1532887369394302,0,114
candidate,20260878,1,2,-8.0,2.5,0,0,0,0,0,0,0,0.017543859649122806,57,2.3532013425178695,2.986770495772361,3.621494397521019,0,114
candidate,20260878,2,2,39.0,1.0,1,0,0,0,0,0,0,0.030303030303030304,66,2.246812437519883,2.6409714482724667,3.317464143037796,0,132
candidate,20260878,3,2,-8.0,2.5,0,0,0,0,0,0,0,0.0,57,2.28762522078397,2.757016196846962,3.243612125515938,0,114
candidate,20260879,0,0,-8.0,2.5,0,0,0,0,0,0,0,0.05,40,2.325842808932066,2.771816123276949,2.780236303806305,0,80
candidate,20260879,1,0,-8.0,2.5,0,0,0,0,0,0,0,0.027777777777777776,36,2.2500531437496343,2.646501176059246,2.7594324201345444,0,72
candidate,20260879,2,0,-17.0,4.0,0,0,1,9,0,0,0,0.027777777777777776,36,2.283661160618067,2.8546927496790886,3.4201443195343018,0,72
candidate,20260879,3,0,33.0,1.0,1,0,0,0,0,0,0,0.05555555555555555,36,2.278915192517969,2.9340703040361404,3.3287927508354187,0,72
candidate,20260880,0,3,-19.0,4.0,0,0,1,11,0,0,0,0.019230769230769232,52,2.40547124009866,2.989444602280855,3.06546688079834,0,104
candidate,20260880,1,3,-33.0,3.0,0,0,0,0,0,0,0,0.03389830508474576,59,2.3287735184875586,2.711382322013378,4.709774628281593,0,120
candidate,20260880,2,3,33.0,1.0,1,0,0,0,0,0,0,0.014925373134328358,67,2.323413545738405,3.023143112659454,3.2506845891475677,0,133
candidate,20260880,3,3,0.0,2.5,0,0,0,0,0,1,1,0.02631578947368421,76,2.2246736886077807,2.5964733213186264,2.7645044028759003,0,154
candidate,20260881,0,0,-16.0,3.0,0,0,0,0,0,0,0,0.07142857142857142,28,2.325556706637144,2.7933787554502487,2.80836783349514,0,58
candidate,20260881,1,0,-16.0,3.0,0,0,0,0,0,0,0,0.0,28,2.2598246910742352,2.7457905001938343,2.7482733130455017,0,58
candidate,20260881,2,0,-16.0,3.0,0,0,0,0,0,0,0,0.10714285714285714,28,2.2188075818121433,2.5573262944817543,2.5885887444019318,0,58
candidate,20260881,3,0,63.0,1.0,1,1,0,0,0,0,0,0.03125,32,2.35465174773708,3.0948047526180744,3.3245403319597244,0,62
candidate,20260882,0,3,32.0,1.0,1,0,0,0,0,0,0,0.03125,32,2.4632845888845623,3.413163684308529,3.525407984852791,0,64
candidate,20260882,1,3,-24.0,3.0,0,0,0,0,0,0,0,0.0,38,2.30756382408895,2.7961092069745064,2.8400514274835587,0,77
candidate,20260882,2,3,-8.0,2.5,0,0,0,0,0,0,0,0.03125,32,2.270516415592283,2.8537049889564514,2.953534945845604,0,64
candidate,20260882,3,3,-8.0,2.5,0,0,0,0,0,0,0,0.0625,32,2.275016682688147,2.880182582885027,2.9394812881946564,0,64
candidate,20260883,0,2,32.0,1.0,1,0,0,0,0,0,0,0.05,40,2.330629201605916,2.7860607020556927,2.840964123606682,0,80
candidate,20260883,1,2,-16.0,3.0,0,0,0,0,0,0,0,0.025,40,2.286358270794153,2.8163187205791473,2.8517264872789383,0,81
candidate,20260883,2,2,-16.0,3.0,0,0,0,0,0,0,0,0.0,40,2.2864426486194134,2.866437006741762,2.907177433371544,0,81
candidate,20260883,3,2,-16.0,3.0,0,0,0,0,0,0,0,0.025,40,2.2634292021393776,2.757020201534033,2.7830395847558975,0,81
candidate,20260884,0,3,57.0,1.0,1,1,0,0,0,0,0,0.043478260869565216,23,2.338857025555942,2.9320059344172478,3.0455850064754486,0,45
candidate,20260884,1,3,-19.0,3.0,0,0,0,0,0,0,0,0.045454545454545456,22,2.303063276816498,2.8668710961937904,2.9062237590551376,0,45
candidate,20260884,2,3,-19.0,3.0,0,0,0,0,0,0,0,0.0,19,2.264395454212239,2.807900123298168,2.8607212007045746,0,39
candidate,20260884,3,3,-19.0,3.0,0,0,0,0,0,0,0,0.05263157894736842,19,2.2616949128477195,2.741640992462635,2.7745869010686874,0,39
candidate,20260885,0,3,-8.0,2.5,0,0,0,0,0,0,0,0.0,34,2.4125527809647953,3.0741406604647636,3.190932795405388,0,69
candidate,20260885,1,3,36.0,1.0,1,0,0,0,0,0,0,0.031746031746031744,63,2.2652715681091187,2.7030952274799347,2.7751345187425613,0,127
candidate,20260885,2,3,34.0,1.0,1,0,0,0,0,0,0,0.05714285714285714,35,2.2328370915991917,2.6313332840800285,2.667360007762909,0,69
candidate,20260885,3,3,-8.0,2.5,0,0,0,0,0,0,0,0.0,34,2.3734421085785415,3.362114727497101,3.8962867110967636,0,69
candidate,20260886,0,2,99.0,1.0,1,1,0,0,0,0,0,0.04878048780487805,41,2.3139336305420573,2.8171297162771225,2.9349494725465775,0,81
candidate,20260886,1,2,-33.0,3.0,0,0,0,0,0,0,0,0.05,40,2.2741716355085373,2.8277920559048653,2.920573577284813,0,81
candidate,20260886,2,2,-33.0,3.0,0,0,0,0,0,0,0,0.0,40,2.2866463754326105,2.808167412877083,2.9112640768289566,0,81
candidate,20260886,3,2,-33.0,3.0,0,0,0,0,0,0,0,0.075,40,2.21188273280859,2.590350527316332,2.599542960524559,0,81
candidate,20260887,0,3,-20.0,3.0,0,0,0,0,0,0,0,0.0,58,2.3695888511579613,2.9353794641792774,3.476295620203018,0,117
candidate,20260887,1,3,-8.0,2.5,0,0,0,0,0,0,0,0.0,58,2.2867005318403244,2.807251177728176,2.8948914259672165,0,116
candidate,20260887,2,3,-24.0,4.0,0,0,1,16,0,0,0,0.03076923076923077,65,2.2578537464141846,2.5425296276807785,4.662914201617241,0,130
candidate,20260887,3,3,-21.0,4.0,0,0,1,13,0,0,0,0.015625,64,2.2605189587920904,2.73175947368145,2.781614661216736,0,128
candidate,20260888,0,3,-18.0,3.0,0,0,0,0,0,0,0,0.0,35,2.3675194276230678,2.957240678369999,3.062719479203224,0,71
candidate,20260888,1,3,-18.0,3.0,0,0,0,0,0,0,0,0.08571428571428572,35,2.2440604333366667,2.560310997068882,2.5777071714401245,0,71
candidate,20260888,2,3,54.0,1.0,1,1,0,0,0,0,0,0.08333333333333333,36,2.2236286765999265,2.5703259743750095,2.834005281329155,0,71
candidate,20260888,3,3,-22.0,3.0,0,0,0,0,0,0,0,0.02857142857142857,35,2.3330173854316985,2.7367353439331055,5.60857355594635,0,71
candidate,20260889,0,0,-8.0,2.5,0,0,0,0,0,0,0,0.02702702702702703,74,2.3691600591347024,2.865289431065321,4.4673047959804535,0,148
candidate,20260889,1,0,-16.0,4.0,0,0,1,8,0,0,0,0.0,41,2.3344914633326415,2.8875358402729034,2.9357951134443283,0,82
candidate,20260889,2,0,-18.0,4.0,0,0,1,10,0,0,0,0.037037037037037035,54,2.2659074446117438,2.760772965848446,2.8814543038606644,0,108
candidate,20260889,3,0,33.0,1.0,1,0,0,0,0,0,0,0.016129032258064516,62,2.390953892421338,3.001843672245741,4.788290709257126,0,124
candidate,20260890,0,2,-26.0,4.0,0,0,1,18,0,0,0,0.046511627906976744,43,2.354891147724418,2.7984272688627243,3.978937864303589,0,86
candidate,20260890,1,2,42.0,1.0,1,0,0,0,0,0,0,0.023255813953488372,43,2.3090868841770082,2.8027310967445374,2.946332097053528,0,86
candidate,20260890,2,2,-8.0,2.5,0,0,0,0,0,0,0,0.022222222222222223,45,2.373816900783115,3.186250850558281,3.245113417506218,0,90
candidate,20260890,3,2,-8.0,2.5,0,0,0,0,0,0,0,0.023255813953488372,43,2.3486490772907125,2.9179776087403297,5.742782726883888,0,86
candidate,20260891,0,1,-19.0,4.0,0,0,1,11,0,0,0,0.04477611940298507,67,2.3160096980742555,2.671055123209953,5.024679005146027,0,134
candidate,20260891,1,1,33.0,1.0,1,0,0,0,0,0,0,0.07317073170731707,41,2.261373418860319,2.843707799911499,2.915631979703903,0,82
candidate,20260891,2,1,-23.0,4.0,0,0,1,15,0,0,0,0.023255813953488372,43,2.3233707734318667,2.7370236814022064,5.215313285589218,0,86
candidate,20260891,3,1,0.0,2.5,0,0,0,0,0,1,0,0.011627906976744186,86,2.325315136722354,2.830062061548233,5.185125395655632,0,171
candidate,20260892,0,0,33.0,1.0,1,0,0,0,0,0,0,0.0,48,2.433459352081021,3.080653678625822,3.2353922724723816,0,96
candidate,20260892,1,0,-8.0,2.5,0,0,0,0,0,0,0,0.0,48,2.5094589994599423,3.3881605602800846,4.40865196287632,0,96
candidate,20260892,2,0,-17.0,4.0,0,0,1,9,0,0,0,0.0,35,2.342131414583751,2.8454646468162537,3.682157024741173,0,70
candidate,20260892,3,0,-17.0,4.0,0,0,1,9,0,0,0,0.041666666666666664,48,2.3139507975429296,2.98226373270154,3.4163743257522583,0,96
candidate,20260893,0,3,-8.0,2.5,0,0,0,0,0,0,0,0.04838709677419355,62,2.379916337949614,2.91154058650136,4.72380593419075,0,124
candidate,20260893,1,3,-16.0,4.0,0,0,1,8,0,0,0,0.0,34,2.3372233023538307,2.8997541405260563,2.912508323788643,0,68
candidate,20260893,2,3,32.0,1.0,1,0,0,0,0,0,0,0.03225806451612903,62,2.282278822554696,2.8474348597228527,4.143904894590378,0,124
candidate,20260893,3,3,-8.0,2.5,0,0,0,0,0,0,0,0.03225806451612903,62,2.252302703357512,2.6075366884469986,3.3454354852437973,0,124
candidate,20260894,0,1,48.0,1.0,1,0,0,0,0,0,0,0.0,22,2.3276203057982703,2.775227092206478,2.8234366327524185,0,44
candidate,20260894,1,1,-32.0,4.0,0,0,1,24,0,0,0,0.07692307692307693,26,2.400525129185273,2.6717609725892544,5.553342401981354,0,52
candidate,20260894,2,1,-8.0,2.5,0,0,0,0,0,0,0,0.0,26,2.27770832582162,2.8500142507255077,2.881748601794243,0,52
candidate,20260894,3,1,-8.0,2.5,0,0,0,0,0,0,0,0.0,26,2.3120943313607802,2.9840944334864616,3.213129937648773,0,52
candidate,20260895,0,1,-8.0,2.5,0,0,0,0,0,0,0,0.04,50,2.3241349682211876,2.802246157079935,2.8609707951545715,0,100
candidate,20260895,1,1,-19.0,4.0,0,0,1,11,0,0,0,0.023809523809523808,42,2.348217980137893,2.716644573956728,5.123252049088478,0,84
candidate,20260895,2,1,-27.0,3.0,0,0,0,0,0,0,0,0.0,56,2.283469374690737,2.845650538802147,2.90878489613533,0,113
candidate,20260895,3,1,35.0,1.0,1,0,0,0,0,0,0,0.06818181818181818,44,2.2068016061728652,2.5684338994324207,2.952873706817627,0,88
candidate,20260896,0,2,34.0,1.0,1,0,0,0,0,0,0,0.075,40,2.2949501872062683,2.608841564506292,3.719314932823181,0,80
candidate,20260896,1,2,-8.0,2.5,0,0,0,0,0,0,0,0.025,40,2.2643928416073322,2.6492449454963207,2.7189943939447403,0,80
candidate,20260896,2,2,-32.0,3.0,0,0,0,0,0,0,0,0.017543859649122806,57,2.345983886666465,2.8436440974473953,4.29435633122921,0,116
candidate,20260896,3,2,-8.0,2.5,0,0,0,0,0,0,0,0.020833333333333332,48,2.258339625162383,2.751343045383692,2.7989111840724945,0,97
candidate,20260897,0,1,-16.0,4.0,0,0,1,8,0,0,0,0.0,29,2.351514031660968,2.82362699508667,2.843692898750305,0,58
candidate,20260897,1,1,32.0,1.0,1,0,0,0,0,0,0,0.034482758620689655,29,2.369098172619425,3.0747782438993454,3.230733796954155,0,58
candidate,20260897,2,1,-8.0,2.5,0,0,0,0,0,0,0,0.034482758620689655,29,2.31014346254283,2.6498030871152873,4.235828295350075,0,58
candidate,20260897,3,1,-8.0,2.5,0,0,0,0,0,0,0,0.06896551724137931,29,2.2497775739636916,2.672727406024933,2.6916004717350006,0,58
candidate,20260898,0,1,-16.0,4.0,0,0,1,8,0,0,0,0.0,63,2.568026383717855,3.6594001576304436,3.7921126931905746,0,126
candidate,20260898,1,1,-8.0,2.5,0,0,0,0,0,0,0,0.034482758620689655,29,2.3159735418599228,2.9197238385677338,3.024134784936905,0,58
candidate,20260898,2,1,0.0,2.5,0,0,0,0,0,1,1,0.011627906976744186,86,2.2881122219354606,2.7343775145709515,3.3218059688806534,0,172
candidate,20260898,3,1,-8.0,2.5,0,0,0,0,0,0,0,0.019230769230769232,52,2.2485927821925054,2.637027855962515,2.64957919716835,0,104
candidate,20260899,0,3,-8.0,2.5,0,0,0,0,0,0,0,0.02040816326530612,49,2.321259707820659,2.7230232954025264,3.496125340461731,0,98
candidate,20260899,1,3,-19.0,4.0,0,0,1,11,0,0,0,0.02040816326530612,49,2.3970351915578454,3.232217952609062,3.315091133117676,0,98
candidate,20260899,2,3,35.0,1.0,1,0,0,0,0,0,0,0.0,49,2.4075677656397527,3.323977068066596,3.436703234910965,0,98
candidate,20260899,3,3,-19.0,4.0,0,0,1,11,0,0,0,0.022727272727272728,44,2.257434143261476,2.7222495526075363,2.7267206460237503,0,88
candidate,20260900,0,1,-20.0,3.0,0,0,0,0,0,0,0,0.05,20,2.3398653604090214,2.7801156044006348,2.820998430252075,0,41
candidate,20260900,1,1,60.0,1.0,1,1,0,0,0,0,0,0.09523809523809523,21,2.2247984473194395,2.4886801838874817,2.588380128145218,0,41
candidate,20260900,2,1,-20.0,3.0,0,0,0,0,0,0,0,0.0,20,2.3200450465083122,2.942164335399866,2.992575988173485,0,41
candidate,20260900,3,1,-20.0,3.0,0,0,0,0,0,0,0,0.0,20,2.2928236052393913,2.962011843919754,2.9652677476406097,0,41
candidate,20260901,0,0,60.0,1.0,1,1,0,0,0,0,0,0.023809523809523808,42,2.417953773623421,3.135186899453401,4.756279289722443,0,83
candidate,20260901,1,0,-20.0,3.0,0,0,0,0,0,0,0,0.045454545454545456,44,2.311675301329656,2.7858529239892964,4.417989403009415,0,89
candidate,20260901,2,0,-22.0,3.0,0,0,0,0,0,0,0,0.04,50,2.2879118844866753,2.6979095302522182,3.8781948387622833,0,101
candidate,20260901,3,0,-20.0,3.0,0,0,0,0,0,0,0,0.024390243902439025,41,2.399986155512856,3.3753030002117157,4.512567073106766,0,83
candidate,20260902,0,2,-19.0,3.0,0,0,0,0,0,0,0,0.045454545454545456,22,2.3423956537788566,2.821746561676264,2.888724207878113,0,45
candidate,20260902,1,2,-19.0,4.0,0,0,1,11,0,0,0,0.045454545454545456,22,2.2717883641069587,2.6728139258921146,2.697579562664032,0,44
candidate,20260902,2,2,57.0,1.0,1,1,0,0,0,0,0,0.043478260869565216,23,2.4010230503652408,2.890632674098015,4.936784505844116,0,45
candidate,20260902,3,2,-19.0,3.0,0,0,0,0,0,0,0,0.0,22,2.3176762360063465,2.9372829012572765,3.0372943729162216,0,45
candidate,20260903,0,2,-8.0,2.5,0,0,0,0,0,0,0,0.012345679012345678,81,2.337381289696988,2.8011854737997055,2.857763320207596,0,163
candidate,20260903,1,2,51.0,1.0,1,1,0,0,0,0,0,0.023529411764705882,85,2.333192658774993,2.819036692380905,3.760652616620064,0,170
candidate,20260903,2,2,-18.0,4.0,0,0,1,10,0,0,0,0.024096385542168676,83,2.2901910839669677,2.7551937848329544,3.8257259875535965,0,167
candidate,20260903,3,2,-8.0,2.5,0,0,0,0,0,0,0,0.036585365853658534,82,2.2665904834866524,2.7755379676818848,2.927696332335472,0,163
candidate,20260904,0,0,-16.0,4.0,0,0,1,8,0,0,0,0.0,40,2.4546188302338123,3.0841707251966,3.2520797103643417,0,80
candidate,20260904,1,0,10.0,2.0,0,0,0,0,0,0,0,0.0,73,2.35754399471087,2.976219728589058,3.0446071177721024,1,147
candidate,20260904,2,0,-18.0,4.0,0,0,1,10,0,0,0,0.025,80,2.3511681240051985,3.128026332706213,4.192614927887917,0,159
candidate,20260904,3,0,-8.0,2.5,0,0,0,0,0,0,0,0.05,40,2.2834148723632097,2.7749340049922466,3.7359315901994705,0,80
candidate,20260905,0,3,44.0,1.0,1,0,0,0,0,0,0,0.03333333333333333,30,2.3757300029198327,2.9282245784997936,3.796067088842392,0,60
candidate,20260905,1,3,-8.0,2.5,0,0,0,0,0,0,0,0.03296703296703297,91,2.303797280886671,2.7453070506453514,4.767723381519318,0,182
candidate,20260905,2,3,-8.0,2.5,0,0,0,0,0,0,0,0.0,30,2.3301533112923303,2.917597908526659,3.4997351467609406,0,60
candidate,20260905,3,3,-8.0,2.5,0,0,0,0,0,0,0,0.06666666666666667,30,2.2434784720341363,2.7887013740837574,2.804432064294815,0,60
candidate,20260906,0,2,49.0,1.0,1,0,0,0,0,0,0,0.0,30,2.398918755352497,2.9077567160129547,2.9163137078285217,0,60
candidate,20260906,1,2,40.0,1.0,1,0,0,0,0,0,0,0.0,37,2.29680523074962,2.807426080107689,2.8196629136800766,0,74
candidate,20260906,2,2,34.0,1.0,1,0,0,0,0,0,0,0.045454545454545456,44,2.306730020791292,2.9577258974313736,3.207119181752205,0,88
candidate,20260906,3,2,-8.0,2.5,0,0,0,0,0,0,0,0.0,30,2.2751315186421075,2.818559482693672,2.84385122358799,0,60
candidate,20260907,0,1,44.0,1.0,1,0,0,0,0,0,0,0.06,50,2.2725271433591843,2.573979180306196,2.822795882821083,0,100
candidate,20260907,1,1,-8.0,2.5,0,0,0,0,0,0,0,0.058823529411764705,51,2.229622875650724,2.582244575023651,2.7437936514616013,0,102
candidate,20260907,2,1,-8.0,2.5,0,0,0,0,0,0,0,0.0196078431372549,51,2.297795615067669,2.933679148554802,3.1378064304590225,0,102
candidate,20260907,3,1,-28.0,4.0,0,0,1,20,0,0,0,0.02,50,2.3173031583428383,2.78899734839797,5.499288439750671,0,100
candidate,20260908,0,1,-8.0,2.5,0,0,0,0,0,0,0,0.0,79,2.4475968336757226,3.198834881186485,5.376257002353668,0,158
candidate,20260908,1,1,-19.0,4.0,0,0,1,11,0,0,0,0.0379746835443038,79,2.378425454791588,2.9850790277123447,6.128035485744476,0,158
candidate,20260908,2,1,-33.0,4.0,0,0,1,25,0,0,0,0.02857142857142857,70,2.261304615863732,2.7048151940107346,2.8414353728294373,0,140
candidate,20260908,3,1,35.0,1.0,1,0,0,0,0,0,0,0.03125,64,2.2516390890814364,2.7486645616590977,2.927282825112343,0,128
candidate,20260909,0,0,33.0,1.0,1,0,0,0,0,0,0,0.06666666666666667,45,2.3069978174236088,2.7673449367284775,2.8317291289567947,0,90
candidate,20260909,1,0,-8.0,2.5,0,0,0,0,0,0,0,0.022222222222222223,45,2.3108008835050793,2.7510497719049454,4.286959767341614,0,90
candidate,20260909,2,0,-17.0,4.0,0,0,1,9,0,0,0,0.06,50,2.2932829335331917,2.817922830581665,3.8475729525089264,0,100
candidate,20260909,3,0,-8.0,2.5,0,0,0,0,0,0,0,0.06666666666666667,45,2.250765015681585,2.738204598426819,2.7936678379774094,0,90
candidate,20260910,0,2,-21.0,3.0,0,0,0,0,0,0,0,0.0,38,2.3810756147692076,2.921837754547596,3.1062159687280655,0,77
candidate,20260910,1,2,-21.0,3.0,0,0,0,0,0,0,0,0.02631578947368421,38,2.6545893695009384,3.7713637575507164,4.157768562436104,0,77
candidate,20260910,2,2,48.0,1.0,1,0,0,0,0,0,0,0.0,46,2.331553796387237,2.8256853111088276,4.810834303498268,0,92
candidate,20260910,3,2,-21.0,3.0,0,0,0,0,0,0,0,0.0,40,2.362329140305519,2.8782241977751237,4.5691002160310745,0,81
candidate,20260911,0,1,-8.0,2.5,0,0,0,0,0,0,0,0.0,52,2.448813380816808,3.2031550072133537,3.437945619225502,0,104
candidate,20260911,1,1,34.0,1.0,1,0,0,0,0,0,0,0.057692307692307696,52,2.236017921509651,2.6097834110260005,2.790205180644989,0,104
candidate,20260911,2,1,-8.0,2.5,0,0,0,0,0,0,0,0.030303030303030304,33,2.31941727300485,2.8607077896594997,3.356127068400383,0,66
candidate,20260911,3,1,-18.0,4.0,0,0,1,10,0,0,0,0.0,52,2.3502626886161475,3.1192666850984097,3.1545665115118027,0,104
candidate,20260912,0,0,-17.0,4.0,0,0,1,9,0,0,0,0.023255813953488372,43,2.5013873223648515,3.2328061759471893,4.601329565048218,0,86
candidate,20260912,1,0,-8.0,2.5,0,0,0,0,0,0,0,0.023809523809523808,42,2.4138281920126508,3.2121464610099792,3.5300366580486298,0,84
candidate,20260912,2,0,-20.0,3.0,0,0,0,0,0,0,0,0.02,50,2.29414951056242,2.783908788114786,3.2060574740171432,0,101
candidate,20260912,3,0,-8.0,2.5,0,0,0,0,0,0,0,0.0,43,2.50033154910387,3.247932530939579,6.155187264084816,0,86
candidate,20260913,0,0,66.0,1.0,1,1,0,0,0,0,0,0.05263157894736842,38,2.2829867115146234,2.6696777902543545,2.8081145137548447,0,75
candidate,20260913,1,0,-22.0,3.0,0,0,0,0,0,0,0,0.05405405405405406,37,2.277577295899391,2.740596234798431,2.9305368661880493,0,75
candidate,20260913,2,0,-22.0,3.0,0,0,0,0,0,0,0,0.08108108108108109,37,2.2968000455482587,2.775845304131508,4.140632227063179,0,75
candidate,20260913,3,0,-22.0,3.0,0,0,0,0,0,0,0,0.0,37,2.3894945813997372,3.2532811164855957,3.332247957587242,0,75
candidate,20260914,0,3,33.0,1.0,1,0,0,0,0,0,0,0.0410958904109589,73,2.2973179408948714,2.7235914021730414,3.4244637936353683,0,146
candidate,20260914,1,3,-8.0,2.5,0,0,0,0,0,0,0,0.03389830508474576,59,2.342055851625184,2.9136603698134422,4.519836977124214,0,118
candidate,20260914,2,3,-8.0,2.5,0,0,0,0,0,0,0,0.03389830508474576,59,2.280903411871296,2.74271760135889,3.8751456886529922,0,118
candidate,20260914,3,3,-8.0,2.5,0,0,0,0,0,0,0,0.01694915254237288,59,2.3210412996300196,2.9031313955783835,4.565348848700523,0,118
candidate,20260915,0,1,0.0,2.5,0,0,0,0,0,1,1,0.0,82,2.513283386644794,3.447483293712139,4.3005868792533875,0,164
candidate,20260915,1,1,0.0,2.5,0,0,0,0,0,1,0,0.012195121951219513,82,2.367483520108025,3.01308399066329,5.307737737894058,0,164
candidate,20260915,2,1,-28.0,4.0,0,0,1,20,0,0,0,0.015384615384615385,65,2.331993728876114,2.7659736573696136,5.522472783923149,0,130
candidate,20260915,3,1,0.0,2.5,0,0,0,0,0,1,1,0.036585365853658534,82,2.273117510102144,2.849323581904173,3.3744890242815018,0,164
candidate,20260916,0,0,38.0,1.0,1,0,0,0,0,0,0,0.0425531914893617,47,2.324859393720931,2.7156049385666843,4.301324486732483,0,94
candidate,20260916,1,0,-23.0,4.0,0,0,1,15,0,0,0,0.024390243902439025,41,2.288599112411825,2.6988591998815536,3.309892490506172,0,82
candidate,20260916,2,0,-8.0,2.5,0,0,0,0,0,0,0,0.0975609756097561,41,2.240603017370875,2.768363803625107,2.7988646179437637,0,82
candidate,20260916,3,0,-8.0,2.5,0,0,0,0,0,0,0,0.024390243902439025,41,2.35456369090371,2.7715731412172318,6.338821724057198,0,82
candidate,20260917,0,1,-8.0,2.5,0,0,0,0,0,0,0,0.02127659574468085,47,2.3115019690483174,2.7307394891977306,2.8093960136175156,0,94
candidate,20260917,1,1,-8.0,2.5,0,0,0,0,0,0,0,0.014925373134328358,67,2.288288784338467,2.7677357196807857,2.8380826115608215,0,134
candidate,20260917,2,1,39.0,1.0,1,0,0,0,0,0,0,0.03636363636363636,55,2.254274521361698,2.562517486512661,3.9647556841373444,0,110
candidate,20260917,3,1,-17.0,4.0,0,0,1,9,0,0,0,0.04081632653061224,49,2.2795834027382793,2.7912162244319916,2.9404163360595703,0,98
candidate,20260918,0,1,-8.0,2.5,0,0,0,0,0,0,0,0.045454545454545456,44,2.3480002260343595,2.830294147133827,2.9506199061870575,0,88
candidate,20260918,1,1,66.0,1.0,1,1,0,0,0,0,0,0.05714285714285714,35,2.4151384298290526,3.106220625340935,5.798023194074631,0,69
candidate,20260918,2,1,-8.0,2.5,0,0,0,0,0,0,0,0.02040816326530612,49,2.391459686415536,3.159586340188979,4.716780036687851,0,98
candidate,20260918,3,1,-22.0,3.0,0,0,0,0,0,0,0,0.0,34,2.3245501386768677,3.02243297919631,3.058299422264099,0,69
candidate,20260919,0,0,66.0,1.0,1,1,0,0,0,0,0,0.05405405405405406,37,2.2765135241521373,2.709127590060234,2.7573835104703903,0,74
candidate,20260919,1,0,-21.0,4.0,0,0,1,13,0,0,0,0.023809523809523808,42,2.4068873109562055,3.1268372200429435,3.935573622584343,0,85
candidate,20260919,2,0,-8.0,2.5,0,0,0,0,0,0,0,0.023255813953488372,43,2.2625344004048857,2.6726095005869865,2.9827989637851715,0,85
candidate,20260919,3,0,-8.0,2.5,0,0,0,0,0,0,0,0.023809523809523808,42,2.2838025220802853,2.832949347794056,3.2313652336597443,0,85
candidate,20260920,0,2,36.0,1.0,1,0,0,0,0,0,0,0.03571428571428571,28,2.3940292053989003,2.8345825150609016,4.366368055343628,0,56
candidate,20260920,1,2,-8.0,2.5,0,0,0,0,0,0,0,0.03333333333333333,30,2.4377680073181787,2.960808202624321,5.0833504647016525,0,60
candidate,20260920,2,2,-8.0,2.5,0,0,0,0,0,0,0,0.0,28,2.3978757672011852,2.7653110213577747,6.314089521765709,0,56
candidate,20260920,3,2,-20.0,4.0,0,0,1,12,0,0,0,0.0,28,2.285174493278776,2.76993028819561,2.7721505612134933,0,56
candidate,20260921,0,1,-8.0,2.5,0,0,0,0,0,0,0,0.0,52,2.5324321423585596,3.715034667402505,5.155723541975021,0,104
candidate,20260921,1,1,-34.0,4.0,0,0,1,26,0,0,0,0.04081632653061224,49,2.242546794669969,2.592730149626732,2.7413032948970795,0,98
candidate,20260921,2,1,36.0,1.0,1,0,0,0,0,0,0,0.0,51,2.382967986312567,3.0713658779859543,3.908945247530937,0,102
candidate,20260921,3,1,0.0,2.5,0,0,0,0,0,1,1,0.0,86,2.4037500843405724,3.3156820572912693,3.41755710542202,0,172
candidate,20260922,0,0,37.0,1.0,1,0,0,0,0,0,0,0.0,62,2.4120639108361734,3.086318261921406,3.2808203250169754,0,124
candidate,20260922,1,0,-8.0,2.5,0,0,0,0,0,0,0,0.04838709677419355,62,2.268082011611231,2.57354648783803,3.7667453289031982,0,124
candidate,20260922,2,0,33.0,1.0,1,0,0,0,0,0,0,0.05084745762711865,59,2.272652367414054,2.7340697124600406,3.6562886089086533,0,118
candidate,20260922,3,0,-17.0,4.0,0,0,1,9,0,0,0,0.016129032258064516,62,2.281724475324154,2.821494359523058,2.8565898537635803,0,124
candidate,20260923,0,1,-8.0,2.5,0,0,0,0,0,0,0,0.017241379310344827,58,2.3372668516019295,2.7349785901606083,3.0072517693042755,0,116
candidate,20260923,1,1,-19.0,4.0,0,0,1,11,0,0,0,0.017241379310344827,58,2.373935173040834,3.0126865953207016,4.95443120598793,0,116
candidate,20260923,2,1,-17.0,4.0,0,0,1,9,0,0,0,0.0,47,2.310724453406131,2.864907681941986,2.879645675420761,0,94
candidate,20260923,3,1,35.0,1.0,1,0,0,0,0,0,0,0.0,58,2.339173782745312,3.132960759103298,3.318794071674347,0,116
candidate,20260924,0,2,54.0,1.0,1,1,0,0,0,0,0,0.027777777777777776,36,2.3095006537106304,2.813757862895727,2.85402312874794,0,71
candidate,20260924,1,2,-18.0,3.0,0,0,0,0,0,0,0,0.029411764705882353,34,2.325692049720708,2.8772170655429363,3.04202176630497,0,69
candidate,20260924,2,2,-18.0,3.0,0,0,0,0,0,0,0,0.05714285714285714,35,2.267652696796826,2.7937075123190875,3.0417218804359436,0,71
candidate,20260924,3,2,-18.0,3.0,0,0,0,0,0,0,0,0.0,35,2.3067930979388103,2.9934702441096306,3.2183323055505753,0,71
candidate,20260925,0,3,-18.0,4.0,0,0,1,10,0,0,0,0.07317073170731707,41,2.2738337880227624,2.552146092057228,2.8106719255447388,0,82
candidate,20260925,1,3,37.0,1.0,1,0,0,0,0,0,0,0.08571428571428572,35,2.3020758160523007,2.8427766636013985,3.0402764678001404,0,70
candidate,20260925,2,3,-17.0,4.0,0,0,1,9,0,0,0,0.06666666666666667,30,2.247567909459273,2.59992852807045,2.6232823729515076,0,60
candidate,20260925,3,3,-8.0,2.5,0,0,0,0,0,0,0,0.022727272727272728,44,2.257338132370602,2.838618867099285,2.9384903609752655,0,88
candidate,20260926,0,1,-17.0,4.0,0,0,1,9,0,0,0,0.03125,32,2.3590903147123754,2.844738680869341,2.923792228102684,0,64
candidate,20260926,1,1,-17.0,3.0,0,0,0,0,0,0,0,0.07692307692307693,39,2.223830526837936,2.5540268048644066,2.759017050266266,0,79
candidate,20260926,2,1,33.0,1.0,1,0,0,0,0,0,0,0.03125,32,2.2402761969715357,2.6668034493923187,2.6798397302627563,0,64
candidate,20260926,3,1,-8.0,2.5,0,0,0,0,0,0,0,0.0,32,2.269787830300629,2.76644229888916,2.7767978608608246,0,64
candidate,20260927,0,2,-8.0,2.5,0,0,0,0,0,0,0,0.0,68,2.439577515949221,3.129322826862335,3.4439172595739365,0,136
candidate,20260927,1,2,-8.0,2.5,0,0,0,0,0,0,0,0.03125,64,2.2712333884555846,2.6945197954773903,2.705030143260956,0,128
candidate,20260927,2,2,35.0,1.0,1,0,0,0,0,0,0,0.015625,64,2.3804542724974453,3.0472870916128154,5.9444475919008255,0,128
candidate,20260927,3,2,33.0,1.0,1,0,0,0,0,0,0,0.02857142857142857,70,2.3288678910051073,2.830714639276266,5.725279450416565,0,140
candidate,20260928,0,0,63.0,1.0,1,1,0,0,0,0,0,0.014084507042253521,71,2.387311440748228,2.804434858262539,5.0499327480793,0,141
candidate,20260928,1,0,-8.0,2.5,0,0,0,0,0,0,0,0.04918032786885246,61,2.3929065429284924,2.877388149499893,6.5331608057022095,0,122
candidate,20260928,2,0,-20.0,4.0,0,0,1,12,0,0,0,0.017543859649122806,57,2.360701005448375,2.8912730515003204,6.088497117161751,0,114
candidate,20260928,3,0,-18.0,3.0,0,0,0,0,0,0,0,0.016666666666666666,60,2.3441769182682037,2.809423860162496,4.962172359228134,0,121
candidate,20260929,0,3,-8.0,2.5,0,0,0,0,0,0,0,0.016129032258064516,62,2.407028009333918,2.7976845391094685,5.064152181148529,0,124
candidate,20260929,1,3,-8.0,2.5,0,0,0,0,0,0,0,0.0,62,2.449276136054147,3.2272597774863243,5.891421809792519,0,124
candidate,20260929,2,3,0.0,2.5,0,0,0,0,0,1,1,0.022988505747126436,87,2.2457042045291815,2.7021011337637906,2.906050533056259,0,174
candidate,20260929,3,3,-17.0,4.0,0,0,1,9,0,0,0,0.0,62,2.4020798624523225,3.3183420076966286,3.3598914742469788,0,124
candidate,20260930,0,3,-16.0,4.0,0,0,1,8,0,0,0,0.0,60,2.488276921212673,3.4558579325675964,3.889532759785652,0,120
candidate,20260930,1,3,-19.0,4.0,0,0,1,11,0,0,0,0.04,25,2.3131224513053894,2.825706824660301,2.8300676494836807,0,50
candidate,20260930,2,3,-17.0,4.0,0,0,1,9,0,0,0,0.0196078431372549,51,2.335330142694361,2.8173159807920456,4.7602299600839615,0,102
candidate,20260930,3,3,-17.0,4.0,0,0,1,9,0,0,0,0.045454545454545456,44,2.278080125423995,2.8277019038796425,2.8906837105751038,0,88
candidate,20260931,0,1,48.0,1.0,1,1,0,0,0,0,0,0.0,42,2.35471697080703,2.893021609634161,3.313736990094185,0,83
candidate,20260931,1,1,-21.0,3.0,0,0,0,0,0,0,0,0.044444444444444446,45,2.2465617706378302,2.635691314935684,2.8145108371973038,0,91
candidate,20260931,2,1,-21.0,3.0,0,0,0,0,0,0,0,0.06666666666666667,45,2.2185086376137204,2.5529656559228897,2.73316353559494,0,91
candidate,20260931,3,1,-22.0,4.0,0,0,1,14,0,0,0,0.013157894736842105,76,2.3311437107622623,3.073329571634531,3.3184178173542023,0,152
candidate,20260932,0,0,-8.0,2.5,0,0,0,0,0,0,0,0.0,39,2.4483117442100477,3.2078785821795464,3.3021531999111176,0,78
candidate,20260932,1,0,-8.0,2.5,0,0,0,0,0,0,0,0.05,40,2.2503250744193792,2.6159889996051784,2.9215943068265915,0,80
candidate,20260932,2,0,-21.0,4.0,0,0,1,13,0,0,0,0.0,39,2.2960185335996823,2.8561245650053024,2.930670976638794,0,78
candidate,20260932,3,0,-8.0,2.5,0,0,0,0,0,0,0,0.05128205128205128,39,2.206889482644888,2.566842921078205,2.6815515011548996,0,78
candidate,20260933,0,3,0.0,2.5,0,0,0,0,0,1,0,0.023809523809523808,84,2.3242836108519915,2.783596888184547,2.8176680207252502,0,168
candidate,20260933,1,3,-20.0,4.0,0,0,1,12,0,0,0,0.04878048780487805,41,2.242077505443154,2.616550773382187,2.6429258286952972,0,82
candidate,20260933,2,3,-8.0,2.5,0,0,0,0,0,0,0,0.037037037037037035,54,2.2694426761181266,2.881269622594118,2.9702838510274887,0,108
candidate,20260933,3,3,-8.0,2.5,0,0,0,0,0,0,0,0.023809523809523808,42,2.2625809624081565,2.7158248238265514,2.8458088636398315,0,84
candidate,20260934,0,0,48.0,1.0,1,1,0,0,0,0,0,0.022222222222222223,45,2.2970267054107456,2.6955317705869675,2.7577560395002365,0,89
candidate,20260934,1,0,-19.0,4.0,0,0,1,11,0,0,0,0.027777777777777776,72,2.2694232045776315,2.643157821148634,3.5329442471265793,0,144
candidate,20260934,2,0,-36.0,3.0,0,0,0,0,0,0,0,0.0,81,2.4530805739355674,3.468714654445648,3.7772469222545624,0,163
candidate,20260934,3,0,-16.0,3.0,0,0,0,0,0,0,0,0.0,46,2.3588703783309977,3.1575635075569153,3.179507330060005,0,93
candidate,20260935,0,3,-8.0,2.5,0,0,0,0,0,0,0,0.02564102564102564,39,2.3258460733370905,2.731502614915371,2.785211428999901,0,78
candidate,20260935,1,3,49.0,1.0,1,0,0,0,0,0,0,0.0,39,2.41535844711157,3.1932843849062924,3.5037770867347717,0,78
candidate,20260935,2,3,-8.0,2.5,0,0,0,0,0,0,0,0.02564102564102564,39,2.2596436051221995,2.676319144666195,2.7921218425035477,0,78
candidate,20260935,3,3,-33.0,4.0,0,0,1,25,0,0,0,0.05128205128205128,39,2.366869161144281,2.987033687531948,6.049845367670059,0,78
candidate,20260936,0,0,-31.0,3.0,0,0,0,0,0,0,0,0.0,39,2.4055996193335605,2.7897607535123825,5.426201969385147,0,79
candidate,20260936,1,0,-31.0,3.0,0,0,0,0,0,0,0,0.0,39,2.418316661929473,2.9422111809253693,4.538845270872116,0,79
candidate,20260936,2,0,-31.0,3.0,0,0,0,0,0,0,0,0.0,39,2.4272619913785887,3.233176097273827,4.703624173998833,0,79
candidate,20260936,3,0,93.0,1.0,1,1,0,0,0,0,0,0.0,40,2.375131892040372,3.2783415168523775,3.7514064460992813,0,79
candidate,20260937,0,0,-16.0,3.0,0,0,0,0,0,0,0,0.0625,32,2.3894538171589375,2.8695080429315567,4.622811451554298,0,65
candidate,20260937,1,0,48.0,1.0,1,1,0,0,0,0,0,0.09090909090909091,33,2.2416246885603126,2.66750305891037,2.810239791870117,0,65
candidate,20260937,2,0,-16.0,3.0,0,0,0,0,0,0,0,0.058823529411764705,34,2.2988593863213764,2.733010705560446,3.651600331068039,0,69
candidate,20260937,3,0,-16.0,3.0,0,0,0,0,0,0,0,0.0,28,2.565148552613599,3.405926376581192,6.734432652592659,0,57
candidate,20260938,0,3,-8.0,2.5,0,0,0,0,0,0,0,0.037037037037037035,27,2.391475218313712,2.9958540573716164,3.3394452184438705,0,54
candidate,20260938,1,3,-8.0,2.5,0,0,0,0,0,0,0,0.037037037037037035,27,2.3826285506840104,3.093601018190384,3.15958634018898,0,54
candidate,20260938,2,3,-18.0,4.0,0,0,1,10,0,0,0,0.0,27,2.320835021910844,2.9220126569271088,2.93157622218132,0,54
candidate,20260938,3,3,34.0,1.0,1,0,0,0,0,0,0,0.037037037037037035,27,2.3927847268404783,3.138449601829052,4.2841508984565735,0,54
candidate,20260939,0,3,-19.0,3.0,0,0,0,0,0,0,0,0.021739130434782608,46,2.3135420582864596,2.780219539999962,2.8329771012067795,0,93
candidate,20260939,1,3,-19.0,3.0,0,0,0,0,0,0,0,0.08695652173913043,46,2.2325517771684606,2.5786892510950565,2.7149058878421783,0,93
candidate,20260939,2,3,57.0,1.0,1,1,0,0,0,0,0,0.0425531914893617,47,2.2391669372928904,2.6490356773138046,2.7727819979190826,0,93
candidate,20260939,3,3,-19.0,3.0,0,0,0,0,0,0,0,0.0,46,2.3524213339323583,3.146176226437092,3.275608643889427,0,93
candidate,20260940,0,2,-20.0,3.0,0,0,0,0,0,0,0,0.0,26,2.3427984605614958,2.7801143005490303,2.8134696185588837,0,53
candidate,20260940,1,2,-18.0,3.0,0,0,0,0,0,0,0,0.0,30,2.454262226819992,3.415882401168346,3.496643155813217,0,61
candidate,20260940,2,2,54.0,1.0,1,1,0,0,0,0,0,0.05714285714285714,35,2.255041631204741,2.878483384847641,2.916282042860985,0,69
candidate,20260940,3,2,-20.0,3.0,0,0,0,0,0,0,0,0.0,26,2.2857082434571705,2.8388029895722866,2.8785113245248795,0,53
candidate,20260941,0,1,-17.0,4.0,0,0,1,9,0,0,0,0.043478260869565216,23,2.378440421560536,2.926826849579811,3.0059274286031723,0,46
candidate,20260941,1,1,-8.0,2.5,0,0,0,0,0,0,0,0.034482758620689655,29,2.300344279100155,2.785343676805496,2.8372853994369507,0,58
candidate,20260941,2,1,-8.0,2.5,0,0,0,0,0,0,0,0.047619047619047616,42,2.270785825593131,2.928279060870409,2.9451772570610046,0,84
candidate,20260941,3,1,39.0,1.0,1,0,0,0,0,0,0,0.047619047619047616,42,2.208356967284566,2.5624655187129974,2.5815144181251526,0,84
candidate,20260942,0,2,-18.0,4.0,0,0,1,10,0,0,0,0.0,42,2.674796928962072,4.1258630342781535,4.558384418487549,0,84
candidate,20260942,1,2,34.0,1.0,1,0,0,0,0,0,0,0.023809523809523808,42,2.2819796133609045,2.7062603272497654,2.751575782895088,0,84
candidate,20260942,2,2,-8.0,2.5,0,0,0,0,0,0,0,0.023809523809523808,42,2.2640050433221317,2.7867776341736317,2.8101280331611633,0,84
candidate,20260942,3,2,-8.0,2.5,0,0,0,0,0,0,0,0.023809523809523808,42,2.3239454520600185,3.0261600390076637,3.169376403093338,0,84
candidate,20260943,0,3,-8.0,2.5,0,0,0,0,0,0,0,0.022727272727272728,44,2.303542188284072,2.675735764205456,2.793325111269951,0,88
candidate,20260943,1,3,-8.0,2.5,0,0,0,0,0,0,0,0.030303030303030304,33,2.4303644331115666,3.1518056988716125,4.471322521567345,0,66
candidate,20260943,2,3,-16.0,4.0,0,0,1,8,0,0,0,0.030303030303030304,33,2.2830054389707968,2.8525635600090027,2.905040979385376,0,66
candidate,20260943,3,3,32.0,1.0,1,0,0,0,0,0,0,0.06060606060606061,33,2.2135950963605535,2.668110281229019,2.773800864815712,0,66
candidate,20260944,0,3,-23.0,3.0,0,0,0,0,0,0,0,0.047619047619047616,21,2.330875556383814,2.8430111706256866,2.875659614801407,0,43
candidate,20260944,1,3,-23.0,3.0,0,0,0,0,0,0,0,0.09523809523809523,21,2.3015447493110384,2.911679446697235,2.934517338871956,0,43
candidate,20260944,2,3,69.0,1.0,1,1,0,0,0,0,0,0.0,22,2.321786501190879,3.004304599016905,3.2590720802545547,0,43
candidate,20260944,3,3,-23.0,3.0,0,0,0,0,0,0,0,0.0,21,2.2310707718133926,2.770364284515381,2.8061214834451675,0,43
candidate,20260945,0,1,-8.0,2.5,0,0,0,0,0,0,0,0.0,29,2.367827270565362,2.8766177594661713,2.997022122144699,0,58
candidate,20260945,1,1,-16.0,4.0,0,0,1,8,0,0,0,0.05128205128205128,39,2.3877802185523205,3.0339347198605537,3.2104160636663437,0,78
candidate,20260945,2,1,-8.0,2.5,0,0,0,0,0,0,0,0.05128205128205128,39,2.3659922373600497,3.1052764505147934,4.50054369866848,0,78
candidate,20260945,3,1,35.0,1.0,1,0,0,0,0,0,0,0.06666666666666667,30,2.2188090408841767,2.566553372889757,2.6272274553775787,0,60
candidate,20260946,0,2,-16.0,4.0,0,0,1,8,0,0,0,0.043478260869565216,69,2.2600320964187817,2.507086470723152,2.7546435594558716,0,138
candidate,20260946,1,2,-18.0,4.0,0,0,1,10,0,0,0,0.030303030303030304,66,2.262503727141655,2.733152359724045,2.788243815302849,0,132
candidate,20260946,2,2,-8.0,2.5,0,0,0,0,0,0,0,0.0,66,2.3281393629131895,2.9022274538874626,5.322789773344994,0,132
candidate,20260946,3,2,0.0,2.5,0,0,0,0,0,1,1,0.02197802197802198,91,2.289292494674305,2.7129659429192543,5.541231483221054,0,182
candidate,20260947,0,0,-23.0,4.0,0,0,1,15,0,0,0,0.041666666666666664,48,2.388188110974928,2.806561253964901,4.880839958786964,0,96
candidate,20260947,1,0,-8.0,2.5,0,0,0,0,0,0,0,0.020833333333333332,48,2.345137569742898,2.8453493490815163,4.184441640973091,0,96
candidate,20260947,2,0,57.0,1.0,1,1,0,0,0,0,0,0.0,46,2.3672450333833694,3.159858286380768,3.300560638308525,0,91
candidate,20260947,3,0,-8.0,2.5,0,0,0,0,0,0,0,0.0,48,2.265322720631957,2.751424815505743,2.803988754749298,0,96
candidate,20260948,0,3,-8.0,2.5,0,0,0,0,0,0,0,0.02702702702702703,37,2.2838172578328364,2.6108305901288986,2.779681235551834,0,74
candidate,20260948,1,3,32.0,1.0,1,0,0,0,0,0,0,0.02702702702702703,37,2.348881516907666,3.042677417397499,3.0731521546840668,0,74
candidate,20260948,2,3,-16.0,4.0,0,0,1,8,0,0,0,0.0,38,2.2970110570129596,2.828849758952856,3.0258242040872574,0,76
candidate,20260948,3,3,-16.0,4.0,0,0,1,8,0,0,0,0.0,37,2.325258343606382,2.903754264116287,3.7574023008346558,0,74
candidate,20260949,0,0,-20.0,3.0,0,0,0,0,0,0,0,0.0375,80,2.2961687995120883,2.5250456295907497,5.123108625411987,0,161
candidate,20260949,1,0,-22.0,4.0,0,0,1,14,0,0,0,0.03225806451612903,62,2.25609369696148,2.6079573668539524,2.7312058955430984,0,124
candidate,20260949,2,0,-8.0,2.5,0,0,0,0,0,0,0,0.0,73,2.3247612104432225,2.990396693348884,3.3309366554021835,0,146
candidate,20260949,3,0,0.0,2.5,0,0,0,0,0,1,0,0.0,80,2.298642136156559,2.921357937157154,2.9564183205366135,0,160
candidate,20260950,0,3,48.0,1.0,1,1,0,0,0,0,0,0.01639344262295082,61,2.317866982250917,2.80630961060524,2.9122531414031982,0,121
candidate,20260950,1,3,-19.0,4.0,0,0,1,11,0,0,0,0.0,35,2.2911644939865385,2.8815701603889465,2.9742084443569183,0,70
candidate,20260950,2,3,-24.0,4.0,0,0,1,16,0,0,0,0.015384615384615385,65,2.2736706412755527,2.819836139678955,2.9296334832906723,0,130
candidate,20260950,3,3,-8.0,2.5,0,0,0,0,0,0,0,0.0,65,2.3997349807849297,3.234321251511574,3.483811393380165,0,130
candidate,20260951,0,1,48.0,1.0,1,1,0,0,0,0,0,0.0,53,2.5496782980999857,3.760732337832451,3.9807967841625214,0,105
candidate,20260951,1,1,-18.0,4.0,0,0,1,10,0,0,0,0.0,58,2.3092212283919595,2.810764964669943,2.8303954750299454,0,116
candidate,20260951,2,1,0.0,2.5,0,0,0,0,0,1,1,0.0,84,2.394578530497494,3.1606558710336685,3.4195277839899063,0,168
candidate,20260951,3,1,-8.0,2.5,0,0,0,0,0,0,0,0.01694915254237288,59,2.3071024314326753,2.992948144674301,3.0671730637550354,0,118
candidate,20260952,0,2,-33.0,3.0,0,0,0,0,0,0,0,0.0,70,2.342707530728408,2.8724360279738903,3.100132569670677,0,141
candidate,20260952,1,2,-33.0,3.0,0,0,0,0,0,0,0,0.05970149253731343,67,2.2456275660600236,2.7110781520605083,2.802550792694092,0,135
candidate,20260952,2,2,-33.0,3.0,0,0,0,0,0,0,0,0.04477611940298507,67,2.235489466519498,2.619667537510395,2.781899645924568,0,135
candidate,20260952,3,2,34.0,1.0,1,0,0,0,0,0,0,0.020833333333333332,48,2.3273644813646874,2.902011014521122,3.177149221301079,0,96
candidate,20260953,0,0,48.0,1.0,1,1,0,0,0,0,0,0.0,33,2.3929538826147714,3.0823446810245514,3.178142011165619,0,65
candidate,20260953,1,0,-16.0,3.0,0,0,0,0,0,0,0,0.0,36,2.3371558119025497,3.0036442913115025,3.065492957830429,0,73
candidate,20260953,2,0,-16.0,3.0,0,0,0,0,0,0,0,0.027777777777777776,36,2.2886053969462714,2.872142009437084,2.9292628169059753,0,73
candidate,20260953,3,0,-16.0,3.0,0,0,0,0,0,0,0,0.027777777777777776,36,2.3155360379152827,3.001679200679064,3.067193552851677,0,73
candidate,20260954,0,0,0.0,2.5,0,0,0,0,0,1,1,0.0,84,2.529866195150784,3.682787343859672,3.7741269916296005,0,168
candidate,20260954,1,0,35.0,1.0,1,0,0,0,0,0,0,0.02531645569620253,79,2.3663582256700417,2.9815109446644783,3.7828832864761353,0,158
candidate,20260954,2,0,-21.0,3.0,0,0,0,0,0,0,0,0.023255813953488372,43,2.3006970539342526,2.8441833332180977,2.9464121907949448,0,87
candidate,20260954,3,0,-23.0,4.0,0,0,1,15,0,0,0,0.03614457831325301,83,2.334187862025686,2.9895357787609087,4.939164966344833,0,166
candidate,20260955,0,2,-16.0,4.0,0,0,1,8,0,0,0,0.030303030303030304,66,2.416455666675712,2.8552012518048286,5.764957517385483,0,131
candidate,20260955,1,2,-8.0,2.5,0,0,0,0,0,0,0,0.0,73,2.530259424692964,3.6218974739313103,6.183171644806862,0,147
candidate,20260955,2,2,32.0,1.0,1,0,0,0,0,0,0,0.0136986301369863,73,2.280307678531294,2.763456851243973,2.908613532781601,0,147
candidate,20260955,3,2,0.0,2.5,0,0,0,0,0,1,1,0.023529411764705882,85,2.251684139756595,2.6705414056777954,2.686617895960808,0,170
candidate,20260956,0,2,-8.0,2.5,0,0,0,0,0,0,0,0.030303030303030304,33,2.3269403274312164,2.764539420604706,2.813052386045456,0,66
candidate,20260956,1,2,-8.0,2.5,0,0,0,0,0,0,0,0.0,35,2.3785261703389033,3.0175453051924706,3.1864605844020844,0,70
candidate,20260956,2,2,-21.0,4.0,0,0,1,13,0,0,0,0.0,33,2.2941416298801247,2.9425762593746185,3.12589667737484,0,66
candidate,20260956,3,2,-8.0,2.5,0,0,0,0,0,0,0,0.09090909090909091,33,2.201946960254149,2.5875169783830643,2.5899726897478104,0,66
candidate,20260957,0,2,33.0,1.0,1,0,0,0,0,0,0,0.027777777777777776,36,2.3769613148437605,3.058149479329586,3.1176339834928513,0,72
candidate,20260957,1,2,-8.0,2.5,0,0,0,0,0,0,0,0.03125,32,2.2826652275398374,2.7457477524876595,2.765413373708725,0,64
candidate,20260957,2,2,-8.0,2.5,0,0,0,0,0,0,0,0.020833333333333332,48,2.2686662074799337,2.7624018490314484,2.8391648083925247,0,96
candidate,20260957,3,2,-17.0,4.0,0,0,1,9,0,0,0,0.016129032258064516,62,2.2714359745863946,2.836440969258547,2.9209237545728683,0,124
candidate,20260958,0,3,-8.0,2.5,0,0,0,0,0,0,0,0.0,30,2.3544903844594955,2.94528380036354,3.049483522772789,0,60
candidate,20260958,1,3,-22.0,3.0,0,0,0,0,0,0,0,0.027777777777777776,36,2.315034417228566,2.885679714381695,3.012286499142647,0,73
candidate,20260958,2,3,-8.0,2.5,0,0,0,0,0,0,0,0.03333333333333333,30,2.2700913871328035,2.7511906810104847,2.826554700732231,0,60
candidate,20260958,3,3,-17.0,4.0,0,0,1,9,0,0,0,0.02040816326530612,49,2.274960545556886,2.82294750213623,2.8830207884311676,0,98
candidate,20260959,0,1,-25.0,3.0,0,0,0,0,0,0,0,0.0,28,2.3655896740300313,2.9146460816264153,2.917284145951271,0,57
candidate,20260959,1,1,75.0,1.0,1,1,0,0,0,0,0,0.10344827586206896,29,2.2436434338832725,2.7438521385192867,2.860547974705696,0,57
candidate,20260959,2,1,-25.0,3.0,0,0,0,0,0,0,0,0.10714285714285714,28,2.2311368291931495,2.60960403829813,2.7729347348213196,0,57
candidate,20260959,3,1,-25.0,3.0,0,0,0,0,0,0,0,0.07142857142857142,28,2.3028950339981487,2.8347335755825043,2.940470352768898,0,57
candidate,20260960,0,3,54.0,1.0,1,1,0,0,0,0,0,0.02,50,2.3959881067276,2.814645227044821,5.305130034685135,0,99
candidate,20260960,1,3,-17.0,3.0,0,0,0,0,0,0,0,0.03896103896103896,77,2.2609724675293092,2.6506833732128143,3.4232717007398605,0,155
candidate,20260960,2,3,54.0,1.0,1,1,0,0,0,0,0,0.046153846153846156,65,2.27154756967838,2.949568629264831,3.1434353440999985,0,129
candidate,20260960,3,3,-8.0,2.5,0,0,0,0,0,0,0,0.05555555555555555,36,2.2226139489147396,2.570651937276125,2.75447778403759,0,72
candidate,20260961,0,3,-24.0,3.0,0,0,0,0,0,0,0,0.02702702702702703,37,2.3434278932777612,2.8778638690710068,2.922171726822853,0,75
candidate,20260961,1,3,48.0,1.0,1,1,0,0,0,0,0,0.07692307692307693,39,2.263438338652635,2.642485499382019,2.7489177882671356,0,77
candidate,20260961,2,3,-16.0,3.0,0,0,0,0,0,0,0,0.07894736842105263,38,2.2736717211572746,2.797587588429451,2.8876233845949173,0,77
candidate,20260961,3,3,-16.0,3.0,0,0,0,0,0,0,0,0.02631578947368421,38,2.260094214426844,2.860864717513323,2.904145047068596,0,77
candidate,20260962,0,1,-8.0,2.5,0,0,0,0,0,0,0,0.022727272727272728,44,2.333696127276529,2.8061972931027412,3.0298233032226562,0,88
candidate,20260962,1,1,0.0,2.5,0,0,0,0,0,1,1,0.04395604395604396,91,2.246460171191247,2.644067630171776,2.71805003285408,0,182
candidate,20260962,2,1,-8.0,2.5,0,0,0,0,0,0,0,0.041666666666666664,48,2.25088590135177,2.7284071780741215,2.8101373463869095,0,96
candidate,20260962,3,1,45.0,1.0,1,0,0,0,0,0,0,0.041666666666666664,48,2.232742573445042,2.7022666297852993,2.731800079345703,0,96
candidate,20260963,0,3,34.0,1.0,1,0,0,0,0,0,0,0.0,23,2.659404569345972,4.20265570282936,4.493221640586853,0,46
candidate,20260963,1,3,-8.0,2.5,0,0,0,0,0,0,0,0.0,23,2.3349160733430283,2.789645828306675,2.8117895126342773,0,46
candidate,20260963,2,3,-18.0,4.0,0,0,1,10,0,0,0,0.043478260869565216,23,2.242786323894625,2.580326423048973,2.6817433536052704,0,46
candidate,20260963,3,3,-8.0,2.5,0,0,0,0,0,0,0,0.043478260869565216,23,2.295732417184374,2.94805858284235,3.0756592750549316,0,46
candidate,20260964,0,2,75.0,1.0,1,1,0,0,0,0,0,0.01818181818181818,55,2.3094424469904467,2.7470843866467476,2.831732854247093,0,109
candidate,20260964,1,2,39.0,1.0,1,0,0,0,0,0,0,0.07894736842105263,38,2.289128244707459,2.8039921075105667,2.8702281415462494,0,76
candidate,20260964,2,2,-24.0,3.0,0,0,0,0,0,0,0,0.018518518518518517,54,2.336003714137607,2.8612597845494747,3.2014157623052597,0,109
candidate,20260964,3,2,-24.0,3.0,0,0,0,0,0,0,0,0.018518518518518517,54,2.308705028284479,2.9385431669652453,3.1491387635469437,0,109
candidate,20260965,0,2,-16.0,4.0,0,0,1,8,0,0,0,0.0,29,2.4696007884781936,3.324854746460914,3.4073349088430405,0,58
candidate,20260965,1,2,-8.0,2.5,0,0,0,0,0,0,0,0.038461538461538464,52,2.2962777875363827,2.618274837732315,3.0582770705223083,0,104
candidate,20260965,2,2,-17.0,4.0,0,0,1,9,0,0,0,0.0,39,2.5849463179325447,3.795895539224148,5.477111786603928,0,78
candidate,20260965,3,2,-17.0,3.0,0,0,0,0,0,0,0,0.0,57,2.403381198906062,3.13846357166767,4.107514396309853,0,115
candidate,20260966,0,1,41.0,1.0,1,0,0,0,0,0,0,0.022727272727272728,44,2.3596108975735577,2.775607258081436,3.2399166375398636,0,88
candidate,20260966,1,1,-18.0,4.0,0,0,1,10,0,0,0,0.0,44,2.339330120858821,2.9387548565864563,3.108762204647064,0,88
candidate,20260966,2,1,-8.0,2.5,0,0,0,0,0,0,0,0.01694915254237288,59,2.3880254603543523,2.9357478022575365,5.567668005824089,0,118
candidate,20260966,3,1,-8.0,2.5,0,0,0,0,0,0,0,0.02,50,2.3487526923418045,3.0729816295206547,3.502810373902321,0,100
candidate,20260967,0,1,-19.0,4.0,0,0,1,11,0,0,0,0.0,37,2.39144784171839,2.7609597891569138,4.8865750432014465,0,74
candidate,20260967,1,1,36.0,1.0,1,0,0,0,0,0,0,0.0,61,2.319332028998703,2.832811325788498,3.978228196501732,0,122
candidate,20260967,2,1,-8.0,2.5,0,0,0,0,0,0,0,0.01639344262295082,61,2.3388267784822183,2.8593018651008606,5.5357590317726135,0,122
candidate,20260967,3,1,-8.0,2.5,0,0,0,0,0,0,0,0.01639344262295082,61,2.294707279957709,2.8462186455726624,3.036908805370331,0,122
candidate,20260968,0,0,0.0,2.5,0,0,0,0,0,1,0,0.0,84,2.4887523392126676,3.077545575797558,6.169378757476807,0,168
candidate,20260968,1,0,-8.0,2.5,0,0,0,0,0,0,0,0.031746031746031744,63,2.3583267771062397,2.8321314603090286,5.200142040848732,0,126
candidate,20260968,2,0,0.0,2.5,0,0,0,0,0,1,1,0.022222222222222223,90,2.312679299049907,2.922946121543646,3.2465048134326935,0,180
candidate,20260968,3,0,34.0,1.0,1,0,0,0,0,0,0,0.011363636363636364,88,2.4550840131599796,3.375492431223392,6.814772263169289,0,176
candidate,20260969,0,0,0.0,2.5,0,0,0,0,0,1,0,0.0,84,2.4974611144335497,3.1996521167457104,4.8568155616521835,0,168
candidate,20260969,1,0,0.0,2.5,0,0,0,0,0,1,1,0.011363636363636364,88,2.3678177544339136,2.8281413018703456,3.627872094511986,0,176
candidate,20260969,2,0,-8.0,2.5,0,0,0,0,0,0,0,0.0,68,2.484620000947924,3.471031878143549,3.871563822031021,0,136
candidate,20260969,3,0,-17.0,4.0,0,0,1,9,0,0,0,0.045454545454545456,66,2.3241745816035704,2.7857786044478416,4.146359860897064,0,132
candidate,20260970,0,1,-8.0,2.5,0,0,0,0,0,0,0,0.0,46,2.4963622588826264,3.044434357434511,4.66172955930233,0,92
candidate,20260970,1,1,-8.0,2.5,0,0,0,0,0,0,0,0.043478260869565216,46,2.354279646407003,2.681688405573368,4.786662757396698,0,92
candidate,20260970,2,1,-19.0,4.0,0,0,1,11,0,0,0,0.021739130434782608,46,2.3295443667017897,2.7472185902297497,3.166031092405319,0,92
candidate,20260970,3,1,32.0,1.0,1,0,0,0,0,0,0,0.046511627906976744,43,2.398886263023975,3.0949827283620834,4.168577492237091,0,86
candidate,20260971,0,3,168.0,1.0,1,1,0,0,0,0,0,0.1,30,2.365058039625486,2.8107857331633563,4.2022280395030975,0,59
candidate,20260971,1,3,-8.0,2.5,0,0,0,0,0,0,0,0.06666666666666667,15,2.3489357282718024,2.7742262929677963,2.8089191764593124,0,30
candidate,20260971,2,3,-8.0,2.5,0,0,0,0,0,0,0,0.09523809523809523,21,2.468748018145561,3.7392508238554,4.0572695434093475,0,42
candidate,20260971,3,3,-8.0,2.5,0,0,0,0,0,0,0,0.0,16,2.378714852966368,3.2548359595239162,3.4230872988700867,0,32
candidate,20260972,0,3,-18.0,4.0,0,0,1,10,0,0,0,0.04878048780487805,41,2.4056387838067077,2.986222505569458,3.6845356225967407,0,82
candidate,20260972,1,3,33.0,1.0,1,0,0,0,0,0,0,0.06451612903225806,62,2.330411646154619,2.823698427528143,3.8782600313425064,0,124
candidate,20260972,2,3,-8.0,2.5,0,0,0,0,0,0,0,0.06666666666666667,30,2.3544570431113243,3.03707905113697,3.2740067690610886,0,60
candidate,20260972,3,3,-16.0,4.0,0,0,1,8,0,0,0,0.0,30,2.450371657808622,3.606235701590776,3.764960914850235,0,60
candidate,20260973,0,3,32.0,1.0,1,0,0,0,0,0,0,0.029411764705882353,34,2.383539398365161,2.806724887341261,2.8617680072784424,0,68
candidate,20260973,1,3,32.0,1.0,1,0,0,0,0,0,0,0.027777777777777776,72,2.3416275055044227,3.009736631065607,3.190062940120697,0,144
candidate,20260973,2,3,-8.0,2.5,0,0,0,0,0,0,0,0.0,34,2.3480964386287857,2.895633783191442,3.2937154173851013,0,68
candidate,20260973,3,3,-8.0,2.5,0,0,0,0,0,0,0,0.0,34,2.4163201451301575,3.044405858963728,4.347953945398331,0,68
candidate,20260974,0,1,-8.0,2.5,0,0,0,0,0,0,0,0.0,73,2.507921818592777,3.2977074384689327,5.5602602660655975,0,146
candidate,20260974,1,1,38.0,1.0,1,0,0,0,0,0,0,0.014705882352941176,68,2.343451275545008,3.0496384017169476,3.167835995554924,0,136
candidate,20260974,2,1,-19.0,4.0,0,0,1,11,0,0,0,0.0,69,2.3993152747119684,3.256747871637344,3.5486407577991486,0,138
candidate,20260974,3,1,-22.0,4.0,0,0,1,14,0,0,0,0.029411764705882353,68,2.328169093850781,2.9069039039313793,2.988673746585846,0,136
candidate,20260975,0,3,-26.0,3.0,0,0,0,0,0,0,0,0.03571428571428571,28,2.34158117590206,2.7454704046249385,3.168148919939995,0,57
candidate,20260975,1,3,-26.0,3.0,0,0,0,0,0,0,0,0.0,28,2.412851434201002,3.052034042775631,3.5852473229169846,0,57
candidate,20260975,2,3,-26.0,3.0,0,0,0,0,0,0,0,0.0,30,2.574130892753601,4.117442667484282,4.676327109336853,0,61
candidate,20260975,3,3,78.0,1.0,1,1,0,0,0,0,0,0.034482758620689655,29,2.319356747742357,2.7307190001010895,3.0387360602617264,0,57
candidate,20260976,0,2,-18.0,3.0,0,0,0,0,0,0,0,0.0625,48,2.3499781576295695,2.7336017228662963,2.9697269201278687,0,97
candidate,20260976,1,2,0.0,2.5,0,0,0,0,0,1,1,0.03529411764705882,85,2.3194904493934967,2.6461023837327957,2.9075779020786285,0,171
candidate,20260976,2,2,-18.0,3.0,0,0,0,0,0,0,0,0.02040816326530612,49,2.4592719820080973,3.4037955105304714,4.168350249528885,0,99
candidate,20260976,3,2,-18.0,3.0,0,0,0,0,0,0,0,0.02040816326530612,49,2.4612806737422943,3.3781956881284705,4.360983148217201,0,99
candidate,20260977,0,2,-21.0,3.0,0,0,0,0,0,0,0,0.0,40,2.6923911180347204,4.124721325933933,6.130386143922806,0,81
candidate,20260977,1,2,-21.0,3.0,0,0,0,0,0,0,0,0.05,40,2.293121535331011,2.737654186785221,2.845846116542816,0,81
candidate,20260977,2,2,-21.0,3.0,0,0,0,0,0,0,0,0.075,40,2.29685609228909,2.8118822723627086,3.0022524297237396,0,81
candidate,20260977,3,2,63.0,1.0,1,1,0,0,0,0,0,0.0,41,2.320593041254253,2.8685685247182846,3.3276360481977463,0,81
candidate,20260978,0,0,-8.0,2.5,0,0,0,0,0,0,0,0.05128205128205128,39,2.3439202266625867,2.709363400936127,3.317181020975113,0,78
candidate,20260978,1,0,-28.0,4.0,0,0,1,20,0,0,0,0.02702702702702703,37,2.3908091054574863,2.7725551277399063,4.704460501670837,0,74
candidate,20260978,2,0,84.0,1.0,1,1,0,0,0,0,0,0.012658227848101266,79,2.3545594532278518,3.1289683654904366,3.504619002342224,0,157
candidate,20260978,3,0,34.0,1.0,1,0,0,0,0,0,0,0.05660377358490566,53,2.2655029974456102,2.686159685254097,2.9522012919187546,0,106
candidate,20260979,0,3,-8.0,2.5,0,0,0,0,0,0,0,0.07142857142857142,28,2.368695900908538,2.842088975012302,2.925083041191101,0,56
candidate,20260979,1,3,-8.0,2.5,0,0,0,0,0,0,0,0.06451612903225806,31,2.3256962097460225,2.826233394443989,3.1203199177980423,0,62
candidate,20260979,2,3,-8.0,2.5,0,0,0,0,0,0,0,0.03225806451612903,31,2.326606802882687,2.9116980731487274,3.0501186847686768,0,62
candidate,20260979,3,3,35.0,1.0,1,0,0,0,0,0,0,0.0,31,2.396309688206642,3.448568284511566,3.82908433675766,0,62
candidate,20260980,0,0,-8.0,2.5,0,0,0,0,0,0,0,0.020833333333333332,48,2.3855811062579355,2.9674033634364605,3.3643729984760284,0,96
candidate,20260980,1,0,44.0,1.0,1,0,0,0,0,0,0,0.0,48,2.6037427984798946,4.048600606620312,4.363724961876869,0,96
candidate,20260980,2,0,-8.0,2.5,0,0,0,0,0,0,0,0.0,48,2.330634160898626,2.8600196354091167,2.9901042580604553,0,96
candidate,20260980,3,0,-30.0,3.0,0,0,0,0,0,0,0,0.03508771929824561,57,2.2866629848354743,2.7846019715070724,3.376208245754242,0,115
candidate,20260981,0,3,-17.0,4.0,0,0,1,9,0,0,0,0.0,43,2.4153500102287113,2.875848487019539,3.363722935318947,0,86
candidate,20260981,1,3,-32.0,4.0,0,0,1,24,0,0,0,0.022727272727272728,44,2.3470319892195137,2.9374861158430576,3.28977033495903,0,88
candidate,20260981,2,3,-8.0,2.5,0,0,0,0,0,0,0,0.023255813953488372,43,2.298918834259344,2.841912768781185,3.1640958040952682,0,86
candidate,20260981,3,3,-8.0,2.5,0,0,0,0,0,0,0,0.023255813953488372,43,2.305422454725864,2.792433463037014,3.2259542495012283,0,86
candidate,20260982,0,0,-19.0,4.0,0,0,1,11,0,0,0,0.022222222222222223,45,2.3620287577311196,2.806951478123665,3.089703619480133,0,90
candidate,20260982,1,0,35.0,1.0,1,0,0,0,0,0,0,0.0,49,2.466097512111372,3.5109367221593835,3.8387998938560486,0,98
candidate,20260982,2,0,-8.0,2.5,0,0,0,0,0,0,0,0.04081632653061224,49,2.2982336504726995,2.865989506244659,3.0718203634023666,0,98
candidate,20260982,3,0,-8.0,2.5,0,0,0,0,0,0,0,0.02040816326530612,49,2.285609401914538,2.6430416852235794,2.8278306126594543,0,98
candidate,20260983,0,0,-27.0,4.0,0,0,1,19,0,0,0,0.08571428571428572,35,2.3251800664833615,2.818985842168331,2.855628728866577,0,70
candidate,20260983,1,0,43.0,1.0,1,0,0,0,0,0,0,0.017543859649122806,57,2.364856141962503,2.869196236133575,3.372805193066597,0,114
candidate,20260983,2,0,-21.0,4.0,0,0,1,13,0,0,0,0.01639344262295082,61,2.3858268729975967,3.105033189058304,3.449872136116028,0,122
candidate,20260983,3,0,-28.0,3.0,0,0,0,0,0,0,0,0.046511627906976744,43,2.253839616165605,2.770879492163658,2.864144742488861,0,87
candidate,20260984,0,2,-18.0,3.0,0,0,0,0,0,0,0,0.018518518518518517,54,2.343165377775828,2.8298805467784405,2.9203202575445175,0,109
candidate,20260984,1,2,-8.0,2.5,0,0,0,0,0,0,0,0.02040816326530612,49,2.367410732775318,2.9932446777820587,3.1902026385068893,0,98
candidate,20260984,2,2,-8.0,2.5,0,0,0,0,0,0,0,0.016666666666666666,60,2.324742420266072,2.9325013980269423,3.5422611981630325,0,120
candidate,20260984,3,2,35.0,1.0,1,0,0,0,0,0,0,0.058823529411764705,34,2.3232946610626053,3.060621861368417,3.416838124394417,0,68
candidate,20260985,0,2,-8.0,2.5,0,0,0,0,0,0,0,0.0,35,2.4742776261908666,3.1573565676808357,3.4052152186632156,0,70
candidate,20260985,1,2,46.0,1.0,1,0,0,0,0,0,0,0.0,35,2.525565613593374,3.5847196355462074,4.0160417556762695,0,70
candidate,20260985,2,2,-30.0,4.0,0,0,1,22,0,0,0,0.0,35,2.34842805990151,2.8267260640859604,3.0873622745275497,0,70
candidate,20260985,3,2,-30.0,4.0,0,0,1,22,0,0,0,0.03125,32,2.376496617216617,3.1480115838348866,3.373457118868828,0,64
candidate,20260986,0,1,-22.0,4.0,0,0,1,14,0,0,0,0.028169014084507043,71,2.3739644339386845,2.9007643461227417,3.1673721969127655,0,143
candidate,20260986,1,1,34.0,1.0,1,0,0,0,0,0,0,0.027777777777777776,36,2.393803455763393,3.0030133202672005,3.354225307703018,0,72
candidate,20260986,2,1,-8.0,2.5,0,0,0,0,0,0,0,0.031746031746031744,63,2.3735560003727203,3.18054798990488,4.1995421051979065,0,126
candidate,20260986,3,1,-8.0,2.5,0,0,0,0,0,0,0,0.03076923076923077,65,2.3404734639021068,3.0318062752485275,3.2333042472600937,0,130
candidate,20260987,0,3,-8.0,2.5,0,0,0,0,0,0,0,0.0,68,2.4216093177742817,3.1106287613511086,3.3758338540792465,0,136
candidate,20260987,1,3,42.0,1.0,1,0,0,0,0,0,0,0.0,85,2.4458991692346683,3.286941349506378,3.4148674458265305,0,170
candidate,20260987,2,3,-8.0,2.5,0,0,0,0,0,0,0,0.0,81,2.3831669931058532,3.310268744826317,4.217285662889481,0,162
candidate,20260987,3,3,-8.0,2.5,0,0,0,0,0,0,0,0.0,85,2.4577440803541855,3.247933089733124,3.6552678793668747,0,170
candidate,20260988,0,2,-27.0,3.0,0,0,0,0,0,0,0,0.03488372093023256,86,2.364640080824841,2.7897702530026436,3.80849651992321,0,173
candidate,20260988,1,2,-26.0,4.0,0,0,1,18,0,0,0,0.023255813953488372,86,2.4081265857053356,3.1746611930429935,3.348136320710182,0,172
candidate,20260988,2,2,-8.0,2.5,0,0,0,0,0,0,0,0.02702702702702703,37,2.300827034019135,2.8203669935464855,3.215393051505089,0,74
candidate,20260988,3,2,-27.0,3.0,0,0,0,0,0,0,0,0.03488372093023256,86,2.237452605609284,2.552345395088196,2.970954403281212,0,173
candidate,20260989,0,3,60.0,1.0,1,1,0,0,0,0,0,0.0,23,2.61568302369636,3.8058757781982417,4.0490273386240005,0,45
candidate,20260989,1,3,-16.0,3.0,0,0,0,0,0,0,0,0.047619047619047616,21,2.396520670680773,3.0659493058919907,3.108847886323929,0,43
candidate,20260989,2,3,-20.0,3.0,0,0,0,0,0,0,0,0.0,22,2.4040629240599545,3.0507221817970276,3.091162070631981,0,45
candidate,20260989,3,3,-20.0,3.0,0,0,0,0,0,0,0,0.045454545454545456,22,2.2894695231860336,2.7875978499650955,2.9201116412878036,0,45
candidate,20260990,0,0,-16.0,4.0,0,0,1,8,0,0,0,0.0,48,2.4908205571894846,3.0999839305877686,3.5592857748270035,0,96
candidate,20260990,1,0,0.0,2.5,0,0,0,0,0,1,1,0.012658227848101266,79,2.3676869989950444,3.0203776434063907,3.5460814833641052,0,158
candidate,20260990,2,0,-8.0,2.5,0,0,0,0,0,0,0,0.0,60,2.3617498266200223,2.9927265830338,3.4054946154356003,0,120
candidate,20260990,3,0,-8.0,2.5,0,0,0,0,0,0,0,0.06578947368421052,76,2.277469213463758,2.748007420450449,2.9454175382852554,0,152
candidate,20260991,0,3,-8.0,2.5,0,0,0,0,0,0,0,0.0425531914893617,47,2.374596338956914,3.072815760970115,3.2232552766799927,0,94
candidate,20260991,1,3,-28.0,4.0,0,0,1,20,0,0,0,0.06382978723404255,47,2.27984441246124,2.706148661673069,2.9389169067144394,0,94
candidate,20260991,2,3,44.0,1.0,1,0,0,0,0,0,0,0.02127659574468085,47,2.348424589380305,3.0154461041092873,3.2232627272605896,0,94
candidate,20260991,3,3,-27.0,4.0,0,0,1,19,0,0,0,0.0,25,2.3447594046592712,3.0019078403711315,3.400517627596855,0,50
candidate,20260992,0,0,48.0,1.0,1,0,0,0,0,0,0,0.0,41,2.435266199271853,3.153465688228607,3.762057051062584,0,82
candidate,20260992,1,0,-8.0,2.5,0,0,0,0,0,0,0,0.020833333333333332,48,2.3280216458564005,2.7442206628620625,2.7853958308696747,0,96
candidate,20260992,2,0,66.0,1.0,1,1,0,0,0,0,0,0.04,50,2.290312349796295,2.8981057927012444,3.0544549226760864,0,99
candidate,20260992,3,0,-22.0,3.0,0,0,0,0,0,0,0,0.02040816326530612,49,2.3585689463177504,3.06655503809452,3.480425104498863,0,99
candidate,20260993,0,1,-8.0,2.5,0,0,0,0,0,0,0,0.0,29,2.6229939198699492,3.8592372089624396,4.108581691980362,0,58
candidate,20260993,1,1,-8.0,2.5,0,0,0,0,0,0,0,0.034482758620689655,29,2.4258855344920325,3.1017549335956573,3.59344482421875,0,58
candidate,20260993,2,1,-16.0,4.0,0,0,1,8,0,0,0,0.0,33,2.3411546805591295,2.9054611921310425,3.251878544688225,0,66
candidate,20260993,3,1,-17.0,3.0,0,0,0,0,0,0,0,0.13636363636363635,22,2.252568829465996,2.670860756188631,2.8089620172977448,0,45
candidate,20260994,0,1,48.0,1.0,1,1,0,0,0,0,0,0.058823529411764705,17,2.4279771263108536,3.2156329602003098,3.4115295857191086,0,33
candidate,20260994,1,1,-8.0,2.5,0,0,0,0,0,0,0,0.06060606060606061,33,2.295860851352865,2.651987224817276,2.743516117334366,0,66
candidate,20260994,2,1,-17.0,4.0,0,0,1,9,0,0,0,0.04878048780487805,41,2.2878896717618153,2.799609676003456,2.8599482029676437,0,82
candidate,20260994,3,1,-8.0,2.5,0,0,0,0,0,0,0,0.07142857142857142,14,2.2707670660955563,2.6553875766694546,2.6661884039640427,0,28
candidate,20260995,0,2,-17.0,3.0,0,0,0,0,0,0,0,0.012987012987012988,77,2.3768811982560467,2.875115722417832,3.2912511378526688,0,155
candidate,20260995,1,2,-17.0,3.0,0,0,0,0,0,0,0,0.025974025974025976,77,2.3049381984905764,2.8149791061878204,3.049524500966072,0,155
candidate,20260995,2,2,-8.0,2.5,0,0,0,0,0,0,0,0.0,74,2.321216554657833,2.8728378005325794,3.265349194407463,0,148
candidate,20260995,3,2,-8.0,2.5,0,0,0,0,0,0,0,0.02702702702702703,74,2.2507815344913586,2.6312160305678844,3.0828025192022324,0,148
candidate,20260996,0,3,-17.0,3.0,0,0,0,0,0,0,0,0.01818181818181818,55,2.6495556939731943,3.665700554847717,4.0012989193201065,0,111
candidate,20260996,1,3,-38.0,4.0,0,0,1,30,0,0,0,0.0,52,2.5414021757359686,3.506191540509462,4.645908251404762,0,104
candidate,20260996,2,3,-16.0,4.0,0,0,1,8,0,0,0,0.0,81,2.5353759849145088,3.864685073494911,4.930092021822929,0,162
candidate,20260996,3,3,-8.0,2.5,0,0,0,0,0,0,0,0.019230769230769232,52,2.4218714724366484,3.4870742820203304,4.275910556316376,0,104
candidate,20260997,0,0,-8.0,2.5,0,0,0,0,0,0,0,0.0,41,2.577705354225345,3.461576998233795,3.9961468428373337,0,82
candidate,20260997,1,0,36.0,1.0,1,0,0,0,0,0,0,0.0,41,2.4617910839435533,3.403177484869957,4.969468340277672,0,82
candidate,20260997,2,0,-8.0,2.5,0,0,0,0,0,0,0,0.024390243902439025,41,2.3046482990427717,2.8068087995052338,3.2008476555347443,0,82
candidate,20260997,3,0,-8.0,2.5,0,0,0,0,0,0,0,0.02127659574468085,47,2.296767851456683,2.7225932106375694,2.7673356235027313,0,94
candidate,20260998,0,2,-8.0,2.5,0,0,0,0,0,0,0,0.03389830508474576,59,2.363955949322652,2.783960849046707,3.0356887727975845,0,118
candidate,20260998,1,2,0.0,2.5,0,0,0,0,0,1,1,0.0,84,2.545617964296114,3.3638091757893562,3.6773160099983215,0,168
candidate,20260998,2,2,32.0,1.0,1,0,0,0,0,0,0,0.015384615384615385,65,2.469753473997116,3.459005057811737,4.48925606906414,0,130
candidate,20260998,3,2,-8.0,2.5,0,0,0,0,0,0,0,0.015384615384615385,65,2.330139078772985,2.7415666729211807,2.8952527791261673,0,130
candidate,20260999,0,3,81.0,1.0,1,1,0,0,0,0,0,0.04,50,2.3371555656194687,2.7775857597589493,3.081679344177246,0,99
candidate,20260999,1,3,-23.0,3.0,0,0,0,0,0,0,0,0.0,49,2.4437185148803557,3.3886335790157314,3.9903558790683746,0,99
candidate,20260999,2,3,-27.0,3.0,0,0,0,0,0,0,0,0.04081632653061224,49,2.3225211367315177,2.8859347105026236,3.378918394446373,0,99
candidate,20260999,3,3,32.0,1.0,1,0,0,0,0,0,0,0.0,40,2.466947538778186,3.3910715021193027,3.888895735144615,0,80
candidate,20261000,0,0,-17.0,4.0,0,0,1,9,0,0,0,0.02702702702702703,37,2.7398724813719055,4.1935246437788,4.973802715539932,0,74
candidate,20261000,1,0,-17.0,4.0,0,0,1,9,0,0,0,0.0,50,2.397199124097824,3.0066280625760555,3.0630603432655334,0,100
candidate,20261000,2,0,32.0,1.0,1,0,0,0,0,0,0,0.03333333333333333,60,2.2734538031121097,2.709536626935005,3.077607601881027,0,120
candidate,20261000,3,0,34.0,1.0,1,0,0,0,0,0,0,0.0,66,2.361720935864882,3.2347836531698704,3.7033632397651672,0,132
candidate,20261001,0,0,51.0,1.0,1,1,0,0,0,0,0,0.014492753623188406,69,2.3711004928834196,2.9297068715095516,3.0271727591753006,0,137
candidate,20261001,1,0,-8.0,2.5,0,0,0,0,0,0,0,0.0,31,2.33735264308991,2.911122515797615,2.95257568359375,0,62
candidate,20261001,2,0,87.0,1.0,1,1,0,0,0,0,0,0.0,67,2.394040879696163,3.1721713021397586,3.4773945808410645,0,133
candidate,20261001,3,0,-20.0,4.0,0,0,1,12,0,0,0,0.046511627906976744,43,2.3046902619129,2.7684999629855156,3.0287038534879684,0,86
candidate,20261002,0,3,-8.0,2.5,0,0,0,0,0,0,0,0.0,36,2.5433270881573358,3.5488754510879517,3.8957037031650543,0,72
candidate,20261002,1,3,-8.0,2.5,0,0,0,0,0,0,0,0.0,35,2.4531534739903043,3.187020868062973,3.4295525401830673,0,70
candidate,20261002,2,3,-8.0,2.5,0,0,0,0,0,0,0,0.047619047619047616,42,2.2405731890882765,2.7160041034221645,2.976341173052788,0,84
candidate,20261002,3,3,-17.0,4.0,0,0,1,9,0,0,0,0.08333333333333333,36,2.2393654411037764,2.563491463661194,2.7404334396123886,0,72
candidate,20261003,0,1,-18.0,3.0,0,0,0,0,0,0,0,0.0,42,2.500677348247596,3.265276737511158,3.6649201065301895,0,85
candidate,20261003,1,1,-18.0,3.0,0,0,0,0,0,0,0,0.023809523809523808,42,2.3671710597617284,3.009460773319005,3.388579934835434,0,85
candidate,20261003,2,1,-18.0,4.0,0,0,1,10,0,0,0,0.02564102564102564,39,2.307033787171046,2.7046173810958862,3.245968371629715,0,78
candidate,20261003,3,1,-18.0,3.0,0,0,0,0,0,0,0,0.047619047619047616,42,2.3151721273149763,2.9393553733825684,3.5024844110012054,0,85
candidate,20261004,0,1,-8.0,2.5,0,0,0,0,0,0,0,0.0,53,2.3862349115452677,2.9508743435144424,3.3057834953069687,0,107
candidate,20261004,1,1,60.0,1.0,1,1,0,0,0,0,0,0.04878048780487805,41,2.3392061362179315,2.8581898659467697,2.9702316969633102,0,80
candidate,20261004,2,1,-17.0,4.0,0,0,1,9,0,0,0,0.0,53,2.4166504659180372,3.2881036400794983,3.4334566444158554,0,107
candidate,20261004,3,1,-8.0,2.5,0,0,0,0,0,0,0,0.05714285714285714,35,2.302809857896396,2.9375851154327393,2.9711388051509857,0,71
candidate,20261005,0,3,0.0,2.5,0,0,0,0,0,1,0,0.0,87,2.414361862786885,2.918967418372631,3.1968504190444946,0,174
candidate,20261005,1,3,45.0,1.0,1,0,0,0,0,0,0,0.02564102564102564,39,2.401767680660272,3.0633902177214622,3.208870068192482,0,78
candidate,20261005,2,3,-21.0,3.0,0,0,0,0,0,0,0,0.043478260869565216,69,2.2573634928119355,2.600989490747452,2.6142913848161697,0,139
candidate,20261005,3,3,0.0,2.5,0,0,0,0,0,1,1,0.011764705882352941,85,2.3133118362987743,2.8567086905241013,3.4080352634191513,0,170
candidate,20261006,0,0,44.0,1.0,1,0,0,0,0,0,0,0.019230769230769232,52,2.3498493246734142,2.984695509076118,3.1087584793567657,0,104
candidate,20261006,1,0,54.0,1.0,1,1,0,0,0,0,0,0.047619047619047616,42,2.32977672879185,3.017379995435476,3.3295638859272003,0,83
candidate,20261006,2,0,-8.0,2.5,0,0,0,0,0,0,0,0.025,40,2.2998088505119085,2.863653749227524,2.937356010079384,0,80
candidate,20261006,3,0,-17.0,4.0,0,0,1,9,0,0,0,0.0,36,2.289744456195169,2.790936268866062,2.8115157037973404,0,72
candidate,20261007,0,0,-33.0,3.0,0,0,0,0,0,0,0,0.0196078431372549,51,2.3721337099285686,2.898269332945347,2.93939933180809,0,103
candidate,20261007,1,0,99.0,1.0,1,1,0,0,0,0,0,0.0,52,2.335059384887035,2.9432962648570538,3.046289086341858,0,103
candidate,20261007,2,0,-33.0,3.0,0,0,0,0,0,0,0,0.0196078431372549,51,2.2882886377035403,2.9132794588804245,3.1108390539884567,0,103
candidate,20261007,3,0,-33.0,3.0,0,0,0,0,0,0,0,0.0,51,2.35177112706736,3.2557984814047813,3.5300366580486298,0,103
candidate,20261008,0,0,-19.0,4.0,0,0,1,11,0,0,0,0.023255813953488372,43,2.3703792154095895,2.92250607162714,2.987939864397049,0,86
candidate,20261008,1,0,-8.0,2.5,0,0,0,0,0,0,0,0.0,70,2.4167611662830626,3.2982656732201576,3.420555964112282,0,140
candidate,20261008,2,0,0.0,2.5,0,0,0,0,0,1,1,0.011904761904761904,84,2.287387448762144,2.8486983850598326,3.374120220541954,0,168
candidate,20261008,3,0,32.0,1.0,1,0,0,0,0,0,0,0.046153846153846156,65,2.2134168789936948,2.600676938891411,2.8546489775180817,0,130
candidate,20261009,0,1,33.0,1.0,1,0,0,0,0,0,0,0.03389830508474576,59,2.3006411679720475,2.735742926597595,2.822132781147957,0,118
candidate,20261009,1,1,-8.0,2.5,0,0,0,0,0,0,0,0.02,50,2.327641062438488,2.9219532385468483,3.0819345265626907,0,100
candidate,20261009,2,1,32.0,1.0,1,0,0,0,0,0,0,0.0,44,2.310966056856242,3.081982955336571,3.45706008374691,0,88
candidate,20261009,3,1,-8.0,2.5,0,0,0,0,0,0,0,0.01694915254237288,59,2.246650504106182,2.7233950793743134,2.7725324034690857,0,118
candidate,20261010,0,2,-8.0,2.5,0,0,0,0,0,0,0,0.01282051282051282,78,2.43101066026168,3.266980778425931,3.505125641822815,0,156
candidate,20261010,1,2,57.0,1.0,1,1,0,0,0,0,0,0.04477611940298507,67,2.255699611199436,2.644994296133518,2.7633793652057648,0,133
candidate,20261010,2,2,0.0,2.5,0,0,0,0,0,1,1,0.0,83,2.476488677672593,3.523455932736397,3.939475864171982,0,166
candidate,20261010,3,2,0.0,2.5,0,0,0,0,0,1,1,0.024390243902439025,82,2.2483080080369624,2.7302568778395653,2.8094742447137833,0,164
candidate,20261011,0,1,-8.0,2.5,0,0,0,0,0,0,0,0.05,40,2.304439153522253,2.825435623526573,2.858435735106468,0,80
candidate,20261011,1,1,-8.0,2.5,0,0,0,0,0,0,0,0.024390243902439025,41,2.355561523539264,3.080524504184723,3.162780776619911,0,82
candidate,20261011,2,1,32.0,1.0,1,0,0,0,0,0,0,0.02631578947368421,38,2.2660974707258377,2.7855511754751205,2.8701070696115494,0,76
candidate,20261011,3,1,-8.0,2.5,0,0,0,0,0,0,0,0.024390243902439025,41,2.2785205666611836,2.889743074774742,2.944672480225563,0,82
candidate,20261012,0,2,-18.0,4.0,0,0,1,10,0,0,0,0.0,29,2.356961112597893,2.8811875730752945,2.8932392597198486,0,58
candidate,20261012,1,2,-16.0,4.0,0,0,1,8,0,0,0,0.0,54,2.2971618368669793,2.8361262753605843,2.858094871044159,0,108
candidate,20261012,2,2,32.0,1.0,1,0,0,0,0,0,0,0.018518518518518517,54,2.268073493959727,2.8332892805337906,2.8967633843421936,0,108
candidate,20261012,3,2,-8.0,2.5,0,0,0,0,0,0,0,0.0,54,2.4519460275769234,3.5915406420826907,3.930758684873581,0,108
candidate,20261013,0,1,-28.0,4.0,0,0,1,20,0,0,0,0.030303030303030304,33,2.324617439598748,2.8560005128383636,2.910451963543892,0,66
candidate,20261013,1,1,-8.0,2.5,0,0,0,0,0,0,0,0.04,25,2.492307648062706,3.6166522651910773,3.711264580488205,0,50
candidate,20261013,2,1,44.0,1.0,1,0,0,0,0,0,0,0.08,25,2.243254631757736,2.710619196295738,2.779027447104454,0,50
candidate,20261013,3,1,-8.0,2.5,0,0,0,0,0,0,0,0.0,29,2.364760521670868,3.1325854361057277,3.1944476068019867,0,58
candidate,20261014,0,1,90.0,1.0,1,1,0,0,0,0,0,0.018867924528301886,53,2.3589134567751073,3.0258648097515106,3.3617690205574036,0,105
candidate,20261014,1,1,-30.0,3.0,0,0,0,0,0,0,0,0.019230769230769232,52,2.2924672454022446,2.7810373343527317,3.0067600309848785,0,105
candidate,20261014,2,1,-30.0,3.0,0,0,0,0,0,0,0,0.0,52,2.3266517628843966,3.0726514756679535,3.140553832054138,0,105
candidate,20261014,3,1,-30.0,3.0,0,0,0,0,0,0,0,0.038461538461538464,52,2.253375481814146,2.7811720967292786,2.9530879110097885,0,105
candidate,20261015,0,2,-8.0,2.5,0,0,0,0,0,0,0,0.0,32,2.3868384887464345,2.9643007554113865,3.080252557992935,0,64
candidate,20261015,1,2,32.0,1.0,1,0,0,0,0,0,0,0.08108108108108109,37,2.225743405319549,2.6132378727197647,2.8125178068876266,0,74
candidate,20261015,2,2,-17.0,4.0,0,0,1,9,0,0,0,0.06976744186046512,43,2.1972599071125654,2.5314586237072945,2.723369747400284,0,87
candidate,20261015,3,2,51.0,1.0,1,1,0,0,0,0,0,0.027777777777777776,36,2.337157726287842,3.179448191076517,3.4301746636629105,0,71
candidate,20261016,0,0,-16.0,4.0,0,0,1,8,0,0,0,0.02702702702702703,74,2.3289917892700918,2.78574014082551,3.702014684677124,0,149
candidate,20261016,1,0,-16.0,4.0,0,0,1,8,0,0,0,0.0,61,2.4349414667145153,3.2809562981128693,3.506900742650032,0,122
candidate,20261016,2,0,-8.0,2.5,0,0,0,0,0,0,0,0.03278688524590164,61,2.271173827227999,2.7664732187986374,3.6151036620140076,0,122
candidate,20261016,3,0,-8.0,2.5,0,0,0,0,0,0,0,0.04918032786885246,61,2.2130168546907236,2.5375597178936005,2.90713831782341,0,122
candidate,20261017,0,2,-8.0,2.5,0,0,0,0,0,0,0,0.047619047619047616,42,2.28208831200997,2.769985515624284,2.793826162815094,0,84
candidate,20261017,1,2,-16.0,4.0,0,0,1,8,0,0,0,0.05,20,2.300551626831293,2.7622168883681297,2.7804747223854065,0,40
candidate,20261017,2,2,32.0,1.0,1,0,0,0,0,0,0,0.08571428571428572,35,2.244967914053372,2.756396308541298,2.815835177898407,0,70
candidate,20261017,3,2,32.0,1.0,1,0,0,0,0,0,0,0.0,20,2.253569196909666,2.994482684880495,3.0528996139764786,0,40
candidate,20261018,0,3,-20.0,4.0,0,0,1,12,0,0,0,0.0,41,2.401839760018558,3.1023677438497543,3.240572288632393,0,83
candidate,20261018,1,3,-19.0,4.0,0,0,1,11,0,0,0,0.02127659574468085,47,2.293449251892719,2.811597473919391,2.85160169005394,0,93
candidate,20261018,2,3,-8.0,2.5,0,0,0,0,0,0,0,0.019230769230769232,52,2.3561534830010853,3.2431848347187033,3.831028938293457,0,105
candidate,20261018,3,3,-8.0,2.5,0,0,0,0,0,0,0,0.021739130434782608,46,2.376000801830188,3.3295899629592896,3.372063860297203,0,93
candidate,20261019,0,3,-20.0,4.0,0,0,1,12,0,0,0,0.02666666666666667,75,2.3060319324334464,2.6680875569581985,3.6159008741378784,0,150
candidate,20261019,1,3,99.0,1.0,1,1,0,0,0,0,0,0.0,67,2.3222915105410475,2.8790852054953575,2.9282737523317337,0,133
candidate,20261019,2,3,-33.0,3.0,0,0,0,0,0,0,0,0.0,66,2.4148859083652496,3.3673192374408245,3.5872627049684525,0,133
candidate,20261019,3,3,10.0,2.0,0,0,0,0,0,0,0,0.014084507042253521,71,2.2634016481083883,2.8021205216646194,2.941945567727089,1,143
candidate,20261020,0,3,32.0,1.0,1,0,0,0,0,0,0,0.01818181818181818,55,2.2780641913414,2.6745224371552467,2.7840230613946915,0,110
candidate,20261020,1,3,-8.0,2.5,0,0,0,0,0,0,0,0.03636363636363636,55,2.2401153363964776,2.599157579243183,2.7237925678491592,0,110
candidate,20261020,2,3,-16.0,4.0,0,0,1,8,0,0,0,0.015873015873015872,63,2.2715252365857834,2.7545910328626633,2.878500148653984,0,126
candidate,20261020,3,3,-8.0,2.5,0,0,0,0,0,0,0,0.0,55,2.369883893565698,3.087013028562069,3.283955156803131,0,110
candidate,20261021,0,0,35.0,1.0,1,0,0,0,0,0,0,0.015625,64,2.310213982127607,2.792628575116396,2.9301848262548447,0,128
candidate,20261021,1,0,-8.0,2.5,0,0,0,0,0,0,0,0.0,85,2.32381213675527,2.892656996846199,2.9522422701120377,0,170
candidate,20261021,2,0,-8.0,2.5,0,0,0,0,0,0,0,0.03389830508474576,59,2.2231134570251077,2.7356682345271106,2.884168177843094,0,118
candidate,20261021,3,0,-8.0,2.5,0,0,0,0,0,0,0,0.03508771929824561,57,2.2516155844194845,2.760569378733635,4.04156930744648,0,114
candidate,20261022,0,2,-20.0,3.0,0,0,0,0,0,0,0,0.06451612903225806,31,2.352154182810937,2.8418665751814842,2.8475094586610794,0,63
candidate,20261022,1,2,-20.0,3.0,0,0,0,0,0,0,0,0.03225806451612903,31,2.2858812083159723,2.8326865285634995,2.9695872217416763,0,63
candidate,20261022,2,2,60.0,1.0,1,1,0,0,0,0,0,0.125,32,2.1780094248242676,2.5381742045283318,2.5991760194301605,0,63
candidate,20261022,3,2,-20.0,3.0,0,0,0,0,0,0,0,0.0,31,2.305260168448571,3.1244391575455666,3.2626334577798843,0,63
candidate,20261023,0,3,-18.0,4.0,0,0,1,10,0,0,0,0.02040816326530612,49,2.3124859649307874,2.7703203260898586,2.8821900486946106,0,98
candidate,20261023,1,3,33.0,1.0,1,0,0,0,0,0,0,0.024390243902439025,82,2.283469274094919,2.64084804803133,3.6852769553661346,0,164
candidate,20261023,2,3,-8.0,2.5,0,0,0,0,0,0,0,0.061224489795918366,49,2.210590570252769,2.6081535965204234,2.7614515274763107,0,98
candidate,20261023,3,3,-8.0,2.5,0,0,0,0,0,0,0,0.0,49,2.2913887716677723,2.8484228998422623,3.9287805557250977,0,98
candidate,20261024,0,1,0.0,2.5,0,0,0,0,0,1,1,0.053763440860215055,93,2.361020694176356,3.088993206620216,4.292044788599014,0,186
candidate,20261024,1,1,-8.0,2.5,0,0,0,0,0,0,0,0.05555555555555555,54,2.268795165474768,2.836017776280641,2.9502809047698975,0,108
candidate,20261024,2,1,-19.0,3.0,0,0,0,0,0,0,0,0.03125,64,2.235639520222321,2.66270712018013,2.9139239341020584,0,129
candidate,20261024,3,1,-30.0,4.0,0,0,1,22,0,0,0,0.015384615384615385,65,2.3947293082108865,3.358577191829681,5.256364122033119,0,130
candidate,20261025,0,1,-8.0,2.5,0,0,0,0,0,0,0,0.03333333333333333,60,2.2993617691099644,2.815123740583658,2.8817839920520782,0,120
candidate,20261025,1,1,57.0,1.0,1,1,0,0,0,0,0,0.0,51,2.3373817550201044,3.1627342104911804,3.2859090715646744,0,101
candidate,20261025,2,1,-20.0,4.0,0,0,1,12,0,0,0,0.05,60,2.2080649311343827,2.545108739286661,2.635309472680092,0,120
candidate,20261025,3,1,35.0,1.0,1,0,0,0,0,0,0,0.017543859649122806,57,2.3030448508890053,2.8748448938131332,2.9119737446308136,0,114
candidate,20261026,0,2,-20.0,3.0,0,0,0,0,0,0,0,0.0,46,2.4239936357607013,3.2231835648417473,3.3602993935346603,0,93
candidate,20261026,1,2,34.0,1.0,1,0,0,0,0,0,0,0.043478260869565216,46,2.2652662642624066,2.6994487270712852,2.782164141535759,0,92
candidate,20261026,2,2,-8.0,2.5,0,0,0,0,0,0,0,0.0,49,2.313004578558766,3.1239282339811325,3.471575677394867,0,98
candidate,20261026,3,2,-8.0,2.5,0,0,0,0,0,0,0,0.041666666666666664,48,2.2757595482592783,2.894263993948698,3.1035244464874268,0,96
candidate,20261027,0,0,0.0,2.5,0,0,0,0,0,1,1,0.011764705882352941,85,2.3269723005154552,2.7881797403097153,2.8322096914052963,0,170
candidate,20261027,1,0,34.0,1.0,1,0,0,0,0,0,0,0.0,52,2.444484271109104,3.657673485577105,4.201538860797882,0,104
candidate,20261027,2,0,0.0,2.5,0,0,0,0,0,1,1,0.0,85,2.483181326704867,3.5845316946506496,4.225986078381538,0,170
candidate,20261027,3,0,0.0,2.5,0,0,0,0,0,1,1,0.023529411764705882,85,2.250746571842362,2.687608450651169,2.8660017997026443,0,170
candidate,20261028,0,0,-17.0,4.0,0,0,1,9,0,0,0,0.025974025974025976,77,2.3415137275859905,2.928953990340233,3.059105947613716,0,154
candidate,20261028,1,0,-8.0,2.5,0,0,0,0,0,0,0,0.012048192771084338,83,2.2845634494919373,2.7954196557402606,2.85513699054718,0,166
candidate,20261028,2,0,-48.0,4.0,0,0,1,40,1,0,0,0.06578947368421052,76,2.245398262809766,2.6762783527374268,2.733992412686348,0,152
candidate,20261028,3,0,54.0,1.0,1,1,0,0,0,0,0,0.012048192771084338,83,2.343985734574766,3.213901445269584,3.3453963696956635,0,165
candidate,20261029,0,2,-32.0,3.0,0,0,0,0,0,0,0,0.0196078431372549,51,2.37207304613263,3.069099970161915,3.3566318452358246,0,103
candidate,20261029,1,2,-32.0,3.0,0,0,0,0,0,0,0,0.0196078431372549,51,2.322213541643292,2.8845928609371185,3.1376518309116364,0,103
candidate,20261029,2,2,-32.0,3.0,0,0,0,0,0,0,0,0.0392156862745098,51,2.2320476378880296,2.6604430750012398,2.7671828866004944,0,103
candidate,20261029,3,2,96.0,1.0,1,1,0,0,0,0,0,0.0,52,2.366846463141533,3.305055852979421,3.5298913717269897,0,103
candidate,20261030,0,1,34.0,1.0,1,0,0,0,0,0,0,0.058823529411764705,34,2.430147765313878,2.8983077965676785,6.394548341631889,0,68
candidate,20261030,1,1,-18.0,4.0,0,0,1,10,0,0,0,0.058823529411764705,34,2.3452457697952496,2.8729572892189026,3.3268239349126816,0,68
candidate,20261030,2,1,-8.0,2.5,0,0,0,0,0,0,0,0.058823529411764705,34,2.2579775027492466,2.8885459527373314,2.926250919699669,0,68
candidate,20261030,3,1,-19.0,3.0,0,0,0,0,0,0,0,0.0,34,2.3237193989403107,3.083996567875147,3.1813066452741623,0,69
candidate,20261031,0,2,-8.0,2.5,0,0,0,0,0,0,0,0.047619047619047616,42,2.3401553432146707,2.6547973975539207,4.893075674772263,0,84
candidate,20261031,1,2,-8.0,2.5,0,0,0,0,0,0,0,0.05128205128205128,39,2.283985416094462,2.8223682194948196,2.8862934559583664,0,78
candidate,20261031,2,2,54.0,1.0,1,1,0,0,0,0,0,0.0,42,2.353239937552384,3.329057712107897,3.3803321421146393,0,83
candidate,20261031,3,2,-22.0,4.0,0,0,1,14,0,0,0,0.05128205128205128,39,2.2116595735916724,2.571807987987995,2.5997720658779144,0,78
candidate,20261032,0,1,-8.0,2.5,0,0,0,0,0,0,0,0.058823529411764705,34,2.339205759413102,2.938910573720932,3.019481897354126,0,68
candidate,20261032,1,1,57.0,1.0,1,1,0,0,0,0,0,0.03125,32,2.4758699000813067,3.9641361683607084,6.523815914988518,0,63
candidate,20261032,2,1,-20.0,3.0,0,0,0,0,0,0,0,0.0,31,2.391451669316138,3.21138184517622,3.3035296946763992,0,63
candidate,20261032,3,1,-20.0,3.0,0,0,0,0,0,0,0,0.03225806451612903,31,2.2337624743100135,2.727171406149864,2.7872901409864426,0,63
candidate,20261033,0,0,0.0,2.5,0,0,0,0,0,1,1,0.012345679012345678,81,2.414172239325665,3.1891148537397385,3.500869497656822,0,161
candidate,20261033,1,0,33.0,1.0,1,0,0,0,0,0,0,0.025,80,2.3797894828021526,3.111189790070057,6.231095641851425,0,159
candidate,20261033,2,0,-8.0,2.5,0,0,0,0,0,0,0,0.013157894736842105,76,2.3083260135823176,2.9805535450577736,3.4166239202022552,0,153
candidate,20261033,3,0,33.0,1.0,1,0,0,0,0,0,0,0.0,74,2.350245224865707,3.1586263328790665,3.284487873315811,0,148
candidate,20261034,0,2,-21.0,4.0,0,0,1,13,0,0,0,0.02702702702702703,37,2.437342008626139,2.921788766980171,5.273317918181419,0,74
candidate,20261034,1,2,-8.0,2.5,0,0,0,0,0,0,0,0.08108108108108109,37,2.2628031469680168,2.701940760016441,2.824084833264351,0,74
candidate,20261034,2,2,-8.0,2.5,0,0,0,0,0,0,0,0.02702702702702703,37,2.3404771613108144,2.9508493840694396,3.9892010390758514,0,74
candidate,20261034,3,2,37.0,1.0,1,0,0,0,0,0,0,0.08108108108108109,37,2.2239343238037987,2.813189104199409,2.936549484729767,0,74
candidate,20261035,0,0,0.0,2.5,0,0,0,0,0,1,0,0.012048192771084338,83,2.4677789938378045,3.0690142884850498,5.71545772254467,0,166
candidate,20261035,1,0,-8.0,2.5,0,0,0,0,0,0,0,0.0,44,2.2825483571399343,2.7803264558315277,2.929113805294037,0,88
candidate,20261035,2,0,-8.0,2.5,0,0,0,0,0,0,0,0.03125,64,2.2734847443643957,2.9287531971931458,3.0761566013097763,0,129
candidate,20261035,3,0,0.0,2.5,0,0,0,0,0,1,0,0.023809523809523808,84,2.442147494072006,3.0064912512898445,3.6996565759181976,0,169
candidate,20261036,0,1,-27.0,4.0,0,0,1,19,0,0,0,0.044444444444444446,45,2.4441207034720316,3.027047216892242,5.986247211694717,0,90
candidate,20261036,1,1,43.0,1.0,1,0,0,0,0,0,0,0.022222222222222223,45,2.3669989572630987,3.0548531562089916,3.747783601284027,0,90
candidate,20261036,2,1,-17.0,4.0,0,0,1,9,0,0,0,0.0,38,2.5139365247205685,3.42116020619869,6.366102024912834,0,76
candidate,20261036,3,1,51.0,1.0,1,1,0,0,0,0,0,0.025,40,2.2506577894091606,2.8301172889769077,2.9051192104816437,0,79
candidate,20261037,0,0,-20.0,4.0,0,0,1,12,0,0,0,0.017857142857142856,56,2.3425669808472906,2.6343222707509995,5.264107137918472,0,112
candidate,20261037,1,0,-18.0,4.0,0,0,1,10,0,0,0,0.0,45,2.3410105456908545,2.872302010655403,4.439534619450569,0,90
candidate,20261037,2,0,34.0,1.0,1,0,0,0,0,0,0,0.037037037037037035,54,2.3352129522849014,2.819916885346174,6.095476448535919,0,108
candidate,20261037,3,0,-8.0,2.5,0,0,0,0,0,0,0,0.05555555555555555,54,2.221417095926073,2.6040470227599144,2.81592458486557,0,108
candidate,20261038,0,2,36.0,1.0,1,0,0,0,0,0,0,0.0392156862745098,51,2.4443029188642313,2.9148031026124954,6.302336230874062,0,102
candidate,20261038,1,2,-19.0,4.0,0,0,1,11,0,0,0,0.047619047619047616,21,2.2637658708152317,2.8098635375499725,2.8519295156002045,0,42
candidate,20261038,2,2,-8.0,2.5,0,0,0,0,0,0,0,0.047619047619047616,21,2.2229841422467005,2.67745740711689,2.750938758254051,0,42
candidate,20261038,3,2,-8.0,2.5,0,0,0,0,0,0,0,0.0,21,2.2676090399424234,2.797624096274376,2.8435736894607544,0,42
candidate,20261039,0,0,-8.0,2.5,0,0,0,0,0,0,0,0.05,40,2.481525670737028,3.414598014205686,6.426528096199036,0,80
candidate,20261039,1,0,-18.0,4.0,0,0,1,10,0,0,0,0.11904761904761904,42,2.3042838133516765,2.6099038310348988,5.5020879954099655,0,84
candidate,20261039,2,0,-8.0,2.5,0,0,0,0,0,0,0,0.025,40,2.2436697967350483,2.6998603716492653,3.0161086469888687,0,80
candidate,20261039,3,0,32.0,1.0,1,0,0,0,0,0,0,0.0196078431372549,51,2.3403855077191893,2.9402170330286026,4.475424066185951,0,102
candidate,20261040,0,2,-26.0,3.0,0,0,0,0,0,0,0,0.030303030303030304,33,2.4344967395970314,3.00879143178463,4.362497478723526,0,67
candidate,20261040,1,2,75.0,1.0,1,1,0,0,0,0,0,0.05128205128205128,39,2.339119139390114,3.0868733301758766,3.2651424407958984,0,77
candidate,20261040,2,2,-24.0,4.0,0,0,1,16,0,0,0,0.05555555555555555,36,2.2713621664378376,2.7862931601703167,2.8673894703388214,0,72
candidate,20261040,3,2,-8.0,2.5,0,0,0,0,0,0,0,0.044444444444444446,45,2.234704254402055,2.8005819767713547,2.8773099184036255,0,90
candidate,20261041,0,2,35.0,1.0,1,0,0,0,0,0,0,0.017857142857142856,56,2.321006231276052,2.8287884779274464,2.903508022427559,0,112
candidate,20261041,1,2,-8.0,2.5,0,0,0,0,0,0,0,0.047619047619047616,63,2.3545676044055392,2.696172706782818,5.882540717720985,0,126
candidate,20261041,2,2,-16.0,4.0,0,0,1,8,0,0,0,0.05357142857142857,56,2.257894824392029,2.68003111705184,2.888742834329605,0,112
candidate,20261041,3,2,-8.0,2.5,0,0,0,0,0,0,0,0.017857142857142856,56,2.2549640187727555,2.7012256905436516,2.7759987860918045,0,112
candidate,20261042,0,1,48.0,1.0,1,0,0,0,0,0,0,0.0,35,2.32205545263631,2.8092455118894577,2.815207466483116,0,70
candidate,20261042,1,1,-8.0,2.5,0,0,0,0,0,0,0,0.0,35,2.353213993566377,2.8046362102031708,4.167526960372925,0,70
candidate,20261042,2,1,-32.0,4.0,0,0,1,24,0,0,0,0.02857142857142857,35,2.250581926533154,2.713126689195633,2.794429659843445,0,70
candidate,20261042,3,1,-8.0,2.5,0,0,0,0,0,0,0,0.02857142857142857,35,2.2255403122731616,2.6951536536216736,2.8025899082422256,0,70
candidate,20261043,0,2,-17.0,4.0,0,0,1,9,0,0,0,0.027777777777777776,72,2.3568068993174367,2.8623731806874275,5.007827654480934,0,144
candidate,20261043,1,2,33.0,1.0,1,0,0,0,0,0,0,0.0,74,2.5265345954009004,3.7910209037363525,4.155512899160385,0,148
candidate,20261043,2,2,-8.0,2.5,0,0,0,0,0,0,0,0.013888888888888888,72,2.3453529768933854,2.7708733454346657,5.738424137234688,0,144
candidate,20261043,3,2,-8.0,2.5,0,0,0,0,0,0,0,0.041666666666666664,72,2.31782305571768,3.068028390407564,4.901517182588577,0,144
candidate,20261044,0,1,-8.0,2.5,0,0,0,0,0,0,0,0.025974025974025976,77,2.330755282725607,2.774522826075554,3.671223297715187,0,154
candidate,20261044,1,1,-8.0,2.5,0,0,0,0,0,0,0,0.04081632653061224,49,2.308829098331685,2.6966944336891174,5.638193339109421,0,98
candidate,20261044,2,1,-24.0,4.0,0,0,1,16,0,0,0,0.0,45,2.263678155011601,2.8306756168603897,2.853032201528549,0,90
candidate,20261044,3,1,-8.0,2.5,0,0,0,0,0,0,0,0.04225352112676056,71,2.2076654024946856,2.5887200608849525,2.774052321910858,0,142
candidate,20261045,0,2,-8.0,2.5,0,0,0,0,0,0,0,0.015625,64,2.3824780946597457,2.995701227337121,4.606615751981735,0,129
candidate,20261045,1,2,34.0,1.0,1,0,0,0,0,0,0,0.030303030303030304,66,2.2704589434645395,2.6183915324509144,4.32463176548481,0,132
candidate,20261045,2,2,38.0,1.0,1,0,0,0,0,0,0,0.04225352112676056,71,2.218339224936257,2.523796632885933,2.553177997469902,0,143
candidate,20261045,3,2,-8.0,2.5,0,0,0,0,0,0,0,0.03125,64,2.267344039864838,2.7961571700870986,2.927234396338463,0,129
candidate,20261046,0,0,78.0,1.0,1,1,0,0,0,0,0,0.020833333333333332,48,2.4233506604408226,2.9620002023875713,6.336057558655739,0,95
candidate,20261046,1,0,-8.0,2.5,0,0,0,0,0,0,0,0.058823529411764705,51,2.299416810274124,2.8444891795516014,2.9228366911411285,0,102
candidate,20261046,2,0,50.0,1.0,1,0,0,0,0,0,0,0.0,69,2.3981717455646265,3.1249448657035828,4.802089184522629,0,138
candidate,20261046,3,0,32.0,1.0,1,0,0,0,0,0,0,0.0196078431372549,51,2.284198670702822,2.926398068666458,3.0468329787254333,0,102
candidate,20261047,0,0,-8.0,2.5,0,0,0,0,0,0,0,0.0,54,2.434675236818967,3.306765016168355,3.8165636360645294,0,108
candidate,20261047,1,0,33.0,1.0,1,0,0,0,0,0,0,0.06521739130434782,46,2.2516362369060516,2.562780398875475,3.387199714779854,0,92
candidate,20261047,2,0,33.0,1.0,1,0,0,0,0,0,0,0.017543859649122806,57,2.326490324840211,3.1108409166336055,4.553256556391716,0,114
candidate,20261047,3,0,34.0,1.0,1,0,0,0,0,0,0,0.045454545454545456,44,2.288371663201939,2.73886825889349,4.966419190168381,0,88
candidate,20261048,0,1,57.0,1.0,1,1,0,0,0,0,0,0.03278688524590164,61,2.285067877564274,2.6559922844171524,2.8381142765283585,0,121
candidate,20261048,1,1,-8.0,2.5,0,0,0,0,0,0,0,0.046153846153846156,65,2.2318357745042214,2.6359710842370987,2.87480466067791,0,130
candidate,20261048,2,1,-19.0,3.0,0,0,0,0,0,0,0,0.016666666666666666,60,2.3117410329480967,2.8389307670295234,5.2349623292684555,0,121
candidate,20261048,3,1,-19.0,3.0,0,0,0,0,0,0,0,0.016666666666666666,60,2.2847353791197142,2.7941052801907063,4.160899668931961,0,121
candidate,20261049,0,2,-16.0,4.0,0,0,1,8,0,0,0,0.046511627906976744,43,2.334775229872659,2.909639850258827,2.944294363260269,0,86
candidate,20261049,1,2,-20.0,3.0,0,0,0,0,0,0,0,0.06,50,2.361002378165722,2.7418266981840134,5.672220140695572,0,101
candidate,20261049,2,2,-8.0,2.5,0,0,0,0,0,0,0,0.034482758620689655,58,2.3012102485216896,2.81973322853446,4.71067801117897,0,117
candidate,20261049,3,2,-22.0,3.0,0,0,0,0,0,0,0,0.06,50,2.2854601219296455,2.646304853260517,5.526555702090263,0,101
candidate,20261050,0,1,-8.0,2.5,0,0,0,0,0,0,0,0.0,64,2.533302758820355,3.304996713995933,4.197863861918449,0,128
candidate,20261050,1,1,-8.0,2.5,0,0,0,0,0,0,0,0.0,64,2.3297262960113585,2.873690892010927,4.236709326505661,0,128
candidate,20261050,2,1,33.0,1.0,1,0,0,0,0,0,0,0.03125,64,2.293175144586712,2.656916994601488,6.028151139616966,0,128
candidate,20261050,3,1,54.0,1.0,1,1,0,0,0,0,0,0.0,64,2.351893053855747,3.0598104931414127,3.335867077112198,0,127
candidate,20261051,0,3,35.0,1.0,1,0,0,0,0,0,0,0.016129032258064516,62,2.3372963731808047,2.812325209379196,3.464648500084877,0,124
candidate,20261051,1,3,-19.0,4.0,0,0,1,11,0,0,0,0.03225806451612903,62,2.370393174069543,2.899603918194771,6.7364368587732315,0,124
candidate,20261051,2,3,-18.0,4.0,0,0,1,10,0,0,0,0.0,43,2.2689472277497136,2.8073299676179886,2.823779359459877,0,86
candidate,20261051,3,3,-31.0,4.0,0,0,1,23,0,0,0,0.027777777777777776,72,2.2424846732368073,2.699651662260294,2.9924102127552032,0,144
candidate,20261052,0,1,-23.0,4.0,0,0,1,15,0,0,0,0.043478260869565216,46,2.450584919880266,2.8668507002294064,5.693404003977776,0,92
candidate,20261052,1,1,-8.0,2.5,0,0,0,0,0,0,0,0.021739130434782608,46,2.397327359927737,3.156482707709074,4.114760085940361,0,92
candidate,20261052,2,1,39.0,1.0,1,0,0,0,0,0,0,0.043478260869565216,46,2.244161927829618,2.774070482701063,3.272831439971924,0,92
candidate,20261052,3,1,-23.0,3.0,0,0,0,0,0,0,0,0.03333333333333333,60,2.2525026773413024,2.7213257737457752,2.828069031238556,0,121
candidate,20261053,0,0,-17.0,4.0,0,0,1,9,0,0,0,0.06451612903225806,31,2.419171073744374,3.0466699972748756,4.147740080952644,0,63
candidate,20261053,1,0,-8.0,2.5,0,0,0,0,0,0,0,0.0,31,2.3045936419117834,2.8825635090470314,3.0538029968738556,0,63
candidate,20261053,2,0,34.0,1.0,1,0,0,0,0,0,0,0.0967741935483871,31,2.229767581147532,2.7537625283002853,2.7591921389102936,0,63
candidate,20261053,3,0,-22.0,4.0,0,0,1,14,0,0,0,0.03225806451612903,31,2.3102306069866305,2.8152232989668846,2.823110669851303,0,61
candidate,20261054,0,3,-19.0,4.0,0,0,1,11,0,0,0,0.02631578947368421,38,2.519001596068081,3.1402272172272205,6.278464570641518,0,76
candidate,20261054,1,3,-8.0,2.5,0,0,0,0,0,0,0,0.05,40,2.3174175061285496,2.6375493034720416,5.763562396168709,0,80
candidate,20261054,2,3,35.0,1.0,1,0,0,0,0,0,0,0.0,40,2.3309156764298677,3.2397254370152946,3.4173764288425446,0,80
candidate,20261054,3,3,-8.0,2.5,0,0,0,0,0,0,0,0.058823529411764705,34,2.3517081075731445,2.8858205303549767,4.872258752584457,0,68
candidate,20261055,0,3,-8.0,2.5,0,0,0,0,0,0,0,0.046511627906976744,43,2.3346713982349216,2.9277874156832695,2.9479768127202988,0,86
candidate,20261055,1,3,-21.0,3.0,0,0,0,0,0,0,0,0.0,59,2.4843206155603217,3.3653005957603455,4.730015993118286,0,119
candidate,20261055,2,3,-8.0,2.5,0,0,0,0,0,0,0,0.0273972602739726,73,2.2878037025667215,2.8628572821617126,5.378527566790581,0,146
candidate,20261055,3,3,-19.0,3.0,0,0,0,0,0,0,0,0.01694915254237288,59,2.3341450082548594,2.850504405796528,5.595268681645393,0,119
candidate,20261056,0,1,-20.0,4.0,0,0,1,12,0,0,0,0.017857142857142856,56,2.427198924124241,2.9573286883533,5.596933886408806,0,112
candidate,20261056,1,1,35.0,1.0,1,0,0,0,0,0,0,0.021739130434782608,46,2.27033124183831,2.8000520542263985,2.8912946581840515,0,92
candidate,20261056,2,1,-8.0,2.5,0,0,0,0,0,0,0,0.03225806451612903,62,2.255819287271269,2.6499874889850616,3.753911703824997,0,124
candidate,20261056,3,1,36.0,1.0,1,0,0,0,0,0,0,0.016129032258064516,62,2.3203253025008785,2.7426171116530895,6.341844797134399,0,124
candidate,20261057,0,3,-16.0,3.0,0,0,0,0,0,0,0,0.03636363636363636,55,2.34129015694965,2.9265582561492915,3.1075794249773026,0,111
candidate,20261057,1,3,-8.0,2.5,0,0,0,0,0,0,0,0.03225806451612903,62,2.2881195369747376,2.706924732774496,2.911856397986412,0,124
candidate,20261057,2,3,48.0,1.0,1,1,0,0,0,0,0,0.034482758620689655,58,2.210933072813626,2.6641559787094593,2.8487779200077057,0,115
candidate,20261057,3,3,37.0,1.0,1,0,0,0,0,0,0,0.03571428571428571,56,2.219340863770672,2.617581281810999,2.686595544219017,0,112
candidate,20261058,0,2,-8.0,2.5,0,0,0,0,0,0,0,0.0,65,2.483284043578001,3.2921165227890015,4.395434632897377,0,130
candidate,20261058,1,2,48.0,1.0,1,0,0,0,0,0,0,0.038461538461538464,52,2.3832398180205088,2.9496767558157444,5.531752482056618,0,104
candidate,20261058,2,2,-8.0,2.5,0,0,0,0,0,0,0,0.0,74,2.322065266402992,2.903672121465206,4.885638132691383,0,148
candidate,20261058,3,2,32.0,1.0,1,0,0,0,0,0,0,0.05,40,2.269924944266677,2.838246244937181,3.0219051986932755,0,80
candidate,20261059,0,1,-23.0,3.0,0,0,0,0,0,0,0,0.030303030303030304,33,2.4378030476245014,3.2145157456398006,3.5944636911153793,0,67
candidate,20261059,1,1,-8.0,2.5,0,0,0,0,0,0,0,0.0,47,2.559901472735912,3.4854985773563385,6.860461086034775,0,94
candidate,20261059,2,1,-23.0,3.0,0,0,0,0,0,0,0,0.029411764705882353,34,2.3273975752732334,2.682636119425297,5.724059417843819,0,69
candidate,20261059,3,1,-8.0,2.5,0,0,0,0,0,0,0,0.0851063829787234,47,2.19181996393711,2.5667004287242885,2.7842745184898376,0,94
candidate,20261060,0,1,-8.0,2.5,0,0,0,0,0,0,0,0.016129032258064516,62,2.411034168495286,2.9776088893413544,5.671316757798195,0,124
candidate,20261060,1,1,34.0,1.0,1,0,0,0,0,0,0,0.016666666666666666,60,2.3647342808544636,3.1157308258116245,3.6431290209293365,0,120
candidate,20261060,2,1,-22.0,3.0,0,0,0,0,0,0,0,0.0,63,2.317224969230001,3.0193762853741646,3.1597036868333817,0,127
candidate,20261060,3,1,-18.0,4.0,0,0,1,10,0,0,0,0.0,60,2.34536649659276,3.1164330430328846,3.2906364649534225,0,120
candidate,20261061,0,3,42.0,1.0,1,0,0,0,0,0,0,0.017857142857142856,56,2.3444044470254863,2.9539326205849648,3.0379369854927063,0,112
candidate,20261061,1,3,48.0,1.0,1,1,0,0,0,0,0,0.013513513513513514,74,2.260694355779403,2.707874123007059,2.8451941907405853,0,147
candidate,20261061,2,3,-8.0,2.5,0,0,0,0,0,0,0,0.04081632653061224,49,2.241041435270893,2.7321364730596533,2.941913902759552,0,98
candidate,20261061,3,3,-20.0,3.0,0,0,0,0,0,0,0,0.0,72,2.3782487130827374,3.231223952025175,3.489656373858452,0,145
candidate,20261062,0,1,-19.0,4.0,0,0,1,11,0,0,0,0.03389830508474576,59,2.326871820930707,2.834421209990978,3.0175168067216873,0,118
candidate,20261062,1,1,-17.0,4.0,0,0,1,9,0,0,0,0.046875,64,2.2413066180888563,2.704851049929857,2.890324220061302,0,128
candidate,20261062,2,1,-21.0,3.0,0,0,0,0,0,0,0,0.0,46,2.3194173269945644,3.0263587832450867,3.141423687338829,0,93
candidate,20261062,3,1,-19.0,3.0,0,0,0,0,0,0,0,0.046511627906976744,43,2.296381175171497,2.8025897219777107,2.9819775372743607,0,87
candidate,20261063,0,0,-8.0,2.5,0,0,0,0,0,0,0,0.0,34,2.332238480448723,2.871429454535246,2.88601778447628,0,68
candidate,20261063,1,0,-8.0,2.5,0,0,0,0,0,0,0,0.05172413793103448,58,2.2367461552393846,2.641414199024439,2.8311945497989655,0,116
candidate,20261063,2,0,-17.0,4.0,0,0,1,9,0,0,0,0.0,34,2.2833849686910126,2.8084663674235344,2.8243251144886017,0,68
candidate,20261063,3,0,33.0,1.0,1,0,0,0,0,0,0,0.024390243902439025,41,2.2559071005117604,2.8313137590885162,2.8921235352754593,0,82
candidate,20261064,0,3,33.0,1.0,1,0,0,0,0,0,0,0.016666666666666666,60,2.324129765232404,2.8499534353613853,3.018902614712715,0,120
candidate,20261064,1,3,-8.0,2.5,0,0,0,0,0,0,0,0.061224489795918366,49,2.2321544891717484,2.5855962187051773,2.7533266693353653,0,98
candidate,20261064,2,3,33.0,1.0,1,0,0,0,0,0,0,0.061224489795918366,49,2.199412760685901,2.555581554770469,2.7466360479593277,0,98
candidate,20261064,3,3,-18.0,3.0,0,0,0,0,0,0,0,0.0,51,2.3083255498432647,3.0483845621347427,3.3127889037132263,0,103
candidate,20261065,0,1,-8.0,2.5,0,0,0,0,0,0,0,0.0,47,2.4151052249238845,3.0635887756943703,3.1117629259824753,0,94
candidate,20261065,1,1,32.0,1.0,1,0,0,0,0,0,0,0.02127659574468085,47,2.291806517763341,2.79114693403244,3.1270887702703476,0,94
candidate,20261065,2,1,-16.0,4.0,0,0,1,8,0,0,0,0.0,18,2.270496760805448,2.869326714426279,2.889508381485939,0,36
candidate,20261065,3,1,-8.0,2.5,0,0,0,0,0,0,0,0.0425531914893617,47,2.2292288139145424,2.656945213675499,2.743612974882126,0,94
candidate,20261066,0,1,-28.0,4.0,0,0,1,20,0,0,0,0.06060606060606061,33,2.2874669820973366,2.5854595005512238,2.805212512612343,0,66
candidate,20261066,1,1,44.0,1.0,1,0,0,0,0,0,0,0.030303030303030304,33,2.4348818555925833,3.09661403298378,4.743985831737518,0,66
candidate,20261066,2,1,-8.0,2.5,0,0,0,0,0,0,0,0.06060606060606061,33,2.2694986652244222,2.893519774079323,2.9748864471912384,0,66
candidate,20261066,3,1,-8.0,2.5,0,0,0,0,0,0,0,0.030303030303030304,33,2.380366013808684,2.9563337564468384,6.15253858268261,0,66
candidate,20261067,0,2,-8.0,2.5,0,0,0,0,0,0,0,0.05454545454545454,55,2.2694564678452234,2.551606111228466,2.7499012649059296,0,110
candidate,20261067,1,2,-17.0,4.0,0,0,1,9,0,0,0,0.03636363636363636,55,2.316112985665148,2.8555680066347118,2.9877014458179474,0,110
candidate,20261067,2,2,43.0,1.0,1,0,0,0,0,0,0,0.017543859649122806,57,2.2874238590399423,2.835564687848091,2.9975268989801407,0,114
candidate,20261067,3,2,33.0,1.0,1,0,0,0,0,0,0,0.01818181818181818,55,2.316446365280585,2.8871417045593257,5.105292424559593,0,110
candidate,20261068,0,2,-22.0,4.0,0,0,1,14,0,0,0,0.037037037037037035,27,2.82943704062038,4.003937169909477,4.028938710689545,0,54
candidate,20261068,1,2,-17.0,4.0,0,0,1,9,0,0,0,0.06818181818181818,44,2.221117727458477,2.5491485372185707,2.7594193816184998,0,88
candidate,20261068,2,2,33.0,1.0,1,0,0,0,0,0,0,0.045454545454545456,44,2.3493334989656103,2.596332971006632,5.886249244213104,0,88
candidate,20261068,3,2,-8.0,2.5,0,0,0,0,0,0,0,0.0,44,2.337270246987993,3.0689083971083164,3.275558352470398,0,88
candidate,20261069,0,1,33.0,1.0,1,0,0,0,0,0,0,0.04081632653061224,49,2.283785340129113,2.569132298231125,2.867016941308975,0,98
candidate,20261069,1,1,34.0,1.0,1,0,0,0,0,0,0,0.029411764705882353,68,2.271129722323488,2.7427542954683304,2.8738807886838913,0,136
candidate,20261069,2,1,-8.0,2.5,0,0,0,0,0,0,0,0.028169014084507043,71,2.2537465089223754,2.8099194169044495,2.898193895816803,0,142
candidate,20261069,3,1,-8.0,2.5,0,0,0,0,0,0,0,0.02040816326530612,49,2.239933123393935,2.7287784963846207,2.797037363052368,0,98
candidate,20261070,0,3,-8.0,2.5,0,0,0,0,0,0,0,0.0,56,2.338394722236054,2.8478996828198433,2.896452322602272,0,112
candidate,20261070,1,3,-26.0,3.0,0,0,0,0,0,0,0,0.02631578947368421,76,2.2625495238523734,2.669624052941799,2.84731388092041,0,153
candidate,20261070,2,3,37.0,1.0,1,0,0,0,0,0,0,0.02,50,2.257915958762169,2.7832492254674435,2.817770466208458,0,100
candidate,20261070,3,3,99.0,1.0,1,1,0,0,0,0,0,0.0,48,2.3030387237668037,2.9915076680481434,3.002602607011795,0,95
candidate,20261071,0,3,-8.0,2.5,0,0,0,0,0,0,0,0.023255813953488372,43,2.4191394968088282,3.303036652505398,3.7040039896965027,0,86
candidate,20261071,1,3,-16.0,3.0,0,0,0,0,0,0,0,0.045454545454545456,44,2.2500713186507877,2.708200365304947,2.9088743031024933,0,89
candidate,20261071,2,3,41.0,1.0,1,0,0,0,0,0,0,0.018867924528301886,53,2.281116356827178,2.821093425154686,2.906741574406624,0,106
candidate,20261071,3,3,-16.0,3.0,0,0,0,0,0,0,0,0.047619047619047616,42,2.2362741153864634,2.6227014139294624,2.7679800987243652,0,85
candidate,20261072,0,0,-8.0,2.5,0,0,0,0,0,0,0,0.02702702702702703,74,2.3374886730232753,2.896490227431059,3.0077211558818817,0,149
candidate,20261072,1,0,-17.0,4.0,0,0,1,9,0,0,0,0.022727272727272728,44,2.2883448241786524,2.7074518613517284,3.0640829354524612,0,88
candidate,20261072,2,0,32.0,1.0,1,0,0,0,0,0,0,0.01639344262295082,61,2.237132857324647,2.7111340314149857,2.7906205505132675,0,122
candidate,20261072,3,0,33.0,1.0,1,0,0,0,0,0,0,0.03278688524590164,61,2.22014275486352,2.7151908725500107,2.7823131531476974,0,122
candidate,20261073,0,1,-21.0,3.0,0,0,0,0,0,0,0,0.0,18,2.3444531899359493,2.8152826242148876,2.8156135231256485,0,37
candidate,20261073,1,1,-21.0,3.0,0,0,0,0,0,0,0,0.05555555555555555,18,2.2716511868768268,2.674356661736965,2.725023776292801,0,37
candidate,20261073,2,1,63.0,1.0,1,1,0,0,0,0,0,0.0,19,2.320970653703338,3.097138181328773,3.2041650265455246,0,37
candidate,20261073,3,1,-21.0,3.0,0,0,0,0,0,0,0,0.0,18,2.2645405390196376,2.8084290213882923,2.8230249881744385,0,37
candidate,20261074,0,1,-8.0,2.5,0,0,0,0,0,0,0,0.0,56,2.5500666483172347,3.347641322761774,4.028504714369774,0,112
candidate,20261074,1,1,-16.0,4.0,0,0,1,8,0,0,0,0.017857142857142856,56,2.309124018730862,2.8169197030365467,2.8809532523155212,0,112
candidate,20261074,2,1,-8.0,2.5,0,0,0,0,0,0,0,0.03571428571428571,56,2.244434119867427,2.7052615769207478,2.8360243886709213,0,112
candidate,20261074,3,1,32.0,1.0,1,0,0,0,0,0,0,0.018518518518518517,54,2.3272537660819514,3.2454447820782657,3.600131720304489,0,108
candidate,20261075,0,0,-8.0,2.5,0,0,0,0,0,0,0,0.023809523809523808,42,2.307095653599217,2.8063436038792133,2.825256437063217,0,84
candidate,20261075,1,0,32.0,1.0,1,0,0,0,0,0,0,0.04081632653061224,49,2.346006659220676,2.813005447387695,5.669755861163139,0,98
candidate,20261075,2,0,-8.0,2.5,0,0,0,0,0,0,0,0.0,42,2.351191072236924,3.1337243504822254,3.215186297893524,0,84
candidate,20261075,3,0,0.0,2.5,0,0,0,0,0,1,1,0.023255813953488372,86,2.4274656289192134,3.2694991677999496,6.136450916528702,0,172
candidate,20261076,0,3,34.0,1.0,1,0,0,0,0,0,0,0.022727272727272728,44,2.3292230272834953,2.801080420613289,2.8498563915491104,0,88
candidate,20261076,1,3,-8.0,2.5,0,0,0,0,0,0,0,0.0,44,2.3860339159992607,3.2797436229884624,3.441033884882927,0,88
candidate,20261076,2,3,-8.0,2.5,0,0,0,0,0,0,0,0.022727272727272728,44,2.249251077459617,2.723277173936367,2.7365926653146744,0,88
candidate,20261076,3,3,-20.0,3.0,0,0,0,0,0,0,0,0.0,40,2.3553464096039534,3.0677600763738155,3.1872913241386414,0,81
candidate,20261077,0,0,-8.0,2.5,0,0,0,0,0,0,0,0.0,84,2.383288395191942,2.941873576492071,2.991901710629463,0,168
candidate,20261077,1,0,-8.0,2.5,0,0,0,0,0,0,0,0.05172413793103448,58,2.198321070393612,2.4717675521969795,2.7250461280345917,0,116
candidate,20261077,2,0,-8.0,2.5,0,0,0,0,0,0,0,0.017241379310344827,58,2.3122766087281295,3.039887361228466,3.0477549880743027,0,116
candidate,20261077,3,0,-17.0,4.0,0,0,1,9,0,0,0,0.0,42,2.3671221875009083,3.1768522225320335,3.3765342086553574,0,84
candidate,20261078,0,3,-8.0,2.5,0,0,0,0,0,0,0,0.021739130434782608,46,2.2739707694753357,2.62614618986845,2.8645657002925873,0,92
candidate,20261078,1,3,-30.0,4.0,0,0,1,22,0,0,0,0.06521739130434782,46,2.252669438071873,2.70600663498044,2.7820374816656113,0,92
candidate,20261078,2,3,46.0,1.0,1,0,0,0,0,0,0,0.043478260869565216,46,2.250502655363601,2.7533527463674545,2.873949706554413,0,92
candidate,20261078,3,3,-8.0,2.5,0,0,0,0,0,0,0,0.06521739130434782,46,2.2186975035330523,2.685382030904293,2.810189500451088,0,92
candidate,20261079,0,2,-22.0,3.0,0,0,0,0,0,0,0,0.0625,32,2.2971314610913396,2.698927652090788,2.842031419277191,0,65
candidate,20261079,1,2,66.0,1.0,1,1,0,0,0,0,0,0.0,33,2.336506703586289,3.1274814158678055,3.1634587794542313,0,65
candidate,20261079,2,2,-22.0,3.0,0,0,0,0,0,0,0,0.03125,32,2.259323839098215,2.8006037697196007,2.8475429862737656,0,65
candidate,20261079,3,2,-22.0,3.0,0,0,0,0,0,0,0,0.03125,32,2.228052995633334,2.7730713598430157,2.859998494386673,0,65
candidate,20261080,0,2,-31.0,4.0,0,0,1,23,0,0,0,0.0,56,2.466307587123343,3.355738241225481,3.837030380964279,0,112
candidate,20261080,1,2,47.0,1.0,1,0,0,0,0,0,0,0.03333333333333333,60,2.24276315420866,2.634418662637472,2.7783792465925217,0,120
candidate,20261080,2,2,0.0,2.5,0,0,0,0,0,1,1,0.03529411764705882,85,2.2361924543100247,2.6298776268959045,2.6666391640901566,0,170
candidate,20261080,3,2,-18.0,4.0,0,0,1,10,0,0,0,0.0,62,2.321560206192155,2.8771769255399704,4.178673028945923,0,124
candidate,20261081,0,2,-21.0,4.0,0,0,1,13,0,0,0,0.01639344262295082,61,2.3242377172239492,2.7749575674533844,2.864522859454155,0,123
candidate,20261081,1,2,-21.0,3.0,0,0,0,0,0,0,0,0.02857142857142857,70,2.252532062785966,2.666121907532215,2.826439216732979,0,140
candidate,20261081,2,2,-8.0,2.5,0,0,0,0,0,0,0,0.0425531914893617,47,2.2368488555892987,2.7368606999516483,2.8258953243494034,0,95
candidate,20261081,3,2,40.0,1.0,1,0,0,0,0,0,0,0.0,54,2.419643414517244,3.5278746858239174,3.91303189098835,0,108
candidate,20261082,0,0,-29.0,4.0,0,0,1,21,0,0,0,0.03773584905660377,53,2.3158030268156304,2.839413657784462,3.0044838786125183,0,106
candidate,20261082,1,0,45.0,1.0,1,0,0,0,0,0,0,0.0,49,2.490569894411126,3.7479333579540253,4.091933369636536,0,98
candidate,20261082,2,0,-28.0,3.0,0,0,0,0,0,0,0,0.023255813953488372,43,2.3656945762246155,3.171756118535995,3.277575597167015,0,87
candidate,20261082,3,0,-8.0,2.5,0,0,0,0,0,0,0,0.02040816326530612,49,2.2586560903155073,2.7574598789215083,2.839924767613411,0,98
candidate,20261083,0,3,-33.0,3.0,0,0,0,0,0,0,0,0.0,58,2.4074110812668144,3.180069010704756,3.634108230471611,0,117
candidate,20261083,1,3,-33.0,3.0,0,0,0,0,0,0,0,0.017241379310344827,58,2.3846921735796434,3.4835082478821278,3.6518778651952744,0,117
candidate,20261083,2,3,99.0,1.0,1,1,0,0,0,0,0,0.0,59,2.283381645457219,2.813280187547207,3.249228000640869,0,117
candidate,20261083,3,3,-33.0,3.0,0,0,0,0,0,0,0,0.017241379310344827,58,2.2408928850601457,2.716069109737873,2.7392730116844177,0,117
candidate,20261084,0,2,38.0,1.0,1,0,0,0,0,0,0,0.04918032786885246,61,2.3624020338547034,2.865556627511978,5.01624308526516,0,122
candidate,20261084,1,2,39.0,1.0,1,0,0,0,0,0,0,0.08333333333333333,60,2.245283996065458,2.7268427424132824,4.0695760399103165,0,120
candidate,20261084,2,2,-8.0,2.5,0,0,0,0,0,0,0,0.016666666666666666,60,2.2805132592717805,2.9822569340467453,3.065630793571472,0,120
candidate,20261084,3,2,54.0,1.0,1,1,0,0,0,0,0,0.0,42,2.4589101030003455,3.3338570035994053,5.307825282216072,0,83
candidate,20261085,0,2,60.0,1.0,1,1,0,0,0,0,0,0.0,44,2.3876601322130724,3.105879109352827,3.255462273955345,0,87
candidate,20261085,1,2,-20.0,3.0,0,0,0,0,0,0,0,0.0,43,2.2864537963340448,2.827249839901924,2.8781872242689133,0,87
candidate,20261085,2,2,-20.0,3.0,0,0,0,0,0,0,0,0.06976744186046512,43,2.219264677097631,2.722776308655739,2.7926787734031677,0,87
candidate,20261085,3,2,-20.0,3.0,0,0,0,0,0,0,0,0.046511627906976744,43,2.2355038672685623,2.75772213935852,2.9221195727586746,0,87
candidate,20261086,0,0,42.0,1.0,1,0,0,0,0,0,0,0.06818181818181818,44,2.247427124530077,2.487371116876602,2.736983820796013,0,88
candidate,20261086,1,0,-8.0,2.5,0,0,0,0,0,0,0,0.02564102564102564,39,2.3412896463504205,3.0127517879009247,3.100629895925522,0,78
candidate,20261086,2,0,-27.0,4.0,0,0,1,19,0,0,0,0.02564102564102564,39,2.256533990685756,2.706461027264595,2.782471477985382,0,78
candidate,20261086,3,0,-8.0,2.5,0,0,0,0,0,0,0,0.02564102564102564,39,2.291375771164894,2.7968110516667366,4.034178331494331,0,78
candidate,20261087,0,3,-8.0,2.5,0,0,0,0,0,0,0,0.023809523809523808,42,2.3264032123344287,2.8820686042308803,2.961752936244011,0,84
candidate,20261087,1,3,-26.0,4.0,0,0,1,18,0,0,0,0.029411764705882353,34,2.341619637959144,3.022073023021221,3.214998170733452,0,68
candidate,20261087,2,3,-8.0,2.5,0,0,0,0,0,0,0,0.0,38,2.304631971607083,2.913120109587908,2.967599779367447,0,76
candidate,20261087,3,3,-26.0,4.0,0,0,1,18,0,0,0,0.03125,32,2.2608046419918537,2.7865396812558174,2.8130747377872467,0,64
candidate,20261088,0,1,-31.0,3.0,0,0,0,0,0,0,0,0.04,50,2.2810282930731773,2.6356615126132965,2.802971750497818,0,101
candidate,20261088,1,1,-31.0,3.0,0,0,0,0,0,0,0,0.04,50,2.299295663833618,2.9052319936454296,3.2179225236177444,0,101
candidate,20261088,2,1,-31.0,3.0,0,0,0,0,0,0,0,0.02,50,2.3445051163434982,2.9790297150611877,3.2316315919160843,0,101
candidate,20261088,3,1,93.0,1.0,1,1,0,0,0,0,0,0.0,51,2.3345406002858105,3.196229226887226,3.647727891802788,0,101
candidate,20261089,0,1,34.0,1.0,1,0,0,0,0,0,0,0.02702702702702703,74,2.2981546416475966,2.7344534173607817,2.951614558696747,0,148
candidate,20261089,1,1,-8.0,2.5,0,0,0,0,0,0,0,0.038461538461538464,78,2.2339182070050483,2.5416666641831394,2.911800518631935,0,156
candidate,20261089,2,1,-16.0,3.0,0,0,0,0,0,0,0,0.0,11,2.273906868967143,2.746892161667347,2.7588922530412674,0,23
candidate,20261089,3,1,-8.0,2.5,0,0,0,0,0,0,0,0.0196078431372549,51,2.308392568546183,3.078867681324482,3.356924280524254,0,102
candidate,20261090,0,3,51.0,1.0,1,1,0,0,0,0,0,0.047619047619047616,21,2.3186725697347095,2.8702914714813232,2.8869472444057465,0,41
candidate,20261090,1,3,-16.0,4.0,0,0,1,8,0,0,0,0.0,18,2.322221692237589,2.871908899396658,2.904823049902916,0,36
candidate,20261090,2,3,-17.0,3.0,0,0,0,0,0,0,0,0.0,20,2.379882335662842,3.2929430715739727,3.5848189145326614,0,41
candidate,20261090,3,3,-17.0,3.0,0,0,0,0,0,0,0,0.0,20,2.287206705659628,2.878041099756956,2.950292080640793,0,41
candidate,20261091,0,1,-26.0,3.0,0,0,0,0,0,0,0,0.03278688524590164,61,2.2841605556304336,2.7972757816314697,2.84399650990963,0,123
candidate,20261091,1,1,-26.0,3.0,0,0,0,0,0,0,0,0.04918032786885246,61,2.268055118009692,2.7379803359508514,2.811376005411148,0,123
candidate,20261091,2,1,78.0,1.0,1,1,0,0,0,0,0,0.04838709677419355,62,2.229167418854852,2.770742680877447,2.8824247419834137,0,123
candidate,20261091,3,1,-26.0,3.0,0,0,0,0,0,0,0,0.04918032786885246,61,2.2279772541073504,2.8291884809732437,2.929719164967537,0,123
candidate,20261092,0,3,33.0,1.0,1,0,0,0,0,0,0,0.044444444444444446,45,2.333713240093655,2.8781440109014507,2.937696874141693,0,90
candidate,20261092,1,3,-8.0,2.5,0,0,0,0,0,0,0,0.022222222222222223,45,2.3793831881549625,3.1316395848989482,5.247615277767181,0,90
candidate,20261092,2,3,-17.0,4.0,0,0,1,9,0,0,0,0.044444444444444446,45,2.2894625034597187,2.78475359082222,4.932725802063942,0,90
candidate,20261092,3,3,-8.0,2.5,0,0,0,0,0,0,0,0.06666666666666667,45,2.2737931460142136,2.6141684502363205,4.862062633037567,0,90
candidate,20261093,0,1,-16.0,4.0,0,0,1,8,0,0,0,0.06666666666666667,30,2.4724366143345833,3.8929355330765203,4.957407712936401,0,60
candidate,20261093,1,1,-16.0,3.0,0,0,0,0,0,0,0,0.11538461538461539,26,2.2161158804710093,2.4910466745495796,2.576090395450592,0,53
candidate,20261093,2,1,-16.0,3.0,0,0,0,0,0,0,0,0.03125,32,2.286909439135343,2.7753430418670177,2.887459471821785,0,65
candidate,20261093,3,1,48.0,1.0,1,1,0,0,0,0,0,0.037037037037037035,27,2.2397175155304097,2.9110586270689964,2.959640696644783,0,53
candidate,20261094,0,1,-8.0,2.5,0,0,0,0,0,0,0,0.025,40,2.3983031045645475,2.973396982997656,5.621856078505516,0,80
candidate,20261094,1,1,48.0,1.0,1,1,0,0,0,0,0,0.02,50,2.2906551882624626,2.8311379253864284,3.0829869210720062,0,99
candidate,20261094,2,1,-16.0,3.0,0,0,0,0,0,0,0,0.02040816326530612,49,2.3435789103410682,2.8359752148389816,6.066549569368362,0,99
candidate,20261094,3,1,-21.0,4.0,0,0,1,13,0,0,0,0.0,40,2.336082188412547,2.8123836033046246,4.611143842339516,0,80
candidate,20261095,0,0,54.0,1.0,1,1,0,0,0,0,0,0.017543859649122806,57,2.4425374964872995,2.8544906526803966,6.492031738162041,0,113
candidate,20261095,1,0,57.0,1.0,1,1,0,0,0,0,0,0.06451612903225806,62,2.246465984611742,2.6244401931762695,4.785723984241486,0,123
candidate,20261095,2,0,-17.0,3.0,0,0,0,0,0,0,0,0.01818181818181818,55,2.265918593515049,2.797996625304222,2.839963883161545,0,111
candidate,20261095,3,0,-19.0,3.0,0,0,0,0,0,0,0,0.0,61,2.4920869924005915,3.5689696669578552,3.8758721202611923,0,123
candidate,20261096,0,0,-8.0,2.5,0,0,0,0,0,0,0,0.041666666666666664,48,2.313082649682959,2.787501271814108,3.009805455803871,0,96
candidate,20261096,1,0,34.0,1.0,1,0,0,0,0,0,0,0.10344827586206896,29,2.213739115616371,2.608262374997139,2.6189107447862625,0,58
candidate,20261096,2,0,-8.0,2.5,0,0,0,0,0,0,0,0.022727272727272728,44,2.2537201558324425,2.761575859040022,2.7830321341753006,0,88
candidate,20261096,3,0,-22.0,4.0,0,0,1,14,0,0,0,0.0,40,2.3117346223443747,2.9959857463836665,3.6668218672275543,0,80
candidate,20261097,0,1,-8.0,2.5,0,0,0,0,0,0,0,0.037037037037037035,27,2.271600067615509,2.7709469199180603,2.8097163885831833,0,54
candidate,20261097,1,1,-8.0,2.5,0,0,0,0,0,0,0,0.07407407407407407,27,2.2389171300110995,2.711203880608082,2.773052081465721,0,54
candidate,20261097,2,1,33.0,1.0,1,0,0,0,0,0,0,0.037037037037037035,27,2.282195414106051,2.809569053351879,2.958768978714943,0,54
candidate,20261097,3,1,-17.0,4.0,0,0,1,9,0,0,0,0.06451612903225806,31,2.234408692006142,2.7052387595176697,2.742694690823555,0,62
candidate,20261098,0,3,0.0,2.5,0,0,0,0,0,1,1,0.011764705882352941,85,2.3438018911025105,2.9360912740230556,3.2872669398784637,0,170
candidate,20261098,1,3,-8.0,2.5,0,0,0,0,0,0,0,0.024390243902439025,82,2.2621502327482874,2.7126886881887913,2.843797206878662,0,164
candidate,20261098,2,3,-54.0,4.0,0,0,1,46,1,0,0,0.0379746835443038,79,2.247732486340064,2.830719202756881,3.0638109892606735,0,158
candidate,20261098,3,3,-8.0,2.5,0,0,0,0,0,0,0,0.02564102564102564,78,2.2314063822611785,2.7059639804065228,2.8895456343889236,0,156
candidate,20261099,0,2,35.0,1.0,1,0,0,0,0,0,0,0.03508771929824561,57,2.333538508728931,2.821565791964531,3.0100811272859573,0,114
candidate,20261099,1,2,-17.0,3.0,0,0,0,0,0,0,0,0.02857142857142857,70,2.3303653512682234,3.01387095823884,3.0711330473423004,0,141
candidate,20261099,2,2,-26.0,3.0,0,0,0,0,0,0,0,0.01818181818181818,55,2.244047786701809,2.734832279384136,2.812599763274193,0,111
candidate,20261099,3,2,-8.0,2.5,0,0,0,0,0,0,0,0.046875,64,2.2470834956038743,2.6770278811454773,3.117922693490982,0,127
candidate,20261100,0,1,10.0,2.0,0,0,0,0,0,0,0,0.022727272727272728,44,2.3990781893107025,3.112033288925886,3.142399713397026,1,89
candidate,20261100,1,1,-28.0,4.0,0,0,1,20,0,0,0,0.05555555555555555,36,2.503325283113453,3.4702890552580357,3.8762185722589493,0,72
candidate,20261100,2,1,-8.0,2.5,0,0,0,0,0,0,0,0.05555555555555555,36,2.2286478843953876,2.611908596009016,2.6998519897460938,0,72
candidate,20261100,3,1,-8.0,2.5,0,0,0,0,0,0,0,0.027777777777777776,36,2.2401666889588037,2.6885773986577988,2.704041078686714,0,72
candidate,20261101,0,2,-8.0,2.5,0,0,0,0,0,0,0,0.0,46,2.3870370553239533,3.024790436029434,3.1177587807178497,0,92
candidate,20261101,1,2,-8.0,2.5,0,0,0,0,0,0,0,0.021739130434782608,46,2.3218373484585597,2.8747376054525375,2.9479973018169403,0,92
candidate,20261101,2,2,-8.0,2.5,0,0,0,0,0,0,0,0.03389830508474576,59,2.275116741657257,2.7530856430530544,3.0663199722766876,0,118
candidate,20261101,3,2,-18.0,4.0,0,0,1,10,0,0,0,0.0,46,2.4054560648358385,3.303318750113249,3.456203266978264,0,92
candidate,20261102,0,2,-8.0,2.5,0,0,0,0,0,0,0,0.02040816326530612,49,2.4627330427875322,3.327638655900955,3.6945845931768417,0,98
candidate,20261102,1,2,-19.0,4.0,0,0,1,11,0,0,0,0.0410958904109589,73,2.2933049357100708,2.6542536914348602,3.395652398467064,0,146
candidate,20261102,2,2,44.0,1.0,1,0,0,0,0,0,0,0.07894736842105263,38,2.262947982863376,2.7633107267320156,2.862522378563881,0,76
candidate,20261102,3,2,-8.0,2.5,0,0,0,0,0,0,0,0.03636363636363636,55,2.2860307923772116,2.989458851516247,3.0356626957654953,0,110
candidate,20261103,0,1,-8.0,2.5,0,0,0,0,0,0,0,0.030303030303030304,66,2.312608655880798,2.7405177243053913,3.937654197216034,0,132
candidate,20261103,1,1,-8.0,2.5,0,0,0,0,0,0,0,0.014925373134328358,67,2.2697109284240806,2.6818593963980675,2.857564017176628,0,134
candidate,20261103,2,1,-8.0,2.5,0,0,0,0,0,0,0,0.029850746268656716,67,2.267940498110074,2.7214860543608665,5.266152322292328,0,134
candidate,20261103,3,1,34.0,1.0,1,0,0,0,0,0,0,0.029850746268656716,67,2.3340563943136985,2.7613643556833267,6.13570399582386,0,134
candidate,20261104,0,1,-8.0,2.5,0,0,0,0,0,0,0,0.06666666666666667,45,2.3288933353291617,2.8846457600593567,2.9435958713293076,0,90
candidate,20261104,1,1,-28.0,4.0,0,0,1,20,0,0,0,0.029850746268656716,67,2.27413899195728,2.771243639290333,2.9836781322956085,0,134
candidate,20261104,2,1,-8.0,2.5,0,0,0,0,0,0,0,0.047619047619047616,63,2.21239464978377,2.5630056858062744,2.60838121175766,0,126
candidate,20261104,3,1,-17.0,4.0,0,0,1,9,0,0,0,0.0,40,2.378086280077696,3.212505765259266,3.2792259007692337,0,80
candidate,20261105,0,2,-8.0,2.5,0,0,0,0,0,0,0,0.022222222222222223,45,2.3345429450273514,2.87441723048687,3.1160060316324234,0,90
candidate,20261105,1,2,-8.0,2.5,0,0,0,0,0,0,0,0.018518518518518517,54,2.311472401574806,2.734573371708393,5.36646693944931,0,108
candidate,20261105,2,2,-8.0,2.5,0,0,0,0,0,0,0,0.023255813953488372,43,2.333538303541583,2.907698042690754,5.332751199603081,0,86
candidate,20261105,3,2,-8.0,2.5,0,0,0,0,0,0,0,0.0,54,2.349092763055254,3.0283452942967406,3.3146031200885773,0,108
candidate,20261106,0,1,-8.0,2.5,0,0,0,0,0,0,0,0.0,41,2.485178638158775,3.3209361135959625,3.592243418097496,0,82
candidate,20261106,1,1,-8.0,2.5,0,0,0,0,0,0,0,0.023255813953488372,43,2.326538656340089,2.8279876336455345,3.455743193626404,0,86
candidate,20261106,2,1,-18.0,3.0,0,0,0,0,0,0,0,0.0,71,2.335955743008936,2.87830363959074,3.824753686785698,0,143
candidate,20261106,3,1,32.0,1.0,1,0,0,0,0,0,0,0.024390243902439025,41,2.4024561138414757,3.0909162014722824,5.625907331705093,0,82
candidate,20261107,0,0,40.0,1.0,1,0,0,0,0,0,0,0.02702702702702703,37,2.4315235582557886,2.8388395905494677,6.1475057154893875,0,74
candidate,20261107,1,0,-20.0,4.0,0,0,1,12,0,0,0,0.06060606060606061,33,2.285039842580304,2.765491232275963,2.787388861179352,0,66
candidate,20261107,2,0,-8.0,2.5,0,0,0,0,0,0,0,0.0,37,2.3442645230003305,3.2466650009155273,3.2964088022708893,0,74
candidate,20261107,3,0,-8.0,2.5,0,0,0,0,0,0,0,0.05405405405405406,37,2.7876747520388783,4.144626483321184,6.2018949538469315,0,74
candidate,20261108,0,0,-8.0,2.5,0,0,0,0,0,0,0,0.023255813953488372,86,2.3405556458719943,2.7600894682109356,4.327083006501198,0,172
candidate,20261108,1,0,0.0,2.5,0,0,0,0,0,1,1,0.023529411764705882,85,2.330037535113447,2.805408462882042,5.546268075704575,0,170
candidate,20261108,2,0,0.0,2.5,0,0,0,0,0,1,0,0.0,84,2.3210296362993263,2.8509020805358887,6.104115396738052,0,168
candidate,20261108,3,0,-25.0,4.0,0,0,1,17,0,0,0,0.05555555555555555,36,2.305150187263886,2.9437728226184845,3.64762544631958,0,72
candidate,20261109,0,1,0.0,2.5,0,0,0,0,0,1,1,0.03529411764705882,85,2.3307932650341705,2.6597749441862106,6.2300823628902435,0,170
candidate,20261109,1,1,0.0,2.5,0,0,0,0,0,1,1,0.023529411764705882,85,2.2707460338578507,2.7511928230524063,3.514109179377556,0,170
candidate,20261109,2,1,51.0,1.0,1,0,0,0,0,0,0,0.0,74,2.467479179235729,3.2434519380331017,6.293315440416336,0,148
candidate,20261109,3,1,0.0,2.5,0,0,0,0,0,1,1,0.0,85,2.3620591663262425,3.15774567425251,3.293300047516823,0,170
candidate,20261110,0,0,34.0,1.0,1,0,0,0,0,0,0,0.02702702702702703,37,2.3544983988678134,2.9044095426797867,2.9223505407571793,0,74
candidate,20261110,1,0,-8.0,2.5,0,0,0,0,0,0,0,0.04081632653061224,49,2.2901016458564873,2.8841540217399597,2.913370728492737,0,98
candidate,20261110,2,0,-18.0,4.0,0,0,1,10,0,0,0,0.02702702702702703,37,2.4048417705941842,3.205386921763411,5.4294150322675705,0,74
candidate,20261110,3,0,-17.0,3.0,0,0,0,0,0,0,0,0.043478260869565216,69,2.279377043031264,2.5539521127939224,5.164822563529015,0,139
candidate,20261111,0,0,-17.0,3.0,0,0,0,0,0,0,0,0.05263157894736842,38,2.300353622750232,2.778393402695656,3.2233279198408127,0,77
candidate,20261111,1,0,-8.0,2.5,0,0,0,0,0,0,0,0.061224489795918366,49,2.2901406473651225,2.6395544409751888,5.446849390864372,0,98
candidate,20261111,2,0,-8.0,2.5,0,0,0,0,0,0,0,0.03225806451612903,62,2.3041568516242887,2.644606027752161,5.5006686598062515,0,124
candidate,20261111,3,0,-8.0,2.5,0,0,0,0,0,0,0,0.027777777777777776,36,2.381260868989759,3.08774271979928,5.211938172578812,0,72
candidate,20261112,0,1,34.0,1.0,1,0,0,0,0,0,0,0.047619047619047616,42,2.3632153779977845,2.638011146336794,6.161807104945183,0,85
candidate,20261112,1,1,-8.0,2.5,0,0,0,0,0,0,0,0.023809523809523808,42,2.322470325799215,2.895850595086813,2.9372461140155792,0,85
candidate,20261112,2,1,-8.0,2.5,0,0,0,0,0,0,0,0.0,42,2.3272954637096044,3.0715317465364933,3.132762387394905,0,85
candidate,20261112,3,1,-18.0,4.0,0,0,1,10,0,0,0,0.023255813953488372,43,2.2543206117873966,2.7092348784208298,2.789311110973358,0,85
candidate,20261113,0,2,-8.0,2.5,0,0,0,0,0,0,0,0.014925373134328358,67,2.4308803310590004,2.9245464131236076,6.016861647367477,0,134
candidate,20261113,1,2,-17.0,4.0,0,0,1,9,0,0,0,0.0,34,2.4841075543971622,3.1231367029249664,6.277801468968391,0,68
candidate,20261113,2,2,-33.0,3.0,0,0,0,0,0,0,0,0.03076923076923077,65,2.263179450080945,2.80815027654171,2.991769462823868,0,131
candidate,20261113,3,2,-33.0,3.0,0,0,0,0,0,0,0,0.0,63,2.5719611181153192,3.667459264397621,5.002215504646301,0,127
candidate,20261114,0,1,-8.0,2.5,0,0,0,0,0,0,0,0.04878048780487805,41,2.31677907087454,2.8003156185150146,2.828560769557953,0,82
candidate,20261114,1,1,36.0,1.0,1,0,0,0,0,0,0,0.024390243902439025,41,2.5845490759465752,3.411315381526947,4.50667180120945,0,82
candidate,20261114,2,1,-16.0,4.0,0,0,1,8,0,0,0,0.0,68,2.6133869610288563,4.089060053229332,4.703233018517494,0,136
candidate,20261114,3,1,-8.0,2.5,0,0,0,0,0,0,0,0.057971014492753624,69,2.240951078525488,2.570395544171333,5.448192358016968,0,138
candidate,20261115,0,3,-8.0,2.5,0,0,0,0,0,0,0,0.02857142857142857,35,2.3444407220397676,2.871105633676052,2.901477739214897,0,70
candidate,20261115,1,3,36.0,1.0,1,0,0,0,0,0,0,0.02857142857142857,35,2.4454851235662187,3.2665345817804323,4.654258489608765,0,70
candidate,20261115,2,3,0.0,2.5,0,0,0,0,0,1,1,0.011764705882352941,85,2.309308442122796,2.795097976922989,4.888962954282761,0,170
candidate,20261115,3,3,-8.0,2.5,0,0,0,0,0,0,0,0.02857142857142857,35,2.3429608238594875,3.107469342648983,4.183316603302956,0,70
candidate,20261116,0,1,-16.0,3.0,0,0,0,0,0,0,0,0.02564102564102564,39,2.318769406813842,2.776561491191387,2.845151349902153,0,79
candidate,20261116,1,1,-16.0,3.0,0,0,0,0,0,0,0,0.0,39,2.349894016216963,2.9613304883241653,3.16828116774559,0,79
candidate,20261116,2,1,-16.0,3.0,0,0,0,0,0,0,0,0.0,39,2.421105519319192,3.014185652136806,5.609041079878807,0,79
candidate,20261116,3,1,48.0,1.0,1,1,0,0,0,0,0,0.0,40,2.3255227599292994,3.189032245427369,3.46587598323822,0,79
candidate,20261117,0,3,54.0,1.0,1,0,0,0,0,0,0,0.0,54,2.4073817249801426,2.8177378699183464,6.6039711236953735,0,108
candidate,20261117,1,3,-18.0,4.0,0,0,1,10,0,0,0,0.0,65,2.348806680395053,2.8791874647140503,4.735579714179039,0,130
candidate,20261117,2,3,-30.0,3.0,0,0,0,0,0,0,0,0.03614457831325301,83,2.3289312081164626,2.957415208220482,3.5909172147512436,0,167
candidate,20261117,3,3,90.0,1.0,1,1,0,0,0,0,0,0.0,84,2.3657981794150102,3.1852208077907562,3.4392252564430237,0,167
candidate,20261118,0,1,-26.0,4.0,0,0,1,18,0,0,0,0.043478260869565216,46,2.305868972578774,2.725505270063877,2.986511215567589,0,92
candidate,20261118,1,1,42.0,1.0,1,0,0,0,0,0,0,0.021739130434782608,46,2.375012709070807,3.1992290169000626,3.3190343528985977,0,92
candidate,20261118,2,1,-8.0,2.5,0,0,0,0,0,0,0,0.021739130434782608,46,2.3174703769061877,2.8065377846360207,4.8687513917684555,0,92
candidate,20261118,3,1,-8.0,2.5,0,0,0,0,0,0,0,0.05555555555555555,36,2.285536171661483,2.849223557859659,3.55607271194458,0,72
candidate,20261119,0,1,-33.0,3.0,0,0,0,0,0,0,0,0.01639344262295082,61,2.3127701744192937,2.7479715645313263,2.879071980714798,0,123
candidate,20261119,1,1,-33.0,3.0,0,0,0,0,0,0,0,0.04918032786885246,61,2.340504441593514,2.8610285371541977,6.9156792014837265,0,123
candidate,20261119,2,1,-33.0,3.0,0,0,0,0,0,0,0,0.04918032786885246,61,2.3257038632377247,2.6628226041793823,7.225675508379936,0,123
candidate,20261119,3,1,48.0,1.0,1,0,0,0,0,0,0,0.0,62,2.3109580300027326,2.9261770658195014,4.569739103317261,0,124
candidate,20261120,0,0,43.0,1.0,1,0,0,0,0,0,0,0.08333333333333333,12,2.3476857071121535,2.9678596183657646,3.0122287571430206,0,24
candidate,20261120,1,0,-8.0,2.5,0,0,0,0,0,0,0,0.16666666666666666,12,2.2836453281342983,2.6600806042551994,2.6704706251621246,0,24
candidate,20261120,2,0,-27.0,4.0,0,0,1,19,0,0,0,0.0625,16,2.29556648992002,2.872980199754238,2.919469028711319,0,32
candidate,20261120,3,0,-8.0,2.5,0,0,0,0,0,0,0,0.08333333333333333,12,2.1908761312564216,2.6718806475400925,2.6725567877292633,0,24
candidate,20261121,0,0,51.0,1.0,1,1,0,0,0,0,0,0.04081632653061224,49,2.3107600911539428,2.827480435371398,2.9992982745170593,0,97
candidate,20261121,1,0,-8.0,2.5,0,0,0,0,0,0,0,0.0,40,2.50402158126235,3.664752002805471,7.7188145369291306,0,80
candidate,20261121,2,0,-8.0,2.5,0,0,0,0,0,0,0,0.0,40,2.2675268817692995,2.7943678200244904,2.80790776014328,0,80
candidate,20261121,3,0,-16.0,4.0,0,0,1,8,0,0,0,0.07692307692307693,39,2.2427751563298397,2.6477964594960213,3.1744390726089478,0,78
candidate,20261122,0,2,-20.0,4.0,0,0,1,12,0,0,0,0.0375,80,2.3095541168004274,2.7286172844469547,3.513256087899208,0,159
candidate,20261122,1,2,0.0,2.5,0,0,0,0,0,1,0,0.011904761904761904,84,2.3540781500438848,2.8961294330656524,5.5677630007267,0,169
candidate,20261122,2,2,54.0,1.0,1,1,0,0,0,0,0,0.0,59,2.3511479277226885,3.236580826342106,3.327043727040291,0,118
candidate,20261122,3,2,0.0,2.5,0,0,0,0,0,1,1,0.023809523809523808,84,2.2682473506955874,2.703247871249914,5.72209432721138,0,169
candidate,20261123,0,1,33.0,1.0,1,0,0,0,0,0,0,0.025,40,2.3708784487098455,2.9915399849414825,3.3891312777996063,0,80
candidate,20261123,1,1,-8.0,2.5,0,0,0,0,0,0,0,0.0,40,2.422170015051961,3.343729395419359,3.6237314343452454,0,80
candidate,20261123,2,1,-8.0,2.5,0,0,0,0,0,0,0,0.05,40,2.2435518447309732,2.687060367316007,2.863232046365738,0,80
candidate,20261123,3,1,-17.0,4.0,0,0,1,9,0,0,0,0.025,40,2.265616739168763,2.7809576131403446,2.842972055077553,0,80
candidate,20261124,0,1,-8.0,2.5,0,0,0,0,0,0,0,0.05263157894736842,57,2.2615002827686177,2.568955346941948,2.826651558279991,0,114
candidate,20261124,1,1,-8.0,2.5,0,0,0,0,0,0,0,0.02040816326530612,49,2.397381757595101,3.0753962695598602,4.873344674706459,0,98
candidate,20261124,2,1,-28.0,3.0,0,0,0,0,0,0,0,0.022222222222222223,45,2.2572498354646893,2.686574310064316,2.7191732078790665,0,91
candidate,20261124,3,1,-17.0,4.0,0,0,1,9,0,0,0,0.015384615384615385,65,2.4816459188094506,3.280530497431755,5.603719502687454,0,131
candidate,20261125,0,2,43.0,1.0,1,0,0,0,0,0,0,0.0625,48,2.3635016599049172,3.032222203910351,3.8368795067071915,0,96
candidate,20261125,1,2,-16.0,4.0,0,0,1,8,0,0,0,0.043478260869565216,46,2.2483826412454895,2.6919147931039333,2.8045382350683212,0,92
candidate,20261125,2,2,-8.0,2.5,0,0,0,0,0,0,0,0.041666666666666664,48,2.3906128092979393,2.8613291680812836,6.305405870079994,0,96
candidate,20261125,3,2,33.0,1.0,1,0,0,0,0,0,0,0.06,50,2.2796715423464775,2.845894917845726,5.217814818024635,0,100
candidate,20261126,0,2,33.0,1.0,1,0,0,0,0,0,0,0.05128205128205128,39,2.3252517940142217,2.880643680691719,2.9259156435728073,0,78
candidate,20261126,1,2,-8.0,2.5,0,0,0,0,0,0,0,0.0,39,2.357308490154071,3.074526786804199,3.237564116716385,0,78
candidate,20261126,2,2,-22.0,3.0,0,0,0,0,0,0,0,0.017543859649122806,57,2.2662129710640824,2.809584140777588,2.8534717857837677,0,115
candidate,20261126,3,2,-8.0,2.5,0,0,0,0,0,0,0,0.05128205128205128,39,2.282252774024621,2.631079778075218,5.363458767533302,0,78
candidate,20261127,0,1,32.0,1.0,1,0,0,0,0,0,0,0.043478260869565216,46,2.2703497873052307,2.634786069393158,2.789463847875595,0,92
candidate,20261127,1,1,-16.0,4.0,0,0,1,8,0,0,0,0.0,57,2.500841426744796,3.0474711209535585,5.509443581104279,0,114
candidate,20261127,2,1,-17.0,4.0,0,0,1,9,0,0,0,0.0,69,2.285891333999841,2.89921835064888,2.9719527810811996,0,138
candidate,20261127,3,1,33.0,1.0,1,0,0,0,0,0,0,0.02666666666666667,75,2.229584207137426,2.749362401664257,2.8522051870822906,0,150
candidate,20261128,0,3,34.0,1.0,1,0,0,0,0,0,0,0.0,37,2.726357832953737,4.12035435438156,6.356239318847656,0,74
candidate,20261128,1,3,102.0,1.0,1,1,0,0,0,0,0,0.08333333333333333,36,2.241960312757227,2.7959411963820457,2.909315750002861,0,71
candidate,20261128,2,3,-34.0,3.0,0,0,0,0,0,0,0,0.0,35,2.276176480310304,2.8577111661434174,2.872312441468239,0,71
candidate,20261128,3,3,-8.0,2.5,0,0,0,0,0,0,0,0.04285714285714286,70,2.2506664906229292,2.5776300579309464,5.2044689655303955,0,140
candidate,20261129,0,2,-8.0,2.5,0,0,0,0,0,0,0,0.0,59,2.451070915844481,3.3031072467565528,3.8720164448022842,0,118
candidate,20261129,1,2,37.0,1.0,1,0,0,0,0,0,0,0.0,61,2.361607020262812,3.1579099595546722,3.3771488815546036,0,122
candidate,20261129,2,2,-21.0,4.0,0,0,1,13,0,0,0,0.04918032786885246,61,2.3507271267351557,2.9668714851140976,5.498867481946945,0,122
candidate,20261129,3,2,-8.0,2.5,0,0,0,0,0,0,0,0.0,61,2.4207056362609394,3.1188558787107468,8.23209062218666,0,122
candidate,20261130,0,1,-21.0,3.0,0,0,0,0,0,0,0,0.016666666666666666,60,2.3706771743794284,2.8307385742664337,5.2183885127305984,0,121
candidate,20261130,1,1,-8.0,2.5,0,0,0,0,0,0,0,0.0,76,2.485726077697779,3.403651062399149,7.196778431534767,0,152
candidate,20261130,2,1,-21.0,3.0,0,0,0,0,0,0,0,0.05,60,2.2409911888341107,2.8060143813490868,2.8982963413000107,0,121
candidate,20261130,3,1,42.0,1.0,1,0,0,0,0,0,0,0.020833333333333332,48,2.3920592308665314,3.5633131861686707,3.649139776825905,0,96
candidate,20261131,0,3,51.0,1.0,1,1,0,0,0,0,0,0.022222222222222223,45,2.2954953213532767,2.6586342602968216,2.896057441830635,0,89
candidate,20261131,1,3,-17.0,3.0,0,0,0,0,0,0,0,0.022727272727272728,44,2.3011472076177597,2.862277813255787,2.9137786477804184,0,90
candidate,20261131,2,3,-17.0,3.0,0,0,0,0,0,0,0,0.0,44,2.3091904903677376,2.892713528126478,3.0021127313375473,0,89
candidate,20261131,3,3,-17.0,3.0,0,0,0,0,0,0,0,0.0,44,2.3174616508185863,2.9187955893576145,2.965981140732765,0,89
candidate,20261132,0,3,-17.0,4.0,0,0,1,9,0,0,0,0.0,49,2.4034237223012105,3.086999431252479,3.303075209259987,0,98
candidate,20261132,1,3,-8.0,2.5,0,0,0,0,0,0,0,0.02040816326530612,49,2.2667573042670073,2.7411818504333496,2.8523430228233337,0,98
candidate,20261132,2,3,48.0,1.0,1,1,0,0,0,0,0,0.023255813953488372,43,2.221320084361143,2.6824068278074265,2.749832347035408,0,85
candidate,20261132,3,3,-8.0,2.5,0,0,0,0,0,0,0,0.0,49,2.3333845774129944,3.004350513219833,3.0825547873973846,0,98
candidate,20261133,0,1,33.0,1.0,1,0,0,0,0,0,0,0.04878048780487805,41,2.2585637776589973,2.5560855865478516,2.8240270912647247,0,82
candidate,20261133,1,1,-8.0,2.5,0,0,0,0,0,0,0,0.024390243902439025,41,2.305273738939588,2.8071049600839615,3.0073970556259155,0,82
candidate,20261133,2,1,-8.0,2.5,0,0,0,0,0,0,0,0.024390243902439025,41,2.238151821784857,2.7944277971982956,2.87739560008049,0,82
candidate,20261133,3,1,-8.0,2.5,0,0,0,0,0,0,0,0.02,50,2.272346019744873,2.859514858573675,3.2964758574962616,0,100
candidate,20261134,0,0,-8.0,2.5,0,0,0,0,0,0,0,0.019230769230769232,52,2.3098761000885415,2.7977297082543373,2.865128219127655,0,104
candidate,20261134,1,0,-8.0,2.5,0,0,0,0,0,0,0,0.022727272727272728,44,2.2591982798820194,2.8143989853560925,2.831939607858658,0,88
candidate,20261134,2,0,-18.0,3.0,0,0,0,0,0,0,0,0.05357142857142857,56,2.2495745215564966,2.7300557121634483,2.832770347595215,0,113
candidate,20261134,3,0,33.0,1.0,1,0,0,0,0,0,0,0.045454545454545456,44,2.2382314570925455,2.768430020660162,2.906862646341324,0,88
candidate,20261135,0,3,-8.0,2.5,0,0,0,0,0,0,0,0.0,61,2.4717863588059537,3.599444404244423,3.7803277373313904,0,122
candidate,20261135,1,3,35.0,1.0,1,0,0,0,0,0,0,0.01639344262295082,61,2.313443535908324,2.9685888439416885,3.0278246849775314,0,122
candidate,20261135,2,3,-19.0,4.0,0,0,1,11,0,0,0,0.01639344262295082,61,2.2916938865282495,3.030860796570778,3.230506554245949,0,122
candidate,20261135,3,3,-8.0,2.5,0,0,0,0,0,0,0,0.0,59,2.2940695033235063,2.948605641722679,3.078702837228775,0,118
candidate,20261136,0,1,32.0,1.0,1,0,0,0,0,0,0,0.06451612903225806,31,2.2696778178215027,2.631942741572857,2.7722008526325226,0,62
candidate,20261136,1,1,-8.0,2.5,0,0,0,0,0,0,0,0.0,31,2.3291411419068613,2.98404973000288,3.004796802997589,0,62
candidate,20261136,2,1,-8.0,2.5,0,0,0,0,0,0,0,0.022727272727272728,44,2.312667625532909,3.0365728773176675,3.1066499650478363,0,88
candidate,20261136,3,1,-8.0,2.5,0,0,0,0,0,0,0,0.0196078431372549,51,2.257866383183236,2.7439603582024574,2.8125494718551636,0,102
candidate,20261137,0,0,-8.0,2.5,0,0,0,0,0,0,0,0.0,39,2.3276120042189574,2.819334529340267,2.8560515493154526,0,78
candidate,20261137,1,0,-32.0,4.0,0,0,1,24,0,0,0,0.05128205128205128,39,2.332060478436641,2.939297072589398,3.4067854285240173,0,78
candidate,20261137,2,0,-8.0,2.5,0,0,0,0,0,0,0,0.0425531914893617,47,2.2168595026782216,2.5676673278212547,2.7502886950969696,0,94
candidate,20261137,3,0,48.0,1.0,1,0,0,0,0,0,0,0.0,39,2.27614439641818,2.8359103947877884,2.8393827378749847,0,78
candidate,20261138,0,0,-18.0,3.0,0,0,0,0,0,0,0,0.0,47,2.42074190619144,2.9444022104144096,4.351276904344559,0,95
candidate,20261138,1,0,-8.0,2.5,0,0,0,0,0,0,0,0.05555555555555555,54,2.2318628789098174,2.5771930813789368,2.7365032583475113,0,108
candidate,20261138,2,0,-29.0,4.0,0,0,1,21,0,0,0,0.011494252873563218,87,2.331679943820526,2.7988387271761894,5.984313786029816,0,174
candidate,20261138,3,0,54.0,1.0,1,1,0,0,0,0,0,0.041666666666666664,48,2.3366508927817145,2.8804967179894447,5.475765094161034,0,95
candidate,20261139,0,2,33.0,1.0,1,0,0,0,0,0,0,0.03333333333333333,30,2.4002651994427047,2.9520821757614613,3.0123870819807053,0,60
candidate,20261139,1,2,-8.0,2.5,0,0,0,0,0,0,0,0.0,44,2.3986251855438407,3.105437755584717,3.789767622947693,0,88
candidate,20261139,2,2,48.0,1.0,1,1,0,0,0,0,0,0.0,53,2.319198558634182,3.114106133580208,3.305884078145027,0,105
candidate,20261139,3,2,-17.0,4.0,0,0,1,9,0,0,0,0.03333333333333333,30,2.308791565398375,2.8377686627209187,2.873130142688751,0,60
candidate,20261140,0,1,0.0,2.5,0,0,0,0,0,1,1,0.024390243902439025,82,2.282837655667852,2.6358474045991898,2.8308387845754623,0,165
candidate,20261140,1,1,-27.0,4.0,0,0,1,19,0,0,0,0.01694915254237288,59,2.3780720213712274,2.9333028942346573,5.470370873808861,0,117
candidate,20261140,2,1,43.0,1.0,1,0,0,0,0,0,0,0.01639344262295082,61,2.2503357441698917,2.724612131714821,2.7957502752542496,0,123
candidate,20261140,3,1,-8.0,2.5,0,0,0,0,0,0,0,0.020833333333333332,48,2.2175373354305825,2.6568069122731686,2.7300212532281876,0,97
candidate,20261141,0,2,-8.0,2.5,0,0,0,0,0,0,0,0.0,88,2.3957032879645173,3.1264040619134903,3.3215414732694626,0,176
candidate,20261141,1,2,-16.0,3.0,0,0,0,0,0,0,0,0.03278688524590164,61,2.2666090336002287,2.654971554875374,2.8685666620731354,0,123
candidate,20261141,2,2,48.0,1.0,1,1,0,0,0,0,0,0.03278688524590164,61,2.2719175417403705,2.8856322169303894,3.026047721505165,0,121
candidate,20261141,3,2,-8.0,2.5,0,0,0,0,0,0,0,0.0,79,2.4724207771352575,3.7774363532662387,3.8925372064113617,0,158
candidate,20261142,0,2,33.0,1.0,1,0,0,0,0,0,0,0.08,25,2.2908582538366318,2.813771739602089,2.8859619051218033,0,50
candidate,20261142,1,2,-17.0,4.0,0,0,1,9,0,0,0,0.09375,32,2.4427626631222665,2.936150413006544,3.517022356390953,0,64
candidate,20261142,2,2,-17.0,4.0,0,0,1,9,0,0,0,0.08,25,2.3139820992946625,2.593033015727997,3.058129921555519,0,50
candidate,20261142,3,2,-8.0,2.5,0,0,0,0,0,0,0,0.0,34,2.2351367070394406,2.8626663610339165,2.8877276927232742,0,68
candidate,20261143,0,0,-8.0,2.5,0,0,0,0,0,0,0,0.02127659574468085,47,2.3320403663401907,2.8082238510251045,2.8363093733787537,0,94
candidate,20261143,1,0,-17.0,4.0,0,0,1,9,0,0,0,0.0,43,2.3927840642457783,3.1872231513261795,3.299964591860771,0,86
candidate,20261143,2,0,-8.0,2.5,0,0,0,0,0,0,0,0.02127659574468085,47,2.29867179184518,3.07405162602663,3.1425170600414276,0,94
candidate,20261143,3,0,57.0,1.0,1,1,0,0,0,0,0,0.05555555555555555,72,2.224587473190493,2.6012057438492775,2.948608249425888,0,143
candidate,20261144,0,0,51.0,1.0,1,1,0,0,0,0,0,0.07407407407407407,27,2.2906120866537094,2.7673959732055664,2.846892923116684,0,53
candidate,20261144,1,0,-17.0,3.0,0,0,0,0,0,0,0,0.038461538461538464,26,2.303926918942195,2.9528927989304066,2.9777567833662033,0,53
candidate,20261144,2,0,-17.0,3.0,0,0,0,0,0,0,0,0.0,26,2.3085353896021843,2.9931236058473587,3.091331571340561,0,53
candidate,20261144,3,0,-17.0,3.0,0,0,0,0,0,0,0,0.038461538461538464,26,2.262801146851136,2.759793307632208,2.812197431921959,0,53
candidate,20261145,0,1,54.0,1.0,1,1,0,0,0,0,0,0.0625,32,2.2751285578124225,2.7826346457004547,2.843216061592102,0,63
candidate,20261145,1,1,-25.0,3.0,0,0,0,0,0,0,0,0.0,39,2.34627613845544,2.962161786854267,3.0748266726732254,0,79
candidate,20261145,2,1,-25.0,3.0,0,0,0,0,0,0,0,0.04878048780487805,41,2.274839888985564,2.779681235551834,2.8208084404468536,0,83
candidate,20261145,3,1,-17.0,4.0,0,0,1,9,0,0,0,0.0,76,2.282050487242247,2.9098447412252426,2.97386571764946,0,152
candidate,20261146,0,2,-16.0,3.0,0,0,0,0,0,0,0,0.0,56,2.3151736240833998,2.845481503754854,2.927592024207115,0,113
candidate,20261146,1,2,35.0,1.0,1,0,0,0,0,0,0,0.03896103896103896,77,2.2355692291801628,2.5623913854360585,3.6423932760953903,0,153
candidate,20261146,2,2,36.0,1.0,1,0,0,0,0,0,0,0.05357142857142857,56,2.2497184108942747,2.763844095170498,2.886025235056877,0,112
candidate,20261146,3,2,-8.0,2.5,0,0,0,0,0,0,0,0.05333333333333334,75,2.241170257329941,2.7680568397045135,2.902001142501831,0,151
candidate,20261147,0,3,0.0,2.5,0,0,0,0,0,1,0,0.0,89,2.4609774183691218,3.368094563484191,4.866303876042366,0,178
candidate,20261147,1,3,-8.0,2.5,0,0,0,0,0,0,0,0.047619047619047616,42,2.277833853094351,2.620519418269396,3.8489066064357758,0,84
candidate,20261147,2,3,-20.0,4.0,0,0,1,12,0,0,0,0.027777777777777776,36,2.324344849006997,2.9150033369660378,3.5309530794620514,0,72
candidate,20261147,3,3,35.0,1.0,1,0,0,0,0,0,0,0.07142857142857142,42,2.288628014780226,2.787741925567388,4.58228774368763,0,84
candidate,20261148,0,3,63.0,1.0,1,1,0,0,0,0,0,0.0,35,2.387892348425729,3.087885119020939,3.291534259915352,0,69
candidate,20261148,1,3,-8.0,2.5,0,0,0,0,0,0,0,0.02702702702702703,37,2.2943193042600476,2.875334024429321,3.041168674826622,0,74
candidate,20261148,2,3,-8.0,2.5,0,0,0,0,0,0,0,0.05405405405405406,37,2.2485266766838126,2.8281360864639282,2.9490720480680466,0,74
candidate,20261148,3,3,-18.0,4.0,0,0,1,10,0,0,0,0.02702702702702703,37,2.243921815140827,2.682317793369293,2.7241595089435577,0,74
candidate,20261149,0,1,-16.0,3.0,0,0,0,0,0,0,0,0.0,42,2.3385700104492053,2.821346651762724,2.840457484126091,0,85
candidate,20261149,1,1,-16.0,3.0,0,0,0,0,0,0,0,0.0,42,2.2869201465731575,2.777829859405756,2.8078239411115646,0,85
candidate,20261149,2,1,48.0,1.0,1,1,0,0,0,0,0,0.0,43,2.3039447273625884,2.9851865023374557,3.049783408641815,0,85
candidate,20261149,3,1,-16.0,3.0,0,0,0,0,0,0,0,0.0,42,2.360560842567966,3.145788237452507,3.4661907702684402,0,85
candidate,20261150,0,1,33.0,1.0,1,0,0,0,0,0,0,0.05714285714285714,35,2.3607327469757626,2.9775291681289673,3.0396953225135803,0,70
candidate,20261150,1,1,-8.0,2.5,0,0,0,0,0,0,0,0.05714285714285714,35,2.283732752714838,2.827955409884453,2.972312271595001,0,70
candidate,20261150,2,1,-17.0,4.0,0,0,1,9,0,0,0,0.0,35,2.3204381444624493,2.9490998014807697,3.0473433434963226,0,70
candidate,20261150,3,1,-8.0,2.5,0,0,0,0,0,0,0,0.02857142857142857,35,2.260448623980795,2.822490409016609,2.86867655813694,0,70
candidate,20261151,0,1,32.0,1.0,1,0,0,0,0,0,0,0.043478260869565216,23,2.3288971380047174,2.843768335878849,2.888638526201248,0,46
candidate,20261151,1,1,-8.0,2.5,0,0,0,0,0,0,0,0.043478260869565216,23,2.3196023767409115,2.8896192088723183,2.963157370686531,0,46
candidate,20261151,2,1,-16.0,4.0,0,0,1,8,0,0,0,0.0,23,2.2836233610692234,2.793326787650585,2.8162039816379547,0,46
candidate,20261151,3,1,-8.0,2.5,0,0,0,0,0,0,0,0.0,38,2.283548985264803,2.8527538292109966,2.871338278055191,0,76
candidate,20261152,0,2,-8.0,2.5,0,0,0,0,0,0,0,0.017543859649122806,57,2.321772604135045,2.8196677565574646,2.8929859399795532,0,114
candidate,20261152,1,2,32.0,1.0,1,0,0,0,0,0,0,0.02631578947368421,76,2.233052773303107,2.594489138573408,2.71662138402462,0,152
candidate,20261152,2,2,34.0,1.0,1,0,0,0,0,0,0,0.08333333333333333,24,2.228208507100741,2.613997459411621,2.8785597532987595,0,48
candidate,20261152,3,2,-17.0,4.0,0,0,1,9,0,0,0,0.03333333333333333,60,2.2750780917704105,2.748964261263609,2.889225259423256,0,120
candidate,20261153,0,2,-8.0,2.5,0,0,0,0,0,0,0,0.0,39,2.422119132601298,3.1391097232699394,3.2063834369182587,0,78
candidate,20261153,1,2,-8.0,2.5,0,0,0,0,0,0,0,0.0,39,2.3585382657937513,3.0529048293828964,3.140021115541458,0,78
candidate,20261153,2,2,-19.0,4.0,0,0,1,11,0,0,0,0.0,39,2.269421489192889,2.7858788147568703,2.823280170559883,0,78
candidate,20261153,3,2,39.0,1.0,1,0,0,0,0,0,0,0.024390243902439025,41,2.3343994668344172,3.1017567962408066,3.208039328455925,0,82
candidate,20261154,0,1,-17.0,3.0,0,0,0,0,0,0,0,0.06451612903225806,31,2.2702328860759735,2.563328482210636,2.7850866317749023,0,63
candidate,20261154,1,1,-21.0,3.0,0,0,0,0,0,0,0,0.015873015873015872,63,2.312558629210033,2.832634188234806,2.8677955269813538,0,127
candidate,20261154,2,1,-17.0,3.0,0,0,0,0,0,0,0,0.03225806451612903,31,2.2416423645711716,2.7009164914488792,2.7397312223911285,0,63
candidate,20261154,3,1,51.0,1.0,1,1,0,0,0,0,0,0.0,32,2.3518031812272966,3.22177829220891,3.4026317298412323,0,63
candidate,20261155,0,0,-8.0,2.5,0,0,0,0,0,0,0,0.027777777777777776,36,2.34227254986763,2.9011000879108906,2.9187947511672974,0,72
candidate,20261155,1,0,-20.0,3.0,0,0,0,0,0,0,0,0.027777777777777776,36,2.2835324311421976,2.751422580331564,2.7944911271333694,0,73
candidate,20261155,2,0,60.0,1.0,1,1,0,0,0,0,0,0.05405405405405406,37,2.2489640459015563,2.7901541441679,2.832110971212387,0,73
candidate,20261155,3,0,-20.0,3.0,0,0,0,0,0,0,0,0.0,36,2.363045492933856,3.1106104142963886,3.3378824591636658,0,73
candidate,20261156,0,1,46.0,1.0,1,0,0,0,0,0,0,0.058823529411764705,34,2.251343144213452,2.5587704963982105,2.798432484269142,0,68
candidate,20261156,1,1,-8.0,2.5,0,0,0,0,0,0,0,0.027777777777777776,36,2.3017476519776716,2.8435634449124336,2.888210117816925,0,72
candidate,20261156,2,1,35.0,1.0,1,0,0,0,0,0,0,0.02631578947368421,38,2.2638360234467605,2.836329396814108,2.86775641143322,0,76
candidate,20261156,3,1,-8.0,2.5,0,0,0,0,0,0,0,0.03125,32,2.2770643699914217,2.807373460382223,2.919953316450119,0,64
candidate,20261157,0,0,54.0,1.0,1,1,0,0,0,0,0,0.05714285714285714,35,2.3456274398735593,2.9419291764497757,3.0105728656053543,0,69
candidate,20261157,1,0,-18.0,3.0,0,0,0,0,0,0,0,0.0,34,2.403267056626432,3.291361127048731,3.4092292189598083,0,69
candidate,20261157,2,0,-18.0,3.0,0,0,0,0,0,0,0,0.0,34,2.374511814731009,3.111765068024397,3.3726468682289124,0,69
candidate,20261157,3,0,-18.0,3.0,0,0,0,0,0,0,0,0.0,34,2.3296939976075115,3.1115596182644367,3.2806750386953354,0,69
candidate,20261158,0,2,-8.0,2.5,0,0,0,0,0,0,0,0.02631578947368421,38,2.282335128831236,2.7326169423758984,2.7590524405241013,0,76
candidate,20261158,1,2,52.0,1.0,1,0,0,0,0,0,0,0.0,63,2.2996706917645438,2.8706589713692665,2.9051583260297775,0,126
candidate,20261158,2,2,-20.0,4.0,0,0,1,12,0,0,0,0.05263157894736842,38,2.356974947217264,3.0257230624556537,5.349602550268173,0,76
candidate,20261158,3,2,36.0,1.0,1,0,0,0,0,0,0,0.02631578947368421,38,2.314134795022638,2.929807361215353,2.9734037816524506,0,76
candidate,20261159,0,0,-8.0,2.5,0,0,0,0,0,0,0,0.06521739130434782,46,2.249067932691263,2.6145516894757748,2.7859415858983994,0,92
candidate,20261159,1,0,-8.0,2.5,0,0,0,0,0,0,0,0.08823529411764706,34,2.229704795514836,2.617950737476349,2.7335360646247864,0,68
candidate,20261159,2,0,46.0,1.0,1,0,0,0,0,0,0,0.058823529411764705,34,2.237921635455945,2.799143549054861,2.8332415968179703,0,68
candidate,20261159,3,0,-22.0,4.0,0,0,1,14,0,0,0,0.045454545454545456,22,2.2100342268293556,2.580198273062706,2.5938209146261215,0,44
candidate,20261160,0,1,-8.0,2.5,0,0,0,0,0,0,0,0.0,27,2.463425682098777,3.2280411571264267,3.2960698008537292,0,54
candidate,20261160,1,1,-8.0,2.5,0,0,0,0,0,0,0,0.07407407407407407,27,2.3076072059295796,2.8227904811501503,2.8347764164209366,0,54
candidate,20261160,2,1,-18.0,4.0,0,0,1,10,0,0,0,0.0,27,2.286094551285108,2.8496965765953064,2.8935521841049194,0,54
candidate,20261160,3,1,33.0,1.0,1,0,0,0,0,0,0,0.037037037037037035,27,2.4251128650373883,3.512653149664402,3.708016127347946,0,54
candidate,20261161,0,1,-17.0,3.0,0,0,0,0,0,0,0,0.015384615384615385,65,2.380129723594739,3.021462634205818,3.142567351460457,0,132
candidate,20261161,1,1,-17.0,3.0,0,0,0,0,0,0,0,0.0,65,2.3987278915368595,3.0816592276096344,5.28295524418354,0,131
candidate,20261161,2,1,51.0,1.0,1,1,0,0,0,0,0,0.030303030303030304,66,2.235337442746668,2.657657954841852,2.9054004698991776,0,132
candidate,20261161,3,1,-17.0,3.0,0,0,0,0,0,0,0,0.046153846153846156,65,2.184708731678816,2.500910684466362,2.565402537584305,0,132
candidate,20261162,0,1,-16.0,3.0,0,0,0,0,0,0,0,0.0,10,2.3301880806684494,2.763909287750721,2.7654264122247696,0,21
candidate,20261162,1,1,-16.0,3.0,0,0,0,0,0,0,0,0.1,10,2.2808650508522987,2.71365400403738,2.718614414334297,0,21
candidate,20261162,2,1,48.0,1.0,1,1,0,0,0,0,0,0.0,11,2.2284930402582344,2.871038392186165,2.9285047203302383,0,21
candidate,20261162,3,1,-16.0,3.0,0,0,0,0,0,0,0,0.0,10,2.216494269669056,2.74861641228199,2.7594324201345444,0,21
candidate,20261163,0,2,-8.0,2.5,0,0,0,0,0,0,0,0.06382978723404255,47,2.2702552378177643,2.5878429412841797,2.8811991214752197,0,94
candidate,20261163,1,2,32.0,1.0,1,0,0,0,0,0,0,0.037037037037037035,81,2.2399750894602435,2.664191648364067,2.9478631913661957,0,162
candidate,20261163,2,2,-8.0,2.5,0,0,0,0,0,0,0,0.0,55,2.2695279595526783,2.872156724333763,3.0889324843883514,0,110
candidate,20261163,3,2,40.0,1.0,1,0,0,0,0,0,0,0.05660377358490566,53,2.2157281285749293,2.7252648025751114,2.804262563586235,0,106
candidate,20261164,0,0,-16.0,3.0,0,0,0,0,0,0,0,0.0,33,2.3419531344464333,2.8199944645166397,2.865957096219063,0,67
candidate,20261164,1,0,48.0,1.0,1,1,0,0,0,0,0,0.0,34,2.465588478919338,3.2926181331276894,3.542836755514145,0,67
candidate,20261164,2,0,-20.0,3.0,0,0,0,0,0,0,0,0.0,33,2.2837779851573887,2.815454453229904,2.84770131111145,0,67
candidate,20261164,3,0,-16.0,3.0,0,0,0,0,0,0,0,0.0,33,2.3383217666185265,3.0181806534528732,3.546435385942459,0,67
candidate,20261165,0,0,75.0,1.0,1,1,0,0,0,0,0,0.03278688524590164,61,2.341987992652127,2.93881818652153,3.302518278360367,0,121
candidate,20261165,1,0,-25.0,3.0,0,0,0,0,0,0,0,0.05,60,2.24075506751736,2.7137854136526585,2.7559343725442886,0,121
candidate,20261165,2,0,-25.0,3.0,0,0,0,0,0,0,0,0.016666666666666666,60,2.29064446563522,2.7736885473132133,3.39573435485363,0,121
candidate,20261165,3,0,-25.0,3.0,0,0,0,0,0,0,0,0.016129032258064516,62,2.2811216392344043,2.774563245475292,2.891968935728073,0,125
candidate,20261166,0,1,-27.0,3.0,0,0,0,0,0,0,0,0.018867924528301886,53,2.329112505013088,2.815961092710495,2.8454959392547607,0,107
candidate,20261166,1,1,-27.0,3.0,0,0,0,0,0,0,0,0.03773584905660377,53,2.333105910780295,2.977268770337105,3.0827950686216354,0,107
candidate,20261166,2,1,81.0,1.0,1,1,0,0,0,0,0,0.018518518518518517,54,2.3007352525989213,2.991022262722254,3.231925889849663,0,107
candidate,20261166,3,1,-27.0,3.0,0,0,0,0,0,0,0,0.02,50,2.2677410021424294,2.7283278293907642,4.037221893668175,0,101
candidate,20261167,0,2,-8.0,2.5,0,0,0,0,0,0,0,0.034482758620689655,29,2.3492049939673523,2.935570478439331,2.9425472021102905,0,58
candidate,20261167,1,2,32.0,1.0,1,0,0,0,0,0,0,0.0,29,2.4739992001961015,3.284569084644317,4.668520763516426,0,58
candidate,20261167,2,2,-16.0,4.0,0,0,1,8,0,0,0,0.0,29,2.369736032239322,3.125128895044327,3.2195337116718292,0,58
candidate,20261167,3,2,-8.0,2.5,0,0,0,0,0,0,0,0.0,29,2.353736809615431,2.9458504170179367,3.508925437927246,0,58
candidate,20261168,0,0,-21.0,3.0,0,0,0,0,0,0,0,0.18181818181818182,11,2.3188889026641846,2.7148332446813583,2.859111875295639,0,23
candidate,20261168,1,0,63.0,1.0,1,1,0,0,0,0,0,0.0,12,2.4596569128334522,3.156831208616495,3.197064623236656,0,23
candidate,20261168,2,0,-21.0,3.0,0,0,0,0,0,0,0,0.09090909090909091,11,2.280102026733485,2.802405506372452,2.829819917678833,0,23
candidate,20261168,3,0,-21.0,3.0,0,0,0,0,0,0,0,0.0,11,2.172290262850848,2.48072762042284,2.8278492391109467,0,23
candidate,20261169,0,1,-8.0,2.5,0,0,0,0,0,0,0,0.038461538461538464,78,2.342885312361595,2.8014827519655228,4.009885713458061,0,156
candidate,20261169,1,1,-16.0,4.0,0,0,1,8,0,0,0,0.0125,80,2.3332954617217183,2.8998113237321377,3.124052658677101,0,160
candidate,20261169,2,1,0.0,2.5,0,0,0,0,0,1,1,0.025,80,2.229207451455295,2.716916799545288,2.8700847178697586,0,160
candidate,20261169,3,1,0.0,2.5,0,0,0,0,0,1,0,0.0,79,2.271819175987304,2.8552507981657977,3.0330605804920197,0,158
candidate,20261170,0,2,51.0,1.0,1,1,0,0,0,0,0,0.03278688524590164,61,2.282839207375636,2.6984959840774536,2.813182771205902,0,121
candidate,20261170,1,2,-17.0,3.0,0,0,0,0,0,0,0,0.0,60,2.350367388377587,3.0017633922398086,3.241186961531639,0,121
candidate,20261170,2,2,-17.0,3.0,0,0,0,0,0,0,0,0.0,60,2.425887963424126,3.4188284538686275,3.500601276755333,0,121
candidate,20261170,3,2,-17.0,3.0,0,0,0,0,0,0,0,0.0,62,2.328942409686504,2.9521504417061806,3.1247343868017197,0,125
candidate,20261171,0,3,-21.0,3.0,0,0,0,0,0,0,0,0.047619047619047616,21,2.3097763991072062,2.747301012277603,2.8098728507757187,0,43
candidate,20261171,1,3,-21.0,3.0,0,0,0,0,0,0,0,0.09523809523809523,21,2.2709093810546968,2.644924446940422,2.757042646408081,0,43
candidate,20261171,2,3,-21.0,3.0,0,0,0,0,0,0,0,0.047619047619047616,21,2.2448330585445677,2.828335389494896,2.8283726423978806,0,43
candidate,20261171,3,3,36.0,1.0,1,0,0,0,0,0,0,0.05128205128205128,39,2.218206054889239,2.6709461584687233,2.8691310435533524,0,78
candidate,20261172,0,1,-8.0,2.5,0,0,0,0,0,0,0,0.03333333333333333,30,2.3126963526010513,2.779911644756794,2.811817452311516,0,60
candidate,20261172,1,1,43.0,1.0,1,0,0,0,0,0,0,0.09523809523809523,21,2.2718141831102825,2.6852767914533615,2.8963517397642136,0,42
candidate,20261172,2,1,-17.0,3.0,0,0,0,0,0,0,0,0.0,38,2.302040345966816,2.9123964719474316,2.988593652844429,0,77
candidate,20261172,3,1,-27.0,4.0,0,0,1,19,0,0,0,0.0,34,2.3554197019513916,3.0584830790758124,3.279099240899086,0,68
candidate,20261173,0,3,34.0,1.0,1,0,0,0,0,0,0,0.0,49,2.520592579123925,3.537245839834213,4.101196303963661,0,98
candidate,20261173,1,3,44.0,1.0,1,0,0,0,0,0,0,0.03076923076923077,65,2.3674631061462255,3.0621271580457687,3.3201146870851517,0,130
candidate,20261173,2,3,-8.0,2.5,0,0,0,0,0,0,0,0.03389830508474576,59,2.2626171614659034,2.7937613427639008,3.237564116716385,0,119
candidate,20261173,3,3,-8.0,2.5,0,0,0,0,0,0,0,0.0,49,2.376229635306767,3.3346898853778812,4.159584641456604,0,98
candidate,20261174,0,1,-8.0,2.5,0,0,0,0,0,0,0,0.0,32,2.3404817329719663,2.829808183014393,2.86310538649559,0,64
candidate,20261174,1,1,40.0,1.0,1,0,0,0,0,0,0,0.1,30,2.2315788393219314,2.6789607480168334,2.852587029337883,0,60
candidate,20261174,2,1,-32.0,4.0,0,0,1,24,0,0,0,0.0,23,2.2770788358605425,2.80175544321537,2.8249267488718033,0,46
candidate,20261174,3,1,-8.0,2.5,0,0,0,0,0,0,0,0.0,35,2.2587642073631287,2.8066325932741165,2.8120875358581543,0,70
candidate,20261175,0,3,-17.0,4.0,0,0,1,9,0,0,0,0.061224489795918366,49,2.32996472290584,2.839784696698189,2.8664227575063705,0,98
candidate,20261175,1,3,117.0,1.0,1,1,0,0,0,0,0,0.01639344262295082,61,2.40143745771197,3.5166963934898376,4.186483100056648,0,121
candidate,20261175,2,3,-39.0,3.0,0,0,0,0,0,0,0,0.03333333333333333,60,2.2391480393707752,2.7500301599502563,2.8130970895290375,0,121
candidate,20261175,3,3,-8.0,2.5,0,0,0,0,0,0,0,0.0,83,2.4041668792445976,3.3737860620021816,3.9106979966163635,0,166
candidate,20261176,0,2,32.0,1.0,1,0,0,0,0,0,0,0.04,25,2.4118389189243317,2.990945428609848,3.091501072049141,0,50
candidate,20261176,1,2,-16.0,4.0,0,0,1,8,0,0,0,0.0,25,2.350166365504265,2.9774077236652374,3.1881220638751984,0,50
candidate,20261176,2,2,99.0,1.0,1,1,0,0,0,0,0,0.0,47,2.2729120038925332,2.8202952817082405,2.880087122321129,0,93
candidate,20261176,3,2,-8.0,2.5,0,0,0,0,0,0,0,0.04,25,2.2710034251213074,3.0082587152719493,3.0961204320192337,0,50
candidate,20261177,0,1,-22.0,4.0,0,0,1,14,0,0,0,0.0,17,2.3408030324122486,2.7928829193115234,2.799011766910553,0,34
candidate,20261177,1,1,-8.0,2.5,0,0,0,0,0,0,0,0.047619047619047616,21,2.2198519713821865,2.5728177279233932,2.5958120822906494,0,42
candidate,20261177,2,1,-8.0,2.5,0,0,0,0,0,0,0,0.047619047619047616,21,2.2712150322539464,2.6701893657445908,3.7985555827617645,0,42
candidate,20261177,3,1,0.0,2.5,0,0,0,0,0,1,0,0.0,89,2.316555531507128,3.011659160256386,3.1619351357221603,0,178
candidate,20261178,0,1,-8.0,2.5,0,0,0,0,0,0,0,0.0,39,2.315687541014109,2.7802595868706703,2.793082967400551,0,78
candidate,20261178,1,1,35.0,1.0,1,0,0,0,0,0,0,0.02564102564102564,39,2.2986005418575726,2.8367195278406143,2.989448606967926,0,78
candidate,20261178,2,1,-8.0,2.5,0,0,0,0,0,0,0,0.0,39,2.3028200540022974,3.010191209614277,3.2295361161231995,0,78
candidate,20261178,3,1,-19.0,4.0,0,0,1,11,0,0,0,0.02564102564102564,39,2.295959167755567,2.793665789067745,3.197234123945236,0,78
candidate,20261179,0,0,-8.0,2.5,0,0,0,0,0,0,0,0.015384615384615385,65,2.6690316601441455,4.024973511695862,4.560623317956924,0,130
candidate,20261179,1,0,33.0,1.0,1,0,0,0,0,0,0,0.016129032258064516,62,2.3209807733374257,2.7259746566414833,3.7775151431560516,0,124
candidate,20261179,2,0,-17.0,4.0,0,0,1,9,0,0,0,0.0,62,2.7253003790974617,4.353027231991291,4.972390830516815,0,124
candidate,20261179,3,0,-8.0,2.5,0,0,0,0,0,0,0,0.03508771929824561,57,2.3483484329884514,3.0851326882839203,3.212863579392433,0,114
candidate,20261180,0,2,90.0,1.0,1,0,0,0,0,0,0,0.030303030303030304,66,2.31899834717765,2.7578147128224373,4.122639074921608,0,132
candidate,20261180,1,2,32.0,1.0,1,0,0,0,0,0,0,0.06666666666666667,30,2.2865183651447296,2.646275795996189,2.7985703200101852,0,60
candidate,20261180,2,2,-16.0,4.0,0,0,1,8,0,0,0,0.0,30,2.412610687315464,3.278516046702862,3.341667354106903,0,60
candidate,20261180,3,2,-8.0,2.5,0,0,0,0,0,0,0,0.0,65,2.435976553421754,3.294018656015396,4.732977598905563,0,130
candidate,20261181,0,0,-8.0,2.5,0,0,0,0,0,0,0,0.0,47,2.3963356271703193,2.836132049560547,6.293874233961105,0,94
candidate,20261181,1,0,-8.0,2.5,0,0,0,0,0,0,0,0.0,47,2.4810650960562075,3.599332645535468,6.21204636991024,0,94
candidate,20261181,2,0,39.0,1.0,1,0,0,0,0,0,0,0.06382978723404255,47,2.2965141750396567,2.9394466429948802,3.979776054620743,0,94
candidate,20261181,3,0,-8.0,2.5,0,0,0,0,0,0,0,0.0,45,2.446259061495463,2.8686784207820892,6.828133016824722,0,90
candidate,20261182,0,3,-16.0,3.0,0,0,0,0,0,0,0,0.047619047619047616,21,2.327235770367441,2.7649234980344772,2.885054796934128,0,43
candidate,20261182,1,3,48.0,1.0,1,1,0,0,0,0,0,0.0,22,2.33664753084833,3.1150675378739834,3.1565092504024506,0,43
candidate,20261182,2,3,-16.0,3.0,0,0,0,0,0,0,0,0.09523809523809523,21,2.2946383271898543,2.802044153213501,2.807425335049629,0,43
candidate,20261182,3,3,-19.0,3.0,0,0,0,0,0,0,0,0.041666666666666664,24,2.37123086117208,2.8237832710146904,5.115089938044548,0,49
candidate,20261183,0,1,-8.0,2.5,0,0,0,0,0,0,0,0.0,30,2.403116039931774,2.8932669200003147,4.317782819271088,0,60
candidate,20261183,1,1,90.0,1.0,1,1,0,0,0,0,0,0.025,40,2.4410484824329615,3.369152545928955,4.93723526597023,0,79
candidate,20261183,2,1,-8.0,2.5,0,0,0,0,0,0,0,0.029411764705882353,34,2.361611956182648,2.777707576751709,5.765952169895172,0,68
candidate,20261183,3,1,-27.0,4.0,0,0,1,19,0,0,0,0.0,30,2.560084934035937,4.620124585926524,6.03322871029377,0,60
candidate,20261184,0,1,-8.0,2.5,0,0,0,0,0,0,0,0.05555555555555555,36,2.2731898869905205,2.6444047689437866,2.827223390340805,0,72
candidate,20261184,1,1,-18.0,3.0,0,0,0,0,0,0,0,0.07894736842105263,38,2.288489308404295,2.880749572068453,2.9851216822862625,0,77
candidate,20261184,2,1,32.0,1.0,1,0,0,0,0,0,0,0.02564102564102564,39,2.2535718117768946,2.75970995426178,3.0788183212280273,0,78
candidate,20261184,3,1,-19.0,4.0,0,0,1,11,0,0,0,0.0,36,2.3031552943090596,2.9094205237925053,2.934657037258148,0,72
candidate,20261185,0,1,-8.0,2.5,0,0,0,0,0,0,0,0.03773584905660377,53,2.337495603089063,2.6334669440984726,4.655461758375168,0,106
candidate,20261185,1,1,-19.0,4.0,0,0,1,11,0,0,0,0.05405405405405406,37,2.285043029366313,2.798286080360412,2.8848927468061447,0,74
candidate,20261185,2,1,-8.0,2.5,0,0,0,0,0,0,0,0.022727272727272728,44,2.2653526287864554,2.853591460734606,2.9999371618032455,0,88
candidate,20261185,3,1,-8.0,2.5,0,0,0,0,0,0,0,0.043478260869565216,69,2.219631755049678,2.634267508983612,2.874933183193207,0,138
candidate,20261186,0,3,34.0,1.0,1,0,0,0,0,0,0,0.04878048780487805,41,2.2925863542207856,2.6580914855003357,2.8867479413747787,0,82
candidate,20261186,1,3,-8.0,2.5,0,0,0,0,0,0,0,0.05128205128205128,39,2.2782196696752157,2.956354431807995,3.0832886695861816,0,78
candidate,20261186,2,3,-17.0,4.0,0,0,1,9,0,0,0,0.07692307692307693,39,2.3474133071991115,2.7562979608774185,6.419515237212181,0,78
candidate,20261186,3,3,-8.0,2.5,0,0,0,0,0,0,0,0.0,39,2.2429974319843144,2.7754195034503937,2.843191847205162,0,78
candidate,20261187,0,3,-17.0,3.0,0,0,0,0,0,0,0,0.0,57,2.4546842303192404,3.0590657144784927,6.300035864114761,0,115
candidate,20261187,1,3,-18.0,4.0,0,0,1,10,0,0,0,0.018518518518518517,54,2.4271237629431264,3.0740988440811634,5.91873936355114,0,108
candidate,20261187,2,3,37.0,1.0,1,0,0,0,0,0,0,0.0,44,2.3147222501310436,3.02085904404521,3.12112458050251,0,88
candidate,20261187,3,3,-17.0,3.0,0,0,0,0,0,0,0,0.017543859649122806,57,2.4538494385125342,3.6599952727556215,4.608409479260445,0,115
candidate,20261188,0,1,-17.0,4.0,0,0,1,9,0,0,0,0.0,35,2.736924482243402,3.949177823960781,4.257982596755028,0,70
candidate,20261188,1,1,32.0,1.0,1,0,0,0,0,0,0,0.02564102564102564,39,2.328442457394722,3.0958538874983788,3.163151443004608,0,78
candidate,20261188,2,1,-16.0,4.0,0,0,1,8,0,0,0,0.05128205128205128,39,2.2867309550444284,2.649027295410633,4.874935373663902,0,78
candidate,20261188,3,1,-8.0,2.5,0,0,0,0,0,0,0,0.05405405405405406,37,2.269595509042611,2.7071334421634674,4.36529703438282,0,74
candidate,20261189,0,3,-8.0,2.5,0,0,0,0,0,0,0,0.015384615384615385,65,2.35318117416822,2.7424249798059464,5.089612677693367,0,130
candidate,20261189,1,3,-17.0,4.0,0,0,1,9,0,0,0,0.03773584905660377,53,2.307587355937598,2.908070757985115,3.0228011310100555,0,106
candidate,20261189,2,3,33.0,1.0,1,0,0,0,0,0,0,0.018867924528301886,53,2.3339528871594735,2.941465750336647,5.296781659126282,0,106
candidate,20261189,3,3,-8.0,2.5,0,0,0,0,0,0,0,0.028985507246376812,69,2.3118864636922227,2.876449003815651,6.176073104143143,0,138
candidate,20261190,0,1,-8.0,2.5,0,0,0,0,0,0,0,0.0,57,2.3709764017870554,3.0768919736146927,3.6352407187223434,0,114
candidate,20261190,1,1,37.0,1.0,1,0,0,0,0,0,0,0.06818181818181818,44,2.240637020969933,2.7712562121450905,2.879999577999115,0,88
candidate,20261190,2,1,-24.0,3.0,0,0,0,0,0,0,0,0.0,58,2.4470351315264045,3.3554271794855595,3.8578473031520844,0,117
candidate,20261190,3,1,-20.0,3.0,0,0,0,0,0,0,0,0.028985507246376812,69,2.2502679485773696,2.805981785058975,2.8888173401355743,0,139
candidate,20261191,0,0,-17.0,3.0,0,0,0,0,0,0,0,0.0,51,2.46287513451249,3.298507072031498,4.342196509242058,0,103
candidate,20261191,1,0,-20.0,3.0,0,0,0,0,0,0,0,0.057692307692307696,52,2.3021664327153792,2.771052159368992,5.523618310689926,0,105
candidate,20261191,2,0,-18.0,4.0,0,0,1,10,0,0,0,0.043478260869565216,46,2.223054716444534,2.59281974285841,2.60796956717968,0,92
candidate,20261191,3,0,60.0,1.0,1,1,0,0,0,0,0,0.0,55,2.374078028581359,3.1353814527392387,5.282262340188026,0,109
candidate,20261192,0,2,-8.0,2.5,0,0,0,0,0,0,0,0.0,62,2.4895099622588,3.474331367760896,4.777370020747185,0,124
candidate,20261192,1,2,36.0,1.0,1,0,0,0,0,0,0,0.0,43,2.5224755409845088,3.456132672727108,6.300549954175949,0,86
candidate,20261192,2,2,-8.0,2.5,0,0,0,0,0,0,0,0.0,54,2.339152067347809,3.066354617476463,3.2974928617477417,0,108
candidate,20261192,3,2,-8.0,2.5,0,0,0,0,0,0,0,0.0,54,2.3962909493733338,3.2679931260645385,4.5771244913339615,0,108
candidate,20261193,0,1,-21.0,3.0,0,0,0,0,0,0,0,0.044444444444444446,45,2.350400760769844,2.9831718653440475,3.491559997200966,0,91
candidate,20261193,1,1,63.0,1.0,1,1,0,0,0,0,0,0.021739130434782608,46,2.359675648419753,2.8756163083016872,5.626285448670387,0,91
candidate,20261193,2,1,-21.0,3.0,0,0,0,0,0,0,0,0.06666666666666667,45,2.227386749453015,2.501462772488594,4.4816285371780396,0,91
candidate,20261193,3,1,-21.0,3.0,0,0,0,0,0,0,0,0.022222222222222223,45,2.316256653931406,2.6790473610162735,4.987807944417,0,91
candidate,20261194,0,0,-8.0,2.5,0,0,0,0,0,0,0,0.0,60,2.371254935860634,2.853630855679512,4.254303872585297,0,120
candidate,20261194,1,0,-8.0,2.5,0,0,0,0,0,0,0,0.0,60,2.3463347305854163,2.8917986899614334,3.5570431500673294,0,120
candidate,20261194,2,0,0.0,2.5,0,0,0,0,0,1,0,0.0,80,2.372210565954447,3.0750351026654235,4.105204716324806,0,161
candidate,20261194,3,0,-21.0,4.0,0,0,1,13,0,0,0,0.0,64,2.3866519914008677,3.0327128246426582,6.565367802977562,0,128
candidate,20261195,0,0,36.0,1.0,1,0,0,0,0,0,0,0.047619047619047616,42,2.3801174635688462,2.806191798299551,5.705466493964195,0,84
candidate,20261195,1,0,35.0,1.0,1,0,0,0,0,0,0,0.046511627906976744,43,2.245357390059981,2.7924869209527965,2.8803180903196335,0,86
candidate,20261195,2,0,-8.0,2.5,0,0,0,0,0,0,0,0.0,42,2.3549414638962065,3.1295911408960815,3.2255835831165314,0,84
candidate,20261195,3,0,-8.0,2.5,0,0,0,0,0,0,0,0.023809523809523808,42,2.3269270147596086,2.9606535099446774,5.345810204744339,0,84
candidate,20261196,0,1,-29.0,4.0,0,0,1,21,0,0,0,0.03125,32,2.325477311387658,2.7911324985325336,2.8776638209819794,0,64
candidate,20261196,1,1,49.0,1.0,1,0,0,0,0,0,0,0.0,39,2.393715704480807,3.07160634547472,3.2667163759469986,0,78
candidate,20261196,2,1,0.0,2.5,0,0,0,0,0,1,1,0.0,85,2.332648875958779,2.8312787413597107,6.565513089299202,0,170
candidate,20261196,3,1,0.0,2.5,0,0,0,0,0,1,1,0.011764705882352941,85,2.4551486048628304,3.707582876086235,4.6784281730651855,0,170
candidate,20261197,0,1,-8.0,2.5,0,0,0,0,0,0,0,0.02564102564102564,39,2.419471549682128,3.0849119648337364,3.1629279255867004,0,78
candidate,20261197,1,1,-18.0,3.0,0,0,0,0,0,0,0,0.0,34,2.316328532555524,2.861132752150297,2.9658563435077667,0,69
candidate,20261197,2,1,35.0,1.0,1,0,0,0,0,0,0,0.02564102564102564,39,2.290856045408127,2.9811061918735504,3.151940181851387,0,78
candidate,20261197,3,1,-8.0,2.5,0,0,0,0,0,0,0,0.10256410256410256,39,2.2152037574694705,2.747480385005474,2.7821138501167297,0,78
candidate,20261198,0,0,32.0,1.0,1,0,0,0,0,0,0,0.03278688524590164,61,2.3316335482675523,2.713685855269432,5.5382829159498215,0,122
candidate,20261198,1,0,-16.0,4.0,0,0,1,8,0,0,0,0.017543859649122806,57,2.2867194197156975,2.7740754187107086,2.799754962325096,0,114
candidate,20261198,2,0,-8.0,2.5,0,0,0,0,0,0,0,0.0,61,2.30067321023003,2.9156431555747986,3.28906811773777,0,122
candidate,20261198,3,0,-8.0,2.5,0,0,0,0,0,0,0,0.0,34,2.2922125371063458,2.805999666452408,3.609403967857361,0,68
candidate,20261199,0,1,32.0,1.0,1,0,0,0,0,0,0,0.024390243902439025,41,2.358631071884458,2.71013006567955,4.534900188446045,0,82
candidate,20261199,1,1,-8.0,2.5,0,0,0,0,0,0,0,0.023809523809523808,42,2.3968386064682687,2.8747938573360443,6.050648167729378,0,84
candidate,20261199,2,1,36.0,1.0,1,0,0,0,0,0,0,0.06060606060606061,33,2.2735261555873985,2.6290033012628555,5.251770839095116,0,66
candidate,20261199,3,1,-16.0,4.0,0,0,1,8,0,0,0,0.04878048780487805,41,2.2371072412990944,2.6221126317977905,3.2820291817188263,0,82
candidate,20261200,0,0,-8.0,2.5,0,0,0,0,0,0,0,0.023809523809523808,42,2.4317467053021704,2.8742527589201927,7.66536220908165,0,84
candidate,20261200,1,0,39.0,1.0,1,0,0,0,0,0,0,0.07142857142857142,42,2.321692139265083,2.8010305017232895,4.9079954624176025,0,84
candidate,20261200,2,0,-8.0,2.5,0,0,0,0,0,0,0,0.0,42,2.3461860560235523,3.094265982508659,3.1504426151514053,0,84
candidate,20261200,3,0,105.0,1.0,1,1,0,0,0,0,0,0.0,67,2.4078062999604355,3.1407713890075684,5.536925047636032,0,133
candidate,20261201,0,3,-8.0,2.5,0,0,0,0,0,0,0,0.01694915254237288,59,2.3286086586067234,2.7622556313872333,4.10827063024044,0,118
candidate,20261201,1,3,-8.0,2.5,0,0,0,0,0,0,0,0.012195121951219513,82,2.3407515638121743,2.94627882540226,5.017606541514397,0,164
candidate,20261201,2,3,-19.0,4.0,0,0,1,11,0,0,0,0.02564102564102564,78,2.3143337800716743,2.867396641522646,5.23504801094532,0,156
candidate,20261201,3,3,0.0,2.5,0,0,0,0,0,1,1,0.022727272727272728,88,2.258439886976372,2.6622898876667023,5.941133946180344,0,176
candidate,20261202,0,2,-16.0,3.0,0,0,0,0,0,0,0,0.0,48,2.3640281287953258,2.8529826551675797,2.9420070350170135,0,97
candidate,20261202,1,2,-21.0,3.0,0,0,0,0,0,0,0,0.02040816326530612,49,2.3571323527365315,3.1421583145856853,3.4222733229398727,0,99
candidate,20261202,2,2,-8.0,2.5,0,0,0,0,0,0,0,0.016666666666666666,60,2.2889851902921996,2.867310121655464,3.477036952972412,0,120
candidate,20261202,3,2,-8.0,2.5,0,0,0,0,0,0,0,0.017543859649122806,57,2.2503793762441267,2.6917003095149994,2.7916692197322845,0,114
candidate,20261203,0,3,-20.0,4.0,0,0,1,12,0,0,0,0.0,36,2.3690848093893795,2.998112700879574,3.0998438596725464,0,72
candidate,20261203,1,3,-22.0,3.0,0,0,0,0,0,0,0,0.016129032258064516,62,2.3370402594727855,2.82096154987812,4.325276240706444,0,125
candidate,20261203,2,3,36.0,1.0,1,0,0,0,0,0,0,0.0,36,2.350109681073162,3.1749061308801174,3.3178478479385376,0,72
candidate,20261203,3,3,-8.0,2.5,0,0,0,0,0,0,0,0.025,40,2.3267893120646477,3.003887739032507,3.144368529319763,0,80
candidate,20261204,0,2,-21.0,3.0,0,0,0,0,0,0,0,0.0,46,2.350935712456703,2.8393305838108063,2.896435558795929,0,93
candidate,20261204,1,2,-21.0,3.0,0,0,0,0,0,0,0,0.0,46,2.7368131458111433,4.1061462834477425,5.536859855055809,0,93
candidate,20261204,2,2,63.0,1.0,1,1,0,0,0,0,0,0.0,47,2.270688124476595,2.7944879606366158,2.814957872033119,0,93
candidate,20261204,3,2,-21.0,3.0,0,0,0,0,0,0,0,0.0,46,2.335366388053998,3.005020320415497,3.2789483666419983,0,93
candidate,20261205,0,1,84.0,1.0,1,1,0,0,0,0,0,0.05970149253731343,67,2.319176222628622,2.6657866314053535,3.796415403485298,0,134
candidate,20261205,1,1,-21.0,4.0,0,0,1,13,0,0,0,0.0,52,2.4341697661349406,3.1328470446169376,4.148392006754875,0,104
candidate,20261205,2,1,-18.0,3.0,0,0,0,0,0,0,0,0.046875,64,2.2470962430816144,2.6451829820871353,2.771075814962387,0,129
candidate,20261205,3,1,-28.0,3.0,0,0,0,0,0,0,0,0.0,65,2.455213121496714,3.2526973634958267,5.251845344901085,0,131
