model,wall_seed,seat,prevalent_wind,score,rank,win,self_draw,deal_in,deal_in_fan,big_deal_in,draw,draw_tenpai,call_rate,decisions,mean_decision_ms,p95_decision_ms,max_decision_ms,invalid_or_timeout,steps
final_hybrid,2026086000,0,1,-18.0,3.0,0,0,0,0,0,0,0,0.025,80,6.692497822223231,2.8130165534093976,346.83413384482265,0,161
final_hybrid,2026086000,1,1,37.0,1.0,1,0,0,0,0,0,0,0.0,35,2.384568444852318,2.9039386659860607,3.387107979506254,0,70
final_hybrid,2026086000,2,1,33.0,1.0,1,0,0,0,0,0,0,0.04081632653061224,49,2.3385020239012584,2.797261904925108,2.825458999723196,0,98
final_hybrid,2026086000,3,1,54.0,1.0,1,1,0,0,0,0,0,0.045454545454545456,44,2.3496426874771714,2.824043994769454,3.8337940350174904,0,87
final_hybrid,2026086001,0,0,-23.0,3.0,0,0,0,0,0,0,0,0.02631578947368421,76,2.384363808424065,2.807659679092467,2.860163804143667,0,153
final_hybrid,2026086001,1,0,-16.0,4.0,0,0,1,8,0,0,0,0.029850746268656716,67,2.3744997721332224,2.7499582152813673,4.881992004811764,0,134
final_hybrid,2026086001,2,0,39.0,1.0,1,0,0,0,0,0,0,0.015625,64,2.3913061813800596,2.8982388088479634,4.1215564124286175,0,128
final_hybrid,2026086001,3,0,0.0,2.5,0,0,0,0,0,1,1,0.023809523809523808,84,2.386599962067391,2.8473349753767248,4.878750070929527,0,168
final_hybrid,2026086002,0,3,34.0,1.0,1,0,0,0,0,0,0,0.034482758620689655,29,2.3442318919917633,2.6729678735136986,2.750006038695574,0,58
final_hybrid,2026086002,1,3,-19.0,4.0,0,0,1,11,0,0,0,0.04411764705882353,68,2.3670518387328174,2.7477727737277746,3.407226875424385,0,136
final_hybrid,2026086002,2,3,-18.0,4.0,0,0,1,10,0,0,0,0.0,21,2.331312524066085,2.891632728278637,2.9037240892648697,0,42
final_hybrid,2026086002,3,3,-8.0,2.5,0,0,0,0,0,0,0,0.0,21,2.4132577569356988,2.7730590663850307,5.48828300088644,0,42
final_hybrid,2026086003,0,2,-20.0,4.0,0,0,1,12,0,0,0,0.014285714285714285,70,2.39065092589174,2.820314560085535,3.025305923074484,0,140
final_hybrid,2026086003,1,2,-8.0,2.5,0,0,0,0,0,0,0,0.034482758620689655,58,2.375356339175126,2.8490478871390224,3.8555869832634926,0,116
final_hybrid,2026086003,2,2,36.0,1.0,1,0,0,0,0,0,0,0.014492753623188406,69,2.3196848257836225,2.8105098754167557,2.8666392900049686,0,138
final_hybrid,2026086003,3,2,38.0,1.0,1,0,0,0,0,0,0,0.013513513513513514,74,2.3596322893895008,2.8298181015998125,3.945872187614441,0,148
final_hybrid,2026086004,0,0,-19.0,3.0,0,0,0,0,0,0,0,0.0,44,2.430581201968545,2.8782833833247423,3.047632984817028,0,89
final_hybrid,2026086004,1,0,-19.0,3.0,0,0,0,0,0,0,0,0.0,42,2.3615903309768154,2.7905346592888236,3.229687921702862,0,85
final_hybrid,2026086004,2,0,0.0,2.5,0,0,0,0,0,1,1,0.011764705882352941,85,2.3885998929686405,2.941960748285055,4.9283490516245365,0,170
final_hybrid,2026086004,3,0,-8.0,2.5,0,0,0,0,0,0,0,0.04081632653061224,49,2.2914436436733423,2.6771449483931065,2.755099907517433,0,98
final_hybrid,2026086005,0,2,-18.0,3.0,0,0,0,0,0,0,0,0.047619047619047616,42,2.703708541091709,3.5589687526226044,3.876805305480957,0,85
final_hybrid,2026086005,1,2,54.0,1.0,1,1,0,0,0,0,0,0.046153846153846156,65,2.335335959035617,2.6255461387336254,4.710745997726917,0,129
final_hybrid,2026086005,2,2,-17.0,4.0,0,0,1,9,0,0,0,0.05555555555555555,36,2.297024061489436,2.7933407109230757,2.8311777859926224,0,72
final_hybrid,2026086005,3,2,-18.0,3.0,0,0,0,0,0,0,0,0.045454545454545456,44,2.3356655781919304,2.661933982744813,3.97247401997447,0,89
final_hybrid,2026086006,0,1,60.0,1.0,1,1,0,0,0,0,0,0.022222222222222223,45,2.4331965069803925,2.8697007335722446,4.627678077667952,0,89
final_hybrid,2026086006,1,1,-21.0,3.0,0,0,0,0,0,0,0,0.0,28,2.537616977601179,4.249286814592775,5.534880794584751,0,57
final_hybrid,2026086006,2,1,-21.0,3.0,0,0,0,0,0,0,0,0.03333333333333333,30,2.4683337348202863,3.7112828809767917,4.705711267888546,0,61
final_hybrid,2026086006,3,1,-21.0,3.0,0,0,0,0,0,0,0,0.03571428571428571,28,2.3432753680806075,2.8868834488093853,2.986049745231867,0,57
final_hybrid,2026086007,0,2,-18.0,3.0,0,0,0,0,0,0,0,0.023809523809523808,42,2.410662305053501,2.753763017244637,4.378607030957937,0,85
final_hybrid,2026086007,1,2,54.0,1.0,1,1,0,0,0,0,0,0.023255813953488372,43,2.313104339030593,2.749585872516036,2.887786366045475,0,85
final_hybrid,2026086007,2,2,-18.0,3.0,0,0,0,0,0,0,0,0.07142857142857142,42,2.297045940178491,2.7218786999583244,3.197203855961561,0,85
final_hybrid,2026086007,3,2,-18.0,3.0,0,0,0,0,0,0,0,0.0,42,2.3693071700455177,2.9948717448860407,3.6428370513021946,0,85
final_hybrid,2026086008,0,3,-8.0,2.5,0,0,0,0,0,0,0,0.011494252873563218,87,2.4333338403068057,2.8324426151812077,5.09403832256794,0,174
final_hybrid,2026086008,1,3,63.0,1.0,1,1,0,0,0,0,0,0.0,52,2.374263659406167,2.940791705623269,3.578808158636093,0,103
final_hybrid,2026086008,2,3,-18.0,3.0,0,0,0,0,0,0,0,0.022727272727272728,88,2.3709627513943072,2.8656877344474196,4.017696250230074,0,177
final_hybrid,2026086008,3,3,-20.0,3.0,0,0,0,0,0,0,0,0.03636363636363636,55,2.3554260842502117,2.734387898817658,4.434489645063877,0,111
final_hybrid,2026086009,0,1,-17.0,4.0,0,0,1,9,0,0,0,0.041666666666666664,48,2.343330386793241,2.6146774645894766,2.8301849961280823,0,96
final_hybrid,2026086009,1,1,-8.0,2.5,0,0,0,0,0,0,0,0.0,36,2.4284111698054605,2.8373482637107372,5.243713967502117,0,72
final_hybrid,2026086009,2,1,-8.0,2.5,0,0,0,0,0,0,0,0.0,36,2.66479953036954,3.9437310770154,4.922959022223949,0,72
final_hybrid,2026086009,3,1,-50.0,4.0,0,0,1,42,1,0,0,0.027777777777777776,36,2.2798301393373146,2.6215846883133054,2.7768448926508427,0,72
final_hybrid,2026086010,0,3,-19.0,4.0,0,0,1,11,0,0,0,0.017241379310344827,58,2.425356928644509,2.871539886109531,2.994796261191368,0,117
final_hybrid,2026086010,1,3,-8.0,2.5,0,0,0,0,0,0,0,0.03225806451612903,62,2.3859953958420985,2.759113139472902,4.447727929800749,0,125
final_hybrid,2026086010,2,3,38.0,1.0,1,0,0,0,0,0,0,0.046511627906976744,43,2.4156687932825367,2.9809551779180765,4.207445774227381,0,85
final_hybrid,2026086010,3,3,34.0,1.0,1,0,0,0,0,0,0,0.016129032258064516,62,2.3204902592565744,2.73863619659096,3.309553023427725,0,125
final_hybrid,2026086011,0,0,-19.0,3.0,0,0,0,0,0,0,0,0.09523809523809523,21,2.34167016155663,2.578246872872114,3.06400703266263,0,43
final_hybrid,2026086011,1,0,57.0,1.0,1,1,0,0,0,0,0,0.13636363636363635,22,2.3038650820539757,2.6476770639419556,2.659520599991083,0,43
final_hybrid,2026086011,2,0,-19.0,3.0,0,0,0,0,0,0,0,0.0,21,2.3950923766408647,2.8059356845915318,2.8713922947645187,0,43
final_hybrid,2026086011,3,0,-8.0,2.5,0,0,0,0,0,0,0,0.0,23,2.2971010564461998,2.855881117284298,2.866053022444248,0,46
final_hybrid,2026086012,0,3,37.0,1.0,1,0,0,0,0,0,0,0.023255813953488372,43,2.3684493092776733,2.7534036431461573,2.835777122527361,0,86
final_hybrid,2026086012,1,3,-19.0,4.0,0,0,1,11,0,0,0,0.04,50,2.317380914464593,2.6860178215429182,3.2215099781751633,0,100
final_hybrid,2026086012,2,3,-21.0,4.0,0,0,1,13,0,0,0,0.044444444444444446,45,2.331602976967891,2.82653346657753,2.8575612232089043,0,90
final_hybrid,2026086012,3,3,-23.0,3.0,0,0,0,0,0,0,0,0.028985507246376812,69,2.3046350309058377,2.7222640812397,2.7635027654469013,0,138
final_hybrid,2026086013,0,2,-8.0,2.5,0,0,0,0,0,0,0,0.01694915254237288,59,2.4061671189837535,2.847149409353733,2.8604669496417046,0,118
final_hybrid,2026086013,1,2,-8.0,2.5,0,0,0,0,0,0,0,0.04,50,2.3450731858611107,2.775194891728461,2.8057070448994637,0,100
final_hybrid,2026086013,2,2,-8.0,2.5,0,0,0,0,0,0,0,0.0,51,2.316565828069168,2.819127170369029,2.8987592086195946,0,102
final_hybrid,2026086013,3,2,-16.0,4.0,0,0,1,8,0,0,0,0.0392156862745098,51,2.294569860632513,2.6828867848962545,2.7243196964263916,0,102
final_hybrid,2026086014,0,0,-8.0,2.5,0,0,0,0,0,0,0,0.0,30,2.4026435489455857,2.7939246501773596,3.281092271208763,0,60
final_hybrid,2026086014,1,0,-17.0,4.0,0,0,1,9,0,0,0,0.027777777777777776,36,2.374685679872831,2.8773691738024354,2.9676277190446854,0,72
final_hybrid,2026086014,2,0,34.0,1.0,1,0,0,0,0,0,0,0.11538461538461539,26,2.274185920564028,2.6626791805028915,2.744032070040703,0,52
final_hybrid,2026086014,3,0,-8.0,2.5,0,0,0,0,0,0,0,0.029411764705882353,34,2.307677983908969,2.6837209472432733,2.971937879920006,0,68
final_hybrid,2026086015,0,1,45.0,1.0,1,0,0,0,0,0,0,0.05555555555555555,54,2.3337577607620648,2.5634975638240576,2.7890601195394993,0,108
final_hybrid,2026086015,1,1,-22.0,4.0,0,0,1,14,0,0,0,0.0,51,2.403644068787495,2.803603420034051,2.819865010678768,0,102
final_hybrid,2026086015,2,1,-29.0,4.0,0,0,1,21,0,0,0,0.0,54,2.3666612665962288,2.84326383844018,2.9528136365115643,0,108
final_hybrid,2026086015,3,1,-22.0,4.0,0,0,1,14,0,0,0,0.0,51,2.342458193500837,2.872213488444686,3.0977590940892696,0,102
final_hybrid,2026086016,0,0,-16.0,3.0,0,0,0,0,0,0,0,0.0,44,2.390148372135379,2.7613504556939006,2.829891163855791,0,89
final_hybrid,2026086016,1,0,-20.0,4.0,0,0,1,12,0,0,0,0.02,50,2.370927007868886,2.774683525785804,2.8117639012634754,0,100
final_hybrid,2026086016,2,0,-8.0,2.5,0,0,0,0,0,0,0,0.04,75,2.29580986003081,2.680142130702734,2.7749319560825825,0,150
final_hybrid,2026086016,3,0,-16.0,3.0,0,0,0,0,0,0,0,0.02127659574468085,47,2.31183149871674,2.745855040848255,2.7874489314854145,0,95
final_hybrid,2026086017,0,0,-19.0,4.0,0,0,1,11,0,0,0,0.0,38,2.4421865880293283,2.977950358763337,3.1042760238051414,0,76
final_hybrid,2026086017,1,0,-8.0,2.5,0,0,0,0,0,0,0,0.05263157894736842,38,2.331076557502935,2.7512677013874054,2.794751897454262,0,76
final_hybrid,2026086017,2,0,35.0,1.0,1,0,0,0,0,0,0,0.05263157894736842,38,2.290789148231086,2.69838476087898,2.748583909124136,0,76
final_hybrid,2026086017,3,0,-8.0,2.5,0,0,0,0,0,0,0,0.0,39,2.360506616055201,2.871984848752618,2.8883730992674828,0,78
final_hybrid,2026086018,0,3,-19.0,3.0,0,0,0,0,0,0,0,0.03225806451612903,31,2.4157747055494014,2.8789599891752005,2.9021804220974445,0,63
final_hybrid,2026086018,1,3,-19.0,3.0,0,0,0,0,0,0,0,0.0,31,2.3787851715760846,2.838486572727561,2.860759850591421,0,63
final_hybrid,2026086018,2,3,-17.0,4.0,0,0,1,9,0,0,0,0.0,31,2.3712381840713563,2.9234925750643015,2.980743069201708,0,62
final_hybrid,2026086018,3,3,-8.0,2.5,0,0,0,0,0,0,0,0.0,31,2.3478075200992246,2.924243453890085,2.983531914651394,0,62
final_hybrid,2026086019,0,1,32.0,1.0,1,0,0,0,0,0,0,0.10526315789473684,19,2.352619200552765,2.673361077904701,2.853380050510168,0,38
final_hybrid,2026086019,1,1,-8.0,2.5,0,0,0,0,0,0,0,0.038461538461538464,26,2.366064456649698,2.739488729275763,3.2187988981604576,0,52
final_hybrid,2026086019,2,1,-16.0,4.0,0,0,1,8,0,0,0,0.043478260869565216,23,2.3146234452724457,2.7475048322230577,2.815402112901211,0,46
final_hybrid,2026086019,3,1,-8.0,2.5,0,0,0,0,0,0,0,0.05263157894736842,19,2.308326846870937,2.830370981246233,2.8424509800970554,0,38
final_hybrid,2026086020,0,1,33.0,1.0,1,0,0,0,0,0,0,0.015151515151515152,66,2.397437474097718,2.8169603319838643,3.2539707608520985,0,132
final_hybrid,2026086020,1,1,-8.0,2.5,0,0,0,0,0,0,0,0.0,60,2.424414401563505,3.0261014588177204,3.304689656943083,0,120
final_hybrid,2026086020,2,1,-17.0,4.0,0,0,1,9,0,0,0,0.03225806451612903,62,2.2895644839492535,2.6549770031124353,2.769552171230316,0,124
final_hybrid,2026086020,3,1,-8.0,2.5,0,0,0,0,0,0,0,0.02040816326530612,49,2.3148266921694183,2.8243474662303925,2.851530909538269,0,98
final_hybrid,2026086021,0,2,-8.0,2.5,0,0,0,0,0,0,0,0.0,28,2.384197964732136,2.7566252974793315,2.81846197322011,0,56
final_hybrid,2026086021,1,2,0.0,2.5,0,0,0,0,0,1,0,0.0,84,2.373774231056727,2.899150224402547,2.9887850396335125,0,168
final_hybrid,2026086021,2,2,44.0,1.0,1,0,0,0,0,0,0,0.07142857142857142,28,2.3271904792636633,2.872084593400359,2.9141739942133427,0,56
final_hybrid,2026086021,3,2,-28.0,4.0,0,0,1,20,0,0,0,0.027777777777777776,36,2.3327416404046946,2.780083450488746,3.3222571946680546,0,72
final_hybrid,2026086022,0,1,-17.0,4.0,0,0,1,9,0,0,0,0.037037037037037035,27,2.4432357469642603,2.960492856800556,2.987257204949856,0,54
final_hybrid,2026086022,1,1,43.0,1.0,1,0,0,0,0,0,0,0.058823529411764705,34,2.313414177692988,2.688481518998742,2.802650909870863,0,68
final_hybrid,2026086022,2,1,-8.0,2.5,0,0,0,0,0,0,0,0.029411764705882353,34,2.324344412259319,2.7832527179270983,2.822631038725376,0,68
final_hybrid,2026086022,3,1,-27.0,4.0,0,0,1,19,0,0,0,0.08823529411764706,34,2.2720614557757095,2.553323586471379,2.6191100478172302,0,68
final_hybrid,2026086023,0,2,-21.0,4.0,0,0,1,13,0,0,0,0.03278688524590164,61,2.361587500657703,2.6986179873347282,2.9359920881688595,0,122
final_hybrid,2026086023,1,2,81.0,1.0,1,1,0,0,0,0,0,0.03389830508474576,59,2.3248965488904614,2.7230623178184032,2.74828402325511,0,117
final_hybrid,2026086023,2,2,-20.0,3.0,0,0,0,0,0,0,0,0.06666666666666667,75,2.32421962544322,2.784888306632638,3.1512537971138954,0,150
final_hybrid,2026086023,3,2,-8.0,2.5,0,0,0,0,0,0,0,0.03333333333333333,60,2.2952655175079903,2.6769764022901654,2.7938098646700382,0,121
final_hybrid,2026086024,0,1,-18.0,3.0,0,0,0,0,0,0,0,0.06896551724137931,29,2.3849755204443275,2.8044227510690685,2.9702498577535152,0,59
final_hybrid,2026086024,1,1,54.0,1.0,1,1,0,0,0,0,0,0.0,30,2.4077659007161856,3.0382856959477067,3.120576962828636,0,59
final_hybrid,2026086024,2,1,-22.0,3.0,0,0,0,0,0,0,0,0.03125,32,2.335485944058746,2.7918193489313126,2.8204056434333324,0,65
final_hybrid,2026086024,3,1,-18.0,3.0,0,0,0,0,0,0,0,0.0,29,2.3345534272235016,2.8078977949917316,2.8213439509272575,0,59
final_hybrid,2026086025,0,2,35.0,1.0,1,0,0,0,0,0,0,0.018518518518518517,54,2.3854505701887385,2.7469718130305405,2.9728012159466743,0,108
final_hybrid,2026086025,1,2,-19.0,4.0,0,0,1,11,0,0,0,0.0,54,2.36266546158327,2.837622701190412,2.8652790933847427,0,108
final_hybrid,2026086025,2,2,-16.0,4.0,0,0,1,8,0,0,0,0.030303030303030304,66,2.3044919820897505,2.6578146498650312,3.216407261788845,0,132
final_hybrid,2026086025,3,2,-20.0,3.0,0,0,0,0,0,0,0,0.02857142857142857,70,2.3045139387249947,2.755738515406847,2.8973412699997425,0,141
final_hybrid,2026086026,0,3,-26.0,4.0,0,0,1,18,0,0,0,0.02564102564102564,39,2.3901598193706612,2.7751664631068707,2.82329972833395,0,78
final_hybrid,2026086026,1,3,-8.0,2.5,0,0,0,0,0,0,0,0.015625,64,2.3404596431646496,2.7700004167854786,2.791210077702999,0,128
final_hybrid,2026086026,2,3,0.0,2.5,0,0,0,0,0,1,0,0.011627906976744186,86,2.3413146629409733,2.8339968994259834,3.058692906051874,0,172
final_hybrid,2026086026,3,3,-8.0,2.5,0,0,0,0,0,0,0,0.044444444444444446,45,2.2819992982678943,2.6295908726751804,2.731247339397669,0,90
final_hybrid,2026086027,0,3,-22.0,3.0,0,0,0,0,0,0,0,0.0,42,2.3976488349338374,2.93965267483145,2.9689809307456017,0,85
final_hybrid,2026086027,1,3,34.0,1.0,1,0,0,0,0,0,0,0.08333333333333333,36,2.3207833162612386,2.720670192502439,2.79853492975235,0,72
final_hybrid,2026086027,2,3,-18.0,4.0,0,0,1,10,0,0,0,0.05128205128205128,39,2.332342884097344,2.770091174170375,2.832875121384859,0,78
final_hybrid,2026086027,3,3,-8.0,2.5,0,0,0,0,0,0,0,0.05128205128205128,39,2.3416635484840627,2.891632169485092,2.9106969013810158,0,78
final_hybrid,2026086028,0,0,-8.0,2.5,0,0,0,0,0,0,0,0.0,46,2.4182728350000535,2.854512305930257,3.4375390969216824,0,92
final_hybrid,2026086028,1,0,-16.0,4.0,0,0,1,8,0,0,0,0.0,46,2.3811807977440567,2.9328715754672885,2.9484094120562077,0,92
final_hybrid,2026086028,2,0,-8.0,2.5,0,0,0,0,0,0,0,0.04,50,2.2956231236457825,2.6942559517920017,2.7962173335254192,0,100
final_hybrid,2026086028,3,0,32.0,1.0,1,0,0,0,0,0,0,0.043478260869565216,46,2.306589259482596,2.740170224569738,3.2453611493110657,0,92
final_hybrid,2026086029,0,0,-8.0,2.5,0,0,0,0,0,0,0,0.057971014492753624,69,2.3784270523574906,2.795630507171154,2.928605768829584,0,138
final_hybrid,2026086029,1,0,51.0,1.0,1,0,0,0,0,0,0,0.0,67,2.3573544640928064,2.825251081958413,2.856662031263113,0,134
final_hybrid,2026086029,2,0,-8.0,2.5,0,0,0,0,0,0,0,0.05970149253731343,67,2.3099132883014963,2.640978200361132,4.406740888953209,0,134
final_hybrid,2026086029,3,0,-34.0,4.0,0,0,1,26,0,0,0,0.02857142857142857,70,2.331518960584487,2.7788278879597783,2.883060835301876,0,140
final_hybrid,2026086030,0,2,-8.0,2.5,0,0,0,0,0,0,0,0.04878048780487805,41,2.3811214671629233,2.8502410277724266,3.017200157046318,0,82
final_hybrid,2026086030,1,2,-8.0,2.5,0,0,0,0,0,0,0,0.02857142857142857,35,2.347893494048289,2.760559367015958,3.1507080420851707,0,70
final_hybrid,2026086030,2,2,-16.0,4.0,0,0,1,8,0,0,0,0.0,41,2.3792901689686428,2.9815887100994587,2.988874912261963,0,82
final_hybrid,2026086030,3,2,-19.0,4.0,0,0,1,11,0,0,0,0.02,50,2.320753615349531,2.7964600827544928,2.9411460272967815,0,100
final_hybrid,2026086031,0,2,-17.0,3.0,0,0,0,0,0,0,0,0.0,54,2.406366919684741,2.8023175429552794,2.828409895300865,0,109
final_hybrid,2026086031,1,2,-17.0,3.0,0,0,0,0,0,0,0,0.0,55,2.3814474147829143,2.9487750958651304,3.0246353708207607,0,111
final_hybrid,2026086031,2,2,51.0,1.0,1,1,0,0,0,0,0,0.03508771929824561,57,2.2904240902055775,2.6462008245289326,2.683183178305626,0,113
final_hybrid,2026086031,3,2,-17.0,3.0,0,0,0,0,0,0,0,0.01818181818181818,55,2.3343595083464277,2.784938830882311,2.81913997605443,0,111
final_hybrid,2026086032,0,3,34.0,1.0,1,0,0,0,0,0,0,0.030303030303030304,33,2.3892382865376547,2.8763425536453724,2.948387060314417,0,66
final_hybrid,2026086032,1,3,-8.0,2.5,0,0,0,0,0,0,0,0.030303030303030304,33,2.3363525979220867,2.8629522770643234,3.0328561551868916,0,66
final_hybrid,2026086032,2,3,-8.0,2.5,0,0,0,0,0,0,0,0.06060606060606061,33,2.329839746270216,2.698315028101206,3.3509130589663982,0,66
final_hybrid,2026086032,3,3,-18.0,4.0,0,0,1,10,0,0,0,0.037037037037037035,27,2.331556096948959,2.8185568749904633,2.8296569362282753,0,54
final_hybrid,2026086033,0,3,37.0,1.0,1,0,0,0,0,0,0,0.13043478260869565,23,2.3678650512643484,2.7651121839880943,2.783836331218481,0,46
final_hybrid,2026086033,1,3,-8.0,2.5,0,0,0,0,0,0,0,0.045454545454545456,44,2.3505543781952425,2.8041563462466,2.836097963154316,0,88
final_hybrid,2026086033,2,3,-8.0,2.5,0,0,0,0,0,0,0,0.0,40,2.361261285841465,2.849638997577131,3.4481920301914215,0,80
final_hybrid,2026086033,3,3,-8.0,2.5,0,0,0,0,0,0,0,0.0,31,2.3197082261885367,2.834135666489601,2.857225015759468,0,62
final_hybrid,2026086034,0,2,-8.0,2.5,0,0,0,0,0,0,0,0.02631578947368421,38,2.358257072046399,2.720142249017954,2.7999551966786385,0,76
final_hybrid,2026086034,1,2,-24.0,3.0,0,0,0,0,0,0,0,0.0,30,2.3725221243997416,2.8281155740842223,2.8626718558371067,0,61
final_hybrid,2026086034,2,2,-16.0,4.0,0,0,1,8,0,0,0,0.05263157894736842,38,2.299078348043718,2.6622212259098887,2.8783692978322506,0,76
final_hybrid,2026086034,3,2,-21.0,4.0,0,0,1,13,0,0,0,0.0,28,2.342615293205849,2.828274411149323,2.8590401634573936,0,56
final_hybrid,2026086035,0,0,-18.0,4.0,0,0,1,10,0,0,0,0.02857142857142857,35,2.4965578024940833,2.8509242460131645,5.936326924711466,0,70
final_hybrid,2026086035,1,0,-8.0,2.5,0,0,0,0,0,0,0,0.0,31,2.3960242077948584,2.7756295166909695,4.113033879548311,0,62
final_hybrid,2026086035,2,0,36.0,1.0,1,0,0,0,0,0,0,0.03225806451612903,31,2.334166979116778,2.7865550946444273,2.8134998865425587,0,62
final_hybrid,2026086035,3,0,-8.0,2.5,0,0,0,0,0,0,0,0.03225806451612903,31,2.341080862548082,2.8217490762472153,2.9109837487339973,0,62
final_hybrid,2026086036,0,0,-19.0,3.0,0,0,0,0,0,0,0,0.038461538461538464,52,2.3614516159376273,2.6585476007312536,2.8363321907818317,0,105
final_hybrid,2026086036,1,0,-17.0,3.0,0,0,0,0,0,0,0,0.0,53,2.349554077845137,2.7770480141043663,2.82059283927083,0,107
final_hybrid,2026086036,2,0,54.0,1.0,1,1,0,0,0,0,0,0.047619047619047616,42,2.2918681303660073,2.641882747411728,3.0493661761283875,0,83
final_hybrid,2026086036,3,0,-8.0,2.5,0,0,0,0,0,0,0,0.0,9,2.306077784548203,2.762190531939268,2.7639870531857014,0,18
final_hybrid,2026086037,0,0,0.0,2.5,0,0,0,0,0,1,0,0.0,81,2.41290031713836,2.840909641236067,2.8555472381412983,0,162
final_hybrid,2026086037,1,0,0.0,2.5,0,0,0,0,0,1,0,0.0,81,2.3859645251506643,2.8963061049580574,3.060351125895977,0,162
final_hybrid,2026086037,2,0,-19.0,3.0,0,0,0,0,0,0,0,0.012345679012345678,81,2.3213417476250067,2.805562224239111,2.838185988366604,0,163
final_hybrid,2026086037,3,0,0.0,2.5,0,0,0,0,0,1,0,0.03488372093023256,86,2.3001801969786717,2.7689996641129255,3.224620595574379,0,172
final_hybrid,2026086038,0,1,-21.0,4.0,0,0,1,13,0,0,0,0.043478260869565216,46,2.4048151023200024,2.861794433556497,2.922412008047104,0,92
final_hybrid,2026086038,1,1,37.0,1.0,1,0,0,0,0,0,0,0.0,48,2.3824467692368976,2.9253963148221374,2.9580360278487206,0,96
final_hybrid,2026086038,2,1,-8.0,2.5,0,0,0,0,0,0,0,0.043478260869565216,46,2.319553816367103,2.7441843412816525,2.759648021310568,0,92
final_hybrid,2026086038,3,1,37.0,1.0,1,0,0,0,0,0,0,0.06521739130434782,46,2.2727515467483066,2.737967181019485,2.7846447192132473,0,92
final_hybrid,2026086039,0,1,35.0,1.0,1,0,0,0,0,0,0,0.0,30,2.4321976428230605,2.9324946459382772,2.9440466314554214,0,60
final_hybrid,2026086039,1,1,-8.0,2.5,0,0,0,0,0,0,0,0.0,29,2.3550911292690655,2.7611101046204567,2.7685114182531834,0,58
final_hybrid,2026086039,2,1,-25.0,4.0,0,0,1,17,0,0,0,0.0,29,2.3220138752768777,2.8272091411054134,2.8385138139128685,0,58
final_hybrid,2026086039,3,1,-8.0,2.5,0,0,0,0,0,0,0,0.0,29,2.2941338508550464,2.7825914323329926,2.824162133038044,0,58
final_hybrid,2026086040,0,1,-34.0,3.0,0,0,0,0,0,0,0,0.03278688524590164,61,2.3809956447755702,2.8249011375010014,2.9312879778444767,0,123
final_hybrid,2026086040,1,1,-8.0,2.5,0,0,0,0,0,0,0,0.03278688524590164,61,2.3220642775175024,2.7487450279295444,2.8293030336499214,0,122
final_hybrid,2026086040,2,1,-8.0,2.5,0,0,0,0,0,0,0,0.01639344262295082,61,2.3292517518533056,2.874338999390602,3.1746220774948597,0,122
final_hybrid,2026086040,3,1,-8.0,2.5,0,0,0,0,0,0,0,0.02127659574468085,47,2.285296414443787,2.6968919672071934,2.746249083429575,0,94
final_hybrid,2026086041,0,0,-18.0,3.0,0,0,0,0,0,0,0,0.023255813953488372,43,2.392468681602284,2.88409274071455,3.516482189297676,0,87
final_hybrid,2026086041,1,0,33.0,1.0,1,0,0,0,0,0,0,0.022727272727272728,44,2.3297660941766067,2.7628024807199836,2.8614201582968235,0,88
final_hybrid,2026086041,2,0,-17.0,4.0,0,0,1,9,0,0,0,0.045454545454545456,44,2.2980982903391123,2.694306359626353,2.711311914026737,0,88
final_hybrid,2026086041,3,0,-18.0,3.0,0,0,0,0,0,0,0,0.0,43,2.3780585656505684,2.959750732406974,3.0544036999344826,0,87
final_hybrid,2026086042,0,1,-8.0,2.5,0,0,0,0,0,0,0,0.028985507246376812,69,2.3674962205299432,2.778580319136381,3.052628133445978,0,138
final_hybrid,2026086042,1,1,10.0,2.0,0,0,0,0,0,0,0,0.017857142857142856,56,2.307455230038613,2.6370580308139324,2.717317081987858,1,113
final_hybrid,2026086042,2,1,0.0,2.5,0,0,0,0,0,1,1,0.022988505747126436,87,2.2917919385450323,2.671942999586463,2.783648669719696,0,174
final_hybrid,2026086042,3,1,-19.0,3.0,0,0,0,0,0,0,0,0.011627906976744186,86,2.378644107646027,3.0416911467909813,3.1093028374016285,0,173
final_hybrid,2026086043,0,3,-16.0,4.0,0,0,1,8,0,0,0,0.0,45,2.413677889853716,2.8624621219933033,3.5728258080780506,0,90
final_hybrid,2026086043,1,3,63.0,1.0,1,1,0,0,0,0,0,0.05172413793103448,58,2.3039085308796374,2.732363319955766,2.814939711242914,0,115
final_hybrid,2026086043,2,3,-20.0,3.0,0,0,0,0,0,0,0,0.03571428571428571,56,2.2864135348105004,2.636370831169188,2.753982786089182,0,113
final_hybrid,2026086043,3,3,-20.0,3.0,0,0,0,0,0,0,0,0.0,57,2.3870048636015047,3.066411241889,3.1151319853961468,0,115
final_hybrid,2026086044,0,3,96.0,1.0,1,1,0,0,0,0,0,0.0,61,2.381144824330924,2.7687977999448776,2.8088409453630447,0,121
final_hybrid,2026086044,1,3,-8.0,2.5,0,0,0,0,0,0,0,0.014705882352941176,68,2.3538841153768932,2.7957899728789926,3.297119401395321,0,136
final_hybrid,2026086044,2,3,49.0,1.0,1,0,0,0,0,0,0,0.0,58,2.3369665321861874,2.7913005789741874,2.7962527237832546,0,116
final_hybrid,2026086044,3,3,55.0,1.0,1,0,0,0,0,0,0,0.0273972602739726,73,2.2986573868826645,2.7136760763823986,2.7490779757499695,0,145
final_hybrid,2026086045,0,1,-26.0,4.0,0,0,1,18,0,0,0,0.0,35,2.3952790669032504,2.8085038531571627,2.828966360539198,0,70
final_hybrid,2026086045,1,1,42.0,1.0,1,0,0,0,0,0,0,0.05714285714285714,35,2.327608410269022,2.7877254877239466,2.82715680077672,0,70
final_hybrid,2026086045,2,1,-8.0,2.5,0,0,0,0,0,0,0,0.02857142857142857,35,2.336663885840348,2.7863075025379658,2.8005391359329224,0,70
final_hybrid,2026086045,3,1,-8.0,2.5,0,0,0,0,0,0,0,0.05714285714285714,35,2.3144693513001715,2.8350069653242826,2.8495327569544315,0,70
final_hybrid,2026086046,0,1,-8.0,2.5,0,0,0,0,0,0,0,0.05128205128205128,39,2.3247796254089246,2.58540166541934,2.776628825813532,0,78
final_hybrid,2026086046,1,1,-32.0,4.0,0,0,1,24,0,0,0,0.05,20,2.336943056434393,2.7490359963849187,2.749087754637003,0,40
final_hybrid,2026086046,2,1,-17.0,3.0,0,0,0,0,0,0,0,0.08571428571428572,35,2.2605473840875283,2.5922668166458607,2.7434611693024635,0,71
final_hybrid,2026086046,3,1,-8.0,2.5,0,0,0,0,0,0,0,0.07692307692307693,39,2.290216728280752,2.7832143008708954,2.7944352477788925,0,78
final_hybrid,2026086047,0,3,-8.0,2.5,0,0,0,0,0,0,0,0.0,60,2.395673880043129,2.8671237640082836,2.965644933283329,0,120
final_hybrid,2026086047,1,3,43.0,1.0,1,0,0,0,0,0,0,0.02127659574468085,47,2.3531022759035545,2.798711135983467,2.9502022080123425,0,94
final_hybrid,2026086047,2,3,49.0,1.0,1,0,0,0,0,0,0,0.0,60,2.3318868363276124,2.787088416516781,2.820954192429781,0,120
final_hybrid,2026086047,3,3,52.0,1.0,1,0,0,0,0,0,0,0.0,62,2.35237164663211,2.907789102755487,2.954586874693632,0,124
final_hybrid,2026086048,0,3,-8.0,2.5,0,0,0,0,0,0,0,0.013513513513513514,74,2.402704649579686,2.816009847447276,2.8696758672595024,0,148
final_hybrid,2026086048,1,3,-28.0,4.0,0,0,1,20,0,0,0,0.03636363636363636,55,2.3376103829253805,2.792855631560087,3.3530890941619873,0,110
final_hybrid,2026086048,2,3,0.0,2.5,0,0,0,0,0,1,0,0.0,84,2.375948902529975,3.026415384374559,3.094063140451908,0,168
final_hybrid,2026086048,3,3,-21.0,4.0,0,0,1,13,0,0,0,0.0,82,2.3641314005433784,2.9194828821346164,3.042707685381174,0,164
final_hybrid,2026086049,0,2,-17.0,3.0,0,0,0,0,0,0,0,0.02564102564102564,39,2.390734576739562,2.7692307718098164,2.8262492269277573,0,79
final_hybrid,2026086049,1,2,-17.0,3.0,0,0,0,0,0,0,0,0.02040816326530612,49,2.3988635488310637,2.93867364525795,3.0112159438431263,0,99
final_hybrid,2026086049,2,2,-17.0,3.0,0,0,0,0,0,0,0,0.02564102564102564,39,2.3185199795243068,2.7168107219040394,2.758236136287451,0,79
final_hybrid,2026086049,3,2,51.0,1.0,1,1,0,0,0,0,0,0.025,40,2.2900757961906493,2.655485062859952,2.7798530645668507,0,79
final_hybrid,2026086050,0,3,-8.0,2.5,0,0,0,0,0,0,0,0.0,68,2.404753933660686,2.886622818186879,3.253389149904251,0,136
final_hybrid,2026086050,1,3,-8.0,2.5,0,0,0,0,0,0,0,0.01282051282051282,78,2.357761692016935,2.8234995901584625,2.9537128284573555,0,156
final_hybrid,2026086050,2,3,-8.0,2.5,0,0,0,0,0,0,0,0.0,68,2.3458531085292207,2.8096935944631696,3.4188926219940186,0,136
final_hybrid,2026086050,3,3,60.0,1.0,1,1,0,0,0,0,0,0.027777777777777776,72,2.301640433466269,2.7058839797973633,2.8548799455165863,0,143
final_hybrid,2026086051,0,3,63.0,1.0,1,1,0,0,0,0,0,0.0,47,2.444801366630387,3.0216247774660587,3.2217749394476414,0,93
final_hybrid,2026086051,1,3,-23.0,3.0,0,0,0,0,0,0,0,0.021739130434782608,46,2.3632230054911063,2.8000769671052694,2.816911321133375,0,93
final_hybrid,2026086051,2,3,-21.0,3.0,0,0,0,0,0,0,0,0.043478260869565216,46,2.291732781526187,2.599638537503779,2.7429121546447277,0,93
final_hybrid,2026086051,3,3,-16.0,3.0,0,0,0,0,0,0,0,0.0,46,2.3437861717589525,2.858885913155973,2.899445127695799,0,93
final_hybrid,2026086052,0,2,-8.0,2.5,0,0,0,0,0,0,0,0.0,41,2.417297897542395,2.793945837765932,3.3144932240247726,0,82
final_hybrid,2026086052,1,2,-20.0,4.0,0,0,1,12,0,0,0,0.024390243902439025,41,2.3551361476321047,2.8440607711672783,3.185025881975889,0,82
final_hybrid,2026086052,2,2,-17.0,3.0,0,0,0,0,0,0,0,0.07407407407407407,54,2.2862463137479843,2.6612751185894012,3.1187469139695168,0,109
final_hybrid,2026086052,3,2,-8.0,2.5,0,0,0,0,0,0,0,0.024390243902439025,41,2.327885683171633,2.858477644622326,2.878777217119932,0,82
final_hybrid,2026086053,0,3,-8.0,2.5,0,0,0,0,0,0,0,0.018518518518518517,54,2.4163933488091938,2.8628412634134293,2.932090312242508,0,108
final_hybrid,2026086053,1,3,36.0,1.0,1,0,0,0,0,0,0,0.0,21,2.3755126056217013,2.940491307526827,3.0539208091795444,0,42
final_hybrid,2026086053,2,3,-19.0,3.0,0,0,0,0,0,0,0,0.03125,64,2.306988688360434,2.6898407842963934,2.7452860958874226,0,129
final_hybrid,2026086053,3,3,-18.0,3.0,0,0,0,0,0,0,0,0.023255813953488372,43,2.338851466341767,2.8471882920712233,2.8763129375874996,0,87
final_hybrid,2026086054,0,3,-8.0,2.5,0,0,0,0,0,0,0,0.0,30,2.409925094495217,2.828927873633802,3.012067172676325,0,60
final_hybrid,2026086054,1,3,-8.0,2.5,0,0,0,0,0,0,0,0.03636363636363636,55,2.3217890157618304,2.727085398510098,2.7967109344899654,0,110
final_hybrid,2026086054,2,3,-8.0,2.5,0,0,0,0,0,0,0,0.0,30,2.3080640162030854,2.7242271695286036,2.7457489632070065,0,60
final_hybrid,2026086054,3,3,44.0,1.0,1,0,0,0,0,0,0,0.03333333333333333,30,2.324787092705568,2.818341227248311,2.8519509360194206,0,60
final_hybrid,2026086055,0,0,-17.0,4.0,0,0,1,9,0,0,0,0.0,69,2.438351856139691,2.908431086689234,2.949813846498728,0,138
final_hybrid,2026086055,1,0,-17.0,3.0,0,0,0,0,0,0,0,0.03636363636363636,55,2.32485399835489,2.653055125847459,2.75459885597229,0,111
final_hybrid,2026086055,2,0,-8.0,2.5,0,0,0,0,0,0,0,0.0,68,2.4001693407840587,3.0371225206181407,3.4069246612489223,0,136
final_hybrid,2026086055,3,0,51.0,1.0,1,1,0,0,0,0,0,0.03571428571428571,56,2.3091983748599887,2.7057757833972573,3.153376281261444,0,111
final_hybrid,2026086056,0,0,-8.0,2.5,0,0,0,0,0,0,0,0.02631578947368421,76,2.363382483293351,2.6994775980710983,2.813685219734907,0,152
final_hybrid,2026086056,1,0,-8.0,2.5,0,0,0,0,0,0,0,0.03278688524590164,61,2.3470889990691277,2.8310478664934635,2.8537651523947716,0,123
final_hybrid,2026086056,2,0,-19.0,3.0,0,0,0,0,0,0,0,0.029411764705882353,68,2.3023147094885217,2.7738899923861027,2.828591037541628,0,138
final_hybrid,2026086056,3,0,-8.0,2.5,0,0,0,0,0,0,0,0.03225806451612903,62,2.2894322136116605,2.6977755827829237,2.8139702044427395,0,123
final_hybrid,2026086057,0,1,-19.0,3.0,0,0,0,0,0,0,0,0.013157894736842105,76,2.3953840442884125,2.799815032631159,2.8759841807186604,0,152
final_hybrid,2026086057,1,1,-21.0,3.0,0,0,0,0,0,0,0,0.0,62,2.3209430021984923,2.817186596803367,2.8498549945652485,0,126
final_hybrid,2026086057,2,1,-21.0,3.0,0,0,0,0,0,0,0,0.04838709677419355,62,2.2916443600890135,2.6497748447582126,2.728876192122698,0,126
final_hybrid,2026086057,3,1,44.0,1.0,1,0,0,0,0,0,0,0.029411764705882353,68,2.306265845511328,2.792735118418932,2.8639286756515503,0,137
final_hybrid,2026086058,0,0,-8.0,2.5,0,0,0,0,0,0,0,0.017543859649122806,57,2.3991075556790618,2.8289441019296646,2.8630481101572514,0,114
final_hybrid,2026086058,1,0,66.0,1.0,1,1,0,0,0,0,0,0.0,70,2.358600197892104,2.8344794176518917,3.129262011498213,0,139
final_hybrid,2026086058,2,0,-8.0,2.5,0,0,0,0,0,0,0,0.0,59,2.3643400172813465,2.926665637642145,3.0958428978919983,0,118
final_hybrid,2026086058,3,0,-8.0,2.5,0,0,0,0,0,0,0,0.03225806451612903,62,2.3239976726472378,2.7740473626181483,2.7960832230746746,0,124
final_hybrid,2026086059,0,0,-33.0,4.0,0,0,1,25,0,0,0,0.0,50,2.4262705352157354,2.8350242413580418,3.577464260160923,0,100
final_hybrid,2026086059,1,0,49.0,1.0,1,0,0,0,0,0,0,0.0,50,2.3340083844959736,2.7630255091935396,2.7830898761749268,0,100
final_hybrid,2026086059,2,0,-33.0,4.0,0,0,1,25,0,0,0,0.0,48,2.309171512024477,2.799118054099381,2.818197011947632,0,96
final_hybrid,2026086059,3,0,-8.0,2.5,0,0,0,0,0,0,0,0.04,50,2.3129076324403286,2.736603165976703,2.8306120075285435,0,100
final_hybrid,2026086060,0,1,-16.0,4.0,0,0,1,8,0,0,0,0.06666666666666667,45,2.355407623367177,2.6765099726617336,2.8494680300354958,0,90
final_hybrid,2026086060,1,1,-8.0,2.5,0,0,0,0,0,0,0,0.046511627906976744,43,2.3195691688289477,2.7267429511994123,2.7972161769866943,0,86
final_hybrid,2026086060,2,1,-8.0,2.5,0,0,0,0,0,0,0,0.046511627906976744,43,2.3317589901041154,2.8183430433273315,3.561678808182478,0,86
final_hybrid,2026086060,3,1,32.0,1.0,1,0,0,0,0,0,0,0.023255813953488372,43,2.3245133329616037,2.8425159864127636,2.885896246880293,0,86
final_hybrid,2026086061,0,2,-18.0,3.0,0,0,0,0,0,0,0,0.03571428571428571,28,2.4089767996753966,2.7811985462903976,3.1821317970752716,0,57
final_hybrid,2026086061,1,2,-18.0,3.0,0,0,0,0,0,0,0,0.034482758620689655,29,2.3551601755978733,2.8406177647411823,2.853491809219122,0,59
final_hybrid,2026086061,2,2,54.0,1.0,1,1,0,0,0,0,0,0.03333333333333333,30,2.27734656073153,2.6509083108976483,2.658005803823471,0,59
final_hybrid,2026086061,3,2,-18.0,3.0,0,0,0,0,0,0,0,0.0,29,2.3449132829133807,2.875359635800123,3.06765828281641,0,59
final_hybrid,2026086062,0,1,-32.0,4.0,0,0,1,24,0,0,0,0.028169014084507043,71,2.3809942797246113,2.7748383581638336,2.8339968994259834,0,142
final_hybrid,2026086062,1,1,32.0,1.0,1,0,0,0,0,0,0,0.05,40,2.351319883018732,2.7848263503983617,2.8267991729080677,0,80
final_hybrid,2026086062,2,1,-8.0,2.5,0,0,0,0,0,0,0,0.03076923076923077,65,2.330659329891205,2.824794966727495,2.8557642363011837,0,130
final_hybrid,2026086062,3,1,48.0,1.0,1,0,0,0,0,0,0,0.0,65,2.3403161205351353,2.893507666885853,2.943637315183878,0,130
final_hybrid,2026086063,0,0,-22.0,4.0,0,0,1,14,0,0,0,0.0,37,2.4009665247757694,2.887579333037138,2.9174741357564926,0,74
final_hybrid,2026086063,1,0,-8.0,2.5,0,0,0,0,0,0,0,0.0,41,2.3803356921345724,2.922236919403076,2.9610679484903812,0,82
final_hybrid,2026086063,2,0,38.0,1.0,1,0,0,0,0,0,0,0.07317073170731707,41,2.314558570704809,2.742790151387453,3.104166127741337,0,82
final_hybrid,2026086063,3,0,-8.0,2.5,0,0,0,0,0,0,0,0.014925373134328358,67,2.3626187649458203,2.8704719617962837,2.940633799880743,0,135
final_hybrid,2026086064,0,3,45.0,1.0,1,0,0,0,0,0,0,0.0,51,2.4547782617018505,3.0580160673707724,3.524922765791416,0,102
final_hybrid,2026086064,1,3,-8.0,2.5,0,0,0,0,0,0,0,0.0392156862745098,51,2.353164595643095,2.7694522868841887,2.830150071531534,0,102
final_hybrid,2026086064,2,3,-29.0,4.0,0,0,1,21,0,0,0,0.0,51,2.3685639870225215,2.9637657571583986,3.0169100500643253,0,102
final_hybrid,2026086064,3,3,-8.0,2.5,0,0,0,0,0,0,0,0.0,51,2.370601802991301,2.9533731285482645,2.9934640042483807,0,102
final_hybrid,2026086065,0,0,-22.0,4.0,0,0,1,14,0,0,0,0.031746031746031744,63,2.3926059597186624,2.77365380898118,2.852614037692547,0,126
final_hybrid,2026086065,1,0,-8.0,2.5,0,0,0,0,0,0,0,0.057971014492753624,69,2.315228305541087,2.654305100440979,2.762292046099901,0,138
final_hybrid,2026086065,2,0,-16.0,4.0,0,0,1,8,0,0,0,0.0,78,2.3568916576317487,2.931378688663244,3.3766613341867924,0,156
final_hybrid,2026086065,3,0,-17.0,3.0,0,0,0,0,0,0,0,0.024390243902439025,82,2.28693408936989,2.6038157055154443,3.2865703105926514,0,165
final_hybrid,2026086066,0,1,-8.0,2.5,0,0,0,0,0,0,0,0.0,40,2.419353381264955,2.880949852988124,2.928077708929777,0,81
final_hybrid,2026086066,1,1,-20.0,4.0,0,0,1,12,0,0,0,0.05,40,2.373967960011214,2.8070210479199886,2.997281029820442,0,81
final_hybrid,2026086066,2,1,-8.0,2.5,0,0,0,0,0,0,0,0.06666666666666667,30,2.2943973230818906,2.65505809802562,2.658067736774683,0,59
final_hybrid,2026086066,3,1,36.0,1.0,1,0,0,0,0,0,0,0.045454545454545456,44,2.284123498777097,2.627117605879903,2.795754000544548,0,89
final_hybrid,2026086067,0,3,60.0,1.0,1,1,0,0,0,0,0,0.014285714285714285,70,2.372383698821068,2.7500189607962966,2.8000809252262115,0,140
final_hybrid,2026086067,1,3,-20.0,3.0,0,0,0,0,0,0,0,0.043478260869565216,69,2.3021364814021448,2.603564690798521,2.7527310885488987,0,140
final_hybrid,2026086067,2,3,32.0,1.0,1,0,0,0,0,0,0,0.024390243902439025,41,2.363012990028393,2.840092871338129,3.3181109465658665,0,82
final_hybrid,2026086067,3,3,-20.0,3.0,0,0,0,0,0,0,0,0.0196078431372549,51,2.296000079927491,2.7178614400327206,2.8045298531651497,0,103
final_hybrid,2026086068,0,1,32.0,1.0,1,0,0,0,0,0,0,0.02564102564102564,39,2.3996363489482646,2.799444831907749,2.8638942167162895,0,78
final_hybrid,2026086068,1,1,33.0,1.0,1,0,0,0,0,0,0,0.037037037037037035,54,2.368170595555394,2.8067733393982053,3.299927804619074,0,108
final_hybrid,2026086068,2,1,-8.0,2.5,0,0,0,0,0,0,0,0.0,39,2.3912924031416574,2.944961003959179,4.295382183045149,0,78
final_hybrid,2026086068,3,1,-8.0,2.5,0,0,0,0,0,0,0,0.07692307692307693,39,2.300153856571668,2.7743137441575527,2.794884145259857,0,78
final_hybrid,2026086069,0,1,-20.0,3.0,0,0,0,0,0,0,0,0.03225806451612903,31,2.4042094667111673,2.863940317183733,2.886666916310787,0,63
final_hybrid,2026086069,1,1,-19.0,3.0,0,0,0,0,0,0,0,0.02631578947368421,38,2.3776298682940635,2.818508818745613,2.86689680069685,0,77
final_hybrid,2026086069,2,1,-20.0,3.0,0,0,0,0,0,0,0,0.0,31,2.3489254076154,2.8166717384010553,2.8237630613148212,0,63
final_hybrid,2026086069,3,1,57.0,1.0,1,1,0,0,0,0,0,0.05128205128205128,39,2.264233389630532,2.669230569154024,2.8066332451999187,0,77
final_hybrid,2026086070,0,0,-8.0,2.5,0,0,0,0,0,0,0,0.023255813953488372,43,2.4180560437745826,2.782689919695258,4.088459070771933,0,86
final_hybrid,2026086070,1,0,-8.0,2.5,0,0,0,0,0,0,0,0.019230769230769232,52,2.3286295875620384,2.6956709567457438,2.8052618727087975,0,104
final_hybrid,2026086070,2,0,-8.0,2.5,0,0,0,0,0,0,0,0.046511627906976744,43,2.2719693586750087,2.5952912401407957,2.725382801145315,0,86
final_hybrid,2026086070,3,0,32.0,1.0,1,0,0,0,0,0,0,0.046511627906976744,43,2.2930822356842286,2.6889920700341463,2.8057419694960117,0,86
final_hybrid,2026086071,0,3,0.0,2.5,0,0,0,0,0,1,0,0.011764705882352941,85,2.383591508602395,2.7807407081127167,2.8358660638332367,0,171
final_hybrid,2026086071,1,3,-8.0,2.5,0,0,0,0,0,0,0,0.0,49,2.3654141387312997,2.8763637878000736,2.912046853452921,0,98
final_hybrid,2026086071,2,3,0.0,2.5,0,0,0,0,0,1,0,0.012048192771084338,83,2.335447503859738,2.7792328037321568,2.8519406914711,0,165
final_hybrid,2026086071,3,3,0.0,2.5,0,0,0,0,0,1,1,0.011764705882352941,85,2.3515466874574913,2.8784052468836308,3.004112746566534,0,171
final_hybrid,2026086072,0,2,-8.0,2.5,0,0,0,0,0,0,0,0.027777777777777776,36,2.4220896108696857,2.882065949961543,3.2436130568385124,0,72
final_hybrid,2026086072,1,2,54.0,1.0,1,1,0,0,0,0,0,0.02857142857142857,35,2.320484976683344,2.7617025189101696,2.786744851619005,0,69
final_hybrid,2026086072,2,2,-17.0,4.0,0,0,1,9,0,0,0,0.030303030303030304,33,2.3375720237240647,2.814919501543045,2.8422740288078785,0,66
final_hybrid,2026086072,3,2,-18.0,3.0,0,0,0,0,0,0,0,0.03225806451612903,31,2.345401418185042,2.8423622716218233,2.9032742604613304,0,63
final_hybrid,2026086073,0,0,-8.0,2.5,0,0,0,0,0,0,0,0.0,50,2.4297196697443724,2.8945986879989505,3.2758726738393307,0,100
final_hybrid,2026086073,1,0,32.0,1.0,1,0,0,0,0,0,0,0.020833333333333332,48,2.3549278072702386,2.764003979973495,2.834165934473276,0,96
final_hybrid,2026086073,2,0,-8.0,2.5,0,0,0,0,0,0,0,0.03125,64,2.304548579559196,2.7120748069137335,2.7744509279727936,0,128
final_hybrid,2026086073,3,0,-16.0,4.0,0,0,1,8,0,0,0,0.041666666666666664,48,2.3136009695008397,2.7919704793021083,2.8580892831087112,0,96
final_hybrid,2026086074,0,1,48.0,1.0,1,1,0,0,0,0,0,0.0,49,2.403807683790825,2.937534637749195,2.949839923530817,0,97
final_hybrid,2026086074,1,1,-8.0,2.5,0,0,0,0,0,0,0,0.03278688524590164,61,2.3079662370022205,2.5887517258524895,3.3223768696188927,0,122
final_hybrid,2026086074,2,1,-8.0,2.5,0,0,0,0,0,0,0,0.0,42,2.335375851197612,2.8351605404168367,2.8594518080353737,0,84
final_hybrid,2026086074,3,1,-33.0,3.0,0,0,0,0,0,0,0,0.0,51,2.3306970685428263,2.8222096152603626,2.9503447003662586,0,103
final_hybrid,2026086075,0,2,-8.0,2.5,0,0,0,0,0,0,0,0.06060606060606061,33,2.362095426316514,2.705353405326605,3.268701955676079,0,66
final_hybrid,2026086075,1,2,35.0,1.0,1,0,0,0,0,0,0,0.06060606060606061,33,2.3708852911085794,2.812915574759245,2.9604570008814335,0,66
final_hybrid,2026086075,2,2,-8.0,2.5,0,0,0,0,0,0,0,0.0,33,2.3409391922706906,2.890885341912508,2.9223449528217316,0,66
final_hybrid,2026086075,3,2,-19.0,4.0,0,0,1,11,0,0,0,0.0,33,2.3190674343795488,2.901594899594784,2.927113324403763,0,66
final_hybrid,2026086076,0,3,32.0,1.0,1,0,0,0,0,0,0,0.1,20,2.3646865505725145,2.7694273507222533,2.8697759844362736,0,40
final_hybrid,2026086076,1,3,35.0,1.0,1,0,0,0,0,0,0,0.025,40,2.5131722795777023,3.6251817131414996,6.200957112014294,0,80
final_hybrid,2026086076,2,3,-8.0,2.5,0,0,0,0,0,0,0,0.0,40,2.3643725784495473,2.9201879631727934,2.9499921947717667,0,80
final_hybrid,2026086076,3,3,-19.0,4.0,0,0,1,11,0,0,0,0.08333333333333333,36,2.331393020641473,2.857709536328912,3.958095796406269,0,72
final_hybrid,2026086077,0,0,-19.0,3.0,0,0,0,0,0,0,0,0.0,52,2.437112315629537,2.926575392484665,3.689353819936514,0,105
final_hybrid,2026086077,1,0,57.0,1.0,1,1,0,0,0,0,0,0.03571428571428571,56,2.331507749788995,2.6632020017132163,3.1466051004827023,0,111
final_hybrid,2026086077,2,0,-19.0,3.0,0,0,0,0,0,0,0,0.01818181818181818,55,2.3730045946484264,2.834445331245661,4.167445003986359,0,111
final_hybrid,2026086077,3,0,-19.0,3.0,0,0,0,0,0,0,0,0.019230769230769232,52,2.3143100194059887,2.7699367376044393,2.799785230308771,0,105
final_hybrid,2026086078,0,1,63.0,1.0,1,1,0,0,0,0,0,0.014492753623188406,69,2.397326543333306,2.840823493897915,2.968417014926672,0,137
final_hybrid,2026086078,1,1,54.0,1.0,1,1,0,0,0,0,0,0.047619047619047616,42,2.3339053926368556,2.836036845110357,3.3416240476071835,0,83
final_hybrid,2026086078,2,1,-8.0,2.5,0,0,0,0,0,0,0,0.0,75,2.3360128762821355,2.841756632551551,2.9084766283631325,0,150
final_hybrid,2026086078,3,1,-8.0,2.5,0,0,0,0,0,0,0,0.028985507246376812,69,2.3456800297118616,2.814299799501896,3.7035951390862465,0,138
final_hybrid,2026086079,0,1,-20.0,3.0,0,0,0,0,0,0,0,0.05,40,2.3718965938314795,2.7356314472854137,2.7715619653463364,0,81
final_hybrid,2026086079,1,1,-23.0,3.0,0,0,0,0,0,0,0,0.0,83,2.381191847015576,2.8533955104649067,4.014904145151377,0,167
final_hybrid,2026086079,2,1,0.0,2.5,0,0,0,0,0,1,1,0.022988505747126436,87,2.3103557398606993,2.692542877048254,2.76132021099329,0,174
final_hybrid,2026086079,3,1,-20.0,3.0,0,0,0,0,0,0,0,0.05,40,2.304146974347532,2.7685585664585233,2.785641234368086,0,81
final_hybrid,2026086080,0,2,-8.0,2.5,0,0,0,0,0,0,0,0.027777777777777776,36,2.4331722460273237,3.004050115123391,3.2088621519505978,0,72
final_hybrid,2026086080,1,2,-8.0,2.5,0,0,0,0,0,0,0,0.0,36,2.37664174185031,2.8808348579332232,2.9231016524136066,0,72
final_hybrid,2026086080,2,2,34.0,1.0,1,0,0,0,0,0,0,0.0,36,2.406545707748996,2.9710932867601514,3.045311663299799,0,72
final_hybrid,2026086080,3,2,-18.0,4.0,0,0,1,10,0,0,0,0.0,36,2.376103877193398,2.947903354652226,3.21481516584754,0,72
final_hybrid,2026086081,0,3,-32.0,4.0,0,0,1,24,0,0,0,0.0,45,2.4001505743298264,2.8252094984054565,2.8625777922570705,0,90
final_hybrid,2026086081,1,3,48.0,1.0,1,0,0,0,0,0,0,0.0,47,2.3482094637732556,2.761025680229068,2.774719148874283,0,94
final_hybrid,2026086081,2,3,-8.0,2.5,0,0,0,0,0,0,0,0.02631578947368421,76,2.314813949755932,2.7945293113589287,2.882873173803091,0,153
final_hybrid,2026086081,3,3,0.0,2.5,0,0,0,0,0,1,0,0.0,80,2.3522993084043264,2.834710502065718,2.9367972165346146,0,161
final_hybrid,2026086082,0,1,-19.0,3.0,0,0,0,0,0,0,0,0.023809523809523808,42,2.4006637145898173,2.760306349955499,2.8252149932086468,0,84
final_hybrid,2026086082,1,1,-19.0,3.0,0,0,0,0,0,0,0,0.044444444444444446,45,2.341173661665784,2.7991903945803642,2.827057149261236,0,92
final_hybrid,2026086082,2,1,57.0,1.0,1,1,0,0,0,0,0,0.043478260869565216,46,2.2798938393268897,2.6768737006932497,2.823031973093748,0,92
final_hybrid,2026086082,3,1,-8.0,2.5,0,0,0,0,0,0,0,0.06451612903225806,62,2.3203880015400147,2.7224785648286343,3.125512972474098,0,124
final_hybrid,2026086083,0,2,32.0,1.0,1,0,0,0,0,0,0,0.03278688524590164,61,2.3848851761002035,2.747883088886738,3.165900707244873,0,122
final_hybrid,2026086083,1,2,-8.0,2.5,0,0,0,0,0,0,0,0.034482758620689655,87,2.3388902324883416,2.7673293836414814,3.743574023246765,0,174
final_hybrid,2026086083,2,2,-17.0,4.0,0,0,1,9,0,0,0,0.0273972602739726,73,2.3539478329252708,2.8668811544775963,3.5601151175796986,0,146
final_hybrid,2026086083,3,2,-26.0,4.0,0,0,1,18,0,0,0,0.0,87,2.372566781852437,2.8392960783094168,4.0503996424376965,0,174
final_hybrid,2026086084,0,0,-38.0,4.0,0,0,1,30,0,0,0,0.037037037037037035,27,2.3862289575239024,2.825191803276539,2.8479951433837414,0,54
final_hybrid,2026086084,1,0,45.0,1.0,1,0,0,0,0,0,0,0.06451612903225806,31,2.3350062359484935,2.8625833801925182,2.9025529511272907,0,62
final_hybrid,2026086084,2,0,-21.0,3.0,0,0,0,0,0,0,0,0.04878048780487805,82,2.320107964162783,2.7844683965668082,2.8138053603470325,0,165
final_hybrid,2026086084,3,0,-8.0,2.5,0,0,0,0,0,0,0,0.037037037037037035,27,2.369031672262483,2.8999265749007463,2.931279130280018,0,54
final_hybrid,2026086085,0,3,-17.0,4.0,0,0,1,9,0,0,0,0.0196078431372549,51,2.4102432835920182,2.824517199769616,2.8691506013274193,0,102
final_hybrid,2026086085,1,3,-8.0,2.5,0,0,0,0,0,0,0,0.019230769230769232,52,2.4101779652902713,2.878810977563262,4.3919263407588005,0,103
final_hybrid,2026086085,2,3,-8.0,2.5,0,0,0,0,0,0,0,0.0,53,2.357391016733534,2.8683949261903763,2.9300102032721043,0,106
final_hybrid,2026086085,3,3,45.0,1.0,1,0,0,0,0,0,0,0.0392156862745098,51,2.3172689309599352,2.8157979249954224,2.8516026213765144,0,102
final_hybrid,2026086086,0,2,32.0,1.0,1,0,0,0,0,0,0,0.018518518518518517,54,2.4238021578639746,2.940581412985921,3.329574130475521,0,109
final_hybrid,2026086086,1,2,90.0,1.0,1,1,0,0,0,0,0,0.06976744186046512,43,2.3225404452099356,2.741189720109105,2.766350284218788,0,84
final_hybrid,2026086086,2,2,-17.0,3.0,0,0,0,0,0,0,0,0.0,52,2.3615562016717515,2.8332452988252044,2.870602998882532,0,106
final_hybrid,2026086086,3,2,-8.0,2.5,0,0,0,0,0,0,0,0.0,49,2.3561554333689263,2.912960108369589,2.9693301767110825,0,99
final_hybrid,2026086087,0,0,36.0,1.0,1,0,0,0,0,0,0,0.017857142857142856,56,2.4065925806228603,2.851990284398198,2.8919014148414135,0,112
final_hybrid,2026086087,1,0,-20.0,4.0,0,0,1,12,0,0,0,0.06521739130434782,46,2.320631974093292,2.730483189225197,2.825790084898472,0,92
final_hybrid,2026086087,2,0,-18.0,4.0,0,0,1,10,0,0,0,0.05660377358490566,53,2.2868429714778684,2.607094682753086,2.9952549375593662,0,106
final_hybrid,2026086087,3,0,34.0,1.0,1,0,0,0,0,0,0,0.05660377358490566,53,2.3010865662176654,2.682462241500616,2.777405083179474,0,106
final_hybrid,2026086088,0,2,-8.0,2.5,0,0,0,0,0,0,0,0.0,38,2.431456244697696,2.9119204496964812,2.9334621503949165,0,76
final_hybrid,2026086088,1,2,-52.0,3.0,0,0,0,0,0,0,0,0.0,34,2.3710118223200825,2.828715881332755,2.8844750486314297,0,69
final_hybrid,2026086088,2,2,51.0,1.0,1,0,0,0,0,0,0,0.017543859649122806,57,2.3718596305371378,2.9472841881215572,3.002690151333809,0,114
final_hybrid,2026086088,3,2,-8.0,2.5,0,0,0,0,0,0,0,0.05263157894736842,38,2.303209045509759,2.724440419115126,2.7728970162570477,0,76
final_hybrid,2026086089,0,1,-17.0,4.0,0,0,1,9,0,0,0,0.0,41,2.431663241600845,2.92713800445199,2.9491460882127285,0,82
final_hybrid,2026086089,1,1,-8.0,2.5,0,0,0,0,0,0,0,0.017857142857142856,56,2.4272995901161005,3.041491028852761,3.0852779746055603,0,112
final_hybrid,2026086089,2,1,-16.0,4.0,0,0,1,8,0,0,0,0.023809523809523808,42,2.3675488330246437,2.7971356641501184,3.4821052104234695,0,84
final_hybrid,2026086089,3,1,-8.0,2.5,0,0,0,0,0,0,0,0.0,46,2.3153429425766934,2.8262477135285735,2.886958885937929,0,92
final_hybrid,2026086090,0,3,33.0,1.0,1,0,0,0,0,0,0,0.0,30,2.43783105785648,2.9498295160010457,3.007869701832533,0,60
final_hybrid,2026086090,1,3,-17.0,4.0,0,0,1,9,0,0,0,0.0,30,2.3884930182248354,2.832254394888878,2.885614987462759,0,60
final_hybrid,2026086090,2,3,-22.0,3.0,0,0,0,0,0,0,0,0.0,34,2.3673870189882376,2.8119261376559734,3.008117899298668,0,69
final_hybrid,2026086090,3,3,-8.0,2.5,0,0,0,0,0,0,0,0.0,30,2.353408265238007,2.8623404214158654,2.888767048716545,0,60
final_hybrid,2026086091,0,3,32.0,1.0,1,0,0,0,0,0,0,0.05,40,2.4596567498520017,3.0494524165987964,3.9567858912050724,0,80
final_hybrid,2026086091,1,3,99.0,1.0,1,1,0,0,0,0,0,0.02666666666666667,75,2.334240395575762,2.6904453057795763,2.965868916362524,0,149
final_hybrid,2026086091,2,3,51.0,1.0,1,1,0,0,0,0,0,0.0,57,2.3554166811600066,2.9900163412094116,3.024575300514698,0,113
final_hybrid,2026086091,3,3,-16.0,4.0,0,0,1,8,0,0,0,0.075,40,2.3536423104815185,2.8096274239942427,3.1010699458420277,0,80
final_hybrid,2026086092,0,3,0.0,2.5,0,0,0,0,0,1,1,0.0,86,2.5572900032234744,3.115341067314148,5.857573356479406,0,172
final_hybrid,2026086092,1,3,-18.0,3.0,0,0,0,0,0,0,0,0.0196078431372549,51,2.337651135509505,2.768238540738821,2.773747779428959,0,103
final_hybrid,2026086092,2,3,-8.0,2.5,0,0,0,0,0,0,0,0.041666666666666664,72,2.2775546854568853,2.5579214096069336,3.023887984454632,0,144
final_hybrid,2026086092,3,3,-21.0,3.0,0,0,0,0,0,0,0,0.0425531914893617,47,2.3417778392421438,2.837962983176112,2.9179342091083527,0,95
final_hybrid,2026086093,0,1,-8.0,2.5,0,0,0,0,0,0,0,0.03333333333333333,30,2.409324577699105,2.8169828001409765,3.182531800121069,0,60
final_hybrid,2026086093,1,1,-8.0,2.5,0,0,0,0,0,0,0,0.0,59,2.409576967169168,2.970182243734598,3.546335268765688,0,118
final_hybrid,2026086093,2,1,-20.0,4.0,0,0,1,12,0,0,0,0.03225806451612903,31,2.3231185341794647,2.7064355090260506,2.8200228698551655,0,62
final_hybrid,2026086093,3,1,-8.0,2.5,0,0,0,0,0,0,0,0.0,30,2.2990354181577763,2.768848743289709,2.7996599674224854,0,60
final_hybrid,2026086094,0,0,-8.0,2.5,0,0,0,0,0,0,0,0.021739130434782608,46,2.384034015805177,2.8134785825386643,2.854578662663698,0,92
final_hybrid,2026086094,1,0,-8.0,2.5,0,0,0,0,0,0,0,0.0,50,2.3797760903835297,2.813312760554254,2.9036421328783035,0,100
final_hybrid,2026086094,2,0,35.0,1.0,1,0,0,0,0,0,0,0.03278688524590164,61,2.3367932509081286,2.789468038827181,3.151846118271351,0,122
final_hybrid,2026086094,3,0,32.0,1.0,1,0,0,0,0,0,0,0.021739130434782608,46,2.3354272074673488,2.8562647057697177,2.9643522575497627,0,92
final_hybrid,2026086095,0,3,-8.0,2.5,0,0,0,0,0,0,0,0.0196078431372549,51,2.40054747601058,2.807997865602374,3.5137152299284935,0,102
final_hybrid,2026086095,1,3,-8.0,2.5,0,0,0,0,0,0,0,0.022727272727272728,44,2.360383112152869,2.8098987182602286,2.9168990440666676,0,88
final_hybrid,2026086095,2,3,33.0,1.0,1,0,0,0,0,0,0,0.045454545454545456,44,2.311898850497197,2.706764522008598,2.853117883205414,0,88
final_hybrid,2026086095,3,3,-18.0,4.0,0,0,1,10,0,0,0,0.0,51,2.3390408970561682,2.8462556656450033,2.94323218986392,0,102
final_hybrid,2026086096,0,1,33.0,1.0,1,0,0,0,0,0,0,0.05,40,2.36322486307472,2.6577443350106473,2.830611076205969,0,80
final_hybrid,2026086096,1,1,-8.0,2.5,0,0,0,0,0,0,0,0.0,34,2.329051070024862,2.78395505156368,2.8230356983840466,0,68
final_hybrid,2026086096,2,1,-17.0,4.0,0,0,1,9,0,0,0,0.05,40,2.3130226880311966,2.6985505130141973,2.7240770868957043,0,80
final_hybrid,2026086096,3,1,-8.0,2.5,0,0,0,0,0,0,0,0.025,40,2.357445063535124,2.865550946444273,3.484200220555067,0,80
final_hybrid,2026086097,0,0,41.0,1.0,1,0,0,0,0,0,0,0.034482758620689655,58,2.3919482522740445,2.729241969063878,2.832807134836912,0,116
final_hybrid,2026086097,1,0,10.0,2.0,0,0,0,0,0,0,0,0.015151515151515152,66,2.451097762042826,3.104451345279813,3.742298111319542,1,133
final_hybrid,2026086097,2,0,10.0,2.0,0,0,0,0,0,0,0,0.045454545454545456,66,2.2946097958607203,2.6293720584362745,2.689749002456665,1,133
final_hybrid,2026086097,3,0,10.0,2.0,0,0,0,0,0,0,0,0.030303030303030304,66,2.3172498031547577,2.7116554556414485,2.7857832610607147,1,133
final_hybrid,2026086098,0,0,48.0,1.0,1,1,0,0,0,0,0,0.08163265306122448,49,2.339111688565843,2.604672685265541,2.8201700188219547,0,97
final_hybrid,2026086098,1,0,57.0,1.0,1,1,0,0,0,0,0,0.05,40,2.3226391756907105,2.656536316499114,2.7393787167966366,0,79
final_hybrid,2026086098,2,0,-19.0,3.0,0,0,0,0,0,0,0,0.025,40,2.335536724422127,2.8814356308430433,3.362356685101986,0,81
final_hybrid,2026086098,3,0,-18.0,4.0,0,0,1,10,0,0,0,0.05,40,2.276930259540677,2.6672538835555315,2.740291878581047,0,80
final_hybrid,2026086099,0,0,-8.0,2.5,0,0,0,0,0,0,0,0.0,47,2.4718737843981446,3.0203112866729493,3.920608200132847,0,94
final_hybrid,2026086099,1,0,36.0,1.0,1,0,0,0,0,0,0,0.0,47,2.3955131306293165,2.9276982415467496,3.3154659904539585,0,94
final_hybrid,2026086099,2,0,-33.0,3.0,0,0,0,0,0,0,0,0.0,48,2.4040419957600534,3.0570634407922626,3.848691936582327,0,97
final_hybrid,2026086099,3,0,-8.0,2.5,0,0,0,0,0,0,0,0.0,47,2.327774601810156,2.8243563137948513,2.872311044484377,0,94
final_hybrid,2026086100,0,1,-20.0,3.0,0,0,0,0,0,0,0,0.011904761904761904,84,2.526071532407687,3.285473817959427,3.8596787489950657,0,169
final_hybrid,2026086100,1,1,60.0,1.0,1,1,0,0,0,0,0,0.017241379310344827,58,2.3055269206263898,2.6303203543648124,2.678825054317713,0,115
final_hybrid,2026086100,2,1,34.0,1.0,1,0,0,0,0,0,0,0.0,59,2.3693560417425834,2.9187385458499193,2.9429919086396694,0,118
final_hybrid,2026086100,3,1,60.0,1.0,1,1,0,0,0,0,0,0.023529411764705882,85,2.2857527467696106,2.6268063113093376,2.8295950032770634,0,169
final_hybrid,2026086101,0,1,-19.0,3.0,0,0,0,0,0,0,0,0.027777777777777776,36,2.3742586684723697,2.825516858138144,2.8564678505063057,0,73
final_hybrid,2026086101,1,1,-22.0,3.0,0,0,0,0,0,0,0,0.06382978723404255,47,2.3039653699131724,2.699764631688595,2.809699159115553,0,95
final_hybrid,2026086101,2,1,-19.0,4.0,0,0,1,11,0,0,0,0.038461538461538464,26,2.3308063749797068,2.7318046195432544,2.763322088867426,0,52
final_hybrid,2026086101,3,1,-19.0,3.0,0,0,0,0,0,0,0,0.0,36,2.3497581326713166,2.9334401478990912,2.955647651106119,0,73
final_hybrid,2026086102,0,2,-8.0,2.5,0,0,0,0,0,0,0,0.02127659574468085,47,2.4050153058735613,2.857906511053443,3.284888807684183,0,94
final_hybrid,2026086102,1,2,-8.0,2.5,0,0,0,0,0,0,0,0.023255813953488372,43,2.3367952468783355,2.737548528239131,2.7881385758519173,0,86
final_hybrid,2026086102,2,2,-19.0,4.0,0,0,1,11,0,0,0,0.02127659574468085,47,2.331168499795046,2.827766863629222,2.850593999028206,0,94
final_hybrid,2026086102,3,2,35.0,1.0,1,0,0,0,0,0,0,0.02127659574468085,47,2.338261591230935,2.8501469176262617,3.0019856058061123,0,94
final_hybrid,2026086103,0,3,-8.0,2.5,0,0,0,0,0,0,0,0.0,35,2.4210545234382153,2.8792519122362137,2.898039761930704,0,70
final_hybrid,2026086103,1,3,-8.0,2.5,0,0,0,0,0,0,0,0.02857142857142857,35,2.337615524551698,2.7820419054478407,3.153814934194088,0,70
final_hybrid,2026086103,2,3,-8.0,2.5,0,0,0,0,0,0,0,0.017543859649122806,57,2.316597342621862,2.7628887444734573,2.795272972434759,0,114
final_hybrid,2026086103,3,3,-8.0,2.5,0,0,0,0,0,0,0,0.05084745762711865,59,2.2660711054074563,2.5678372010588646,2.621099352836609,0,118
final_hybrid,2026086104,0,3,-8.0,2.5,0,0,0,0,0,0,0,0.016129032258064516,62,2.395821224537588,2.8130509657785296,3.401203081011772,0,124
final_hybrid,2026086104,1,3,-21.0,3.0,0,0,0,0,0,0,0,0.0,51,2.380763326643729,2.8828110080212355,2.9216217808425426,0,103
final_hybrid,2026086104,2,3,32.0,1.0,1,0,0,0,0,0,0,0.0,50,2.3610883578658104,2.8861212776973844,3.0104052275419235,0,100
final_hybrid,2026086104,3,3,-8.0,2.5,0,0,0,0,0,0,0,0.0,50,2.343042055144906,2.885754336602986,2.906086854636669,0,100
final_hybrid,2026086105,0,0,-27.0,4.0,0,0,1,19,0,0,0,0.02,50,2.4019394535571337,2.9006758937612176,2.997525967657566,0,100
final_hybrid,2026086105,1,0,-17.0,3.0,0,0,0,0,0,0,0,0.0,44,2.362588833255524,2.8178392676636577,3.07303573936224,0,89
final_hybrid,2026086105,2,0,-8.0,2.5,0,0,0,0,0,0,0,0.0425531914893617,47,2.335588685534102,2.825673809275031,3.5082041285932064,0,94
final_hybrid,2026086105,3,0,-16.0,4.0,0,0,1,8,0,0,0,0.02127659574468085,47,2.341857685291387,2.8086430858820677,2.8610089793801308,0,94
final_hybrid,2026086106,0,1,-17.0,4.0,0,0,1,9,0,0,0,0.0,55,2.427555290474133,2.94548524543643,3.1081042252480984,0,110
final_hybrid,2026086106,1,1,-20.0,4.0,0,0,1,12,0,0,0,0.019230769230769232,52,2.3771047753353534,2.851274819113314,2.872008364647627,0,104
final_hybrid,2026086106,2,1,36.0,1.0,1,0,0,0,0,0,0,0.0,42,2.338840138344538,2.8731229482218623,2.951935864984989,0,84
final_hybrid,2026086106,3,1,-8.0,2.5,0,0,0,0,0,0,0,0.023809523809523808,42,2.315878967887589,2.786364546045661,2.7901828289031982,0,84
final_hybrid,2026086107,0,1,32.0,1.0,1,0,0,0,0,0,0,0.043478260869565216,46,2.4026479855503724,2.83021607901901,3.5207062028348446,0,92
final_hybrid,2026086107,1,1,-16.0,3.0,0,0,0,0,0,0,0,0.014285714285714285,70,2.340879916612591,2.7163005899637938,2.944451756775379,0,141
final_hybrid,2026086107,2,1,-8.0,2.5,0,0,0,0,0,0,0,0.02631578947368421,76,2.343454159257051,2.839655615389347,3.214925993233919,0,152
final_hybrid,2026086107,3,1,34.0,1.0,1,0,0,0,0,0,0,0.012658227848101266,79,2.279429708289195,2.614163141697645,2.7067051269114017,0,158
final_hybrid,2026086108,0,1,-8.0,2.5,0,0,0,0,0,0,0,0.0,21,2.418342445577894,2.8248815797269344,2.8348886407911777,0,42
final_hybrid,2026086108,1,1,-8.0,2.5,0,0,0,0,0,0,0,0.05405405405405406,37,2.3217410151217437,2.7061299420893192,2.7284729294478893,0,74
final_hybrid,2026086108,2,1,-24.0,4.0,0,0,1,16,0,0,0,0.02702702702702703,37,2.335705001511284,2.770318277180195,3.0944962054491043,0,74
final_hybrid,2026086108,3,1,42.0,1.0,1,0,0,0,0,0,0,0.0,28,2.301586010227246,2.794597460888326,2.837114967405796,0,56
final_hybrid,2026086109,0,2,-8.0,2.5,0,0,0,0,0,0,0,0.06451612903225806,31,2.3507575744823104,2.7148721273988485,2.830042038112879,0,62
final_hybrid,2026086109,1,2,39.0,1.0,1,0,0,0,0,0,0,0.0,31,2.381790098884413,2.9031343292444944,2.944155130535364,0,62
final_hybrid,2026086109,2,2,-8.0,2.5,0,0,0,0,0,0,0,0.0,31,2.3408843835275017,2.8298271354287863,2.8704628348350525,0,62
final_hybrid,2026086109,3,2,-20.0,4.0,0,0,1,12,0,0,0,0.0,31,2.30683961642846,2.771254861727357,2.8013759292662144,0,62
final_hybrid,2026086110,0,0,48.0,1.0,1,1,0,0,0,0,0,0.0,37,2.433352789061295,2.981499582529068,3.042795229703188,0,73
final_hybrid,2026086110,1,0,-8.0,2.5,0,0,0,0,0,0,0,0.0,41,2.3603185261713295,2.8172489255666733,2.8548487462103367,0,82
final_hybrid,2026086110,2,0,-16.0,3.0,0,0,0,0,0,0,0,0.0,48,2.388260036241263,2.939243707805872,3.6110770888626575,0,97
final_hybrid,2026086110,3,0,-8.0,2.5,0,0,0,0,0,0,0,0.024390243902439025,41,2.3379613213786263,2.8101280331611633,3.5487250424921513,0,82
final_hybrid,2026086111,0,3,-8.0,2.5,0,0,0,0,0,0,0,0.0,65,2.4169396179226728,2.8472675010561943,2.8633992187678814,0,131
final_hybrid,2026086111,1,3,34.0,1.0,1,0,0,0,0,0,0,0.028985507246376812,69,2.3560155034605144,2.735000289976597,3.1589060090482235,0,136
final_hybrid,2026086111,2,3,-16.0,4.0,0,0,1,8,0,0,0,0.0,59,2.3490023736100074,2.832232369109988,2.858051098883152,0,119
final_hybrid,2026086111,3,3,-8.0,2.5,0,0,0,0,0,0,0,0.029850746268656716,67,2.2834203789816865,2.6126647368073463,2.7695922181010246,0,136
final_hybrid,2026086112,0,0,-8.0,2.5,0,0,0,0,0,0,0,0.0392156862745098,51,2.351663057126251,2.696401672437787,2.797550056129694,0,102
final_hybrid,2026086112,1,0,-8.0,2.5,0,0,0,0,0,0,0,0.0,21,2.392760744052274,2.8276718221604824,3.66262998431921,0,42
final_hybrid,2026086112,2,0,36.0,1.0,1,0,0,0,0,0,0,0.0,62,2.3637594234558845,2.9660467989742756,3.0450220219790936,0,125
final_hybrid,2026086112,3,0,-8.0,2.5,0,0,0,0,0,0,0,0.04477611940298507,67,2.3594297635466304,2.7657235972583294,3.2406016252934933,0,133
final_hybrid,2026086113,0,1,36.0,1.0,1,0,0,0,0,0,0,0.016129032258064516,62,2.4027974615173955,2.8157711727544665,2.8402460739016533,0,124
final_hybrid,2026086113,1,1,-21.0,3.0,0,0,0,0,0,0,0,0.0,72,2.399092869988332,3.0054698698222637,3.1522358767688274,0,145
final_hybrid,2026086113,2,1,63.0,1.0,1,1,0,0,0,0,0,0.0273972602739726,73,2.2941225731413657,2.7191468514502044,2.747287042438984,0,145
final_hybrid,2026086113,3,1,-20.0,4.0,0,0,1,12,0,0,0,0.016129032258064516,62,2.3158545485667643,2.711086650379002,2.7820137329399586,0,124
final_hybrid,2026086114,0,0,-36.0,4.0,0,0,1,28,0,0,0,0.0,64,2.450391781167127,3.019063617102802,3.0801468528807163,0,128
final_hybrid,2026086114,1,0,-8.0,2.5,0,0,0,0,0,0,0,0.0,47,2.3782424272057856,2.7722579427063465,3.4697847440838814,0,94
final_hybrid,2026086114,2,0,-8.0,2.5,0,0,0,0,0,0,0,0.06896551724137931,29,2.3121180109165866,2.7570475824177265,2.7919579297304153,0,58
final_hybrid,2026086114,3,0,-23.0,3.0,0,0,0,0,0,0,0,0.02564102564102564,78,2.317704278259323,2.7879798086360097,3.217548131942749,0,157
final_hybrid,2026086115,0,2,33.0,1.0,1,0,0,0,0,0,0,0.0,34,2.492907813147587,2.9944828944280744,4.12624329328537,0,68
final_hybrid,2026086115,1,2,-17.0,4.0,0,0,1,9,0,0,0,0.038461538461538464,26,2.345674492132205,2.7726234402507544,2.8246608562767506,0,52
final_hybrid,2026086115,2,2,-8.0,2.5,0,0,0,0,0,0,0,0.0,26,2.3513451720086427,2.8376849368214607,2.869050018489361,0,52
final_hybrid,2026086115,3,2,-8.0,2.5,0,0,0,0,0,0,0,0.029411764705882353,34,2.3024561678004614,2.7408697409555316,2.7533499523997307,0,68
final_hybrid,2026086116,0,2,-17.0,3.0,0,0,0,0,0,0,0,0.0,53,2.426765999704037,2.906686346977949,3.6173793487250805,0,107
final_hybrid,2026086116,1,2,-8.0,2.5,0,0,0,0,0,0,0,0.0196078431372549,51,2.3608210807045302,2.7803254779428244,2.823915798217058,0,102
final_hybrid,2026086116,2,2,-18.0,4.0,0,0,1,10,0,0,0,0.0,47,2.340774061752761,2.8273316100239754,2.914306242018938,0,94
final_hybrid,2026086116,3,2,57.0,1.0,1,1,0,0,0,0,0,0.041666666666666664,24,2.2923663297357657,2.769314986653626,2.8628851287066936,0,47
final_hybrid,2026086117,0,2,-31.0,3.0,0,0,0,0,0,0,0,0.0,49,2.4127911168093585,2.8093555942177773,2.84548569470644,0,99
final_hybrid,2026086117,1,2,-31.0,3.0,0,0,0,0,0,0,0,0.04081632653061224,49,2.3041786721014246,2.62150140479207,2.7153920382261276,0,99
final_hybrid,2026086117,2,2,93.0,1.0,1,1,0,0,0,0,0,0.0,50,2.360914023593068,2.874362445436418,2.9076160863041878,0,99
final_hybrid,2026086117,3,2,-31.0,3.0,0,0,0,0,0,0,0,0.0,49,2.3639926838935637,2.9533631168305874,3.0214390717446804,0,99
final_hybrid,2026086118,0,0,-23.0,3.0,0,0,0,0,0,0,0,0.02631578947368421,76,2.359021167074771,2.6800932828336954,2.805506344884634,0,153
final_hybrid,2026086118,1,0,35.0,1.0,1,0,0,0,0,0,0,0.05405405405405406,37,2.3378252076941566,2.8241971507668495,2.890888135880232,0,74
final_hybrid,2026086118,2,0,-17.0,4.0,0,0,1,9,0,0,0,0.0,39,2.3434866721240373,2.8034924063831568,2.8720228001475334,0,78
final_hybrid,2026086118,3,0,-19.0,3.0,0,0,0,0,0,0,0,0.0,81,2.360985528125807,2.8894441202282906,2.9715970158576965,0,163
final_hybrid,2026086119,0,1,-8.0,2.5,0,0,0,0,0,0,0,0.0,57,2.9403063419618105,4.3145273812115175,4.745549988001585,0,114
final_hybrid,2026086119,1,1,48.0,1.0,1,0,0,0,0,0,0,0.0,44,2.4023465388877825,2.829573513008654,3.3929748460650444,0,88
final_hybrid,2026086119,2,1,-8.0,2.5,0,0,0,0,0,0,0,0.0,44,2.303038639101115,2.7837587520480156,2.815354149788618,0,88
final_hybrid,2026086119,3,1,-32.0,4.0,0,0,1,24,0,0,0,0.017857142857142856,56,2.323786461991923,2.7294683968648314,3.109728917479515,0,112
final_hybrid,2026086120,0,1,0.0,2.5,0,0,0,0,0,1,1,0.03571428571428571,84,2.3505286690557288,2.721885545179248,3.2645929604768753,0,167
final_hybrid,2026086120,1,1,-23.0,3.0,0,0,0,0,0,0,0,0.0125,80,2.339486253913492,2.8310276567935944,2.9038721695542336,0,162
final_hybrid,2026086120,2,1,0.0,2.5,0,0,0,0,0,1,0,0.012048192771084338,83,2.321448508111468,2.7535531669855113,3.23800602927804,0,167
final_hybrid,2026086120,3,1,-8.0,2.5,0,0,0,0,0,0,0,0.04477611940298507,67,2.2976189337448396,2.7488465886563063,2.8057689778506756,0,134
final_hybrid,2026086121,0,0,-18.0,3.0,0,0,0,0,0,0,0,0.0,41,2.3943143328878937,2.8425860218703747,2.875266131013632,0,83
final_hybrid,2026086121,1,0,54.0,1.0,1,1,0,0,0,0,0,0.0,42,2.391842160640018,3.0105584068223834,3.1363992020487785,0,83
final_hybrid,2026086121,2,0,-18.0,3.0,0,0,0,0,0,0,0,0.024390243902439025,41,2.350717237809809,2.845956012606621,3.235860262066126,0,83
final_hybrid,2026086121,3,0,32.0,1.0,1,0,0,0,0,0,0,0.025,40,2.308964671101421,2.790628047659993,2.8406083583831787,0,80
final_hybrid,2026086122,0,0,-19.0,3.0,0,0,0,0,0,0,0,0.0,65,2.425056524001635,2.9557774774730206,3.0778790824115276,0,131
final_hybrid,2026086122,1,0,54.0,1.0,1,1,0,0,0,0,0,0.015151515151515152,66,2.3567683529108763,2.9564648866653442,2.9743253253400326,0,131
final_hybrid,2026086122,2,0,32.0,1.0,1,0,0,0,0,0,0,0.019230769230769232,52,2.352247668358569,2.9010972008109093,2.9621878638863564,0,104
final_hybrid,2026086122,3,0,-19.0,3.0,0,0,0,0,0,0,0,0.0,65,2.340636094315694,2.930110413581133,2.9543968848884106,0,131
final_hybrid,2026086123,0,1,-8.0,2.5,0,0,0,0,0,0,0,0.034482758620689655,58,2.3415561139198213,2.667698170989752,2.81699700281024,0,116
final_hybrid,2026086123,1,1,37.0,1.0,1,0,0,0,0,0,0,0.04411764705882353,68,2.3214651121045735,2.701800689101219,3.367439843714237,0,136
final_hybrid,2026086123,2,1,-8.0,2.5,0,0,0,0,0,0,0,0.014492753623188406,69,2.3655316900407923,2.972269058227539,3.009186126291752,0,137
final_hybrid,2026086123,3,1,44.0,1.0,1,0,0,0,0,0,0,0.0,53,2.353451785824771,2.9628663323819637,3.348986152559519,0,106
final_hybrid,2026086124,0,1,-16.0,3.0,0,0,0,0,0,0,0,0.043478260869565216,46,2.359178787826196,2.749858656898141,2.818157896399498,0,93
final_hybrid,2026086124,1,1,-16.0,3.0,0,0,0,0,0,0,0,0.020833333333333332,48,2.3250471567735076,2.770220278762281,2.8783711604774,0,97
final_hybrid,2026086124,2,1,-18.0,3.0,0,0,0,0,0,0,0,0.0,51,2.355246183772882,2.943103201687336,3.0760420486330986,0,103
final_hybrid,2026086124,3,1,33.0,1.0,1,0,0,0,0,0,0,0.043478260869565216,46,2.332306477119741,2.9296352295204997,3.032722044736147,0,92
final_hybrid,2026086125,0,1,-8.0,2.5,0,0,0,0,0,0,0,0.0,82,2.4258728173175235,2.9821902979165316,3.045592922717333,0,164
final_hybrid,2026086125,1,1,36.0,1.0,1,0,0,0,0,0,0,0.012658227848101266,79,2.307015418110392,2.688497630879283,2.7735577896237373,0,158
final_hybrid,2026086125,2,1,-21.0,3.0,0,0,0,0,0,0,0,0.0,58,2.330102227178627,2.894995897077024,2.9549598693847656,0,117
final_hybrid,2026086125,3,1,-21.0,3.0,0,0,0,0,0,0,0,0.017241379310344827,58,2.3294089378082545,2.9291682643815875,2.9696538113057613,0,117
final_hybrid,2026086126,0,2,60.0,1.0,1,1,0,0,0,0,0,0.0625,32,2.3374951852019876,2.78569427318871,2.83315172418952,0,63
final_hybrid,2026086126,1,2,-20.0,3.0,0,0,0,0,0,0,0,0.06451612903225806,31,2.2938751705711886,2.654129173606634,3.0175549909472466,0,63
final_hybrid,2026086126,2,2,-20.0,4.0,0,0,1,12,0,0,0,0.03333333333333333,30,2.302313596010208,2.7783323312178254,2.8179017826914787,0,60
final_hybrid,2026086126,3,2,-20.0,3.0,0,0,0,0,0,0,0,0.0,31,2.3372533370650586,2.914702519774437,2.961150836199522,0,63
final_hybrid,2026086127,0,1,-33.0,4.0,0,0,1,25,0,0,0,0.038461538461538464,52,2.329427247437147,2.6011672569438815,2.7740001678466797,0,104
final_hybrid,2026086127,1,1,-8.0,2.5,0,0,0,0,0,0,0,0.0,58,2.382557493923553,2.8502101078629494,3.7102377973496914,0,116
final_hybrid,2026086127,2,1,-34.0,3.0,0,0,0,0,0,0,0,0.011627906976744186,86,2.3296373181564864,2.7455470990389585,3.429314587265253,0,173
final_hybrid,2026086127,3,1,102.0,1.0,1,1,0,0,0,0,0,0.0,87,2.310568316914569,2.8051831293851137,2.832419238984585,0,173
final_hybrid,2026086128,0,0,40.0,1.0,1,0,0,0,0,0,0,0.0,66,2.3837855269172876,2.8732531936839223,3.523599822074175,0,132
final_hybrid,2026086128,1,0,32.0,1.0,1,0,0,0,0,0,0,0.058823529411764705,51,2.2661374224459423,2.5659247767180204,2.760654781013727,0,102
final_hybrid,2026086128,2,0,-8.0,2.5,0,0,0,0,0,0,0,0.014925373134328358,67,2.311919162522501,2.8611418325453997,2.8880080208182335,0,134
final_hybrid,2026086128,3,0,0.0,2.5,0,0,0,0,0,1,0,0.0,86,2.3198493507279214,2.8191542951390147,2.897045109421015,0,172
final_hybrid,2026086129,0,0,33.0,1.0,1,0,0,0,0,0,0,0.029850746268656716,67,2.3417666610052335,2.7076900471001863,2.8100810013711452,0,134
final_hybrid,2026086129,1,0,-8.0,2.5,0,0,0,0,0,0,0,0.0,64,2.3765871810610406,2.9365563532337546,3.015608061105013,0,128
final_hybrid,2026086129,2,0,-8.0,2.5,0,0,0,0,0,0,0,0.03125,32,2.2809207293903455,2.653977647423744,2.6701432652771473,0,64
final_hybrid,2026086129,3,0,-17.0,4.0,0,0,1,9,0,0,0,0.0,60,2.338418193782369,2.8458477463573217,3.325753379613161,0,120
final_hybrid,2026086130,0,0,43.0,1.0,1,0,0,0,0,0,0,0.02857142857142857,35,2.3629775137773583,2.811494469642639,2.856095787137747,0,70
final_hybrid,2026086130,1,0,-8.0,2.5,0,0,0,0,0,0,0,0.0,53,2.3580424593023532,2.9262149706482887,3.062063828110695,0,106
final_hybrid,2026086130,2,0,-8.0,2.5,0,0,0,0,0,0,0,0.03773584905660377,53,2.275210673446363,2.6273338124156,2.6462418027222157,0,106
final_hybrid,2026086130,3,0,33.0,1.0,1,0,0,0,0,0,0,0.046153846153846156,65,2.2612270039434614,2.599478978663683,2.7429009787738323,0,130
final_hybrid,2026086131,0,1,69.0,1.0,1,1,0,0,0,0,0,0.05,60,2.348611387424171,2.7411760296672583,3.096402157098055,0,119
final_hybrid,2026086131,1,1,-23.0,3.0,0,0,0,0,0,0,0,0.01694915254237288,59,2.2994053344857894,2.6308974251151085,2.6933718472719193,0,119
final_hybrid,2026086131,2,1,-17.0,4.0,0,0,1,9,0,0,0,0.02702702702702703,37,2.3104702751781487,2.7951369993388653,2.8274781070649624,0,74
final_hybrid,2026086131,3,1,-23.0,3.0,0,0,0,0,0,0,0,0.01639344262295082,61,2.3257243828695326,2.857354935258627,2.9547689482569695,0,123
final_hybrid,2026086132,0,2,-34.0,3.0,0,0,0,0,0,0,0,0.0125,80,2.3870107776019722,2.85664526745677,3.3212946727871895,0,161
final_hybrid,2026086132,1,2,60.0,1.0,1,1,0,0,0,0,0,0.012987012987012988,77,2.338774254327858,2.830771915614605,2.883796114474535,0,154
final_hybrid,2026086132,2,2,33.0,1.0,1,0,0,0,0,0,0,0.034482758620689655,58,2.286499109247635,2.7389515889808536,3.25187761336565,0,116
final_hybrid,2026086132,3,2,-17.0,4.0,0,0,1,9,0,0,0,0.04285714285714286,70,2.287509837853057,2.7491717599332333,2.8608893044292927,0,140
final_hybrid,2026086133,0,3,-18.0,3.0,0,0,0,0,0,0,0,0.05357142857142857,56,2.335845010488161,2.6456667110323906,3.150687087327242,0,113
final_hybrid,2026086133,1,3,-8.0,2.5,0,0,0,0,0,0,0,0.03571428571428571,28,2.32546532060951,2.806535456329584,2.8097257018089294,0,56
final_hybrid,2026086133,2,3,-8.0,2.5,0,0,0,0,0,0,0,0.0,28,2.3225003221471394,2.8539600083604455,2.9094750061631203,0,56
final_hybrid,2026086133,3,3,-24.0,4.0,0,0,1,16,0,0,0,0.0,28,2.3356841910364374,2.828022954054177,2.8475020080804825,0,56
final_hybrid,2026086134,0,2,-16.0,4.0,0,0,1,8,0,0,0,0.023255813953488372,86,2.354274677156016,2.7716781478375196,2.8367661871016026,0,172
final_hybrid,2026086134,1,2,-8.0,2.5,0,0,0,0,0,0,0,0.0,69,2.3431142090239385,2.82098026946187,2.899893093854189,0,138
final_hybrid,2026086134,2,2,-8.0,2.5,0,0,0,0,0,0,0,0.02702702702702703,74,2.289236120476916,2.7207741048187017,2.770619001239538,0,148
final_hybrid,2026086134,3,2,36.0,1.0,1,0,0,0,0,0,0,0.027777777777777776,72,2.3368140035826297,2.7774201706051826,5.464877001941204,0,144
final_hybrid,2026086135,0,1,-8.0,2.5,0,0,0,0,0,0,0,0.01694915254237288,59,2.373150534043878,2.7967337053269143,3.2611791975796223,0,119
final_hybrid,2026086135,1,1,35.0,1.0,1,0,0,0,0,0,0,0.01694915254237288,59,2.3484703911057974,2.8842706698924303,2.94954190030694,0,119
final_hybrid,2026086135,2,1,-8.0,2.5,0,0,0,0,0,0,0,0.05,60,2.2692770386735597,2.7252047089859843,2.88376584649086,0,119
final_hybrid,2026086135,3,1,63.0,1.0,1,1,0,0,0,0,0,0.028169014084507043,71,2.2870411335582466,2.7657782193273306,2.7881949208676815,0,142
final_hybrid,2026086136,0,1,-18.0,4.0,0,0,1,10,0,0,0,0.03773584905660377,53,2.344483193361534,2.728550136089325,2.797957044094801,0,106
final_hybrid,2026086136,1,1,-8.0,2.5,0,0,0,0,0,0,0,0.04081632653061224,49,2.2983189615211925,2.6583317667245865,3.359614871442318,0,98
final_hybrid,2026086136,2,1,-8.0,2.5,0,0,0,0,0,0,0,0.02127659574468085,47,2.313913420793858,2.762138843536377,2.8147785924375057,0,94
final_hybrid,2026086136,3,1,60.0,1.0,1,1,0,0,0,0,0,0.02631578947368421,38,2.2856507842478,2.73360563442111,3.321141004562378,0,75
final_hybrid,2026086137,0,0,-8.0,2.5,0,0,0,0,0,0,0,0.015384615384615385,65,2.362295139867526,2.7816295623779297,2.882384229451418,0,130
final_hybrid,2026086137,1,0,37.0,1.0,1,0,0,0,0,0,0,0.03278688524590164,61,2.315238247946149,2.6720697060227394,3.1164931133389473,0,122
final_hybrid,2026086137,2,0,-8.0,2.5,0,0,0,0,0,0,0,0.05,60,2.267071643533806,2.735100267454982,2.7867681346833706,0,120
final_hybrid,2026086137,3,0,0.0,2.5,0,0,0,0,0,1,1,0.022988505747126436,87,2.2736304311146,2.658518962562084,2.7834768407046795,0,174
final_hybrid,2026086138,0,0,-8.0,2.5,0,0,0,0,0,0,0,0.05,40,2.3365325410850346,2.744345460087061,2.802995964884758,0,79
final_hybrid,2026086138,1,0,37.0,1.0,1,0,0,0,0,0,0,0.02631578947368421,38,2.3052736160982596,2.7365803718566895,2.7679670602083206,0,77
final_hybrid,2026086138,2,0,69.0,1.0,1,1,0,0,0,0,0,0.028985507246376812,69,2.301610061439915,2.7295871637761593,3.2938080839812756,0,138
final_hybrid,2026086138,3,0,-8.0,2.5,0,0,0,0,0,0,0,0.0,38,2.2928818055477582,2.7869369369000196,2.8232699260115623,0,77
final_hybrid,2026086139,0,1,-23.0,3.0,0,0,0,0,0,0,0,0.03773584905660377,53,2.3456757519183293,2.6772884652018547,3.0758529901504517,0,107
final_hybrid,2026086139,1,1,-23.0,3.0,0,0,0,0,0,0,0,0.0,53,2.37945671948903,2.8796201571822166,3.645136021077633,0,107
final_hybrid,2026086139,2,1,37.0,1.0,1,0,0,0,0,0,0,0.0,55,2.3475162854248826,2.9969048686325546,3.3966819755733013,0,110
final_hybrid,2026086139,3,1,-23.0,3.0,0,0,0,0,0,0,0,0.03773584905660377,53,2.311727137498136,2.803215943276882,2.832672093063593,0,107
final_hybrid,2026086140,0,3,-21.0,3.0,0,0,0,0,0,0,0,0.012658227848101266,79,2.3827388045625595,2.806264953687787,2.8462749905884266,0,159
final_hybrid,2026086140,1,3,-8.0,2.5,0,0,0,0,0,0,0,0.0,54,2.380624844658154,3.013204946182668,3.0378298833966255,0,108
final_hybrid,2026086140,2,3,-20.0,3.0,0,0,0,0,0,0,0,0.0,81,2.3329225196330636,2.8155972249805927,2.8439736925065517,0,163
final_hybrid,2026086140,3,3,-8.0,2.5,0,0,0,0,0,0,0,0.0,54,2.331352853043764,2.84696607850492,3.365148324519396,0,108
final_hybrid,2026086141,0,2,-8.0,2.5,0,0,0,0,0,0,0,0.0,26,2.4261977523565292,2.9449905268847942,3.0089793726801872,0,52
final_hybrid,2026086141,1,2,35.0,1.0,1,0,0,0,0,0,0,0.020833333333333332,48,2.3714428631744036,2.970608207397163,3.0191470868885517,0,96
final_hybrid,2026086141,2,2,-23.0,3.0,0,0,0,0,0,0,0,0.0,50,2.3170481622219086,2.8263370040804148,2.8591249138116837,0,101
final_hybrid,2026086141,3,2,-8.0,2.5,0,0,0,0,0,0,0,0.0625,48,2.3005350473492094,2.7023732662200928,3.311942797154188,0,96
final_hybrid,2026086142,0,1,-8.0,2.5,0,0,0,0,0,0,0,0.07317073170731707,41,2.3242590562781182,2.662407699972391,2.8078467585146427,0,82
final_hybrid,2026086142,1,1,39.0,1.0,1,0,0,0,0,0,0,0.04878048780487805,41,2.293903800863318,2.6427586562931538,2.679932862520218,0,82
final_hybrid,2026086142,2,1,-8.0,2.5,0,0,0,0,0,0,0,0.04878048780487805,41,2.2965933355252917,2.7625788934528828,2.7933232486248016,0,82
final_hybrid,2026086142,3,1,-23.0,4.0,0,0,1,15,0,0,0,0.04878048780487805,41,2.3082522221091315,2.78495904058218,3.2203812152147293,0,82
final_hybrid,2026086143,0,1,-18.0,3.0,0,0,0,0,0,0,0,0.02127659574468085,47,2.373138997466006,2.7841891162097454,2.828393131494522,0,95
final_hybrid,2026086143,1,1,-8.0,2.5,0,0,0,0,0,0,0,0.04878048780487805,41,2.3296198512359365,2.789254765957594,2.8205052949488163,0,82
final_hybrid,2026086143,2,1,-22.0,4.0,0,0,1,14,0,0,0,0.024390243902439025,41,2.295951290828426,2.728274092078209,2.7840081602334976,0,82
final_hybrid,2026086143,3,1,-8.0,2.5,0,0,0,0,0,0,0,0.0,41,2.2909910895112082,2.8335852548480034,2.8671137988567352,0,82
final_hybrid,2026086144,0,1,-17.0,4.0,0,0,1,9,0,0,0,0.0,59,2.3779363876555935,2.8820944484323263,3.340178169310093,0,118
final_hybrid,2026086144,1,1,33.0,1.0,1,0,0,0,0,0,0,0.05660377358490566,53,2.2722366090231345,2.624205034226179,2.726213075220585,0,106
final_hybrid,2026086144,2,1,38.0,1.0,1,0,0,0,0,0,0,0.045454545454545456,66,2.249597811676336,2.5798288406804204,2.7370587922632694,0,132
final_hybrid,2026086144,3,1,-25.0,3.0,0,0,0,0,0,0,0,0.015151515151515152,66,2.299701449263728,2.7807126753032207,2.7918489649891853,0,133
final_hybrid,2026086145,0,1,-8.0,2.5,0,0,0,0,0,0,0,0.0,66,2.3984765055391826,2.8474389109760523,3.2942071557044983,0,132
final_hybrid,2026086145,1,1,0.0,2.5,0,0,0,0,0,1,0,0.011627906976744186,86,2.347221267734503,2.8249338502064347,2.857652958482504,0,172
final_hybrid,2026086145,2,1,-8.0,2.5,0,0,0,0,0,0,0,0.01639344262295082,61,2.31075256330068,2.798318862915039,2.8170431032776833,0,122
final_hybrid,2026086145,3,1,-19.0,3.0,0,0,0,0,0,0,0,0.0,53,2.3342458583976864,2.866913378238678,2.901290077716112,0,107
final_hybrid,2026086146,0,2,-19.0,4.0,0,0,1,11,0,0,0,0.0,50,2.407481297850609,2.9831119813024998,3.0422010459005833,0,100
final_hybrid,2026086146,1,2,34.0,1.0,1,0,0,0,0,0,0,0.057692307692307696,52,2.29223755797228,2.602223725989461,2.741060219705105,0,104
final_hybrid,2026086146,2,2,0.0,2.5,0,0,0,0,0,1,1,0.011904761904761904,84,2.326248784638232,2.807418000884354,2.8351671062409878,0,168
final_hybrid,2026086146,3,2,-19.0,4.0,0,0,1,11,0,0,0,0.0,53,2.3426396315390208,2.9709997586905956,3.45471128821373,0,106
final_hybrid,2026086147,0,2,-8.0,2.5,0,0,0,0,0,0,0,0.023255813953488372,43,2.3655420559090237,2.7952324599027634,3.4677041694521904,0,86
final_hybrid,2026086147,1,2,-28.0,3.0,0,0,0,0,0,0,0,0.0,50,2.3796831350773573,2.9067565919831395,2.946056891232729,0,101
final_hybrid,2026086147,2,2,35.0,1.0,1,0,0,0,0,0,0,0.046511627906976744,43,2.29423840768462,2.683938480913639,2.767370082437992,0,86
final_hybrid,2026086147,3,2,-19.0,4.0,0,0,1,11,0,0,0,0.046511627906976744,43,2.2950364103497463,2.7427362743765116,2.9929769225418568,0,86
final_hybrid,2026086148,0,1,-29.0,3.0,0,0,0,0,0,0,0,0.0,52,2.3776648404936376,2.842907654121518,2.8583831153810024,0,105
final_hybrid,2026086148,1,1,-29.0,3.0,0,0,0,0,0,0,0,0.038461538461538464,52,2.303760453987007,2.706272690556943,2.7993028052151203,0,105
final_hybrid,2026086148,2,1,-29.0,3.0,0,0,0,0,0,0,0,0.0,52,2.37165077123791,2.9519249219447374,2.9737032018601894,0,105
final_hybrid,2026086148,3,1,87.0,1.0,1,1,0,0,0,0,0,0.018867924528301886,53,2.2847557194390387,2.7633496560156345,2.8274073265492916,0,105
final_hybrid,2026086149,0,1,-8.0,2.5,0,0,0,0,0,0,0,0.0,58,2.38608760791349,2.837172686122358,2.861510030925274,0,116
final_hybrid,2026086149,1,1,-16.0,4.0,0,0,1,8,0,0,0,0.023809523809523808,42,2.3343128684375967,2.7287868317216635,2.7625220827758312,0,84
final_hybrid,2026086149,2,1,-16.0,4.0,0,0,1,8,0,0,0,0.030303030303030304,33,2.302454205963648,2.7120194397866726,2.7324333786964417,0,66
final_hybrid,2026086149,3,1,-20.0,3.0,0,0,0,0,0,0,0,0.046153846153846156,65,2.2883993358566213,2.7239751070737834,2.805012743920088,0,131
final_hybrid,2026086150,0,1,-25.0,3.0,0,0,0,0,0,0,0,0.015625,64,2.3733589914627373,2.803026372566819,2.8291037306189537,0,129
final_hybrid,2026086150,1,1,51.0,1.0,1,1,0,0,0,0,0,0.02,50,2.3184714280068874,2.732470235787332,2.8122682124376297,0,99
final_hybrid,2026086150,2,1,-8.0,2.5,0,0,0,0,0,0,0,0.0,35,2.305974771401712,2.8288846369832754,2.8599840588867664,0,70
final_hybrid,2026086150,3,1,-8.0,2.5,0,0,0,0,0,0,0,0.02857142857142857,35,2.276992638196264,2.7878578286617994,2.8035277500748634,0,70
final_hybrid,2026086151,0,1,33.0,1.0,1,0,0,0,0,0,0,0.0392156862745098,51,2.358093666022315,2.754765097051859,2.8040502220392227,0,102
final_hybrid,2026086151,1,1,-17.0,4.0,0,0,1,9,0,0,0,0.0196078431372549,51,2.3385867677336813,2.7656869497150183,2.787497825920582,0,102
final_hybrid,2026086151,2,1,-8.0,2.5,0,0,0,0,0,0,0,0.0196078431372549,51,2.30275026942585,2.7491135988384485,2.9735639691352844,0,102
final_hybrid,2026086151,3,1,-21.0,4.0,0,0,1,13,0,0,0,0.0,38,2.312308495962306,2.8112459694966674,2.8543476946651936,0,76
final_hybrid,2026086152,0,1,-26.0,3.0,0,0,0,0,0,0,0,0.03508771929824561,57,2.36785113648103,2.7571828104555607,3.2294653356075287,0,115
final_hybrid,2026086152,1,1,-8.0,2.5,0,0,0,0,0,0,0,0.023255813953488372,43,2.3517686180597126,2.8022790793329477,2.817010972648859,0,86
final_hybrid,2026086152,2,1,-17.0,4.0,0,0,1,9,0,0,0,0.0,52,2.3597188365574064,2.924922597594559,3.1154677271842957,0,104
final_hybrid,2026086152,3,1,-26.0,3.0,0,0,0,0,0,0,0,0.03508771929824561,57,2.3378001918133937,2.859616931527853,2.901417203247547,0,115
final_hybrid,2026086153,0,1,32.0,1.0,1,0,0,0,0,0,0,0.027777777777777776,36,2.3481962917786507,2.727067330852151,2.813538070768118,0,72
final_hybrid,2026086153,1,1,-8.0,2.5,0,0,0,0,0,0,0,0.0,36,2.3651819727900953,2.862037857994437,3.490174189209938,0,72
final_hybrid,2026086153,2,1,-8.0,2.5,0,0,0,0,0,0,0,0.08333333333333333,36,2.286140237831407,2.6558038080111146,3.085114061832428,0,72
final_hybrid,2026086153,3,1,-16.0,4.0,0,0,1,8,0,0,0,0.027777777777777776,36,2.2877840609807105,2.6655871188268065,2.7173985727131367,0,72
final_hybrid,2026086154,0,1,-18.0,3.0,0,0,0,0,0,0,0,0.038461538461538464,26,2.372620179532812,2.822988317348063,2.879398874938488,0,54
final_hybrid,2026086154,1,1,-18.0,3.0,0,0,0,0,0,0,0,0.0,26,2.3704786570026326,2.830680343322456,2.836692612618208,0,54
final_hybrid,2026086154,2,1,-18.0,3.0,0,0,0,0,0,0,0,0.037037037037037035,27,2.290552378528648,2.704804763197899,2.7186237275600433,0,54
final_hybrid,2026086154,3,1,54.0,1.0,1,1,0,0,0,0,0,0.037037037037037035,27,2.295510343241471,2.7124972082674503,2.7566025964915752,0,54
final_hybrid,2026086155,0,0,-8.0,2.5,0,0,0,0,0,0,0,0.0392156862745098,51,2.33014206420265,2.6127579621970654,2.7770036831498146,0,102
final_hybrid,2026086155,1,0,-20.0,4.0,0,0,1,12,0,0,0,0.0,54,2.3998946072188794,2.83405645750463,5.709948018193245,0,108
final_hybrid,2026086155,2,0,-23.0,4.0,0,0,1,15,0,0,0,0.07142857142857142,28,2.2662645372162973,2.6154243387281895,2.77479225769639,0,56
final_hybrid,2026086155,3,0,36.0,1.0,1,0,0,0,0,0,0,0.0,54,2.348477357170648,2.919435570947826,3.4351139329373837,0,108
final_hybrid,2026086156,0,2,-8.0,2.5,0,0,0,0,0,0,0,0.018867924528301886,53,2.3940348083961687,2.871315646916628,2.880559768527746,0,106
final_hybrid,2026086156,1,2,-8.0,2.5,0,0,0,0,0,0,0,0.03508771929824561,57,2.308245298959184,2.651505824178457,2.7432977221906185,0,114
final_hybrid,2026086156,2,2,-8.0,2.5,0,0,0,0,0,0,0,0.02127659574468085,47,2.2995425090986363,2.679000748321414,3.1111272983253,0,94
final_hybrid,2026086156,3,2,-8.0,2.5,0,0,0,0,0,0,0,0.0,57,2.340246089979222,2.7865135110914707,3.9623547345399857,0,114
final_hybrid,2026086157,0,3,-18.0,3.0,0,0,0,0,0,0,0,0.0,30,2.392890661333998,2.8412857558578253,3.3637620508670807,0,61
final_hybrid,2026086157,1,3,-18.0,3.0,0,0,0,0,0,0,0,0.0,32,2.3451628221664578,2.7845223899930716,2.7937758713960648,0,65
final_hybrid,2026086157,2,3,33.0,1.0,1,0,0,0,0,0,0,0.07692307692307693,26,2.2645852206131587,2.645441214554012,2.6781130582094193,0,52
final_hybrid,2026086157,3,3,-17.0,4.0,0,0,1,9,0,0,0,0.0,26,2.35819393912187,2.884169574826956,2.946580294519663,0,52
final_hybrid,2026086158,0,3,38.0,1.0,1,0,0,0,0,0,0,0.0,58,2.4123912484481416,2.9283432522788644,3.0415523797273636,0,116
final_hybrid,2026086158,1,3,-8.0,2.5,0,0,0,0,0,0,0,0.0,58,2.3480540237806995,2.8129328275099397,2.824402879923582,0,116
final_hybrid,2026086158,2,3,-8.0,2.5,0,0,0,0,0,0,0,0.01818181818181818,55,2.3197166113690897,2.7394105680286884,3.4149056300520897,0,110
final_hybrid,2026086158,3,3,-21.0,4.0,0,0,1,13,0,0,0,0.034482758620689655,58,2.3038946654133756,2.7531065745279193,2.8467560186982155,0,116
final_hybrid,2026086159,0,3,34.0,1.0,1,0,0,0,0,0,0,0.06666666666666667,30,2.351358998566866,2.762174722738564,2.824199851602316,0,60
final_hybrid,2026086159,1,3,-8.0,2.5,0,0,0,0,0,0,0,0.0,41,2.3753547064233116,2.936437726020813,2.947823144495487,0,82
final_hybrid,2026086159,2,3,32.0,1.0,1,0,0,0,0,0,0,0.018518518518518517,54,2.3934716376027576,2.8742654016241427,5.448515992611647,0,108
final_hybrid,2026086159,3,3,-8.0,2.5,0,0,0,0,0,0,0,0.0,30,2.290195800984899,2.802845649421215,2.8106370009481907,0,60
final_hybrid,2026086160,0,1,-17.0,3.0,0,0,0,0,0,0,0,0.0,45,2.3948734108772545,2.8386956080794334,2.9722340404987335,0,91
final_hybrid,2026086160,1,1,-17.0,3.0,0,0,0,0,0,0,0,0.0,45,2.338743954896927,2.8036250732839108,2.843503374606371,0,91
final_hybrid,2026086160,2,1,-17.0,3.0,0,0,0,0,0,0,0,0.023255813953488372,43,2.3138330556279003,2.7689913753420115,3.2139248214662075,0,87
final_hybrid,2026086160,3,1,34.0,1.0,1,0,0,0,0,0,0,0.015384615384615385,65,2.345288616533463,2.761209011077881,5.751610733568668,0,130
final_hybrid,2026086161,0,2,53.0,1.0,1,0,0,0,0,0,0,0.01282051282051282,78,2.3726609965356498,2.7994967298582196,3.768365830183029,0,156
final_hybrid,2026086161,1,2,32.0,1.0,1,0,0,0,0,0,0,0.03571428571428571,56,2.390780095343611,2.8607117710635066,4.700306337326765,0,112
final_hybrid,2026086161,2,2,-23.0,4.0,0,0,1,15,0,0,0,0.02040816326530612,49,2.376124614431542,2.874408196657895,4.2598433792591095,0,98
final_hybrid,2026086161,3,2,35.0,1.0,1,0,0,0,0,0,0,0.0,49,2.3452169166839854,2.854277193546295,3.648721147328615,0,98
final_hybrid,2026086162,0,1,-21.0,4.0,0,0,1,13,0,0,0,0.02857142857142857,70,2.3778440164668218,2.8427100274711847,2.903721760958433,0,140
final_hybrid,2026086162,1,1,38.0,1.0,1,0,0,0,0,0,0,0.04285714285714286,70,2.3244257417640517,2.696904866024852,4.654302261769772,0,140
final_hybrid,2026086162,2,1,-8.0,2.5,0,0,0,0,0,0,0,0.01818181818181818,55,2.2894069975750013,2.69828112795949,2.822019625455141,0,110
final_hybrid,2026086162,3,1,33.0,1.0,1,0,0,0,0,0,0,0.038461538461538464,52,2.2760701115028215,2.6741295121610165,2.692465204745531,0,104
final_hybrid,2026086163,0,3,-8.0,2.5,0,0,0,0,0,0,0,0.0625,48,2.330599604950597,2.615914214402437,2.8178198263049126,0,96
final_hybrid,2026086163,1,3,-8.0,2.5,0,0,0,0,0,0,0,0.021739130434782608,46,2.3292074405142795,2.7895855018869042,2.824945840984583,0,92
final_hybrid,2026086163,2,3,-8.0,2.5,0,0,0,0,0,0,0,0.06521739130434782,46,2.2673333650859804,2.6402777293697,2.7666017413139343,0,92
final_hybrid,2026086163,3,3,32.0,1.0,1,0,0,0,0,0,0,0.021739130434782608,46,2.3194032154329447,2.8732664650306106,2.9303929768502712,0,92
final_hybrid,2026086164,0,0,32.0,1.0,1,0,0,0,0,0,0,0.038461538461538464,52,2.3510607425123453,2.7784265344962478,2.812068909406662,0,104
final_hybrid,2026086164,1,0,-20.0,3.0,0,0,0,0,0,0,0,0.0410958904109589,73,2.3077753793499243,2.6416883803904057,2.72655813023448,0,146
final_hybrid,2026086164,2,0,60.0,1.0,1,1,0,0,0,0,0,0.0136986301369863,73,2.2987512272004396,2.756139636039734,2.8191939927637577,0,146
final_hybrid,2026086164,3,0,-20.0,3.0,0,0,0,0,0,0,0,0.0,72,2.3310891572489507,2.883086050860584,3.4186216071248055,0,146
final_hybrid,2026086165,0,3,-22.0,3.0,0,0,0,0,0,0,0,0.0,63,2.377297987954484,2.8122799936681986,2.8601870872080326,0,127
final_hybrid,2026086165,1,3,-19.0,4.0,0,0,1,11,0,0,0,0.03125,64,2.3517032750532962,2.8513913741335273,2.8679249808192253,0,128
final_hybrid,2026086165,2,3,-8.0,2.5,0,0,0,0,0,0,0,0.015625,64,2.3060910898493603,2.705110050737858,2.721763215959072,0,128
final_hybrid,2026086165,3,3,-8.0,2.5,0,0,0,0,0,0,0,0.0,63,2.3648832732486347,2.9568136669695377,3.1080273911356926,0,126
final_hybrid,2026086166,0,1,-8.0,2.5,0,0,0,0,0,0,0,0.10344827586206896,29,2.3799443232088255,2.734066639095545,3.466174937784672,0,58
final_hybrid,2026086166,1,1,-8.0,2.5,0,0,0,0,0,0,0,0.06896551724137931,29,2.356138867165508,2.759054582566023,2.883829642087221,0,58
final_hybrid,2026086166,2,1,-18.0,4.0,0,0,1,10,0,0,0,0.0,27,2.320078977694114,2.8129080310463905,2.8227530419826508,0,54
final_hybrid,2026086166,3,1,34.0,1.0,1,0,0,0,0,0,0,0.0,27,2.3149232449079,2.9267274774610996,2.960817888379097,0,54
final_hybrid,2026086167,0,3,-19.0,3.0,0,0,0,0,0,0,0,0.0,32,2.36454835976474,2.8170842677354813,2.8389650397002697,0,65
final_hybrid,2026086167,1,3,32.0,1.0,1,0,0,0,0,0,0,0.034482758620689655,29,2.3415785058048266,2.7666068635880947,3.2780752517282963,0,58
final_hybrid,2026086167,2,3,57.0,1.0,1,1,0,0,0,0,0,0.030303030303030304,33,2.2908302136894427,2.7302018366754055,2.8207050636410713,0,65
final_hybrid,2026086167,3,3,-19.0,3.0,0,0,0,0,0,0,0,0.0625,32,2.2503515501739457,2.5909920688718557,2.7361400425434113,0,65
final_hybrid,2026086168,0,1,33.0,1.0,1,0,0,0,0,0,0,0.038461538461538464,52,2.3725741954806905,2.831597998738289,3.3305510878562927,0,104
final_hybrid,2026086168,1,1,57.0,1.0,1,1,0,0,0,0,0,0.03571428571428571,56,2.2993182480734373,2.6530835311859846,2.850885968655348,0,111
final_hybrid,2026086168,2,1,-18.0,4.0,0,0,1,10,0,0,0,0.0,17,2.3509617894887924,2.8561966493725777,2.8680069372057915,0,34
final_hybrid,2026086168,3,1,-8.0,2.5,0,0,0,0,0,0,0,0.0,39,2.3079669485107446,2.7806485071778297,2.8075790032744408,0,78
final_hybrid,2026086169,0,2,-8.0,2.5,0,0,0,0,0,0,0,0.02631578947368421,38,2.411633619646493,2.8815039433538914,3.540225327014923,0,76
final_hybrid,2026086169,1,2,-18.0,4.0,0,0,1,10,0,0,0,0.0,36,2.3713803513803415,2.900568535551429,2.910532057285309,0,72
final_hybrid,2026086169,2,2,33.0,1.0,1,0,0,0,0,0,0,0.05263157894736842,38,2.3196808454629623,2.7632401091977945,3.4289569593966007,0,76
final_hybrid,2026086169,3,2,-17.0,4.0,0,0,1,9,0,0,0,0.04,50,2.3391515389084816,2.9330893186852336,2.9685506597161293,0,100
final_hybrid,2026086170,0,3,34.0,1.0,1,0,0,0,0,0,0,0.04081632653061224,49,2.346608531186167,2.6836001314222813,2.8332029469311237,0,98
final_hybrid,2026086170,1,3,33.0,1.0,1,0,0,0,0,0,0,0.013157894736842105,76,2.396228067625902,2.9561978299170732,4.196282010525465,0,152
final_hybrid,2026086170,2,3,-8.0,2.5,0,0,0,0,0,0,0,0.0392156862745098,51,2.370637275424658,2.858914667740464,3.8794181309640408,0,102
final_hybrid,2026086170,3,3,-8.0,2.5,0,0,0,0,0,0,0,0.013157894736842105,76,2.3397919415545307,2.8795666294172406,3.5741953179240227,0,152
final_hybrid,2026086171,0,2,41.0,1.0,1,0,0,0,0,0,0,0.0392156862745098,51,2.3604293682557693,2.783288015052676,2.973168157041073,0,101
final_hybrid,2026086171,1,2,-8.0,2.5,0,0,0,0,0,0,0,0.03571428571428571,56,2.4015434901230037,2.9281614115461707,4.284384194761515,0,113
final_hybrid,2026086171,2,2,-8.0,2.5,0,0,0,0,0,0,0,0.0,50,2.346248123794794,2.877113618887961,2.9006549157202244,0,101
final_hybrid,2026086171,3,2,-32.0,4.0,0,0,1,24,0,0,0,0.021739130434782608,46,2.287876863113564,2.6775436708703637,2.7336967177689075,0,92
final_hybrid,2026086172,0,1,0.0,2.5,0,0,0,0,0,1,1,0.0,84,2.505881678579109,3.423804370686409,4.675514064729214,0,168
final_hybrid,2026086172,1,1,0.0,2.5,0,0,0,0,0,1,1,0.03571428571428571,84,2.3321856001746797,2.7140815276652575,3.7100869230926037,0,168
final_hybrid,2026086172,2,1,0.0,2.5,0,0,0,0,0,1,1,0.011904761904761904,84,2.33067394167717,2.83581402618438,2.8611253947019577,0,168
final_hybrid,2026086172,3,1,49.0,1.0,1,0,0,0,0,0,0,0.0,78,2.3579632457441244,2.8469469165429473,4.028466995805502,0,156
final_hybrid,2026086173,0,2,-18.0,3.0,0,0,0,0,0,0,0,0.03225806451612903,31,2.3621267999612514,2.706223400309682,2.8010359965264797,0,63
final_hybrid,2026086173,1,2,-21.0,3.0,0,0,0,0,0,0,0,0.0392156862745098,51,2.3072789350122798,2.668040106073022,2.7726111002266407,0,104
final_hybrid,2026086173,2,2,63.0,1.0,1,1,0,0,0,0,0,0.019230769230769232,52,2.3020038094658117,2.7443281840533014,2.899699844419956,0,104
final_hybrid,2026086173,3,2,-16.0,4.0,0,0,1,8,0,0,0,0.05405405405405406,37,2.2999525850487723,2.7214529924094677,3.0952547676861286,0,73
final_hybrid,2026086174,0,2,35.0,1.0,1,0,0,0,0,0,0,0.029411764705882353,34,2.374696545302868,2.7537221321836114,2.9671601951122284,0,68
final_hybrid,2026086174,1,2,-8.0,2.5,0,0,0,0,0,0,0,0.0,34,2.319472636479665,2.767563867382705,2.7935602702200413,0,68
final_hybrid,2026086174,2,2,-8.0,2.5,0,0,0,0,0,0,0,0.0,34,2.358876113944194,2.888518152758479,2.913207281380892,0,68
final_hybrid,2026086174,3,2,-8.0,2.5,0,0,0,0,0,0,0,0.09090909090909091,33,2.3192031252564806,2.7732910588383675,3.042906988412142,0,66
final_hybrid,2026086175,0,0,0.0,2.5,0,0,0,0,0,1,1,0.033707865168539325,89,2.3350687226636357,2.616711519658565,3.550906665623188,0,178
final_hybrid,2026086175,1,0,0.0,2.5,0,0,0,0,0,1,0,0.022222222222222223,90,2.3075421806424856,2.7165070408955216,2.802181988954544,0,180
final_hybrid,2026086175,2,0,33.0,1.0,1,0,0,0,0,0,0,0.03636363636363636,55,2.293758492239497,2.747646439820528,2.789671067148447,0,110
final_hybrid,2026086175,3,0,-8.0,2.5,0,0,0,0,0,0,0,0.0,36,2.363713665141,2.9433429008349776,3.299152944236994,0,72
final_hybrid,2026086176,0,0,-19.0,4.0,0,0,1,11,0,0,0,0.03508771929824561,57,2.35830394453124,2.7455423958599567,2.8084581717848778,0,114
final_hybrid,2026086176,1,0,0.0,2.5,0,0,0,0,0,1,0,0.011904761904761904,84,2.3402638201202666,2.771775843575597,3.2712770625948906,0,169
final_hybrid,2026086176,2,0,34.0,1.0,1,0,0,0,0,0,0,0.017543859649122806,57,2.297340426594019,2.756080310791731,2.7824044227600098,0,114
final_hybrid,2026086176,3,0,-25.0,3.0,0,0,0,0,0,0,0,0.012987012987012988,77,2.319909039546143,2.7811077423393726,2.9988540336489677,0,154
final_hybrid,2026086177,0,1,-17.0,3.0,0,0,0,0,0,0,0,0.1111111111111111,9,2.4108107512195907,2.912681270390749,3.0817859806120396,0,19
final_hybrid,2026086177,1,1,-17.0,3.0,0,0,0,0,0,0,0,0.0,9,2.3105930950906544,2.783042471855879,2.8066239319741726,0,19
final_hybrid,2026086177,2,1,-17.0,3.0,0,0,0,0,0,0,0,0.1111111111111111,9,2.2728349496093063,2.682481613010168,2.7470835484564304,0,19
final_hybrid,2026086177,3,1,51.0,1.0,1,1,0,0,0,0,0,0.1,10,2.264872333034873,2.73000483866781,2.8027230873703957,0,19
final_hybrid,2026086178,0,2,32.0,1.0,1,0,0,0,0,0,0,0.016666666666666666,60,2.3924057527134814,2.7951629366725683,3.11704957857728,0,120
final_hybrid,2026086178,1,2,-8.0,2.5,0,0,0,0,0,0,0,0.0,60,2.3422542571400604,2.7892059180885553,2.835358027368784,0,120
final_hybrid,2026086178,2,2,0.0,2.5,0,0,0,0,0,1,0,0.0,80,2.337404794525355,2.950266096740961,3.0747493728995323,0,160
final_hybrid,2026086178,3,2,-8.0,2.5,0,0,0,0,0,0,0,0.03333333333333333,60,2.2893318130324283,2.7158349519595504,2.7329321019351482,0,120
final_hybrid,2026086179,0,1,40.0,1.0,1,0,0,0,0,0,0,0.04,25,2.3636857233941555,2.7691226452589035,2.858787775039673,0,50
final_hybrid,2026086179,1,1,-8.0,2.5,0,0,0,0,0,0,0,0.0,29,2.362574241926958,2.8472671285271645,2.8802738524973392,0,58
final_hybrid,2026086179,2,1,-8.0,2.5,0,0,0,0,0,0,0,0.03571428571428571,28,2.287235327198037,2.701111347414553,2.8431308455765247,0,56
final_hybrid,2026086179,3,1,-8.0,2.5,0,0,0,0,0,0,0,0.0,25,2.309672087430954,2.755521796643734,3.2314537093043327,0,50
final_hybrid,2026086180,0,3,-16.0,4.0,0,0,1,8,0,0,0,0.04878048780487805,41,2.323016297163033,2.739701885730028,2.8275391086935997,0,82
final_hybrid,2026086180,1,3,162.0,1.0,1,1,0,0,0,0,0,0.0,74,2.36702586423505,2.9679932165890928,3.211372997611761,0,147
final_hybrid,2026086180,2,3,-19.0,4.0,0,0,1,11,0,0,0,0.10810810810810811,37,2.298174048396381,2.7180046774446964,2.7407496236264706,0,74
final_hybrid,2026086180,3,3,-8.0,2.5,0,0,0,0,0,0,0,0.02531645569620253,79,2.3045463817594927,2.7988176327198744,2.8554266318678856,0,158
final_hybrid,2026086181,0,0,-8.0,2.5,0,0,0,0,0,0,0,0.0,54,2.379343827703485,2.8064586455002427,2.9051327146589756,0,108
final_hybrid,2026086181,1,0,-8.0,2.5,0,0,0,0,0,0,0,0.0,51,2.3638884007346395,2.8377792332321405,3.3430559560656548,0,102
final_hybrid,2026086181,2,0,-8.0,2.5,0,0,0,0,0,0,0,0.0,29,2.301798764102418,2.7671275660395622,2.7839159592986107,0,58
final_hybrid,2026086181,3,0,-19.0,3.0,0,0,0,0,0,0,0,0.0,74,2.307227806414704,2.837760653346777,2.873647026717663,0,149
final_hybrid,2026086182,0,2,-17.0,3.0,0,0,0,0,0,0,0,0.025,80,2.3197990958578885,2.6288591558113694,2.745558973401785,0,161
final_hybrid,2026086182,1,2,32.0,1.0,1,0,0,0,0,0,0,0.031746031746031744,63,2.2906258051830624,2.6406715158373117,2.705745864659548,0,126
final_hybrid,2026086182,2,2,-8.0,2.5,0,0,0,0,0,0,0,0.0,78,2.377527658469402,3.073223610408604,3.20018595084548,0,156
final_hybrid,2026086182,3,2,-8.0,2.5,0,0,0,0,0,0,0,0.0,17,2.253213952131131,2.75580994784832,2.787889912724495,0,34
final_hybrid,2026086183,0,0,45.0,1.0,1,0,0,0,0,0,0,0.013888888888888888,72,2.375138917058292,2.7916792081668973,2.843269146978855,0,144
final_hybrid,2026086183,1,0,-29.0,4.0,0,0,1,21,0,0,0,0.0,72,2.372673719138321,2.870804024860263,2.897587139159441,0,144
final_hybrid,2026086183,2,0,-8.0,2.5,0,0,0,0,0,0,0,0.037037037037037035,54,2.3258449595973447,2.8065254213288426,3.4840870648622513,0,108
final_hybrid,2026086183,3,0,-29.0,4.0,0,0,1,21,0,0,0,0.0,57,2.3772023095373522,2.9759588651359077,3.4505189396440983,0,114
final_hybrid,2026086184,0,0,-17.0,3.0,0,0,0,0,0,0,0,0.0392156862745098,51,2.312981569226466,2.659524790942669,2.7663069777190685,0,103
final_hybrid,2026086184,1,0,-17.0,3.0,0,0,0,0,0,0,0,0.020833333333333332,48,2.3367958104548356,2.773965452797711,3.100668080151081,0,97
final_hybrid,2026086184,2,0,-17.0,3.0,0,0,0,0,0,0,0,0.0625,48,2.350829279748723,2.731113159097731,3.638151101768017,0,97
final_hybrid,2026086184,3,0,-8.0,2.5,0,0,0,0,0,0,0,0.01818181818181818,55,2.295901660214771,2.7582837734371424,2.839169930666685,0,110
final_hybrid,2026086185,0,1,-8.0,2.5,0,0,0,0,0,0,0,0.05555555555555555,54,2.320448229848235,2.6725043077021837,2.760146278887987,0,108
final_hybrid,2026086185,1,1,-8.0,2.5,0,0,0,0,0,0,0,0.018518518518518517,54,2.347629612173747,2.8736342675983906,2.887265756726265,0,108
final_hybrid,2026086185,2,1,32.0,1.0,1,0,0,0,0,0,0,0.0,54,2.3648925987934626,3.0044056475162506,3.0615050345659256,0,108
final_hybrid,2026086185,3,1,-16.0,4.0,0,0,1,8,0,0,0,0.0,54,2.3435698735907122,3.0072523979470134,3.0496479012072086,0,108
final_hybrid,2026086186,0,0,-17.0,4.0,0,0,1,9,0,0,0,0.020833333333333332,48,2.3572612068771073,2.8097467496991158,2.9211840592324734,0,96
final_hybrid,2026086186,1,0,41.0,1.0,1,0,0,0,0,0,0,0.07142857142857142,42,2.260939750288214,2.5361794978380203,2.7016103267669678,0,84
final_hybrid,2026086186,2,0,57.0,1.0,1,1,0,0,0,0,0,0.05660377358490566,53,2.274771730573672,2.656196616590023,3.237050026655197,0,106
final_hybrid,2026086186,3,0,-19.0,3.0,0,0,0,0,0,0,0,0.03636363636363636,55,2.296619921584021,2.7414336800575256,2.819668035954237,0,111
final_hybrid,2026086187,0,1,36.0,1.0,1,0,0,0,0,0,0,0.022727272727272728,44,2.3866537217558785,2.802451280876994,2.822411246597767,0,87
final_hybrid,2026086187,1,1,-17.0,3.0,0,0,0,0,0,0,0,0.034482758620689655,58,2.3098947512435504,2.7338501531630754,2.7565201744437218,0,118
final_hybrid,2026086187,2,1,-8.0,2.5,0,0,0,0,0,0,0,0.018867924528301886,53,2.327585223851339,2.911082189530134,3.448733128607273,0,107
final_hybrid,2026086187,3,1,-22.0,4.0,0,0,1,14,0,0,0,0.024390243902439025,41,2.3028910182779883,2.804927993565798,2.8079207986593246,0,83
final_hybrid,2026086188,0,2,-8.0,2.5,0,0,0,0,0,0,0,0.0,32,2.3912789183668792,2.845166018232703,2.8855768032372,0,64
final_hybrid,2026086188,1,2,-8.0,2.5,0,0,0,0,0,0,0,0.0,32,2.3266938515007496,2.797675831243396,2.8390339575707912,0,64
final_hybrid,2026086188,2,2,36.0,1.0,1,0,0,0,0,0,0,0.03125,32,2.331081559532322,2.8780381428077817,2.8837518766522408,0,64
final_hybrid,2026086188,3,2,-20.0,4.0,0,0,1,12,0,0,0,0.0625,32,2.3144244187278673,2.8593080351129174,2.9117921367287636,0,64
final_hybrid,2026086189,0,3,-17.0,3.0,0,0,0,0,0,0,0,0.0,54,2.3938267646978297,2.766273310407996,2.845131792128086,0,109
final_hybrid,2026086189,1,3,-17.0,3.0,0,0,0,0,0,0,0,0.02,50,2.3408038448542356,2.8103017015382648,3.247540909796953,0,101
final_hybrid,2026086189,2,3,32.0,1.0,1,0,0,0,0,0,0,0.02702702702702703,37,2.311149662410891,2.831002976745367,2.8391070663928986,0,74
final_hybrid,2026086189,3,3,-17.0,3.0,0,0,0,0,0,0,0,0.0,50,2.30341968126595,2.7963232016190886,2.853622194379568,0,101
final_hybrid,2026086190,0,0,-18.0,3.0,0,0,0,0,0,0,0,0.027777777777777776,36,2.4007719217075243,2.846554503776133,2.857268787920475,0,73
final_hybrid,2026086190,1,0,54.0,1.0,1,1,0,0,0,0,0,0.05405405405405406,37,2.30466977164552,2.7677170000970364,2.8276480734348297,0,73
final_hybrid,2026086190,2,0,-18.0,3.0,0,0,0,0,0,0,0,0.027777777777777776,36,2.279490348882973,2.699908218346536,2.706303261220455,0,73
final_hybrid,2026086190,3,0,-18.0,3.0,0,0,0,0,0,0,0,0.0,36,2.3277903027418585,2.8024299535900354,2.814384177327156,0,73
final_hybrid,2026086191,0,3,-16.0,4.0,0,0,1,8,0,0,0,0.028985507246376812,69,2.3387434311966966,2.7088037692010403,3.0303318053483963,0,138
final_hybrid,2026086191,1,3,60.0,1.0,1,1,0,0,0,0,0,0.02702702702702703,74,2.282555271695192,2.6058332063257694,2.631246577948332,0,147
final_hybrid,2026086191,2,3,0.0,2.5,0,0,0,0,0,1,0,0.0,84,2.325559095923035,2.789378655143082,2.8448631055653095,0,168
final_hybrid,2026086191,3,3,-20.0,3.0,0,0,0,0,0,0,0,0.013513513513513514,74,2.306711035654754,2.75596771389246,2.8011579997837543,0,148
final_hybrid,2026086192,0,1,-8.0,2.5,0,0,0,0,0,0,0,0.0,57,2.3790659105176464,2.7700447477400303,2.7871811762452126,0,114
final_hybrid,2026086192,1,1,33.0,1.0,1,0,0,0,0,0,0,0.0,46,2.344564980138903,2.8807210037484765,2.8978893533349037,0,92
final_hybrid,2026086192,2,1,-16.0,4.0,0,0,1,8,0,0,0,0.02564102564102564,78,2.268961045700006,2.6834818534553047,3.2131471671164036,0,156
final_hybrid,2026086192,3,1,32.0,1.0,1,0,0,0,0,0,0,0.02564102564102564,78,2.304839179254113,2.756535215303302,3.339010290801525,0,156
final_hybrid,2026086193,0,1,-8.0,2.5,0,0,0,0,0,0,0,0.0,50,2.35713011585176,2.7237365255132318,2.7849823236465454,0,100
final_hybrid,2026086193,1,1,-19.0,4.0,0,0,1,11,0,0,0,0.0,50,2.3435023799538612,2.7591511607170105,3.3700652420520782,0,100
final_hybrid,2026086193,2,1,-8.0,2.5,0,0,0,0,0,0,0,0.017543859649122806,57,2.3010682657753168,2.7629561722278595,2.887694165110588,0,114
final_hybrid,2026086193,3,1,-8.0,2.5,0,0,0,0,0,0,0,0.0,50,2.292810259386897,2.74545312859118,2.7648909017443657,0,100
final_hybrid,2026086194,0,2,46.0,1.0,1,0,0,0,0,0,0,0.0,54,2.4329294036659928,3.0349675798788667,3.29875061288476,0,108
final_hybrid,2026086194,1,2,-8.0,2.5,0,0,0,0,0,0,0,0.02666666666666667,75,2.3276419254640737,2.7995279990136623,3.047042991966009,0,150
final_hybrid,2026086194,2,2,-16.0,3.0,0,0,0,0,0,0,0,0.0,65,2.315292557558188,2.799674030393362,2.869773656129837,0,131
final_hybrid,2026086194,3,2,-8.0,2.5,0,0,0,0,0,0,0,0.0,53,2.3322315921760954,2.8132684528827667,3.3350088633596897,0,106
final_hybrid,2026086195,0,1,41.0,1.0,1,0,0,0,0,0,0,0.0,28,2.3567195582602705,2.815308514982462,2.834622748196125,0,56
final_hybrid,2026086195,1,1,-22.0,3.0,0,0,0,0,0,0,0,0.0,36,2.329793111938569,2.7265542885288596,2.7819648385047913,0,73
final_hybrid,2026086195,2,1,-8.0,2.5,0,0,0,0,0,0,0,0.02564102564102564,39,2.3091968793708544,2.7597781270742416,2.807757817208767,0,78
final_hybrid,2026086195,3,1,-19.0,3.0,0,0,0,0,0,0,0,0.0,44,2.337327121164311,2.8511603828519583,2.8856988064944744,0,89
final_hybrid,2026086196,0,0,33.0,1.0,1,0,0,0,0,0,0,0.057692307692307696,52,2.318796827099644,2.6505413465201846,2.863348927348852,0,104
final_hybrid,2026086196,1,0,-8.0,2.5,0,0,0,0,0,0,0,0.0,53,2.351987166857382,2.857244201004505,3.0011581256985664,0,106
final_hybrid,2026086196,2,0,-8.0,2.5,0,0,0,0,0,0,0,0.018867924528301886,53,2.309264861187845,2.7986859902739525,2.858345862478018,0,106
final_hybrid,2026086196,3,0,-42.0,4.0,0,0,1,34,1,0,0,0.03773584905660377,53,2.25539791907342,2.5785272009670734,2.7411188930273056,0,106
final_hybrid,2026086197,0,1,-30.0,3.0,0,0,0,0,0,0,0,0.0967741935483871,31,2.3228535128216588,2.613726304844022,2.803653944283724,0,63
final_hybrid,2026086197,1,1,90.0,1.0,1,1,0,0,0,0,0,0.03125,32,2.3452733730664477,2.8306097257882357,2.860412932932377,0,63
final_hybrid,2026086197,2,1,-30.0,3.0,0,0,0,0,0,0,0,0.0,29,2.3270438039868044,2.867654152214527,2.9758280143141747,0,59
final_hybrid,2026086197,3,1,-30.0,3.0,0,0,0,0,0,0,0,0.03225806451612903,31,2.316877576372316,2.8145494870841503,3.0433163046836853,0,63
final_hybrid,2026086198,0,1,48.0,1.0,1,0,0,0,0,0,0,0.0,48,2.3373096191789955,2.7143217623233795,2.822780981659889,0,96
final_hybrid,2026086198,1,1,33.0,1.0,1,0,0,0,0,0,0,0.043478260869565216,23,2.3388038186923317,2.8401962481439114,2.871481701731682,0,46
final_hybrid,2026086198,2,1,-8.0,2.5,0,0,0,0,0,0,0,0.020833333333333332,48,2.3203882835029312,2.7941528474912047,2.859746105968952,0,96
final_hybrid,2026086198,3,1,-32.0,4.0,0,0,1,24,0,0,0,0.018518518518518517,54,2.294610918465036,2.7619564207270737,2.8816801495850086,0,108
final_hybrid,2026086199,0,0,-8.0,2.5,0,0,0,0,0,0,0,0.02631578947368421,38,2.3294023213613975,2.784257521852851,2.800248097628355,0,76
final_hybrid,2026086199,1,0,-21.0,4.0,0,0,1,13,0,0,0,0.12121212121212122,33,2.317455540778059,2.729924116283655,2.7564577758312225,0,66
final_hybrid,2026086199,2,0,57.0,1.0,1,1,0,0,0,0,0,0.058823529411764705,34,2.260505098520833,2.602082025259733,2.6590777561068535,0,67
final_hybrid,2026086199,3,0,-8.0,2.5,0,0,0,0,0,0,0,0.0,38,2.3120984949759746,2.877570246346295,2.9125739820301533,0,76
final_hybrid,2026086200,0,0,-18.0,4.0,0,0,1,10,0,0,0,0.0,39,2.3731197564838786,2.7754931710660458,2.7908189222216606,0,78
final_hybrid,2026086200,1,0,-20.0,3.0,0,0,0,0,0,0,0,0.01282051282051282,78,2.340180859065209,2.8219352941960096,2.948477864265442,0,157
final_hybrid,2026086200,2,0,-20.0,3.0,0,0,0,0,0,0,0,0.013157894736842105,76,2.3148694982458102,2.7725534746423364,2.8029978275299072,0,153
final_hybrid,2026086200,3,0,60.0,1.0,1,1,0,0,0,0,0,0.038461538461538464,78,2.284016949721636,2.6942711090669036,2.7565821073949337,0,155
final_hybrid,2026086201,0,1,0.0,2.5,0,0,0,0,0,1,0,0.0,87,2.4695944619076005,3.1365645583719015,3.599036019295454,0,174
final_hybrid,2026086201,1,1,-16.0,3.0,0,0,0,0,0,0,0,0.03508771929824561,57,2.375469191751459,2.965185791254043,3.627548925578594,0,115
final_hybrid,2026086201,2,1,-27.0,4.0,0,0,1,19,0,0,0,0.02702702702702703,74,2.275286934565048,2.627422590740025,2.8880839236080647,0,148
final_hybrid,2026086201,3,1,-19.0,4.0,0,0,1,11,0,0,0,0.014084507042253521,71,2.3322253369949233,2.7911413926631212,3.374730236828327,0,142
final_hybrid,2026086202,0,0,-17.0,4.0,0,0,1,9,0,0,0,0.028985507246376812,69,2.3436019521044646,2.706743311136961,2.7832291088998318,0,138
final_hybrid,2026086202,1,0,54.0,1.0,1,1,0,0,0,0,0,0.016129032258064516,62,2.314561993003853,2.7505705365911126,2.7951649390161037,0,123
final_hybrid,2026086202,2,0,36.0,1.0,1,0,0,0,0,0,0,0.017857142857142856,56,2.3239821644632945,2.755722380243242,3.0875857919454575,0,112
final_hybrid,2026086202,3,0,-8.0,2.5,0,0,0,0,0,0,0,0.0,57,2.3204849199636985,2.8274076990783215,2.875514328479767,0,114
final_hybrid,2026086203,0,2,-8.0,2.5,0,0,0,0,0,0,0,0.046511627906976744,43,2.3548079459646414,2.7852222323417664,2.82548600807786,0,86
final_hybrid,2026086203,1,2,36.0,1.0,1,0,0,0,0,0,0,0.0,48,2.3373514704871923,2.833271841518581,2.847234718501568,0,96
final_hybrid,2026086203,2,2,-8.0,2.5,0,0,0,0,0,0,0,0.041666666666666664,48,2.26998501845325,2.629185072146356,2.7465359307825565,0,96
final_hybrid,2026086203,3,2,-20.0,4.0,0,0,1,12,0,0,0,0.0,40,2.3148168344050646,2.8379740193486214,2.8592338785529137,0,80
final_hybrid,2026086204,0,3,54.0,1.0,1,1,0,0,0,0,0,0.03571428571428571,56,2.353163394478283,2.7874825755134225,2.9110959731042385,0,111
final_hybrid,2026086204,1,3,-16.0,4.0,0,0,1,8,0,0,0,0.05405405405405406,37,2.3257772916474857,2.715342305600643,2.723687794059515,0,74
final_hybrid,2026086204,2,3,-17.0,4.0,0,0,1,9,0,0,0,0.07317073170731707,41,2.250746891992848,2.5612120516598225,2.5954307056963444,0,82
final_hybrid,2026086204,3,3,-8.0,2.5,0,0,0,0,0,0,0,0.08,25,2.2504820488393307,2.6222003623843193,2.75190407410264,0,50
final_hybrid,2026086205,0,2,-8.0,2.5,0,0,0,0,0,0,0,0.0,42,2.36283128504597,2.7872906299307942,2.8924522921442986,0,84
final_hybrid,2026086205,1,2,-8.0,2.5,0,0,0,0,0,0,0,0.021739130434782608,46,2.3036085615825392,2.7051253709942102,2.7332031168043613,0,92
final_hybrid,2026086205,2,2,-28.0,4.0,0,0,1,20,0,0,0,0.021739130434782608,46,2.2969645063352324,2.7012221980839968,2.77919415384531,0,92
final_hybrid,2026086205,3,2,44.0,1.0,1,0,0,0,0,0,0,0.021739130434782608,46,2.3381012471635705,2.93961470015347,2.998183947056532,0,92
final_hybrid,2026086206,0,0,-20.0,3.0,0,0,0,0,0,0,0,0.0,54,2.436417706862644,3.0620446195825934,3.134006168693304,0,109
final_hybrid,2026086206,1,0,-8.0,2.5,0,0,0,0,0,0,0,0.025,40,2.3234777385368943,2.7836402412503958,2.9457169584929943,0,80
final_hybrid,2026086206,2,0,51.0,1.0,1,1,0,0,0,0,0,0.0,55,2.355005041780797,2.974241692572832,3.0307690612971783,0,109
final_hybrid,2026086206,3,0,0.0,2.5,0,0,0,0,0,1,1,0.023809523809523808,84,2.3026785014995506,2.793379151262343,2.8308997862040997,0,168
final_hybrid,2026086207,0,3,-8.0,2.5,0,0,0,0,0,0,0,0.017543859649122806,57,2.3388797335588096,2.6685046032071114,2.7771522291004658,0,114
final_hybrid,2026086207,1,3,32.0,1.0,1,0,0,0,0,0,0,0.05357142857142857,56,2.3104321943329915,2.714508445933461,2.741095144301653,0,111
final_hybrid,2026086207,2,3,-18.0,4.0,0,0,1,10,0,0,0,0.05357142857142857,56,2.289153918224786,2.738252514973283,2.8959009796380997,0,112
final_hybrid,2026086207,3,3,33.0,1.0,1,0,0,0,0,0,0,0.057692307692307696,52,2.2655390113448868,2.6346619240939617,2.815085928887129,0,104
final_hybrid,2026086208,0,0,36.0,1.0,1,0,0,0,0,0,0,0.06976744186046512,43,2.302903952726791,2.615136466920376,2.807771787047386,0,86
final_hybrid,2026086208,1,0,-8.0,2.5,0,0,0,0,0,0,0,0.023255813953488372,43,2.335005970455186,2.7997969649732113,2.8420239686965942,0,86
final_hybrid,2026086208,2,0,-20.0,4.0,0,0,1,12,0,0,0,0.0,39,2.35257409990598,2.9491367749869823,3.0101947486400604,0,78
final_hybrid,2026086208,3,0,-22.0,3.0,0,0,0,0,0,0,0,0.0,69,2.340170446837294,2.9260499402880664,3.480446059256792,0,139
final_hybrid,2026086209,0,3,-22.0,3.0,0,0,0,0,0,0,0,0.02,50,2.359192166477442,2.752331434749067,2.785302232950926,0,101
final_hybrid,2026086209,1,3,-22.0,3.0,0,0,0,0,0,0,0,0.020833333333333332,48,2.339741011383012,2.7314580511301756,2.748955972492695,0,97
final_hybrid,2026086209,2,3,66.0,1.0,1,1,0,0,0,0,0,0.0,51,2.335758834127702,2.9384763911366463,2.9867119155824184,0,101
final_hybrid,2026086209,3,3,-22.0,3.0,0,0,0,0,0,0,0,0.02,50,2.2942600399255753,2.7280170703306794,2.985600847750902,0,101
final_hybrid,2026086210,0,2,-8.0,2.5,0,0,0,0,0,0,0,0.0,49,2.4264882774833514,2.9658361338078976,2.9941671527922153,0,98
final_hybrid,2026086210,1,2,-19.0,4.0,0,0,1,11,0,0,0,0.0196078431372549,51,2.339898179486102,2.7763941325247288,2.784492913633585,0,102
final_hybrid,2026086210,2,2,-8.0,2.5,0,0,0,0,0,0,0,0.0196078431372549,51,2.314242388249612,2.8211039025336504,2.843390218913555,0,102
final_hybrid,2026086210,3,2,35.0,1.0,1,0,0,0,0,0,0,0.0196078431372549,51,2.2949750498667654,2.732199849560857,3.282839898020029,0,102
final_hybrid,2026086211,0,2,0.0,2.5,0,0,0,0,0,1,0,0.0,84,2.4235237312192717,2.9571142978966236,3.0146287754178047,0,168
final_hybrid,2026086211,1,2,0.0,2.5,0,0,0,0,0,1,0,0.0,84,2.3574230837680044,2.8607756830751896,2.9278546571731567,0,168
final_hybrid,2026086211,2,2,0.0,2.5,0,0,0,0,0,1,1,0.023809523809523808,84,2.291745035022142,2.6786153437569737,2.777616959065199,0,168
final_hybrid,2026086211,3,2,-8.0,2.5,0,0,0,0,0,0,0,0.012658227848101266,79,2.31686367688677,2.8269698843359947,3.188340924680233,0,158
final_hybrid,2026086212,0,1,-34.0,3.0,0,0,0,0,0,0,0,0.0,29,2.4117429034206372,2.878246083855629,3.362275194376707,0,59
final_hybrid,2026086212,1,1,102.0,1.0,1,1,0,0,0,0,0,0.0,30,2.3140219195435443,2.7005466166883707,2.727443352341652,0,59
final_hybrid,2026086212,2,1,-34.0,3.0,0,0,0,0,0,0,0,0.0,29,2.3344382643699646,2.7887314558029175,3.453047014772892,0,59
final_hybrid,2026086212,3,1,-34.0,3.0,0,0,0,0,0,0,0,0.0,29,2.314224999783368,2.7882644906640053,2.79800733551383,0,59
final_hybrid,2026086213,0,2,36.0,1.0,1,0,0,0,0,0,0,0.02631578947368421,38,2.387213581976922,2.845796779729426,3.3747628331184387,0,76
final_hybrid,2026086213,1,2,33.0,1.0,1,0,0,0,0,0,0,0.023255813953488372,43,2.3612292959939603,2.877421537414193,2.9144510626792908,0,86
final_hybrid,2026086213,2,2,33.0,1.0,1,0,0,0,0,0,0,0.0,42,2.351647475734353,2.9796534683555365,3.0828588642179966,0,84
final_hybrid,2026086213,3,2,46.0,1.0,1,0,0,0,0,0,0,0.023809523809523808,42,2.2990128712817315,2.8363316552713513,2.862440887838602,0,84
final_hybrid,2026086214,0,2,-19.0,4.0,0,0,1,11,0,0,0,0.03636363636363636,55,2.369073312729597,2.776710782200098,2.8263800777494907,0,110
final_hybrid,2026086214,1,2,-18.0,4.0,0,0,1,10,0,0,0,0.02127659574468085,47,2.3349892011189715,2.7499950490891933,2.8046113438904285,0,94
final_hybrid,2026086214,2,2,48.0,1.0,1,1,0,0,0,0,0,0.02040816326530612,49,2.316325760389469,2.8566961176693435,2.92004831135273,0,97
final_hybrid,2026086214,3,2,-8.0,2.5,0,0,0,0,0,0,0,0.01818181818181818,55,2.3487941023300993,2.932121092453599,3.3515957184135914,0,110
final_hybrid,2026086215,0,2,0.0,2.5,0,0,0,0,0,1,0,0.022988505747126436,87,2.3378470976804864,2.6749429292976856,2.8245821595191956,0,174
final_hybrid,2026086215,1,2,-8.0,2.5,0,0,0,0,0,0,0,0.02857142857142857,35,2.3176054204148904,2.696594502776861,2.735817339271307,0,70
final_hybrid,2026086215,2,2,-8.0,2.5,0,0,0,0,0,0,0,0.013888888888888888,72,2.309188951686439,2.7992045739665627,2.861863002181053,0,144
final_hybrid,2026086215,3,2,-20.0,4.0,0,0,1,12,0,0,0,0.0,60,2.339055691845715,2.888982091099024,3.576975781470537,0,120
final_hybrid,2026086216,0,3,-8.0,2.5,0,0,0,0,0,0,0,0.03571428571428571,28,2.341692618626569,2.667056885547936,2.850273624062538,0,56
final_hybrid,2026086216,1,3,-8.0,2.5,0,0,0,0,0,0,0,0.03125,32,2.350356735405512,2.8719414258375764,2.9107490554451942,0,64
final_hybrid,2026086216,2,3,49.0,1.0,1,0,0,0,0,0,0,0.0,28,2.2972670683105076,2.717600017786026,2.745412290096283,0,56
final_hybrid,2026086216,3,3,-33.0,4.0,0,0,1,25,0,0,0,0.0,28,2.3123578368020907,2.7960364241153,2.819530200213194,0,56
final_hybrid,2026086217,0,0,-18.0,4.0,0,0,1,10,0,0,0,0.022727272727272728,44,2.3508739488368686,2.708110655657947,2.7943290770053864,0,88
final_hybrid,2026086217,1,0,34.0,1.0,1,0,0,0,0,0,0,0.045454545454545456,44,2.2859656865793196,2.599598653614521,2.614078111946583,0,88
final_hybrid,2026086217,2,0,-8.0,2.5,0,0,0,0,0,0,0,0.0,86,2.347531501030506,2.9737002914771438,3.4094159491360188,0,172
final_hybrid,2026086217,3,0,-8.0,2.5,0,0,0,0,0,0,0,0.06818181818181818,44,2.254355868155306,2.6211932534351945,2.6273378171026707,0,88
final_hybrid,2026086218,0,2,32.0,1.0,1,0,0,0,0,0,0,0.0,46,2.4136637195782815,2.9947757720947266,3.037594724446535,0,92
final_hybrid,2026086218,1,2,-8.0,2.5,0,0,0,0,0,0,0,0.021739130434782608,46,2.3164337338960688,2.7420021360740066,2.7786330319941044,0,92
final_hybrid,2026086218,2,2,-16.0,4.0,0,0,1,8,0,0,0,0.021739130434782608,46,2.2867796031515235,2.743955934420228,2.7679107151925564,0,92
final_hybrid,2026086218,3,2,-8.0,2.5,0,0,0,0,0,0,0,0.0,61,2.2965107708558685,2.7304356917738914,2.798072062432766,0,122
final_hybrid,2026086219,0,1,-17.0,4.0,0,0,1,9,0,0,0,0.024390243902439025,41,2.365339149879973,2.724885940551758,2.804907038807869,0,82
final_hybrid,2026086219,1,1,33.0,1.0,1,0,0,0,0,0,0,0.07317073170731707,41,2.296902262037847,2.717199269682169,2.75337602943182,0,82
final_hybrid,2026086219,2,1,-17.0,4.0,0,0,1,9,0,0,0,0.05128205128205128,39,2.324347658894765,2.8564032167196274,2.8865733183920383,0,78
final_hybrid,2026086219,3,1,-8.0,2.5,0,0,0,0,0,0,0,0.0,41,2.322641984991184,2.8943540528416634,2.9640309512615204,0,82
final_hybrid,2026086220,0,0,-21.0,4.0,0,0,1,13,0,0,0,0.046875,64,2.353163668885827,2.730340114794671,3.0151819810271263,0,128
final_hybrid,2026086220,1,0,-8.0,2.5,0,0,0,0,0,0,0,0.0,64,2.395988456555642,3.0669667525216937,3.1069680117070675,0,128
final_hybrid,2026086220,2,0,-8.0,2.5,0,0,0,0,0,0,0,0.028985507246376812,69,2.288640699470821,2.738245390355587,3.1954809091985226,0,138
final_hybrid,2026086220,3,0,-21.0,4.0,0,0,1,13,0,0,0,0.021739130434782608,46,2.339865384704393,2.882740693166852,2.9130601324141026,0,92
final_hybrid,2026086221,0,2,36.0,1.0,1,0,0,0,0,0,0,0.03571428571428571,56,2.34217122696074,2.8011726681143045,2.845495007932186,0,112
final_hybrid,2026086221,1,2,-8.0,2.5,0,0,0,0,0,0,0,0.047619047619047616,42,2.323800132476858,2.72658159956336,2.758242189884186,0,84
final_hybrid,2026086221,2,2,-17.0,4.0,0,0,1,9,0,0,0,0.045454545454545456,44,2.288746965033087,2.7132882038131356,2.728603780269623,0,88
final_hybrid,2026086221,3,2,-8.0,2.5,0,0,0,0,0,0,0,0.017857142857142856,56,2.2568812211310223,2.6560176629573107,2.705083228647709,0,112
final_hybrid,2026086222,0,1,-8.0,2.5,0,0,0,0,0,0,0,0.017241379310344827,58,2.3557482014313855,2.771745645441115,2.827695105224848,0,116
final_hybrid,2026086222,1,1,-8.0,2.5,0,0,0,0,0,0,0,0.022222222222222223,45,2.3064702542291746,2.7437676675617695,2.8204969130456448,0,90
final_hybrid,2026086222,2,1,-16.0,4.0,0,0,1,8,0,0,0,0.034482758620689655,58,2.2717858343545734,2.6003279257565737,2.6565175503492355,0,116
final_hybrid,2026086222,3,1,-8.0,2.5,0,0,0,0,0,0,0,0.044444444444444446,45,2.3101971277760134,2.7917498722672462,2.840558998286724,0,90
final_hybrid,2026086223,0,2,33.0,1.0,1,0,0,0,0,0,0,0.08333333333333333,48,2.3103299123855927,2.653123694472015,2.771486062556505,0,96
final_hybrid,2026086223,1,2,-8.0,2.5,0,0,0,0,0,0,0,0.022988505747126436,87,2.322090720094141,2.7217856142669916,3.171321004629135,0,174
final_hybrid,2026086223,2,2,37.0,1.0,1,0,0,0,0,0,0,0.012658227848101266,79,2.342565138411673,2.8857758734375234,3.0378508381545544,0,158
final_hybrid,2026086223,3,2,-20.0,4.0,0,0,1,12,0,0,0,0.0,55,2.342866293408654,2.8859435580670834,2.9080891981720924,0,110
final_hybrid,2026086224,0,1,-32.0,4.0,0,0,1,24,0,0,0,0.029411764705882353,34,2.3403519435840496,2.655751793645322,2.74974899366498,0,68
final_hybrid,2026086224,1,1,37.0,1.0,1,0,0,0,0,0,0,0.013888888888888888,72,2.3645118344575167,2.9273637803271413,2.9659252613782883,0,144
final_hybrid,2026086224,2,1,-8.0,2.5,0,0,0,0,0,0,0,0.0,72,2.320846290482829,2.777619194239378,2.826209180057049,0,144
final_hybrid,2026086224,3,1,69.0,1.0,1,1,0,0,0,0,0,0.0,51,2.3286364534321953,2.927229041233659,2.989129163324833,0,101
final_hybrid,2026086225,0,0,-22.0,3.0,0,0,0,0,0,0,0,0.038461538461538464,52,2.3654873948544264,2.733495947904885,2.7739875949919224,0,104
final_hybrid,2026086225,1,0,66.0,1.0,1,1,0,0,0,0,0,0.06,50,2.2912476770579815,2.714318106882274,2.7297469787299633,0,100
final_hybrid,2026086225,2,0,-28.0,3.0,0,0,0,0,0,0,0,0.029850746268656716,67,2.2792200933196654,2.658605994656682,2.752855885773897,0,135
final_hybrid,2026086225,3,0,-22.0,3.0,0,0,0,0,0,0,0,0.0,49,2.310234530619821,2.804515417665243,2.929089590907097,0,100
final_hybrid,2026086226,0,2,-8.0,2.5,0,0,0,0,0,0,0,0.06896551724137931,29,2.3605189575203536,2.775898016989231,2.856890205293894,0,58
final_hybrid,2026086226,1,2,0.0,2.5,0,0,0,0,0,1,0,0.0,85,2.36276837394518,2.8908859938383102,3.3071311190724373,0,170
final_hybrid,2026086226,2,2,35.0,1.0,1,0,0,0,0,0,0,0.043478260869565216,46,2.2890366937803184,2.7700694045051932,2.848070114850998,0,92
final_hybrid,2026086226,3,2,51.0,1.0,1,1,0,0,0,0,0,0.03225806451612903,62,2.2753326657919155,2.8056099079549313,2.868227194994688,0,123
final_hybrid,2026086227,0,1,-8.0,2.5,0,0,0,0,0,0,0,0.02631578947368421,38,2.349481966934706,2.7803166769444942,2.8165229596197605,0,76
final_hybrid,2026086227,1,1,-17.0,4.0,0,0,1,9,0,0,0,0.02631578947368421,38,2.32796766795218,2.7930308366194367,2.8340821154415607,0,76
final_hybrid,2026086227,2,1,-8.0,2.5,0,0,0,0,0,0,0,0.0,38,2.2979115234001686,2.8252837946638465,2.83602112904191,0,76
final_hybrid,2026086227,3,1,32.0,1.0,1,0,0,0,0,0,0,0.03333333333333333,30,2.289805825178822,2.8663981007412076,2.904397901147604,0,60
final_hybrid,2026086228,0,2,-32.0,3.0,0,0,0,0,0,0,0,0.018518518518518517,54,2.359223991839422,2.8060578973963857,2.9890546575188637,0,109
final_hybrid,2026086228,1,2,34.0,1.0,1,0,0,0,0,0,0,0.0392156862745098,51,2.265273821631483,2.5632712058722973,2.58831400424242,0,102
final_hybrid,2026086228,2,2,-30.0,3.0,0,0,0,0,0,0,0,0.015873015873015872,63,2.3025497941980286,2.747478662058711,2.7872538194060326,0,127
final_hybrid,2026086228,3,2,-8.0,2.5,0,0,0,0,0,0,0,0.058823529411764705,51,2.241646715750297,2.601466840133071,2.711179666221142,0,102
final_hybrid,2026086229,0,2,-23.0,3.0,0,0,0,0,0,0,0,0.0,38,2.3797978034341023,2.831478789448738,2.881655003875494,0,77
final_hybrid,2026086229,1,2,-23.0,3.0,0,0,0,0,0,0,0,0.05263157894736842,38,2.2778701968491077,2.6494298595935106,2.7632731944322586,0,77
final_hybrid,2026086229,2,2,-23.0,3.0,0,0,0,0,0,0,0,0.02631578947368421,38,2.3448148276656866,2.8926373925060034,2.909192815423012,0,77
final_hybrid,2026086229,3,2,69.0,1.0,1,1,0,0,0,0,0,0.0,39,2.307434685719319,2.8450150042772293,2.9264590702950954,0,77
final_hybrid,2026086230,0,0,-8.0,2.5,0,0,0,0,0,0,0,0.05063291139240506,79,2.304464219067293,2.5679430924355984,3.465014975517988,0,158
final_hybrid,2026086230,1,0,-8.0,2.5,0,0,0,0,0,0,0,0.038461538461538464,52,2.2991103693269768,2.6805363362655044,3.126686904579401,0,104
final_hybrid,2026086230,2,0,-8.0,2.5,0,0,0,0,0,0,0,0.0,33,2.3047304712235928,2.8106420300900936,2.8381552547216415,0,66
final_hybrid,2026086230,3,0,36.0,1.0,1,0,0,0,0,0,0,0.0,62,2.296734330875258,2.7479135198518634,2.8266641311347485,0,124
final_hybrid,2026086231,0,1,63.0,1.0,1,1,0,0,0,0,0,0.0,58,2.394259867162026,2.976448251865804,3.103294875472784,0,115
final_hybrid,2026086231,1,1,-8.0,2.5,0,0,0,0,0,0,0,0.017241379310344827,58,2.33106663579057,2.893636701628566,3.197849728167057,0,116
final_hybrid,2026086231,2,1,-8.0,2.5,0,0,0,0,0,0,0,0.043478260869565216,69,2.272080724546011,2.7077424339950085,2.8221411630511284,0,138
final_hybrid,2026086231,3,1,36.0,1.0,1,0,0,0,0,0,0,0.0,43,2.30551814270574,2.791237458586693,2.8347279876470566,0,86
final_hybrid,2026086232,0,2,0.0,2.5,0,0,0,0,0,1,1,0.0,84,2.491036247062896,2.9776221374049783,7.913919631391764,0,168
final_hybrid,2026086232,1,2,-8.0,2.5,0,0,0,0,0,0,0,0.03508771929824561,57,2.3159753825319442,2.7792250737547874,2.818017266690731,0,114
final_hybrid,2026086232,2,2,-18.0,3.0,0,0,0,0,0,0,0,0.017543859649122806,57,2.3058098577485797,2.772867400199175,2.8106640093028545,0,115
final_hybrid,2026086232,3,2,-28.0,3.0,0,0,0,0,0,0,0,0.06521739130434782,46,2.2464322493128153,2.5888471864163876,2.75254063308239,0,93
final_hybrid,2026086233,0,2,54.0,1.0,1,1,0,0,0,0,0,0.0,65,2.3987285148065824,2.9077905230224133,3.0158250592648983,0,129
final_hybrid,2026086233,1,2,33.0,1.0,1,0,0,0,0,0,0,0.013157894736842105,76,2.3221153900713514,2.8001045575365424,2.8607449494302273,0,152
final_hybrid,2026086233,2,2,-16.0,4.0,0,0,1,8,0,0,0,0.046511627906976744,43,2.262203618450913,2.5738366413861513,2.644068095833063,0,86
final_hybrid,2026086233,3,2,0.0,2.5,0,0,0,0,0,1,0,0.024390243902439025,82,2.278036869517187,2.678872481919825,2.721130382269621,0,164
final_hybrid,2026086234,0,3,72.0,1.0,1,1,0,0,0,0,0,0.0,32,2.3825821554055437,2.924200822599232,3.0447826720774174,0,63
final_hybrid,2026086234,1,3,32.0,1.0,1,0,0,0,0,0,0,0.07894736842105263,38,2.290219448408798,2.6184971211478114,2.769735176116228,0,76
final_hybrid,2026086234,2,3,-8.0,2.5,0,0,0,0,0,0,0,0.02631578947368421,38,2.3180418525283275,2.8547912603244185,2.8710272163152695,0,76
final_hybrid,2026086234,3,3,-8.0,2.5,0,0,0,0,0,0,0,0.05555555555555555,36,2.276639803312719,2.7394656790420413,2.749460283666849,0,72
final_hybrid,2026086235,0,3,-8.0,2.5,0,0,0,0,0,0,0,0.018867924528301886,53,2.351624715440678,2.68857479095459,2.814154140651226,0,106
final_hybrid,2026086235,1,3,-8.0,2.5,0,0,0,0,0,0,0,0.0,52,2.345998529702998,2.833789656870067,2.853632904589176,0,104
final_hybrid,2026086235,2,3,43.0,1.0,1,0,0,0,0,0,0,0.030303030303030304,33,2.2684013837892,2.7722911909222603,2.775345928966999,0,66
final_hybrid,2026086235,3,3,45.0,1.0,1,0,0,0,0,0,0,0.07547169811320754,53,2.257104058099805,2.6028781197965145,2.6445123367011547,0,106
final_hybrid,2026086236,0,2,-18.0,3.0,0,0,0,0,0,0,0,0.0,25,2.402024567127228,2.9125479049980636,2.972481306642294,0,51
final_hybrid,2026086236,1,2,54.0,1.0,1,1,0,0,0,0,0,0.0,26,2.342895085278612,2.8034141287207603,2.8355829417705536,0,51
final_hybrid,2026086236,2,2,-18.0,3.0,0,0,0,0,0,0,0,0.0,25,2.3107521422207355,2.8093366883695126,2.8176968917250633,0,51
final_hybrid,2026086236,3,2,-18.0,3.0,0,0,0,0,0,0,0,0.04,25,2.329595647752285,2.788993064314127,3.2058730721473694,0,51
final_hybrid,2026086237,0,2,40.0,1.0,1,0,0,0,0,0,0,0.033707865168539325,89,2.320300170293685,2.620153781026602,2.820541150867939,0,178
final_hybrid,2026086237,1,2,0.0,2.5,0,0,0,0,0,1,1,0.011235955056179775,89,2.3393344050377944,2.831731829792261,2.8842580504715443,0,178
final_hybrid,2026086237,2,2,33.0,1.0,1,0,0,0,0,0,0,0.03225806451612903,62,2.2965347199069877,2.6990737533196807,2.760144881904125,0,124
final_hybrid,2026086237,3,2,36.0,1.0,1,0,0,0,0,0,0,0.0,86,2.3305432242882804,2.8841791208833456,2.9768203385174274,0,172
final_hybrid,2026086238,0,2,-38.0,4.0,0,0,1,30,0,0,0,0.018867924528301886,53,2.607275231056056,3.4500996582210055,4.116972908377647,0,106
final_hybrid,2026086238,1,2,-8.0,2.5,0,0,0,0,0,0,0,0.022727272727272728,44,2.3245788920162753,2.7662456268444657,2.7867681346833706,0,88
final_hybrid,2026086238,2,2,-8.0,2.5,0,0,0,0,0,0,0,0.0,40,2.3863539565354586,2.9275487875565886,3.0528847128152847,0,80
final_hybrid,2026086238,3,2,-16.0,4.0,0,0,1,8,0,0,0,0.05,40,2.3398681078106165,2.8424553573131557,3.0957218259572983,0,80
final_hybrid,2026086239,0,0,-20.0,3.0,0,0,0,0,0,0,0,0.043010752688172046,93,2.352528254030853,2.7301602996885777,3.7987148389220238,0,187
final_hybrid,2026086239,1,0,54.0,1.0,1,1,0,0,0,0,0,0.022727272727272728,88,2.3069618301550774,2.6952784275636077,2.758515067398548,0,175
final_hybrid,2026086239,2,0,45.0,1.0,1,0,0,0,0,0,0,0.041666666666666664,72,2.331060435002049,2.744018379598856,3.6929775960743427,0,144
final_hybrid,2026086239,3,0,0.0,2.5,0,0,0,0,0,1,0,0.022727272727272728,88,2.3467692768793893,2.9208034044131637,2.991192042827606,0,176
final_hybrid,2026086240,0,0,-8.0,2.5,0,0,0,0,0,0,0,0.06976744186046512,43,2.3526107502538105,2.7300407644361258,2.7978289872407913,0,86
final_hybrid,2026086240,1,0,-24.0,4.0,0,0,1,16,0,0,0,0.0,43,2.4411065590589547,3.067932790145278,3.1243800185620785,0,86
final_hybrid,2026086240,2,0,40.0,1.0,1,0,0,0,0,0,0,0.0,42,2.3416869586244937,2.8332301415503025,3.7826579064130783,0,84
final_hybrid,2026086240,3,0,-8.0,2.5,0,0,0,0,0,0,0,0.023255813953488372,43,2.317754844160274,2.7503975201398134,3.580352757126093,0,86
final_hybrid,2026086241,0,1,-8.0,2.5,0,0,0,0,0,0,0,0.06060606060606061,33,2.371530415433826,2.7562583796679974,3.43505572527647,0,66
final_hybrid,2026086241,1,1,-16.0,4.0,0,0,1,8,0,0,0,0.034482758620689655,29,2.29873548358165,2.6957192458212376,2.719650976359844,0,58
final_hybrid,2026086241,2,1,-8.0,2.5,0,0,0,0,0,0,0,0.030303030303030304,33,2.3313601585951718,2.7565200813114643,2.9951450414955616,0,66
final_hybrid,2026086241,3,1,48.0,1.0,1,0,0,0,0,0,0,0.06060606060606061,33,2.2793401484236573,2.811197377741337,2.869176212698221,0,66
final_hybrid,2026086242,0,2,-28.0,4.0,0,0,1,20,0,0,0,0.08571428571428572,35,2.680660850767578,3.1633367761969566,3.259439952671528,0,70
final_hybrid,2026086242,1,2,-29.0,3.0,0,0,0,0,0,0,0,0.05555555555555555,54,2.270189941757255,2.594583691097796,2.7791541069746017,0,109
final_hybrid,2026086242,2,2,44.0,1.0,1,0,0,0,0,0,0,0.030303030303030304,33,2.2918678199251494,2.740114275366068,2.7788979932665825,0,66
final_hybrid,2026086242,3,2,0.0,2.5,0,0,0,0,0,1,1,0.0,85,2.356122384833939,3.0476762913167477,3.3035390079021454,0,170
final_hybrid,2026086243,0,2,-8.0,2.5,0,0,0,0,0,0,0,0.0,42,2.36441116292207,2.8333791298791766,2.869030926376581,0,84
final_hybrid,2026086243,1,2,-20.0,4.0,0,0,1,12,0,0,0,0.043478260869565216,46,2.2914485054333573,2.7257847832515836,2.7489298954606056,0,92
final_hybrid,2026086243,2,2,35.0,1.0,1,0,0,0,0,0,0,0.023809523809523808,42,2.306749744872962,2.8225610265508294,2.9420359060168266,0,84
final_hybrid,2026086243,3,2,-8.0,2.5,0,0,0,0,0,0,0,0.0,42,2.3408746790318262,2.9002399649471045,3.0168257653713226,0,84
final_hybrid,2026086244,0,1,43.0,1.0,1,0,0,0,0,0,0,0.047619047619047616,63,2.3396689710872516,2.6303124148398638,3.7890509702265263,0,126
final_hybrid,2026086244,1,1,-8.0,2.5,0,0,0,0,0,0,0,0.0,63,2.3533846473410014,2.868763729929924,3.481759224087,0,126
final_hybrid,2026086244,2,1,32.0,1.0,1,0,0,0,0,0,0,0.015625,64,2.332855343411211,2.8032039292156696,3.5560252144932747,0,128
final_hybrid,2026086244,3,1,-8.0,2.5,0,0,0,0,0,0,0,0.0,63,2.3240860817687854,2.8844921849668026,2.9439302161335945,0,126
final_hybrid,2026086245,0,3,-17.0,4.0,0,0,1,9,0,0,0,0.02040816326530612,49,2.372548563824016,2.7546961791813374,2.9761367477476597,0,98
final_hybrid,2026086245,1,3,-8.0,2.5,0,0,0,0,0,0,0,0.0,49,2.3618205260409386,2.9390535317361355,3.0005150474607944,0,98
final_hybrid,2026086245,2,3,-8.0,2.5,0,0,0,0,0,0,0,0.02040816326530612,49,2.3324104425098215,2.857790235430002,3.4600431099534035,0,98
final_hybrid,2026086245,3,3,51.0,1.0,1,1,0,0,0,0,0,0.025,80,2.287417621118948,2.7800726471468806,2.9057981446385384,0,159
final_hybrid,2026086246,0,3,-26.0,4.0,0,0,1,18,0,0,0,0.046153846153846156,65,2.388298984330434,2.7851173654198647,4.054107703268528,0,130
final_hybrid,2026086246,1,3,32.0,1.0,1,0,0,0,0,0,0,0.04918032786885246,61,2.2764286850808095,2.5822939351201057,2.7526607736945152,0,122
final_hybrid,2026086246,2,3,33.0,1.0,1,0,0,0,0,0,0,0.04081632653061224,49,2.283752971917999,2.6680704206228256,2.8104539960622787,0,98
final_hybrid,2026086246,3,3,-27.0,3.0,0,0,0,0,0,0,0,0.028985507246376812,69,2.2764673146108785,2.646972518414259,2.804629970341921,0,139
final_hybrid,2026086247,0,2,-8.0,2.5,0,0,0,0,0,0,0,0.03571428571428571,56,2.3729277225876495,2.8007696382701397,2.8891791589558125,0,112
final_hybrid,2026086247,1,2,-8.0,2.5,0,0,0,0,0,0,0,0.019230769230769232,52,2.3561669782233925,2.8282318264245987,3.0863089486956596,0,104
final_hybrid,2026086247,2,2,-20.0,4.0,0,0,1,12,0,0,0,0.019230769230769232,52,2.3083540772159514,2.741074631921947,2.8133252635598183,0,104
final_hybrid,2026086247,3,2,36.0,1.0,1,0,0,0,0,0,0,0.0,52,2.332780805702966,2.88479826413095,3.3539249561727047,0,104
final_hybrid,2026086248,0,0,69.0,1.0,1,1,0,0,0,0,0,0.05172413793103448,58,2.3380607157817175,2.690714970231056,2.9716240242123604,0,114
final_hybrid,2026086248,1,0,51.0,1.0,1,1,0,0,0,0,0,0.045454545454545456,44,2.357604807581414,2.8480508364737034,3.2814210280776024,0,87
final_hybrid,2026086248,2,0,-8.0,2.5,0,0,0,0,0,0,0,0.017857142857142856,56,2.300672640558332,2.769663231447339,2.8171520680189133,0,113
final_hybrid,2026086248,3,0,-24.0,3.0,0,0,0,0,0,0,0,0.028169014084507043,71,2.268082777064451,2.6415670290589333,2.7873809449374676,0,144
final_hybrid,2026086249,0,2,36.0,1.0,1,0,0,0,0,0,0,0.023255813953488372,43,2.33533383931878,2.69289119169116,2.8044721111655235,0,86
final_hybrid,2026086249,1,2,-16.0,3.0,0,0,0,0,0,0,0,0.01694915254237288,59,2.3235225955308496,2.7808262035250664,2.7989032678306103,0,119
final_hybrid,2026086249,2,2,-17.0,4.0,0,0,1,9,0,0,0,0.02040816326530612,49,2.3622781475435715,2.8896325267851353,3.6773458123207092,0,98
final_hybrid,2026086249,3,2,48.0,1.0,1,1,0,0,0,0,0,0.0,60,2.3276105833550296,2.869594842195511,3.023121040314436,0,119
final_hybrid,2026086250,0,2,-8.0,2.5,0,0,0,0,0,0,0,0.02040816326530612,49,2.348223064398887,2.735790144652128,2.788995858281851,0,98
final_hybrid,2026086250,1,2,48.0,1.0,1,0,0,0,0,0,0,0.0,70,2.334992474477206,2.7550144121050835,2.7880179695785046,0,140
final_hybrid,2026086250,2,2,50.0,1.0,1,0,0,0,0,0,0,0.0,52,2.296914283830959,2.7683709748089314,2.7783806435763836,0,104
final_hybrid,2026086250,3,2,47.0,1.0,1,0,0,0,0,0,0,0.08928571428571429,56,2.255568455439061,2.623730688355863,2.646257169544697,0,112
final_hybrid,2026086251,0,3,-18.0,3.0,0,0,0,0,0,0,0,0.02564102564102564,39,2.349642045700397,2.76900427415967,2.8229551389813423,0,79
final_hybrid,2026086251,1,3,-17.0,3.0,0,0,0,0,0,0,0,0.03571428571428571,28,2.3389063675754835,2.7901693480089307,2.840767614543438,0,57
final_hybrid,2026086251,2,3,-17.0,4.0,0,0,1,9,0,0,0,0.043478260869565216,46,2.275515185750049,2.6593063957989216,2.690859604626894,0,92
final_hybrid,2026086251,3,3,-17.0,3.0,0,0,0,0,0,0,0,0.025,40,2.2918839124031365,2.7362765977159142,2.760677132755518,0,81
final_hybrid,2026086252,0,2,78.0,1.0,1,1,0,0,0,0,0,0.0625,48,2.3553119972348213,2.73637599311769,2.8482102788984776,0,95
final_hybrid,2026086252,1,2,-20.0,3.0,0,0,0,0,0,0,0,0.0196078431372549,51,2.3120176594923523,2.75188940577209,2.824168186634779,0,103
final_hybrid,2026086252,2,2,-28.0,3.0,0,0,0,0,0,0,0,0.02702702702702703,74,2.2796861940642468,2.6538766687735915,2.6650759391486645,0,149
final_hybrid,2026086252,3,2,-8.0,2.5,0,0,0,0,0,0,0,0.014492753623188406,69,2.2750516030667485,2.654028683900833,2.7075717225670815,0,138
final_hybrid,2026086253,0,2,33.0,1.0,1,0,0,0,0,0,0,0.029850746268656716,67,2.409006482852039,2.730155549943447,6.884538102895021,0,134
final_hybrid,2026086253,1,2,-8.0,2.5,0,0,0,0,0,0,0,0.045454545454545456,66,2.2742480434703105,2.4946018820628524,2.7615749277174473,0,132
final_hybrid,2026086253,2,2,-8.0,2.5,0,0,0,0,0,0,0,0.0,66,2.2969314348742818,2.7253524167463183,2.7472563087940216,0,132
final_hybrid,2026086253,3,2,-16.0,4.0,0,0,1,8,0,0,0,0.09090909090909091,44,2.280798613686453,2.7438691817224026,2.9576439410448074,0,88
final_hybrid,2026086254,0,0,0.0,2.5,0,0,0,0,0,1,1,0.011627906976744186,86,2.3734632359687673,2.8034908464178443,2.869816031306982,0,172
final_hybrid,2026086254,1,0,-8.0,2.5,0,0,0,0,0,0,0,0.02857142857142857,35,2.3259569757751057,2.7607913594692945,2.8541269712150097,0,70
final_hybrid,2026086254,2,0,52.0,1.0,1,0,0,0,0,0,0,0.0,35,2.2970614821783135,2.7878090273588896,2.808591816574335,0,70
final_hybrid,2026086254,3,0,-8.0,2.5,0,0,0,0,0,0,0,0.02857142857142857,35,2.2758908037628447,2.6521707884967327,2.6833550073206425,0,70
final_hybrid,2026086255,0,1,51.0,1.0,1,1,0,0,0,0,0,0.043478260869565216,46,2.3672509756263183,2.8220161329954863,2.8708139434456825,0,91
final_hybrid,2026086255,1,1,-18.0,4.0,0,0,1,10,0,0,0,0.0425531914893617,47,2.301067094060969,2.7356652542948723,2.7931849472224712,0,94
final_hybrid,2026086255,2,1,57.0,1.0,1,1,0,0,0,0,0,0.058823529411764705,68,2.2383068263640298,2.616708818823099,2.7455990202724934,0,135
final_hybrid,2026086255,3,1,0.0,2.5,0,0,0,0,0,1,0,0.0,86,2.5241819080398527,3.4234003396704793,4.490362945944071,0,172
final_hybrid,2026086256,0,3,51.0,1.0,1,1,0,0,0,0,0,0.05172413793103448,58,2.441090547704491,3.2042079837992783,4.1632442735135555,0,115
final_hybrid,2026086256,1,3,87.0,1.0,1,1,0,0,0,0,0,0.0196078431372549,51,2.4948890832271062,3.1956450548022985,3.769040107727051,0,101
final_hybrid,2026086256,2,3,-17.0,3.0,0,0,0,0,0,0,0,0.0,57,2.457190304994583,3.1816644594073296,3.9195059798657894,0,115
final_hybrid,2026086256,3,3,105.0,1.0,1,1,0,0,0,0,0,0.0,79,2.4175397061471697,2.9052267782390113,4.143683239817619,0,157
final_hybrid,2026086257,0,2,41.0,1.0,1,0,0,0,0,0,0,0.07142857142857142,42,2.4688324026231254,3.323228820227086,3.572862595319748,0,84
final_hybrid,2026086257,1,2,-8.0,2.5,0,0,0,0,0,0,0,0.043478260869565216,46,2.466258137365398,3.4528839169070125,3.8361698389053345,0,92
final_hybrid,2026086257,2,2,-8.0,2.5,0,0,0,0,0,0,0,0.0,44,2.4710352934727613,3.328389604575932,3.7224688567221165,0,88
final_hybrid,2026086257,3,2,-24.0,3.0,0,0,0,0,0,0,0,0.011627906976744186,86,2.3275397902051376,2.8704017167910933,3.400350920855999,0,174
final_hybrid,2026086258,0,1,-8.0,2.5,0,0,0,0,0,0,0,0.0,47,2.375340128832675,2.8257675003260374,3.4389630891382694,0,94
final_hybrid,2026086258,1,1,-24.0,4.0,0,0,1,16,0,0,0,0.019230769230769232,52,2.3681638636984506,2.8256222140043974,3.487096168100834,0,104
final_hybrid,2026086258,2,1,-8.0,2.5,0,0,0,0,0,0,0,0.04,25,2.2691872529685497,2.7194997295737267,2.753971144556999,0,50
final_hybrid,2026086258,3,1,-8.0,2.5,0,0,0,0,0,0,0,0.0,57,2.3262042045723974,2.81464047729969,3.3423551358282566,0,114
final_hybrid,2026086259,0,1,34.0,1.0,1,0,0,0,0,0,0,0.09523809523809523,21,2.3520163792584623,2.811126410961151,2.8391308151185513,0,42
final_hybrid,2026086259,1,1,-18.0,3.0,0,0,0,0,0,0,0,0.0379746835443038,79,2.294711597688213,2.6724621187895536,2.7814707718789577,0,159
final_hybrid,2026086259,2,1,-35.0,4.0,0,0,1,27,0,0,0,0.012658227848101266,79,2.3499099726352513,2.927899546921253,2.987246960401535,0,158
final_hybrid,2026086259,3,1,57.0,1.0,1,1,0,0,0,0,0,0.0125,80,2.305147086735815,2.847205731086433,2.9160091653466225,0,159
final_hybrid,2026086260,0,2,-8.0,2.5,0,0,0,0,0,0,0,0.07317073170731707,41,2.3510579996537873,2.742133103311062,3.0891289934515953,0,82
final_hybrid,2026086260,1,2,-19.0,4.0,0,0,1,11,0,0,0,0.0,45,2.3462911860810385,2.828477043658495,2.8480999171733856,0,90
final_hybrid,2026086260,2,2,-8.0,2.5,0,0,0,0,0,0,0,0.0196078431372549,51,2.3013892510504115,2.808453980833292,3.192101139575243,0,102
final_hybrid,2026086260,3,2,48.0,1.0,1,0,0,0,0,0,0,0.0,31,2.2876429852218396,2.805067924782634,2.8487141244113445,0,62
final_hybrid,2026086261,0,1,-8.0,2.5,0,0,0,0,0,0,0,0.037037037037037035,27,2.3659050499123557,2.823999337852001,2.8475038707256317,0,54
final_hybrid,2026086261,1,1,40.0,1.0,1,0,0,0,0,0,0,0.0,39,2.331775637009205,2.8274952434003353,2.867249771952629,0,78
final_hybrid,2026086261,2,1,-24.0,4.0,0,0,1,16,0,0,0,0.0,35,2.3258037732115815,2.821494359523058,2.8845793567597866,0,70
final_hybrid,2026086261,3,1,-8.0,2.5,0,0,0,0,0,0,0,0.01694915254237288,59,2.332754441047624,2.865759329870343,2.924390137195587,0,118
final_hybrid,2026086262,0,1,-8.0,2.5,0,0,0,0,0,0,0,0.06666666666666667,15,2.340630441904068,2.6872144546359777,2.785875927656889,0,30
final_hybrid,2026086262,1,1,35.0,1.0,1,0,0,0,0,0,0,0.0,15,2.3424322716891766,2.8441184666007757,2.874772995710373,0,30
final_hybrid,2026086262,2,1,-19.0,4.0,0,0,1,11,0,0,0,0.0,15,2.3651119942466416,2.851714566349983,2.8763958252966404,0,30
final_hybrid,2026086262,3,1,-8.0,2.5,0,0,0,0,0,0,0,0.06666666666666667,15,2.236965950578451,2.6400582399219275,2.6518916711211205,0,30
final_hybrid,2026086263,0,3,44.0,1.0,1,0,0,0,0,0,0,0.07017543859649122,57,2.3150980766666565,2.585495263338089,2.7248491533100605,0,113
final_hybrid,2026086263,1,3,34.0,1.0,1,0,0,0,0,0,0,0.058823529411764705,17,2.328648724976708,2.760028373450041,2.7837990783154964,0,34
final_hybrid,2026086263,2,3,-8.0,2.5,0,0,0,0,0,0,0,0.0,17,2.29466290158384,2.7545755729079247,2.7815187349915504,0,34
final_hybrid,2026086263,3,3,-8.0,2.5,0,0,0,0,0,0,0,0.0,40,2.3047687485814095,2.814361802302301,2.833195962011814,0,80
final_hybrid,2026086264,0,1,0.0,2.5,0,0,0,0,0,1,0,0.0,85,2.3741304655285442,2.817805204540491,2.883601002395153,0,170
final_hybrid,2026086264,1,1,-25.0,4.0,0,0,1,17,0,0,0,0.02564102564102564,78,2.301925142558339,2.7616145322099324,2.8213639743626118,0,156
final_hybrid,2026086264,2,1,-17.0,4.0,0,0,1,9,0,0,0,0.0,69,2.344742545561082,2.865819539874792,3.47210094332695,0,138
final_hybrid,2026086264,3,1,-8.0,2.5,0,0,0,0,0,0,0,0.038461538461538464,78,2.2576139010011387,2.541893208399415,2.922701183706522,0,156
final_hybrid,2026086265,0,1,-8.0,2.5,0,0,0,0,0,0,0,0.014925373134328358,67,2.3591108759170147,2.7493333909660578,3.2057836651802063,0,134
final_hybrid,2026086265,1,1,-8.0,2.5,0,0,0,0,0,0,0,0.028985507246376812,69,2.3562305714881076,2.7286540716886516,5.9038489125669,0,138
final_hybrid,2026086265,2,1,-17.0,3.0,0,0,0,0,0,0,0,0.018518518518518517,54,2.2943260889776327,2.776658092625439,2.8557321056723595,0,109
final_hybrid,2026086265,3,1,-8.0,2.5,0,0,0,0,0,0,0,0.014925373134328358,67,2.285740414717749,2.7015354484319687,2.9725581407546997,0,134
final_hybrid,2026086266,0,3,-18.0,4.0,0,0,1,10,0,0,0,0.0,47,2.3904333901690675,2.8560879174619913,3.2797688618302345,0,94
final_hybrid,2026086266,1,3,-29.0,4.0,0,0,1,21,0,0,0,0.0,42,2.3485524358139154,2.802128088660538,2.8173127211630344,0,84
final_hybrid,2026086266,2,3,-8.0,2.5,0,0,0,0,0,0,0,0.045454545454545456,44,2.2877068364654076,2.763803396373987,2.790139988064766,0,88
final_hybrid,2026086266,3,3,45.0,1.0,1,0,0,0,0,0,0,0.0,44,2.334639535878192,2.9262123396620154,3.2409047707915306,0,88
final_hybrid,2026086267,0,3,-19.0,4.0,0,0,1,11,0,0,0,0.04878048780487805,41,2.344854289620388,2.725732047110796,2.7969409711658955,0,82
final_hybrid,2026086267,1,3,33.0,1.0,1,0,0,0,0,0,0,0.05128205128205128,39,2.3333596017880316,2.8144887182861567,2.9148878529667854,0,78
final_hybrid,2026086267,2,3,-30.0,4.0,0,0,1,22,0,0,0,0.0,35,2.3190488506640707,2.7833761647343636,2.823018003255129,0,70
final_hybrid,2026086267,3,3,-30.0,4.0,0,0,1,22,0,0,0,0.0,39,2.301947930111335,2.7265327982604504,2.764598000794649,0,78
final_hybrid,2026086268,0,0,-8.0,2.5,0,0,0,0,0,0,0,0.03225806451612903,62,2.3738917323850814,2.796110254712403,3.05418623611331,0,124
final_hybrid,2026086268,1,0,-8.0,2.5,0,0,0,0,0,0,0,0.09523809523809523,21,2.271738058576981,2.5493688881397247,2.613737713545561,0,42
final_hybrid,2026086268,2,0,-8.0,2.5,0,0,0,0,0,0,0,0.0,21,2.3010287300816605,2.7929581701755524,2.8254459612071514,0,42
final_hybrid,2026086268,3,0,37.0,1.0,1,0,0,0,0,0,0,0.0,21,2.3527231422208605,2.9633049853146076,2.988245338201523,0,42
final_hybrid,2026086269,0,3,-8.0,2.5,0,0,0,0,0,0,0,0.1,30,2.3185414106895528,2.6036694878712296,2.8009586967527866,0,60
final_hybrid,2026086269,1,3,-18.0,4.0,0,0,1,10,0,0,0,0.029411764705882353,34,2.3279280867427588,2.7602476067841053,2.7891970239579678,0,68
final_hybrid,2026086269,2,3,34.0,1.0,1,0,0,0,0,0,0,0.03333333333333333,30,2.273049158975482,2.6322549674659967,2.6427656412124634,0,60
final_hybrid,2026086269,3,3,-8.0,2.5,0,0,0,0,0,0,0,0.0,30,2.317433152347803,2.8726662509143353,3.0177682638168335,0,60
final_hybrid,2026086270,0,0,-8.0,2.5,0,0,0,0,0,0,0,0.017241379310344827,58,2.3810915119046796,2.839818620122969,2.85548297688365,0,116
final_hybrid,2026086270,1,0,-8.0,2.5,0,0,0,0,0,0,0,0.045454545454545456,44,2.3149717493321407,2.766138641163707,2.7984939515590668,0,88
final_hybrid,2026086270,2,0,35.0,1.0,1,0,0,0,0,0,0,0.022727272727272728,44,2.3170744111253456,2.809176896698773,2.854946069419384,0,88
final_hybrid,2026086270,3,0,-8.0,2.5,0,0,0,0,0,0,0,0.0,44,2.3589763282374903,2.9085947666317225,3.2261046580970287,0,88
final_hybrid,2026086271,0,0,-8.0,2.5,0,0,0,0,0,0,0,0.07142857142857142,42,2.3526435695765984,2.756027178838849,2.814555075019598,0,84
final_hybrid,2026086271,1,0,-18.0,4.0,0,0,1,10,0,0,0,0.03773584905660377,53,2.3276477191105203,2.7608522213995457,3.2429732382297516,0,106
final_hybrid,2026086271,2,0,-8.0,2.5,0,0,0,0,0,0,0,0.019230769230769232,52,2.3217973424694858,2.901245024986565,2.9451451264321804,0,104
final_hybrid,2026086271,3,0,34.0,1.0,1,0,0,0,0,0,0,0.04,50,2.300619939342141,2.7309764875099063,2.7719377540051937,0,100
final_hybrid,2026086272,0,0,-8.0,2.5,0,0,0,0,0,0,0,0.029411764705882353,34,2.3687236312338533,2.816526498645544,2.824554219841957,0,68
final_hybrid,2026086272,1,0,66.0,1.0,1,1,0,0,0,0,0,0.0,38,2.3630916778194275,2.9480925062671304,2.9655001126229763,0,75
final_hybrid,2026086272,2,0,-19.0,4.0,0,0,1,11,0,0,0,0.029411764705882353,34,2.3060627555584206,2.716602571308613,2.7496679686009884,0,68
final_hybrid,2026086272,3,0,-8.0,2.5,0,0,0,0,0,0,0,0.0,34,2.3251757957041264,2.9359652660787106,3.0642631463706493,0,68
final_hybrid,2026086273,0,1,-29.0,3.0,0,0,0,0,0,0,0,0.045454545454545456,44,2.3526505630632695,2.7480083284899592,2.7970299124717712,0,89
final_hybrid,2026086273,1,1,-16.0,3.0,0,0,0,0,0,0,0,0.0,45,2.3578629518548646,2.8197058476507664,2.9117045924067497,0,91
final_hybrid,2026086273,2,1,93.0,1.0,1,1,0,0,0,0,0,0.0,46,2.3577708305548066,2.8116321191191673,3.2802168279886246,0,91
final_hybrid,2026086273,3,1,-29.0,3.0,0,0,0,0,0,0,0,0.043478260869565216,46,2.240790064325151,2.5760078569874167,2.7465266175568104,0,93
final_hybrid,2026086274,0,1,-8.0,2.5,0,0,0,0,0,0,0,0.056338028169014086,71,2.3359084685503597,2.7181506156921387,2.8160959482192993,0,142
final_hybrid,2026086274,1,1,0.0,2.5,0,0,0,0,0,1,0,0.011764705882352941,85,2.3294268175959587,2.7902835980057716,3.2990658655762672,0,170
final_hybrid,2026086274,2,1,-20.0,3.0,0,0,0,0,0,0,0,0.0,85,2.3188928416108383,2.7517158538103104,2.7986830100417137,0,171
final_hybrid,2026086274,3,1,-33.0,4.0,0,0,1,25,0,0,0,0.0,52,2.324747942531338,2.843348472379148,2.90271220728755,0,104
final_hybrid,2026086275,0,3,-8.0,2.5,0,0,0,0,0,0,0,0.0,57,2.3952012701907703,2.933610044419765,3.0460511334240437,0,114
final_hybrid,2026086275,1,3,32.0,1.0,1,0,0,0,0,0,0,0.03508771929824561,57,2.3094267551705503,2.6609260588884354,3.0664177611470222,0,114
final_hybrid,2026086275,2,3,-16.0,3.0,0,0,0,0,0,0,0,0.046875,64,2.2921340714674443,2.7019246481359005,2.945489715784788,0,129
final_hybrid,2026086275,3,3,-19.0,4.0,0,0,1,11,0,0,0,0.0,55,2.3715291934257205,3.156627481803298,3.209529910236597,0,110
final_hybrid,2026086276,0,2,-8.0,2.5,0,0,0,0,0,0,0,0.0,72,2.4458161076634295,3.0666112201288342,3.133774269372225,0,144
final_hybrid,2026086276,1,2,-19.0,4.0,0,0,1,11,0,0,0,0.0,56,2.3730572845254625,2.979482989758253,3.0476809479296207,0,112
final_hybrid,2026086276,2,2,-8.0,2.5,0,0,0,0,0,0,0,0.0,42,2.35548247361467,2.9114169534295797,2.9288367368280888,0,84
final_hybrid,2026086276,3,2,-8.0,2.5,0,0,0,0,0,0,0,0.023809523809523808,42,2.267412054130719,2.631070022471249,2.6386789977550507,0,84
final_hybrid,2026086277,0,3,-32.0,4.0,0,0,1,24,0,0,0,0.0,52,2.382115738538022,2.771400334313512,2.833194099366665,0,104
final_hybrid,2026086277,1,3,-8.0,2.5,0,0,0,0,0,0,0,0.0,52,2.343842697043258,2.894879411906004,2.914729993790388,0,104
final_hybrid,2026086277,2,3,-8.0,2.5,0,0,0,0,0,0,0,0.038461538461538464,52,2.2780397423328114,2.743651554919779,2.8088027611374855,0,104
final_hybrid,2026086277,3,3,48.0,1.0,1,0,0,0,0,0,0,0.0,52,2.3086607778588166,2.75950834620744,2.785403747111559,0,104
final_hybrid,2026086278,0,0,33.0,1.0,1,0,0,0,0,0,0,0.05084745762711865,59,2.32613422923674,2.723646070808172,3.047751262784004,0,118
final_hybrid,2026086278,1,0,-18.0,3.0,0,0,0,0,0,0,0,0.0,60,2.338226131784419,2.8044519247487187,3.0901446007192135,0,121
final_hybrid,2026086278,2,0,-8.0,2.5,0,0,0,0,0,0,0,0.01694915254237288,59,2.307777861291069,2.770908735692501,2.8335489332675934,0,118
final_hybrid,2026086278,3,0,-17.0,4.0,0,0,1,9,0,0,0,0.0392156862745098,51,2.2687357759066655,2.704822923988104,2.7959500439465046,0,102
final_hybrid,2026086279,0,0,-18.0,3.0,0,0,0,0,0,0,0,0.0,32,2.3612919758306816,2.863846463151276,2.909112721681595,0,65
final_hybrid,2026086279,1,0,-18.0,3.0,0,0,0,0,0,0,0,0.03125,32,2.315914913197048,2.7700748993083835,2.8642062097787857,0,65
final_hybrid,2026086279,2,0,-8.0,2.5,0,0,0,0,0,0,0,0.08108108108108109,37,2.2723041097255976,2.622302062809467,2.751528285443783,0,74
final_hybrid,2026086279,3,0,78.0,1.0,1,1,0,0,0,0,0,0.0,42,2.366644064230578,2.998864441178739,3.291497938334942,0,83
final_hybrid,2026086280,0,0,32.0,1.0,1,0,0,0,0,0,0,0.02,50,2.350786179304123,2.746940217912197,3.3657210879027843,0,100
final_hybrid,2026086280,1,0,-8.0,2.5,0,0,0,0,0,0,0,0.0,59,2.3366868480156033,2.8066121973097324,3.258463926613331,0,118
final_hybrid,2026086280,2,0,-8.0,2.5,0,0,0,0,0,0,0,0.015873015873015872,63,2.288874645259172,2.700247708708048,3.1157447956502438,0,126
final_hybrid,2026086280,3,0,33.0,1.0,1,0,0,0,0,0,0,0.015873015873015872,63,2.30954381238137,2.9031050857156515,2.953351940959692,0,126
final_hybrid,2026086281,0,3,0.0,2.5,0,0,0,0,0,1,0,0.011627906976744186,86,2.341643679713787,2.712541725486517,2.7942811138927937,0,172
final_hybrid,2026086281,1,3,-8.0,2.5,0,0,0,0,0,0,0,0.018867924528301886,53,2.364074978274557,2.861510496586561,2.8773387894034386,0,106
final_hybrid,2026086281,2,3,35.0,1.0,1,0,0,0,0,0,0,0.0,56,2.3394802369044294,2.9191119829192758,3.0387872830033302,0,112
final_hybrid,2026086281,3,3,0.0,2.5,0,0,0,0,0,1,0,0.0,85,2.318942568757955,2.805830631405115,2.8628013096749783,0,170
final_hybrid,2026086282,0,3,-17.0,4.0,0,0,1,9,0,0,0,0.011764705882352941,85,2.3774028536589706,2.8195399791002274,2.840593922883272,0,170
final_hybrid,2026086282,1,3,-24.0,3.0,0,0,0,0,0,0,0,0.0392156862745098,51,2.301605372671403,2.6667879428714514,2.7489769272506237,0,103
final_hybrid,2026086282,2,3,-24.0,3.0,0,0,0,0,0,0,0,0.0196078431372549,51,2.283861796718602,2.62056989595294,3.2480512745678425,0,103
final_hybrid,2026086282,3,3,-24.0,3.0,0,0,0,0,0,0,0,0.0,51,2.353580020295054,2.917222445830703,3.02481884136796,0,103
final_hybrid,2026086283,0,1,0.0,2.5,0,0,0,0,0,1,0,0.023809523809523808,84,2.3584732054067508,2.7506505604833364,2.794143743813038,0,168
final_hybrid,2026086283,1,1,-21.0,3.0,0,0,0,0,0,0,0,0.012345679012345678,81,2.329686932541706,2.7623120695352554,2.7931807562708855,0,163
final_hybrid,2026086283,2,1,-8.0,2.5,0,0,0,0,0,0,0,0.028985507246376812,69,2.2802707820158936,2.6507497765123844,2.7458681724965572,0,138
final_hybrid,2026086283,3,1,10.0,2.0,0,0,0,0,0,0,0,0.0,71,2.3191276819668185,2.820823807269335,2.8537437319755554,1,143
final_hybrid,2026086284,0,3,-21.0,3.0,0,0,0,0,0,0,0,0.045454545454545456,44,2.349795202131976,2.8052664129063487,2.878034021705389,0,89
final_hybrid,2026086284,1,3,-8.0,2.5,0,0,0,0,0,0,0,0.02,50,2.3636703658849,2.906908094882965,2.9160548001527786,0,100
final_hybrid,2026086284,2,3,-16.0,4.0,0,0,1,8,0,0,0,0.043478260869565216,46,2.3165177756353565,2.7759799268096685,2.827028278261423,0,92
final_hybrid,2026086284,3,3,48.0,1.0,1,1,0,0,0,0,0,0.03773584905660377,53,2.2559259086847305,2.6247987523674965,2.679112832993269,0,105
final_hybrid,2026086285,0,0,34.0,1.0,1,0,0,0,0,0,0,0.015151515151515152,66,2.353725531561808,2.741506206803024,2.823159098625183,0,132
final_hybrid,2026086285,1,0,-8.0,2.5,0,0,0,0,0,0,0,0.0,64,2.3549120815005153,2.8164472663775086,3.5104770213365555,0,128
final_hybrid,2026086285,2,0,60.0,1.0,1,1,0,0,0,0,0,0.0,66,2.345524135638367,2.9247484635561705,3.0278097838163376,0,131
final_hybrid,2026086285,3,0,33.0,1.0,1,0,0,0,0,0,0,0.03225806451612903,62,2.312055706316906,2.7997476747259493,3.3359448425471783,0,124
final_hybrid,2026086286,0,0,-8.0,2.5,0,0,0,0,0,0,0,0.0392156862745098,51,2.3479459204656234,2.734859474003315,3.155871294438839,0,102
final_hybrid,2026086286,1,0,-8.0,2.5,0,0,0,0,0,0,0,0.0196078431372549,51,2.3186975797893954,2.778950845822692,2.808385994285345,0,102
final_hybrid,2026086286,2,0,-33.0,3.0,0,0,0,0,0,0,0,0.027777777777777776,72,2.2788208378996284,2.6918946532532577,2.803860232234001,0,145
final_hybrid,2026086286,3,0,36.0,1.0,1,0,0,0,0,0,0,0.0,51,2.3027586969820892,2.8307116590440273,2.872366923838854,0,102
final_hybrid,2026086287,0,0,0.0,2.5,0,0,0,0,0,1,0,0.0,84,2.4092380800062703,2.938232384622097,3.0627893283963203,0,170
final_hybrid,2026086287,1,0,-8.0,2.5,0,0,0,0,0,0,0,0.05454545454545454,55,2.3010007359764795,2.7227784506976604,2.828683238476515,0,110
final_hybrid,2026086287,2,0,52.0,1.0,1,0,0,0,0,0,0,0.023809523809523808,42,2.3104852353710505,2.741617918945849,2.7653458528220654,0,84
final_hybrid,2026086287,3,0,-37.0,3.0,0,0,0,0,0,0,0,0.04081632653061224,49,2.3201418641422475,2.767286729067564,3.2833642326295376,0,99
final_hybrid,2026086288,0,2,35.0,1.0,1,0,0,0,0,0,0,0.08333333333333333,48,2.3266092660681656,2.6014755247160792,3.481093794107437,0,96
final_hybrid,2026086288,1,2,-19.0,4.0,0,0,1,11,0,0,0,0.0625,48,2.3010252916719764,2.706409804522991,2.7443310245871544,0,96
final_hybrid,2026086288,2,2,-8.0,2.5,0,0,0,0,0,0,0,0.0196078431372549,51,2.3094282631634497,2.7569960802793503,2.7816197834908962,0,102
final_hybrid,2026086288,3,2,105.0,1.0,1,1,0,0,0,0,0,0.014285714285714285,70,2.279762744105288,2.7228679973632097,2.7480698190629482,0,139
final_hybrid,2026086289,0,3,-17.0,3.0,0,0,0,0,0,0,0,0.041666666666666664,24,2.3862787638790905,2.8258979553356767,2.8417338617146015,0,49
final_hybrid,2026086289,1,3,-26.0,4.0,0,0,1,18,0,0,0,0.0,24,2.355350647121668,2.848398545756936,2.8877658769488335,0,48
final_hybrid,2026086289,2,3,51.0,1.0,1,1,0,0,0,0,0,0.07692307692307693,26,2.256437079407848,2.6672061067074537,2.8345859609544277,0,51
final_hybrid,2026086289,3,3,-8.0,2.5,0,0,0,0,0,0,0,0.041666666666666664,24,2.2632315716085336,2.6243380503728986,2.6486366987228394,0,48
final_hybrid,2026086290,0,3,0.0,2.5,0,0,0,0,0,1,0,0.02247191011235955,89,2.3511972571356914,2.770116738975048,2.8411890380084515,0,178
final_hybrid,2026086290,1,3,-8.0,2.5,0,0,0,0,0,0,0,0.0,31,2.318292721024444,2.8357584960758686,2.8567477129399776,0,62
final_hybrid,2026086290,2,3,37.0,1.0,1,0,0,0,0,0,0,0.03225806451612903,31,2.289365571472914,2.7785305865108967,2.780834212899208,0,62
final_hybrid,2026086290,3,3,-8.0,2.5,0,0,0,0,0,0,0,0.0641025641025641,78,2.283046290708276,2.6134432991966605,3.0690478160977364,0,156
final_hybrid,2026086291,0,1,33.0,1.0,1,0,0,0,0,0,0,0.04477611940298507,67,2.327665540653823,2.67005949281156,2.7834828943014145,0,134
final_hybrid,2026086291,1,1,-17.0,4.0,0,0,1,9,0,0,0,0.014084507042253521,71,2.3410708945192082,2.80589796602726,2.8560939244925976,0,142
final_hybrid,2026086291,2,1,-8.0,2.5,0,0,0,0,0,0,0,0.016129032258064516,62,2.3158499144858893,2.7573605766519904,2.8027473017573357,0,124
final_hybrid,2026086291,3,1,-8.0,2.5,0,0,0,0,0,0,0,0.014285714285714285,70,2.3052059912255833,2.8075389098376036,2.8743958100676537,0,140
final_hybrid,2026086292,0,3,-17.0,4.0,0,0,1,9,0,0,0,0.03773584905660377,53,2.3487906920600614,2.7197481133043766,2.8110011480748653,0,106
final_hybrid,2026086292,1,3,57.0,1.0,1,1,0,0,0,0,0,0.02857142857142857,70,2.310211763584188,2.6822461280971766,3.080948255956173,0,139
final_hybrid,2026086292,2,3,33.0,1.0,1,0,0,0,0,0,0,0.0,53,2.352229618238953,2.966815046966076,3.0535333789885044,0,106
final_hybrid,2026086292,3,3,-8.0,2.5,0,0,0,0,0,0,0,0.018867924528301886,53,2.2890079538074306,2.7520298026502132,2.811419777572155,0,106
final_hybrid,2026086293,0,2,-21.0,3.0,0,0,0,0,0,0,0,0.05555555555555555,54,2.3685136844438537,2.708863443695008,3.165773581713438,0,110
final_hybrid,2026086293,1,2,-8.0,2.5,0,0,0,0,0,0,0,0.022222222222222223,45,2.3528117169108658,2.750762738287449,2.762718126177788,0,89
final_hybrid,2026086293,2,2,33.0,1.0,1,0,0,0,0,0,0,0.022222222222222223,45,2.2915237272779145,2.8274543583393097,2.8610462322831154,0,91
final_hybrid,2026086293,3,2,-21.0,3.0,0,0,0,0,0,0,0,0.05555555555555555,54,2.273084043904587,2.6791554642841215,3.0352999456226826,0,110
final_hybrid,2026086294,0,2,39.0,1.0,1,0,0,0,0,0,0,0.012658227848101266,79,2.3736945895737485,2.7918432373553514,3.142161760479212,0,158
final_hybrid,2026086294,1,2,-8.0,2.5,0,0,0,0,0,0,0,0.020833333333333332,48,2.3114744011157504,2.753483527339995,2.8237258084118366,0,96
final_hybrid,2026086294,2,2,-8.0,2.5,0,0,0,0,0,0,0,0.020833333333333332,48,2.2769542022918663,2.6548297610133886,2.6879222132265568,0,96
final_hybrid,2026086294,3,2,33.0,1.0,1,0,0,0,0,0,0,0.041666666666666664,48,2.273522831577187,2.723315777257085,2.775853965431452,0,96
final_hybrid,2026086295,0,2,-8.0,2.5,0,0,0,0,0,0,0,0.02127659574468085,47,2.415489781885705,2.7544249780476093,5.606456659734249,0,94
final_hybrid,2026086295,1,2,43.0,1.0,1,0,0,0,0,0,0,0.02127659574468085,47,2.3539217307846596,2.851475030183792,2.9347767122089863,0,94
final_hybrid,2026086295,2,2,-27.0,4.0,0,0,1,19,0,0,0,0.0,47,2.348553082172541,2.93900822289288,2.998609095811844,0,94
final_hybrid,2026086295,3,2,-8.0,2.5,0,0,0,0,0,0,0,0.02127659574468085,47,2.3023038904400583,2.773597603663802,2.842122223228216,0,94
final_hybrid,2026086296,0,0,-8.0,2.5,0,0,0,0,0,0,0,0.027777777777777776,36,2.3483669825105205,2.762265386991203,2.786413300782442,0,72
final_hybrid,2026086296,1,0,-19.0,4.0,0,0,1,11,0,0,0,0.0,38,2.3604251787458597,2.851393399760127,2.8788489289581776,0,76
final_hybrid,2026086296,2,0,36.0,1.0,1,0,0,0,0,0,0,0.0,36,2.3554535841362343,2.9117801459506154,3.014239016920328,0,72
final_hybrid,2026086296,3,0,-23.0,3.0,0,0,0,0,0,0,0,0.0,38,2.3103859030494562,2.7691449970006943,2.817399799823761,0,77
final_hybrid,2026086297,0,1,-23.0,3.0,0,0,0,0,0,0,0,0.0,40,2.4321087170392275,2.941660746000707,2.9858341440558434,0,81
final_hybrid,2026086297,1,1,69.0,1.0,1,1,0,0,0,0,0,0.024390243902439025,41,2.3279746699078783,2.8099222108721733,2.8197220526635647,0,81
final_hybrid,2026086297,2,1,-23.0,3.0,0,0,0,0,0,0,0,0.025,40,2.2726355702616274,2.6998738991096616,2.7767042629420757,0,81
final_hybrid,2026086297,3,1,-8.0,2.5,0,0,0,0,0,0,0,0.02702702702702703,37,2.2620839519879303,2.626993879675865,2.6603317819535732,0,74
final_hybrid,2026086298,0,3,35.0,1.0,1,0,0,0,0,0,0,0.039473684210526314,76,2.344542397431245,2.686128602363169,2.8456728905439377,0,152
final_hybrid,2026086298,1,3,-8.0,2.5,0,0,0,0,0,0,0,0.0136986301369863,73,2.3556412261438697,2.8226902708411217,3.5774516873061657,0,146
final_hybrid,2026086298,2,3,-8.0,2.5,0,0,0,0,0,0,0,0.0,73,2.365997826603994,3.0047420412302013,3.1598969362676144,0,146
final_hybrid,2026086298,3,3,40.0,1.0,1,0,0,0,0,0,0,0.0,73,2.3271696935471606,2.8962254524230957,2.9313568957149982,0,146
final_hybrid,2026086299,0,0,33.0,1.0,1,0,0,0,0,0,0,0.05405405405405406,37,2.318887858072648,2.598898950964212,2.7714399620890617,0,74
final_hybrid,2026086299,1,0,-8.0,2.5,0,0,0,0,0,0,0,0.0,37,2.3330627386835783,2.764640562236309,2.7860780246555805,0,74
final_hybrid,2026086299,2,0,-8.0,2.5,0,0,0,0,0,0,0,0.0,37,2.307937279142238,2.7526697143912315,2.7835173532366753,0,74
final_hybrid,2026086299,3,0,-17.0,4.0,0,0,1,9,0,0,0,0.05405405405405406,37,2.2780314163380377,2.7732136659324165,2.822123933583498,0,74
final_hybrid,2026086300,0,3,34.0,1.0,1,0,0,0,0,0,0,0.03225806451612903,62,2.3515682231875195,2.708228188566863,3.265620209276676,0,124
final_hybrid,2026086300,1,3,-8.0,2.5,0,0,0,0,0,0,0,0.0,58,2.3542949608687698,2.849148982204497,2.867031842470169,0,116
final_hybrid,2026086300,2,3,-18.0,4.0,0,0,1,10,0,0,0,0.014925373134328358,67,2.328262810331227,2.873737644404173,2.914769109338522,0,134
final_hybrid,2026086300,3,3,54.0,1.0,1,0,0,0,0,0,0,0.0,63,2.302011608013085,2.7577902656048536,2.7812067419290543,0,126
final_hybrid,2026086301,0,1,32.0,1.0,1,0,0,0,0,0,0,0.030303030303030304,33,2.3584176052474612,2.7609026059508324,2.8538848273456097,0,66
final_hybrid,2026086301,1,1,-8.0,2.5,0,0,0,0,0,0,0,0.030303030303030304,33,2.3354482413692907,2.781850751489401,2.796228975057602,0,66
final_hybrid,2026086301,2,1,-8.0,2.5,0,0,0,0,0,0,0,0.0,33,2.3227800671575647,2.8629332780838013,2.892604097723961,0,66
final_hybrid,2026086301,3,1,-16.0,4.0,0,0,1,8,0,0,0,0.034482758620689655,29,2.30508694296767,2.716771606355905,3.0485489405691624,0,58
final_hybrid,2026086302,0,1,32.0,1.0,1,0,0,0,0,0,0,0.03278688524590164,61,2.349464856393513,2.753166016191244,2.8118249028921127,0,122
final_hybrid,2026086302,1,1,42.0,1.0,1,0,0,0,0,0,0,0.01818181818181818,55,2.3442986590618435,2.7975354809314013,2.8778710402548313,0,110
final_hybrid,2026086302,2,1,33.0,1.0,1,0,0,0,0,0,0,0.02702702702702703,37,2.3239285282387927,2.8959212824702263,2.974082250148058,0,74
final_hybrid,2026086302,3,1,-30.0,4.0,0,0,0,0,0,0,0,0.04838709677419355,62,2.2696140297358074,2.641173731535673,2.74068396538496,1,123
final_hybrid,2026086303,0,2,-20.0,4.0,0,0,1,12,0,0,0,0.06976744186046512,43,2.340110560315986,2.604274032637477,2.7799298986792564,0,87
final_hybrid,2026086303,1,2,-22.0,3.0,0,0,0,0,0,0,0,0.03508771929824561,57,2.3266726761664214,2.70878067240119,2.9678591527044773,0,114
final_hybrid,2026086303,2,2,-8.0,2.5,0,0,0,0,0,0,0,0.046511627906976744,43,2.329474423340587,2.945075696334243,2.9666530899703503,0,87
final_hybrid,2026086303,3,2,-8.0,2.5,0,0,0,0,0,0,0,0.0,43,2.370455605519372,2.8914307709783316,3.3911815844476223,0,87
final_hybrid,2026086304,0,1,32.0,1.0,1,0,0,0,0,0,0,0.0,52,2.3971970837849836,2.930680545978248,2.9467828571796417,0,104
final_hybrid,2026086304,1,1,-16.0,3.0,0,0,0,0,0,0,0,0.02857142857142857,70,2.2829264934573854,2.6440096087753773,2.7017928659915924,0,141
final_hybrid,2026086304,2,1,-16.0,4.0,0,0,1,8,0,0,0,0.0,33,2.3389386267147283,2.8685595840215683,2.9068756848573685,0,66
final_hybrid,2026086304,3,1,-16.0,3.0,0,0,0,0,0,0,0,0.0,70,2.3122016673109362,2.8140002163127065,2.8407499194145203,0,141
final_hybrid,2026086305,0,2,-8.0,2.5,0,0,0,0,0,0,0,0.016129032258064516,62,2.367361463726528,2.8043170692399144,2.8596739284694195,0,124
final_hybrid,2026086305,1,2,-8.0,2.5,0,0,0,0,0,0,0,0.0,83,2.3716946177364115,2.8949320316314697,2.9618958942592144,0,166
final_hybrid,2026086305,2,2,-17.0,4.0,0,0,1,9,0,0,0,0.0,55,2.3792744614183903,3.0787280295044184,3.1165271066129208,0,110
final_hybrid,2026086305,3,2,-22.0,3.0,0,0,0,0,0,0,0,0.024390243902439025,82,2.2988822197587027,2.7220849646255374,2.78268288820982,0,165
final_hybrid,2026086306,0,0,69.0,1.0,1,1,0,0,0,0,0,0.0,49,2.4214093858490187,3.0187617987394333,3.0217361636459827,0,97
final_hybrid,2026086306,1,0,35.0,1.0,1,0,0,0,0,0,0,0.0,45,2.375891266597642,2.891360130161047,3.357943147420883,0,90
final_hybrid,2026086306,2,0,-23.0,3.0,0,0,0,0,0,0,0,0.0,48,2.3107967087222883,2.7821941068395972,2.8331433422863483,0,97
final_hybrid,2026086306,3,0,-23.0,3.0,0,0,0,0,0,0,0,0.0,48,2.3493982929115496,2.8620214900001884,3.044039011001587,0,97
final_hybrid,2026086307,0,2,54.0,1.0,1,1,0,0,0,0,0,0.0196078431372549,51,2.3737374839245104,2.8101811185479164,2.8325077146291733,0,101
final_hybrid,2026086307,1,2,-8.0,2.5,0,0,0,0,0,0,0,0.0,53,2.3470214778944007,2.8214779682457447,2.8494601137936115,0,106
final_hybrid,2026086307,2,2,-8.0,2.5,0,0,0,0,0,0,0,0.0,65,2.287731033105117,2.742945309728384,2.8013158589601517,0,130
final_hybrid,2026086307,3,2,34.0,1.0,1,0,0,0,0,0,0,0.03278688524590164,61,2.2931203978960633,2.7488181367516518,2.794802188873291,0,122
final_hybrid,2026086308,0,0,0.0,2.5,0,0,0,0,0,1,0,0.0,84,2.3678656656383756,2.768206666223705,2.8224471025168896,0,168
final_hybrid,2026086308,1,0,-8.0,2.5,0,0,0,0,0,0,0,0.025,40,2.3083398351445794,2.647785726003349,2.6735770516097546,0,80
final_hybrid,2026086308,2,0,-16.0,4.0,0,0,1,8,0,0,0,0.0,36,2.326182749432822,2.799329231493175,3.2439599744975567,0,72
final_hybrid,2026086308,3,0,48.0,1.0,1,0,0,0,0,0,0,0.03636363636363636,55,2.271289090541276,2.7515722438693047,2.831432968378067,0,110
final_hybrid,2026086309,0,1,-22.0,4.0,0,0,1,14,0,0,0,0.0,49,2.4016048493129865,2.8791694901883598,3.551996313035488,0,98
final_hybrid,2026086309,1,1,-18.0,3.0,0,0,0,0,0,0,0,0.0625,64,2.303206092619803,2.6636466616764665,3.025215119123459,0,129
final_hybrid,2026086309,2,1,-16.0,4.0,0,0,1,8,0,0,0,0.017857142857142856,56,2.313259174115956,2.777203917503357,2.8205616399645805,0,112
final_hybrid,2026086309,3,1,38.0,1.0,1,0,0,0,0,0,0,0.05172413793103448,58,2.283473988866498,2.6853158604353666,2.718536648899317,0,116
final_hybrid,2026086310,0,3,-8.0,2.5,0,0,0,0,0,0,0,0.0392156862745098,51,2.353594994501156,2.782932948321104,2.8182859532535076,0,102
final_hybrid,2026086310,1,3,-17.0,3.0,0,0,0,0,0,0,0,0.0,30,2.3335562087595463,2.7344149071723223,2.8643878176808357,0,61
final_hybrid,2026086310,2,3,43.0,1.0,1,0,0,0,0,0,0,0.044444444444444446,45,2.3091302460266485,2.7849013917148113,2.890130039304495,0,90
final_hybrid,2026086310,3,3,44.0,1.0,1,0,0,0,0,0,0,0.030303030303030304,66,2.2922881004033666,2.7891978388652205,2.851987723261118,0,133
final_hybrid,2026086311,0,2,-19.0,4.0,0,0,1,11,0,0,0,0.025,40,2.3621302912943065,2.800072217360139,2.8364653699100018,0,80
final_hybrid,2026086311,1,2,-8.0,2.5,0,0,0,0,0,0,0,0.025,40,2.3236316978000104,2.7384485118091106,2.7977456338703632,0,80
final_hybrid,2026086311,2,2,35.0,1.0,1,0,0,0,0,0,0,0.0,40,2.364981663413346,3.0026505468413234,3.0448189936578274,0,80
final_hybrid,2026086311,3,2,-16.0,3.0,0,0,0,0,0,0,0,0.0,45,2.3453181092109947,2.9573977924883366,2.968625631183386,0,91
final_hybrid,2026086312,0,2,-8.0,2.5,0,0,0,0,0,0,0,0.04054054054054054,74,2.308143283920111,2.6046119863167405,2.8160330839455128,0,148
final_hybrid,2026086312,1,2,35.0,1.0,1,0,0,0,0,0,0,0.021739130434782608,46,2.3290802339982726,2.7887821197509766,3.0898619443178177,0,92
final_hybrid,2026086312,2,2,-8.0,2.5,0,0,0,0,0,0,0,0.0,46,2.330583054572344,2.932213363237679,3.1760623678565025,0,92
final_hybrid,2026086312,3,2,-8.0,2.5,0,0,0,0,0,0,0,0.043478260869565216,46,2.2917876384504465,2.767428755760193,2.785362768918276,0,92
final_hybrid,2026086313,0,3,-28.0,4.0,0,0,1,20,0,0,0,0.02127659574468085,47,2.3772378571014454,2.798643847927451,3.109235782176256,0,95
final_hybrid,2026086313,1,3,-8.0,2.5,0,0,0,0,0,0,0,0.0,47,2.3943091683248254,3.0249954201281066,3.0616694130003452,0,95
final_hybrid,2026086313,2,3,-8.0,2.5,0,0,0,0,0,0,0,0.06,50,2.2897169087082148,2.67423412296921,2.731580287218094,0,99
final_hybrid,2026086313,3,3,108.0,1.0,1,1,0,0,0,0,0,0.0,39,2.323943142516491,2.934713615104556,3.075097221881151,0,77
final_hybrid,2026086314,0,3,-17.0,3.0,0,0,0,0,0,0,0,0.022727272727272728,44,2.374820749868046,2.8402113588526845,2.8567342087626457,0,89
final_hybrid,2026086314,1,3,-17.0,4.0,0,0,1,9,0,0,0,0.03773584905660377,53,2.3052520030793153,2.7362344786524773,2.8072232380509377,0,106
final_hybrid,2026086314,2,3,33.0,1.0,1,0,0,0,0,0,0,0.018867924528301886,53,2.31344555065317,2.811309974640608,2.8689238242805004,0,106
final_hybrid,2026086314,3,3,-16.0,4.0,0,0,1,8,0,0,0,0.0196078431372549,51,2.324698008962122,2.89178523235023,2.961233723908663,0,102
final_hybrid,2026086315,0,3,52.0,1.0,1,0,0,0,0,0,0,0.0,40,2.3775669978931546,2.8277493780478835,3.0704629607498646,0,80
final_hybrid,2026086315,1,3,-20.0,4.0,0,0,1,12,0,0,0,0.015625,64,2.329687384190038,2.80026369728148,2.8640120290219784,0,128
final_hybrid,2026086315,2,3,-8.0,2.5,0,0,0,0,0,0,0,0.02127659574468085,47,2.3304392742191222,2.8027481865137815,3.0927411280572414,0,94
final_hybrid,2026086315,3,3,39.0,1.0,1,0,0,0,0,0,0,0.03896103896103896,77,2.2722089167248893,2.629244886338711,2.681165933609009,0,154
final_hybrid,2026086316,0,2,-18.0,4.0,0,0,1,10,0,0,0,0.043478260869565216,46,2.3448697655745177,2.7020687703043222,2.782676834613085,0,92
final_hybrid,2026086316,1,2,34.0,1.0,1,0,0,0,0,0,0,0.043478260869565216,46,2.254293725380431,2.557159401476383,2.657684963196516,0,92
final_hybrid,2026086316,2,2,-8.0,2.5,0,0,0,0,0,0,0,0.0,46,2.3350800063623036,2.9451907612383366,3.4153228625655174,0,92
final_hybrid,2026086316,3,2,-8.0,2.5,0,0,0,0,0,0,0,0.0,46,2.35848856644462,2.903431886807084,3.3422643318772316,0,92
final_hybrid,2026086317,0,0,-8.0,2.5,0,0,0,0,0,0,0,0.07692307692307693,13,2.368817786471202,2.7295440435409546,2.753631677478552,0,26
final_hybrid,2026086317,1,0,-16.0,4.0,0,0,1,8,0,0,0,0.0,13,2.3253162821324973,2.7888028882443905,2.823231276124716,0,26
final_hybrid,2026086317,2,0,-8.0,2.5,0,0,0,0,0,0,0,0.07692307692307693,13,2.3527807341172147,2.765035443007946,2.76864692568779,0,26
final_hybrid,2026086317,3,0,-21.0,3.0,0,0,0,0,0,0,0,0.028985507246376812,69,2.2636177760643372,2.597530744969845,3.055961336940527,0,139
final_hybrid,2026086318,0,2,-20.0,3.0,0,0,0,0,0,0,0,0.01818181818181818,55,2.365335153246468,2.762963343411684,2.798820845782757,0,111
final_hybrid,2026086318,1,2,60.0,1.0,1,1,0,0,0,0,0,0.017857142857142856,56,2.3157857857378468,2.7329990407451987,2.815424930304289,0,111
final_hybrid,2026086318,2,2,-8.0,2.5,0,0,0,0,0,0,0,0.017857142857142856,56,2.3131631231600687,2.8472691774368286,2.88890628144145,0,112
final_hybrid,2026086318,3,2,-35.0,3.0,0,0,0,0,0,0,0,0.0,75,2.3314109382530055,2.9076116159558296,2.9772031120955944,0,152
final_hybrid,2026086319,0,2,34.0,1.0,1,0,0,0,0,0,0,0.02564102564102564,39,2.4443970491679816,2.8937678318470716,5.0603412091732025,0,78
final_hybrid,2026086319,1,2,-18.0,4.0,0,0,1,10,0,0,0,0.02631578947368421,38,2.3428404973329684,2.8251400217413902,2.8745848685503006,0,76
final_hybrid,2026086319,2,2,-8.0,2.5,0,0,0,0,0,0,0,0.0,39,2.3266724072014675,2.873104717582464,2.9130768962204456,0,78
final_hybrid,2026086319,3,2,-8.0,2.5,0,0,0,0,0,0,0,0.02564102564102564,39,2.27583119741235,2.653809729963541,2.686041872948408,0,78
final_hybrid,2026086320,0,2,0.0,2.5,0,0,0,0,0,1,1,0.03614457831325301,83,2.3538975819316974,2.835756866261363,2.8834822587668896,0,166
final_hybrid,2026086320,1,2,34.0,1.0,1,0,0,0,0,0,0,0.09302325581395349,43,2.252232705697764,2.5623857509344816,2.7169128879904747,0,86
final_hybrid,2026086320,2,2,-8.0,2.5,0,0,0,0,0,0,0,0.023255813953488372,43,2.2966357727729996,2.759100589901209,2.7806521393358707,0,86
final_hybrid,2026086320,3,2,-8.0,2.5,0,0,0,0,0,0,0,0.0,47,2.337300803195289,3.0041588470339775,3.0892868526279926,0,94
final_hybrid,2026086321,0,2,-20.0,3.0,0,0,0,0,0,0,0,0.06666666666666667,45,2.311720523155398,2.722158189862966,2.8070989064872265,0,91
final_hybrid,2026086321,1,2,-20.0,3.0,0,0,0,0,0,0,0,0.022222222222222223,45,2.3145761961738267,2.738090045750141,2.7812360785901546,0,91
final_hybrid,2026086321,2,2,-20.0,3.0,0,0,0,0,0,0,0,0.022222222222222223,45,2.2845533159044056,2.6952920481562614,2.742612734436989,0,91
final_hybrid,2026086321,3,2,-20.0,4.0,0,0,1,12,0,0,0,0.03125,32,2.283409732626751,2.617696183733642,2.7053109370172024,0,64
final_hybrid,2026086322,0,0,-20.0,3.0,0,0,0,0,0,0,0,0.029411764705882353,34,2.3784181240069517,2.8200872708112,3.1417296268045902,0,69
final_hybrid,2026086322,1,0,-20.0,3.0,0,0,0,0,0,0,0,0.029411764705882353,34,2.3035999688812914,2.7056648628786206,2.7482411824166775,0,69
final_hybrid,2026086322,2,0,60.0,1.0,1,1,0,0,0,0,0,0.02857142857142857,35,2.2801675567669526,2.7969404123723507,2.882970031350851,0,69
final_hybrid,2026086322,3,0,-20.0,3.0,0,0,0,0,0,0,0,0.027777777777777776,36,2.2922468164728746,2.760275499895215,2.7922261506319046,0,73
final_hybrid,2026086323,0,2,-22.0,3.0,0,0,0,0,0,0,0,0.038461538461538464,78,2.2930744916009598,2.571038738824427,2.728625200688839,0,157
final_hybrid,2026086323,1,2,35.0,1.0,1,0,0,0,0,0,0,0.022222222222222223,45,2.3298866425951323,2.807200141251087,2.9185572639107704,0,90
final_hybrid,2026086323,2,2,66.0,1.0,1,1,0,0,0,0,0,0.02531645569620253,79,2.345823352755625,2.9335512779653072,3.5918247886002064,0,157
final_hybrid,2026086323,3,2,-19.0,4.0,0,0,1,11,0,0,0,0.02857142857142857,35,2.265739188130413,2.6942112017422915,2.7938149869441986,0,70
final_hybrid,2026086324,0,2,-18.0,3.0,0,0,0,0,0,0,0,0.05128205128205128,39,2.363061627898461,2.759019657969475,2.788329031318426,0,79
final_hybrid,2026086324,1,2,-8.0,2.5,0,0,0,0,0,0,0,0.0425531914893617,47,2.287352021704329,2.6870672591030598,3.1709838658571243,0,94
final_hybrid,2026086324,2,2,-18.0,3.0,0,0,0,0,0,0,0,0.0,39,2.328496892005205,2.8658454306423664,2.9324949719011784,0,79
final_hybrid,2026086324,3,2,-18.0,3.0,0,0,0,0,0,0,0,0.0,39,2.3124167719521584,2.8752949088811874,2.907437738031149,0,79
final_hybrid,2026086325,0,1,-33.0,4.0,0,0,1,25,0,0,0,0.03278688524590164,61,2.346839419886714,2.788132056593895,2.8567672707140446,0,122
final_hybrid,2026086325,1,1,-8.0,2.5,0,0,0,0,0,0,0,0.0,61,2.3249401405575822,2.86271795630455,2.901064697653055,0,122
final_hybrid,2026086325,2,1,-8.0,2.5,0,0,0,0,0,0,0,0.0,56,2.3023831475126957,2.7936617843806744,2.8363270685076714,0,112
final_hybrid,2026086325,3,1,-8.0,2.5,0,0,0,0,0,0,0,0.0,59,2.2821275880402427,2.7156023774296045,2.8721881099045277,0,118
final_hybrid,2026086326,0,2,-19.0,3.0,0,0,0,0,0,0,0,0.03636363636363636,55,2.3338477804579516,2.6766810566186905,2.8167348355054855,0,111
final_hybrid,2026086326,1,2,60.0,1.0,1,1,0,0,0,0,0,0.0,76,2.3759500809798113,2.9970385367050767,3.263444174081087,0,151
final_hybrid,2026086326,2,2,-17.0,3.0,0,0,0,0,0,0,0,0.0,41,2.3093669584429843,2.7965730987489223,2.829540055245161,0,83
final_hybrid,2026086326,3,2,34.0,1.0,1,0,0,0,0,0,0,0.04477611940298507,67,2.268528134853982,2.650200156494975,2.6833717711269855,0,134
final_hybrid,2026086327,0,3,-8.0,2.5,0,0,0,0,0,0,0,0.022727272727272728,44,2.350016846321523,2.7398512000218034,2.797209657728672,0,88
final_hybrid,2026086327,1,3,-24.0,4.0,0,0,1,16,0,0,0,0.022727272727272728,44,2.3115917574614286,2.737592742778361,2.9779458418488503,0,88
final_hybrid,2026086327,2,3,40.0,1.0,1,0,0,0,0,0,0,0.022727272727272728,44,2.2749953416430135,2.7191514149308205,2.7386737056076527,0,88
final_hybrid,2026086327,3,3,-8.0,2.5,0,0,0,0,0,0,0,0.0,44,2.272887896238403,2.7260206872597337,2.739387098699808,0,88
final_hybrid,2026086328,0,2,-17.0,3.0,0,0,0,0,0,0,0,0.0,45,2.384321784807576,2.8517031110823154,3.044307231903076,0,91
final_hybrid,2026086328,1,2,33.0,1.0,1,0,0,0,0,0,0,0.0,43,2.382875712545112,3.0379321426153183,3.1591267324984074,0,86
final_hybrid,2026086328,2,2,-17.0,3.0,0,0,0,0,0,0,0,0.04081632653061224,49,2.2709455759245523,2.6312208734452724,2.800014801323414,0,99
final_hybrid,2026086328,3,2,-17.0,3.0,0,0,0,0,0,0,0,0.0,45,2.301907497975561,2.810428198426962,2.818971872329712,0,91
final_hybrid,2026086329,0,3,174.0,1.0,1,1,0,0,0,0,0,0.06451612903225806,62,2.3116389770180947,2.6953374501317735,2.7709808200597763,0,123
final_hybrid,2026086329,1,3,-38.0,3.0,0,0,0,0,0,0,0,0.016666666666666666,60,2.336842489118377,2.830322925001383,3.0902731232345104,0,121
final_hybrid,2026086329,2,3,-38.0,3.0,0,0,0,0,0,0,0,0.04918032786885246,61,2.277966558200414,2.748508006334305,2.9279394075274467,0,123
final_hybrid,2026086329,3,3,-38.0,3.0,0,0,0,0,0,0,0,0.03389830508474576,59,2.2698818563909855,2.701351372525096,2.7310545556247234,0,119
final_hybrid,2026086330,0,0,-16.0,4.0,0,0,1,8,0,0,0,0.05555555555555555,36,2.343965836593674,2.7420769911259413,2.7761836536228657,0,72
final_hybrid,2026086330,1,0,-8.0,2.5,0,0,0,0,0,0,0,0.05555555555555555,36,2.298842210115658,2.726714825257659,2.7707908302545547,0,72
final_hybrid,2026086330,2,0,-20.0,3.0,0,0,0,0,0,0,0,0.0,47,2.3332981769233307,2.800881117582321,2.83341808244586,0,95
final_hybrid,2026086330,3,0,-8.0,2.5,0,0,0,0,0,0,0,0.0,36,2.3253893919496074,2.81681923661381,3.3381907269358635,0,72
final_hybrid,2026086331,0,0,-16.0,4.0,0,0,1,8,0,0,0,0.043478260869565216,46,2.3524473502260186,2.769727958366275,2.8158253990113735,0,92
final_hybrid,2026086331,1,0,45.0,1.0,1,0,0,0,0,0,0,0.0,67,2.4025486782193184,2.975543774664402,3.078687936067581,0,134
final_hybrid,2026086331,2,0,-8.0,2.5,0,0,0,0,0,0,0,0.021739130434782608,46,2.2912765853106976,2.743909484706819,2.7753040194511414,0,92
final_hybrid,2026086331,3,0,-8.0,2.5,0,0,0,0,0,0,0,0.06521739130434782,46,2.2361064734666245,2.5680711260065436,2.7223359793424606,0,92
final_hybrid,2026086332,0,3,34.0,1.0,1,0,0,0,0,0,0,0.017857142857142856,56,2.3886659764684737,2.875870210118592,3.5178917460143566,0,112
final_hybrid,2026086332,1,3,-8.0,2.5,0,0,0,0,0,0,0,0.03571428571428571,56,2.2907976027844206,2.6376816676929593,2.670077607035637,0,112
final_hybrid,2026086332,2,3,-18.0,4.0,0,0,1,10,0,0,0,0.02857142857142857,35,2.308660306568657,2.7970613446086645,2.835948020219803,0,70
final_hybrid,2026086332,3,3,-8.0,2.5,0,0,0,0,0,0,0,0.046511627906976744,43,2.260878649648539,2.665780810639262,2.7624517679214478,0,86
final_hybrid,2026086333,0,2,32.0,1.0,1,0,0,0,0,0,0,0.018867924528301886,53,2.3817467626254514,2.830617967993021,2.8915698640048504,0,106
final_hybrid,2026086333,1,2,-16.0,4.0,0,0,1,8,0,0,0,0.0,85,2.343582794727648,2.8738146647810936,2.9425369575619698,0,170
final_hybrid,2026086333,2,2,32.0,1.0,1,0,0,0,0,0,0,0.03529411764705882,85,2.2879033568589127,2.662108186632395,3.44801414757967,0,170
final_hybrid,2026086333,3,2,-8.0,2.5,0,0,0,0,0,0,0,0.011764705882352941,85,2.2964687579694916,2.7558830566704273,2.8468938544392586,0,170
final_hybrid,2026086334,0,0,37.0,1.0,1,0,0,0,0,0,0,0.0,63,2.4079402154755023,2.9433127492666245,3.3909231424331665,0,126
final_hybrid,2026086334,1,0,33.0,1.0,1,0,0,0,0,0,0,0.043478260869565216,46,2.275796111106225,2.6665342738851905,2.678035758435726,0,92
final_hybrid,2026086334,2,0,-30.0,4.0,0,0,1,22,0,0,0,0.027777777777777776,72,2.257306018792507,2.550317137502134,2.6471028104424477,0,144
final_hybrid,2026086334,3,0,-19.0,3.0,0,0,0,0,0,0,0,0.024390243902439025,41,2.2757984584242834,2.7294112369418144,2.750410232692957,0,83
final_hybrid,2026086335,0,0,-20.0,4.0,0,0,1,12,0,0,0,0.07142857142857142,28,2.3621341180322424,2.7989267837256193,3.044300712645054,0,56
final_hybrid,2026086335,1,0,-8.0,2.5,0,0,0,0,0,0,0,0.0,28,2.296155451663903,2.7622143272310495,2.795098815113306,0,56
final_hybrid,2026086335,2,0,-8.0,2.5,0,0,0,0,0,0,0,0.10714285714285714,28,2.2477064714101807,2.662703627720475,2.8460202738642693,0,56
final_hybrid,2026086335,3,0,32.0,1.0,1,0,0,0,0,0,0,0.0,36,2.3323389080663524,2.957309829071164,2.977875992655754,0,72
final_hybrid,2026086336,0,1,-8.0,2.5,0,0,0,0,0,0,0,0.027777777777777776,72,2.3242439104554555,2.612790185958147,3.3401953987777233,0,144
final_hybrid,2026086336,1,1,38.0,1.0,1,0,0,0,0,0,0,0.07142857142857142,28,2.307292988656887,2.7205267921090126,2.8021568432450294,0,56
final_hybrid,2026086336,2,1,-8.0,2.5,0,0,0,0,0,0,0,0.10714285714285714,28,2.259169871519719,2.5744783226400614,2.63131782412529,0,56
final_hybrid,2026086336,3,1,-22.0,4.0,0,0,1,14,0,0,0,0.0,28,2.3212571561868702,2.8549864888191223,2.858736552298069,0,56
final_hybrid,2026086337,0,3,99.0,1.0,1,1,0,0,0,0,0,0.0,49,2.3707284078914292,2.8212491422891617,2.8619766235351562,0,97
final_hybrid,2026086337,1,3,-8.0,2.5,0,0,0,0,0,0,0,0.06382978723404255,47,2.3046469097917384,2.6827571447938676,2.806910313665867,0,94
final_hybrid,2026086337,2,3,-33.0,3.0,0,0,0,0,0,0,0,0.0,48,2.3283807774229595,2.8917133808135986,2.969469875097275,0,97
final_hybrid,2026086337,3,3,-33.0,3.0,0,0,0,0,0,0,0,0.0,48,2.356094123873239,2.929599513299763,2.9446822591125965,0,97
final_hybrid,2026086338,0,1,34.0,1.0,1,0,0,0,0,0,0,0.038461538461538464,26,2.350181072520522,2.7479942655190825,3.124931827187538,0,52
final_hybrid,2026086338,1,1,-8.0,2.5,0,0,0,0,0,0,0,0.0,48,2.345329431894546,2.7849752688780427,2.824119757860899,0,96
final_hybrid,2026086338,2,1,-8.0,2.5,0,0,0,0,0,0,0,0.0,26,2.318835100875451,2.818231354467571,2.834881190210581,0,52
final_hybrid,2026086338,3,1,-8.0,2.5,0,0,0,0,0,0,0,0.0,26,2.3060070995527964,2.7858748799189925,2.800519112497568,0,52
final_hybrid,2026086339,0,2,33.0,1.0,1,0,0,0,0,0,0,0.03409090909090909,88,2.3333402403460983,2.617721236310899,3.01483366638422,0,176
final_hybrid,2026086339,1,2,-18.0,4.0,0,0,1,10,0,0,0,0.0,16,2.363625942962244,2.767085563391447,2.776198089122772,0,32
final_hybrid,2026086339,2,2,-8.0,2.5,0,0,0,0,0,0,0,0.0,16,2.2736358223482966,2.8087773825973272,2.814440056681633,0,32
final_hybrid,2026086339,3,2,-8.0,2.5,0,0,0,0,0,0,0,0.0,57,2.3244382617504975,2.856814209371805,3.3734338358044624,0,114
final_hybrid,2026086340,0,0,0.0,2.5,0,0,0,0,0,1,0,0.022727272727272728,88,2.349981741810387,2.6899109361693263,2.7834330685436726,0,176
final_hybrid,2026086340,1,0,90.0,1.0,1,1,0,0,0,0,0,0.01639344262295082,61,2.3156767024002116,2.7393531054258347,2.7928221970796585,0,121
final_hybrid,2026086340,2,0,-8.0,2.5,0,0,0,0,0,0,0,0.016666666666666666,60,2.3240804905071855,2.876716246828437,2.9278360307216644,0,120
final_hybrid,2026086340,3,0,0.0,2.5,0,0,0,0,0,1,0,0.0,88,2.3319904470223594,2.874095062725246,3.0688028782606125,0,176
final_hybrid,2026086341,0,3,-8.0,2.5,0,0,0,0,0,0,0,0.058823529411764705,51,2.331370314327525,2.676683710888028,2.812820952385664,0,102
final_hybrid,2026086341,1,3,34.0,1.0,1,0,0,0,0,0,0,0.0392156862745098,51,2.316544179384615,2.7733941096812487,2.802215050905943,0,102
final_hybrid,2026086341,2,3,-8.0,2.5,0,0,0,0,0,0,0,0.05,40,2.318844443652779,2.790602343156934,2.8373049572110176,0,80
final_hybrid,2026086341,3,3,-8.0,2.5,0,0,0,0,0,0,0,0.025974025974025976,77,2.30163921807687,2.784751169383526,2.820781897753477,0,153
final_hybrid,2026086342,0,1,-23.0,3.0,0,0,0,0,0,0,0,0.0,41,2.3903389597629627,2.84022418782115,2.8757909312844276,0,83
final_hybrid,2026086342,1,1,45.0,1.0,1,0,0,0,0,0,0,0.018518518518518517,54,2.3376982383154057,2.7492344845086336,3.025903832167387,0,108
final_hybrid,2026086342,2,1,-8.0,2.5,0,0,0,0,0,0,0,0.018518518518518517,54,2.3216554567355803,2.7753749396651983,2.8084437362849712,0,108
final_hybrid,2026086342,3,1,-29.0,4.0,0,0,1,21,0,0,0,0.0,54,2.3159777866331517,2.78909420594573,2.802915871143341,0,108
final_hybrid,2026086343,0,2,-8.0,2.5,0,0,0,0,0,0,0,0.0,58,2.4628540468883924,3.000797750428319,5.500397179275751,0,117
final_hybrid,2026086343,1,2,-8.0,2.5,0,0,0,0,0,0,0,0.015384615384615385,65,2.3574634813345394,2.802828326821327,2.8793360106647015,0,129
final_hybrid,2026086343,2,2,-17.0,3.0,0,0,0,0,0,0,0,0.029850746268656716,67,2.2823303076091097,2.6805045548826456,2.7174940332770348,0,136
final_hybrid,2026086343,3,2,33.0,1.0,1,0,0,0,0,0,0,0.05172413793103448,58,2.2541578248913945,2.6433158898726106,2.6738131418824196,0,117
final_hybrid,2026086344,0,1,-8.0,2.5,0,0,0,0,0,0,0,0.0967741935483871,31,2.3227169839364867,2.759292023256421,2.8266608715057373,0,62
final_hybrid,2026086344,1,1,-8.0,2.5,0,0,0,0,0,0,0,0.05357142857142857,56,2.274960661972208,2.5863315677270293,2.6357737369835377,0,112
final_hybrid,2026086344,2,1,-20.0,4.0,0,0,1,12,0,0,0,0.02564102564102564,39,2.2982678089577417,2.760795410722494,2.8053796850144863,0,78
final_hybrid,2026086344,3,1,-22.0,3.0,0,0,0,0,0,0,0,0.05128205128205128,39,2.2539008074463944,2.581081446260214,2.700899261981249,0,79
final_hybrid,2026086345,0,1,-18.0,4.0,0,0,1,10,0,0,0,0.020833333333333332,48,2.366037864703685,2.7497511822730303,2.779351081699133,0,96
final_hybrid,2026086345,1,1,-8.0,2.5,0,0,0,0,0,0,0,0.015873015873015872,63,2.344551060112223,2.8208539355546236,2.8747939504683018,0,126
final_hybrid,2026086345,2,1,-8.0,2.5,0,0,0,0,0,0,0,0.031746031746031744,63,2.3018218103855377,2.7724612038582563,2.8886529617011547,0,126
final_hybrid,2026086345,3,1,38.0,1.0,1,0,0,0,0,0,0,0.06976744186046512,43,2.2500750045616957,2.591735916212201,2.704337239265442,0,86
final_hybrid,2026086346,0,0,-8.0,2.5,0,0,0,0,0,0,0,0.0,60,2.4133432811746993,2.913273125886917,3.357083071023226,0,120
final_hybrid,2026086346,1,0,-8.0,2.5,0,0,0,0,0,0,0,0.0,54,2.335516615184369,2.86567744333297,2.8928108513355255,0,108
final_hybrid,2026086346,2,0,-8.0,2.5,0,0,0,0,0,0,0,0.0,68,2.371472231221988,2.963748504407704,3.2984339632093906,0,136
final_hybrid,2026086346,3,0,0.0,2.5,0,0,0,0,0,1,0,0.011363636363636364,88,2.3120918300595474,2.7875833678990602,3.2279398292303085,0,176
final_hybrid,2026086347,0,0,33.0,1.0,1,0,0,0,0,0,0,0.017241379310344827,58,2.4291733279824257,3.0501240165904164,3.0750390142202377,0,116
final_hybrid,2026086347,1,0,-30.0,3.0,0,0,0,0,0,0,0,0.0,58,2.369937976693799,2.912959596142173,3.0320840887725353,0,117
final_hybrid,2026086347,2,0,-8.0,2.5,0,0,0,0,0,0,0,0.02702702702702703,74,2.26845164355394,2.610772498883307,2.697745803743601,0,148
final_hybrid,2026086347,3,0,-31.0,4.0,0,0,1,23,0,0,0,0.029411764705882353,68,2.294053535853677,2.727790013886988,2.766652964055538,0,136
final_hybrid,2026086348,0,3,-21.0,3.0,0,0,0,0,0,0,0,0.08823529411764706,34,2.33482605065493,2.7468479238450527,2.7804719284176826,0,69
final_hybrid,2026086348,1,3,33.0,1.0,1,0,0,0,0,0,0,0.03225806451612903,31,2.3507443256676197,2.8475273866206408,2.8801588341593742,0,62
final_hybrid,2026086348,2,3,-21.0,3.0,0,0,0,0,0,0,0,0.0,31,2.329372034798707,2.836500992998481,2.898206003010273,0,63
final_hybrid,2026086348,3,3,63.0,1.0,1,1,0,0,0,0,0,0.0,32,2.355610005906783,2.81851829495281,4.460496827960014,0,63
final_hybrid,2026086349,0,0,-19.0,4.0,0,0,1,11,0,0,0,0.0,58,2.42275511043082,2.9082671273499727,3.158421255648136,0,116
final_hybrid,2026086349,1,0,-8.0,2.5,0,0,0,0,0,0,0,0.0,32,2.354725045734085,2.8164386050775647,2.8519988991320133,0,64
final_hybrid,2026086349,2,0,32.0,1.0,1,0,0,0,0,0,0,0.09375,32,2.2600253723794594,2.6710942620411515,2.727287821471691,0,64
final_hybrid,2026086349,3,0,-20.0,3.0,0,0,0,0,0,0,0,0.0,58,2.3801321131658963,2.912154560908675,4.820028785616159,0,117
final_hybrid,2026086350,0,3,34.0,1.0,1,0,0,0,0,0,0,0.06818181818181818,44,2.3088541030037133,2.6274210307747126,2.73623364046216,0,88
final_hybrid,2026086350,1,3,-18.0,4.0,0,0,1,10,0,0,0,0.04054054054054054,74,2.34201892807677,2.794315875507891,2.853279933333397,0,148
final_hybrid,2026086350,2,3,-21.0,4.0,0,0,1,13,0,0,0,0.012195121951219513,82,2.326392949127206,2.8063358273357153,3.184522967785597,0,164
final_hybrid,2026086350,3,3,-21.0,3.0,0,0,0,0,0,0,0,0.036585365853658534,82,2.293754953936469,2.775603556074202,2.8426069766283035,0,165
final_hybrid,2026086351,0,3,35.0,1.0,1,0,0,0,0,0,0,0.0,65,2.3898261384322095,2.9211499728262424,3.0317273922264576,0,130
final_hybrid,2026086351,1,3,0.0,2.5,0,0,0,0,0,1,1,0.023809523809523808,84,2.3134734891798523,2.729275706224143,2.7780039235949516,0,168
final_hybrid,2026086351,2,3,-8.0,2.5,0,0,0,0,0,0,0,0.0,57,2.326839007110449,2.8839286416769028,2.963471692055464,0,114
final_hybrid,2026086351,3,3,-20.0,3.0,0,0,0,0,0,0,0,0.0,71,2.3158643342239755,2.7748779393732548,2.8323279693722725,0,143
final_hybrid,2026086352,0,0,54.0,1.0,1,1,0,0,0,0,0,0.018867924528301886,53,2.3539784838849642,2.8034511022269726,2.947647124528885,0,105
final_hybrid,2026086352,1,0,-22.0,3.0,0,0,0,0,0,0,0,0.0,50,2.3247079644352198,2.7209872845560312,2.786490134894848,0,101
final_hybrid,2026086352,2,0,-34.0,3.0,0,0,0,0,0,0,0,0.0,44,2.303790925493972,2.7650186559185386,2.7704942040145397,0,89
final_hybrid,2026086352,3,0,-22.0,3.0,0,0,0,0,0,0,0,0.0,50,2.309946371242404,2.797418413683772,2.8702616691589355,0,101
final_hybrid,2026086353,0,0,32.0,1.0,1,0,0,0,0,0,0,0.04,25,2.3677525483071804,2.7394955046474934,2.8463429771363735,0,50
final_hybrid,2026086353,1,0,-16.0,4.0,0,0,1,8,0,0,0,0.04,25,2.37768217921257,2.8446806594729424,2.853700891137123,0,50
final_hybrid,2026086353,2,0,-8.0,2.5,0,0,0,0,0,0,0,0.0,25,2.3324223048985004,2.9267831705510616,2.986691892147064,0,50
final_hybrid,2026086353,3,0,-8.0,2.5,0,0,0,0,0,0,0,0.0,25,2.3142742551863194,2.8358343057334423,2.849522978067398,0,50
final_hybrid,2026086354,0,3,0.0,2.5,0,0,0,0,0,1,0,0.023255813953488372,86,2.3622603079867224,2.773980377241969,3.347257152199745,0,173
final_hybrid,2026086354,1,3,-19.0,4.0,0,0,1,11,0,0,0,0.0,49,2.384825486081595,2.8165272437036037,4.299973603338003,0,99
final_hybrid,2026086354,2,3,49.0,1.0,1,0,0,0,0,0,0,0.031746031746031744,63,2.3039373761368176,2.826479310169816,2.910059876739979,0,127
final_hybrid,2026086354,3,3,-8.0,2.5,0,0,0,0,0,0,0,0.0,81,2.335973980802077,2.864479087293148,3.4119440242648125,0,162
final_hybrid,2026086355,0,3,54.0,1.0,1,1,0,0,0,0,0,0.07142857142857142,28,2.3300672182813287,2.791116386651993,2.866119146347046,0,55
final_hybrid,2026086355,1,3,-18.0,3.0,0,0,0,0,0,0,0,0.07407407407407407,27,2.3203610132137933,2.788318367674947,2.80344532802701,0,55
final_hybrid,2026086355,2,3,-16.0,3.0,0,0,0,0,0,0,0,0.02857142857142857,35,2.290579676628113,2.749179257079959,3.1467932276427746,0,71
final_hybrid,2026086355,3,3,34.0,1.0,1,0,0,0,0,0,0,0.0625,32,2.2808761859778315,2.780819428153336,2.826244104653597,0,64
final_hybrid,2026086356,0,0,-29.0,3.0,0,0,0,0,0,0,0,0.03571428571428571,56,2.3667597311681936,2.754246350377798,2.7947351336479187,0,112
final_hybrid,2026086356,1,0,-8.0,2.5,0,0,0,0,0,0,0,0.0,74,2.403996991799087,3.073210269212723,3.201899118721485,0,149
final_hybrid,2026086356,2,0,-8.0,2.5,0,0,0,0,0,0,0,0.03125,64,2.31179208640242,2.7505856938660145,3.246431238949299,0,129
final_hybrid,2026086356,3,0,-8.0,2.5,0,0,0,0,0,0,0,0.0,65,2.316863132784,2.822011336684227,2.898363396525383,0,131
final_hybrid,2026086357,0,1,-20.0,3.0,0,0,0,0,0,0,0,0.07317073170731707,41,2.332172867637582,2.7263001538813114,2.873580902814865,0,83
final_hybrid,2026086357,1,1,60.0,1.0,1,1,0,0,0,0,0,0.047619047619047616,42,2.316875582826989,2.6841236045584083,2.751678694039583,0,83
final_hybrid,2026086357,2,1,-20.0,3.0,0,0,0,0,0,0,0,0.0,41,2.321094251805689,2.8980299830436707,2.9251230880618095,0,83
final_hybrid,2026086357,3,1,-20.0,3.0,0,0,0,0,0,0,0,0.0,41,2.340036614729864,3.0404650606215,3.051991108804941,0,83
final_hybrid,2026086358,0,3,-19.0,3.0,0,0,0,0,0,0,0,0.0,78,2.422539188932532,2.9389110626652837,3.5043973475694656,0,157
final_hybrid,2026086358,1,3,-18.0,3.0,0,0,0,0,0,0,0,0.0,63,2.366518232202719,2.895752852782607,2.953920979052782,0,127
final_hybrid,2026086358,2,3,-8.0,2.5,0,0,0,0,0,0,0,0.02531645569620253,79,2.3109853692069837,2.818764839321375,2.8474899008870125,0,158
final_hybrid,2026086358,3,3,63.0,1.0,1,1,0,0,0,0,0,0.015625,64,2.3147068932303227,2.8739948524162173,2.9030651785433292,0,127
final_hybrid,2026086359,0,2,-16.0,3.0,0,0,0,0,0,0,0,0.0,51,2.363367070096965,2.7585665229707956,2.8861421160399914,0,103
final_hybrid,2026086359,1,2,37.0,1.0,1,0,0,0,0,0,0,0.03076923076923077,65,2.298085935986959,2.7198760770261288,2.7992581017315388,0,130
final_hybrid,2026086359,2,2,-8.0,2.5,0,0,0,0,0,0,0,0.058823529411764705,51,2.2764336317777634,2.6853240560740232,2.7541229501366615,0,102
final_hybrid,2026086359,3,2,-38.0,4.0,0,0,1,30,0,0,0,0.04081632653061224,49,2.303465060433563,2.738406416028738,2.7602151967585087,0,98
final_hybrid,2026086360,0,1,-8.0,2.5,0,0,0,0,0,0,0,0.0,44,2.379885377277705,2.7979034930467606,3.1637540087103844,0,88
final_hybrid,2026086360,1,1,-32.0,3.0,0,0,0,0,0,0,0,0.018867924528301886,53,2.359374399947108,2.8640328906476498,2.8932299464941025,0,107
final_hybrid,2026086360,2,1,-32.0,3.0,0,0,0,0,0,0,0,0.03571428571428571,56,2.2875256753260538,2.7082384331151843,2.7464721351861954,0,113
final_hybrid,2026086360,3,1,96.0,1.0,1,1,0,0,0,0,0,0.0,57,2.374812789065273,3.0440171249210835,3.6824620328843594,0,113
final_hybrid,2026086361,0,3,-8.0,2.5,0,0,0,0,0,0,0,0.0,73,2.393848926135122,2.8251133859157562,3.458807710558176,0,146
final_hybrid,2026086361,1,3,-34.0,3.0,0,0,0,0,0,0,0,0.03333333333333333,60,2.2833576581130424,2.546303765848279,2.694206777960062,0,121
final_hybrid,2026086361,2,3,48.0,1.0,1,0,0,0,0,0,0,0.0,42,2.2693886421620846,2.6535919634625316,2.7603101916611195,0,84
final_hybrid,2026086361,3,3,-8.0,2.5,0,0,0,0,0,0,0,0.025974025974025976,77,2.2885027801158366,2.667743247002363,2.876955084502697,0,154
final_hybrid,2026086362,0,1,60.0,1.0,1,1,0,0,0,0,0,0.044444444444444446,45,2.307052227358023,2.5912512093782425,2.751859836280346,0,89
final_hybrid,2026086362,1,1,-20.0,3.0,0,0,0,0,0,0,0,0.0,44,2.3286407601765613,2.822366263717413,2.8912401758134365,0,89
final_hybrid,2026086362,2,1,-18.0,3.0,0,0,0,0,0,0,0,0.05128205128205128,39,2.304297943527882,2.7188530191779137,2.7699419297277927,0,79
final_hybrid,2026086362,3,1,34.0,1.0,1,0,0,0,0,0,0,0.02702702702702703,37,2.280919359543839,2.714716922491789,2.7179098688066006,0,74
final_hybrid,2026086363,0,0,-16.0,3.0,0,0,0,0,0,0,0,0.017241379310344827,58,2.3674637336155464,2.8208260191604495,2.8674686327576637,0,117
final_hybrid,2026086363,1,0,0.0,2.5,0,0,0,0,0,1,0,0.0,85,2.3264422136194565,2.7812186628580093,2.834876999258995,0,170
final_hybrid,2026086363,2,0,-19.0,4.0,0,0,1,11,0,0,0,0.041666666666666664,48,2.2756097314413637,2.6352911721915007,2.7375430800020695,0,96
final_hybrid,2026086363,3,0,35.0,1.0,1,0,0,0,0,0,0,0.041666666666666664,48,2.278071090889474,2.744781970977783,2.764308825135231,0,96
final_hybrid,2026086364,0,2,-8.0,2.5,0,0,0,0,0,0,0,0.0,27,2.375635956586511,2.7477603405714035,2.7590938843786716,0,54
final_hybrid,2026086364,1,2,0.0,2.5,0,0,0,0,0,1,1,0.011494252873563218,87,2.3844294924417446,2.9631211888045073,3.087707329541445,0,174
final_hybrid,2026086364,2,2,32.0,1.0,1,0,0,0,0,0,0,0.06521739130434782,46,2.2508922113996483,2.5743063306435943,2.599257044494152,0,92
final_hybrid,2026086364,3,2,32.0,1.0,1,0,0,0,0,0,0,0.03076923076923077,65,2.2933925430362043,2.817598357796669,2.881500869989395,0,130
final_hybrid,2026086365,0,3,-20.0,3.0,0,0,0,0,0,0,0,0.0,42,2.373896993785387,2.8012485941872,2.814357168972492,0,85
final_hybrid,2026086365,1,3,-8.0,2.5,0,0,0,0,0,0,0,0.025,40,2.3272990016266704,2.75755412876606,2.776338253170252,0,80
final_hybrid,2026086365,2,3,40.0,1.0,1,0,0,0,0,0,0,0.0,40,2.3235033033415675,2.843785611912608,2.926895394921303,0,80
final_hybrid,2026086365,3,3,-8.0,2.5,0,0,0,0,0,0,0,0.0,49,2.3491456154353765,2.936411928385496,2.9703998006880283,0,98
final_hybrid,2026086366,0,2,-8.0,2.5,0,0,0,0,0,0,0,0.023529411764705882,85,2.3528518374351894,2.7823864482343197,2.8194738551974297,0,170
final_hybrid,2026086366,1,2,48.0,1.0,1,1,0,0,0,0,0,0.013333333333333334,75,2.3499276054402194,2.9698120895773172,3.0348142609000206,0,149
final_hybrid,2026086366,2,2,-8.0,2.5,0,0,0,0,0,0,0,0.03773584905660377,53,2.291971720965966,2.697900217026472,2.7339179068803787,0,106
final_hybrid,2026086366,3,2,-21.0,4.0,0,0,1,13,0,0,0,0.015384615384615385,65,2.2989000766896286,2.807273156940937,2.8307968750596046,0,130
final_hybrid,2026086367,0,3,-8.0,2.5,0,0,0,0,0,0,0,0.020833333333333332,48,2.3489644130071006,2.7845898177474737,2.8072409331798553,0,97
final_hybrid,2026086367,1,3,-8.0,2.5,0,0,0,0,0,0,0,0.0,48,2.3469031924226633,2.863788837566972,2.96603562310338,0,97
final_hybrid,2026086367,2,3,32.0,1.0,1,0,0,0,0,0,0,0.041666666666666664,48,2.259886338530729,2.6122694136574864,2.6941639371216297,0,97
final_hybrid,2026086367,3,3,-18.0,4.0,0,0,1,10,0,0,0,0.041666666666666664,48,2.3178393118238696,2.7783459750935435,2.834861632436514,0,95
final_hybrid,2026086368,0,1,-8.0,2.5,0,0,0,0,0,0,0,0.041666666666666664,48,2.3237629793584347,2.6416439097374678,2.8198487125337124,0,96
final_hybrid,2026086368,1,1,34.0,1.0,1,0,0,0,0,0,0,0.0,44,2.3583232171156188,2.9070334509015083,2.960141748189926,0,88
final_hybrid,2026086368,2,1,-8.0,2.5,0,0,0,0,0,0,0,0.022727272727272728,44,2.3065051169727337,2.787408302538097,2.829373814165592,0,88
final_hybrid,2026086368,3,1,-29.0,3.0,0,0,0,0,0,0,0,0.045454545454545456,44,2.2556547774001956,2.5903115747496486,2.619505859911442,0,89
final_hybrid,2026086369,0,0,-8.0,2.5,0,0,0,0,0,0,0,0.043478260869565216,46,2.366904908305277,2.78702680952847,2.7955411933362484,0,92
final_hybrid,2026086369,1,0,33.0,1.0,1,0,0,0,0,0,0,0.037037037037037035,27,2.3282216171975487,2.8209694661200047,2.8358260169625282,0,54
final_hybrid,2026086369,2,0,-18.0,4.0,0,0,1,10,0,0,0,0.0,49,2.294752442715119,2.7963017113506794,2.8654937632381916,0,98
final_hybrid,2026086369,3,0,57.0,1.0,1,1,0,0,0,0,0,0.07142857142857142,28,2.2894503282649175,2.771755284629762,2.7974629774689674,0,55
final_hybrid,2026086370,0,0,-19.0,3.0,0,0,0,0,0,0,0,0.05128205128205128,39,2.3299095292504015,2.7344076428562403,2.7551529929041862,0,79
final_hybrid,2026086370,1,0,57.0,1.0,1,1,0,0,0,0,0,0.05,40,2.302857709582895,2.751361788250506,2.7973451651632786,0,79
final_hybrid,2026086370,2,0,-19.0,3.0,0,0,0,0,0,0,0,0.02564102564102564,39,2.321033786313656,2.8576312586665154,3.386522177606821,0,79
final_hybrid,2026086370,3,0,-19.0,3.0,0,0,0,0,0,0,0,0.0,39,2.3087448774813075,2.892214246094227,2.9956200160086155,0,79
final_hybrid,2026086371,0,3,-8.0,2.5,0,0,0,0,0,0,0,0.0,68,2.395986415007535,2.952864021062851,3.0274721793830395,0,136
final_hybrid,2026086371,1,3,0.0,2.5,0,0,0,0,0,1,1,0.0,84,2.37133941568789,2.9275938868522644,3.051619976758957,0,168
final_hybrid,2026086371,2,3,34.0,1.0,1,0,0,0,0,0,0,0.014705882352941176,68,2.303824253270731,2.774519193917513,2.8806980699300766,0,136
final_hybrid,2026086371,3,3,33.0,1.0,1,0,0,0,0,0,0,0.028985507246376812,69,2.2886366772370925,2.7743791230022907,2.8160312213003635,0,138
final_hybrid,2026086372,0,3,-16.0,4.0,0,0,1,8,0,0,0,0.05263157894736842,57,2.359473203684677,2.7998232282698154,2.8607570566236973,0,114
final_hybrid,2026086372,1,3,-8.0,2.5,0,0,0,0,0,0,0,0.039473684210526314,76,2.2950745616598347,2.68135208170861,2.7688429690897465,0,152
final_hybrid,2026086372,2,3,-8.0,2.5,0,0,0,0,0,0,0,0.0125,80,2.308881003409624,2.7425299864262342,3.8222530856728554,0,160
final_hybrid,2026086372,3,3,-8.0,2.5,0,0,0,0,0,0,0,0.017543859649122806,57,2.287249023650299,2.7074658311903477,2.8018648736178875,0,114
final_hybrid,2026086373,0,3,33.0,1.0,1,0,0,0,0,0,0,0.041666666666666664,48,2.347892315204566,2.702943002805114,4.3906401842832565,0,96
final_hybrid,2026086373,1,3,-8.0,2.5,0,0,0,0,0,0,0,0.0,48,2.3515554688250027,2.875318960286677,2.88320891559124,0,96
final_hybrid,2026086373,2,3,111.0,1.0,1,1,0,0,0,0,0,0.0,57,2.3475574950377145,2.949944231659174,3.0324598774313927,0,113
final_hybrid,2026086373,3,3,69.0,1.0,1,1,0,0,0,0,0,0.0,60,2.306980639696121,2.7988951187580824,2.8149443678557873,0,119
final_hybrid,2026086374,0,2,-8.0,2.5,0,0,0,0,0,0,0,0.0,62,2.410364968161429,2.965122787281871,3.3715679310262203,0,124
final_hybrid,2026086374,1,2,-16.0,4.0,0,0,1,8,0,0,0,0.03225806451612903,62,2.2995429068443274,2.6823868975043297,2.7228998951613903,0,124
final_hybrid,2026086374,2,2,-8.0,2.5,0,0,0,0,0,0,0,0.0,62,2.344048649613415,2.993855532258749,3.0424227006733418,0,124
final_hybrid,2026086374,3,2,32.0,1.0,1,0,0,0,0,0,0,0.015151515151515152,66,2.3228661439409763,2.8794953832402825,2.900785766541958,0,132
final_hybrid,2026086375,0,2,0.0,2.5,0,0,0,0,0,1,0,0.0,86,2.378296247835076,2.838231739588082,3.4426720812916756,0,172
final_hybrid,2026086375,1,2,-8.0,2.5,0,0,0,0,0,0,0,0.024691358024691357,81,2.300633830420765,2.6948219165205956,2.947856206446886,0,163
final_hybrid,2026086375,2,2,0.0,2.5,0,0,0,0,0,1,0,0.03614457831325301,83,2.279219004404114,2.7466441970318556,2.7805310674011707,0,166
final_hybrid,2026086375,3,2,-8.0,2.5,0,0,0,0,0,0,0,0.016129032258064516,62,2.313110188791348,2.8537848964333534,3.065227996557951,0,124
final_hybrid,2026086376,0,3,-8.0,2.5,0,0,0,0,0,0,0,0.014285714285714285,70,2.3448032925703695,2.7611346216872334,2.8327577747404575,0,140
final_hybrid,2026086376,1,3,-8.0,2.5,0,0,0,0,0,0,0,0.02040816326530612,49,2.2981560560969676,2.7393996715545654,2.8160768561065197,0,98
final_hybrid,2026086376,2,3,-21.0,3.0,0,0,0,0,0,0,0,0.0,60,2.319401029186944,2.7746646432206035,3.4626424312591553,0,121
final_hybrid,2026086376,3,3,47.0,1.0,1,0,0,0,0,0,0,0.047619047619047616,63,2.2598857370515666,2.661489136517048,2.7048136107623577,0,125
final_hybrid,2026086377,0,3,-16.0,4.0,0,0,1,8,0,0,0,0.08108108108108109,37,2.306375841333254,2.574065141379833,3.0447477474808693,0,74
final_hybrid,2026086377,1,3,-8.0,2.5,0,0,0,0,0,0,0,0.02702702702702703,37,2.3431125399027324,2.8472453355789185,2.9251137748360634,0,74
final_hybrid,2026086377,2,3,32.0,1.0,1,0,0,0,0,0,0,0.02702702702702703,37,2.317395250036104,2.7902463451027866,3.3217743039131165,0,74
final_hybrid,2026086377,3,3,-8.0,2.5,0,0,0,0,0,0,0,0.02702702702702703,37,2.288768143468612,2.7037305757403374,2.7130614034831524,0,74
final_hybrid,2026086378,0,2,-36.0,4.0,0,0,1,28,0,0,0,0.04081632653061224,49,2.340887369093846,2.7277098968625064,2.7973330579698086,0,98
final_hybrid,2026086378,1,2,105.0,1.0,1,1,0,0,0,0,0,0.02,50,2.339925467967987,2.866343013010919,3.075181972235441,0,99
final_hybrid,2026086378,2,2,-35.0,3.0,0,0,0,0,0,0,0,0.0425531914893617,47,2.2757096671836172,2.6749736163765188,2.7220710180699825,0,95
final_hybrid,2026086378,3,2,-35.0,3.0,0,0,0,0,0,0,0,0.02127659574468085,47,2.2820800622092916,2.7129479683935642,2.7335663326084614,0,95
final_hybrid,2026086379,0,0,-17.0,3.0,0,0,0,0,0,0,0,0.02631578947368421,38,2.393634855060985,2.830619690939784,2.9390440322458744,0,77
final_hybrid,2026086379,1,0,51.0,1.0,1,1,0,0,0,0,0,0.02564102564102564,39,2.3178858801913567,2.8252703603357077,2.8751930221915245,0,77
final_hybrid,2026086379,2,0,-17.0,3.0,0,0,0,0,0,0,0,0.0,37,2.3320310346379474,2.8149771504104137,2.8383079916238785,0,75
final_hybrid,2026086379,3,0,-17.0,3.0,0,0,0,0,0,0,0,0.0,38,2.3305874783545732,2.853264450095594,2.872354816645384,0,77
final_hybrid,2026086380,0,1,-20.0,3.0,0,0,0,0,0,0,0,0.022222222222222223,45,2.3336285518275366,2.7022517286241055,2.762553282082081,0,91
final_hybrid,2026086380,1,1,-8.0,2.5,0,0,0,0,0,0,0,0.0,65,2.3504052239541826,2.850513905286789,3.3645802177488804,0,130
final_hybrid,2026086380,2,1,-18.0,3.0,0,0,0,0,0,0,0,0.11764705882352941,34,2.309493994449868,2.6514805853366847,2.9464210383594036,0,69
final_hybrid,2026086380,3,1,-8.0,2.5,0,0,0,0,0,0,0,0.075,40,2.2784110391512513,2.7265511453151703,2.7598021551966667,0,80
final_hybrid,2026086381,0,3,-19.0,4.0,0,0,1,11,0,0,0,0.0,55,2.3829871365292505,2.804022328928113,3.3570872619748116,0,110
final_hybrid,2026086381,1,3,-17.0,4.0,0,0,1,9,0,0,0,0.023255813953488372,43,2.3345798903772996,2.7986413333564997,2.8256638906896114,0,86
final_hybrid,2026086381,2,3,35.0,1.0,1,0,0,0,0,0,0,0.05454545454545454,55,2.276485591110858,2.6409669313579798,2.77058407664299,0,110
final_hybrid,2026086381,3,3,-8.0,2.5,0,0,0,0,0,0,0,0.01818181818181818,55,2.290426304733211,2.7247599326074123,2.739067655056715,0,110
final_hybrid,2026086382,0,0,-19.0,4.0,0,0,1,11,0,0,0,0.0,41,2.4152545871712814,2.975072246044874,3.0224299989640713,0,82
final_hybrid,2026086382,1,0,35.0,1.0,1,0,0,0,0,0,0,0.0,41,2.3509036954038027,2.883786801248789,2.913996111601591,0,82
final_hybrid,2026086382,2,0,-8.0,2.5,0,0,0,0,0,0,0,0.0,41,2.320671919733286,2.813400235027075,2.8293938376009464,0,82
final_hybrid,2026086382,3,0,-8.0,2.5,0,0,0,0,0,0,0,0.0,41,2.3496896823550144,2.8890599496662617,3.303870093077421,0,82
final_hybrid,2026086383,0,1,-8.0,2.5,0,0,0,0,0,0,0,0.038461538461538464,52,2.334411972417281,2.727944357320666,2.846670337021351,0,104
final_hybrid,2026086383,1,1,-8.0,2.5,0,0,0,0,0,0,0,0.0,44,2.3209861458533187,2.816535043530166,2.873113378882408,0,88
final_hybrid,2026086383,2,1,-21.0,3.0,0,0,0,0,0,0,0,0.0392156862745098,51,2.385232177581273,3.209460061043501,3.6133481189608574,0,103
final_hybrid,2026086383,3,1,-8.0,2.5,0,0,0,0,0,0,0,0.0,35,2.3368056464408125,2.8326510451734066,2.9692789539694786,0,70
final_hybrid,2026086384,0,1,-8.0,2.5,0,0,0,0,0,0,0,0.0,29,2.374058027334254,2.7818892151117325,3.1547718681395054,0,58
final_hybrid,2026086384,1,1,-21.0,3.0,0,0,0,0,0,0,0,0.06896551724137931,29,2.3315168820835392,2.7905107475817204,2.819203305989504,0,59
final_hybrid,2026086384,2,1,-22.0,4.0,0,0,1,14,0,0,0,0.0,29,2.383340856638448,2.948474697768688,3.0443822033703327,0,58
final_hybrid,2026086384,3,1,38.0,1.0,1,0,0,0,0,0,0,0.0,29,2.3181900414156504,2.829556819051504,2.8485869988799095,0,58
final_hybrid,2026086385,0,3,-19.0,4.0,0,0,1,11,0,0,0,0.03636363636363636,55,2.3968063210221855,2.806073008105159,3.2479502260684967,0,110
final_hybrid,2026086385,1,3,33.0,1.0,1,0,0,0,0,0,0,0.07407407407407407,27,2.3118144384136907,2.730766823515296,2.77375103905797,0,54
final_hybrid,2026086385,2,3,-24.0,3.0,0,0,0,0,0,0,0,0.0,73,2.362003492523138,2.9317155480384827,2.991102635860443,0,147
final_hybrid,2026086385,3,3,72.0,1.0,1,1,0,0,0,0,0,0.018518518518518517,54,2.3032141573451184,2.70834022667259,2.7846102602779865,0,107
final_hybrid,2026086386,0,2,-18.0,4.0,0,0,1,10,0,0,0,0.0,55,2.389954013580626,2.8212386183440685,2.8478410094976425,0,111
final_hybrid,2026086386,1,2,34.0,1.0,1,0,0,0,0,0,0,0.05714285714285714,35,2.321841780628477,2.6880915742367506,2.705547958612442,0,71
final_hybrid,2026086386,2,2,-8.0,2.5,0,0,0,0,0,0,0,0.0,35,2.319472868527685,2.7499746531248093,2.777181100100279,0,70
final_hybrid,2026086386,3,2,-8.0,2.5,0,0,0,0,0,0,0,0.0,35,2.3275903026972498,2.8930384665727615,2.9253470711410046,0,71
final_hybrid,2026086387,0,1,54.0,1.0,1,1,0,0,0,0,0,0.041666666666666664,24,2.3761696841878197,2.8347634943202134,2.866866998374462,0,47
final_hybrid,2026086387,1,1,-8.0,2.5,0,0,0,0,0,0,0,0.022222222222222223,45,2.361108341978656,2.7875193394720554,2.8243986889719963,0,90
final_hybrid,2026086387,2,1,35.0,1.0,1,0,0,0,0,0,0,0.0,45,2.3767692450847893,3.0012210831046104,3.0647702515125275,0,90
final_hybrid,2026086387,3,1,87.0,1.0,1,1,0,0,0,0,0,0.0,48,2.3046192072797567,2.80952958855778,2.8735841624438763,0,95
final_hybrid,2026086388,0,0,-8.0,2.5,0,0,0,0,0,0,0,0.0,41,2.406211649408428,2.885797992348671,3.0376845970749855,0,82
final_hybrid,2026086388,1,0,46.0,1.0,1,0,0,0,0,0,0,0.024390243902439025,41,2.363582039479075,2.840080764144659,2.896036021411419,0,82
final_hybrid,2026086388,2,0,-30.0,4.0,0,0,1,22,0,0,0,0.0,41,2.391904160925528,2.930204849690199,2.977446187287569,0,82
final_hybrid,2026086388,3,0,-8.0,2.5,0,0,0,0,0,0,0,0.024390243902439025,41,2.310049288519999,2.7672857977449894,2.8155972249805927,0,82
final_hybrid,2026086389,0,0,-8.0,2.5,0,0,0,0,0,0,0,0.05,20,2.3813149193301797,2.8712035389617085,2.8860378079116344,0,40
final_hybrid,2026086389,1,0,48.0,1.0,1,0,0,0,0,0,0,0.0,20,2.333998098038137,2.810752741061151,2.824657130986452,0,40
final_hybrid,2026086389,2,0,-8.0,2.5,0,0,0,0,0,0,0,0.0625,16,2.3379822669085115,2.766700112260878,2.794114872813225,0,32
final_hybrid,2026086389,3,0,-8.0,2.5,0,0,0,0,0,0,0,0.0,23,2.34842286242739,2.883297298103571,2.9619811102747917,0,46
final_hybrid,2026086390,0,2,-8.0,2.5,0,0,0,0,0,0,0,0.023809523809523808,42,2.4444169054428735,2.8751113452017307,4.001588094979525,0,84
final_hybrid,2026086390,1,2,-20.0,4.0,0,0,1,12,0,0,0,0.047619047619047616,42,2.527751050712097,3.521500388160348,3.7448531948029995,0,84
final_hybrid,2026086390,2,2,36.0,1.0,1,0,0,0,0,0,0,0.0,42,2.3437469887236753,2.8042833087965846,3.1123263761401176,0,84
final_hybrid,2026086390,3,2,-8.0,2.5,0,0,0,0,0,0,0,0.0,42,2.3958563494185605,3.264101431705057,3.3898120746016502,0,84
final_hybrid,2026086391,0,1,-30.0,4.0,0,0,1,22,0,0,0,0.034482758620689655,29,2.4674524521005563,2.816720772534609,4.411118105053902,0,58
final_hybrid,2026086391,1,1,-19.0,4.0,0,0,1,11,0,0,0,0.037037037037037035,27,2.3353874717873557,2.7529943734407425,2.7832789346575737,0,54
final_hybrid,2026086391,2,1,-19.0,4.0,0,0,1,11,0,0,0,0.04,50,2.294874396175146,2.683586534112692,2.7339388616383076,0,100
final_hybrid,2026086391,3,1,35.0,1.0,1,0,0,0,0,0,0,0.1111111111111111,27,2.3035986038545766,2.7043918147683144,3.2409001141786575,0,54
final_hybrid,2026086392,0,2,36.0,1.0,1,0,0,0,0,0,0,0.08695652173913043,23,2.339787518038698,2.684330428019166,2.7165221981704235,0,46
final_hybrid,2026086392,1,2,-8.0,2.5,0,0,0,0,0,0,0,0.043478260869565216,23,2.3579715103234933,2.819611644372344,2.9359483160078526,0,46
final_hybrid,2026086392,2,2,-20.0,4.0,0,0,1,12,0,0,0,0.13043478260869565,23,2.3275589894341384,2.7485718950629234,2.753628883510828,0,46
final_hybrid,2026086392,3,2,-8.0,2.5,0,0,0,0,0,0,0,0.0,23,2.2878105671185516,2.84262141212821,2.8583621606230736,0,46
final_hybrid,2026086393,0,2,51.0,1.0,1,1,0,0,0,0,0,0.020833333333333332,48,2.4301539136407277,2.9405197594314814,3.59900901094079,0,95
final_hybrid,2026086393,1,2,-17.0,3.0,0,0,0,0,0,0,0,0.0851063829787234,47,2.342778337287142,2.7989415917545557,2.827246207743883,0,95
final_hybrid,2026086393,2,2,-17.0,3.0,0,0,0,0,0,0,0,0.0,47,2.3434077825476516,2.8456960804760456,3.0913837254047394,0,95
final_hybrid,2026086393,3,2,-8.0,2.5,0,0,0,0,0,0,0,0.0,47,2.3523178446958672,2.937444439157843,3.0673248693346977,0,94
final_hybrid,2026086394,0,0,-32.0,3.0,0,0,0,0,0,0,0,0.02127659574468085,47,2.395702882650051,2.7880974113941193,3.4601371735334396,0,95
final_hybrid,2026086394,1,0,-30.0,4.0,0,0,0,0,0,0,0,0.03225806451612903,62,2.3410816511680044,2.782765263691544,3.7567978724837303,1,123
final_hybrid,2026086394,2,0,0.0,2.5,0,0,0,0,0,1,0,0.011627906976744186,86,2.35677829965256,2.781260758638382,4.1445353999733925,0,172
final_hybrid,2026086394,3,0,0.0,2.5,0,0,0,0,0,1,1,0.011627906976744186,86,2.350031625652729,2.825130126439035,3.31885926425457,0,172
final_hybrid,2026086395,0,2,-23.0,4.0,0,0,1,15,0,0,0,0.08823529411764706,34,2.361672779764323,2.7210503350943323,2.8095911256968975,0,68
final_hybrid,2026086395,1,2,-8.0,2.5,0,0,0,0,0,0,0,0.05263157894736842,38,2.3401741330560886,2.7437510434538126,3.1001209281384945,0,76
final_hybrid,2026086395,2,2,-8.0,2.5,0,0,0,0,0,0,0,0.06666666666666667,45,2.3052414051360555,2.7563851326704025,2.780906856060028,0,90
final_hybrid,2026086395,3,2,33.0,1.0,1,0,0,0,0,0,0,0.06666666666666667,45,2.2687688262926207,2.642451971769333,2.675530966371298,0,90
final_hybrid,2026086396,0,0,-8.0,2.5,0,0,0,0,0,0,0,0.0,46,2.4155368927218346,2.8878790326416492,3.3559370785951614,0,92
final_hybrid,2026086396,1,0,-8.0,2.5,0,0,0,0,0,0,0,0.043478260869565216,46,2.319625831897492,2.6454266626387835,3.168627619743347,0,92
final_hybrid,2026086396,2,0,-19.0,3.0,0,0,0,0,0,0,0,0.037037037037037035,54,2.342631660953716,2.80992432963103,3.951679915189743,0,109
final_hybrid,2026086396,3,0,-19.0,3.0,0,0,0,0,0,0,0,0.05555555555555555,54,2.308680374106323,2.7783390833064914,2.8313668444752693,0,109
final_hybrid,2026086397,0,1,-8.0,2.5,0,0,0,0,0,0,0,0.015384615384615385,65,2.3738444997714114,2.7502108365297318,2.7923150919377804,0,130
final_hybrid,2026086397,1,1,-24.0,4.0,0,0,1,16,0,0,0,0.0,61,2.451632095531362,3.1435079872608185,4.4221519492566586,0,122
final_hybrid,2026086397,2,1,-8.0,2.5,0,0,0,0,0,0,0,0.02631578947368421,38,2.309669372870734,2.8040325734764338,2.8471099212765694,0,76
final_hybrid,2026086397,3,1,36.0,1.0,1,0,0,0,0,0,0,0.02631578947368421,38,2.320052970102743,2.745194034650922,3.167223185300827,0,76
final_hybrid,2026086398,0,1,-16.0,4.0,0,0,1,8,0,0,0,0.02127659574468085,47,2.489350320018352,3.2963694073259813,4.1647241450846195,0,94
final_hybrid,2026086398,1,1,-8.0,2.5,0,0,0,0,0,0,0,0.0,39,2.421450550453021,2.9785396996885547,3.874062094837427,0,78
final_hybrid,2026086398,2,1,32.0,1.0,1,0,0,0,0,0,0,0.07692307692307693,39,2.3024011857043476,2.752461191266775,3.3691301941871643,0,78
final_hybrid,2026086398,3,1,-8.0,2.5,0,0,0,0,0,0,0,0.02564102564102564,39,2.3286050090040917,2.6771706994622946,3.151042852550745,0,78
final_hybrid,2026086399,0,0,-8.0,2.5,0,0,0,0,0,0,0,0.058823529411764705,51,2.3751587917407355,2.816467545926571,3.1273160129785538,0,102
final_hybrid,2026086399,1,0,35.0,1.0,1,0,0,0,0,0,0,0.0,51,2.3821973260126863,2.960452577099204,3.0399058014154434,0,102
final_hybrid,2026086399,2,0,-8.0,2.5,0,0,0,0,0,0,0,0.0,51,2.3870141994135055,2.8919284231960773,4.321030806750059,0,102
final_hybrid,2026086399,3,0,-19.0,4.0,0,0,1,11,0,0,0,0.0196078431372549,51,2.3092031204963432,2.770887454971671,2.7912110090255737,0,102
final_hybrid,2026086400,0,1,48.0,1.0,1,1,0,0,0,0,0,0.04081632653061224,49,2.3561401710826524,2.708709985017776,2.8448589146137238,0,97
final_hybrid,2026086400,1,1,-16.0,3.0,0,0,0,0,0,0,0,0.0425531914893617,47,2.3617091925537332,2.76835891418159,4.225519951432943,0,95
final_hybrid,2026086400,2,1,-16.0,3.0,0,0,0,0,0,0,0,0.0,47,2.3293174169165023,2.8229914139956236,2.861184999346733,0,95
final_hybrid,2026086400,3,1,-16.0,3.0,0,0,0,0,0,0,0,0.0851063829787234,47,2.3014050848940584,2.7742864098399878,2.81055411323905,0,95
final_hybrid,2026086401,0,1,51.0,1.0,1,1,0,0,0,0,0,0.030303030303030304,33,2.3980463685637172,2.8882759623229504,2.9281112365424633,0,65
final_hybrid,2026086401,1,1,-17.0,3.0,0,0,0,0,0,0,0,0.0,32,2.4603184720035642,3.075789054855704,4.335316363722086,0,65
final_hybrid,2026086401,2,1,-8.0,2.5,0,0,0,0,0,0,0,0.0,32,2.3225656477734447,2.79249744489789,2.8068372048437595,0,64
final_hybrid,2026086401,3,1,-17.0,3.0,0,0,0,0,0,0,0,0.0,32,2.352256764424965,2.831680909730494,2.872265875339508,0,65
final_hybrid,2026086402,0,2,0.0,2.5,0,0,0,0,0,1,0,0.0,81,2.412965245268963,2.8045279905200005,3.0589201487600803,0,162
final_hybrid,2026086402,1,2,-20.0,3.0,0,0,0,0,0,0,0,0.037037037037037035,27,2.4240428443860123,3.10775232501328,3.1538428738713264,0,55
final_hybrid,2026086402,2,2,-8.0,2.5,0,0,0,0,0,0,0,0.020833333333333332,48,2.319391176570207,2.7966631343588233,2.8228419832885265,0,96
final_hybrid,2026086402,3,2,34.0,1.0,1,0,0,0,0,0,0,0.03773584905660377,53,2.2817041355905667,2.6429394260048866,2.659774851053953,0,106
final_hybrid,2026086403,0,3,34.0,1.0,1,0,0,0,0,0,0,0.018867924528301886,53,2.391862243695079,2.7923787012696266,2.87181930616498,0,106
final_hybrid,2026086403,1,3,-19.0,3.0,0,0,0,0,0,0,0,0.0,66,2.4200595463767196,3.047957899980247,3.8390448316931725,0,133
final_hybrid,2026086403,2,3,-19.0,3.0,0,0,0,0,0,0,0,0.0,66,2.3570478625708455,2.764624427072704,4.89659421145916,0,133
final_hybrid,2026086403,3,3,-8.0,2.5,0,0,0,0,0,0,0,0.05660377358490566,53,2.281651489506915,2.7415581047534943,2.982034347951412,0,106
final_hybrid,2026086404,0,2,-20.0,3.0,0,0,0,0,0,0,0,0.0,50,2.378794476389885,2.7723115170374513,2.838578075170517,0,101
final_hybrid,2026086404,1,2,-20.0,3.0,0,0,0,0,0,0,0,0.06,50,2.3179600667208433,2.686268067918718,4.273382015526295,0,101
final_hybrid,2026086404,2,2,-19.0,4.0,0,0,1,11,0,0,0,0.05555555555555555,54,2.3163491170163506,3.030901192687452,3.086608834564686,0,108
final_hybrid,2026086404,3,2,60.0,1.0,1,1,0,0,0,0,0,0.0392156862745098,51,2.320699914194205,2.8692116029560566,2.9855319298803806,0,101
final_hybrid,2026086405,0,1,-29.0,3.0,0,0,0,0,0,0,0,0.0,60,2.436430798843503,2.842031512409448,3.2812226563692093,0,121
final_hybrid,2026086405,1,1,99.0,1.0,1,1,0,0,0,0,0,0.017543859649122806,57,2.3091083245449946,2.7228467166423798,3.5028778947889805,0,113
final_hybrid,2026086405,2,1,-33.0,3.0,0,0,0,0,0,0,0,0.03389830508474576,59,2.309457004322844,2.768854610621929,2.90464423596859,0,119
final_hybrid,2026086405,3,1,-29.0,3.0,0,0,0,0,0,0,0,0.05,60,2.273660874925554,2.596969436854124,2.7099251747131348,0,121
final_hybrid,2026086406,0,1,0.0,2.5,0,0,0,0,0,1,1,0.011494252873563218,87,2.3561618879608726,2.7050865348428488,2.8292122296988964,0,174
final_hybrid,2026086406,1,1,0.0,2.5,0,0,0,0,0,1,1,0.03409090909090909,88,2.3218322365375403,2.806912641972303,2.8996430337429047,0,176
final_hybrid,2026086406,2,1,0.0,2.5,0,0,0,0,0,1,1,0.011494252873563218,87,2.3432135817477073,2.8541756328195333,3.0611553229391575,0,174
final_hybrid,2026086406,3,1,37.0,1.0,1,0,0,0,0,0,0,0.0,69,2.346421112778826,2.9149947687983513,2.9627769254148006,0,138
final_hybrid,2026086407,0,0,-18.0,4.0,0,0,1,10,0,0,0,0.047619047619047616,63,2.332806247212584,2.745217131450772,2.8344430029392242,0,126
final_hybrid,2026086407,1,0,-8.0,2.5,0,0,0,0,0,0,0,0.031746031746031744,63,2.3231934386468125,2.7432176284492016,3.198034130036831,0,126
final_hybrid,2026086407,2,0,33.0,1.0,1,0,0,0,0,0,0,0.015873015873015872,63,2.328057906457356,2.7908043935894966,3.0926167964935303,0,126
final_hybrid,2026086407,3,0,-8.0,2.5,0,0,0,0,0,0,0,0.0,59,2.3100930581784853,2.778066648170352,2.7932790108025074,0,118
final_hybrid,2026086408,0,3,-21.0,3.0,0,0,0,0,0,0,0,0.041666666666666664,24,2.371008798945695,2.816438511945307,3.178143873810768,0,49
final_hybrid,2026086408,1,3,-21.0,3.0,0,0,0,0,0,0,0,0.041666666666666664,24,2.315961775214722,2.6666087796911597,2.7276710607111454,0,49
final_hybrid,2026086408,2,3,63.0,1.0,1,1,0,0,0,0,0,0.0,25,2.33237287029624,2.9010958969593044,2.9403790831565857,0,49
final_hybrid,2026086408,3,3,-21.0,3.0,0,0,0,0,0,0,0,0.041666666666666664,24,2.2997762619828186,2.8133343905210495,2.903037704527378,0,49
final_hybrid,2026086409,0,0,33.0,1.0,1,0,0,0,0,0,0,0.024390243902439025,41,2.4016847629554388,2.8903731144964695,3.503725863993168,0,82
final_hybrid,2026086409,1,0,-8.0,2.5,0,0,0,0,0,0,0,0.07317073170731707,41,2.3061141439872546,2.774418331682682,2.9482697136700153,0,82
final_hybrid,2026086409,2,0,-8.0,2.5,0,0,0,0,0,0,0,0.0,66,2.3391784493331658,2.813262748531997,3.004969097673893,0,132
final_hybrid,2026086409,3,0,-8.0,2.5,0,0,0,0,0,0,0,0.024390243902439025,41,2.288377684790914,2.7563562616705894,2.797887194901705,0,82
final_hybrid,2026086410,0,0,36.0,1.0,1,0,0,0,0,0,0,0.029411764705882353,34,2.3364603300304974,2.6405508164316416,2.7705058455467224,0,68
final_hybrid,2026086410,1,0,-8.0,2.5,0,0,0,0,0,0,0,0.0,21,2.323725815152838,2.768079284578562,2.7785077691078186,0,42
final_hybrid,2026086410,2,0,43.0,1.0,1,0,0,0,0,0,0,0.09090909090909091,22,2.290890107608654,2.71192395593971,2.770722843706608,0,44
final_hybrid,2026086410,3,0,-8.0,2.5,0,0,0,0,0,0,0,0.0,37,2.334370089040415,2.8959698043763633,3.147318959236145,0,74
final_hybrid,2026086411,0,0,-8.0,2.5,0,0,0,0,0,0,0,0.0,25,2.401939481496811,2.8785315342247486,2.9051718302071095,0,50
final_hybrid,2026086411,1,0,-8.0,2.5,0,0,0,0,0,0,0,0.03571428571428571,28,2.291172493382224,2.664322219789028,2.7329190634191036,0,56
final_hybrid,2026086411,2,0,-8.0,2.5,0,0,0,0,0,0,0,0.07142857142857142,28,2.261779154650867,2.6700582355260845,2.728130668401718,0,56
final_hybrid,2026086411,3,0,44.0,1.0,1,0,0,0,0,0,0,0.07142857142857142,28,2.2732871418286646,2.687214664183557,2.795143984258175,0,56
final_hybrid,2026086412,0,0,-16.0,4.0,0,0,1,8,0,0,0,0.0,28,2.45843012817204,2.8319293865934014,4.415597766637802,0,56
final_hybrid,2026086412,1,0,-8.0,2.5,0,0,0,0,0,0,0,0.011363636363636364,88,2.343348523771221,2.80633345246315,2.8480151668190956,0,176
final_hybrid,2026086412,2,0,57.0,1.0,1,1,0,0,0,0,0,0.05263157894736842,38,2.318600597056119,2.820449764840305,2.876115031540394,0,75
final_hybrid,2026086412,3,0,0.0,2.5,0,0,0,0,0,1,0,0.0,84,2.3748205109898533,2.9994967160746455,3.2045640982687473,0,168
final_hybrid,2026086413,0,0,-8.0,2.5,0,0,0,0,0,0,0,0.015873015873015872,63,2.3644966191597403,2.8101968113332987,2.8511141426861286,0,126
final_hybrid,2026086413,1,0,-8.0,2.5,0,0,0,0,0,0,0,0.03508771929824561,57,2.2897030994818923,2.6276245713233948,2.7488628402352333,0,114
final_hybrid,2026086413,2,0,0.0,2.5,0,0,0,0,0,1,1,0.0,84,2.355119307702851,2.9200363205745816,3.0989698134362698,0,168
final_hybrid,2026086413,3,0,34.0,1.0,1,0,0,0,0,0,0,0.0,52,2.3313996005946627,2.8533387696370482,3.0427100136876106,0,104
final_hybrid,2026086414,0,0,60.0,1.0,1,1,0,0,0,0,0,0.046511627906976744,43,2.348764452996642,2.756590722128749,2.840316854417324,0,85
final_hybrid,2026086414,1,0,-20.0,3.0,0,0,0,0,0,0,0,0.044444444444444446,45,2.339194518410497,2.830829657614231,2.8730477206408978,0,91
final_hybrid,2026086414,2,0,-16.0,3.0,0,0,0,0,0,0,0,0.0,42,2.3305923567109166,2.871889155358076,2.9354291036725044,0,85
final_hybrid,2026086414,3,0,-16.0,3.0,0,0,0,0,0,0,0,0.0,41,2.314162258876533,2.8732670471072197,2.917604986578226,0,83
final_hybrid,2026086415,0,3,34.0,1.0,1,0,0,0,0,0,0,0.022727272727272728,44,2.3645773022012277,2.8260241029784083,2.8442665934562683,0,88
final_hybrid,2026086415,1,3,-8.0,2.5,0,0,0,0,0,0,0,0.025,40,2.3306753137148917,2.794446423649788,2.8251861222088337,0,80
final_hybrid,2026086415,2,3,32.0,1.0,1,0,0,0,0,0,0,0.0,77,2.372866321064822,3.039354085922241,3.118822816759348,0,154
final_hybrid,2026086415,3,3,-8.0,2.5,0,0,0,0,0,0,0,0.0425531914893617,47,2.283434125971287,2.7075743302702904,2.7492353692650795,0,94
final_hybrid,2026086416,0,2,-16.0,3.0,0,0,0,0,0,0,0,0.034482758620689655,58,2.334979499272745,2.6854703668504953,2.965782769024372,0,117
final_hybrid,2026086416,1,2,-16.0,3.0,0,0,0,0,0,0,0,0.034482758620689655,58,2.3112507488835474,2.6702753035351634,2.7664932422339916,0,117
final_hybrid,2026086416,2,2,0.0,2.5,0,0,0,0,0,1,0,0.022222222222222223,90,2.2956841366572514,2.684807265177369,2.7523450553417206,0,180
final_hybrid,2026086416,3,2,0.0,2.5,0,0,0,0,0,1,1,0.021505376344086023,93,2.304824244391213,2.811387926340103,3.0547459609806538,0,186
final_hybrid,2026086417,0,1,-8.0,2.5,0,0,0,0,0,0,0,0.018518518518518517,54,2.39338004892623,2.852684515528381,2.9265759512782097,0,108
final_hybrid,2026086417,1,1,-16.0,4.0,0,0,1,8,0,0,0,0.018518518518518517,54,2.3486184525407023,2.7866814518347383,3.3856863155961037,0,108
final_hybrid,2026086417,2,1,-30.0,3.0,0,0,0,0,0,0,0,0.014925373134328358,67,2.3141463231573356,2.734103798866272,2.7804640121757984,0,135
final_hybrid,2026086417,3,1,54.0,1.0,1,1,0,0,0,0,0,0.05,40,2.315852860920131,2.8440419351682067,3.3457130193710327,0,79
final_hybrid,2026086418,0,0,-21.0,3.0,0,0,0,0,0,0,0,0.0,39,2.3970168967468615,2.8320602141320705,3.353364299982786,0,79
final_hybrid,2026086418,1,0,35.0,1.0,1,0,0,0,0,0,0,0.02702702702702703,37,2.3491779166097575,2.835313230752945,2.906734123826027,0,74
final_hybrid,2026086418,2,0,36.0,1.0,1,0,0,0,0,0,0,0.02702702702702703,37,2.301525135801451,2.712869271636009,2.738672774285078,0,74
final_hybrid,2026086418,3,0,-8.0,2.5,0,0,0,0,0,0,0,0.0425531914893617,47,2.3005657651005906,2.7525972574949265,2.861787099391222,0,95
final_hybrid,2026086419,0,2,-18.0,4.0,0,0,1,10,0,0,0,0.0,25,2.407723031938076,2.8609199449419975,2.8743818402290344,0,50
final_hybrid,2026086419,1,2,-8.0,2.5,0,0,0,0,0,0,0,0.04,25,2.2971589118242264,2.6395809836685658,2.7242139913141727,0,50
final_hybrid,2026086419,2,2,-8.0,2.5,0,0,0,0,0,0,0,0.0,25,2.3036094568669796,2.7340514585375786,2.7476390823721886,0,50
final_hybrid,2026086419,3,2,34.0,1.0,1,0,0,0,0,0,0,0.0,25,2.3421894013881683,2.8795866295695305,2.9378258623182774,0,50
final_hybrid,2026086420,0,2,-33.0,3.0,0,0,0,0,0,0,0,0.02040816326530612,49,2.3713078520887967,2.746374625712633,2.8087100945413113,0,99
final_hybrid,2026086420,1,2,48.0,1.0,1,0,0,0,0,0,0,0.0,45,2.341448970966869,2.812810428440571,2.8815190307796,0,90
final_hybrid,2026086420,2,2,-33.0,3.0,0,0,0,0,0,0,0,0.02040816326530612,49,2.302486021831936,2.7689378708601,2.8165080584585667,0,99
final_hybrid,2026086420,3,2,-33.0,3.0,0,0,0,0,0,0,0,0.02040816326530612,49,2.314042832170214,2.7779530733823776,2.7917418628931046,0,99
final_hybrid,2026086421,0,1,-8.0,2.5,0,0,0,0,0,0,0,0.05263157894736842,38,2.3639320493920852,2.7315515093505383,2.8282939456403255,0,76
final_hybrid,2026086421,1,1,-8.0,2.5,0,0,0,0,0,0,0,0.0,63,2.3657728637021687,2.8760591987520456,2.903400920331478,0,126
final_hybrid,2026086421,2,1,-8.0,2.5,0,0,0,0,0,0,0,0.05263157894736842,38,2.303173226353369,2.789115021005273,2.828231081366539,0,76
final_hybrid,2026086421,3,1,36.0,1.0,1,0,0,0,0,0,0,0.0,38,2.358556161389539,2.9983354033902287,3.0713980086147785,0,76
final_hybrid,2026086422,0,0,-8.0,2.5,0,0,0,0,0,0,0,0.06818181818181818,44,2.3472453255883674,2.66356507781893,2.791255246847868,0,88
final_hybrid,2026086422,1,0,36.0,1.0,1,0,0,0,0,0,0,0.024390243902439025,41,2.352733165025711,2.810774836689234,2.9132370837032795,0,82
final_hybrid,2026086422,2,0,-8.0,2.5,0,0,0,0,0,0,0,0.0,44,2.328168706629764,2.820798265747726,2.845916897058487,0,88
final_hybrid,2026086422,3,0,-19.0,4.0,0,0,1,11,0,0,0,0.025,40,2.3125970968976617,2.802414773032069,2.82162893563509,0,80
final_hybrid,2026086423,0,2,-19.0,4.0,0,0,1,11,0,0,0,0.05555555555555555,54,2.3429375314326197,2.657411154359579,2.8028632514178753,0,108
final_hybrid,2026086423,1,2,-17.0,4.0,0,0,1,9,0,0,0,0.06818181818181818,44,2.3050822148268875,2.6496250182390213,2.6862923987209797,0,88
final_hybrid,2026086423,2,2,33.0,1.0,1,0,0,0,0,0,0,0.022727272727272728,44,2.309584873728454,2.761618699878454,2.7673421427607536,0,88
final_hybrid,2026086423,3,2,-8.0,2.5,0,0,0,0,0,0,0,0.0,45,2.361040096729994,2.9150682501494884,2.923902589827776,0,90
final_hybrid,2026086424,0,0,48.0,1.0,1,1,0,0,0,0,0,0.0,27,2.3955176239488303,2.8515078593045473,3.2881381921470165,0,53
final_hybrid,2026086424,1,0,-16.0,3.0,0,0,0,0,0,0,0,0.07692307692307693,26,2.3207027787485948,2.7985097840428352,2.8208871372044086,0,53
final_hybrid,2026086424,2,0,-16.0,3.0,0,0,0,0,0,0,0,0.11538461538461539,26,2.323621669067786,2.8058673487976193,2.8252117335796356,0,53
final_hybrid,2026086424,3,0,-16.0,3.0,0,0,0,0,0,0,0,0.0,26,2.3303176813687267,2.794843167066574,2.808830700814724,0,53
final_hybrid,2026086425,0,1,-8.0,2.5,0,0,0,0,0,0,0,0.0,61,2.409009392693883,2.834050450474024,3.020382020622492,0,122
final_hybrid,2026086425,1,1,-8.0,2.5,0,0,0,0,0,0,0,0.03278688524590164,61,2.344544175401574,2.7653039433062077,2.802940085530281,0,122
final_hybrid,2026086425,2,1,32.0,1.0,1,0,0,0,0,0,0,0.03125,64,2.335339588171337,2.8458982706069946,3.4438236616551876,0,128
final_hybrid,2026086425,3,1,-8.0,2.5,0,0,0,0,0,0,0,0.030303030303030304,66,2.28920437847123,2.6886739069595933,2.8914017602801323,0,132
final_hybrid,2026086426,0,3,36.0,1.0,1,0,0,0,0,0,0,0.0,27,2.409758063516131,2.845312701538205,3.546656109392643,0,54
final_hybrid,2026086426,1,3,35.0,1.0,1,0,0,0,0,0,0,0.0,68,2.378138145157958,2.942991303279996,3.0279322527348995,0,136
final_hybrid,2026086426,2,3,-18.0,3.0,0,0,0,0,0,0,0,0.024390243902439025,41,2.3081850192350584,2.7368408627808094,2.804485149681568,0,83
final_hybrid,2026086426,3,3,-18.0,3.0,0,0,0,0,0,0,0,0.0,41,2.3442925771743788,2.8233607299625874,2.8408458456397057,0,83
final_hybrid,2026086427,0,3,-8.0,2.5,0,0,0,0,0,0,0,0.01282051282051282,78,2.4018127721949267,2.865642588585615,2.90236109867692,0,156
final_hybrid,2026086427,1,3,-8.0,2.5,0,0,0,0,0,0,0,0.0,59,2.378443792714911,2.955550467595458,3.004492726176977,0,118
final_hybrid,2026086427,2,3,75.0,1.0,1,1,0,0,0,0,0,0.031746031746031744,63,2.28317454457283,2.651454648002982,3.145701251924038,0,125
final_hybrid,2026086427,3,3,38.0,1.0,1,0,0,0,0,0,0,0.0,59,2.346907031990714,2.8604290448129177,2.989139873534441,0,118
final_hybrid,2026086428,0,3,-17.0,4.0,0,0,1,9,0,0,0,0.0,38,2.4058934129578504,2.897496148943901,2.971127163618803,0,76
final_hybrid,2026086428,1,3,-18.0,3.0,0,0,0,0,0,0,0,0.0196078431372549,51,2.333974657470689,2.7202386409044266,2.773852087557316,0,103
final_hybrid,2026086428,2,3,-17.0,4.0,0,0,1,9,0,0,0,0.06666666666666667,45,2.2885038103494377,2.609052322804928,2.7397931553423405,0,90
final_hybrid,2026086428,3,3,-18.0,3.0,0,0,0,0,0,0,0,0.058823529411764705,51,2.31333951666659,2.7699742931872606,2.8566988185048103,0,103
final_hybrid,2026086429,0,1,0.0,2.5,0,0,0,0,0,1,0,0.0,84,2.412508391509099,2.7876832289621234,3.0414159409701824,0,168
final_hybrid,2026086429,1,1,-19.0,3.0,0,0,0,0,0,0,0,0.0,63,2.384931566045871,2.804339025169611,2.8788759373128414,0,127
final_hybrid,2026086429,2,1,-19.0,3.0,0,0,0,0,0,0,0,0.0,51,2.3670518661246582,2.8635563794523478,3.2930481247603893,0,103
final_hybrid,2026086429,3,1,-8.0,2.5,0,0,0,0,0,0,0,0.028985507246376812,69,2.3133001303759175,2.767383400350809,3.1448062509298325,0,138
final_hybrid,2026086430,0,1,-8.0,2.5,0,0,0,0,0,0,0,0.0,61,2.425464534307601,2.8763748705387115,2.9875319451093674,0,122
final_hybrid,2026086430,1,1,-19.0,4.0,0,0,1,11,0,0,0,0.06557377049180328,61,2.3166253231465816,2.6467861607670784,2.7024620212614536,0,122
final_hybrid,2026086430,2,1,35.0,1.0,1,0,0,0,0,0,0,0.03278688524590164,61,2.3193761217789572,2.8341258876025677,2.9165889136493206,0,122
final_hybrid,2026086430,3,1,40.0,1.0,1,0,0,0,0,0,0,0.0,57,2.3446765385176005,2.911214530467987,3.045798745006323,0,114
final_hybrid,2026086431,0,2,-17.0,4.0,0,0,1,9,0,0,0,0.038461538461538464,26,2.415189089683386,2.853221260011196,2.8715780936181545,0,52
final_hybrid,2026086431,1,2,-8.0,2.5,0,0,0,0,0,0,0,0.0,26,2.3196523543447256,2.7160620084032416,2.722306177020073,0,52
final_hybrid,2026086431,2,2,33.0,1.0,1,0,0,0,0,0,0,0.07692307692307693,26,2.2937324829399586,2.7950239600613713,2.811384852975607,0,52
final_hybrid,2026086431,3,2,-8.0,2.5,0,0,0,0,0,0,0,0.07407407407407407,27,2.335865619695849,2.7182836551219225,3.249736037105322,0,54
final_hybrid,2026086432,0,0,-18.0,4.0,0,0,1,10,0,0,0,0.0,49,2.4448972556511968,2.9807420447468758,3.0694701708853245,0,98
final_hybrid,2026086432,1,0,10.0,2.0,0,0,0,0,0,0,0,0.05,40,2.3465179023332894,2.7303438866510987,2.7903816662728786,1,81
final_hybrid,2026086432,2,0,-8.0,2.5,0,0,0,0,0,0,0,0.02040816326530612,49,2.3090737035536035,2.7136906050145626,3.141766879707575,0,98
final_hybrid,2026086432,3,0,-8.0,2.5,0,0,0,0,0,0,0,0.04081632653061224,49,2.3155391824488736,2.7982203289866447,3.271578811109066,0,98
final_hybrid,2026086433,0,3,-33.0,3.0,0,0,0,0,0,0,0,0.0,38,2.40314057047822,2.860538032837212,3.2266369089484215,0,77
final_hybrid,2026086433,1,3,-33.0,3.0,0,0,0,0,0,0,0,0.0,38,2.364219448186065,2.789076929911971,2.799243200570345,0,77
final_hybrid,2026086433,2,3,48.0,1.0,1,0,0,0,0,0,0,0.0,31,2.3259859712373827,2.7952189557254314,2.804375719279051,0,62
final_hybrid,2026086433,3,3,-8.0,2.5,0,0,0,0,0,0,0,0.03225806451612903,31,2.30149555230333,2.778431633487344,2.813328057527542,0,62
final_hybrid,2026086434,0,1,-24.0,4.0,0,0,1,16,0,0,0,0.0,73,2.4341676856250793,2.9117717407643795,2.9832390137016773,0,146
final_hybrid,2026086434,1,1,93.0,1.0,1,1,0,0,0,0,0,0.030303030303030304,66,2.333626017030893,2.7627500239759684,2.7966201305389404,0,131
final_hybrid,2026086434,2,1,-32.0,3.0,0,0,0,0,0,0,0,0.0,69,2.3553650218831454,2.8871947899460793,3.0104448087513447,0,139
final_hybrid,2026086434,3,1,-8.0,2.5,0,0,0,0,0,0,0,0.0136986301369863,73,2.3375011674345356,2.8232546523213387,3.077232278883457,0,146
final_hybrid,2026086435,0,2,34.0,1.0,1,0,0,0,0,0,0,0.07407407407407407,27,2.4885973651651985,2.7588532771915197,6.161828991025686,0,54
final_hybrid,2026086435,1,2,-17.0,4.0,0,0,1,9,0,0,0,0.0,48,2.403983768696586,2.8490046970546246,3.606796730309725,0,96
final_hybrid,2026086435,2,2,-8.0,2.5,0,0,0,0,0,0,0,0.020833333333333332,48,2.3112739824379482,2.7838187757879496,2.8667431324720383,0,96
final_hybrid,2026086435,3,2,35.0,1.0,1,0,0,0,0,0,0,0.0,55,2.3454229601404886,2.9598187655210495,3.157559782266617,0,110
final_hybrid,2026086436,0,3,-35.0,3.0,0,0,0,0,0,0,0,0.023809523809523808,84,2.368472932305719,2.7316550724208355,3.280903212726116,0,169
final_hybrid,2026086436,1,3,0.0,2.5,0,0,0,0,0,1,1,0.011764705882352941,85,2.3351349155692493,2.769105229526758,2.808098215609789,0,169
final_hybrid,2026086436,2,3,-8.0,2.5,0,0,0,0,0,0,0,0.0625,48,2.2721263327791044,2.622042945586145,2.7363314293324947,0,96
final_hybrid,2026086436,3,3,-8.0,2.5,0,0,0,0,0,0,0,0.0,66,2.3516667160120877,2.8941998025402427,2.9498478397727013,0,133
final_hybrid,2026086437,0,3,34.0,1.0,1,0,0,0,0,0,0,0.04,25,2.385841589421034,2.7916005812585354,3.082177136093378,0,50
final_hybrid,2026086437,1,3,-8.0,2.5,0,0,0,0,0,0,0,0.0,34,2.375080962391461,2.913436247035861,2.918398939073086,0,68
final_hybrid,2026086437,2,3,-8.0,2.5,0,0,0,0,0,0,0,0.0,63,2.345630322538671,2.832171320915222,2.8683068230748177,0,126
final_hybrid,2026086437,3,3,-8.0,2.5,0,0,0,0,0,0,0,0.0,32,2.3138803226174787,2.9776459094136953,3.005127888172865,0,64
final_hybrid,2026086438,0,3,-16.0,4.0,0,0,1,8,0,0,0,0.0,41,2.4079223413292956,2.86475894972682,2.9292739927768707,0,82
final_hybrid,2026086438,1,3,-18.0,4.0,0,0,1,10,0,0,0,0.0,26,2.362341924498861,2.8147363336756825,2.8285090811550617,0,52
final_hybrid,2026086438,2,3,32.0,1.0,1,0,0,0,0,0,0,0.024390243902439025,41,2.3243045320779814,2.878730185329914,2.898050006479025,0,82
final_hybrid,2026086438,3,3,-8.0,2.5,0,0,0,0,0,0,0,0.0,41,2.3383018447131647,2.9024300165474415,2.9170620255172253,0,82
final_hybrid,2026086439,0,3,69.0,1.0,1,1,0,0,0,0,0,0.038461538461538464,52,2.3374245681155186,2.747373888269067,2.8013549745082855,0,103
final_hybrid,2026086439,1,3,-19.0,4.0,0,0,1,11,0,0,0,0.0,43,2.3918975209600704,2.910504164174199,3.0122119933366776,0,86
final_hybrid,2026086439,2,3,-23.0,3.0,0,0,0,0,0,0,0,0.0196078431372549,51,2.32870706046621,2.7958073187619448,3.2128561288118362,0,103
final_hybrid,2026086439,3,3,-8.0,2.5,0,0,0,0,0,0,0,0.0,43,2.2993258547124475,2.7850884944200516,2.819059882313013,0,86
final_hybrid,2026086440,0,1,-18.0,3.0,0,0,0,0,0,0,0,0.025,40,2.3860169923864305,2.854602481238544,2.873288933187723,0,81
final_hybrid,2026086440,1,1,-17.0,4.0,0,0,1,9,0,0,0,0.0,29,2.3651545674636445,2.9685350134968758,3.0370280146598816,0,58
final_hybrid,2026086440,2,1,-18.0,3.0,0,0,0,0,0,0,0,0.075,40,2.297686110250652,2.752839867025614,2.7718301862478256,0,81
final_hybrid,2026086440,3,1,33.0,1.0,1,0,0,0,0,0,0,0.017241379310344827,58,2.328458627493217,2.7985409134998918,3.2259919680655003,0,116
final_hybrid,2026086441,0,2,-19.0,3.0,0,0,0,0,0,0,0,0.03488372093023256,86,2.3382150318993387,2.591464202851057,2.9275999404489994,0,173
final_hybrid,2026086441,1,2,0.0,2.5,0,0,0,0,0,1,0,0.022222222222222223,90,2.3208518202106156,2.683658106252551,2.828323282301426,0,180
final_hybrid,2026086441,2,2,33.0,1.0,1,0,0,0,0,0,0,0.0,81,2.3718152114730557,3.0323797836899757,3.1384266912937164,0,162
final_hybrid,2026086441,3,2,10.0,2.0,0,0,0,0,0,0,0,0.0,84,2.34171456014294,2.907610242255032,3.48851690068841,1,169
final_hybrid,2026086442,0,0,-8.0,2.5,0,0,0,0,0,0,0,0.0,61,2.4565116914569356,2.997174859046936,3.4435191191732883,0,122
final_hybrid,2026086442,1,0,65.0,1.0,1,0,0,0,0,0,0,0.05128205128205128,78,2.298373920031083,2.628400386311114,2.7694017626345158,0,156
final_hybrid,2026086442,2,0,-8.0,2.5,0,0,0,0,0,0,0,0.0,65,2.3396269991420784,2.809364255517721,2.8241099789738655,0,130
final_hybrid,2026086442,3,0,36.0,1.0,1,0,0,0,0,0,0,0.04918032786885246,61,2.2880443387099954,2.6604440063238144,2.8131981380283833,0,122
final_hybrid,2026086443,0,2,34.0,1.0,1,0,0,0,0,0,0,0.021739130434782608,46,2.364103216677904,2.786247991025448,2.853896003216505,0,92
final_hybrid,2026086443,1,2,-18.0,4.0,0,0,1,10,0,0,0,0.0,46,2.382393865643636,2.888499526306987,2.9359511099755764,0,92
final_hybrid,2026086443,2,2,34.0,1.0,1,0,0,0,0,0,0,0.021739130434782608,46,2.3324415796314892,2.836320665664971,2.8719170950353146,0,92
final_hybrid,2026086443,3,2,-19.0,3.0,0,0,0,0,0,0,0,0.0,44,2.3701032835312863,2.930261241272092,3.5648662596940994,0,89
final_hybrid,2026086444,0,3,-8.0,2.5,0,0,0,0,0,0,0,0.05357142857142857,56,2.356008892612798,2.7805218705907464,2.838960848748684,0,112
final_hybrid,2026086444,1,3,-8.0,2.5,0,0,0,0,0,0,0,0.0,57,2.365230402925558,2.862637024372816,3.202035091817379,0,114
final_hybrid,2026086444,2,3,-24.0,3.0,0,0,0,0,0,0,0,0.020833333333333332,48,2.3317456555863223,2.8029950335621834,2.8819157741963863,0,97
final_hybrid,2026086444,3,3,54.0,1.0,1,1,0,0,0,0,0,0.05263157894736842,38,2.2682202367210076,2.6156740495935082,2.7368320152163506,0,75
final_hybrid,2026086445,0,0,-18.0,3.0,0,0,0,0,0,0,0,0.09090909090909091,33,2.344899768517776,2.7348576113581657,2.7747242711484432,0,67
final_hybrid,2026086445,1,0,-20.0,4.0,0,0,1,12,0,0,0,0.02702702702702703,37,2.345015684998519,2.7407925575971603,2.8155557811260223,0,74
final_hybrid,2026086445,2,0,36.0,1.0,1,0,0,0,0,0,0,0.0,39,2.34834023584158,2.900004433467984,2.962422091513872,0,78
final_hybrid,2026086445,3,0,-8.0,2.5,0,0,0,0,0,0,0,0.0,32,2.334700242499821,2.932350756600499,2.9611806385219097,0,64
final_hybrid,2026086446,0,1,-18.0,3.0,0,0,0,0,0,0,0,0.018518518518518517,54,2.378151838288263,2.766839158721268,2.8292047791182995,0,109
final_hybrid,2026086446,1,1,-8.0,2.5,0,0,0,0,0,0,0,0.0,74,2.388915934323056,3.0379866249859333,3.1130220741033554,0,148
final_hybrid,2026086446,2,1,33.0,1.0,1,0,0,0,0,0,0,0.03636363636363636,55,2.2824991155754435,2.596358908340335,2.711142413318157,0,110
final_hybrid,2026086446,3,1,-8.0,2.5,0,0,0,0,0,0,0,0.0,52,2.325606362249416,2.8357318602502346,2.8464659117162228,0,104
final_hybrid,2026086447,0,3,-17.0,3.0,0,0,0,0,0,0,0,0.05405405405405406,37,2.394567961124955,2.835108805447817,2.897186204791069,0,75
final_hybrid,2026086447,1,3,51.0,1.0,1,1,0,0,0,0,0,0.0,38,2.3649369219416068,2.958545577712357,2.9778839088976383,0,75
final_hybrid,2026086447,2,3,-17.0,3.0,0,0,0,0,0,0,0,0.02702702702702703,37,2.3319885336064003,2.79384758323431,2.8417049907147884,0,75
final_hybrid,2026086447,3,3,-17.0,3.0,0,0,0,0,0,0,0,0.02702702702702703,37,2.318374573479633,2.798996400088072,2.8267819434404373,0,75
final_hybrid,2026086448,0,1,-8.0,2.5,0,0,0,0,0,0,0,0.031746031746031744,63,2.372224408660143,2.80912471935153,2.8382157906889915,0,126
final_hybrid,2026086448,1,1,-26.0,3.0,0,0,0,0,0,0,0,0.0,39,2.3845587021265273,2.8753580525517464,2.91616003960371,0,79
final_hybrid,2026086448,2,1,36.0,1.0,1,0,0,0,0,0,0,0.0,37,2.3312813073799417,2.8135396540164948,2.9113497585058212,0,74
final_hybrid,2026086448,3,1,78.0,1.0,1,1,0,0,0,0,0,0.025,40,2.3436401737853885,2.9843215132132173,3.072619903832674,0,79
final_hybrid,2026086449,0,3,-26.0,4.0,0,0,1,18,0,0,0,0.015625,64,2.4613437926745974,3.0344671569764614,3.242927137762308,0,128
final_hybrid,2026086449,1,3,0.0,2.5,0,0,0,0,0,1,0,0.0,82,2.6616650383646894,3.7447674898430705,4.782381933182478,0,164
final_hybrid,2026086449,2,3,35.0,1.0,1,0,0,0,0,0,0,0.05357142857142857,56,2.4301488551178148,3.6577152786776423,4.510301165282726,0,112
final_hybrid,2026086449,3,3,-8.0,2.5,0,0,0,0,0,0,0,0.0,77,2.3616753554866685,2.9520212672650814,3.3796667121350765,0,154
final_hybrid,2026086450,0,3,57.0,1.0,1,1,0,0,0,0,0,0.03225806451612903,31,2.355453408052844,2.818815875798464,2.820619847625494,0,61
final_hybrid,2026086450,1,3,-19.0,3.0,0,0,0,0,0,0,0,0.0,30,2.3462370658914247,2.8478770749643445,2.8792861849069595,0,61
final_hybrid,2026086450,2,3,-18.0,3.0,0,0,0,0,0,0,0,0.034482758620689655,29,2.3084166138593494,2.71392110735178,2.7283448725938797,0,59
final_hybrid,2026086450,3,3,-19.0,3.0,0,0,0,0,0,0,0,0.0,30,2.400940408309301,2.9531808570027347,3.385086078196764,0,61
final_hybrid,2026086451,0,3,-26.0,3.0,0,0,0,0,0,0,0,0.02631578947368421,38,2.3474764250414935,2.7008303441107273,2.8439401648938656,0,77
final_hybrid,2026086451,1,3,34.0,1.0,1,0,0,0,0,0,0,0.06451612903225806,31,2.360111357824456,2.772449515759945,4.105831030756235,0,62
final_hybrid,2026086451,2,3,-8.0,2.5,0,0,0,0,0,0,0,0.06451612903225806,31,2.273906022310257,2.659258898347616,2.6982631534337997,0,62
final_hybrid,2026086451,3,3,-8.0,2.5,0,0,0,0,0,0,0,0.0,29,2.329393835930989,2.7587540447711945,3.252057358622551,0,58
final_hybrid,2026086452,0,0,-17.0,4.0,0,0,1,9,0,0,0,0.12121212121212122,33,2.43428201329979,2.7057872153818607,4.905094858258963,0,66
final_hybrid,2026086452,1,0,-32.0,4.0,0,0,1,24,0,0,0,0.0,29,2.4107682422317307,2.9611604288220406,2.9801838099956512,0,58
final_hybrid,2026086452,2,0,48.0,1.0,1,0,0,0,0,0,0,0.05263157894736842,19,2.373948007037765,2.806247444823384,3.0361441895365715,0,38
final_hybrid,2026086452,3,0,-8.0,2.5,0,0,0,0,0,0,0,0.0,30,2.349612178901831,2.9248231556266546,2.9506059363484383,0,60
final_hybrid,2026086453,0,0,-8.0,2.5,0,0,0,0,0,0,0,0.03389830508474576,59,2.3801270714503224,2.7834706939756866,3.08256596326828,0,118
final_hybrid,2026086453,1,0,-18.0,4.0,0,0,1,10,0,0,0,0.031746031746031744,63,2.3576325722157008,2.813795581459999,2.882992383092642,0,126
final_hybrid,2026086453,2,0,-19.0,3.0,0,0,0,0,0,0,0,0.0,65,2.367663770340956,2.9453671537339687,3.3661373890936375,0,131
final_hybrid,2026086453,3,0,-19.0,4.0,0,0,1,11,0,0,0,0.03773584905660377,53,2.3048732008011834,2.6636130176484585,2.706098835915327,0,106
final_hybrid,2026086454,0,2,-8.0,2.5,0,0,0,0,0,0,0,0.04838709677419355,62,2.3803462259351247,2.723282133229077,2.84141069278121,0,123
final_hybrid,2026086454,1,2,-8.0,2.5,0,0,0,0,0,0,0,0.0,59,2.3774222502390208,2.82356352545321,2.836722880601883,0,119
final_hybrid,2026086454,2,2,-8.0,2.5,0,0,0,0,0,0,0,0.0,55,2.3958624848587946,2.978484146296978,3.0129728838801384,0,111
final_hybrid,2026086454,3,2,-29.0,4.0,0,0,1,21,0,0,0,0.03636363636363636,55,2.307185699993914,2.7190389577299356,3.008489031344652,0,111
final_hybrid,2026086455,0,2,43.0,1.0,1,0,0,0,0,0,0,0.06521739130434782,46,2.3593213307954697,2.708297222852707,2.8632390312850475,0,92
final_hybrid,2026086455,1,2,-8.0,2.5,0,0,0,0,0,0,0,0.020833333333333332,48,2.3733583317759135,2.881362196058035,3.2007829286158085,0,96
final_hybrid,2026086455,2,2,-27.0,4.0,0,0,1,19,0,0,0,0.037037037037037035,27,2.346871748428654,2.8355115093290806,2.876168116927147,0,54
final_hybrid,2026086455,3,2,-27.0,4.0,0,0,1,19,0,0,0,0.06818181818181818,44,2.318556208840825,2.7752319583669305,2.7877893298864365,0,88
final_hybrid,2026086456,0,3,-8.0,2.5,0,0,0,0,0,0,0,0.0,36,2.408028838949071,2.8275075601413846,2.871396020054817,0,72
final_hybrid,2026086456,1,3,-8.0,2.5,0,0,0,0,0,0,0,0.027777777777777776,36,2.351712823535005,2.7803642442449927,2.8350399807095528,0,72
final_hybrid,2026086456,2,3,35.0,1.0,1,0,0,0,0,0,0,0.027777777777777776,36,2.309753675945103,2.7344432892277837,2.8106370009481907,0,72
final_hybrid,2026086456,3,3,-19.0,4.0,0,0,1,11,0,0,0,0.0,36,2.3495552595704794,2.80674546957016,2.8278869576752186,0,72
final_hybrid,2026086457,0,0,-8.0,2.5,0,0,0,0,0,0,0,0.02702702702702703,74,2.390300458599184,2.7773618698120117,3.1998613849282265,0,148
final_hybrid,2026086457,1,0,38.0,1.0,1,0,0,0,0,0,0,0.02666666666666667,75,2.326405458152294,2.735645929351449,2.8184629045426846,0,150
final_hybrid,2026086457,2,0,-16.0,4.0,0,0,1,8,0,0,0,0.07272727272727272,55,2.3247422989119184,2.715562377125025,3.249549772590399,0,110
final_hybrid,2026086457,3,0,-16.0,4.0,0,0,1,8,0,0,0,0.045454545454545456,44,2.261581915346059,2.6230079121887684,2.65590101480484,0,88
final_hybrid,2026086458,0,0,-19.0,4.0,0,0,1,11,0,0,0,0.03571428571428571,56,2.4005955949957882,2.8308782493695617,2.892342396080494,0,112
final_hybrid,2026086458,1,0,48.0,1.0,1,1,0,0,0,0,0,0.05405405405405406,37,2.328869207082568,2.755973767489195,2.7746721170842648,0,73
final_hybrid,2026086458,2,0,-8.0,2.5,0,0,0,0,0,0,0,0.014084507042253521,71,2.3489643452348004,2.8374665416777134,3.30753019079566,0,142
final_hybrid,2026086458,3,0,-19.0,4.0,0,0,1,11,0,0,0,0.014084507042253521,71,2.3586964693812416,2.874729223549366,3.2142740674316883,0,142
final_hybrid,2026086459,0,1,-8.0,2.5,0,0,0,0,0,0,0,0.034482758620689655,58,2.3681220823320848,2.791350451298058,2.8282529674470425,0,116
final_hybrid,2026086459,1,1,-8.0,2.5,0,0,0,0,0,0,0,0.0,44,2.3749003250321206,2.8934482485055923,2.974321134388447,0,88
final_hybrid,2026086459,2,1,-8.0,2.5,0,0,0,0,0,0,0,0.05,60,2.3601931907857456,2.8397807385772467,3.432480152696371,0,120
final_hybrid,2026086459,3,1,-16.0,4.0,0,0,1,8,0,0,0,0.02857142857142857,70,2.305230963975191,2.75346334092319,2.7918219566345215,0,140
final_hybrid,2026086460,0,1,117.0,1.0,1,1,0,0,0,0,0,0.0,59,2.387259771131863,2.8205578681081533,3.206872846931219,0,117
final_hybrid,2026086460,1,1,-8.0,2.5,0,0,0,0,0,0,0,0.034482758620689655,87,2.331230693079274,2.6672232430428267,3.047770820558071,0,175
final_hybrid,2026086460,2,1,-8.0,2.5,0,0,0,0,0,0,0,0.024390243902439025,82,2.3166986307265556,2.7687273686751723,2.7720052748918533,0,163
final_hybrid,2026086460,3,1,-27.0,3.0,0,0,0,0,0,0,0,0.011494252873563218,87,2.3795056542188955,3.07309553027153,3.6199581809341908,0,176
final_hybrid,2026086461,0,2,48.0,1.0,1,0,0,0,0,0,0,0.0,42,2.3837863755900237,2.745611616410315,2.775487955659628,0,84
final_hybrid,2026086461,1,2,-8.0,2.5,0,0,0,0,0,0,0,0.05555555555555555,54,2.309927052852732,2.6153868064284325,2.697685267776251,0,108
final_hybrid,2026086461,2,2,32.0,1.0,1,0,0,0,0,0,0,0.04,50,2.2777507547289133,2.577294409275055,2.724235877394676,0,100
final_hybrid,2026086461,3,2,-24.0,4.0,0,0,1,16,0,0,0,0.037037037037037035,54,2.320242373065816,2.8114600805565715,2.9051220044493675,0,108
final_hybrid,2026086462,0,1,-8.0,2.5,0,0,0,0,0,0,0,0.031746031746031744,63,2.373572727221818,2.6905229315161705,2.90845800191164,0,126
final_hybrid,2026086462,1,1,36.0,1.0,1,0,0,0,0,0,0,0.024390243902439025,82,2.3731140408483222,2.8162920149043202,3.152734600007534,0,164
final_hybrid,2026086462,2,1,32.0,1.0,1,0,0,0,0,0,0,0.02666666666666667,75,2.3477445729076862,2.8475755359977484,2.8738491237163544,0,150
final_hybrid,2026086462,3,1,-18.0,4.0,0,0,1,10,0,0,0,0.0,63,2.346999898907684,2.8892343398183584,2.9413169249892235,0,126
final_hybrid,2026086463,0,1,0.0,2.5,0,0,0,0,0,1,1,0.02247191011235955,89,2.3864584221515095,2.726076915860176,3.2117189839482307,0,178
final_hybrid,2026086463,1,1,0.0,2.5,0,0,0,0,0,1,0,0.0,86,2.3676386308791333,2.8406481724232435,2.867989242076874,0,172
final_hybrid,2026086463,2,1,0.0,2.5,0,0,0,0,0,1,0,0.024691358024691357,81,2.3133389502303836,2.669950947165489,2.733974251896143,0,163
final_hybrid,2026086463,3,1,0.0,2.5,0,0,0,0,0,1,0,0.012195121951219513,82,2.365555159929322,2.944160788320005,3.0179047025740147,0,163
final_hybrid,2026086464,0,1,-18.0,4.0,0,0,1,10,0,0,0,0.02631578947368421,38,2.3940824658462874,2.788671338930726,2.8862967155873775,0,76
final_hybrid,2026086464,1,1,34.0,1.0,1,0,0,0,0,0,0,0.0,43,2.387283001701499,3.0103503726422787,3.2230690121650696,0,86
final_hybrid,2026086464,2,1,-16.0,4.0,0,0,1,8,0,0,0,0.04838709677419355,62,2.324044366457289,2.69957825075835,2.8025279752910137,0,124
final_hybrid,2026086464,3,1,-8.0,2.5,0,0,0,0,0,0,0,0.05263157894736842,38,2.277908209515245,2.631844603456557,2.740709111094475,0,76
final_hybrid,2026086465,0,0,-8.0,2.5,0,0,0,0,0,0,0,0.03125,32,2.3877953935880214,2.7473435504361987,2.8569987043738365,0,64
final_hybrid,2026086465,1,0,-8.0,2.5,0,0,0,0,0,0,0,0.0,32,2.3976531956577674,2.970139915123582,3.001569304615259,0,64
final_hybrid,2026086465,2,0,-22.0,3.0,0,0,0,0,0,0,0,0.024691358024691357,81,2.306575312014715,2.6528500020504,2.781176008284092,0,163
final_hybrid,2026086465,3,0,-35.0,3.0,0,0,0,0,0,0,0,0.0,72,2.350733279147082,2.8335464419797063,2.8859730809926987,0,145
final_hybrid,2026086466,0,3,-8.0,2.5,0,0,0,0,0,0,0,0.039473684210526314,76,2.3767793624612845,2.726985956542194,2.7939188294112682,0,152
final_hybrid,2026086466,1,3,102.0,1.0,1,1,0,0,0,0,0,0.04,75,2.319036374489466,2.6432822924107313,2.765258774161339,0,149
final_hybrid,2026086466,2,3,54.0,1.0,1,1,0,0,0,0,0,0.0,48,2.4063063028734177,3.0207682866603136,3.257394302636385,0,95
final_hybrid,2026086466,3,3,-28.0,3.0,0,0,0,0,0,0,0,0.0,56,2.3341363661789467,2.846356248483062,2.885548397898674,0,113
final_hybrid,2026086467,0,3,-8.0,2.5,0,0,0,0,0,0,0,0.014925373134328358,67,2.4065246680445633,2.7824383229017258,2.846944145858288,0,134
final_hybrid,2026086467,1,3,-8.0,2.5,0,0,0,0,0,0,0,0.07352941176470588,68,2.3259484099552914,2.735858573578298,2.9372964054346085,0,136
final_hybrid,2026086467,2,3,-24.0,4.0,0,0,1,16,0,0,0,0.015151515151515152,66,2.3414183436243823,2.7308084536343813,3.3183800987899303,0,132
final_hybrid,2026086467,3,3,-18.0,3.0,0,0,0,0,0,0,0,0.0,56,2.355647148630981,2.880185144022107,2.9487540014088154,0,113
final_hybrid,2026086468,0,3,-36.0,3.0,0,0,0,0,0,0,0,0.01694915254237288,59,2.4004735810271765,2.8120308183133598,2.8770710341632366,0,119
final_hybrid,2026086468,1,3,-28.0,3.0,0,0,0,0,0,0,0,0.05555555555555555,36,2.340313642182284,2.789850113913417,2.841598354279995,0,73
final_hybrid,2026086468,2,3,81.0,1.0,1,1,0,0,0,0,0,0.027777777777777776,36,2.368060044116444,2.902413485571742,3.4055220894515514,0,71
final_hybrid,2026086468,3,3,-35.0,3.0,0,0,0,0,0,0,0,0.045454545454545456,66,2.3060003718869253,2.636274672113359,2.809390425682068,0,133
final_hybrid,2026086469,0,1,-18.0,4.0,0,0,1,10,0,0,0,0.0,42,2.4376975793746256,2.9178732773289084,3.008590079843998,0,84
final_hybrid,2026086469,1,1,-8.0,2.5,0,0,0,0,0,0,0,0.07142857142857142,42,2.3012306829470965,2.6070323307067156,2.749249804764986,0,84
final_hybrid,2026086469,2,1,-8.0,2.5,0,0,0,0,0,0,0,0.03636363636363636,55,2.3394201712852176,2.8342305682599545,3.0753491446375847,0,110
final_hybrid,2026086469,3,1,34.0,1.0,1,0,0,0,0,0,0,0.023809523809523808,42,2.3569722571188496,2.923736162483692,2.960073761641979,0,84
final_hybrid,2026086470,0,3,-8.0,2.5,0,0,0,0,0,0,0,0.0,27,2.419298273269777,2.8617537580430508,2.8756102547049522,0,54
final_hybrid,2026086470,1,3,34.0,1.0,1,0,0,0,0,0,0,0.0,40,2.4043923942372203,2.9754454968497157,3.0491510406136513,0,80
final_hybrid,2026086470,2,3,-23.0,3.0,0,0,0,0,0,0,0,0.03125,32,2.3573034268338233,2.801872114650905,2.826108131557703,0,65
final_hybrid,2026086470,3,3,-8.0,2.5,0,0,0,0,0,0,0,0.021739130434782608,46,2.3298117777575618,2.8246231377124786,2.896247897297144,0,92
final_hybrid,2026086471,0,2,-30.0,4.0,0,0,1,22,0,0,0,0.0,49,2.4242824209587917,2.8409676626324654,3.3600139431655407,0,98
final_hybrid,2026086471,1,2,-8.0,2.5,0,0,0,0,0,0,0,0.0,40,2.4215792189352214,2.9950515599921346,3.0333739705383778,0,80
final_hybrid,2026086471,2,2,35.0,1.0,1,0,0,0,0,0,0,0.0,40,2.379827038384974,2.944214269518852,3.0525480397045612,0,80
final_hybrid,2026086471,3,2,-8.0,2.5,0,0,0,0,0,0,0,0.0,49,2.364957229975535,2.906243409961462,2.9135807417333126,0,98
final_hybrid,2026086472,0,1,38.0,1.0,1,0,0,0,0,0,0,0.10344827586206896,29,2.356193911541125,2.674174029380083,2.8413329273462296,0,58
final_hybrid,2026086472,1,1,33.0,1.0,1,0,0,0,0,0,0,0.02040816326530612,49,2.4022493340379123,2.9622161760926247,2.9665064066648483,0,98
final_hybrid,2026086472,2,1,-17.0,4.0,0,0,1,9,0,0,0,0.02040816326530612,49,2.3737659449784125,2.8594953007996082,2.92322039604187,0,98
final_hybrid,2026086472,3,1,-17.0,4.0,0,0,1,9,0,0,0,0.0,38,2.3291915115949355,2.91461618617177,2.920841798186302,0,76
final_hybrid,2026086473,0,3,-8.0,2.5,0,0,0,0,0,0,0,0.027777777777777776,36,2.4037196999415755,2.825706033036113,3.31385200843215,0,72
final_hybrid,2026086473,1,3,-17.0,3.0,0,0,0,0,0,0,0,0.02564102564102564,39,2.375014520321901,2.7977616991847754,3.061519004404545,0,79
final_hybrid,2026086473,2,3,-8.0,2.5,0,0,0,0,0,0,0,0.0,32,2.345839486224577,2.84444373100996,2.8775017708539963,0,64
final_hybrid,2026086473,3,3,-20.0,4.0,0,0,1,12,0,0,0,0.05128205128205128,39,2.3142661636647506,2.798430062830448,3.0047371983528137,0,78
final_hybrid,2026086474,0,0,-8.0,2.5,0,0,0,0,0,0,0,0.0,57,2.444735622000799,2.9815638437867165,3.0655176378786564,0,114
final_hybrid,2026086474,1,0,-16.0,4.0,0,0,1,8,0,0,0,0.025,40,2.3536657099612057,2.799148904159665,2.9242639429867268,0,80
final_hybrid,2026086474,2,0,-8.0,2.5,0,0,0,0,0,0,0,0.025,40,2.326699171680957,2.817806671373546,2.894587814807892,0,80
final_hybrid,2026086474,3,0,32.0,1.0,1,0,0,0,0,0,0,0.05,40,2.3233626736328006,2.7212223736569285,2.8011752292513847,0,80
final_hybrid,2026086475,0,0,-19.0,3.0,0,0,0,0,0,0,0,0.016666666666666666,60,2.3701341512302556,2.655905042774975,2.8458316810429096,0,121
final_hybrid,2026086475,1,0,-18.0,3.0,0,0,0,0,0,0,0,0.0,68,2.3849383338957146,2.9168507549911737,2.994038164615631,0,137
final_hybrid,2026086475,2,0,0.0,2.5,0,0,0,0,0,1,1,0.03571428571428571,84,2.309778028921712,2.677477989345789,2.8706290759146214,0,168
final_hybrid,2026086475,3,0,-19.0,3.0,0,0,0,0,0,0,0,0.016666666666666666,60,2.326353375489513,2.8259474551305175,2.8654648922383785,0,121
final_hybrid,2026086476,0,1,-23.0,4.0,0,0,1,15,0,0,0,0.0,37,2.4116002023220062,2.8914897702634335,2.973578404635191,0,74
final_hybrid,2026086476,1,1,39.0,1.0,1,0,0,0,0,0,0,0.08108108108108109,37,2.3380525510858847,2.7703396044671535,3.1007053330540657,0,74
final_hybrid,2026086476,2,1,-17.0,4.0,0,0,1,9,0,0,0,0.0,43,2.373924868744473,2.9172854498028755,3.4180120564997196,0,86
final_hybrid,2026086476,3,1,-32.0,4.0,0,0,1,24,0,0,0,0.045454545454545456,44,2.313332981429994,2.6846949476748705,2.732191700488329,0,88
final_hybrid,2026086477,0,3,-8.0,2.5,0,0,0,0,0,0,0,0.0,56,2.4504087549368188,2.946754568256438,3.4174518659710884,0,113
final_hybrid,2026086477,1,3,-8.0,2.5,0,0,0,0,0,0,0,0.0,60,2.383179791892568,2.902039932087064,2.9890588484704494,0,120
final_hybrid,2026086477,2,3,-8.0,2.5,0,0,0,0,0,0,0,0.02,50,2.3212112858891487,2.7144524501636624,2.7461950667202473,0,101
final_hybrid,2026086477,3,3,34.0,1.0,1,0,0,0,0,0,0,0.04,50,2.3083516489714384,2.7114460710436106,2.7960180304944515,0,100
final_hybrid,2026086478,0,3,-17.0,4.0,0,0,1,9,0,0,0,0.027777777777777776,72,2.397448393619723,2.7303394163027406,3.53439012542367,0,144
final_hybrid,2026086478,1,3,51.0,1.0,1,1,0,0,0,0,0,0.0,45,2.379470680736833,2.9765631072223186,2.998901065438986,0,89
final_hybrid,2026086478,2,3,-21.0,4.0,0,0,1,13,0,0,0,0.02702702702702703,37,2.323727198951953,2.7168530039489265,3.130765166133642,0,74
final_hybrid,2026086478,3,3,-8.0,2.5,0,0,0,0,0,0,0,0.0,72,2.3740376410488455,2.8866725508123636,3.4505119547247887,0,144
final_hybrid,2026086479,0,3,-8.0,2.5,0,0,0,0,0,0,0,0.0,56,2.417367941234261,2.86699493881315,2.91272159665823,0,112
final_hybrid,2026086479,1,3,0.0,2.5,0,0,0,0,0,1,1,0.04395604395604396,91,2.3396225789418588,2.6923827826976776,2.8949682600796223,0,182
final_hybrid,2026086479,2,3,0.0,2.5,0,0,0,0,0,1,1,0.033707865168539325,89,2.284631682455205,2.5830774568021297,2.8237346559762955,0,178
final_hybrid,2026086479,3,3,-17.0,4.0,0,0,1,9,0,0,0,0.03571428571428571,56,2.3291212689530636,2.7961337473243475,2.831732854247093,0,112
final_hybrid,2026086480,0,0,-19.0,3.0,0,0,0,0,0,0,0,0.06896551724137931,29,2.354644576151823,2.6062555611133575,2.801555208861828,0,59
final_hybrid,2026086480,1,0,-19.0,3.0,0,0,0,0,0,0,0,0.0,31,2.37960159598339,2.9159996192902327,2.9510492458939552,0,63
final_hybrid,2026086480,2,0,57.0,1.0,1,1,0,0,0,0,0,0.03333333333333333,30,2.3105657504250607,2.754666726104915,2.7759578078985214,0,59
final_hybrid,2026086480,3,0,-19.0,3.0,0,0,0,0,0,0,0,0.034482758620689655,29,2.34847132052327,2.878747507929802,2.9106098227202892,0,59
final_hybrid,2026086481,0,0,-23.0,3.0,0,0,0,0,0,0,0,0.058823529411764705,51,2.3492690650563612,2.6771060656756163,2.84632109105587,0,103
final_hybrid,2026086481,1,0,84.0,1.0,1,1,0,0,0,0,0,0.014925373134328358,67,2.3575398389861655,2.740187756717205,3.175674006342888,0,133
final_hybrid,2026086481,2,0,-8.0,2.5,0,0,0,0,0,0,0,0.030303030303030304,66,2.337609664678122,2.874674857594073,2.930651418864727,0,132
final_hybrid,2026086481,3,0,-19.0,3.0,0,0,0,0,0,0,0,0.0,47,2.3619640380778213,2.9224582947790623,2.948424778878689,0,95
final_hybrid,2026086482,0,2,51.0,1.0,1,1,0,0,0,0,0,0.0,33,2.4126978506418792,2.8286760672926903,2.839856781065464,0,65
final_hybrid,2026086482,1,2,-18.0,4.0,0,0,1,10,0,0,0,0.0,40,2.3771851207129657,2.7982821222394705,2.8393203392624855,0,80
final_hybrid,2026086482,2,2,-8.0,2.5,0,0,0,0,0,0,0,0.0,40,2.336713671684265,2.8543601743876934,2.8735650703310966,0,80
final_hybrid,2026086482,3,2,-8.0,2.5,0,0,0,0,0,0,0,0.0,40,2.345512609463185,2.865113830193877,3.0357791110873222,0,80
final_hybrid,2026086483,0,2,-25.0,4.0,0,0,1,17,0,0,0,0.07142857142857142,56,2.3723725961255178,2.714108442887664,2.956777811050415,0,111
final_hybrid,2026086483,1,2,-16.0,4.0,0,0,1,8,0,0,0,0.05,40,2.34888264676556,2.729560248553753,2.761376090347767,0,80
final_hybrid,2026086483,2,2,-8.0,2.5,0,0,0,0,0,0,0,0.0,40,2.349926740862429,2.8518441366031766,2.903851680457592,0,80
final_hybrid,2026086483,3,2,-21.0,3.0,0,0,0,0,0,0,0,0.04,50,2.3494419548660517,2.891838108189404,2.961910329759121,0,101
final_hybrid,2026086484,0,3,-16.0,3.0,0,0,0,0,0,0,0,0.0,42,2.421481501577156,2.8627749532461166,2.894572913646698,0,85
final_hybrid,2026086484,1,3,32.0,1.0,1,0,0,0,0,0,0,0.0,45,2.4017205772300563,2.9948838986456394,3.0519659630954266,0,90
final_hybrid,2026086484,2,3,-8.0,2.5,0,0,0,0,0,0,0,0.0,41,2.3384736510129964,2.781128976494074,2.785269170999527,0,82
final_hybrid,2026086484,3,3,-8.0,2.5,0,0,0,0,0,0,0,0.0,19,2.319035634986664,2.8387098107486963,2.857899758964777,0,38
final_hybrid,2026086485,0,0,54.0,1.0,1,0,0,0,0,0,0,0.0,24,2.402617576687286,2.7584672207012773,2.8024278581142426,0,48
final_hybrid,2026086485,1,0,-8.0,2.5,0,0,0,0,0,0,0,0.0,27,2.343796107366129,2.8098548762500286,2.8342981822788715,0,54
final_hybrid,2026086485,2,0,-38.0,4.0,0,0,1,30,0,0,0,0.041666666666666664,24,2.343820893050482,2.7707471046596766,2.782871015369892,0,48
final_hybrid,2026086485,3,0,-24.0,4.0,0,0,1,16,0,0,0,0.047619047619047616,63,2.300598111654085,2.752058068290353,2.792011946439743,0,126
final_hybrid,2026086486,0,1,-18.0,4.0,0,0,1,10,0,0,0,0.044444444444444446,45,2.421927307215002,2.843106910586357,2.8692656196653843,0,90
final_hybrid,2026086486,1,1,-39.0,3.0,0,0,0,0,0,0,0,0.0,40,2.3922537453472614,2.9284192714840174,2.941547892987728,0,81
final_hybrid,2026086486,2,1,-18.0,4.0,0,0,1,10,0,0,0,0.0392156862745098,51,2.3015715163566317,2.70379357971251,2.7497182600200176,0,102
final_hybrid,2026086486,3,1,49.0,1.0,1,0,0,0,0,0,0,0.0196078431372549,51,2.310716318806597,2.732774941250682,2.840926870703697,0,102
final_hybrid,2026086487,0,3,70.0,1.0,1,0,0,0,0,0,0,0.04838709677419355,62,2.387882127696949,2.8023487888276577,2.956855110824108,0,124
final_hybrid,2026086487,1,3,36.0,1.0,1,0,0,0,0,0,0,0.03076923076923077,65,2.3682605690107894,2.709901798516512,3.2830839045345783,0,130
final_hybrid,2026086487,2,3,-8.0,2.5,0,0,0,0,0,0,0,0.041666666666666664,48,2.3296692525036633,2.7660675114020705,3.2470356673002243,0,96
final_hybrid,2026086487,3,3,-8.0,2.5,0,0,0,0,0,0,0,0.015151515151515152,66,2.3317159590960452,2.7948354836553335,2.8508128598332405,0,132
final_hybrid,2026086488,0,1,48.0,1.0,1,0,0,0,0,0,0,0.0,44,2.4186429588801484,2.8485516784712672,2.8656390495598316,0,88
final_hybrid,2026086488,1,1,-8.0,2.5,0,0,0,0,0,0,0,0.045454545454545456,44,2.3441317131404174,2.7365438640117645,3.3983890898525715,0,88
final_hybrid,2026086488,2,1,-8.0,2.5,0,0,0,0,0,0,0,0.0,44,2.3461404383521187,2.793930401094258,2.8361701406538486,0,88
final_hybrid,2026086488,3,1,-8.0,2.5,0,0,0,0,0,0,0,0.0,43,2.3618205558768537,2.934300107881427,2.9753977432847023,0,86
final_hybrid,2026086489,0,1,48.0,1.0,1,0,0,0,0,0,0,0.0,68,2.4065863313701223,2.793824253603816,3.322228789329529,0,136
final_hybrid,2026086489,1,1,-24.0,3.0,0,0,0,0,0,0,0,0.012195121951219513,82,2.3615092277617715,2.791377203539014,2.8873691335320473,0,165
final_hybrid,2026086489,2,1,-18.0,3.0,0,0,0,0,0,0,0,0.016666666666666666,60,2.3560906682784357,2.8961682226508856,2.978406846523285,0,121
final_hybrid,2026086489,3,1,78.0,1.0,1,1,0,0,0,0,0,0.0,84,2.399541481974579,3.0452164355665445,3.114424180239439,0,167
final_hybrid,2026086490,0,1,0.0,2.5,0,0,0,0,0,1,1,0.03296703296703297,91,2.353046478314714,2.623445587232709,3.0323313549160957,0,182
final_hybrid,2026086490,1,1,-8.0,2.5,0,0,0,0,0,0,0,0.0,81,2.3907338395530795,2.9001282528042793,2.970393281430006,0,162
final_hybrid,2026086490,2,1,-8.0,2.5,0,0,0,0,0,0,0,0.016666666666666666,60,2.363387526323398,2.9276543064042926,2.9702610336244106,0,120
final_hybrid,2026086490,3,1,-8.0,2.5,0,0,0,0,0,0,0,0.0,39,2.33795881892244,2.8550550807267427,2.867762930691242,0,78
final_hybrid,2026086491,0,3,34.0,1.0,1,0,0,0,0,0,0,0.07142857142857142,28,2.367903777797307,2.730204490944743,2.846579998731613,0,56
final_hybrid,2026086491,1,3,-21.0,4.0,0,0,1,13,0,0,0,0.0,46,2.3755251794405607,2.7732892194762826,2.790454775094986,0,92
final_hybrid,2026086491,2,3,37.0,1.0,1,0,0,0,0,0,0,0.0,36,2.3652264434430332,2.92914395686239,3.0007148161530495,0,72
final_hybrid,2026086491,3,3,-8.0,2.5,0,0,0,0,0,0,0,0.020833333333333332,48,2.3226362730686865,2.7895024744793773,3.3872341737151146,0,96
final_hybrid,2026086492,0,1,-8.0,2.5,0,0,0,0,0,0,0,0.0,31,2.4239476619949265,2.9377772007137537,2.996050752699375,0,62
final_hybrid,2026086492,1,1,-8.0,2.5,0,0,0,0,0,0,0,0.0,31,2.368485119434134,2.860867651179433,3.5175783559679985,0,62
final_hybrid,2026086492,2,1,-20.0,4.0,0,0,1,12,0,0,0,0.034482758620689655,29,2.3751156083468734,2.796517498791218,2.8411480598151684,0,58
final_hybrid,2026086492,3,1,36.0,1.0,1,0,0,0,0,0,0,0.0,31,2.366544348337958,2.886941423639655,2.9522948898375034,0,62
final_hybrid,2026086493,0,3,32.0,1.0,1,0,0,0,0,0,0,0.014285714285714285,70,2.410786964797548,2.7491065906360745,3.297938033938408,0,139
final_hybrid,2026086493,1,3,0.0,2.5,0,0,0,0,0,1,1,0.0,80,2.391717495629564,2.896461123600602,2.914601005613804,0,161
final_hybrid,2026086493,2,3,-18.0,3.0,0,0,0,0,0,0,0,0.016129032258064516,62,2.3618102479245393,2.897392399609089,3.148888237774372,0,126
final_hybrid,2026086493,3,3,-16.0,3.0,0,0,0,0,0,0,0,0.018518518518518517,54,2.3335706511581384,2.763870218768716,2.8189592994749546,0,110
final_hybrid,2026086494,0,1,-8.0,2.5,0,0,0,0,0,0,0,0.03389830508474576,59,2.4001077606768932,2.773769898340106,2.8374739922583103,0,119
final_hybrid,2026086494,1,1,-33.0,3.0,0,0,0,0,0,0,0,0.0,46,2.413833402502148,2.9547371668741107,3.2434710301458836,0,93
final_hybrid,2026086494,2,1,99.0,1.0,1,1,0,0,0,0,0,0.0,47,2.336920476815802,2.731393137946725,2.751793246716261,0,93
final_hybrid,2026086494,3,1,-31.0,4.0,0,0,1,23,0,0,0,0.05555555555555555,36,2.31605949294236,2.6809709379449487,3.3263452351093292,0,73
final_hybrid,2026086495,0,3,-21.0,3.0,0,0,0,0,0,0,0,0.05,20,2.4351513013243675,2.8419684851542115,2.881400752812624,0,41
final_hybrid,2026086495,1,3,63.0,1.0,1,1,0,0,0,0,0,0.0,21,2.3821864410170486,2.8723832219839096,2.8755078092217445,0,41
final_hybrid,2026086495,2,3,-21.0,3.0,0,0,0,0,0,0,0,0.0,20,2.316468465141952,2.8401935705915093,2.8769751079380512,0,41
final_hybrid,2026086495,3,3,-21.0,3.0,0,0,0,0,0,0,0,0.05,20,2.329998044297099,2.7604700298979883,3.1845890916883945,0,41
final_hybrid,2026086496,0,2,72.0,1.0,1,1,0,0,0,0,0,0.0,51,2.419265242768269,2.887104405090213,2.986702136695385,0,101
final_hybrid,2026086496,1,2,-24.0,3.0,0,0,0,0,0,0,0,0.02,50,2.348403837531805,2.7553394436836243,2.798766829073429,0,101
final_hybrid,2026086496,2,2,-20.0,3.0,0,0,0,0,0,0,0,0.06,50,2.3499267548322678,2.8289783047512174,3.080400638282299,0,101
final_hybrid,2026086496,3,2,-24.0,3.0,0,0,0,0,0,0,0,0.0,50,2.3591155279427767,2.8629295295104384,2.877879422158003,0,101
final_hybrid,2026086497,0,3,-20.0,4.0,0,0,1,12,0,0,0,0.045454545454545456,22,2.453999361023307,2.83529635053128,2.8388197533786297,0,44
final_hybrid,2026086497,1,3,-8.0,2.5,0,0,0,0,0,0,0,0.0,18,2.3282441155364118,2.8214667225256562,2.880454994738102,0,36
final_hybrid,2026086497,2,3,-8.0,2.5,0,0,0,0,0,0,0,0.0,18,2.290295178277625,2.8108487371355295,2.8308681212365627,0,36
final_hybrid,2026086497,3,3,36.0,1.0,1,0,0,0,0,0,0,0.2222222222222222,18,2.307339907727308,2.594266110099852,2.7108117938041687,0,36
final_hybrid,2026086498,0,1,60.0,1.0,1,1,0,0,0,0,0,0.02857142857142857,35,2.411592592086111,2.909194305539131,2.989291213452816,0,69
final_hybrid,2026086498,1,1,-20.0,3.0,0,0,0,0,0,0,0,0.06060606060606061,33,2.324518296077396,2.7302274480462074,2.768591046333313,0,67
final_hybrid,2026086498,2,1,-20.0,3.0,0,0,0,0,0,0,0,0.0,34,2.3757623207262335,2.889407961629331,2.9671480879187584,0,69
final_hybrid,2026086498,3,1,-20.0,3.0,0,0,0,0,0,0,0,0.058823529411764705,34,2.318051027353196,2.7326227398589253,2.7686310932040215,0,69
final_hybrid,2026086499,0,2,-16.0,4.0,0,0,1,8,0,0,0,0.03636363636363636,55,2.376150119711052,2.7896372601389885,2.838266082108021,0,111
final_hybrid,2026086499,1,2,32.0,1.0,1,0,0,0,0,0,0,0.038461538461538464,26,2.3825686747351518,2.8291172347962856,2.8645400889217854,0,51
final_hybrid,2026086499,2,2,-8.0,2.5,0,0,0,0,0,0,0,0.04,25,2.2890783101320267,2.6367011480033398,2.669131848961115,0,51
final_hybrid,2026086499,3,2,-8.0,2.5,0,0,0,0,0,0,0,0.0,25,2.345769666135311,2.787576150149107,2.811254933476448,0,51
