model,wall_seed,seat,prevalent_wind,score,rank,win,self_draw,deal_in,deal_in_fan,big_deal_in,draw,draw_tenpai,call_rate,decisions,mean_decision_ms,p95_decision_ms,max_decision_ms,invalid_or_timeout,steps
final_hybrid,2026086000,0,1,-8.0,2.5,0,0,0,0,0,0,0,0.02857142857142857,35,12.209697759577207,3.158115874975917,344.5225730538368,0,70
final_hybrid,2026086000,1,1,37.0,1.0,1,0,0,0,0,0,0,0.0,33,2.447200346399437,2.9409284703433514,3.833585884422064,0,66
final_hybrid,2026086000,2,1,-22.0,3.0,0,0,0,0,0,0,0,0.02127659574468085,47,2.3660646513738532,2.8136732056736946,2.8587752021849155,0,95
final_hybrid,2026086000,3,1,33.0,1.0,1,0,0,0,0,0,0,0.044444444444444446,45,2.558486039439837,3.492414578795433,4.916011355817318,0,90
final_hybrid,2026086001,0,0,-19.0,4.0,0,0,1,11,0,0,0,0.01639344262295082,61,2.3577035420009347,2.812508028000593,2.944685984402895,0,122
final_hybrid,2026086001,1,0,60.0,1.0,1,1,0,0,0,0,0,0.06451612903225806,62,2.323334811315421,2.708737156353891,5.27728209272027,0,123
final_hybrid,2026086001,2,0,69.0,1.0,1,1,0,0,0,0,0,0.013513513513513514,74,2.365715852057612,2.9042464680969715,5.783359985798597,0,147
final_hybrid,2026086001,3,0,0.0,2.5,0,0,0,0,0,1,1,0.034482758620689655,87,2.285001210697081,2.7403600979596376,3.1183091923594475,0,174
final_hybrid,2026086002,0,3,34.0,1.0,1,0,0,0,0,0,0,0.034482758620689655,29,2.334343895701499,2.6535164564847946,2.756725065410137,0,58
final_hybrid,2026086002,1,3,-20.0,4.0,0,0,1,12,0,0,0,0.039473684210526314,76,2.3457691943469015,2.8808264760300517,3.6383592523634434,0,152
final_hybrid,2026086002,2,3,-18.0,4.0,0,0,1,10,0,0,0,0.0,21,2.4922641348980723,2.8418321162462234,6.2901051715016365,0,42
final_hybrid,2026086002,3,3,-8.0,2.5,0,0,0,0,0,0,0,0.0,59,2.301933528003046,2.8368652798235416,2.8573330491781235,0,118
final_hybrid,2026086003,0,2,-8.0,2.5,0,0,0,0,0,0,0,0.023255813953488372,43,2.333422191441059,2.672900352627039,2.8088679537177086,0,86
final_hybrid,2026086003,1,2,-8.0,2.5,0,0,0,0,0,0,0,0.03508771929824561,57,2.3807583605511144,2.9927317984402153,4.3481141328811646,0,114
final_hybrid,2026086003,2,2,36.0,1.0,1,0,0,0,0,0,0,0.023255813953488372,43,2.274151165904694,2.7303258888423443,2.8403960168361664,0,86
final_hybrid,2026086003,3,2,-8.0,2.5,0,0,0,0,0,0,0,0.013513513513513514,74,2.317433018942137,2.8050305554643273,2.874144818633795,0,148
final_hybrid,2026086004,0,0,-18.0,3.0,0,0,0,0,0,0,0,0.0,40,2.420719084329903,2.8704971773549914,3.8676979020237923,0,81
final_hybrid,2026086004,1,0,-8.0,2.5,0,0,0,0,0,0,0,0.0,48,2.388724620686844,2.774566737934947,5.622037220746279,0,96
final_hybrid,2026086004,2,0,33.0,1.0,1,0,0,0,0,0,0,0.016129032258064516,62,2.364141348328802,2.9415318742394443,5.6274509988725185,0,124
final_hybrid,2026086004,3,0,-8.0,2.5,0,0,0,0,0,0,0,0.022727272727272728,44,2.2969587642530147,2.6734212646260858,3.968652803450823,0,88
final_hybrid,2026086005,0,2,-8.0,2.5,0,0,0,0,0,0,0,0.0625,32,2.3100863181753084,2.6467619463801384,2.7911649085581303,0,64
final_hybrid,2026086005,1,2,33.0,1.0,1,0,0,0,0,0,0,0.03125,32,2.3259997979039326,2.693044627085328,2.988693304359913,0,64
final_hybrid,2026086005,2,2,-17.0,4.0,0,0,1,9,0,0,0,0.05555555555555555,36,2.3678672344734273,2.770459628663957,5.742443259805441,0,72
final_hybrid,2026086005,3,2,-8.0,2.5,0,0,0,0,0,0,0,0.0625,32,2.2259506804402918,2.574632945470512,2.655385062098503,0,64
final_hybrid,2026086006,0,1,-20.0,3.0,0,0,0,0,0,0,0,0.013333333333333334,75,2.4052478993932405,2.8641988057643175,4.864411894232035,0,151
final_hybrid,2026086006,1,1,-17.0,4.0,0,0,1,9,0,0,0,0.03125,64,2.3498117370763794,2.733961003832519,5.40145905688405,0,128
final_hybrid,2026086006,2,1,-18.0,4.0,0,0,1,10,0,0,0,0.03636363636363636,55,2.287561548027125,2.7394860982894897,3.5838070325553417,0,110
final_hybrid,2026086006,3,1,69.0,1.0,1,1,0,0,0,0,0,0.0,74,2.356592389578755,3.071560221724212,3.8082939572632313,0,147
final_hybrid,2026086007,0,2,-18.0,3.0,0,0,0,0,0,0,0,0.023809523809523808,42,2.3386642292496704,2.6900415075942874,2.8264992870390415,0,85
final_hybrid,2026086007,1,2,54.0,1.0,1,1,0,0,0,0,0,0.025,40,2.2712217178195715,2.7070732321590185,2.7236961759626865,0,79
final_hybrid,2026086007,2,2,-18.0,3.0,0,0,0,0,0,0,0,0.07142857142857142,42,2.280190032685087,2.683862554840743,3.8451082073152065,0,85
final_hybrid,2026086007,3,2,-18.0,3.0,0,0,0,0,0,0,0,0.0,39,2.375886083031312,2.9948479030281305,4.711681976914406,0,79
final_hybrid,2026086008,0,3,-16.0,3.0,0,0,0,0,0,0,0,0.015384615384615385,65,2.3574554719603977,2.79912743717432,2.903391607105732,0,131
final_hybrid,2026086008,1,3,33.0,1.0,1,0,0,0,0,0,0,0.0,60,2.3487615399062634,2.9353786492720246,3.096655011177063,0,120
final_hybrid,2026086008,2,3,0.0,2.5,0,0,0,0,0,1,1,0.011764705882352941,85,2.3617506191572724,2.930397354066372,4.759831354022026,0,170
final_hybrid,2026086008,3,3,-18.0,3.0,0,0,0,0,0,0,0,0.016666666666666666,60,2.330422851567467,2.7187747415155172,4.8566642217338085,0,121
final_hybrid,2026086009,0,1,71.0,1.0,1,0,0,0,0,0,0,0.06896551724137931,29,2.3636844908368997,2.699715364724397,3.835256677120924,0,58
final_hybrid,2026086009,1,1,-8.0,2.5,0,0,0,0,0,0,0,0.0,18,2.2933899890631437,2.7392661198973656,2.7602631598711014,0,36
final_hybrid,2026086009,2,1,-49.0,4.0,0,0,1,41,1,0,0,0.0,39,2.3529332680388904,2.8752210550010204,3.0024340376257896,0,78
final_hybrid,2026086009,3,1,-51.0,4.0,0,0,1,43,1,0,0,0.0,59,2.351625475211669,2.832986647263169,4.777951631695032,0,118
final_hybrid,2026086010,0,3,-21.0,3.0,0,0,0,0,0,0,0,0.02127659574468085,47,2.4575107790371207,2.879581367596984,6.71078497543931,0,96
final_hybrid,2026086010,1,3,0.0,2.5,0,0,0,0,0,1,0,0.03409090909090909,88,2.2873201629739595,2.6061544427648187,3.230474889278412,0,177
final_hybrid,2026086010,2,3,-16.0,3.0,0,0,0,0,0,0,0,0.057971014492753624,69,2.229002203144457,2.5525907054543495,2.7162092737853527,0,138
final_hybrid,2026086010,3,3,78.0,1.0,1,1,0,0,0,0,0,0.046875,64,2.278630439832341,2.7521253330633044,2.85497959703207,0,128
final_hybrid,2026086011,0,0,-19.0,3.0,0,0,0,0,0,0,0,0.09523809523809523,21,2.2926428355276585,2.5762664154171944,2.728008199483156,0,43
final_hybrid,2026086011,1,0,57.0,1.0,1,1,0,0,0,0,0,0.13636363636363635,22,2.2716678213328123,2.594160963781178,2.6230579242110252,0,43
final_hybrid,2026086011,2,0,-19.0,3.0,0,0,0,0,0,0,0,0.0,21,2.3350659536109086,2.7896957471966743,2.821155358105898,0,43
final_hybrid,2026086011,3,0,-8.0,2.5,0,0,0,0,0,0,0,0.0,23,2.2748766021560067,2.8374454472213984,2.8772237710654736,0,46
final_hybrid,2026086012,0,3,37.0,1.0,1,0,0,0,0,0,0,0.023255813953488372,43,2.3417077352141225,2.7632354758679867,2.8159641660749912,0,86
final_hybrid,2026086012,1,3,-19.0,4.0,0,0,1,11,0,0,0,0.04,50,2.2796348109841347,2.675109542906284,2.725498750805855,0,100
final_hybrid,2026086012,2,3,-22.0,4.0,0,0,1,14,0,0,0,0.047619047619047616,63,2.305353259933846,2.792691206559539,3.416697960346937,0,126
final_hybrid,2026086012,3,3,-8.0,2.5,0,0,0,0,0,0,0,0.022222222222222223,45,2.2750392763151064,2.7433709241449833,3.155807964503765,0,90
final_hybrid,2026086013,0,2,-18.0,3.0,0,0,0,0,0,0,0,0.018867924528301886,53,2.371406885531713,2.7859251014888287,2.8078416362404823,0,107
final_hybrid,2026086013,1,2,-8.0,2.5,0,0,0,0,0,0,0,0.014084507042253521,71,2.3239455710519366,2.758665941655636,2.8145620599389076,0,142
final_hybrid,2026086013,2,2,0.0,2.5,0,0,0,0,0,1,0,0.0,87,2.3154392999050946,2.8467404656112194,2.9545151628553867,0,175
final_hybrid,2026086013,3,2,-16.0,4.0,0,0,1,8,0,0,0,0.014705882352941176,68,2.2869830033467973,2.730760653503239,3.12642939388752,0,136
final_hybrid,2026086014,0,0,-30.0,3.0,0,0,0,0,0,0,0,0.0,54,2.3919086541152663,2.823541173711419,3.7815128453075886,0,109
final_hybrid,2026086014,1,0,-8.0,2.5,0,0,0,0,0,0,0,0.029411764705882353,34,2.3333662573029015,2.8477977262809873,2.872249111533165,0,68
final_hybrid,2026086014,2,0,-32.0,4.0,0,0,1,24,0,0,0,0.06521739130434782,46,2.2633718427918526,2.6491453172639012,2.8425846248865128,0,92
final_hybrid,2026086014,3,0,-8.0,2.5,0,0,0,0,0,0,0,0.02857142857142857,35,2.281522271888597,2.6573493611067533,2.677527256309986,0,70
final_hybrid,2026086015,0,1,61.0,1.0,1,0,0,0,0,0,0,0.07317073170731707,41,2.2906461026428677,2.5166780687868595,2.728899009525776,0,82
final_hybrid,2026086015,1,1,-21.0,4.0,0,0,1,13,0,0,0,0.04225352112676056,71,2.285457872064181,2.7472309302538633,2.926621586084366,0,142
final_hybrid,2026086015,2,1,-8.0,2.5,0,0,0,0,0,0,0,0.0,45,2.297665768613418,2.8091611340641975,2.860350999981165,0,90
final_hybrid,2026086015,3,1,-19.0,4.0,0,0,1,11,0,0,0,0.0,41,2.3168265115378834,2.858485095202923,2.953865099698305,0,82
final_hybrid,2026086016,0,0,-8.0,2.5,0,0,0,0,0,0,0,0.0,54,2.344859272448553,2.7171447640284896,2.7820910327136517,0,108
final_hybrid,2026086016,1,0,35.0,1.0,1,0,0,0,0,0,0,0.0375,80,2.288920886348933,2.7210217202082276,2.748706378042698,0,160
final_hybrid,2026086016,2,0,-8.0,2.5,0,0,0,0,0,0,0,0.03225806451612903,62,2.2667366785988694,2.6169024175032973,2.787576988339424,0,124
final_hybrid,2026086016,3,0,-8.0,2.5,0,0,0,0,0,0,0,0.0425531914893617,47,2.2701280429325204,2.7140661142766476,2.72438395768404,0,94
final_hybrid,2026086017,0,0,-19.0,4.0,0,0,1,11,0,0,0,0.0,39,2.4349901538628798,2.9394988901913166,3.68876988068223,0,78
final_hybrid,2026086017,1,0,-8.0,2.5,0,0,0,0,0,0,0,0.02564102564102564,39,2.2880770982458043,2.7262891177088022,2.749403938651085,0,78
final_hybrid,2026086017,2,0,35.0,1.0,1,0,0,0,0,0,0,0.05128205128205128,39,2.275959982608373,2.6404581498354673,2.8023491613566875,0,78
final_hybrid,2026086017,3,0,-8.0,2.5,0,0,0,0,0,0,0,0.02702702702702703,37,2.302023796112956,2.795718517154455,2.8328723274171352,0,74
final_hybrid,2026086018,0,3,-8.0,2.5,0,0,0,0,0,0,0,0.0,26,2.386293141171336,2.892427146434784,2.957097254693508,0,52
final_hybrid,2026086018,1,3,-18.0,3.0,0,0,0,0,0,0,0,0.0,31,2.335610739406078,2.8167946729809046,2.838979009538889,0,63
final_hybrid,2026086018,2,3,-8.0,2.5,0,0,0,0,0,0,0,0.038461538461538464,26,2.3007239394176464,2.848832751624286,2.880561165511608,0,52
final_hybrid,2026086018,3,3,34.0,1.0,1,0,0,0,0,0,0,0.038461538461538464,26,2.291926469367284,2.797576365992427,2.937702927738428,0,52
final_hybrid,2026086019,0,1,32.0,1.0,1,0,0,0,0,0,0,0.08695652173913043,23,2.307801365690387,2.653291914612055,2.7792672626674175,0,46
final_hybrid,2026086019,1,1,-16.0,4.0,0,0,1,8,0,0,0,0.030303030303030304,33,2.304414456540888,2.695968560874462,2.71272799000144,0,66
final_hybrid,2026086019,2,1,-16.0,4.0,0,0,1,8,0,0,0,0.043478260869565216,23,2.2920664075924004,2.7497797273099422,2.8087692335247993,0,46
final_hybrid,2026086019,3,1,-8.0,2.5,0,0,0,0,0,0,0,0.0,23,2.2774027539012223,2.7943695429712534,2.8180843219161034,0,46
final_hybrid,2026086020,0,1,66.0,1.0,1,1,0,0,0,0,0,0.013157894736842105,76,2.349589932955017,2.744344179518521,2.844108734279871,0,151
final_hybrid,2026086020,1,1,-8.0,2.5,0,0,0,0,0,0,0,0.0,66,2.3793210981018618,2.9997890815138817,3.0404068529605865,0,132
final_hybrid,2026086020,2,1,-21.0,4.0,0,0,1,13,0,0,0,0.045454545454545456,22,2.2790458011017605,2.7198547264561057,2.7675400488078594,0,44
final_hybrid,2026086020,3,1,-8.0,2.5,0,0,0,0,0,0,0,0.0,22,2.2621813272549347,2.830772823654115,2.8383107855916023,0,44
final_hybrid,2026086021,0,2,0.0,2.5,0,0,0,0,0,1,0,0.0,84,2.3533709657688937,2.751910942606628,2.8541358187794685,0,168
final_hybrid,2026086021,1,2,-8.0,2.5,0,0,0,0,0,0,0,0.0,33,2.3351965161661306,2.813443262130022,2.8205779381096363,0,66
final_hybrid,2026086021,2,2,43.0,1.0,1,0,0,0,0,0,0,0.05263157894736842,38,2.27864408914588,2.8526779962703586,2.8978283517062664,0,76
final_hybrid,2026086021,3,2,-8.0,2.5,0,0,0,0,0,0,0,0.02631578947368421,38,2.2583064549651586,2.738574822433293,2.760611940175295,0,76
final_hybrid,2026086022,0,1,-8.0,2.5,0,0,0,0,0,0,0,0.03125,32,2.388232256635092,2.9145884327590466,2.922625280916691,0,64
final_hybrid,2026086022,1,1,43.0,1.0,1,0,0,0,0,0,0,0.06666666666666667,30,2.2825535852462053,2.6843520579859614,2.800727728754282,0,60
final_hybrid,2026086022,2,1,-8.0,2.5,0,0,0,0,0,0,0,0.03333333333333333,30,2.263255308692654,2.7224805904552336,2.767974976450205,0,60
final_hybrid,2026086022,3,1,-27.0,4.0,0,0,1,19,0,0,0,0.08823529411764706,34,2.223938689841067,2.53236535936594,2.575929742306471,0,68
final_hybrid,2026086023,0,2,-8.0,2.5,0,0,0,0,0,0,0,0.0425531914893617,47,2.3045266502873694,2.6934305671602488,2.7210270054638386,0,94
final_hybrid,2026086023,1,2,-16.0,4.0,0,0,1,8,0,0,0,0.0425531914893617,47,2.291813710744077,2.6808909606188536,2.688388805836439,0,94
final_hybrid,2026086023,2,2,-16.0,4.0,0,0,1,8,0,0,0,0.019230769230769232,52,2.3084554660062375,2.826159656979143,2.8887842781841755,0,104
final_hybrid,2026086023,3,2,35.0,1.0,1,0,0,0,0,0,0,0.034482758620689655,58,2.276968074448664,2.642138605006039,3.4429659135639668,0,116
final_hybrid,2026086024,0,1,-18.0,3.0,0,0,0,0,0,0,0,0.09375,32,2.32900507398881,2.7199584525078535,2.812689170241356,0,65
final_hybrid,2026086024,1,1,54.0,1.0,1,1,0,0,0,0,0,0.0,33,2.3623216953693014,3.020646795630455,3.1215958297252655,0,65
final_hybrid,2026086024,2,1,-22.0,3.0,0,0,0,0,0,0,0,0.0625,32,2.2754279343644157,2.7185980463400483,2.7474230155348778,0,65
final_hybrid,2026086024,3,1,-18.0,3.0,0,0,0,0,0,0,0,0.0,29,2.2823495533445786,2.792426198720932,2.8058351017534733,0,59
final_hybrid,2026086025,0,2,-8.0,2.5,0,0,0,0,0,0,0,0.016129032258064516,62,2.3238193694381946,2.685507363639772,2.7952236123383045,0,124
final_hybrid,2026086025,1,2,-19.0,4.0,0,0,1,11,0,0,0,0.0,54,2.3234143025345273,2.8087879065424204,2.8502391651272774,0,108
final_hybrid,2026086025,2,2,-8.0,2.5,0,0,0,0,0,0,0,0.0273972602739726,73,2.2923884313706666,2.6369052939116955,4.312554839998484,0,146
final_hybrid,2026086025,3,2,-8.0,2.5,0,0,0,0,0,0,0,0.016129032258064516,62,2.3420585259314506,2.9199142940342426,4.009340889751911,0,124
final_hybrid,2026086026,0,3,43.0,1.0,1,0,0,0,0,0,0,0.041666666666666664,24,2.358146865541736,2.764200489036739,2.7976068668067455,0,48
final_hybrid,2026086026,1,3,-8.0,2.5,0,0,0,0,0,0,0,0.016666666666666666,60,2.310958093342682,2.7739325538277626,2.8369701467454433,0,120
final_hybrid,2026086026,2,3,-8.0,2.5,0,0,0,0,0,0,0,0.0,43,2.318785071026447,2.9080291744321585,2.9956442303955555,0,86
final_hybrid,2026086026,3,3,36.0,1.0,1,0,0,0,0,0,0,0.09375,32,2.231655133073218,2.6036631083115935,2.7000010013580322,0,64
final_hybrid,2026086027,0,3,-18.0,3.0,0,0,0,0,0,0,0,0.0,46,2.3597927014950826,2.9016212793067098,2.950121182948351,0,93
final_hybrid,2026086027,1,3,34.0,1.0,1,0,0,0,0,0,0,0.07692307692307693,39,2.26942550104398,2.657661819830537,2.6887753047049046,0,78
final_hybrid,2026086027,2,3,-18.0,4.0,0,0,1,10,0,0,0,0.05128205128205128,39,2.3080135146394753,2.7622546534985304,2.8093047440052032,0,78
final_hybrid,2026086027,3,3,-8.0,2.5,0,0,0,0,0,0,0,0.05128205128205128,39,2.2856208065954537,2.824357897043228,2.894190140068531,0,78
final_hybrid,2026086028,0,0,36.0,1.0,1,0,0,0,0,0,0,0.0,15,2.3483353666961193,2.7987693436443806,2.821361180394888,0,30
final_hybrid,2026086028,1,0,-8.0,2.5,0,0,0,0,0,0,0,0.0,15,2.3227091257770858,2.790458220988512,2.7969377115368843,0,30
final_hybrid,2026086028,2,0,-8.0,2.5,0,0,0,0,0,0,0,0.05,40,2.2658580099232495,2.682939055375755,2.80193705111742,0,80
final_hybrid,2026086028,3,0,-8.0,2.5,0,0,0,0,0,0,0,0.07692307692307693,13,2.262012459910833,2.6932706125080585,2.722507808357477,0,26
final_hybrid,2026086029,0,0,40.0,1.0,1,0,0,0,0,0,0,0.05333333333333334,75,2.3235362768173218,2.7223236858844757,2.8467820957303047,0,150
final_hybrid,2026086029,1,0,0.0,2.5,0,0,0,0,0,1,0,0.02247191011235955,89,2.2977880631270033,2.699856646358967,2.778979018330574,0,178
final_hybrid,2026086029,2,0,-35.0,3.0,0,0,0,0,0,0,0,0.06779661016949153,59,2.2400856112777174,2.5585003662854433,2.775243017822504,0,119
final_hybrid,2026086029,3,0,-33.0,4.0,0,0,1,25,0,0,0,0.02,50,2.2725730668753386,2.7618713909760118,2.7701398357748985,0,100
final_hybrid,2026086030,0,2,-8.0,2.5,0,0,0,0,0,0,0,0.019230769230769232,52,2.3467616052724996,2.751092379912734,2.841570880264044,0,104
final_hybrid,2026086030,1,2,45.0,1.0,1,0,0,0,0,0,0,0.03773584905660377,53,2.289110610156127,2.7054390870034695,2.971988171339035,0,106
final_hybrid,2026086030,2,2,-8.0,2.5,0,0,0,0,0,0,0,0.0,48,2.326641707137848,2.943325904197991,2.98512214794755,0,96
final_hybrid,2026086030,3,2,-17.0,3.0,0,0,0,0,0,0,0,0.05263157894736842,57,2.254095647418708,2.7116188779473305,2.731502056121826,0,115
final_hybrid,2026086031,0,2,-17.0,3.0,0,0,0,0,0,0,0,0.0,55,2.3602253672751514,2.7786409482359886,2.8310902416706085,0,111
final_hybrid,2026086031,1,2,-17.0,3.0,0,0,0,0,0,0,0,0.0,55,2.332116722721945,2.9077927116304636,2.977851778268814,0,111
final_hybrid,2026086031,2,2,51.0,1.0,1,1,0,0,0,0,0,0.017857142857142856,56,2.3280520773758844,2.8322270372882485,3.5209311172366142,0,111
final_hybrid,2026086031,3,2,-17.0,3.0,0,0,0,0,0,0,0,0.01818181818181818,55,2.2912520661272784,2.7489667292684317,2.78650363907218,0,111
final_hybrid,2026086032,0,3,35.0,1.0,1,0,0,0,0,0,0,0.02127659574468085,47,2.3880922830009714,2.9099278617650266,3.236265853047371,0,94
final_hybrid,2026086032,1,3,-16.0,4.0,0,0,1,8,0,0,0,0.022222222222222223,45,2.3225252827008567,2.828777302056551,2.8885030187666416,0,90
final_hybrid,2026086032,2,3,-8.0,2.5,0,0,0,0,0,0,0,0.061224489795918366,49,2.26169031075373,2.625620272010565,2.7111652307212353,0,98
final_hybrid,2026086032,3,3,42.0,1.0,1,0,0,0,0,0,0,0.025,40,2.347138710319996,2.8687882469967003,3.180311992764473,0,80
final_hybrid,2026086033,0,3,35.0,1.0,1,0,0,0,0,0,0,0.03225806451612903,31,2.3347778816617306,2.754868473857641,2.7688699774444103,0,62
final_hybrid,2026086033,1,3,-16.0,3.0,0,0,0,0,0,0,0,0.05172413793103448,58,2.266398277775995,2.737017418257892,2.7606962248682976,0,117
final_hybrid,2026086033,2,3,84.0,1.0,1,1,0,0,0,0,0,0.038461538461538464,78,2.280425871364199,2.7237718924880023,2.788649871945381,0,155
final_hybrid,2026086033,3,3,-17.0,4.0,0,0,1,9,0,0,0,0.0,40,2.3202462820336223,2.8299100464209914,2.853772137314081,0,80
final_hybrid,2026086034,0,2,-8.0,2.5,0,0,0,0,0,0,0,0.0,39,2.3590876028323784,2.6983970776200294,3.148870076984167,0,78
final_hybrid,2026086034,1,2,-8.0,2.5,0,0,0,0,0,0,0,0.0,35,2.32646269723773,2.7830909937620163,2.9030749574303627,0,70
final_hybrid,2026086034,2,2,-16.0,4.0,0,0,1,8,0,0,0,0.05263157894736842,38,2.250994237041787,2.6048525003716345,2.783689182251692,0,76
final_hybrid,2026086034,3,2,-21.0,4.0,0,0,1,13,0,0,0,0.0,28,2.303882734850049,2.8003771090880036,2.818200271576643,0,56
final_hybrid,2026086035,0,0,-24.0,3.0,0,0,0,0,0,0,0,0.0,36,2.3635228992336326,2.8262347914278507,2.8483420610427856,0,73
final_hybrid,2026086035,1,0,-8.0,2.5,0,0,0,0,0,0,0,0.0,31,2.294047134778192,2.7381840627640486,2.765897661447525,0,62
final_hybrid,2026086035,2,0,36.0,1.0,1,0,0,0,0,0,0,0.03225806451612903,31,2.297077628393327,2.725692931562662,2.8331130743026733,0,62
final_hybrid,2026086035,3,0,-8.0,2.5,0,0,0,0,0,0,0,0.03225806451612903,31,2.2988385490832792,2.8047270607203245,2.897285856306553,0,62
final_hybrid,2026086036,0,0,54.0,1.0,1,1,0,0,0,0,0,0.041666666666666664,24,2.3089528743488095,2.6171193458139896,2.724158111959696,0,47
final_hybrid,2026086036,1,0,-19.0,3.0,0,0,0,0,0,0,0,0.0,52,2.3200742166059523,2.7521660085767508,3.1609400175511837,0,105
final_hybrid,2026086036,2,0,57.0,1.0,1,1,0,0,0,0,0,0.03773584905660377,53,2.2451263008955515,2.605354879051447,2.6096119545400143,0,105
final_hybrid,2026086036,3,0,-19.0,3.0,0,0,0,0,0,0,0,0.0,52,2.2886955770305715,2.7457280084490776,2.794119995087385,0,105
final_hybrid,2026086037,0,0,-8.0,2.5,0,0,0,0,0,0,0,0.0,50,2.361526917666197,2.795787528157234,2.837160136550665,0,100
final_hybrid,2026086037,1,0,-8.0,2.5,0,0,0,0,0,0,0,0.0,64,2.323583801626228,2.841989672742784,2.9072249308228493,0,128
final_hybrid,2026086037,2,0,35.0,1.0,1,0,0,0,0,0,0,0.0,76,2.307661165679364,2.9113191412761807,2.9962672851979733,0,152
final_hybrid,2026086037,3,0,43.0,1.0,1,0,0,0,0,0,0,0.043478260869565216,46,2.2762852275501126,2.7560695307329297,2.7695600874722004,0,92
final_hybrid,2026086038,0,1,-21.0,4.0,0,0,1,13,0,0,0,0.043478260869565216,46,2.3728637227221676,2.8544842498376966,2.906561829149723,0,92
final_hybrid,2026086038,1,1,-8.0,2.5,0,0,0,0,0,0,0,0.0,46,2.3515725346363108,2.9337365413084626,2.961663994938135,0,92
final_hybrid,2026086038,2,1,-8.0,2.5,0,0,0,0,0,0,0,0.0392156862745098,51,2.276715192505542,2.727424493059516,2.750957850366831,0,102
final_hybrid,2026086038,3,1,37.0,1.0,1,0,0,0,0,0,0,0.06521739130434782,46,2.24935599481282,2.720337244682014,2.7429787442088127,0,92
final_hybrid,2026086039,0,1,35.0,1.0,1,0,0,0,0,0,0,0.0,26,2.3883772978129296,2.8974212473258376,2.9163085855543613,0,52
final_hybrid,2026086039,1,1,-8.0,2.5,0,0,0,0,0,0,0,0.03571428571428571,28,2.325005080950047,2.7476720279082656,2.761775627732277,0,56
final_hybrid,2026086039,2,1,-25.0,4.0,0,0,1,17,0,0,0,0.0,32,2.2853051050333306,2.8196605388075113,2.828149124979973,0,64
final_hybrid,2026086039,3,1,-8.0,2.5,0,0,0,0,0,0,0,0.03125,32,2.2438211017288268,2.651760238222778,2.7358229272067547,0,64
final_hybrid,2026086040,0,1,-21.0,4.0,0,0,1,13,0,0,0,0.022222222222222223,45,2.3736827075481415,2.7798819355666637,2.8442079201340675,0,90
final_hybrid,2026086040,1,1,-8.0,2.5,0,0,0,0,0,0,0,0.0392156862745098,51,2.2847407004412483,2.736227121204138,2.768427599221468,0,102
final_hybrid,2026086040,2,1,-8.0,2.5,0,0,0,0,0,0,0,0.02857142857142857,35,2.278485042708261,2.7962646912783384,2.848021686077118,0,70
final_hybrid,2026086040,3,1,35.0,1.0,1,0,0,0,0,0,0,0.03508771929824561,57,2.271558640099931,2.691258490085602,2.705216873437166,0,114
final_hybrid,2026086041,0,0,-18.0,3.0,0,0,0,0,0,0,0,0.019230769230769232,52,2.3597762203560424,2.8450946556404233,2.8976770117878914,0,105
final_hybrid,2026086041,1,0,-18.0,3.0,0,0,0,0,0,0,0,0.023255813953488372,43,2.306820434886356,2.747139846906066,2.751265186816454,0,87
final_hybrid,2026086041,2,0,54.0,1.0,1,1,0,0,0,0,0,0.061224489795918366,49,2.217550666964784,2.5198273360729218,2.667962107807398,0,97
final_hybrid,2026086041,3,0,-18.0,3.0,0,0,0,0,0,0,0,0.023255813953488372,43,2.3295543763006843,2.8740559238940477,2.9875049367547035,0,87
final_hybrid,2026086042,0,1,32.0,1.0,1,0,0,0,0,0,0,0.03614457831325301,83,2.3222673145762407,2.624162519350648,2.7845571748912334,0,166
final_hybrid,2026086042,1,1,-8.0,2.5,0,0,0,0,0,0,0,0.04054054054054054,74,2.2598587580629297,2.560677332803607,2.721240743994713,0,148
final_hybrid,2026086042,2,1,-22.0,3.0,0,0,0,0,0,0,0,0.017241379310344827,58,2.295295266306092,2.7224205899983644,3.117427695542574,0,117
final_hybrid,2026086042,3,1,38.0,1.0,1,0,0,0,0,0,0,0.017543859649122806,57,2.326233181775662,2.8519616462290283,2.9863868840038776,0,114
final_hybrid,2026086043,0,3,-20.0,3.0,0,0,0,0,0,0,0,0.017543859649122806,57,2.390311883860513,2.8389167971909046,3.1583551317453384,0,115
final_hybrid,2026086043,1,3,60.0,1.0,1,1,0,0,0,0,0,0.05263157894736842,57,2.281941089517715,2.7341765351593494,2.763602416962385,0,113
final_hybrid,2026086043,2,3,0.0,2.5,0,0,0,0,0,1,1,0.03529411764705882,85,2.2480686797815213,2.5675319135189056,2.6933178305625916,0,170
final_hybrid,2026086043,3,3,-8.0,2.5,0,0,0,0,0,0,0,0.024390243902439025,82,2.3267812197800817,2.703160885721445,5.807660985738039,0,164
final_hybrid,2026086044,0,3,129.0,1.0,1,1,0,0,0,0,0,0.01639344262295082,61,2.320981088292892,2.7145221829414368,2.7977051213383675,0,121
final_hybrid,2026086044,1,3,-26.0,4.0,0,0,1,18,0,0,0,0.02631578947368421,38,2.3033849306796728,2.75004415307194,2.7762819081544876,0,76
final_hybrid,2026086044,2,3,-19.0,3.0,0,0,0,0,0,0,0,0.013513513513513514,74,2.2791777548657075,2.7101977728307247,2.883607055991888,0,150
final_hybrid,2026086044,3,3,-8.0,2.5,0,0,0,0,0,0,0,0.022222222222222223,45,2.268830459151003,2.708285953849554,2.7144532650709152,0,90
final_hybrid,2026086045,0,1,-26.0,4.0,0,0,1,18,0,0,0,0.0,35,2.367446598197733,2.7827993500977755,2.806244883686304,0,70
final_hybrid,2026086045,1,1,42.0,1.0,1,0,0,0,0,0,0,0.05714285714285714,35,2.278422444526638,2.7227050624787807,2.7858582325279713,0,70
final_hybrid,2026086045,2,1,-8.0,2.5,0,0,0,0,0,0,0,0.02857142857142857,35,2.2895782786820615,2.749857632443309,2.7688811533153057,0,70
final_hybrid,2026086045,3,1,-8.0,2.5,0,0,0,0,0,0,0,0.02857142857142857,35,2.296079163040434,2.7900561690330505,2.828591037541628,0,70
final_hybrid,2026086046,0,1,48.0,1.0,1,0,0,0,0,0,0,0.0,38,2.3278381650973308,2.705361368134618,2.7599153108894825,0,76
final_hybrid,2026086046,1,1,-8.0,2.5,0,0,0,0,0,0,0,0.02564102564102564,39,2.2956933945608444,2.7413541451096535,2.7672327123582363,0,78
final_hybrid,2026086046,2,1,-8.0,2.5,0,0,0,0,0,0,0,0.05263157894736842,38,2.2584202478786835,2.628103084862232,2.7352888137102127,0,76
final_hybrid,2026086046,3,1,-8.0,2.5,0,0,0,0,0,0,0,0.05263157894736842,38,2.328463278612808,2.715875837020576,4.858860280364752,0,76
final_hybrid,2026086047,0,3,-27.0,4.0,0,0,1,19,0,0,0,0.0,43,2.3501291979364183,2.7954944409430027,2.7993409894406796,0,86
final_hybrid,2026086047,1,3,45.0,1.0,1,0,0,0,0,0,0,0.014492753623188406,69,2.32599016305977,2.826411742717027,2.9691308736801147,0,138
final_hybrid,2026086047,2,3,49.0,1.0,1,0,0,0,0,0,0,0.0,60,2.3017066375662885,2.732800878584385,3.0579459853470325,0,120
final_hybrid,2026086047,3,3,48.0,1.0,1,0,0,0,0,0,0,0.0,57,2.310284225498898,2.8560333885252476,2.956544980406761,0,114
final_hybrid,2026086048,0,3,-29.0,4.0,0,0,1,21,0,0,0,0.01639344262295082,61,2.358437019598777,2.7783126570284367,2.800618764013052,0,122
final_hybrid,2026086048,1,3,0.0,2.5,0,0,0,0,0,1,1,0.025,80,2.292356500402093,2.7679291320964694,3.512623254209757,0,160
final_hybrid,2026086048,2,3,43.0,1.0,1,0,0,0,0,0,0,0.012658227848101266,79,2.286581422756367,2.791424933820963,2.918707672506571,0,158
final_hybrid,2026086048,3,3,0.0,2.5,0,0,0,0,0,1,0,0.012195121951219513,82,2.2929347142940615,2.7640910586342216,3.414357081055641,0,164
final_hybrid,2026086049,0,2,-24.0,3.0,0,0,0,0,0,0,0,0.03773584905660377,53,2.350322902202606,2.7243301272392273,3.5330578684806824,0,107
final_hybrid,2026086049,1,2,-17.0,3.0,0,0,0,0,0,0,0,0.0,45,2.5156095003088317,3.1041916459798813,4.0541463531553745,0,91
final_hybrid,2026086049,2,2,-17.0,3.0,0,0,0,0,0,0,0,0.02564102564102564,39,2.2746357732476334,2.682821499183774,2.695975825190544,0,79
final_hybrid,2026086049,3,2,54.0,1.0,1,1,0,0,0,0,0,0.047619047619047616,42,2.2495263699619543,2.725188015028834,2.7912030927836895,0,83
final_hybrid,2026086050,0,3,-8.0,2.5,0,0,0,0,0,0,0,0.0,54,2.4184746650496014,2.8285980224609375,5.684195086359978,0,108
final_hybrid,2026086050,1,3,34.0,1.0,1,0,0,0,0,0,0,0.07407407407407407,27,2.306769395040141,2.79689971357584,2.8299312107264996,0,54
final_hybrid,2026086050,2,3,-32.0,4.0,0,0,1,24,0,0,0,0.02666666666666667,75,2.2824554021159806,2.684793947264552,3.1639663502573967,0,150
final_hybrid,2026086050,3,3,36.0,1.0,1,0,0,0,0,0,0,0.0,54,2.3300091615291656,2.998234378173947,3.207061905413866,0,108
final_hybrid,2026086051,0,3,63.0,1.0,1,1,0,0,0,0,0,0.0,47,2.3866618606955448,2.975355740636587,3.015910740941763,0,93
final_hybrid,2026086051,1,3,-21.0,3.0,0,0,0,0,0,0,0,0.021739130434782608,46,2.306308334126421,2.772948471829295,2.82402615994215,0,93
final_hybrid,2026086051,2,3,-21.0,3.0,0,0,0,0,0,0,0,0.043478260869565216,46,2.258857256611404,2.6363186771050096,2.754584886133671,0,93
final_hybrid,2026086051,3,3,-16.0,3.0,0,0,0,0,0,0,0,0.0,46,2.3725368082523346,2.815900486893952,5.135885905474424,0,93
final_hybrid,2026086052,0,2,-8.0,2.5,0,0,0,0,0,0,0,0.0,45,2.3568437020811768,2.741074748337269,2.769032958894968,0,90
final_hybrid,2026086052,1,2,44.0,1.0,1,0,0,0,0,0,0,0.022222222222222223,45,2.311527697990338,2.7769848704338074,3.1899679452180862,0,90
final_hybrid,2026086052,2,2,72.0,1.0,1,1,0,0,0,0,0,0.06,50,2.242274209856987,2.6234939228743315,2.6357723399996758,0,99
final_hybrid,2026086052,3,2,-16.0,3.0,0,0,0,0,0,0,0,0.016666666666666666,60,2.335604365604619,2.855071984231472,3.0922419391572475,0,121
final_hybrid,2026086053,0,3,-8.0,2.5,0,0,0,0,0,0,0,0.0,39,2.397479907346842,2.888628374785185,3.0190562829375267,0,78
final_hybrid,2026086053,1,3,81.0,1.0,1,1,0,0,0,0,0,0.0,44,2.3689769335429776,3.018933767452836,3.042842261493206,0,87
final_hybrid,2026086053,2,3,-18.0,4.0,0,0,1,10,0,0,0,0.037037037037037035,27,2.303767725135441,2.7667866554111242,2.8243637643754482,0,54
final_hybrid,2026086053,3,3,-8.0,2.5,0,0,0,0,0,0,0,0.0,61,2.302610200875607,2.8086728416383266,2.8327382169663906,0,122
final_hybrid,2026086054,0,3,0.0,2.5,0,0,0,0,0,1,1,0.0,86,2.371138075453251,2.815683023072779,2.9702833853662014,0,172
final_hybrid,2026086054,1,3,-16.0,3.0,0,0,0,0,0,0,0,0.014492753623188406,69,2.293798620340185,2.733554318547249,2.7647987008094788,0,139
final_hybrid,2026086054,2,3,54.0,1.0,1,0,0,0,0,0,0,0.0,34,2.28730687762008,2.7012225473299623,2.709187101572752,0,68
final_hybrid,2026086054,3,3,44.0,1.0,1,0,0,0,0,0,0,0.030303030303030304,33,2.2902182500922317,2.795897051692009,2.8385277837514877,0,66
final_hybrid,2026086055,0,0,-8.0,2.5,0,0,0,0,0,0,0,0.0,81,2.4285294563957938,2.910221926867962,3.6235121078789234,0,162
final_hybrid,2026086055,1,0,-8.0,2.5,0,0,0,0,0,0,0,0.028985507246376812,69,2.2866973464471707,2.6210125535726547,2.7282629162073135,0,138
final_hybrid,2026086055,2,0,0.0,2.5,0,0,0,0,0,1,1,0.0,82,2.3522601724125263,3.0173437437042594,3.143817652016878,0,164
final_hybrid,2026086055,3,0,33.0,1.0,1,0,0,0,0,0,0,0.028985507246376812,69,2.2661967634938764,2.6424902491271496,3.1668166629970074,0,138
final_hybrid,2026086056,0,0,-25.0,4.0,0,0,1,17,0,0,0,0.03508771929824561,57,2.344248056607811,2.712308708578348,2.8099599294364452,0,114
final_hybrid,2026086056,1,0,-8.0,2.5,0,0,0,0,0,0,0,0.02666666666666667,75,2.2968577469388642,2.7449716813862324,2.8093340806663036,0,150
final_hybrid,2026086056,2,0,33.0,1.0,1,0,0,0,0,0,0,0.04225352112676056,71,2.2572944609736894,2.739128889515996,2.8058760799467564,0,142
final_hybrid,2026086056,3,0,-8.0,2.5,0,0,0,0,0,0,0,0.02631578947368421,76,2.2657135636300634,2.6368250837549567,2.824836876243353,0,151
final_hybrid,2026086057,0,1,-33.0,4.0,0,0,1,25,0,0,0,0.016129032258064516,62,2.401617851348654,2.820169716142118,3.739499021321535,0,123
final_hybrid,2026086057,1,1,-19.0,3.0,0,0,0,0,0,0,0,0.0,72,2.3424304543166525,2.8111330699175596,3.847530111670494,0,146
final_hybrid,2026086057,2,1,57.0,1.0,1,1,0,0,0,0,0,0.0410958904109589,73,2.2646950251639706,2.612291369587183,2.720516175031662,0,146
final_hybrid,2026086057,3,1,-19.0,3.0,0,0,0,0,0,0,0,0.014285714285714285,70,2.2968747253928865,2.780507761053741,2.8544231317937374,0,142
final_hybrid,2026086058,0,0,-17.0,4.0,0,0,1,9,0,0,0,0.02127659574468085,47,2.370925342783015,2.7926040813326836,3.771581221371889,0,94
final_hybrid,2026086058,1,0,57.0,1.0,1,1,0,0,0,0,0,0.013513513513513514,74,2.2937934593977154,2.705288794822991,3.2349759712815285,0,147
final_hybrid,2026086058,2,0,32.0,1.0,1,0,0,0,0,0,0,0.0,43,2.3053073605825736,2.8303776402026415,2.8797630220651627,0,86
final_hybrid,2026086058,3,0,-8.0,2.5,0,0,0,0,0,0,0,0.031746031746031744,63,2.284949261044699,2.749385079368949,2.7831923216581345,0,126
final_hybrid,2026086059,0,0,-33.0,4.0,0,0,1,25,0,0,0,0.0,50,2.386320047080517,2.803763351403177,2.9485891573131084,0,100
final_hybrid,2026086059,1,0,49.0,1.0,1,0,0,0,0,0,0,0.0,50,2.2983617335557938,2.7203843696042895,2.73717800155282,0,100
final_hybrid,2026086059,2,0,-33.0,4.0,0,0,1,25,0,0,0,0.0,48,2.282983206290131,2.769313403405249,2.812002319842577,0,96
final_hybrid,2026086059,3,0,-8.0,2.5,0,0,0,0,0,0,0,0.04,50,2.262583589181304,2.7013601036742325,2.7866698801517487,0,100
final_hybrid,2026086060,0,1,-18.0,4.0,0,0,1,10,0,0,0,0.08108108108108109,37,2.3353379345624834,2.69484482705593,3.316593822091818,0,74
final_hybrid,2026086060,1,1,-8.0,2.5,0,0,0,0,0,0,0,0.05405405405405406,37,2.3000130832598016,2.7229846455156803,2.8223106637597084,0,74
final_hybrid,2026086060,2,1,-8.0,2.5,0,0,0,0,0,0,0,0.05128205128205128,39,2.264174955108991,2.721295692026615,2.7738483622670174,0,78
final_hybrid,2026086060,3,1,32.0,1.0,1,0,0,0,0,0,0,0.024390243902439025,41,2.3772852926901202,2.955252304673195,3.8168500177562237,0,82
final_hybrid,2026086061,0,2,-18.0,3.0,0,0,0,0,0,0,0,0.03571428571428571,28,2.3474118040342415,2.7618531370535493,2.7697342447936535,0,57
final_hybrid,2026086061,1,2,-18.0,3.0,0,0,0,0,0,0,0,0.0,29,2.3224971032348174,2.878804225474596,2.8845779597759247,0,59
final_hybrid,2026086061,2,2,54.0,1.0,1,1,0,0,0,0,0,0.03333333333333333,30,2.235295514886578,2.613248536363244,2.6310780085623264,0,59
final_hybrid,2026086061,3,2,-18.0,3.0,0,0,0,0,0,0,0,0.0,29,2.2937252250467908,2.81412061303854,2.8282906860113144,0,59
final_hybrid,2026086062,0,1,-17.0,4.0,0,0,1,9,0,0,0,0.018867924528301886,53,2.355499562086924,2.7483221143484116,2.798984292894602,0,106
final_hybrid,2026086062,1,1,32.0,1.0,1,0,0,0,0,0,0,0.038461538461538464,52,2.3186924383760643,2.7884219074621797,2.8154850006103516,0,104
final_hybrid,2026086062,2,1,-8.0,2.5,0,0,0,0,0,0,0,0.05,40,2.3149127955548465,2.809827052988112,3.207199741154909,0,80
final_hybrid,2026086062,3,1,48.0,1.0,1,0,0,0,0,0,0,0.0,69,2.3315527165929475,2.8727238066494465,3.821680787950754,0,138
final_hybrid,2026086063,0,0,-22.0,4.0,0,0,1,14,0,0,0,0.0,37,2.365921636590281,2.8596367686986923,2.8778230771422386,0,74
final_hybrid,2026086063,1,0,-8.0,2.5,0,0,0,0,0,0,0,0.02564102564102564,78,2.315487724561722,2.852705656550824,3.278023097664118,0,156
final_hybrid,2026086063,2,0,38.0,1.0,1,0,0,0,0,0,0,0.08108108108108109,37,2.2602202244908423,2.7086704038083553,2.9837959446012974,0,74
final_hybrid,2026086063,3,0,-22.0,4.0,0,0,1,14,0,0,0,0.027777777777777776,36,2.2933754371479154,2.7603619964793324,2.776656299829483,0,72
final_hybrid,2026086064,0,3,45.0,1.0,1,0,0,0,0,0,0,0.0,51,2.424089091957784,3.0081209260970354,3.043327946215868,0,102
final_hybrid,2026086064,1,3,-8.0,2.5,0,0,0,0,0,0,0,0.0392156862745098,51,2.313819914764049,2.7672424912452698,2.778570167720318,0,102
final_hybrid,2026086064,2,3,-29.0,4.0,0,0,1,21,0,0,0,0.0,51,2.368061702844559,2.972797490656376,3.4360098652541637,0,102
final_hybrid,2026086064,3,3,-8.0,2.5,0,0,0,0,0,0,0,0.0,51,2.3809222449712895,2.9230420477688313,4.388116765767336,0,102
final_hybrid,2026086065,0,0,0.0,2.5,0,0,0,0,0,1,1,0.011764705882352941,85,2.3822549182702515,2.808717917650938,3.14506096765399,0,170
final_hybrid,2026086065,1,0,-17.0,4.0,0,0,1,9,0,0,0,0.03571428571428571,84,2.321951695540476,2.720731636509299,4.2153880931437016,0,168
final_hybrid,2026086065,2,0,-17.0,3.0,0,0,0,0,0,0,0,0.0,49,2.2920007266256275,2.8161397203803062,2.8633177280426025,0,99
final_hybrid,2026086065,3,0,0.0,2.5,0,0,0,0,0,1,0,0.024096385542168676,83,2.263506823948708,2.6021706871688366,3.2082260586321354,0,166
final_hybrid,2026086066,0,1,-8.0,2.5,0,0,0,0,0,0,0,0.0,46,2.3981493735766928,2.8905380750074983,3.4174281172454357,0,93
final_hybrid,2026086066,1,1,-20.0,4.0,0,0,1,12,0,0,0,0.05,40,2.3451181943528354,2.7846497716382146,3.190029878169298,0,81
final_hybrid,2026086066,2,1,-8.0,2.5,0,0,0,0,0,0,0,0.03333333333333333,30,2.3355673998594284,2.669689990580082,4.051130264997482,0,59
final_hybrid,2026086066,3,1,34.0,1.0,1,0,0,0,0,0,0,0.030303030303030304,66,2.264268160092108,2.6201102882623672,2.8893067501485348,0,133
final_hybrid,2026086067,0,3,-19.0,3.0,0,0,0,0,0,0,0,0.024390243902439025,41,2.3525895482701498,2.744913101196289,2.7879150584340096,0,83
final_hybrid,2026086067,1,3,-20.0,3.0,0,0,0,0,0,0,0,0.058823529411764705,51,2.277865083705561,2.6581038255244493,2.7532633394002914,0,103
final_hybrid,2026086067,2,3,32.0,1.0,1,0,0,0,0,0,0,0.023809523809523808,42,2.3513108691466704,2.8190655633807182,3.1152493320405483,0,84
final_hybrid,2026086067,3,3,-19.0,4.0,0,0,1,11,0,0,0,0.0,50,2.3283785954117775,2.9281606897711754,3.0221808701753616,0,100
final_hybrid,2026086068,0,1,32.0,1.0,1,0,0,0,0,0,0,0.047619047619047616,21,2.365860223237957,2.7924631722271442,2.866624854505062,0,42
final_hybrid,2026086068,1,1,-8.0,2.5,0,0,0,0,0,0,0,0.09523809523809523,21,2.3570401549694084,2.741750329732895,3.5395342856645584,0,42
final_hybrid,2026086068,2,1,-8.0,2.5,0,0,0,0,0,0,0,0.0,21,2.309030010586693,2.8646541759371758,3.5441736690700054,0,42
final_hybrid,2026086068,3,1,-16.0,4.0,0,0,1,8,0,0,0,0.046511627906976744,43,2.2846684726171715,2.7003061026334763,3.565074410289526,0,86
final_hybrid,2026086069,0,1,-16.0,3.0,0,0,0,0,0,0,0,0.015873015873015872,63,2.348346317866965,2.7568869292736053,2.8237970545887947,0,127
final_hybrid,2026086069,1,1,-19.0,3.0,0,0,0,0,0,0,0,0.0,42,2.334785647690296,2.851024200208485,2.9105679132044315,0,85
final_hybrid,2026086069,2,1,-20.0,3.0,0,0,0,0,0,0,0,0.0,31,2.401996539124558,2.925439039245248,4.542994778603315,0,63
final_hybrid,2026086069,3,1,34.0,1.0,1,0,0,0,0,0,0,0.05714285714285714,35,2.2331686557403634,2.67806202173233,2.985590137541294,0,70
final_hybrid,2026086070,0,0,-8.0,2.5,0,0,0,0,0,0,0,0.023255813953488372,43,2.3600148946739905,2.774309506639838,2.960478886961937,0,86
final_hybrid,2026086070,1,0,-21.0,4.0,0,0,1,13,0,0,0,0.046511627906976744,43,2.274439442729534,2.6194896548986435,2.754252403974533,0,86
final_hybrid,2026086070,2,0,-8.0,2.5,0,0,0,0,0,0,0,0.046511627906976744,43,2.2263481325015078,2.558390563353896,2.6646219193935394,0,86
final_hybrid,2026086070,3,0,-8.0,2.5,0,0,0,0,0,0,0,0.046511627906976744,43,2.263524699523005,2.723519830033183,2.7692741714417934,0,86
final_hybrid,2026086071,0,3,35.0,1.0,1,0,0,0,0,0,0,0.04054054054054054,74,2.346740960067994,2.759584179148078,3.3038719557225704,0,149
final_hybrid,2026086071,1,3,-8.0,2.5,0,0,0,0,0,0,0,0.0,64,2.318162616575137,2.825118345208466,2.867494709789753,0,128
final_hybrid,2026086071,2,3,35.0,1.0,1,0,0,0,0,0,0,0.022222222222222223,45,2.273008641269472,2.7321803383529186,2.8562918305397034,0,90
final_hybrid,2026086071,3,3,-21.0,4.0,0,0,1,13,0,0,0,0.011764705882352941,85,2.360438615741099,2.9102416709065437,3.5860477946698666,0,171
final_hybrid,2026086072,0,2,-8.0,2.5,0,0,0,0,0,0,0,0.027777777777777776,36,2.34046031255275,2.7837264351546764,2.8365259058773518,0,72
final_hybrid,2026086072,1,2,54.0,1.0,1,1,0,0,0,0,0,0.02857142857142857,35,2.2847035101481845,2.7246147859841585,2.7750469744205475,0,69
final_hybrid,2026086072,2,2,-17.0,4.0,0,0,1,9,0,0,0,0.030303030303030304,33,2.305425294308048,2.7841142378747463,2.8152810409665108,0,66
final_hybrid,2026086072,3,2,-18.0,3.0,0,0,0,0,0,0,0,0.03225806451612903,31,2.3921419445785785,2.8504340443760157,5.3225550800561905,0,63
final_hybrid,2026086073,0,0,-8.0,2.5,0,0,0,0,0,0,0,0.0,48,2.366298023844138,2.844431856647134,2.8832568787038326,0,96
final_hybrid,2026086073,1,0,32.0,1.0,1,0,0,0,0,0,0,0.020833333333333332,48,2.293805795488879,2.7431705966591835,2.794362138956785,0,96
final_hybrid,2026086073,2,0,-8.0,2.5,0,0,0,0,0,0,0,0.023255813953488372,43,2.322493879081205,2.780251670628786,3.2185371965169907,0,86
final_hybrid,2026086073,3,0,-16.0,4.0,0,0,1,8,0,0,0,0.043478260869565216,46,2.3807999779186817,2.7745567495003343,5.43656712397933,0,92
final_hybrid,2026086074,0,1,-30.0,4.0,0,0,1,22,0,0,0,0.0,41,2.3591230146405175,2.8173127211630344,2.855543978512287,0,82
final_hybrid,2026086074,1,1,-8.0,2.5,0,0,0,0,0,0,0,0.06349206349206349,63,2.2584421796694634,2.601352846249938,2.722756937146187,0,126
final_hybrid,2026086074,2,1,-33.0,3.0,0,0,0,0,0,0,0,0.0,52,2.298238597666988,2.826814423315227,2.8583123348653316,0,105
final_hybrid,2026086074,3,1,-33.0,3.0,0,0,0,0,0,0,0,0.057692307692307696,52,2.362829874842786,3.0145501717925045,5.279822275042534,0,105
final_hybrid,2026086075,0,2,-8.0,2.5,0,0,0,0,0,0,0,0.03278688524590164,61,2.3648828023769815,2.71589495241642,4.904258064925671,0,122
final_hybrid,2026086075,1,2,33.0,1.0,1,0,0,0,0,0,0,0.037037037037037035,54,2.3573387190009707,2.769838273525238,4.538262728601694,0,108
final_hybrid,2026086075,2,2,-18.0,4.0,0,0,1,10,0,0,0,0.0,72,2.330761370507793,2.873087697662413,2.902502194046974,0,144
final_hybrid,2026086075,3,2,-19.0,4.0,0,0,1,11,0,0,0,0.0,33,2.297321588478305,2.8968550264835358,2.9237158596515656,0,66
final_hybrid,2026086076,0,3,32.0,1.0,1,0,0,0,0,0,0,0.1,20,2.3344076704233885,2.745533362030983,2.792390063405037,0,40
final_hybrid,2026086076,1,3,-8.0,2.5,0,0,0,0,0,0,0,0.0,20,2.349009341560304,2.737167035229504,2.7411789633333683,0,40
final_hybrid,2026086076,2,3,-16.0,4.0,0,0,1,8,0,0,0,0.0,20,2.313409629277885,2.8272659052163363,2.8315242379903793,0,40
final_hybrid,2026086076,3,3,-8.0,2.5,0,0,0,0,0,0,0,0.05,20,2.2511398885399103,2.8229475021362305,2.8645098209381104,0,40
final_hybrid,2026086077,0,0,32.0,1.0,1,0,0,0,0,0,0,0.015151515151515152,66,2.3662903078013295,2.8834937838837504,3.0106287449598312,0,132
final_hybrid,2026086077,1,0,57.0,1.0,1,1,0,0,0,0,0,0.037037037037037035,54,2.264704813973771,2.611601445823908,2.688534092158079,0,107
final_hybrid,2026086077,2,0,0.0,2.5,0,0,0,0,0,1,1,0.011494252873563218,87,2.3022642434071536,2.7791489847004414,3.6550993099808693,0,175
final_hybrid,2026086077,3,0,0.0,2.5,0,0,0,0,0,1,0,0.022727272727272728,88,2.264087855688889,2.699062926694751,2.7575548738241196,0,175
final_hybrid,2026086078,0,1,63.0,1.0,1,1,0,0,0,0,0,0.014492753623188406,69,2.3600448638308738,2.8251666575670242,2.8652409091591835,0,137
final_hybrid,2026086078,1,1,-16.0,3.0,0,0,0,0,0,0,0,0.03333333333333333,60,2.298222311461965,2.8272253926843405,2.869676798582077,0,121
final_hybrid,2026086078,2,1,-21.0,3.0,0,0,0,0,0,0,0,0.0,73,2.2987497345327514,2.809272240847349,2.8410139493644238,0,147
final_hybrid,2026086078,3,1,-20.0,4.0,0,0,1,12,0,0,0,0.029850746268656716,67,2.286356150992771,2.7337313629686832,2.792275045067072,0,134
final_hybrid,2026086079,0,1,117.0,1.0,1,1,0,0,0,0,0,0.0,83,2.349237810416394,2.749774558469653,2.7824570424854755,0,165
final_hybrid,2026086079,1,1,-8.0,2.5,0,0,0,0,0,0,0,0.0,50,2.2989023104310036,2.7609188808128238,2.7842428535223007,0,100
final_hybrid,2026086079,2,1,69.0,1.0,1,1,0,0,0,0,0,0.0,37,2.2892432438360677,2.8615911491215225,2.933186013251543,0,73
final_hybrid,2026086079,3,1,32.0,1.0,1,0,0,0,0,0,0,0.0425531914893617,47,2.2940784098303064,2.7578893583267927,2.7687191031873226,0,94
final_hybrid,2026086080,0,2,-18.0,3.0,0,0,0,0,0,0,0,0.0,10,2.3987777531147003,2.8562554391101003,2.863209694623947,0,21
final_hybrid,2026086080,1,2,-18.0,3.0,0,0,0,0,0,0,0,0.0,10,2.37126681022346,2.7409848291426897,2.742540091276169,0,21
final_hybrid,2026086080,2,2,57.0,1.0,1,1,0,0,0,0,0,0.0,47,2.3607535069768733,2.968692034482956,3.000357188284397,0,93
final_hybrid,2026086080,3,2,-18.0,3.0,0,0,0,0,0,0,0,0.0,10,2.273318823426962,2.7495996793732047,2.7514430694282055,0,21
final_hybrid,2026086081,0,3,32.0,1.0,1,0,0,0,0,0,0,0.0,76,2.3663159533354796,2.807227778248489,2.938975114375353,0,152
final_hybrid,2026086081,1,3,-17.0,4.0,0,0,1,9,0,0,0,0.0,58,2.314672363793542,2.718416601419449,2.767238300293684,0,116
final_hybrid,2026086081,2,3,-8.0,2.5,0,0,0,0,0,0,0,0.0,58,2.338274414169377,2.878293115645647,2.918852958828211,0,116
final_hybrid,2026086081,3,3,-22.0,4.0,0,0,1,14,0,0,0,0.0,84,2.3634705770139894,2.8148261131718755,5.546334199607372,0,168
final_hybrid,2026086082,0,1,-16.0,3.0,0,0,0,0,0,0,0,0.030303030303030304,66,2.3465000840863497,2.704584738239646,2.7478369884192944,0,133
final_hybrid,2026086082,1,1,-19.0,3.0,0,0,0,0,0,0,0,0.022222222222222223,45,2.398266074144178,2.7661023661494255,5.991682875901461,0,91
final_hybrid,2026086082,2,1,48.0,1.0,1,1,0,0,0,0,0,0.030303030303030304,66,2.2590613472416545,2.6444902177900076,2.7709580026566982,0,133
final_hybrid,2026086082,3,1,-17.0,3.0,0,0,0,0,0,0,0,0.05263157894736842,57,2.3213588436575314,2.696462906897068,4.960693884640932,0,115
final_hybrid,2026086083,0,2,33.0,1.0,1,0,0,0,0,0,0,0.02702702702702703,74,2.334372020905485,2.6999396039173007,2.799075096845627,0,148
final_hybrid,2026086083,1,2,0.0,2.5,0,0,0,0,0,1,1,0.033707865168539325,89,2.284032789718234,2.70555941388011,2.8308583423495293,0,178
final_hybrid,2026086083,2,2,45.0,1.0,1,0,0,0,0,0,0,0.02040816326530612,49,2.289263645605165,2.7896448969841003,2.895908895879984,0,98
final_hybrid,2026086083,3,2,-8.0,2.5,0,0,0,0,0,0,0,0.02,50,2.2743399906903505,2.771195862442255,2.7779159136116505,0,100
final_hybrid,2026086084,0,0,-8.0,2.5,0,0,0,0,0,0,0,0.018867924528301886,53,2.340290458205174,2.723446860909462,2.7750800363719463,0,106
final_hybrid,2026086084,1,0,-22.0,4.0,0,0,1,14,0,0,0,0.0,53,2.341341016427526,2.8494831174612045,2.8992081061005592,0,106
final_hybrid,2026086084,2,0,33.0,1.0,1,0,0,0,0,0,0,0.0379746835443038,79,2.285528368069024,2.774259028956294,3.1114150770008564,0,158
final_hybrid,2026086084,3,0,38.0,1.0,1,0,0,0,0,0,0,0.0,57,2.349869127532369,2.977556735277176,3.0032466165721416,0,114
final_hybrid,2026086085,0,3,-17.0,4.0,0,0,1,9,0,0,0,0.0196078431372549,51,2.3567155916609015,2.769195707514882,2.8056208975613117,0,103
final_hybrid,2026086085,1,3,-8.0,2.5,0,0,0,0,0,0,0,0.02,50,2.3338436242192984,2.8137709479779005,2.8763599693775177,0,99
final_hybrid,2026086085,2,3,-8.0,2.5,0,0,0,0,0,0,0,0.0,53,2.3270570673048496,2.8547100722789764,3.872539848089218,0,106
final_hybrid,2026086085,3,3,-8.0,2.5,0,0,0,0,0,0,0,0.02040816326530612,49,2.278039241399692,2.786136604845524,2.8464682400226593,0,98
final_hybrid,2026086086,0,2,63.0,1.0,1,1,0,0,0,0,0,0.03508771929824561,57,2.342974227902136,2.8013712726533413,2.85169156268239,0,114
final_hybrid,2026086086,1,2,90.0,1.0,1,1,0,0,0,0,0,0.06976744186046512,43,2.278925374496815,2.6971771381795406,2.752224914729595,0,84
final_hybrid,2026086086,2,2,-17.0,3.0,0,0,0,0,0,0,0,0.0,52,2.3092227325273247,2.773274341598153,2.8150929138064384,0,106
final_hybrid,2026086086,3,2,-17.0,3.0,0,0,0,0,0,0,0,0.038461538461538464,52,2.271328246794068,2.7321556117385626,2.7733230963349342,0,106
final_hybrid,2026086087,0,0,35.0,1.0,1,0,0,0,0,0,0,0.023255813953488372,43,2.3344456716332327,2.8144444804638624,2.828052267432213,0,86
final_hybrid,2026086087,1,0,-8.0,2.5,0,0,0,0,0,0,0,0.10344827586206896,29,2.2847318443758735,2.7239518240094185,2.839923370629549,0,58
final_hybrid,2026086087,2,0,-8.0,2.5,0,0,0,0,0,0,0,0.08888888888888889,45,2.2315236636333995,2.5158735923469067,2.7068769559264183,0,90
final_hybrid,2026086087,3,0,-8.0,2.5,0,0,0,0,0,0,0,0.10344827586206896,29,2.250374904994307,2.655524667352438,2.7374420315027237,0,58
final_hybrid,2026086088,0,2,-50.0,4.0,0,0,1,42,1,0,0,0.01639344262295082,61,2.3836835562327847,2.884065732359886,2.9098382219672203,0,122
final_hybrid,2026086088,1,2,-52.0,3.0,0,0,0,0,0,0,0,0.0,34,2.347965889117297,2.7989621739834547,2.8432109393179417,0,69
final_hybrid,2026086088,2,2,33.0,1.0,1,0,0,0,0,0,0,0.0,45,2.3424835668669806,2.9259178787469864,2.977060154080391,0,90
final_hybrid,2026086088,3,2,-8.0,2.5,0,0,0,0,0,0,0,0.03636363636363636,55,2.2630928084254265,2.6899216696619987,2.766922116279602,0,110
final_hybrid,2026086089,0,1,-17.0,4.0,0,0,1,9,0,0,0,0.0392156862745098,51,2.437221516362008,2.8667200822383165,6.417819764465094,0,102
final_hybrid,2026086089,1,1,-8.0,2.5,0,0,0,0,0,0,0,0.017543859649122806,57,2.428379457182529,3.031058982014656,5.126797128468752,0,114
final_hybrid,2026086089,2,1,33.0,1.0,1,0,0,0,0,0,0,0.022222222222222223,45,2.34367111697793,2.754979394376278,4.772402346134186,0,90
final_hybrid,2026086089,3,1,-8.0,2.5,0,0,0,0,0,0,0,0.0,45,2.4569832098980746,3.260502684861421,6.21018698439002,0,90
final_hybrid,2026086090,0,3,33.0,1.0,1,0,0,0,0,0,0,0.0,26,2.398115278293307,2.945365966297686,2.961245831102133,0,52
final_hybrid,2026086090,1,3,32.0,1.0,1,0,0,0,0,0,0,0.03389830508474576,59,2.3625121151996873,2.7732191141694784,5.3610182367265224,0,118
final_hybrid,2026086090,2,3,-8.0,2.5,0,0,0,0,0,0,0,0.0,72,2.346379578941398,2.8637616196647286,3.5255877301096916,0,144
final_hybrid,2026086090,3,3,33.0,1.0,1,0,0,0,0,0,0,0.022222222222222223,45,2.2737453484700785,2.7474516071379185,2.8012199327349663,0,90
final_hybrid,2026086091,0,3,54.0,1.0,1,1,0,0,0,0,0,0.022222222222222223,45,2.374628589799007,2.8686288744211197,2.8949473053216934,0,89
final_hybrid,2026086091,1,3,44.0,1.0,1,0,0,0,0,0,0,0.02666666666666667,75,2.284444496035576,2.6454820297658443,2.7545588091015816,0,150
final_hybrid,2026086091,2,3,51.0,1.0,1,1,0,0,0,0,0,0.0,57,2.32232779493196,2.9880069196224213,3.0441810376942158,0,113
final_hybrid,2026086091,3,3,60.0,1.0,1,1,0,0,0,0,0,0.07692307692307693,52,2.271508959193642,2.7007691096514463,2.7441619895398617,0,103
final_hybrid,2026086092,0,3,-18.0,3.0,0,0,0,0,0,0,0,0.019230769230769232,52,2.387235944087689,2.9311003163456917,3.058247733861208,0,105
final_hybrid,2026086092,1,3,-17.0,4.0,0,0,1,9,0,0,0,0.015625,64,2.3289487799047492,2.806184720247984,2.8386558406054974,0,128
final_hybrid,2026086092,2,3,-21.0,3.0,0,0,0,0,0,0,0,0.03278688524590164,61,2.2807596556720187,2.611276227980852,3.8579232059419155,0,123
final_hybrid,2026086092,3,3,-23.0,4.0,0,0,1,15,0,0,0,0.012987012987012988,77,2.3294129687083234,2.808287553489208,3.041032236069441,0,154
final_hybrid,2026086093,0,1,0.0,2.5,0,0,0,0,0,1,1,0.012048192771084338,83,2.337896590491375,2.706992160528898,2.823102753609419,0,166
final_hybrid,2026086093,1,1,36.0,1.0,1,0,0,0,0,0,0,0.0,46,2.337724253859209,2.838470390997827,2.9380768537521362,0,92
final_hybrid,2026086093,2,1,-8.0,2.5,0,0,0,0,0,0,0,0.0,38,2.305753357512386,2.8714984888210893,2.915572840720415,0,76
final_hybrid,2026086093,3,1,42.0,1.0,1,0,0,0,0,0,0,0.07352941176470588,68,2.287298420389347,2.624551532790065,3.5399547778069973,0,136
final_hybrid,2026086094,0,0,-8.0,2.5,0,0,0,0,0,0,0,0.044444444444444446,45,2.3544817024634943,2.799686137586832,2.8159059584140778,0,90
final_hybrid,2026086094,1,0,-8.0,2.5,0,0,0,0,0,0,0,0.06521739130434782,46,2.2954604608695144,2.713841968216002,3.101628739386797,0,92
final_hybrid,2026086094,2,0,-16.0,4.0,0,0,1,8,0,0,0,0.06,50,2.2559551894664764,2.6184183778241277,2.766856923699379,0,100
final_hybrid,2026086094,3,0,-8.0,2.5,0,0,0,0,0,0,0,0.017857142857142856,56,2.3037797322363724,2.849539974704385,2.930245827883482,0,112
final_hybrid,2026086095,0,3,-17.0,4.0,0,0,1,9,0,0,0,0.022727272727272728,44,2.3624172053215178,2.778139105066657,2.852638252079487,0,88
final_hybrid,2026086095,1,3,-8.0,2.5,0,0,0,0,0,0,0,0.022727272727272728,44,2.3125870978798377,2.804281283169985,2.8288443572819233,0,88
final_hybrid,2026086095,2,3,33.0,1.0,1,0,0,0,0,0,0,0.045454545454545456,44,2.2638768317516553,2.6208384661003947,2.7463077567517757,0,88
final_hybrid,2026086095,3,3,-8.0,2.5,0,0,0,0,0,0,0,0.0,47,2.307015471160412,2.8221345506608486,2.8606117703020573,0,94
final_hybrid,2026086096,0,1,33.0,1.0,1,0,0,0,0,0,0,0.05,40,2.370589040219784,2.740108990110457,5.303950048983097,0,80
final_hybrid,2026086096,1,1,-8.0,2.5,0,0,0,0,0,0,0,0.0,34,2.278182833619854,2.723839390091598,2.7426923625171185,0,68
final_hybrid,2026086096,2,1,-8.0,2.5,0,0,0,0,0,0,0,0.05263157894736842,38,2.258781208901813,2.672325470484793,2.6963800191879272,0,76
final_hybrid,2026086096,3,1,-8.0,2.5,0,0,0,0,0,0,0,0.025,40,2.3001163848675787,2.814408321864903,2.8827437199652195,0,80
final_hybrid,2026086097,0,0,-20.0,3.0,0,0,0,0,0,0,0,0.03571428571428571,56,2.350352579794292,2.723256009630859,2.775606233626604,0,113
final_hybrid,2026086097,1,0,60.0,1.0,1,1,0,0,0,0,0,0.017543859649122806,57,2.542478228478055,3.274485189467665,5.111832171678543,0,113
final_hybrid,2026086097,2,0,-20.0,3.0,0,0,0,0,0,0,0,0.034482758620689655,58,2.242859709879448,2.585376682691276,2.6407670229673386,0,117
final_hybrid,2026086097,3,0,-25.0,3.0,0,0,0,0,0,0,0,0.025,80,2.276039734715596,2.7008701115846634,3.1110220588743687,0,161
final_hybrid,2026086098,0,0,37.0,1.0,1,0,0,0,0,0,0,0.06779661016949153,59,2.296087292607053,2.5314442347735167,3.473886288702488,0,118
final_hybrid,2026086098,1,0,33.0,1.0,1,0,0,0,0,0,0,0.03571428571428571,28,2.2902660171634386,2.628215402364731,2.7343863621354103,0,56
final_hybrid,2026086098,2,0,-8.0,2.5,0,0,0,0,0,0,0,0.02702702702702703,37,2.2896080957473934,2.8130101040005684,2.839046996086836,0,74
final_hybrid,2026086098,3,0,-8.0,2.5,0,0,0,0,0,0,0,0.03571428571428571,28,2.217439834826759,2.618858264759183,2.663866151124239,0,56
final_hybrid,2026086099,0,0,37.0,1.0,1,0,0,0,0,0,0,0.021739130434782608,46,2.3691243816005145,2.8541742358356714,2.9101367108523846,0,92
final_hybrid,2026086099,1,0,111.0,1.0,1,1,0,0,0,0,0,0.0,50,2.3003605753183365,2.780995098873973,2.796777058392763,0,99
final_hybrid,2026086099,2,0,33.0,1.0,1,0,0,0,0,0,0,0.0,47,2.3102209843853685,2.8605055529624224,2.975332085043192,0,94
final_hybrid,2026086099,3,0,-37.0,3.0,0,0,0,0,0,0,0,0.0,49,2.293936404570633,2.8094314970076084,2.8249071910977364,0,99
final_hybrid,2026086100,0,1,-18.0,3.0,0,0,0,0,0,0,0,0.0136986301369863,73,2.3862446262820125,2.932741306722164,2.9865377582609653,0,147
final_hybrid,2026086100,1,1,-20.0,3.0,0,0,0,0,0,0,0,0.0,50,2.3098993208259344,2.7535688364878297,2.7919881977140903,0,101
final_hybrid,2026086100,2,1,-18.0,3.0,0,0,0,0,0,0,0,0.0,73,2.3347501681275564,2.913042437285185,2.984344959259033,0,147
final_hybrid,2026086100,3,1,-8.0,2.5,0,0,0,0,0,0,0,0.022222222222222223,45,2.276146856860982,2.754875738173723,2.818384673446417,0,90
final_hybrid,2026086101,0,1,-8.0,2.5,0,0,0,0,0,0,0,0.017543859649122806,57,2.3368436091563156,2.825462818145752,2.858727239072323,0,114
final_hybrid,2026086101,1,1,-22.0,3.0,0,0,0,0,0,0,0,0.06382978723404255,47,2.26797227886446,2.6528561953455205,2.732314169406891,0,95
final_hybrid,2026086101,2,1,-19.0,4.0,0,0,1,11,0,0,0,0.0,30,2.2913039351503053,2.703031781129539,2.737735863775015,0,60
final_hybrid,2026086101,3,1,-22.0,3.0,0,0,0,0,0,0,0,0.0,47,2.329305171015415,2.9142891988158226,2.9723350889980793,0,95
final_hybrid,2026086102,0,2,-28.0,3.0,0,0,0,0,0,0,0,0.0196078431372549,51,2.3698731709052536,2.832734491676092,2.8930441476404667,0,103
final_hybrid,2026086102,1,2,-8.0,2.5,0,0,0,0,0,0,0,0.02127659574468085,47,2.335334424563545,2.8522102627903223,2.8889337554574013,0,94
final_hybrid,2026086102,2,2,-26.0,4.0,0,0,1,18,0,0,0,0.0,43,2.3102250469978465,2.80459919013083,2.851057332009077,0,86
final_hybrid,2026086102,3,2,-8.0,2.5,0,0,0,0,0,0,0,0.0,43,2.306741846422123,2.92444727383554,3.0467170290648937,0,86
final_hybrid,2026086103,0,3,-20.0,4.0,0,0,1,12,0,0,0,0.0,37,2.386915245773019,2.858383301645517,2.9950477182865143,0,74
final_hybrid,2026086103,1,3,-21.0,3.0,0,0,0,0,0,0,0,0.012658227848101266,79,2.3416863353569295,2.8116730507463217,3.2423753291368484,0,159
final_hybrid,2026086103,2,3,-21.0,3.0,0,0,0,0,0,0,0,0.013333333333333334,75,2.293501707414786,2.744177635759115,2.7751168236136436,0,151
final_hybrid,2026086103,3,3,38.0,1.0,1,0,0,0,0,0,0,0.0,35,2.3072625643440654,2.8792263474315405,2.9035243205726147,0,70
final_hybrid,2026086104,0,3,36.0,1.0,1,0,0,0,0,0,0,0.017543859649122806,57,2.3185371731718383,2.6658701710402966,2.7947709895670414,0,114
final_hybrid,2026086104,1,3,-21.0,3.0,0,0,0,0,0,0,0,0.0,53,2.3576849895828174,2.8749567456543446,2.918640151619911,0,107
final_hybrid,2026086104,2,3,32.0,1.0,1,0,0,0,0,0,0,0.0,50,2.3115211352705956,2.880870783701539,2.970858011394739,0,100
final_hybrid,2026086104,3,3,-8.0,2.5,0,0,0,0,0,0,0,0.0,50,2.3095552809536457,2.8510071337223053,2.9212860390543938,0,100
final_hybrid,2026086105,0,0,-16.0,3.0,0,0,0,0,0,0,0,0.02564102564102564,39,2.4260426035676246,2.8555023949593306,4.996988922357559,0,79
final_hybrid,2026086105,1,0,-16.0,3.0,0,0,0,0,0,0,0,0.0,38,2.3251013021524014,2.7669762494042516,2.778701949864626,0,77
final_hybrid,2026086105,2,0,43.0,1.0,1,0,0,0,0,0,0,0.05,20,2.2774172481149435,2.739068609662354,2.740847412496805,0,40
final_hybrid,2026086105,3,0,57.0,1.0,1,1,0,0,0,0,0,0.014925373134328358,67,2.294407163593751,2.7592376805841923,3.619479015469551,0,133
final_hybrid,2026086106,0,1,-20.0,3.0,0,0,0,0,0,0,0,0.0,38,2.3707551391501176,2.823652094230056,2.893734723329544,0,77
final_hybrid,2026086106,1,1,-17.0,3.0,0,0,0,0,0,0,0,0.03773584905660377,53,2.3214356921050907,2.743145264685154,3.8156071677803993,0,107
final_hybrid,2026086106,2,1,-17.0,3.0,0,0,0,0,0,0,0,0.0,53,2.3155135700022274,2.933533303439617,2.957665827125311,0,107
final_hybrid,2026086106,3,1,-20.0,3.0,0,0,0,0,0,0,0,0.0,38,2.2958589006999603,2.808214002288878,2.8492221608757973,0,77
final_hybrid,2026086107,0,1,51.0,1.0,1,1,0,0,0,0,0,0.045454545454545456,66,2.303423479933179,2.626172616146505,2.818018663674593,0,131
final_hybrid,2026086107,1,1,0.0,2.5,0,0,0,0,0,1,0,0.02247191011235955,89,2.278203714973806,2.6145060546696186,2.699916251003742,0,178
final_hybrid,2026086107,2,1,-20.0,3.0,0,0,0,0,0,0,0,0.03571428571428571,56,2.266251831315458,2.6896533090621233,2.769637852907181,0,113
final_hybrid,2026086107,3,1,32.0,1.0,1,0,0,0,0,0,0,0.0273972602739726,73,2.232598912685293,2.531931083649397,2.7366969734430313,0,146
final_hybrid,2026086108,0,1,-8.0,2.5,0,0,0,0,0,0,0,0.02702702702702703,37,2.34055906735562,2.7943750843405724,2.7960711158812046,0,74
final_hybrid,2026086108,1,1,-8.0,2.5,0,0,0,0,0,0,0,0.05405405405405406,37,2.283602537637627,2.669406309723854,2.680000849068165,0,74
final_hybrid,2026086108,2,1,-24.0,4.0,0,0,1,16,0,0,0,0.02702702702702703,37,2.2928894346428885,2.738288417458534,2.8081443160772324,0,74
final_hybrid,2026086108,3,1,42.0,1.0,1,0,0,0,0,0,0,0.0,28,2.260734809429518,2.779604191891849,2.785230055451393,0,56
final_hybrid,2026086109,0,2,-8.0,2.5,0,0,0,0,0,0,0,0.038461538461538464,26,2.3400397577251377,2.758996211923659,2.8503662906587124,0,52
final_hybrid,2026086109,1,2,39.0,1.0,1,0,0,0,0,0,0,0.0,31,2.3324435516711204,2.8611908201128244,2.8857137076556683,0,62
final_hybrid,2026086109,2,2,-27.0,4.0,0,0,1,19,0,0,0,0.0,26,2.3042558011813807,2.742597949691117,2.8070337139070034,0,52
final_hybrid,2026086109,3,2,-8.0,2.5,0,0,0,0,0,0,0,0.0,26,2.2993725008116317,2.768337377347052,3.460437059402466,0,52
final_hybrid,2026086110,0,0,-8.0,2.5,0,0,0,0,0,0,0,0.0,67,2.4181356889876855,2.969346195459366,3.037978895008564,0,134
final_hybrid,2026086110,1,0,34.0,1.0,1,0,0,0,0,0,0,0.0,67,2.362671488923813,2.9487282037734985,3.026390913873911,0,134
final_hybrid,2026086110,2,0,-17.0,3.0,0,0,0,0,0,0,0,0.0,16,2.3130709305405617,2.8325023595243692,2.842328045517206,0,33
final_hybrid,2026086110,3,0,-8.0,2.5,0,0,0,0,0,0,0,0.013333333333333334,75,2.3533770628273487,2.948685409501195,3.1670029275119305,0,150
final_hybrid,2026086111,0,3,-8.0,2.5,0,0,0,0,0,0,0,0.0,40,2.3632808355614543,2.7899823850020766,2.8182677924633026,0,81
final_hybrid,2026086111,1,3,33.0,1.0,1,0,0,0,0,0,0,0.017857142857142856,56,2.3309601986381625,2.735172165557742,3.443339839577675,0,111
final_hybrid,2026086111,2,3,-8.0,2.5,0,0,0,0,0,0,0,0.0,36,2.3021602537482977,2.76604772079736,2.7961148880422115,0,73
final_hybrid,2026086111,3,3,-8.0,2.5,0,0,0,0,0,0,0,0.031746031746031744,63,2.2529218759801655,2.565792016685009,3.1316769309341908,0,127
final_hybrid,2026086112,0,0,-8.0,2.5,0,0,0,0,0,0,0,0.045454545454545456,66,2.3004244730779617,2.5481947232037783,2.766716293990612,0,132
final_hybrid,2026086112,1,0,-8.0,2.5,0,0,0,0,0,0,0,0.0,21,2.297714175212951,2.72571574896574,2.7547720819711685,0,42
final_hybrid,2026086112,2,0,36.0,1.0,1,0,0,0,0,0,0,0.0,69,2.3080721578520276,2.8981772251427174,2.936924807727337,0,139
final_hybrid,2026086112,3,0,-18.0,4.0,0,0,1,10,0,0,0,0.036585365853658534,82,2.271438693264272,2.7180367847904563,2.7510509826242924,0,163
final_hybrid,2026086113,0,1,-25.0,3.0,0,0,0,0,0,0,0,0.034482758620689655,58,2.353087501150781,2.8324502985924482,3.2170782797038555,0,117
final_hybrid,2026086113,1,1,-8.0,2.5,0,0,0,0,0,0,0,0.0,67,2.371498689389051,2.959235478192568,3.9672437123954296,0,134
final_hybrid,2026086113,2,1,-8.0,2.5,0,0,0,0,0,0,0,0.034482758620689655,58,2.26344319124674,2.7035155100747943,2.7273278683423996,0,116
final_hybrid,2026086113,3,1,-8.0,2.5,0,0,0,0,0,0,0,0.017857142857142856,56,2.310708838714553,2.8427274664863944,2.8978469781577587,0,112
final_hybrid,2026086114,0,0,32.0,1.0,1,0,0,0,0,0,0,0.0,30,2.3925313726067543,2.9323092661798,2.9638991691172123,0,60
final_hybrid,2026086114,1,0,-16.0,4.0,0,0,1,8,0,0,0,0.05555555555555555,18,2.3156036881523,2.7247207472100854,2.7350890450179577,0,36
final_hybrid,2026086114,2,0,44.0,1.0,1,0,0,0,0,0,0,0.0,76,2.29220135799168,2.724533434957266,2.787700854241848,0,152
final_hybrid,2026086114,3,0,-19.0,4.0,0,0,1,11,0,0,0,0.028169014084507043,71,2.2784380347166264,2.586337272077799,3.5011679865419865,0,142
final_hybrid,2026086115,0,2,33.0,1.0,1,0,0,0,0,0,0,0.0,40,2.4686577264219522,3.0065142316743723,3.7181577645242214,0,80
final_hybrid,2026086115,1,2,-17.0,4.0,0,0,1,9,0,0,0,0.027777777777777776,36,2.2915202813843885,2.695264294743538,2.7548070065677166,0,72
final_hybrid,2026086115,2,2,-8.0,2.5,0,0,0,0,0,0,0,0.025,40,2.332079433836043,2.880300348624587,3.080095164477825,0,80
final_hybrid,2026086115,3,2,-8.0,2.5,0,0,0,0,0,0,0,0.029411764705882353,34,2.259544891250484,2.7072656201198697,2.7158688753843307,0,68
final_hybrid,2026086116,0,2,-8.0,2.5,0,0,0,0,0,0,0,0.022727272727272728,44,2.344625292938541,2.7609863318502903,2.815913874655962,0,88
final_hybrid,2026086116,1,2,-8.0,2.5,0,0,0,0,0,0,0,0.03508771929824561,57,2.323532460682225,2.7440060861408706,3.479792270809412,0,114
final_hybrid,2026086116,2,2,-8.0,2.5,0,0,0,0,0,0,0,0.0,46,2.306462326289519,2.825345261953771,2.9131779447197914,0,92
final_hybrid,2026086116,3,2,69.0,1.0,1,1,0,0,0,0,0,0.0,47,2.3304796480435006,2.994271134957671,3.0445419251918793,0,93
final_hybrid,2026086117,0,2,-16.0,3.0,0,0,0,0,0,0,0,0.0,47,2.380848218231125,2.8147850651293993,3.508392721414566,0,95
final_hybrid,2026086117,1,2,-16.0,3.0,0,0,0,0,0,0,0,0.0425531914893617,47,2.301026076236938,2.64457412995398,4.2526680044829845,0,95
final_hybrid,2026086117,2,2,93.0,1.0,1,1,0,0,0,0,0,0.0,50,2.3154069390147924,2.8504363959655166,2.8794463723897934,0,99
final_hybrid,2026086117,3,2,-31.0,3.0,0,0,0,0,0,0,0,0.0,49,2.3656680476756726,2.954078186303377,3.952573984861374,0,99
final_hybrid,2026086118,0,0,-8.0,2.5,0,0,0,0,0,0,0,0.029850746268656716,67,2.320214626448813,2.645649341866374,2.8450260870158672,0,134
final_hybrid,2026086118,1,0,35.0,1.0,1,0,0,0,0,0,0,0.02631578947368421,76,2.3562717128937183,2.8519161278381944,3.8204146549105644,0,152
final_hybrid,2026086118,2,0,0.0,2.5,0,0,0,0,0,1,0,0.0,86,2.3636035837752876,2.979935612529516,4.005614202469587,0,172
final_hybrid,2026086118,3,0,-19.0,4.0,0,0,1,11,0,0,0,0.0,51,2.312021658701055,2.864792477339506,2.894350327551365,0,102
final_hybrid,2026086119,0,1,-8.0,2.5,0,0,0,0,0,0,0,0.0,65,2.4010286308251896,2.829230111092329,4.1100080125033855,0,130
final_hybrid,2026086119,1,1,48.0,1.0,1,0,0,0,0,0,0,0.0,33,2.3171474423372382,2.804693579673767,2.9476373456418514,0,66
final_hybrid,2026086119,2,1,-32.0,4.0,0,0,1,24,0,0,0,0.0,43,2.31998814486487,2.808326529338956,3.4235259518027306,0,86
final_hybrid,2026086119,3,1,-32.0,4.0,0,0,1,24,0,0,0,0.022727272727272728,44,2.2920778719708323,2.6690987404435873,3.26275872066617,0,88
final_hybrid,2026086120,0,1,0.0,2.5,0,0,0,0,0,1,1,0.023255813953488372,86,2.3570811635879583,2.796190674416721,3.6003519780933857,0,172
final_hybrid,2026086120,1,1,-8.0,2.5,0,0,0,0,0,0,0,0.012048192771084338,83,2.33257341434259,2.8385403100401163,3.179495222866535,0,167
final_hybrid,2026086120,2,1,-23.0,3.0,0,0,0,0,0,0,0,0.012048192771084338,83,2.2764240604746773,2.725275093689561,2.810016740113497,0,168
final_hybrid,2026086120,3,1,-17.0,3.0,0,0,0,0,0,0,0,0.036585365853658534,82,2.2716278539652506,2.7325970120728016,2.8084549121558666,0,166
final_hybrid,2026086121,0,0,0.0,2.5,0,0,0,0,0,1,1,0.0,84,2.4379580669725933,2.9330861754715443,4.122935701161623,0,168
final_hybrid,2026086121,1,0,-8.0,2.5,0,0,0,0,0,0,0,0.0,35,2.430577895471028,2.97635062597692,3.063199110329151,0,70
final_hybrid,2026086121,2,0,-18.0,3.0,0,0,0,0,0,0,0,0.024390243902439025,41,2.297799557265712,2.8049000538885593,2.832941710948944,0,83
final_hybrid,2026086121,3,0,32.0,1.0,1,0,0,0,0,0,0,0.022727272727272728,44,2.2792740703814407,2.755453740246594,2.7990061789751053,0,88
final_hybrid,2026086122,0,0,37.0,1.0,1,0,0,0,0,0,0,0.0,83,2.424182875238987,2.9857071582227945,3.062321338802576,0,166
final_hybrid,2026086122,1,0,-8.0,2.5,0,0,0,0,0,0,0,0.0,53,2.351353674213279,2.979924250394106,2.99664493650198,0,106
final_hybrid,2026086122,2,0,-8.0,2.5,0,0,0,0,0,0,0,0.018518518518518517,54,2.342559181636682,2.8852105140686035,4.048692993819714,0,108
final_hybrid,2026086122,3,0,-8.0,2.5,0,0,0,0,0,0,0,0.0,45,2.3081759508285256,2.871371991932392,2.950542140752077,0,90
final_hybrid,2026086123,0,1,-20.0,4.0,0,0,1,12,0,0,0,0.038461538461538464,52,2.34349867185721,2.697158162482083,3.6559351719915867,0,104
final_hybrid,2026086123,1,1,60.0,1.0,1,1,0,0,0,0,0,0.05660377358490566,53,2.3568406841664946,2.722880057990551,4.175981972366571,0,105
final_hybrid,2026086123,2,1,-8.0,2.5,0,0,0,0,0,0,0,0.0,51,2.324214497325467,2.874017460271716,2.922121435403824,0,102
final_hybrid,2026086123,3,1,44.0,1.0,1,0,0,0,0,0,0,0.0,53,2.307574993948329,2.9224246740341187,2.975362818688154,0,106
final_hybrid,2026086124,0,1,-8.0,2.5,0,0,0,0,0,0,0,0.0425531914893617,47,2.3890716974881103,2.75974590331316,4.5936997048556805,0,94
final_hybrid,2026086124,1,1,-16.0,3.0,0,0,0,0,0,0,0,0.020833333333333332,48,2.305345726199448,2.7541142888367176,2.7831848710775375,0,97
final_hybrid,2026086124,2,1,-18.0,3.0,0,0,0,0,0,0,0,0.0196078431372549,51,2.2930902903716937,2.7892719954252243,2.8533670119941235,0,103
final_hybrid,2026086124,3,1,48.0,1.0,1,1,0,0,0,0,0,0.0,50,2.328864661976695,2.969954302534461,3.0773975886404514,0,99
final_hybrid,2026086125,0,1,0.0,2.5,0,0,0,0,0,1,1,0.0,86,2.4058292565737354,3.019882016815245,3.520119935274124,0,172
final_hybrid,2026086125,1,1,0.0,2.5,0,0,0,0,0,1,0,0.022727272727272728,88,2.3430816892703827,2.741053351201117,5.335923749953508,0,176
final_hybrid,2026086125,2,1,-8.0,2.5,0,0,0,0,0,0,0,0.0,78,2.343140841007997,2.9103336157277226,3.7014642730355263,0,156
final_hybrid,2026086125,3,1,33.0,1.0,1,0,0,0,0,0,0,0.012195121951219513,82,2.3432301255170165,2.9758607735857368,3.0685081146657467,0,164
final_hybrid,2026086126,0,2,-8.0,2.5,0,0,0,0,0,0,0,0.037037037037037035,27,2.406778745353222,2.821510285139084,4.381430801004171,0,54
final_hybrid,2026086126,1,2,36.0,1.0,1,0,0,0,0,0,0,0.07407407407407407,27,2.2683632905008615,2.601070236414671,2.6560151018202305,0,54
final_hybrid,2026086126,2,2,-20.0,4.0,0,0,1,12,0,0,0,0.02857142857142857,35,2.293850694383894,2.7788680512458086,2.811696846038103,0,70
final_hybrid,2026086126,3,2,-8.0,2.5,0,0,0,0,0,0,0,0.0,27,2.3110043602409185,2.9226915445178747,2.9396098107099533,0,54
final_hybrid,2026086127,0,1,0.0,2.5,0,0,0,0,0,1,1,0.03488372093023256,86,2.3500895842390004,2.623649314045906,5.183936096727848,0,172
final_hybrid,2026086127,1,1,-17.0,4.0,0,0,1,9,0,0,0,0.0,50,2.3512626346200705,2.8139503672719,2.9219239950180054,0,100
final_hybrid,2026086127,2,1,-8.0,2.5,0,0,0,0,0,0,0,0.022988505747126436,87,2.2876116008251564,2.7201011776924133,3.4654741175472736,0,174
final_hybrid,2026086127,3,1,-32.0,4.0,0,0,1,24,0,0,0,0.029850746268656716,67,2.3136960356426775,2.7860491536557674,4.309396259486675,0,134
final_hybrid,2026086128,0,0,40.0,1.0,1,0,0,0,0,0,0,0.0,66,2.4452629626135933,2.9286936623975635,6.115363910794258,0,132
final_hybrid,2026086128,1,0,-8.0,2.5,0,0,0,0,0,0,0,0.02564102564102564,78,2.4033102194945783,2.757711592130363,6.04275893419981,0,156
final_hybrid,2026086128,2,0,-8.0,2.5,0,0,0,0,0,0,0,0.01282051282051282,78,2.3463332356932836,2.838754723779857,4.0816329419612885,0,156
final_hybrid,2026086128,3,0,-18.0,4.0,0,0,1,10,0,0,0,0.02564102564102564,78,2.350744707748676,2.7763483114540572,5.902432836592197,0,156
final_hybrid,2026086129,0,0,-16.0,3.0,0,0,0,0,0,0,0,0.016666666666666666,60,2.365638199262321,2.7519122464582324,2.7821161784231663,0,121
final_hybrid,2026086129,1,0,-8.0,2.5,0,0,0,0,0,0,0,0.0,67,2.38131804030333,2.939346479251981,3.034156747162342,0,134
final_hybrid,2026086129,2,0,-16.0,3.0,0,0,0,0,0,0,0,0.01639344262295082,61,2.2828206419944763,2.690891269594431,2.7451799251139164,0,123
final_hybrid,2026086129,3,0,-16.0,3.0,0,0,0,0,0,0,0,0.03278688524590164,61,2.3046563623747867,2.8206189163029194,2.861770335584879,0,123
final_hybrid,2026086130,0,0,35.0,1.0,1,0,0,0,0,0,0,0.0425531914893617,47,2.3749503505198244,2.8325567953288555,2.9091457836329937,0,94
final_hybrid,2026086130,1,0,-8.0,2.5,0,0,0,0,0,0,0,0.0,39,2.340557590986674,2.8971470426768064,2.9204189777374268,0,78
final_hybrid,2026086130,2,0,-26.0,4.0,0,0,1,18,0,0,0,0.07692307692307693,39,2.2534821421290054,2.6022661942988634,2.6563131250441074,0,78
final_hybrid,2026086130,3,0,34.0,1.0,1,0,0,0,0,0,0,0.06,50,2.248427039012313,2.5940444553270936,2.7268691919744015,0,100
final_hybrid,2026086131,0,1,69.0,1.0,1,1,0,0,0,0,0,0.05,60,2.3472749860957265,2.7761363657191396,2.802761271595955,0,119
final_hybrid,2026086131,1,1,-23.0,3.0,0,0,0,0,0,0,0,0.05084745762711865,59,2.2944531450837347,2.5814990513026714,3.744338173419237,0,119
final_hybrid,2026086131,2,1,-23.0,3.0,0,0,0,0,0,0,0,0.0,59,2.333101429739746,2.9100487008690834,2.9552499763667583,0,119
final_hybrid,2026086131,3,1,-23.0,3.0,0,0,0,0,0,0,0,0.01639344262295082,61,2.320458944581571,2.87904916331172,2.950166817754507,0,123
final_hybrid,2026086132,0,2,0.0,2.5,0,0,0,0,0,1,0,0.011363636363636364,88,2.375890876547518,2.8134100837633014,2.8565176762640476,0,177
final_hybrid,2026086132,1,2,36.0,1.0,1,0,0,0,0,0,0,0.0,50,2.3590966314077377,2.903462713584304,2.97365291044116,0,100
final_hybrid,2026086132,2,2,33.0,1.0,1,0,0,0,0,0,0,0.034482758620689655,58,2.275293138970075,2.7224632911384106,2.7778008952736855,0,116
final_hybrid,2026086132,3,2,-20.0,3.0,0,0,0,0,0,0,0,0.0273972602739726,73,2.304614043143922,2.7835758402943607,4.10441542044282,0,148
final_hybrid,2026086133,0,3,75.0,1.0,1,1,0,0,0,0,0,0.05084745762711865,59,2.3086385454161693,2.58599710650742,2.8640497475862503,0,117
final_hybrid,2026086133,1,3,-8.0,2.5,0,0,0,0,0,0,0,0.03571428571428571,28,2.324682893231511,2.8084848541766405,2.832230180501938,0,56
final_hybrid,2026086133,2,3,-8.0,2.5,0,0,0,0,0,0,0,0.03571428571428571,28,2.2999880269968083,2.777170017361641,2.8331088833510876,0,56
final_hybrid,2026086133,3,3,-24.0,4.0,0,0,1,16,0,0,0,0.0,28,2.312370326503047,2.8372629079967737,2.8458861634135246,0,56
final_hybrid,2026086134,0,2,33.0,1.0,1,0,0,0,0,0,0,0.07547169811320754,53,2.355200089162813,2.8096338734030724,3.0485610477626324,0,106
final_hybrid,2026086134,1,2,-8.0,2.5,0,0,0,0,0,0,0,0.0,69,2.338057282664206,2.8574835509061813,2.865056972950697,0,138
final_hybrid,2026086134,2,2,-19.0,3.0,0,0,0,0,0,0,0,0.03389830508474576,59,2.301818186069949,2.7527647092938423,2.822660841047764,0,119
final_hybrid,2026086134,3,2,0.0,2.5,0,0,0,0,0,1,1,0.011494252873563218,87,2.303559788042444,2.7980594895780087,2.8561288490891457,0,174
final_hybrid,2026086135,0,1,-24.0,3.0,0,0,0,0,0,0,0,0.02,50,2.401034301146865,2.805906324647367,4.117766860872507,0,102
final_hybrid,2026086135,1,1,-24.0,3.0,0,0,0,0,0,0,0,0.0,50,2.4115250073373318,2.928957692347467,3.751638811081648,0,102
final_hybrid,2026086135,2,1,32.0,1.0,1,0,0,0,0,0,0,0.029411764705882353,68,2.278141684227568,2.708274987526238,2.7763480320572853,0,135
final_hybrid,2026086135,3,1,-24.0,3.0,0,0,0,0,0,0,0,0.018518518518518517,54,2.342928140596659,2.781224064528942,4.944006912410259,0,110
final_hybrid,2026086136,0,1,-18.0,4.0,0,0,1,10,0,0,0,0.0392156862745098,51,2.3978738497723553,2.7762900572270155,4.3572550639510155,0,102
final_hybrid,2026086136,1,1,-8.0,2.5,0,0,0,0,0,0,0,0.0196078431372549,51,2.2919265023779634,2.673495328053832,2.767004072666168,0,102
final_hybrid,2026086136,2,1,-8.0,2.5,0,0,0,0,0,0,0,0.020833333333333332,48,2.374028757913038,2.8268584283068776,5.486104171723127,0,96
final_hybrid,2026086136,3,1,60.0,1.0,1,1,0,0,0,0,0,0.02631578947368421,38,2.2696798520260737,2.735137357376516,2.7651628479361534,0,75
final_hybrid,2026086137,0,0,33.0,1.0,1,0,0,0,0,0,0,0.03125,32,2.381050246185623,2.826497284695506,2.864367328584194,0,64
final_hybrid,2026086137,1,0,33.0,1.0,1,0,0,0,0,0,0,0.03333333333333333,60,2.293144531237582,2.671349816955626,3.6231991834938526,0,120
final_hybrid,2026086137,2,0,-22.0,4.0,0,0,1,14,0,0,0,0.025974025974025976,77,2.2736907477018895,2.7173607610166073,2.790262922644615,0,154
final_hybrid,2026086137,3,0,-8.0,2.5,0,0,0,0,0,0,0,0.014705882352941176,68,2.297436154228361,2.806932502426207,2.8470298275351524,0,136
final_hybrid,2026086138,0,0,-18.0,4.0,0,0,1,10,0,0,0,0.05263157894736842,38,2.346584218015012,2.7469473890960217,2.8633438050746918,0,75
final_hybrid,2026086138,1,0,69.0,1.0,1,1,0,0,0,0,0,0.02631578947368421,38,2.3166626005580553,2.8168201446533203,2.834474202245474,0,76
final_hybrid,2026086138,2,0,-8.0,2.5,0,0,0,0,0,0,0,0.05405405405405406,37,2.274457667324994,2.7528489939868446,2.8015472926199436,0,75
final_hybrid,2026086138,3,0,-8.0,2.5,0,0,0,0,0,0,0,0.0,38,2.3675912402962385,2.810961101204157,5.124005023390055,0,77
final_hybrid,2026086139,0,1,43.0,1.0,1,0,0,0,0,0,0,0.05555555555555555,36,2.3299227080618343,2.652927068993449,2.796666696667671,0,72
final_hybrid,2026086139,1,1,-18.0,4.0,0,0,1,10,0,0,0,0.0,48,2.361537190154195,2.876373822800815,2.904089167714119,0,96
final_hybrid,2026086139,2,1,35.0,1.0,1,0,0,0,0,0,0,0.01639344262295082,61,2.299209255114442,2.8339987620711327,2.8676940128207207,0,122
final_hybrid,2026086139,3,1,34.0,1.0,1,0,0,0,0,0,0,0.0625,48,2.267409707807625,2.717093424871564,2.7765831910073757,0,96
final_hybrid,2026086140,0,3,33.0,1.0,1,0,0,0,0,0,0,0.017241379310344827,58,2.4480464274127938,2.820979291573167,6.7595550790429115,0,116
final_hybrid,2026086140,1,3,-8.0,2.5,0,0,0,0,0,0,0,0.0,59,2.37562443461206,3.0154612381011248,3.022083081305027,0,118
final_hybrid,2026086140,2,3,-17.0,3.0,0,0,0,0,0,0,0,0.0,81,2.318527854197187,2.825354691594839,2.841042820364237,0,163
final_hybrid,2026086140,3,3,-8.0,2.5,0,0,0,0,0,0,0,0.0,62,2.314896916129416,2.844239119440317,2.9314327985048294,0,124
final_hybrid,2026086141,0,2,-17.0,4.0,0,0,1,9,0,0,0,0.0,48,2.445055559898416,3.0410170322284102,3.0917897820472717,0,96
final_hybrid,2026086141,1,2,-8.0,2.5,0,0,0,0,0,0,0,0.019230769230769232,52,2.333606879871625,2.8540715808048844,2.9308469966053963,0,104
final_hybrid,2026086141,2,2,-17.0,4.0,0,0,1,9,0,0,0,0.0,42,2.2909604678196565,2.795707806944847,2.8527542017400265,0,84
final_hybrid,2026086141,3,2,38.0,1.0,1,0,0,0,0,0,0,0.019230769230769232,52,2.2773446801763315,2.7327239280566573,2.8183218091726303,0,104
final_hybrid,2026086142,0,1,-8.0,2.5,0,0,0,0,0,0,0,0.06666666666666667,45,2.309114227278365,2.6351172477006912,2.7718967758119106,0,90
final_hybrid,2026086142,1,1,39.0,1.0,1,0,0,0,0,0,0,0.03508771929824561,57,2.2882247882846154,2.677005995064974,2.733253873884678,0,114
final_hybrid,2026086142,2,1,-8.0,2.5,0,0,0,0,0,0,0,0.04878048780487805,41,2.2808726445385594,2.744481898844242,2.8179162181913853,0,82
final_hybrid,2026086142,3,1,-23.0,4.0,0,0,1,15,0,0,0,0.05128205128205128,39,2.2729852786048865,2.7634204365313053,2.8072320856153965,0,78
final_hybrid,2026086143,0,1,-18.0,3.0,0,0,0,0,0,0,0,0.02127659574468085,47,2.3890921964924385,2.8123451396822925,3.7995371967554092,0,95
final_hybrid,2026086143,1,1,-8.0,2.5,0,0,0,0,0,0,0,0.04878048780487805,41,2.3170231455346433,2.807716839015484,2.895933110266924,0,82
final_hybrid,2026086143,2,1,-22.0,4.0,0,0,1,14,0,0,0,0.024390243902439025,41,2.284236013798452,2.725346013903618,2.7752527967095375,0,82
final_hybrid,2026086143,3,1,-8.0,2.5,0,0,0,0,0,0,0,0.0,41,2.289364557349827,2.836639992892742,2.8647510334849358,0,82
final_hybrid,2026086144,0,1,-8.0,2.5,0,0,0,0,0,0,0,0.0,44,2.3523765002292665,2.8155095409601927,2.850199118256569,0,88
final_hybrid,2026086144,1,1,0.0,2.5,0,0,0,0,0,1,0,0.03488372093023256,86,2.3577165854878204,2.7216426096856594,6.0553112998604774,0,172
final_hybrid,2026086144,2,1,-21.0,3.0,0,0,0,0,0,0,0,0.024096385542168676,83,2.299129676791918,2.7534190099686384,2.851651981472969,0,167
final_hybrid,2026086144,3,1,-8.0,2.5,0,0,0,0,0,0,0,0.024390243902439025,41,2.274632294912164,2.793503925204277,2.817535772919655,0,82
final_hybrid,2026086145,0,1,-8.0,2.5,0,0,0,0,0,0,0,0.0,46,2.3476769236604804,2.8150032740086317,2.9383720830082893,0,92
final_hybrid,2026086145,1,1,-8.0,2.5,0,0,0,0,0,0,0,0.041666666666666664,48,2.2993483774674437,2.749381377361715,2.813503611832857,0,96
final_hybrid,2026086145,2,1,34.0,1.0,1,0,0,0,0,0,0,0.020833333333333332,48,2.2852705927410475,2.7831045677885413,2.805554773658514,0,96
final_hybrid,2026086145,3,1,-18.0,4.0,0,0,1,10,0,0,0,0.020833333333333332,48,2.2907950139294067,2.8115578927099705,2.8466018848121166,0,96
final_hybrid,2026086146,0,2,-19.0,4.0,0,0,1,11,0,0,0,0.0,46,2.3749982330786144,2.908461494371295,3.0533717945218086,0,92
final_hybrid,2026086146,1,2,-8.0,2.5,0,0,0,0,0,0,0,0.075,40,2.262697904370725,2.5397131452336907,2.7363812550902367,0,80
final_hybrid,2026086146,2,2,35.0,1.0,1,0,0,0,0,0,0,0.025,40,2.287557511590421,2.783512184396386,2.865282353013754,0,80
final_hybrid,2026086146,3,2,-8.0,2.5,0,0,0,0,0,0,0,0.025,40,2.2763688350096345,2.7903458569198847,2.8663543052971363,0,80
final_hybrid,2026086147,0,2,-8.0,2.5,0,0,0,0,0,0,0,0.022222222222222223,45,2.351872229741679,2.7717439457774162,2.8055072762072086,0,90
final_hybrid,2026086147,1,2,-8.0,2.5,0,0,0,0,0,0,0,0.0,41,2.3387360795423753,2.8624869883060455,2.8782840818166733,0,82
final_hybrid,2026086147,2,2,35.0,1.0,1,0,0,0,0,0,0,0.044444444444444446,45,2.2662311171491942,2.6701902970671654,2.7438770048320293,0,90
final_hybrid,2026086147,3,2,-19.0,4.0,0,0,1,11,0,0,0,0.046511627906976744,43,2.2733391934009486,2.689786162227392,2.7374830096960068,0,86
final_hybrid,2026086148,0,1,-16.0,3.0,0,0,0,0,0,0,0,0.0,58,2.346412840716798,2.8289158828556538,2.9076910577714443,0,117
final_hybrid,2026086148,1,1,-23.0,4.0,0,0,1,15,0,0,0,0.058823529411764705,51,2.277636891413553,2.675191964954138,2.7463692240417004,0,102
final_hybrid,2026086148,2,1,45.0,1.0,1,0,0,0,0,0,0,0.0,52,2.346148768153328,2.9457120690494776,2.976355142891407,0,104
final_hybrid,2026086148,3,1,87.0,1.0,1,1,0,0,0,0,0,0.018867924528301886,53,2.264454952036997,2.7384947054088116,2.7910838834941387,0,105
final_hybrid,2026086149,0,1,-20.0,3.0,0,0,0,0,0,0,0,0.0,65,2.3524014995648312,2.8202224522829056,2.875578124076128,0,131
final_hybrid,2026086149,1,1,0.0,2.5,0,0,0,0,0,1,1,0.0,86,2.3669717930863765,3.066404489800334,3.1373240053653717,0,172
final_hybrid,2026086149,2,1,60.0,1.0,1,1,0,0,0,0,0,0.058823529411764705,68,2.244925845469184,2.634601667523384,2.743600867688656,0,135
final_hybrid,2026086149,3,1,-8.0,2.5,0,0,0,0,0,0,0,0.029850746268656716,67,2.248609042378949,2.6183349080383778,2.7082241140305996,0,134
final_hybrid,2026086150,0,1,-17.0,3.0,0,0,0,0,0,0,0,0.0196078431372549,51,2.3714277948088505,2.7928610797971487,2.817722037434578,0,103
final_hybrid,2026086150,1,1,51.0,1.0,1,1,0,0,0,0,0,0.02,50,2.3121249862015247,2.7592125814408064,2.8259367682039738,0,99
final_hybrid,2026086150,2,1,48.0,1.0,1,0,0,0,0,0,0,0.0,41,2.286410004627414,2.810480073094368,2.8518131002783775,0,82
final_hybrid,2026086150,3,1,-17.0,3.0,0,0,0,0,0,0,0,0.02127659574468085,47,2.3091684709838094,2.761890785768628,3.945831209421158,0,95
final_hybrid,2026086151,0,1,33.0,1.0,1,0,0,0,0,0,0,0.0425531914893617,47,2.354259999032984,2.795937657356262,2.914444077759981,0,94
final_hybrid,2026086151,1,1,-17.0,4.0,0,0,1,9,0,0,0,0.0,47,2.3893756752318525,2.855808474123478,3.950146958231926,0,94
final_hybrid,2026086151,2,1,-8.0,2.5,0,0,0,0,0,0,0,0.0425531914893617,47,2.391682046049453,2.7740375138819218,6.288730073720217,0,94
final_hybrid,2026086151,3,1,-8.0,2.5,0,0,0,0,0,0,0,0.0,53,2.3692413145359956,2.8341472148895264,5.929066799581051,0,106
final_hybrid,2026086152,0,1,-17.0,4.0,0,0,1,9,0,0,0,0.03389830508474576,59,2.367462520882235,2.721885172650218,3.879282623529434,0,118
final_hybrid,2026086152,1,1,-8.0,2.5,0,0,0,0,0,0,0,0.047619047619047616,42,2.2825468775062334,2.658944809809327,2.7547189965844154,0,84
final_hybrid,2026086152,2,1,-18.0,4.0,0,0,1,10,0,0,0,0.029850746268656716,67,2.4585278093147633,3.1133729964494705,5.289113614708185,0,134
final_hybrid,2026086152,3,1,-8.0,2.5,0,0,0,0,0,0,0,0.043478260869565216,46,2.268194484159998,2.7661341009661555,2.8312928043305874,0,92
final_hybrid,2026086153,0,1,-22.0,3.0,0,0,0,0,0,0,0,0.04,50,2.3171550687402487,2.6321434881538153,2.785703167319298,0,101
final_hybrid,2026086153,1,1,-22.0,3.0,0,0,0,0,0,0,0,0.0,50,2.3107972275465727,2.7707102708518505,2.8155730105936527,0,101
final_hybrid,2026086153,2,1,66.0,1.0,1,1,0,0,0,0,0,0.058823529411764705,51,2.2694416910263837,2.6415004394948483,4.366077017039061,0,101
final_hybrid,2026086153,3,1,-16.0,4.0,0,0,1,8,0,0,0,0.027777777777777776,36,2.2573344305985503,2.6591847417876124,2.7267090044915676,0,72
final_hybrid,2026086154,0,1,-18.0,3.0,0,0,0,0,0,0,0,0.038461538461538464,26,2.347243090088551,2.801565220579505,2.8273742645978928,0,53
final_hybrid,2026086154,1,1,-18.0,3.0,0,0,0,0,0,0,0,0.038461538461538464,26,2.3200184715768466,2.791539765894413,2.834534738212824,0,53
final_hybrid,2026086154,2,1,-18.0,3.0,0,0,0,0,0,0,0,0.037037037037037035,27,2.266880831922646,2.6760931126773357,2.694872207939625,0,54
final_hybrid,2026086154,3,1,54.0,1.0,1,1,0,0,0,0,0,0.037037037037037035,27,2.2393380533213967,2.6576852425932884,2.6721577160060406,0,53
final_hybrid,2026086155,0,0,54.0,1.0,1,0,0,0,0,0,0,0.03571428571428571,56,2.320637020082878,2.6984282303601503,2.7535809203982353,0,112
final_hybrid,2026086155,1,0,-20.0,4.0,0,0,1,12,0,0,0,0.0,54,2.320053926841528,2.8248193906620145,2.9508881270885468,0,108
final_hybrid,2026086155,2,0,-22.0,3.0,0,0,0,0,0,0,0,0.037037037037037035,54,2.314396271551097,2.664782688952982,5.497416947036982,0,109
final_hybrid,2026086155,3,0,66.0,1.0,1,1,0,0,0,0,0,0.0,55,2.3034078238362614,2.8722275514155626,2.9345289804041386,0,109
final_hybrid,2026086156,0,2,-28.0,3.0,0,0,0,0,0,0,0,0.0,51,2.3949763774141375,2.965124323964119,3.0136359855532646,0,103
final_hybrid,2026086156,1,2,0.0,2.5,0,0,0,0,0,1,1,0.023529411764705882,85,2.2905590670073734,2.711640764027834,2.748487051576376,0,170
final_hybrid,2026086156,2,2,-33.0,3.0,0,0,0,0,0,0,0,0.02631578947368421,76,2.268899501742501,2.6698217261582613,2.743024844676256,0,153
final_hybrid,2026086156,3,2,49.0,1.0,1,0,0,0,0,0,0,0.0,30,2.2765417272845903,2.7003012597560883,2.7341279201209545,0,60
final_hybrid,2026086157,0,3,-8.0,2.5,0,0,0,0,0,0,0,0.0,42,2.3722758051007986,2.8520381078124046,2.9000542126595974,0,84
final_hybrid,2026086157,1,3,-18.0,3.0,0,0,0,0,0,0,0,0.0,30,2.3064253541330495,2.7831029612571,2.791491337120533,0,61
final_hybrid,2026086157,2,3,-21.0,4.0,0,0,1,13,0,0,0,0.028985507246376812,69,2.3266470829105894,2.6582769118249416,4.571870900690556,0,137
final_hybrid,2026086157,3,3,-18.0,3.0,0,0,0,0,0,0,0,0.0,30,2.3398404009640217,2.9158365447074175,2.956584095954895,0,61
final_hybrid,2026086158,0,3,38.0,1.0,1,0,0,0,0,0,0,0.0,51,2.3807486720090987,2.8904560022056103,2.9402379877865314,0,102
final_hybrid,2026086158,1,3,-8.0,2.5,0,0,0,0,0,0,0,0.0,50,2.3339865263551474,2.7939515886828303,2.9628053307533264,0,100
final_hybrid,2026086158,2,3,-20.0,3.0,0,0,0,0,0,0,0,0.022222222222222223,45,2.358005278640323,2.7380897663533688,4.685693886131048,0,91
final_hybrid,2026086158,3,3,-19.0,3.0,0,0,0,0,0,0,0,0.0,71,2.352873650445065,3.0205450020730495,3.107063937932253,0,143
final_hybrid,2026086159,0,3,-18.0,4.0,0,0,1,10,0,0,0,0.05,60,2.351649866128961,2.7719295118004084,3.545735962688923,0,120
final_hybrid,2026086159,1,3,-8.0,2.5,0,0,0,0,0,0,0,0.029411764705882353,68,2.4562701445949426,2.9028157936409116,7.101748138666153,0,136
final_hybrid,2026086159,2,3,-8.0,2.5,0,0,0,0,0,0,0,0.0,68,2.4307081681292724,3.000678773969412,5.123679991811514,0,136
final_hybrid,2026086159,3,3,-21.0,3.0,0,0,0,0,0,0,0,0.0,61,2.3744419965221257,2.915869001299143,5.650621838867664,0,123
final_hybrid,2026086160,0,1,-17.0,3.0,0,0,0,0,0,0,0,0.0,43,2.3709831889285597,2.7837970294058323,2.829129807651043,0,87
final_hybrid,2026086160,1,1,-27.0,4.0,0,0,1,19,0,0,0,0.037037037037037035,54,2.3114648733839944,2.73820033762604,2.7834088541567326,0,108
final_hybrid,2026086160,2,1,43.0,1.0,1,0,0,0,0,0,0,0.037037037037037035,54,2.2680303857972226,2.6956188026815653,2.7582719922065735,0,108
final_hybrid,2026086160,3,1,32.0,1.0,1,0,0,0,0,0,0,0.0,41,2.3072584214188705,2.844971138983965,2.9117250815033913,0,82
final_hybrid,2026086161,0,2,-21.0,3.0,0,0,0,0,0,0,0,0.029411764705882353,68,2.3211099152617596,2.71590962074697,2.8037182055413723,0,137
final_hybrid,2026086161,1,2,-8.0,2.5,0,0,0,0,0,0,0,0.05357142857142857,56,2.316205462973033,2.815597574226558,2.8492920100688934,0,112
final_hybrid,2026086161,2,2,0.0,2.5,0,0,0,0,0,1,0,0.0,82,2.3235284110031476,2.9446106171235447,3.0452250503003597,0,164
final_hybrid,2026086161,3,2,-8.0,2.5,0,0,0,0,0,0,0,0.0,87,2.316710747906874,2.8497323393821716,3.358322661370039,0,174
final_hybrid,2026086162,0,1,0.0,2.5,0,0,0,0,0,1,1,0.02197802197802198,91,2.3599179809565074,2.751145511865616,3.6946558393538,0,182
final_hybrid,2026086162,1,1,-19.0,4.0,0,0,1,11,0,0,0,0.012987012987012988,77,2.338972087804373,2.800016850233078,2.888611052185297,0,154
final_hybrid,2026086162,2,1,0.0,2.5,0,0,0,0,0,1,1,0.01098901098901099,91,2.2935206377571755,2.757234266027808,2.8074607253074646,0,182
final_hybrid,2026086162,3,1,-20.0,4.0,0,0,1,12,0,0,0,0.023255813953488372,86,2.2733204099241386,2.6854085735976696,2.707214094698429,0,172
final_hybrid,2026086163,0,3,-8.0,2.5,0,0,0,0,0,0,0,0.0625,48,2.3192440276034176,2.598438994027674,2.820977009832859,0,96
final_hybrid,2026086163,1,3,32.0,1.0,1,0,0,0,0,0,0,0.020833333333333332,48,2.3259241910030446,2.803203836083412,2.840119879692793,0,96
final_hybrid,2026086163,2,3,-16.0,4.0,0,0,1,8,0,0,0,0.0625,48,2.2574437607545406,2.6463540736585855,2.7388427406549454,0,96
final_hybrid,2026086163,3,3,32.0,1.0,1,0,0,0,0,0,0,0.021739130434782608,46,2.3075980944154053,2.8807958588004112,2.9019732028245926,0,92
final_hybrid,2026086164,0,0,-20.0,3.0,0,0,0,0,0,0,0,0.013888888888888888,72,2.364054361047844,2.802672330290079,2.8816289268434048,0,146
final_hybrid,2026086164,1,0,-20.0,3.0,0,0,0,0,0,0,0,0.0273972602739726,73,2.296768766764092,2.6314259506762028,2.7056080289185047,0,146
final_hybrid,2026086164,2,0,60.0,1.0,1,1,0,0,0,0,0,0.0136986301369863,73,2.275753657856624,2.720996737480163,2.838278189301491,0,146
final_hybrid,2026086164,3,0,-19.0,3.0,0,0,0,0,0,0,0,0.0,63,2.2838872133029833,2.8665687888860703,2.9565920121967793,0,127
final_hybrid,2026086165,0,3,-8.0,2.5,0,0,0,0,0,0,0,0.014285714285714285,70,2.3496924566903283,2.7238770620897412,3.49013926461339,0,140
final_hybrid,2026086165,1,3,66.0,1.0,1,1,0,0,0,0,0,0.016666666666666666,60,2.300001991291841,2.728553884662688,2.9574171639978886,0,119
final_hybrid,2026086165,2,3,-8.0,2.5,0,0,0,0,0,0,0,0.02127659574468085,47,2.3315999696546412,2.7040172833949327,4.394918214529753,0,94
final_hybrid,2026086165,3,3,-22.0,3.0,0,0,0,0,0,0,0,0.0,59,2.3320636917221345,2.9285442549735308,3.0891657806932926,0,119
final_hybrid,2026086166,0,1,-8.0,2.5,0,0,0,0,0,0,0,0.10344827586206896,29,2.3637515300049863,2.6649528183043003,3.8251979276537895,0,58
final_hybrid,2026086166,1,1,-8.0,2.5,0,0,0,0,0,0,0,0.034482758620689655,29,2.4352230870261273,2.857129741460085,4.990188870579004,0,58
final_hybrid,2026086166,2,1,-18.0,4.0,0,0,1,10,0,0,0,0.0,29,2.2958799843387356,2.7896289713680744,2.8079356998205185,0,58
final_hybrid,2026086166,3,1,34.0,1.0,1,0,0,0,0,0,0,0.0,29,2.539353091912023,4.034787695854899,6.828376092016697,0,58
final_hybrid,2026086167,0,3,-19.0,3.0,0,0,0,0,0,0,0,0.0,32,2.3453595204045996,2.773661771789193,2.800311893224716,0,65
final_hybrid,2026086167,1,3,-8.0,2.5,0,0,0,0,0,0,0,0.037037037037037035,27,2.5179227469144045,3.8173895329236975,5.959929898381233,0,54
final_hybrid,2026086167,2,3,57.0,1.0,1,1,0,0,0,0,0,0.030303030303030304,33,2.390559720383449,2.7506446465849876,6.54311990365386,0,65
final_hybrid,2026086167,3,3,-19.0,3.0,0,0,0,0,0,0,0,0.03125,32,2.2321205615298823,2.5834736647084355,2.720968797802925,0,65
final_hybrid,2026086168,0,1,-8.0,2.5,0,0,0,0,0,0,0,0.046511627906976744,43,2.3488665952585466,2.819001115858555,2.861569169908762,0,86
final_hybrid,2026086168,1,1,-25.0,4.0,0,0,1,17,0,0,0,0.045454545454545456,44,2.3031130179085513,2.6271261740475893,3.3255498856306076,0,88
final_hybrid,2026086168,2,1,-18.0,4.0,0,0,1,10,0,0,0,0.0,17,2.343500663033303,2.809828892350197,2.838974818587303,0,34
final_hybrid,2026086168,3,1,-8.0,2.5,0,0,0,0,0,0,0,0.0,47,2.281989505950441,2.7434146497398615,2.752506174147129,0,94
final_hybrid,2026086169,0,2,-8.0,2.5,0,0,0,0,0,0,0,0.024390243902439025,41,2.362419192383929,2.797916065901518,2.817676868289709,0,82
final_hybrid,2026086169,1,2,-8.0,2.5,0,0,0,0,0,0,0,0.0,41,2.3963750090177465,2.9947771690785885,4.296388011425734,0,82
final_hybrid,2026086169,2,2,33.0,1.0,1,0,0,0,0,0,0,0.038461538461538464,52,2.438893380503242,3.016913100145757,6.489242892712355,0,104
final_hybrid,2026086169,3,2,-8.0,2.5,0,0,0,0,0,0,0,0.029411764705882353,34,2.40184466683251,2.9843092197552323,4.119498189538717,0,68
final_hybrid,2026086170,0,3,34.0,1.0,1,0,0,0,0,0,0,0.04081632653061224,49,2.32491993858498,2.656756155192852,2.8688800521194935,0,98
final_hybrid,2026086170,1,3,-8.0,2.5,0,0,0,0,0,0,0,0.015625,64,2.362956729484722,2.8881712816655636,4.553510341793299,0,128
final_hybrid,2026086170,2,3,-17.0,4.0,0,0,1,9,0,0,0,0.0,74,2.3518607611893803,2.980504534207284,3.067631274461746,0,148
final_hybrid,2026086170,3,3,-17.0,3.0,0,0,0,0,0,0,0,0.016129032258064516,62,2.3114515032859577,2.870522695593536,2.930235117673874,0,125
final_hybrid,2026086171,0,2,41.0,1.0,1,0,0,0,0,0,0,0.0392156862745098,51,2.326040784371834,2.7479121927171946,2.788935322314501,0,101
final_hybrid,2026086171,1,2,-8.0,2.5,0,0,0,0,0,0,0,0.043478260869565216,46,2.2898191363429246,2.716950373724103,2.7449429035186768,0,93
final_hybrid,2026086171,2,2,-8.0,2.5,0,0,0,0,0,0,0,0.023809523809523808,42,2.281233479845382,2.752644382417202,2.8021191246807575,0,85
final_hybrid,2026086171,3,2,-32.0,4.0,0,0,1,24,0,0,0,0.021739130434782608,46,2.31898309784415,2.67808826174587,5.302901845425367,0,92
final_hybrid,2026086172,0,1,0.0,2.5,0,0,0,0,0,1,1,0.0,84,2.4189287353129614,2.8607025276869535,4.777472000569105,0,168
final_hybrid,2026086172,1,1,-8.0,2.5,0,0,0,0,0,0,0,0.05263157894736842,57,2.2699363578699137,2.685309574007988,2.736732829362154,0,114
final_hybrid,2026086172,2,1,0.0,2.5,0,0,0,0,0,1,1,0.011904761904761904,84,2.339027178961606,2.8224084293469787,4.933617077767849,0,168
final_hybrid,2026086172,3,1,0.0,2.5,0,0,0,0,0,1,0,0.0,84,2.3277500988028588,2.808313397690654,4.441728815436363,0,168
final_hybrid,2026086173,0,2,-18.0,3.0,0,0,0,0,0,0,0,0.03225806451612903,31,2.4126029663508937,2.7626375667750835,4.330907948315144,0,63
final_hybrid,2026086173,1,2,-21.0,3.0,0,0,0,0,0,0,0,0.041666666666666664,48,2.3371315522429845,2.7551366249099374,4.110055044293404,0,98
final_hybrid,2026086173,2,2,63.0,1.0,1,1,0,0,0,0,0,0.02040816326530612,49,2.297186995951497,2.744063641875982,4.305517300963402,0,98
final_hybrid,2026086173,3,2,-17.0,3.0,0,0,0,0,0,0,0,0.030303030303030304,33,2.2482499621356977,2.7119086124002934,2.7466309256851673,0,67
final_hybrid,2026086174,0,2,35.0,1.0,1,0,0,0,0,0,0,0.021739130434782608,46,2.3913021077928334,2.7321146335452795,4.212133586406708,0,93
final_hybrid,2026086174,1,2,-8.0,2.5,0,0,0,0,0,0,0,0.0,69,2.402613000215396,2.924450393766165,5.597997922450304,0,139
final_hybrid,2026086174,2,2,-18.0,4.0,0,0,1,10,0,0,0,0.0,41,2.3795280083105332,2.9005021788179874,4.2184446938335896,0,82
final_hybrid,2026086174,3,2,-20.0,4.0,0,0,1,12,0,0,0,0.04285714285714286,70,2.2609251950468336,2.6431588921695948,2.7470048516988754,0,140
final_hybrid,2026086175,0,0,0.0,2.5,0,0,0,0,0,1,0,0.023255813953488372,86,2.338593224669958,2.625269698910415,3.99361876770854,0,172
final_hybrid,2026086175,1,0,-20.0,3.0,0,0,0,0,0,0,0,0.03773584905660377,53,2.347483826836325,2.686968259513378,5.149508826434612,0,107
final_hybrid,2026086175,2,0,42.0,1.0,1,0,0,0,0,0,0,0.0392156862745098,51,2.326815206484467,2.7746243868023157,5.547781940549612,0,102
final_hybrid,2026086175,3,0,-8.0,2.5,0,0,0,0,0,0,0,0.0,53,2.3380000284820235,2.9376057907938957,2.985328435897827,0,106
final_hybrid,2026086176,0,0,-18.0,4.0,0,0,1,10,0,0,0,0.04918032786885246,61,2.3438074610760955,2.7796518988907337,2.8114398010075092,0,122
final_hybrid,2026086176,1,0,-19.0,3.0,0,0,0,0,0,0,0,0.017857142857142856,56,2.3204299837483893,2.7666823007166386,2.82300915569067,0,114
final_hybrid,2026086176,2,0,35.0,1.0,1,0,0,0,0,0,0,0.017543859649122806,57,2.3127745738939236,2.7612479403615,3.760579042136669,0,114
final_hybrid,2026086176,3,0,0.0,2.5,0,0,0,0,0,1,1,0.011904761904761904,84,2.401668755781083,2.9099326813593507,6.3537172973155975,0,167
final_hybrid,2026086177,0,1,-17.0,3.0,0,0,0,0,0,0,0,0.1111111111111111,9,2.368837336285247,2.7506787329912186,2.8525851666927338,0,19
final_hybrid,2026086177,1,1,-17.0,3.0,0,0,0,0,0,0,0,0.0,9,2.2983795756267176,2.744042035192251,2.7458113618195057,0,19
final_hybrid,2026086177,2,1,-17.0,3.0,0,0,0,0,0,0,0,0.1111111111111111,9,2.2570351138710976,2.666783332824707,2.718268893659115,0,19
final_hybrid,2026086177,3,1,51.0,1.0,1,1,0,0,0,0,0,0.1,10,2.593102725222707,4.58498366642743,6.169200874865055,0,19
final_hybrid,2026086178,0,2,-8.0,2.5,0,0,0,0,0,0,0,0.0,72,2.4230887324342296,3.038662113249302,3.20621021091938,0,144
final_hybrid,2026086178,1,2,-21.0,4.0,0,0,1,13,0,0,0,0.0,71,2.4287709835129725,2.823424059897661,5.3288983181118965,0,142
final_hybrid,2026086178,2,2,0.0,2.5,0,0,0,0,0,1,0,0.0,80,2.4080262694042176,2.9492731206119056,6.115979980677366,0,160
final_hybrid,2026086178,3,2,48.0,1.0,1,0,0,0,0,0,0,0.027777777777777776,72,2.2981119950094984,2.7075094636529684,4.48257802054286,0,144
final_hybrid,2026086179,0,1,40.0,1.0,1,0,0,0,0,0,0,0.041666666666666664,24,2.5033432757481933,2.8439438669010997,5.483022890985012,0,48
final_hybrid,2026086179,1,1,-8.0,2.5,0,0,0,0,0,0,0,0.02702702702702703,37,2.310715275942474,2.694032806903124,2.7462677098810673,0,74
final_hybrid,2026086179,2,1,-19.0,4.0,0,0,1,11,0,0,0,0.04477611940298507,67,2.3362587914982837,2.66093946993351,5.0477623008191586,0,134
final_hybrid,2026086179,3,1,48.0,1.0,1,0,0,0,0,0,0,0.0,64,2.311026204552036,2.7806201484054327,3.4655998460948467,0,128
final_hybrid,2026086180,0,3,-16.0,3.0,0,0,0,0,0,0,0,0.04838709677419355,62,2.3083957437906535,2.615565969608724,2.78688408434391,0,125
final_hybrid,2026086180,1,3,-8.0,2.5,0,0,0,0,0,0,0,0.0,33,2.325153232298114,2.801061701029539,3.1966641545295715,0,66
final_hybrid,2026086180,2,3,38.0,1.0,1,0,0,0,0,0,0,0.04878048780487805,41,2.289745377422106,2.7342536486685276,2.9960707761347294,0,82
final_hybrid,2026086180,3,3,32.0,1.0,1,0,0,0,0,0,0,0.030303030303030304,33,2.3177659957472123,2.829497028142214,2.86000594496727,0,66
final_hybrid,2026086181,0,0,-8.0,2.5,0,0,0,0,0,0,0,0.0,62,2.3748884202852363,2.7837928850203753,2.829920034855604,0,124
final_hybrid,2026086181,1,0,105.0,1.0,1,1,0,0,0,0,0,0.0,81,2.430967377199803,3.1628981232643127,4.295005928725004,0,161
final_hybrid,2026086181,2,0,32.0,1.0,1,0,0,0,0,0,0,0.02702702702702703,74,2.3013084711557306,2.759894961491227,2.8233700431883335,0,148
final_hybrid,2026086181,3,0,-16.0,4.0,0,0,1,8,0,0,0,0.013513513513513514,74,2.3608146914960564,2.777270250953734,5.417138803750277,0,148
final_hybrid,2026086182,0,2,34.0,1.0,1,0,0,0,0,0,0,0.05555555555555555,54,2.3045454226020308,2.6149851037189356,2.756287343800068,0,108
final_hybrid,2026086182,1,2,32.0,1.0,1,0,0,0,0,0,0,0.031746031746031744,63,2.294488724261995,2.665984630584717,2.7367379516363144,0,126
final_hybrid,2026086182,2,2,-23.0,4.0,0,0,1,15,0,0,0,0.018518518518518517,54,2.3820551060554056,2.9265176504850388,4.89518279209733,0,108
final_hybrid,2026086182,3,2,-8.0,2.5,0,0,0,0,0,0,0,0.0,54,2.2963113668892117,2.8548670699819922,2.893314231187105,0,108
final_hybrid,2026086183,0,0,0.0,2.5,0,0,0,0,0,1,1,0.011235955056179775,89,2.359695748289984,2.791669126600027,2.863248810172081,0,178
final_hybrid,2026086183,1,0,-29.0,4.0,0,0,1,21,0,0,0,0.0,72,2.3658815706666143,2.8735936153680086,2.9244269244372845,0,144
final_hybrid,2026086183,2,0,-8.0,2.5,0,0,0,0,0,0,0,0.03225806451612903,62,2.31546497032527,2.7753298869356513,5.2680568769574165,0,124
final_hybrid,2026086183,3,0,-29.0,4.0,0,0,1,21,0,0,0,0.02040816326530612,49,2.3477904175465203,2.7914345264434814,4.534458741545677,0,98
final_hybrid,2026086184,0,0,-17.0,3.0,0,0,0,0,0,0,0,0.0392156862745098,51,2.3189606692861107,2.7454232331365347,2.7712532319128513,0,103
final_hybrid,2026086184,1,0,-8.0,2.5,0,0,0,0,0,0,0,0.019230769230769232,52,2.330297308687407,2.855354407802224,2.8731953352689743,0,104
final_hybrid,2026086184,2,0,-17.0,3.0,0,0,0,0,0,0,0,0.058823529411764705,51,2.2932882329412534,2.672628965228796,2.765198703855276,0,103
final_hybrid,2026086184,3,0,53.0,1.0,1,0,0,0,0,0,0,0.0,84,2.3359120379955995,2.9979494865983725,3.079660702496767,0,168
final_hybrid,2026086185,0,1,-17.0,4.0,0,0,1,9,0,0,0,0.06976744186046512,43,2.3330528895522273,2.6831986848264933,2.744981087744236,0,86
final_hybrid,2026086185,1,1,-8.0,2.5,0,0,0,0,0,0,0,0.023255813953488372,43,2.343678413782009,2.8696024790406227,2.8922059573233128,0,86
final_hybrid,2026086185,2,1,-19.0,4.0,0,0,1,11,0,0,0,0.022222222222222223,45,2.3374804192119174,2.8947305865585804,3.2053301110863686,0,90
final_hybrid,2026086185,3,1,33.0,1.0,1,0,0,0,0,0,0,0.023255813953488372,43,2.28249802535703,2.8306806925684214,2.9007531702518463,0,86
final_hybrid,2026086186,0,0,-8.0,2.5,0,0,0,0,0,0,0,0.018518518518518517,54,2.3696185865749917,2.8290043817833066,2.9103788547217846,0,108
final_hybrid,2026086186,1,0,42.0,1.0,1,0,0,0,0,0,0,0.037037037037037035,54,2.26115182697497,2.5388586567714806,2.7424022555351257,0,108
final_hybrid,2026086186,2,0,-16.0,4.0,0,0,1,8,0,0,0,0.061224489795918366,49,2.270039921740488,2.6792223565280433,2.7313516475260258,0,98
final_hybrid,2026086186,3,0,-18.0,3.0,0,0,0,0,0,0,0,0.0,50,2.3355034179985523,2.9367774026468396,2.9686191119253635,0,101
final_hybrid,2026086187,0,1,-18.0,3.0,0,0,0,0,0,0,0,0.01694915254237288,59,2.3729418072912654,2.7862874791026115,2.826845273375511,0,118
final_hybrid,2026086187,1,1,-17.0,3.0,0,0,0,0,0,0,0,0.034482758620689655,58,2.297876691766854,2.716829557903111,2.784044947475195,0,118
final_hybrid,2026086187,2,1,-8.0,2.5,0,0,0,0,0,0,0,0.0,37,2.3014810993461996,2.889858279377222,2.912989817559719,0,75
final_hybrid,2026086187,3,1,41.0,1.0,1,0,0,0,0,0,0,0.07894736842105263,38,2.2689281276574262,2.6757154148072004,2.718464005738497,0,77
final_hybrid,2026086188,0,2,-8.0,2.5,0,0,0,0,0,0,0,0.0,32,2.3814012674847618,2.8363008983433247,2.8827060014009476,0,64
final_hybrid,2026086188,1,2,-8.0,2.5,0,0,0,0,0,0,0,0.0,28,2.3235415906778405,2.7647247537970543,2.823108807206154,0,56
final_hybrid,2026086188,2,2,36.0,1.0,1,0,0,0,0,0,0,0.03571428571428571,28,2.3215831523495063,2.8673691442236304,2.9245950281620026,0,56
final_hybrid,2026086188,3,2,-20.0,4.0,0,0,1,12,0,0,0,0.03571428571428571,28,2.3194246792367528,2.867082948796451,2.8937947936356068,0,56
final_hybrid,2026086189,0,3,-8.0,2.5,0,0,0,0,0,0,0,0.0,52,2.369768792190231,2.752417139708996,2.804487943649292,0,104
final_hybrid,2026086189,1,3,-8.0,2.5,0,0,0,0,0,0,0,0.038461538461538464,52,2.3910425818310332,2.8259996557608247,5.286380182951689,0,104
final_hybrid,2026086189,2,3,-8.0,2.5,0,0,0,0,0,0,0,0.0,40,2.368565439246595,2.8607152868062258,3.5391789861023426,0,80
final_hybrid,2026086189,3,3,-8.0,2.5,0,0,0,0,0,0,0,0.0,37,2.3456038152043885,2.8251945972442627,4.078580066561699,0,75
final_hybrid,2026086190,0,0,-18.0,3.0,0,0,0,0,0,0,0,0.027777777777777776,36,2.4687161332824163,2.9070123564451933,5.110191181302071,0,73
final_hybrid,2026086190,1,0,54.0,1.0,1,1,0,0,0,0,0,0.05405405405405406,37,2.3173016269464752,2.8024998493492603,2.934785559773445,0,73
final_hybrid,2026086190,2,0,-18.0,3.0,0,0,0,0,0,0,0,0.027777777777777776,36,2.391370595432818,2.9349445831030607,4.900958854705095,0,73
final_hybrid,2026086190,3,0,-18.0,3.0,0,0,0,0,0,0,0,0.0,36,2.362933850640224,2.900111023336649,3.7110811099410057,0,73
final_hybrid,2026086191,0,3,0.0,2.5,0,0,0,0,0,1,0,0.0,79,2.4091139836590503,2.817183919250965,3.914299886673689,0,158
final_hybrid,2026086191,1,3,60.0,1.0,1,1,0,0,0,0,0,0.02631578947368421,76,2.2833665930911113,2.654541633091867,2.7796891517937183,0,151
final_hybrid,2026086191,2,3,-20.0,3.0,0,0,0,0,0,0,0,0.0,73,2.3024983334112656,2.7754180133342743,2.834843937307596,0,147
final_hybrid,2026086191,3,3,-20.0,3.0,0,0,0,0,0,0,0,0.0273972602739726,73,2.2666914873335458,2.6746196672320366,2.8065559454262257,0,147
final_hybrid,2026086192,0,1,37.0,1.0,1,0,0,0,0,0,0,0.014705882352941176,68,2.359495169537909,2.7623010566458106,2.796847838908434,0,136
final_hybrid,2026086192,1,1,33.0,1.0,1,0,0,0,0,0,0,0.0,46,2.354813365103758,2.8866128996014595,2.930197399109602,0,92
final_hybrid,2026086192,2,1,-8.0,2.5,0,0,0,0,0,0,0,0.03508771929824561,57,2.263018093480353,2.6213823817670345,3.0426550656557083,0,114
final_hybrid,2026086192,3,1,-8.0,2.5,0,0,0,0,0,0,0,0.021739130434782608,46,2.288719031797803,2.742981188930571,2.7805231511592865,0,92
final_hybrid,2026086193,0,1,-8.0,2.5,0,0,0,0,0,0,0,0.027777777777777776,36,2.3481290037226348,2.714341040700674,2.7431980706751347,0,72
final_hybrid,2026086193,1,1,-22.0,3.0,0,0,0,0,0,0,0,0.0,46,2.314195198857266,2.7387392474338412,2.764585893601179,0,93
final_hybrid,2026086193,2,1,-20.0,3.0,0,0,0,0,0,0,0,0.015873015873015872,63,2.3040583445912315,2.889946987852454,2.9840702190995216,0,128
final_hybrid,2026086193,3,1,-8.0,2.5,0,0,0,0,0,0,0,0.0,50,2.286044377833605,2.7770928107202053,2.789110876619816,0,100
final_hybrid,2026086194,0,2,87.0,1.0,1,1,0,0,0,0,0,0.020833333333333332,48,2.4134111299645156,2.9078353894874454,4.154636058956385,0,95
final_hybrid,2026086194,1,2,-17.0,4.0,0,0,1,9,0,0,0,0.0,66,2.3646294492099322,2.9356167651712894,2.9831458814442158,0,132
final_hybrid,2026086194,2,2,0.0,2.5,0,0,0,0,0,1,1,0.011904761904761904,84,2.269865401710073,2.6747153606265783,2.7845832519233227,0,168
final_hybrid,2026086194,3,2,-8.0,2.5,0,0,0,0,0,0,0,0.0,51,2.2985076659596433,2.867654198780656,2.898012287914753,0,102
final_hybrid,2026086195,0,1,57.0,1.0,1,1,0,0,0,0,0,0.02040816326530612,49,2.2975312051724415,2.711864188313484,2.7747033163905144,0,97
final_hybrid,2026086195,1,1,-19.0,3.0,0,0,0,0,0,0,0,0.0,45,2.301760380052858,2.777879871428013,2.8595509938895702,0,91
final_hybrid,2026086195,2,1,-22.0,3.0,0,0,0,0,0,0,0,0.0,36,2.294506450804571,2.7766760904341936,2.7857511304318905,0,73
final_hybrid,2026086195,3,1,-19.0,3.0,0,0,0,0,0,0,0,0.0,45,2.368597903599342,2.844677958637476,4.964460618793964,0,91
final_hybrid,2026086196,0,0,-20.0,4.0,0,0,1,12,0,0,0,0.046511627906976744,43,2.373069860474315,2.596311504021287,5.1791248843073845,0,86
final_hybrid,2026086196,1,0,-8.0,2.5,0,0,0,0,0,0,0,0.0,52,2.3310013885538163,2.8587436536327004,2.9666549526154995,0,104
final_hybrid,2026086196,2,0,-17.0,4.0,0,0,1,9,0,0,0,0.019230769230769232,52,2.2874215277484975,2.774703805334866,2.8341133147478104,0,104
final_hybrid,2026086196,3,0,-8.0,2.5,0,0,0,0,0,0,0,0.038461538461538464,52,2.2189524920227437,2.5482625933364034,2.5658258236944675,0,104
final_hybrid,2026086197,0,1,-30.0,3.0,0,0,0,0,0,0,0,0.1,30,2.313583235566815,2.620440861210227,2.855632919818163,0,61
final_hybrid,2026086197,1,1,46.0,1.0,1,0,0,0,0,0,0,0.0,30,2.360842206204931,2.873793034814298,3.020144999027252,0,60
final_hybrid,2026086197,2,1,-30.0,3.0,0,0,0,0,0,0,0,0.0,29,2.3152878957575767,2.8556731529533863,2.995188347995281,0,59
final_hybrid,2026086197,3,1,-30.0,3.0,0,0,0,0,0,0,0,0.0,30,2.2793380077928305,2.809089981019497,2.815783955156803,0,61
final_hybrid,2026086198,0,1,49.0,1.0,1,0,0,0,0,0,0,0.0,27,2.3811796024717666,2.7386377565562725,3.4578852355480194,0,54
final_hybrid,2026086198,1,1,54.0,1.0,1,1,0,0,0,0,0,0.038461538461538464,26,2.419337254160872,2.8414534172043204,5.448674783110619,0,51
final_hybrid,2026086198,2,1,-33.0,4.0,0,0,1,25,0,0,0,0.043478260869565216,23,2.46450558061833,2.8088100254535675,6.832310929894447,0,46
final_hybrid,2026086198,3,1,-8.0,2.5,0,0,0,0,0,0,0,0.0,27,2.3083081813874067,2.8749604243785143,2.896612975746393,0,54
final_hybrid,2026086199,0,0,-19.0,3.0,0,0,0,0,0,0,0,0.030303030303030304,33,2.336798348661625,2.787278685718775,2.7994303964078426,0,67
final_hybrid,2026086199,1,0,-21.0,4.0,0,0,1,13,0,0,0,0.12121212121212122,33,2.3611085207173317,2.9825660400092593,3.8780374452471733,0,66
final_hybrid,2026086199,2,0,-17.0,4.0,0,0,1,9,0,0,0,0.05263157894736842,38,2.2709572467168697,2.6174661237746477,2.703291829675436,0,76
final_hybrid,2026086199,3,0,-8.0,2.5,0,0,0,0,0,0,0,0.0,38,2.3043957587919737,2.906433353200555,2.9104622080922127,0,76
final_hybrid,2026086200,0,0,-18.0,4.0,0,0,1,10,0,0,0,0.0,39,2.3772485243777433,2.773702284321189,2.8336280956864357,0,78
final_hybrid,2026086200,1,0,-8.0,2.5,0,0,0,0,0,0,0,0.0,76,2.357469822623228,2.9739747988060117,3.0283029191195965,0,152
final_hybrid,2026086200,2,0,-8.0,2.5,0,0,0,0,0,0,0,0.022222222222222223,45,2.303174282941553,2.789095602929592,2.8497916646301746,0,90
final_hybrid,2026086200,3,0,35.0,1.0,1,0,0,0,0,0,0,0.043478260869565216,69,2.2675861078112023,2.627668436616659,2.726186066865921,0,138
final_hybrid,2026086201,0,1,-34.0,3.0,0,0,0,0,0,0,0,0.0,85,2.437376378871062,3.0631870962679386,3.239646088331938,0,171
final_hybrid,2026086201,1,1,-8.0,2.5,0,0,0,0,0,0,0,0.03278688524590164,61,2.2994964078190874,2.6873541064560413,2.767878118902445,0,122
final_hybrid,2026086201,2,1,-27.0,4.0,0,0,1,19,0,0,0,0.02531645569620253,79,2.262501022483729,2.61881067417562,2.627541311085224,0,158
final_hybrid,2026086201,3,1,42.0,1.0,1,0,0,0,0,0,0,0.0273972602739726,73,2.270091554685815,2.617409825325012,2.8051119297742844,0,146
final_hybrid,2026086202,0,0,-16.0,3.0,0,0,0,0,0,0,0,0.03278688524590164,61,2.3446616747218076,2.7277502231299877,2.7929763309657574,0,123
final_hybrid,2026086202,1,0,35.0,1.0,1,0,0,0,0,0,0,0.0,75,2.3936675675213337,2.9701788909733295,5.04886731505394,0,151
final_hybrid,2026086202,2,0,-18.0,3.0,0,0,0,0,0,0,0,0.03278688524590164,61,2.27402983477614,2.6924661360681057,2.731684595346451,0,123
final_hybrid,2026086202,3,0,-18.0,3.0,0,0,0,0,0,0,0,0.0,61,2.3060860112309456,2.8189392760396004,2.9428559355437756,0,123
final_hybrid,2026086203,0,2,-8.0,2.5,0,0,0,0,0,0,0,0.041666666666666664,48,2.395804457288856,2.773252595216036,5.093493964523077,0,96
final_hybrid,2026086203,1,2,36.0,1.0,1,0,0,0,0,0,0,0.0,48,2.3324651604828737,2.8605774277821183,2.876926213502884,0,96
final_hybrid,2026086203,2,2,-8.0,2.5,0,0,0,0,0,0,0,0.041666666666666664,48,2.2747171266625323,2.748392289504409,2.807971090078354,0,96
final_hybrid,2026086203,3,2,-20.0,4.0,0,0,1,12,0,0,0,0.0,40,2.300185593776405,2.806478412821889,2.832807134836912,0,80
final_hybrid,2026086204,0,3,66.0,1.0,1,1,0,0,0,0,0,0.08571428571428572,35,2.3199436121753285,2.6989062316715717,2.8132181614637375,0,69
final_hybrid,2026086204,1,3,-16.0,4.0,0,0,1,8,0,0,0,0.02702702702702703,37,2.310959030748219,2.7049693278968334,2.7380562387406826,0,74
final_hybrid,2026086204,2,3,-18.0,4.0,0,0,1,10,0,0,0,0.045454545454545456,44,2.2873459913005885,2.600700897164643,4.1137742809951305,0,88
final_hybrid,2026086204,3,3,-22.0,3.0,0,0,0,0,0,0,0,0.058823529411764705,34,2.2442061043180086,2.632978744804859,2.74839298799634,0,69
final_hybrid,2026086205,0,2,-8.0,2.5,0,0,0,0,0,0,0,0.0,38,2.3557439103330435,2.753789140842855,2.84281512722373,0,76
final_hybrid,2026086205,1,2,-8.0,2.5,0,0,0,0,0,0,0,0.021739130434782608,46,2.294710098320375,2.697254647500813,2.726580947637558,0,92
final_hybrid,2026086205,2,2,-8.0,2.5,0,0,0,0,0,0,0,0.0,27,2.3066094662580223,2.8711569495499134,2.8982413932681084,0,54
final_hybrid,2026086205,3,2,43.0,1.0,1,0,0,0,0,0,0,0.02631578947368421,38,2.296533656159514,2.9054000042378902,2.9328232631087303,0,76
final_hybrid,2026086206,0,0,-16.0,3.0,0,0,0,0,0,0,0,0.0,54,2.4929728997112424,3.12444195151329,5.3061856888234615,0,109
final_hybrid,2026086206,1,0,-17.0,4.0,0,0,1,9,0,0,0,0.023809523809523808,42,2.373671935250362,2.804677374660969,4.7169700264930725,0,84
final_hybrid,2026086206,2,0,51.0,1.0,1,1,0,0,0,0,0,0.0,55,2.400599191473289,2.953073102980852,6.076341029256582,0,109
final_hybrid,2026086206,3,0,-16.0,3.0,0,0,0,0,0,0,0,0.018518518518518517,54,2.3425414778844074,2.80473199672997,5.622149910777807,0,109
final_hybrid,2026086207,0,3,-16.0,4.0,0,0,1,8,0,0,0,0.0,57,2.3592752976375713,2.7504351921379566,2.881729044020176,0,114
final_hybrid,2026086207,1,3,-23.0,3.0,0,0,0,0,0,0,0,0.016129032258064516,62,2.4322916438142137,3.1179090496152635,3.854018170386553,0,124
final_hybrid,2026086207,2,3,-8.0,2.5,0,0,0,0,0,0,0,0.025,40,2.3264596005901694,2.7617068495601416,4.3224371038377285,0,81
final_hybrid,2026086207,3,3,34.0,1.0,1,0,0,0,0,0,0,0.05357142857142857,56,2.241906036423253,2.6076367357745767,2.7751573361456394,0,113
final_hybrid,2026086208,0,0,36.0,1.0,1,0,0,0,0,0,0,0.06976744186046512,43,2.29716470984872,2.7022010646760464,2.8023631311953068,0,86
final_hybrid,2026086208,1,0,-8.0,2.5,0,0,0,0,0,0,0,0.023255813953488372,43,2.324046859474376,2.8299754951149225,2.8721890412271023,0,86
final_hybrid,2026086208,2,0,-20.0,4.0,0,0,1,12,0,0,0,0.0,39,2.3308552156847258,2.915440918877721,2.971670124679804,0,78
final_hybrid,2026086208,3,0,-16.0,3.0,0,0,0,0,0,0,0,0.0,74,2.3047867218485556,2.8847839683294296,3.0026971362531185,0,149
final_hybrid,2026086209,0,3,-18.0,3.0,0,0,0,0,0,0,0,0.015873015873015872,63,2.3237978891720847,2.680520759895444,2.7566668577492237,0,127
final_hybrid,2026086209,1,3,-22.0,3.0,0,0,0,0,0,0,0,0.0,46,2.3045617297453727,2.710054744966328,2.740425057709217,0,93
final_hybrid,2026086209,2,3,66.0,1.0,1,1,0,0,0,0,0,0.0,51,2.329603129742192,2.947472268715501,3.848013002425432,0,101
final_hybrid,2026086209,3,3,33.0,1.0,1,0,0,0,0,0,0,0.015873015873015872,63,2.264521616910185,2.7201298624277115,2.7556633576750755,0,126
final_hybrid,2026086210,0,2,10.0,2.0,0,0,0,0,0,0,0,0.0125,80,2.3953260970301926,2.9471751069650054,2.9820799827575684,1,161
final_hybrid,2026086210,1,2,-19.0,4.0,0,0,1,11,0,0,0,0.0196078431372549,51,2.303158517415617,2.73635471239686,2.7621309272944927,0,102
final_hybrid,2026086210,2,2,-18.0,4.0,0,0,1,10,0,0,0,0.03773584905660377,53,2.28523988417297,2.8291862457990646,2.859012223780155,0,106
final_hybrid,2026086210,3,2,34.0,1.0,1,0,0,0,0,0,0,0.04081632653061224,49,2.26965870670214,2.723983116447925,2.832707017660141,0,98
final_hybrid,2026086211,0,2,41.0,1.0,1,0,0,0,0,0,0,0.0,70,2.3967914283275604,2.933565154671669,2.953006885945797,0,140
final_hybrid,2026086211,1,2,-8.0,2.5,0,0,0,0,0,0,0,0.0,63,2.3561702109873295,2.8111263178288937,3.1945821829140186,0,126
final_hybrid,2026086211,2,2,0.0,2.5,0,0,0,0,0,1,1,0.023809523809523808,84,2.2638058068142053,2.6493945624679327,2.7690879069268703,0,168
final_hybrid,2026086211,3,2,-8.0,2.5,0,0,0,0,0,0,0,0.030303030303030304,66,2.264650609118469,2.788518089801073,2.8304909355938435,0,132
final_hybrid,2026086212,0,1,-34.0,3.0,0,0,0,0,0,0,0,0.0,29,2.372704076998193,2.8407853096723557,2.8558350168168545,0,59
final_hybrid,2026086212,1,1,102.0,1.0,1,1,0,0,0,0,0,0.0,30,2.2929895048340163,2.684923354536295,2.6972307823598385,0,59
final_hybrid,2026086212,2,1,-34.0,3.0,0,0,0,0,0,0,0,0.0,29,2.2959962551449906,2.7772570960223675,2.8042010962963104,0,59
final_hybrid,2026086212,3,1,-34.0,3.0,0,0,0,0,0,0,0,0.0,29,2.2745136621183364,2.7688288129866123,2.793736755847931,0,59
final_hybrid,2026086213,0,2,-8.0,2.5,0,0,0,0,0,0,0,0.023255813953488372,43,2.3656332280573458,2.841102099046111,2.887275069952011,0,86
final_hybrid,2026086213,1,2,33.0,1.0,1,0,0,0,0,0,0,0.022222222222222223,45,2.3237403999600144,2.8494348749518394,2.8752190992236137,0,90
final_hybrid,2026086213,2,2,33.0,1.0,1,0,0,0,0,0,0,0.0,38,2.3226596684636256,2.9390582581982017,3.0305180698633194,0,76
final_hybrid,2026086213,3,2,46.0,1.0,1,0,0,0,0,0,0,0.019230769230769232,52,2.285691381145555,2.827843464910984,3.0385968275368214,0,104
final_hybrid,2026086214,0,2,-16.0,3.0,0,0,0,0,0,0,0,0.021739130434782608,46,2.416652576673938,2.806148142553866,4.129254724830389,0,93
final_hybrid,2026086214,1,2,-24.0,4.0,0,0,1,16,0,0,0,0.0425531914893617,47,2.3862095054318297,2.773268474265933,6.014780141413212,0,94
final_hybrid,2026086214,2,2,45.0,1.0,1,0,0,0,0,0,0,0.027777777777777776,72,2.322132033037229,2.807816187851131,5.110091995447874,0,144
final_hybrid,2026086214,3,2,-19.0,4.0,0,0,1,11,0,0,0,0.01818181818181818,55,2.3097701286050407,2.959038643166423,2.9980698600411415,0,110
final_hybrid,2026086215,0,2,48.0,1.0,1,1,0,0,0,0,0,0.013333333333333334,75,2.385483173032602,2.7980403508991003,3.7316055968403816,0,150
final_hybrid,2026086215,1,2,-20.0,3.0,0,0,0,0,0,0,0,0.036585365853658534,82,2.2897403971178503,2.655451698228717,2.762925811111927,0,166
final_hybrid,2026086215,2,2,-21.0,3.0,0,0,0,0,0,0,0,0.029850746268656716,67,2.2588610204298103,2.7151606045663352,2.829008735716343,0,136
final_hybrid,2026086215,3,2,35.0,1.0,1,0,0,0,0,0,0,0.013513513513513514,74,2.3008945989548355,2.7764192782342434,5.057322792708874,0,148
final_hybrid,2026086216,0,3,44.0,1.0,1,0,0,0,0,0,0,0.03225806451612903,62,2.3354941738709325,2.69899838604033,2.887402195483446,0,124
final_hybrid,2026086216,1,3,-17.0,3.0,0,0,0,0,0,0,0,0.015873015873015872,63,2.3231588170996735,2.859771717339754,2.8933649882674217,0,127
final_hybrid,2026086216,2,3,-17.0,3.0,0,0,0,0,0,0,0,0.0,63,2.288918387854383,2.6964389253407717,2.728072926402092,0,127
final_hybrid,2026086216,3,3,36.0,1.0,1,0,0,0,0,0,0,0.0,66,2.3600728900143593,3.002799116075039,3.6443350836634636,0,132
final_hybrid,2026086217,0,0,-18.0,4.0,0,0,1,10,0,0,0,0.022727272727272728,44,2.351738544265655,2.687500440515578,2.7628690004348755,0,88
final_hybrid,2026086217,1,0,34.0,1.0,1,0,0,0,0,0,0,0.047619047619047616,42,2.2876131836147535,2.590271830558777,2.6407428085803986,0,84
final_hybrid,2026086217,2,0,0.0,2.5,0,0,0,0,0,1,0,0.0,91,2.382733255297273,2.9870648868381977,5.0217690877616405,0,182
final_hybrid,2026086217,3,0,-17.0,3.0,0,0,0,0,0,0,0,0.04838709677419355,62,2.2349822214774546,2.619697852060199,2.6411768049001694,0,125
final_hybrid,2026086218,0,2,-17.0,3.0,0,0,0,0,0,0,0,0.0,46,2.438480014224415,2.9995820950716734,4.250905942171812,0,93
final_hybrid,2026086218,1,2,60.0,1.0,1,1,0,0,0,0,0,0.0392156862745098,51,2.296716531775161,2.7183271013200283,2.750942949205637,0,101
final_hybrid,2026086218,2,2,32.0,1.0,1,0,0,0,0,0,0,0.018867924528301886,53,2.2722995523714795,2.7489809319376945,2.8308299370110035,0,106
final_hybrid,2026086218,3,2,-8.0,2.5,0,0,0,0,0,0,0,0.058823529411764705,51,2.2802334644046485,2.696279902011156,2.7602780610322952,0,102
final_hybrid,2026086219,0,1,-16.0,4.0,0,0,1,8,0,0,0,0.021739130434782608,46,2.356202169523939,2.7480272110551596,2.8037121519446373,0,92
final_hybrid,2026086219,1,1,33.0,1.0,1,0,0,0,0,0,0,0.07317073170731707,41,2.2820769127730918,2.7100970037281513,2.7425140142440796,0,82
final_hybrid,2026086219,2,1,-26.0,3.0,0,0,0,0,0,0,0,0.023809523809523808,42,2.313039576013883,2.8766100062057376,2.9532951302826405,0,85
final_hybrid,2026086219,3,1,32.0,1.0,1,0,0,0,0,0,0,0.0,46,2.3134646674051234,2.9280389426276088,2.9983650892972946,0,92
final_hybrid,2026086220,0,0,-19.0,4.0,0,0,1,11,0,0,0,0.04411764705882353,68,2.3683726938222263,2.692170348018408,4.15461603552103,0,136
final_hybrid,2026086220,1,0,-19.0,4.0,0,0,1,11,0,0,0,0.0,66,2.387674864042889,3.0379629461094737,3.072794061154127,0,132
final_hybrid,2026086220,2,0,-8.0,2.5,0,0,0,0,0,0,0,0.030303030303030304,66,2.2574726590943155,2.7185941580682993,2.7517536655068398,0,132
final_hybrid,2026086220,3,0,-25.0,3.0,0,0,0,0,0,0,0,0.043478260869565216,69,2.3606328185701715,2.902753185480833,4.71939193084836,0,139
final_hybrid,2026086221,0,2,-18.0,3.0,0,0,0,0,0,0,0,0.07142857142857142,42,2.468831826090103,2.79233728069812,6.391665898263454,0,85
final_hybrid,2026086221,1,2,34.0,1.0,1,0,0,0,0,0,0,0.05263157894736842,38,2.2808697540313005,2.6802738662809134,2.870346885174513,0,76
final_hybrid,2026086221,2,2,-17.0,4.0,0,0,1,9,0,0,0,0.02564102564102564,39,2.304503968797433,2.7376586571335793,3.318638075143099,0,78
final_hybrid,2026086221,3,2,-8.0,2.5,0,0,0,0,0,0,0,0.05128205128205128,39,2.294040058190242,2.7010800782591105,4.461887758225203,0,78
final_hybrid,2026086222,0,1,-16.0,4.0,0,0,1,8,0,0,0,0.023809523809523808,42,2.39884698142608,2.7365799760445952,5.4932329803705215,0,84
final_hybrid,2026086222,1,1,-16.0,4.0,0,0,1,8,0,0,0,0.025,40,2.432263980153948,2.8780859895050486,6.234544329345226,0,80
final_hybrid,2026086222,2,1,-8.0,2.5,0,0,0,0,0,0,0,0.045454545454545456,44,2.264352631755173,2.5964906672015786,3.6989720538258553,0,88
final_hybrid,2026086222,3,1,63.0,1.0,1,1,0,0,0,0,0,0.05263157894736842,38,2.2719461029689563,2.8111353050917387,2.818699926137924,0,75
final_hybrid,2026086223,0,2,-21.0,3.0,0,0,0,0,0,0,0,0.0625,48,2.2987484214051315,2.581687131896615,2.7159699238836765,0,97
final_hybrid,2026086223,1,2,-23.0,3.0,0,0,0,0,0,0,0,0.018518518518518517,54,2.3698556685337313,2.8007731307297945,4.800773691385984,0,109
final_hybrid,2026086223,2,2,32.0,1.0,1,0,0,0,0,0,0,0.0,48,2.3355972565089664,2.8451751451939344,3.5412232391536236,0,96
final_hybrid,2026086223,3,2,-23.0,3.0,0,0,0,0,0,0,0,0.0,54,2.374309391059257,2.913670428097248,6.640203762799501,0,109
final_hybrid,2026086224,0,1,-32.0,4.0,0,0,1,24,0,0,0,0.029411764705882353,34,2.3310100248850443,2.646520151756704,2.701534889638424,0,68
final_hybrid,2026086224,1,1,-8.0,2.5,0,0,0,0,0,0,0,0.029411764705882353,34,2.4938146611127783,3.7155536701902694,5.539330188184977,0,68
final_hybrid,2026086224,2,1,48.0,1.0,1,0,0,0,0,0,0,0.0,34,2.2729616338277565,2.7125811437144876,2.7286619879305363,0,68
final_hybrid,2026086224,3,1,-8.0,2.5,0,0,0,0,0,0,0,0.0,36,2.3026121521575584,2.853328245691955,2.9230639338493347,0,72
final_hybrid,2026086225,0,0,-16.0,3.0,0,0,0,0,0,0,0,0.028985507246376812,69,2.387243727950946,2.7636799961328506,4.521169699728489,0,138
final_hybrid,2026086225,1,0,66.0,1.0,1,1,0,0,0,0,0,0.06,50,2.279894920065999,2.7259828289970756,2.7463301084935665,0,100
final_hybrid,2026086225,2,0,0.0,2.5,0,0,0,0,0,1,0,0.0,84,2.3482677005674866,3.0106795486062765,3.1211944296956062,0,169
final_hybrid,2026086225,3,0,51.0,1.0,1,1,0,0,0,0,0,0.0,54,2.3375057304898896,2.8583539882674813,4.637810867279768,0,107
final_hybrid,2026086226,0,2,-8.0,2.5,0,0,0,0,0,0,0,0.06896551724137931,29,2.411417149264237,2.764634694904089,4.472469910979271,0,58
final_hybrid,2026086226,1,2,-8.0,2.5,0,0,0,0,0,0,0,0.0379746835443038,79,2.26511183206605,2.559684542939067,2.75505892932415,0,158
final_hybrid,2026086226,2,2,32.0,1.0,1,0,0,0,0,0,0,0.034482758620689655,29,2.4287750591234913,2.961837686598301,5.693404003977776,0,58
final_hybrid,2026086226,3,2,-8.0,2.5,0,0,0,0,0,0,0,0.0,29,2.281799414676839,2.825605496764183,2.85447109490633,0,58
final_hybrid,2026086227,0,1,33.0,1.0,1,0,0,0,0,0,0,0.029411764705882353,34,2.415706472033087,2.809806610457599,4.36074286699295,0,68
final_hybrid,2026086227,1,1,-8.0,2.5,0,0,0,0,0,0,0,0.029411764705882353,34,2.5517787811729837,3.9536791387945347,6.713534239679575,0,68
final_hybrid,2026086227,2,1,-8.0,2.5,0,0,0,0,0,0,0,0.0,30,2.407763432711363,2.818138268776238,5.6013185530900955,0,60
final_hybrid,2026086227,3,1,-16.0,4.0,0,0,1,8,0,0,0,0.0,44,2.3580592294985596,3.027097717858851,3.053089138120413,0,88
final_hybrid,2026086228,0,2,81.0,1.0,1,1,0,0,0,0,0,0.046511627906976744,43,2.3450391410395155,2.8423845767974854,3.31014022231102,0,85
final_hybrid,2026086228,1,2,-29.0,4.0,0,0,1,21,0,0,0,0.018518518518518517,54,2.34518861570568,2.678842539899051,4.92565892636776,0,108
final_hybrid,2026086228,2,2,-8.0,2.5,0,0,0,0,0,0,0,0.02247191011235955,89,2.352483926361866,2.814371883869171,5.2688708528876305,0,178
final_hybrid,2026086228,3,2,0.0,2.5,0,0,0,0,0,1,1,0.0449438202247191,89,2.2481910968094727,2.5730015709996223,2.6533138006925583,0,178
final_hybrid,2026086229,0,2,-23.0,3.0,0,0,0,0,0,0,0,0.0,38,2.3787688635485735,2.851906092837453,2.8633009642362595,0,77
final_hybrid,2026086229,1,2,-23.0,3.0,0,0,0,0,0,0,0,0.05263157894736842,38,2.358218128057687,2.7205164544284344,5.0223348662257195,0,77
final_hybrid,2026086229,2,2,-23.0,3.0,0,0,0,0,0,0,0,0.02631578947368421,38,2.4148088414222,2.898909361101687,4.344383720308542,0,77
final_hybrid,2026086229,3,2,69.0,1.0,1,1,0,0,0,0,0,0.0,39,2.3925918727540054,2.912202710285783,5.356443114578724,0,77
final_hybrid,2026086230,0,0,-33.0,3.0,0,0,0,0,0,0,0,0.047058823529411764,85,2.3262913174488964,2.575832698494196,5.015798844397068,0,171
final_hybrid,2026086230,1,0,-8.0,2.5,0,0,0,0,0,0,0,0.038461538461538464,52,2.2790220100432634,2.6623788056895137,2.700766082853079,0,104
final_hybrid,2026086230,2,0,-8.0,2.5,0,0,0,0,0,0,0,0.0,54,2.340199330959607,2.88780911359936,2.933298237621784,0,108
final_hybrid,2026086230,3,0,37.0,1.0,1,0,0,0,0,0,0,0.0,33,2.290078086044752,2.755875885486603,2.7719521895051003,0,66
final_hybrid,2026086231,0,1,63.0,1.0,1,1,0,0,0,0,0,0.0,58,2.40225491017617,2.973523619584739,3.0477927066385746,0,115
final_hybrid,2026086231,1,1,33.0,1.0,1,0,0,0,0,0,0,0.017241379310344827,58,2.3920629173517227,2.9313765466213226,4.831170663237572,0,116
final_hybrid,2026086231,2,1,-21.0,3.0,0,0,0,0,0,0,0,0.034482758620689655,58,2.296478238663283,2.745084883645177,3.623786848038435,0,117
final_hybrid,2026086231,3,1,33.0,1.0,1,0,0,0,0,0,0,0.05263157894736842,57,2.259939418811547,2.666227053850889,3.2620723359286785,0,114
final_hybrid,2026086232,0,2,-29.0,4.0,0,0,1,21,0,0,0,0.0,81,2.440846657357466,2.992250956594944,3.1461301259696484,0,162
final_hybrid,2026086232,1,2,-26.0,4.0,0,0,1,18,0,0,0,0.03225806451612903,62,2.304397005167219,2.7921180007979274,2.8419233858585358,0,124
final_hybrid,2026086232,2,2,0.0,2.5,0,0,0,0,0,1,1,0.011627906976744186,86,2.3379529512292425,2.8297287644818425,4.171750042587519,0,172
final_hybrid,2026086232,3,2,-8.0,2.5,0,0,0,0,0,0,0,0.023809523809523808,84,2.304445758151511,2.677004178985953,4.6453699469566345,0,168
final_hybrid,2026086233,0,2,-17.0,4.0,0,0,1,9,0,0,0,0.014084507042253521,71,2.3889057272651666,2.85769859328866,3.655595239251852,0,142
final_hybrid,2026086233,1,2,-8.0,2.5,0,0,0,0,0,0,0,0.024096385542168676,83,2.3504233503916176,2.827307255938649,4.055434837937355,0,166
final_hybrid,2026086233,2,2,-8.0,2.5,0,0,0,0,0,0,0,0.031746031746031744,63,2.341376129715216,2.674062689766288,4.671677015721798,0,126
final_hybrid,2026086233,3,2,-8.0,2.5,0,0,0,0,0,0,0,0.029411764705882353,68,2.290570389424615,2.7213752502575517,2.7545420452952385,0,136
final_hybrid,2026086234,0,3,38.0,1.0,1,0,0,0,0,0,0,0.0,27,2.399875075314884,2.8711742721498013,3.012207802385092,0,54
final_hybrid,2026086234,1,3,32.0,1.0,1,0,0,0,0,0,0,0.07894736842105263,38,2.278040518592063,2.6313059963285923,2.7655507437884808,0,76
final_hybrid,2026086234,2,3,-8.0,2.5,0,0,0,0,0,0,0,0.02631578947368421,38,2.315608367912079,2.84081413410604,2.9124468564987183,0,76
final_hybrid,2026086234,3,3,-8.0,2.5,0,0,0,0,0,0,0,0.05263157894736842,38,2.3604191864203465,2.780258422717452,5.301039200276136,0,76
final_hybrid,2026086235,0,3,-19.0,4.0,0,0,1,11,0,0,0,0.022727272727272728,44,2.4342490783469244,2.769274730235338,4.800273105502129,0,88
final_hybrid,2026086235,1,3,-19.0,3.0,0,0,0,0,0,0,0,0.0,50,2.3684936854988337,2.879229187965393,2.958988770842552,0,101
final_hybrid,2026086235,2,3,57.0,1.0,1,1,0,0,0,0,0,0.058823529411764705,51,2.2694932516006863,2.745909383520484,2.8465762734413147,0,101
final_hybrid,2026086235,3,3,-19.0,3.0,0,0,0,0,0,0,0,0.06,50,2.3085433710366488,2.6731461519375443,3.807459957897663,0,101
final_hybrid,2026086236,0,2,69.0,1.0,1,1,0,0,0,0,0,0.0,33,2.397977083808545,2.988381404429674,3.0170860700309277,0,65
final_hybrid,2026086236,1,2,54.0,1.0,1,1,0,0,0,0,0,0.0,26,2.3357693392496843,2.8438775334507227,2.868587151169777,0,51
final_hybrid,2026086236,2,2,-23.0,3.0,0,0,0,0,0,0,0,0.03125,32,2.386437205132097,2.8910945635288954,3.012666944414377,0,65
final_hybrid,2026086236,3,2,-23.0,3.0,0,0,0,0,0,0,0,0.0625,32,2.3250022786669433,2.794049517251551,2.80783511698246,0,65
final_hybrid,2026086237,0,2,0.0,2.5,0,0,0,0,0,1,1,0.03488372093023256,86,2.3626424534636183,2.6634710375219584,5.190839990973473,0,172
final_hybrid,2026086237,1,2,-20.0,4.0,0,0,1,12,0,0,0,0.0273972602739726,73,2.368177823109986,2.8047746047377586,4.535719286650419,0,146
final_hybrid,2026086237,2,2,-8.0,2.5,0,0,0,0,0,0,0,0.024390243902439025,82,2.3167089718144114,2.772763231769204,4.437890835106373,0,164
final_hybrid,2026086237,3,2,36.0,1.0,1,0,0,0,0,0,0,0.0,82,2.3421753288769143,2.9185701394453645,3.451890777796507,0,164
final_hybrid,2026086238,0,2,-17.0,4.0,0,0,1,9,0,0,0,0.017543859649122806,57,2.4027409146360137,2.9067909345030785,2.9450561851263046,0,114
final_hybrid,2026086238,1,2,-8.0,2.5,0,0,0,0,0,0,0,0.03333333333333333,60,2.314454837081333,2.7700781589373946,2.818190027028322,0,120
final_hybrid,2026086238,2,2,54.0,1.0,1,0,0,0,0,0,0,0.0,53,2.2964870276035003,2.7264864183962345,2.7511739172041416,0,106
final_hybrid,2026086238,3,2,34.0,1.0,1,0,0,0,0,0,0,0.017543859649122806,57,2.284914075413294,2.703660447150469,2.7742120437324047,0,114
final_hybrid,2026086239,0,0,0.0,2.5,0,0,0,0,0,1,1,0.02247191011235955,89,2.339779074942128,2.6519973762333393,2.7846749871969223,0,178
final_hybrid,2026086239,1,0,0.0,2.5,0,0,0,0,0,1,0,0.03333333333333333,90,2.2740872318132057,2.591714751906693,2.770214807242155,0,180
final_hybrid,2026086239,2,0,45.0,1.0,1,0,0,0,0,0,0,0.047619047619047616,63,2.2479423085257175,2.603320498019457,2.7204863727092743,0,126
final_hybrid,2026086239,3,0,66.0,1.0,1,1,0,0,0,0,0,0.0,86,2.3733897914373596,2.996644121594727,5.701358895748854,0,171
final_hybrid,2026086240,0,0,-30.0,3.0,0,0,0,0,0,0,0,0.08823529411764706,34,2.3259139373241102,2.639749669469893,2.8002941980957985,0,69
final_hybrid,2026086240,1,0,-24.0,4.0,0,0,1,16,0,0,0,0.0,43,2.5052894773178322,3.1017649453133345,5.186793860048056,0,86
final_hybrid,2026086240,2,0,-30.0,3.0,0,0,0,0,0,0,0,0.0,34,2.2984257734873714,2.8568092500790954,2.86851916462183,0,69
final_hybrid,2026086240,3,0,-30.0,3.0,0,0,0,0,0,0,0,0.029411764705882353,34,2.280250095817096,2.738076471723616,2.767649944871664,0,69
final_hybrid,2026086241,0,1,-8.0,2.5,0,0,0,0,0,0,0,0.037037037037037035,27,2.342064364778775,2.761927666142583,2.7805729769170284,0,54
final_hybrid,2026086241,1,1,-16.0,4.0,0,0,1,8,0,0,0,0.034482758620689655,29,2.3067078777942163,2.7042461559176445,2.7210316620767117,0,58
final_hybrid,2026086241,2,1,-8.0,2.5,0,0,0,0,0,0,0,0.037037037037037035,27,2.314398789571391,2.8110288083553314,2.817070111632347,0,54
final_hybrid,2026086241,3,1,32.0,1.0,1,0,0,0,0,0,0,0.07407407407407407,27,2.2378944860840284,2.7105393819510937,2.8103329241275787,0,54
final_hybrid,2026086242,0,2,-29.0,3.0,0,0,0,0,0,0,0,0.057692307692307696,52,2.308352107110505,2.687140041962266,2.7708131819963455,0,105
final_hybrid,2026086242,1,2,-29.0,3.0,0,0,0,0,0,0,0,0.05555555555555555,54,2.277751168650058,2.622059197165072,2.735203132033348,0,109
final_hybrid,2026086242,2,2,87.0,1.0,1,1,0,0,0,0,0,0.03636363636363636,55,2.2666226649148897,2.6546852197498083,2.714751288294792,0,109
final_hybrid,2026086242,3,2,-29.0,3.0,0,0,0,0,0,0,0,0.018518518518518517,54,2.2914971104236663,2.863437286578119,2.929238136857748,0,109
final_hybrid,2026086243,0,2,-17.0,4.0,0,0,1,9,0,0,0,0.0,29,2.3643594749014953,2.795873023569584,2.8161280788481236,0,58
final_hybrid,2026086243,1,2,-20.0,4.0,0,0,1,12,0,0,0,0.043478260869565216,46,2.2930838066436676,2.7184991631656885,2.743826713413,0,92
final_hybrid,2026086243,2,2,-8.0,2.5,0,0,0,0,0,0,0,0.058823529411764705,34,2.2832203574259493,2.703677024692297,2.7588591910898685,0,68
final_hybrid,2026086243,3,2,33.0,1.0,1,0,0,0,0,0,0,0.029411764705882353,34,2.286222462049302,2.8078896459192038,2.8388979844748974,0,68
final_hybrid,2026086244,0,1,-8.0,2.5,0,0,0,0,0,0,0,0.03333333333333333,60,2.354887593537569,2.626971201971173,4.857694264501333,0,120
final_hybrid,2026086244,1,1,-17.0,4.0,0,0,1,9,0,0,0,0.0,58,2.3828159680525802,2.8831192292273045,4.263635259121656,0,116
final_hybrid,2026086244,2,1,32.0,1.0,1,0,0,0,0,0,0,0.020833333333333332,48,2.6624937308952212,3.8447161903604865,3.901547286659479,0,96
final_hybrid,2026086244,3,1,-28.0,3.0,0,0,0,0,0,0,0,0.0,68,2.3413672700853034,2.8945477213710546,4.545480944216251,0,137
final_hybrid,2026086245,0,3,-17.0,4.0,0,0,1,9,0,0,0,0.02040816326530612,49,2.3525222679790185,2.7422131039202213,2.800437156111002,0,98
final_hybrid,2026086245,1,3,-8.0,2.5,0,0,0,0,0,0,0,0.018867924528301886,53,2.3577484249506355,2.9500297270715237,3.0001099221408367,0,106
final_hybrid,2026086245,2,3,-8.0,2.5,0,0,0,0,0,0,0,0.02040816326530612,49,2.3797397045608686,2.8768648393452168,5.299737211316824,0,98
final_hybrid,2026086245,3,3,-8.0,2.5,0,0,0,0,0,0,0,0.03773584905660377,53,2.297815436251321,2.7836300432682037,2.9197847470641136,0,106
final_hybrid,2026086246,0,3,33.0,1.0,1,0,0,0,0,0,0,0.013333333333333334,75,2.3743449275692305,2.8656091541051865,2.9297908768057823,0,150
final_hybrid,2026086246,1,3,32.0,1.0,1,0,0,0,0,0,0,0.0392156862745098,51,2.2934507030774567,2.717293333262205,2.8202678076922894,0,102
final_hybrid,2026086246,2,3,-8.0,2.5,0,0,0,0,0,0,0,0.027777777777777776,72,2.2771717437232533,2.721243677660823,2.827111165970564,0,144
final_hybrid,2026086246,3,3,-8.0,2.5,0,0,0,0,0,0,0,0.02564102564102564,78,2.254450168365087,2.642755350098014,2.764628268778324,0,156
final_hybrid,2026086247,0,2,-8.0,2.5,0,0,0,0,0,0,0,0.022727272727272728,44,2.356970873238011,2.783865691162646,2.804095856845379,0,88
final_hybrid,2026086247,1,2,0.0,2.5,0,0,0,0,0,1,1,0.011904761904761904,84,2.3555763764306903,2.797633968293667,4.891049116849899,0,168
final_hybrid,2026086247,2,2,-20.0,4.0,0,0,1,12,0,0,0,0.018867924528301886,53,2.2895245303241714,2.749944292008877,2.817060798406601,0,106
final_hybrid,2026086247,3,2,36.0,1.0,1,0,0,0,0,0,0,0.0,53,2.303297016418205,2.8810803778469563,3.010762855410576,0,106
final_hybrid,2026086248,0,0,32.0,1.0,1,0,0,0,0,0,0,0.03508771929824561,57,2.3165954472987274,2.629333361983299,2.7342038229107857,0,113
final_hybrid,2026086248,1,0,0.0,2.5,0,0,0,0,0,1,1,0.011627906976744186,86,2.3592790740347187,2.9827237594872713,3.2765278592705727,0,172
final_hybrid,2026086248,2,0,-8.0,2.5,0,0,0,0,0,0,0,0.0,48,2.310493446808929,2.892597788013518,2.931067254394293,0,97
final_hybrid,2026086248,3,0,-8.0,2.5,0,0,0,0,0,0,0,0.03571428571428571,56,2.249635780961918,2.6213976088911295,2.775806002318859,0,113
final_hybrid,2026086249,0,2,-8.0,2.5,0,0,0,0,0,0,0,0.04081632653061224,49,2.3080122999238726,2.6048073545098305,2.8069489635527134,0,98
final_hybrid,2026086249,1,2,-8.0,2.5,0,0,0,0,0,0,0,0.04081632653061224,49,2.3133175409570033,2.7822130359709263,3.1102639622986317,0,98
final_hybrid,2026086249,2,2,-17.0,4.0,0,0,1,9,0,0,0,0.02040816326530612,49,2.319746954860736,2.8435268439352512,2.8528268449008465,0,98
final_hybrid,2026086249,3,2,48.0,1.0,1,1,0,0,0,0,0,0.0,62,2.3435367827093407,2.8782797744497657,4.87662386149168,0,123
final_hybrid,2026086250,0,2,-8.0,2.5,0,0,0,0,0,0,0,0.018867924528301886,53,2.362740832328234,2.783564291894436,2.798572648316622,0,106
final_hybrid,2026086250,1,2,-17.0,4.0,0,0,1,9,0,0,0,0.0,66,2.3137476281121825,2.7313941391184926,2.766610123217106,0,132
final_hybrid,2026086250,2,2,-8.0,2.5,0,0,0,0,0,0,0,0.0,53,2.2938830496848754,2.764212340116501,2.827080897986889,0,106
final_hybrid,2026086250,3,2,-8.0,2.5,0,0,0,0,0,0,0,0.05660377358490566,53,2.2463341032699593,2.62772748246789,2.720613032579422,0,106
final_hybrid,2026086251,0,3,-8.0,2.5,0,0,0,0,0,0,0,0.030303030303030304,33,2.316201754817457,2.6317792013287544,2.782534807920456,0,66
final_hybrid,2026086251,1,3,-19.0,3.0,0,0,0,0,0,0,0,0.0,35,2.385617952261652,2.881259238347411,4.490532912313938,0,71
final_hybrid,2026086251,2,3,-18.0,4.0,0,0,1,10,0,0,0,0.05263157894736842,38,2.360302869132475,2.6967635843902826,5.671607796102762,0,76
final_hybrid,2026086251,3,3,-8.0,2.5,0,0,0,0,0,0,0,0.022727272727272728,44,2.3421887308359146,2.760761301033199,5.476363003253937,0,88
final_hybrid,2026086252,0,2,32.0,1.0,1,0,0,0,0,0,0,0.013888888888888888,72,2.3287924640398057,2.6803618762642145,2.8277812525629997,0,144
final_hybrid,2026086252,1,2,-8.0,2.5,0,0,0,0,0,0,0,0.0,46,2.476879152590814,3.2148329773917794,6.404029205441475,0,92
final_hybrid,2026086252,2,2,-18.0,3.0,0,0,0,0,0,0,0,0.0,48,2.3960812347164997,2.7843073941767216,5.293103866279125,0,97
final_hybrid,2026086252,3,2,0.0,2.5,0,0,0,0,0,1,1,0.0,84,2.3092243909126235,2.7654118137434125,3.3481819555163383,0,168
final_hybrid,2026086253,0,2,-18.0,4.0,0,0,1,10,0,0,0,0.037037037037037035,27,2.3393894683707646,2.7052396908402443,2.774999011307955,0,54
final_hybrid,2026086253,1,2,0.0,2.5,0,0,0,0,0,1,0,0.011363636363636364,88,2.3205084779130463,2.768498146906495,2.8552431613206863,0,176
final_hybrid,2026086253,2,2,-18.0,4.0,0,0,1,10,0,0,0,0.0,29,2.280883587382991,2.719783876091242,2.7274321764707565,0,58
final_hybrid,2026086253,3,2,43.0,1.0,1,0,0,0,0,0,0,0.022222222222222223,45,2.2967671147651143,2.9060819186270237,2.9651932418346405,0,90
final_hybrid,2026086254,0,0,-8.0,2.5,0,0,0,0,0,0,0,0.02040816326530612,49,2.3617159708270004,2.773662284016609,2.8554340824484825,0,98
final_hybrid,2026086254,1,0,-30.0,4.0,0,0,0,0,0,0,0,0.03636363636363636,55,2.277312630956823,2.695769257843494,2.7933609671890736,1,109
final_hybrid,2026086254,2,0,10.0,2.0,0,0,0,0,0,0,0,0.0,54,2.290152392729565,2.785133011639118,2.796944696456194,1,109
final_hybrid,2026086254,3,0,-8.0,2.5,0,0,0,0,0,0,0,0.041666666666666664,72,2.2663089200957782,2.6515707140788436,2.6776092126965523,0,144
final_hybrid,2026086255,0,1,0.0,2.5,0,0,0,0,0,1,1,0.011627906976744186,86,2.379327368121161,2.859165775589645,2.9783048667013645,0,172
final_hybrid,2026086255,1,1,-8.0,2.5,0,0,0,0,0,0,0,0.043478260869565216,23,2.307807135841121,2.7993698604404926,2.805957105010748,0,46
final_hybrid,2026086255,2,1,-18.0,4.0,0,0,1,10,0,0,0,0.046153846153846156,65,2.267147693783045,2.635939698666334,2.7839369140565395,0,130
final_hybrid,2026086255,3,1,0.0,2.5,0,0,0,0,0,1,0,0.011494252873563218,87,2.359618802137416,2.846305212005973,6.005557719618082,0,174
final_hybrid,2026086256,0,3,-27.0,3.0,0,0,0,0,0,0,0,0.045454545454545456,44,2.3517082974484023,2.810163958929479,2.831507008522749,0,89
final_hybrid,2026086256,1,3,87.0,1.0,1,1,0,0,0,0,0,0.0196078431372549,51,2.3264417278708196,2.8010238893330097,2.8552371077239513,0,101
final_hybrid,2026086256,2,3,-8.0,2.5,0,0,0,0,0,0,0,0.0,40,2.3157615796662867,2.890036441385746,2.891269978135824,0,80
final_hybrid,2026086256,3,3,-8.0,2.5,0,0,0,0,0,0,0,0.0,44,2.2895000874996185,2.7643136447295547,2.896666992455721,0,88
final_hybrid,2026086257,0,2,0.0,2.5,0,0,0,0,0,1,1,0.0449438202247191,89,2.3340010607426755,2.580858301371336,4.383159801363945,0,179
final_hybrid,2026086257,1,2,-8.0,2.5,0,0,0,0,0,0,0,0.017543859649122806,57,2.306987147516849,2.721835859119892,2.767507918179035,0,114
final_hybrid,2026086257,2,2,-25.0,4.0,0,0,1,17,0,0,0,0.0,51,2.3139469124668954,2.842085901647806,2.9034139588475227,0,102
final_hybrid,2026086257,3,2,-8.0,2.5,0,0,0,0,0,0,0,0.0,57,2.3120594897160403,2.8802242130041122,2.9378109611570835,0,114
final_hybrid,2026086258,0,1,-19.0,4.0,0,0,1,11,0,0,0,0.0,51,2.3802203199296605,2.8444959316402674,2.909597009420395,0,102
final_hybrid,2026086258,1,1,-24.0,4.0,0,0,1,16,0,0,0,0.0,25,2.346181944012642,2.8213199228048325,2.8345719911158085,0,50
final_hybrid,2026086258,2,1,-8.0,2.5,0,0,0,0,0,0,0,0.05357142857142857,56,2.2544641147500704,2.643328858539462,2.784527838230133,0,112
final_hybrid,2026086258,3,1,-8.0,2.5,0,0,0,0,0,0,0,0.0,53,2.2979154479953476,2.7998311445116997,2.829776145517826,0,106
final_hybrid,2026086259,0,1,34.0,1.0,1,0,0,0,0,0,0,0.09523809523809523,21,2.3625750937277363,2.8144940733909607,2.934061922132969,0,42
final_hybrid,2026086259,1,1,-8.0,2.5,0,0,0,0,0,0,0,0.047619047619047616,21,2.4596061114044416,2.6727132499217987,5.44335599988699,0,42
final_hybrid,2026086259,2,1,-8.0,2.5,0,0,0,0,0,0,0,0.0,21,2.424500638707763,2.861345186829567,5.0835018046200275,0,42
final_hybrid,2026086259,3,1,-18.0,4.0,0,0,1,10,0,0,0,0.0,21,2.353662447560401,2.8584632091224194,3.750856965780258,0,42
final_hybrid,2026086260,0,2,-8.0,2.5,0,0,0,0,0,0,0,0.022222222222222223,45,2.35778640748726,2.736760303378105,2.8595589101314545,0,90
final_hybrid,2026086260,1,2,-19.0,4.0,0,0,1,11,0,0,0,0.0,45,2.342588340656625,2.8646706603467464,2.8779609128832817,0,90
final_hybrid,2026086260,2,2,35.0,1.0,1,0,0,0,0,0,0,0.025,80,2.2947947087232023,2.782693924382329,3.9375009946525097,0,160
final_hybrid,2026086260,3,2,-8.0,2.5,0,0,0,0,0,0,0,0.0,45,2.394489250663254,2.9370530508458614,6.045113783329725,0,90
final_hybrid,2026086261,0,1,-8.0,2.5,0,0,0,0,0,0,0,0.02564102564102564,39,2.3506193612821593,2.8022686950862408,2.8525018133223057,0,78
final_hybrid,2026086261,1,1,40.0,1.0,1,0,0,0,0,0,0,0.0,39,2.331888852402186,2.8279146179556847,2.83829215914011,0,78
final_hybrid,2026086261,2,1,-16.0,4.0,0,0,1,8,0,0,0,0.028169014084507043,71,2.2828892384931234,2.759907627478242,2.8006318025290966,0,142
final_hybrid,2026086261,3,1,-29.0,3.0,0,0,0,0,0,0,0,0.016129032258064516,62,2.2999696553714815,2.809421136043966,2.840436063706875,0,125
final_hybrid,2026086262,0,1,-8.0,2.5,0,0,0,0,0,0,0,0.06666666666666667,15,2.444248522321383,3.1125022564083324,3.9326115511357784,0,30
final_hybrid,2026086262,1,1,35.0,1.0,1,0,0,0,0,0,0,0.0,15,2.3253931974371276,2.8310994151979685,2.8651459142565727,0,30
final_hybrid,2026086262,2,1,-19.0,4.0,0,0,1,11,0,0,0,0.0,15,2.303423546254635,2.7878728229552507,2.8484761714935303,0,30
final_hybrid,2026086262,3,1,-8.0,2.5,0,0,0,0,0,0,0,0.06666666666666667,15,2.2255861510833106,2.6823502499610186,2.6858188211917877,0,30
final_hybrid,2026086263,0,3,32.0,1.0,1,0,0,0,0,0,0,0.08333333333333333,36,2.2907839286037617,2.5638281367719173,2.6908470317721367,0,72
final_hybrid,2026086263,1,3,-8.0,2.5,0,0,0,0,0,0,0,0.0,32,2.3516788642155007,2.9212108813226223,2.925138920545578,0,64
final_hybrid,2026086263,2,3,-8.0,2.5,0,0,0,0,0,0,0,0.014492753623188406,69,2.29425932807119,2.773916721343994,2.8126980178058147,0,139
final_hybrid,2026086263,3,3,-8.0,2.5,0,0,0,0,0,0,0,0.0,32,2.3076306097209454,2.8207120718434453,2.902132924646139,0,64
final_hybrid,2026086264,0,1,0.0,2.5,0,0,0,0,0,1,0,0.0,85,2.3676588035681667,2.826174348592758,2.8445571660995483,0,170
final_hybrid,2026086264,1,1,-45.0,3.0,0,0,0,0,0,0,0,0.023255813953488372,43,2.317296211109605,2.7996283024549484,2.8635021299123764,0,87
final_hybrid,2026086264,2,1,-8.0,2.5,0,0,0,0,0,0,0,0.0,49,2.289033390353529,2.8093277476727962,2.85028712823987,0,98
final_hybrid,2026086264,3,1,-8.0,2.5,0,0,0,0,0,0,0,0.05555555555555555,54,2.2237907698446953,2.50721606425941,2.58287088945508,0,108
final_hybrid,2026086265,0,1,-8.0,2.5,0,0,0,0,0,0,0,0.01694915254237288,59,2.3401556615480934,2.7409584261476994,2.779559697955847,0,118
final_hybrid,2026086265,1,1,35.0,1.0,1,0,0,0,0,0,0,0.046511627906976744,43,2.2836566122985165,2.7220902033150196,2.7637542225420475,0,86
final_hybrid,2026086265,2,1,-8.0,2.5,0,0,0,0,0,0,0,0.02531645569620253,79,2.2919504089823253,2.8198129031807184,2.8586629778146744,0,158
final_hybrid,2026086265,3,1,-8.0,2.5,0,0,0,0,0,0,0,0.046511627906976744,43,2.2637826542175095,2.6789518538862467,2.7029430493712425,0,86
final_hybrid,2026086266,0,3,-8.0,2.5,0,0,0,0,0,0,0,0.0,53,2.378215336785564,2.8508711606264114,2.9913452453911304,0,106
final_hybrid,2026086266,1,3,35.0,1.0,1,0,0,0,0,0,0,0.016666666666666666,60,2.3487700071806707,2.8209975687786937,2.9053259640932083,0,120
final_hybrid,2026086266,2,3,42.0,1.0,1,0,0,0,0,0,0,0.03389830508474576,59,2.282805930254823,2.683319477364421,2.7880589477717876,0,118
final_hybrid,2026086266,3,3,45.0,1.0,1,0,0,0,0,0,0,0.0,44,2.3262787991288034,2.9096916783601046,3.0993339605629444,0,88
final_hybrid,2026086267,0,3,-8.0,2.5,0,0,0,0,0,0,0,0.02564102564102564,39,2.3319715251907325,2.7318591717630625,2.781977877020836,0,78
final_hybrid,2026086267,1,3,54.0,1.0,1,1,0,0,0,0,0,0.024390243902439025,41,2.315163226207582,2.8387317433953285,2.957786899060011,0,81
final_hybrid,2026086267,2,3,-8.0,2.5,0,0,0,0,0,0,0,0.07692307692307693,39,2.283740072296216,2.678113803267479,2.790176309645176,0,78
final_hybrid,2026086267,3,3,-17.0,4.0,0,0,1,9,0,0,0,0.0,39,2.3177009529601307,2.7283753734081984,2.9939538799226284,0,78
final_hybrid,2026086268,0,0,-8.0,2.5,0,0,0,0,0,0,0,0.015873015873015872,63,2.453851809222547,2.8222243767231703,5.283629987388849,0,126
final_hybrid,2026086268,1,0,-8.0,2.5,0,0,0,0,0,0,0,0.09523809523809523,21,2.4403130990408717,2.6345010846853256,6.119681056588888,0,42
final_hybrid,2026086268,2,0,-8.0,2.5,0,0,0,0,0,0,0,0.0,21,2.40349652068246,2.828430850058794,4.975226707756519,0,42
final_hybrid,2026086268,3,0,37.0,1.0,1,0,0,0,0,0,0,0.0,21,2.383597217322815,2.952208276838064,2.9726740904152393,0,42
final_hybrid,2026086269,0,3,-19.0,3.0,0,0,0,0,0,0,0,0.04838709677419355,62,2.3563482287910675,2.609982551075518,4.719292279332876,0,125
final_hybrid,2026086269,1,3,-18.0,3.0,0,0,0,0,0,0,0,0.03571428571428571,28,2.4217118874990513,2.810779493302107,5.100355017930269,0,57
final_hybrid,2026086269,2,3,-18.0,3.0,0,0,0,0,0,0,0,0.03571428571428571,28,2.2804147031690394,2.6305863400921226,2.671994734555483,0,57
final_hybrid,2026086269,3,3,-18.0,3.0,0,0,0,0,0,0,0,0.0,28,2.324366326709943,2.8679608600214124,3.696541301906109,0,57
final_hybrid,2026086270,0,0,-8.0,2.5,0,0,0,0,0,0,0,0.0,39,2.398485580506997,2.8627332765609026,3.336165100336075,0,78
final_hybrid,2026086270,1,0,-8.0,2.5,0,0,0,0,0,0,0,0.05128205128205128,39,2.3404094748772106,2.784487185999751,2.8250720351934433,0,78
final_hybrid,2026086270,2,0,35.0,1.0,1,0,0,0,0,0,0,0.02564102564102564,39,2.3122292179136705,2.7712340001016855,2.8267870657145977,0,78
final_hybrid,2026086270,3,0,-8.0,2.5,0,0,0,0,0,0,0,0.017241379310344827,58,2.3385070200110305,2.919031912460923,3.056786023080349,0,116
final_hybrid,2026086271,0,0,-8.0,2.5,0,0,0,0,0,0,0,0.06557377049180328,61,2.3316755722902838,2.744101919233799,2.815315965563059,0,122
final_hybrid,2026086271,1,0,-8.0,2.5,0,0,0,0,0,0,0,0.046511627906976744,43,2.3285320873350597,2.8221250977367163,2.869538962841034,0,86
final_hybrid,2026086271,2,0,-8.0,2.5,0,0,0,0,0,0,0,0.018518518518518517,54,2.3684287961158486,2.886011195369065,3.598421346396208,0,108
final_hybrid,2026086271,3,0,34.0,1.0,1,0,0,0,0,0,0,0.02,50,2.284644851461053,2.7522715274244547,2.7889693155884743,0,100
final_hybrid,2026086272,0,0,-8.0,2.5,0,0,0,0,0,0,0,0.029411764705882353,34,2.3710314896615112,2.8344531543552876,2.85872770473361,0,68
final_hybrid,2026086272,1,0,34.0,1.0,1,0,0,0,0,0,0,0.0,56,2.3658499620588764,2.9687618371099234,3.070938866585493,0,112
final_hybrid,2026086272,2,0,-20.0,3.0,0,0,0,0,0,0,0,0.020833333333333332,48,2.2823419518924006,2.6704112999141216,2.769135870039463,0,97
final_hybrid,2026086272,3,0,-8.0,2.5,0,0,0,0,0,0,0,0.0,50,2.330433651804924,2.9800110263749957,3.0485931783914566,0,100
final_hybrid,2026086273,0,1,-16.0,3.0,0,0,0,0,0,0,0,0.022222222222222223,45,2.362531361480554,2.739290613681078,2.842930145561695,0,91
final_hybrid,2026086273,1,1,-21.0,3.0,0,0,0,0,0,0,0,0.02127659574468085,47,2.3117914320306574,2.723294636234641,2.7743568643927574,0,95
final_hybrid,2026086273,2,1,45.0,1.0,1,0,0,0,0,0,0,0.0,39,2.333473664923356,2.806858206167817,2.8226999565958977,0,78
final_hybrid,2026086273,3,1,-29.0,3.0,0,0,0,0,0,0,0,0.044444444444444446,45,2.2548466817372375,2.610989287495613,2.7480991557240486,0,91
final_hybrid,2026086274,0,1,0.0,2.5,0,0,0,0,0,1,0,0.046511627906976744,86,2.3417933085976643,2.695332048460841,2.8457948938012123,0,172
final_hybrid,2026086274,1,1,-8.0,2.5,0,0,0,0,0,0,0,0.0425531914893617,47,2.3586866049531925,2.718833927065134,4.832081962376833,0,94
final_hybrid,2026086274,2,1,0.0,2.5,0,0,0,0,0,1,1,0.0,85,2.3115369874764893,2.7548902668058872,2.84007890149951,0,170
final_hybrid,2026086274,3,1,-33.0,4.0,0,0,1,25,0,0,0,0.0,55,2.302776598794894,2.8506863862276077,2.937660086899996,0,110
final_hybrid,2026086275,0,3,-8.0,2.5,0,0,0,0,0,0,0,0.02702702702702703,37,2.339765291056923,2.7884742245078087,2.827067393809557,0,74
final_hybrid,2026086275,1,3,32.0,1.0,1,0,0,0,0,0,0,0.05405405405405406,37,2.2791354614939237,2.5998953729867935,2.715599723160267,0,74
final_hybrid,2026086275,2,3,102.0,1.0,1,1,0,0,0,0,0,0.03225806451612903,62,2.2726806796967023,2.657636790536344,2.7446369640529156,0,123
final_hybrid,2026086275,3,3,-16.0,4.0,0,0,1,8,0,0,0,0.0,37,2.3256583592376194,2.933913469314575,2.9782732017338276,0,74
final_hybrid,2026086276,0,2,-8.0,2.5,0,0,0,0,0,0,0,0.0,56,2.4346045101992786,3.0073716770857573,3.1237569637596607,0,112
final_hybrid,2026086276,1,2,-8.0,2.5,0,0,0,0,0,0,0,0.0,40,2.345981716644019,2.859340189024806,2.949801739305258,0,80
final_hybrid,2026086276,2,2,35.0,1.0,1,0,0,0,0,0,0,0.03571428571428571,56,2.338340788680528,2.8030023677274585,5.561418831348419,0,112
final_hybrid,2026086276,3,2,-18.0,3.0,0,0,0,0,0,0,0,0.025,40,2.2911486215889454,2.6438276283442974,3.448758739978075,0,81
final_hybrid,2026086277,0,3,-32.0,4.0,0,0,1,24,0,0,0,0.0,52,2.406266240331416,2.7829727856442332,3.3172452822327614,0,104
final_hybrid,2026086277,1,3,36.0,1.0,1,0,0,0,0,0,0,0.017543859649122806,57,2.5742249890116224,3.908390272408724,5.086737219244242,0,114
final_hybrid,2026086277,2,3,-8.0,2.5,0,0,0,0,0,0,0,0.046511627906976744,43,2.3158779259511206,2.762126224115491,3.5629780031740665,0,86
final_hybrid,2026086277,3,3,49.0,1.0,1,0,0,0,0,0,0,0.0,68,2.2968390942825114,2.766401902772486,2.8129350394010544,0,136
final_hybrid,2026086278,0,0,-25.0,3.0,0,0,0,0,0,0,0,0.02857142857142857,70,2.3455267306417227,2.7010889491066337,2.8316527605056763,0,141
final_hybrid,2026086278,1,0,-18.0,3.0,0,0,0,0,0,0,0,0.0,60,2.3947458248585463,2.812559250742197,6.654533091932535,0,121
final_hybrid,2026086278,2,0,75.0,1.0,1,1,0,0,0,0,0,0.0,71,2.406399047762995,2.971046371385455,7.484016008675098,0,141
final_hybrid,2026086278,3,0,-18.0,3.0,0,0,0,0,0,0,0,0.03333333333333333,60,2.3034373531118035,2.7087735245004296,4.026716109365225,0,121
final_hybrid,2026086279,0,0,-8.0,2.5,0,0,0,0,0,0,0,0.0,36,2.3800550778913827,2.9034174513071775,2.940667327493429,0,72
final_hybrid,2026086279,1,0,-19.0,3.0,0,0,0,0,0,0,0,0.0,41,2.3551317636014484,2.883962355554104,2.8956448659300804,0,83
final_hybrid,2026086279,2,0,-8.0,2.5,0,0,0,0,0,0,0,0.08333333333333333,24,2.359864301979542,2.726910822093487,3.9815916679799557,0,48
final_hybrid,2026086279,3,0,40.0,1.0,1,0,0,0,0,0,0,0.0,36,2.406249288469553,3.008553176186979,5.00174006447196,0,72
final_hybrid,2026086280,0,0,32.0,1.0,1,0,0,0,0,0,0,0.02,50,2.3432534001767635,2.7196908835321665,2.7456237003207207,0,100
final_hybrid,2026086280,1,0,-8.0,2.5,0,0,0,0,0,0,0,0.0,45,2.4013051866657205,2.7668504044413567,6.267989985644817,0,90
final_hybrid,2026086280,2,0,-8.0,2.5,0,0,0,0,0,0,0,0.017543859649122806,57,2.2761278066849497,2.681630291044712,2.756299916654825,0,114
final_hybrid,2026086280,3,0,-8.0,2.5,0,0,0,0,0,0,0,0.0,45,2.3841265795959368,2.963759656995535,3.98503290489316,0,90
final_hybrid,2026086281,0,3,-8.0,2.5,0,0,0,0,0,0,0,0.016666666666666666,60,2.4069667949030795,2.826291136443615,5.3583187982439995,0,120
final_hybrid,2026086281,1,3,-8.0,2.5,0,0,0,0,0,0,0,0.021739130434782608,46,2.3300246052120044,2.814422477968037,2.9638386331498623,0,92
final_hybrid,2026086281,2,3,-17.0,4.0,0,0,1,9,0,0,0,0.0,42,2.3253477688523985,2.9318460961803794,2.990004140883684,0,84
final_hybrid,2026086281,3,3,-22.0,3.0,0,0,0,0,0,0,0,0.0410958904109589,73,2.257030718794016,2.6020912453532214,3.0321097001433372,0,147
final_hybrid,2026086282,0,3,0.0,2.5,0,0,0,0,0,1,1,0.01098901098901099,91,2.3917401833766765,2.8498226311057806,4.427848849445581,0,182
final_hybrid,2026086282,1,3,-18.0,4.0,0,0,1,10,0,0,0,0.02666666666666667,75,2.3235691400865712,2.689840504899621,3.7080571055412292,0,150
final_hybrid,2026086282,2,3,-8.0,2.5,0,0,0,0,0,0,0,0.0196078431372549,51,2.279877653528078,2.658470068126917,3.108995035290718,0,102
final_hybrid,2026086282,3,3,-19.0,4.0,0,0,1,11,0,0,0,0.0,75,2.386297658085823,2.940704859793186,4.952477291226387,0,150
final_hybrid,2026086283,0,1,-8.0,2.5,0,0,0,0,0,0,0,0.014084507042253521,71,2.38340097466405,2.7672809083014727,5.469415802508593,0,142
final_hybrid,2026086283,1,1,-8.0,2.5,0,0,0,0,0,0,0,0.0,64,2.345843800867442,2.870399784296751,2.915012650191784,0,128
final_hybrid,2026086283,2,1,34.0,1.0,1,0,0,0,0,0,0,0.02631578947368421,76,2.305448729250776,2.7253531152382493,4.65376814827323,0,152
final_hybrid,2026086283,3,1,-8.0,2.5,0,0,0,0,0,0,0,0.0,60,2.2996463580057025,2.791623235680163,2.8273407369852066,0,120
final_hybrid,2026086284,0,3,-21.0,3.0,0,0,0,0,0,0,0,0.045454545454545456,44,2.3207878905602475,2.744203875772655,2.797564957290888,0,89
final_hybrid,2026086284,1,3,-8.0,2.5,0,0,0,0,0,0,0,0.0,46,2.4088831092028515,2.9312787810340524,5.345858167856932,0,92
final_hybrid,2026086284,2,3,-16.0,4.0,0,0,1,8,0,0,0,0.043478260869565216,46,2.4247143984488817,2.8138983761891723,6.352074909955263,0,92
final_hybrid,2026086284,3,3,32.0,1.0,1,0,0,0,0,0,0,0.021739130434782608,46,2.2773228120058775,2.7286423137411475,2.9174992814660072,0,92
final_hybrid,2026086285,0,0,34.0,1.0,1,0,0,0,0,0,0,0.017543859649122806,57,2.3561885188284672,2.7351724915206432,2.791455015540123,0,114
final_hybrid,2026086285,1,0,-8.0,2.5,0,0,0,0,0,0,0,0.0,84,2.3782670032233,2.8548659291118383,4.8949019983410835,0,168
final_hybrid,2026086285,2,0,60.0,1.0,1,1,0,0,0,0,0,0.0,66,2.40664138232894,3.0206688679754734,4.600130021572113,0,131
final_hybrid,2026086285,3,0,33.0,1.0,1,0,0,0,0,0,0,0.02631578947368421,76,2.3089437255341756,2.8119185008108616,3.2728901132941246,0,152
final_hybrid,2026086286,0,0,-8.0,2.5,0,0,0,0,0,0,0,0.03636363636363636,55,2.3782043294473127,2.755582192912698,4.495208617299795,0,110
final_hybrid,2026086286,1,0,-8.0,2.5,0,0,0,0,0,0,0,0.02040816326530612,49,2.3852957279554436,2.8077321127057076,5.428696051239967,0,98
final_hybrid,2026086286,2,0,36.0,1.0,1,0,0,0,0,0,0,0.027777777777777776,36,2.2818221477791667,2.773641492240131,2.80495872721076,0,72
final_hybrid,2026086286,3,0,36.0,1.0,1,0,0,0,0,0,0,0.0,51,2.3342745068172612,2.822496462613344,4.392446950078011,0,102
final_hybrid,2026086287,0,0,-8.0,2.5,0,0,0,0,0,0,0,0.0,42,2.372535344745432,2.912826999090612,3.030586987733841,0,84
final_hybrid,2026086287,1,0,-8.0,2.5,0,0,0,0,0,0,0,0.047619047619047616,42,2.2959033958613873,2.7238709153607488,2.753863111138344,0,84
final_hybrid,2026086287,2,0,52.0,1.0,1,0,0,0,0,0,0,0.023809523809523808,42,2.3044511742357696,2.754710172303021,2.7899988926947117,0,84
final_hybrid,2026086287,3,0,-37.0,3.0,0,0,0,0,0,0,0,0.058823529411764705,51,2.2785230357126864,2.69907689653337,2.7545620687305927,0,103
final_hybrid,2026086288,0,2,51.0,1.0,1,1,0,0,0,0,0,0.02702702702702703,37,2.3528438791431285,2.799977920949459,2.8371820226311684,0,73
final_hybrid,2026086288,1,2,48.0,1.0,1,0,0,0,0,0,0,0.0,37,2.311681951018604,2.7539056725800037,2.765658777207136,0,74
final_hybrid,2026086288,2,2,-8.0,2.5,0,0,0,0,0,0,0,0.02040816326530612,49,2.3675498229508496,2.783816121518612,4.739800933748484,0,98
final_hybrid,2026086288,3,2,-19.0,3.0,0,0,0,0,0,0,0,0.0,32,2.3465625854441896,2.8188821161165833,3.029549028724432,0,65
final_hybrid,2026086289,0,3,-17.0,3.0,0,0,0,0,0,0,0,0.041666666666666664,24,2.3852719847733774,2.822869806550443,2.8643151745200157,0,49
final_hybrid,2026086289,1,3,-17.0,3.0,0,0,0,0,0,0,0,0.02040816326530612,49,2.3848213616530507,2.8641466051340103,5.837604869157076,0,99
final_hybrid,2026086289,2,3,51.0,1.0,1,1,0,0,0,0,0,0.04,25,2.2570815309882164,2.688251808285713,2.7864198200404644,0,49
final_hybrid,2026086289,3,3,-16.0,4.0,0,0,1,8,0,0,0,0.02,50,2.3477660585194826,2.680350188165903,6.363815162330866,0,100
final_hybrid,2026086290,0,3,-20.0,4.0,0,0,1,12,0,0,0,0.017857142857142856,56,2.362977804815663,2.789762686006725,2.8286948800086975,0,112
final_hybrid,2026086290,1,3,36.0,1.0,1,0,0,0,0,0,0,0.03571428571428571,56,2.336979012138077,2.763379132375121,5.143212154507637,0,112
final_hybrid,2026086290,2,3,37.0,1.0,1,0,0,0,0,0,0,0.03225806451612903,31,2.428226818841311,2.797870896756649,6.292332895100117,0,62
final_hybrid,2026086290,3,3,-22.0,4.0,0,0,1,14,0,0,0,0.06896551724137931,29,2.2746790842763307,2.5781353004276752,2.5946679525077343,0,58
final_hybrid,2026086291,0,1,-8.0,2.5,0,0,0,0,0,0,0,0.041666666666666664,72,2.322855023925917,2.649899665266276,2.7645151130855083,0,144
final_hybrid,2026086291,1,1,-8.0,2.5,0,0,0,0,0,0,0,0.0,64,2.403737023996655,3.046763828024268,3.4288312308490276,0,128
final_hybrid,2026086291,2,1,33.0,1.0,1,0,0,0,0,0,0,0.014285714285714285,70,2.36674803974373,2.808827697299421,6.320306099951267,0,140
final_hybrid,2026086291,3,1,0.0,2.5,0,0,0,0,0,1,0,0.011494252873563218,87,2.306460729404085,2.797626005485654,3.055922221392393,0,174
final_hybrid,2026086292,0,3,-8.0,2.5,0,0,0,0,0,0,0,0.03571428571428571,56,2.3934509538646256,2.7725520776584744,5.240828730165958,0,112
final_hybrid,2026086292,1,3,-20.0,3.0,0,0,0,0,0,0,0,0.025,80,2.3816662549506873,2.7288540732115503,5.857209209352732,0,161
final_hybrid,2026086292,2,3,-8.0,2.5,0,0,0,0,0,0,0,0.017857142857142856,56,2.432348672300577,2.8144678799435496,6.736446637660265,0,112
final_hybrid,2026086292,3,3,47.0,1.0,1,0,0,0,0,0,0,0.017857142857142856,56,2.3550526654746915,2.76217854116112,5.493615288287401,0,112
final_hybrid,2026086293,0,2,-25.0,4.0,0,0,1,17,0,0,0,0.041666666666666664,72,2.3925491970860295,2.6947797974571586,5.7144868187606335,0,145
final_hybrid,2026086293,1,2,-8.0,2.5,0,0,0,0,0,0,0,0.014084507042253521,71,2.3419903788033505,2.7853455394506454,2.8511551208794117,0,141
final_hybrid,2026086293,2,2,51.0,1.0,1,1,0,0,0,0,0,0.045454545454545456,44,2.2522557674991814,2.776901167817414,2.8243628330528736,0,88
final_hybrid,2026086293,3,2,-8.0,2.5,0,0,0,0,0,0,0,0.057692307692307696,52,2.2899160304894814,2.6808321475982666,4.777552094310522,0,104
final_hybrid,2026086294,0,2,-20.0,3.0,0,0,0,0,0,0,0,0.011764705882352941,85,2.3607960244750275,2.800044510513544,2.837610896676779,0,171
final_hybrid,2026086294,1,2,-8.0,2.5,0,0,0,0,0,0,0,0.020833333333333332,48,2.2991441655904055,2.7386909583583474,2.8254459612071514,0,96
final_hybrid,2026086294,2,2,-8.0,2.5,0,0,0,0,0,0,0,0.020833333333333332,48,2.2610288967067995,2.6520770974457264,2.6585268788039684,0,96
final_hybrid,2026086294,3,2,33.0,1.0,1,0,0,0,0,0,0,0.041666666666666664,48,2.309796642900134,2.773673855699599,5.316989030689001,0,96
final_hybrid,2026086295,0,2,-8.0,2.5,0,0,0,0,0,0,0,0.02631578947368421,38,2.3363833438212933,2.7183257276192307,2.81665101647377,0,76
final_hybrid,2026086295,1,2,43.0,1.0,1,0,0,0,0,0,0,0.02127659574468085,47,2.3719820174130986,2.8473183512687683,4.807860124856234,0,94
final_hybrid,2026086295,2,2,-8.0,2.5,0,0,0,0,0,0,0,0.0,38,2.307561691850424,2.831779350526631,2.8698560781776905,0,76
final_hybrid,2026086295,3,2,33.0,1.0,1,0,0,0,0,0,0,0.02631578947368421,38,2.2821519891486357,2.7467312524095178,2.7939481660723686,0,76
final_hybrid,2026086296,0,0,-8.0,2.5,0,0,0,0,0,0,0,0.027777777777777776,36,2.3672733611116805,2.849976532161236,2.9429830610752106,0,72
final_hybrid,2026086296,1,0,-20.0,4.0,0,0,1,12,0,0,0,0.0,38,2.3470197828780663,2.842351980507374,2.8776046819984913,0,76
final_hybrid,2026086296,2,0,36.0,1.0,1,0,0,0,0,0,0,0.0,40,2.4388684891164303,2.98978944774717,5.425193812698126,0,80
final_hybrid,2026086296,3,0,-20.0,4.0,0,0,1,12,0,0,0,0.0,36,2.3043959841339126,2.7641585329547524,2.8170919977128506,0,72
final_hybrid,2026086297,0,1,35.0,1.0,1,0,0,0,0,0,0,0.0,55,2.4174270558763635,2.9734392650425434,3.060760907828808,0,111
final_hybrid,2026086297,1,1,38.0,1.0,1,0,0,0,0,0,0,0.02631578947368421,38,2.3315788957437404,2.7921148110181093,2.8376481495797634,0,76
final_hybrid,2026086297,2,1,-8.0,2.5,0,0,0,0,0,0,0,0.014492753623188406,69,2.2844280777634056,2.740247920155525,2.9097208753228188,0,139
final_hybrid,2026086297,3,1,-8.0,2.5,0,0,0,0,0,0,0,0.034482758620689655,29,2.2496864167523793,2.601241134107113,2.6089767925441265,0,58
final_hybrid,2026086298,0,3,-8.0,2.5,0,0,0,0,0,0,0,0.04,75,2.3953032741943994,2.7754584327340126,5.128201097249985,0,150
final_hybrid,2026086298,1,3,-8.0,2.5,0,0,0,0,0,0,0,0.028985507246376812,69,2.311865272729293,2.773564960807562,2.8776461258530617,0,138
final_hybrid,2026086298,2,3,-8.0,2.5,0,0,0,0,0,0,0,0.0,69,2.3494443950661714,2.977361809462309,3.082576207816601,0,138
final_hybrid,2026086298,3,3,40.0,1.0,1,0,0,0,0,0,0,0.0,69,2.312572227547998,2.8406670317053795,2.917512785643339,0,138
final_hybrid,2026086299,0,0,33.0,1.0,1,0,0,0,0,0,0,0.05405405405405406,37,2.3035737308295996,2.5805028155446053,2.7623260393738747,0,74
final_hybrid,2026086299,1,0,90.0,1.0,1,1,0,0,0,0,0,0.0,37,2.3241614721514083,2.7915986254811287,2.80050840228796,0,73
final_hybrid,2026086299,2,0,-8.0,2.5,0,0,0,0,0,0,0,0.0,37,2.3447040065720275,2.75954594835639,4.2090751230716705,0,74
final_hybrid,2026086299,3,0,-17.0,4.0,0,0,1,9,0,0,0,0.05405405405405406,37,2.3130804828896716,2.7995670214295387,4.134821705520153,0,74
final_hybrid,2026086300,0,3,-8.0,2.5,0,0,0,0,0,0,0,0.012195121951219513,82,2.4190398682726593,2.7540177339687943,5.691369995474815,0,164
final_hybrid,2026086300,1,3,-8.0,2.5,0,0,0,0,0,0,0,0.0,58,2.4163174153915765,2.8351663844659925,6.2544941902160645,0,116
final_hybrid,2026086300,2,3,-8.0,2.5,0,0,0,0,0,0,0,0.0,41,2.34296672591349,2.886034082621336,3.0695307068526745,0,82
final_hybrid,2026086300,3,3,0.0,2.5,0,0,0,0,0,1,0,0.011904761904761904,84,2.345580347104087,2.705726632848382,5.660542286932468,0,168
final_hybrid,2026086301,0,1,32.0,1.0,1,0,0,0,0,0,0,0.05128205128205128,39,2.3616322626670203,2.77760224416852,3.009342122823,0,78
final_hybrid,2026086301,1,1,-8.0,2.5,0,0,0,0,0,0,0,0.05128205128205128,39,2.275063907011197,2.6725593954324722,2.713710069656372,0,78
final_hybrid,2026086301,2,1,-8.0,2.5,0,0,0,0,0,0,0,0.0,40,2.321346732787788,2.8370833955705166,2.8701969422399998,0,80
final_hybrid,2026086301,3,1,-16.0,4.0,0,0,1,8,0,0,0,0.02702702702702703,37,2.255370815259379,2.615807019174099,2.661951817572117,0,74
final_hybrid,2026086302,0,1,-8.0,2.5,0,0,0,0,0,0,0,0.045454545454545456,44,2.3255927848036992,2.7074263896793127,2.79512582346797,0,88
final_hybrid,2026086302,1,1,44.0,1.0,1,0,0,0,0,0,0,0.017543859649122806,57,2.2909818217158318,2.680731751024723,2.7688718400895596,0,114
final_hybrid,2026086302,2,1,38.0,1.0,1,0,0,0,0,0,0,0.045454545454545456,44,2.269738110374998,2.7985940454527736,2.8977058827877045,0,88
final_hybrid,2026086302,3,1,-16.0,4.0,0,0,1,8,0,0,0,0.041666666666666664,48,2.2508570594557873,2.595697296783328,2.7240030467510223,0,96
final_hybrid,2026086303,0,2,-22.0,3.0,0,0,0,0,0,0,0,0.05357142857142857,56,2.33399064745754,2.640607999637723,2.7799271047115326,0,114
final_hybrid,2026086303,1,2,-22.0,3.0,0,0,0,0,0,0,0,0.0,54,2.3161865063701517,2.7022938476875424,2.726966980844736,0,109
final_hybrid,2026086303,2,2,66.0,1.0,1,1,0,0,0,0,0,0.017543859649122806,57,2.372483232695805,3.044511843472719,3.166541922837496,0,114
final_hybrid,2026086303,3,2,-22.0,3.0,0,0,0,0,0,0,0,0.017857142857142856,56,2.3470069697525884,2.719129784964025,6.563100963830948,0,114
final_hybrid,2026086304,0,1,32.0,1.0,1,0,0,0,0,0,0,0.0,52,2.3900416876690893,2.9249321902170777,2.964464947581291,0,104
final_hybrid,2026086304,1,1,0.0,2.5,0,0,0,0,0,1,0,0.011904761904761904,84,2.3460268386684002,2.700815279968083,5.317830014973879,0,168
final_hybrid,2026086304,2,1,-8.0,2.5,0,0,0,0,0,0,0,0.0,79,2.3727343311604066,2.9933965764939785,4.536840133368969,0,158
final_hybrid,2026086304,3,1,-18.0,3.0,0,0,0,0,0,0,0,0.0,47,2.289611677777894,2.7724478393793106,2.7984301559627056,0,95
final_hybrid,2026086305,0,2,33.0,1.0,1,0,0,0,0,0,0,0.023255813953488372,43,2.361259964662929,2.824369166046381,2.918965183198452,0,86
final_hybrid,2026086305,1,2,-8.0,2.5,0,0,0,0,0,0,0,0.0,43,2.3409269078699655,2.867110539227724,2.893222961574793,0,86
final_hybrid,2026086305,2,2,-17.0,4.0,0,0,1,9,0,0,0,0.0,55,2.362927481193434,3.0411018058657646,3.1026960350573063,0,110
final_hybrid,2026086305,3,2,-8.0,2.5,0,0,0,0,0,0,0,0.046511627906976744,43,2.3254353747984697,2.7727747801691294,4.022934008389711,0,86
final_hybrid,2026086306,0,0,69.0,1.0,1,1,0,0,0,0,0,0.0,49,2.3961547496063367,2.975913230329752,3.045335877686739,0,97
final_hybrid,2026086306,1,0,35.0,1.0,1,0,0,0,0,0,0,0.02040816326530612,49,2.319246226427506,2.8428266756236553,2.8904019854962826,0,98
final_hybrid,2026086306,2,0,-24.0,3.0,0,0,0,0,0,0,0,0.0,52,2.29683205879365,2.7875361032783985,2.8649759478867054,0,105
final_hybrid,2026086306,3,0,-24.0,3.0,0,0,0,0,0,0,0,0.0,52,2.3746999661223245,2.851862460374832,4.784812219440937,0,105
final_hybrid,2026086307,0,2,35.0,1.0,1,0,0,0,0,0,0,0.0,58,2.384265459238969,2.899717469699681,3.0378042720258236,0,116
final_hybrid,2026086307,1,2,-18.0,3.0,0,0,0,0,0,0,0,0.018518518518518517,54,2.306155610346684,2.7901082299649715,2.8696409426629543,0,109
final_hybrid,2026086307,2,2,-18.0,3.0,0,0,0,0,0,0,0,0.0,57,2.331855036971862,2.7514951303601265,4.734860733151436,0,115
final_hybrid,2026086307,3,2,-30.0,4.0,0,0,1,22,0,0,0,0.01694915254237288,59,2.2781904455337485,2.7396326418966055,2.8754686936736107,0,118
final_hybrid,2026086308,0,0,-8.0,2.5,0,0,0,0,0,0,0,0.0,79,2.3565727722229837,2.757845399901271,2.8323717415332794,0,158
final_hybrid,2026086308,1,0,-27.0,4.0,0,0,1,19,0,0,0,0.023255813953488372,43,2.364384974244722,2.72379363887012,4.560559988021851,0,86
final_hybrid,2026086308,2,0,-16.0,4.0,0,0,1,8,0,0,0,0.0,36,2.4065705947577953,2.842729794792831,5.651738960295916,0,72
final_hybrid,2026086308,3,0,48.0,1.0,1,0,0,0,0,0,0,0.03636363636363636,55,2.2746052000332964,2.7597904670983553,2.786301076412201,0,110
final_hybrid,2026086309,0,1,-21.0,4.0,0,0,1,13,0,0,0,0.0,57,2.398356329649687,2.87765022367239,2.9597124084830284,0,114
final_hybrid,2026086309,1,1,-8.0,2.5,0,0,0,0,0,0,0,0.06382978723404255,47,2.3066489858196135,2.6499152183532715,2.7716299518942833,0,94
final_hybrid,2026086309,2,1,-16.0,4.0,0,0,1,8,0,0,0,0.013888888888888888,72,2.298569798262583,2.761360304430127,2.799748908728361,0,144
final_hybrid,2026086309,3,1,46.0,1.0,1,0,0,0,0,0,0,0.014285714285714285,70,2.3305670291717564,2.7668873546645045,3.442247863858938,0,140
final_hybrid,2026086310,0,3,51.0,1.0,1,1,0,0,0,0,0,0.03225806451612903,31,2.359374050771998,2.811129903420806,2.863795030862093,0,61
final_hybrid,2026086310,1,3,-17.0,3.0,0,0,0,0,0,0,0,0.0,30,2.3235637228935957,2.7463128324598074,2.7875499799847603,0,61
final_hybrid,2026086310,2,3,-17.0,3.0,0,0,0,0,0,0,0,0.03333333333333333,30,2.3094302508980036,2.8411007719114423,2.89745582267642,0,61
final_hybrid,2026086310,3,3,-8.0,2.5,0,0,0,0,0,0,0,0.03333333333333333,30,2.2962843223164477,2.8369343606755137,2.854290883988142,0,60
final_hybrid,2026086311,0,2,-19.0,4.0,0,0,1,11,0,0,0,0.05,40,2.3481057374738157,2.7676119236275554,2.8273877687752247,0,80
final_hybrid,2026086311,1,2,-8.0,2.5,0,0,0,0,0,0,0,0.05,40,2.2784106084145606,2.641139342449605,2.775159664452076,0,80
final_hybrid,2026086311,2,2,35.0,1.0,1,0,0,0,0,0,0,0.0,40,2.348537929356098,3.023993596434593,3.0358219519257545,0,80
final_hybrid,2026086311,3,2,-8.0,2.5,0,0,0,0,0,0,0,0.0,36,2.3073165470527277,2.910573733970523,2.935633063316345,0,72
final_hybrid,2026086312,0,2,-19.0,4.0,0,0,1,11,0,0,0,0.061224489795918366,49,2.300546656609798,2.613151352852583,2.77827400714159,0,98
final_hybrid,2026086312,1,2,36.0,1.0,1,0,0,0,0,0,0,0.029411764705882353,68,2.310879247756127,2.8033092617988586,2.845852170139551,0,136
final_hybrid,2026086312,2,2,-19.0,3.0,0,0,0,0,0,0,0,0.0,58,2.391145885761442,2.991224778816104,5.8234939351677895,0,117
final_hybrid,2026086312,3,2,-19.0,3.0,0,0,0,0,0,0,0,0.05172413793103448,58,2.252222239521557,2.7205271646380424,2.7643400244414806,0,117
final_hybrid,2026086313,0,3,-16.0,4.0,0,0,1,8,0,0,0,0.030303030303030304,66,2.372086774840048,2.8164639370515943,2.851520199328661,0,133
final_hybrid,2026086313,1,3,-8.0,2.5,0,0,0,0,0,0,0,0.0,57,2.3720874451100826,3.019452001899481,3.1279842369258404,0,114
final_hybrid,2026086313,2,3,37.0,1.0,1,0,0,0,0,0,0,0.03636363636363636,55,2.3143359629267994,2.7107059955596924,3.22828721255064,0,109
final_hybrid,2026086313,3,3,108.0,1.0,1,1,0,0,0,0,0,0.0,39,2.3097925198574862,2.95663233846426,3.008364699780941,0,77
final_hybrid,2026086314,0,3,-17.0,3.0,0,0,0,0,0,0,0,0.022727272727272728,44,2.360880067995326,2.825331105850637,2.8366968035697937,0,89
final_hybrid,2026086314,1,3,-17.0,3.0,0,0,0,0,0,0,0,0.043478260869565216,46,2.3080389339314853,2.7545043267309666,2.83200666308403,0,93
final_hybrid,2026086314,2,3,51.0,1.0,1,1,0,0,0,0,0,0.01694915254237288,59,2.295528688483824,2.8114746790379286,2.8660180978477,0,117
final_hybrid,2026086314,3,3,-17.0,3.0,0,0,0,0,0,0,0,0.0,46,2.289857523029913,2.884782385081053,2.9551959596574306,0,93
final_hybrid,2026086315,0,3,36.0,1.0,1,0,0,0,0,0,0,0.0,62,2.3800343004686217,2.857225271873176,2.9143840074539185,0,124
final_hybrid,2026086315,1,3,-21.0,3.0,0,0,0,0,0,0,0,0.0,65,2.3639012199754896,2.938993461430073,3.0721621587872505,0,131
final_hybrid,2026086315,2,3,-21.0,3.0,0,0,0,0,0,0,0,0.015151515151515152,66,2.3264054378325287,2.7956372359767556,3.3243210054934025,0,133
final_hybrid,2026086315,3,3,-8.0,2.5,0,0,0,0,0,0,0,0.075,40,2.3324450594373047,2.620602259412408,5.223856307566166,0,80
final_hybrid,2026086316,0,2,-18.0,4.0,0,0,1,10,0,0,0,0.043478260869565216,46,2.378513803705573,2.723638666793704,3.821292892098427,0,92
final_hybrid,2026086316,1,2,-16.0,3.0,0,0,0,0,0,0,0,0.0,51,2.395598373065392,2.744883531704545,5.068400874733925,0,103
final_hybrid,2026086316,2,2,-33.0,4.0,0,0,1,25,0,0,0,0.017857142857142856,56,2.317154688561069,2.8752690413966775,2.908984199166298,0,112
final_hybrid,2026086316,3,2,-16.0,3.0,0,0,0,0,0,0,0,0.0196078431372549,51,2.391712137443178,3.2107471488416195,4.961300641298294,0,103
final_hybrid,2026086317,0,0,-8.0,2.5,0,0,0,0,0,0,0,0.07692307692307693,13,2.3707401437255053,2.732411026954651,2.7531548403203487,0,26
final_hybrid,2026086317,1,0,-18.0,4.0,0,0,1,10,0,0,0,0.0,49,2.3362016286320832,2.9397492296993732,3.010974731296301,0,98
final_hybrid,2026086317,2,0,-17.0,4.0,0,0,1,9,0,0,0,0.03125,32,2.2858700540382415,2.758341166190803,2.801688387989998,0,64
final_hybrid,2026086317,3,0,-8.0,2.5,0,0,0,0,0,0,0,0.08333333333333333,36,2.2307230909872384,2.5719611439853907,2.7678068727254868,0,72
final_hybrid,2026086318,0,2,35.0,1.0,1,0,0,0,0,0,0,0.03571428571428571,56,2.3464291672488407,2.738968119956553,2.8262906707823277,0,112
final_hybrid,2026086318,1,2,32.0,1.0,1,0,0,0,0,0,0,0.0392156862745098,51,2.3134371868389496,2.745900535956025,2.820997964590788,0,102
final_hybrid,2026086318,2,2,-8.0,2.5,0,0,0,0,0,0,0,0.0,38,2.3076084663013092,2.841258142143488,2.9153390787541866,0,76
final_hybrid,2026086318,3,2,32.0,1.0,1,0,0,0,0,0,0,0.014285714285714285,70,2.313686295279435,2.8146808268502355,2.9137940146028996,0,141
final_hybrid,2026086319,0,2,34.0,1.0,1,0,0,0,0,0,0,0.029411764705882353,34,2.3981576429351286,2.8615185292437673,2.875884063541889,0,68
final_hybrid,2026086319,1,2,-8.0,2.5,0,0,0,0,0,0,0,0.0,42,2.428042425197505,2.852227119728923,6.152578163892031,0,84
final_hybrid,2026086319,2,2,-8.0,2.5,0,0,0,0,0,0,0,0.0,47,2.324667679978178,2.883849013596773,2.996619325131178,0,94
final_hybrid,2026086319,3,2,34.0,1.0,1,0,0,0,0,0,0,0.047619047619047616,42,2.2588437977468683,2.660992555320263,2.671551890671253,0,84
final_hybrid,2026086320,0,2,34.0,1.0,1,0,0,0,0,0,0,0.014492753623188406,69,2.363657194149235,2.8328382410109043,2.924771048128605,0,138
final_hybrid,2026086320,1,2,42.0,1.0,1,0,0,0,0,0,0,0.11764705882352941,34,2.279995077782694,2.6472053723409767,2.816156018525362,0,68
final_hybrid,2026086320,2,2,-8.0,2.5,0,0,0,0,0,0,0,0.013888888888888888,72,2.333797313945575,2.8215864906087518,3.7872502580285072,0,144
final_hybrid,2026086320,3,2,33.0,1.0,1,0,0,0,0,0,0,0.0,70,2.3699210357985327,3.0545328045263886,3.1851818785071373,0,140
final_hybrid,2026086321,0,2,-8.0,2.5,0,0,0,0,0,0,0,0.0,52,2.3681197333364534,2.8176681138575077,2.8611570596694946,0,104
final_hybrid,2026086321,1,2,-26.0,3.0,0,0,0,0,0,0,0,0.019230769230769232,52,2.3633492662786293,2.9421349754557014,3.0127339996397495,0,105
final_hybrid,2026086321,2,2,-8.0,2.5,0,0,0,0,0,0,0,0.02127659574468085,47,2.293772044334006,2.720841858536005,2.9193186201155186,0,94
final_hybrid,2026086321,3,2,-20.0,4.0,0,0,1,12,0,0,0,0.03125,32,2.263496266095899,2.6236396515741944,2.7479128912091255,0,64
final_hybrid,2026086322,0,0,33.0,1.0,1,0,0,0,0,0,0,0.0,32,2.3906276910565794,2.908696257509291,2.9559852555394173,0,64
final_hybrid,2026086322,1,0,-20.0,3.0,0,0,0,0,0,0,0,0.029411764705882353,34,2.299482413731954,2.673630719073117,2.737698145210743,0,69
final_hybrid,2026086322,2,0,60.0,1.0,1,1,0,0,0,0,0,0.02857142857142857,35,2.2933142259716988,2.7944274246692657,2.8462838381528854,0,69
final_hybrid,2026086322,3,0,-20.0,3.0,0,0,0,0,0,0,0,0.0,34,2.2976820028441796,2.7759432327002287,2.8186896815896034,0,69
final_hybrid,2026086323,0,2,-8.0,2.5,0,0,0,0,0,0,0,0.04285714285714286,70,2.2974731201039895,2.5511153042316437,2.7907341718673706,0,140
final_hybrid,2026086323,1,2,35.0,1.0,1,0,0,0,0,0,0,0.021739130434782608,46,2.325347776565215,2.79322755523026,2.8594029136002064,0,92
final_hybrid,2026086323,2,2,-8.0,2.5,0,0,0,0,0,0,0,0.022727272727272728,44,2.3621742359616538,2.908595814369619,4.316241946071386,0,88
final_hybrid,2026086323,3,2,-19.0,4.0,0,0,1,11,0,0,0,0.09375,32,2.2611294989474118,2.6885775616392493,2.7958680875599384,0,64
final_hybrid,2026086324,0,2,-19.0,4.0,0,0,1,11,0,0,0,0.05454545454545454,55,2.420557586645538,2.793317148461938,4.437569063156843,0,110
final_hybrid,2026086324,1,2,-8.0,2.5,0,0,0,0,0,0,0,0.03636363636363636,55,2.3785845122554083,2.7360850945115085,5.37852430716157,0,110
final_hybrid,2026086324,2,2,-16.0,3.0,0,0,0,0,0,0,0,0.0,27,2.324280363542062,2.8454875107854605,2.855581697076559,0,55
final_hybrid,2026086324,3,2,35.0,1.0,1,0,0,0,0,0,0,0.0,55,2.368323936719786,2.9992114286869764,4.753416869789362,0,110
final_hybrid,2026086325,0,1,-33.0,4.0,0,0,1,25,0,0,0,0.03278688524590164,61,2.354293038732693,2.728584688156843,2.8407578356564045,0,122
final_hybrid,2026086325,1,1,-8.0,2.5,0,0,0,0,0,0,0,0.0,65,2.342180248636466,2.895685937255621,2.9749376699328423,0,130
final_hybrid,2026086325,2,1,-8.0,2.5,0,0,0,0,0,0,0,0.0,41,2.2984613641733076,2.7825431898236275,2.813769970089197,0,82
final_hybrid,2026086325,3,1,32.0,1.0,1,0,0,0,0,0,0,0.05263157894736842,38,2.248647218374045,2.7000790927559137,2.738822717219591,0,76
final_hybrid,2026086326,0,2,-8.0,2.5,0,0,0,0,0,0,0,0.022727272727272728,44,2.351942800239406,2.7698774822056293,2.7952780947089195,0,88
final_hybrid,2026086326,1,2,-8.0,2.5,0,0,0,0,0,0,0,0.0,44,2.3592220598154445,2.938041347078979,2.9809088446199894,0,88
final_hybrid,2026086326,2,2,-19.0,4.0,0,0,1,11,0,0,0,0.015151515151515152,66,2.3111460067218905,2.799210720695555,2.863159868866205,0,132
final_hybrid,2026086326,3,2,33.0,1.0,1,0,0,0,0,0,0,0.05172413793103448,58,2.2875626555419175,2.5980661157518625,4.53970767557621,0,116
final_hybrid,2026086327,0,3,-8.0,2.5,0,0,0,0,0,0,0,0.0,48,2.3737195200131587,2.8322521364316344,2.863918896764517,0,96
final_hybrid,2026086327,1,3,33.0,1.0,1,0,0,0,0,0,0,0.011904761904761904,84,2.3162087503199777,2.761164214462042,2.790386788547039,0,168
final_hybrid,2026086327,2,3,40.0,1.0,1,0,0,0,0,0,0,0.022727272727272728,44,2.2914767879146067,2.712971274740994,2.8252466581761837,0,88
final_hybrid,2026086327,3,3,-8.0,2.5,0,0,0,0,0,0,0,0.0,69,2.3322121267193467,2.838623244315386,4.157732706516981,0,138
final_hybrid,2026086328,0,2,-8.0,2.5,0,0,0,0,0,0,0,0.0,47,2.389033196216568,2.8684593737125397,2.8963699005544186,0,94
final_hybrid,2026086328,1,2,33.0,1.0,1,0,0,0,0,0,0,0.0,43,2.399049915893133,3.0668679624795914,3.1583821401000023,0,86
final_hybrid,2026086328,2,2,10.0,2.0,0,0,0,0,0,0,0,0.03508771929824561,57,2.286450896542846,2.6624929159879684,2.7681621722877026,1,115
final_hybrid,2026086328,3,2,-8.0,2.5,0,0,0,0,0,0,0,0.0,43,2.297356973813717,2.806235756725073,2.8471089899539948,0,86
final_hybrid,2026086329,0,3,61.0,1.0,1,0,0,0,0,0,0,0.04838709677419355,62,2.3288269331979174,2.7416810160502787,2.7740029618144035,0,124
final_hybrid,2026086329,1,3,51.0,1.0,1,1,0,0,0,0,0,0.012987012987012988,77,2.3385930274214064,2.7911857701838017,4.1616689413785934,0,153
final_hybrid,2026086329,2,3,-8.0,2.5,0,0,0,0,0,0,0,0.0,84,2.325980669064891,2.816399745643139,3.1674648635089397,0,168
final_hybrid,2026086329,3,3,32.0,1.0,1,0,0,0,0,0,0,0.034482758620689655,58,2.2835277888024677,2.724066749215126,2.7561779133975506,0,116
final_hybrid,2026086330,0,0,-8.0,2.5,0,0,0,0,0,0,0,0.058823529411764705,34,2.347015296382939,2.7785343350842595,2.8133131563663483,0,68
final_hybrid,2026086330,1,0,36.0,1.0,1,0,0,0,0,0,0,0.058823529411764705,34,2.3668471395092854,2.7137208031490445,4.2258561588823795,0,68
final_hybrid,2026086330,2,0,-20.0,3.0,0,0,0,0,0,0,0,0.0,47,2.3329573227687086,2.823719661682844,2.846674993634224,0,95
final_hybrid,2026086330,3,0,-8.0,2.5,0,0,0,0,0,0,0,0.0,34,2.285210580071982,2.8214108664542437,2.850895281881094,0,68
final_hybrid,2026086331,0,0,-16.0,4.0,0,0,1,8,0,0,0,0.043478260869565216,46,2.3681491552649634,2.8100237250328064,2.884089946746826,0,92
final_hybrid,2026086331,1,0,-21.0,3.0,0,0,0,0,0,0,0,0.0,76,2.421315214106519,3.0414829961955547,3.6604413762688637,0,153
final_hybrid,2026086331,2,0,-8.0,2.5,0,0,0,0,0,0,0,0.02,50,2.301357686519623,2.7448553359135985,2.8690770268440247,0,100
final_hybrid,2026086331,3,0,0.0,2.5,0,0,0,0,0,1,1,0.047619047619047616,84,2.2527476484399465,2.562931063584983,2.736917696893215,0,168
final_hybrid,2026086332,0,3,72.0,1.0,1,1,0,0,0,0,0,0.03508771929824561,57,2.458934917261726,2.8965169563889503,6.432194262742996,0,113
final_hybrid,2026086332,1,3,-8.0,2.5,0,0,0,0,0,0,0,0.03636363636363636,55,2.29894978586923,2.64447838999331,2.694204915314913,0,110
final_hybrid,2026086332,2,3,-8.0,2.5,0,0,0,0,0,0,0,0.0,56,2.34878999513707,2.892055199481547,2.930796705186367,0,112
final_hybrid,2026086332,3,3,-20.0,3.0,0,0,0,0,0,0,0,0.03571428571428571,56,2.2985719676528658,2.702732919715345,2.7710162103176117,0,113
final_hybrid,2026086333,0,2,32.0,1.0,1,0,0,0,0,0,0,0.018867924528301886,53,2.3737033424934126,2.8273502364754677,2.968552988022566,0,106
final_hybrid,2026086333,1,2,-8.0,2.5,0,0,0,0,0,0,0,0.0,79,2.3453021009417276,2.8989389538764954,2.981791738420725,0,158
final_hybrid,2026086333,2,2,35.0,1.0,1,0,0,0,0,0,0,0.0379746835443038,79,2.2885358974903443,2.69567733630538,2.850213088095188,0,158
final_hybrid,2026086333,3,2,-19.0,4.0,0,0,1,11,0,0,0,0.012658227848101266,79,2.317277455254446,2.799799991771579,3.8961940445005894,0,158
final_hybrid,2026086334,0,0,57.0,1.0,1,1,0,0,0,0,0,0.023809523809523808,42,2.406690779718615,2.810386545024812,5.741939879953861,0,83
final_hybrid,2026086334,1,0,33.0,1.0,1,0,0,0,0,0,0,0.04878048780487805,41,2.2754864994345643,2.6623238809406757,2.680713776499033,0,82
final_hybrid,2026086334,2,0,-19.0,3.0,0,0,0,0,0,0,0,0.04878048780487805,41,2.2477515087258526,2.583131194114685,2.6284712366759777,0,83
final_hybrid,2026086334,3,0,-19.0,3.0,0,0,0,0,0,0,0,0.024390243902439025,41,2.277212649038652,2.750725019723177,2.8079343028366566,0,83
final_hybrid,2026086335,0,0,-20.0,4.0,0,0,1,12,0,0,0,0.07142857142857142,28,2.4065764654161677,2.8587549924850464,3.571786917746067,0,56
final_hybrid,2026086335,1,0,-8.0,2.5,0,0,0,0,0,0,0,0.0,31,2.4163875308248306,2.8536864556372166,5.348423030227423,0,62
final_hybrid,2026086335,2,0,-8.0,2.5,0,0,0,0,0,0,0,0.10714285714285714,28,2.2504352798153247,2.5559164118021727,2.6851720176637173,0,56
final_hybrid,2026086335,3,0,-17.0,4.0,0,0,1,9,0,0,0,0.0,31,2.354191826476205,3.011286724358797,3.0525699257850647,0,62
final_hybrid,2026086336,0,1,-8.0,2.5,0,0,0,0,0,0,0,0.038461538461538464,52,2.373766494341768,2.661485713906586,4.709480330348015,0,104
final_hybrid,2026086336,1,1,-8.0,2.5,0,0,0,0,0,0,0,0.029411764705882353,68,2.3193138322847733,2.7448678156360984,2.888888120651245,0,136
final_hybrid,2026086336,2,1,34.0,1.0,1,0,0,0,0,0,0,0.038461538461538464,52,2.2536181629850316,2.6244066189974546,2.6414101012051105,0,104
final_hybrid,2026086336,3,1,-18.0,4.0,0,0,1,10,0,0,0,0.0,52,2.336792415007949,2.8735622996464367,3.022627905011177,0,104
final_hybrid,2026086337,0,3,99.0,1.0,1,1,0,0,0,0,0,0.0,49,2.3540729770855027,2.79618538916111,2.953893970698118,0,97
final_hybrid,2026086337,1,3,33.0,1.0,1,0,0,0,0,0,0,0.04878048780487805,41,2.3679255576031966,2.6006982661783695,6.346548907458782,0,82
final_hybrid,2026086337,2,3,-17.0,4.0,0,0,1,9,0,0,0,0.0,31,2.3247905586275364,2.796622458845377,3.21290735155344,0,62
final_hybrid,2026086337,3,3,-8.0,2.5,0,0,0,0,0,0,0,0.0,41,2.328692912691977,2.8902320191264153,2.948557026684284,0,82
final_hybrid,2026086338,0,1,35.0,1.0,1,0,0,0,0,0,0,0.015625,64,2.478161404724233,3.1508535146713257,3.707270137965679,0,128
final_hybrid,2026086338,1,1,49.0,1.0,1,0,0,0,0,0,0,0.0,51,2.474113632285712,3.374045481905341,4.851957317441702,0,103
final_hybrid,2026086338,2,1,-8.0,2.5,0,0,0,0,0,0,0,0.0,64,2.363502549997065,2.9558487236499786,3.7478809244930744,0,128
final_hybrid,2026086338,3,1,-8.0,2.5,0,0,0,0,0,0,0,0.0,30,2.3739956164111695,2.7936331927776337,4.548051860183477,0,60
final_hybrid,2026086339,0,2,34.0,1.0,1,0,0,0,0,0,0,0.125,16,2.3354031145572662,2.683567930944264,2.8227651491761208,0,32
final_hybrid,2026086339,1,2,-17.0,4.0,0,0,1,9,0,0,0,0.027777777777777776,72,2.354444412048906,2.8507695998996496,4.130147397518158,0,144
final_hybrid,2026086339,2,2,-8.0,2.5,0,0,0,0,0,0,0,0.028169014084507043,71,2.3293150326525662,2.7912664227187634,5.006148014217615,0,142
final_hybrid,2026086339,3,2,-8.0,2.5,0,0,0,0,0,0,0,0.013157894736842105,76,2.4121496091155628,2.9293238185346127,5.315115209668875,0,152
final_hybrid,2026086340,0,0,-8.0,2.5,0,0,0,0,0,0,0,0.03389830508474576,59,2.3528797536204427,2.7109263464808464,2.8046690858900547,0,118
final_hybrid,2026086340,1,0,43.0,1.0,1,0,0,0,0,0,0,0.01694915254237288,59,2.343531532244662,2.7552057057619095,3.1894217245280743,0,118
final_hybrid,2026086340,2,0,38.0,1.0,1,0,0,0,0,0,0,0.016666666666666666,60,2.3483994184061885,2.9007680248469114,3.6159497685730457,0,120
final_hybrid,2026086340,3,0,-8.0,2.5,0,0,0,0,0,0,0,0.0,59,2.3122115960439382,2.855311892926693,2.8653843328356743,0,118
final_hybrid,2026086341,0,3,35.0,1.0,1,0,0,0,0,0,0,0.025,40,2.4419971159659326,2.8377000475302334,5.267858970910311,0,80
final_hybrid,2026086341,1,3,-8.0,2.5,0,0,0,0,0,0,0,0.025,40,2.3334749042987823,2.812727983109653,2.878395840525627,0,80
final_hybrid,2026086341,2,3,-8.0,2.5,0,0,0,0,0,0,0,0.025,40,2.3084138985723257,2.804774884134531,2.8367103077471256,0,80
final_hybrid,2026086341,3,3,-19.0,4.0,0,0,1,11,0,0,0,0.0,40,2.310415031388402,2.776521327905357,2.830598969012499,0,80
final_hybrid,2026086342,0,1,-26.0,3.0,0,0,0,0,0,0,0,0.0,36,2.404106560991042,2.8524562949314713,2.9256311245262623,0,73
final_hybrid,2026086342,1,1,45.0,1.0,1,0,0,0,0,0,0,0.017241379310344827,58,2.312460737624045,2.7470246655866504,2.816926222294569,0,116
final_hybrid,2026086342,2,1,-26.0,3.0,0,0,0,0,0,0,0,0.0,38,2.2827928126054373,2.8054453898221254,2.8754188679158688,0,77
final_hybrid,2026086342,3,1,0.0,2.5,0,0,0,0,0,1,1,0.037037037037037035,81,2.2715857126002694,2.729492262005806,4.195598885416985,0,162
final_hybrid,2026086343,0,2,-18.0,4.0,0,0,1,10,0,0,0,0.0,56,2.443052504012095,3.0209228862076998,4.186779726296663,0,112
final_hybrid,2026086343,1,2,-8.0,2.5,0,0,0,0,0,0,0,0.016666666666666666,60,2.3614620324224234,2.83492817543447,3.6267288960516453,0,119
final_hybrid,2026086343,2,2,-17.0,4.0,0,0,1,9,0,0,0,0.018518518518518517,54,2.3468107381766594,2.7494872454553843,5.3173392079770565,0,108
final_hybrid,2026086343,3,2,57.0,1.0,1,1,0,0,0,0,0,0.031746031746031744,63,2.3165389318906127,2.7048954740166664,3.834540955722332,0,125
final_hybrid,2026086344,0,1,-24.0,3.0,0,0,0,0,0,0,0,0.09090909090909091,33,2.3165631220873557,2.7761438861489296,2.815471962094307,0,67
final_hybrid,2026086344,1,1,69.0,1.0,1,1,0,0,0,0,0,0.058823529411764705,34,2.3260986815918896,2.7231642510741945,3.7204832769930363,0,67
final_hybrid,2026086344,2,1,-23.0,3.0,0,0,0,0,0,0,0,0.06060606060606061,33,2.2716172829721915,2.6467476040124893,2.7519059367477894,0,67
final_hybrid,2026086344,3,1,-23.0,3.0,0,0,0,0,0,0,0,0.06060606060606061,33,2.2229366710014418,2.5818804278969765,2.6765489019453526,0,67
final_hybrid,2026086345,0,1,-8.0,2.5,0,0,0,0,0,0,0,0.0,50,2.4241053219884634,2.850647969171405,4.85320296138525,0,100
final_hybrid,2026086345,1,1,-8.0,2.5,0,0,0,0,0,0,0,0.0,55,2.3478931408714163,2.9496644157916307,3.057718276977539,0,110
final_hybrid,2026086345,2,1,-29.0,3.0,0,0,0,0,0,0,0,0.0,44,2.313566690480167,2.8771409299224615,2.9168929904699326,0,89
final_hybrid,2026086345,3,1,-8.0,2.5,0,0,0,0,0,0,0,0.08695652173913043,46,2.246321462418722,2.5972550502046943,2.7183732017874718,0,92
final_hybrid,2026086346,0,0,-8.0,2.5,0,0,0,0,0,0,0,0.0,68,2.4910369983819476,2.956056222319603,5.604912992566824,0,136
final_hybrid,2026086346,1,0,-8.0,2.5,0,0,0,0,0,0,0,0.0,47,2.422317694080003,2.8475055005401373,5.955624859780073,0,94
final_hybrid,2026086346,2,0,0.0,2.5,0,0,0,0,0,1,1,0.036585365853658534,82,2.2994208365406203,2.7426819084212184,2.8142412193119526,0,164
final_hybrid,2026086346,3,0,32.0,1.0,1,0,0,0,0,0,0,0.029411764705882353,68,2.30673560187878,2.7671300806105137,2.9837777838110924,0,136
final_hybrid,2026086347,0,0,33.0,1.0,1,0,0,0,0,0,0,0.017241379310344827,58,2.4545362765162158,3.074178984388709,4.006379749625921,0,116
final_hybrid,2026086347,1,0,-16.0,4.0,0,0,1,8,0,0,0,0.0,57,2.4169258397530045,3.010788932442665,4.32773120701313,0,114
final_hybrid,2026086347,2,0,-8.0,2.5,0,0,0,0,0,0,0,0.061224489795918366,49,2.285269887319633,2.668882627040148,2.7233539149165154,0,98
final_hybrid,2026086347,3,0,-8.0,2.5,0,0,0,0,0,0,0,0.041666666666666664,72,2.2994201345783143,2.7162659214809537,3.0248137190937996,0,144
final_hybrid,2026086348,0,3,-21.0,3.0,0,0,0,0,0,0,0,0.08823529411764706,34,2.337874926845817,2.749356394633651,2.7917660772800446,0,69
final_hybrid,2026086348,1,3,-21.0,3.0,0,0,0,0,0,0,0,0.0,34,2.3647493217140436,2.898509195074439,2.962064929306507,0,69
final_hybrid,2026086348,2,3,-21.0,3.0,0,0,0,0,0,0,0,0.030303030303030304,33,2.3510820147666065,2.8056309558451176,2.8712856583297253,0,67
final_hybrid,2026086348,3,3,63.0,1.0,1,1,0,0,0,0,0,0.0,35,2.2939685732126236,2.8241789899766445,2.8412402607500553,0,69
final_hybrid,2026086349,0,0,-20.0,3.0,0,0,0,0,0,0,0,0.017857142857142856,56,2.375942879422967,2.8198735089972615,2.87294527515769,0,113
final_hybrid,2026086349,1,0,-23.0,4.0,0,0,1,15,0,0,0,0.023255813953488372,86,2.329592950382205,2.803643001243472,2.851461060345173,0,173
final_hybrid,2026086349,2,0,66.0,1.0,1,1,0,0,0,0,0,0.05,60,2.268022298812866,2.609405945986509,2.8326516039669514,0,119
final_hybrid,2026086349,3,0,-20.0,3.0,0,0,0,0,0,0,0,0.017857142857142856,56,2.2897375830715254,2.7271234430372715,2.832275815308094,0,113
final_hybrid,2026086350,0,3,34.0,1.0,1,0,0,0,0,0,0,0.04838709677419355,62,2.297942526638508,2.595752594061196,2.7023600414395332,0,124
final_hybrid,2026086350,1,3,35.0,1.0,1,0,0,0,0,0,0,0.06818181818181818,44,2.2941009268503296,2.7629495365545154,2.8354888781905174,0,88
final_hybrid,2026086350,2,3,0.0,2.5,0,0,0,0,0,1,0,0.011494252873563218,87,2.3052362543156093,2.7682204265147448,2.8464230708777905,0,174
final_hybrid,2026086350,3,3,-8.0,2.5,0,0,0,0,0,0,0,0.0,33,2.285527488724752,2.8640732169151306,2.9369820840656757,0,66
final_hybrid,2026086351,0,3,0.0,2.5,0,0,0,0,0,1,1,0.011235955056179775,89,2.3538162042334507,2.770075388252735,2.8547318652272224,0,178
final_hybrid,2026086351,1,3,-32.0,4.0,0,0,1,24,0,0,0,0.03508771929824561,57,2.317874831261865,2.791380975395441,2.816373948007822,0,114
final_hybrid,2026086351,2,3,0.0,2.5,0,0,0,0,0,1,0,0.0,87,2.3268131624864434,2.906725835055113,2.960951067507267,0,174
final_hybrid,2026086351,3,3,0.0,2.5,0,0,0,0,0,1,0,0.011494252873563218,87,2.268300268627789,2.665782952681184,2.7039009146392345,0,174
final_hybrid,2026086352,0,0,54.0,1.0,1,1,0,0,0,0,0,0.019230769230769232,52,2.3786618571298628,2.801298419944942,2.88640009239316,0,103
final_hybrid,2026086352,1,0,99.0,1.0,1,1,0,0,0,0,0,0.0,50,2.3193078581243753,2.723636175505817,2.7550910599529743,0,99
final_hybrid,2026086352,2,0,-33.0,3.0,0,0,0,0,0,0,0,0.0,33,2.309914099786318,2.78229434043169,2.843853086233139,0,67
final_hybrid,2026086352,3,0,-33.0,3.0,0,0,0,0,0,0,0,0.027777777777777776,36,2.2962913563888936,2.7746473206207156,2.808261662721634,0,73
final_hybrid,2026086353,0,0,32.0,1.0,1,0,0,0,0,0,0,0.04,25,2.349685002118349,2.729377057403326,2.7977600693702698,0,50
final_hybrid,2026086353,1,0,-16.0,3.0,0,0,0,0,0,0,0,0.03225806451612903,62,2.2999082031028886,2.6759951841086145,2.8354120440781116,0,125
final_hybrid,2026086353,2,0,35.0,1.0,1,0,0,0,0,0,0,0.0,53,2.363780979067087,2.9864671640098095,3.1270310282707214,0,106
final_hybrid,2026086353,3,0,-16.0,3.0,0,0,0,0,0,0,0,0.0,62,2.3253496300669445,2.907580276951194,2.9682819731533527,0,125
final_hybrid,2026086354,0,3,0.0,2.5,0,0,0,0,0,1,0,0.023255813953488372,86,2.3574734182465216,2.774408902041614,2.8813648968935013,0,172
final_hybrid,2026086354,1,3,0.0,2.5,0,0,0,0,0,1,0,0.0,84,2.341980219907349,2.8523805551230907,2.9097888618707657,0,168
final_hybrid,2026086354,2,3,44.0,1.0,1,0,0,0,0,0,0,0.012987012987012988,77,2.3200820115479557,2.8258764185011387,2.9096463695168495,0,154
final_hybrid,2026086354,3,3,-21.0,3.0,0,0,0,0,0,0,0,0.0,72,2.322686913733681,2.8278008569031954,2.928570844233036,0,145
final_hybrid,2026086355,0,3,54.0,1.0,1,1,0,0,0,0,0,0.06896551724137931,29,2.3366520984162547,2.8452913276851177,2.8649349696934223,0,57
final_hybrid,2026086355,1,3,-16.0,3.0,0,0,0,0,0,0,0,0.02857142857142857,35,2.4007585431848253,2.887002751231193,4.382817540317774,0,71
final_hybrid,2026086355,2,3,-19.0,3.0,0,0,0,0,0,0,0,0.041666666666666664,24,2.38842445348079,2.7880023699253798,5.083480849862099,0,49
final_hybrid,2026086355,3,3,-29.0,3.0,0,0,0,0,0,0,0,0.075,40,2.2789530805312097,2.6686426484957337,2.7968203648924828,0,81
final_hybrid,2026086356,0,0,-17.0,4.0,0,0,1,9,0,0,0,0.030303030303030304,66,2.372895536774939,2.7696299366652966,2.8503211215138435,0,131
final_hybrid,2026086356,1,0,-18.0,3.0,0,0,0,0,0,0,0,0.0,74,2.4090563072948843,3.080694400705397,3.158528357744217,0,150
final_hybrid,2026086356,2,0,33.0,1.0,1,0,0,0,0,0,0,0.014285714285714285,70,2.2963504173925946,2.7776486007496715,2.8353696689009666,0,141
final_hybrid,2026086356,3,0,-16.0,4.0,0,0,1,8,0,0,0,0.0125,80,2.3300370725337416,2.8049608692526817,3.0839378014206886,0,161
final_hybrid,2026086357,0,1,-20.0,3.0,0,0,0,0,0,0,0,0.07317073170731707,41,2.322699783778772,2.69802613183856,2.774145919829607,0,83
final_hybrid,2026086357,1,1,60.0,1.0,1,1,0,0,0,0,0,0.045454545454545456,44,2.2954510800032453,2.6710279984399676,2.7031730860471725,0,87
final_hybrid,2026086357,2,1,-20.0,3.0,0,0,0,0,0,0,0,0.0,43,2.3229534109664516,2.9064263217151165,2.9315906576812267,0,87
final_hybrid,2026086357,3,1,-20.0,3.0,0,0,0,0,0,0,0,0.0,43,2.353538369196792,3.0229415744543076,3.0616880394518375,0,87
final_hybrid,2026086358,0,3,-19.0,3.0,0,0,0,0,0,0,0,0.01282051282051282,78,2.3850315811637883,2.864907984621823,2.8994372114539146,0,157
final_hybrid,2026086358,1,3,-8.0,2.5,0,0,0,0,0,0,0,0.0,69,2.355926400185495,2.8663042932748795,2.890324220061302,0,138
final_hybrid,2026086358,2,3,-8.0,2.5,0,0,0,0,0,0,0,0.0,84,2.3648291715376435,2.9596634907647967,2.981974743306637,0,168
final_hybrid,2026086358,3,3,51.0,1.0,1,1,0,0,0,0,0,0.015625,64,2.3168408224591985,2.871692692860961,2.9031443409621716,0,127
final_hybrid,2026086359,0,2,54.0,1.0,1,0,0,0,0,0,0,0.0,54,2.347474805665789,2.7470753295347095,2.7934988029301167,0,108
final_hybrid,2026086359,1,2,-20.0,3.0,0,0,0,0,0,0,0,0.044444444444444446,45,2.3004654691451125,2.786262519657612,2.8432272374629974,0,91
final_hybrid,2026086359,2,2,33.0,1.0,1,0,0,0,0,0,0,0.05405405405405406,37,2.258325360614706,2.706530224531889,2.75268591940403,0,74
final_hybrid,2026086359,3,2,-8.0,2.5,0,0,0,0,0,0,0,0.015384615384615385,65,2.2821502831692877,2.7507283724844456,2.8104418888688087,0,130
final_hybrid,2026086360,0,1,-32.0,3.0,0,0,0,0,0,0,0,0.0,55,2.3808628574691038,2.8234181459993124,2.864440903067589,0,111
final_hybrid,2026086360,1,1,-19.0,3.0,0,0,0,0,0,0,0,0.017543859649122806,57,2.3576649020246245,2.8702921234071255,2.9118089005351067,0,115
final_hybrid,2026086360,2,1,-21.0,4.0,0,0,1,13,0,0,0,0.018867924528301886,53,2.2887623570156546,2.719584759324789,2.7583949267864227,0,106
final_hybrid,2026086360,3,1,96.0,1.0,1,1,0,0,0,0,0,0.0,54,2.353681924028529,3.0124149518087506,3.0520381405949593,0,107
final_hybrid,2026086361,0,3,-8.0,2.5,0,0,0,0,0,0,0,0.0,40,2.395399985834956,2.8563538333401084,2.8894739225506783,0,80
final_hybrid,2026086361,1,3,-19.0,4.0,0,0,1,11,0,0,0,0.05,40,2.320314641110599,2.7061823522672057,3.012996166944504,0,80
final_hybrid,2026086361,2,3,35.0,1.0,1,0,0,0,0,0,0,0.025,40,2.2372855921275914,2.5856027379631996,2.6404978707432747,0,80
final_hybrid,2026086361,3,3,-8.0,2.5,0,0,0,0,0,0,0,0.05,40,2.5007626158185303,3.1519056763499957,3.7400443106889725,0,80
final_hybrid,2026086362,0,1,-20.0,3.0,0,0,0,0,0,0,0,0.05405405405405406,37,2.4363712558673845,3.2475530169904205,3.800441976636648,0,75
final_hybrid,2026086362,1,1,-17.0,4.0,0,0,1,9,0,0,0,0.0,42,2.4063905612343834,2.8198842192068696,6.047421135008335,0,84
final_hybrid,2026086362,2,1,-24.0,3.0,0,0,0,0,0,0,0,0.06976744186046512,43,2.2874148454257224,2.715731179341674,2.784778829663992,0,87
final_hybrid,2026086362,3,1,-23.0,4.0,0,0,1,15,0,0,0,0.025,40,2.342268778011203,2.7347167488187547,4.645153880119324,0,80
final_hybrid,2026086363,0,0,-16.0,3.0,0,0,0,0,0,0,0,0.0,58,2.44915075921293,2.897064480930567,5.280704237520695,0,117
final_hybrid,2026086363,1,0,-8.0,2.5,0,0,0,0,0,0,0,0.017857142857142856,56,2.312210022604891,2.727179555222392,2.803749404847622,0,112
final_hybrid,2026086363,2,0,-16.0,3.0,0,0,0,0,0,0,0,0.034482758620689655,58,2.285458741645361,2.684325072914362,3.023217897862196,0,117
final_hybrid,2026086363,3,0,35.0,1.0,1,0,0,0,0,0,0,0.03773584905660377,53,2.274160967472027,2.7564752846956253,2.7728709392249584,0,106
final_hybrid,2026086364,0,2,-8.0,2.5,0,0,0,0,0,0,0,0.0,27,2.3618599020496562,2.772227907553315,2.7851322665810585,0,54
final_hybrid,2026086364,1,2,-8.0,2.5,0,0,0,0,0,0,0,0.0,27,2.3105616543304035,2.8152810875326395,2.831441815942526,0,54
final_hybrid,2026086364,2,2,32.0,1.0,1,0,0,0,0,0,0,0.1111111111111111,27,2.2373906405711614,2.5826087221503258,2.612469717860222,0,54
final_hybrid,2026086364,3,2,-16.0,4.0,0,0,1,8,0,0,0,0.03225806451612903,31,2.3180800039441354,2.82581546343863,2.8473627753555775,0,62
final_hybrid,2026086365,0,3,-20.0,3.0,0,0,0,0,0,0,0,0.0,42,2.373624149532545,2.797164465300739,2.8293179348111153,0,85
final_hybrid,2026086365,1,3,-20.0,3.0,0,0,0,0,0,0,0,0.0,42,2.346008184498974,2.8252922231331468,2.8428100049495697,0,85
final_hybrid,2026086365,2,3,66.0,1.0,1,1,0,0,0,0,0,0.0,51,2.3206591277438053,2.8636676725000143,3.020389936864376,0,101
final_hybrid,2026086365,3,3,-20.0,3.0,0,0,0,0,0,0,0,0.023809523809523808,42,2.2999643059890893,2.8532434022054076,2.865353599190712,0,85
final_hybrid,2026086366,0,2,-8.0,2.5,0,0,0,0,0,0,0,0.02564102564102564,39,2.3332198795217733,2.6954921428114176,2.8099161572754383,0,78
final_hybrid,2026086366,1,2,-8.0,2.5,0,0,0,0,0,0,0,0.01818181818181818,55,2.3762324401600794,3.036274202167988,3.1206528656184673,0,110
final_hybrid,2026086366,2,2,57.0,1.0,1,1,0,0,0,0,0,0.03278688524590164,61,2.2855627381044332,2.702128142118454,2.7894368395209312,0,121
final_hybrid,2026086366,3,2,-21.0,4.0,0,0,1,13,0,0,0,0.014492753623188406,69,2.312072465007288,2.8243140317499638,2.8696549125015736,0,138
final_hybrid,2026086367,0,3,-8.0,2.5,0,0,0,0,0,0,0,0.038461538461538464,52,2.343178941653325,2.795883291400969,2.8456482104957104,0,104
final_hybrid,2026086367,1,3,-8.0,2.5,0,0,0,0,0,0,0,0.019230769230769232,52,2.40226539496619,2.8651318280026317,5.702479742467403,0,104
final_hybrid,2026086367,2,3,-18.0,4.0,0,0,1,10,0,0,0,0.03225806451612903,31,2.281428224617435,2.6936570648103952,2.7081938460469246,0,62
final_hybrid,2026086367,3,3,0.0,2.5,0,0,0,0,0,1,1,0.011235955056179775,89,2.3126940797553974,2.8261995874345303,2.865283749997616,0,177
final_hybrid,2026086368,0,1,-18.0,4.0,0,0,1,10,0,0,0,0.018867924528301886,53,2.357843903086658,2.7673850767314434,2.8332462534308434,0,106
final_hybrid,2026086368,1,1,34.0,1.0,1,0,0,0,0,0,0,0.0,48,2.3781303801418594,2.939937636256218,3.043237142264843,0,96
final_hybrid,2026086368,2,1,-30.0,3.0,0,0,0,0,0,0,0,0.023255813953488372,43,2.319247732588718,2.8069026302546263,2.871742006391287,0,87
final_hybrid,2026086368,3,1,10.0,2.0,0,0,0,0,0,0,0,0.02127659574468085,47,2.265439150815314,2.6700102258473635,2.699475735425949,1,95
final_hybrid,2026086369,0,0,-8.0,2.5,0,0,0,0,0,0,0,0.014925373134328358,67,2.3480984312829687,2.750685950741172,2.8215739876031876,0,134
final_hybrid,2026086369,1,0,-8.0,2.5,0,0,0,0,0,0,0,0.04,50,2.287958450615406,2.6693918742239475,2.7814097702503204,0,101
final_hybrid,2026086369,2,0,-30.0,4.0,0,0,1,22,0,0,0,0.0,50,2.407020330429077,2.9166643042117353,5.50604285672307,0,101
final_hybrid,2026086369,3,0,33.0,1.0,1,0,0,0,0,0,0,0.041666666666666664,72,2.2805890896254115,2.77914775069803,2.86851916462183,0,143
final_hybrid,2026086370,0,0,-8.0,2.5,0,0,0,0,0,0,0,0.0125,80,2.466186723904684,2.7940678875893354,5.216886289417744,0,160
final_hybrid,2026086370,1,0,57.0,1.0,1,1,0,0,0,0,0,0.05,40,2.313915442209691,2.768341382034123,2.8242450207471848,0,79
final_hybrid,2026086370,2,0,-18.0,3.0,0,0,0,0,0,0,0,0.0,35,2.349623159638473,2.9226958751678467,2.9874970205128193,0,71
final_hybrid,2026086370,3,0,-18.0,3.0,0,0,0,0,0,0,0,0.0,35,2.3495462590030263,2.938390104100108,3.279479220509529,0,71
final_hybrid,2026086371,0,3,0.0,2.5,0,0,0,0,0,1,0,0.0,84,2.4432054654295956,3.0068327905610204,3.6962642334401608,0,168
final_hybrid,2026086371,1,3,-18.0,4.0,0,0,1,10,0,0,0,0.0,74,2.3954768690305785,2.943173237144947,3.8258987478911877,0,148
final_hybrid,2026086371,2,3,72.0,1.0,1,1,0,0,0,0,0,0.02531645569620253,79,2.2787010308968116,2.696303091943264,2.784918062388897,0,157
final_hybrid,2026086371,3,3,10.0,2.0,0,0,0,0,0,0,0,0.01282051282051282,78,2.2951103269289703,2.737195859663188,2.821821253746748,1,157
final_hybrid,2026086372,0,3,-19.0,3.0,0,0,0,0,0,0,0,0.041666666666666664,48,2.368582926768189,2.80736587010324,2.8357869014143944,0,97
final_hybrid,2026086372,1,3,0.0,2.5,0,0,0,0,0,1,1,0.03488372093023256,86,2.2913021912668334,2.647524350322783,2.7527078054845333,0,172
final_hybrid,2026086372,2,3,-19.0,3.0,0,0,0,0,0,0,0,0.020833333333333332,48,2.3143622577966503,2.802644483745098,2.86576384678483,0,97
final_hybrid,2026086372,3,3,-19.0,3.0,0,0,0,0,0,0,0,0.020833333333333332,48,2.2789119684603065,2.744840900413692,2.7985377237200737,0,97
final_hybrid,2026086373,0,3,-23.0,3.0,0,0,0,0,0,0,0,0.05555555555555555,54,2.317622338456136,2.705788472667336,2.7882540598511696,0,109
final_hybrid,2026086373,1,3,-8.0,2.5,0,0,0,0,0,0,0,0.0,45,2.3985104738838143,2.9131493531167507,4.050916060805321,0,90
final_hybrid,2026086373,2,3,-8.0,2.5,0,0,0,0,0,0,0,0.0,48,2.3508144464964666,2.9324008617550135,2.9854080639779568,0,96
final_hybrid,2026086373,3,3,-8.0,2.5,0,0,0,0,0,0,0,0.0,45,2.3188395529157586,2.7884654700756073,2.8295479714870453,0,90
final_hybrid,2026086374,0,2,37.0,1.0,1,0,0,0,0,0,0,0.0,61,2.4043672687572535,2.979645971208811,3.1108581461012363,0,122
final_hybrid,2026086374,1,2,34.0,1.0,1,0,0,0,0,0,0,0.04918032786885246,61,2.284323758460948,2.6786490343511105,2.7456521056592464,0,122
final_hybrid,2026086374,2,2,33.0,1.0,1,0,0,0,0,0,0,0.0,24,2.31878007374083,2.8518354054540396,2.9100128449499607,0,48
final_hybrid,2026086374,3,2,32.0,1.0,1,0,0,0,0,0,0,0.015873015873015872,63,2.329132238787318,2.9057390056550503,2.9096128419041634,0,126
final_hybrid,2026086375,0,2,-34.0,3.0,0,0,0,0,0,0,0,0.0,69,2.3903468407798503,2.8925012797117233,2.8983638621866703,0,139
final_hybrid,2026086375,1,2,-28.0,3.0,0,0,0,0,0,0,0,0.06666666666666667,45,2.349354616469807,2.696335129439831,5.416730884462595,0,91
final_hybrid,2026086375,2,2,-8.0,2.5,0,0,0,0,0,0,0,0.0,53,2.306995649804484,2.789018489420414,2.931815106421709,0,106
final_hybrid,2026086375,3,2,-8.0,2.5,0,0,0,0,0,0,0,0.015625,64,2.3064158085617237,2.850956213660538,2.9134601354599,0,128
final_hybrid,2026086376,0,3,0.0,2.5,0,0,0,0,0,1,0,0.012345679012345678,81,2.36688364573099,2.8676260262727737,2.9018260538578033,0,163
final_hybrid,2026086376,1,3,-30.0,3.0,0,0,0,0,0,0,0,0.0273972602739726,73,2.2853019787636524,2.7185948565602303,2.752301748842001,0,147
final_hybrid,2026086376,2,3,0.0,2.5,0,0,0,0,0,1,0,0.0379746835443038,79,2.2536025005333786,2.6035245507955547,2.735162153840065,0,159
final_hybrid,2026086376,3,3,-8.0,2.5,0,0,0,0,0,0,0,0.0,82,2.360817419773922,2.700653113424778,5.949644837528467,0,164
final_hybrid,2026086377,0,3,36.0,1.0,1,0,0,0,0,0,0,0.08823529411764706,34,2.4462755742099356,3.5029618069529485,5.17934188246727,0,68
final_hybrid,2026086377,1,3,-8.0,2.5,0,0,0,0,0,0,0,0.0,34,2.326450214776046,2.8326241532340646,3.173121251165867,0,68
final_hybrid,2026086377,2,3,-8.0,2.5,0,0,0,0,0,0,0,0.029411764705882353,34,2.3910438587122105,2.8278238140046597,5.382342264056206,0,68
final_hybrid,2026086377,3,3,-16.0,4.0,0,0,1,8,0,0,0,0.022727272727272728,44,2.2639495172453197,2.6862334460020065,2.7361931279301643,0,88
final_hybrid,2026086378,0,2,-55.0,4.0,0,0,1,47,1,0,0,0.041666666666666664,48,2.336349328591799,2.7330386685207486,2.8524911031126976,0,96
final_hybrid,2026086378,1,2,56.0,1.0,1,0,0,0,0,0,0,0.0,48,2.530135641184946,3.1343281036242843,4.895718302577734,0,96
final_hybrid,2026086378,2,2,-32.0,4.0,0,0,1,24,0,0,0,0.03571428571428571,56,2.341231913305819,2.7025536401197314,5.716348998248577,0,112
final_hybrid,2026086378,3,2,-8.0,2.5,0,0,0,0,0,0,0,0.020833333333333332,48,2.2848790201048055,2.694917400367558,2.7166372165083885,0,96
final_hybrid,2026086379,0,0,-19.0,4.0,0,0,1,11,0,0,0,0.02702702702702703,37,2.349880775688468,2.7718867175281043,2.8180191293358803,0,74
final_hybrid,2026086379,1,0,-20.0,3.0,0,0,0,0,0,0,0,0.07142857142857142,42,2.2857126646808217,2.7334877755492926,2.7637239545583725,0,85
final_hybrid,2026086379,2,0,-8.0,2.5,0,0,0,0,0,0,0,0.030303030303030304,33,2.289612791642095,2.788416016846895,2.8083911165595055,0,66
final_hybrid,2026086379,3,0,-19.0,3.0,0,0,0,0,0,0,0,0.0,37,2.3057778063859486,2.8161385096609592,2.857971005141735,0,75
final_hybrid,2026086380,0,1,48.0,1.0,1,0,0,0,0,0,0,0.0,47,2.3416114396395837,2.7510030660778284,2.7719526551663876,0,94
final_hybrid,2026086380,1,1,-33.0,3.0,0,0,0,0,0,0,0,0.0,38,2.368571947475797,2.804220817051828,4.242002964019775,0,77
final_hybrid,2026086380,2,1,-8.0,2.5,0,0,0,0,0,0,0,0.04,50,2.284374935552478,2.7396520134061575,2.793850377202034,0,100
final_hybrid,2026086380,3,1,-16.0,4.0,0,0,1,8,0,0,0,0.022222222222222223,45,2.28061621180839,2.7857400476932526,2.8207548893988132,0,90
final_hybrid,2026086381,0,3,-19.0,4.0,0,0,1,11,0,0,0,0.0,59,2.371825340945842,2.788505330681801,3.574645146727562,0,118
final_hybrid,2026086381,1,3,-17.0,4.0,0,0,1,9,0,0,0,0.023255813953488372,43,2.319070272320925,2.7828890830278397,2.8197355568408966,0,86
final_hybrid,2026086381,2,3,35.0,1.0,1,0,0,0,0,0,0,0.05357142857142857,56,2.3008351646629825,2.648241468705237,3.8907588459551334,0,112
final_hybrid,2026086381,3,3,-8.0,2.5,0,0,0,0,0,0,0,0.01818181818181818,55,2.2866562008857727,2.7220839634537697,2.7531920932233334,0,110
final_hybrid,2026086382,0,0,-19.0,4.0,0,0,1,11,0,0,0,0.0,41,2.4139580612139,2.981232013553381,3.0694231390953064,0,82
final_hybrid,2026086382,1,0,34.0,1.0,1,0,0,0,0,0,0,0.0,41,2.345628400401371,2.911944407969713,2.937781624495983,0,82
final_hybrid,2026086382,2,0,-8.0,2.5,0,0,0,0,0,0,0,0.0,41,2.312748499850674,2.810139674693346,2.884568180888891,0,82
final_hybrid,2026086382,3,0,-8.0,2.5,0,0,0,0,0,0,0,0.024390243902439025,41,2.2857147723254636,2.731835935264826,2.786642871797085,0,82
final_hybrid,2026086383,0,1,-21.0,3.0,0,0,0,0,0,0,0,0.0392156862745098,51,2.35042171370165,2.7873190119862556,2.8475248254835606,0,103
final_hybrid,2026086383,1,1,-8.0,2.5,0,0,0,0,0,0,0,0.0,49,2.322658335752025,2.8350030072033405,2.878407947719097,0,98
final_hybrid,2026086383,2,1,34.0,1.0,1,0,0,0,0,0,0,0.020833333333333332,48,2.296559056655193,2.8105837758630514,2.8344006277620792,0,96
final_hybrid,2026086383,3,1,-8.0,2.5,0,0,0,0,0,0,0,0.0,35,2.286615688353777,2.785349963232875,2.814674749970436,0,70
final_hybrid,2026086384,0,1,-8.0,2.5,0,0,0,0,0,0,0,0.0,29,2.4335753365323463,2.8027222491800785,4.504921846091747,0,58
final_hybrid,2026086384,1,1,-8.0,2.5,0,0,0,0,0,0,0,0.06896551724137931,29,2.3177275915854962,2.75485347956419,2.8242897242307663,0,58
final_hybrid,2026086384,2,1,-21.0,3.0,0,0,0,0,0,0,0,0.034482758620689655,29,2.3071064356842945,2.7527966536581516,2.842084039002657,0,59
final_hybrid,2026086384,3,1,38.0,1.0,1,0,0,0,0,0,0,0.0,29,2.2874962024647614,2.8075287118554115,2.8350120410323143,0,58
final_hybrid,2026086385,0,3,-19.0,4.0,0,0,1,11,0,0,0,0.037037037037037035,54,2.3653847941507897,2.766656898893416,2.798454836010933,0,108
final_hybrid,2026086385,1,3,33.0,1.0,1,0,0,0,0,0,0,0.07407407407407407,27,2.2867296098007097,2.7028560172766447,2.754479181021452,0,54
final_hybrid,2026086385,2,3,-8.0,2.5,0,0,0,0,0,0,0,0.0,59,2.317854550556611,2.8324847109615803,2.92740436270833,0,118
final_hybrid,2026086385,3,3,60.0,1.0,1,1,0,0,0,0,0,0.018518518518518517,54,2.2778413172259375,2.692228090018034,2.7817590162158012,0,107
final_hybrid,2026086386,0,2,-25.0,3.0,0,0,0,0,0,0,0,0.0,23,2.364236659005932,2.7867081109434366,2.8382143937051296,0,47
final_hybrid,2026086386,1,2,-25.0,3.0,0,0,0,0,0,0,0,0.08,25,2.290730308741331,2.6284513995051384,2.633344382047653,0,52
final_hybrid,2026086386,2,2,-25.0,3.0,0,0,0,0,0,0,0,0.041666666666666664,24,2.319580273857961,2.728059166111052,2.7552093379199505,0,48
final_hybrid,2026086386,3,2,43.0,1.0,1,0,0,0,0,0,0,0.027777777777777776,72,2.34895017153273,2.870474592782557,6.762817036360502,0,145
final_hybrid,2026086387,0,1,54.0,1.0,1,1,0,0,0,0,0,0.041666666666666664,24,2.3412774316966534,2.8069891268387437,2.8566159307956696,0,47
final_hybrid,2026086387,1,1,-18.0,3.0,0,0,0,0,0,0,0,0.08695652173913043,23,2.299536343501962,2.759860595688224,2.7838442474603653,0,47
final_hybrid,2026086387,2,1,-18.0,3.0,0,0,0,0,0,0,0,0.0,23,2.358798484277466,2.873618947342038,3.6201546899974346,0,47
final_hybrid,2026086387,3,1,-18.0,3.0,0,0,0,0,0,0,0,0.0,23,2.3863589917512043,3.1291693914681673,3.1827008351683617,0,47
final_hybrid,2026086388,0,0,-8.0,2.5,0,0,0,0,0,0,0,0.0,41,2.397344379526813,2.878960222005844,3.0018254183232784,0,82
final_hybrid,2026086388,1,0,46.0,1.0,1,0,0,0,0,0,0,0.024390243902439025,41,2.455054611967104,2.8627077117562294,6.161838304251432,0,82
final_hybrid,2026086388,2,0,-30.0,4.0,0,0,1,22,0,0,0,0.0,41,2.3779479400595513,2.9129222966730595,3.131294157356024,0,82
final_hybrid,2026086388,3,0,-8.0,2.5,0,0,0,0,0,0,0,0.024390243902439025,41,2.3887312130593674,2.784464042633772,4.669093061238527,0,82
final_hybrid,2026086389,0,0,-8.0,2.5,0,0,0,0,0,0,0,0.05,20,2.3621191503480077,2.8577053220942616,2.8975410386919975,0,40
final_hybrid,2026086389,1,0,48.0,1.0,1,0,0,0,0,0,0,0.0,20,2.3936035577207804,2.883297204971314,3.463640809059143,0,40
final_hybrid,2026086389,2,0,-8.0,2.5,0,0,0,0,0,0,0,0.05,20,2.4858948308974504,3.051887964829804,4.716889001429081,0,40
final_hybrid,2026086389,3,0,-8.0,2.5,0,0,0,0,0,0,0,0.0,33,2.3531699553132057,2.9480421915650368,2.9871980659663677,0,66
final_hybrid,2026086390,0,2,-21.0,3.0,0,0,0,0,0,0,0,0.043478260869565216,46,2.3490532969489046,2.702610334381461,2.8599495999515057,0,93
final_hybrid,2026086390,1,2,-20.0,4.0,0,0,1,12,0,0,0,0.047619047619047616,42,2.346355490209091,2.8470118064433336,3.4663467667996883,0,84
final_hybrid,2026086390,2,2,36.0,1.0,1,0,0,0,0,0,0,0.0,42,2.299230955984621,2.795530715957284,2.82987579703331,0,84
final_hybrid,2026086390,3,2,-21.0,3.0,0,0,0,0,0,0,0,0.0,48,2.303634857526049,2.858400344848633,2.9007080011069775,0,97
final_hybrid,2026086391,0,1,-30.0,4.0,0,0,1,22,0,0,0,0.034482758620689655,29,2.369616919293486,2.763365488499403,2.8110318817198277,0,58
final_hybrid,2026086391,1,1,46.0,1.0,1,0,0,0,0,0,0,0.06896551724137931,29,2.3806300495976003,2.7375719510018826,5.130892153829336,0,58
final_hybrid,2026086391,2,1,-8.0,2.5,0,0,0,0,0,0,0,0.04,25,2.2181083261966705,2.6279128156602383,2.671236637979746,0,50
final_hybrid,2026086391,3,1,35.0,1.0,1,0,0,0,0,0,0,0.09090909090909091,33,2.3724030929081366,3.047051467001437,4.910149145871401,0,66
final_hybrid,2026086392,0,2,-22.0,3.0,0,0,0,0,0,0,0,0.014925373134328358,67,2.3405269594557248,2.6703210081905127,3.5850373096764088,0,135
final_hybrid,2026086392,1,2,-22.0,3.0,0,0,0,0,0,0,0,0.04477611940298507,67,2.3619012226030898,2.7678759302943945,4.82435105368495,0,135
final_hybrid,2026086392,2,2,66.0,1.0,1,1,0,0,0,0,0,0.04411764705882353,68,2.3275467649321344,2.692731679417193,5.272485781461,0,135
final_hybrid,2026086392,3,2,34.0,1.0,1,0,0,0,0,0,0,0.018518518518518517,54,2.2764597864200673,2.808980061672628,2.828930038958788,0,108
final_hybrid,2026086393,0,2,51.0,1.0,1,1,0,0,0,0,0,0.02040816326530612,49,2.414436469196665,2.961861062794924,4.731815308332443,0,97
final_hybrid,2026086393,1,2,-24.0,4.0,0,0,1,16,0,0,0,0.07142857142857142,42,2.3498189790795245,2.770620468072593,4.079193342477083,0,84
final_hybrid,2026086393,2,2,-16.0,4.0,0,0,1,8,0,0,0,0.0,39,2.3143098044853945,2.803875645622611,2.8139790520071983,0,78
final_hybrid,2026086393,3,2,-17.0,3.0,0,0,0,0,0,0,0,0.0,48,2.3245775955729187,2.937055518850684,2.9865200631320477,0,97
final_hybrid,2026086394,0,0,-20.0,4.0,0,0,1,12,0,0,0,0.0,71,2.3750237608984324,2.842715010046959,2.9529379680752754,0,142
final_hybrid,2026086394,1,0,45.0,1.0,1,0,0,0,0,0,0,0.0,45,2.353034002913369,2.96365087851882,3.024646081030369,0,90
final_hybrid,2026086394,2,0,-19.0,4.0,0,0,1,11,0,0,0,0.061224489795918366,49,2.2880871381078447,2.7092074044048786,3.399759065359831,0,98
final_hybrid,2026086394,3,0,0.0,2.5,0,0,0,0,0,1,0,0.011904761904761904,84,2.327026067567723,2.8074552537873387,4.9732523038983345,0,168
final_hybrid,2026086395,0,2,-23.0,4.0,0,0,1,15,0,0,0,0.08333333333333333,36,2.3509700032364993,2.628742135129869,4.546215292066336,0,72
final_hybrid,2026086395,1,2,-8.0,2.5,0,0,0,0,0,0,0,0.05,40,2.271531883161515,2.7074028039351106,2.732092048972845,0,80
final_hybrid,2026086395,2,2,-8.0,2.5,0,0,0,0,0,0,0,0.07894736842105263,38,2.31815199367702,2.7604551520198584,3.3979471772909164,0,76
final_hybrid,2026086395,3,2,33.0,1.0,1,0,0,0,0,0,0,0.06818181818181818,44,2.227519913999872,2.584458817727864,2.674945630133152,0,88
final_hybrid,2026086396,0,0,-23.0,4.0,0,0,1,15,0,0,0,0.0,51,2.3997108470283304,2.863407600671053,3.1563430093228817,0,102
final_hybrid,2026086396,1,0,38.0,1.0,1,0,0,0,0,0,0,0.0,58,2.3602436071839827,2.7924992609769106,4.102409817278385,0,116
final_hybrid,2026086396,2,0,52.0,1.0,1,0,0,0,0,0,0,0.05263157894736842,38,2.2780390480827344,2.791778836399317,2.8189937584102154,0,76
final_hybrid,2026086396,3,0,-36.0,4.0,0,0,1,28,0,0,0,0.043478260869565216,46,2.3538040341404467,2.8206523275002837,4.02198126539588,0,92
final_hybrid,2026086397,0,1,-8.0,2.5,0,0,0,0,0,0,0,0.015384615384615385,65,2.370724998987638,2.7671135030686855,3.9783562533557415,0,130
final_hybrid,2026086397,1,1,-24.0,4.0,0,0,1,16,0,0,0,0.0,61,2.404778524011862,3.0053420923650265,5.0850799307227135,0,122
final_hybrid,2026086397,2,1,-8.0,2.5,0,0,0,0,0,0,0,0.0392156862745098,51,2.2819157342846488,2.7954301331192255,3.6796657368540764,0,102
final_hybrid,2026086397,3,1,37.0,1.0,1,0,0,0,0,0,0,0.05,60,2.254629802579681,2.67812917008996,2.7412576600909233,0,120
final_hybrid,2026086398,0,1,-16.0,4.0,0,0,1,8,0,0,0,0.02127659574468085,47,2.3845634621350054,2.9011033475399017,2.929320093244314,0,94
final_hybrid,2026086398,1,1,-8.0,2.5,0,0,0,0,0,0,0,0.0,42,2.3019239417321624,2.839492238126695,2.8520841151475906,0,84
final_hybrid,2026086398,2,1,32.0,1.0,1,0,0,0,0,0,0,0.06976744186046512,43,2.296047480127146,2.686911216005683,5.2550178952515125,0,86
final_hybrid,2026086398,3,1,-8.0,2.5,0,0,0,0,0,0,0,0.023255813953488372,43,2.3214102744363077,2.6661555282771587,4.711377900093794,0,86
final_hybrid,2026086399,0,0,-25.0,3.0,0,0,0,0,0,0,0,0.03076923076923077,65,2.357504044014674,2.765777986496687,3.415405750274658,0,132
final_hybrid,2026086399,1,0,-8.0,2.5,0,0,0,0,0,0,0,0.019230769230769232,52,2.3342104037650504,2.845555217936635,2.951791975647211,0,104
final_hybrid,2026086399,2,0,-16.0,4.0,0,0,1,8,0,0,0,0.016129032258064516,62,2.3195183640646357,2.823260612785816,2.902412321418524,0,125
final_hybrid,2026086399,3,0,33.0,1.0,1,0,0,0,0,0,0,0.03225806451612903,62,2.3109991283666704,2.7705111540853977,4.044618923217058,0,124
final_hybrid,2026086400,0,1,48.0,1.0,1,1,0,0,0,0,0,0.041666666666666664,48,2.319458066873873,2.6688487268984318,2.8753960505127907,0,95
final_hybrid,2026086400,1,1,-18.0,4.0,0,0,1,10,0,0,0,0.02631578947368421,76,2.3515216675341915,2.722979406826198,5.039044190198183,0,152
final_hybrid,2026086400,2,1,0.0,2.5,0,0,0,0,0,1,0,0.0,86,2.309462304638569,2.7948779752478004,2.8221099637448788,0,172
final_hybrid,2026086400,3,1,-16.0,3.0,0,0,0,0,0,0,0,0.037037037037037035,54,2.27037391245917,2.7566501637920737,2.8095999732613564,0,109
final_hybrid,2026086401,0,1,51.0,1.0,1,1,0,0,0,0,0,0.05405405405405406,37,2.33448831666563,2.8038854710757732,2.830228302627802,0,73
final_hybrid,2026086401,1,1,-17.0,3.0,0,0,0,0,0,0,0,0.0,36,2.3255892641221485,2.8009378584101796,2.8138021007180214,0,73
final_hybrid,2026086401,2,1,-8.0,2.5,0,0,0,0,0,0,0,0.0,32,2.3106275184545666,2.759658615104854,2.7708359993994236,0,64
final_hybrid,2026086401,3,1,-17.0,3.0,0,0,0,0,0,0,0,0.0,32,2.3008354619378224,2.8226977912709117,2.844681032001972,0,65
final_hybrid,2026086402,0,2,-8.0,2.5,0,0,0,0,0,0,0,0.0,59,2.389214782959829,2.8213842306286097,3.076947759836912,0,118
final_hybrid,2026086402,1,2,-16.0,3.0,0,0,0,0,0,0,0,0.041666666666666664,48,2.3480596331258616,2.8453651117160916,3.15599562600255,0,97
final_hybrid,2026086402,2,2,40.0,1.0,1,0,0,0,0,0,0,0.0,50,2.3249996826052666,2.9361426131799817,2.9617110267281532,0,100
final_hybrid,2026086402,3,2,-20.0,3.0,0,0,0,0,0,0,0,0.031746031746031744,63,2.289957226446224,2.617288799956441,3.9323121309280396,0,127
final_hybrid,2026086403,0,3,-8.0,2.5,0,0,0,0,0,0,0,0.018867924528301886,53,2.3673888260744653,2.789161168038845,2.816480118781328,0,106
final_hybrid,2026086403,1,3,-27.0,4.0,0,0,1,19,0,0,0,0.0,62,2.446320546310275,2.995322272181511,5.5628810077905655,0,124
final_hybrid,2026086403,2,3,-8.0,2.5,0,0,0,0,0,0,0,0.0,62,2.3083358011659114,2.752572624012828,2.7925651520490646,0,124
final_hybrid,2026086403,3,3,35.0,1.0,1,0,0,0,0,0,0,0.0,58,2.396273868286918,2.921184175647795,5.056207999587059,0,116
final_hybrid,2026086404,0,2,-8.0,2.5,0,0,0,0,0,0,0,0.0,38,2.3799279067469272,2.781427907757461,2.846376970410347,0,76
final_hybrid,2026086404,1,2,-16.0,4.0,0,0,1,8,0,0,0,0.06666666666666667,45,2.280587816817893,2.641425933688879,2.7327006682753563,0,90
final_hybrid,2026086404,2,2,-20.0,3.0,0,0,0,0,0,0,0,0.0196078431372549,51,2.2730816009582258,2.6651271618902683,3.0249939300119877,0,103
final_hybrid,2026086404,3,2,35.0,1.0,1,0,0,0,0,0,0,0.05263157894736842,38,2.2823010375233075,2.8285088716074824,2.898343838751316,0,76
final_hybrid,2026086405,0,1,-8.0,2.5,0,0,0,0,0,0,0,0.0196078431372549,51,2.3870006769749463,2.7889141347259283,5.056660156697035,0,102
final_hybrid,2026086405,1,1,90.0,1.0,1,1,0,0,0,0,0,0.0,60,2.3741829597080746,2.75304620154202,4.872427321970463,0,119
final_hybrid,2026086405,2,1,-34.0,4.0,0,0,1,26,0,0,0,0.0,51,2.3601230726960827,2.8466936200857162,5.587194114923477,0,102
final_hybrid,2026086405,3,1,-34.0,4.0,0,0,1,26,0,0,0,0.06666666666666667,60,2.24559362201641,2.5166674982756376,2.713447902351618,0,120
final_hybrid,2026086406,0,1,-8.0,2.5,0,0,0,0,0,0,0,0.012195121951219513,82,2.3430625612779363,2.733607613481581,2.7470551431179047,0,164
final_hybrid,2026086406,1,1,-21.0,4.0,0,0,1,13,0,0,0,0.04918032786885246,61,2.3192777680080443,2.8216498903930187,2.9145306907594204,0,122
final_hybrid,2026086406,2,1,-8.0,2.5,0,0,0,0,0,0,0,0.012987012987012988,77,2.322705577478393,2.868697419762612,3.0195238068699837,0,154
final_hybrid,2026086406,3,1,37.0,1.0,1,0,0,0,0,0,0,0.0,53,2.316505129818084,2.9203656129539013,2.9505309648811817,0,106
final_hybrid,2026086407,0,0,-17.0,4.0,0,0,1,9,0,0,0,0.047619047619047616,63,2.319461200386286,2.7472387533634897,2.840138040482998,0,126
final_hybrid,2026086407,1,0,-8.0,2.5,0,0,0,0,0,0,0,0.03278688524590164,61,2.3008749637081,2.7160318568348885,2.764378674328327,0,122
final_hybrid,2026086407,2,0,33.0,1.0,1,0,0,0,0,0,0,0.015873015873015872,63,2.3081905563317595,2.8052170295268297,2.8780619613826275,0,126
final_hybrid,2026086407,3,0,-8.0,2.5,0,0,0,0,0,0,0,0.05454545454545454,55,2.2690235552462665,2.7136976830661297,2.7948711067438126,0,110
final_hybrid,2026086408,0,3,-21.0,3.0,0,0,0,0,0,0,0,0.0,24,2.3877227989335856,2.864113193936646,2.880892250686884,0,49
final_hybrid,2026086408,1,3,-21.0,3.0,0,0,0,0,0,0,0,0.08333333333333333,24,2.3026674365003905,2.680152328684926,2.8220461681485176,0,49
final_hybrid,2026086408,2,3,63.0,1.0,1,1,0,0,0,0,0,0.0,25,2.3258402198553085,2.895492874085903,2.9561161063611507,0,49
final_hybrid,2026086408,3,3,-21.0,3.0,0,0,0,0,0,0,0,0.041666666666666664,24,2.293234826841702,2.8343440964818,2.8842641040682793,0,49
final_hybrid,2026086409,0,0,33.0,1.0,1,0,0,0,0,0,0,0.022727272727272728,44,2.400533465499228,2.8492531972005963,3.892230335623026,0,88
final_hybrid,2026086409,1,0,-8.0,2.5,0,0,0,0,0,0,0,0.045454545454545456,44,2.3098770973526617,2.7590751415118575,2.794506959617138,0,88
final_hybrid,2026086409,2,0,-17.0,4.0,0,0,1,9,0,0,0,0.02702702702702703,37,2.2859149612486362,2.6642142795026302,2.751676831394434,0,74
final_hybrid,2026086409,3,0,-8.0,2.5,0,0,0,0,0,0,0,0.0,44,2.3077229905704204,2.7966240886598825,2.9352158308029175,0,88
final_hybrid,2026086410,0,0,-8.0,2.5,0,0,0,0,0,0,0,0.02702702702702703,37,2.323599242781465,2.6435809209942818,2.8286869637668133,0,74
final_hybrid,2026086410,1,0,34.0,1.0,1,0,0,0,0,0,0,0.02702702702702703,37,2.333982746947456,2.790908794850111,2.796906977891922,0,74
final_hybrid,2026086410,2,0,43.0,1.0,1,0,0,0,0,0,0,0.09090909090909091,22,2.2926232989200135,2.8012583032250404,2.91921803727746,0,44
final_hybrid,2026086410,3,0,-20.0,4.0,0,0,1,12,0,0,0,0.0,34,2.3195964475984083,2.8305565239861608,2.93416203930974,0,68
final_hybrid,2026086411,0,0,-8.0,2.5,0,0,0,0,0,0,0,0.0,25,2.3953712917864323,2.855963259935379,2.88353580981493,0,50
final_hybrid,2026086411,1,0,-8.0,2.5,0,0,0,0,0,0,0,0.07142857142857142,28,2.285218598054988,2.72821388207376,2.8339792042970657,0,56
final_hybrid,2026086411,2,0,-8.0,2.5,0,0,0,0,0,0,0,0.034482758620689655,29,2.325698861788059,2.744715102016926,3.785592969506979,0,58
final_hybrid,2026086411,3,0,43.0,1.0,1,0,0,0,0,0,0,0.044444444444444446,45,2.26487900233931,2.6386989280581474,2.777937799692154,0,90
final_hybrid,2026086412,0,0,-16.0,4.0,0,0,1,8,0,0,0,0.0,28,2.365767872626228,2.7825181372463703,2.859321888536215,0,56
final_hybrid,2026086412,1,0,35.0,1.0,1,0,0,0,0,0,0,0.018518518518518517,54,2.310415635023404,2.7670441195368767,2.797706052660942,0,108
final_hybrid,2026086412,2,0,57.0,1.0,1,1,0,0,0,0,0,0.05405405405405406,37,2.2945770414898523,2.788701467216015,2.865063026547432,0,73
final_hybrid,2026086412,3,0,-18.0,4.0,0,0,1,10,0,0,0,0.02631578947368421,38,2.30601070889909,2.7902860194444656,2.873198129236698,0,76
final_hybrid,2026086413,0,0,0.0,2.5,0,0,0,0,0,1,0,0.011764705882352941,85,2.406495656160747,2.8595558367669582,4.879515152424574,0,170
final_hybrid,2026086413,1,0,-8.0,2.5,0,0,0,0,0,0,0,0.027777777777777776,36,2.30809204125156,2.687779488041997,2.761084120720625,0,72
final_hybrid,2026086413,2,0,0.0,2.5,0,0,0,0,0,1,1,0.0,86,2.3821317157599817,2.94097070582211,4.126471932977438,0,172
final_hybrid,2026086413,3,0,-8.0,2.5,0,0,0,0,0,0,0,0.016129032258064516,62,2.3255485125006206,2.772340946830809,2.853456884622574,0,124
final_hybrid,2026086414,0,0,-18.0,3.0,0,0,0,0,0,0,0,0.04411764705882353,68,2.3716791834243955,2.8280072612687945,5.160081200301647,0,137
final_hybrid,2026086414,1,0,57.0,1.0,1,1,0,0,0,0,0,0.0425531914893617,47,2.368776741972629,2.854093909263611,4.08634589985013,0,93
final_hybrid,2026086414,2,0,-18.0,3.0,0,0,0,0,0,0,0,0.0,68,2.3348365759696152,2.8902083402499557,2.9077278450131416,0,137
final_hybrid,2026086414,3,0,-16.0,3.0,0,0,0,0,0,0,0,0.0,42,2.3282185263399566,2.8793720295652747,2.950610127300024,0,85
final_hybrid,2026086415,0,3,-8.0,2.5,0,0,0,0,0,0,0,0.014285714285714285,70,2.3719732915716514,2.804931253194809,3.2557249069213867,0,140
final_hybrid,2026086415,1,3,-33.0,4.0,0,0,1,25,0,0,0,0.0,74,2.3854739863324808,2.963769785128534,3.0433032661676407,0,148
final_hybrid,2026086415,2,3,36.0,1.0,1,0,0,0,0,0,0,0.025,40,2.3152732639573514,2.8317220974713564,2.86669097840786,0,80
final_hybrid,2026086415,3,3,-8.0,2.5,0,0,0,0,0,0,0,0.02564102564102564,39,2.2725525479286146,2.704276004806161,2.746865153312683,0,78
final_hybrid,2026086416,0,2,0.0,2.5,0,0,0,0,0,1,0,0.0,87,2.395736888564866,2.9094292782247066,3.0312850140035152,0,174
final_hybrid,2026086416,1,2,-20.0,3.0,0,0,0,0,0,0,0,0.03333333333333333,60,2.2952569260572395,2.655057981610298,2.748238854110241,0,121
final_hybrid,2026086416,2,2,-18.0,4.0,0,0,1,10,0,0,0,0.024096385542168676,83,2.272906410227339,2.6408127043396235,2.7058999985456467,0,166
final_hybrid,2026086416,3,2,32.0,1.0,1,0,0,0,0,0,0,0.022988505747126436,87,2.292501745510033,2.7976729441434145,2.877388149499893,0,174
final_hybrid,2026086417,0,1,-16.0,3.0,0,0,0,0,0,0,0,0.017543859649122806,57,2.396293948486186,2.8804601170122623,2.9737851582467556,0,115
final_hybrid,2026086417,1,1,-8.0,2.5,0,0,0,0,0,0,0,0.018867924528301886,53,2.3262575268745422,2.7732492424547672,2.8620981611311436,0,106
final_hybrid,2026086417,2,1,-20.0,3.0,0,0,0,0,0,0,0,0.03508771929824561,57,2.28259011514877,2.739090472459793,2.807917073369026,0,115
final_hybrid,2026086417,3,1,-16.0,3.0,0,0,0,0,0,0,0,0.03508771929824561,57,2.2679179612743225,2.7678025886416435,2.855519764125347,0,115
final_hybrid,2026086418,0,0,-8.0,2.5,0,0,0,0,0,0,0,0.0,46,2.383145382222922,2.8111725114285946,2.9741860926151276,0,92
final_hybrid,2026086418,1,0,54.0,1.0,1,1,0,0,0,0,0,0.0,45,2.3600365966558456,2.9717624187469482,3.0611278489232063,0,89
final_hybrid,2026086418,2,0,-20.0,3.0,0,0,0,0,0,0,0,0.0,36,2.2848520764253206,2.7436213567852974,2.770921215415001,0,73
final_hybrid,2026086418,3,0,-24.0,3.0,0,0,0,0,0,0,0,0.05263157894736842,38,2.2757670621534714,2.771599986590445,2.78635835275054,0,77
final_hybrid,2026086419,0,2,-18.0,4.0,0,0,1,10,0,0,0,0.0,25,2.385389842092991,2.8413631953299046,2.9424000531435013,0,50
final_hybrid,2026086419,1,2,-8.0,2.5,0,0,0,0,0,0,0,0.04,25,2.2587301954627037,2.5757187977433205,2.653081901371479,0,50
final_hybrid,2026086419,2,2,-8.0,2.5,0,0,0,0,0,0,0,0.0,25,2.2767406702041626,2.7277269400656223,2.743364777415991,0,50
final_hybrid,2026086419,3,2,34.0,1.0,1,0,0,0,0,0,0,0.0,25,2.3111318424344063,2.888647373765707,2.9070349410176277,0,50
final_hybrid,2026086420,0,2,-33.0,3.0,0,0,0,0,0,0,0,0.0,49,2.368855708259709,2.806538622826338,2.818928100168705,0,99
final_hybrid,2026086420,1,2,99.0,1.0,1,1,0,0,0,0,0,0.0,49,2.3143194349748746,2.7827631682157516,2.817015629261732,0,97
final_hybrid,2026086420,2,2,-8.0,2.5,0,0,0,0,0,0,0,0.0,40,2.317267144098878,2.790384483523667,3.2508783042430878,0,80
final_hybrid,2026086420,3,2,-33.0,3.0,0,0,0,0,0,0,0,0.0,49,2.3184771535499973,2.768253907561302,4.109058994799852,0,99
final_hybrid,2026086421,0,1,-8.0,2.5,0,0,0,0,0,0,0,0.05263157894736842,38,2.3395402455016185,2.6981193805113435,2.819836139678955,0,76
final_hybrid,2026086421,1,1,-8.0,2.5,0,0,0,0,0,0,0,0.0,63,2.339469926756999,2.862320328131318,2.8769811615347862,0,126
final_hybrid,2026086421,2,1,-8.0,2.5,0,0,0,0,0,0,0,0.05263157894736842,38,2.2834908633836006,2.7802734868600965,2.802307717502117,0,76
final_hybrid,2026086421,3,1,36.0,1.0,1,0,0,0,0,0,0,0.0,38,2.3373486106529047,2.965581277385354,3.0448976904153824,0,76
final_hybrid,2026086422,0,0,-20.0,3.0,0,0,0,0,0,0,0,0.04081632653061224,49,2.368880549863893,2.6796056888997555,3.5345926880836487,0,99
final_hybrid,2026086422,1,0,-8.0,2.5,0,0,0,0,0,0,0,0.023809523809523808,42,2.378558728932625,2.880139625631273,3.019012976437807,0,84
final_hybrid,2026086422,2,0,-8.0,2.5,0,0,0,0,0,0,0,0.0,44,2.314092760736292,2.8080297634005547,2.8412421233952045,0,88
final_hybrid,2026086422,3,0,-19.0,4.0,0,0,1,11,0,0,0,0.025,40,2.2856651921756566,2.7964312583208084,2.8508896939456463,0,80
final_hybrid,2026086423,0,2,-19.0,4.0,0,0,1,11,0,0,0,0.05555555555555555,54,2.3227463717813843,2.6328072883188725,2.803636249154806,0,108
final_hybrid,2026086423,1,2,10.0,2.0,0,0,0,0,0,0,0,0.031746031746031744,63,2.3055271068144414,2.683256333693862,2.772062085568905,1,127
final_hybrid,2026086423,2,2,33.0,1.0,1,0,0,0,0,0,0,0.025,40,2.3128711502067745,2.745683211833238,3.133129794150591,0,80
final_hybrid,2026086423,3,2,-8.0,2.5,0,0,0,0,0,0,0,0.037037037037037035,54,2.2845229358170873,2.7326959883794184,2.834456041455269,0,108
final_hybrid,2026086424,0,0,48.0,1.0,1,1,0,0,0,0,0,0.0,23,2.3753386517257793,2.7818137779831886,2.836969681084156,0,45
final_hybrid,2026086424,1,0,-16.0,3.0,0,0,0,0,0,0,0,0.045454545454545456,22,2.3018877148966896,2.792277536354959,2.798931673169136,0,45
final_hybrid,2026086424,2,0,-16.0,3.0,0,0,0,0,0,0,0,0.045454545454545456,22,2.275516152043234,2.717198198661208,2.818324137479067,0,45
final_hybrid,2026086424,3,0,-16.0,3.0,0,0,0,0,0,0,0,0.045454545454545456,22,2.2891813211820344,2.737942570820451,2.7410639449954033,0,45
final_hybrid,2026086425,0,1,0.0,2.5,0,0,0,0,0,1,1,0.0,89,2.383754007895006,2.896375209093094,2.993345260620117,0,178
final_hybrid,2026086425,1,1,-21.0,3.0,0,0,0,0,0,0,0,0.012195121951219513,82,2.311580910960712,2.7011687867343426,2.8968160040676594,0,165
final_hybrid,2026086425,2,1,10.0,2.0,0,0,0,0,0,0,0,0.030303030303030304,66,2.2847691945957416,2.816621563397348,2.89034191519022,1,133
final_hybrid,2026086425,3,1,-8.0,2.5,0,0,0,0,0,0,0,0.019230769230769232,52,2.303809787218387,2.870914130471647,2.903394866734743,0,104
final_hybrid,2026086426,0,3,36.0,1.0,1,0,0,0,0,0,0,0.0,24,2.3546338391800723,2.7990856440737844,2.8018057346343994,0,48
final_hybrid,2026086426,1,3,51.0,1.0,1,1,0,0,0,0,0,0.021739130434782608,46,2.321404728876508,2.8218921506777406,3.265220206230879,0,91
final_hybrid,2026086426,2,3,-18.0,3.0,0,0,0,0,0,0,0,0.023809523809523808,42,2.2520813980095444,2.6874342234805226,2.7324501425027847,0,85
final_hybrid,2026086426,3,3,-18.0,3.0,0,0,0,0,0,0,0,0.023255813953488372,43,2.3009993547443734,2.7905298862606287,2.8301249258220196,0,87
final_hybrid,2026086427,0,3,-16.0,4.0,0,0,1,8,0,0,0,0.0136986301369863,73,2.3843860700216197,2.8507957234978676,2.87541002035141,0,146
final_hybrid,2026086427,1,3,-25.0,3.0,0,0,0,0,0,0,0,0.015625,64,2.3912828910397366,2.9662922024726868,3.0115260742604733,0,129
final_hybrid,2026086427,2,3,0.0,2.5,0,0,0,0,0,1,1,0.022988505747126436,87,2.2634674698628228,2.6314472313970327,2.7285702526569366,0,174
final_hybrid,2026086427,3,3,38.0,1.0,1,0,0,0,0,0,0,0.0,59,2.343849444730302,2.888513775542378,3.5387161187827587,0,118
final_hybrid,2026086428,0,3,-17.0,4.0,0,0,1,9,0,0,0,0.0,38,2.388806682766268,2.881125803105533,2.895474899560213,0,76
final_hybrid,2026086428,1,3,-8.0,2.5,0,0,0,0,0,0,0,0.023809523809523808,42,2.322275490899171,2.753638383001089,2.808605320751667,0,84
final_hybrid,2026086428,2,3,-8.0,2.5,0,0,0,0,0,0,0,0.04081632653061224,49,2.2702611013486678,2.596085984259844,2.7317097410559654,0,98
final_hybrid,2026086428,3,3,-8.0,2.5,0,0,0,0,0,0,0,0.07142857142857142,42,2.334899657095472,2.793242270126939,3.4391311928629875,0,84
final_hybrid,2026086429,0,1,0.0,2.5,0,0,0,0,0,1,1,0.0,82,2.423988768785465,2.884995471686125,3.665714990347624,0,164
final_hybrid,2026086429,1,1,0.0,2.5,0,0,0,0,0,1,1,0.0,81,2.3890525608518978,2.901659347116947,3.50972730666399,0,162
final_hybrid,2026086429,2,1,-8.0,2.5,0,0,0,0,0,0,0,0.0,72,2.3812932583192983,2.929379418492317,4.473352339118719,0,144
final_hybrid,2026086429,3,1,56.0,1.0,1,0,0,0,0,0,0,0.0,85,2.3490686298293224,2.8225761838257313,4.144667182117701,0,170
final_hybrid,2026086430,0,1,-8.0,2.5,0,0,0,0,0,0,0,0.0,61,2.406283403884192,2.8854189440608025,2.913793083280325,0,122
final_hybrid,2026086430,1,1,35.0,1.0,1,0,0,0,0,0,0,0.03896103896103896,77,2.2942152648390115,2.6701427064836025,2.705155871808529,0,154
final_hybrid,2026086430,2,1,32.0,1.0,1,0,0,0,0,0,0,0.0392156862745098,51,2.302793046349988,2.850501798093319,2.88162799552083,0,102
final_hybrid,2026086430,3,1,40.0,1.0,1,0,0,0,0,0,0,0.0,57,2.3770344345585297,2.9542333446443076,4.065545275807381,0,114
final_hybrid,2026086431,0,2,-8.0,2.5,0,0,0,0,0,0,0,0.03508771929824561,57,2.3814820717170573,2.7553044259548187,2.9490781016647816,0,114
final_hybrid,2026086431,1,2,-22.0,3.0,0,0,0,0,0,0,0,0.02631578947368421,38,2.289134188015994,2.6837205747142434,2.6987986639142036,0,77
final_hybrid,2026086431,2,2,33.0,1.0,1,0,0,0,0,0,0,0.03508771929824561,57,2.288201104914933,2.757712733000517,2.806812059134245,0,114
final_hybrid,2026086431,3,2,-8.0,2.5,0,0,0,0,0,0,0,0.03389830508474576,59,2.2591635253343543,2.6359258685261007,2.716457936912775,0,118
final_hybrid,2026086432,0,0,66.0,1.0,1,1,0,0,0,0,0,0.0,53,2.437046790530659,3.018405754119158,3.2928772270679474,0,105
final_hybrid,2026086432,1,0,34.0,1.0,1,0,0,0,0,0,0,0.04081632653061224,49,2.3015775166603984,2.7182115241885185,2.7422881685197353,0,98
final_hybrid,2026086432,2,0,-22.0,3.0,0,0,0,0,0,0,0,0.038461538461538464,52,2.2552670158732395,2.663133665919304,2.7232710272073746,0,105
final_hybrid,2026086432,3,0,-22.0,3.0,0,0,0,0,0,0,0,0.038461538461538464,52,2.2953378412729273,2.7691923314705487,3.318182658404112,0,105
final_hybrid,2026086433,0,3,-33.0,3.0,0,0,0,0,0,0,0,0.0,37,2.3549461762446002,2.791180182248354,2.828159835189581,0,75
final_hybrid,2026086433,1,3,-33.0,3.0,0,0,0,0,0,0,0,0.027777777777777776,36,2.339850943018165,2.7514053508639336,2.7996189892292023,0,73
final_hybrid,2026086433,2,3,99.0,1.0,1,1,0,0,0,0,0,0.0,39,2.285890233440277,2.7833133470267057,2.801057416945696,0,77
final_hybrid,2026086433,3,3,-33.0,3.0,0,0,0,0,0,0,0,0.027777777777777776,36,2.262538868106074,2.705977880395949,2.7615870349109173,0,73
final_hybrid,2026086434,0,1,-32.0,3.0,0,0,0,0,0,0,0,0.0,69,2.3936158437551796,2.811212930828333,2.864337991923094,0,139
final_hybrid,2026086434,1,1,38.0,1.0,1,0,0,0,0,0,0,0.015625,64,2.316216705366969,2.7657031547278166,2.866002731025219,0,128
final_hybrid,2026086434,2,1,-8.0,2.5,0,0,0,0,0,0,0,0.0,57,2.3265376997490725,2.875528857111931,2.9170536436140537,0,114
final_hybrid,2026086434,3,1,36.0,1.0,1,0,0,0,0,0,0,0.014492753623188406,69,2.291216602737921,2.7905505150556564,2.8280899859964848,0,138
final_hybrid,2026086435,0,2,34.0,1.0,1,0,0,0,0,0,0,0.07407407407407407,27,2.3326990539552988,2.6078762020915747,2.8089191764593124,0,54
final_hybrid,2026086435,1,2,-8.0,2.5,0,0,0,0,0,0,0,0.0,49,2.325365129782229,2.7884164825081825,2.840076107531786,0,98
final_hybrid,2026086435,2,2,-8.0,2.5,0,0,0,0,0,0,0,0.038461538461538464,52,2.285544832165425,2.744024060666561,2.791515551507473,0,104
final_hybrid,2026086435,3,2,-19.0,4.0,0,0,1,11,0,0,0,0.0,50,2.331540733575821,2.9416395351290703,3.0942829325795174,0,100
final_hybrid,2026086436,0,3,0.0,2.5,0,0,0,0,0,1,1,0.011904761904761904,84,2.3945208494773222,2.7846359414979815,4.012749996036291,0,169
final_hybrid,2026086436,1,3,-20.0,4.0,0,0,1,12,0,0,0,0.0,77,2.3488412405569834,2.8042949736118317,3.0146329663693905,0,154
final_hybrid,2026086436,2,3,-8.0,2.5,0,0,0,0,0,0,0,0.058823529411764705,51,2.3129888006723394,2.630851464346051,5.292305257171392,0,102
final_hybrid,2026086436,3,3,-8.0,2.5,0,0,0,0,0,0,0,0.0,46,2.3251853721297304,2.906963462010026,2.9188357293605804,0,92
final_hybrid,2026086437,0,3,34.0,1.0,1,0,0,0,0,0,0,0.04,25,2.375068198889494,2.825054246932268,2.8330297209322453,0,50
final_hybrid,2026086437,1,3,-8.0,2.5,0,0,0,0,0,0,0,0.0,44,2.48303201938556,2.9310897924005985,6.909328047186136,0,88
final_hybrid,2026086437,2,3,-8.0,2.5,0,0,0,0,0,0,0,0.0,57,2.319855689022102,2.825131732970476,2.8832578100264072,0,114
final_hybrid,2026086437,3,3,-8.0,2.5,0,0,0,0,0,0,0,0.0,52,2.4593115981238394,3.154273610562086,4.1733188554644585,0,104
final_hybrid,2026086438,0,3,-8.0,2.5,0,0,0,0,0,0,0,0.0,49,2.375600507901031,2.8550988994538784,2.8776652179658413,0,98
final_hybrid,2026086438,1,3,-18.0,4.0,0,0,1,10,0,0,0,0.038461538461538464,26,2.321011422631832,2.7647146489471197,2.8082611970603466,0,52
final_hybrid,2026086438,2,3,0.0,2.5,0,0,0,0,0,1,1,0.011494252873563218,87,2.2990794627573985,2.792333858087659,2.9123183339834213,0,174
final_hybrid,2026086438,3,3,-8.0,2.5,0,0,0,0,0,0,0,0.0,41,2.332087719767559,2.8920178301632404,3.046236000955105,0,82
final_hybrid,2026086439,0,3,69.0,1.0,1,1,0,0,0,0,0,0.038461538461538464,52,2.313572931318329,2.72487907204777,2.9177716933190823,0,103
final_hybrid,2026086439,1,3,38.0,1.0,1,0,0,0,0,0,0,0.0,42,2.355176977635849,2.863049297593534,2.8938832692801952,0,84
final_hybrid,2026086439,2,3,-8.0,2.5,0,0,0,0,0,0,0,0.019230769230769232,52,2.303239432736658,2.788246050477028,2.815689891576767,0,104
final_hybrid,2026086439,3,3,48.0,1.0,1,0,0,0,0,0,0,0.0,37,2.2783259911513007,2.7637043967843056,2.8275479562580585,0,74
final_hybrid,2026086440,0,1,-19.0,4.0,0,0,1,11,0,0,0,0.019230769230769232,52,2.3832212721642394,2.9074697522446513,3.0137221328914165,0,104
final_hybrid,2026086440,1,1,-8.0,2.5,0,0,0,0,0,0,0,0.0,45,2.3462087329890995,2.952106762677431,2.9827309772372246,0,90
final_hybrid,2026086440,2,1,-8.0,2.5,0,0,0,0,0,0,0,0.07547169811320754,53,2.2517913987614073,2.6633781380951405,2.7634017169475555,0,106
final_hybrid,2026086440,3,1,33.0,1.0,1,0,0,0,0,0,0,0.03333333333333333,30,2.2660182788968086,2.7255720691755414,2.7714879252016544,0,60
final_hybrid,2026086441,0,2,-8.0,2.5,0,0,0,0,0,0,0,0.037037037037037035,81,2.303622415818182,2.555890940129757,2.7702758088707924,0,162
final_hybrid,2026086441,1,2,0.0,2.5,0,0,0,0,0,1,0,0.022988505747126436,87,2.3441538964023536,2.711212635040283,4.8142727464437485,0,174
final_hybrid,2026086441,2,2,-22.0,3.0,0,0,0,0,0,0,0,0.0,86,2.351647556954345,2.9916579369455576,3.105487674474716,0,173
final_hybrid,2026086441,3,2,10.0,2.0,0,0,0,0,0,0,0,0.0,86,2.3207533129945745,2.874307334423065,2.9714531265199184,1,173
final_hybrid,2026086442,0,0,-8.0,2.5,0,0,0,0,0,0,0,0.0,67,2.4512287771412686,2.9621554538607597,4.837422166019678,0,134
final_hybrid,2026086442,1,0,-8.0,2.5,0,0,0,0,0,0,0,0.047619047619047616,42,2.2889643109270503,2.7367552975192666,2.7629160322248936,0,84
final_hybrid,2026086442,2,0,-8.0,2.5,0,0,0,0,0,0,0,0.0,67,2.2909216541074104,2.765478054061532,2.795408945530653,0,134
final_hybrid,2026086442,3,0,-18.0,3.0,0,0,0,0,0,0,0,0.05,80,2.311581082176417,2.7216276386752725,4.828308243304491,0,161
final_hybrid,2026086443,0,2,33.0,1.0,1,0,0,0,0,0,0,0.021739130434782608,46,2.3613950824769945,2.7960307197645307,2.834626939147711,0,92
final_hybrid,2026086443,1,2,-16.0,4.0,0,0,1,8,0,0,0,0.025,40,2.348717686254531,2.807362051680684,2.848393749445677,0,80
final_hybrid,2026086443,2,2,-8.0,2.5,0,0,0,0,0,0,0,0.01639344262295082,61,2.3823990715576,2.845567185431719,4.932648036628962,0,122
final_hybrid,2026086443,3,2,-30.0,4.0,0,0,0,0,0,0,0,0.013888888888888888,72,2.4026337454819844,2.9656364582479,5.1692090928554535,1,144
final_hybrid,2026086444,0,3,-8.0,2.5,0,0,0,0,0,0,0,0.0,46,2.5071685465619615,2.9389417031779885,5.6208292953670025,0,92
final_hybrid,2026086444,1,3,-8.0,2.5,0,0,0,0,0,0,0,0.03773584905660377,53,2.335709247316392,2.756968419998884,4.470185376703739,0,106
final_hybrid,2026086444,2,3,-24.0,3.0,0,0,0,0,0,0,0,0.02531645569620253,79,2.317028644765857,2.755415253341198,4.233690910041332,0,159
final_hybrid,2026086444,3,3,0.0,2.5,0,0,0,0,0,1,0,0.033707865168539325,89,2.3331714302217694,2.7163824066519737,4.785703029483557,0,178
final_hybrid,2026086445,0,0,-18.0,3.0,0,0,0,0,0,0,0,0.0967741935483871,31,2.333627142492802,2.7167198713868856,2.771289087831974,0,63
final_hybrid,2026086445,1,0,-20.0,4.0,0,0,1,12,0,0,0,0.02702702702702703,37,2.346989346315732,2.757418341934681,3.349756821990013,0,74
final_hybrid,2026086445,2,0,57.0,1.0,1,1,0,0,0,0,0,0.020833333333333332,48,2.317385971158122,2.719335164874792,3.559460863471031,0,95
final_hybrid,2026086445,3,0,-18.0,3.0,0,0,0,0,0,0,0,0.0,31,2.2990337062266564,2.944275038316846,3.0010859481990337,0,63
final_hybrid,2026086446,0,1,-8.0,2.5,0,0,0,0,0,0,0,0.05,60,2.3650250863283873,2.721604728139937,4.219460301101208,0,120
final_hybrid,2026086446,1,1,0.0,2.5,0,0,0,0,0,1,1,0.011627906976744186,86,2.3806257671568285,2.9195582028478384,4.4032130390405655,0,173
final_hybrid,2026086446,2,1,0.0,2.5,0,0,0,0,0,1,0,0.023255813953488372,86,2.3506704912802507,2.6734942803159356,5.787683185189962,0,173
final_hybrid,2026086446,3,1,-8.0,2.5,0,0,0,0,0,0,0,0.0,53,2.3603168281041227,2.8169906698167324,4.440487828105688,0,106
final_hybrid,2026086447,0,3,-17.0,3.0,0,0,0,0,0,0,0,0.05405405405405406,37,2.3729506804532297,2.85755954682827,2.8855660930275917,0,75
final_hybrid,2026086447,1,3,51.0,1.0,1,1,0,0,0,0,0,0.0,38,2.3884626080919253,2.9470945009961724,4.5710960403084755,0,75
final_hybrid,2026086447,2,3,-17.0,3.0,0,0,0,0,0,0,0,0.02702702702702703,37,2.3991053521230414,2.830572798848152,5.486520938575268,0,75
final_hybrid,2026086447,3,3,-17.0,3.0,0,0,0,0,0,0,0,0.0,37,2.370755439875899,2.8465868905186653,4.838564898818731,0,75
final_hybrid,2026086448,0,1,-8.0,2.5,0,0,0,0,0,0,0,0.029850746268656716,67,2.3425998611014283,2.7570784091949463,2.8546941466629505,0,134
final_hybrid,2026086448,1,1,-8.0,2.5,0,0,0,0,0,0,0,0.0,63,2.547946470301776,3.1427546869963408,4.096896853297949,0,126
final_hybrid,2026086448,2,1,10.0,2.0,0,0,0,0,0,0,0,0.013513513513513514,74,2.299902859974552,2.7702990686520934,2.890397794544697,1,149
final_hybrid,2026086448,3,1,43.0,1.0,1,0,0,0,0,0,0,0.0,63,2.4313946801518638,3.0693867709487677,6.926251109689474,0,126
final_hybrid,2026086449,0,3,-8.0,2.5,0,0,0,0,0,0,0,0.013157894736842105,76,2.4608512911455414,3.0342494137585163,4.646195098757744,0,152
final_hybrid,2026086449,1,3,-8.0,2.5,0,0,0,0,0,0,0,0.0,54,2.3681924902592546,2.8939239913597703,4.335581324994564,0,108
final_hybrid,2026086449,2,3,35.0,1.0,1,0,0,0,0,0,0,0.04477611940298507,67,2.318955957889557,2.7042248751968145,5.731775891035795,0,134
final_hybrid,2026086449,3,3,10.0,2.0,0,0,0,0,0,0,0,0.0,58,2.4295549855792316,2.9305940959602594,5.81023283302784,1,117
final_hybrid,2026086450,0,3,54.0,1.0,1,1,0,0,0,0,0,0.03333333333333333,30,2.4264974209169545,2.8388730250298977,4.215561784803867,0,59
final_hybrid,2026086450,1,3,-18.0,3.0,0,0,0,0,0,0,0,0.0,29,2.4353468726421226,2.9123900458216667,4.600279964506626,0,59
final_hybrid,2026086450,2,3,-18.0,3.0,0,0,0,0,0,0,0,0.034482758620689655,29,2.3362682168853692,2.7214698493480682,3.663162235170603,0,59
final_hybrid,2026086450,3,3,-18.0,3.0,0,0,0,0,0,0,0,0.0,29,2.32407934000266,2.856019977480173,2.8663398697972298,0,59
final_hybrid,2026086451,0,3,37.0,1.0,1,0,0,0,0,0,0,0.0,28,2.4395621647792205,2.9094048775732517,3.820932935923338,0,56
final_hybrid,2026086451,1,3,-21.0,4.0,0,0,1,13,0,0,0,0.0625,32,2.3932929761940613,2.7207816019654274,5.4546440951526165,0,64
final_hybrid,2026086451,2,3,-8.0,2.5,0,0,0,0,0,0,0,0.07142857142857142,28,2.279149168836219,2.677329443395138,2.7318033389747143,0,56
final_hybrid,2026086451,3,3,-8.0,2.5,0,0,0,0,0,0,0,0.0,33,2.297497269782153,2.741978596895933,2.7508926577866077,0,66
final_hybrid,2026086452,0,0,-17.0,4.0,0,0,1,9,0,0,0,0.0625,16,2.3621319560334086,2.7263181982561946,2.746405079960823,0,32
final_hybrid,2026086452,1,0,-8.0,2.5,0,0,0,0,0,0,0,0.0,16,2.4065908219199628,3.0633974820375443,3.6907801404595375,0,32
final_hybrid,2026086452,2,0,48.0,1.0,1,0,0,0,0,0,0,0.05263157894736842,19,2.302034807048346,2.7246941346675158,2.777332905679941,0,38
final_hybrid,2026086452,3,0,-17.0,4.0,0,0,1,9,0,0,0,0.0,19,2.3045592059038187,2.868045261129737,2.872555982321501,0,38
final_hybrid,2026086453,0,0,35.0,1.0,1,0,0,0,0,0,0,0.01639344262295082,61,2.363523033249085,2.787782810628414,2.8438009321689606,0,122
final_hybrid,2026086453,1,0,-8.0,2.5,0,0,0,0,0,0,0,0.03278688524590164,61,2.3212879438136444,2.775113098323345,2.8661852702498436,0,122
final_hybrid,2026086453,2,0,-8.0,2.5,0,0,0,0,0,0,0,0.0,57,2.3864608241669965,2.932993322610855,5.094385240226984,0,114
final_hybrid,2026086453,3,0,-19.0,4.0,0,0,1,11,0,0,0,0.03773584905660377,53,2.2752219811081886,2.653155382722616,2.6952307671308517,0,106
final_hybrid,2026086454,0,2,32.0,1.0,1,0,0,0,0,0,0,0.05,60,2.3810088246439896,2.7054870035499334,4.996888805180788,0,119
final_hybrid,2026086454,1,2,49.0,1.0,1,0,0,0,0,0,0,0.0,58,2.36171149199122,2.8048246167600155,3.0608349479734898,0,117
final_hybrid,2026086454,2,2,-8.0,2.5,0,0,0,0,0,0,0,0.01818181818181818,55,2.3792613721029325,2.9560032300651073,4.311003722250462,0,111
final_hybrid,2026086454,3,2,-16.0,3.0,0,0,0,0,0,0,0,0.037037037037037035,81,2.293274381462439,2.686541061848402,3.43565596267581,0,164
final_hybrid,2026086455,0,2,43.0,1.0,1,0,0,0,0,0,0,0.07894736842105263,38,2.3234549321626363,2.6180143235251307,2.8702300041913986,0,76
final_hybrid,2026086455,1,2,-8.0,2.5,0,0,0,0,0,0,0,0.024390243902439025,41,2.420064584329361,2.8597479686141014,6.314966827630997,0,82
final_hybrid,2026086455,2,2,-8.0,2.5,0,0,0,0,0,0,0,0.0,77,2.351355158373133,2.9130096547305584,4.051330033689737,0,154
final_hybrid,2026086455,3,2,-8.0,2.5,0,0,0,0,0,0,0,0.05405405405405406,74,2.2710748268543064,2.6598836062476034,2.799545880407095,0,148
final_hybrid,2026086456,0,3,-8.0,2.5,0,0,0,0,0,0,0,0.0,36,2.3773198610999517,2.824649098329246,2.8476822189986706,0,72
final_hybrid,2026086456,1,3,-8.0,2.5,0,0,0,0,0,0,0,0.027777777777777776,36,2.3956963042211203,3.0518879648298025,3.7822090089321136,0,72
final_hybrid,2026086456,2,3,35.0,1.0,1,0,0,0,0,0,0,0.027777777777777776,36,2.352952375076711,2.8232081094756722,3.5019307397305965,0,72
final_hybrid,2026086456,3,3,-19.0,4.0,0,0,1,11,0,0,0,0.0,36,2.3070700699463487,2.7712183073163033,2.815837040543556,0,72
final_hybrid,2026086457,0,0,-8.0,2.5,0,0,0,0,0,0,0,0.02857142857142857,70,2.360959184755172,2.6661571580916643,3.5962280817329884,0,140
final_hybrid,2026086457,1,0,-24.0,4.0,0,0,1,16,0,0,0,0.014285714285714285,70,2.35132958873042,2.7766472892835736,3.421999979764223,0,140
final_hybrid,2026086457,2,0,36.0,1.0,1,0,0,0,0,0,0,0.10714285714285714,28,2.302351174876094,2.697622962296009,3.4002731554210186,0,56
final_hybrid,2026086457,3,0,-8.0,2.5,0,0,0,0,0,0,0,0.07142857142857142,28,2.297084013532315,2.7936911210417747,3.240414895117283,0,56
final_hybrid,2026086458,0,0,-8.0,2.5,0,0,0,0,0,0,0,0.0,40,2.4226847803220153,2.8418990084901448,3.9570946246385574,0,80
final_hybrid,2026086458,1,0,-8.0,2.5,0,0,0,0,0,0,0,0.043478260869565216,46,2.302129904780051,2.735311514697969,2.753706183284521,0,92
final_hybrid,2026086458,2,0,-8.0,2.5,0,0,0,0,0,0,0,0.0,71,2.352238829496881,2.8526552487164736,3.7576891481876373,0,142
final_hybrid,2026086458,3,0,-19.0,4.0,0,0,1,11,0,0,0,0.014084507042253521,71,2.321047728067972,2.8480468317866325,2.9042321257293224,0,142
final_hybrid,2026086459,0,1,-8.0,2.5,0,0,0,0,0,0,0,0.0392156862745098,51,2.3378496167852596,2.780269365757704,2.830824814736843,0,102
final_hybrid,2026086459,1,1,-8.0,2.5,0,0,0,0,0,0,0,0.0196078431372549,51,2.3358099929550113,2.8813923709094524,2.9582269489765167,0,102
final_hybrid,2026086459,2,1,-8.0,2.5,0,0,0,0,0,0,0,0.05,60,2.3195248562842607,2.8327215230092406,3.208757843822241,0,120
final_hybrid,2026086459,3,1,-8.0,2.5,0,0,0,0,0,0,0,0.03076923076923077,65,2.256444848787326,2.5715554133057594,3.428810741752386,0,130
final_hybrid,2026086460,0,1,-34.0,4.0,0,0,1,26,0,0,0,0.04225352112676056,71,2.365258325573424,2.7196984738111496,5.622528959065676,0,142
final_hybrid,2026086460,1,1,-30.0,4.0,0,0,0,0,0,0,0,0.061224489795918366,49,2.284754248221918,2.659350261092186,2.7306396514177322,1,97
final_hybrid,2026086460,2,1,45.0,1.0,1,0,0,0,0,0,0,0.02666666666666667,75,2.300197953979174,2.7314138133078814,2.7639633044600487,0,149
final_hybrid,2026086460,3,1,-26.0,3.0,0,0,0,0,0,0,0,0.02666666666666667,75,2.4016554156939187,2.892564935609698,4.996420815587044,0,152
final_hybrid,2026086461,0,2,48.0,1.0,1,0,0,0,0,0,0,0.0,31,2.4593494562131744,3.340291092172265,4.336793906986713,0,62
final_hybrid,2026086461,1,2,-8.0,2.5,0,0,0,0,0,0,0,0.033707865168539325,89,2.270636436518993,2.580621372908354,2.688765060156584,0,178
final_hybrid,2026086461,2,2,-8.0,2.5,0,0,0,0,0,0,0,0.024691358024691357,81,2.273959607851726,2.6699048466980457,3.4713009372353554,0,162
final_hybrid,2026086461,3,2,-30.0,4.0,0,0,0,0,0,0,0,0.017857142857142856,56,2.283150637854955,2.756006200797856,2.813049126416445,1,111
final_hybrid,2026086462,0,1,51.0,1.0,1,1,0,0,0,0,0,0.04054054054054054,74,2.326787027807252,2.6468107476830482,3.3128010109066963,0,147
final_hybrid,2026086462,1,1,-8.0,2.5,0,0,0,0,0,0,0,0.024390243902439025,82,2.3182343930096887,2.7907514246180654,2.8725219890475273,0,164
final_hybrid,2026086462,2,1,0.0,2.5,0,0,0,0,0,1,0,0.0,85,2.354511892532601,2.9159928672015667,3.643806092441082,0,170
final_hybrid,2026086462,3,1,-16.0,3.0,0,0,0,0,0,0,0,0.0,81,2.33782643314313,2.898764330893755,2.9843710362911224,0,163
final_hybrid,2026086463,0,1,0.0,2.5,0,0,0,0,0,1,1,0.012195121951219513,82,2.3638890919888893,2.7273284504190087,2.9985769651830196,0,165
final_hybrid,2026086463,1,1,-8.0,2.5,0,0,0,0,0,0,0,0.0,71,2.3356295112048238,2.8085343074053526,2.863782923668623,0,142
final_hybrid,2026086463,2,1,0.0,2.5,0,0,0,0,0,1,1,0.023255813953488372,86,2.260504106362892,2.6249936781823635,2.6646889746189117,0,172
final_hybrid,2026086463,3,1,0.0,2.5,0,0,0,0,0,1,0,0.012048192771084338,83,2.3267838138952315,2.9130224138498306,3.0040880665183067,0,165
final_hybrid,2026086464,0,1,44.0,1.0,1,0,0,0,0,0,0,0.02,50,2.339472584426403,2.7263402473181486,2.8484761714935303,0,100
final_hybrid,2026086464,1,1,33.0,1.0,1,0,0,0,0,0,0,0.0,43,2.34280320880718,2.874132478609681,2.9753013513982296,0,86
final_hybrid,2026086464,2,1,72.0,1.0,1,1,0,0,0,0,0,0.07017543859649122,57,2.2516241542210707,2.627643570303917,2.6818960905075073,0,113
final_hybrid,2026086464,3,1,0.0,2.5,0,0,0,0,0,1,0,0.011904761904761904,84,2.2879555887941803,2.7807879261672497,2.891303040087223,0,168
final_hybrid,2026086465,0,0,-8.0,2.5,0,0,0,0,0,0,0,0.03125,32,2.3480150557588786,2.736936812289059,2.8151110745966434,0,64
final_hybrid,2026086465,1,0,-8.0,2.5,0,0,0,0,0,0,0,0.0,32,2.3610094940522686,2.9291004640981555,2.978408243507147,0,64
final_hybrid,2026086465,2,0,-24.0,3.0,0,0,0,0,0,0,0,0.024691358024691357,81,2.2683030707232748,2.6545552536845207,2.803914248943329,0,163
final_hybrid,2026086465,3,0,-22.0,4.0,0,0,1,14,0,0,0,0.0,36,2.301763963057763,2.816352993249893,2.839196939021349,0,72
final_hybrid,2026086466,0,3,-16.0,3.0,0,0,0,0,0,0,0,0.025,80,2.367582550505176,2.7534305583685637,3.2424558885395527,0,161
final_hybrid,2026086466,1,3,-30.0,3.0,0,0,0,0,0,0,0,0.058823529411764705,51,2.2871832034605393,2.7115149423480034,2.7412157505750656,0,103
final_hybrid,2026086466,2,3,54.0,1.0,1,1,0,0,0,0,0,0.0,48,2.3489745314388224,2.984106633812189,3.021673299372196,0,95
final_hybrid,2026086466,3,3,-31.0,3.0,0,0,0,0,0,0,0,0.0,70,2.306001373965825,2.8478963067755103,2.8842901811003685,0,141
final_hybrid,2026086467,0,3,-8.0,2.5,0,0,0,0,0,0,0,0.014925373134328358,67,2.402915841719108,2.817049343138933,4.0739248506724834,0,134
final_hybrid,2026086467,1,3,-8.0,2.5,0,0,0,0,0,0,0,0.031746031746031744,63,2.2746287286281586,2.582180220633745,2.646653912961483,0,126
final_hybrid,2026086467,2,3,-24.0,4.0,0,0,1,16,0,0,0,0.014925373134328358,67,2.3365326350860633,2.8952125925570726,3.0061202123761177,0,134
final_hybrid,2026086467,3,3,40.0,1.0,1,0,0,0,0,0,0,0.0,61,2.343040868090313,2.9115299694240093,3.717968240380287,0,122
final_hybrid,2026086468,0,3,60.0,1.0,1,1,0,0,0,0,0,0.014705882352941176,68,2.340862068676335,2.762369578704238,2.8142640367150307,0,135
final_hybrid,2026086468,1,3,-8.0,2.5,0,0,0,0,0,0,0,0.024390243902439025,41,2.3046903789225146,2.7688411064445972,2.7899187989532948,0,82
final_hybrid,2026086468,2,3,50.0,1.0,1,0,0,0,0,0,0,0.024390243902439025,41,2.328635670426415,2.851101104170084,2.90486216545105,0,82
final_hybrid,2026086468,3,3,-8.0,2.5,0,0,0,0,0,0,0,0.04878048780487805,41,2.2526256081352876,2.579967025667429,2.749229781329632,0,82
final_hybrid,2026086469,0,1,-18.0,4.0,0,0,1,10,0,0,0,0.0,46,2.4105289384074835,2.933909301646054,3.283129073679447,0,92
final_hybrid,2026086469,1,1,-8.0,2.5,0,0,0,0,0,0,0,0.057692307692307696,52,2.256081054488627,2.5808980455622077,2.705787308514118,0,104
final_hybrid,2026086469,2,1,-8.0,2.5,0,0,0,0,0,0,0,0.01818181818181818,55,2.310720340094783,2.8203423134982586,2.83523416146636,0,110
final_hybrid,2026086469,3,1,35.0,1.0,1,0,0,0,0,0,0,0.019230769230769232,52,2.3038587891138516,2.9098105616867542,2.931884955614805,0,104
final_hybrid,2026086470,0,3,-18.0,4.0,0,0,1,10,0,0,0,0.0,41,2.3854916188411597,2.8304969891905785,2.945187035948038,0,82
final_hybrid,2026086470,1,3,37.0,1.0,1,0,0,0,0,0,0,0.0,30,2.3575010554244122,2.95171698089689,2.99777090549469,0,60
final_hybrid,2026086470,2,3,57.0,1.0,1,1,0,0,0,0,0,0.016129032258064516,62,2.297884551808238,2.777943224646151,2.798160072416067,0,123
final_hybrid,2026086470,3,3,-19.0,3.0,0,0,0,0,0,0,0,0.01639344262295082,61,2.2810438922682748,2.7858391404151917,2.8208568692207336,0,123
final_hybrid,2026086471,0,2,-8.0,2.5,0,0,0,0,0,0,0,0.0,40,2.349524782039225,2.791122836060822,2.8062951751053333,0,80
final_hybrid,2026086471,1,2,-8.0,2.5,0,0,0,0,0,0,0,0.025,40,2.286705223377794,2.677033725194633,2.723636571317911,0,80
final_hybrid,2026086471,2,2,-8.0,2.5,0,0,0,0,0,0,0,0.0,65,2.3794505458611708,2.9252870939671993,4.752377048134804,0,130
final_hybrid,2026086471,3,2,-19.0,4.0,0,0,1,11,0,0,0,0.025,40,2.309788507409394,2.8703500982373953,2.9370966367423534,0,80
final_hybrid,2026086472,0,1,38.0,1.0,1,0,0,0,0,0,0,0.09090909090909091,33,2.3144123737107622,2.6975704357028003,2.9520164243876934,0,66
final_hybrid,2026086472,1,1,33.0,1.0,1,0,0,0,0,0,0,0.02040816326530612,49,2.3443018922544256,2.9214268550276756,2.938854042440653,0,98
final_hybrid,2026086472,2,1,-8.0,2.5,0,0,0,0,0,0,0,0.0,72,2.3471417823909886,2.9561246279627085,3.0667423270642757,0,144
final_hybrid,2026086472,3,1,-16.0,4.0,0,0,1,8,0,0,0,0.0,46,2.3164329544195663,2.8677990194410086,2.8986986726522446,0,92
final_hybrid,2026086473,0,3,33.0,1.0,1,0,0,0,0,0,0,0.016129032258064516,62,2.348582065033336,2.755621331743896,2.806419041007757,0,124
final_hybrid,2026086473,1,3,-8.0,2.5,0,0,0,0,0,0,0,0.02702702702702703,37,2.3036365447616256,2.7490650303661823,2.7725459076464176,0,74
final_hybrid,2026086473,2,3,-8.0,2.5,0,0,0,0,0,0,0,0.0,25,2.3108097352087498,2.810745034366846,2.8212382458150387,0,50
final_hybrid,2026086473,3,3,32.0,1.0,1,0,0,0,0,0,0,0.02564102564102564,39,2.39221160658277,2.9109836090356116,5.777604877948761,0,78
final_hybrid,2026086474,0,0,-8.0,2.5,0,0,0,0,0,0,0,0.018867924528301886,53,2.3932122572694183,2.8770565055310726,2.9461882077157497,0,106
final_hybrid,2026086474,1,0,-8.0,2.5,0,0,0,0,0,0,0,0.0,53,2.451437507879059,2.927551604807377,4.739921074360609,0,106
final_hybrid,2026086474,2,0,-16.0,4.0,0,0,1,8,0,0,0,0.03508771929824561,57,2.339033728563472,2.819502539932728,4.674158059060574,0,114
final_hybrid,2026086474,3,0,32.0,1.0,1,0,0,0,0,0,0,0.03125,64,2.2925297598703764,2.6829394744709134,3.847698215395212,0,128
final_hybrid,2026086475,0,0,-16.0,4.0,0,0,1,8,0,0,0,0.0547945205479452,73,2.386119535626614,2.742182742804289,6.074158940464258,0,146
final_hybrid,2026086475,1,0,-8.0,2.5,0,0,0,0,0,0,0,0.0,58,2.3828444215629636,2.8492741752415895,4.5216139405965805,0,116
final_hybrid,2026086475,2,0,57.0,1.0,1,1,0,0,0,0,0,0.017241379310344827,58,2.2860500030219555,2.7083637192845345,2.8213560581207275,0,115
final_hybrid,2026086475,3,0,-8.0,2.5,0,0,0,0,0,0,0,0.013888888888888888,72,2.2738796348373094,2.7507407357916236,2.8035109862685204,0,144
final_hybrid,2026086476,0,1,-23.0,4.0,0,0,1,15,0,0,0,0.0,37,2.3605575331965007,2.8530621901154514,2.904642838984728,0,74
final_hybrid,2026086476,1,1,-8.0,2.5,0,0,0,0,0,0,0,0.044444444444444446,45,2.29026743521293,2.7076348662376404,2.7666445821523666,0,90
final_hybrid,2026086476,2,1,-8.0,2.5,0,0,0,0,0,0,0,0.0,37,2.326349023024778,2.8164642862975597,2.924785017967224,0,74
final_hybrid,2026086476,3,1,-32.0,4.0,0,0,1,24,0,0,0,0.044444444444444446,45,2.2564804284936852,2.633966226130724,2.737191040068865,0,90
final_hybrid,2026086477,0,3,-17.0,4.0,0,0,1,9,0,0,0,0.0,57,2.449920066027788,2.932266518473625,4.099986981600523,0,114
final_hybrid,2026086477,1,3,-8.0,2.5,0,0,0,0,0,0,0,0.0,70,2.343109196850232,2.8687052661553025,2.9202941805124283,0,141
final_hybrid,2026086477,2,3,-8.0,2.5,0,0,0,0,0,0,0,0.017543859649122806,57,2.2794744735093495,2.6961219497025013,2.7345106936991215,0,114
final_hybrid,2026086477,3,3,33.0,1.0,1,0,0,0,0,0,0,0.01639344262295082,61,2.2723123538078833,2.6796292513608932,2.7992669492959976,0,122
final_hybrid,2026086478,0,3,-8.0,2.5,0,0,0,0,0,0,0,0.02531645569620253,79,2.373706596561625,2.7071677614003415,4.496976733207703,0,158
final_hybrid,2026086478,1,3,-8.0,2.5,0,0,0,0,0,0,0,0.0196078431372549,51,2.3112335863212743,2.7450763154774904,2.779680769890547,0,102
final_hybrid,2026086478,2,3,-18.0,3.0,0,0,0,0,0,0,0,0.0125,80,2.2883255092892796,2.754867891781032,2.8618471696972847,0,161
final_hybrid,2026086478,3,3,-18.0,3.0,0,0,0,0,0,0,0,0.025,80,2.344523253850639,2.810663846321404,5.281681194901466,0,161
final_hybrid,2026086479,0,3,-8.0,2.5,0,0,0,0,0,0,0,0.0,28,2.3641129290418967,2.809036406688392,2.8243400156497955,0,56
final_hybrid,2026086479,1,3,-8.0,2.5,0,0,0,0,0,0,0,0.0,28,2.338707496944283,2.826762921176851,2.852912060916424,0,56
final_hybrid,2026086479,2,3,32.0,1.0,1,0,0,0,0,0,0,0.02040816326530612,49,2.293893696778283,2.7742492966353893,2.8182286769151688,0,98
final_hybrid,2026086479,3,3,-17.0,4.0,0,0,1,9,0,0,0,0.0196078431372549,51,2.3344921167282497,2.867430914193392,2.9037008062005043,0,102
final_hybrid,2026086480,0,0,-19.0,3.0,0,0,0,0,0,0,0,0.06451612903225806,31,2.3428148650113614,2.6783645153045654,2.8105322271585464,0,63
final_hybrid,2026086480,1,0,-19.0,3.0,0,0,0,0,0,0,0,0.03225806451612903,31,2.4443609910386224,2.883817534893751,5.681047216057777,0,63
final_hybrid,2026086480,2,0,57.0,1.0,1,1,0,0,0,0,0,0.03125,32,2.270160155603662,2.732047508470714,2.7514412067830563,0,63
final_hybrid,2026086480,3,0,-19.0,3.0,0,0,0,0,0,0,0,0.03225806451612903,31,2.3028442425833595,2.8722118586301804,2.892996184527874,0,63
final_hybrid,2026086481,0,0,-23.0,3.0,0,0,0,0,0,0,0,0.058823529411764705,51,2.3127494416400496,2.6476404163986444,2.8290878981351852,0,103
final_hybrid,2026086481,1,0,-8.0,2.5,0,0,0,0,0,0,0,0.03125,64,2.3048164002830163,2.6761665008962154,2.741207368671894,0,128
final_hybrid,2026086481,2,0,-8.0,2.5,0,0,0,0,0,0,0,0.030303030303030304,66,2.352215349674225,2.857899642549455,5.796611774712801,0,132
final_hybrid,2026086481,3,0,-8.0,2.5,0,0,0,0,0,0,0,0.0,65,2.3268876740565667,2.9141143895685673,2.9708282090723515,0,130
final_hybrid,2026086482,0,2,34.0,1.0,1,0,0,0,0,0,0,0.023809523809523808,42,2.4449072467784085,2.8079094598069787,5.040743853896856,0,84
final_hybrid,2026086482,1,2,-18.0,3.0,0,0,0,0,0,0,0,0.029411764705882353,34,2.312686828458134,2.7502065524458885,2.7753151953220367,0,69
final_hybrid,2026086482,2,2,-35.0,3.0,0,0,0,0,0,0,0,0.0,44,2.3194544694640418,2.856967388652265,2.9032607562839985,0,89
final_hybrid,2026086482,3,2,0.0,2.5,0,0,0,0,0,1,0,0.0,87,2.3618473125428987,2.890799380838871,5.418141838163137,0,174
final_hybrid,2026086483,0,2,37.0,1.0,1,0,0,0,0,0,0,0.034482758620689655,58,2.3304851051291515,2.669051941484213,2.818301785737276,0,115
final_hybrid,2026086483,1,2,-8.0,2.5,0,0,0,0,0,0,0,0.0,50,2.396029392257333,2.9376859543845057,3.7052351981401443,0,100
final_hybrid,2026086483,2,2,-16.0,4.0,0,0,1,8,0,0,0,0.022222222222222223,45,2.293594336758057,2.792416699230671,2.836974337697029,0,90
final_hybrid,2026086483,3,2,-16.0,4.0,0,0,1,8,0,0,0,0.0392156862745098,51,2.301804584396236,2.897629514336586,2.9669050127267838,0,102
final_hybrid,2026086484,0,3,-8.0,2.5,0,0,0,0,0,0,0,0.0,19,2.3660432106178058,2.7934268582612276,2.7940282598137856,0,38
final_hybrid,2026086484,1,3,34.0,1.0,1,0,0,0,0,0,0,0.0,19,2.343349354831796,2.892635064199567,2.9180427081882954,0,38
final_hybrid,2026086484,2,3,-18.0,4.0,0,0,1,10,0,0,0,0.13636363636363635,22,2.2504768037999217,2.5877234991639853,2.5960751809179783,0,44
final_hybrid,2026086484,3,3,-8.0,2.5,0,0,0,0,0,0,0,0.0,19,2.2624893310038665,2.7847039978951216,2.84360907971859,0,38
final_hybrid,2026086485,0,0,54.0,1.0,1,0,0,0,0,0,0,0.0,24,2.353013628938546,2.697402867488563,2.718377858400345,0,48
final_hybrid,2026086485,1,0,-8.0,2.5,0,0,0,0,0,0,0,0.0,27,2.2927618033632085,2.748769987374544,2.770522143691778,0,54
final_hybrid,2026086485,2,0,-38.0,4.0,0,0,1,30,0,0,0,0.041666666666666664,24,2.255096100270748,2.70280500408262,2.717635128647089,0,48
final_hybrid,2026086485,3,0,-8.0,2.5,0,0,0,0,0,0,0,0.041666666666666664,24,2.2702107089571655,2.743352297693491,2.76852585375309,0,48
final_hybrid,2026086486,0,1,-8.0,2.5,0,0,0,0,0,0,0,0.0,27,2.3886491544544697,2.8279729653149843,2.8374423272907734,0,54
final_hybrid,2026086486,1,1,-8.0,2.5,0,0,0,0,0,0,0,0.0,51,2.338104790040091,2.885656664147973,2.9811481945216656,0,102
final_hybrid,2026086486,2,1,49.0,1.0,1,0,0,0,0,0,0,0.044444444444444446,45,2.230685638884703,2.659055963158607,2.7248989790678024,0,90
final_hybrid,2026086486,3,1,34.0,1.0,1,0,0,0,0,0,0,0.037037037037037035,27,2.2673213819938676,2.6610308326780796,2.6951273903250694,0,54
final_hybrid,2026086487,0,3,10.0,2.0,0,0,0,0,0,0,0,0.0,62,2.376385724111911,2.8297482756897807,2.9538339003920555,1,125
final_hybrid,2026086487,1,3,-8.0,2.5,0,0,0,0,0,0,0,0.0,53,2.4084266503605076,2.8460856527090073,5.787713918834925,0,106
final_hybrid,2026086487,2,3,-8.0,2.5,0,0,0,0,0,0,0,0.029850746268656716,67,2.3080458892370337,2.8386411257088184,2.856895327568054,0,134
final_hybrid,2026086487,3,3,-33.0,3.0,0,0,0,0,0,0,0,0.015873015873015872,63,2.2809506793107306,2.7267829049378633,2.8450931422412395,0,127
final_hybrid,2026086488,0,1,48.0,1.0,1,0,0,0,0,0,0,0.0,44,2.3531231775202532,2.8206003131344914,2.8595891781151295,0,88
final_hybrid,2026086488,1,1,-8.0,2.5,0,0,0,0,0,0,0,0.046511627906976744,43,2.2814531030869762,2.662285976111889,2.7435249648988247,0,86
final_hybrid,2026086488,2,1,-8.0,2.5,0,0,0,0,0,0,0,0.03225806451612903,62,2.267093134803637,2.685739239677787,2.757919020950794,0,124
final_hybrid,2026086488,3,1,-32.0,4.0,0,0,1,24,0,0,0,0.025,40,2.2991064586676657,2.843114803545177,2.879084087908268,0,80
final_hybrid,2026086489,0,1,-24.0,3.0,0,0,0,0,0,0,0,0.0,82,2.370572785233579,2.766828052699566,3.0831382609903812,0,165
final_hybrid,2026086489,1,1,-32.0,4.0,0,0,1,24,0,0,0,0.0,54,2.3405967211281813,2.8574222465977073,2.955579198896885,0,108
final_hybrid,2026086489,2,1,-8.0,2.5,0,0,0,0,0,0,0,0.015625,64,2.306580587173812,2.7586626587435603,2.9771458357572556,0,128
final_hybrid,2026086489,3,1,-32.0,4.0,0,0,1,24,0,0,0,0.015625,64,2.3132717033149675,2.8398860711604357,2.933613955974579,0,128
final_hybrid,2026086490,0,1,-20.0,4.0,0,0,1,12,0,0,0,0.03225806451612903,62,2.360742028442121,2.5931953452527523,5.138305947184563,0,124
final_hybrid,2026086490,1,1,-8.0,2.5,0,0,0,0,0,0,0,0.0,74,2.3985896133691877,2.883350383490324,5.352013278752565,0,149
final_hybrid,2026086490,2,1,-8.0,2.5,0,0,0,0,0,0,0,0.016666666666666666,60,2.4247982539236546,2.952916268259287,5.811464041471481,0,120
final_hybrid,2026086490,3,1,-17.0,4.0,0,0,1,9,0,0,0,0.0,58,2.306879449892661,2.854436496272683,2.931036055088043,0,116
final_hybrid,2026086491,0,3,-8.0,2.5,0,0,0,0,0,0,0,0.0625,48,2.31534272703963,2.698232396505773,2.788516692817211,0,96
final_hybrid,2026086491,1,3,-20.0,4.0,0,0,1,12,0,0,0,0.038461538461538464,52,2.298902003810956,2.668751706369221,2.7425093576312065,0,104
final_hybrid,2026086491,2,3,37.0,1.0,1,0,0,0,0,0,0,0.0,34,2.305373179671519,2.8768950374796987,2.943518105894327,0,68
final_hybrid,2026086491,3,3,-21.0,4.0,0,0,1,13,0,0,0,0.0,28,2.284308895468712,2.7252585627138615,2.7289222925901413,0,56
final_hybrid,2026086492,0,1,-17.0,4.0,0,0,1,9,0,0,0,0.0,29,2.393750265112211,2.8984622098505497,2.9165479354560375,0,58
final_hybrid,2026086492,1,1,-8.0,2.5,0,0,0,0,0,0,0,0.0,29,2.3081331224790933,2.791053056716919,2.833060920238495,0,58
final_hybrid,2026086492,2,1,-8.0,2.5,0,0,0,0,0,0,0,0.0,29,2.278264338985599,2.740407269448042,2.744905650615692,0,58
final_hybrid,2026086492,3,1,34.0,1.0,1,0,0,0,0,0,0,0.04,25,2.2766742669045925,2.7977021411061287,2.817697823047638,0,50
final_hybrid,2026086493,0,3,32.0,1.0,1,0,0,0,0,0,0,0.014285714285714285,70,2.354781768683876,2.7135851327329874,2.7727168053388596,0,139
final_hybrid,2026086493,1,3,40.0,1.0,1,0,0,0,0,0,0,0.0,40,2.329941629432142,2.821717504411936,2.876595128327608,0,81
final_hybrid,2026086493,2,3,34.0,1.0,1,0,0,0,0,0,0,0.02666666666666667,75,2.311698365956545,2.841098513454199,2.9582842253148556,0,151
final_hybrid,2026086493,3,3,99.0,1.0,1,1,0,0,0,0,0,0.015151515151515152,66,2.275366604215268,2.7476389659568667,2.76853796094656,0,132
final_hybrid,2026086494,0,1,-8.0,2.5,0,0,0,0,0,0,0,0.03389830508474576,59,2.349448050924782,2.709408802911639,2.7896356768906116,0,119
final_hybrid,2026086494,1,1,-34.0,3.0,0,0,0,0,0,0,0,0.0,66,2.3692052980715577,2.916666562668979,2.9790736734867096,0,134
final_hybrid,2026086494,2,1,99.0,1.0,1,1,0,0,0,0,0,0.0,47,2.288387384899753,2.692523505538702,2.7511529624462128,0,93
final_hybrid,2026086494,3,1,-31.0,4.0,0,0,1,23,0,0,0,0.05555555555555555,36,2.2502002539113164,2.626506029628217,2.754701767116785,0,73
final_hybrid,2026086495,0,3,-21.0,3.0,0,0,0,0,0,0,0,0.05,20,2.3941110353916883,2.8142321621999145,2.8165108524262905,0,41
final_hybrid,2026086495,1,3,63.0,1.0,1,1,0,0,0,0,0,0.0,21,2.516374258058412,2.842871006578207,6.677308119833469,0,41
final_hybrid,2026086495,2,3,-21.0,3.0,0,0,0,0,0,0,0,0.0,20,2.289083832874894,2.8189716627821326,2.87572480738163,0,41
final_hybrid,2026086495,3,3,-21.0,3.0,0,0,0,0,0,0,0,0.05,20,2.2672504652291536,2.643882669508457,2.708282321691513,0,41
final_hybrid,2026086496,0,2,60.0,1.0,1,1,0,0,0,0,0,0.0,51,2.3807392035629236,2.8790715150535107,3.0443603172898293,0,101
final_hybrid,2026086496,1,2,-24.0,3.0,0,0,0,0,0,0,0,0.02,50,2.3061446752399206,2.7098969323560596,2.743542194366455,0,101
final_hybrid,2026086496,2,2,-20.0,3.0,0,0,0,0,0,0,0,0.02,50,2.3192886263132095,2.818548562936485,2.9156669043004513,0,101
final_hybrid,2026086496,3,2,-20.0,3.0,0,0,0,0,0,0,0,0.04,50,2.2616983111947775,2.7477229479700327,2.8315288946032524,0,101
final_hybrid,2026086497,0,3,-20.0,4.0,0,0,1,12,0,0,0,0.045454545454545456,22,2.3888327308337796,2.7849784353747964,2.8204829432070255,0,44
final_hybrid,2026086497,1,3,-8.0,2.5,0,0,0,0,0,0,0,0.0,18,2.2852216174619064,2.768230624496937,2.808706369251013,0,36
final_hybrid,2026086497,2,3,-20.0,4.0,0,0,1,12,0,0,0,0.0,18,2.2530817271520696,2.7896020328626037,2.821949776262045,0,36
final_hybrid,2026086497,3,3,36.0,1.0,1,0,0,0,0,0,0,0.2222222222222222,18,2.269090748288565,2.591743227094412,2.7239080518484116,0,36
final_hybrid,2026086498,0,1,60.0,1.0,1,1,0,0,0,0,0,0.02857142857142857,35,2.4757411064846173,2.9092902317643166,5.938125774264336,0,69
final_hybrid,2026086498,1,1,36.0,1.0,1,0,0,0,0,0,0,0.04878048780487805,41,2.2936838383718237,2.692572772502899,2.7402141131460667,0,82
final_hybrid,2026086498,2,1,-8.0,2.5,0,0,0,0,0,0,0,0.0,54,2.3440820837600365,2.8999503003433347,2.9503721743822098,0,108
final_hybrid,2026086498,3,1,-16.0,3.0,0,0,0,0,0,0,0,0.038461538461538464,52,2.2762700772056212,2.7087330352514982,3.4776427783071995,0,105
final_hybrid,2026086499,0,2,-18.0,4.0,0,0,1,10,0,0,0,0.018867924528301886,53,2.366867461153921,2.7616653591394424,2.85174697637558,0,107
final_hybrid,2026086499,1,2,32.0,1.0,1,0,0,0,0,0,0,0.03125,32,2.3411457950714976,2.7878489810973406,2.8396998532116413,0,63
final_hybrid,2026086499,2,2,34.0,1.0,1,0,0,0,0,0,0,0.03773584905660377,53,2.31621176320708,2.6272823102772236,5.141067784279585,0,107
final_hybrid,2026086499,3,2,-8.0,2.5,0,0,0,0,0,0,0,0.0,49,2.3214589253220024,2.8332747519016266,2.8740731067955494,0,99
