model,wall_seed,seat,prevalent_wind,score,rank,win,self_draw,deal_in,deal_in_fan,big_deal_in,draw,draw_tenpai,call_rate,decisions,mean_decision_ms,p95_decision_ms,max_decision_ms,invalid_or_timeout,steps
final_hybrid,2026086000,0,1,-8.0,2.5,0,0,0,0,0,0,0,0.03076923076923077,65,7.731332028141389,2.8452588245272636,348.3855249360204,0,130
final_hybrid,2026086000,1,1,37.0,1.0,1,0,0,0,0,0,0,0.0,41,2.465055812513683,2.982329111546278,3.120667766779661,0,82
final_hybrid,2026086000,2,1,33.0,1.0,1,0,0,0,0,0,0,0.04081632653061224,49,2.5079438405833683,3.0763252638280374,6.5665338188409805,0,98
final_hybrid,2026086000,3,1,32.0,1.0,1,0,0,0,0,0,0,0.05714285714285714,35,2.325004552091871,2.734357956796884,3.3170729875564575,0,70
final_hybrid,2026086001,0,0,-8.0,2.5,0,0,0,0,0,0,0,0.02666666666666667,75,2.4107483153541884,2.8107888530939817,4.8797233030200005,0,150
final_hybrid,2026086001,1,0,-30.0,3.0,0,0,0,0,0,0,0,0.05128205128205128,78,2.325723538748347,2.7137737022712827,3.0734073370695114,0,157
final_hybrid,2026086001,2,0,-20.0,3.0,0,0,0,0,0,0,0,0.016129032258064516,62,2.3701807348838737,2.862381935119629,3.463630098849535,0,125
final_hybrid,2026086001,3,0,-30.0,3.0,0,0,0,0,0,0,0,0.0,75,2.324795015156269,2.795018535107374,3.468081820756197,0,151
final_hybrid,2026086002,0,3,34.0,1.0,1,0,0,0,0,0,0,0.034482758620689655,29,2.352902392760433,2.7132492512464523,2.842872403562069,0,58
final_hybrid,2026086002,1,3,-8.0,2.5,0,0,0,0,0,0,0,0.0,50,2.3673951905220747,2.8750734170898795,3.4857578575611115,0,100
final_hybrid,2026086002,2,3,-33.0,3.0,0,0,0,0,0,0,0,0.0,47,2.3617408674289573,2.902226010337472,2.9614330269396305,0,95
final_hybrid,2026086002,3,3,-17.0,3.0,0,0,0,0,0,0,0,0.0,72,2.3404331813152464,2.8608849504962564,3.470044117420912,0,145
final_hybrid,2026086003,0,2,34.0,1.0,1,0,0,0,0,0,0,0.03508771929824561,57,2.3540687061061987,2.709426824003458,2.8597856871783733,0,114
final_hybrid,2026086003,1,2,-8.0,2.5,0,0,0,0,0,0,0,0.0196078431372549,51,2.3409344128095637,2.806569915264845,2.866657916456461,0,102
final_hybrid,2026086003,2,2,36.0,1.0,1,0,0,0,0,0,0,0.0196078431372549,51,2.309228558385489,2.799597103148699,3.3401930704712868,0,102
final_hybrid,2026086003,3,2,-17.0,3.0,0,0,0,0,0,0,0,0.014492753623188406,69,2.324416308893242,2.792705502361059,2.8418288566172123,0,139
final_hybrid,2026086004,0,0,-24.0,3.0,0,0,0,0,0,0,0,0.0,54,2.432194512544407,2.917873696424067,4.176088608801365,0,109
final_hybrid,2026086004,1,0,-16.0,3.0,0,0,0,0,0,0,0,0.0,75,2.3536587754885354,2.813838981091976,3.2644174061715603,0,151
final_hybrid,2026086004,2,0,-8.0,2.5,0,0,0,0,0,0,0,0.012987012987012988,77,2.342574909184273,2.8831017203629017,3.0308072455227375,0,154
final_hybrid,2026086004,3,0,48.0,1.0,1,1,0,0,0,0,0,0.03571428571428571,84,2.2552383653376076,2.5451848981902003,2.8224200941622257,0,167
final_hybrid,2026086005,0,2,-8.0,2.5,0,0,0,0,0,0,0,0.0625,32,2.3427956039085984,2.7396908961236477,2.8114430606365204,0,64
final_hybrid,2026086005,1,2,63.0,1.0,1,1,0,0,0,0,0,0.0,45,2.355290297418833,2.811106853187084,3.023196943104267,0,89
final_hybrid,2026086005,2,2,-17.0,4.0,0,0,1,9,0,0,0,0.05555555555555555,36,2.2942099927200212,2.813271712511778,2.836315892636776,0,72
final_hybrid,2026086005,3,2,-8.0,2.5,0,0,0,0,0,0,0,0.0625,32,2.265939474455081,2.606366155669093,2.976741176098585,0,64
final_hybrid,2026086006,0,1,-18.0,4.0,0,0,1,10,0,0,0,0.024390243902439025,41,2.42113680919496,2.880572807043791,3.1600170768797398,0,82
final_hybrid,2026086006,1,1,-21.0,3.0,0,0,0,0,0,0,0,0.0,28,2.3382690103192414,2.8099796967580914,2.8238981030881405,0,57
final_hybrid,2026086006,2,1,-21.0,3.0,0,0,0,0,0,0,0,0.03333333333333333,30,2.3120365105569363,2.7864898554980755,2.795165404677391,0,61
final_hybrid,2026086006,3,1,-21.0,3.0,0,0,0,0,0,0,0,0.03571428571428571,28,2.330476850537317,2.8555436758324504,2.8960839845240116,0,57
final_hybrid,2026086007,0,2,-18.0,3.0,0,0,0,0,0,0,0,0.023809523809523808,42,2.3893116795945737,2.7707699686288834,3.180601168423891,0,85
final_hybrid,2026086007,1,2,54.0,1.0,1,1,0,0,0,0,0,0.023255813953488372,43,2.3032857949823833,2.7458729222416878,2.7777208015322685,0,85
final_hybrid,2026086007,2,2,-18.0,3.0,0,0,0,0,0,0,0,0.07142857142857142,42,2.279970972310929,2.705470495857298,3.030079882591963,0,85
final_hybrid,2026086007,3,2,-18.0,3.0,0,0,0,0,0,0,0,0.0,42,2.3349757816287733,3.0028432374820113,3.0289231799542904,0,85
final_hybrid,2026086008,0,3,-8.0,2.5,0,0,0,0,0,0,0,0.011494252873563218,87,2.379154449264551,2.813082793727517,2.8568399138748646,0,174
final_hybrid,2026086008,1,3,54.0,1.0,1,1,0,0,0,0,0,0.016666666666666666,60,2.341903179573516,2.861317712813616,3.52590624243021,0,119
final_hybrid,2026086008,2,3,-21.0,3.0,0,0,0,0,0,0,0,0.0196078431372549,51,2.3337254099840044,2.770800143480301,3.3933529630303383,0,103
final_hybrid,2026086008,3,3,-21.0,3.0,0,0,0,0,0,0,0,0.0392156862745098,51,2.2916317022606436,2.6989479083567858,3.041991963982582,0,103
final_hybrid,2026086009,0,1,-17.0,4.0,0,0,1,9,0,0,0,0.041666666666666664,48,2.3382994307515523,2.613455126993358,3.0903341248631477,0,96
final_hybrid,2026086009,1,1,-17.0,4.0,0,0,1,9,0,0,0,0.0,45,2.3800724599924354,2.8302171267569065,3.360265865921974,0,90
final_hybrid,2026086009,2,1,-49.0,4.0,0,0,1,41,1,0,0,0.0,39,2.352952706412627,2.876663114875555,2.9819048941135406,0,78
final_hybrid,2026086009,3,1,33.0,1.0,1,0,0,0,0,0,0,0.020833333333333332,48,2.273817556366945,2.6318324729800224,2.737235277891159,0,96
final_hybrid,2026086010,0,3,-16.0,3.0,0,0,0,0,0,0,0,0.014492753623188406,69,2.3859042498836485,2.812829241156578,2.929863054305315,0,140
final_hybrid,2026086010,1,3,-16.0,3.0,0,0,0,0,0,0,0,0.028985507246376812,69,2.298484833074221,2.6620923541486263,2.750685904175043,0,140
final_hybrid,2026086010,2,3,38.0,1.0,1,0,0,0,0,0,0,0.046511627906976744,43,2.29005180949042,2.7320552617311478,3.1910892575979233,0,85
final_hybrid,2026086010,3,3,34.0,1.0,1,0,0,0,0,0,0,0.016129032258064516,62,2.2878555971528254,2.743217279203236,2.868153154850006,0,125
final_hybrid,2026086011,0,0,-8.0,2.5,0,0,0,0,0,0,0,0.08695652173913043,23,2.3124243497200636,2.5998360943049192,2.7979807928204536,0,46
final_hybrid,2026086011,1,0,36.0,1.0,1,0,0,0,0,0,0,0.13043478260869565,23,2.287291476260061,2.633722499012947,2.6429849676787853,0,46
final_hybrid,2026086011,2,0,-20.0,4.0,0,0,1,12,0,0,0,0.0,35,2.36378140481455,2.844760986045003,2.889042254537344,0,70
final_hybrid,2026086011,3,0,-8.0,2.5,0,0,0,0,0,0,0,0.0,23,2.2909467553962832,2.8640929609537125,2.8949128463864326,0,46
final_hybrid,2026086012,0,3,37.0,1.0,1,0,0,0,0,0,0,0.023255813953488372,43,2.35782282123732,2.740083960816264,2.832150086760521,0,86
final_hybrid,2026086012,1,3,-23.0,3.0,0,0,0,0,0,0,0,0.04411764705882353,68,2.2988075267194823,2.679674234241247,3.1834132969379425,0,138
final_hybrid,2026086012,2,3,-27.0,3.0,0,0,0,0,0,0,0,0.014705882352941176,68,2.3316504392663346,2.8212210163474083,2.8542475774884224,0,138
final_hybrid,2026086012,3,3,-23.0,3.0,0,0,0,0,0,0,0,0.028985507246376812,69,2.2987110229829946,2.716754376888275,3.124407958239317,0,138
final_hybrid,2026086013,0,2,-8.0,2.5,0,0,0,0,0,0,0,0.01694915254237288,59,2.38445795819921,2.8124512173235416,2.8408709913492203,0,118
final_hybrid,2026086013,1,2,33.0,1.0,1,0,0,0,0,0,0,0.031746031746031744,63,2.319650828010506,2.7168248780071735,2.8352178633213043,0,126
final_hybrid,2026086013,2,2,0.0,2.5,0,0,0,0,0,1,0,0.0,87,2.351135679188816,2.869510417804122,3.968941979110241,0,174
final_hybrid,2026086013,3,2,-23.0,3.0,0,0,0,0,0,0,0,0.012345679012345678,81,2.296535240739216,2.737397328019142,2.7855033986270428,0,163
final_hybrid,2026086014,0,0,-18.0,4.0,0,0,1,10,0,0,0,0.0,30,2.390237463017305,2.763270610012114,2.8310748748481274,0,60
final_hybrid,2026086014,1,0,-8.0,2.5,0,0,0,0,0,0,0,0.03125,32,2.3665587068535388,2.89191713090986,3.3648908138275146,0,64
final_hybrid,2026086014,2,0,33.0,1.0,1,0,0,0,0,0,0,0.09090909090909091,33,2.2539590259618834,2.6285044848918915,2.7505410835146904,0,66
final_hybrid,2026086014,3,0,-8.0,2.5,0,0,0,0,0,0,0,0.029411764705882353,34,2.2955354686607334,2.7074514189735055,2.755033317953348,0,68
final_hybrid,2026086015,0,1,46.0,1.0,1,0,0,0,0,0,0,0.04285714285714286,70,2.3129919743431464,2.5560023030266166,2.742927987128496,0,140
final_hybrid,2026086015,1,1,-25.0,3.0,0,0,0,0,0,0,0,0.0,47,2.346145831286273,2.7936451137065887,2.819133922457695,0,95
final_hybrid,2026086015,2,1,-29.0,4.0,0,0,1,21,0,0,0,0.0,53,2.328324149239738,2.851399313658476,2.87497416138649,0,106
final_hybrid,2026086015,3,1,-8.0,2.5,0,0,0,0,0,0,0,0.0,58,2.3312061174034047,2.8772274730727077,3.161520231515169,0,116
final_hybrid,2026086016,0,0,-16.0,3.0,0,0,0,0,0,0,0,0.04,50,2.340590925887227,2.6503591565415263,2.7589681558310986,0,101
final_hybrid,2026086016,1,0,-16.0,3.0,0,0,0,0,0,0,0,0.02,50,2.357861651107669,2.783184335567057,2.934560179710388,0,101
final_hybrid,2026086016,2,0,57.0,1.0,1,1,0,0,0,0,0,0.029411764705882353,34,2.289875574848231,2.785738534294069,2.85549508407712,0,67
final_hybrid,2026086016,3,0,-19.0,3.0,0,0,0,0,0,0,0,0.02857142857142857,35,2.266033073621137,2.6402779389172792,2.705445047467947,0,71
final_hybrid,2026086017,0,0,-19.0,4.0,0,0,1,11,0,0,0,0.0,39,2.42556226797975,2.95747690834105,3.3804038539528847,0,78
final_hybrid,2026086017,1,0,-8.0,2.5,0,0,0,0,0,0,0,0.05128205128205128,39,2.3058000713204727,2.718944614753127,2.756970003247261,0,78
final_hybrid,2026086017,2,0,35.0,1.0,1,0,0,0,0,0,0,0.05128205128205128,39,2.287771839361924,2.6791238225996494,2.7564759366214275,0,78
final_hybrid,2026086017,3,0,-8.0,2.5,0,0,0,0,0,0,0,0.0,39,2.3307522090199666,2.83038467168808,2.8627729043364525,0,78
final_hybrid,2026086018,0,3,-8.0,2.5,0,0,0,0,0,0,0,0.0,26,2.423662101276792,2.876125043258071,2.9454119503498077,0,52
final_hybrid,2026086018,1,3,-18.0,3.0,0,0,0,0,0,0,0,0.0,31,2.359366615212733,2.8102195356041193,2.848076168447733,0,63
final_hybrid,2026086018,2,3,-8.0,2.5,0,0,0,0,0,0,0,0.038461538461538464,26,2.3210538157190266,2.8661033138632774,2.890637144446373,0,52
final_hybrid,2026086018,3,3,34.0,1.0,1,0,0,0,0,0,0,0.038461538461538464,26,2.312158073226993,2.8271495830267668,2.9457006603479385,0,52
final_hybrid,2026086019,0,1,32.0,1.0,1,0,0,0,0,0,0,0.13333333333333333,15,2.3435639838377633,2.705083414912224,2.8168000280857086,0,30
final_hybrid,2026086019,1,1,-16.0,4.0,0,0,1,8,0,0,0,0.030303030303030304,33,2.3211432112888857,2.748423907905817,2.7735852636396885,0,66
final_hybrid,2026086019,2,1,-16.0,4.0,0,0,1,8,0,0,0,0.0,15,2.3438671603798866,2.8321901336312294,2.856454811990261,0,30
final_hybrid,2026086019,3,1,-8.0,2.5,0,0,0,0,0,0,0,0.0,15,2.287538225452105,2.784396056085825,2.7858922258019447,0,30
final_hybrid,2026086020,0,1,-8.0,2.5,0,0,0,0,0,0,0,0.045454545454545456,22,2.374681517143141,2.800932223908603,2.8865807689726353,0,44
final_hybrid,2026086020,1,1,37.0,1.0,1,0,0,0,0,0,0,0.0,22,2.3795702410015194,2.928297081962228,2.993425354361534,0,44
final_hybrid,2026086020,2,1,0.0,2.5,0,0,0,0,0,1,0,0.03571428571428571,84,2.269000374889445,2.60294396430254,2.870438154786825,0,168
final_hybrid,2026086020,3,1,-8.0,2.5,0,0,0,0,0,0,0,0.0,22,2.2703335112468763,2.798260119743645,2.8074639849364758,0,44
final_hybrid,2026086021,0,2,49.0,1.0,1,0,0,0,0,0,0,0.0,68,2.379158545997651,2.7405860368162394,3.1443792395293713,0,136
final_hybrid,2026086021,1,2,-19.0,4.0,0,0,1,11,0,0,0,0.0,72,2.382799465623167,2.90965735912323,2.994704991579056,0,144
final_hybrid,2026086021,2,2,0.0,2.5,0,0,0,0,0,1,0,0.011904761904761904,84,2.319976548841667,2.746199956163764,2.880072221159935,0,168
final_hybrid,2026086021,3,2,-8.0,2.5,0,0,0,0,0,0,0,0.03333333333333333,60,2.29913085543861,2.705889451317489,2.8346888720989227,0,120
final_hybrid,2026086022,0,1,-17.0,4.0,0,0,1,9,0,0,0,0.037037037037037035,27,2.4306875550084643,2.9195208102464676,2.9462198726832867,0,54
final_hybrid,2026086022,1,1,43.0,1.0,1,0,0,0,0,0,0,0.058823529411764705,34,2.3241409867563667,2.7037170017138124,2.8277100063860416,0,68
final_hybrid,2026086022,2,1,-8.0,2.5,0,0,0,0,0,0,0,0.029411764705882353,34,2.31336904963588,2.7761693578213453,2.7813082560896873,0,68
final_hybrid,2026086022,3,1,-27.0,4.0,0,0,1,19,0,0,0,0.08823529411764706,34,2.2513871902928635,2.5562030263245106,2.597995102405548,0,68
final_hybrid,2026086023,0,2,-8.0,2.5,0,0,0,0,0,0,0,0.016129032258064516,62,2.379104284749877,2.598227863200009,5.580953788012266,0,125
final_hybrid,2026086023,1,2,41.0,1.0,1,0,0,0,0,0,0,0.03389830508474576,59,2.2942726737109282,2.6873532216995955,2.72415392100811,0,118
final_hybrid,2026086023,2,2,-19.0,4.0,0,0,1,11,0,0,0,0.06349206349206349,63,2.3166294032264325,2.77213747613132,2.8461311012506485,0,125
final_hybrid,2026086023,3,2,0.0,2.5,0,0,0,0,0,1,0,0.046511627906976744,86,2.2642267164016188,2.6199438143521547,2.6775216683745384,0,173
final_hybrid,2026086024,0,1,-18.0,3.0,0,0,0,0,0,0,0,0.06896551724137931,29,2.372424455423807,2.819521725177765,2.8528007678687572,0,59
final_hybrid,2026086024,1,1,-8.0,2.5,0,0,0,0,0,0,0,0.0,40,2.4062491371296346,3.085394692607224,3.170494921505451,0,80
final_hybrid,2026086024,2,1,-22.0,3.0,0,0,0,0,0,0,0,0.0625,32,2.308210212504491,2.744150743819773,2.779057715088129,0,65
final_hybrid,2026086024,3,1,-18.0,3.0,0,0,0,0,0,0,0,0.0,29,2.3358663672517084,2.8026562184095383,2.8311647474765778,0,59
final_hybrid,2026086025,0,2,-8.0,2.5,0,0,0,0,0,0,0,0.021739130434782608,46,2.35316576436162,2.732943743467331,2.827255055308342,0,92
final_hybrid,2026086025,1,2,-19.0,4.0,0,0,1,11,0,0,0,0.0,54,2.3619022858501584,2.830640901811421,2.8560422360897064,0,108
final_hybrid,2026086025,2,2,-16.0,4.0,0,0,1,8,0,0,0,0.030303030303030304,66,2.3144433684082646,2.6918500661849976,3.0845170840620995,0,132
final_hybrid,2026086025,3,2,-8.0,2.5,0,0,0,0,0,0,0,0.037037037037037035,54,2.3038331764163793,2.766854781657457,2.845435868948698,0,108
final_hybrid,2026086026,0,3,43.0,1.0,1,0,0,0,0,0,0,0.041666666666666664,24,2.3686825103747347,2.7761538978666067,2.8041116893291473,0,48
final_hybrid,2026086026,1,3,33.0,1.0,1,0,0,0,0,0,0,0.01694915254237288,59,2.3325147359805594,2.752077393233776,2.8025428764522076,0,118
final_hybrid,2026086026,2,3,37.0,1.0,1,0,0,0,0,0,0,0.0,61,2.359436359256506,2.9637902043759823,3.199209924787283,0,122
final_hybrid,2026086026,3,3,-8.0,2.5,0,0,0,0,0,0,0,0.030303030303030304,66,2.2748256398534235,2.6303724152967334,2.727123908698559,0,132
final_hybrid,2026086027,0,3,-22.0,3.0,0,0,0,0,0,0,0,0.0,42,2.3940894420125653,2.9251565923914313,2.989895176142454,0,85
final_hybrid,2026086027,1,3,-22.0,3.0,0,0,0,0,0,0,0,0.07142857142857142,42,2.3258551289992675,2.6839672587811942,2.790612168610096,0,85
final_hybrid,2026086027,2,3,-8.0,2.5,0,0,0,0,0,0,0,0.05555555555555555,36,2.335262174407641,2.7819013921543956,3.4462870098650455,0,72
final_hybrid,2026086027,3,3,66.0,1.0,1,1,0,0,0,0,0,0.023255813953488372,43,2.338097733986932,2.9221145436167717,2.9881400987505913,0,85
final_hybrid,2026086028,0,0,48.0,1.0,1,0,0,0,0,0,0,0.0,52,2.3970667344446364,2.8676311718299985,2.90190102532506,0,104
final_hybrid,2026086028,1,0,-16.0,4.0,0,0,1,8,0,0,0,0.0,46,2.3710123445514752,2.8857578290626407,2.9754769057035446,0,92
final_hybrid,2026086028,2,0,-8.0,2.5,0,0,0,0,0,0,0,0.020833333333333332,48,2.2937241689457246,2.7105577057227492,2.7908962219953537,0,96
final_hybrid,2026086028,3,0,-32.0,4.0,0,0,1,24,0,0,0,0.038461538461538464,52,2.280823035667149,2.665396337397396,2.7328249998390675,0,104
final_hybrid,2026086029,0,0,34.0,1.0,1,0,0,0,0,0,0,0.04225352112676056,71,2.3501595928215644,2.6966689620167017,2.829382661730051,0,142
final_hybrid,2026086029,1,0,-8.0,2.5,0,0,0,0,0,0,0,0.06818181818181818,44,2.302957995032722,2.748829103074968,2.802407369017601,0,88
final_hybrid,2026086029,2,0,33.0,1.0,1,0,0,0,0,0,0,0.06818181818181818,44,2.251302082599564,2.5741979014128447,2.7876319363713264,0,88
final_hybrid,2026086029,3,0,-34.0,4.0,0,0,1,26,0,0,0,0.02857142857142857,70,2.306253057239311,2.757028955966234,2.805476076900959,0,140
final_hybrid,2026086030,0,2,32.0,1.0,1,0,0,0,0,0,0,0.04878048780487805,41,2.3572000606757837,2.8118896298110485,2.8427853249013424,0,82
final_hybrid,2026086030,1,2,-8.0,2.5,0,0,0,0,0,0,0,0.046511627906976744,43,2.352790452193382,2.885576942935586,3.609154373407364,0,86
final_hybrid,2026086030,2,2,35.0,1.0,1,0,0,0,0,0,0,0.021739130434782608,46,2.363497917742833,2.9373790603131056,2.9674689285457134,0,92
final_hybrid,2026086030,3,2,-19.0,4.0,0,0,1,11,0,0,0,0.037037037037037035,54,2.2987697307986243,2.774675516411662,3.092836122959852,0,108
final_hybrid,2026086031,0,2,-17.0,3.0,0,0,0,0,0,0,0,0.0,55,2.42592173374512,2.82306638546288,2.8829891234636307,0,111
final_hybrid,2026086031,1,2,-17.0,3.0,0,0,0,0,0,0,0,0.0,53,2.3762378578056707,2.9399432241916656,3.249820787459612,0,107
final_hybrid,2026086031,2,2,51.0,1.0,1,1,0,0,0,0,0,0.017857142857142856,56,2.31057867806937,2.7020294219255447,2.7641430497169495,0,111
final_hybrid,2026086031,3,2,-17.0,3.0,0,0,0,0,0,0,0,0.01818181818181818,55,2.3238278332759035,2.7752819936722517,2.8374851681292057,0,111
final_hybrid,2026086032,0,3,35.0,1.0,1,0,0,0,0,0,0,0.030303030303030304,33,2.4121451671376373,2.9554318636655807,3.3231102861464024,0,66
final_hybrid,2026086032,1,3,-8.0,2.5,0,0,0,0,0,0,0,0.030303030303030304,33,2.343531415769548,2.821910846978426,2.8665740974247456,0,66
final_hybrid,2026086032,2,3,-8.0,2.5,0,0,0,0,0,0,0,0.06060606060606061,33,2.3417541983001158,2.732122503221035,2.8900038450956345,0,66
final_hybrid,2026086032,3,3,-18.0,4.0,0,0,1,10,0,0,0,0.037037037037037035,27,2.3385575731043464,2.876933151856065,3.106404095888138,0,54
final_hybrid,2026086033,0,3,33.0,1.0,1,0,0,0,0,0,0,0.06451612903225806,31,2.3712539264271335,2.863242756575346,3.2002353109419346,0,62
final_hybrid,2026086033,1,3,-8.0,2.5,0,0,0,0,0,0,0,0.043478260869565216,23,2.366661215605943,2.7647774666547775,3.4829298965632915,0,46
final_hybrid,2026086033,2,3,-27.0,4.0,0,0,1,19,0,0,0,0.04838709677419355,62,2.3351863116746947,2.7744286227971315,3.4039271995425224,0,124
final_hybrid,2026086033,3,3,33.0,1.0,1,0,0,0,0,0,0,0.0,62,2.3663158363272108,3.038021037355065,3.1395098194479942,0,124
final_hybrid,2026086034,0,2,-8.0,2.5,0,0,0,0,0,0,0,0.0,39,2.4007016506332617,2.8233262710273266,2.992670051753521,0,78
final_hybrid,2026086034,1,2,-20.0,4.0,0,0,1,12,0,0,0,0.0,50,2.3888550233095884,2.992912707850337,3.034509252756834,0,100
final_hybrid,2026086034,2,2,-24.0,3.0,0,0,0,0,0,0,0,0.06666666666666667,30,2.290493156760931,2.620863262563944,2.7565029449760914,0,61
final_hybrid,2026086034,3,2,-8.0,2.5,0,0,0,0,0,0,0,0.02,50,2.317336667329073,2.768454607576132,2.8497488237917423,0,100
final_hybrid,2026086035,0,0,-18.0,4.0,0,0,1,10,0,0,0,0.02857142857142857,35,2.4059778744620934,2.834318671375513,3.502811770886183,0,70
final_hybrid,2026086035,1,0,-8.0,2.5,0,0,0,0,0,0,0,0.0,23,2.3132545833030473,2.750547556206584,2.7522114105522633,0,46
final_hybrid,2026086035,2,0,36.0,1.0,1,0,0,0,0,0,0,0.043478260869565216,23,2.3561385865120785,2.839628281071782,3.54147981852293,0,46
final_hybrid,2026086035,3,0,-8.0,2.5,0,0,0,0,0,0,0,0.03225806451612903,31,2.31789136605878,2.8158873319625854,2.898699603974819,0,62
final_hybrid,2026086036,0,0,54.0,1.0,1,1,0,0,0,0,0,0.041666666666666664,24,2.3401795964067182,2.661932213231921,2.765549812465906,0,47
final_hybrid,2026086036,1,0,-18.0,3.0,0,0,0,0,0,0,0,0.0,23,2.3418783777109953,2.810908481478691,3.2528056763112545,0,47
final_hybrid,2026086036,2,0,-8.0,2.5,0,0,0,0,0,0,0,0.08695652173913043,23,2.2607536824501078,2.554622059687972,2.577641047537327,0,46
final_hybrid,2026086036,3,0,-8.0,2.5,0,0,0,0,0,0,0,0.0,9,2.286588359210226,2.748669870197773,2.7664629742503166,0,18
final_hybrid,2026086037,0,0,0.0,2.5,0,0,0,0,0,1,0,0.0,81,2.5164711657037704,3.163326997309923,3.9921430870890617,0,162
final_hybrid,2026086037,1,0,0.0,2.5,0,0,0,0,0,1,0,0.0,83,2.392331368278667,2.924220124259591,3.8540377281606197,0,166
final_hybrid,2026086037,2,0,-8.0,2.5,0,0,0,0,0,0,0,0.018867924528301886,53,2.3222500370499097,2.7836144901812077,3.9320476353168488,0,106
final_hybrid,2026086037,3,0,0.0,2.5,0,0,0,0,0,1,0,0.0,83,2.325868234038353,2.8229857329279184,2.8781541623175144,0,166
final_hybrid,2026086038,0,1,-21.0,4.0,0,0,1,13,0,0,0,0.043478260869565216,46,2.3923986996321576,2.8306562453508377,2.9167933389544487,0,92
final_hybrid,2026086038,1,1,-8.0,2.5,0,0,0,0,0,0,0,0.0,46,2.38405610434711,2.9429843416437507,3.1284838914871216,0,92
final_hybrid,2026086038,2,1,-8.0,2.5,0,0,0,0,0,0,0,0.0392156862745098,51,2.3068161772600577,2.7840358670800924,2.8086709789931774,0,102
final_hybrid,2026086038,3,1,37.0,1.0,1,0,0,0,0,0,0,0.06521739130434782,46,2.28933149786747,2.723741694353521,2.793832216411829,0,92
final_hybrid,2026086039,0,1,35.0,1.0,1,0,0,0,0,0,0,0.0,26,2.4406315866284647,2.9242337914183736,3.0572740361094475,0,52
final_hybrid,2026086039,1,1,-8.0,2.5,0,0,0,0,0,0,0,0.0,29,2.346755583481542,2.7414964511990547,2.7487208135426044,0,58
final_hybrid,2026086039,2,1,-25.0,4.0,0,0,1,17,0,0,0,0.0,29,2.325681279060142,2.829748671501875,2.8510098345577717,0,58
final_hybrid,2026086039,3,1,-8.0,2.5,0,0,0,0,0,0,0,0.0,29,2.3307940794219233,2.804202865809202,3.002760000526905,0,58
final_hybrid,2026086040,0,1,-18.0,4.0,0,0,1,10,0,0,0,0.021739130434782608,46,2.399031579008569,2.8079035691916943,2.8686118312180042,0,92
final_hybrid,2026086040,1,1,-20.0,3.0,0,0,0,0,0,0,0,0.02666666666666667,75,2.3064309917390347,2.682686783373356,2.7864263392984867,0,151
final_hybrid,2026086040,2,1,0.0,2.5,0,0,0,0,0,1,0,0.011764705882352941,85,2.312148718492073,2.8290065936744213,2.9482939280569553,0,170
final_hybrid,2026086040,3,1,35.0,1.0,1,0,0,0,0,0,0,0.02857142857142857,70,2.2879276956830705,2.707539196126163,2.746865153312683,0,140
final_hybrid,2026086041,0,0,-8.0,2.5,0,0,0,0,0,0,0,0.021739130434782608,46,2.3987511800521095,2.9059668304398656,2.9405150562524796,0,92
final_hybrid,2026086041,1,0,33.0,1.0,1,0,0,0,0,0,0,0.022727272727272728,44,2.3375043899498205,2.8115847380831838,2.856869250535965,0,88
final_hybrid,2026086041,2,0,-19.0,3.0,0,0,0,0,0,0,0,0.0,58,2.3458574513166117,2.9181780759245157,2.948727924376726,0,117
final_hybrid,2026086041,3,0,-8.0,2.5,0,0,0,0,0,0,0,0.0,51,2.372952981614599,3.028877079486847,3.118705004453659,0,102
final_hybrid,2026086042,0,1,-8.0,2.5,0,0,0,0,0,0,0,0.028985507246376812,69,2.3625726082726666,2.79054194688797,2.8124512173235416,0,138
final_hybrid,2026086042,1,1,0.0,2.5,0,0,0,0,0,1,1,0.034482758620689655,87,2.3001885823049077,2.6424354407936335,2.8085801750421524,0,174
final_hybrid,2026086042,2,1,-8.0,2.5,0,0,0,0,0,0,0,0.038461538461538464,52,2.261455529011213,2.607142552733421,2.771718893200159,0,104
final_hybrid,2026086042,3,1,37.0,1.0,1,0,0,0,0,0,0,0.03773584905660377,53,2.3242259257525766,2.923100348562002,3.0708210542798042,0,106
final_hybrid,2026086043,0,3,-21.0,3.0,0,0,0,0,0,0,0,0.017543859649122806,57,2.3704144303082373,2.788790035992861,2.850973978638649,0,115
final_hybrid,2026086043,1,3,63.0,1.0,1,1,0,0,0,0,0,0.05172413793103448,58,2.3488989661865194,2.8245237655937667,3.3040642738342285,0,115
final_hybrid,2026086043,2,3,-21.0,3.0,0,0,0,0,0,0,0,0.03571428571428571,56,2.263052364079548,2.6495734928175807,2.746454905718565,0,113
final_hybrid,2026086043,3,3,-21.0,3.0,0,0,0,0,0,0,0,0.0,56,2.4102610352981304,3.1022048788145185,3.663421142846346,0,113
final_hybrid,2026086044,0,3,-8.0,2.5,0,0,0,0,0,0,0,0.0,53,2.3732521782084457,2.754624281078577,2.8114602901041508,0,106
final_hybrid,2026086044,1,3,-33.0,3.0,0,0,0,0,0,0,0,0.014285714285714285,70,2.3454536018627032,2.8041371377184987,2.849163021892309,0,142
final_hybrid,2026086044,2,3,-22.0,4.0,0,0,1,14,0,0,0,0.0,38,2.3400053921106614,2.7816872810944915,3.4826481714844704,0,76
final_hybrid,2026086044,3,3,-8.0,2.5,0,0,0,0,0,0,0,0.02631578947368421,38,2.3035128159742606,2.737634349614382,2.7843290008604527,0,76
final_hybrid,2026086045,0,1,-26.0,4.0,0,0,1,18,0,0,0,0.0,35,2.417427913418838,2.850652951747179,3.0357050709426403,0,70
final_hybrid,2026086045,1,1,81.0,1.0,1,1,0,0,0,0,0,0.045454545454545456,44,2.3256902244280684,2.763589285314083,2.8300839476287365,0,87
final_hybrid,2026086045,2,1,-27.0,3.0,0,0,0,0,0,0,0,0.023255813953488372,43,2.324263619388952,2.7878254652023315,2.817008178681135,0,87
final_hybrid,2026086045,3,1,-26.0,4.0,0,0,1,18,0,0,0,0.01818181818181818,55,2.348550163548101,2.9029942583292723,2.9414952732622623,0,110
final_hybrid,2026086046,0,1,-8.0,2.5,0,0,0,0,0,0,0,0.05128205128205128,39,2.3215323185118346,2.5937031023204327,2.752683125436306,0,78
final_hybrid,2026086046,1,1,-8.0,2.5,0,0,0,0,0,0,0,0.03225806451612903,31,2.335505560040474,2.8016380965709686,2.9276632703840733,0,62
final_hybrid,2026086046,2,1,-17.0,3.0,0,0,0,0,0,0,0,0.09090909090909091,33,2.285143727380218,2.608856838196516,2.7328310534358025,0,67
final_hybrid,2026086046,3,1,-17.0,3.0,0,0,0,0,0,0,0,0.06060606060606061,33,2.305547015346361,2.8349590487778187,2.866117749363184,0,67
final_hybrid,2026086047,0,3,-8.0,2.5,0,0,0,0,0,0,0,0.0,59,2.413693278775377,2.877992717549205,2.9558762907981873,0,118
final_hybrid,2026086047,1,3,43.0,1.0,1,0,0,0,0,0,0,0.018518518518518517,54,2.3390619360186435,2.812144043855369,3.3516930416226387,0,108
final_hybrid,2026086047,2,3,-8.0,2.5,0,0,0,0,0,0,0,0.0196078431372549,51,2.3060633490482965,2.7389053720980883,2.7873716317117214,0,102
final_hybrid,2026086047,3,3,-8.0,2.5,0,0,0,0,0,0,0,0.0,54,2.3595690123598883,2.92062412481755,3.337401896715164,0,108
final_hybrid,2026086048,0,3,-18.0,3.0,0,0,0,0,0,0,0,0.0,59,2.429689541143381,2.876733336597681,3.0163731426000595,0,119
final_hybrid,2026086048,1,3,0.0,2.5,0,0,0,0,0,1,1,0.0125,80,2.331555128330365,2.743643894791603,2.857726998627186,0,160
final_hybrid,2026086048,2,3,-18.0,3.0,0,0,0,0,0,0,0,0.0,59,2.3695769703994363,2.978619653731584,3.0770916491746902,0,119
final_hybrid,2026086048,3,3,-18.0,3.0,0,0,0,0,0,0,0,0.0,57,2.343226207845044,2.8453835286200047,3.0020857229828835,0,115
final_hybrid,2026086049,0,2,-17.0,3.0,0,0,0,0,0,0,0,0.02564102564102564,39,2.3808480025484013,2.7594930958002806,2.841407898813486,0,79
final_hybrid,2026086049,1,2,-18.0,4.0,0,0,1,10,0,0,0,0.025,40,2.405887609347701,2.949668117798865,3.0547999776899815,0,80
final_hybrid,2026086049,2,2,-17.0,3.0,0,0,0,0,0,0,0,0.02564102564102564,39,2.315236697307764,2.700532553717494,2.755558118224144,0,79
final_hybrid,2026086049,3,2,51.0,1.0,1,1,0,0,0,0,0,0.025,40,2.2973284707404673,2.772418432869017,2.832879777997732,0,79
final_hybrid,2026086050,0,3,52.0,1.0,1,0,0,0,0,0,0,0.0,68,2.397432067321942,2.846633503213525,2.8854678384959698,0,136
final_hybrid,2026086050,1,3,-8.0,2.5,0,0,0,0,0,0,0,0.014925373134328358,67,2.3490145816398202,2.797716809436679,2.850803080946207,0,134
final_hybrid,2026086050,2,3,-8.0,2.5,0,0,0,0,0,0,0,0.0,68,2.319921814726994,2.7846444630995393,2.8167013078927994,0,136
final_hybrid,2026086050,3,3,-36.0,4.0,0,0,1,28,0,0,0,0.028169014084507043,71,2.3206226448987572,2.691088244318962,3.313241060823202,0,142
final_hybrid,2026086051,0,3,69.0,1.0,1,1,0,0,0,0,0,0.0,47,2.4484111432065356,3.0165296513587236,3.188647795468569,0,93
final_hybrid,2026086051,1,3,-23.0,3.0,0,0,0,0,0,0,0,0.021739130434782608,46,2.393322095841817,2.8549805283546448,3.375804051756859,0,93
final_hybrid,2026086051,2,3,-23.0,3.0,0,0,0,0,0,0,0,0.021739130434782608,46,2.324987233251981,2.7866039890795946,2.8265067376196384,0,93
final_hybrid,2026086051,3,3,-16.0,3.0,0,0,0,0,0,0,0,0.0,46,2.3243397109858366,2.8542570071294904,2.8716707602143288,0,93
final_hybrid,2026086052,0,2,-8.0,2.5,0,0,0,0,0,0,0,0.0,41,2.4400073921353354,2.8067673556506634,3.4202407114207745,0,82
final_hybrid,2026086052,1,2,-25.0,4.0,0,0,1,17,0,0,0,0.02040816326530612,49,2.342988698914343,2.8064435347914696,2.8306632302701473,0,98
final_hybrid,2026086052,2,2,41.0,1.0,1,0,0,0,0,0,0,0.08163265306122448,49,2.27492683738166,2.6578827761113644,2.7060634456574917,0,98
final_hybrid,2026086052,3,2,-8.0,2.5,0,0,0,0,0,0,0,0.0,41,2.3413372521356837,2.844252623617649,2.8733969666063786,0,82
final_hybrid,2026086053,0,3,-19.0,3.0,0,0,0,0,0,0,0,0.0,24,2.501957002095878,2.947089890949428,3.40148713439703,0,49
final_hybrid,2026086053,1,3,37.0,1.0,1,0,0,0,0,0,0,0.0,19,2.458317940564532,3.0762816779315463,3.389612305909395,0,38
final_hybrid,2026086053,2,3,-19.0,3.0,0,0,0,0,0,0,0,0.0,21,2.303160083968015,2.7710548602044582,2.78517697006464,0,43
final_hybrid,2026086053,3,3,-19.0,3.0,0,0,0,0,0,0,0,0.0,21,2.3076348893699192,2.778233028948307,2.803551033139229,0,43
final_hybrid,2026086054,0,3,-8.0,2.5,0,0,0,0,0,0,0,0.0,71,2.431420314217537,2.859336556866765,3.4452727995812893,0,142
final_hybrid,2026086054,1,3,0.0,2.5,0,0,0,0,0,1,1,0.023809523809523808,84,2.3147138667159846,2.7315659681335083,2.779906615614891,0,168
final_hybrid,2026086054,2,3,-8.0,2.5,0,0,0,0,0,0,0,0.0,30,2.347221039235592,2.822433458641171,3.036829177290201,0,60
final_hybrid,2026086054,3,3,47.0,1.0,1,0,0,0,0,0,0,0.0,66,2.3671578630014802,2.9075213242322206,3.047390840947628,0,132
final_hybrid,2026086055,0,0,-17.0,4.0,0,0,1,9,0,0,0,0.0,69,2.420692873335835,2.89845559746027,3.1448318623006344,0,138
final_hybrid,2026086055,1,0,-17.0,3.0,0,0,0,0,0,0,0,0.03636363636363636,55,2.312170739539645,2.679243730381131,2.7347118593752384,0,111
final_hybrid,2026086055,2,0,-8.0,2.5,0,0,0,0,0,0,0,0.0,68,2.3699668920872843,2.9963889624923468,3.152969293296337,0,136
final_hybrid,2026086055,3,0,54.0,1.0,1,1,0,0,0,0,0,0.03389830508474576,59,2.2773605739792524,2.6773030404001474,2.708799671381712,0,117
final_hybrid,2026086056,0,0,-8.0,2.5,0,0,0,0,0,0,0,0.028169014084507043,71,2.3460720246001867,2.661091508343816,2.816413063555956,0,143
final_hybrid,2026086056,1,0,-22.0,4.0,0,0,1,14,0,0,0,0.017241379310344827,58,2.367043329788179,2.876773104071617,2.93736532330513,0,117
final_hybrid,2026086056,2,0,-8.0,2.5,0,0,0,0,0,0,0,0.03773584905660377,53,2.3182425120810293,2.7876519598066807,3.290319349616766,0,106
final_hybrid,2026086056,3,0,51.0,1.0,1,0,0,0,0,0,0,0.014492753623188406,69,2.288377931530493,2.6764301583170886,2.785906195640564,0,138
final_hybrid,2026086057,0,1,63.0,1.0,1,1,0,0,0,0,0,0.03125,64,2.387264081335161,2.8465248411521316,2.8806920163333416,0,126
final_hybrid,2026086057,1,1,-19.0,3.0,0,0,0,0,0,0,0,0.0,73,2.339818993302649,2.7993645519018173,3.266486804932356,0,148
final_hybrid,2026086057,2,1,-18.0,4.0,0,0,1,10,0,0,0,0.04918032786885246,61,2.2939094952994683,2.677577082067728,3.1590540893375874,0,123
final_hybrid,2026086057,3,1,-19.0,3.0,0,0,0,0,0,0,0,0.0273972602739726,73,2.3021750751729697,2.7797309681773186,2.8387061320245266,0,148
final_hybrid,2026086058,0,0,-8.0,2.5,0,0,0,0,0,0,0,0.01639344262295082,61,2.400062268325051,2.842295914888382,3.1806030310690403,0,122
final_hybrid,2026086058,1,0,-8.0,2.5,0,0,0,0,0,0,0,0.017241379310344827,58,2.3558529190205295,2.760775783099234,3.1038299202919006,0,116
final_hybrid,2026086058,2,0,32.0,1.0,1,0,0,0,0,0,0,0.0,47,2.3753581608229495,2.9039868619292974,3.491019830107689,0,94
final_hybrid,2026086058,3,0,-18.0,4.0,0,0,1,10,0,0,0,0.0196078431372549,51,2.3208413291357313,2.7519450522959232,2.861522603780031,0,102
final_hybrid,2026086059,0,0,-8.0,2.5,0,0,0,0,0,0,0,0.0,48,2.4110188727111868,2.8281023493036628,3.4643937833607197,0,96
final_hybrid,2026086059,1,0,49.0,1.0,1,0,0,0,0,0,0,0.0,50,2.419642060995102,2.920542983338237,3.7028370425105095,0,100
final_hybrid,2026086059,2,0,-33.0,4.0,0,0,1,25,0,0,0,0.0,48,2.3668037999110916,2.9734893701970573,3.411687910556793,0,96
final_hybrid,2026086059,3,0,-8.0,2.5,0,0,0,0,0,0,0,0.041666666666666664,48,2.3079252374979355,2.78396459762007,3.382547292858362,0,96
final_hybrid,2026086060,0,1,-18.0,4.0,0,0,1,10,0,0,0,0.07692307692307693,39,2.368841976978076,2.6866483502089977,2.8153019957244396,0,78
final_hybrid,2026086060,1,1,-31.0,3.0,0,0,0,0,0,0,0,0.038461538461538464,52,2.333300501609651,2.7138089761137962,2.743765711784363,0,105
final_hybrid,2026086060,2,1,90.0,1.0,1,1,0,0,0,0,0,0.03636363636363636,55,2.3125901733609764,2.743735769763589,3.1275120563805103,0,109
final_hybrid,2026086060,3,1,-31.0,3.0,0,0,0,0,0,0,0,0.0,52,2.346557368022891,2.9540430288761854,3.0376180075109005,0,105
final_hybrid,2026086061,0,2,-18.0,3.0,0,0,0,0,0,0,0,0.03571428571428571,28,2.4099400034174323,2.794696926139295,2.8301989659667015,0,57
final_hybrid,2026086061,1,2,-18.0,3.0,0,0,0,0,0,0,0,0.0,29,2.3577294697792364,2.878132089972496,2.9012439772486687,0,59
final_hybrid,2026086061,2,2,54.0,1.0,1,1,0,0,0,0,0,0.03333333333333333,30,2.2694202916075787,2.6426614029332995,2.6526618748903275,0,59
final_hybrid,2026086061,3,2,-18.0,3.0,0,0,0,0,0,0,0,0.0,29,2.3204184554774185,2.848293911665678,2.8615077026188374,0,59
final_hybrid,2026086062,0,1,-8.0,2.5,0,0,0,0,0,0,0,0.02,50,2.3782668448984623,2.771095954813063,2.8108591213822365,0,100
final_hybrid,2026086062,1,1,-17.0,4.0,0,0,1,9,0,0,0,0.03773584905660377,53,2.3361410031903467,2.7874943800270557,2.855523955076933,0,106
final_hybrid,2026086062,2,1,36.0,1.0,1,0,0,0,0,0,0,0.044444444444444446,45,2.3335254958106413,2.839853521436453,2.86728423088789,0,90
final_hybrid,2026086062,3,1,-16.0,4.0,0,0,1,8,0,0,0,0.0,56,2.3372645207148577,2.860311884433031,2.9584201984107494,0,112
final_hybrid,2026086063,0,0,-22.0,4.0,0,0,1,14,0,0,0,0.0,37,2.397189533488976,2.8701258823275566,2.906528767198324,0,74
final_hybrid,2026086063,1,0,-8.0,2.5,0,0,0,0,0,0,0,0.0,49,2.3748895951679776,2.9215452261269093,3.0478350818157196,0,98
final_hybrid,2026086063,2,0,-8.0,2.5,0,0,0,0,0,0,0,0.0625,80,2.268870733678341,2.5864799506962295,2.9387911781668663,0,160
final_hybrid,2026086063,3,0,-8.0,2.5,0,0,0,0,0,0,0,0.04081632653061224,49,2.299415327760638,2.731634117662906,2.8105629608035088,0,98
final_hybrid,2026086064,0,3,44.0,1.0,1,0,0,0,0,0,0,0.0196078431372549,51,2.3960152129624404,2.8986313845962286,2.922839019447565,0,102
final_hybrid,2026086064,1,3,-8.0,2.5,0,0,0,0,0,0,0,0.0196078431372549,51,2.372124451486503,2.823242451995611,3.011446911841631,0,102
final_hybrid,2026086064,2,3,-28.0,4.0,0,0,1,20,0,0,0,0.0,51,2.357978556378215,2.964891493320465,3.005435224622488,0,102
final_hybrid,2026086064,3,3,-8.0,2.5,0,0,0,0,0,0,0,0.0,51,2.3636859659032496,2.9215095564723015,3.5707461647689342,0,102
final_hybrid,2026086065,0,0,0.0,2.5,0,0,0,0,0,1,0,0.011904761904761904,84,2.379610203206539,2.731223194859922,2.9082950204610825,0,168
final_hybrid,2026086065,1,0,0.0,2.5,0,0,0,0,0,1,0,0.022727272727272728,88,2.3187629994936287,2.7494108537212014,2.7909153141081333,0,176
final_hybrid,2026086065,2,0,-16.0,4.0,0,0,1,8,0,0,0,0.0,29,2.314788193024438,2.816949412226677,2.850438002496958,0,58
final_hybrid,2026086065,3,0,33.0,1.0,1,0,0,0,0,0,0,0.03571428571428571,84,2.2796300472691655,2.6076799957081676,3.0523459427058697,0,168
final_hybrid,2026086066,0,1,33.0,1.0,1,0,0,0,0,0,0,0.0,52,2.4128551863563747,2.9099857667461038,2.956041134893894,0,105
final_hybrid,2026086066,1,1,-18.0,4.0,0,0,1,10,0,0,0,0.013888888888888888,72,2.4147541650260487,2.9229035833850503,3.422931768000126,0,145
final_hybrid,2026086066,2,1,-8.0,2.5,0,0,0,0,0,0,0,0.06666666666666667,30,2.2856393984208503,2.6365896686911583,2.6610391214489937,0,59
final_hybrid,2026086066,3,1,36.0,1.0,1,0,0,0,0,0,0,0.045454545454545456,44,2.290950167331506,2.679278189316392,2.764544915407896,0,89
final_hybrid,2026086067,0,3,-20.0,3.0,0,0,0,0,0,0,0,0.023255813953488372,43,2.414510639514341,2.7857376262545586,3.3763209357857704,0,87
final_hybrid,2026086067,1,3,60.0,1.0,1,1,0,0,0,0,0,0.06818181818181818,44,2.3559273580427873,2.7372894808650017,3.0433088541030884,0,87
final_hybrid,2026086067,2,3,-20.0,3.0,0,0,0,0,0,0,0,0.06818181818181818,44,2.32046859508211,2.8170995879918337,2.8392639942467213,0,89
final_hybrid,2026086067,3,3,-20.0,3.0,0,0,0,0,0,0,0,0.023255813953488372,43,2.310431800609411,2.7202087454497814,2.7898908592760563,0,87
final_hybrid,2026086068,0,1,32.0,1.0,1,0,0,0,0,0,0,0.02564102564102564,39,2.39855005668524,2.814372070133686,2.872709184885025,0,78
final_hybrid,2026086068,1,1,33.0,1.0,1,0,0,0,0,0,0,0.037037037037037035,54,2.336449127782274,2.785046631470322,2.8878841549158096,0,108
final_hybrid,2026086068,2,1,-8.0,2.5,0,0,0,0,0,0,0,0.0,39,2.341524662020115,2.8996229637414217,2.9477179050445557,0,78
final_hybrid,2026086068,3,1,-8.0,2.5,0,0,0,0,0,0,0,0.06976744186046512,43,2.314880436156378,2.7874698862433434,2.824727911502123,0,86
final_hybrid,2026086069,0,1,-8.0,2.5,0,0,0,0,0,0,0,0.0125,80,2.395460137631744,2.819946431554854,2.868513111025095,0,160
final_hybrid,2026086069,1,1,-20.0,3.0,0,0,0,0,0,0,0,0.03225806451612903,31,2.3705895479408,2.8670676983892918,2.885635942220688,0,63
final_hybrid,2026086069,2,1,-20.0,3.0,0,0,0,0,0,0,0,0.0,31,2.352200628769013,2.8388395439833403,2.8797402046620846,0,63
final_hybrid,2026086069,3,1,60.0,1.0,1,1,0,0,0,0,0,0.09375,32,2.2708719334332272,2.666071825660765,2.768892329186201,0,63
final_hybrid,2026086070,0,0,33.0,1.0,1,0,0,0,0,0,0,0.018518518518518517,54,2.375915267125324,2.7451987611129876,2.9089520685374737,0,108
final_hybrid,2026086070,1,0,-8.0,2.5,0,0,0,0,0,0,0,0.037037037037037035,54,2.329911907306976,2.666025096550584,2.7316147461533546,0,108
final_hybrid,2026086070,2,0,-8.0,2.5,0,0,0,0,0,0,0,0.0425531914893617,47,2.2669593962107566,2.5857856031507254,2.7196910232305527,0,94
final_hybrid,2026086070,3,0,-17.0,4.0,0,0,1,9,0,0,0,0.037037037037037035,54,2.314972768848141,2.739014057442546,3.1212950125336647,0,108
final_hybrid,2026086071,0,3,0.0,2.5,0,0,0,0,0,1,0,0.011764705882352941,85,2.3990580209476104,2.8010115027427673,2.895417157560587,0,171
final_hybrid,2026086071,1,3,0.0,2.5,0,0,0,0,0,1,0,0.0,85,2.36333062981858,2.8493222780525684,2.865453250706196,0,171
final_hybrid,2026086071,2,3,0.0,2.5,0,0,0,0,0,1,0,0.012195121951219513,82,2.3214539694713383,2.7626242488622665,2.8708302415907383,0,163
final_hybrid,2026086071,3,3,-8.0,2.5,0,0,0,0,0,0,0,0.012658227848101266,79,2.3285253975493245,2.8887410648167133,2.962453756481409,0,159
final_hybrid,2026086072,0,2,-18.0,3.0,0,0,0,0,0,0,0,0.0,31,2.4110064992020206,2.8908613603562117,2.910654991865158,0,63
final_hybrid,2026086072,1,2,54.0,1.0,1,1,0,0,0,0,0,0.03125,32,2.34104176342953,2.752437279559672,2.779422327876091,0,63
final_hybrid,2026086072,2,2,-18.0,3.0,0,0,0,0,0,0,0,0.03225806451612903,31,2.3580996710206232,2.8899305034428835,3.0946163460612297,0,63
final_hybrid,2026086072,3,2,-18.0,3.0,0,0,0,0,0,0,0,0.03225806451612903,31,2.311330423840592,2.848104340955615,2.91638495400548,0,63
final_hybrid,2026086073,0,0,-8.0,2.5,0,0,0,0,0,0,0,0.0,47,2.396963041355001,2.8858781792223454,2.906886860728264,0,94
final_hybrid,2026086073,1,0,32.0,1.0,1,0,0,0,0,0,0,0.02127659574468085,47,2.3401620441136206,2.7803010307252407,2.824421040713787,0,94
final_hybrid,2026086073,2,0,-8.0,2.5,0,0,0,0,0,0,0,0.02127659574468085,47,2.335352327753889,2.797030285000801,3.2077059149742126,0,94
final_hybrid,2026086073,3,0,-16.0,4.0,0,0,1,8,0,0,0,0.041666666666666664,48,2.3291416970702508,2.7832740219309926,3.340153954923153,0,96
final_hybrid,2026086074,0,1,48.0,1.0,1,1,0,0,0,0,0,0.0,55,2.3983940566805275,2.8512144926935434,2.9605762101709843,0,109
final_hybrid,2026086074,1,1,53.0,1.0,1,0,0,0,0,0,0,0.06557377049180328,61,2.285185201307301,2.6239617727696896,2.663311082869768,0,122
final_hybrid,2026086074,2,1,-18.0,4.0,0,0,1,10,0,0,0,0.03278688524590164,61,2.3432394382772874,2.8343028388917446,2.918384037911892,0,122
final_hybrid,2026086074,3,1,-16.0,3.0,0,0,0,0,0,0,0,0.038461538461538464,52,2.2997583996934385,2.735796058550477,2.7796397916972637,0,105
final_hybrid,2026086075,0,2,-8.0,2.5,0,0,0,0,0,0,0,0.029411764705882353,68,2.3526204476023422,2.67216213978827,2.762535586953163,0,136
final_hybrid,2026086075,1,2,35.0,1.0,1,0,0,0,0,0,0,0.06060606060606061,33,2.3402972005759226,2.7887171134352684,2.8224331326782703,0,66
final_hybrid,2026086075,2,2,0.0,2.5,0,0,0,0,0,1,0,0.0,87,2.362198490735101,2.9119225218892097,2.9586385935544968,0,174
final_hybrid,2026086075,3,2,-19.0,4.0,0,0,1,11,0,0,0,0.0,33,2.3408790655208356,2.9351098462939262,2.939131110906601,0,66
final_hybrid,2026086076,0,3,32.0,1.0,1,0,0,0,0,0,0,0.1,20,2.3563801078125834,2.7447751024737954,2.8264792636036873,0,40
final_hybrid,2026086076,1,3,-8.0,2.5,0,0,0,0,0,0,0,0.0,20,2.3799244314432144,2.7830677572637796,2.785682212561369,0,40
final_hybrid,2026086076,2,3,-16.0,4.0,0,0,1,8,0,0,0,0.0,20,2.380502037703991,2.8093798086047173,2.846806775778532,0,40
final_hybrid,2026086076,3,3,-8.0,2.5,0,0,0,0,0,0,0,0.05,20,2.2747740615159273,2.838825830258429,2.8652451001107693,0,40
final_hybrid,2026086077,0,0,-8.0,2.5,0,0,0,0,0,0,0,0.0,30,2.388844716673096,2.8417780296877027,2.8780829161405563,0,60
final_hybrid,2026086077,1,0,57.0,1.0,1,1,0,0,0,0,0,0.03773584905660377,53,2.351222577381809,2.6615330949425697,3.155759070068598,0,105
final_hybrid,2026086077,2,0,33.0,1.0,1,0,0,0,0,0,0,0.03333333333333333,30,2.335456572473049,2.818136801943183,2.9084132984280586,0,60
final_hybrid,2026086077,3,0,-8.0,2.5,0,0,0,0,0,0,0,0.0,30,2.293541965385278,2.7830293169245124,2.8276946395635605,0,60
final_hybrid,2026086078,0,1,63.0,1.0,1,1,0,0,0,0,0,0.014492753623188406,69,2.427191736743502,2.9198198579251766,3.025864250957966,0,137
final_hybrid,2026086078,1,1,33.0,1.0,1,0,0,0,0,0,0,0.024390243902439025,41,2.337682412982714,2.823560032993555,2.9182210564613342,0,82
final_hybrid,2026086078,2,1,10.0,2.0,0,0,0,0,0,0,0,0.0,59,2.3235525399193926,2.8377739246934652,2.8859758749604225,1,119
final_hybrid,2026086078,3,1,-17.0,3.0,0,0,0,0,0,0,0,0.03125,64,2.3270019664778374,2.7755733812227845,2.8978469781577587,0,129
final_hybrid,2026086079,0,1,0.0,2.5,0,0,0,0,0,1,0,0.0,83,2.4119696905275427,2.856842940673232,2.941304352134466,0,166
final_hybrid,2026086079,1,1,0.0,2.5,0,0,0,0,0,1,1,0.0,84,2.3416556484465088,2.758568711578846,2.8155739419162273,0,168
final_hybrid,2026086079,2,1,0.0,2.5,0,0,0,0,0,1,1,0.033707865168539325,89,2.3011568818618073,2.6660235598683357,2.7974420227110386,0,178
final_hybrid,2026086079,3,1,0.0,2.5,0,0,0,0,0,1,0,0.05,80,2.297403570264578,2.703225240111351,2.824201248586178,0,160
final_hybrid,2026086080,0,2,-19.0,3.0,0,0,0,0,0,0,0,0.03333333333333333,30,2.4549133609980345,3.1308096135035144,3.8326499052345753,0,61
final_hybrid,2026086080,1,2,-19.0,3.0,0,0,0,0,0,0,0,0.0,30,2.3914434015750885,2.866344782523811,2.9429341666400433,0,61
final_hybrid,2026086080,2,2,57.0,1.0,1,1,0,0,0,0,0,0.0,47,2.4024956621863742,3.030104236677289,3.068420570343733,0,93
final_hybrid,2026086080,3,2,-19.0,3.0,0,0,0,0,0,0,0,0.03333333333333333,30,2.315527619794011,2.822141326032579,2.877471037209034,0,61
final_hybrid,2026086081,0,3,0.0,2.5,0,0,0,0,0,1,1,0.012345679012345678,81,2.3954509251555542,2.805233933031559,2.8661787509918213,0,161
final_hybrid,2026086081,1,3,48.0,1.0,1,0,0,0,0,0,0,0.0,47,2.3480435991857913,2.742613572627306,2.7652611024677753,0,94
final_hybrid,2026086081,2,3,-8.0,2.5,0,0,0,0,0,0,0,0.02631578947368421,76,2.3108220683704865,2.7979020960628986,2.8941836208105087,0,152
final_hybrid,2026086081,3,3,-33.0,4.0,0,0,1,25,0,0,0,0.0,68,2.330309389542569,2.793869632296264,2.8869379311800003,0,136
final_hybrid,2026086082,0,1,-19.0,3.0,0,0,0,0,0,0,0,0.043478260869565216,46,2.3653491238213102,2.7272000443190336,2.8273542411625385,0,92
final_hybrid,2026086082,1,1,-19.0,3.0,0,0,0,0,0,0,0,0.0,45,2.3480279060701528,2.7980362996459007,2.827485091984272,0,92
final_hybrid,2026086082,2,1,57.0,1.0,1,1,0,0,0,0,0,0.043478260869565216,46,2.2680503417454334,2.6276499265804887,2.8001749888062477,0,92
final_hybrid,2026086082,3,1,-19.0,3.0,0,0,0,0,0,0,0,0.047619047619047616,42,2.318782853849587,2.738991449587047,2.769844140857458,0,86
final_hybrid,2026086083,0,2,0.0,2.5,0,0,0,0,0,1,0,0.011494252873563218,87,2.389722931916001,2.807334251701832,2.8776740655303,0,174
final_hybrid,2026086083,1,2,-29.0,4.0,0,0,1,21,0,0,0,0.03508771929824561,57,2.3410816007016,2.81436201184988,3.199994098395109,0,114
final_hybrid,2026086083,2,2,-8.0,2.5,0,0,0,0,0,0,0,0.04081632653061224,49,2.3159046885462438,2.8412827290594573,2.922839019447565,0,98
final_hybrid,2026086083,3,2,0.0,2.5,0,0,0,0,0,1,0,0.011764705882352941,85,2.333297733874882,2.813706547021866,3.216995857656002,0,170
final_hybrid,2026086084,0,0,-38.0,4.0,0,0,1,30,0,0,0,0.04,25,2.3745345510542393,2.7842904441058636,2.8172465972602367,0,50
final_hybrid,2026086084,1,0,-22.0,4.0,0,0,1,14,0,0,0,0.0,53,2.36204927260021,2.840782795101404,2.866660710424185,0,106
final_hybrid,2026086084,2,0,-8.0,2.5,0,0,0,0,0,0,0,0.03773584905660377,53,2.311041684083219,2.7812122367322445,2.801107242703438,0,106
final_hybrid,2026086084,3,0,38.0,1.0,1,0,0,0,0,0,0,0.0,53,2.3635609321436792,2.983486372977495,3.064745105803013,0,106
final_hybrid,2026086085,0,3,-31.0,4.0,0,0,1,23,0,0,0,0.0,51,2.3876214399933815,2.8521763160824776,2.8630271553993225,0,102
final_hybrid,2026086085,1,3,38.0,1.0,1,0,0,0,0,0,0,0.03636363636363636,55,2.3244428279047664,2.7900712564587593,3.3435821533203125,0,110
final_hybrid,2026086085,2,3,-22.0,4.0,0,0,1,14,0,0,0,0.0,59,2.3604089441567155,2.926801471039653,3.2668248750269413,0,118
final_hybrid,2026086085,3,3,37.0,1.0,1,0,0,0,0,0,0,0.04,50,2.270645285025239,2.736644214019179,2.824489027261734,0,100
final_hybrid,2026086086,0,2,-30.0,3.0,0,0,0,0,0,0,0,0.0,41,2.4215980183060575,2.9280497692525387,3.030782099813223,0,84
final_hybrid,2026086086,1,2,90.0,1.0,1,1,0,0,0,0,0,0.06976744186046512,43,2.3165684583228687,2.718305215239525,3.1047211959958076,0,84
final_hybrid,2026086086,2,2,-8.0,2.5,0,0,0,0,0,0,0,0.0,48,2.338058363723879,2.8140417532995343,2.8921952471137047,0,97
final_hybrid,2026086086,3,2,-29.0,4.0,0,0,1,21,0,0,0,0.022727272727272728,44,2.3243546655232254,2.79783527366817,2.8931149281561375,0,89
final_hybrid,2026086087,0,0,36.0,1.0,1,0,0,0,0,0,0,0.023255813953488372,43,2.3863216602178507,2.816074201837182,2.8745541349053383,0,86
final_hybrid,2026086087,1,0,-8.0,2.5,0,0,0,0,0,0,0,0.06666666666666667,30,2.313693705946207,2.765971189364791,2.7936999686062336,0,60
final_hybrid,2026086087,2,0,-19.0,4.0,0,0,1,11,0,0,0,0.12903225806451613,31,2.2938422287904445,2.623624401167035,3.08095570653677,0,62
final_hybrid,2026086087,3,0,34.0,1.0,1,0,0,0,0,0,0,0.05660377358490566,53,2.268823777448456,2.6695975102484226,2.7450588531792164,0,106
final_hybrid,2026086088,0,2,-28.0,4.0,0,0,1,20,0,0,0,0.0,57,2.426275746537405,2.975720167160034,3.015457186847925,0,114
final_hybrid,2026086088,1,2,-52.0,3.0,0,0,0,0,0,0,0,0.0,34,2.356574569335755,2.8126302640885115,2.8379601426422596,0,69
final_hybrid,2026086088,2,2,70.0,1.0,1,0,0,0,0,0,0,0.0,34,2.3536069921272644,2.902346942573786,2.943909727036953,0,68
final_hybrid,2026086088,3,2,-17.0,4.0,0,0,1,9,0,0,0,0.03333333333333333,60,2.3024709274371467,2.7075641555711627,2.7535720728337765,0,120
final_hybrid,2026086089,0,1,-8.0,2.5,0,0,0,0,0,0,0,0.021739130434782608,46,2.4067205579384514,2.8848567744717,2.9337378218770027,0,92
final_hybrid,2026086089,1,1,-8.0,2.5,0,0,0,0,0,0,0,0.017857142857142856,56,2.3803063003080234,2.896066289395094,2.9958109371364117,0,112
final_hybrid,2026086089,2,1,33.0,1.0,1,0,0,0,0,0,0,0.04878048780487805,41,2.2917616794385562,2.7223159559071064,2.7606450021266937,0,82
final_hybrid,2026086089,3,1,-8.0,2.5,0,0,0,0,0,0,0,0.0,46,2.314557655431006,2.82364955637604,2.8561176732182503,0,92
final_hybrid,2026086090,0,3,66.0,1.0,1,1,0,0,0,0,0,0.02857142857142857,35,2.3984766033078944,2.9018770437687635,2.960355021059513,0,69
final_hybrid,2026086090,1,3,-22.0,3.0,0,0,0,0,0,0,0,0.029411764705882353,34,2.339230302502127,2.817707182839513,2.9130708426237106,0,69
final_hybrid,2026086090,2,3,-22.0,3.0,0,0,0,0,0,0,0,0.0,34,2.3347015684360968,2.814135211519897,2.833915874361992,0,69
final_hybrid,2026086090,3,3,33.0,1.0,1,0,0,0,0,0,0,0.024390243902439025,41,2.296036018467531,2.778420690447092,2.911454066634178,0,82
final_hybrid,2026086091,0,3,-8.0,2.5,0,0,0,0,0,0,0,0.045454545454545456,44,2.3763170359994876,2.8431043727323413,3.5397969186306,0,88
final_hybrid,2026086091,1,3,10.0,2.0,0,0,0,0,0,0,0,0.037037037037037035,54,2.3041140564061977,2.630893909372389,2.7814721688628197,1,109
final_hybrid,2026086091,2,3,-8.0,2.5,0,0,0,0,0,0,0,0.0,44,2.343410604887388,2.9053885024040937,2.976321615278721,0,88
final_hybrid,2026086091,3,3,-16.0,4.0,0,0,1,8,0,0,0,0.075,40,2.3134106188081205,2.742843283340335,2.7605602517724037,0,80
final_hybrid,2026086092,0,3,-18.0,4.0,0,0,1,10,0,0,0,0.030303030303030304,66,2.372535996872819,2.7984798653051257,3.1879921443760395,0,132
final_hybrid,2026086092,1,3,-8.0,2.5,0,0,0,0,0,0,0,0.0,37,2.3390430881566293,2.797186654061079,2.8060185723006725,0,74
final_hybrid,2026086092,2,3,-18.0,3.0,0,0,0,0,0,0,0,0.057692307692307696,52,2.2521666788424435,2.544260094873607,2.58932588621974,0,105
final_hybrid,2026086092,3,3,57.0,1.0,1,1,0,0,0,0,0,0.015384615384615385,65,2.3154851622306385,2.811190765351057,2.8700921684503555,0,129
final_hybrid,2026086093,0,1,-18.0,4.0,0,0,1,10,0,0,0,0.0,56,2.373200317379087,2.7467627078294754,2.805219031870365,0,112
final_hybrid,2026086093,1,1,32.0,1.0,1,0,0,0,0,0,0,0.015625,64,2.3442254241672345,2.8246529633179307,2.866665367037058,0,128
final_hybrid,2026086093,2,1,-17.0,4.0,0,0,1,9,0,0,0,0.0,55,2.3458699357103217,2.857763273641467,2.895466983318329,0,110
final_hybrid,2026086093,3,1,-38.0,4.0,0,0,1,30,0,0,0,0.057692307692307696,52,2.278294020260756,2.6004422223195434,3.0448357574641705,0,104
final_hybrid,2026086094,0,0,-27.0,4.0,0,0,1,19,0,0,0,0.01639344262295082,61,2.3613289517701648,2.8022807091474533,3.097333014011383,0,122
final_hybrid,2026086094,1,0,39.0,1.0,1,0,0,0,0,0,0,0.04081632653061224,49,2.3393009941340708,2.828464936465025,3.4705689176917076,0,98
final_hybrid,2026086094,2,0,-8.0,2.5,0,0,0,0,0,0,0,0.04878048780487805,41,2.273698712176666,2.718898933380842,2.784258686006069,0,82
final_hybrid,2026086094,3,0,66.0,1.0,1,1,0,0,0,0,0,0.0,63,2.3449665925923795,3.016335517168045,3.4039579331874847,0,125
final_hybrid,2026086095,0,3,-8.0,2.5,0,0,0,0,0,0,0,0.021739130434782608,46,2.3593580471756668,2.759952680207789,2.839714754372835,0,92
final_hybrid,2026086095,1,3,-8.0,2.5,0,0,0,0,0,0,0,0.05128205128205128,39,2.3118814883323817,2.7826033998280764,2.8630909509956837,0,78
final_hybrid,2026086095,2,3,-8.0,2.5,0,0,0,0,0,0,0,0.043478260869565216,46,2.2737047149111396,2.634407370351255,2.7472879737615585,0,92
final_hybrid,2026086095,3,3,-8.0,2.5,0,0,0,0,0,0,0,0.0,36,2.295731127055155,2.8015945572406054,2.81431432813406,0,72
final_hybrid,2026086096,0,1,-32.0,4.0,0,0,1,24,0,0,0,0.07142857142857142,28,2.352793202070253,2.694980497471988,2.819325774908066,0,56
final_hybrid,2026086096,1,1,-8.0,2.5,0,0,0,0,0,0,0,0.0,24,2.323655663834264,2.7521536918357015,2.7646333910524845,0,48
final_hybrid,2026086096,2,1,-8.0,2.5,0,0,0,0,0,0,0,0.06666666666666667,30,2.278750017285347,2.638931642286479,2.7409130707383156,0,60
final_hybrid,2026086096,3,1,-8.0,2.5,0,0,0,0,0,0,0,0.034482758620689655,29,2.3266419222385717,2.840996254235506,2.913659904152155,0,58
final_hybrid,2026086097,0,0,-8.0,2.5,0,0,0,0,0,0,0,0.043478260869565216,46,2.3410885048139356,2.72346509154886,2.81077204272151,0,92
final_hybrid,2026086097,1,0,35.0,1.0,1,0,0,0,0,0,0,0.021739130434782608,46,2.3440321421493655,2.8951280983164907,2.957762684673071,0,92
final_hybrid,2026086097,2,0,-20.0,3.0,0,0,0,0,0,0,0,0.034482758620689655,58,2.263131158041029,2.652847580611706,2.685625571757555,0,117
final_hybrid,2026086097,3,0,0.0,2.5,0,0,0,0,0,1,1,0.02247191011235955,89,2.2911357253873614,2.706452365964651,2.763128839433193,0,178
final_hybrid,2026086098,0,0,34.0,1.0,1,0,0,0,0,0,0,0.06818181818181818,44,2.3126629054207695,2.590851951390505,2.8074178844690323,0,88
final_hybrid,2026086098,1,0,-8.0,2.5,0,0,0,0,0,0,0,0.022727272727272728,44,2.3509957510131327,2.7988140704110265,3.070587757974863,0,88
final_hybrid,2026086098,2,0,-8.0,2.5,0,0,0,0,0,0,0,0.024390243902439025,41,2.2929575544123244,2.8044371865689754,2.86270072683692,0,82
final_hybrid,2026086098,3,0,-19.0,4.0,0,0,1,11,0,0,0,0.045454545454545456,44,2.277473654513332,2.624667249619961,2.9688370414078236,0,88
final_hybrid,2026086099,0,0,-33.0,3.0,0,0,0,0,0,0,0,0.0,49,2.427544720394879,2.9531258158385754,3.7463284097611904,0,99
final_hybrid,2026086099,1,0,99.0,1.0,1,1,0,0,0,0,0,0.0,50,2.324139568954706,2.8076934861019254,2.832312136888504,0,99
final_hybrid,2026086099,2,0,-33.0,3.0,0,0,0,0,0,0,0,0.0,48,2.3306444636546075,2.876827516593039,2.986219245940447,0,97
final_hybrid,2026086099,3,0,-33.0,3.0,0,0,0,0,0,0,0,0.0,49,2.3142506691570186,2.822983544319868,2.8613507747650146,0,99
final_hybrid,2026086100,0,1,-19.0,3.0,0,0,0,0,0,0,0,0.017241379310344827,58,2.4017496837367274,2.9498742194846272,2.969074994325638,0,117
final_hybrid,2026086100,1,1,-8.0,2.5,0,0,0,0,0,0,0,0.024390243902439025,41,2.298548045318301,2.6275902055203915,2.638529986143112,0,82
final_hybrid,2026086100,2,1,-51.0,3.0,0,0,0,0,0,0,0,0.0,81,2.375541674548093,2.938553225249052,3.2658539712429047,0,163
final_hybrid,2026086100,3,1,-19.0,3.0,0,0,0,0,0,0,0,0.034482758620689655,58,2.278347852928885,2.6709936559200287,2.804238349199295,0,117
final_hybrid,2026086101,0,1,-8.0,2.5,0,0,0,0,0,0,0,0.0,26,2.3782084015412974,2.8696758672595024,2.8870152309536934,0,52
final_hybrid,2026086101,1,1,-8.0,2.5,0,0,0,0,0,0,0,0.06666666666666667,30,2.2993028784791627,2.7130752336233854,2.7623851783573627,0,60
final_hybrid,2026086101,2,1,-19.0,4.0,0,0,1,11,0,0,0,0.038461538461538464,26,2.3132706992328167,2.7099160943180323,2.7324329130351543,0,52
final_hybrid,2026086101,3,1,35.0,1.0,1,0,0,0,0,0,0,0.0,26,2.3126040513698873,2.8825380140915513,2.895425073802471,0,52
final_hybrid,2026086102,0,2,-8.0,2.5,0,0,0,0,0,0,0,0.02127659574468085,47,2.401157450723521,2.8489884454756975,2.875237725675106,0,94
final_hybrid,2026086102,1,2,-8.0,2.5,0,0,0,0,0,0,0,0.023255813953488372,43,2.3488552352890024,2.8446602635085583,3.2096910290420055,0,86
final_hybrid,2026086102,2,2,-19.0,4.0,0,0,1,11,0,0,0,0.02127659574468085,47,2.3338521355168615,2.803513826802373,2.814043313264847,0,94
final_hybrid,2026086102,3,2,35.0,1.0,1,0,0,0,0,0,0,0.02127659574468085,47,2.3125314371699983,2.8419804759323597,3.031454049050808,0,94
final_hybrid,2026086103,0,3,-19.0,4.0,0,0,1,11,0,0,0,0.0,47,2.411768335769785,2.9177124612033367,3.1104697845876217,0,94
final_hybrid,2026086103,1,3,-8.0,2.5,0,0,0,0,0,0,0,0.02857142857142857,35,2.319531701505184,2.743697911500931,2.828266005963087,0,70
final_hybrid,2026086103,2,3,0.0,2.5,0,0,0,0,0,1,0,0.011904761904761904,84,2.3113920608358014,2.7674001874402165,3.2614688389003277,0,168
final_hybrid,2026086103,3,3,-8.0,2.5,0,0,0,0,0,0,0,0.05084745762711865,59,2.243494733347226,2.5160827208310366,2.590901218354702,0,118
final_hybrid,2026086104,0,3,-8.0,2.5,0,0,0,0,0,0,0,0.02127659574468085,47,2.3357375683461097,2.69620125181973,2.8005032800137997,0,94
final_hybrid,2026086104,1,3,-16.0,4.0,0,0,1,8,0,0,0,0.0,50,2.361650299280882,2.843246143311262,3.0980687588453293,0,100
final_hybrid,2026086104,2,3,32.0,1.0,1,0,0,0,0,0,0,0.0,50,2.3352165520191193,2.871198276989162,2.921982668340206,0,100
final_hybrid,2026086104,3,3,-8.0,2.5,0,0,0,0,0,0,0,0.0,50,2.322811484336853,2.841178746894002,2.8925505466759205,0,100
final_hybrid,2026086105,0,0,-16.0,3.0,0,0,0,0,0,0,0,0.02564102564102564,39,2.4028821036410637,2.8507926501333714,2.871265634894371,0,79
final_hybrid,2026086105,1,0,-16.0,3.0,0,0,0,0,0,0,0,0.0,38,2.343893051147461,2.7683475287631154,2.779019996523857,0,77
final_hybrid,2026086105,2,0,43.0,1.0,1,0,0,0,0,0,0,0.045454545454545456,22,2.29391066188162,2.7119545731693506,2.7201571501791477,0,44
final_hybrid,2026086105,3,0,33.0,1.0,1,0,0,0,0,0,0,0.04225352112676056,71,2.320668325615181,2.7849755715578794,2.843898721039295,0,142
final_hybrid,2026086106,0,1,-20.0,3.0,0,0,0,0,0,0,0,0.0,38,2.407133959135727,2.849450148642063,2.8746118769049644,0,77
final_hybrid,2026086106,1,1,33.0,1.0,1,0,0,0,0,0,0,0.0625,32,2.316754369530827,2.749331505037844,2.8270739130675793,0,64
final_hybrid,2026086106,2,1,0.0,2.5,0,0,0,0,0,1,1,0.012195121951219513,82,2.321454809933174,2.7804748620837927,2.8151441365480423,0,164
final_hybrid,2026086106,3,1,-17.0,4.0,0,0,1,9,0,0,0,0.0,48,2.3515877643755325,2.8281524311751127,3.28564690425992,0,96
final_hybrid,2026086107,0,1,0.0,2.5,0,0,0,0,0,1,0,0.021739130434782608,92,2.3791511472233613,2.7750499779358506,2.8957249596714973,0,184
final_hybrid,2026086107,1,1,-8.0,2.5,0,0,0,0,0,0,0,0.02531645569620253,79,2.302473770525259,2.607708284631371,2.7290573343634605,0,158
final_hybrid,2026086107,2,1,-8.0,2.5,0,0,0,0,0,0,0,0.025974025974025976,77,2.3198796968374933,2.806876413524151,2.9737399891018867,0,154
final_hybrid,2026086107,3,1,33.0,1.0,1,0,0,0,0,0,0,0.024390243902439025,82,2.2502891185534435,2.5483923964202404,2.7365610003471375,0,164
final_hybrid,2026086108,0,1,-19.0,3.0,0,0,0,0,0,0,0,0.02127659574468085,47,2.372482533943146,2.8125515207648277,2.822156995534897,0,95
final_hybrid,2026086108,1,1,-26.0,4.0,0,0,1,18,0,0,0,0.05,40,2.319814416114241,2.691220329143107,2.705077175050974,0,80
final_hybrid,2026086108,2,1,-23.0,4.0,0,0,1,15,0,0,0,0.09090909090909091,11,2.3019289682534607,2.6914644986391068,2.766896039247513,0,22
final_hybrid,2026086108,3,1,-19.0,3.0,0,0,0,0,0,0,0,0.0,47,2.311915228579273,2.827835874632001,2.8706472367048264,0,95
final_hybrid,2026086109,0,2,33.0,1.0,1,0,0,0,0,0,0,0.05660377358490566,53,2.3488153281779782,2.6735118590295315,2.9658847488462925,0,106
final_hybrid,2026086109,1,2,39.0,1.0,1,0,0,0,0,0,0,0.0,31,2.3648694848581666,2.8990486171096563,2.93038971722126,0,62
final_hybrid,2026086109,2,2,-8.0,2.5,0,0,0,0,0,0,0,0.0,53,2.3443059609183727,2.8875301592051983,2.9605980962514877,0,106
final_hybrid,2026086109,3,2,-8.0,2.5,0,0,0,0,0,0,0,0.0,26,2.2734408266842365,2.769913640804589,2.79176514595747,0,52
final_hybrid,2026086110,0,0,48.0,1.0,1,1,0,0,0,0,0,0.0,37,2.4018292692867487,2.9770316556096077,3.0299671925604343,0,73
final_hybrid,2026086110,1,0,-8.0,2.5,0,0,0,0,0,0,0,0.0,43,2.3494933212046014,2.7952789328992367,2.8202799148857594,0,86
final_hybrid,2026086110,2,0,-17.0,3.0,0,0,0,0,0,0,0,0.0,16,2.3274683044292033,2.852141042239964,2.856203820556402,0,33
final_hybrid,2026086110,3,0,-8.0,2.5,0,0,0,0,0,0,0,0.06976744186046512,43,2.2701171313434148,2.745205210521817,2.815490122884512,0,86
final_hybrid,2026086111,0,3,-8.0,2.5,0,0,0,0,0,0,0,0.0,57,2.3924679854852067,2.822326961904764,2.8801108710467815,0,115
final_hybrid,2026086111,1,3,-8.0,2.5,0,0,0,0,0,0,0,0.021739130434782608,46,2.333378459772338,2.721881144680083,2.7573700062930584,0,91
final_hybrid,2026086111,2,3,33.0,1.0,1,0,0,0,0,0,0,0.0,45,2.336258917219109,2.801732812076807,2.8456272557377815,0,91
final_hybrid,2026086111,3,3,-8.0,2.5,0,0,0,0,0,0,0,0.046511627906976744,43,2.2737297207810157,2.5838122703135014,2.792743965983391,0,87
final_hybrid,2026086112,0,0,-8.0,2.5,0,0,0,0,0,0,0,0.029411764705882353,34,2.365823999485549,2.7366901747882366,2.786752302199602,0,68
final_hybrid,2026086112,1,0,-8.0,2.5,0,0,0,0,0,0,0,0.0,21,2.332017845695927,2.7985149063169956,2.807948738336563,0,42
final_hybrid,2026086112,2,0,-8.0,2.5,0,0,0,0,0,0,0,0.017543859649122806,57,2.3307610924045243,2.8755633160471916,3.4284773282706738,0,114
final_hybrid,2026086112,3,0,-8.0,2.5,0,0,0,0,0,0,0,0.0,34,2.303014646339066,2.7483958285301924,2.7557602152228355,0,68
final_hybrid,2026086113,0,1,-18.0,4.0,0,0,1,10,0,0,0,0.014925373134328358,67,2.3923645685635395,2.872737869620323,2.9425830580294132,0,134
final_hybrid,2026086113,1,1,-8.0,2.5,0,0,0,0,0,0,0,0.0,25,2.336317915469408,2.829800359904766,2.837848849594593,0,50
final_hybrid,2026086113,2,1,-8.0,2.5,0,0,0,0,0,0,0,0.017857142857142856,56,2.3125062247605195,2.7474891394376755,3.3051599748432636,0,112
final_hybrid,2026086113,3,1,36.0,1.0,1,0,0,0,0,0,0,0.015873015873015872,63,2.3438938642068514,2.87944283336401,2.8928047977387905,0,126
final_hybrid,2026086114,0,0,51.0,1.0,1,1,0,0,0,0,0,0.043478260869565216,23,2.3191857921040575,2.788698999211192,2.8739050030708313,0,45
final_hybrid,2026086114,1,0,-16.0,4.0,0,0,1,8,0,0,0,0.05555555555555555,18,2.3356777512364917,2.729895431548357,2.741196658462286,0,36
final_hybrid,2026086114,2,0,-18.0,4.0,0,0,1,10,0,0,0,0.05555555555555555,54,2.2883374433688544,2.7475395472720265,2.7840631082654,0,108
final_hybrid,2026086114,3,0,-19.0,4.0,0,0,1,11,0,0,0,0.06,50,2.25914110429585,2.5880911387503147,2.6325369253754616,0,100
final_hybrid,2026086115,0,2,33.0,1.0,1,0,0,0,0,0,0,0.0,28,2.4535663459183916,2.9775031842291355,3.0077011324465275,0,56
final_hybrid,2026086115,1,2,-17.0,4.0,0,0,1,9,0,0,0,0.03571428571428571,28,2.3215499074597443,2.778425975702703,2.838187851011753,0,56
final_hybrid,2026086115,2,2,-8.0,2.5,0,0,0,0,0,0,0,0.0,28,2.328113403304347,2.8447172371670604,2.875685226172209,0,56
final_hybrid,2026086115,3,2,-8.0,2.5,0,0,0,0,0,0,0,0.038461538461538464,26,2.294481642400989,2.748335129581392,2.7573686093091965,0,52
final_hybrid,2026086116,0,2,-19.0,3.0,0,0,0,0,0,0,0,0.0,23,2.3771126390151354,2.776845172047615,2.8331675566732883,0,47
final_hybrid,2026086116,1,2,-19.0,3.0,0,0,0,0,0,0,0,0.043478260869565216,23,2.334280202732138,2.825276181101799,2.8349030762910843,0,47
final_hybrid,2026086116,2,2,-8.0,2.5,0,0,0,0,0,0,0,0.0,33,2.323154444721612,2.7897938154637814,2.7990289963781834,0,66
final_hybrid,2026086116,3,2,57.0,1.0,1,1,0,0,0,0,0,0.041666666666666664,24,2.273487742058933,2.779588033445179,2.8238720260560513,0,47
final_hybrid,2026086117,0,2,-31.0,3.0,0,0,0,0,0,0,0,0.0,49,2.382109673427684,2.8218531049788,2.8442731127142906,0,99
final_hybrid,2026086117,1,2,54.0,1.0,1,1,0,0,0,0,0,0.05263157894736842,57,2.2685588500870946,2.598681021481752,2.9998342506587505,0,113
final_hybrid,2026086117,2,2,93.0,1.0,1,1,0,0,0,0,0,0.0,50,2.335780980065465,2.8484508395195007,2.8999848291277885,0,99
final_hybrid,2026086117,3,2,-18.0,3.0,0,0,0,0,0,0,0,0.0,56,2.3670343299662426,2.990317181684077,3.0116322450339794,0,113
final_hybrid,2026086118,0,0,0.0,2.5,0,0,0,0,0,1,1,0.023529411764705882,85,2.342894032378407,2.6343265548348427,2.8405929915606976,0,170
final_hybrid,2026086118,1,0,35.0,1.0,1,0,0,0,0,0,0,0.038461538461538464,52,2.3164206202356863,2.7646200498566027,2.8133299201726913,0,104
final_hybrid,2026086118,2,0,-19.0,4.0,0,0,1,11,0,0,0,0.0,59,2.343537570056269,2.7949375566095114,2.9173754155635834,0,118
final_hybrid,2026086118,3,0,-8.0,2.5,0,0,0,0,0,0,0,0.0,74,2.3531692064795138,2.883576136082411,3.36969131603837,0,148
final_hybrid,2026086119,0,1,-32.0,4.0,0,0,1,24,0,0,0,0.05555555555555555,36,2.3688323562964797,2.738172304816544,2.8715780936181545,0,72
final_hybrid,2026086119,1,1,48.0,1.0,1,0,0,0,0,0,0,0.0,61,2.340132324788414,2.8706807643175125,3.4703961573541164,0,122
final_hybrid,2026086119,2,1,-8.0,2.5,0,0,0,0,0,0,0,0.0,36,2.3220465389183826,2.7630445547401905,2.7695130556821823,0,72
final_hybrid,2026086119,3,1,-32.0,4.0,0,0,1,24,0,0,0,0.022727272727272728,44,2.2859478115358134,2.6637431466951966,2.781058195978403,0,88
final_hybrid,2026086120,0,1,-8.0,2.5,0,0,0,0,0,0,0,0.03614457831325301,83,2.352364322013525,2.7532693464308977,2.8010359965264797,0,165
final_hybrid,2026086120,1,1,-8.0,2.5,0,0,0,0,0,0,0,0.011494252873563218,87,2.3549467956797145,2.868297416716814,3.3055180683732033,0,174
final_hybrid,2026086120,2,1,-16.0,3.0,0,0,0,0,0,0,0,0.012658227848101266,79,2.309757933209214,2.7539213187992573,3.1092092394828796,0,160
final_hybrid,2026086120,3,1,-16.0,3.0,0,0,0,0,0,0,0,0.02531645569620253,79,2.3091645274735706,2.766069211065769,2.823175862431526,0,160
final_hybrid,2026086121,0,0,-16.0,4.0,0,0,1,8,0,0,0,0.0,40,2.4122955976054072,2.8599469223991036,2.8740912675857544,0,80
final_hybrid,2026086121,1,0,-8.0,2.5,0,0,0,0,0,0,0,0.0,40,2.405669039580971,2.9843776021152735,3.0474960803985596,0,80
final_hybrid,2026086121,2,0,-8.0,2.5,0,0,0,0,0,0,0,0.05,40,2.310368395410478,2.7859575347974896,2.866240218281746,0,80
final_hybrid,2026086121,3,0,32.0,1.0,1,0,0,0,0,0,0,0.025,40,2.313564985524863,2.80027836561203,2.8302110731601715,0,80
final_hybrid,2026086122,0,0,66.0,1.0,1,1,0,0,0,0,0,0.0,79,2.433721453564454,3.010756010189652,3.4123873338103294,0,157
final_hybrid,2026086122,1,0,54.0,1.0,1,1,0,0,0,0,0,0.015151515151515152,66,2.376747127114372,2.968754153698683,3.7007168866693974,0,131
final_hybrid,2026086122,2,0,32.0,1.0,1,0,0,0,0,0,0,0.019230769230769232,52,2.3527452990842552,2.902491530403495,2.9806443490087986,0,104
final_hybrid,2026086122,3,0,-22.0,3.0,0,0,0,0,0,0,0,0.0,78,2.3775667978976016,2.9810994863510127,3.0439342372119427,0,157
final_hybrid,2026086123,0,1,-20.0,4.0,0,0,1,12,0,0,0,0.038461538461538464,52,2.3556190471236524,2.684519998729229,2.8130351565778255,0,104
final_hybrid,2026086123,1,1,-17.0,3.0,0,0,0,0,0,0,0,0.058823529411764705,51,2.348622590230376,2.717311028391123,3.3284593373537064,0,103
final_hybrid,2026086123,2,1,-8.0,2.5,0,0,0,0,0,0,0,0.014492753623188406,69,2.3820824327244274,2.958173770457506,3.3900770358741283,0,137
final_hybrid,2026086123,3,1,-8.0,2.5,0,0,0,0,0,0,0,0.0,45,2.342545882695251,2.9357539489865303,3.011625725775957,0,90
final_hybrid,2026086124,0,1,-16.0,3.0,0,0,0,0,0,0,0,0.04081632653061224,49,2.3639852333129667,2.7505414560437202,2.828397322446108,0,99
final_hybrid,2026086124,1,1,-16.0,3.0,0,0,0,0,0,0,0,0.020833333333333332,48,2.336401172215119,2.773154154419899,2.855767961591482,0,97
final_hybrid,2026086124,2,1,-22.0,3.0,0,0,0,0,0,0,0,0.0,71,2.3580476326841704,2.938810270279646,3.0122818425297737,0,143
final_hybrid,2026086124,3,1,48.0,1.0,1,1,0,0,0,0,0,0.0,50,2.376549318432808,3.0039771227166057,3.100059926509857,0,99
final_hybrid,2026086125,0,1,-8.0,2.5,0,0,0,0,0,0,0,0.0,82,2.427581152537974,3.0006200075149536,3.0712541192770004,0,164
final_hybrid,2026086125,1,1,36.0,1.0,1,0,0,0,0,0,0,0.012658227848101266,79,2.3351048968166492,2.685499284416437,3.905181773006916,0,158
final_hybrid,2026086125,2,1,-8.0,2.5,0,0,0,0,0,0,0,0.0,82,2.3659280921536974,2.937833033502102,3.013402223587036,0,164
final_hybrid,2026086125,3,1,-20.0,4.0,0,0,1,12,0,0,0,0.01282051282051282,78,2.3435640077178297,2.8784977039322253,3.007118124514818,0,156
final_hybrid,2026086126,0,2,-8.0,2.5,0,0,0,0,0,0,0,0.07692307692307693,26,2.3836294332375894,2.791866776533425,3.3305631950497627,0,52
final_hybrid,2026086126,1,2,36.0,1.0,1,0,0,0,0,0,0,0.07692307692307693,26,2.3300404696223826,2.69283598754555,2.8277533128857613,0,52
final_hybrid,2026086126,2,2,-20.0,4.0,0,0,1,12,0,0,0,0.03333333333333333,30,2.3844168055802584,2.884460054337978,3.1989887356758118,0,60
final_hybrid,2026086126,3,2,-8.0,2.5,0,0,0,0,0,0,0,0.0,26,2.33699123446758,2.957063727080822,3.1995330937206745,0,52
final_hybrid,2026086127,0,1,-8.0,2.5,0,0,0,0,0,0,0,0.034482758620689655,58,2.3733412541834444,2.664361242204904,3.377659246325493,0,116
final_hybrid,2026086127,1,1,0.0,2.5,0,0,0,0,0,1,0,0.011363636363636364,88,2.383896160278131,2.8969053644686937,3.2510682940483093,0,176
final_hybrid,2026086127,2,1,-8.0,2.5,0,0,0,0,0,0,0,0.02702702702702703,74,2.308660243461664,2.7206972241401672,3.5775122232735157,0,148
final_hybrid,2026086127,3,1,-8.0,2.5,0,0,0,0,0,0,0,0.0,58,2.3349995789085995,2.8181561501696706,3.473518881946802,0,116
final_hybrid,2026086128,0,0,40.0,1.0,1,0,0,0,0,0,0,0.0,62,2.4029420568577704,2.8989568818360567,3.458957187831402,0,124
final_hybrid,2026086128,1,0,-17.0,4.0,0,0,1,9,0,0,0,0.0196078431372549,51,2.3278172639216863,2.739016432315111,2.8264131397008896,0,102
final_hybrid,2026086128,2,0,-18.0,4.0,0,0,1,10,0,0,0,0.014492753623188406,69,2.340808173344619,2.8615469112992287,2.8919102624058723,0,138
final_hybrid,2026086128,3,0,-8.0,2.5,0,0,0,0,0,0,0,0.017857142857142856,56,2.3164869136443094,2.8042871272191405,2.872056793421507,0,112
final_hybrid,2026086129,0,0,33.0,1.0,1,0,0,0,0,0,0,0.05128205128205128,39,2.4188460232928777,2.8307031374424696,4.702399950474501,0,78
final_hybrid,2026086129,1,0,-8.0,2.5,0,0,0,0,0,0,0,0.0,39,2.403010984357351,2.9741307720541954,2.986316103488207,0,78
final_hybrid,2026086129,2,0,-8.0,2.5,0,0,0,0,0,0,0,0.015625,64,2.360828031669371,3.0401287134736754,3.76898143440485,0,128
final_hybrid,2026086129,3,0,-8.0,2.5,0,0,0,0,0,0,0,0.0,39,2.3762075325999503,2.8384287375956774,4.882724955677986,0,78
final_hybrid,2026086130,0,0,35.0,1.0,1,0,0,0,0,0,0,0.0425531914893617,47,2.3905847399951297,2.849630080163479,2.8624888509511948,0,94
final_hybrid,2026086130,1,0,-19.0,3.0,0,0,0,0,0,0,0,0.0,59,2.392730344150026,3.0341196805238724,3.116732928901911,0,119
final_hybrid,2026086130,2,0,-8.0,2.5,0,0,0,0,0,0,0,0.05555555555555555,54,2.3055117991235523,2.641447610221803,3.874602261930704,0,108
final_hybrid,2026086130,3,0,34.0,1.0,1,0,0,0,0,0,0,0.06,50,2.288332497701049,2.6421224465593696,2.7287257835268974,0,100
final_hybrid,2026086131,0,1,69.0,1.0,1,1,0,0,0,0,0,0.05,60,2.3564311132455864,2.7535626431927085,2.772856969386339,0,119
final_hybrid,2026086131,1,1,-18.0,4.0,0,0,1,10,0,0,0,0.022727272727272728,44,2.3688713342628698,2.6401250855997205,4.089646972715855,0,88
final_hybrid,2026086131,2,1,-17.0,4.0,0,0,1,9,0,0,0,0.02702702702702703,37,2.3604514001793153,2.8981790877878653,3.3290497958660126,0,74
final_hybrid,2026086131,3,1,-19.0,3.0,0,0,0,0,0,0,0,0.01694915254237288,59,2.373720369285951,2.957182005047798,4.546531941741705,0,119
final_hybrid,2026086132,0,2,-8.0,2.5,0,0,0,0,0,0,0,0.017241379310344827,58,2.3824922531714727,2.83161923289299,2.8535183519124985,0,116
final_hybrid,2026086132,1,2,34.0,1.0,1,0,0,0,0,0,0,0.0,49,2.4196983752202015,2.943186555057764,4.365982953459024,0,98
final_hybrid,2026086132,2,2,33.0,1.0,1,0,0,0,0,0,0,0.034482758620689655,58,2.3218372531620592,2.7644829358905554,3.916002344340086,0,116
final_hybrid,2026086132,3,2,-22.0,3.0,0,0,0,0,0,0,0,0.013333333333333334,75,2.324467586974303,2.8326913714408875,3.040045965462923,0,152
final_hybrid,2026086133,0,3,75.0,1.0,1,1,0,0,0,0,0,0.05084745762711865,59,2.3389494172849896,2.6508030015975232,2.997727133333683,0,117
final_hybrid,2026086133,1,3,-8.0,2.5,0,0,0,0,0,0,0,0.03571428571428571,28,2.326114701905421,2.7992758667096496,2.839550841599703,0,56
final_hybrid,2026086133,2,3,-8.0,2.5,0,0,0,0,0,0,0,0.03571428571428571,28,2.3302726414320722,2.8341335710138083,2.867803443223238,0,56
final_hybrid,2026086133,3,3,-24.0,4.0,0,0,1,16,0,0,0,0.0,28,2.3300136007102474,2.845102292485535,2.8537451289594173,0,56
final_hybrid,2026086134,0,2,0.0,2.5,0,0,0,0,0,1,1,0.023809523809523808,84,2.3602680136848773,2.7817329624667764,2.8383289463818073,0,168
final_hybrid,2026086134,1,2,0.0,2.5,0,0,0,0,0,1,0,0.0,86,2.366563115745436,2.8875990537926555,3.5336208529770374,0,172
final_hybrid,2026086134,2,2,-18.0,3.0,0,0,0,0,0,0,0,0.03508771929824561,57,2.31840429631503,2.7190902270376682,2.760211005806923,0,115
final_hybrid,2026086134,3,2,66.0,1.0,1,1,0,0,0,0,0,0.028169014084507043,71,2.302827523417876,2.760855946689844,2.839587163180113,0,141
final_hybrid,2026086135,0,1,37.0,1.0,1,0,0,0,0,0,0,0.029411764705882353,68,2.35291661502903,2.739421743899584,2.831196878105402,0,137
final_hybrid,2026086135,1,1,-33.0,3.0,0,0,0,0,0,0,0,0.013513513513513514,74,2.365578230269052,2.869070158340037,2.9071751050651073,0,150
final_hybrid,2026086135,2,1,-8.0,2.5,0,0,0,0,0,0,0,0.05,60,2.287529680567483,2.7321030851453543,2.776342909783125,0,119
final_hybrid,2026086135,3,1,63.0,1.0,1,1,0,0,0,0,0,0.014925373134328358,67,2.3259307091027055,2.7981276623904705,3.032973036170006,0,134
final_hybrid,2026086136,0,1,-18.0,4.0,0,0,1,10,0,0,0,0.03773584905660377,53,2.3626581466985197,2.7547063305974007,2.8259167447686195,0,106
final_hybrid,2026086136,1,1,-8.0,2.5,0,0,0,0,0,0,0,0.02040816326530612,49,2.3103252775510965,2.6793683879077435,2.787359058856964,0,98
final_hybrid,2026086136,2,1,-8.0,2.5,0,0,0,0,0,0,0,0.019230769230769232,52,2.313253783191053,2.7961856685578823,2.828685101121664,0,104
final_hybrid,2026086136,3,1,60.0,1.0,1,1,0,0,0,0,0,0.02631578947368421,38,2.3025465442946085,2.7742656879127026,3.198038786649704,0,75
final_hybrid,2026086137,0,0,-8.0,2.5,0,0,0,0,0,0,0,0.012345679012345678,81,2.3759010673305134,2.8231958858668804,2.850891090929508,0,162
final_hybrid,2026086137,1,0,-20.0,4.0,0,0,1,12,0,0,0,0.044444444444444446,45,2.3213141390846834,2.7481931261718273,3.3653127029538155,0,90
final_hybrid,2026086137,2,0,-19.0,3.0,0,0,0,0,0,0,0,0.02666666666666667,75,2.291130262116591,2.748312335461378,3.086147829890251,0,151
final_hybrid,2026086137,3,0,-19.0,3.0,0,0,0,0,0,0,0,0.013333333333333334,75,2.3541949378947415,2.8120679315179586,4.185205325484276,0,151
final_hybrid,2026086138,0,0,-21.0,4.0,0,0,1,13,0,0,0,0.10256410256410256,39,2.3346122903510547,2.741885930299759,2.7861339040100574,0,77
final_hybrid,2026086138,1,0,37.0,1.0,1,0,0,0,0,0,0,0.027777777777777776,36,2.3679415721239314,2.916552242822945,3.1402860768139362,0,73
final_hybrid,2026086138,2,0,-8.0,2.5,0,0,0,0,0,0,0,0.05263157894736842,38,2.282602602223817,2.777007222175598,2.822090871632099,0,77
final_hybrid,2026086138,3,0,-8.0,2.5,0,0,0,0,0,0,0,0.0,38,2.3018536770618274,2.790185040794313,2.868887037038803,0,77
final_hybrid,2026086139,0,1,-8.0,2.5,0,0,0,0,0,0,0,0.041666666666666664,48,2.40377500692072,2.7919825399294496,4.1519212536513805,0,96
final_hybrid,2026086139,1,1,-18.0,4.0,0,0,1,10,0,0,0,0.0,48,2.3658503293214985,2.8731270926073194,2.912173978984356,0,96
final_hybrid,2026086139,2,1,-8.0,2.5,0,0,0,0,0,0,0,0.0,48,2.314713356706003,2.8578882571309805,2.8796722181141376,0,96
final_hybrid,2026086139,3,1,34.0,1.0,1,0,0,0,0,0,0,0.0625,48,2.380336013933023,2.7924027293920517,4.813752137124538,0,96
final_hybrid,2026086140,0,3,33.0,1.0,1,0,0,0,0,0,0,0.029411764705882353,68,2.3538789109272114,2.7233978267759085,3.303665202111006,0,136
final_hybrid,2026086140,1,3,-16.0,4.0,0,0,1,8,0,0,0,0.0,49,2.3825222303216553,2.9931265860795975,3.091414924710989,0,98
final_hybrid,2026086140,2,3,-8.0,2.5,0,0,0,0,0,0,0,0.02040816326530612,49,2.301219727235789,2.776941377669573,2.791502047330141,0,98
final_hybrid,2026086140,3,3,-18.0,4.0,0,0,1,10,0,0,0,0.0,63,2.3159407936627905,2.8405004180967808,2.9076291248202324,0,126
final_hybrid,2026086141,0,2,-18.0,4.0,0,0,1,10,0,0,0,0.0,48,2.4582471523899585,3.044672729447484,3.621291369199753,0,96
final_hybrid,2026086141,1,2,-8.0,2.5,0,0,0,0,0,0,0,0.017241379310344827,58,2.3597812858121148,2.8474516002461314,2.967278938740492,0,116
final_hybrid,2026086141,2,2,-8.0,2.5,0,0,0,0,0,0,0,0.0,48,2.3092042441324643,2.8077401919290423,2.8483630158007145,0,96
final_hybrid,2026086141,3,2,-8.0,2.5,0,0,0,0,0,0,0,0.04081632653061224,49,2.2874907115284278,2.7128652669489384,2.7750758454203606,0,98
final_hybrid,2026086142,0,1,-8.0,2.5,0,0,0,0,0,0,0,0.07317073170731707,41,2.3305267890597263,2.64230789616704,2.803775016218424,0,82
final_hybrid,2026086142,1,1,39.0,1.0,1,0,0,0,0,0,0,0.03636363636363636,55,2.2985162382776085,2.6727268006652594,2.7061053551733494,0,110
final_hybrid,2026086142,2,1,-8.0,2.5,0,0,0,0,0,0,0,0.03636363636363636,55,2.2924399257383565,2.729314984753728,2.832538913935423,0,110
final_hybrid,2026086142,3,1,-23.0,4.0,0,0,1,15,0,0,0,0.04878048780487805,41,2.2855689521969818,2.7968049980700016,2.8233123011887074,0,82
final_hybrid,2026086143,0,1,-18.0,3.0,0,0,0,0,0,0,0,0.022727272727272728,44,2.3825222901491956,2.8054450871422887,2.8271758928894997,0,89
final_hybrid,2026086143,1,1,-8.0,2.5,0,0,0,0,0,0,0,0.04878048780487805,41,2.344307523765942,2.8069918043911457,2.815249841660261,0,82
final_hybrid,2026086143,2,1,-22.0,4.0,0,0,1,14,0,0,0,0.024390243902439025,41,2.304247977984388,2.743696328252554,2.778122201561928,0,82
final_hybrid,2026086143,3,1,-8.0,2.5,0,0,0,0,0,0,0,0.0,41,2.3755302834438115,2.867736853659153,4.985226318240166,0,82
final_hybrid,2026086144,0,1,-8.0,2.5,0,0,0,0,0,0,0,0.0,72,2.3925386873694756,2.89061376824975,3.599222283810377,0,144
final_hybrid,2026086144,1,1,35.0,1.0,1,0,0,0,0,0,0,0.05084745762711865,59,2.2775856304471778,2.656328631564975,2.771650906652212,0,118
final_hybrid,2026086144,2,1,-16.0,3.0,0,0,0,0,0,0,0,0.06976744186046512,43,2.253581509860449,2.580164698883891,2.754738088697195,0,87
final_hybrid,2026086144,3,1,-8.0,2.5,0,0,0,0,0,0,0,0.01694915254237288,59,2.341807125357248,2.824506163597107,3.9644488133490086,0,118
final_hybrid,2026086145,0,1,-8.0,2.5,0,0,0,0,0,0,0,0.041666666666666664,48,2.351974699801455,2.753921109251678,2.803077921271324,0,96
final_hybrid,2026086145,1,1,0.0,2.5,0,0,0,0,0,1,1,0.024096385542168676,83,2.331692860069045,2.7791356202214956,3.0717062763869762,0,166
final_hybrid,2026086145,2,1,-21.0,4.0,0,0,1,13,0,0,0,0.024096385542168676,83,2.2963703755872795,2.7454867493361235,2.7922899462282658,0,166
final_hybrid,2026086145,3,1,0.0,2.5,0,0,0,0,0,1,0,0.011904761904761904,84,2.3184557212516665,2.8165615862235427,3.5708253271877766,0,168
final_hybrid,2026086146,0,2,-19.0,4.0,0,0,1,11,0,0,0,0.0,46,2.411457699845019,2.986592589877546,3.4286188893020153,0,92
final_hybrid,2026086146,1,2,34.0,1.0,1,0,0,0,0,0,0,0.057692307692307696,52,2.302986104041338,2.6218778919428587,3.1454158015549183,0,104
final_hybrid,2026086146,2,2,-8.0,2.5,0,0,0,0,0,0,0,0.018867924528301886,53,2.330527509088224,2.7960307896137238,2.8421818278729916,0,106
final_hybrid,2026086146,3,2,-19.0,4.0,0,0,1,11,0,0,0,0.0,53,2.328865370660458,2.9479671269655228,2.98162829130888,0,106
final_hybrid,2026086147,0,2,-28.0,3.0,0,0,0,0,0,0,0,0.02,50,2.369020776823163,2.800091332755983,2.854130696505308,0,101
final_hybrid,2026086147,1,2,-8.0,2.5,0,0,0,0,0,0,0,0.025,40,2.3288717842660844,2.8555145021528006,2.862418070435524,0,80
final_hybrid,2026086147,2,2,-8.0,2.5,0,0,0,0,0,0,0,0.05,40,2.3021163302473724,2.723512868396938,2.7518318966031075,0,80
final_hybrid,2026086147,3,2,44.0,1.0,1,0,0,0,0,0,0,0.05,40,2.3305736831389368,2.7646153466776004,3.0915290117263794,0,80
final_hybrid,2026086148,0,1,-29.0,3.0,0,0,0,0,0,0,0,0.0,52,2.382818734846436,2.898228308185935,3.216399811208248,0,105
final_hybrid,2026086148,1,1,-29.0,3.0,0,0,0,0,0,0,0,0.038461538461538464,52,2.3142214273460784,2.8092285385355353,3.0503049492836,0,105
final_hybrid,2026086148,2,1,-29.0,3.0,0,0,0,0,0,0,0,0.0,52,2.3814813824943624,2.9570206766948104,2.9739458113908768,0,105
final_hybrid,2026086148,3,1,87.0,1.0,1,1,0,0,0,0,0,0.018867924528301886,53,2.304091829947143,2.7661411091685295,2.810525707900524,0,105
final_hybrid,2026086149,0,1,-8.0,2.5,0,0,0,0,0,0,0,0.0,58,2.377809988784379,2.8468183940276504,2.8688660822808743,0,116
final_hybrid,2026086149,1,1,-16.0,4.0,0,0,1,8,0,0,0,0.023809523809523808,42,2.341010108856218,2.743550972081721,3.167149145156145,0,84
final_hybrid,2026086149,2,1,-8.0,2.5,0,0,0,0,0,0,0,0.06666666666666667,45,2.2676608318256006,2.6657158508896828,2.7159922756254673,0,90
final_hybrid,2026086149,3,1,0.0,2.5,0,0,0,0,0,1,1,0.02247191011235955,89,2.303107992191328,2.7000289410352707,2.950289286673069,0,178
final_hybrid,2026086150,0,1,-33.0,3.0,0,0,0,0,0,0,0,0.0,38,2.387400814577153,2.816322981379926,2.842589747160673,0,77
final_hybrid,2026086150,1,1,-33.0,3.0,0,0,0,0,0,0,0,0.02631578947368421,38,2.335395921315802,2.750613307580352,2.8124069795012474,0,77
final_hybrid,2026086150,2,1,99.0,1.0,1,1,0,0,0,0,0,0.0,41,2.3005493893855955,2.8337975963950157,2.8522489592432976,0,81
final_hybrid,2026086150,3,1,-33.0,3.0,0,0,0,0,0,0,0,0.02631578947368421,38,2.2918541033409143,2.7550460305064917,2.833012957125902,0,77
final_hybrid,2026086151,0,1,33.0,1.0,1,0,0,0,0,0,0,0.041666666666666664,48,2.3524648277089,2.729533286765218,2.8384248726069927,0,96
final_hybrid,2026086151,1,1,-17.0,4.0,0,0,1,9,0,0,0,0.0,48,2.3690261878073215,2.8272310039028525,2.989041619002819,0,96
final_hybrid,2026086151,2,1,-8.0,2.5,0,0,0,0,0,0,0,0.041666666666666664,48,2.290453053622817,2.7515717083588243,2.7947910130023956,0,96
final_hybrid,2026086151,3,1,-17.0,4.0,0,0,1,9,0,0,0,0.0,46,2.3264570424900106,2.8263977728784084,2.8483900241553783,0,92
final_hybrid,2026086152,0,1,-8.0,2.5,0,0,0,0,0,0,0,0.037037037037037035,54,2.3569933276761463,2.741942275315523,2.7894917875528336,0,108
final_hybrid,2026086152,1,1,-8.0,2.5,0,0,0,0,0,0,0,0.019230769230769232,52,2.336906904999453,2.8406020952388644,2.900359220802784,0,104
final_hybrid,2026086152,2,1,41.0,1.0,1,0,0,0,0,0,0,0.037037037037037035,54,2.285805987884049,2.764955163002014,3.1249369494616985,0,108
final_hybrid,2026086152,3,1,-8.0,2.5,0,0,0,0,0,0,0,0.043478260869565216,46,2.28061819570544,2.7729476569220424,2.803836017847061,0,92
final_hybrid,2026086153,0,1,-22.0,3.0,0,0,0,0,0,0,0,0.02,50,2.3526000510901213,2.7201584773138165,2.835385035723448,0,101
final_hybrid,2026086153,1,1,-22.0,3.0,0,0,0,0,0,0,0,0.0,50,2.3409107234328985,2.834755484946072,2.907393965870142,0,101
final_hybrid,2026086153,2,1,-8.0,2.5,0,0,0,0,0,0,0,0.06521739130434782,46,2.2504266513430555,2.5560264475643635,2.6659308932721615,0,92
final_hybrid,2026086153,3,1,-8.0,2.5,0,0,0,0,0,0,0,0.023809523809523808,42,2.263098844282684,2.6593825547024608,2.699129283428192,0,84
final_hybrid,2026086154,0,1,-18.0,3.0,0,0,0,0,0,0,0,0.038461538461538464,26,2.3760390288841267,2.80583743005991,2.836518920958042,0,54
final_hybrid,2026086154,1,1,-18.0,3.0,0,0,0,0,0,0,0,0.0,26,2.351007495935147,2.830155659466982,2.8368020430207253,0,54
final_hybrid,2026086154,2,1,-18.0,3.0,0,0,0,0,0,0,0,0.037037037037037035,27,2.283000628705378,2.6832865085452795,2.7006040327250957,0,54
final_hybrid,2026086154,3,1,54.0,1.0,1,1,0,0,0,0,0,0.037037037037037035,27,2.2722574951196157,2.700724732130766,2.7070529758930206,0,54
final_hybrid,2026086155,0,0,-8.0,2.5,0,0,0,0,0,0,0,0.0392156862745098,51,2.32573633319607,2.5892318226397038,2.783162984997034,0,102
final_hybrid,2026086155,1,0,-20.0,4.0,0,0,1,12,0,0,0,0.0,54,2.347118893845214,2.8503684792667627,2.9518790543079376,0,108
final_hybrid,2026086155,2,0,-23.0,4.0,0,0,1,15,0,0,0,0.07142857142857142,28,2.2711736715531776,2.620118041522801,2.7688108384609222,0,56
final_hybrid,2026086155,3,0,36.0,1.0,1,0,0,0,0,0,0,0.0,54,2.3292422001422555,2.906245947815478,3.0579338781535625,0,108
final_hybrid,2026086156,0,2,-18.0,3.0,0,0,0,0,0,0,0,0.0,60,2.427814807742834,3.0313204042613506,3.097939770668745,0,121
final_hybrid,2026086156,1,2,-38.0,3.0,0,0,0,0,0,0,0,0.025,80,2.3122601967770606,2.725568227469921,2.995964139699936,0,161
final_hybrid,2026086156,2,2,39.0,1.0,1,0,0,0,0,0,0,0.031746031746031744,63,2.303026734836518,2.7145213913172483,3.3164676278829575,0,126
final_hybrid,2026086156,3,2,114.0,1.0,1,1,0,0,0,0,0,0.012345679012345678,81,2.2932092463712634,2.73834727704525,2.805162686854601,0,161
final_hybrid,2026086157,0,3,-18.0,3.0,0,0,0,0,0,0,0,0.0,30,2.3689032066613436,2.8133287094533443,2.833776641637087,0,61
final_hybrid,2026086157,1,3,-18.0,3.0,0,0,0,0,0,0,0,0.0,30,2.3208368103951216,2.7915539918467402,2.805131021887064,0,61
final_hybrid,2026086157,2,3,54.0,1.0,1,1,0,0,0,0,0,0.06451612903225806,31,2.2660418593835447,2.6344337966293097,2.6699439622461796,0,61
final_hybrid,2026086157,3,3,-19.0,4.0,0,0,1,11,0,0,0,0.037037037037037035,54,2.318185573029849,2.894194610416889,2.913538832217455,0,109
final_hybrid,2026086158,0,3,-8.0,2.5,0,0,0,0,0,0,0,0.0,40,2.390879229642451,2.878086757846176,3.399933222681284,0,80
final_hybrid,2026086158,1,3,-8.0,2.5,0,0,0,0,0,0,0,0.025,40,2.330074366182089,2.780054649338126,2.8338399715721607,0,80
final_hybrid,2026086158,2,3,-20.0,3.0,0,0,0,0,0,0,0,0.022727272727272728,44,2.330499161458151,2.731801150366664,2.741848584264517,0,89
final_hybrid,2026086158,3,3,-22.0,4.0,0,0,1,14,0,0,0,0.034482758620689655,58,2.310261547822377,2.7679076651111245,2.8288252651691437,0,116
final_hybrid,2026086159,0,3,-8.0,2.5,0,0,0,0,0,0,0,0.05454545454545454,55,2.3282577961005946,2.735410537570715,2.9466762207448483,0,110
final_hybrid,2026086159,1,3,-8.0,2.5,0,0,0,0,0,0,0,0.0,65,2.3977024050859304,2.9954394325613976,3.099720925092697,0,130
final_hybrid,2026086159,2,3,-8.0,2.5,0,0,0,0,0,0,0,0.0,67,2.348421697518719,2.912031998857856,3.199581056833267,0,134
final_hybrid,2026086159,3,3,51.0,1.0,1,1,0,0,0,0,0,0.014285714285714285,70,2.3267989978194237,2.8293806593865156,3.2975999638438225,0,139
final_hybrid,2026086160,0,1,-17.0,3.0,0,0,0,0,0,0,0,0.0,43,2.3739166925986144,2.789482055231929,2.925436943769455,0,87
final_hybrid,2026086160,1,1,-17.0,3.0,0,0,0,0,0,0,0,0.0,43,2.3496832676924937,2.8141114860773087,2.88585526868701,0,87
final_hybrid,2026086160,2,1,-17.0,3.0,0,0,0,0,0,0,0,0.023255813953488372,43,2.329764476175918,2.7372352313250303,3.027216996997595,0,87
final_hybrid,2026086160,3,1,51.0,1.0,1,1,0,0,0,0,0,0.0,44,2.355569275096059,2.8870414942502975,3.4766821190714836,0,87
final_hybrid,2026086161,0,2,75.0,1.0,1,1,0,0,0,0,0,0.03508771929824561,57,2.342196671586288,2.6910960674285884,2.8414749540388584,0,113
final_hybrid,2026086161,1,2,32.0,1.0,1,0,0,0,0,0,0,0.037037037037037035,81,2.345962927067353,2.8441972099244595,2.9371967539191246,0,162
final_hybrid,2026086161,2,2,-8.0,2.5,0,0,0,0,0,0,0,0.038461538461538464,78,2.3141030329637804,2.728747739456594,2.8702537529170513,0,156
final_hybrid,2026086161,3,2,33.0,1.0,1,0,0,0,0,0,0,0.0,53,2.3245530132696315,2.861901745200157,2.9358346946537495,0,106
final_hybrid,2026086162,0,1,44.0,1.0,1,0,0,0,0,0,0,0.06,50,2.364697130396962,2.8091835789382458,3.1275879591703415,0,100
final_hybrid,2026086162,1,1,0.0,2.5,0,0,0,0,0,1,1,0.0,84,2.357975751649411,2.783839264884591,2.956289332360029,0,168
final_hybrid,2026086162,2,1,-8.0,2.5,0,0,0,0,0,0,0,0.02,50,2.3089276999235153,2.741322899237275,2.8947778046131134,0,100
final_hybrid,2026086162,3,1,38.0,1.0,1,0,0,0,0,0,0,0.05263157894736842,57,2.2933291712481725,2.7033294551074505,2.956673037260771,0,114
final_hybrid,2026086163,0,3,-8.0,2.5,0,0,0,0,0,0,0,0.0625,48,2.333481330424547,2.6577622164040804,2.834227867424488,0,96
final_hybrid,2026086163,1,3,-8.0,2.5,0,0,0,0,0,0,0,0.021739130434782608,46,2.336112428051622,2.8067886596545577,2.8272150084376335,0,92
final_hybrid,2026086163,2,3,-8.0,2.5,0,0,0,0,0,0,0,0.06521739130434782,46,2.286263771922044,2.6481180684641004,3.431494813412428,0,92
final_hybrid,2026086163,3,3,32.0,1.0,1,0,0,0,0,0,0,0.021739130434782608,46,2.320169430711995,2.8843258041888475,2.9877200722694397,0,92
final_hybrid,2026086164,0,0,-19.0,3.0,0,0,0,0,0,0,0,0.03125,64,2.35710313427262,2.7764103142544627,2.806129865348339,0,129
final_hybrid,2026086164,1,0,-19.0,3.0,0,0,0,0,0,0,0,0.03076923076923077,65,2.3205769391587148,2.6548012159764767,2.774725202471018,0,130
final_hybrid,2026086164,2,0,34.0,1.0,1,0,0,0,0,0,0,0.014705882352941176,68,2.3045056184534642,2.758243097923696,2.828683704137802,0,137
final_hybrid,2026086164,3,0,-19.0,3.0,0,0,0,0,0,0,0,0.0,64,2.3203527089208364,2.8836573706939816,2.9144189320504665,0,130
final_hybrid,2026086165,0,3,-25.0,4.0,0,0,1,17,0,0,0,0.03508771929824561,57,2.3576375260426286,2.747669443488121,2.7908729389309883,0,114
final_hybrid,2026086165,1,3,66.0,1.0,1,1,0,0,0,0,0,0.016666666666666666,60,2.329925005324185,2.7675387216731906,3.00762802362442,0,119
final_hybrid,2026086165,2,3,-8.0,2.5,0,0,0,0,0,0,0,0.01818181818181818,55,2.299848334355788,2.7324573136866093,2.7861990965902805,0,110
final_hybrid,2026086165,3,3,-22.0,3.0,0,0,0,0,0,0,0,0.0,59,2.3592104661767768,2.965702395886183,3.08789499104023,0,119
final_hybrid,2026086166,0,1,-8.0,2.5,0,0,0,0,0,0,0,0.07407407407407407,27,2.3547514962653318,2.724146470427513,2.767537720501423,0,54
final_hybrid,2026086166,1,1,-8.0,2.5,0,0,0,0,0,0,0,0.06896551724137931,29,2.368941036020887,2.796645835042,3.5012857988476753,0,58
final_hybrid,2026086166,2,1,-18.0,4.0,0,0,1,10,0,0,0,0.0,27,2.354714622790063,2.817722037434578,2.8213821351528168,0,54
final_hybrid,2026086166,3,1,34.0,1.0,1,0,0,0,0,0,0,0.0,27,2.3127731487706855,2.890674863010645,2.949254121631384,0,54
final_hybrid,2026086167,0,3,-19.0,3.0,0,0,0,0,0,0,0,0.0,32,2.3750675609335303,2.8039085445925593,2.832593861967325,0,65
final_hybrid,2026086167,1,3,-8.0,2.5,0,0,0,0,0,0,0,0.037037037037037035,27,2.3254312540370004,2.7428471948951483,2.773477230221033,0,54
final_hybrid,2026086167,2,3,57.0,1.0,1,1,0,0,0,0,0,0.030303030303030304,33,2.2974574769085105,2.725805900990963,2.812987193465233,0,65
final_hybrid,2026086167,3,3,-19.0,3.0,0,0,0,0,0,0,0,0.0625,32,2.253536047646776,2.6187273440882564,2.75846803560853,0,65
final_hybrid,2026086168,0,1,-19.0,3.0,0,0,0,0,0,0,0,0.01818181818181818,55,2.39078462631865,2.856120141223073,2.8648879379034042,0,111
final_hybrid,2026086168,1,1,34.0,1.0,1,0,0,0,0,0,0,0.05128205128205128,39,2.308337913396267,2.6436875108629465,2.7565481141209602,0,78
final_hybrid,2026086168,2,1,-18.0,4.0,0,0,1,10,0,0,0,0.0,17,2.3557787815875866,2.8258997946977615,2.846023067831993,0,34
final_hybrid,2026086168,3,1,-8.0,2.5,0,0,0,0,0,0,0,0.0,39,2.3127373618384204,2.786445338279009,2.813898026943207,0,78
final_hybrid,2026086169,0,2,-8.0,2.5,0,0,0,0,0,0,0,0.017241379310344827,58,2.3920006873407242,2.851679129526019,2.925816923379898,0,116
final_hybrid,2026086169,1,2,-18.0,4.0,0,0,1,10,0,0,0,0.0,36,2.356589396691157,2.8747981414198875,2.897990867495537,0,72
final_hybrid,2026086169,2,2,48.0,1.0,1,0,0,0,0,0,0,0.034482758620689655,58,2.292818550405831,2.6948007056489587,2.7921549044549465,0,116
final_hybrid,2026086169,3,2,-8.0,2.5,0,0,0,0,0,0,0,0.038461538461538464,52,2.351191987355168,2.938502700999379,3.0027921311557293,0,104
final_hybrid,2026086170,0,3,51.0,1.0,1,1,0,0,0,0,0,0.016666666666666666,60,2.3598474295188985,2.7805550023913383,2.8208098374307156,0,119
final_hybrid,2026086170,1,3,-8.0,2.5,0,0,0,0,0,0,0,0.015625,64,2.3498190130339935,2.872701897285878,2.917942125350237,0,128
final_hybrid,2026086170,2,3,35.0,1.0,1,0,0,0,0,0,0,0.0,65,2.3584890250976267,2.9293051920831203,3.0159689486026764,0,130
final_hybrid,2026086170,3,3,-8.0,2.5,0,0,0,0,0,0,0,0.015625,64,2.3240042792167515,2.8584634885191917,2.9038391076028347,0,128
final_hybrid,2026086171,0,2,-17.0,3.0,0,0,0,0,0,0,0,0.029411764705882353,68,2.38863580093226,2.7914420934394,2.822259906679392,0,136
final_hybrid,2026086171,1,2,-8.0,2.5,0,0,0,0,0,0,0,0.043478260869565216,46,2.3255066885410445,2.7297597844153643,2.7915528044104576,0,93
final_hybrid,2026086171,2,2,-24.0,3.0,0,0,0,0,0,0,0,0.0,73,2.366107371827103,2.962598297744989,3.050875850021839,0,148
final_hybrid,2026086171,3,2,-32.0,4.0,0,0,1,24,0,0,0,0.021739130434782608,46,2.296244745831127,2.6882432866841555,2.7465634047985077,0,92
final_hybrid,2026086172,0,1,-23.0,3.0,0,0,0,0,0,0,0,0.0,77,2.433861019210769,3.0672578141093254,3.124155104160309,0,155
final_hybrid,2026086172,1,1,-8.0,2.5,0,0,0,0,0,0,0,0.05263157894736842,57,2.301341323018597,2.721013035625219,2.810664940625429,0,114
final_hybrid,2026086172,2,1,48.0,1.0,1,1,0,0,0,0,0,0.0,71,2.373320096447854,3.0312235467135906,3.110875841230154,0,141
final_hybrid,2026086172,3,1,49.0,1.0,1,0,0,0,0,0,0,0.0,86,2.330737941097035,2.8094829758629203,2.9028989374637604,0,172
final_hybrid,2026086173,0,2,-18.0,3.0,0,0,0,0,0,0,0,0.03225806451612903,31,2.3726199062601214,2.743968041613698,2.819146029651165,0,63
final_hybrid,2026086173,1,2,54.0,1.0,1,1,0,0,0,0,0,0.09375,32,2.3154207301558927,2.6757872896268964,2.7431449852883816,0,63
final_hybrid,2026086173,2,2,-18.0,3.0,0,0,0,0,0,0,0,0.03225806451612903,31,2.2912006374568707,2.7417533565312624,2.8301067650318146,0,63
final_hybrid,2026086173,3,2,-18.0,3.0,0,0,0,0,0,0,0,0.030303030303030304,33,2.2768617720540725,2.7135138399899006,2.7211718261241913,0,67
final_hybrid,2026086174,0,2,35.0,1.0,1,0,0,0,0,0,0,0.021739130434782608,46,2.3668544144248185,2.7429898036643863,2.8242641128599644,0,92
final_hybrid,2026086174,1,2,-8.0,2.5,0,0,0,0,0,0,0,0.0,33,2.325599942582123,2.747356053441763,2.795075997710228,0,66
final_hybrid,2026086174,2,2,-8.0,2.5,0,0,0,0,0,0,0,0.0,46,2.3574596473380276,2.930439659394324,2.9667899943888187,0,92
final_hybrid,2026086174,3,2,-8.0,2.5,0,0,0,0,0,0,0,0.09090909090909091,33,2.3038807522618407,2.771926950663328,2.7922410517930984,0,66
final_hybrid,2026086175,0,0,-18.0,4.0,0,0,1,10,0,0,0,0.03508771929824561,57,2.3479287006091654,2.6727444492280483,2.862897701561451,0,114
final_hybrid,2026086175,1,0,-27.0,3.0,0,0,0,0,0,0,0,0.0392156862745098,51,2.3173739147536896,2.7640340849757195,3.080957103520632,0,103
final_hybrid,2026086175,2,0,-8.0,2.5,0,0,0,0,0,0,0,0.0,36,2.317896681941218,2.794095198623836,3.2380251213908195,0,72
final_hybrid,2026086175,3,0,-8.0,2.5,0,0,0,0,0,0,0,0.0,38,2.3492374334876476,2.9393066884949803,2.95990239828825,0,76
final_hybrid,2026086176,0,0,-21.0,4.0,0,0,1,13,0,0,0,0.05263157894736842,57,2.356400729663539,2.777758426964283,2.812016289681196,0,114
final_hybrid,2026086176,1,0,0.0,2.5,0,0,0,0,0,1,0,0.011627906976744186,86,2.3465281904696726,2.79497227165848,2.8905351646244526,0,173
final_hybrid,2026086176,2,0,37.0,1.0,1,0,0,0,0,0,0,0.0,57,2.3641540554531835,2.9726706445217133,3.061362076550722,0,115
final_hybrid,2026086176,3,0,-8.0,2.5,0,0,0,0,0,0,0,0.016129032258064516,62,2.3334071776198764,2.7873859740793705,2.8012781403958797,0,123
final_hybrid,2026086177,0,1,-17.0,3.0,0,0,0,0,0,0,0,0.1111111111111111,9,2.4020899501111774,2.8148396871984005,2.9282639734447002,0,19
final_hybrid,2026086177,1,1,-17.0,3.0,0,0,0,0,0,0,0,0.0,9,2.321653740687503,2.7881134301424026,2.8177639469504356,0,19
final_hybrid,2026086177,2,1,-17.0,3.0,0,0,0,0,0,0,0,0.1111111111111111,9,2.252113281024827,2.613926772028208,2.61501083150506,0,19
final_hybrid,2026086177,3,1,51.0,1.0,1,1,0,0,0,0,0,0.1,10,2.2767990827560425,2.7633873280137777,2.839642111212015,0,19
final_hybrid,2026086178,0,2,-23.0,3.0,0,0,0,0,0,0,0,0.0,68,2.4377152200459555,2.969971881248057,3.7028691731393337,0,137
final_hybrid,2026086178,1,2,-21.0,4.0,0,0,1,13,0,0,0,0.0,71,2.3486923137810867,2.799558686092496,2.8732391074299812,0,142
final_hybrid,2026086178,2,2,-40.0,3.0,0,0,0,0,0,0,0,0.012048192771084338,83,2.351758653769292,2.9184937942773104,3.015305381268263,0,167
final_hybrid,2026086178,3,2,69.0,1.0,1,1,0,0,0,0,0,0.043478260869565216,69,2.30959495799481,2.717517130076885,3.4056571312248707,0,137
final_hybrid,2026086179,0,1,40.0,1.0,1,0,0,0,0,0,0,0.041666666666666664,24,2.382085134740919,2.7977108489722013,2.846719231456518,0,48
final_hybrid,2026086179,1,1,-8.0,2.5,0,0,0,0,0,0,0,0.0,28,2.3746047601369873,2.8711949940770864,2.905820030719042,0,56
final_hybrid,2026086179,2,1,-24.0,4.0,0,0,1,16,0,0,0,0.041666666666666664,24,2.251699954892198,2.6280306046828628,2.6856791228055954,0,48
final_hybrid,2026086179,3,1,-8.0,2.5,0,0,0,0,0,0,0,0.0,32,2.2942328942008317,2.7835580753162503,2.826885785907507,0,64
final_hybrid,2026086180,0,3,-16.0,4.0,0,0,1,8,0,0,0,0.04878048780487805,41,2.3301393588686863,2.7328566648066044,2.870935946702957,0,82
final_hybrid,2026086180,1,3,-8.0,2.5,0,0,0,0,0,0,0,0.0,41,2.339785691441559,2.8235837817192078,3.2777716405689716,0,82
final_hybrid,2026086180,2,3,-8.0,2.5,0,0,0,0,0,0,0,0.04878048780487805,41,2.28331533328789,2.6835622265934944,2.739457879215479,0,82
final_hybrid,2026086180,3,3,35.0,1.0,1,0,0,0,0,0,0,0.02631578947368421,38,2.3335454691397515,2.8212533332407475,2.9822969809174538,0,76
final_hybrid,2026086181,0,0,-8.0,2.5,0,0,0,0,0,0,0,0.0,74,2.3991990821889124,2.9512269888073206,3.078353125602007,0,148
final_hybrid,2026086181,1,0,-8.0,2.5,0,0,0,0,0,0,0,0.0,29,2.3454963871888044,2.8410306200385094,3.2915957272052765,0,58
final_hybrid,2026086181,2,0,-8.0,2.5,0,0,0,0,0,0,0,0.015384615384615385,65,2.311099456766477,2.783763036131859,2.8352923691272736,0,130
final_hybrid,2026086181,3,0,-8.0,2.5,0,0,0,0,0,0,0,0.0,77,2.3322357650991385,2.8558758087456226,3.4965816885232925,0,154
final_hybrid,2026086182,0,2,33.0,1.0,1,0,0,0,0,0,0,0.17647058823529413,17,2.3365140728214207,2.7407152578234673,2.7955202385783195,0,34
final_hybrid,2026086182,1,2,-17.0,4.0,0,0,1,9,0,0,0,0.11764705882352941,17,2.299755811691284,2.612402103841305,2.623126842081547,0,34
final_hybrid,2026086182,2,2,-8.0,2.5,0,0,0,0,0,0,0,0.0,17,2.302718485760338,2.7962367981672287,2.83636711537838,0,34
final_hybrid,2026086182,3,2,-17.0,3.0,0,0,0,0,0,0,0,0.0,60,2.3151838841537633,2.8497027466073632,2.9636123217642307,0,121
final_hybrid,2026086183,0,0,45.0,1.0,1,0,0,0,0,0,0,0.018518518518518517,54,2.3675818272210933,2.802897081710398,3.4694098867475986,0,108
final_hybrid,2026086183,1,0,-8.0,2.5,0,0,0,0,0,0,0,0.018518518518518517,54,2.34172983026063,2.7721720514819026,2.836828585714102,0,108
final_hybrid,2026086183,2,0,-8.0,2.5,0,0,0,0,0,0,0,0.028169014084507043,71,2.279417891002877,2.724810503423214,2.8166701085865498,0,142
final_hybrid,2026086183,3,0,-18.0,4.0,0,0,1,10,0,0,0,0.01282051282051282,78,2.3150332988454747,2.8340263292193413,2.9472727328538895,0,156
final_hybrid,2026086184,0,0,-8.0,2.5,0,0,0,0,0,0,0,0.05454545454545454,55,2.321966779841618,2.642693137750029,2.792241983115673,0,110
final_hybrid,2026086184,1,0,-18.0,3.0,0,0,0,0,0,0,0,0.0,65,2.356882500820435,2.916470728814602,2.9701157473027706,0,131
final_hybrid,2026086184,2,0,-18.0,3.0,0,0,0,0,0,0,0,0.046875,64,2.3044924455462024,2.6649361941963434,3.318122122436762,0,129
final_hybrid,2026086184,3,0,-21.0,4.0,0,0,1,13,0,0,0,0.015151515151515152,66,2.305733985408689,2.802459057420492,2.9273456893861294,0,132
final_hybrid,2026086185,0,1,-8.0,2.5,0,0,0,0,0,0,0,0.05555555555555555,54,2.3302853590360395,2.7016170788556337,2.744099125266075,0,108
final_hybrid,2026086185,1,1,-8.0,2.5,0,0,0,0,0,0,0,0.018518518518518517,54,2.3602176009228937,2.8617002069950104,2.9462059028446674,0,108
final_hybrid,2026086185,2,1,32.0,1.0,1,0,0,0,0,0,0,0.0,54,2.389775477004824,3.046027454547584,3.2276702113449574,0,108
final_hybrid,2026086185,3,1,-16.0,4.0,0,0,1,8,0,0,0,0.0,54,2.329730109691068,2.9987628338858485,3.0194176360964775,0,108
final_hybrid,2026086186,0,0,-8.0,2.5,0,0,0,0,0,0,0,0.018518518518518517,54,2.3656496174495527,2.816822985187173,3.394171129912138,0,108
final_hybrid,2026086186,1,0,-20.0,3.0,0,0,0,0,0,0,0,0.0410958904109589,73,2.2743635249566543,2.5600109249353404,2.7270247228443623,0,147
final_hybrid,2026086186,2,0,-8.0,2.5,0,0,0,0,0,0,0,0.0,43,2.3399900406772316,2.888639038428664,2.941810991615057,0,86
final_hybrid,2026086186,3,0,32.0,1.0,1,0,0,0,0,0,0,0.047619047619047616,42,2.346236402878449,2.9347804840654135,3.109133802354336,0,84
final_hybrid,2026086187,0,1,-17.0,3.0,0,0,0,0,0,0,0,0.01694915254237288,59,2.381084636800875,2.815656177699566,2.8406460769474506,0,118
final_hybrid,2026086187,1,1,-17.0,3.0,0,0,0,0,0,0,0,0.034482758620689655,58,2.3136614853965827,2.746935305185616,2.8033829294145107,0,118
final_hybrid,2026086187,2,1,-20.0,4.0,0,0,1,12,0,0,0,0.015873015873015872,63,2.333742536840931,2.876013843342662,3.113117069005966,0,127
final_hybrid,2026086187,3,1,51.0,1.0,1,1,0,0,0,0,0,0.01694915254237288,59,2.3120857491079025,2.788347890600562,2.8152940794825554,0,118
final_hybrid,2026086188,0,2,-8.0,2.5,0,0,0,0,0,0,0,0.0,36,2.38825815419356,2.852060948498547,2.8771809302270412,0,72
final_hybrid,2026086188,1,2,-8.0,2.5,0,0,0,0,0,0,0,0.0,32,2.3462661920348182,2.8061842313036323,3.2951747998595238,0,64
final_hybrid,2026086188,2,2,36.0,1.0,1,0,0,0,0,0,0,0.03125,32,2.3302050249185413,2.8624033788219094,2.9794308356940746,0,64
final_hybrid,2026086188,3,2,-20.0,4.0,0,0,1,12,0,0,0,0.0625,32,2.32318471535109,2.8625867795199156,2.869656775146723,0,64
final_hybrid,2026086189,0,3,-20.0,3.0,0,0,0,0,0,0,0,0.0,59,2.398940860846285,2.786622801795602,2.839102875441313,0,119
final_hybrid,2026086189,1,3,-8.0,2.5,0,0,0,0,0,0,0,0.024390243902439025,41,2.341983010765256,2.8282790444791317,2.837714273482561,0,82
final_hybrid,2026086189,2,3,32.0,1.0,1,0,0,0,0,0,0,0.024390243902439025,41,2.3121369730045154,2.8153439052402973,2.8532827273011208,0,82
final_hybrid,2026086189,3,3,66.0,1.0,1,1,0,0,0,0,0,0.014925373134328358,67,2.308961622583777,2.773443190380931,2.8287828899919987,0,133
final_hybrid,2026086190,0,0,34.0,1.0,1,0,0,0,0,0,0,0.044444444444444446,45,2.3985315528180866,2.879343368113041,3.1880969181656837,0,90
final_hybrid,2026086190,1,0,54.0,1.0,1,1,0,0,0,0,0,0.05405405405405406,37,2.32626566965435,2.8334916569292545,3.4205899573862553,0,73
final_hybrid,2026086190,2,0,-18.0,3.0,0,0,0,0,0,0,0,0.027777777777777776,36,2.2890573600307107,2.708533313125372,2.748688217252493,0,73
final_hybrid,2026086190,3,0,-8.0,2.5,0,0,0,0,0,0,0,0.0,45,2.351177525189188,2.8502823784947395,2.9349280521273613,0,90
final_hybrid,2026086191,0,3,0.0,2.5,0,0,0,0,0,1,0,0.0,84,2.402224067953371,2.8766632778570056,3.0495161190629005,0,168
final_hybrid,2026086191,1,3,0.0,2.5,0,0,0,0,0,1,1,0.011627906976744186,86,2.3325701720666054,2.7568174991756678,2.786796074360609,0,172
final_hybrid,2026086191,2,3,-8.0,2.5,0,0,0,0,0,0,0,0.0,76,2.329764397520768,2.7807712322100997,2.811285201460123,0,152
final_hybrid,2026086191,3,3,-20.0,3.0,0,0,0,0,0,0,0,0.0410958904109589,73,2.2705848622199607,2.696398925036192,2.800197806209326,0,147
final_hybrid,2026086192,0,1,-8.0,2.5,0,0,0,0,0,0,0,0.0,57,2.4079545319341777,2.787226252257824,2.8195520862936974,0,114
final_hybrid,2026086192,1,1,33.0,1.0,1,0,0,0,0,0,0,0.0,46,2.3702535899760933,2.902058884501457,2.9382403008639812,0,92
final_hybrid,2026086192,2,1,-16.0,4.0,0,0,1,8,0,0,0,0.03508771929824561,57,2.270364741745748,2.6324382051825523,2.765362150967121,0,114
final_hybrid,2026086192,3,1,32.0,1.0,1,0,0,0,0,0,0,0.02531645569620253,79,2.293170105571611,2.7421270962804556,2.8121876530349255,0,158
final_hybrid,2026086193,0,1,-8.0,2.5,0,0,0,0,0,0,0,0.0,50,2.3723663296550512,2.7465544873848557,2.812395803630352,0,100
final_hybrid,2026086193,1,1,-18.0,4.0,0,0,1,10,0,0,0,0.0,50,2.354264724999666,2.7810508152469993,2.8662150725722313,0,100
final_hybrid,2026086193,2,1,34.0,1.0,1,0,0,0,0,0,0,0.02,50,2.314267996698618,2.816743543371558,2.863737288862467,0,100
final_hybrid,2026086193,3,1,-8.0,2.5,0,0,0,0,0,0,0,0.0,50,2.322346605360508,2.8079553972929716,2.841551788151264,0,100
final_hybrid,2026086194,0,2,46.0,1.0,1,0,0,0,0,0,0,0.0,51,2.4279275470796753,2.9275084380060434,3.0653560534119606,0,102
final_hybrid,2026086194,1,2,-8.0,2.5,0,0,0,0,0,0,0,0.0,77,2.415784997502705,2.9650742188096046,3.3806958235800266,0,154
final_hybrid,2026086194,2,2,-29.0,3.0,0,0,0,0,0,0,0,0.0425531914893617,47,2.2902473846965647,2.6992435567080975,2.753620967268944,0,95
final_hybrid,2026086194,3,2,-8.0,2.5,0,0,0,0,0,0,0,0.0,63,2.3484673380615217,2.9220049269497395,2.9696612618863583,0,126
final_hybrid,2026086195,0,1,66.0,1.0,1,1,0,0,0,0,0,0.0,40,2.384238177910447,2.8789956122636795,3.34872305393219,0,79
final_hybrid,2026086195,1,1,-22.0,3.0,0,0,0,0,0,0,0,0.07692307692307693,39,2.2834485563903284,2.6414789259433746,2.692701295018196,0,79
final_hybrid,2026086195,2,1,-22.0,3.0,0,0,0,0,0,0,0,0.02564102564102564,39,2.308714740837996,2.758873300626874,2.8029042296111584,0,79
final_hybrid,2026086195,3,1,-18.0,4.0,0,0,1,10,0,0,0,0.0,33,2.333320522059997,2.851758524775505,2.905926201492548,0,66
final_hybrid,2026086196,0,0,33.0,1.0,1,0,0,0,0,0,0,0.057692307692307696,52,2.3672311889150968,2.6727922959253188,4.591090139001608,0,104
final_hybrid,2026086196,1,0,-8.0,2.5,0,0,0,0,0,0,0,0.0,52,2.364814756079935,2.8942208737134933,2.9990319162607193,0,104
final_hybrid,2026086196,2,0,-17.0,4.0,0,0,1,9,0,0,0,0.019230769230769232,52,2.3289521833738456,2.816122816875577,3.440023399889469,0,104
final_hybrid,2026086196,3,0,-8.0,2.5,0,0,0,0,0,0,0,0.038461538461538464,52,2.2473168254901585,2.5667250622063875,2.6024379767477512,0,104
final_hybrid,2026086197,0,1,-30.0,3.0,0,0,0,0,0,0,0,0.0967741935483871,31,2.3343697370540712,2.6271678507328033,2.825479954481125,0,63
final_hybrid,2026086197,1,1,-8.0,2.5,0,0,0,0,0,0,0,0.0,25,2.388474103063345,2.9116651974618435,2.9281480237841606,0,50
final_hybrid,2026086197,2,1,-16.0,4.0,0,0,1,8,0,0,0,0.0,25,2.327276151627302,2.8430516831576824,2.847198862582445,0,50
final_hybrid,2026086197,3,1,-8.0,2.5,0,0,0,0,0,0,0,0.0,25,2.311562243849039,2.8315506875514984,2.886784728616476,0,50
final_hybrid,2026086198,0,1,-8.0,2.5,0,0,0,0,0,0,0,0.0,47,2.3825874532315323,2.7544823475182056,2.8575416654348373,0,94
final_hybrid,2026086198,1,1,33.0,1.0,1,0,0,0,0,0,0,0.043478260869565216,23,2.37855120845463,2.873458946123719,2.916668076068163,0,46
final_hybrid,2026086198,2,1,-8.0,2.5,0,0,0,0,0,0,0,0.038461538461538464,52,2.341564279049635,2.8243334032595158,2.853856887668371,0,104
final_hybrid,2026086198,3,1,-8.0,2.5,0,0,0,0,0,0,0,0.0196078431372549,51,2.332806888529483,2.7998110745102167,2.985867206007242,0,102
final_hybrid,2026086199,0,0,-8.0,2.5,0,0,0,0,0,0,0,0.02702702702702703,37,2.374479584899303,2.8101052157580853,2.8259558603167534,0,74
final_hybrid,2026086199,1,0,33.0,1.0,1,0,0,0,0,0,0,0.10526315789473684,38,2.2925402797562513,2.6102468138560653,2.7157231234014034,0,76
final_hybrid,2026086199,2,0,57.0,1.0,1,1,0,0,0,0,0,0.06060606060606061,33,2.2965041271439106,2.683669328689575,3.116863314062357,0,65
final_hybrid,2026086199,3,0,-8.0,2.5,0,0,0,0,0,0,0,0.0,37,2.328031708964625,2.8621222823858257,2.9220650903880596,0,74
final_hybrid,2026086200,0,0,-18.0,4.0,0,0,1,10,0,0,0,0.0,39,2.400110463778942,2.7985136955976486,2.803230192512274,0,78
final_hybrid,2026086200,1,0,-20.0,3.0,0,0,0,0,0,0,0,0.01282051282051282,78,2.353912691036478,2.862344728782773,2.942688763141632,0,157
final_hybrid,2026086200,2,0,-8.0,2.5,0,0,0,0,0,0,0,0.024390243902439025,41,2.3258612491190434,2.7975011616945267,2.8365538455545902,0,82
final_hybrid,2026086200,3,0,34.0,1.0,1,0,0,0,0,0,0,0.043478260869565216,69,2.291990363079569,2.676486596465111,3.2400619238615036,0,138
final_hybrid,2026086201,0,1,-8.0,2.5,0,0,0,0,0,0,0,0.0,53,2.4200737265483387,2.9890849255025387,3.0958731658756733,0,106
final_hybrid,2026086201,1,1,-8.0,2.5,0,0,0,0,0,0,0,0.04,75,2.3152821324765682,2.6850267313420773,2.8781509026885033,0,150
final_hybrid,2026086201,2,1,34.0,1.0,1,0,0,0,0,0,0,0.012048192771084338,83,2.274882053978831,2.615938149392605,2.708498854190111,0,166
final_hybrid,2026086201,3,1,-23.0,4.0,0,0,1,15,0,0,0,0.03773584905660377,53,2.3179599171820677,2.7814804576337337,2.9406738467514515,0,106
final_hybrid,2026086202,0,0,-20.0,4.0,0,0,1,12,0,0,0,0.028985507246376812,69,2.375530713386294,2.755306102335453,2.8415140695869923,0,139
final_hybrid,2026086202,1,0,-18.0,3.0,0,0,0,0,0,0,0,0.021739130434782608,46,2.3697001920284135,2.8419154696166515,2.9359478503465652,0,93
final_hybrid,2026086202,2,0,0.0,2.5,0,0,0,0,0,1,1,0.0,86,2.3301591295315776,2.788292709738016,2.8401040472090244,0,172
final_hybrid,2026086202,3,0,-8.0,2.5,0,0,0,0,0,0,0,0.0,60,2.3282308597117662,2.8332586865872145,3.289230167865753,0,120
final_hybrid,2026086203,0,2,-8.0,2.5,0,0,0,0,0,0,0,0.025,40,2.3576308507472277,2.7888621436432004,2.8241900727152824,0,80
final_hybrid,2026086203,1,2,36.0,1.0,1,0,0,0,0,0,0,0.0,40,2.3351626587100327,2.808724343776703,2.8612962923943996,0,80
final_hybrid,2026086203,2,2,-8.0,2.5,0,0,0,0,0,0,0,0.05,40,2.2732459008693695,2.7480342658236623,2.7755871415138245,0,80
final_hybrid,2026086203,3,2,-20.0,4.0,0,0,1,12,0,0,0,0.0,40,2.3081070510670543,2.827658108435571,2.8362609446048737,0,80
final_hybrid,2026086204,0,3,-21.0,3.0,0,0,0,0,0,0,0,0.03333333333333333,30,2.3386897053569555,2.7724060229957104,2.825160976499319,0,61
final_hybrid,2026086204,1,3,-19.0,4.0,0,0,1,11,0,0,0,0.02564102564102564,39,2.299269386686576,2.7214594185352325,2.734006382524967,0,78
final_hybrid,2026086204,2,3,-17.0,4.0,0,0,1,9,0,0,0,0.07317073170731707,41,2.270322633770908,2.590675838291645,3.010030835866928,0,82
final_hybrid,2026086204,3,3,-17.0,3.0,0,0,0,0,0,0,0,0.06,50,2.2594941034913063,2.654588595032692,2.7639707550406456,0,101
final_hybrid,2026086205,0,2,-8.0,2.5,0,0,0,0,0,0,0,0.0,55,2.3719769225201826,2.851344598457217,3.0542388558387756,0,110
final_hybrid,2026086205,1,2,-8.0,2.5,0,0,0,0,0,0,0,0.021739130434782608,46,2.3340666970319073,2.6854262687265873,2.7134213596582413,0,92
final_hybrid,2026086205,2,2,-26.0,3.0,0,0,0,0,0,0,0,0.011764705882352941,85,2.322688660420039,2.7962948195636272,3.058169037103653,0,171
final_hybrid,2026086205,3,2,48.0,1.0,1,0,0,0,0,0,0,0.01818181818181818,55,2.338881545107473,2.9490855522453785,2.989164087921381,0,110
final_hybrid,2026086206,0,0,57.0,1.0,1,1,0,0,0,0,0,0.0,57,2.4196091189719082,3.062694240361452,3.1440071761608124,0,113
final_hybrid,2026086206,1,0,-8.0,2.5,0,0,0,0,0,0,0,0.03125,64,2.300884349097032,2.7771021239459515,3.0083018355071545,0,128
final_hybrid,2026086206,2,0,51.0,1.0,1,1,0,0,0,0,0,0.0,55,2.359666573730382,2.9649831354618073,3.072301857173443,0,109
final_hybrid,2026086206,3,0,-8.0,2.5,0,0,0,0,0,0,0,0.01639344262295082,61,2.3063133684460255,2.8376011177897453,2.971976064145565,0,122
final_hybrid,2026086207,0,3,-18.0,4.0,0,0,1,10,0,0,0,0.027777777777777776,36,2.3557206279494696,2.726081176660955,2.8091398999094963,0,72
final_hybrid,2026086207,1,3,-16.0,3.0,0,0,0,0,0,0,0,0.018518518518518517,54,2.3412713953466326,2.7298373635858297,2.734625246375799,0,108
final_hybrid,2026086207,2,3,44.0,1.0,1,0,0,0,0,0,0,0.038461538461538464,52,2.2692095953971148,2.697398304007947,2.7627251110970974,0,104
final_hybrid,2026086207,3,3,-16.0,4.0,0,0,1,8,0,0,0,0.05084745762711865,59,2.265903293707613,2.6288955472409725,2.783189993351698,0,119
final_hybrid,2026086208,0,0,-16.0,3.0,0,0,0,0,0,0,0,0.02702702702702703,74,2.344533530491832,2.668867167085409,2.9794592410326004,0,149
final_hybrid,2026086208,1,0,-32.0,4.0,0,0,1,24,0,0,0,0.015151515151515152,66,2.3426116430059527,2.836264786310494,2.907834015786648,0,132
final_hybrid,2026086208,2,0,-8.0,2.5,0,0,0,0,0,0,0,0.0,66,2.365137365731326,2.981496276333928,3.045652061700821,0,132
final_hybrid,2026086208,3,0,-16.0,3.0,0,0,0,0,0,0,0,0.0,74,2.6522482606909565,4.036304471082985,8.423686027526855,0,149
final_hybrid,2026086209,0,3,-8.0,2.5,0,0,0,0,0,0,0,0.019230769230769232,52,2.338602915048026,2.7189126005396247,2.7763270772993565,0,104
final_hybrid,2026086209,1,3,-19.0,4.0,0,0,1,11,0,0,0,0.0,50,2.335306480526924,2.7386302361264825,2.7597001753747463,0,100
final_hybrid,2026086209,2,3,66.0,1.0,1,1,0,0,0,0,0,0.0,50,2.3503766302019358,2.9695690609514713,3.202501218765974,0,99
final_hybrid,2026086209,3,3,-16.0,4.0,0,0,1,8,0,0,0,0.018518518518518517,54,2.2803381844251245,2.754887123592198,2.796449698507786,0,108
final_hybrid,2026086210,0,2,-8.0,2.5,0,0,0,0,0,0,0,0.0,49,2.4299304552224217,2.973296493291855,2.985707949846983,0,98
final_hybrid,2026086210,1,2,-19.0,4.0,0,0,1,11,0,0,0,0.0196078431372549,51,2.3507561041590046,2.768436213955283,3.5755853168666363,0,102
final_hybrid,2026086210,2,2,-18.0,4.0,0,0,1,10,0,0,0,0.03773584905660377,53,2.3192427613122284,2.829636540263891,2.849360927939415,0,106
final_hybrid,2026086210,3,2,34.0,1.0,1,0,0,0,0,0,0,0.04081632653061224,49,2.28971055689819,2.7643675915896893,2.823872957378626,0,98
final_hybrid,2026086211,0,2,37.0,1.0,1,0,0,0,0,0,0,0.0,50,2.407410144805908,2.930345246568322,2.959742210805416,0,100
final_hybrid,2026086211,1,2,-21.0,4.0,0,0,1,13,0,0,0,0.0,50,2.3422005586326122,2.790792193263769,2.793768420815468,0,100
final_hybrid,2026086211,2,2,-8.0,2.5,0,0,0,0,0,0,0,0.0,50,2.3158256616443396,2.777811186388135,3.294528927654028,0,100
final_hybrid,2026086211,3,2,-8.0,2.5,0,0,0,0,0,0,0,0.02,50,2.3451413214206696,2.9520342824980617,3.0085728503763676,0,100
final_hybrid,2026086212,0,1,-34.0,3.0,0,0,0,0,0,0,0,0.0,33,2.4009482850405304,2.8802812099456787,2.887172158807516,0,67
final_hybrid,2026086212,1,1,102.0,1.0,1,1,0,0,0,0,0,0.0,30,2.3121113112817206,2.7013166109099984,2.7153990231454372,0,59
final_hybrid,2026086212,2,1,-34.0,3.0,0,0,0,0,0,0,0,0.0,29,2.3322947933499156,2.80130784958601,3.329605795443058,0,59
final_hybrid,2026086212,3,1,-34.0,3.0,0,0,0,0,0,0,0,0.0,29,2.2996868938207626,2.7920066379010677,2.826279029250145,0,59
final_hybrid,2026086213,0,2,-8.0,2.5,0,0,0,0,0,0,0,0.03125,32,2.3786752863088623,2.818173123523593,2.9000728391110897,0,64
final_hybrid,2026086213,1,2,33.0,1.0,1,0,0,0,0,0,0,0.023255813953488372,43,2.3523614590251167,2.8837605845183134,2.8937743045389652,0,86
final_hybrid,2026086213,2,2,-8.0,2.5,0,0,0,0,0,0,0,0.0,38,2.3568911036770595,2.9784850543364882,3.4058289602398872,0,76
final_hybrid,2026086213,3,2,-8.0,2.5,0,0,0,0,0,0,0,0.021739130434782608,46,2.3127140517791975,2.8237683000043035,2.8599551878869534,0,92
final_hybrid,2026086214,0,2,-20.0,3.0,0,0,0,0,0,0,0,0.037037037037037035,81,2.36427270013977,2.7766129933297634,2.8004245832562447,0,163
final_hybrid,2026086214,1,2,-19.0,3.0,0,0,0,0,0,0,0,0.029850746268656716,67,2.3057161580159593,2.6949793566018343,2.790489699691534,0,135
final_hybrid,2026086214,2,2,32.0,1.0,1,0,0,0,0,0,0,0.0,50,2.347340676933527,2.9194048140197992,2.9465979896485806,0,100
final_hybrid,2026086214,3,2,-8.0,2.5,0,0,0,0,0,0,0,0.0,50,2.3596659488976,3.0093445209786296,3.072691150009632,0,100
final_hybrid,2026086215,0,2,-8.0,2.5,0,0,0,0,0,0,0,0.02857142857142857,35,2.342350102428879,2.713667089119553,2.8704479336738586,0,70
final_hybrid,2026086215,1,2,-8.0,2.5,0,0,0,0,0,0,0,0.03389830508474576,59,2.299591038628655,2.6765514630824327,2.7316459454596043,0,118
final_hybrid,2026086215,2,2,-25.0,3.0,0,0,0,0,0,0,0,0.021739130434782608,92,2.284403541125357,2.737310249358416,2.8849071823060513,0,185
final_hybrid,2026086215,3,2,-20.0,4.0,0,0,1,12,0,0,0,0.0,60,2.3291770989696183,2.89604386780411,2.935522235929966,0,120
final_hybrid,2026086216,0,3,-8.0,2.5,0,0,0,0,0,0,0,0.015151515151515152,66,2.359004451357054,2.7345857815817,2.8436658903956413,0,132
final_hybrid,2026086216,1,3,-17.0,4.0,0,0,1,9,0,0,0,0.016129032258064516,62,2.356342776047607,2.8930156026035547,3.1628930009901524,0,124
final_hybrid,2026086216,2,3,-8.0,2.5,0,0,0,0,0,0,0,0.0,62,2.2979783825576305,2.7114318450912833,2.7561290189623833,0,124
final_hybrid,2026086216,3,3,-33.0,4.0,0,0,1,25,0,0,0,0.0,32,2.3121883277781308,2.8034629998728633,2.8356732800602913,0,64
final_hybrid,2026086217,0,0,-22.0,4.0,0,0,1,14,0,0,0,0.041666666666666664,48,2.3480851280813417,2.694434905424714,2.7844225987792015,0,96
final_hybrid,2026086217,1,0,60.0,1.0,1,1,0,0,0,0,0,0.06666666666666667,45,2.2722871146268315,2.571832947432995,2.7100490406155586,0,89
final_hybrid,2026086217,2,0,-20.0,3.0,0,0,0,0,0,0,0,0.0,45,2.3158883675932884,2.857376169413328,2.893309108912945,0,91
final_hybrid,2026086217,3,0,-8.0,2.5,0,0,0,0,0,0,0,0.06818181818181818,44,2.2626818813891574,2.6523862034082413,2.7531799860298634,0,88
final_hybrid,2026086218,0,2,32.0,1.0,1,0,0,0,0,0,0,0.0,46,2.4209273979067802,3.0148978112265468,3.5265288315713406,0,92
final_hybrid,2026086218,1,2,-8.0,2.5,0,0,0,0,0,0,0,0.021739130434782608,46,2.28674553901605,2.6962090050801635,2.715030685067177,0,92
final_hybrid,2026086218,2,2,48.0,1.0,1,0,0,0,0,0,0,0.023809523809523808,42,2.284505504316517,2.7867190539836884,2.857469953596592,0,84
final_hybrid,2026086218,3,2,-8.0,2.5,0,0,0,0,0,0,0,0.047619047619047616,42,2.281526657974436,2.6569826994091272,2.7793319895863533,0,84
final_hybrid,2026086219,0,1,-17.0,4.0,0,0,1,9,0,0,0,0.024390243902439025,41,2.3672129141121374,2.791258040815592,2.904588356614113,0,82
final_hybrid,2026086219,1,1,33.0,1.0,1,0,0,0,0,0,0,0.07317073170731707,41,2.310167600559752,2.743224147707224,2.764331642538309,0,82
final_hybrid,2026086219,2,1,-17.0,4.0,0,0,1,9,0,0,0,0.05128205128205128,39,2.330472812247582,2.8693133033812046,2.9140859842300415,0,78
final_hybrid,2026086219,3,1,-8.0,2.5,0,0,0,0,0,0,0,0.0,41,2.31972695669023,2.897426951676607,2.986527979373932,0,82
final_hybrid,2026086220,0,0,-8.0,2.5,0,0,0,0,0,0,0,0.02,50,2.3395101074129343,2.686647488735616,2.8454596176743507,0,100
final_hybrid,2026086220,1,0,-8.0,2.5,0,0,0,0,0,0,0,0.0,50,2.3682051431387663,2.9777891701087356,3.10272304341197,0,100
final_hybrid,2026086220,2,0,-20.0,3.0,0,0,0,0,0,0,0,0.028169014084507043,71,2.2790854154023488,2.7293411549180746,2.7694539166986942,0,143
final_hybrid,2026086220,3,0,-21.0,4.0,0,0,1,13,0,0,0,0.021739130434782608,46,2.3438274637674508,2.8956319438293576,2.9155677184462547,0,92
final_hybrid,2026086221,0,2,36.0,1.0,1,0,0,0,0,0,0,0.05172413793103448,58,2.321572701350368,2.633214835077524,2.8368537314236164,0,116
final_hybrid,2026086221,1,2,-8.0,2.5,0,0,0,0,0,0,0,0.047619047619047616,42,2.3115855486442647,2.713532652705908,3.1329812481999397,0,84
final_hybrid,2026086221,2,2,-17.0,4.0,0,0,1,9,0,0,0,0.045454545454545456,44,2.2859183478761804,2.716381964273751,2.7504614554345608,0,88
final_hybrid,2026086221,3,2,-19.0,4.0,0,0,1,11,0,0,0,0.058823529411764705,34,2.264463370118071,2.7124463813379407,2.790967933833599,0,68
final_hybrid,2026086222,0,1,-8.0,2.5,0,0,0,0,0,0,0,0.017241379310344827,58,2.3604554268692075,2.7641729917377234,2.7891346253454685,0,116
final_hybrid,2026086222,1,1,-16.0,4.0,0,0,1,8,0,0,0,0.03389830508474576,59,2.312722434368679,2.748374175280332,3.2316381111741066,0,118
final_hybrid,2026086222,2,1,-16.0,4.0,0,0,1,8,0,0,0,0.034482758620689655,58,2.2773001632043,2.60423612780869,2.641052007675171,0,116
final_hybrid,2026086222,3,1,32.0,1.0,1,0,0,0,0,0,0,0.029411764705882353,68,2.3075048263896916,2.7975939447060227,3.2399818301200867,0,136
final_hybrid,2026086223,0,2,-8.0,2.5,0,0,0,0,0,0,0,0.047619047619047616,42,2.3345966002948226,2.5775921531021595,3.103950060904026,0,84
final_hybrid,2026086223,1,2,-16.0,4.0,0,0,1,8,0,0,0,0.021739130434782608,46,2.326036904655073,2.773153712041676,2.828235737979412,0,92
final_hybrid,2026086223,2,2,32.0,1.0,1,0,0,0,0,0,0,0.0,47,2.3153440808837717,2.8323677834123373,2.859072759747505,0,94
final_hybrid,2026086223,3,2,0.0,2.5,0,0,0,0,0,1,0,0.0,85,2.3520403486840866,2.9465642757713795,3.0792951583862305,0,170
final_hybrid,2026086224,0,1,-32.0,4.0,0,0,1,24,0,0,0,0.029411764705882353,34,2.3405297988039604,2.6517409365624185,2.7545783668756485,0,68
final_hybrid,2026086224,1,1,-24.0,4.0,0,0,1,16,0,0,0,0.012048192771084338,83,2.382772873683148,2.9722677543759346,3.477151971310377,0,166
final_hybrid,2026086224,2,1,0.0,2.5,0,0,0,0,0,1,1,0.0,87,2.3089234299700836,2.776432503014803,2.86340294405818,0,174
final_hybrid,2026086224,3,1,69.0,1.0,1,1,0,0,0,0,0,0.0,51,2.348249202922863,2.980462508276105,3.6226739175617695,0,101
final_hybrid,2026086225,0,0,-16.0,3.0,0,0,0,0,0,0,0,0.038461538461538464,52,2.3635482827488046,2.722388389520347,2.800658345222473,0,104
final_hybrid,2026086225,1,0,66.0,1.0,1,1,0,0,0,0,0,0.06,50,2.2995631117373705,2.7268079575151205,3.4645008854568005,0,100
final_hybrid,2026086225,2,0,-19.0,3.0,0,0,0,0,0,0,0,0.047619047619047616,42,2.294800676671522,2.653450728394091,3.034193068742752,0,85
final_hybrid,2026086225,3,0,-16.0,3.0,0,0,0,0,0,0,0,0.0,55,2.322836609726602,2.8224871959537268,2.9907869175076485,0,112
final_hybrid,2026086226,0,2,-8.0,2.5,0,0,0,0,0,0,0,0.06896551724137931,29,2.3389132532837063,2.7397342026233673,2.8164726682007313,0,58
final_hybrid,2026086226,1,2,-16.0,4.0,0,0,1,8,0,0,0,0.06896551724137931,29,2.3250035652569654,2.7530038729310036,3.1609516590833664,0,58
final_hybrid,2026086226,2,2,32.0,1.0,1,0,0,0,0,0,0,0.034482758620689655,29,2.3006629198789597,2.8493900783360004,2.9206243343651295,0,58
final_hybrid,2026086226,3,2,-8.0,2.5,0,0,0,0,0,0,0,0.034482758620689655,29,2.261359742360896,2.706344798207283,2.758908085525036,0,58
final_hybrid,2026086227,0,1,-8.0,2.5,0,0,0,0,0,0,0,0.0,30,2.4000772275030613,2.823022403754294,2.8687180019915104,0,60
final_hybrid,2026086227,1,1,-16.0,4.0,0,0,1,8,0,0,0,0.03333333333333333,30,2.3487857542932034,2.857433562166989,2.8762100264430046,0,60
final_hybrid,2026086227,2,1,-8.0,2.5,0,0,0,0,0,0,0,0.0,29,2.540190848682461,3.715163283050058,4.847138188779354,0,58
final_hybrid,2026086227,3,1,32.0,1.0,1,0,0,0,0,0,0,0.03333333333333333,30,2.2997694090008736,2.8330157976597548,2.8911391273140907,0,60
final_hybrid,2026086228,0,2,84.0,1.0,1,1,0,0,0,0,0,0.014705882352941176,68,2.38030545605237,2.849194942973554,3.102100919932127,0,135
final_hybrid,2026086228,1,2,34.0,1.0,1,0,0,0,0,0,0,0.029411764705882353,68,2.3051682818571435,2.606139937415719,3.560151904821396,0,136
final_hybrid,2026086228,2,2,-27.0,3.0,0,0,0,0,0,0,0,0.015384615384615385,65,2.330468652340082,2.8019106946885586,3.2060020603239536,0,131
final_hybrid,2026086228,3,2,-18.0,3.0,0,0,0,0,0,0,0,0.041666666666666664,48,2.27115215966478,2.604970382526517,2.842115703970194,0,97
final_hybrid,2026086229,0,2,-20.0,4.0,0,0,1,12,0,0,0,0.0,24,2.4005007192802927,2.8733103070408106,3.001454286277294,0,48
final_hybrid,2026086229,1,2,-21.0,3.0,0,0,0,0,0,0,0,0.05263157894736842,38,2.337774948069924,2.722471277229488,3.3241519704461098,0,77
final_hybrid,2026086229,2,2,-21.0,3.0,0,0,0,0,0,0,0,0.02631578947368421,38,2.3412474455605996,2.8439994668588042,3.4273467026650906,0,77
final_hybrid,2026086229,3,2,63.0,1.0,1,1,0,0,0,0,0,0.02564102564102564,39,2.304839280744394,2.8208917938172817,2.8621028177440166,0,77
final_hybrid,2026086230,0,0,-21.0,4.0,0,0,1,13,0,0,0,0.0547945205479452,73,2.326492500835902,2.662453707307576,2.948126755654812,0,146
final_hybrid,2026086230,1,0,-8.0,2.5,0,0,0,0,0,0,0,0.037037037037037035,54,2.2940970008709916,2.6933717308565974,2.7229678817093372,0,108
final_hybrid,2026086230,2,0,-8.0,2.5,0,0,0,0,0,0,0,0.0,33,2.321557960275448,2.8284380212426186,2.9128510504961014,0,66
final_hybrid,2026086230,3,0,-8.0,2.5,0,0,0,0,0,0,0,0.0,37,2.287863992859383,2.7462350204586983,2.7549206279218197,0,74
final_hybrid,2026086231,0,1,-8.0,2.5,0,0,0,0,0,0,0,0.0,39,2.3889650280276933,2.8587826527655125,2.982955891638994,0,78
final_hybrid,2026086231,1,1,-8.0,2.5,0,0,0,0,0,0,0,0.0196078431372549,51,2.3671010892619107,2.914044074714184,2.9411748982965946,0,102
final_hybrid,2026086231,2,1,-16.0,3.0,0,0,0,0,0,0,0,0.03571428571428571,56,2.2824666895238415,2.668638830073178,2.7976869605481625,0,113
final_hybrid,2026086231,3,1,36.0,1.0,1,0,0,0,0,0,0,0.0,43,2.3256106367118137,2.8074319008737803,2.8456738218665123,0,86
final_hybrid,2026086232,0,2,35.0,1.0,1,0,0,0,0,0,0,0.0,58,2.4115090852539085,2.954249456524849,2.9831421561539173,0,116
final_hybrid,2026086232,1,2,0.0,2.5,0,0,0,0,0,1,1,0.023255813953488372,86,2.334811870918371,2.7899628039449453,2.830300945788622,0,172
final_hybrid,2026086232,2,2,-18.0,3.0,0,0,0,0,0,0,0,0.017543859649122806,57,2.318777699480977,2.796129882335663,3.333582077175379,0,115
final_hybrid,2026086232,3,2,-8.0,2.5,0,0,0,0,0,0,0,0.03508771929824561,57,2.27115146423641,2.645009569823742,2.7627497911453247,0,114
final_hybrid,2026086233,0,2,34.0,1.0,1,0,0,0,0,0,0,0.0,60,2.4132216426854334,2.9281250666826963,2.990471664816141,0,120
final_hybrid,2026086233,1,2,32.0,1.0,1,0,0,0,0,0,0,0.04081632653061224,49,2.37317418451516,2.836089115589857,3.537127748131752,0,98
final_hybrid,2026086233,2,2,-8.0,2.5,0,0,0,0,0,0,0,0.03333333333333333,60,2.273843220124642,2.6162082562223077,2.727844752371311,0,120
final_hybrid,2026086233,3,2,-18.0,3.0,0,0,0,0,0,0,0,0.031746031746031744,63,2.321066704416086,2.7178178075701,3.223491832613945,0,127
final_hybrid,2026086234,0,3,38.0,1.0,1,0,0,0,0,0,0,0.0,27,2.398596835081224,2.960135880857706,3.091807011514902,0,54
final_hybrid,2026086234,1,3,51.0,1.0,1,1,0,0,0,0,0,0.08695652173913043,46,2.2694591898471117,2.5932335993275046,2.798839006572962,0,91
final_hybrid,2026086234,2,3,-21.0,4.0,0,0,1,13,0,0,0,0.027777777777777776,36,2.3179272215606437,2.8651190223172307,2.8782999143004417,0,72
final_hybrid,2026086234,3,3,38.0,1.0,1,0,0,0,0,0,0,0.06666666666666667,45,2.2864605507089033,2.705049887299537,2.78452318161726,0,90
final_hybrid,2026086235,0,3,-8.0,2.5,0,0,0,0,0,0,0,0.01818181818181818,55,2.380467417903922,2.6978662703186274,3.911412786692381,0,110
final_hybrid,2026086235,1,3,-8.0,2.5,0,0,0,0,0,0,0,0.0,36,2.3604513585774436,2.8649274026975036,3.2979901880025864,0,73
final_hybrid,2026086235,2,3,-8.0,2.5,0,0,0,0,0,0,0,0.02040816326530612,49,2.302996405609408,2.789879124611616,3.205768298357725,0,99
final_hybrid,2026086235,3,3,35.0,1.0,1,0,0,0,0,0,0,0.08108108108108109,37,2.2782289574073777,2.7147972024977203,3.0708061531186104,0,75
final_hybrid,2026086236,0,2,-18.0,3.0,0,0,0,0,0,0,0,0.0,25,2.515952717512846,3.0080169439315796,4.758577328175306,0,51
final_hybrid,2026086236,1,2,54.0,1.0,1,1,0,0,0,0,0,0.0,26,2.6550476367657003,3.7436896236613393,4.021667875349522,0,51
final_hybrid,2026086236,2,2,-18.0,3.0,0,0,0,0,0,0,0,0.0,25,2.5334724225103855,3.735220339149234,3.9725443348288536,0,51
final_hybrid,2026086236,3,2,-18.0,3.0,0,0,0,0,0,0,0,0.04,25,2.306524980813265,2.791169472038746,2.8062998317182064,0,51
final_hybrid,2026086237,0,2,33.0,1.0,1,0,0,0,0,0,0,0.03636363636363636,55,2.3776799355718223,2.7712113223969936,3.7836809642612934,0,110
final_hybrid,2026086237,1,2,72.0,1.0,1,1,0,0,0,0,0,0.018867924528301886,53,2.3940348347543545,2.8722609393298626,4.480751696974039,0,105
final_hybrid,2026086237,2,2,-24.0,3.0,0,0,0,0,0,0,0,0.019230769230769232,52,2.3454741682284155,2.8103015618398786,3.3064670860767365,0,105
final_hybrid,2026086237,3,2,-24.0,3.0,0,0,0,0,0,0,0,0.0,52,2.3446063636443935,2.876529796048999,2.8866371139883995,0,105
final_hybrid,2026086238,0,2,-16.0,4.0,0,0,1,8,0,0,0,0.017543859649122806,57,2.464563765546732,2.9988350346684456,3.7274230271577835,0,114
final_hybrid,2026086238,1,2,0.0,2.5,0,0,0,0,0,1,1,0.02247191011235955,89,2.3318023494120395,2.7730610221624374,2.8235758654773235,0,178
final_hybrid,2026086238,2,2,54.0,1.0,1,0,0,0,0,0,0,0.0,53,2.3249069509922333,2.7398917824029922,2.7564489282667637,0,106
final_hybrid,2026086238,3,2,32.0,1.0,1,0,0,0,0,0,0,0.03508771929824561,57,2.3373661301376525,2.748812455683946,3.486019093543291,0,114
final_hybrid,2026086239,0,0,54.0,1.0,1,1,0,0,0,0,0,0.03389830508474576,59,2.3965814577068314,2.839013561606406,3.7403027527034283,0,117
final_hybrid,2026086239,1,0,-8.0,2.5,0,0,0,0,0,0,0,0.05714285714285714,35,2.297877972679479,2.5949954520910974,2.7673807926476,0,70
final_hybrid,2026086239,2,0,-18.0,4.0,0,0,1,10,0,0,0,0.015151515151515152,66,2.335763289452051,2.7703100349754095,2.8238999657332897,0,132
final_hybrid,2026086239,3,0,-20.0,4.0,0,0,1,12,0,0,0,0.0,57,2.43409991819869,3.164486773312092,3.6328239366412163,0,114
final_hybrid,2026086240,0,0,-8.0,2.5,0,0,0,0,0,0,0,0.07142857142857142,42,2.3656211837771393,2.772505488246679,2.8312569484114647,0,84
final_hybrid,2026086240,1,0,-24.0,4.0,0,0,1,16,0,0,0,0.0,42,2.477362197602079,3.0867217341437936,3.1368350610136986,0,84
final_hybrid,2026086240,2,0,40.0,1.0,1,0,0,0,0,0,0,0.0,42,2.3433558443295106,2.8998373076319695,3.0698957853019238,0,84
final_hybrid,2026086240,3,0,-8.0,2.5,0,0,0,0,0,0,0,0.023809523809523808,42,2.370328631340748,2.781007927842438,4.500391893088818,0,84
final_hybrid,2026086241,0,1,-8.0,2.5,0,0,0,0,0,0,0,0.02531645569620253,79,2.3787931975307344,2.761272620409727,4.488365259021521,0,158
final_hybrid,2026086241,1,1,-16.0,4.0,0,0,1,8,0,0,0,0.034482758620689655,29,2.335630710525759,2.7370291762053967,2.747675869613886,0,58
final_hybrid,2026086241,2,1,-32.0,4.0,0,0,1,24,0,0,0,0.02631578947368421,38,2.310564422881917,2.7352564968168736,2.783621195703745,0,76
final_hybrid,2026086241,3,1,-8.0,2.5,0,0,0,0,0,0,0,0.013513513513513514,74,2.3218776426605277,2.849676529876888,2.933420706540346,0,148
final_hybrid,2026086242,0,2,-29.0,3.0,0,0,0,0,0,0,0,0.057692307692307696,52,2.340468210884585,2.68737378064543,2.8142197988927364,0,105
final_hybrid,2026086242,1,2,-29.0,3.0,0,0,0,0,0,0,0,0.05555555555555555,54,2.313466432193915,2.694188337773084,2.828040160238743,0,109
final_hybrid,2026086242,2,2,87.0,1.0,1,1,0,0,0,0,0,0.03636363636363636,55,2.300947963852774,2.703711437061429,3.1097386963665485,0,109
final_hybrid,2026086242,3,2,-29.0,3.0,0,0,0,0,0,0,0,0.019230769230769232,52,2.3233456483397346,2.8743618866428733,3.546537831425667,0,105
final_hybrid,2026086243,0,2,-8.0,2.5,0,0,0,0,0,0,0,0.0,38,2.4108724840181437,2.856804127804935,3.416195046156645,0,76
final_hybrid,2026086243,1,2,-20.0,4.0,0,0,1,12,0,0,0,0.043478260869565216,46,2.330204218868976,2.744106692261994,2.818204928189516,0,92
final_hybrid,2026086243,2,2,35.0,1.0,1,0,0,0,0,0,0,0.02631578947368421,38,2.3564052596492204,2.8653396293520927,3.0047958716750145,0,76
final_hybrid,2026086243,3,2,-8.0,2.5,0,0,0,0,0,0,0,0.0,38,2.3481615598460563,2.9319137800484896,3.012703265994787,0,76
final_hybrid,2026086244,0,1,84.0,1.0,1,1,0,0,0,0,0,0.043478260869565216,69,2.333180614463661,2.624234929680824,2.8654737398028374,0,137
final_hybrid,2026086244,1,1,-28.0,3.0,0,0,0,0,0,0,0,0.0,68,2.3624035803710712,2.8692293679341674,2.916257828474045,0,137
final_hybrid,2026086244,2,1,0.0,2.5,0,0,0,0,0,1,0,0.011764705882352941,85,2.3428975111421417,2.8242966160178185,2.972763031721115,0,170
final_hybrid,2026086244,3,1,-28.0,3.0,0,0,0,0,0,0,0,0.0,68,2.3581854423836752,2.908067754469812,2.946013119071722,0,137
final_hybrid,2026086245,0,3,-20.0,3.0,0,0,0,0,0,0,0,0.013333333333333334,75,2.388062191506227,2.7760826516896486,2.846613060683012,0,151
final_hybrid,2026086245,1,3,-8.0,2.5,0,0,0,0,0,0,0,0.0,49,2.380411786844536,2.9492166824638844,3.0087418854236603,0,98
final_hybrid,2026086245,2,3,-16.0,4.0,0,0,1,8,0,0,0,0.02040816326530612,49,2.3664477737430407,2.8917563147842884,3.1468700617551804,0,98
final_hybrid,2026086245,3,3,32.0,1.0,1,0,0,0,0,0,0,0.04081632653061224,49,2.331884150222248,2.828891295939684,2.951126080006361,0,98
final_hybrid,2026086246,0,3,-16.0,4.0,0,0,1,8,0,0,0,0.05660377358490566,53,2.3831693402860523,2.7665908448398113,2.8186640702188015,0,106
final_hybrid,2026086246,1,3,32.0,1.0,1,0,0,0,0,0,0,0.04918032786885246,61,2.303481101989746,2.6063979603350163,2.769620157778263,0,122
final_hybrid,2026086246,2,3,-8.0,2.5,0,0,0,0,0,0,0,0.04878048780487805,41,2.3130185493245357,2.6974650099873543,2.708838786929846,0,82
final_hybrid,2026086246,3,3,-8.0,2.5,0,0,0,0,0,0,0,0.04081632653061224,49,2.2945315862188536,2.6402028277516365,2.7993218973279,0,98
final_hybrid,2026086247,0,2,-8.0,2.5,0,0,0,0,0,0,0,0.0392156862745098,51,2.3880700544253286,2.80764396302402,2.8516938909888268,0,102
final_hybrid,2026086247,1,2,-18.0,4.0,0,0,1,10,0,0,0,0.024691358024691357,81,2.362224779287238,2.752989064902067,2.854716032743454,0,162
final_hybrid,2026086247,2,2,43.0,1.0,1,0,0,0,0,0,0,0.028169014084507043,71,2.309300962992957,2.7484900783747435,2.8201891109347343,0,142
final_hybrid,2026086247,3,2,-17.0,3.0,0,0,0,0,0,0,0,0.0,47,2.3448584957959806,2.914132457226515,3.164652269333601,0,95
final_hybrid,2026086248,0,0,-8.0,2.5,0,0,0,0,0,0,0,0.024390243902439025,41,2.36709453392683,2.7117407880723476,2.7599353343248367,0,82
final_hybrid,2026086248,1,0,57.0,1.0,1,1,0,0,0,0,0,0.016666666666666666,60,2.3689001255358257,2.7928368654102087,2.817939966917038,0,120
final_hybrid,2026086248,2,0,-31.0,3.0,0,0,0,0,0,0,0,0.0,80,2.3769682622514665,2.97106234356761,3.260138910263777,0,162
final_hybrid,2026086248,3,0,-30.0,4.0,0,0,1,22,0,0,0,0.0392156862745098,51,2.297448469143288,2.712190616875887,2.8493390418589115,0,102
final_hybrid,2026086249,0,2,-8.0,2.5,0,0,0,0,0,0,0,0.04081632653061224,49,2.346697386962419,2.6263424195349216,2.839162014424801,0,98
final_hybrid,2026086249,1,2,-8.0,2.5,0,0,0,0,0,0,0,0.04081632653061224,49,2.357875785733364,2.814880385994911,3.457855898886919,0,98
final_hybrid,2026086249,2,2,-17.0,4.0,0,0,1,9,0,0,0,0.02040816326530612,49,2.37402849241483,2.8962538577616215,3.3736592158675194,0,98
final_hybrid,2026086249,3,2,48.0,1.0,1,1,0,0,0,0,0,0.0,62,2.3568746964296987,2.9136985540390015,2.9857191257178783,0,123
final_hybrid,2026086250,0,2,-8.0,2.5,0,0,0,0,0,0,0,0.018518518518518517,54,2.374888320143024,2.7461876859888434,2.8368127532303333,0,108
final_hybrid,2026086250,1,2,-28.0,4.0,0,0,1,20,0,0,0,0.0,64,2.3579063490615226,2.7861355803906918,2.796837128698826,0,128
final_hybrid,2026086250,2,2,-16.0,3.0,0,0,0,0,0,0,0,0.03508771929824561,57,2.3127979795007327,2.677046600729227,2.746060024946928,0,115
final_hybrid,2026086250,3,2,41.0,1.0,1,0,0,0,0,0,0,0.0851063829787234,47,2.272336614972099,2.659327117726207,2.6735099963843822,0,94
final_hybrid,2026086251,0,3,-17.0,3.0,0,0,0,0,0,0,0,0.023255813953488372,43,2.3762922798998134,2.739112311974168,2.843440044671297,0,87
final_hybrid,2026086251,1,3,-19.0,3.0,0,0,0,0,0,0,0,0.029411764705882353,34,2.330953857916243,2.8180377557873726,2.8572073206305504,0,69
final_hybrid,2026086251,2,3,51.0,1.0,1,1,0,0,0,0,0,0.09090909090909091,44,2.292653344656256,2.7082503540441394,2.7339202351868153,0,87
final_hybrid,2026086251,3,3,-18.0,3.0,0,0,0,0,0,0,0,0.027777777777777776,36,2.3156172311347394,2.782408380880952,2.7967351488769054,0,73
final_hybrid,2026086252,0,2,-20.0,3.0,0,0,0,0,0,0,0,0.04054054054054054,74,2.36127881106694,2.681212010793388,2.829329576343298,0,149
final_hybrid,2026086252,1,2,-8.0,2.5,0,0,0,0,0,0,0,0.0,47,2.3455372417068228,2.7873027138412,2.819742076098919,0,94
final_hybrid,2026086252,2,2,32.0,1.0,1,0,0,0,0,0,0,0.02564102564102564,39,2.3381533340001717,2.788158319890499,3.1530973501503468,0,78
final_hybrid,2026086252,3,2,-18.0,3.0,0,0,0,0,0,0,0,0.0,51,2.3253872607122448,2.743832068517804,2.7518882416188717,0,103
final_hybrid,2026086253,0,2,-37.0,3.0,0,0,0,0,0,0,0,0.027777777777777776,72,2.3778770248302155,2.789083425886929,3.167634829878807,0,145
final_hybrid,2026086253,1,2,-8.0,2.5,0,0,0,0,0,0,0,0.036585365853658534,82,2.298543695360422,2.634869841858745,3.066516947001219,0,164
final_hybrid,2026086253,2,2,-8.0,2.5,0,0,0,0,0,0,0,0.0,46,2.3170459873812352,2.7297192718833685,2.7573686093091965,0,92
final_hybrid,2026086253,3,2,-16.0,4.0,0,0,1,8,0,0,0,0.09090909090909091,44,2.287099698812447,2.7216710383072495,2.809619065374136,0,88
final_hybrid,2026086254,0,0,0.0,2.5,0,0,0,0,0,1,1,0.011627906976744186,86,2.4033162504607857,2.8532217256724834,3.278648015111685,0,172
final_hybrid,2026086254,1,0,32.0,1.0,1,0,0,0,0,0,0,0.02702702702702703,74,2.3588246439357063,2.8835628647357225,2.942427061498165,0,147
final_hybrid,2026086254,2,0,-29.0,4.0,0,0,1,21,0,0,0,0.0,61,2.340477227126477,2.802819013595581,2.8399070724844933,0,122
final_hybrid,2026086254,3,0,0.0,2.5,0,0,0,0,0,1,0,0.023255813953488372,86,2.3106184279069653,2.716085989959538,2.7414304204285145,0,173
final_hybrid,2026086255,0,1,33.0,1.0,1,0,0,0,0,0,0,0.018867924528301886,53,2.400460442141542,2.8709473088383675,2.9116119258105755,0,106
final_hybrid,2026086255,1,1,-8.0,2.5,0,0,0,0,0,0,0,0.019230769230769232,52,2.371318701009911,2.8603098122403026,3.4086680971086025,0,104
final_hybrid,2026086255,2,1,33.0,1.0,1,0,0,0,0,0,0,0.05084745762711865,59,2.301876322697785,2.666135411709546,2.8119441121816635,0,118
final_hybrid,2026086255,3,1,0.0,2.5,0,0,0,0,0,1,0,0.0,86,2.380027944698583,2.996623399667442,3.139750100672245,0,172
final_hybrid,2026086256,0,3,10.0,2.0,0,0,0,0,0,0,0,0.03125,32,2.4161235050996765,2.8548163594678044,2.873396035283804,1,65
final_hybrid,2026086256,1,3,-8.0,2.5,0,0,0,0,0,0,0,0.018518518518518517,54,2.3797921215494475,2.8370278421789403,2.9138647951185703,0,108
final_hybrid,2026086256,2,3,10.0,2.0,0,0,0,0,0,0,0,0.0,32,2.350997572648339,2.887998311780393,2.90018692612648,1,65
final_hybrid,2026086256,3,3,-8.0,2.5,0,0,0,0,0,0,0,0.0,44,2.336377309719947,2.8124388307332993,2.9241000302135944,0,88
final_hybrid,2026086257,0,2,41.0,1.0,1,0,0,0,0,0,0,0.03773584905660377,53,2.352619991760771,2.66556516289711,2.884521149098873,0,106
final_hybrid,2026086257,1,2,-8.0,2.5,0,0,0,0,0,0,0,0.03278688524590164,61,2.352720004369001,2.757635898888111,2.783633302897215,0,122
final_hybrid,2026086257,2,2,-25.0,4.0,0,0,1,17,0,0,0,0.0,53,2.3453721407590047,2.837891038507223,2.873761113733053,0,106
final_hybrid,2026086257,3,2,-8.0,2.5,0,0,0,0,0,0,0,0.0,53,2.3555904626846313,2.939924132078886,2.9604327864944935,0,106
final_hybrid,2026086258,0,1,-19.0,4.0,0,0,1,11,0,0,0,0.0,51,2.4215800450274756,2.864442067220807,2.908776979893446,0,102
final_hybrid,2026086258,1,1,-8.0,2.5,0,0,0,0,0,0,0,0.03773584905660377,53,2.3411578270343116,2.8308854438364506,3.0480772256851196,0,106
final_hybrid,2026086258,2,1,-8.0,2.5,0,0,0,0,0,0,0,0.05263157894736842,57,2.279308305955247,2.6720438152551647,2.7884291484951973,0,114
final_hybrid,2026086258,3,1,-8.0,2.5,0,0,0,0,0,0,0,0.0,26,2.309299074113369,2.789617166854441,2.8119077906012535,0,52
final_hybrid,2026086259,0,1,34.0,1.0,1,0,0,0,0,0,0,0.09523809523809523,21,2.3557373233849095,2.644126769155264,2.843929920345545,0,42
final_hybrid,2026086259,1,1,-8.0,2.5,0,0,0,0,0,0,0,0.047619047619047616,21,2.35898249472181,2.716147806495428,2.932172268629074,0,42
final_hybrid,2026086259,2,1,-8.0,2.5,0,0,0,0,0,0,0,0.0,21,2.3523128059293543,2.902828622609377,2.9122629202902317,0,42
final_hybrid,2026086259,3,1,-18.0,4.0,0,0,1,10,0,0,0,0.0,21,2.313664404764062,2.881927415728569,2.9064216651022434,0,42
final_hybrid,2026086260,0,2,40.0,1.0,1,0,0,0,0,0,0,0.057692307692307696,52,2.379332588484081,2.713493374176323,2.8237123042345047,0,104
final_hybrid,2026086260,1,2,-8.0,2.5,0,0,0,0,0,0,0,0.0,54,2.4031589359596923,2.892332896590233,3.425147384405136,0,108
final_hybrid,2026086260,2,2,-8.0,2.5,0,0,0,0,0,0,0,0.0,44,2.366323902441019,2.9874334344640374,3.052897285670042,0,88
final_hybrid,2026086260,3,2,-8.0,2.5,0,0,0,0,0,0,0,0.0,27,2.34656837872333,2.852667821571231,3.470070194453001,0,54
final_hybrid,2026086261,0,1,-8.0,2.5,0,0,0,0,0,0,0,0.02857142857142857,35,2.391175726162536,2.858924912288785,2.89955735206604,0,70
final_hybrid,2026086261,1,1,40.0,1.0,1,0,0,0,0,0,0,0.0,35,2.3649224346237525,2.824842231348157,2.862419933080673,0,70
final_hybrid,2026086261,2,1,-24.0,4.0,0,0,1,16,0,0,0,0.0,35,2.357742190361023,2.864417899399996,2.8700698167085648,0,70
final_hybrid,2026086261,3,1,-8.0,2.5,0,0,0,0,0,0,0,0.0,35,2.333988648440157,2.8588006738573313,3.3702999353408813,0,70
final_hybrid,2026086262,0,1,-8.0,2.5,0,0,0,0,0,0,0,0.06666666666666667,15,2.356964939584335,2.7178920805454254,2.790896687656641,0,30
final_hybrid,2026086262,1,1,35.0,1.0,1,0,0,0,0,0,0,0.0,15,2.3557202890515327,2.872007992118597,2.8804028406739235,0,30
final_hybrid,2026086262,2,1,-19.0,4.0,0,0,1,11,0,0,0,0.0,15,2.3839060527582965,2.88874302059412,2.9914891347289085,0,30
final_hybrid,2026086262,3,1,-8.0,2.5,0,0,0,0,0,0,0,0.06666666666666667,15,2.250416111201048,2.649751817807555,2.6611308567225933,0,30
final_hybrid,2026086263,0,3,75.0,1.0,1,1,0,0,0,0,0,0.08823529411764706,34,2.325376235496472,2.623434760607779,2.741650678217411,0,67
final_hybrid,2026086263,1,3,-27.0,4.0,0,0,1,19,0,0,0,0.013333333333333334,75,2.3421149142086506,2.775493822991848,2.8279367834329605,0,151
final_hybrid,2026086263,2,3,-8.0,2.5,0,0,0,0,0,0,0,0.013333333333333334,75,2.319552240272363,2.816879888996482,2.859693020582199,0,151
final_hybrid,2026086263,3,3,-8.0,2.5,0,0,0,0,0,0,0,0.0,40,2.3283176589757204,2.8280693106353283,3.4074699506163597,0,80
final_hybrid,2026086264,0,1,0.0,2.5,0,0,0,0,0,1,0,0.0,85,2.3960332167060936,2.827058359980583,2.8475187718868256,0,170
final_hybrid,2026086264,1,1,-8.0,2.5,0,0,0,0,0,0,0,0.023529411764705882,85,2.3181173402596924,2.7546879835426807,2.844139002263546,0,170
final_hybrid,2026086264,2,1,-8.0,2.5,0,0,0,0,0,0,0,0.0,67,2.3241267998271913,2.9000967275351286,2.9829470440745354,0,134
final_hybrid,2026086264,3,1,-22.0,4.0,0,0,1,14,0,0,0,0.011764705882352941,85,2.2984545623116635,2.6629840955138206,3.2231169752776623,0,170
final_hybrid,2026086265,0,1,-17.0,3.0,0,0,0,0,0,0,0,0.018518518518518517,54,2.3630872903460705,2.7271077735349536,2.8120209462940693,0,109
final_hybrid,2026086265,1,1,-8.0,2.5,0,0,0,0,0,0,0,0.0273972602739726,73,2.321020961573271,2.7089356444776054,2.818761393427849,0,146
final_hybrid,2026086265,2,1,-17.0,3.0,0,0,0,0,0,0,0,0.018518518518518517,54,2.320131304225436,2.8222752967849374,3.3189933747053146,0,109
final_hybrid,2026086265,3,1,-17.0,3.0,0,0,0,0,0,0,0,0.037037037037037035,54,2.303302736469993,2.7093197917565703,2.7259783819317818,0,109
final_hybrid,2026086266,0,3,-8.0,2.5,0,0,0,0,0,0,0,0.022727272727272728,44,2.370637301778929,2.7897886000573635,2.807588316500187,0,88
final_hybrid,2026086266,1,3,-28.0,4.0,0,0,1,20,0,0,0,0.0,42,2.3660811906059585,2.809610078111291,2.8516831807792187,0,84
final_hybrid,2026086266,2,3,-8.0,2.5,0,0,0,0,0,0,0,0.045454545454545456,44,2.2958226988769392,2.7366264490410686,2.8032748959958553,0,88
final_hybrid,2026086266,3,3,45.0,1.0,1,0,0,0,0,0,0,0.0,44,2.3833352289247243,2.9892082093283534,3.488915041089058,0,88
final_hybrid,2026086267,0,3,-8.0,2.5,0,0,0,0,0,0,0,0.05555555555555555,54,2.3666467362393937,2.745498879812658,2.795219887048006,0,108
final_hybrid,2026086267,1,3,51.0,1.0,1,1,0,0,0,0,0,0.0,45,2.3666075844731598,2.9485990293323994,3.0929087661206722,0,89
final_hybrid,2026086267,2,3,-17.0,4.0,0,0,1,9,0,0,0,0.02564102564102564,39,2.325983168796087,2.760809799656272,2.76818685233593,0,78
final_hybrid,2026086267,3,3,-18.0,3.0,0,0,0,0,0,0,0,0.0,43,2.3096774293239726,2.7534947730600834,2.778350841253996,0,87
final_hybrid,2026086268,0,0,-8.0,2.5,0,0,0,0,0,0,0,0.03225806451612903,62,2.3868120305480494,2.7876058826223016,2.9534362256526947,0,124
final_hybrid,2026086268,1,0,-8.0,2.5,0,0,0,0,0,0,0,0.047619047619047616,21,2.3203824779817035,2.7318159118294716,2.8408276848495007,0,42
final_hybrid,2026086268,2,0,-8.0,2.5,0,0,0,0,0,0,0,0.0,21,2.3398259432897683,2.8194859623908997,2.830571960657835,0,42
final_hybrid,2026086268,3,0,37.0,1.0,1,0,0,0,0,0,0,0.0,21,2.347757529822134,2.9534208588302135,2.9859007336199284,0,42
final_hybrid,2026086269,0,3,-8.0,2.5,0,0,0,0,0,0,0,0.125,24,2.350978262256831,2.7898482745513316,3.001866862177849,0,48
final_hybrid,2026086269,1,3,-18.0,3.0,0,0,0,0,0,0,0,0.03571428571428571,28,2.3357479201097573,2.8051784029230475,2.8231600299477577,0,57
final_hybrid,2026086269,2,3,34.0,1.0,1,0,0,0,0,0,0,0.041666666666666664,24,2.298199998525282,2.676690323278308,2.6866337284445763,0,48
final_hybrid,2026086269,3,3,-18.0,3.0,0,0,0,0,0,0,0,0.03571428571428571,28,2.297980827279389,2.8236552141606808,2.8783483430743217,0,57
final_hybrid,2026086270,0,0,-8.0,2.5,0,0,0,0,0,0,0,0.017241379310344827,58,2.410754986942328,2.8701750561594963,3.3050011843442917,0,116
final_hybrid,2026086270,1,0,-8.0,2.5,0,0,0,0,0,0,0,0.0425531914893617,47,2.3311079043815743,2.7790458407253027,2.8482922352850437,0,94
final_hybrid,2026086270,2,0,-17.0,4.0,0,0,1,9,0,0,0,0.017241379310344827,58,2.346263363443572,2.836737735196948,3.2348898239433765,0,116
final_hybrid,2026086270,3,0,-8.0,2.5,0,0,0,0,0,0,0,0.0,48,2.372242946876213,2.922611148096621,3.052090760320425,0,96
final_hybrid,2026086271,0,0,-8.0,2.5,0,0,0,0,0,0,0,0.07142857142857142,42,2.378583386806505,2.774034789763391,3.1847390346229076,0,84
final_hybrid,2026086271,1,0,-18.0,4.0,0,0,1,10,0,0,0,0.038461538461538464,52,2.3542259318324237,2.846110030077398,2.8920890763401985,0,104
final_hybrid,2026086271,2,0,-17.0,4.0,0,0,1,9,0,0,0,0.0,42,2.3315095320521366,2.9108835151419044,3.0165896750986576,0,84
final_hybrid,2026086271,3,0,-8.0,2.5,0,0,0,0,0,0,0,0.043478260869565216,46,2.301937191868606,2.7470624772831798,2.789626829326153,0,92
final_hybrid,2026086272,0,0,-17.0,3.0,0,0,0,0,0,0,0,0.02702702702702703,37,2.3897853554100603,2.8339972719550133,2.854560036212206,0,75
final_hybrid,2026086272,1,0,34.0,1.0,1,0,0,0,0,0,0,0.0,29,2.36653385619665,2.91250916197896,2.935608848929405,0,58
final_hybrid,2026086272,2,0,-20.0,3.0,0,0,0,0,0,0,0,0.0,45,2.349492503950993,2.823620941489935,2.857106737792492,0,91
final_hybrid,2026086272,3,0,-8.0,2.5,0,0,0,0,0,0,0,0.0,31,2.419349211718767,2.8891440015286207,5.10405283421278,0,62
final_hybrid,2026086273,0,1,-8.0,2.5,0,0,0,0,0,0,0,0.05,40,2.3766218801029027,2.7701178332790732,2.838118001818657,0,80
final_hybrid,2026086273,1,1,-29.0,3.0,0,0,0,0,0,0,0,0.0,45,2.408881692422761,2.865815442055464,3.9008711464703083,0,91
final_hybrid,2026086273,2,1,-8.0,2.5,0,0,0,0,0,0,0,0.0,41,2.365143276841902,2.847200259566307,2.9368270188570023,0,82
final_hybrid,2026086273,3,1,-8.0,2.5,0,0,0,0,0,0,0,0.05,40,2.2781594772823155,2.6162433205172415,2.779692877084017,0,80
final_hybrid,2026086274,0,1,-8.0,2.5,0,0,0,0,0,0,0,0.028169014084507043,71,2.3913032926199302,2.8438654262572527,2.882034983485937,0,142
final_hybrid,2026086274,1,1,-33.0,4.0,0,0,1,25,0,0,0,0.028169014084507043,71,2.3518614930061386,2.7197732124477625,3.152464982122183,0,142
final_hybrid,2026086274,2,1,49.0,1.0,1,0,0,0,0,0,0,0.0,69,2.340125169712996,2.786180656403303,2.7948771603405476,0,138
final_hybrid,2026086274,3,1,-8.0,2.5,0,0,0,0,0,0,0,0.0,69,2.3372498664842998,2.8907179832458496,2.960636280477047,0,138
final_hybrid,2026086275,0,3,-8.0,2.5,0,0,0,0,0,0,0,0.01818181818181818,55,2.363905158232559,2.776746451854706,2.859734930098057,0,110
final_hybrid,2026086275,1,3,-8.0,2.5,0,0,0,0,0,0,0,0.01818181818181818,55,2.3211892524903472,2.702256664633751,2.7870931662619114,0,110
final_hybrid,2026086275,2,3,-8.0,2.5,0,0,0,0,0,0,0,0.05405405405405406,37,2.321919778714309,2.7487284503877163,3.374317195266485,0,74
final_hybrid,2026086275,3,3,-19.0,4.0,0,0,1,11,0,0,0,0.0,55,2.38373429429802,3.1561761628836393,3.2195420935750008,0,110
final_hybrid,2026086276,0,2,54.0,1.0,1,1,0,0,0,0,0,0.04878048780487805,41,2.3802869339905133,2.810691948980093,2.9527852311730385,0,81
final_hybrid,2026086276,1,2,33.0,1.0,1,0,0,0,0,0,0,0.0,32,2.366362663451582,2.8723011957481503,2.970297820866108,0,64
final_hybrid,2026086276,2,2,-18.0,3.0,0,0,0,0,0,0,0,0.0,40,2.3648942238651216,2.9062601970508695,2.9683392494916916,0,81
final_hybrid,2026086276,3,2,-18.0,3.0,0,0,0,0,0,0,0,0.025,40,2.2999607608653605,2.6468108408153057,2.649481873959303,0,81
final_hybrid,2026086277,0,3,-32.0,4.0,0,0,1,24,0,0,0,0.0,52,2.4053937612244716,2.798771718516946,3.3607976511120796,0,104
final_hybrid,2026086277,1,3,-8.0,2.5,0,0,0,0,0,0,0,0.0,52,2.3684675285879235,2.9113353230059147,2.968227956444025,0,104
final_hybrid,2026086277,2,3,-8.0,2.5,0,0,0,0,0,0,0,0.057692307692307696,52,2.276077069557057,2.7356449514627452,2.8190570883452892,0,104
final_hybrid,2026086277,3,3,48.0,1.0,1,0,0,0,0,0,0,0.0,52,2.3333887981537442,2.7825175086036325,2.802987117320299,0,104
final_hybrid,2026086278,0,0,54.0,1.0,1,1,0,0,0,0,0,0.04918032786885246,61,2.3369871797498134,2.734882291406393,2.851483877748251,0,121
final_hybrid,2026086278,1,0,-18.0,3.0,0,0,0,0,0,0,0,0.0,60,2.3563957385097942,2.800795645453036,2.8181159868836403,0,121
final_hybrid,2026086278,2,0,-18.0,3.0,0,0,0,0,0,0,0,0.0,60,2.3647761127601066,2.9669598676264286,3.001917153596878,0,121
final_hybrid,2026086278,3,0,-18.0,3.0,0,0,0,0,0,0,0,0.03333333333333333,60,2.305117171878616,2.6871441397815943,2.8268168680369854,0,121
final_hybrid,2026086279,0,0,-8.0,2.5,0,0,0,0,0,0,0,0.0,28,2.380436402745545,2.886934857815504,2.918252721428871,0,56
final_hybrid,2026086279,1,0,-18.0,3.0,0,0,0,0,0,0,0,0.030303030303030304,33,2.340413869894815,2.810927852988243,2.89103202521801,0,67
final_hybrid,2026086279,2,0,-8.0,2.5,0,0,0,0,0,0,0,0.08,25,2.302337270230055,2.699773851782083,2.742663025856018,0,50
final_hybrid,2026086279,3,0,-18.0,3.0,0,0,0,0,0,0,0,0.0,33,2.36798223164497,2.9929661191999912,3.070258069783449,0,67
final_hybrid,2026086280,0,0,32.0,1.0,1,0,0,0,0,0,0,0.02,50,2.3729747906327248,2.746360911987722,2.7907341718673706,0,100
final_hybrid,2026086280,1,0,-17.0,4.0,0,0,1,9,0,0,0,0.0,68,2.3813239052234327,2.920833509415388,3.4734918735921383,0,136
final_hybrid,2026086280,2,0,-8.0,2.5,0,0,0,0,0,0,0,0.014285714285714285,70,2.3107761184551885,2.7184723177924752,2.7900859713554382,0,140
final_hybrid,2026086280,3,0,0.0,2.5,0,0,0,0,0,1,1,0.012048192771084338,83,2.336243582687464,2.8601926751434803,2.966904081404209,0,166
final_hybrid,2026086281,0,3,-8.0,2.5,0,0,0,0,0,0,0,0.014705882352941176,68,2.4044069817618414,2.807755977846682,2.895408309996128,0,136
final_hybrid,2026086281,1,3,32.0,1.0,1,0,0,0,0,0,0,0.016666666666666666,60,2.3757432975495854,2.8897193958982825,2.937686163932085,0,120
final_hybrid,2026086281,2,3,0.0,2.5,0,0,0,0,0,1,0,0.0,85,2.3798890685772194,3.0016290955245495,3.1009139493107796,0,170
final_hybrid,2026086281,3,3,32.0,1.0,1,0,0,0,0,0,0,0.05555555555555555,54,2.271245294078081,2.642504870891571,2.6704766787588596,0,108
final_hybrid,2026086282,0,3,35.0,1.0,1,0,0,0,0,0,0,0.02564102564102564,78,2.3992169194687634,2.8503608424216504,2.899155020713806,0,156
final_hybrid,2026086282,1,3,-8.0,2.5,0,0,0,0,0,0,0,0.02531645569620253,79,2.325510959836501,2.697760472074151,2.7585108764469624,0,158
final_hybrid,2026086282,2,3,-24.0,3.0,0,0,0,0,0,0,0,0.0196078431372549,51,2.2970891521111425,2.6355083100497723,2.761532086879015,0,103
final_hybrid,2026086282,3,3,-18.0,3.0,0,0,0,0,0,0,0,0.0,66,2.435927688511032,3.1575774773955345,3.217217978090048,0,133
final_hybrid,2026086283,0,1,-8.0,2.5,0,0,0,0,0,0,0,0.014285714285714285,70,2.371189124616129,2.7408908121287823,2.8092358261346817,0,140
final_hybrid,2026086283,1,1,0.0,2.5,0,0,0,0,0,1,0,0.0,84,2.3762459944312773,2.8389115119352937,3.061007708311081,0,168
final_hybrid,2026086283,2,1,63.0,1.0,1,1,0,0,0,0,0,0.04918032786885246,61,2.2843159338245624,2.6389998383820057,2.789146266877651,0,121
final_hybrid,2026086283,3,1,-18.0,3.0,0,0,0,0,0,0,0,0.05263157894736842,57,2.3405207647827635,2.797710709273815,4.463989287614822,0,115
final_hybrid,2026086284,0,3,-8.0,2.5,0,0,0,0,0,0,0,0.043478260869565216,46,2.364058320855965,2.7704796520993114,2.843364141881466,0,92
final_hybrid,2026086284,1,3,-8.0,2.5,0,0,0,0,0,0,0,0.021739130434782608,46,2.377318400565697,2.91018292773515,2.965501043945551,0,92
final_hybrid,2026086284,2,3,-16.0,4.0,0,0,1,8,0,0,0,0.043478260869565216,46,2.3520347034639637,2.791205421090126,3.3323438838124275,0,92
final_hybrid,2026086284,3,3,32.0,1.0,1,0,0,0,0,0,0,0.021739130434782608,46,2.318286630527481,2.74861475918442,2.8252541087567806,0,92
final_hybrid,2026086285,0,0,57.0,1.0,1,1,0,0,0,0,0,0.013888888888888888,72,2.3810533974837096,2.795891324058175,2.8361892327666283,0,143
final_hybrid,2026086285,1,0,-16.0,3.0,0,0,0,0,0,0,0,0.0,77,2.3983833259092524,2.8808574192225933,3.1495089642703533,0,155
final_hybrid,2026086285,2,0,60.0,1.0,1,1,0,0,0,0,0,0.0,66,2.4067428682676772,3.007351653650403,4.083886276930571,0,131
final_hybrid,2026086285,3,0,32.0,1.0,1,0,0,0,0,0,0,0.02702702702702703,74,2.322792327283202,2.798048499971628,2.8452728874981403,0,148
final_hybrid,2026086286,0,0,-17.0,4.0,0,0,1,9,0,0,0,0.043478260869565216,69,2.358396564596805,2.7526874095201492,2.8146267868578434,0,138
final_hybrid,2026086286,1,0,-21.0,3.0,0,0,0,0,0,0,0,0.02,50,2.4065657425671816,2.8140095295384526,3.8305227644741535,0,101
final_hybrid,2026086286,2,0,63.0,1.0,1,1,0,0,0,0,0,0.02127659574468085,47,2.3273545753290046,2.8231076430529356,3.1953826546669006,0,93
final_hybrid,2026086286,3,0,40.0,1.0,1,0,0,0,0,0,0,0.0,55,2.3641664534807205,2.8995840810239315,2.9920819215476513,0,110
final_hybrid,2026086287,0,0,-21.0,3.0,0,0,0,0,0,0,0,0.0,63,2.431944995704624,2.972827712073922,3.0223079957067966,0,127
final_hybrid,2026086287,1,0,-37.0,3.0,0,0,0,0,0,0,0,0.047619047619047616,42,2.3466317714857206,2.746047475375235,3.4883199259638786,0,85
final_hybrid,2026086287,2,0,36.0,1.0,1,0,0,0,0,0,0,0.047619047619047616,42,2.3569453928974413,2.7800184674561024,3.1148502603173256,0,84
final_hybrid,2026086287,3,0,41.0,1.0,1,0,0,0,0,0,0,0.06779661016949153,59,2.3530089548962603,2.803919371217489,3.8298736326396465,0,118
final_hybrid,2026086288,0,2,57.0,1.0,1,1,0,0,0,0,0,0.045454545454545456,44,2.4241215697574345,2.8295899042859674,4.28050896152854,0,87
final_hybrid,2026086288,1,2,48.0,1.0,1,0,0,0,0,0,0,0.0,41,2.362608160005837,2.7972888201475143,2.984211314469576,0,82
final_hybrid,2026086288,2,2,-17.0,3.0,0,0,0,0,0,0,0,0.02857142857142857,35,2.3336000740528107,2.7496688067913055,3.4308787435293198,0,71
final_hybrid,2026086288,3,2,-17.0,3.0,0,0,0,0,0,0,0,0.0,35,2.3359732569328377,2.7536223642528057,2.7700127102434635,0,71
final_hybrid,2026086289,0,3,-17.0,3.0,0,0,0,0,0,0,0,0.0,24,2.4471661696831384,2.8858931735157967,2.8938939794898033,0,49
final_hybrid,2026086289,1,3,-17.0,3.0,0,0,0,0,0,0,0,0.0,24,2.4060255576235554,2.8760619927197695,3.287181258201599,0,49
final_hybrid,2026086289,2,3,51.0,1.0,1,1,0,0,0,0,0,0.04,25,2.3586098849773407,2.9769871383905406,3.099573776125908,0,49
final_hybrid,2026086289,3,3,-17.0,3.0,0,0,0,0,0,0,0,0.041666666666666664,24,2.3291976346323886,2.6481828186661005,2.8015743009746075,0,49
final_hybrid,2026086290,0,3,41.0,1.0,1,0,0,0,0,0,0,0.02531645569620253,79,2.395476456260002,2.8417172376066446,3.963518887758255,0,158
final_hybrid,2026086290,1,3,36.0,1.0,1,0,0,0,0,0,0,0.017241379310344827,58,2.3766255953573974,2.852625446394086,3.6474778316915035,0,116
final_hybrid,2026086290,2,3,37.0,1.0,1,0,0,0,0,0,0,0.03225806451612903,31,2.3159020159754062,2.802504226565361,2.8122072108089924,0,62
final_hybrid,2026086290,3,3,-29.0,3.0,0,0,0,0,0,0,0,0.0784313725490196,51,2.3210663531048623,2.5969522539526224,3.601300995796919,0,103
final_hybrid,2026086291,0,1,33.0,1.0,1,0,0,0,0,0,0,0.03896103896103896,77,2.372628108102393,2.670655492693186,3.649950958788395,0,154
final_hybrid,2026086291,1,1,0.0,2.5,0,0,0,0,0,1,0,0.0,81,2.4158898051138276,3.0320328660309315,3.0920100398361683,0,162
final_hybrid,2026086291,2,1,-19.0,4.0,0,0,1,11,0,0,0,0.0392156862745098,51,2.3283327692279627,2.8031128458678722,2.8913309797644615,0,102
final_hybrid,2026086291,3,1,-8.0,2.5,0,0,0,0,0,0,0,0.025974025974025976,77,2.325313450018694,2.7831420302391052,3.4160171635448933,0,154
final_hybrid,2026086292,0,3,-17.0,4.0,0,0,1,9,0,0,0,0.03773584905660377,53,2.37671845539842,2.7720496989786625,2.8195814229547977,0,106
final_hybrid,2026086292,1,3,-8.0,2.5,0,0,0,0,0,0,0,0.03773584905660377,53,2.3256490745072096,2.686666790395975,2.7040312997996807,0,106
final_hybrid,2026086292,2,3,33.0,1.0,1,0,0,0,0,0,0,0.0,53,2.381654421113572,2.9830681160092354,3.097197972238064,0,106
final_hybrid,2026086292,3,3,-8.0,2.5,0,0,0,0,0,0,0,0.018867924528301886,53,2.320542088094747,2.791726775467396,2.832039725035429,0,106
final_hybrid,2026086293,0,2,-21.0,3.0,0,0,0,0,0,0,0,0.05555555555555555,54,2.390175204103192,2.7627172181382766,2.874249592423439,0,110
final_hybrid,2026086293,1,2,34.0,1.0,1,0,0,0,0,0,0,0.016666666666666666,60,2.3709382473801575,2.7899851789698005,3.3703469671308994,0,119
final_hybrid,2026086293,2,2,-22.0,4.0,0,0,1,14,0,0,0,0.023809523809523808,42,2.328670373009074,2.8409336460754275,2.9076063074171543,0,85
final_hybrid,2026086293,3,2,-8.0,2.5,0,0,0,0,0,0,0,0.047619047619047616,42,2.299195255285927,2.709685266017914,2.795281819999218,0,85
final_hybrid,2026086294,0,2,-16.0,4.0,0,0,1,8,0,0,0,0.014492753623188406,69,2.3958971251504146,2.7908669784665108,2.8214091435074806,0,138
final_hybrid,2026086294,1,2,35.0,1.0,1,0,0,0,0,0,0,0.019230769230769232,52,2.352546900510788,2.8023060876876116,3.398628905415535,0,104
final_hybrid,2026086294,2,2,-8.0,2.5,0,0,0,0,0,0,0,0.019230769230769232,52,2.3085316195367622,2.6986817829310894,2.744148951023817,0,104
final_hybrid,2026086294,3,2,33.0,1.0,1,0,0,0,0,0,0,0.038461538461538464,52,2.3062198619859724,2.738165715709328,2.816088031977415,0,104
final_hybrid,2026086295,0,2,-8.0,2.5,0,0,0,0,0,0,0,0.02631578947368421,38,2.372474287097391,2.7355853468179703,2.8512892313301563,0,76
final_hybrid,2026086295,1,2,43.0,1.0,1,0,0,0,0,0,0,0.02127659574468085,47,2.37031272077497,2.8706566896289587,2.937033772468567,0,94
final_hybrid,2026086295,2,2,-8.0,2.5,0,0,0,0,0,0,0,0.0,38,2.353363890985125,2.856350294314325,2.9641478322446346,0,76
final_hybrid,2026086295,3,2,33.0,1.0,1,0,0,0,0,0,0,0.02631578947368421,38,2.3197106845480833,2.7717755176126957,2.8338017873466015,0,76
final_hybrid,2026086296,0,0,-8.0,2.5,0,0,0,0,0,0,0,0.025,40,2.4095909320749342,2.916523814201355,2.9336288571357727,0,80
final_hybrid,2026086296,1,0,-20.0,4.0,0,0,1,12,0,0,0,0.0,38,2.392690334665148,2.8651245404034853,2.887692768126726,0,76
final_hybrid,2026086296,2,0,36.0,1.0,1,0,0,0,0,0,0,0.0,40,2.3936862940900028,2.9266961151733994,3.0124643817543983,0,80
final_hybrid,2026086296,3,0,-20.0,4.0,0,0,1,12,0,0,0,0.0,36,2.3359635249815054,2.806847682222724,2.8278380632400513,0,72
final_hybrid,2026086297,0,1,54.0,1.0,1,1,0,0,0,0,0,0.017857142857142856,56,2.39570699133245,2.838546293787658,2.894781995564699,0,112
final_hybrid,2026086297,1,1,-17.0,4.0,0,0,1,9,0,0,0,0.02702702702702703,37,2.3740070016198866,2.831823658198118,2.8606816194951534,0,74
final_hybrid,2026086297,2,1,-18.0,3.0,0,0,0,0,0,0,0,0.0,55,2.3738893764940174,2.901121648028493,3.346248995512724,0,112
final_hybrid,2026086297,3,1,-18.0,3.0,0,0,0,0,0,0,0,0.03571428571428571,56,2.306059851045055,2.6447701966390014,2.6682280004024506,0,112
final_hybrid,2026086298,0,3,-8.0,2.5,0,0,0,0,0,0,0,0.04,75,2.374163487305244,2.7137306984514,2.903970889747143,0,150
final_hybrid,2026086298,1,3,-8.0,2.5,0,0,0,0,0,0,0,0.0136986301369863,73,2.372573939955806,2.84623596817255,3.3368412405252457,0,146
final_hybrid,2026086298,2,3,32.0,1.0,1,0,0,0,0,0,0,0.015151515151515152,66,2.3799453100020234,2.9391017742455006,3.441913053393364,0,132
final_hybrid,2026086298,3,3,40.0,1.0,1,0,0,0,0,0,0,0.0,73,2.3561357839466774,2.9068373143672943,2.937335055321455,0,146
final_hybrid,2026086299,0,0,33.0,1.0,1,0,0,0,0,0,0,0.04878048780487805,41,2.3344328467984026,2.5768987834453583,2.763085998594761,0,82
final_hybrid,2026086299,1,0,-8.0,2.5,0,0,0,0,0,0,0,0.024390243902439025,41,2.355930406781958,2.7928417548537254,2.817257773131132,0,82
final_hybrid,2026086299,2,0,-8.0,2.5,0,0,0,0,0,0,0,0.0,37,2.3426202981657274,2.782733738422394,2.8089038096368313,0,74
final_hybrid,2026086299,3,0,-17.0,4.0,0,0,1,9,0,0,0,0.024390243902439025,41,2.3196872164745157,2.8030709363520145,2.8326939791440964,0,82
final_hybrid,2026086300,0,3,0.0,2.5,0,0,0,0,0,1,0,0.012195121951219513,82,2.3922648326289364,2.781269932165742,2.8561661019921303,0,164
final_hybrid,2026086300,1,3,-33.0,3.0,0,0,0,0,0,0,0,0.0,69,2.3924153352129287,2.88227004930377,3.0334950424730778,0,139
final_hybrid,2026086300,2,3,-8.0,2.5,0,0,0,0,0,0,0,0.0,72,2.3596608079969883,2.9038176871836185,2.950382884591818,0,144
final_hybrid,2026086300,3,3,0.0,2.5,0,0,0,0,0,1,1,0.023809523809523808,84,2.306303663534068,2.7368003502488136,2.7738353237509727,0,168
final_hybrid,2026086301,0,1,32.0,1.0,1,0,0,0,0,0,0,0.04878048780487805,41,2.3786730541870362,2.738947980105877,2.8372872620821,0,82
final_hybrid,2026086301,1,1,-8.0,2.5,0,0,0,0,0,0,0,0.024390243902439025,41,2.351341530589796,2.792579121887684,2.831163816154003,0,82
final_hybrid,2026086301,2,1,-8.0,2.5,0,0,0,0,0,0,0,0.0,41,2.3657872750446565,2.9015778563916683,2.9410701245069504,0,82
final_hybrid,2026086301,3,1,-16.0,4.0,0,0,1,8,0,0,0,0.06060606060606061,33,2.2887238442446245,2.639375440776348,2.6474539190530777,0,66
final_hybrid,2026086302,0,1,-8.0,2.5,0,0,0,0,0,0,0,0.06896551724137931,29,2.370552850309117,2.742538321763277,2.8651361353695393,0,58
final_hybrid,2026086302,1,1,-8.0,2.5,0,0,0,0,0,0,0,0.0,29,2.3471006866672943,2.8184007853269577,2.858965191990137,0,58
final_hybrid,2026086302,2,1,-19.0,4.0,0,0,1,11,0,0,0,0.0,29,2.3667883641760925,2.9074694961309433,3.006456885486841,0,58
final_hybrid,2026086302,3,1,35.0,1.0,1,0,0,0,0,0,0,0.06896551724137931,29,2.294510249690763,2.6901028119027615,2.781825140118599,0,58
final_hybrid,2026086303,0,2,-20.0,4.0,0,0,1,12,0,0,0,0.06976744186046512,43,2.3548802750748257,2.632077317684889,2.970544621348381,0,87
final_hybrid,2026086303,1,2,-22.0,3.0,0,0,0,0,0,0,0,0.03508771929824561,57,2.3449519649147987,2.7246296405792236,3.1835311092436314,0,114
final_hybrid,2026086303,2,2,-8.0,2.5,0,0,0,0,0,0,0,0.023255813953488372,43,2.345709260119948,2.943903813138604,2.997778356075287,0,87
final_hybrid,2026086303,3,2,-8.0,2.5,0,0,0,0,0,0,0,0.0,43,2.3324310368056906,2.9002564027905464,2.941013313829899,0,87
final_hybrid,2026086304,0,1,32.0,1.0,1,0,0,0,0,0,0,0.017857142857142856,56,2.4094016490770236,2.861390123143792,3.2679769210517406,0,112
final_hybrid,2026086304,1,1,-16.0,3.0,0,0,0,0,0,0,0,0.02857142857142857,70,2.308827572103058,2.6798025937750936,2.7152588590979576,0,141
final_hybrid,2026086304,2,1,-16.0,4.0,0,0,1,8,0,0,0,0.0,33,2.4321752487484254,3.13833812251687,3.4732529893517494,0,66
final_hybrid,2026086304,3,1,-16.0,3.0,0,0,0,0,0,0,0,0.0,70,2.336720111114638,2.8315564384683967,2.8612157329916954,0,141
final_hybrid,2026086305,0,2,33.0,1.0,1,0,0,0,0,0,0,0.01818181818181818,55,2.401268600740216,2.8375120367854834,2.949515823274851,0,110
final_hybrid,2026086305,1,2,-8.0,2.5,0,0,0,0,0,0,0,0.0,55,2.4014621803706344,2.9044004157185555,2.959522884339094,0,110
final_hybrid,2026086305,2,2,-17.0,4.0,0,0,1,9,0,0,0,0.0,55,2.4261303161355583,3.1899325549602504,3.5087759606540203,0,110
final_hybrid,2026086305,3,2,-8.0,2.5,0,0,0,0,0,0,0,0.03636363636363636,55,2.3312205194749613,2.801287127658725,2.901586703956127,0,110
final_hybrid,2026086306,0,0,-19.0,4.0,0,0,1,11,0,0,0,0.0,45,2.465950728704532,3.0075691640377045,3.613363951444626,0,90
final_hybrid,2026086306,1,0,35.0,1.0,1,0,0,0,0,0,0,0.022222222222222223,45,2.3360807448625565,2.7374813333153725,2.827404998242855,0,90
final_hybrid,2026086306,2,0,-8.0,2.5,0,0,0,0,0,0,0,0.0,45,2.330730938249164,2.8388225473463535,2.8605991974473,0,90
final_hybrid,2026086306,3,0,-29.0,3.0,0,0,0,0,0,0,0,0.0,52,2.3331955845396104,2.813452575355768,2.896837890148163,0,105
final_hybrid,2026086307,0,2,66.0,1.0,1,1,0,0,0,0,0,0.01694915254237288,59,2.403016478391522,2.8200949542224407,2.8915959410369396,0,117
final_hybrid,2026086307,1,2,-22.0,3.0,0,0,0,0,0,0,0,0.0,54,2.3845022596004934,2.8436972061172128,3.3426457084715366,0,109
final_hybrid,2026086307,2,2,33.0,1.0,1,0,0,0,0,0,0,0.0,85,2.3300336892990505,2.790543343871832,2.971217967569828,0,170
final_hybrid,2026086307,3,2,-22.0,3.0,0,0,0,0,0,0,0,0.03389830508474576,59,2.309595905560053,2.7234653476625676,2.815722022205591,0,119
final_hybrid,2026086308,0,0,49.0,1.0,1,0,0,0,0,0,0,0.0,78,2.4008905240453973,2.793683623895049,2.8220675885677338,0,156
final_hybrid,2026086308,1,0,-8.0,2.5,0,0,0,0,0,0,0,0.025,40,2.3399032070301473,2.6759119238704443,2.709711901843548,0,80
final_hybrid,2026086308,2,0,-16.0,4.0,0,0,1,8,0,0,0,0.0,36,2.3408999485481115,2.839001128450036,2.8627500869333744,0,72
final_hybrid,2026086308,3,0,-8.0,2.5,0,0,0,0,0,0,0,0.022727272727272728,44,2.3461637743325396,3.0112905660644174,3.050148021429777,0,88
final_hybrid,2026086309,0,1,0.0,2.5,0,0,0,0,0,1,1,0.03571428571428571,84,2.3727792459318326,2.795047196559608,2.926166169345379,0,168
final_hybrid,2026086309,1,1,-16.0,3.0,0,0,0,0,0,0,0,0.05333333333333334,75,2.327310728530089,2.66317892819643,2.768843900412321,0,152
final_hybrid,2026086309,2,1,-8.0,2.5,0,0,0,0,0,0,0,0.0,67,2.3704914501242675,2.8599210549145937,3.4423801116645336,0,134
final_hybrid,2026086309,3,1,37.0,1.0,1,0,0,0,0,0,0,0.014285714285714285,70,2.342567273548671,2.8174467151984572,3.2486259005963802,0,140
final_hybrid,2026086310,0,3,51.0,1.0,1,1,0,0,0,0,0,0.030303030303030304,33,2.3709487480421862,2.7955738827586174,2.8462521731853485,0,65
final_hybrid,2026086310,1,3,-16.0,4.0,0,0,1,8,0,0,0,0.0,30,2.388083500166734,2.7924137888476253,2.832585945725441,0,60
final_hybrid,2026086310,2,3,-17.0,3.0,0,0,0,0,0,0,0,0.0,32,2.381133905146271,2.879976015537977,3.458987921476364,0,65
final_hybrid,2026086310,3,3,-17.0,3.0,0,0,0,0,0,0,0,0.0625,32,2.3336048325290903,2.8500552056357265,2.880234271287918,0,65
final_hybrid,2026086311,0,2,-19.0,4.0,0,0,1,11,0,0,0,0.025,40,2.3987348075024784,2.819330198690295,2.8771799989044666,0,80
final_hybrid,2026086311,1,2,-8.0,2.5,0,0,0,0,0,0,0,0.05128205128205128,39,2.332572920773274,2.8068188577890396,2.8513940051198006,0,78
final_hybrid,2026086311,2,2,35.0,1.0,1,0,0,0,0,0,0,0.0,44,2.40668186663904,3.047314425930381,3.095163032412529,0,88
final_hybrid,2026086311,3,2,-16.0,3.0,0,0,0,0,0,0,0,0.0,45,2.3635878124170833,2.9812216758728027,3.01870284602046,0,91
final_hybrid,2026086312,0,2,-8.0,2.5,0,0,0,0,0,0,0,0.05454545454545454,55,2.341867373748259,2.6622467674314976,2.8232447803020477,0,110
final_hybrid,2026086312,1,2,35.0,1.0,1,0,0,0,0,0,0,0.021739130434782608,46,2.349472594568911,2.7984633343294263,2.8685959987342358,0,92
final_hybrid,2026086312,2,2,-8.0,2.5,0,0,0,0,0,0,0,0.0,46,2.356838364073116,2.9642562149092555,3.147719893604517,0,92
final_hybrid,2026086312,3,2,-8.0,2.5,0,0,0,0,0,0,0,0.043478260869565216,46,2.3122931142216143,2.8096456080675125,2.834875136613846,0,92
final_hybrid,2026086313,0,3,-33.0,3.0,0,0,0,0,0,0,0,0.047619047619047616,42,2.4075301231018136,2.840628637932241,2.902681939303875,0,86
final_hybrid,2026086313,1,3,-33.0,3.0,0,0,0,0,0,0,0,0.023809523809523808,42,2.375522473206123,2.9217828065156937,2.9825586825609207,0,86
final_hybrid,2026086313,2,3,-36.0,3.0,0,0,0,0,0,0,0,0.02631578947368421,38,2.3251961500040794,2.7547211153432727,2.834784798324108,0,77
final_hybrid,2026086313,3,3,99.0,1.0,1,1,0,0,0,0,0,0.023255813953488372,43,2.3443427608283454,2.896023215726018,2.979924902319908,0,86
final_hybrid,2026086314,0,3,-8.0,2.5,0,0,0,0,0,0,0,0.019230769230769232,52,2.4115814505001674,2.877189591526985,2.927652094513178,0,104
final_hybrid,2026086314,1,3,-17.0,4.0,0,0,1,9,0,0,0,0.03773584905660377,53,2.356699966597107,2.8305498883128166,2.9723006300628185,0,106
final_hybrid,2026086314,2,3,33.0,1.0,1,0,0,0,0,0,0,0.018867924528301886,53,2.3638630848167077,2.8790688142180443,3.390087280422449,0,106
final_hybrid,2026086314,3,3,-16.0,4.0,0,0,1,8,0,0,0,0.0196078431372549,51,2.349958325937098,2.9463786631822586,3.004027996212244,0,102
final_hybrid,2026086315,0,3,36.0,1.0,1,0,0,0,0,0,0,0.0,39,2.431206309642547,2.875766297802329,2.901264000684023,0,78
final_hybrid,2026086315,1,3,-20.0,4.0,0,0,1,12,0,0,0,0.02127659574468085,47,2.3505443290985646,2.758277580142021,2.8396248817443848,0,94
final_hybrid,2026086315,2,3,-8.0,2.5,0,0,0,0,0,0,0,0.02127659574468085,47,2.3232250811254724,2.7935546822845936,2.834644168615341,0,94
final_hybrid,2026086315,3,3,-8.0,2.5,0,0,0,0,0,0,0,0.08695652173913043,46,2.291034340210583,2.695802482776344,2.72473506629467,0,92
final_hybrid,2026086316,0,2,-8.0,2.5,0,0,0,0,0,0,0,0.04081632653061224,49,2.3873724062375876,2.7673288248479366,2.933843992650509,0,98
final_hybrid,2026086316,1,2,34.0,1.0,1,0,0,0,0,0,0,0.043478260869565216,46,2.3129704185640034,2.651036367751658,2.881105989217758,0,92
final_hybrid,2026086316,2,2,32.0,1.0,1,0,0,0,0,0,0,0.02040816326530612,49,2.3411022575230014,2.8345605358481407,2.910382580012083,0,98
final_hybrid,2026086316,3,2,-16.0,4.0,0,0,1,8,0,0,0,0.0,45,2.3681312592493162,2.951805852353573,2.9675401747226715,0,90
final_hybrid,2026086317,0,0,-8.0,2.5,0,0,0,0,0,0,0,0.014084507042253521,71,2.3828261453186124,2.7810074388980865,2.856540959328413,0,142
final_hybrid,2026086317,1,0,-17.0,3.0,0,0,0,0,0,0,0,0.016129032258064516,62,2.3997858196737303,2.977296430617571,3.711134195327759,0,125
final_hybrid,2026086317,2,0,-18.0,4.0,0,0,1,10,0,0,0,0.03896103896103896,77,2.316437806788977,2.6748336851596832,2.8029289096593857,0,154
final_hybrid,2026086317,3,0,-17.0,4.0,0,0,1,9,0,0,0,0.02531645569620253,79,2.2900272809157642,2.6179606560617685,2.8246468864381313,0,158
final_hybrid,2026086318,0,2,-35.0,3.0,0,0,0,0,0,0,0,0.02631578947368421,76,2.3992002610803436,2.780021633952856,2.8451127000153065,0,152
final_hybrid,2026086318,1,2,32.0,1.0,1,0,0,0,0,0,0,0.05714285714285714,35,2.366437723061868,2.7830369770526886,2.834285143762827,0,70
final_hybrid,2026086318,2,2,0.0,2.5,0,0,0,0,0,1,1,0.012345679012345678,81,2.3553166480987895,2.8748693875968456,2.951262053102255,0,163
final_hybrid,2026086318,3,2,-19.0,4.0,0,0,1,11,0,0,0,0.017241379310344827,58,2.3194720952546803,2.7646828442811966,2.8095082379877567,0,116
final_hybrid,2026086319,0,2,34.0,1.0,1,0,0,0,0,0,0,0.029411764705882353,34,2.4500518544193577,2.889153198339045,2.9598199762403965,0,68
final_hybrid,2026086319,1,2,-16.0,4.0,0,0,1,8,0,0,0,0.02127659574468085,47,2.3816791363060474,2.878933073952794,3.250913694500923,0,94
final_hybrid,2026086319,2,2,-8.0,2.5,0,0,0,0,0,0,0,0.0,61,2.368362162445412,2.9835859313607216,3.022511024028063,0,122
final_hybrid,2026086319,3,2,32.0,1.0,1,0,0,0,0,0,0,0.046511627906976744,43,2.2861698945594386,2.6762153953313828,2.70784180611372,0,86
final_hybrid,2026086320,0,2,-22.0,3.0,0,0,0,0,0,0,0,0.031746031746031744,63,2.4008960610935612,2.876679413020611,2.923116087913513,0,127
final_hybrid,2026086320,1,2,34.0,1.0,1,0,0,0,0,0,0,0.1111111111111111,36,2.322510389300684,2.7068069903180003,2.7472698129713535,0,72
final_hybrid,2026086320,2,2,-8.0,2.5,0,0,0,0,0,0,0,0.017241379310344827,58,2.3589989427348663,2.8333525406196713,3.211810253560543,0,116
final_hybrid,2026086320,3,2,-8.0,2.5,0,0,0,0,0,0,0,0.0,52,2.3878511811534944,3.051819582469761,3.203732892870903,0,104
final_hybrid,2026086321,0,2,-8.0,2.5,0,0,0,0,0,0,0,0.0625,32,2.370651171077043,2.8101199073717,2.8850450180470943,0,64
final_hybrid,2026086321,1,2,-20.0,3.0,0,0,0,0,0,0,0,0.0,45,2.3973275700377092,2.9706906527280807,3.0408278107643127,0,91
final_hybrid,2026086321,2,2,-20.0,3.0,0,0,0,0,0,0,0,0.022222222222222223,45,2.319176412290997,2.7424465864896774,2.783634699881077,0,91
final_hybrid,2026086321,3,2,60.0,1.0,1,1,0,0,0,0,0,0.043478260869565216,46,2.3008731963193934,2.650808193720877,2.751711755990982,0,91
final_hybrid,2026086322,0,0,-20.0,3.0,0,0,0,0,0,0,0,0.029411764705882353,34,2.4203105884439804,2.8670242289081216,2.873517107218504,0,69
final_hybrid,2026086322,1,0,-20.0,3.0,0,0,0,0,0,0,0,0.058823529411764705,34,2.3376733502920937,2.7205369668081403,2.769557759165764,0,69
final_hybrid,2026086322,2,0,60.0,1.0,1,1,0,0,0,0,0,0.02857142857142857,35,2.330452935504062,2.830767026171088,2.9034409672021866,0,69
final_hybrid,2026086322,3,0,-20.0,3.0,0,0,0,0,0,0,0,0.027777777777777776,36,2.338265857866241,2.800706308335066,2.8196340426802635,0,73
final_hybrid,2026086323,0,2,-8.0,2.5,0,0,0,0,0,0,0,0.06382978723404255,47,2.34102828309257,2.6255281642079353,2.7896063402295113,0,94
final_hybrid,2026086323,1,2,35.0,1.0,1,0,0,0,0,0,0,0.02564102564102564,39,2.376987957037412,2.825902635231614,2.8695319779217243,0,78
final_hybrid,2026086323,2,2,-8.0,2.5,0,0,0,0,0,0,0,0.07407407407407407,27,2.350168043954505,2.912838291376829,3.3107493072748184,0,54
final_hybrid,2026086323,3,2,-8.0,2.5,0,0,0,0,0,0,0,0.014925373134328358,67,2.3183385605242717,2.7772451750934124,2.8013447299599648,0,134
final_hybrid,2026086324,0,2,-8.0,2.5,0,0,0,0,0,0,0,0.044444444444444446,45,2.406217726982302,2.8244695626199245,2.8513059951364994,0,90
final_hybrid,2026086324,1,2,-8.0,2.5,0,0,0,0,0,0,0,0.044444444444444446,45,2.327618437508742,2.6883388869464397,2.860977314412594,0,90
final_hybrid,2026086324,2,2,-8.0,2.5,0,0,0,0,0,0,0,0.0,59,2.3787846646697846,2.9664003755897284,3.021017648279667,0,118
final_hybrid,2026086324,3,2,35.0,1.0,1,0,0,0,0,0,0,0.0,46,2.3393788293975852,2.9328690143302083,3.0200728215277195,0,92
final_hybrid,2026086325,0,1,-8.0,2.5,0,0,0,0,0,0,0,0.0,47,2.4228889713103468,2.9279100708663464,2.96870619058609,0,94
final_hybrid,2026086325,1,1,-33.0,3.0,0,0,0,0,0,0,0,0.0,27,2.384381558470152,2.847299724817276,2.8749587945640087,0,55
final_hybrid,2026086325,2,1,-33.0,3.0,0,0,0,0,0,0,0,0.0,27,2.3386748507618904,2.8148574754595757,2.833323087543249,0,55
final_hybrid,2026086325,3,1,-16.0,4.0,0,0,1,8,0,0,0,0.0,56,2.3268813134304116,2.740937634371221,3.1678099185228348,0,112
final_hybrid,2026086326,0,2,-8.0,2.5,0,0,0,0,0,0,0,0.014705882352941176,68,2.385458196787273,2.7774010319262743,2.865313086658716,0,136
final_hybrid,2026086326,1,2,51.0,1.0,1,1,0,0,0,0,0,0.0,42,2.394008893697035,2.9934525256976485,3.0342042446136475,0,83
final_hybrid,2026086326,2,2,-18.0,4.0,0,0,1,10,0,0,0,0.0,64,2.3637622653041035,2.8632882284000516,3.0386969447135925,0,128
final_hybrid,2026086326,3,2,34.0,1.0,1,0,0,0,0,0,0,0.046875,64,2.3199930510600097,2.731399890035391,3.2128519378602505,0,128
final_hybrid,2026086327,0,3,-8.0,2.5,0,0,0,0,0,0,0,0.022727272727272728,44,2.391158867712048,2.822272735647857,2.9041203670203686,0,88
final_hybrid,2026086327,1,3,-20.0,4.0,0,0,1,12,0,0,0,0.022727272727272728,44,2.3584329544312577,2.7380150044336915,2.7529755607247353,0,88
final_hybrid,2026086327,2,3,36.0,1.0,1,0,0,0,0,0,0,0.020833333333333332,48,2.4002264253795147,2.7905777795240283,6.085684057325125,0,96
final_hybrid,2026086327,3,3,-20.0,4.0,0,0,1,12,0,0,0,0.0,34,2.3249279269400764,2.766346209682524,2.784186042845249,0,68
final_hybrid,2026086328,0,2,-20.0,3.0,0,0,0,0,0,0,0,0.0,49,2.4225925456504434,2.9099459759891033,3.1671342439949512,0,99
final_hybrid,2026086328,1,2,33.0,1.0,1,0,0,0,0,0,0,0.0,47,2.423999543757515,3.0869558919221163,3.276548348367214,0,94
final_hybrid,2026086328,2,2,-20.0,3.0,0,0,0,0,0,0,0,0.04081632653061224,49,2.316157000937632,2.703115995973348,2.922549843788147,0,99
final_hybrid,2026086328,3,2,-20.0,3.0,0,0,0,0,0,0,0,0.0,49,2.375686655239183,2.862925361841917,2.888486720621586,0,99
final_hybrid,2026086329,0,3,174.0,1.0,1,1,0,0,0,0,0,0.06451612903225806,62,2.3567556073108027,2.7921707369387145,2.8899479657411575,0,123
final_hybrid,2026086329,1,3,-38.0,3.0,0,0,0,0,0,0,0,0.016666666666666666,60,2.381171751767397,2.8979520313441753,3.0876840464770794,0,121
final_hybrid,2026086329,2,3,-38.0,3.0,0,0,0,0,0,0,0,0.04918032786885246,61,2.3173733125822467,2.7743978425860405,3.4946538507938385,0,123
final_hybrid,2026086329,3,3,-38.0,3.0,0,0,0,0,0,0,0,0.03389830508474576,59,2.3085102438926697,2.7441583573818207,2.759398892521858,0,119
final_hybrid,2026086330,0,0,60.0,1.0,1,1,0,0,0,0,0,0.041666666666666664,48,2.349110902287066,2.715433668345213,2.8432421386241913,0,95
final_hybrid,2026086330,1,0,-20.0,3.0,0,0,0,0,0,0,0,0.0425531914893617,47,2.321133627853495,2.7261181734502316,2.776999957859516,0,95
final_hybrid,2026086330,2,0,-20.0,3.0,0,0,0,0,0,0,0,0.0,47,2.344857207796675,2.8207122813910246,2.858133055269718,0,95
final_hybrid,2026086330,3,0,-20.0,3.0,0,0,0,0,0,0,0,0.0,47,2.3356493701167564,2.8721387032419443,2.985545899719,0,95
final_hybrid,2026086331,0,0,-16.0,4.0,0,0,1,8,0,0,0,0.043478260869565216,46,2.370540366467574,2.808614633977413,2.820209600031376,0,92
final_hybrid,2026086331,1,0,-19.0,4.0,0,0,1,11,0,0,0,0.014285714285714285,70,2.4051826181156293,2.9861481860280037,3.4841899760067463,0,140
final_hybrid,2026086331,2,0,-8.0,2.5,0,0,0,0,0,0,0,0.021739130434782608,46,2.307399074830439,2.777775516733527,2.8510750271379948,0,92
final_hybrid,2026086331,3,0,-8.0,2.5,0,0,0,0,0,0,0,0.06521739130434782,46,2.2732200931109814,2.622024854645133,3.185083158314228,0,92
final_hybrid,2026086332,0,3,60.0,1.0,1,1,0,0,0,0,0,0.03508771929824561,57,2.423108473681567,2.9684673994779587,2.982310950756073,0,113
final_hybrid,2026086332,1,3,34.0,1.0,1,0,0,0,0,0,0,0.06976744186046512,43,2.291896304678778,2.624832885339856,2.6902672834694386,0,86
final_hybrid,2026086332,2,3,-8.0,2.5,0,0,0,0,0,0,0,0.017857142857142856,56,2.327081996814481,2.797299181111157,2.8386320918798447,0,112
final_hybrid,2026086332,3,3,-20.0,3.0,0,0,0,0,0,0,0,0.03571428571428571,56,2.30320225403245,2.729750005528331,2.7427668683230877,0,113
final_hybrid,2026086333,0,2,0.0,2.5,0,0,0,0,0,1,1,0.022727272727272728,88,2.3768332956189457,2.8096801601350303,2.9468880966305733,0,176
final_hybrid,2026086333,1,2,-8.0,2.5,0,0,0,0,0,0,0,0.0,59,2.3433200194168897,2.8305484913289547,2.849993295967579,0,118
final_hybrid,2026086333,2,2,-8.0,2.5,0,0,0,0,0,0,0,0.018867924528301886,53,2.317717465800497,2.753736265003681,2.823302987962961,0,106
final_hybrid,2026086333,3,2,-18.0,4.0,0,0,1,10,0,0,0,0.017241379310344827,58,2.3384477365119705,2.8043884318321943,3.2098819501698017,0,116
final_hybrid,2026086334,0,0,-8.0,2.5,0,0,0,0,0,0,0,0.0,50,2.429862776771188,2.9786829371005297,3.048220183700323,0,100
final_hybrid,2026086334,1,0,-22.0,4.0,0,0,1,14,0,0,0,0.027777777777777776,72,2.314201776041753,2.675900119356811,2.7015339583158493,0,144
final_hybrid,2026086334,2,0,-19.0,3.0,0,0,0,0,0,0,0,0.04878048780487805,41,2.291941367907495,2.5981352664530277,2.6140050031244755,0,83
final_hybrid,2026086334,3,0,-32.0,4.0,0,0,1,24,0,0,0,0.02,50,2.3666595108807087,2.895307680591941,2.94512789696455,0,100
final_hybrid,2026086335,0,0,-20.0,4.0,0,0,1,12,0,0,0,0.07142857142857142,28,2.3898469683315073,2.8402599738910794,2.875461708754301,0,56
final_hybrid,2026086335,1,0,-8.0,2.5,0,0,0,0,0,0,0,0.0,28,2.3515175229736736,2.8491444885730743,3.080063033849001,0,56
final_hybrid,2026086335,2,0,-8.0,2.5,0,0,0,0,0,0,0,0.10714285714285714,28,2.2700729813160643,2.5565882911905646,2.7641206979751587,0,56
final_hybrid,2026086335,3,0,32.0,1.0,1,0,0,0,0,0,0,0.0,28,2.361315568642957,2.9805957106873393,3.0109486542642117,0,56
final_hybrid,2026086336,0,1,-8.0,2.5,0,0,0,0,0,0,0,0.07142857142857142,28,2.351377907741283,2.690092520788312,2.812738995999098,0,56
final_hybrid,2026086336,1,1,-8.0,2.5,0,0,0,0,0,0,0,0.027777777777777776,72,2.332394690408061,2.7549065183848143,2.7817199006676674,0,144
final_hybrid,2026086336,2,1,-8.0,2.5,0,0,0,0,0,0,0,0.10714285714285714,28,2.2814203652420213,2.61215902864933,2.962243277579546,0,56
final_hybrid,2026086336,3,1,-22.0,4.0,0,0,1,14,0,0,0,0.0,28,2.328348013439349,2.8584198793396354,2.8678998351097107,0,56
final_hybrid,2026086337,0,3,99.0,1.0,1,1,0,0,0,0,0,0.0,49,2.3977358787491614,2.846026699990034,2.858988009393215,0,97
final_hybrid,2026086337,1,3,-8.0,2.5,0,0,0,0,0,0,0,0.02127659574468085,47,2.3227536238412907,2.6865279767662287,3.0803740955889225,0,94
final_hybrid,2026086337,2,3,-33.0,3.0,0,0,0,0,0,0,0,0.0,47,2.3365915812393454,2.8612106572836637,3.351524006575346,0,95
final_hybrid,2026086337,3,3,-8.0,2.5,0,0,0,0,0,0,0,0.0,47,2.354601249495085,2.93795894831419,2.9657999984920025,0,94
final_hybrid,2026086338,0,1,57.0,1.0,1,1,0,0,0,0,0,0.125,24,2.3410095018334687,2.7000869857147336,2.80373590067029,0,46
final_hybrid,2026086338,1,1,-8.0,2.5,0,0,0,0,0,0,0,0.0,48,2.3440424993168563,2.784936875104904,2.7962960302829742,0,97
final_hybrid,2026086338,2,1,-19.0,3.0,0,0,0,0,0,0,0,0.0,22,2.3853891021148725,2.9634909937158227,3.0045253224670887,0,46
final_hybrid,2026086338,3,1,-19.0,3.0,0,0,0,0,0,0,0,0.0,26,2.331947818255195,2.8407775098457932,2.8862901963293552,0,53
final_hybrid,2026086339,0,2,33.0,1.0,1,0,0,0,0,0,0,0.041666666666666664,72,2.339548263181415,2.615906740538776,2.8084893710911274,0,144
final_hybrid,2026086339,1,2,-18.0,4.0,0,0,1,10,0,0,0,0.0,16,2.37090777955018,2.75878282263875,2.815310377627611,0,32
final_hybrid,2026086339,2,2,-8.0,2.5,0,0,0,0,0,0,0,0.0,16,2.2917760943528265,2.814140752889216,2.81732901930809,0,32
final_hybrid,2026086339,3,2,-8.0,2.5,0,0,0,0,0,0,0,0.0,71,2.353090491198318,2.8936034068465233,2.9504140838980675,0,142
final_hybrid,2026086340,0,0,-8.0,2.5,0,0,0,0,0,0,0,0.03389830508474576,59,2.3650736153378324,2.7267936151474714,2.814873121678829,0,118
final_hybrid,2026086340,1,0,-8.0,2.5,0,0,0,0,0,0,0,0.016666666666666666,60,2.334372823437055,2.7659673942252994,2.832558937370777,0,120
final_hybrid,2026086340,2,0,-27.0,4.0,0,0,1,19,0,0,0,0.0,59,2.374935263799409,2.969559095799923,3.007449209690094,0,118
final_hybrid,2026086340,3,0,-8.0,2.5,0,0,0,0,0,0,0,0.0,59,2.3229248363966657,2.840219670906663,2.859205938875675,0,118
final_hybrid,2026086341,0,3,35.0,1.0,1,0,0,0,0,0,0,0.025,40,2.3753860034048557,2.773102233186364,2.8225877322256565,0,80
final_hybrid,2026086341,1,3,-8.0,2.5,0,0,0,0,0,0,0,0.025,40,2.352221531327814,2.8136329958215356,3.23663093149662,0,80
final_hybrid,2026086341,2,3,-8.0,2.5,0,0,0,0,0,0,0,0.025,40,2.3227699799463153,2.8162128757685423,2.8686500154435635,0,80
final_hybrid,2026086341,3,3,-19.0,4.0,0,0,1,11,0,0,0,0.0,40,2.3252203478477895,2.803567983210087,2.830717246979475,0,80
final_hybrid,2026086342,0,1,-8.0,2.5,0,0,0,0,0,0,0,0.0,60,2.4050346420456967,2.8906661085784435,3.013353794813156,0,120
final_hybrid,2026086342,1,1,45.0,1.0,1,0,0,0,0,0,0,0.016129032258064516,62,2.3442361008135544,2.7722506551072,3.1805592589080334,0,124
final_hybrid,2026086342,2,1,-8.0,2.5,0,0,0,0,0,0,0,0.018518518518518517,54,2.337916116057723,2.8121136827394366,2.865101210772991,0,108
final_hybrid,2026086342,3,1,-8.0,2.5,0,0,0,0,0,0,0,0.018867924528301886,53,2.3133843557311677,2.7697804383933544,2.788104582577944,0,106
final_hybrid,2026086343,0,2,-18.0,4.0,0,0,1,10,0,0,0,0.0,56,2.4352255859412253,3.0007604509592056,3.1405682675540447,0,112
final_hybrid,2026086343,1,2,-8.0,2.5,0,0,0,0,0,0,0,0.016666666666666666,60,2.370644973901411,2.8219129191711545,2.863716334104538,0,119
final_hybrid,2026086343,2,2,-17.0,4.0,0,0,1,9,0,0,0,0.018518518518518517,54,2.326414566832008,2.7938008308410645,2.818964421749115,0,108
final_hybrid,2026086343,3,2,57.0,1.0,1,1,0,0,0,0,0,0.031746031746031744,63,2.3030674617205347,2.681238017976284,2.720485907047987,0,125
final_hybrid,2026086344,0,1,-8.0,2.5,0,0,0,0,0,0,0,0.09090909090909091,33,2.346378101995497,2.8046634048223495,2.832271158695221,0,66
final_hybrid,2026086344,1,1,69.0,1.0,1,1,0,0,0,0,0,0.058823529411764705,34,2.286445815116167,2.5996607262641187,2.6933271437883377,0,67
final_hybrid,2026086344,2,1,-22.0,3.0,0,0,0,0,0,0,0,0.02702702702702703,37,2.3445685998209425,2.8450877405703068,3.2510762102901936,0,75
final_hybrid,2026086344,3,1,39.0,1.0,1,0,0,0,0,0,0,0.06060606060606061,33,2.27978623782595,2.628425881266594,2.7305958792567253,0,66
final_hybrid,2026086345,0,1,-19.0,4.0,0,0,1,11,0,0,0,0.020833333333333332,48,2.394933777395636,2.7966858819127083,2.8097331523895264,0,96
final_hybrid,2026086345,1,1,-8.0,2.5,0,0,0,0,0,0,0,0.015873015873015872,63,2.3580298552082644,2.8674663975834846,2.9143700376152992,0,126
final_hybrid,2026086345,2,1,-19.0,4.0,0,0,1,11,0,0,0,0.029411764705882353,68,2.316016614820589,2.735747001133859,3.0568097718060017,0,136
final_hybrid,2026086345,3,1,51.0,1.0,1,1,0,0,0,0,0,0.06666666666666667,45,2.290105281604661,2.628525160253048,2.732784952968359,0,89
final_hybrid,2026086346,0,0,-8.0,2.5,0,0,0,0,0,0,0,0.0,58,2.4283600425154996,2.9054736951366067,2.992189023643732,0,116
final_hybrid,2026086346,1,0,-8.0,2.5,0,0,0,0,0,0,0,0.0,58,2.354958319458468,2.861493220552802,2.9827370308339596,0,116
final_hybrid,2026086346,2,0,36.0,1.0,1,0,0,0,0,0,0,0.047619047619047616,42,2.297109569467249,2.773358579725027,2.8045191429555416,0,84
final_hybrid,2026086346,3,0,-20.0,4.0,0,0,1,12,0,0,0,0.03225806451612903,62,2.324679130387883,2.7920794673264027,3.1844149343669415,0,124
final_hybrid,2026086347,0,0,33.0,1.0,1,0,0,0,0,0,0,0.0136986301369863,73,2.4114205527489316,2.8866910375654693,3.3212797716259956,0,146
final_hybrid,2026086347,1,0,-16.0,4.0,0,0,1,8,0,0,0,0.0,60,2.387835170763234,2.9960658866912127,3.1681139953434467,0,120
final_hybrid,2026086347,2,0,-8.0,2.5,0,0,0,0,0,0,0,0.02702702702702703,74,2.2892831082178935,2.6639306684955955,3.1746309250593185,0,148
final_hybrid,2026086347,3,0,-8.0,2.5,0,0,0,0,0,0,0,0.03896103896103896,77,2.3041056082039684,2.7547521516680717,3.002856858074665,0,154
final_hybrid,2026086348,0,3,-21.0,3.0,0,0,0,0,0,0,0,0.08823529411764706,34,2.336326794808402,2.727245120331645,2.780894748866558,0,69
final_hybrid,2026086348,1,3,-21.0,3.0,0,0,0,0,0,0,0,0.029411764705882353,34,2.3516239872311844,2.8639539843425155,2.9121870175004005,0,69
final_hybrid,2026086348,2,3,-21.0,3.0,0,0,0,0,0,0,0,0.08823529411764706,34,2.3100951631717823,2.7800005627796054,2.8809309005737305,0,69
final_hybrid,2026086348,3,3,63.0,1.0,1,1,0,0,0,0,0,0.0,35,2.2810543621225015,2.797987498342991,2.816472202539444,0,69
final_hybrid,2026086349,0,0,-20.0,3.0,0,0,0,0,0,0,0,0.0,58,2.427920000627637,2.9265827499330044,3.2012383453547955,0,117
final_hybrid,2026086349,1,0,-8.0,2.5,0,0,0,0,0,0,0,0.0,32,2.365889522479847,2.831918140873313,2.856452949345112,0,64
final_hybrid,2026086349,2,0,60.0,1.0,1,1,0,0,0,0,0,0.06557377049180328,61,2.25875870187263,2.639339305460453,2.750186715275049,0,121
final_hybrid,2026086349,3,0,-20.0,3.0,0,0,0,0,0,0,0,0.0,58,2.3467673695292968,2.9504223028197885,3.0227680690586567,0,117
final_hybrid,2026086350,0,3,34.0,1.0,1,0,0,0,0,0,0,0.04054054054054054,74,2.3243529659167335,2.6269088964909315,3.1172591261565685,0,148
final_hybrid,2026086350,1,3,-8.0,2.5,0,0,0,0,0,0,0,0.034482758620689655,58,2.3343952709873177,2.799234027042985,2.9313890263438225,0,116
final_hybrid,2026086350,2,3,0.0,2.5,0,0,0,0,0,1,0,0.0,85,2.3673220099333454,3.010544739663601,3.342640120536089,0,170
final_hybrid,2026086350,3,3,0.0,2.5,0,0,0,0,0,1,1,0.02247191011235955,89,2.309624173709851,2.8057227842509747,2.9009231366217136,0,178
final_hybrid,2026086351,0,3,69.0,1.0,1,1,0,0,0,0,0,0.03225806451612903,62,2.3543904310152417,2.7925129048526287,2.8469874523580074,0,123
final_hybrid,2026086351,1,3,-20.0,4.0,0,0,1,12,0,0,0,0.023809523809523808,84,2.338062434102453,2.8031892608851194,2.839572262018919,0,168
final_hybrid,2026086351,2,3,-8.0,2.5,0,0,0,0,0,0,0,0.0,76,2.350054338182274,2.9528376180678606,2.978317905217409,0,152
final_hybrid,2026086351,3,3,-19.0,3.0,0,0,0,0,0,0,0,0.03571428571428571,56,2.296721055504999,2.6884994003921747,2.738045994192362,0,113
final_hybrid,2026086352,0,0,54.0,1.0,1,1,0,0,0,0,0,0.018867924528301886,53,2.364910146186374,2.7555148117244244,2.843337133526802,0,105
final_hybrid,2026086352,1,0,-17.0,3.0,0,0,0,0,0,0,0,0.02040816326530612,49,2.30062154254743,2.674377802759409,2.713093999773264,0,99
final_hybrid,2026086352,2,0,-17.0,3.0,0,0,0,0,0,0,0,0.0,48,2.3255731406000755,2.7855837484821677,2.804727293550968,0,97
final_hybrid,2026086352,3,0,-17.0,3.0,0,0,0,0,0,0,0,0.02040816326530612,49,2.3333006443417803,2.8272110037505627,2.8394078835844994,0,99
final_hybrid,2026086353,0,0,32.0,1.0,1,0,0,0,0,0,0,0.04,25,2.365538142621517,2.7666864916682243,2.810245379805565,0,50
final_hybrid,2026086353,1,0,-16.0,4.0,0,0,1,8,0,0,0,0.0,21,2.370134838635013,2.8244629502296448,2.8323191218078136,0,42
final_hybrid,2026086353,2,0,-8.0,2.5,0,0,0,0,0,0,0,0.0,21,2.3299634811424075,2.9057548381388187,2.9214443638920784,0,42
final_hybrid,2026086353,3,0,-8.0,2.5,0,0,0,0,0,0,0,0.0,21,2.2819776841927144,2.7944017201662064,2.8287176974117756,0,42
final_hybrid,2026086354,0,3,-22.0,4.0,0,0,1,14,0,0,0,0.015625,64,2.405826380709186,2.8135245898738503,2.84383911639452,0,128
final_hybrid,2026086354,1,3,-8.0,2.5,0,0,0,0,0,0,0,0.0,84,2.3673135077669505,2.832119958475232,3.350718878209591,0,168
final_hybrid,2026086354,2,3,-8.0,2.5,0,0,0,0,0,0,0,0.012658227848101266,79,2.344132312632437,2.9001312330365177,3.012557979673147,0,158
final_hybrid,2026086354,3,3,-17.0,4.0,0,0,1,9,0,0,0,0.0,48,2.3394983630472175,2.821212843991816,2.830627840012312,0,96
final_hybrid,2026086355,0,3,54.0,1.0,1,1,0,0,0,0,0,0.07142857142857142,28,2.3487095355189274,2.7957893209531903,2.927917055785656,0,55
final_hybrid,2026086355,1,3,-18.0,3.0,0,0,0,0,0,0,0,0.07407407407407407,27,2.322160449154951,2.824900299310684,2.8465879149734974,0,55
final_hybrid,2026086355,2,3,-19.0,3.0,0,0,0,0,0,0,0,0.043478260869565216,23,2.282193841655617,2.750534610822797,2.762645948678255,0,47
final_hybrid,2026086355,3,3,-16.0,3.0,0,0,0,0,0,0,0,0.02631578947368421,38,2.3114225263462256,2.832447295077145,3.2940288074314594,0,77
final_hybrid,2026086356,0,0,-8.0,2.5,0,0,0,0,0,0,0,0.025974025974025976,77,2.375435507432981,2.7663112618029118,2.830726094543934,0,153
final_hybrid,2026086356,1,0,32.0,1.0,1,0,0,0,0,0,0,0.0,64,2.4031356660998426,3.077653027139604,3.10714403167367,0,129
final_hybrid,2026086356,2,0,33.0,1.0,1,0,0,0,0,0,0,0.014285714285714285,70,2.308849704318813,2.782268123701215,2.8109150007367134,0,141
final_hybrid,2026086356,3,0,-22.0,4.0,0,0,1,14,0,0,0,0.0125,80,2.3406848951708525,2.8239615727216005,2.8966739773750305,0,161
final_hybrid,2026086357,0,1,-20.0,3.0,0,0,0,0,0,0,0,0.07317073170731707,41,2.3465974415402586,2.7044848538935184,2.8085079975426197,0,83
final_hybrid,2026086357,1,1,60.0,1.0,1,1,0,0,0,0,0,0.02702702702702703,74,2.3198955616838224,2.687598392367363,2.720154821872711,0,147
final_hybrid,2026086357,2,1,-19.0,3.0,0,0,0,0,0,0,0,0.0,45,2.331883108450307,2.9143743216991425,2.9555978253483772,0,91
final_hybrid,2026086357,3,1,-19.0,3.0,0,0,0,0,0,0,0,0.0,45,2.3732812661263676,3.02078053355217,3.0505978502333164,0,91
final_hybrid,2026086358,0,3,-25.0,3.0,0,0,0,0,0,0,0,0.0,71,2.426864225155031,2.9455116018652916,3.038752358406782,0,143
final_hybrid,2026086358,1,3,0.0,2.5,0,0,0,0,0,1,1,0.0,84,2.3908225619899377,2.943829516880214,3.124114591628313,0,168
final_hybrid,2026086358,2,3,-17.0,3.0,0,0,0,0,0,0,0,0.014925373134328358,67,2.3405655815418975,2.8603192884474993,2.9367562383413315,0,135
final_hybrid,2026086358,3,3,34.0,1.0,1,0,0,0,0,0,0,0.0,65,2.362610772252083,2.944856323301792,3.0546728521585464,0,130
final_hybrid,2026086359,0,2,54.0,1.0,1,0,0,0,0,0,0,0.0,59,2.365572125477306,2.7718395926058292,2.8191576711833477,0,118
final_hybrid,2026086359,1,2,-20.0,3.0,0,0,0,0,0,0,0,0.014705882352941176,68,2.35324922729941,2.7943931985646486,3.4194989129900932,0,137
final_hybrid,2026086359,2,2,35.0,1.0,1,0,0,0,0,0,0,0.041666666666666664,72,2.2951478216176233,2.6410758262500167,3.283361904323101,0,144
final_hybrid,2026086359,3,2,-20.0,3.0,0,0,0,0,0,0,0,0.0,41,2.3183864427775873,2.7729878202080727,2.791736740618944,0,83
final_hybrid,2026086360,0,1,-32.0,3.0,0,0,0,0,0,0,0,0.0,55,2.390099333768541,2.8065113816410303,2.821805886924267,0,111
final_hybrid,2026086360,1,1,-32.0,3.0,0,0,0,0,0,0,0,0.018867924528301886,53,2.3557970932913275,2.8937346301972866,2.9144780710339546,0,107
final_hybrid,2026086360,2,1,-21.0,4.0,0,0,1,13,0,0,0,0.018867924528301886,53,2.2981272535925767,2.7153356932103634,2.8175637125968933,0,106
final_hybrid,2026086360,3,1,10.0,2.0,0,0,0,0,0,0,0,0.014492753623188406,69,2.3291978607143182,2.863434050232172,2.901155035942793,1,139
final_hybrid,2026086361,0,3,99.0,1.0,1,1,0,0,0,0,0,0.0,84,2.3908797440873015,2.815842069685459,3.3388896845281124,0,167
final_hybrid,2026086361,1,3,-34.0,3.0,0,0,0,0,0,0,0,0.03508771929824561,57,2.277341556915066,2.550550550222397,2.5818152353167534,0,115
final_hybrid,2026086361,2,3,54.0,1.0,1,0,0,0,0,0,0,0.0,75,2.3074528823296228,2.7590015903115273,2.8328322805464268,0,150
final_hybrid,2026086361,3,3,-8.0,2.5,0,0,0,0,0,0,0,0.025974025974025976,77,2.284782412522412,2.681353036314249,2.7320128865540028,0,154
final_hybrid,2026086362,0,1,-18.0,4.0,0,0,1,10,0,0,0,0.05405405405405406,37,2.328155788819532,2.5923268869519234,2.756731119006872,0,74
final_hybrid,2026086362,1,1,-17.0,4.0,0,0,1,9,0,0,0,0.0,46,2.354129997041562,2.8507814276963472,2.88853095844388,0,92
final_hybrid,2026086362,2,1,-18.0,3.0,0,0,0,0,0,0,0,0.05128205128205128,39,2.3023591209680605,2.754000760614872,2.7612177655100822,0,79
final_hybrid,2026086362,3,1,34.0,1.0,1,0,0,0,0,0,0,0.02702702702702703,37,2.3013450759085448,2.7324088849127293,2.7506831102073193,0,74
final_hybrid,2026086363,0,0,-16.0,4.0,0,0,1,8,0,0,0,0.02,50,2.403464298695326,2.8556297533214092,2.872062847018242,0,100
final_hybrid,2026086363,1,0,-17.0,4.0,0,0,1,9,0,0,0,0.0,59,2.3578546578222412,2.8036235831677914,3.4881560131907463,0,118
final_hybrid,2026086363,2,0,32.0,1.0,1,0,0,0,0,0,0,0.0196078431372549,51,2.301887344276788,2.7135510463267565,3.2301554456353188,0,102
final_hybrid,2026086363,3,0,-8.0,2.5,0,0,0,0,0,0,0,0.0,67,2.3286429289450394,2.8171932324767113,2.8448160737752914,0,134
final_hybrid,2026086364,0,2,-8.0,2.5,0,0,0,0,0,0,0,0.0,27,2.3949815615735672,2.7824274729937315,3.3029341138899326,0,54
final_hybrid,2026086364,1,2,-8.0,2.5,0,0,0,0,0,0,0,0.0,27,2.3382552554485976,2.837861655279994,2.846132032573223,0,54
final_hybrid,2026086364,2,2,32.0,1.0,1,0,0,0,0,0,0,0.1111111111111111,27,2.2588616444004908,2.6070548687130213,2.6130271144211292,0,54
final_hybrid,2026086364,3,2,-16.0,4.0,0,0,1,8,0,0,0,0.05263157894736842,38,2.338212424595105,2.807482914067805,3.34336468949914,0,76
final_hybrid,2026086365,0,3,-8.0,2.5,0,0,0,0,0,0,0,0.0,40,2.396106976084411,2.84959829878062,2.8750579804182053,0,80
final_hybrid,2026086365,1,3,-8.0,2.5,0,0,0,0,0,0,0,0.0,40,2.3640489438548684,2.861288352869451,2.8774342499673367,0,80
final_hybrid,2026086365,2,3,60.0,1.0,1,1,0,0,0,0,0,0.0,41,2.332250417278307,2.8536482714116573,2.8892490081489086,0,81
final_hybrid,2026086365,3,3,-20.0,3.0,0,0,0,0,0,0,0,0.023809523809523808,42,2.3305848617816256,2.8233364690095186,3.6933240480720997,0,85
final_hybrid,2026086366,0,2,-8.0,2.5,0,0,0,0,0,0,0,0.023809523809523808,84,2.3662086432090117,2.77585475705564,2.8372532688081264,0,168
final_hybrid,2026086366,1,2,-8.0,2.5,0,0,0,0,0,0,0,0.016129032258064516,62,2.4117312108677242,3.0515821650624275,3.0857669189572334,0,124
final_hybrid,2026086366,2,2,32.0,1.0,1,0,0,0,0,0,0,0.0136986301369863,73,2.324181194225811,2.800923027098179,2.8580748476088047,0,146
final_hybrid,2026086366,3,2,-21.0,4.0,0,0,1,13,0,0,0,0.014705882352941176,68,2.3304667214260384,2.8568016598001122,3.471184056252241,0,136
final_hybrid,2026086367,0,3,-8.0,2.5,0,0,0,0,0,0,0,0.016666666666666666,60,2.3748435002441206,2.837086422368884,2.849307842552662,0,120
final_hybrid,2026086367,1,3,-8.0,2.5,0,0,0,0,0,0,0,0.018867924528301886,53,2.355786787240573,2.8697573579847813,2.8943573124706745,0,106
final_hybrid,2026086367,2,3,-8.0,2.5,0,0,0,0,0,0,0,0.03333333333333333,60,2.2908033104613423,2.669439325109124,2.73706903681159,0,120
final_hybrid,2026086367,3,3,-18.0,4.0,0,0,1,10,0,0,0,0.041666666666666664,48,2.3432676195322224,2.8105648001655936,2.841695211827755,0,95
final_hybrid,2026086368,0,1,33.0,1.0,1,0,0,0,0,0,0,0.02127659574468085,47,2.36038152286981,2.734273159876466,3.3911890350282192,0,94
final_hybrid,2026086368,1,1,34.0,1.0,1,0,0,0,0,0,0,0.0,53,2.4374798906721034,2.9828811064362526,4.711235873401165,0,106
final_hybrid,2026086368,2,1,-19.0,4.0,0,0,1,11,0,0,0,0.0,58,2.3480713415634016,2.8565840795636177,2.9250411316752434,0,116
final_hybrid,2026086368,3,1,-17.0,3.0,0,0,0,0,0,0,0,0.02040816326530612,49,2.290487393964918,2.679191529750824,2.6841722428798676,0,99
final_hybrid,2026086369,0,0,-8.0,2.5,0,0,0,0,0,0,0,0.0,22,2.4732095189392567,2.8331707464531064,4.0419138967990875,0,44
final_hybrid,2026086369,1,0,-21.0,4.0,0,0,1,13,0,0,0,0.0,22,2.3787649009715426,2.9226929182186723,3.3877408131957054,0,44
final_hybrid,2026086369,2,0,-8.0,2.5,0,0,0,0,0,0,0,0.0,22,2.2776658985425127,2.779030124656856,2.8128516860306263,0,44
final_hybrid,2026086369,3,0,37.0,1.0,1,0,0,0,0,0,0,0.09090909090909091,22,2.3563464426181535,2.8217321261763573,3.377548884600401,0,44
final_hybrid,2026086370,0,0,-19.0,3.0,0,0,0,0,0,0,0,0.05128205128205128,39,2.358755490814264,2.7603241614997387,2.800299320369959,0,79
final_hybrid,2026086370,1,0,57.0,1.0,1,1,0,0,0,0,0,0.05,40,2.3164112702943385,2.787481085397303,2.819439861923456,0,79
final_hybrid,2026086370,2,0,-19.0,3.0,0,0,0,0,0,0,0,0.02564102564102564,39,2.3252180156608424,2.8482235968112946,2.8617531061172485,0,79
final_hybrid,2026086370,3,0,-19.0,3.0,0,0,0,0,0,0,0,0.0,39,2.333087464555716,2.9128704220056534,3.0452506616711617,0,79
final_hybrid,2026086371,0,3,0.0,2.5,0,0,0,0,0,1,0,0.0,84,2.4346762469836642,3.0114535940811034,3.4987018443644047,0,168
final_hybrid,2026086371,1,3,10.0,2.0,0,0,0,0,0,0,0,0.0,78,2.39778889152102,2.985952259041369,3.091663122177124,1,157
final_hybrid,2026086371,2,3,72.0,1.0,1,1,0,0,0,0,0,0.02531645569620253,79,2.294987056970219,2.694276673719287,2.798146102577448,0,157
final_hybrid,2026086371,3,3,-18.0,4.0,0,0,1,10,0,0,0,0.013888888888888888,72,2.318481940569149,2.7656717225909233,2.847963012754917,0,144
final_hybrid,2026086372,0,3,-8.0,2.5,0,0,0,0,0,0,0,0.03636363636363636,55,2.3819355717436834,2.789632184430957,2.8467681258916855,0,110
final_hybrid,2026086372,1,3,-22.0,4.0,0,0,1,14,0,0,0,0.03636363636363636,55,2.321761617944999,2.6979236863553524,2.817407250404358,0,110
final_hybrid,2026086372,2,3,-22.0,3.0,0,0,0,0,0,0,0,0.014705882352941176,68,2.3312458549352253,2.7814353117719293,2.8064362704753876,0,137
final_hybrid,2026086372,3,3,38.0,1.0,1,0,0,0,0,0,0,0.030303030303030304,66,2.311441920359026,2.7903002919629216,2.8551090508699417,0,132
final_hybrid,2026086373,0,3,-23.0,3.0,0,0,0,0,0,0,0,0.07894736842105263,38,2.343897646489112,2.6823779102414846,2.8243320994079113,0,77
final_hybrid,2026086373,1,3,-8.0,2.5,0,0,0,0,0,0,0,0.0,53,2.4016919229531064,2.9038475826382637,4.185101017355919,0,106
final_hybrid,2026086373,2,3,-8.0,2.5,0,0,0,0,0,0,0,0.0,54,2.362901206921648,2.908321167342365,2.9850639402866364,0,108
final_hybrid,2026086373,3,3,-8.0,2.5,0,0,0,0,0,0,0,0.03773584905660377,53,2.304998999637253,2.771627902984619,2.7982271276414394,0,106
final_hybrid,2026086374,0,2,35.0,1.0,1,0,0,0,0,0,0,0.0,66,2.4426320962833636,3.0676982132717967,3.2083559781312943,0,132
final_hybrid,2026086374,1,2,-16.0,4.0,0,0,1,8,0,0,0,0.03225806451612903,62,2.3330340252047583,2.7252742322161794,2.7733901515603065,0,124
final_hybrid,2026086374,2,2,-8.0,2.5,0,0,0,0,0,0,0,0.0,60,2.403375863408049,3.04584929253906,3.8897269405424595,0,120
final_hybrid,2026086374,3,2,32.0,1.0,1,0,0,0,0,0,0,0.014285714285714285,70,2.3959778981017217,2.945666923187673,3.8751689717173576,0,140
final_hybrid,2026086375,0,2,-18.0,4.0,0,0,1,10,0,0,0,0.0,64,2.437841714709066,2.87675263825804,3.5506351850926876,0,128
final_hybrid,2026086375,1,2,-17.0,3.0,0,0,0,0,0,0,0,0.029850746268656716,67,2.308850496340154,2.6391545310616493,2.7212179265916348,0,135
final_hybrid,2026086375,2,2,0.0,2.5,0,0,0,0,0,1,1,0.03614457831325301,83,2.3030956690929023,2.680079825222492,2.7840309776365757,0,167
final_hybrid,2026086375,3,2,-21.0,3.0,0,0,0,0,0,0,0,0.04225352112676056,71,2.3117510169009927,2.778333146125078,2.829913981258869,0,143
final_hybrid,2026086376,0,3,-43.0,3.0,0,0,0,0,0,0,0,0.0,53,2.3939690622940377,2.8847877867519855,3.24108824133873,0,108
final_hybrid,2026086376,1,3,-8.0,2.5,0,0,0,0,0,0,0,0.0392156862745098,51,2.3217943551785805,2.770350081846118,2.7889893390238285,0,102
final_hybrid,2026086376,2,3,-22.0,3.0,0,0,0,0,0,0,0,0.05454545454545454,55,2.288642559539188,2.6511392556130886,2.718533854931593,0,111
final_hybrid,2026086376,3,3,66.0,1.0,1,1,0,0,0,0,0,0.01818181818181818,55,2.2928072562949224,2.6323909871280193,2.79770465567708,0,109
final_hybrid,2026086377,0,3,-16.0,4.0,0,0,1,8,0,0,0,0.08571428571428572,35,2.328603980796678,2.5888371746987104,2.734214998781681,0,70
final_hybrid,2026086377,1,3,-8.0,2.5,0,0,0,0,0,0,0,0.0,35,2.3484568909874985,2.8272078838199377,2.864561975002289,0,70
final_hybrid,2026086377,2,3,32.0,1.0,1,0,0,0,0,0,0,0.02857142857142857,35,2.32551477051207,2.8212493285536766,2.919399179518223,0,70
final_hybrid,2026086377,3,3,-8.0,2.5,0,0,0,0,0,0,0,0.02702702702702703,37,2.298990453316553,2.71644638851285,2.7800151146948338,0,74
final_hybrid,2026086378,0,2,-36.0,4.0,0,0,1,28,0,0,0,0.04081632653061224,49,2.366398394640003,2.732388954609632,2.8210189193487167,0,98
final_hybrid,2026086378,1,2,46.0,1.0,1,0,0,0,0,0,0,0.0,51,2.4129967661757097,3.0671500135213137,3.122628666460514,0,102
final_hybrid,2026086378,2,2,-35.0,3.0,0,0,0,0,0,0,0,0.0425531914893617,47,2.3054869528463544,2.710391907021403,2.780074719339609,0,95
final_hybrid,2026086378,3,2,-35.0,3.0,0,0,0,0,0,0,0,0.02127659574468085,47,2.307767226816492,2.746541891247034,2.779944334179163,0,95
final_hybrid,2026086379,0,0,-17.0,3.0,0,0,0,0,0,0,0,0.02631578947368421,38,2.3859661366594467,2.790104947052896,2.8281942941248417,0,77
final_hybrid,2026086379,1,0,57.0,1.0,1,1,0,0,0,0,0,0.02564102564102564,39,2.3359604633580417,2.8321392368525267,2.8445739299058914,0,77
final_hybrid,2026086379,2,0,60.0,1.0,1,1,0,0,0,0,0,0.06818181818181818,44,2.2992574800313874,2.7863070368766785,2.8611868619918823,0,87
final_hybrid,2026086379,3,0,-16.0,3.0,0,0,0,0,0,0,0,0.02127659574468085,47,2.342242579114564,2.875199681147933,2.933857962489128,0,95
final_hybrid,2026086380,0,1,-8.0,2.5,0,0,0,0,0,0,0,0.02702702702702703,37,2.361629032404036,2.758666966110468,2.7648331597447395,0,74
final_hybrid,2026086380,1,1,-20.0,3.0,0,0,0,0,0,0,0,0.0,43,2.3568982020193756,2.871469734236598,2.9557570815086365,0,87
final_hybrid,2026086380,2,1,-8.0,2.5,0,0,0,0,0,0,0,0.08108108108108109,37,2.298010085281488,2.697164565324783,2.8236866928637028,0,74
final_hybrid,2026086380,3,1,32.0,1.0,1,0,0,0,0,0,0,0.05128205128205128,39,2.3345395516699705,2.8698702342808247,2.917923964560032,0,78
final_hybrid,2026086381,0,3,-8.0,2.5,0,0,0,0,0,0,0,0.0,56,2.3964252655527423,2.805239288136363,2.8683701530098915,0,112
final_hybrid,2026086381,1,3,-18.0,4.0,0,0,1,10,0,0,0,0.0196078431372549,51,2.34734181168617,2.813757164403796,2.911312971264124,0,102
final_hybrid,2026086381,2,3,34.0,1.0,1,0,0,0,0,0,0,0.0392156862745098,51,2.2962271126315876,2.6506814174354076,2.737586386501789,0,102
final_hybrid,2026086381,3,3,-8.0,2.5,0,0,0,0,0,0,0,0.0196078431372549,51,2.3360305155316987,2.746785990893841,3.2644071616232395,0,102
final_hybrid,2026086382,0,0,-19.0,4.0,0,0,1,11,0,0,0,0.0,41,2.4423771992144063,2.993590198457241,3.1045223586261272,0,82
final_hybrid,2026086382,1,0,35.0,1.0,1,0,0,0,0,0,0,0.0,41,2.385616722721152,2.929416950792074,3.2711969688534737,0,82
final_hybrid,2026086382,2,0,-8.0,2.5,0,0,0,0,0,0,0,0.0,41,2.346580961673725,2.8583011589944363,2.863139845430851,0,82
final_hybrid,2026086382,3,0,-8.0,2.5,0,0,0,0,0,0,0,0.024390243902439025,41,2.316347380146021,2.7718287892639637,2.788349986076355,0,82
final_hybrid,2026086383,0,1,-8.0,2.5,0,0,0,0,0,0,0,0.05,40,2.38027002196759,2.841705735772848,2.888510935008526,0,80
final_hybrid,2026086383,1,1,-8.0,2.5,0,0,0,0,0,0,0,0.0,40,2.3926653433591127,2.8564707143232226,4.6502877958118916,0,80
final_hybrid,2026086383,2,1,34.0,1.0,1,0,0,0,0,0,0,0.020833333333333332,48,2.3518586434268705,2.8634417336434126,3.2347068190574646,0,96
final_hybrid,2026086383,3,1,-8.0,2.5,0,0,0,0,0,0,0,0.021739130434782608,46,2.3276216613695673,2.832907368429005,2.8567062690854073,0,92
final_hybrid,2026086384,0,1,-21.0,3.0,0,0,0,0,0,0,0,0.0,29,2.455215708448969,3.3861121162772156,3.9557688869535923,0,59
final_hybrid,2026086384,1,1,-21.0,3.0,0,0,0,0,0,0,0,0.06896551724137931,29,2.3500098333019634,2.81303022056818,2.8431187383830547,0,59
final_hybrid,2026086384,2,1,-21.0,3.0,0,0,0,0,0,0,0,0.034482758620689655,29,2.34119846196524,2.7880572713911533,2.9306691139936447,0,59
final_hybrid,2026086384,3,1,32.0,1.0,1,0,0,0,0,0,0,0.05405405405405406,37,2.284241739559818,2.8149066492915154,2.8282511048018932,0,74
final_hybrid,2026086385,0,3,-17.0,4.0,0,0,1,9,0,0,0,0.05405405405405406,37,2.3896259356390788,2.8271473944187164,2.8337249532341957,0,74
final_hybrid,2026086385,1,3,33.0,1.0,1,0,0,0,0,0,0,0.07407407407407407,27,2.3126462301998227,2.7426823507994413,2.760648261755705,0,54
final_hybrid,2026086385,2,3,-8.0,2.5,0,0,0,0,0,0,0,0.037037037037037035,27,2.3932788624531693,3.096184553578496,3.210123162716627,0,54
final_hybrid,2026086385,3,3,-8.0,2.5,0,0,0,0,0,0,0,0.037037037037037035,27,2.3152739740908146,2.760981908068061,2.787875011563301,0,54
final_hybrid,2026086386,0,2,-28.0,3.0,0,0,0,0,0,0,0,0.0,51,2.395519667177224,2.8411082457751036,2.860028762370348,0,104
final_hybrid,2026086386,1,2,34.0,1.0,1,0,0,0,0,0,0,0.022727272727272728,44,2.3363029944117772,2.7548305690288544,2.824073191732168,0,89
final_hybrid,2026086386,2,2,-8.0,2.5,0,0,0,0,0,0,0,0.017241379310344827,58,2.314801777488199,2.7347037103027105,2.8181937523186207,0,115
final_hybrid,2026086386,3,2,-18.0,4.0,0,0,1,10,0,0,0,0.025,40,2.3419412784278393,2.877372154034674,2.908694092184305,0,81
final_hybrid,2026086387,0,1,54.0,1.0,1,1,0,0,0,0,0,0.041666666666666664,24,2.370040921960026,2.8281534556299444,2.8823059983551502,0,47
final_hybrid,2026086387,1,1,-18.0,3.0,0,0,0,0,0,0,0,0.08695652173913043,23,2.3313396529335044,2.789957681670785,2.8039589524269104,0,47
final_hybrid,2026086387,2,1,-18.0,3.0,0,0,0,0,0,0,0,0.0,23,2.3544179275631905,2.8984306380152702,2.9259296134114265,0,47
final_hybrid,2026086387,3,1,-18.0,3.0,0,0,0,0,0,0,0,0.0,23,2.3851733573752902,2.772260317578912,4.097972065210342,0,47
final_hybrid,2026086388,0,0,-20.0,4.0,0,0,1,12,0,0,0,0.0,23,2.4053144228199255,2.838883502408862,2.8788582421839237,0,46
final_hybrid,2026086388,1,0,46.0,1.0,1,0,0,0,0,0,0,0.024390243902439025,41,2.403670399472481,2.8410162776708603,4.172980785369873,0,82
final_hybrid,2026086388,2,0,-30.0,4.0,0,0,1,22,0,0,0,0.0,41,2.3822085704745315,2.939645666629076,2.963087987154722,0,82
final_hybrid,2026086388,3,0,-8.0,2.5,0,0,0,0,0,0,0,0.0,41,2.3240355275026183,2.8220429085195065,2.94052017852664,0,82
final_hybrid,2026086389,0,0,-8.0,2.5,0,0,0,0,0,0,0,0.05,20,2.385008940473199,2.858964027836919,2.888713963329792,0,40
final_hybrid,2026086389,1,0,48.0,1.0,1,0,0,0,0,0,0,0.0,20,2.346393815241754,2.8327424312010407,2.8407499194145203,0,40
final_hybrid,2026086389,2,0,-8.0,2.5,0,0,0,0,0,0,0,0.05,20,2.3313440615311265,2.7903680689632893,2.7942857705056667,0,40
final_hybrid,2026086389,3,0,-8.0,2.5,0,0,0,0,0,0,0,0.0,33,2.355098696143338,2.9757527634501457,3.013844136148691,0,66
final_hybrid,2026086390,0,2,-21.0,3.0,0,0,0,0,0,0,0,0.043478260869565216,46,2.360345360458545,2.744062105193734,2.875650767236948,0,93
final_hybrid,2026086390,1,2,-21.0,3.0,0,0,0,0,0,0,0,0.0,46,2.405527837412513,2.9944315319880843,3.0345707200467587,0,93
final_hybrid,2026086390,2,2,36.0,1.0,1,0,0,0,0,0,0,0.0,38,2.3182353593016924,2.800124231725931,2.829840872436762,0,76
final_hybrid,2026086390,3,2,-21.0,3.0,0,0,0,0,0,0,0,0.0,46,2.3355561652747183,2.8705804143100977,2.9373178258538246,0,93
final_hybrid,2026086391,0,1,-30.0,4.0,0,0,1,22,0,0,0,0.034482758620689655,29,2.3995047306706168,2.772468701004982,2.833958249539137,0,58
final_hybrid,2026086391,1,1,50.0,1.0,1,0,0,0,0,0,0,0.04,50,2.322660479694605,2.727441070601344,2.8257030062377453,0,100
final_hybrid,2026086391,2,1,-8.0,2.5,0,0,0,0,0,0,0,0.02564102564102564,39,2.2745714761698856,2.6594711001962423,2.682838123291731,0,78
final_hybrid,2026086391,3,1,35.0,1.0,1,0,0,0,0,0,0,0.1111111111111111,27,2.2722312456203833,2.657274343073368,2.7248389087617397,0,54
final_hybrid,2026086392,0,2,35.0,1.0,1,0,0,0,0,0,0,0.01694915254237288,59,2.3469675916357566,2.694993745535612,2.7622468769550323,0,118
final_hybrid,2026086392,1,2,-8.0,2.5,0,0,0,0,0,0,0,0.043478260869565216,23,2.3581336616821913,2.8198042884469032,2.8499350883066654,0,46
final_hybrid,2026086392,2,2,-19.0,4.0,0,0,1,11,0,0,0,0.05263157894736842,38,2.321872994989941,2.759125526063144,2.82075023278594,0,76
final_hybrid,2026086392,3,2,-8.0,2.5,0,0,0,0,0,0,0,0.05084745762711865,59,2.3029857883387703,2.8257787227630615,2.850049175322056,0,118
final_hybrid,2026086393,0,2,33.0,1.0,1,0,0,0,0,0,0,0.0,47,2.4427704196026983,3.0496266670525074,3.1326659955084324,0,94
final_hybrid,2026086393,1,2,-19.0,3.0,0,0,0,0,0,0,0,0.0625,48,2.327144223575791,2.799548557959497,2.821953035891056,0,97
final_hybrid,2026086393,2,2,-23.0,3.0,0,0,0,0,0,0,0,0.0,48,2.3481813453448317,2.8579161036759615,2.8969752602279186,0,97
final_hybrid,2026086393,3,2,-17.0,3.0,0,0,0,0,0,0,0,0.0,76,2.380220764806788,2.9768679523840547,3.039770293980837,0,153
final_hybrid,2026086394,0,0,-8.0,2.5,0,0,0,0,0,0,0,0.0,62,2.4085635875141427,2.8816652251407504,2.961055375635624,0,124
final_hybrid,2026086394,1,0,45.0,1.0,1,0,0,0,0,0,0,0.0,45,2.3991953478091292,2.9701179824769497,3.074163105338812,0,90
final_hybrid,2026086394,2,0,-8.0,2.5,0,0,0,0,0,0,0,0.017241379310344827,58,2.323275399876052,2.7520858915522695,2.7984757907688618,0,116
final_hybrid,2026086394,3,0,-16.0,4.0,0,0,1,8,0,0,0,0.03225806451612903,62,2.3290058973455623,2.839366416446864,2.878905273973942,0,124
final_hybrid,2026086395,0,2,-23.0,4.0,0,0,1,15,0,0,0,0.1,30,2.36438672679166,2.6625828817486763,2.797031309455633,0,60
final_hybrid,2026086395,1,2,-8.0,2.5,0,0,0,0,0,0,0,0.05263157894736842,38,2.309790726653055,2.686153445392847,2.739586401730776,0,76
final_hybrid,2026086395,2,2,-8.0,2.5,0,0,0,0,0,0,0,0.046153846153846156,65,2.3054336484235067,2.758599352091551,3.257129807025194,0,130
final_hybrid,2026086395,3,2,41.0,1.0,1,0,0,0,0,0,0,0.08333333333333333,36,2.2783355994357004,2.6547879679128528,2.7074068784713745,0,72
final_hybrid,2026086396,0,0,-8.0,2.5,0,0,0,0,0,0,0,0.0,62,2.41847378351996,2.8883076272904873,3.426325973123312,0,124
final_hybrid,2026086396,1,0,-8.0,2.5,0,0,0,0,0,0,0,0.021739130434782608,46,2.3376075854605953,2.7681193314492702,2.810800913721323,0,92
final_hybrid,2026086396,2,0,52.0,1.0,1,0,0,0,0,0,0,0.043478260869565216,46,2.3174973042762796,2.8213050682097673,2.860069740563631,0,92
final_hybrid,2026086396,3,0,-17.0,4.0,0,0,1,9,0,0,0,0.023809523809523808,42,2.36944727865713,2.922259201295674,2.9604872688651085,0,84
final_hybrid,2026086397,0,1,-8.0,2.5,0,0,0,0,0,0,0,0.02631578947368421,38,2.3751556383151757,2.8124186443164945,2.820393070578575,0,76
final_hybrid,2026086397,1,1,-24.0,4.0,0,0,1,16,0,0,0,0.0,61,2.3989315969167184,2.998403273522854,3.353288397192955,0,122
final_hybrid,2026086397,2,1,-8.0,2.5,0,0,0,0,0,0,0,0.02631578947368421,38,2.321420715337521,2.802145713940263,2.8524319641292095,0,76
final_hybrid,2026086397,3,1,36.0,1.0,1,0,0,0,0,0,0,0.02631578947368421,38,2.2971490643134245,2.7116281911730766,2.7528190985322,0,76
final_hybrid,2026086398,0,1,-16.0,4.0,0,0,1,8,0,0,0,0.02564102564102564,39,2.42530031559559,2.9332492034882307,2.9530199244618416,0,78
final_hybrid,2026086398,1,1,-8.0,2.5,0,0,0,0,0,0,0,0.0,39,2.349774783047346,2.852148748934269,2.890140749514103,0,78
final_hybrid,2026086398,2,1,32.0,1.0,1,0,0,0,0,0,0,0.06976744186046512,43,2.2595117713303066,2.6047883555293083,2.7537131682038307,0,86
final_hybrid,2026086398,3,1,-8.0,2.5,0,0,0,0,0,0,0,0.023255813953488372,43,2.3205423792607562,2.6833043433725834,2.6959972456097603,0,86
final_hybrid,2026086399,0,0,-8.0,2.5,0,0,0,0,0,0,0,0.058823529411764705,51,2.367566841855353,2.7270440477877855,3.1738877296447754,0,102
final_hybrid,2026086399,1,0,35.0,1.0,1,0,0,0,0,0,0,0.0,51,2.398992130788518,2.9525274876505136,3.043405245989561,0,102
final_hybrid,2026086399,2,0,-8.0,2.5,0,0,0,0,0,0,0,0.0,51,2.3735154913190533,2.889523981139064,3.0206460505723953,0,102
final_hybrid,2026086399,3,0,-19.0,4.0,0,0,1,11,0,0,0,0.0196078431372549,51,2.3162468409567487,2.768774051219225,2.7886340394616127,0,102
final_hybrid,2026086400,0,1,-16.0,4.0,0,0,1,8,0,0,0,0.05555555555555555,54,2.356823361306279,2.689939457923173,2.8607267886400223,0,108
final_hybrid,2026086400,1,1,-19.0,4.0,0,0,1,11,0,0,0,0.038461538461538464,52,2.364498428785457,2.7625200571492314,2.8133061714470387,0,104
final_hybrid,2026086400,2,1,-8.0,2.5,0,0,0,0,0,0,0,0.0,39,2.34248241982781,2.82283709384501,2.862765919417143,0,78
final_hybrid,2026086400,3,1,35.0,1.0,1,0,0,0,0,0,0,0.046153846153846156,65,2.2748588441083064,2.7804093435406685,2.8110980056226254,0,130
final_hybrid,2026086401,0,1,-20.0,4.0,0,0,1,12,0,0,0,0.0625,32,2.39768011670094,2.890530996955931,2.9153041541576385,0,64
final_hybrid,2026086401,1,1,-8.0,2.5,0,0,0,0,0,0,0,0.03125,32,2.346950539504178,2.7795947156846523,2.896009013056755,0,64
final_hybrid,2026086401,2,1,-8.0,2.5,0,0,0,0,0,0,0,0.0,32,2.3359682672889903,2.789547690190375,2.8089890256524086,0,64
final_hybrid,2026086401,3,1,-17.0,3.0,0,0,0,0,0,0,0,0.0,32,2.354518452193588,2.837621932849288,2.838572021573782,0,65
final_hybrid,2026086402,0,2,-8.0,2.5,0,0,0,0,0,0,0,0.0,25,2.414488084614277,2.7600200846791267,2.7823960408568382,0,50
final_hybrid,2026086402,1,2,-8.0,2.5,0,0,0,0,0,0,0,0.03773584905660377,53,2.3410838308199398,2.8685882687568665,2.88604898378253,0,106
final_hybrid,2026086402,2,2,38.0,1.0,1,0,0,0,0,0,0,0.041666666666666664,24,2.292564391003301,2.738044853322208,2.7843620628118515,0,48
final_hybrid,2026086402,3,2,34.0,1.0,1,0,0,0,0,0,0,0.03773584905660377,53,2.3089655464128502,2.687062229961157,3.0561978928744793,0,106
final_hybrid,2026086403,0,3,34.0,1.0,1,0,0,0,0,0,0,0.018867924528301886,53,2.3863141442526064,2.7985217049717903,2.9326691292226315,0,106
final_hybrid,2026086403,1,3,-8.0,2.5,0,0,0,0,0,0,0,0.03773584905660377,53,2.362677818691393,2.879381738603115,3.1897970475256443,0,106
final_hybrid,2026086403,2,3,-18.0,4.0,0,0,1,10,0,0,0,0.0,53,2.3368784876645736,2.769552171230316,2.8976621106266975,0,106
final_hybrid,2026086403,3,3,-8.0,2.5,0,0,0,0,0,0,0,0.05660377358490566,53,2.300077662715372,2.7579070068895817,2.7724821120500565,0,106
final_hybrid,2026086404,0,2,-8.0,2.5,0,0,0,0,0,0,0,0.0,50,2.396539570763707,2.7904310962185264,2.8361701406538486,0,100
final_hybrid,2026086404,1,2,-20.0,3.0,0,0,0,0,0,0,0,0.06,50,2.3025605734437704,2.6474193669855595,2.8157210908830166,0,101
final_hybrid,2026086404,2,2,-20.0,3.0,0,0,0,0,0,0,0,0.04,50,2.289697490632534,2.631912403739989,2.7541369199752808,0,101
final_hybrid,2026086404,3,2,34.0,1.0,1,0,0,0,0,0,0,0.014925373134328358,67,2.328862707172312,2.8305169194936752,2.9135942459106445,0,134
final_hybrid,2026086405,0,1,-28.0,4.0,0,0,1,20,0,0,0,0.0,40,2.4242197163403034,2.8581493999809027,2.9113618656992912,0,80
final_hybrid,2026086405,1,1,99.0,1.0,1,1,0,0,0,0,0,0.017543859649122806,57,2.3088672263711167,2.7560003101825714,2.7770190499722958,0,113
final_hybrid,2026086405,2,1,-8.0,2.5,0,0,0,0,0,0,0,0.029411764705882353,68,2.3330975501962445,2.766271587461233,2.798700239509344,0,136
final_hybrid,2026086405,3,1,-29.0,3.0,0,0,0,0,0,0,0,0.05,60,2.29335460656633,2.629319205880165,2.7240971103310585,0,121
final_hybrid,2026086406,0,1,0.0,2.5,0,0,0,0,0,1,0,0.011904761904761904,84,2.3757082997776924,2.714488166384399,3.3242828212678432,0,168
final_hybrid,2026086406,1,1,-8.0,2.5,0,0,0,0,0,0,0,0.03333333333333333,60,2.366289868950844,2.862998563796282,3.009697888046503,0,120
final_hybrid,2026086406,2,1,0.0,2.5,0,0,0,0,0,1,1,0.011904761904761904,84,2.3810568132570813,3.0272945296019316,3.0433707870543003,0,168
final_hybrid,2026086406,3,1,37.0,1.0,1,0,0,0,0,0,0,0.0,49,2.359217755040344,2.9478592798113823,3.0796523205935955,0,98
final_hybrid,2026086407,0,0,-8.0,2.5,0,0,0,0,0,0,0,0.043478260869565216,46,2.3731910724840732,2.828223048709333,2.8634900227189064,0,92
final_hybrid,2026086407,1,0,-8.0,2.5,0,0,0,0,0,0,0,0.021739130434782608,46,2.3409054088203805,2.7536931447684765,2.804298885166645,0,92
final_hybrid,2026086407,2,0,33.0,1.0,1,0,0,0,0,0,0,0.015873015873015872,63,2.3445218712801026,2.8266289737075567,3.220146056264639,0,126
final_hybrid,2026086407,3,0,-8.0,2.5,0,0,0,0,0,0,0,0.0,47,2.3125244522506887,2.7799019124358892,2.833605743944645,0,94
final_hybrid,2026086408,0,3,-21.0,3.0,0,0,0,0,0,0,0,0.0,24,2.4290687094132104,2.8951935470104218,2.9121083207428455,0,49
final_hybrid,2026086408,1,3,-21.0,3.0,0,0,0,0,0,0,0,0.08333333333333333,24,2.317851467523724,2.6599331060424447,2.6812287978827953,0,49
final_hybrid,2026086408,2,3,63.0,1.0,1,1,0,0,0,0,0,0.0,25,2.3723079636693,2.953742351382971,3.252998925745487,0,49
final_hybrid,2026086408,3,3,-21.0,3.0,0,0,0,0,0,0,0,0.041666666666666664,24,2.3162136785686016,2.8326901141554117,2.9089548625051975,0,49
final_hybrid,2026086409,0,0,35.0,1.0,1,0,0,0,0,0,0,0.0,43,2.421521754978701,2.991147991269827,3.143507055938244,0,86
final_hybrid,2026086409,1,0,-17.0,4.0,0,0,1,9,0,0,0,0.09302325581395349,43,2.3122917275962442,2.7738672681152816,3.324104007333517,0,86
final_hybrid,2026086409,2,0,-17.0,4.0,0,0,1,9,0,0,0,0.0,40,2.3515006876550615,2.824285440146923,2.89217010140419,0,80
final_hybrid,2026086409,3,0,-8.0,2.5,0,0,0,0,0,0,0,0.022727272727272728,44,2.3177952971309423,2.7978626312687993,2.838802058249712,0,88
final_hybrid,2026086410,0,0,-8.0,2.5,0,0,0,0,0,0,0,0.02702702702702703,37,2.3572804985215536,2.674162480980158,2.7989023365080357,0,74
final_hybrid,2026086410,1,0,-8.0,2.5,0,0,0,0,0,0,0,0.058823529411764705,34,2.317115431651473,2.6509890099987388,2.725323662161827,0,68
final_hybrid,2026086410,2,0,-8.0,2.5,0,0,0,0,0,0,0,0.02631578947368421,38,2.370210082613324,2.9651126824319363,2.98498896881938,0,76
final_hybrid,2026086410,3,0,-19.0,4.0,0,0,1,11,0,0,0,0.0,34,2.343547434600837,2.865005284547806,2.9175132513046265,0,68
final_hybrid,2026086411,0,0,-28.0,4.0,0,0,1,20,0,0,0,0.0,28,2.4485308178035274,2.907891757786274,2.912835218012333,0,56
final_hybrid,2026086411,1,0,-8.0,2.5,0,0,0,0,0,0,0,0.058823529411764705,51,2.308640263828577,2.641008934006095,2.6898272335529327,0,102
final_hybrid,2026086411,2,0,34.0,1.0,1,0,0,0,0,0,0,0.058823529411764705,51,2.269313497213172,2.553756581619382,2.738769631832838,0,102
final_hybrid,2026086411,3,0,-18.0,4.0,0,0,1,10,0,0,0,0.0392156862745098,51,2.303007405762579,2.688928507268429,2.7986690402030945,0,102
final_hybrid,2026086412,0,0,-16.0,4.0,0,0,1,8,0,0,0,0.0,28,2.388213012766625,2.8165835654363036,2.9109721072018147,0,56
final_hybrid,2026086412,1,0,-8.0,2.5,0,0,0,0,0,0,0,0.014492753623188406,69,2.3563839832617752,2.834898419678211,3.27668571844697,0,138
final_hybrid,2026086412,2,0,-8.0,2.5,0,0,0,0,0,0,0,0.03571428571428571,28,2.33250656830413,2.8269183123484254,2.8424179181456566,0,56
final_hybrid,2026086412,3,0,-8.0,2.5,0,0,0,0,0,0,0,0.0,28,2.38997268024832,2.943197963759303,3.8385046645998955,0,56
final_hybrid,2026086413,0,0,-27.0,3.0,0,0,0,0,0,0,0,0.01282051282051282,78,2.4006889344981084,2.8651051688939333,2.8809630312025547,0,157
final_hybrid,2026086413,1,0,-8.0,2.5,0,0,0,0,0,0,0,0.015384615384615385,65,2.326178844445027,2.7020581997931004,2.761155366897583,0,130
final_hybrid,2026086413,2,0,39.0,1.0,1,0,0,0,0,0,0,0.02,50,2.338995011523366,2.880114712752402,2.899056766182184,0,100
final_hybrid,2026086413,3,0,34.0,1.0,1,0,0,0,0,0,0,0.0,52,2.370757623933829,2.903711167164147,3.2790149562060833,0,104
final_hybrid,2026086414,0,0,33.0,1.0,1,0,0,0,0,0,0,0.07692307692307693,39,2.3597243170325575,2.796804066747427,2.8296480886638165,0,78
final_hybrid,2026086414,1,0,48.0,1.0,1,1,0,0,0,0,0,0.0425531914893617,47,2.3569167948308145,2.8860422316938634,3.0933283269405365,0,93
final_hybrid,2026086414,2,0,-16.0,3.0,0,0,0,0,0,0,0,0.0,46,2.345170603012261,2.8962200740352273,2.9581482522189617,0,93
final_hybrid,2026086414,3,0,-16.0,3.0,0,0,0,0,0,0,0,0.0,46,2.3550257572661275,2.9140255646780133,2.981525845825672,0,93
final_hybrid,2026086415,0,3,-8.0,2.5,0,0,0,0,0,0,0,0.023255813953488372,43,2.4076316527329213,2.86516803316772,2.969401888549328,0,86
final_hybrid,2026086415,1,3,-18.0,4.0,0,0,1,10,0,0,0,0.029411764705882353,34,2.3795990136397234,2.85316021181643,2.8815479017794132,0,68
final_hybrid,2026086415,2,3,-8.0,2.5,0,0,0,0,0,0,0,0.012658227848101266,79,2.341329473766345,2.8503677807748318,2.965657040476799,0,158
final_hybrid,2026086415,3,3,-18.0,4.0,0,0,1,10,0,0,0,0.025,40,2.3169912630692124,2.723011141642928,2.750578336417675,0,80
final_hybrid,2026086416,0,2,43.0,1.0,1,0,0,0,0,0,0,0.04918032786885246,61,2.335828385453244,2.779270987957716,2.8337049297988415,0,122
final_hybrid,2026086416,1,2,34.0,1.0,1,0,0,0,0,0,0,0.023529411764705882,85,2.3248073261450317,2.6852558366954327,2.8352150693535805,0,170
final_hybrid,2026086416,2,2,-20.0,3.0,0,0,0,0,0,0,0,0.024691358024691357,81,2.307055472039882,2.681582234799862,3.02776787430048,0,163
final_hybrid,2026086416,3,2,48.0,1.0,1,1,0,0,0,0,0,0.0,62,2.3368546108324684,2.970374352298677,3.0476339161396027,0,123
final_hybrid,2026086417,0,1,-27.0,4.0,0,0,1,19,0,0,0,0.0,57,2.428475081136352,2.9215428046882153,2.9822238720953465,0,114
final_hybrid,2026086417,1,1,32.0,1.0,1,0,0,0,0,0,0,0.01639344262295082,61,2.344350994671466,2.823175862431526,3.2502813264727592,0,122
final_hybrid,2026086417,2,1,-18.0,4.0,0,0,1,10,0,0,0,0.014925373134328358,67,2.321655514524944,2.7441709768027067,2.9373238794505596,0,134
final_hybrid,2026086417,3,1,43.0,1.0,1,0,0,0,0,0,0,0.058823529411764705,34,2.2910998942440046,2.821234753355384,2.8721513226628304,0,68
final_hybrid,2026086418,0,0,-8.0,2.5,0,0,0,0,0,0,0,0.0,37,2.384637834856639,2.8103403747081757,2.87823099642992,0,74
final_hybrid,2026086418,1,0,35.0,1.0,1,0,0,0,0,0,0,0.02564102564102564,39,2.3554617133087072,2.8430894017219543,2.873464021831751,0,78
final_hybrid,2026086418,2,0,63.0,1.0,1,1,0,0,0,0,0,0.05,40,2.278448943980038,2.723591448739171,2.7491403743624687,0,79
final_hybrid,2026086418,3,0,-21.0,3.0,0,0,0,0,0,0,0,0.02564102564102564,39,2.3150995779687014,2.814535330981016,2.828878816217184,0,79
final_hybrid,2026086419,0,2,-18.0,4.0,0,0,1,10,0,0,0,0.0,25,2.4076923355460167,2.8613144531846046,2.9043168760836124,0,50
final_hybrid,2026086419,1,2,-8.0,2.5,0,0,0,0,0,0,0,0.04,25,2.2876336611807346,2.613151352852583,2.6446059346199036,0,50
final_hybrid,2026086419,2,2,-8.0,2.5,0,0,0,0,0,0,0,0.0,25,2.3002241365611553,2.732275426387787,2.7357679791748524,0,50
final_hybrid,2026086419,3,2,34.0,1.0,1,0,0,0,0,0,0,0.0,25,2.3324905335903168,2.889295481145382,2.9067243449389935,0,50
final_hybrid,2026086420,0,2,-33.0,3.0,0,0,0,0,0,0,0,0.0,49,2.3948214092881095,2.8108946047723293,2.8177620843052864,0,99
final_hybrid,2026086420,1,2,99.0,1.0,1,1,0,0,0,0,0,0.0,50,2.3354557063430548,2.823097608052194,2.9785512015223503,0,99
final_hybrid,2026086420,2,2,-33.0,3.0,0,0,0,0,0,0,0,0.0,49,2.333064468539491,2.822610456496477,2.8511700220406055,0,99
final_hybrid,2026086420,3,2,-33.0,3.0,0,0,0,0,0,0,0,0.0,49,2.3135740538032685,2.7830437757074833,2.846674993634224,0,99
final_hybrid,2026086421,0,1,-8.0,2.5,0,0,0,0,0,0,0,0.05263157894736842,38,2.366086847982124,2.7254018699750304,2.825795207172632,0,76
final_hybrid,2026086421,1,1,-8.0,2.5,0,0,0,0,0,0,0,0.0,63,2.3772930948152426,2.9002093710005283,3.512029070407152,0,126
final_hybrid,2026086421,2,1,-8.0,2.5,0,0,0,0,0,0,0,0.05263157894736842,38,2.2972724032833387,2.7845769422128797,2.8200149536132812,0,76
final_hybrid,2026086421,3,1,36.0,1.0,1,0,0,0,0,0,0,0.0,38,2.349416615049306,2.9719046782702208,3.0617378652095795,0,76
final_hybrid,2026086422,0,0,-16.0,4.0,0,0,1,8,0,0,0,0.043478260869565216,69,2.3501491835475834,2.6992054656147957,2.783949952572584,0,138
final_hybrid,2026086422,1,0,36.0,1.0,1,0,0,0,0,0,0,0.024390243902439025,41,2.3601906396812056,2.7992469258606434,2.8947051614522934,0,82
final_hybrid,2026086422,2,0,-8.0,2.5,0,0,0,0,0,0,0,0.0,58,2.3431139596705806,2.9252226930111647,2.9742042534053326,0,116
final_hybrid,2026086422,3,0,-8.0,2.5,0,0,0,0,0,0,0,0.0,69,2.322000343406546,2.79797175899148,3.197501879185438,0,138
final_hybrid,2026086423,0,2,-19.0,4.0,0,0,1,11,0,0,0,0.05555555555555555,54,2.343251663087695,2.660498325712979,2.811369951814413,0,108
final_hybrid,2026086423,1,2,-8.0,2.5,0,0,0,0,0,0,0,0.05555555555555555,54,2.3096944464163647,2.658212394453585,3.1838733702898026,0,108
final_hybrid,2026086423,2,2,33.0,1.0,1,0,0,0,0,0,0,0.030303030303030304,33,2.3097302200216236,2.7367880567908287,2.776710782200098,0,66
final_hybrid,2026086423,3,2,-8.0,2.5,0,0,0,0,0,0,0,0.037037037037037035,54,2.3027820754106396,2.8246710542589426,3.2833917066454887,0,108
final_hybrid,2026086424,0,0,48.0,1.0,1,1,0,0,0,0,0,0.0,25,2.3860537819564342,2.809431403875351,2.833019010722637,0,49
final_hybrid,2026086424,1,0,-16.0,3.0,0,0,0,0,0,0,0,0.08333333333333333,24,2.3011366526285806,2.771433792077005,2.8082989156246185,0,49
final_hybrid,2026086424,2,0,-16.0,3.0,0,0,0,0,0,0,0,0.041666666666666664,24,2.31616684080412,2.7940888423472643,2.803807146847248,0,49
final_hybrid,2026086424,3,0,-16.0,3.0,0,0,0,0,0,0,0,0.0,26,2.3343006256394663,2.8064309153705835,2.8373198583722115,0,53
final_hybrid,2026086425,0,1,10.0,2.0,0,0,0,0,0,0,0,0.0,64,2.3967576198629104,2.8701637638732787,2.9872409068048,1,129
final_hybrid,2026086425,1,1,0.0,2.5,0,0,0,0,0,1,1,0.02247191011235955,89,2.3256834920788747,2.704144921153784,3.3073341473937035,0,178
final_hybrid,2026086425,2,1,-18.0,4.0,0,0,1,10,0,0,0,0.030303030303030304,66,2.3171367603495265,2.8176014311611652,2.8784852474927902,0,132
final_hybrid,2026086425,3,1,-18.0,3.0,0,0,0,0,0,0,0,0.013157894736842105,76,2.3476316556824663,2.929929061792791,3.0192038975656033,0,153
final_hybrid,2026086426,0,3,36.0,1.0,1,0,0,0,0,0,0,0.0,23,2.391376289660516,2.830861834809184,2.8687696903944016,0,46
final_hybrid,2026086426,1,3,-8.0,2.5,0,0,0,0,0,0,0,0.043478260869565216,23,2.347774074777313,2.7967221569269896,2.8072409331798553,0,46
final_hybrid,2026086426,2,3,-8.0,2.5,0,0,0,0,0,0,0,0.043478260869565216,23,2.290306531864664,2.7586441952735186,2.7882158756256104,0,46
final_hybrid,2026086426,3,3,-20.0,4.0,0,0,1,12,0,0,0,0.0,24,2.339390591563036,2.849328750744462,2.888975664973259,0,48
final_hybrid,2026086427,0,3,-8.0,2.5,0,0,0,0,0,0,0,0.01282051282051282,78,2.4039437039158282,2.8599098324775696,2.9172850772738457,0,156
final_hybrid,2026086427,1,3,-8.0,2.5,0,0,0,0,0,0,0,0.012195121951219513,82,2.39666976125502,2.955158008262515,2.9617678374052048,0,164
final_hybrid,2026086427,2,3,-8.0,2.5,0,0,0,0,0,0,0,0.031746031746031744,63,2.3009454654086205,2.6708153542131186,2.754160203039646,0,126
final_hybrid,2026086427,3,3,38.0,1.0,1,0,0,0,0,0,0,0.0,63,2.3606704060165655,2.870946517214179,2.9687127098441124,0,126
final_hybrid,2026086428,0,3,-8.0,2.5,0,0,0,0,0,0,0,0.014084507042253521,71,2.4368602874308403,2.975430805236101,3.556738141924143,0,142
final_hybrid,2026086428,1,3,-17.0,4.0,0,0,1,9,0,0,0,0.06,50,2.4558529630303383,3.380320174619554,3.668352961540222,0,100
final_hybrid,2026086428,2,3,-17.0,4.0,0,0,1,9,0,0,0,0.06666666666666667,45,2.415726209680239,3.1117379665374756,3.8238242268562317,0,90
final_hybrid,2026086428,3,3,-24.0,4.0,0,0,1,16,0,0,0,0.045454545454545456,44,2.359671295959164,2.846952946856618,3.573885653167963,0,88
final_hybrid,2026086429,0,1,-19.0,3.0,0,0,0,0,0,0,0,0.0,53,2.3854987889106543,2.7912466786801815,2.8335610404610634,0,107
final_hybrid,2026086429,1,1,57.0,1.0,1,1,0,0,0,0,0,0.037037037037037035,54,2.318959131284996,2.733105281367898,2.7607609517872334,0,107
final_hybrid,2026086429,2,1,-19.0,3.0,0,0,0,0,0,0,0,0.018867924528301886,53,2.331171694369811,2.8077402152121067,2.862008288502693,0,107
final_hybrid,2026086429,3,1,-8.0,2.5,0,0,0,0,0,0,0,0.0,59,2.349949244536081,2.873795945197344,2.9124561697244644,0,118
final_hybrid,2026086430,0,1,-8.0,2.5,0,0,0,0,0,0,0,0.0,78,2.408135001762555,2.9087034054100513,2.9634470120072365,0,156
final_hybrid,2026086430,1,1,35.0,1.0,1,0,0,0,0,0,0,0.038461538461538464,78,2.3188145640186772,2.6880691526457667,2.7059847488999367,0,156
final_hybrid,2026086430,2,1,35.0,1.0,1,0,0,0,0,0,0,0.03278688524590164,61,2.3165979789050875,2.847691997885704,2.8824363835155964,0,122
final_hybrid,2026086430,3,1,-8.0,2.5,0,0,0,0,0,0,0,0.0,43,2.3333366072281847,2.883611572906375,2.9379487968981266,0,86
final_hybrid,2026086431,0,2,-8.0,2.5,0,0,0,0,0,0,0,0.02564102564102564,39,2.431439355206795,2.850813325494528,4.187426064163446,0,78
final_hybrid,2026086431,1,2,-8.0,2.5,0,0,0,0,0,0,0,0.0,26,2.3052597131866674,2.694461029022932,2.699432894587517,0,52
final_hybrid,2026086431,2,2,32.0,1.0,1,0,0,0,0,0,0,0.05128205128205128,39,2.2900368636235213,2.64990353025496,2.8071999549865723,0,78
final_hybrid,2026086431,3,2,-8.0,2.5,0,0,0,0,0,0,0,0.05,40,2.2881641052663326,2.6697975816205144,2.742194104939699,0,80
final_hybrid,2026086432,0,0,66.0,1.0,1,1,0,0,0,0,0,0.0,53,2.4453506822574815,3.0297057703137398,3.5082148388028145,0,105
final_hybrid,2026086432,1,0,10.0,2.0,0,0,0,0,0,0,0,0.025,40,2.3449346190318465,2.7517727576196194,2.8638243675231934,1,81
final_hybrid,2026086432,2,0,37.0,1.0,1,0,0,0,0,0,0,0.03571428571428571,56,2.287363284267485,2.6829708367586136,2.8147483244538307,0,112
final_hybrid,2026086432,3,0,-8.0,2.5,0,0,0,0,0,0,0,0.037037037037037035,54,2.3017026380532317,2.749687666073441,2.8414293192327023,0,108
final_hybrid,2026086433,0,3,-33.0,3.0,0,0,0,0,0,0,0,0.0,38,2.3993014505034997,2.842410164885223,2.900009974837303,0,77
final_hybrid,2026086433,1,3,-32.0,4.0,0,0,1,24,0,0,0,0.0,46,2.3730908338304446,2.809978905133903,2.8248648159205914,0,92
final_hybrid,2026086433,2,3,99.0,1.0,1,1,0,0,0,0,0,0.0,39,2.3448778292498527,2.7997361961752176,3.387999255210161,0,77
final_hybrid,2026086433,3,3,-8.0,2.5,0,0,0,0,0,0,0,0.020833333333333332,48,2.312887324175487,2.822006610222161,2.8880168683826923,0,96
final_hybrid,2026086434,0,1,-24.0,4.0,0,0,1,16,0,0,0,0.0,73,2.423391824154413,2.910106536000967,2.9768096283078194,0,146
final_hybrid,2026086434,1,1,40.0,1.0,1,0,0,0,0,0,0,0.03508771929824561,57,2.333557911282569,2.76942141354084,2.8390702791512012,0,114
final_hybrid,2026086434,2,1,-8.0,2.5,0,0,0,0,0,0,0,0.0,57,2.344566732318255,2.867300435900688,2.978081814944744,0,114
final_hybrid,2026086434,3,1,-8.0,2.5,0,0,0,0,0,0,0,0.017543859649122806,57,2.320000240089078,2.799125015735626,2.8388379141688347,0,114
final_hybrid,2026086435,0,2,34.0,1.0,1,0,0,0,0,0,0,0.07407407407407407,27,2.3532281974675477,2.6308870874345303,2.8545442037284374,0,54
final_hybrid,2026086435,1,2,-8.0,2.5,0,0,0,0,0,0,0,0.03225806451612903,62,2.3654761588982036,2.83427806571126,2.877454273402691,0,124
final_hybrid,2026086435,2,2,-17.0,4.0,0,0,1,9,0,0,0,0.016666666666666666,60,2.412089930536846,3.023780416697263,3.5674492828547955,0,120
final_hybrid,2026086435,3,2,-8.0,2.5,0,0,0,0,0,0,0,0.021739130434782608,46,2.341378723149714,2.8888899832963943,3.611900843679905,0,92
final_hybrid,2026086436,0,3,0.0,2.5,0,0,0,0,0,1,1,0.03409090909090909,88,2.358534558549185,2.744529978372156,3.0854418873786926,0,176
final_hybrid,2026086436,1,3,-8.0,2.5,0,0,0,0,0,0,0,0.0136986301369863,73,2.3452644108807386,2.792172133922577,2.9641343280673027,0,145
final_hybrid,2026086436,2,3,-20.0,4.0,0,0,1,12,0,0,0,0.038461538461538464,78,2.289953719203671,2.637417521327734,3.090911079198122,0,156
final_hybrid,2026086436,3,3,-8.0,2.5,0,0,0,0,0,0,0,0.0,68,2.374140963451389,2.9493847163394094,3.008715808391571,0,136
final_hybrid,2026086437,0,3,34.0,1.0,1,0,0,0,0,0,0,0.04,25,2.393346857279539,2.8229291550815105,2.8456859290599823,0,50
final_hybrid,2026086437,1,3,-8.0,2.5,0,0,0,0,0,0,0,0.0,34,2.4083465721239063,2.946572727523744,3.630463033914566,0,68
final_hybrid,2026086437,2,3,-8.0,2.5,0,0,0,0,0,0,0,0.0,19,2.3651300733418843,2.8413687832653514,3.285706043243408,0,38
final_hybrid,2026086437,3,3,-25.0,4.0,0,0,1,17,0,0,0,0.0,34,2.460277296931428,3.157024597749113,4.314149729907513,0,68
final_hybrid,2026086438,0,3,-8.0,2.5,0,0,0,0,0,0,0,0.0,29,2.4115697255936164,2.854030020534992,3.4824428148567677,0,58
final_hybrid,2026086438,1,3,-18.0,4.0,0,0,1,10,0,0,0,0.0,26,2.3706426414159627,2.8120098868384957,2.832828089594841,0,52
final_hybrid,2026086438,2,3,34.0,1.0,1,0,0,0,0,0,0,0.0,29,2.3563789717596153,2.9514098539948463,2.9962831176817417,0,58
final_hybrid,2026086438,3,3,-8.0,2.5,0,0,0,0,0,0,0,0.0,29,2.3484696184509786,2.8705501928925514,2.9182597063481808,0,58
final_hybrid,2026086439,0,3,69.0,1.0,1,1,0,0,0,0,0,0.038461538461538464,52,2.332139831896012,2.734130597673356,2.802136819809675,0,103
final_hybrid,2026086439,1,3,-23.0,3.0,0,0,0,0,0,0,0,0.0,51,2.4118345303862703,2.9175207018852234,3.6568110808730125,0,103
final_hybrid,2026086439,2,3,-23.0,3.0,0,0,0,0,0,0,0,0.0196078431372549,51,2.322345542922324,2.774040913209319,2.8579849749803543,0,103
final_hybrid,2026086439,3,3,-23.0,3.0,0,0,0,0,0,0,0,0.0,51,2.3174316019696346,2.76931282132864,2.787139266729355,0,103
final_hybrid,2026086440,0,1,36.0,1.0,1,0,0,0,0,0,0,0.01818181818181818,55,2.4226214990697126,3.0023413244634867,3.0672159045934677,0,110
final_hybrid,2026086440,1,1,-17.0,4.0,0,0,1,9,0,0,0,0.0,29,2.368096599419569,2.9399771243333817,3.0229478143155575,0,58
final_hybrid,2026086440,2,1,-19.0,4.0,0,0,1,11,0,0,0,0.07894736842105263,38,2.3054195396406088,2.7778776362538338,2.8847078792750835,0,76
final_hybrid,2026086440,3,1,33.0,1.0,1,0,0,0,0,0,0,0.03125,32,2.315362711669877,2.7535114670172334,2.7901511639356613,0,64
final_hybrid,2026086441,0,2,-8.0,2.5,0,0,0,0,0,0,0,0.034482758620689655,87,2.339735150808233,2.6056301780045033,3.1216563656926155,0,174
final_hybrid,2026086441,1,2,10.0,2.0,0,0,0,0,0,0,0,0.023255813953488372,86,2.3246108402692993,2.6955248322337866,2.839446999132633,1,173
final_hybrid,2026086441,2,2,-8.0,2.5,0,0,0,0,0,0,0,0.0,79,2.389970341626602,3.0457220971584316,3.2536378130316734,0,158
final_hybrid,2026086441,3,2,10.0,2.0,0,0,0,0,0,0,0,0.0,84,2.335181066189848,2.8866763692349195,2.9539219103753567,1,169
final_hybrid,2026086442,0,0,-8.0,2.5,0,0,0,0,0,0,0,0.0,54,2.437525773765864,2.9609522782266136,2.999166026711464,0,108
final_hybrid,2026086442,1,0,-8.0,2.5,0,0,0,0,0,0,0,0.05555555555555555,54,2.315692336264032,2.6758990949019785,2.801587339490652,0,108
final_hybrid,2026086442,2,0,-8.0,2.5,0,0,0,0,0,0,0,0.0,79,2.3453367013437085,2.792281098663807,3.302668686956167,0,158
final_hybrid,2026086442,3,0,-23.0,3.0,0,0,0,0,0,0,0,0.036585365853658534,82,2.319514768470715,2.681169449351728,3.1933169811964035,0,165
final_hybrid,2026086443,0,2,-18.0,3.0,0,0,0,0,0,0,0,0.02,50,2.3762120120227337,2.792561170645058,2.8655827045440674,0,101
final_hybrid,2026086443,1,2,-19.0,3.0,0,0,0,0,0,0,0,0.022727272727272728,44,2.376968030479144,2.903683064505458,3.5198931582272053,0,89
final_hybrid,2026086443,2,2,-16.0,3.0,0,0,0,0,0,0,0,0.01694915254237288,59,2.3770306054187023,2.83642066642642,3.682974725961685,0,119
final_hybrid,2026086443,3,2,-19.0,3.0,0,0,0,0,0,0,0,0.022727272727272728,44,2.336604922840541,2.851985627785325,2.9352018609642982,0,89
final_hybrid,2026086444,0,3,-8.0,2.5,0,0,0,0,0,0,0,0.03571428571428571,56,2.3878526158763895,2.8445812640711665,2.9310397803783417,0,112
final_hybrid,2026086444,1,3,32.0,1.0,1,0,0,0,0,0,0,0.017857142857142856,56,2.381681156943419,2.8480375185608864,4.034020006656647,0,112
final_hybrid,2026086444,2,3,36.0,1.0,1,0,0,0,0,0,0,0.0625,32,2.305525937117636,2.784663694910705,2.8374549001455307,0,64
final_hybrid,2026086444,3,3,-20.0,4.0,0,0,1,12,0,0,0,0.05555555555555555,36,2.271475554961297,2.6168276090174913,2.754216082394123,0,72
final_hybrid,2026086445,0,0,-8.0,2.5,0,0,0,0,0,0,0,0.0625,32,2.355373711907305,2.707207575440407,2.7769492007791996,0,64
final_hybrid,2026086445,1,0,-20.0,4.0,0,0,1,12,0,0,0,0.0625,32,2.337174693820998,2.6942987460643053,2.7607069350779057,0,64
final_hybrid,2026086445,2,0,-8.0,2.5,0,0,0,0,0,0,0,0.016129032258064516,62,2.3612586721297233,2.919618086889386,3.173978067934513,0,124
final_hybrid,2026086445,3,0,-8.0,2.5,0,0,0,0,0,0,0,0.0,32,2.348331574467011,2.9477450298145413,3.50264273583889,0,64
final_hybrid,2026086446,0,1,35.0,1.0,1,0,0,0,0,0,0,0.04285714285714286,70,2.351233416369983,2.6499993400648236,2.8205937705934048,0,140
final_hybrid,2026086446,1,1,-18.0,4.0,0,0,1,10,0,0,0,0.014925373134328358,67,2.3822126242874275,2.94065335765481,3.3679320476949215,0,134
final_hybrid,2026086446,2,1,-18.0,4.0,0,0,1,10,0,0,0,0.02702702702702703,74,2.278536627371166,2.595164207741618,2.738466951996088,0,148
final_hybrid,2026086446,3,1,-8.0,2.5,0,0,0,0,0,0,0,0.011904761904761904,84,2.320944242888973,2.782105468213558,2.8382153250277042,0,168
final_hybrid,2026086447,0,3,-17.0,3.0,0,0,0,0,0,0,0,0.02702702702702703,37,2.3890987063783244,2.817289438098669,2.8770999051630497,0,75
final_hybrid,2026086447,1,3,51.0,1.0,1,1,0,0,0,0,0,0.0,38,2.3746623804694726,2.954034972935915,3.6286083050072193,0,75
final_hybrid,2026086447,2,3,-17.0,3.0,0,0,0,0,0,0,0,0.02702702702702703,37,2.333149439781099,2.8561707586050034,2.8861481696367264,0,75
final_hybrid,2026086447,3,3,-17.0,3.0,0,0,0,0,0,0,0,0.0,37,2.3397244764743625,2.8318959288299084,2.8602532111108303,0,75
final_hybrid,2026086448,0,1,-8.0,2.5,0,0,0,0,0,0,0,0.025,40,2.3993037058971822,2.8213789919391274,2.850445918738842,0,80
final_hybrid,2026086448,1,1,-8.0,2.5,0,0,0,0,0,0,0,0.0,40,2.3561155539937317,2.851730096153915,2.8677512891590595,0,80
final_hybrid,2026086448,2,1,36.0,1.0,1,0,0,0,0,0,0,0.0,40,2.322748792357743,2.8104155557230115,2.848267089575529,0,80
final_hybrid,2026086448,3,1,-20.0,4.0,0,0,1,12,0,0,0,0.025,40,2.2972696810029447,2.6800370309501886,2.773954998701811,0,80
final_hybrid,2026086449,0,3,-8.0,2.5,0,0,0,0,0,0,0,0.012345679012345678,81,2.4457523587769194,3.038146998733282,3.060850314795971,0,162
final_hybrid,2026086449,1,3,-8.0,2.5,0,0,0,0,0,0,0,0.0,81,2.3717788956415506,2.890585921704769,3.502100706100464,0,162
final_hybrid,2026086449,2,3,32.0,1.0,1,0,0,0,0,0,0,0.02631578947368421,76,2.297116982701578,2.7112134266644716,2.758453134447336,0,152
final_hybrid,2026086449,3,3,-21.0,3.0,0,0,0,0,0,0,0,0.012048192771084338,83,2.3861950128731957,2.8985928278416395,4.260403104126453,0,167
final_hybrid,2026086450,0,3,54.0,1.0,1,1,0,0,0,0,0,0.03333333333333333,30,2.4001804801325,2.866264432668686,2.878595143556595,0,59
final_hybrid,2026086450,1,3,-18.0,3.0,0,0,0,0,0,0,0,0.0,29,2.378874875862023,2.862638793885708,2.9066107235848904,0,59
final_hybrid,2026086450,2,3,-18.0,3.0,0,0,0,0,0,0,0,0.034482758620689655,29,2.345273479947756,2.7470719069242477,3.438951913267374,0,59
final_hybrid,2026086450,3,3,-18.0,3.0,0,0,0,0,0,0,0,0.0,29,2.3321117884640037,2.8766377829015255,2.884770277887583,0,59
final_hybrid,2026086451,0,3,37.0,1.0,1,0,0,0,0,0,0,0.0,28,2.404516579450241,2.9066198272630572,2.928584348410368,0,56
final_hybrid,2026086451,1,3,34.0,1.0,1,0,0,0,0,0,0,0.09090909090909091,22,2.309829377653924,2.6985210133716464,2.782873809337616,0,44
final_hybrid,2026086451,2,3,-8.0,2.5,0,0,0,0,0,0,0,0.0625,32,2.287825001985766,2.671871264465153,2.681001089513302,0,64
final_hybrid,2026086451,3,3,-8.0,2.5,0,0,0,0,0,0,0,0.0,29,2.329329654959769,2.739705704152584,3.238535951822996,0,58
final_hybrid,2026086452,0,0,-17.0,4.0,0,0,1,9,0,0,0,0.0625,16,2.3698320146650076,2.7153886621817946,2.767536323517561,0,32
final_hybrid,2026086452,1,0,-8.0,2.5,0,0,0,0,0,0,0,0.0,16,2.352763607632369,2.8500716434791684,2.8602699749171734,0,32
final_hybrid,2026086452,2,0,48.0,1.0,1,0,0,0,0,0,0,0.05263157894736842,19,2.325449138879776,2.772635407745838,2.787597943097353,0,38
final_hybrid,2026086452,3,0,-17.0,4.0,0,0,1,9,0,0,0,0.0,19,2.301558092432587,2.850928297266364,2.8588068671524525,0,38
final_hybrid,2026086453,0,0,35.0,1.0,1,0,0,0,0,0,0,0.01639344262295082,61,2.3811080218216434,2.8315428644418716,2.882234286516905,0,122
final_hybrid,2026086453,1,0,-8.0,2.5,0,0,0,0,0,0,0,0.03278688524590164,61,2.3301120648985028,2.8001046739518642,2.882468979805708,0,122
final_hybrid,2026086453,2,0,-8.0,2.5,0,0,0,0,0,0,0,0.0,61,2.362066345503096,2.9518422670662403,3.4319981932640076,0,122
final_hybrid,2026086453,3,0,-19.0,4.0,0,0,1,11,0,0,0,0.03773584905660377,53,2.2865240374263727,2.6472505182027817,2.701877150684595,0,106
final_hybrid,2026086454,0,2,32.0,1.0,1,0,0,0,0,0,0,0.05263157894736842,57,2.344462759139245,2.6913692243397236,2.7563651092350483,0,113
final_hybrid,2026086454,1,2,-17.0,4.0,0,0,1,9,0,0,0,0.0,41,2.36993278490334,2.8031058609485626,2.824345137923956,0,83
final_hybrid,2026086454,2,2,-8.0,2.5,0,0,0,0,0,0,0,0.01818181818181818,55,2.332836330275644,2.8375514317303896,2.8815502300858498,0,111
final_hybrid,2026086454,3,2,33.0,1.0,1,0,0,0,0,0,0,0.0625,48,2.273383812280372,2.6924087665975094,2.7268189005553722,0,97
final_hybrid,2026086455,0,2,43.0,1.0,1,0,0,0,0,0,0,0.07692307692307693,39,2.3392528916398683,2.6808873284608126,2.8424886986613274,0,78
final_hybrid,2026086455,1,2,-16.0,3.0,0,0,0,0,0,0,0,0.024390243902439025,41,2.349994145333767,2.833492122590542,2.888362854719162,0,83
final_hybrid,2026086455,2,2,-8.0,2.5,0,0,0,0,0,0,0,0.0,39,2.3265373773681812,2.843791898339987,2.89964210242033,0,78
final_hybrid,2026086455,3,2,-27.0,4.0,0,0,1,19,0,0,0,0.02631578947368421,38,2.3105558571650793,2.7558285975828767,2.7951556257903576,0,76
final_hybrid,2026086456,0,3,-8.0,2.5,0,0,0,0,0,0,0,0.0,36,2.371084358957079,2.8094096342101693,2.8315898962318897,0,72
final_hybrid,2026086456,1,3,-8.0,2.5,0,0,0,0,0,0,0,0.027777777777777776,36,2.3539832327514887,2.83509015571326,3.3464571461081505,0,72
final_hybrid,2026086456,2,3,35.0,1.0,1,0,0,0,0,0,0,0.027777777777777776,36,2.3004529325084553,2.7362925466150045,2.8099827468395233,0,72
final_hybrid,2026086456,3,3,-19.0,4.0,0,0,1,11,0,0,0,0.0,36,2.3325572126648493,2.806465490721166,2.856956794857979,0,72
final_hybrid,2026086457,0,0,-8.0,2.5,0,0,0,0,0,0,0,0.017857142857142856,56,2.3733446723781526,2.806015545502305,2.865467220544815,0,112
final_hybrid,2026086457,1,0,-24.0,4.0,0,0,1,16,0,0,0,0.041666666666666664,72,2.3083254927769303,2.766061224974692,2.7952701784670353,0,144
final_hybrid,2026086457,2,0,40.0,1.0,1,0,0,0,0,0,0,0.05714285714285714,70,2.3322422988712788,2.7331160148605704,3.2410132698714733,0,140
final_hybrid,2026086457,3,0,-8.0,2.5,0,0,0,0,0,0,0,0.04411764705882353,68,2.2755648379268893,2.6169877499341965,2.7271280996501446,0,136
final_hybrid,2026086458,0,0,-19.0,4.0,0,0,1,11,0,0,0,0.03571428571428571,56,2.375319683259087,2.817827044054866,2.883504144847393,0,112
final_hybrid,2026086458,1,0,-8.0,2.5,0,0,0,0,0,0,0,0.034482758620689655,58,2.320853190432335,2.7372901560738683,2.800961956381798,0,116
final_hybrid,2026086458,2,0,-8.0,2.5,0,0,0,0,0,0,0,0.0,71,2.35600069716153,2.8662956319749355,3.412757068872452,0,142
final_hybrid,2026086458,3,0,-19.0,4.0,0,0,1,11,0,0,0,0.014084507042253521,71,2.3723088637728926,2.875339472666383,4.977369215339422,0,142
final_hybrid,2026086459,0,1,54.0,1.0,1,1,0,0,0,0,0,0.029411764705882353,68,2.4502558072152385,2.8639000840485096,5.900914780795574,0,135
final_hybrid,2026086459,1,1,105.0,1.0,1,1,0,0,0,0,0,0.022222222222222223,45,2.4029635306861667,2.8573506511747837,4.528059158474207,0,89
final_hybrid,2026086459,2,1,33.0,1.0,1,0,0,0,0,0,0,0.0,52,2.3559744810112395,3.007542947307229,3.1348997727036476,0,104
final_hybrid,2026086459,3,1,-8.0,2.5,0,0,0,0,0,0,0,0.058823529411764705,34,2.2550370571587015,2.6195072568953037,2.808671910315752,0,68
final_hybrid,2026086460,0,1,36.0,1.0,1,0,0,0,0,0,0,0.05660377358490566,53,2.3690550148768246,2.7615541592240334,3.6377618089318275,0,106
final_hybrid,2026086460,1,1,-18.0,3.0,0,0,0,0,0,0,0,0.02857142857142857,70,2.3241046550018445,2.685373998247087,3.1959470361471176,0,141
final_hybrid,2026086460,2,1,-8.0,2.5,0,0,0,0,0,0,0,0.018867924528301886,53,2.3546617495704374,2.7527674101293087,4.367303103208542,0,106
final_hybrid,2026086460,3,1,-20.0,4.0,0,0,1,12,0,0,0,0.0,61,2.328172112341787,2.8580138459801674,2.8941617347300053,0,122
final_hybrid,2026086461,0,2,-8.0,2.5,0,0,0,0,0,0,0,0.03636363636363636,55,2.4035452018407257,2.737284218892455,4.723918624222279,0,110
final_hybrid,2026086461,1,2,-8.0,2.5,0,0,0,0,0,0,0,0.06,50,2.3411978874355555,2.6498987106606364,3.9187129586935043,0,100
final_hybrid,2026086461,2,2,32.0,1.0,1,0,0,0,0,0,0,0.037037037037037035,54,2.328909761099904,2.5949401315301657,5.961420945823193,0,108
final_hybrid,2026086461,3,2,-8.0,2.5,0,0,0,0,0,0,0,0.03636363636363636,55,2.302304037253965,2.776971133425832,3.3150846138596535,0,110
final_hybrid,2026086462,0,1,-8.0,2.5,0,0,0,0,0,0,0,0.02,50,2.427450977265835,2.7368526440113783,5.786320194602013,0,100
final_hybrid,2026086462,1,1,-16.0,3.0,0,0,0,0,0,0,0,0.0,70,2.468326867425016,2.9759527882561088,5.514628253877163,0,141
final_hybrid,2026086462,2,1,-8.0,2.5,0,0,0,0,0,0,0,0.015384615384615385,65,2.3382610713060084,2.843895833939314,2.89565185084939,0,130
final_hybrid,2026086462,3,1,0.0,2.5,0,0,0,0,0,1,0,0.0,86,2.365332405451079,2.934613497927785,3.2851379364728928,0,172
final_hybrid,2026086463,0,1,-8.0,2.5,0,0,0,0,0,0,0,0.018518518518518517,54,2.400361975930907,2.7719773352146144,4.389815032482147,0,108
final_hybrid,2026086463,1,1,-8.0,2.5,0,0,0,0,0,0,0,0.0,56,2.386670534698559,2.8343552257865667,4.750345833599567,0,112
final_hybrid,2026086463,2,1,33.0,1.0,1,0,0,0,0,0,0,0.05555555555555555,54,2.2689958396195262,2.589296526275575,2.6176818646490574,0,108
final_hybrid,2026086463,3,1,44.0,1.0,1,0,0,0,0,0,0,0.012658227848101266,79,2.3930567859000043,2.98000555485487,4.889132920652628,0,158
final_hybrid,2026086464,0,1,48.0,1.0,1,0,0,0,0,0,0,0.015625,64,2.4201725173043087,2.817708905786276,4.382558166980743,0,128
final_hybrid,2026086464,1,1,32.0,1.0,1,0,0,0,0,0,0,0.0,62,2.3859531333249424,2.9809530824422836,3.2066376879811287,0,124
final_hybrid,2026086464,2,1,-23.0,4.0,0,0,1,15,0,0,0,0.0967741935483871,31,2.3277451194101766,2.69729713909328,3.148932009935379,0,62
final_hybrid,2026086464,3,1,-8.0,2.5,0,0,0,0,0,0,0,0.038461538461538464,52,2.3051901147342644,2.6802657870575786,4.0340241976082325,0,104
final_hybrid,2026086465,0,0,-8.0,2.5,0,0,0,0,0,0,0,0.0136986301369863,73,2.4059727048016573,2.815533895045519,3.795220050960779,0,146
final_hybrid,2026086465,1,0,37.0,1.0,1,0,0,0,0,0,0,0.0,55,2.4028734388676556,2.9399012681096792,3.2684169709682465,0,110
final_hybrid,2026086465,2,0,0.0,2.5,0,0,0,0,0,1,1,0.011363636363636364,88,2.350136457773095,2.8368478873744607,3.1341509893536568,0,176
final_hybrid,2026086465,3,0,-8.0,2.5,0,0,0,0,0,0,0,0.0,55,2.3538530634885486,2.8491553384810686,3.7218909710645676,0,110
final_hybrid,2026086466,0,3,33.0,1.0,1,0,0,0,0,0,0,0.04878048780487805,41,2.3324122288968505,2.765823155641556,2.813644241541624,0,82
final_hybrid,2026086466,1,3,-8.0,2.5,0,0,0,0,0,0,0,0.03333333333333333,60,2.448099354902903,3.1150473514571786,3.5404530353844166,0,120
final_hybrid,2026086466,2,3,90.0,1.0,1,1,0,0,0,0,0,0.019230769230769232,52,2.346175561587398,2.773170848377049,4.677975084632635,0,103
final_hybrid,2026086466,3,3,0.0,2.5,0,0,0,0,0,1,0,0.0,89,2.373871916716688,2.952545415610075,3.759451676160097,0,178
final_hybrid,2026086467,0,3,-32.0,4.0,0,0,1,24,0,0,0,0.014492753623188406,69,2.387129519458698,2.8194104321300983,3.2623792067170143,0,138
final_hybrid,2026086467,1,3,-8.0,2.5,0,0,0,0,0,0,0,0.043478260869565216,69,2.310449277739162,2.6286253705620766,2.783644013106823,0,138
final_hybrid,2026086467,2,3,-17.0,3.0,0,0,0,0,0,0,0,0.012195121951219513,82,2.3286865013310822,2.711213193833828,3.3406447619199753,0,165
final_hybrid,2026086467,3,3,-8.0,2.5,0,0,0,0,0,0,0,0.0,67,2.3188232374725057,2.9092115815728903,2.9563112184405327,0,134
final_hybrid,2026086468,0,3,-36.0,3.0,0,0,0,0,0,0,0,0.01694915254237288,59,2.3684770389759944,2.7397442609071727,3.2193856313824654,0,119
final_hybrid,2026086468,1,3,-8.0,2.5,0,0,0,0,0,0,0,0.02857142857142857,35,2.336340131504195,2.7754441369324923,2.7980790473520756,0,70
final_hybrid,2026086468,2,3,42.0,1.0,1,0,0,0,0,0,0,0.07142857142857142,14,2.280473110399076,2.712899469770491,2.839206252247095,0,28
final_hybrid,2026086468,3,3,-8.0,2.5,0,0,0,0,0,0,0,0.08,25,2.2731532342731953,2.7556166052818294,2.836782019585371,0,50
final_hybrid,2026086469,0,1,-28.0,3.0,0,0,0,0,0,0,0,0.0,60,2.432733316284915,2.998789306730032,3.229493275284767,0,121
final_hybrid,2026086469,1,1,-28.0,3.0,0,0,0,0,0,0,0,0.05,60,2.2964797370756664,2.6016414631158113,2.7544251643121243,0,121
final_hybrid,2026086469,2,1,84.0,1.0,1,1,0,0,0,0,0,0.01639344262295082,61,2.321948358392129,2.816998865455389,2.82899197191,0,121
final_hybrid,2026086469,3,1,34.0,1.0,1,0,0,0,0,0,0,0.023809523809523808,42,2.3738791766975607,2.946286927908659,3.4341998398303986,0,84
final_hybrid,2026086470,0,3,-23.0,3.0,0,0,0,0,0,0,0,0.0,33,2.4170058666530885,2.8609225526452065,2.8921333141624928,0,67
final_hybrid,2026086470,1,3,37.0,1.0,1,0,0,0,0,0,0,0.0,26,2.438433307151382,2.990641165524721,4.318615887314081,0,52
final_hybrid,2026086470,2,3,-21.0,4.0,0,0,1,13,0,0,0,0.03333333333333333,30,2.3289784944305816,2.7825614670291543,2.7936631813645363,0,60
final_hybrid,2026086470,3,3,-8.0,2.5,0,0,0,0,0,0,0,0.0,26,2.3218318819999695,2.8681341791525483,2.8803208842873573,0,52
final_hybrid,2026086471,0,2,-8.0,2.5,0,0,0,0,0,0,0,0.0,40,2.3944552056491375,2.8221488930284977,3.3606248907744884,0,80
final_hybrid,2026086471,1,2,-8.0,2.5,0,0,0,0,0,0,0,0.025,40,2.3128770058974624,2.6705073891207576,2.7295188046991825,0,80
final_hybrid,2026086471,2,2,35.0,1.0,1,0,0,0,0,0,0,0.0,40,2.3677472141571343,2.9411091934889555,2.9989839531481266,0,80
final_hybrid,2026086471,3,2,-8.0,2.5,0,0,0,0,0,0,0,0.0,49,2.3565636662652296,2.9076305218040943,2.9204608872532845,0,98
final_hybrid,2026086472,0,1,38.0,1.0,1,0,0,0,0,0,0,0.10344827586206896,29,2.3483672693114857,2.6627106592059135,3.3071162179112434,0,58
final_hybrid,2026086472,1,1,-22.0,4.0,0,0,1,14,0,0,0,0.030303030303030304,33,2.34101117221695,2.78245834633708,2.7923821471631527,0,66
final_hybrid,2026086472,2,1,-8.0,2.5,0,0,0,0,0,0,0,0.034482758620689655,29,2.333696096621711,2.8675301000475883,2.88729602470994,0,58
final_hybrid,2026086472,3,1,-8.0,2.5,0,0,0,0,0,0,0,0.0,29,2.306392496644423,2.855646051466465,2.880146261304617,0,58
final_hybrid,2026086473,0,3,-8.0,2.5,0,0,0,0,0,0,0,0.03125,32,2.440962300170213,3.0426537850871678,3.4878309816122055,0,64
final_hybrid,2026086473,1,3,-17.0,3.0,0,0,0,0,0,0,0,0.02564102564102564,39,2.351057715713978,2.7925780043005943,3.241904079914093,0,79
final_hybrid,2026086473,2,3,-8.0,2.5,0,0,0,0,0,0,0,0.0,32,2.322934553376399,2.820648509077728,2.8344066813588142,0,64
final_hybrid,2026086473,3,3,32.0,1.0,1,0,0,0,0,0,0,0.08,25,2.3588657565414906,2.7854912914335728,4.064794629812241,0,50
final_hybrid,2026086474,0,0,-8.0,2.5,0,0,0,0,0,0,0,0.0,57,2.426221925895988,2.9514494352042675,3.332276828587055,0,114
final_hybrid,2026086474,1,0,-8.0,2.5,0,0,0,0,0,0,0,0.0,57,2.3758548655008016,2.9209773056209083,3.024681005626917,0,114
final_hybrid,2026086474,2,0,-16.0,4.0,0,0,1,8,0,0,0,0.03508771929824561,57,2.325511872441622,2.7914813719689846,4.052493255585432,0,114
final_hybrid,2026086474,3,0,32.0,1.0,1,0,0,0,0,0,0,0.03508771929824561,57,2.31233235089141,2.6859384030103683,4.055506084114313,0,114
final_hybrid,2026086475,0,0,-19.0,3.0,0,0,0,0,0,0,0,0.028169014084507043,71,2.364439548740924,2.7785326819866896,3.3573643304407597,0,143
final_hybrid,2026086475,1,0,0.0,2.5,0,0,0,0,0,1,0,0.0,82,2.408030647330168,2.945799846202135,3.7113851867616177,0,164
final_hybrid,2026086475,2,0,69.0,1.0,1,1,0,0,0,0,0,0.03225806451612903,62,2.2985292748818473,2.7497078990563746,3.0113980174064636,0,123
final_hybrid,2026086475,3,0,0.0,2.5,0,0,0,0,0,1,0,0.024390243902439025,82,2.2940597690005853,2.713366295211017,3.0189272947609425,0,164
final_hybrid,2026086476,0,1,-17.0,3.0,0,0,0,0,0,0,0,0.02,50,2.3995030019432306,2.8702126815915108,2.9247598722577095,0,101
final_hybrid,2026086476,1,1,39.0,1.0,1,0,0,0,0,0,0,0.08108108108108109,37,2.326748472311207,2.745455969125032,2.8022839687764645,0,74
final_hybrid,2026086476,2,1,-17.0,3.0,0,0,0,0,0,0,0,0.0,50,2.354932641610503,2.8769902419298887,2.92158592492342,0,101
final_hybrid,2026086476,3,1,-17.0,3.0,0,0,0,0,0,0,0,0.02,50,2.3017953895032406,2.7154402807354927,2.869843039661646,0,101
final_hybrid,2026086477,0,3,-17.0,4.0,0,0,1,9,0,0,0,0.0,57,2.4343079380821764,2.937865909188986,2.978143747895956,0,114
final_hybrid,2026086477,1,3,-8.0,2.5,0,0,0,0,0,0,0,0.0,51,2.3594514247687424,2.8962413780391216,2.900725230574608,0,102
final_hybrid,2026086477,2,3,-8.0,2.5,0,0,0,0,0,0,0,0.02040816326530612,49,2.311160341285321,2.715564053505659,2.7405559085309505,0,98
final_hybrid,2026086477,3,3,0.0,2.5,0,0,0,0,0,1,1,0.03409090909090909,88,2.2990535203875466,2.6910502230748534,2.8083487413823605,0,175
final_hybrid,2026086478,0,3,-16.0,3.0,0,0,0,0,0,0,0,0.045454545454545456,44,2.3670730456201867,2.749158930964768,2.8351983055472374,0,89
final_hybrid,2026086478,1,3,51.0,1.0,1,1,0,0,0,0,0,0.0,45,2.3554955195221634,2.914135530591011,3.029061947017908,0,89
final_hybrid,2026086478,2,3,-16.0,3.0,0,0,0,0,0,0,0,0.022727272727272728,44,2.3127223089845343,2.7354890713468194,2.758866176009178,0,89
final_hybrid,2026086478,3,3,-16.0,3.0,0,0,0,0,0,0,0,0.0,44,2.3306938290426675,2.86529827862978,2.902805805206299,0,89
final_hybrid,2026086479,0,3,10.0,2.0,0,0,0,0,0,0,0,0.0,82,2.398000416777483,2.8651469852775335,3.0149128288030624,1,165
final_hybrid,2026086479,1,3,-8.0,2.5,0,0,0,0,0,0,0,0.05357142857142857,56,2.321955332133387,2.6703643379732966,2.7870419435203075,0,112
final_hybrid,2026086479,2,3,-31.0,3.0,0,0,0,0,0,0,0,0.034482758620689655,87,2.2638555316404365,2.5419085286557674,2.7898666448891163,0,175
final_hybrid,2026086479,3,3,-17.0,4.0,0,0,1,9,0,0,0,0.03571428571428571,56,2.3044164242622043,2.780197188258171,2.8153513558208942,0,112
final_hybrid,2026086480,0,0,-19.0,3.0,0,0,0,0,0,0,0,0.06896551724137931,29,2.345093622289855,2.6138397864997387,2.830629236996174,0,59
final_hybrid,2026086480,1,0,-19.0,3.0,0,0,0,0,0,0,0,0.0,31,2.3674098023724173,2.879258943721652,2.9242453165352345,0,63
final_hybrid,2026086480,2,0,57.0,1.0,1,1,0,0,0,0,0,0.03333333333333333,30,2.2913938853889704,2.755860541947186,2.77522299438715,0,59
final_hybrid,2026086480,3,0,-19.0,3.0,0,0,0,0,0,0,0,0.034482758620689655,29,2.3271873721788667,2.845561783760786,2.8839115984737873,0,59
final_hybrid,2026086481,0,0,-23.0,3.0,0,0,0,0,0,0,0,0.058823529411764705,51,2.3398710067803954,2.727821934968233,3.026982769370079,0,103
final_hybrid,2026086481,1,0,84.0,1.0,1,1,0,0,0,0,0,0.014925373134328358,67,2.337001715856257,2.7279106434434652,3.1245537102222443,0,133
final_hybrid,2026086481,2,0,-8.0,2.5,0,0,0,0,0,0,0,0.030303030303030304,66,2.3091360009416486,2.8469671960920095,2.884877845644951,0,132
final_hybrid,2026086481,3,0,-21.0,4.0,0,0,1,13,0,0,0,0.0,59,2.346443912109076,2.9173041228204966,3.258252050727606,0,118
final_hybrid,2026086482,0,2,51.0,1.0,1,1,0,0,0,0,0,0.0,33,2.382173047711452,2.790850680321455,2.8352937661111355,0,65
final_hybrid,2026086482,1,2,-18.0,4.0,0,0,1,10,0,0,0,0.0,40,2.367212437093258,2.790849725715816,2.82160472124815,0,80
final_hybrid,2026086482,2,2,-17.0,3.0,0,0,0,0,0,0,0,0.0,32,2.3259459994733334,2.812395943328738,2.819777000695467,0,65
final_hybrid,2026086482,3,2,-17.0,3.0,0,0,0,0,0,0,0,0.03125,32,2.2889232059242204,2.7304727118462324,2.758287824690342,0,65
final_hybrid,2026086483,0,2,37.0,1.0,1,0,0,0,0,0,0,0.034482758620689655,58,2.3578225056929836,2.6718893088400364,3.313348162919283,0,115
final_hybrid,2026086483,1,2,-8.0,2.5,0,0,0,0,0,0,0,0.0,55,2.389127854257822,2.9516262467950583,3.3315452747046947,0,110
final_hybrid,2026086483,2,2,-8.0,2.5,0,0,0,0,0,0,0,0.013333333333333334,75,2.3333829268813133,2.830126602202654,2.881580963730812,0,150
final_hybrid,2026086483,3,2,-16.0,4.0,0,0,1,8,0,0,0,0.03225806451612903,62,2.336649201630104,2.876580599695444,2.9488257132470608,0,124
final_hybrid,2026086484,0,3,-8.0,2.5,0,0,0,0,0,0,0,0.0,21,2.3773537194799808,2.796370070427656,2.8194538317620754,0,42
final_hybrid,2026086484,1,3,32.0,1.0,1,0,0,0,0,0,0,0.0,47,2.388845514902409,2.989534940570593,3.087111748754978,0,94
final_hybrid,2026086484,2,3,-8.0,2.5,0,0,0,0,0,0,0,0.0,41,2.327407483102345,2.7576289139688015,2.771527972072363,0,82
final_hybrid,2026086484,3,3,-8.0,2.5,0,0,0,0,0,0,0,0.0,27,2.313594454554496,2.850462356582284,2.8732819482684135,0,54
final_hybrid,2026086485,0,0,54.0,1.0,1,0,0,0,0,0,0,0.0,24,2.3871835631628833,2.736178832128644,2.7858070097863674,0,48
final_hybrid,2026086485,1,0,-34.0,3.0,0,0,0,0,0,0,0,0.0,33,2.350642035404841,2.786998823285103,3.3791540190577507,0,67
final_hybrid,2026086485,2,0,-34.0,3.0,0,0,0,0,0,0,0,0.030303030303030304,33,2.3034364831718532,2.792586386203766,2.810021862387657,0,67
final_hybrid,2026086485,3,0,-8.0,2.5,0,0,0,0,0,0,0,0.041666666666666664,24,2.297582085399578,2.7675408869981766,2.777386922389269,0,48
final_hybrid,2026086486,0,1,-8.0,2.5,0,0,0,0,0,0,0,0.02631578947368421,38,2.3901219308180246,2.8402134776115417,2.8603607788681984,0,76
final_hybrid,2026086486,1,1,-39.0,3.0,0,0,0,0,0,0,0,0.0,40,2.355640649329871,2.873585233464837,2.927035093307495,0,81
final_hybrid,2026086486,2,1,-17.0,4.0,0,0,1,9,0,0,0,0.05128205128205128,39,2.2575535739843664,2.5798178743571043,2.626687753945589,0,78
final_hybrid,2026086486,3,1,34.0,1.0,1,0,0,0,0,0,0,0.037037037037037035,27,2.3122256345770977,2.7208622079342604,2.7473722584545612,0,54
final_hybrid,2026086487,0,3,70.0,1.0,1,0,0,0,0,0,0,0.04838709677419355,62,2.365767452565412,2.791260927915573,3.33107216283679,0,124
final_hybrid,2026086487,1,3,-28.0,3.0,0,0,0,0,0,0,0,0.02564102564102564,39,2.323598099442629,2.7031726203858852,2.7527008205652237,0,79
final_hybrid,2026086487,2,3,-28.0,3.0,0,0,0,0,0,0,0,0.05128205128205128,39,2.2887630173220086,2.7694961056113243,2.814298029989004,0,79
final_hybrid,2026086487,3,3,84.0,1.0,1,1,0,0,0,0,0,0.05,40,2.2909157210960984,2.7599441120401025,2.8551178984344006,0,79
final_hybrid,2026086488,0,1,48.0,1.0,1,0,0,0,0,0,0,0.0,44,2.3783571933480827,2.830816595815122,2.8426027856767178,0,88
final_hybrid,2026086488,1,1,-8.0,2.5,0,0,0,0,0,0,0,0.046511627906976744,43,2.3173890076577663,2.7168425265699625,2.77286721393466,0,86
final_hybrid,2026086488,2,1,-8.0,2.5,0,0,0,0,0,0,0,0.06976744186046512,43,2.3107798228603462,2.736535156145692,2.769195009022951,0,86
final_hybrid,2026086488,3,1,-8.0,2.5,0,0,0,0,0,0,0,0.0,44,2.366592694835907,2.9530170373618603,3.0493256635963917,0,88
final_hybrid,2026086489,0,1,34.0,1.0,1,0,0,0,0,0,0,0.015873015873015872,63,2.3829455871785443,2.7617717627435923,3.297658171504736,0,126
final_hybrid,2026086489,1,1,-19.0,3.0,0,0,0,0,0,0,0,0.015625,64,2.3665995831834152,2.7671659365296364,3.5169939510524273,0,129
final_hybrid,2026086489,2,1,-18.0,3.0,0,0,0,0,0,0,0,0.016666666666666666,60,2.3309677373617887,2.843149029649794,2.8757890686392784,0,121
final_hybrid,2026086489,3,1,-8.0,2.5,0,0,0,0,0,0,0,0.0273972602739726,73,2.355868940892285,2.8517174534499645,2.967746928334236,0,146
final_hybrid,2026086490,0,1,10.0,2.0,0,0,0,0,0,0,0,0.03488372093023256,86,2.356988659431768,2.7505658799782395,3.0396468937397003,1,173
final_hybrid,2026086490,1,1,-16.0,4.0,0,0,1,8,0,0,0,0.0,69,2.3715695420253105,2.9038235545158386,3.020873758941889,0,139
final_hybrid,2026086490,2,1,0.0,2.5,0,0,0,0,0,1,0,0.011627906976744186,86,2.3671219905101974,2.9196582036092877,3.0428851023316383,0,173
final_hybrid,2026086490,3,1,-17.0,4.0,0,0,1,9,0,0,0,0.0,65,2.3533954141804805,2.8822398744523525,2.9143081046640873,0,130
final_hybrid,2026086491,0,3,57.0,1.0,1,1,0,0,0,0,0,0.06896551724137931,29,2.335258888016487,2.6949003338813777,2.819029614329338,0,57
final_hybrid,2026086491,1,3,-21.0,4.0,0,0,1,13,0,0,0,0.0,44,2.373263546773656,2.7664658380672336,2.822719980031252,0,88
final_hybrid,2026086491,2,3,37.0,1.0,1,0,0,0,0,0,0,0.0,38,2.3545436316022745,2.9435810167342424,3.029115032404661,0,76
final_hybrid,2026086491,3,3,-8.0,2.5,0,0,0,0,0,0,0,0.041666666666666664,48,2.294625388458371,2.7553975116461515,2.8159278444945812,0,96
final_hybrid,2026086492,0,1,-8.0,2.5,0,0,0,0,0,0,0,0.0,28,2.41506179528577,2.9274514643475413,2.9678228311240673,0,56
final_hybrid,2026086492,1,1,-8.0,2.5,0,0,0,0,0,0,0,0.0,28,2.3325547309858456,2.8296689270064235,2.852574922144413,0,56
final_hybrid,2026086492,2,1,-20.0,4.0,0,0,1,12,0,0,0,0.034482758620689655,29,2.353909666296737,2.7768454514443874,2.7805441059172153,0,58
final_hybrid,2026086492,3,1,36.0,1.0,1,0,0,0,0,0,0,0.0,28,2.3568581423855255,2.8722373535856605,2.899300307035446,0,56
final_hybrid,2026086493,0,3,32.0,1.0,1,0,0,0,0,0,0,0.018518518518518517,54,2.3842303220320633,2.7514341985806823,2.7969959191977978,0,107
final_hybrid,2026086493,1,3,40.0,1.0,1,0,0,0,0,0,0,0.0,45,2.367727727525764,2.8629567474126816,2.8959251940250397,0,91
final_hybrid,2026086493,2,3,-18.0,3.0,0,0,0,0,0,0,0,0.01639344262295082,61,2.340163684404287,2.876751124858856,2.9838047921657562,0,124
final_hybrid,2026086493,3,3,99.0,1.0,1,1,0,0,0,0,0,0.014705882352941176,68,2.3161808836876467,2.762529137544334,2.8031831607222557,0,136
final_hybrid,2026086494,0,1,35.0,1.0,1,0,0,0,0,0,0,0.0,70,2.4441292775528773,3.0194591032341123,3.1562061049044132,0,140
final_hybrid,2026086494,1,1,-19.0,3.0,0,0,0,0,0,0,0,0.012987012987012988,77,2.385079443406362,2.932036854326725,2.968281041830778,0,156
final_hybrid,2026086494,2,1,99.0,1.0,1,1,0,0,0,0,0,0.0,47,2.323739428786521,2.714918414130807,2.7240747585892677,0,93
final_hybrid,2026086494,3,1,-22.0,3.0,0,0,0,0,0,0,0,0.015873015873015872,63,2.341209105142052,2.831745147705078,2.883271314203739,0,128
final_hybrid,2026086495,0,3,-21.0,3.0,0,0,0,0,0,0,0,0.05,20,2.4187075439840555,2.8729147743433714,2.8750337660312653,0,41
final_hybrid,2026086495,1,3,63.0,1.0,1,1,0,0,0,0,0,0.0,21,2.376224889996506,2.869738731533289,2.905449364334345,0,41
final_hybrid,2026086495,2,3,-21.0,3.0,0,0,0,0,0,0,0,0.0,20,2.3126795887947083,2.8491483768448234,2.8574257157742977,0,41
final_hybrid,2026086495,3,3,-21.0,3.0,0,0,0,0,0,0,0,0.05,20,2.3008579155430198,2.765178820118308,2.87258205935359,0,41
final_hybrid,2026086496,0,2,60.0,1.0,1,1,0,0,0,0,0,0.0,51,2.4077121588383235,2.8838426806032658,3.4033339470624924,0,101
final_hybrid,2026086496,1,2,-20.0,3.0,0,0,0,0,0,0,0,0.02,50,2.3408618848770857,2.7340935776010156,2.7772863395512104,0,101
final_hybrid,2026086496,2,2,-16.0,4.0,0,0,1,8,0,0,0,0.04081632653061224,49,2.335327896004429,2.819220907986164,2.8539691120386124,0,98
final_hybrid,2026086496,3,2,-20.0,3.0,0,0,0,0,0,0,0,0.0,50,2.3378047347068787,2.8554745949804783,2.861960791051388,0,101
final_hybrid,2026086497,0,3,-20.0,4.0,0,0,1,12,0,0,0,0.045454545454545456,22,2.4471425409005447,2.823501150123775,3.4343283623456955,0,44
final_hybrid,2026086497,1,3,-8.0,2.5,0,0,0,0,0,0,0,0.0,18,2.315776551970177,2.8187922667711973,2.8672562912106514,0,36
final_hybrid,2026086497,2,3,-20.0,4.0,0,0,1,12,0,0,0,0.0,18,2.2857512295660047,2.800297108478844,2.846882212907076,0,36
final_hybrid,2026086497,3,3,36.0,1.0,1,0,0,0,0,0,0,0.2222222222222222,18,2.3103833146807222,2.6780468877404924,2.8583258390426636,0,36
final_hybrid,2026086498,0,1,36.0,1.0,1,0,0,0,0,0,0,0.0,34,2.4340181775829373,2.926541375927627,3.0200909823179245,0,68
final_hybrid,2026086498,1,1,-20.0,3.0,0,0,0,0,0,0,0,0.06060606060606061,33,2.325464308148984,2.7374680154025555,2.78231268748641,0,67
final_hybrid,2026086498,2,1,-20.0,3.0,0,0,0,0,0,0,0,0.0,34,2.3790579973993933,2.9515891801565886,3.506253007799387,0,69
final_hybrid,2026086498,3,1,-20.0,4.0,0,0,1,12,0,0,0,0.07692307692307693,39,2.2911227141053248,2.7486224193125963,2.767561934888363,0,78
final_hybrid,2026086499,0,2,-16.0,4.0,0,0,1,8,0,0,0,0.034482758620689655,29,2.3999419705621126,2.8380160219967365,2.848489675670862,0,59
final_hybrid,2026086499,1,2,32.0,1.0,1,0,0,0,0,0,0,0.038461538461538464,26,2.3763277747023563,2.854085876606405,2.889583818614483,0,51
final_hybrid,2026086499,2,2,-8.0,2.5,0,0,0,0,0,0,0,0.04,25,2.285380754619837,2.6494380086660385,2.6572346687316895,0,51
final_hybrid,2026086499,3,2,-8.0,2.5,0,0,0,0,0,0,0,0.0,25,2.3319336399435997,2.8149807825684547,2.831436228007078,0,51
