model,wall_seed,seat,prevalent_wind,score,rank,win,self_draw,deal_in,deal_in_fan,big_deal_in,draw,draw_tenpai,call_rate,decisions,mean_decision_ms,p95_decision_ms,max_decision_ms,invalid_or_timeout,steps
final_hybrid,2026086000,0,1,0.0,2.5,0,0,0,0,0,1,1,0.034482758620689655,87,6.597837658020957,2.8649960178881884,364.69554901123047,0,174
final_hybrid,2026086000,1,1,37.0,1.0,1,0,0,0,0,0,0,0.0,35,2.4036020572696413,2.888055704534054,3.1581642106175423,0,70
final_hybrid,2026086000,2,1,33.0,1.0,1,0,0,0,0,0,0,0.04081632653061224,49,2.4802346656821213,2.9179404489696026,5.893384106457233,0,98
final_hybrid,2026086000,3,1,54.0,1.0,1,1,0,0,0,0,0,0.045454545454545456,44,2.323237946256995,2.689003013074398,2.841087058186531,0,87
final_hybrid,2026086001,0,0,-33.0,3.0,0,0,0,0,0,0,0,0.023809523809523808,42,2.468963253444859,2.890484035015106,3.9166309870779514,0,85
final_hybrid,2026086001,1,0,-33.0,3.0,0,0,0,0,0,0,0,0.0,42,2.378410349289576,2.796984068118036,2.835777122527361,0,85
final_hybrid,2026086001,2,0,32.0,1.0,1,0,0,0,0,0,0,0.025,80,2.3936052864883095,2.8715342981740832,5.0507038831710815,0,160
final_hybrid,2026086001,3,0,-33.0,3.0,0,0,0,0,0,0,0,0.047619047619047616,42,2.302339744000208,2.6331819826737046,2.659505233168602,0,85
final_hybrid,2026086002,0,3,34.0,1.0,1,0,0,0,0,0,0,0.034482758620689655,29,2.46804337627415,2.7625540271401405,4.755889065563679,0,58
final_hybrid,2026086002,1,3,-8.0,2.5,0,0,0,0,0,0,0,0.0,37,2.777445495027948,4.352150950580833,5.886293016374111,0,74
final_hybrid,2026086002,2,3,-18.0,4.0,0,0,1,10,0,0,0,0.02702702702702703,37,2.394696118662486,2.9305082745850086,2.9389159753918648,0,74
final_hybrid,2026086002,3,3,-33.0,3.0,0,0,0,0,0,0,0,0.0,47,2.368723062124658,2.8779621236026287,3.432796336710453,0,95
final_hybrid,2026086003,0,2,-8.0,2.5,0,0,0,0,0,0,0,0.02857142857142857,70,2.4260336799280986,2.8346352046355605,3.9963871240615845,0,140
final_hybrid,2026086003,1,2,-8.0,2.5,0,0,0,0,0,0,0,0.0,19,2.533741295337677,3.0823751352727373,4.7925482504069805,0,38
final_hybrid,2026086003,2,2,-17.0,4.0,0,0,1,9,0,0,0,0.014285714285714285,70,2.357201338080423,2.818656829185784,2.920494880527258,0,140
final_hybrid,2026086003,3,2,-8.0,2.5,0,0,0,0,0,0,0,0.0,70,2.391675640163677,2.88156196475029,3.9436626248061657,0,140
final_hybrid,2026086004,0,0,-8.0,2.5,0,0,0,0,0,0,0,0.0,44,2.485762879421765,2.936905366368592,5.0593409687280655,0,88
final_hybrid,2026086004,1,0,-17.0,4.0,0,0,1,9,0,0,0,0.016666666666666666,60,2.4364283153166375,2.8147545643150806,4.851714242249727,0,120
final_hybrid,2026086004,2,0,33.0,1.0,1,0,0,0,0,0,0,0.016129032258064516,62,2.393941920731337,2.9896765016019344,3.960890229791403,0,124
final_hybrid,2026086004,3,0,-17.0,4.0,0,0,1,9,0,0,0,0.05,60,2.3413495548690357,2.7398190228268504,3.123058006167412,0,120
final_hybrid,2026086005,0,2,-18.0,3.0,0,0,0,0,0,0,0,0.047619047619047616,42,2.385280205912533,2.647548075765371,3.6211879923939705,0,85
final_hybrid,2026086005,1,2,63.0,1.0,1,1,0,0,0,0,0,0.0,45,2.41959560662508,3.0238869599997993,3.1539183109998703,0,89
final_hybrid,2026086005,2,2,-17.0,4.0,0,0,1,9,0,0,0,0.0625,32,2.381283717113547,2.8910577995702624,4.094678908586502,0,64
final_hybrid,2026086005,3,2,-18.0,3.0,0,0,0,0,0,0,0,0.047619047619047616,42,2.291030128530803,2.6395812863484025,2.7059712447226048,0,85
final_hybrid,2026086006,0,1,60.0,1.0,1,1,0,0,0,0,0,0.022222222222222223,45,2.4127909706698523,2.871930133551359,2.9575442895293236,0,89
final_hybrid,2026086006,1,1,-17.0,4.0,0,0,1,9,0,0,0,0.03125,64,2.361311919230502,2.776923729106784,3.1359666027128696,0,128
final_hybrid,2026086006,2,1,-20.0,4.0,0,0,1,12,0,0,0,0.08888888888888889,45,2.389312328563796,2.803127747029066,4.463650286197662,0,90
final_hybrid,2026086006,3,1,36.0,1.0,1,0,0,0,0,0,0,0.0,41,2.3944649004899876,2.9837526381015778,3.1269430182874203,0,82
final_hybrid,2026086007,0,2,-18.0,3.0,0,0,0,0,0,0,0,0.023809523809523808,42,2.4344475407685553,2.773796347901225,3.984070848673582,0,85
final_hybrid,2026086007,1,2,54.0,1.0,1,1,0,0,0,0,0,0.023255813953488372,43,2.3753492941343506,2.7984485030174255,3.7176990881562233,0,85
final_hybrid,2026086007,2,2,-18.0,3.0,0,0,0,0,0,0,0,0.09090909090909091,44,2.297957046804103,2.643882459960878,2.810611855238676,0,89
final_hybrid,2026086007,3,2,-18.0,3.0,0,0,0,0,0,0,0,0.0,42,2.454897965348902,3.0485562747344375,5.437998101115227,0,85
final_hybrid,2026086008,0,3,-8.0,2.5,0,0,0,0,0,0,0,0.011494252873563218,87,2.467898882111941,2.8464498464018106,4.853277001529932,0,174
final_hybrid,2026086008,1,3,33.0,1.0,1,0,0,0,0,0,0,0.0,79,2.495147323212292,3.137815417721867,6.324862129986286,0,158
final_hybrid,2026086008,2,3,34.0,1.0,1,0,0,0,0,0,0,0.029411764705882353,68,2.3861785337109778,2.9117028694599867,4.826714750379324,0,136
final_hybrid,2026086008,3,3,-8.0,2.5,0,0,0,0,0,0,0,0.029411764705882353,68,2.415878773557351,2.868210803717375,5.424114875495434,0,136
final_hybrid,2026086009,0,1,65.0,1.0,1,0,0,0,0,0,0,0.1111111111111111,18,2.56957755320602,3.3901538932695954,5.260455887764692,0,36
final_hybrid,2026086009,1,1,-8.0,2.5,0,0,0,0,0,0,0,0.0,35,2.458484098315239,2.8642531018704176,5.740582011640072,0,70
final_hybrid,2026086009,2,1,-8.0,2.5,0,0,0,0,0,0,0,0.030303030303030304,33,2.3836307650939985,2.9190232045948505,2.9742009937763214,0,66
final_hybrid,2026086009,3,1,-51.0,4.0,0,0,1,43,1,0,0,0.0,32,2.3481153330067173,2.816057694144547,2.823560032993555,0,64
final_hybrid,2026086010,0,3,10.0,2.0,0,0,0,0,0,0,0,0.015625,64,2.47269231476821,2.9043203918263316,5.854668095707893,1,130
final_hybrid,2026086010,1,3,-8.0,2.5,0,0,0,0,0,0,0,0.06521739130434782,46,2.3354192507331786,2.7295274194329977,2.8173979371786118,0,93
final_hybrid,2026086010,2,3,38.0,1.0,1,0,0,0,0,0,0,0.046511627906976744,43,2.315503859156093,2.7406876906752586,2.779813949018717,0,85
final_hybrid,2026086010,3,3,34.0,1.0,1,0,0,0,0,0,0,0.014925373134328358,67,2.3353214153269333,2.783046802505851,3.9801127277314663,0,135
final_hybrid,2026086011,0,0,-8.0,2.5,0,0,0,0,0,0,0,0.06666666666666667,45,2.5158619715107813,2.859108801931142,5.9210630133748055,0,90
final_hybrid,2026086011,1,0,33.0,1.0,1,0,0,0,0,0,0,0.05,40,2.384008327499032,2.657307405024767,4.809947684407234,0,80
final_hybrid,2026086011,2,0,-20.0,4.0,0,0,1,12,0,0,0,0.0,35,2.467409720910447,2.931819763034582,4.683352075517178,0,70
final_hybrid,2026086011,3,0,44.0,1.0,1,0,0,0,0,0,0,0.043478260869565216,69,2.3401466036296408,2.8749373741447926,2.9433737508952618,0,138
final_hybrid,2026086012,0,3,38.0,1.0,1,0,0,0,0,0,0,0.02127659574468085,47,2.4506911595768117,2.8323712293058634,4.988697823137045,0,94
final_hybrid,2026086012,1,3,-16.0,3.0,0,0,0,0,0,0,0,0.04411764705882353,68,2.337286721312386,2.66720955260098,2.818611916154623,0,138
final_hybrid,2026086012,2,3,-23.0,3.0,0,0,0,0,0,0,0,0.014925373134328358,67,2.397885281981817,2.892229100689292,5.981098860502243,0,135
final_hybrid,2026086012,3,3,-23.0,3.0,0,0,0,0,0,0,0,0.028985507246376812,69,2.326779020275327,2.716209925711155,2.8350171633064747,0,138
final_hybrid,2026086013,0,2,0.0,2.5,0,0,0,0,0,1,1,0.022727272727272728,88,2.4653317205692558,2.8697622939944267,4.621273837983608,0,176
final_hybrid,2026086013,1,2,0.0,2.5,0,0,0,0,0,1,0,0.0,86,2.4212998403019683,2.900686115026474,4.7223977744579315,0,172
final_hybrid,2026086013,2,2,-20.0,4.0,0,0,1,12,0,0,0,0.0,42,2.3803888554019585,2.9028341406956315,3.508014138787985,0,84
final_hybrid,2026086013,3,2,0.0,2.5,0,0,0,0,0,1,1,0.023255813953488372,86,2.339578970053861,2.758182119578123,2.800246234983206,0,172
final_hybrid,2026086014,0,0,-17.0,4.0,0,0,1,9,0,0,0,0.023255813953488372,43,2.412671829725421,2.811600174754858,2.8716796077787876,0,86
final_hybrid,2026086014,1,0,-16.0,3.0,0,0,0,0,0,0,0,0.0,37,2.372710235618256,2.919343952089548,2.9517700895667076,0,75
final_hybrid,2026086014,2,0,-16.0,3.0,0,0,0,0,0,0,0,0.10810810810810811,37,2.2870746969773963,2.595492824912071,2.7632080018520355,0,75
final_hybrid,2026086014,3,0,-8.0,2.5,0,0,0,0,0,0,0,0.043478260869565216,46,2.370788685410567,2.7247664984315634,4.6756817027926445,0,92
final_hybrid,2026086015,0,1,-25.0,3.0,0,0,0,0,0,0,0,0.061224489795918366,49,2.372985933812297,2.626806404441595,2.816686872392893,0,99
final_hybrid,2026086015,1,1,-25.0,3.0,0,0,0,0,0,0,0,0.0,49,2.4087422584392586,2.844897098839283,3.084088210016489,0,99
final_hybrid,2026086015,2,1,75.0,1.0,1,1,0,0,0,0,0,0.02,50,2.406012611463666,2.898561814799905,5.5268737487494946,0,99
final_hybrid,2026086015,3,1,-22.0,4.0,0,0,1,14,0,0,0,0.0,49,2.3390394160333945,2.881980687379837,2.9880553483963013,0,98
final_hybrid,2026086016,0,0,-17.0,4.0,0,0,1,9,0,0,0,0.0,63,2.4013599114758626,2.7696069329977036,2.8801760636270046,0,126
final_hybrid,2026086016,1,0,-8.0,2.5,0,0,0,0,0,0,0,0.04838709677419355,62,2.34250177539164,2.7641992084681988,2.7924207970499992,0,124
final_hybrid,2026086016,2,0,32.0,1.0,1,0,0,0,0,0,0,0.05714285714285714,35,2.301370073109865,2.6573773939162493,2.849029842764139,0,70
final_hybrid,2026086016,3,0,-17.0,4.0,0,0,1,9,0,0,0,0.018518518518518517,54,2.325237409591123,2.724719070829451,2.7468600310385227,0,108
final_hybrid,2026086017,0,0,-19.0,4.0,0,0,1,11,0,0,0,0.0,38,2.455458620955285,2.9820070136338472,3.0254791490733624,0,76
final_hybrid,2026086017,1,0,-8.0,2.5,0,0,0,0,0,0,0,0.047619047619047616,42,2.3228131301168884,2.6980703929439187,2.786208875477314,0,84
final_hybrid,2026086017,2,0,33.0,1.0,1,0,0,0,0,0,0,0.047619047619047616,42,2.3310444362106777,2.7560786809772253,2.787719015032053,0,84
final_hybrid,2026086017,3,0,-8.0,2.5,0,0,0,0,0,0,0,0.034482758620689655,29,2.34598517096762,2.860782016068697,2.8742807917296886,0,58
final_hybrid,2026086018,0,3,-18.0,3.0,0,0,0,0,0,0,0,0.03225806451612903,31,2.4112030232865966,2.856642473489046,2.8895088471472263,0,63
final_hybrid,2026086018,1,3,-18.0,3.0,0,0,0,0,0,0,0,0.0,31,2.381805811197527,2.8470444958657026,2.887444104999304,0,63
final_hybrid,2026086018,2,3,-18.0,3.0,0,0,0,0,0,0,0,0.03225806451612903,31,2.398278714428025,2.937040524557233,2.948045264929533,0,63
final_hybrid,2026086018,3,3,57.0,1.0,1,1,0,0,0,0,0,0.03125,32,2.348832509596832,2.93454781640321,2.9770233668386936,0,63
final_hybrid,2026086019,0,1,32.0,1.0,1,0,0,0,0,0,0,0.13333333333333333,15,2.3784959067900977,2.736821351572871,2.8619770891964436,0,30
final_hybrid,2026086019,1,1,-8.0,2.5,0,0,0,0,0,0,0,0.0,15,2.3643769013384976,2.7771810069680214,2.7851820923388004,0,30
final_hybrid,2026086019,2,1,-16.0,4.0,0,0,1,8,0,0,0,0.0,15,2.3692700701455274,2.8633393812924623,2.869325689971447,0,30
final_hybrid,2026086019,3,1,-8.0,2.5,0,0,0,0,0,0,0,0.0,15,2.3194800751904645,2.82332138158381,2.832828089594841,0,30
final_hybrid,2026086020,0,1,49.0,1.0,1,0,0,0,0,0,0,0.015384615384615385,65,2.4128210086088915,2.7989880181849003,2.89287231862545,0,130
final_hybrid,2026086020,1,1,-8.0,2.5,0,0,0,0,0,0,0,0.0,66,2.4451286616650494,3.0329253058880568,3.094322979450226,0,132
final_hybrid,2026086020,2,1,-21.0,4.0,0,0,1,13,0,0,0,0.07692307692307693,26,2.3333614226430655,2.779500442557037,2.806323114782572,0,52
final_hybrid,2026086020,3,1,-8.0,2.5,0,0,0,0,0,0,0,0.0,78,2.4509147191658998,3.219686704687774,4.2752958834171295,0,156
final_hybrid,2026086021,0,2,48.0,1.0,1,0,0,0,0,0,0,0.0,47,2.4026830958083587,2.7769741136580706,2.839800901710987,0,94
final_hybrid,2026086021,1,2,0.0,2.5,0,0,0,0,0,1,0,0.0,84,2.409461170567998,2.9446180211380124,3.101013135164976,0,168
final_hybrid,2026086021,2,2,0.0,2.5,0,0,0,0,0,1,0,0.011904761904761904,84,2.3472811306072843,2.784694265574217,2.8786160983145237,0,168
final_hybrid,2026086021,3,2,-8.0,2.5,0,0,0,0,0,0,0,0.03125,64,2.3231996165122837,2.7821943629533052,2.85751698538661,0,128
final_hybrid,2026086022,0,1,-8.0,2.5,0,0,0,0,0,0,0,0.0,34,2.4775789146695066,3.038111818023026,3.088067751377821,0,68
final_hybrid,2026086022,1,1,-17.0,4.0,0,0,1,9,0,0,0,0.05,20,2.3696856340393424,2.730314526706934,2.842765301465988,0,40
final_hybrid,2026086022,2,1,-8.0,2.5,0,0,0,0,0,0,0,0.023255813953488372,43,2.3321826335822426,2.780110901221633,2.8386879712343216,0,86
final_hybrid,2026086022,3,1,-27.0,4.0,0,0,1,19,0,0,0,0.08823529411764706,34,2.2768661763299916,2.555117313750088,2.63947993516922,0,68
final_hybrid,2026086023,0,2,-26.0,3.0,0,0,0,0,0,0,0,0.01639344262295082,61,2.406199691725559,2.7661677449941635,3.3835340291261673,0,123
final_hybrid,2026086023,1,2,35.0,1.0,1,0,0,0,0,0,0,0.016129032258064516,62,2.426611800347605,2.7835222892463207,4.756737966090441,0,125
final_hybrid,2026086023,2,2,-8.0,2.5,0,0,0,0,0,0,0,0.078125,64,2.36192064039642,2.8262224048376083,3.0699712224304676,0,127
final_hybrid,2026086023,3,2,-26.0,3.0,0,0,0,0,0,0,0,0.04918032786885246,61,2.300575879387191,2.652736846357584,2.6861829683184624,0,123
final_hybrid,2026086024,0,1,-21.0,3.0,0,0,0,0,0,0,0,0.06818181818181818,44,2.4991795124316756,3.2630677102133636,4.338763654232025,0,89
final_hybrid,2026086024,1,1,54.0,1.0,1,1,0,0,0,0,0,0.0,33,2.417779936822075,3.074375167489052,3.1118826009333134,0,65
final_hybrid,2026086024,2,1,-32.0,4.0,0,0,1,24,0,0,0,0.043478260869565216,46,2.3360988631358612,2.7969871880486608,2.8602699749171734,0,92
final_hybrid,2026086024,3,1,-8.0,2.5,0,0,0,0,0,0,0,0.0,27,2.3370962934913457,2.8284328524023294,2.8365920297801495,0,54
final_hybrid,2026086025,0,2,-8.0,2.5,0,0,0,0,0,0,0,0.014492753623188406,69,2.393528015987165,2.7583298273384567,2.8648353181779385,0,138
final_hybrid,2026086025,1,2,-19.0,4.0,0,0,1,11,0,0,0,0.0,54,2.388887659267143,2.861716481857002,2.903949934989214,0,108
final_hybrid,2026086025,2,2,-8.0,2.5,0,0,0,0,0,0,0,0.030303030303030304,66,2.315341911250443,2.6787634706124663,2.7005071751773357,0,132
final_hybrid,2026086025,3,2,-8.0,2.5,0,0,0,0,0,0,0,0.04,50,2.3368661291897297,2.8192189056426282,2.9187570326030254,0,100
final_hybrid,2026086026,0,3,43.0,1.0,1,0,0,0,0,0,0,0.041666666666666664,24,2.409802128871282,2.814031089656055,2.866406925022602,0,48
final_hybrid,2026086026,1,3,-8.0,2.5,0,0,0,0,0,0,0,0.01639344262295082,61,2.392921581497935,2.8252159245312214,4.317010287195444,0,122
final_hybrid,2026086026,2,3,-8.0,2.5,0,0,0,0,0,0,0,0.0,24,2.348161166689048,2.9349287506192923,2.9525477439165115,0,48
final_hybrid,2026086026,3,3,-8.0,2.5,0,0,0,0,0,0,0,0.045454545454545456,44,2.310138544999063,2.670684107579291,2.791806124150753,0,88
final_hybrid,2026086027,0,3,-22.0,3.0,0,0,0,0,0,0,0,0.0,42,2.4221089469002828,2.939396444708109,2.990884706377983,0,85
final_hybrid,2026086027,1,3,-22.0,3.0,0,0,0,0,0,0,0,0.07142857142857142,42,2.332102529527176,2.7018109569326043,2.7969349175691605,0,85
final_hybrid,2026086027,2,3,-8.0,2.5,0,0,0,0,0,0,0,0.05555555555555555,36,2.3598852696725063,2.828146913088858,2.857852727174759,0,72
final_hybrid,2026086027,3,3,66.0,1.0,1,1,0,0,0,0,0,0.023255813953488372,43,2.368451453485461,2.959786169230938,3.0088922940194607,0,85
final_hybrid,2026086028,0,0,36.0,1.0,1,0,0,0,0,0,0,0.0,15,2.422556964059671,2.8556615579873323,2.8937291353940964,0,30
final_hybrid,2026086028,1,0,-8.0,2.5,0,0,0,0,0,0,0,0.0,17,2.3740346214788803,2.829789277166128,2.903351094573736,0,34
final_hybrid,2026086028,2,0,-20.0,4.0,0,0,1,12,0,0,0,0.0,17,2.3581423413227585,2.8684210032224655,2.8882287442684174,0,34
final_hybrid,2026086028,3,0,-8.0,2.5,0,0,0,0,0,0,0,0.058823529411764705,17,2.331706037854447,2.7505596168339252,2.7706590481102467,0,34
final_hybrid,2026086029,0,0,0.0,2.5,0,0,0,0,0,1,0,0.03333333333333333,90,2.3861035187211304,2.7131906477734447,2.8783492743968964,0,180
final_hybrid,2026086029,1,0,-8.0,2.5,0,0,0,0,0,0,0,0.04838709677419355,62,2.3261134723021137,2.7491029351949687,2.839914057403803,0,124
final_hybrid,2026086029,2,0,-21.0,4.0,0,0,1,13,0,0,0,0.05084745762711865,59,2.308236987535226,2.6181185152381654,2.8416626155376434,0,118
final_hybrid,2026086029,3,0,-17.0,4.0,0,0,1,9,0,0,0,0.025,40,2.3513373802416027,2.8690644772723317,2.901300322264433,0,80
final_hybrid,2026086030,0,2,-32.0,4.0,0,0,1,24,0,0,0,0.06060606060606061,33,2.4087628293218035,2.8748306445777416,2.894242759793997,0,66
final_hybrid,2026086030,1,2,-8.0,2.5,0,0,0,0,0,0,0,0.02857142857142857,35,2.3397711105644703,2.753418730571866,2.778366208076477,0,70
final_hybrid,2026086030,2,2,-32.0,4.0,0,0,1,24,0,0,0,0.0,35,2.365981614483254,2.961907023563981,2.984418999403715,0,70
final_hybrid,2026086030,3,2,-8.0,2.5,0,0,0,0,0,0,0,0.0392156862745098,51,2.2959871783706487,2.76496191509068,2.821513917297125,0,102
final_hybrid,2026086031,0,2,-17.0,3.0,0,0,0,0,0,0,0,0.019230769230769232,52,2.3684090612312922,2.774735610000789,2.835245802998543,0,105
final_hybrid,2026086031,1,2,-17.0,3.0,0,0,0,0,0,0,0,0.0,55,2.3790358819744806,2.9717563185840845,3.0388073064386845,0,111
final_hybrid,2026086031,2,2,-8.0,2.5,0,0,0,0,0,0,0,0.02564102564102564,39,2.299372667972094,2.684735180810094,2.6874812319874763,0,78
final_hybrid,2026086031,3,2,-17.0,3.0,0,0,0,0,0,0,0,0.01818181818181818,55,2.4071015502241524,3.147948207333684,3.845428116619587,0,111
final_hybrid,2026086032,0,3,34.0,1.0,1,0,0,0,0,0,0,0.030303030303030304,33,2.4778718749682107,2.940696757286787,4.966873675584793,0,66
final_hybrid,2026086032,1,3,-8.0,2.5,0,0,0,0,0,0,0,0.030303030303030304,33,2.346152990040454,2.865855861455202,2.8980709612369537,0,66
final_hybrid,2026086032,2,3,-8.0,2.5,0,0,0,0,0,0,0,0.06060606060606061,33,2.3831440502721253,2.722985576838255,4.42924490198493,0,66
final_hybrid,2026086032,3,3,-18.0,4.0,0,0,1,10,0,0,0,0.037037037037037035,27,2.4349672409395375,2.8332064859569073,5.056416150182486,0,54
final_hybrid,2026086033,0,3,37.0,1.0,1,0,0,0,0,0,0,0.13043478260869565,23,2.4027918546420075,2.8173363767564297,3.1859008595347404,0,46
final_hybrid,2026086033,1,3,-8.0,2.5,0,0,0,0,0,0,0,0.05,40,2.351356134749949,2.7947177179157734,2.796968910843134,0,80
final_hybrid,2026086033,2,3,-8.0,2.5,0,0,0,0,0,0,0,0.0,40,2.3899000720120966,2.895754366181791,3.231166861951351,0,80
final_hybrid,2026086033,3,3,-17.0,4.0,0,0,1,9,0,0,0,0.0,40,2.382523624692112,2.889188448898494,3.4115351736545563,0,80
final_hybrid,2026086034,0,2,-8.0,2.5,0,0,0,0,0,0,0,0.0,39,2.3898634438713393,2.7574569452553988,2.8185159899294376,0,78
final_hybrid,2026086034,1,2,-8.0,2.5,0,0,0,0,0,0,0,0.0,28,2.3653539828956127,2.8180153807625175,2.8452216647565365,0,56
final_hybrid,2026086034,2,2,-16.0,4.0,0,0,1,8,0,0,0,0.05263157894736842,38,2.2985388426796387,2.6692096143960953,2.7994466945528984,0,76
final_hybrid,2026086034,3,2,-21.0,4.0,0,0,1,13,0,0,0,0.0,28,2.351060908819948,2.8545486740767956,2.900339663028717,0,56
final_hybrid,2026086035,0,0,-18.0,4.0,0,0,1,10,0,0,0,0.02857142857142857,35,2.3947135412267277,2.8167142998427153,2.8694942593574524,0,70
final_hybrid,2026086035,1,0,-8.0,2.5,0,0,0,0,0,0,0,0.0,23,2.3424578425676925,2.7958040591329336,2.8043449856340885,0,46
final_hybrid,2026086035,2,0,36.0,1.0,1,0,0,0,0,0,0,0.043478260869565216,23,2.3445216938853264,2.8215515427291393,2.8379959985613823,0,46
final_hybrid,2026086035,3,0,-8.0,2.5,0,0,0,0,0,0,0,0.03225806451612903,31,2.3492038580438783,2.8466745279729366,2.918614074587822,0,62
final_hybrid,2026086036,0,0,-20.0,3.0,0,0,0,0,0,0,0,0.0,79,2.434533902832979,2.8954538982361555,2.9374565929174423,0,159
final_hybrid,2026086036,1,0,-20.0,3.0,0,0,0,0,0,0,0,0.0,77,2.372427456467957,2.834657486528158,2.8619160875678062,0,155
final_hybrid,2026086036,2,0,-19.0,4.0,0,0,1,11,0,0,0,0.07894736842105263,38,2.3838909416410483,2.7578221866860977,5.411838181316853,0,76
final_hybrid,2026086036,3,0,-8.0,2.5,0,0,0,0,0,0,0,0.0,67,2.3462491096066893,2.833733567968011,2.979994285851717,0,134
final_hybrid,2026086037,0,0,0.0,2.5,0,0,0,0,0,1,0,0.0,82,2.464023333542594,2.87965489551425,4.416914656758308,0,164
final_hybrid,2026086037,1,0,-8.0,2.5,0,0,0,0,0,0,0,0.0,65,2.425980883149,2.9263634234666824,4.282995127141476,0,130
final_hybrid,2026086037,2,0,-8.0,2.5,0,0,0,0,0,0,0,0.018867924528301886,53,2.3244779627278165,2.7822726406157017,2.8926492668688297,0,106
final_hybrid,2026086037,3,0,0.0,2.5,0,0,0,0,0,1,1,0.047058823529411764,85,2.3061596076278126,2.809488493949175,2.934523858129978,0,170
final_hybrid,2026086038,0,1,-8.0,2.5,0,0,0,0,0,0,0,0.020833333333333332,48,2.423268131678924,2.8815840370953083,2.9348968528211117,0,96
final_hybrid,2026086038,1,1,37.0,1.0,1,0,0,0,0,0,0,0.0,48,2.418916905298829,2.9769258573651314,2.9940628446638584,0,96
final_hybrid,2026086038,2,1,-8.0,2.5,0,0,0,0,0,0,0,0.047619047619047616,42,2.3417306864368066,2.787027438171208,2.824525348842144,0,84
final_hybrid,2026086038,3,1,37.0,1.0,1,0,0,0,0,0,0,0.06521739130434782,46,2.3200907035852256,2.77806562371552,2.8633903712034225,0,92
final_hybrid,2026086039,0,1,35.0,1.0,1,0,0,0,0,0,0,0.0,34,2.4807522593833067,3.0014321208000183,3.0399709939956665,0,68
final_hybrid,2026086039,1,1,-8.0,2.5,0,0,0,0,0,0,0,0.0,29,2.392271662066723,2.8158629313111305,2.842096146196127,0,58
final_hybrid,2026086039,2,1,-25.0,4.0,0,0,1,17,0,0,0,0.0,32,2.3594654339831322,2.880949364043772,2.9338616877794266,0,64
final_hybrid,2026086039,3,1,-8.0,2.5,0,0,0,0,0,0,0,0.03125,32,2.3233680694829673,2.7191582368686795,2.7991230599582195,0,64
final_hybrid,2026086040,0,1,-8.0,2.5,0,0,0,0,0,0,0,0.01818181818181818,55,2.467645907943899,2.9374088160693645,2.968587912619114,0,110
final_hybrid,2026086040,1,1,-8.0,2.5,0,0,0,0,0,0,0,0.01639344262295082,61,2.363670533370288,2.813143189996481,2.866709139198065,0,122
final_hybrid,2026086040,2,1,-8.0,2.5,0,0,0,0,0,0,0,0.0,61,2.3793392341400756,2.9570218175649643,3.117108251899481,0,123
final_hybrid,2026086040,3,1,35.0,1.0,1,0,0,0,0,0,0,0.0273972602739726,73,2.448573025989614,3.217864409089086,5.729392170906067,0,146
final_hybrid,2026086041,0,0,-8.0,2.5,0,0,0,0,0,0,0,0.022222222222222223,45,2.4233745824959545,2.90217949077487,3.0089872889220715,0,90
final_hybrid,2026086041,1,0,-18.0,3.0,0,0,0,0,0,0,0,0.023255813953488372,43,2.4094856777336706,2.842141967266798,4.497208166867495,0,87
final_hybrid,2026086041,2,0,33.0,1.0,1,0,0,0,0,0,0,0.023255813953488372,43,2.3756435270919356,2.917569549754262,3.1588980928063393,0,86
final_hybrid,2026086041,3,0,-26.0,3.0,0,0,0,0,0,0,0,0.01818181818181818,55,2.4153674783354457,2.9183729086071253,5.385737866163254,0,111
final_hybrid,2026086042,0,1,-16.0,4.0,0,0,1,8,0,0,0,0.012987012987012988,77,2.419486448362276,2.8153838589787483,2.877185121178627,0,154
final_hybrid,2026086042,1,1,0.0,2.5,0,0,0,0,0,1,1,0.02247191011235955,89,2.3335744417534117,2.664380054920912,2.7391822077333927,0,178
final_hybrid,2026086042,2,1,39.0,1.0,1,0,0,0,0,0,0,0.04,75,2.2896100766956806,2.643039496615529,2.8189648874104023,0,150
final_hybrid,2026086042,3,1,38.0,1.0,1,0,0,0,0,0,0,0.022727272727272728,44,2.3559300461784005,2.880961773917079,3.009673673659563,0,88
final_hybrid,2026086043,0,3,-24.0,4.0,0,0,1,16,0,0,0,0.0,45,2.421472200916873,2.8770205564796925,2.9559405520558357,0,90
final_hybrid,2026086043,1,3,33.0,1.0,1,0,0,0,0,0,0,0.037037037037037035,54,2.3267617863085537,2.6949746068567033,2.7818712405860424,0,108
final_hybrid,2026086043,2,3,-17.0,4.0,0,0,1,9,0,0,0,0.037037037037037035,54,2.300420534555559,2.7304098708555102,2.7552717365324497,0,108
final_hybrid,2026086043,3,3,-8.0,2.5,0,0,0,0,0,0,0,0.0,54,2.3738986605571375,2.9897915897890925,3.1189736910164356,0,108
final_hybrid,2026086044,0,3,-8.0,2.5,0,0,0,0,0,0,0,0.020833333333333332,48,2.382167091127485,2.771945158019662,2.8300341218709946,0,96
final_hybrid,2026086044,1,3,-8.0,2.5,0,0,0,0,0,0,0,0.022222222222222223,45,2.3663142075141272,2.807340584695339,2.8911028057336807,0,90
final_hybrid,2026086044,2,3,-22.0,4.0,0,0,1,14,0,0,0,0.0,38,2.340145372344475,2.8172073420137167,2.834848128259182,0,76
final_hybrid,2026086044,3,3,-8.0,2.5,0,0,0,0,0,0,0,0.0,45,2.318077886270152,2.7666063979268074,2.7841031551361084,0,90
final_hybrid,2026086045,0,1,-26.0,4.0,0,0,1,18,0,0,0,0.0,35,2.425122167915106,2.83458293415606,2.8787250630557537,0,70
final_hybrid,2026086045,1,1,42.0,1.0,1,0,0,0,0,0,0,0.05714285714285714,35,2.3451050743460655,2.7808822691440582,2.831617835909128,0,70
final_hybrid,2026086045,2,1,-8.0,2.5,0,0,0,0,0,0,0,0.02857142857142857,35,2.361368361328329,2.806638181209564,2.891541924327612,0,70
final_hybrid,2026086045,3,1,-8.0,2.5,0,0,0,0,0,0,0,0.02857142857142857,35,2.3653261363506317,2.879030816257,2.9315040446817875,0,70
final_hybrid,2026086046,0,1,-8.0,2.5,0,0,0,0,0,0,0,0.05128205128205128,39,2.356938337190793,2.5908927898854017,2.8830431401729584,0,78
final_hybrid,2026086046,1,1,-32.0,4.0,0,0,1,24,0,0,0,0.045454545454545456,22,2.382114063948393,2.7822721982374787,3.063283860683441,0,44
final_hybrid,2026086046,2,1,-17.0,3.0,0,0,0,0,0,0,0,0.08571428571428572,35,2.304301384304251,2.7131197042763233,2.8002969920635223,0,71
final_hybrid,2026086046,3,1,-8.0,2.5,0,0,0,0,0,0,0,0.07692307692307693,39,2.343882400638018,2.832447364926338,3.22883203625679,0,78
final_hybrid,2026086047,0,3,-36.0,4.0,0,0,1,28,0,0,0,0.0,61,2.433683097240378,2.8930092230439186,2.934127114713192,0,122
final_hybrid,2026086047,1,3,43.0,1.0,1,0,0,0,0,0,0,0.023255813953488372,43,2.387145046837801,2.8697562403976917,2.9625091701745987,0,86
final_hybrid,2026086047,2,3,49.0,1.0,1,0,0,0,0,0,0,0.0,60,2.3578040689850845,2.7858301298692822,2.813987899571657,0,120
final_hybrid,2026086047,3,3,52.0,1.0,1,0,0,0,0,0,0,0.0,61,2.367096021771431,2.902339678257704,2.9448061250150204,0,122
final_hybrid,2026086048,0,3,0.0,2.5,0,0,0,0,0,1,1,0.0,80,2.469650312559679,2.9116583755239844,3.822667058557272,0,160
final_hybrid,2026086048,1,3,0.0,2.5,0,0,0,0,0,1,1,0.022727272727272728,88,2.353086665442044,2.7395605575293303,2.8920271433889866,0,176
final_hybrid,2026086048,2,3,45.0,1.0,1,0,0,0,0,0,0,0.013888888888888888,72,2.424301598997166,2.988423127681017,5.439296830445528,0,144
final_hybrid,2026086048,3,3,0.0,2.5,0,0,0,0,0,1,0,0.0,84,2.444242404419042,2.937122737057507,5.0369189120829105,0,168
final_hybrid,2026086049,0,2,-17.0,3.0,0,0,0,0,0,0,0,0.02564102564102564,39,2.5026176172571306,3.010149067267777,4.329749383032322,0,79
final_hybrid,2026086049,1,2,-17.0,3.0,0,0,0,0,0,0,0,0.022222222222222223,45,2.502793208178547,3.0221953988075256,5.415742751210928,0,91
final_hybrid,2026086049,2,2,-17.0,3.0,0,0,0,0,0,0,0,0.02564102564102564,39,2.350023171554009,2.7753332164138556,2.936465200036764,0,79
final_hybrid,2026086049,3,2,51.0,1.0,1,1,0,0,0,0,0,0.025,40,2.3619931074790657,2.783101052045822,4.035708960145712,0,79
final_hybrid,2026086050,0,3,-8.0,2.5,0,0,0,0,0,0,0,0.0,70,2.4403672931449756,2.9302671551704407,2.9596369713544846,0,140
final_hybrid,2026086050,1,3,35.0,1.0,1,0,0,0,0,0,0,0.05128205128205128,39,2.3687211080239368,2.852864842861891,2.917372155934572,0,78
final_hybrid,2026086050,2,3,0.0,2.5,0,0,0,0,0,1,0,0.0,84,2.392196833776931,2.85786057356745,4.783910233527422,0,168
final_hybrid,2026086050,3,3,-19.0,4.0,0,0,1,11,0,0,0,0.0967741935483871,31,2.3097463192478305,2.723129466176033,2.9060877859592438,0,62
final_hybrid,2026086051,0,3,63.0,1.0,1,1,0,0,0,0,0,0.0,47,2.449040955051463,3.0331425834447145,3.0754460021853447,0,93
final_hybrid,2026086051,1,3,-21.0,3.0,0,0,0,0,0,0,0,0.021739130434782608,46,2.4200932568182116,2.8219104278832674,4.775484092533588,0,93
final_hybrid,2026086051,2,3,-23.0,3.0,0,0,0,0,0,0,0,0.041666666666666664,48,2.347054124887412,2.814399590715766,2.856479026377201,0,97
final_hybrid,2026086051,3,3,-16.0,3.0,0,0,0,0,0,0,0,0.0,46,2.3587521813485934,2.868486801162362,2.907673828303814,0,93
final_hybrid,2026086052,0,2,-8.0,2.5,0,0,0,0,0,0,0,0.024390243902439025,41,2.420452752763905,2.8259889222681522,2.8832056559622288,0,82
final_hybrid,2026086052,1,2,-20.0,4.0,0,0,1,12,0,0,0,0.024390243902439025,41,2.3561486315618203,2.78505589812994,2.8824801556766033,0,82
final_hybrid,2026086052,2,2,-17.0,3.0,0,0,0,0,0,0,0,0.07407407407407407,54,2.2987067113044084,2.7083012275397778,2.715157810598612,0,109
final_hybrid,2026086052,3,2,-8.0,2.5,0,0,0,0,0,0,0,0.024390243902439025,41,2.3335892161945018,2.8094532899558544,2.877709921449423,0,82
final_hybrid,2026086053,0,3,33.0,1.0,1,0,0,0,0,0,0,0.02040816326530612,49,2.4207610427877126,2.913648821413517,2.9557100497186184,0,98
final_hybrid,2026086053,1,3,-30.0,4.0,0,0,0,0,0,0,0,0.0,41,2.4837733973271963,3.0020070262253284,6.0230097733438015,1,81
final_hybrid,2026086053,2,3,-8.0,2.5,0,0,0,0,0,0,0,0.05172413793103448,58,2.31721973977983,2.71062389947474,2.8136628679931164,0,116
final_hybrid,2026086053,3,3,-19.0,3.0,0,0,0,0,0,0,0,0.023809523809523808,42,2.3744835496126186,2.8729470213875175,2.9183030128479004,0,85
final_hybrid,2026086054,0,3,-8.0,2.5,0,0,0,0,0,0,0,0.0,24,2.3945680974672237,2.867929171770811,2.873169258236885,0,48
final_hybrid,2026086054,1,3,0.0,2.5,0,0,0,0,0,1,1,0.023809523809523808,84,2.356467031252881,2.7538317721337076,2.856587991118431,0,168
final_hybrid,2026086054,2,3,99.0,1.0,1,1,0,0,0,0,0,0.05263157894736842,57,2.2999872045035947,2.6305324397981167,2.6968284510076046,0,113
final_hybrid,2026086054,3,3,-22.0,4.0,0,0,1,14,0,0,0,0.041666666666666664,24,2.3375495220534503,2.8683550423011184,2.889466006308794,0,48
final_hybrid,2026086055,0,0,-8.0,2.5,0,0,0,0,0,0,0,0.0,80,2.4473605095408857,2.9392143711447716,3.0327709391713142,0,160
final_hybrid,2026086055,1,0,34.0,1.0,1,0,0,0,0,0,0,0.030303030303030304,66,2.345507075502114,2.700924640521407,2.7785920538008213,0,132
final_hybrid,2026086055,2,0,-8.0,2.5,0,0,0,0,0,0,0,0.0,38,2.3642096692990315,2.9084910172969103,2.960268873721361,0,76
final_hybrid,2026086055,3,0,34.0,1.0,1,0,0,0,0,0,0,0.028169014084507043,71,2.310118998702563,2.737684641033411,2.7855420485138893,0,142
final_hybrid,2026086056,0,0,-35.0,3.0,0,0,0,0,0,0,0,0.02631578947368421,76,2.4237273640832617,2.7164629427716136,5.561350844800472,0,153
final_hybrid,2026086056,1,0,41.0,1.0,1,0,0,0,0,0,0,0.03076923076923077,65,2.356394100934267,2.837595995515585,2.8682961128652096,0,130
final_hybrid,2026086056,2,0,-8.0,2.5,0,0,0,0,0,0,0,0.03076923076923077,65,2.4157103795844774,2.856938075274229,5.652821157127619,0,130
final_hybrid,2026086056,3,0,-8.0,2.5,0,0,0,0,0,0,0,0.030303030303030304,66,2.342972213007284,2.696426585316658,4.892425611615181,0,131
final_hybrid,2026086057,0,1,-8.0,2.5,0,0,0,0,0,0,0,0.03225806451612903,62,2.4388245261845087,2.8525687055662274,2.9387972317636013,0,123
final_hybrid,2026086057,1,1,-19.0,3.0,0,0,0,0,0,0,0,0.0,73,2.392626271825539,2.8305924497544765,4.451354965567589,0,148
final_hybrid,2026086057,2,1,57.0,1.0,1,1,0,0,0,0,0,0.04054054054054054,74,2.32494472072938,2.670664875768125,3.7448201328516006,0,148
final_hybrid,2026086057,3,1,-19.0,3.0,0,0,0,0,0,0,0,0.0273972602739726,73,2.43163446908536,2.8456421568989754,5.72935538366437,0,148
final_hybrid,2026086058,0,0,-8.0,2.5,0,0,0,0,0,0,0,0.0,54,2.47731647040281,2.9716045828536153,4.799324087798595,0,108
final_hybrid,2026086058,1,0,-18.0,4.0,0,0,1,10,0,0,0,0.0,59,2.368534031182022,2.8380807489156723,2.8887642547488213,0,118
final_hybrid,2026086058,2,0,35.0,1.0,1,0,0,0,0,0,0,0.037037037037037035,54,2.3477008755974196,2.819117158651352,3.833048976957798,0,108
final_hybrid,2026086058,3,0,-8.0,2.5,0,0,0,0,0,0,0,0.0,58,2.3531718340156407,2.8819152154028416,2.92240921407938,0,116
final_hybrid,2026086059,0,0,-8.0,2.5,0,0,0,0,0,0,0,0.0,48,2.415414433926344,2.8468028409406543,2.885805908590555,0,96
final_hybrid,2026086059,1,0,49.0,1.0,1,0,0,0,0,0,0,0.0,48,2.354076917981729,2.7715025702491403,2.794967032968998,0,96
final_hybrid,2026086059,2,0,-33.0,4.0,0,0,1,25,0,0,0,0.0,48,2.327045639200757,2.8214498655870557,2.8940048068761826,0,96
final_hybrid,2026086059,3,0,-8.0,2.5,0,0,0,0,0,0,0,0.041666666666666664,48,2.3193811260474226,2.779469545930624,2.836463041603565,0,96
final_hybrid,2026086060,0,1,34.0,1.0,1,0,0,0,0,0,0,0.06521739130434782,46,2.374882566864076,2.6810503331944346,2.8670690953731537,0,92
final_hybrid,2026086060,1,1,-18.0,4.0,0,0,1,10,0,0,0,0.04,50,2.3927452974021435,2.757606888189912,4.622012842446566,0,100
final_hybrid,2026086060,2,1,-8.0,2.5,0,0,0,0,0,0,0,0.043478260869565216,46,2.3839193517747135,2.795270411297679,5.943898111581802,0,92
final_hybrid,2026086060,3,1,-31.0,3.0,0,0,0,0,0,0,0,0.017241379310344827,58,2.324762143965425,2.868967456743121,2.920188009738922,0,117
final_hybrid,2026086061,0,2,-18.0,3.0,0,0,0,0,0,0,0,0.03571428571428571,28,2.399270805264158,2.798569994047284,2.8389040380716324,0,57
final_hybrid,2026086061,1,2,-18.0,3.0,0,0,0,0,0,0,0,0.03571428571428571,28,2.3446818647374,2.7720702113583684,2.7893483638763428,0,57
final_hybrid,2026086061,2,2,54.0,1.0,1,1,0,0,0,0,0,0.034482758620689655,29,2.4052175596870224,2.893075160682201,4.564314149320126,0,57
final_hybrid,2026086061,3,2,-18.0,3.0,0,0,0,0,0,0,0,0.0,28,2.322694436380906,2.879876201041043,2.9099062085151672,0,57
final_hybrid,2026086062,0,1,-8.0,2.5,0,0,0,0,0,0,0,0.03571428571428571,56,2.444992581981101,2.840948640368879,6.105499342083931,0,112
final_hybrid,2026086062,1,1,-8.0,2.5,0,0,0,0,0,0,0,0.04225352112676056,71,2.345930968581791,2.7987025678157806,3.0557112768292427,0,142
final_hybrid,2026086062,2,1,34.0,1.0,1,0,0,0,0,0,0,0.013888888888888888,72,2.366488204441137,2.8659153496846557,3.325423691421747,0,144
final_hybrid,2026086062,3,1,-8.0,2.5,0,0,0,0,0,0,0,0.0,70,2.3785478635025874,2.9331560945138335,3.1857998110353947,0,140
final_hybrid,2026086063,0,0,-8.0,2.5,0,0,0,0,0,0,0,0.0,36,2.5037582963705063,2.9586139135062695,5.521065089851618,0,72
final_hybrid,2026086063,1,0,-8.0,2.5,0,0,0,0,0,0,0,0.027777777777777776,36,2.3729520487702556,2.97296151984483,3.022101242095232,0,72
final_hybrid,2026086063,2,0,38.0,1.0,1,0,0,0,0,0,0,0.06666666666666667,45,2.3416222176618047,2.7689467184245586,3.554545808583498,0,90
final_hybrid,2026086063,3,0,-18.0,4.0,0,0,1,10,0,0,0,0.034482758620689655,58,2.3607169277966022,2.729583322070539,3.4368811175227165,0,118
final_hybrid,2026086064,0,3,44.0,1.0,1,0,0,0,0,0,0,0.0196078431372549,51,2.4416268364909817,2.909331349655986,3.5822726786136627,0,102
final_hybrid,2026086064,1,3,-8.0,2.5,0,0,0,0,0,0,0,0.0196078431372549,51,2.3792016995595953,2.8364460449665785,3.4351693466305733,0,102
final_hybrid,2026086064,2,3,-28.0,4.0,0,0,1,20,0,0,0,0.0,51,2.3948106293876967,2.963376697152853,2.993237227201462,0,102
final_hybrid,2026086064,3,3,-8.0,2.5,0,0,0,0,0,0,0,0.0,51,2.39386819485648,2.9537957161664963,3.15379211679101,0,102
final_hybrid,2026086065,0,0,-16.0,3.0,0,0,0,0,0,0,0,0.02,50,2.4094880931079388,2.7699351077899337,2.8706202283501625,0,101
final_hybrid,2026086065,1,0,0.0,2.5,0,0,0,0,0,1,1,0.022988505747126436,87,2.392982432468869,2.7404133696109056,5.886132828891277,0,174
final_hybrid,2026086065,2,0,0.0,2.5,0,0,0,0,0,1,0,0.0,90,2.489464854200681,3.0616909731179476,6.17372989654541,0,180
final_hybrid,2026086065,3,0,0.0,2.5,0,0,0,0,0,1,1,0.034482758620689655,87,2.3437911623168266,2.620761189609766,5.602573975920677,0,174
final_hybrid,2026086066,0,1,33.0,1.0,1,0,0,0,0,0,0,0.0,52,2.460321474175614,2.951473160646856,3.6167828366160393,0,105
final_hybrid,2026086066,1,1,-8.0,2.5,0,0,0,0,0,0,0,0.0,29,2.3678158538351797,2.7993781492114067,2.8570289723575115,0,59
final_hybrid,2026086066,2,1,-8.0,2.5,0,0,0,0,0,0,0,0.06666666666666667,30,2.4428667345394692,2.7111211558803916,6.07833918184042,0,59
final_hybrid,2026086066,3,1,32.0,1.0,1,0,0,0,0,0,0,0.034482758620689655,29,2.3251198360632204,2.7909488417208195,2.867788076400757,0,59
final_hybrid,2026086067,0,3,-16.0,4.0,0,0,1,8,0,0,0,0.045454545454545456,44,2.3846719202331523,2.77946749702096,2.845478244125843,0,88
final_hybrid,2026086067,1,3,33.0,1.0,1,0,0,0,0,0,0,0.02564102564102564,39,2.3567786989494777,2.799007808789611,2.8263782151043415,0,78
final_hybrid,2026086067,2,3,54.0,1.0,1,1,0,0,0,0,0,0.046511627906976744,43,2.34485779304144,2.835853211581707,2.845102921128273,0,85
final_hybrid,2026086067,3,3,96.0,1.0,1,1,0,0,0,0,0,0.016129032258064516,62,2.381970610229238,2.975630573928356,3.376081120222807,0,122
final_hybrid,2026086068,0,1,32.0,1.0,1,0,0,0,0,0,0,0.029411764705882353,34,2.417008625343442,2.8260161634534597,2.9134098440408707,0,68
final_hybrid,2026086068,1,1,33.0,1.0,1,0,0,0,0,0,0,0.037037037037037035,54,2.3594828132815935,2.798745408654213,2.830691635608673,0,108
final_hybrid,2026086068,2,1,-8.0,2.5,0,0,0,0,0,0,0,0.0,34,2.346883021185503,2.940043155103922,2.9572509229183197,0,68
final_hybrid,2026086068,3,1,-8.0,2.5,0,0,0,0,0,0,0,0.08823529411764706,34,2.374573131365811,2.803857368417084,3.928741905838251,0,68
final_hybrid,2026086069,0,1,-20.0,3.0,0,0,0,0,0,0,0,0.03225806451612903,31,2.6319533165904785,4.21169470064342,5.958570167422295,0,63
final_hybrid,2026086069,1,1,-20.0,3.0,0,0,0,0,0,0,0,0.0,31,2.390502801825923,2.8737769462168217,2.9019080102443695,0,63
final_hybrid,2026086069,2,1,-20.0,3.0,0,0,0,0,0,0,0,0.0,31,2.3982740878578155,2.829543547704816,4.280427936464548,0,63
final_hybrid,2026086069,3,1,60.0,1.0,1,1,0,0,0,0,0,0.09375,32,2.2869800304761156,2.695713727734983,2.812101040035486,0,63
final_hybrid,2026086070,0,0,32.0,1.0,1,0,0,0,0,0,0,0.015625,64,2.4032709188759327,2.8284468920901418,2.864491194486618,0,128
final_hybrid,2026086070,1,0,-21.0,4.0,0,0,1,13,0,0,0,0.046511627906976744,43,2.391611918980299,2.726120175793767,4.587784875184298,0,86
final_hybrid,2026086070,2,0,-8.0,2.5,0,0,0,0,0,0,0,0.04081632653061224,49,2.3032125294664683,2.6108678430318832,3.2711620442569256,0,98
final_hybrid,2026086070,3,0,32.0,1.0,1,0,0,0,0,0,0,0.0425531914893617,47,2.314020661597556,2.7149622794240713,2.961286809295416,0,94
final_hybrid,2026086071,0,3,0.0,2.5,0,0,0,0,0,1,1,0.037037037037037035,81,2.410590303716836,2.7890410274267197,5.671942140907049,0,163
final_hybrid,2026086071,1,3,0.0,2.5,0,0,0,0,0,1,0,0.0,84,2.405499224551022,2.91033536195755,3.9998446591198444,0,168
final_hybrid,2026086071,2,3,0.0,2.5,0,0,0,0,0,1,0,0.012048192771084338,83,2.4068437303494976,2.8228272218257184,5.308747291564941,0,165
final_hybrid,2026086071,3,3,0.0,2.5,0,0,0,0,0,1,1,0.0,82,2.4203298408992406,3.062748978845775,5.224010907113552,0,165
final_hybrid,2026086072,0,2,-18.0,3.0,0,0,0,0,0,0,0,0.029411764705882353,34,2.40197718855651,2.832402172498405,2.9025371186435223,0,69
final_hybrid,2026086072,1,2,54.0,1.0,1,1,0,0,0,0,0,0.03125,32,2.4460806016577408,3.095713071525097,3.9181122556328773,0,63
final_hybrid,2026086072,2,2,-18.0,3.0,0,0,0,0,0,0,0,0.03225806451612903,31,2.3445872619988455,2.833699341863394,2.888950053602457,0,63
final_hybrid,2026086072,3,2,-18.0,3.0,0,0,0,0,0,0,0,0.03225806451612903,31,2.328020265145648,2.850573742762208,2.9285517521202564,0,63
final_hybrid,2026086073,0,0,-8.0,2.5,0,0,0,0,0,0,0,0.0,46,2.4123256519922744,2.8806874761357903,2.9145446605980396,0,92
final_hybrid,2026086073,1,0,32.0,1.0,1,0,0,0,0,0,0,0.02564102564102564,39,2.4270090417793164,2.8088750317692757,6.221950985491276,0,78
final_hybrid,2026086073,2,0,-8.0,2.5,0,0,0,0,0,0,0,0.041666666666666664,48,2.3952548314506807,2.7636137790977955,6.3046482391655445,0,96
final_hybrid,2026086073,3,0,-16.0,4.0,0,0,1,8,0,0,0,0.0,39,2.3510647245133534,2.7982360683381557,2.8358898125588894,0,78
final_hybrid,2026086074,0,1,48.0,1.0,1,1,0,0,0,0,0,0.0,52,2.403982950804325,2.8767045587301254,2.973642200231552,0,103
final_hybrid,2026086074,1,1,-8.0,2.5,0,0,0,0,0,0,0,0.038461538461538464,52,2.3188566287549643,2.6612272718921304,2.718998584896326,0,104
final_hybrid,2026086074,2,1,-18.0,4.0,0,0,1,10,0,0,0,0.03225806451612903,62,2.3613328099130624,2.8685264056548476,2.8938441537320614,0,124
final_hybrid,2026086074,3,1,-8.0,2.5,0,0,0,0,0,0,0,0.015873015873015872,63,2.334069601067948,2.7998190838843584,2.887713722884655,0,126
final_hybrid,2026086075,0,2,0.0,2.5,0,0,0,0,0,1,1,0.022988505747126436,87,2.3962802617628682,2.7700673788785934,3.0161309987306595,0,174
final_hybrid,2026086075,1,2,-8.0,2.5,0,0,0,0,0,0,0,0.017543859649122806,57,2.3747075414448453,2.839356381446123,2.8921603225171566,0,114
final_hybrid,2026086075,2,2,-8.0,2.5,0,0,0,0,0,0,0,0.0,57,2.3854835563453665,2.940088603645563,2.9711169190704823,0,114
final_hybrid,2026086075,3,2,-8.0,2.5,0,0,0,0,0,0,0,0.0,62,2.4022226702542073,3.005790919996798,4.248530138283968,0,124
final_hybrid,2026086076,0,3,32.0,1.0,1,0,0,0,0,0,0,0.1,20,2.377772983163595,2.7701742481440306,2.8795027174055576,0,40
final_hybrid,2026086076,1,3,-8.0,2.5,0,0,0,0,0,0,0,0.0,20,2.398710767738521,2.795554790645838,2.8003607876598835,0,40
final_hybrid,2026086076,2,3,-16.0,4.0,0,0,1,8,0,0,0,0.0,20,2.3524241987615824,2.8633560752496123,2.8860089369118214,0,40
final_hybrid,2026086076,3,3,-8.0,2.5,0,0,0,0,0,0,0,0.05,20,2.310025808401406,2.911752136424184,2.936260774731636,0,40
final_hybrid,2026086077,0,0,-19.0,3.0,0,0,0,0,0,0,0,0.0,54,2.4397846190603794,2.9336073668673635,3.00653837621212,0,109
final_hybrid,2026086077,1,0,57.0,1.0,1,1,0,0,0,0,0,0.03636363636363636,55,2.385132573544979,2.6894041802734137,5.066853016614914,0,109
final_hybrid,2026086077,2,0,-19.0,3.0,0,0,0,0,0,0,0,0.019230769230769232,52,2.355251774693338,2.8480314882472157,2.894922625273466,0,105
final_hybrid,2026086077,3,0,-8.0,2.5,0,0,0,0,0,0,0,0.0,65,2.3506579634088736,2.8785732574760914,2.915708813816309,0,130
final_hybrid,2026086078,0,1,-8.0,2.5,0,0,0,0,0,0,0,0.016129032258064516,62,2.436503302305937,2.8887216234579682,2.9431339353322983,0,124
final_hybrid,2026086078,1,1,54.0,1.0,1,1,0,0,0,0,0,0.047619047619047616,42,2.3535280155816247,2.8579902602359653,2.9167202301323414,0,83
final_hybrid,2026086078,2,1,-21.0,3.0,0,0,0,0,0,0,0,0.0,75,2.36101558431983,2.879238221794367,2.9153930954635143,0,151
final_hybrid,2026086078,3,1,0.0,2.5,0,0,0,0,0,1,1,0.02531645569620253,79,2.3389356741328027,2.789825852960348,2.8595593757927418,0,158
final_hybrid,2026086079,0,1,-33.0,3.0,0,0,0,0,0,0,0,0.012048192771084338,83,2.4168036922991996,2.8146211057901382,2.836880274116993,0,167
final_hybrid,2026086079,1,1,0.0,2.5,0,0,0,0,0,1,0,0.0,84,2.369888198916756,2.792321681044996,2.813230734318495,0,168
final_hybrid,2026086079,2,1,42.0,1.0,1,0,0,0,0,0,0,0.0,42,2.418952484038614,2.9842121992260213,4.657855723053217,0,84
final_hybrid,2026086079,3,1,0.0,2.5,0,0,0,0,0,1,0,0.024096385542168676,83,2.408811884247754,2.8130448423326015,5.41897676885128,0,166
final_hybrid,2026086080,0,2,32.0,1.0,1,0,0,0,0,0,0,0.016666666666666666,60,2.554898289963603,3.0123918550089,7.185395807027817,0,120
final_hybrid,2026086080,1,2,-8.0,2.5,0,0,0,0,0,0,0,0.0,61,2.447350179684944,2.9799197800457478,3.6362791433930397,0,122
final_hybrid,2026086080,2,2,57.0,1.0,1,1,0,0,0,0,0,0.0,47,2.4137132345361914,3.032576944679022,3.0645672231912613,0,93
final_hybrid,2026086080,3,2,-17.0,4.0,0,0,1,9,0,0,0,0.0,56,2.4043934951935495,3.0395645881071687,3.1004599295556545,0,112
final_hybrid,2026086081,0,3,-33.0,3.0,0,0,0,0,0,0,0,0.0,50,2.4367249850183725,2.8568482724949718,2.8743059374392033,0,101
final_hybrid,2026086081,1,3,-8.0,2.5,0,0,0,0,0,0,0,0.0,80,2.3774594941642135,2.825131011195481,2.9383189976215363,0,160
final_hybrid,2026086081,2,3,0.0,2.5,0,0,0,0,0,1,1,0.023529411764705882,85,2.309689747498316,2.8029988519847393,2.8560450300574303,0,170
final_hybrid,2026086081,3,3,-8.0,2.5,0,0,0,0,0,0,0,0.0,61,2.346773891419661,2.8218040242791176,2.848111093044281,0,123
final_hybrid,2026086082,0,1,-19.0,3.0,0,0,0,0,0,0,0,0.0,45,2.430988165239493,2.8451613150537014,2.9916828498244286,0,91
final_hybrid,2026086082,1,1,-19.0,3.0,0,0,0,0,0,0,0,0.022222222222222223,45,2.345956375615464,2.8121993876993656,2.848892007023096,0,92
final_hybrid,2026086082,2,1,57.0,1.0,1,1,0,0,0,0,0,0.043478260869565216,46,2.2831092102696067,2.6340795448049903,2.824778202921152,0,92
final_hybrid,2026086082,3,1,-19.0,3.0,0,0,0,0,0,0,0,0.06666666666666667,45,2.308157624469863,2.738612797111273,2.75909760966897,0,91
final_hybrid,2026086083,0,2,-8.0,2.5,0,0,0,0,0,0,0,0.0196078431372549,51,2.376270078706975,2.7545029297471046,2.861171029508114,0,102
final_hybrid,2026086083,1,2,-29.0,4.0,0,0,1,21,0,0,0,0.03508771929824561,57,2.3886523160495257,2.8590714558959007,4.706555977463722,0,114
final_hybrid,2026086083,2,2,-21.0,3.0,0,0,0,0,0,0,0,0.020833333333333332,48,2.345108601730317,2.860131789930165,2.977372147142887,0,97
final_hybrid,2026086083,3,2,-21.0,3.0,0,0,0,0,0,0,0,0.020833333333333332,48,2.3289876407943666,2.822304959408939,2.905634231865406,0,97
final_hybrid,2026086084,0,0,-38.0,4.0,0,0,1,30,0,0,0,0.04,25,2.4003485590219498,2.7958784252405167,2.834490966051817,0,50
final_hybrid,2026086084,1,0,-22.0,4.0,0,0,1,14,0,0,0,0.0,53,2.381073530622811,2.8555739670991898,2.8946190141141415,0,106
final_hybrid,2026086084,2,0,-8.0,2.5,0,0,0,0,0,0,0,0.03773584905660377,53,2.3339818460199067,2.79795378446579,2.821600064635277,0,106
final_hybrid,2026086084,3,0,38.0,1.0,1,0,0,0,0,0,0,0.0,53,2.3963553830981255,3.0322162434458733,3.0797463841736317,0,106
final_hybrid,2026086085,0,3,-31.0,4.0,0,0,1,23,0,0,0,0.01818181818181818,55,2.41783449256962,2.846811758354306,2.916521392762661,0,110
final_hybrid,2026086085,1,3,-8.0,2.5,0,0,0,0,0,0,0,0.034482758620689655,58,2.376872789243172,2.8614827198907733,2.932187169790268,0,115
final_hybrid,2026086085,2,3,-8.0,2.5,0,0,0,0,0,0,0,0.0,53,2.382829108820209,2.912323921918869,3.0636140145361423,0,107
final_hybrid,2026086085,3,3,40.0,1.0,1,0,0,0,0,0,0,0.03636363636363636,55,2.309773261235519,2.722413511946797,2.856569830328226,0,110
final_hybrid,2026086086,0,2,-16.0,4.0,0,0,1,8,0,0,0,0.023255813953488372,43,2.4271400667033918,2.9390437994152308,2.9883477836847305,0,87
final_hybrid,2026086086,1,2,-16.0,4.0,0,0,1,8,0,0,0,0.05714285714285714,35,2.3598020763269494,2.756637195125222,2.7955882251262665,0,69
final_hybrid,2026086086,2,2,-8.0,2.5,0,0,0,0,0,0,0,0.0,56,2.4135681534452096,2.8991240542382,4.566553048789501,0,113
final_hybrid,2026086086,3,2,-29.0,4.0,0,0,1,21,0,0,0,0.022727272727272728,44,2.354861342940818,2.8551656287163496,2.883417997509241,0,89
final_hybrid,2026086087,0,0,36.0,1.0,1,0,0,0,0,0,0,0.02631578947368421,38,2.4079142113853442,2.836433844640851,2.8659910894930363,0,76
final_hybrid,2026086087,1,0,-8.0,2.5,0,0,0,0,0,0,0,0.06896551724137931,29,2.3460727152896337,2.7825712226331234,2.8368807397782803,0,58
final_hybrid,2026086087,2,0,-18.0,4.0,0,0,1,10,0,0,0,0.10344827586206896,29,2.311390647985812,2.687056921422481,2.749308943748474,0,58
final_hybrid,2026086087,3,0,-8.0,2.5,0,0,0,0,0,0,0,0.0,47,2.4666736457259097,2.994586713612079,6.319450214505196,0,94
final_hybrid,2026086088,0,2,-38.0,4.0,0,0,1,30,0,0,0,0.022222222222222223,45,2.4502322491672306,2.9541781172156334,2.9737879522144794,0,90
final_hybrid,2026086088,1,2,-52.0,3.0,0,0,0,0,0,0,0,0.0,34,2.3911586305236114,2.8409605380147696,2.841465175151825,0,69
final_hybrid,2026086088,2,2,52.0,1.0,1,0,0,0,0,0,0,0.015625,64,2.4096143315546215,2.972448104992509,4.419203847646713,0,128
final_hybrid,2026086088,3,2,-8.0,2.5,0,0,0,0,0,0,0,0.03508771929824561,57,2.317735778265878,2.7403393760323524,2.7897031977772713,0,114
final_hybrid,2026086089,0,1,-17.0,4.0,0,0,1,9,0,0,0,0.0,41,2.4519561358341355,2.9562688432633877,2.971113193780184,0,82
final_hybrid,2026086089,1,1,-8.0,2.5,0,0,0,0,0,0,0,0.0,56,2.4277346009122476,3.0374047346413136,3.0842716805636883,0,112
final_hybrid,2026086089,2,1,33.0,1.0,1,0,0,0,0,0,0,0.045454545454545456,44,2.3216376271606847,2.7832763735204935,2.8152628801763058,0,88
final_hybrid,2026086089,3,1,-8.0,2.5,0,0,0,0,0,0,0,0.0,44,2.337375782768835,2.8452782658860087,2.927625086158514,0,88
final_hybrid,2026086090,0,3,33.0,1.0,1,0,0,0,0,0,0,0.0,30,2.4529129887620607,2.980853011831641,3.023030236363411,0,60
final_hybrid,2026086090,1,3,-16.0,4.0,0,0,1,8,0,0,0,0.0,22,2.3911539888517424,2.83841066993773,2.839570865035057,0,44
final_hybrid,2026086090,2,3,-8.0,2.5,0,0,0,0,0,0,0,0.0,30,2.3450220935046673,2.8273686999455094,2.8410283848643303,0,60
final_hybrid,2026086090,3,3,-22.0,3.0,0,0,0,0,0,0,0,0.029411764705882353,34,2.3305193274555838,2.7872337494045496,2.8180861845612526,0,69
final_hybrid,2026086091,0,3,-8.0,2.5,0,0,0,0,0,0,0,0.02857142857142857,35,2.4084077881915227,2.8448544442653656,2.882034983485937,0,70
final_hybrid,2026086091,1,3,-16.0,3.0,0,0,0,0,0,0,0,0.06451612903225806,31,2.3544631267507232,2.7575355488806963,2.819967921823263,0,63
final_hybrid,2026086091,2,3,-17.0,4.0,0,0,1,9,0,0,0,0.02857142857142857,35,2.3657820453601226,2.952322270721197,3.0039013363420963,0,70
final_hybrid,2026086091,3,3,-8.0,2.5,0,0,0,0,0,0,0,0.08571428571428572,35,2.304087978388582,2.6625596452504396,2.755597233772278,0,70
final_hybrid,2026086092,0,3,-8.0,2.5,0,0,0,0,0,0,0,0.02,50,2.3985791578888893,2.8462485410273075,2.8866338543593884,0,100
final_hybrid,2026086092,1,3,-8.0,2.5,0,0,0,0,0,0,0,0.01282051282051282,78,2.370613806236249,2.817701338790357,2.860667183995247,0,156
final_hybrid,2026086092,2,3,-18.0,3.0,0,0,0,0,0,0,0,0.057692307692307696,52,2.3273242673335166,2.6128269266337156,3.710336983203888,0,105
final_hybrid,2026086092,3,3,-20.0,3.0,0,0,0,0,0,0,0,0.02040816326530612,49,2.3680513306539885,2.8884862549602985,2.9450771398842335,0,99
final_hybrid,2026086093,0,1,-8.0,2.5,0,0,0,0,0,0,0,0.03225806451612903,31,2.3840006380792587,2.7686264365911484,2.8419261798262596,0,62
final_hybrid,2026086093,1,1,-8.0,2.5,0,0,0,0,0,0,0,0.017857142857142856,56,2.376812318938651,2.861372660845518,2.8918031603097916,0,112
final_hybrid,2026086093,2,1,-20.0,4.0,0,0,1,12,0,0,0,0.03225806451612903,31,2.328634051786315,2.722172997891903,2.842702902853489,0,62
final_hybrid,2026086093,3,1,-8.0,2.5,0,0,0,0,0,0,0,0.0,31,2.3235080373142996,2.7699065394699574,2.8136251494288445,0,62
final_hybrid,2026086094,0,0,-8.0,2.5,0,0,0,0,0,0,0,0.014285714285714285,70,2.4231199441211566,2.845913707278669,3.0418699607253075,0,140
final_hybrid,2026086094,1,0,-20.0,4.0,0,0,1,12,0,0,0,0.03571428571428571,56,2.3483081271738877,2.7250456623733044,2.7963039465248585,0,112
final_hybrid,2026086094,2,0,-18.0,3.0,0,0,0,0,0,0,0,0.03076923076923077,65,2.329530480962533,2.7598006650805473,2.85527016967535,0,131
final_hybrid,2026086094,3,0,32.0,1.0,1,0,0,0,0,0,0,0.023809523809523808,42,2.359466172666067,2.9038599925115705,2.949802204966545,0,84
final_hybrid,2026086095,0,3,-17.0,4.0,0,0,1,9,0,0,0,0.02127659574468085,47,2.407633342799988,2.8145373333245516,2.8665559366345406,0,94
final_hybrid,2026086095,1,3,-8.0,2.5,0,0,0,0,0,0,0,0.0425531914893617,47,2.362413490389256,2.861718228086829,2.8761951252818108,0,94
final_hybrid,2026086095,2,3,33.0,1.0,1,0,0,0,0,0,0,0.0425531914893617,47,2.385895946954793,2.7253517415374517,5.542957223951817,0,94
final_hybrid,2026086095,3,3,-8.0,2.5,0,0,0,0,0,0,0,0.0,47,2.3604527096006462,2.8695153538137674,2.9514310881495476,0,94
final_hybrid,2026086096,0,1,33.0,1.0,1,0,0,0,0,0,0,0.05,40,2.369710151106119,2.666662260890007,2.8847800567746162,0,80
final_hybrid,2026086096,1,1,-8.0,2.5,0,0,0,0,0,0,0,0.03571428571428571,28,2.365470797355686,2.746181422844529,2.9593822546303272,0,56
final_hybrid,2026086096,2,1,-8.0,2.5,0,0,0,0,0,0,0,0.0,28,2.3681172003437365,2.7953000739216805,2.865418791770935,0,56
final_hybrid,2026086096,3,1,-8.0,2.5,0,0,0,0,0,0,0,0.03571428571428571,28,2.366183275756027,2.9063448077067733,2.9539321549236774,0,56
final_hybrid,2026086097,0,0,41.0,1.0,1,0,0,0,0,0,0,0.03333333333333333,60,2.4576120000953474,2.788262930698693,5.688925739377737,0,120
final_hybrid,2026086097,1,0,0.0,2.5,0,0,0,0,0,1,1,0.011904761904761904,84,2.474519202396983,3.1198910903185606,5.594974383711815,0,168
final_hybrid,2026086097,2,0,0.0,2.5,0,0,0,0,0,1,1,0.03571428571428571,84,2.2970535515231036,2.6397127425298095,2.719894051551819,0,168
final_hybrid,2026086097,3,0,-17.0,3.0,0,0,0,0,0,0,0,0.02702702702702703,74,2.3662639039291724,2.7252214727923274,4.633951932191849,0,149
final_hybrid,2026086098,0,0,37.0,1.0,1,0,0,0,0,0,0,0.06779661016949153,59,2.3480372156127025,2.6114781852811575,2.830015029758215,0,118
final_hybrid,2026086098,1,0,34.0,1.0,1,0,0,0,0,0,0,0.04878048780487805,41,2.3447711634018074,2.7143480256199837,2.8059231117367744,0,82
final_hybrid,2026086098,2,0,-19.0,3.0,0,0,0,0,0,0,0,0.025,40,2.3355124285444617,2.8574017342180014,2.919387072324753,0,81
final_hybrid,2026086098,3,0,-18.0,4.0,0,0,1,10,0,0,0,0.05,40,2.3048041970469058,2.677603345364332,2.7340948581695557,0,80
final_hybrid,2026086099,0,0,-8.0,2.5,0,0,0,0,0,0,0,0.0,47,2.427049744081624,2.941447030752897,3.0075362883508205,0,94
final_hybrid,2026086099,1,0,36.0,1.0,1,0,0,0,0,0,0,0.0,47,2.370909094176394,2.8598081786185503,2.969582099467516,0,94
final_hybrid,2026086099,2,0,-33.0,3.0,0,0,0,0,0,0,0,0.0,49,2.3496571586144213,2.8938038274645805,3.053009044378996,0,99
final_hybrid,2026086099,3,0,-8.0,2.5,0,0,0,0,0,0,0,0.0,47,2.3341458092661616,2.8515650425106287,2.8757513500750065,0,94
final_hybrid,2026086100,0,1,-24.0,3.0,0,0,0,0,0,0,0,0.019230769230769232,52,2.393537863659171,2.835692372173071,2.8696032240986824,0,105
final_hybrid,2026086100,1,1,-8.0,2.5,0,0,0,0,0,0,0,0.024390243902439025,41,2.357385268934616,2.649783156812191,4.1890800930559635,0,82
final_hybrid,2026086100,2,1,-8.0,2.5,0,0,0,0,0,0,0,0.0,41,2.3487695015785173,2.862785942852497,2.8818421997129917,0,82
final_hybrid,2026086100,3,1,-24.0,3.0,0,0,0,0,0,0,0,0.038461538461538464,52,2.3262652550609064,2.782609174028039,2.8533712029457092,0,105
final_hybrid,2026086101,0,1,-8.0,2.5,0,0,0,0,0,0,0,0.0,26,2.3951195538617096,2.8600571677088737,2.8710318729281425,0,52
final_hybrid,2026086101,1,1,-8.0,2.5,0,0,0,0,0,0,0,0.06666666666666667,30,2.320914218823115,2.7228976134210825,2.7426653541624546,0,60
final_hybrid,2026086101,2,1,-19.0,4.0,0,0,1,11,0,0,0,0.038461538461538464,26,2.328678356626859,2.760852687060833,2.7824658900499344,0,52
final_hybrid,2026086101,3,1,35.0,1.0,1,0,0,0,0,0,0,0.0,26,2.340940866046227,2.8964750235900283,2.956752199679613,0,52
final_hybrid,2026086102,0,2,42.0,1.0,1,0,0,0,0,0,0,0.02127659574468085,47,2.416905471460616,2.8799019288271666,2.904739696532488,0,94
final_hybrid,2026086102,1,2,-18.0,4.0,0,0,1,10,0,0,0,0.0,34,2.3883864256169867,2.8875218937173486,2.903952728956938,0,68
final_hybrid,2026086102,2,2,-8.0,2.5,0,0,0,0,0,0,0,0.02631578947368421,38,2.331848893510668,2.8286125045269728,2.8330166824162006,0,76
final_hybrid,2026086102,3,2,-8.0,2.5,0,0,0,0,0,0,0,0.02127659574468085,47,2.368564836363843,3.0271735973656178,3.1513450667262077,0,94
final_hybrid,2026086103,0,3,-8.0,2.5,0,0,0,0,0,0,0,0.0,35,2.4224707058497836,2.9055070132017136,2.9241079464554787,0,70
final_hybrid,2026086103,1,3,-8.0,2.5,0,0,0,0,0,0,0,0.02857142857142857,35,2.3861927778593133,2.845256822183728,3.677528351545334,0,70
final_hybrid,2026086103,2,3,-22.0,4.0,0,0,1,14,0,0,0,0.0,35,2.446346756603037,2.8198295272886753,5.502084735780954,0,70
final_hybrid,2026086103,3,3,35.0,1.0,1,0,0,0,0,0,0,0.04918032786885246,61,2.2672165231015837,2.5357138365507126,2.6442380622029305,0,122
final_hybrid,2026086104,0,3,-8.0,2.5,0,0,0,0,0,0,0,0.0,50,2.3945921007543802,2.772593591362238,2.829975914210081,0,100
final_hybrid,2026086104,1,3,-21.0,3.0,0,0,0,0,0,0,0,0.0,51,2.3921713616479847,2.9109888710081577,2.9559540562331676,0,103
final_hybrid,2026086104,2,3,32.0,1.0,1,0,0,0,0,0,0,0.0,55,2.4309843101284723,2.9910416342318054,4.442112985998392,0,110
final_hybrid,2026086104,3,3,-8.0,2.5,0,0,0,0,0,0,0,0.0,50,2.3441278841346502,2.894601970911026,2.9107220470905304,0,100
final_hybrid,2026086105,0,0,-16.0,3.0,0,0,0,0,0,0,0,0.02564102564102564,39,2.4321011792963896,2.8864415362477303,2.921618055552244,0,79
final_hybrid,2026086105,1,0,-17.0,3.0,0,0,0,0,0,0,0,0.0,42,2.4323632630209127,2.8266080655157566,4.794510081410408,0,85
final_hybrid,2026086105,2,0,43.0,1.0,1,0,0,0,0,0,0,0.043478260869565216,46,2.367171458899975,2.8508962132036686,3.5102078691124916,0,92
final_hybrid,2026086105,3,0,57.0,1.0,1,1,0,0,0,0,0,0.014492753623188406,69,2.3712921293749325,2.835610695183277,4.334727302193642,0,137
final_hybrid,2026086106,0,1,37.0,1.0,1,0,0,0,0,0,0,0.0,57,2.4965286598001657,3.0071189627051353,4.732619039714336,0,114
final_hybrid,2026086106,1,1,0.0,2.5,0,0,0,0,0,1,0,0.011904761904761904,84,2.3983359015324996,2.8238865779712796,5.119864828884602,0,168
final_hybrid,2026086106,2,1,0.0,2.5,0,0,0,0,0,1,1,0.0,84,2.3975318985148553,3.0245333444327116,3.164563328027725,0,168
final_hybrid,2026086106,3,1,-8.0,2.5,0,0,0,0,0,0,0,0.01818181818181818,55,2.3491793396798046,2.8416577260941267,2.8606047853827477,0,110
final_hybrid,2026086107,0,1,32.0,1.0,1,0,0,0,0,0,0,0.020833333333333332,48,2.407136644857625,2.9013560386374593,2.966742031276226,0,96
final_hybrid,2026086107,1,1,0.0,2.5,0,0,0,0,0,1,1,0.05434782608695652,92,2.345233158532368,2.6418690336868167,5.025602877140045,0,184
final_hybrid,2026086107,2,1,-20.0,3.0,0,0,0,0,0,0,0,0.019230769230769232,52,2.3475414983784924,2.8199920430779457,2.8957482427358627,0,105
final_hybrid,2026086107,3,1,33.0,1.0,1,0,0,0,0,0,0,0.03636363636363636,55,2.2857829335738313,2.573298756033182,2.750365063548088,0,110
final_hybrid,2026086108,0,1,-17.0,4.0,0,0,1,9,0,0,0,0.0425531914893617,47,2.4146724571572973,2.866754261776805,2.8949379920959473,0,94
final_hybrid,2026086108,1,1,57.0,1.0,1,1,0,0,0,0,0,0.043478260869565216,46,2.3410723281457373,2.722557750530541,2.7541988529264927,0,91
final_hybrid,2026086108,2,1,-24.0,4.0,0,0,1,16,0,0,0,0.023255813953488372,43,2.3651226791878077,2.797281416133046,3.753430675715208,0,86
final_hybrid,2026086108,3,1,42.0,1.0,1,0,0,0,0,0,0,0.0,24,2.312315860763192,2.795341215096414,2.8206519782543182,0,48
final_hybrid,2026086109,0,2,-8.0,2.5,0,0,0,0,0,0,0,0.06451612903225806,31,2.372784585121178,2.755682682618499,2.841335255652666,0,62
final_hybrid,2026086109,1,2,39.0,1.0,1,0,0,0,0,0,0,0.0,31,2.3897916168695494,2.9157656244933605,2.925434149801731,0,62
final_hybrid,2026086109,2,2,-8.0,2.5,0,0,0,0,0,0,0,0.03225806451612903,31,2.335041265694364,2.770710503682494,2.804091200232506,0,62
final_hybrid,2026086109,3,2,-23.0,4.0,0,0,1,15,0,0,0,0.0,31,2.3341756464252548,2.817180473357439,2.8914818540215492,0,62
final_hybrid,2026086110,0,0,-8.0,2.5,0,0,0,0,0,0,0,0.0,63,2.4610309388547664,3.02293817512691,3.1245960853993893,0,126
final_hybrid,2026086110,1,0,36.0,1.0,1,0,0,0,0,0,0,0.0,57,2.4512805322413906,3.0260312370955944,4.949438851326704,0,114
final_hybrid,2026086110,2,0,-16.0,3.0,0,0,0,0,0,0,0,0.0,48,2.3826769708345332,2.928639412857592,2.9668910428881645,0,97
final_hybrid,2026086110,3,0,44.0,1.0,1,0,0,0,0,0,0,0.043478260869565216,46,2.3540750591327315,2.8164637042209506,4.31270245462656,0,92
final_hybrid,2026086111,0,3,0.0,2.5,0,0,0,0,0,1,1,0.012658227848101266,79,2.4044394163014013,2.7867915108799934,2.858367282897234,0,161
final_hybrid,2026086111,1,3,0.0,2.5,0,0,0,0,0,1,1,0.024691358024691357,81,2.3535653477373684,2.717162948101759,2.7802521362900734,0,161
final_hybrid,2026086111,2,3,-17.0,4.0,0,0,1,9,0,0,0,0.0,57,2.3685181186648836,2.8583825565874577,2.9986612498760223,0,115
final_hybrid,2026086111,3,3,-8.0,2.5,0,0,0,0,0,0,0,0.05555555555555555,36,2.2956457170140414,2.606654306873679,2.7641779743134975,0,73
final_hybrid,2026086112,0,0,-39.0,3.0,0,0,0,0,0,0,0,0.0392156862745098,51,2.430805479925053,2.7966818306595087,4.623713903129101,0,103
final_hybrid,2026086112,1,0,-8.0,2.5,0,0,0,0,0,0,0,0.0,21,2.547523051145531,2.845920156687498,5.954286083579063,0,42
final_hybrid,2026086112,2,0,-39.0,3.0,0,0,0,0,0,0,0,0.0,51,2.3940831203671062,2.9704684857279062,3.272817935794592,0,103
final_hybrid,2026086112,3,0,54.0,1.0,1,0,0,0,0,0,0,0.0,57,2.329608891159296,2.774580381810665,2.803337760269642,0,114
final_hybrid,2026086113,0,1,-20.0,4.0,0,0,1,12,0,0,0,0.03278688524590164,61,2.4548646932864777,2.734872978180647,5.691541824489832,0,122
final_hybrid,2026086113,1,1,-8.0,2.5,0,0,0,0,0,0,0,0.014084507042253521,71,2.4012225666936016,2.938739722594619,3.8595329970121384,0,142
final_hybrid,2026086113,2,1,-20.0,4.0,0,0,1,12,0,0,0,0.04918032786885246,61,2.3801165297016746,2.761933021247387,6.512528285384178,0,122
final_hybrid,2026086113,3,1,-30.0,3.0,0,0,0,0,0,0,0,0.014492753623188406,69,2.367071065025917,2.9269359074532986,2.986891195178032,0,139
final_hybrid,2026086114,0,0,32.0,1.0,1,0,0,0,0,0,0,0.0,28,2.458297032197671,2.9642497655004263,2.9655112884938717,0,56
final_hybrid,2026086114,1,0,-16.0,4.0,0,0,1,8,0,0,0,0.05555555555555555,18,2.496928804450565,3.1840083654969895,5.348327104002237,0,36
final_hybrid,2026086114,2,0,-8.0,2.5,0,0,0,0,0,0,0,0.02702702702702703,37,2.3976531181786513,2.8056670911610126,4.262126982212067,0,74
final_hybrid,2026086114,3,0,-16.0,3.0,0,0,0,0,0,0,0,0.03125,32,2.321223437320441,2.673091064207256,2.6911990717053413,0,65
final_hybrid,2026086115,0,2,33.0,1.0,1,0,0,0,0,0,0,0.0,40,2.462777169421315,3.001127834431827,3.058061935007572,0,80
final_hybrid,2026086115,1,2,-17.0,4.0,0,0,1,9,0,0,0,0.03571428571428571,28,2.354649643945907,2.747167251072824,2.780306152999401,0,56
final_hybrid,2026086115,2,2,-8.0,2.5,0,0,0,0,0,0,0,0.025,40,2.348921913653612,2.882573241367936,2.9510268941521645,0,80
final_hybrid,2026086115,3,2,-8.0,2.5,0,0,0,0,0,0,0,0.029411764705882353,34,2.444844377939315,3.3441670238971675,4.401438869535923,0,68
final_hybrid,2026086116,0,2,-23.0,3.0,0,0,0,0,0,0,0,0.0,47,2.427351829457156,2.9027228243649006,2.954550087451935,0,95
final_hybrid,2026086116,1,2,-23.0,3.0,0,0,0,0,0,0,0,0.0425531914893617,47,2.4403015726265753,2.89179403334856,5.898943170905113,0,95
final_hybrid,2026086116,2,2,-17.0,4.0,0,0,1,9,0,0,0,0.0,43,2.3915327024147954,2.825568662956357,4.849615041166544,0,86
final_hybrid,2026086116,3,2,69.0,1.0,1,1,0,0,0,0,0,0.0,48,2.3673111378836134,3.0088671017438173,3.0679437331855297,0,95
final_hybrid,2026086117,0,2,-18.0,3.0,0,0,0,0,0,0,0,0.0,52,2.4305159906641793,2.856300654821098,3.5419841296970844,0,105
final_hybrid,2026086117,1,2,-31.0,3.0,0,0,0,0,0,0,0,0.04081632653061224,49,2.3763653233039137,2.7370194904506207,4.629363305866718,0,99
final_hybrid,2026086117,2,2,93.0,1.0,1,1,0,0,0,0,0,0.0,50,2.3973459377884865,2.8804056346416473,4.449950065463781,0,99
final_hybrid,2026086117,3,2,-31.0,3.0,0,0,0,0,0,0,0,0.0,49,2.461719355184813,2.987533900886774,6.704146042466164,0,99
final_hybrid,2026086118,0,0,35.0,1.0,1,0,0,0,0,0,0,0.02631578947368421,76,2.356826290978413,2.687159343622625,2.8806249611079693,0,152
final_hybrid,2026086118,1,0,35.0,1.0,1,0,0,0,0,0,0,0.05405405405405406,37,2.3552431045351803,2.836288884282112,2.953468356281519,0,74
final_hybrid,2026086118,2,0,-17.0,4.0,0,0,1,9,0,0,0,0.0,39,2.407380821517645,2.8921977151185274,3.825745079666376,0,78
final_hybrid,2026086118,3,0,0.0,2.5,0,0,0,0,0,1,0,0.0,86,2.4962866364783327,2.9785135993734,6.685049273073673,0,172
final_hybrid,2026086119,0,1,-32.0,4.0,0,0,1,24,0,0,0,0.046511627906976744,43,2.4480880887875722,2.8152402956038713,4.5906249433755875,0,86
final_hybrid,2026086119,1,1,48.0,1.0,1,0,0,0,0,0,0,0.0,37,2.5534278687995835,3.3423091284930617,6.1583188362419605,0,74
final_hybrid,2026086119,2,1,-8.0,2.5,0,0,0,0,0,0,0,0.0,36,2.335464284341368,2.7940492145717144,2.8145923279225826,0,72
final_hybrid,2026086119,3,1,-32.0,4.0,0,0,1,24,0,0,0,0.025,40,2.362430514767766,2.6946201687678695,4.280672874301672,0,80
final_hybrid,2026086120,0,1,-18.0,3.0,0,0,0,0,0,0,0,0.016129032258064516,62,2.411574523355211,2.797454805113375,3.1657470390200615,0,125
final_hybrid,2026086120,1,1,-23.0,3.0,0,0,0,0,0,0,0,0.0125,80,2.3773358785547316,2.8687126701697707,2.955704927444458,0,162
final_hybrid,2026086120,2,1,0.0,2.5,0,0,0,0,0,1,1,0.022988505747126436,87,2.3589944520472796,2.7904863469302654,4.68383589759469,0,174
final_hybrid,2026086120,3,1,-8.0,2.5,0,0,0,0,0,0,0,0.03508771929824561,57,2.3861158916955456,2.779655996710062,6.423064041882753,0,114
final_hybrid,2026086121,0,0,-16.0,4.0,0,0,1,8,0,0,0,0.0,40,2.5185197009705007,2.911890367977321,5.580246914178133,0,80
final_hybrid,2026086121,1,0,-8.0,2.5,0,0,0,0,0,0,0,0.0,40,2.42537131998688,3.0165291856974363,3.0972659587860107,0,80
final_hybrid,2026086121,2,0,-8.0,2.5,0,0,0,0,0,0,0,0.027777777777777776,36,2.745282331792017,3.912690212018788,4.132984671741724,0,72
final_hybrid,2026086121,3,0,32.0,1.0,1,0,0,0,0,0,0,0.025,40,2.3336881771683693,2.794133359566331,2.8587891720235348,0,80
final_hybrid,2026086122,0,0,-8.0,2.5,0,0,0,0,0,0,0,0.0,52,2.442200301000132,2.968676364980638,3.3678230829536915,0,104
final_hybrid,2026086122,1,0,33.0,1.0,1,0,0,0,0,0,0,0.0,79,2.4217598411384262,3.0662341974675655,3.130616620182991,0,158
final_hybrid,2026086122,2,0,32.0,1.0,1,0,0,0,0,0,0,0.018867924528301886,53,2.376214522024933,2.939343173056841,3.0107079073786736,0,106
final_hybrid,2026086122,3,0,-16.0,4.0,0,0,1,8,0,0,0,0.0,52,2.3837868804828477,2.944830758497119,2.987300045788288,0,104
final_hybrid,2026086123,0,1,-8.0,2.5,0,0,0,0,0,0,0,0.023809523809523808,42,2.4151972361973355,2.7828445425257087,3.857159987092018,0,84
final_hybrid,2026086123,1,1,0.0,2.5,0,0,0,0,0,1,1,0.012195121951219513,82,2.4601246014509988,2.830116474069655,6.12068735063076,0,165
final_hybrid,2026086123,2,1,-17.0,3.0,0,0,0,0,0,0,0,0.0,51,2.3830378172444364,2.9278635047376156,3.0211838893592358,0,103
final_hybrid,2026086123,3,1,-17.0,3.0,0,0,0,0,0,0,0,0.0,48,2.386214133972923,2.985619637183845,3.144741989672184,0,97
final_hybrid,2026086124,0,1,-16.0,3.0,0,0,0,0,0,0,0,0.041666666666666664,48,2.400755290485298,2.8238363564014435,3.151440992951393,0,97
final_hybrid,2026086124,1,1,-16.0,3.0,0,0,0,0,0,0,0,0.020833333333333332,48,2.3607874366765222,2.8108913684263825,2.8326138854026794,0,97
final_hybrid,2026086124,2,1,0.0,2.5,0,0,0,0,0,1,0,0.0,86,2.385765232882181,2.9820099007338285,3.0254521407186985,0,172
final_hybrid,2026086124,3,1,66.0,1.0,1,1,0,0,0,0,0,0.04,50,2.3514730855822563,2.9444485437124968,2.9933834448456764,0,99
final_hybrid,2026086125,0,1,0.0,2.5,0,0,0,0,0,1,1,0.0,86,2.4641786842758573,3.063047770410776,3.1396117992699146,0,172
final_hybrid,2026086125,1,1,36.0,1.0,1,0,0,0,0,0,0,0.013333333333333334,75,2.4394076938430467,2.8085715137422085,5.114777013659477,0,150
final_hybrid,2026086125,2,1,42.0,1.0,1,0,0,0,0,0,0,0.0,86,2.5006437587530113,3.15051747020334,5.068257916718721,0,172
final_hybrid,2026086125,3,1,0.0,2.5,0,0,0,0,0,1,1,0.011494252873563218,87,2.408649793815339,2.990243397653103,4.36632614582777,0,174
final_hybrid,2026086126,0,2,-8.0,2.5,0,0,0,0,0,0,0,0.07692307692307693,26,2.504753217530938,2.875059493817389,5.492492113262415,0,52
final_hybrid,2026086126,1,2,36.0,1.0,1,0,0,0,0,0,0,0.05714285714285714,35,2.346531062253884,2.7039320208132267,3.0120359733700752,0,70
final_hybrid,2026086126,2,2,-20.0,4.0,0,0,1,12,0,0,0,0.03333333333333333,30,2.350573008880019,2.814432419836521,2.8292639181017876,0,60
final_hybrid,2026086126,3,2,-8.0,2.5,0,0,0,0,0,0,0,0.0,35,2.3754272077764784,2.9824973549693823,2.9998882673680782,0,70
final_hybrid,2026086127,0,1,-8.0,2.5,0,0,0,0,0,0,0,0.038461538461538464,78,2.368176344017952,2.6522473199293017,2.8295740485191345,0,156
final_hybrid,2026086127,1,1,-8.0,2.5,0,0,0,0,0,0,0,0.0,54,2.401571634604975,2.8820409905165434,3.94912576302886,0,108
final_hybrid,2026086127,2,1,32.0,1.0,1,0,0,0,0,0,0,0.03278688524590164,61,2.339386091124816,2.772920299321413,3.771777730435133,0,122
final_hybrid,2026086127,3,1,59.0,1.0,1,0,0,0,0,0,0,0.05084745762711865,59,2.339453760029401,2.811730420216918,4.023656714707613,0,118
final_hybrid,2026086128,0,0,40.0,1.0,1,0,0,0,0,0,0,0.0,66,2.4648359341716226,2.909504226408899,6.164640188217163,0,132
final_hybrid,2026086128,1,0,0.0,2.5,0,0,0,0,0,1,1,0.023529411764705882,85,2.344442536944852,2.6706164702773094,4.888844210654497,0,170
final_hybrid,2026086128,2,0,35.0,1.0,1,0,0,0,0,0,0,0.013513513513513514,74,2.3556979108803175,2.868778631091118,2.9011298902332783,0,148
final_hybrid,2026086128,3,0,0.0,2.5,0,0,0,0,0,1,1,0.011764705882352941,85,2.3362175616271355,2.805482968688011,2.8683352284133434,0,170
final_hybrid,2026086129,0,0,33.0,1.0,1,0,0,0,0,0,0,0.043478260869565216,46,2.4121280192680983,2.890510717406869,3.256509080529213,0,92
final_hybrid,2026086129,1,0,-39.0,3.0,0,0,0,0,0,0,0,0.0,53,2.4230604780451306,3.037433512508869,3.0949567444622517,0,107
final_hybrid,2026086129,2,0,-17.0,4.0,0,0,1,9,0,0,0,0.015873015873015872,63,2.336619754454919,2.7359837666153908,2.7700448408722878,0,126
final_hybrid,2026086129,3,0,-52.0,3.0,0,0,0,0,0,0,0,0.02857142857142857,70,2.3492451956761733,2.836038824170828,2.896291669458151,0,141
final_hybrid,2026086130,0,0,35.0,1.0,1,0,0,0,0,0,0,0.0,34,2.44378243737361,2.945853932760656,3.0092266388237476,0,68
final_hybrid,2026086130,1,0,34.0,1.0,1,0,0,0,0,0,0,0.0,47,2.3946171586817884,2.9575446154922247,3.1070969998836517,0,94
final_hybrid,2026086130,2,0,-8.0,2.5,0,0,0,0,0,0,0,0.07142857142857142,42,2.2959141504196894,2.657265611924231,2.691972069442272,0,84
final_hybrid,2026086130,3,0,-8.0,2.5,0,0,0,0,0,0,0,0.06382978723404255,47,2.2960654757124312,2.6684133801609278,2.7599320746958256,0,94
final_hybrid,2026086131,0,1,33.0,1.0,1,0,0,0,0,0,0,0.044444444444444446,45,2.400391735136509,2.795189246535301,2.8424677439033985,0,90
final_hybrid,2026086131,1,1,-23.0,3.0,0,0,0,0,0,0,0,0.05084745762711865,59,2.360766335248442,2.6350497268140316,4.3868920765817165,0,119
final_hybrid,2026086131,2,1,-23.0,3.0,0,0,0,0,0,0,0,0.03278688524590164,61,2.337094678803057,2.7813739143311977,2.826930023729801,0,123
final_hybrid,2026086131,3,1,-23.0,3.0,0,0,0,0,0,0,0,0.01694915254237288,59,2.354782982334747,2.8983685187995434,2.953323069959879,0,119
final_hybrid,2026086132,0,2,-18.0,4.0,0,0,1,10,0,0,0,0.04081632653061224,49,2.4164641295008513,2.8703604824841022,2.9086722061038017,0,98
final_hybrid,2026086132,1,2,34.0,1.0,1,0,0,0,0,0,0,0.0,49,2.391090759133198,2.9472416266798973,3.0695819295942783,0,98
final_hybrid,2026086132,2,2,-21.0,4.0,0,0,1,13,0,0,0,0.03389830508474576,59,2.3217388997012276,2.7726309839636087,2.8140810318291187,0,118
final_hybrid,2026086132,3,2,-8.0,2.5,0,0,0,0,0,0,0,0.02040816326530612,49,2.3516334061111723,2.87714721634984,2.9047648422420025,0,98
final_hybrid,2026086133,0,3,-18.0,3.0,0,0,0,0,0,0,0,0.05357142857142857,56,2.3542901617474854,2.6192765217274427,2.899179235100746,0,113
final_hybrid,2026086133,1,3,-8.0,2.5,0,0,0,0,0,0,0,0.03571428571428571,28,2.366362771551524,2.85544297657907,2.8856866993010044,0,56
final_hybrid,2026086133,2,3,-8.0,2.5,0,0,0,0,0,0,0,0.0,28,2.36520660109818,2.936719381250441,2.9634693637490273,0,56
final_hybrid,2026086133,3,3,-24.0,4.0,0,0,1,16,0,0,0,0.0,28,2.363900071941316,2.882125834003091,2.90352338925004,0,56
final_hybrid,2026086134,0,2,0.0,2.5,0,0,0,0,0,1,0,0.023255813953488372,86,2.400147582425974,2.8275122167542577,2.8749159537255764,0,172
final_hybrid,2026086134,1,2,0.0,2.5,0,0,0,0,0,1,0,0.0,86,2.3898464129414667,2.9111593030393124,2.956703770905733,0,172
final_hybrid,2026086134,2,2,0.0,2.5,0,0,0,0,0,1,0,0.023255813953488372,86,2.3693227274126785,2.7851008344441652,4.841403104364872,0,172
final_hybrid,2026086134,3,2,66.0,1.0,1,1,0,0,0,0,0,0.028169014084507043,71,2.3829810793550923,2.8476687148213387,5.416930187493563,0,141
final_hybrid,2026086135,0,1,-24.0,3.0,0,0,0,0,0,0,0,0.02,50,2.415760364383459,2.8346016071736813,2.8780950233340263,0,102
final_hybrid,2026086135,1,1,-24.0,3.0,0,0,0,0,0,0,0,0.0,50,2.4332678131759167,2.9884847346693277,3.289327956736088,0,102
final_hybrid,2026086135,2,1,-8.0,2.5,0,0,0,0,0,0,0,0.05,60,2.402301373270651,2.818440180271863,5.1378849893808365,0,119
final_hybrid,2026086135,3,1,-22.0,4.0,0,0,1,14,0,0,0,0.0,44,2.3569173327731816,2.833699923940003,2.854843158274889,0,89
final_hybrid,2026086136,0,1,-18.0,4.0,0,0,1,10,0,0,0,0.03773584905660377,53,2.397833752252583,2.806422859430313,2.8860699385404587,0,106
final_hybrid,2026086136,1,1,-8.0,2.5,0,0,0,0,0,0,0,0.06976744186046512,43,2.3349361429207547,2.7009270153939724,2.8187287971377373,0,86
final_hybrid,2026086136,2,1,-8.0,2.5,0,0,0,0,0,0,0,0.019230769230769232,52,2.3709142562718344,2.8183886781334877,3.462650813162327,0,104
final_hybrid,2026086136,3,1,-8.0,2.5,0,0,0,0,0,0,0,0.02040816326530612,49,2.3286203207562166,2.8142130002379417,2.872385084629059,0,98
final_hybrid,2026086137,0,0,-8.0,2.5,0,0,0,0,0,0,0,0.012345679012345678,81,2.4284634302243773,2.8676711954176426,4.181195981800556,0,162
final_hybrid,2026086137,1,0,33.0,1.0,1,0,0,0,0,0,0,0.03333333333333333,60,2.315921437305709,2.6714703068137164,2.8192992322146893,0,120
final_hybrid,2026086137,2,0,34.0,1.0,1,0,0,0,0,0,0,0.04918032786885246,61,2.30458852086888,2.810870297253132,2.820586785674095,0,122
final_hybrid,2026086137,3,0,-19.0,3.0,0,0,0,0,0,0,0,0.012048192771084338,83,2.338511622454747,2.830751845613122,2.880278043448925,0,167
final_hybrid,2026086138,0,0,-21.0,4.0,0,0,1,13,0,0,0,0.07692307692307693,39,2.358504069539217,2.7687895577400923,2.873377874493599,0,77
final_hybrid,2026086138,1,0,44.0,1.0,1,0,0,0,0,0,0,0.05128205128205128,39,2.34169910590236,2.812354313209653,2.827382180839777,0,79
final_hybrid,2026086138,2,0,-8.0,2.5,0,0,0,0,0,0,0,0.05128205128205128,39,2.3071693304257517,2.7754880022257566,2.795014064759016,0,79
final_hybrid,2026086138,3,0,-8.0,2.5,0,0,0,0,0,0,0,0.0,38,2.3257017601281404,2.838095766492188,2.9017291963100433,0,77
final_hybrid,2026086139,0,1,-8.0,2.5,0,0,0,0,0,0,0,0.0392156862745098,51,2.366106601103264,2.703404054045677,2.8637577779591084,0,102
final_hybrid,2026086139,1,1,-18.0,4.0,0,0,1,10,0,0,0,0.0,48,2.3850679281167686,2.878195932134986,2.9540741816163063,0,96
final_hybrid,2026086139,2,1,-8.0,2.5,0,0,0,0,0,0,0,0.0,88,2.411522013558583,3.1130189076066017,3.858692944049835,0,176
final_hybrid,2026086139,3,1,34.0,1.0,1,0,0,0,0,0,0,0.058823529411764705,51,2.2991529264140365,2.757464302703738,2.8182188980281353,0,102
final_hybrid,2026086140,0,3,-8.0,2.5,0,0,0,0,0,0,0,0.019230769230769232,52,2.4505509869553723,2.8541739098727703,3.251704853028059,0,104
final_hybrid,2026086140,1,3,34.0,1.0,1,0,0,0,0,0,0,0.0,45,2.379384274697966,2.958259079605341,3.0946126207709312,0,90
final_hybrid,2026086140,2,3,-8.0,2.5,0,0,0,0,0,0,0,0.022222222222222223,45,2.343268951194154,2.820467669516802,2.8459588065743446,0,90
final_hybrid,2026086140,3,3,-18.0,4.0,0,0,1,10,0,0,0,0.0,59,2.394846009122113,2.9394755139946938,3.242568112909794,0,118
final_hybrid,2026086141,0,2,-8.0,2.5,0,0,0,0,0,0,0,0.0,26,2.4669487924816518,3.000942640937865,3.011732827872038,0,52
final_hybrid,2026086141,1,2,33.0,1.0,1,0,0,0,0,0,0,0.038461538461538464,26,2.3972256682240047,2.891158568672836,2.985964994877577,0,52
final_hybrid,2026086141,2,2,-8.0,2.5,0,0,0,0,0,0,0,0.0,48,2.343532435285548,2.837328310124576,2.8655496425926685,0,96
final_hybrid,2026086141,3,2,-8.0,2.5,0,0,0,0,0,0,0,0.038461538461538464,26,2.321952631553778,2.7921650325879455,2.8410409577190876,0,52
final_hybrid,2026086142,0,1,-8.0,2.5,0,0,0,0,0,0,0,0.07692307692307693,39,2.454646492902285,2.7721738442778587,5.745735950767994,0,78
final_hybrid,2026086142,1,1,-8.0,2.5,0,0,0,0,0,0,0,0.044444444444444446,45,2.3589736161132655,2.7545676566660404,2.7902526780962944,0,90
final_hybrid,2026086142,2,1,32.0,1.0,1,0,0,0,0,0,0,0.03636363636363636,55,2.3675558749925005,2.786888973787427,4.8755379393696785,0,110
final_hybrid,2026086142,3,1,-8.0,2.5,0,0,0,0,0,0,0,0.05357142857142857,56,2.350331001382853,2.8051750268787146,3.691192716360092,0,112
final_hybrid,2026086143,0,1,-18.0,3.0,0,0,0,0,0,0,0,0.022727272727272728,44,2.491353206675161,2.8595966286957264,5.405920557677746,0,89
final_hybrid,2026086143,1,1,-8.0,2.5,0,0,0,0,0,0,0,0.04878048780487805,41,2.460509947523838,2.8576748445630074,5.614226218312979,0,82
final_hybrid,2026086143,2,1,-22.0,4.0,0,0,1,14,0,0,0,0.024390243902439025,41,2.334674241066706,2.8036837466061115,2.809596247971058,0,82
final_hybrid,2026086143,3,1,-8.0,2.5,0,0,0,0,0,0,0,0.0,41,2.3436942478505576,2.897568978369236,2.9043699614703655,0,82
final_hybrid,2026086144,0,1,-8.0,2.5,0,0,0,0,0,0,0,0.0,86,2.4249120615422726,2.9140517581254244,3.0326424166560173,0,172
final_hybrid,2026086144,1,1,-8.0,2.5,0,0,0,0,0,0,0,0.0273972602739726,73,2.3143980907250756,2.6582222431898117,2.8024977073073387,0,146
final_hybrid,2026086144,2,1,-8.0,2.5,0,0,0,0,0,0,0,0.043478260869565216,46,2.3664375260958206,2.7635268634185195,4.665115848183632,0,92
final_hybrid,2026086144,3,1,-18.0,4.0,0,0,1,10,0,0,0,0.017241379310344827,58,2.3557009046961523,2.850788738578558,3.261819016188383,0,116
final_hybrid,2026086145,0,1,0.0,2.5,0,0,0,0,0,1,0,0.0,84,2.4120083766146783,2.8600039426237345,2.936949022114277,0,168
final_hybrid,2026086145,1,1,36.0,1.0,1,0,0,0,0,0,0,0.019230769230769232,52,2.367943337258811,2.8838176745921373,2.938942052423954,0,104
final_hybrid,2026086145,2,1,-18.0,4.0,0,0,1,10,0,0,0,0.024096385542168676,83,2.3635791120938507,2.792159561067819,5.601838696748018,0,166
final_hybrid,2026086145,3,1,0.0,2.5,0,0,0,0,0,1,0,0.011764705882352941,85,2.334133513710078,2.8388424776494503,2.851941157132387,0,170
final_hybrid,2026086146,0,2,-19.0,4.0,0,0,1,11,0,0,0,0.0,50,2.458969336003065,3.030556649900973,3.7952857092022896,0,100
final_hybrid,2026086146,1,2,72.0,1.0,1,1,0,0,0,0,0,0.057971014492753624,69,2.3725176621498405,2.665241900831461,4.945889115333557,0,137
final_hybrid,2026086146,2,2,-8.0,2.5,0,0,0,0,0,0,0,0.034482758620689655,29,2.367579201557513,2.877956349402666,2.8877202421426773,0,58
final_hybrid,2026086146,3,2,-8.0,2.5,0,0,0,0,0,0,0,0.0,52,2.3555372877476306,2.969988062977791,3.0510430224239826,0,104
final_hybrid,2026086147,0,2,-8.0,2.5,0,0,0,0,0,0,0,0.02564102564102564,39,2.3954807159801326,2.8391155879944563,2.8434041887521744,0,78
final_hybrid,2026086147,1,2,-8.0,2.5,0,0,0,0,0,0,0,0.02564102564102564,39,2.3758206516504288,2.9098734725266695,2.9300362803041935,0,78
final_hybrid,2026086147,2,2,35.0,1.0,1,0,0,0,0,0,0,0.046511627906976744,43,2.3315558101721976,2.7259116992354393,2.8035882860422134,0,86
final_hybrid,2026086147,3,2,44.0,1.0,1,0,0,0,0,0,0,0.05,40,2.3109679110348225,2.6849191170185804,2.7376520447432995,0,80
final_hybrid,2026086148,0,1,-8.0,2.5,0,0,0,0,0,0,0,0.0,65,2.4187135008665233,2.899526245892048,2.967061009258032,0,130
final_hybrid,2026086148,1,1,-29.0,3.0,0,0,0,0,0,0,0,0.057692307692307696,52,2.337521604763774,2.7528705308213826,2.81985430046916,0,105
final_hybrid,2026086148,2,1,-29.0,3.0,0,0,0,0,0,0,0,0.0,52,2.411682561684686,2.990864426828921,3.00178537145257,0,105
final_hybrid,2026086148,3,1,87.0,1.0,1,1,0,0,0,0,0,0.018867924528301886,53,2.323170579126421,2.7786916121840477,2.8776098042726517,0,105
final_hybrid,2026086149,0,1,-8.0,2.5,0,0,0,0,0,0,0,0.0,70,2.4498618141348874,2.93018096126616,5.434165708720684,0,140
final_hybrid,2026086149,1,1,33.0,1.0,1,0,0,0,0,0,0,0.03076923076923077,65,2.3601415280539255,2.77842516079545,2.840213943272829,0,130
final_hybrid,2026086149,2,1,52.0,1.0,1,0,0,0,0,0,0,0.06896551724137931,58,2.3468065252206447,2.7469885302707553,5.204431246966124,0,116
final_hybrid,2026086149,3,1,-20.0,3.0,0,0,0,0,0,0,0,0.04411764705882353,68,2.347643836401403,2.7056997874751687,5.990985315293074,0,137
final_hybrid,2026086150,0,1,-8.0,2.5,0,0,0,0,0,0,0,0.045454545454545456,66,2.4234549791523903,2.80776375439018,4.714133217930794,0,132
final_hybrid,2026086150,1,1,-8.0,2.5,0,0,0,0,0,0,0,0.022222222222222223,45,2.346963156014681,2.79659079387784,2.877183724194765,0,90
final_hybrid,2026086150,2,1,48.0,1.0,1,0,0,0,0,0,0,0.0,41,2.4098183891576963,2.8643417172133923,5.742175970226526,0,82
final_hybrid,2026086150,3,1,-8.0,2.5,0,0,0,0,0,0,0,0.022727272727272728,44,2.3270866050469605,2.8148920508101583,2.8349142521619797,0,88
final_hybrid,2026086151,0,1,33.0,1.0,1,0,0,0,0,0,0,0.041666666666666664,48,2.357736957492307,2.6511855656281114,2.834982704371214,0,96
final_hybrid,2026086151,1,1,-17.0,4.0,0,0,1,9,0,0,0,0.0,48,2.374817200082665,2.862626686692238,2.8845909982919693,0,96
final_hybrid,2026086151,2,1,-8.0,2.5,0,0,0,0,0,0,0,0.019230769230769232,52,2.308886757908532,2.7568673249334097,2.8096502646803856,0,104
final_hybrid,2026086151,3,1,-17.0,4.0,0,0,1,9,0,0,0,0.0,46,2.347323820804772,2.847984083928168,2.9493561014533043,0,92
final_hybrid,2026086152,0,1,0.0,2.5,0,0,0,0,0,1,0,0.03614457831325301,83,2.3791450580739113,2.7542268857359886,2.8235819190740585,0,166
final_hybrid,2026086152,1,1,-8.0,2.5,0,0,0,0,0,0,0,0.019230769230769232,52,2.36982972217867,2.830937481485307,2.8587649576365948,0,104
final_hybrid,2026086152,2,1,-18.0,4.0,0,0,1,10,0,0,0,0.031746031746031744,63,2.3476961512295973,2.8108085971325636,2.9018810018897057,0,126
final_hybrid,2026086152,3,1,35.0,1.0,1,0,0,0,0,0,0,0.05,40,2.3205031757242978,2.843843144364655,2.858108375221491,0,80
final_hybrid,2026086153,0,1,32.0,1.0,1,0,0,0,0,0,0,0.027777777777777776,36,2.374975372933679,2.758086076937616,2.838175743818283,0,72
final_hybrid,2026086153,1,1,-8.0,2.5,0,0,0,0,0,0,0,0.0,36,2.3534970823675394,2.8568152338266373,2.8888192027807236,0,72
final_hybrid,2026086153,2,1,-8.0,2.5,0,0,0,0,0,0,0,0.08333333333333333,36,2.296338038932946,2.620277809910476,2.7599381282925606,0,72
final_hybrid,2026086153,3,1,-16.0,4.0,0,0,1,8,0,0,0,0.027777777777777776,36,2.3048219866015844,2.7059686835855246,2.781056798994541,0,72
final_hybrid,2026086154,0,1,-18.0,3.0,0,0,0,0,0,0,0,0.038461538461538464,26,2.5339317328941364,2.874972182326019,5.907985847443342,0,53
final_hybrid,2026086154,1,1,-18.0,3.0,0,0,0,0,0,0,0,0.0,26,2.394156763330102,2.874698373489082,2.8953179717063904,0,53
final_hybrid,2026086154,2,1,-18.0,3.0,0,0,0,0,0,0,0,0.037037037037037035,27,2.328202697551913,2.713679103180766,2.7787387371063232,0,54
final_hybrid,2026086154,3,1,54.0,1.0,1,1,0,0,0,0,0,0.037037037037037035,27,2.298734392280932,2.7328692842274904,2.7475752867758274,0,53
final_hybrid,2026086155,0,0,39.0,1.0,1,0,0,0,0,0,0,0.0392156862745098,51,2.3476048281379773,2.6127914898097515,2.8024958446621895,0,102
final_hybrid,2026086155,1,0,-8.0,2.5,0,0,0,0,0,0,0,0.0,51,2.3657917866812035,2.8893498238176107,2.900558989495039,0,102
final_hybrid,2026086155,2,0,-23.0,4.0,0,0,1,15,0,0,0,0.07142857142857142,28,2.298225848270314,2.6493492536246777,2.788039855659008,0,56
final_hybrid,2026086155,3,0,36.0,1.0,1,0,0,0,0,0,0,0.0,54,2.361825486231181,2.924360684119165,2.9796212911605835,0,108
final_hybrid,2026086156,0,2,33.0,1.0,1,0,0,0,0,0,0,0.0,77,2.469652362603259,3.0572110787034035,3.11110308393836,0,154
final_hybrid,2026086156,1,2,-8.0,2.5,0,0,0,0,0,0,0,0.03571428571428571,56,2.329494039128934,2.755939611233771,2.762516960501671,0,112
final_hybrid,2026086156,2,2,-19.0,4.0,0,0,1,11,0,0,0,0.03571428571428571,56,2.34412939919691,2.7437946991994977,4.266711883246899,0,112
final_hybrid,2026086156,3,2,35.0,1.0,1,0,0,0,0,0,0,0.037037037037037035,54,2.295973572742056,2.7147474233061075,2.748523373156786,0,108
final_hybrid,2026086157,0,3,-18.0,3.0,0,0,0,0,0,0,0,0.0,30,2.4103793160369,2.86230209749192,2.902159933000803,0,61
final_hybrid,2026086157,1,3,-18.0,3.0,0,0,0,0,0,0,0,0.0,30,2.3544656112790108,2.8208148200064898,2.825194038450718,0,61
final_hybrid,2026086157,2,3,54.0,1.0,1,1,0,0,0,0,0,0.06451612903225806,31,2.42411442882111,2.7061274740844965,6.179104093462229,0,61
final_hybrid,2026086157,3,3,-18.0,3.0,0,0,0,0,0,0,0,0.0,30,2.3849690643449626,2.9546116245910525,2.986626699566841,0,61
final_hybrid,2026086158,0,3,-8.0,2.5,0,0,0,0,0,0,0,0.0,40,2.455680468119681,2.9191623209044337,3.6456058733165264,0,80
final_hybrid,2026086158,1,3,-8.0,2.5,0,0,0,0,0,0,0,0.025,40,2.4649066966958344,2.8459718683734536,6.029882002621889,0,80
final_hybrid,2026086158,2,3,-20.0,3.0,0,0,0,0,0,0,0,0.022727272727272728,44,2.4201858111403207,2.789709693752229,5.4587931372225285,0,89
final_hybrid,2026086158,3,3,-21.0,3.0,0,0,0,0,0,0,0,0.0,67,2.4235680310139016,3.0637765303254128,3.9573349058628082,0,135
final_hybrid,2026086159,0,3,-21.0,3.0,0,0,0,0,0,0,0,0.03278688524590164,61,2.3651712833613647,2.7943765744566917,2.8630830347537994,0,123
final_hybrid,2026086159,1,3,-18.0,4.0,0,0,1,10,0,0,0,0.08,25,2.379991188645363,2.869703248143196,2.885226160287857,0,50
final_hybrid,2026086159,2,3,-17.0,3.0,0,0,0,0,0,0,0,0.0,69,2.4214695626194924,2.958117797970772,5.250053014606237,0,139
final_hybrid,2026086159,3,3,-21.0,3.0,0,0,0,0,0,0,0,0.0,61,2.364924788230755,2.9694121330976486,3.029698971658945,0,123
final_hybrid,2026086160,0,1,-17.0,3.0,0,0,0,0,0,0,0,0.0,45,2.4264103112121425,2.8774703852832317,2.994663082063198,0,91
final_hybrid,2026086160,1,1,-17.0,3.0,0,0,0,0,0,0,0,0.023255813953488372,43,2.384639929893405,2.8401045128703117,2.91392020881176,0,87
final_hybrid,2026086160,2,1,-17.0,3.0,0,0,0,0,0,0,0,0.023255813953488372,43,2.342232643778241,2.792080072686076,2.829564269632101,0,87
final_hybrid,2026086160,3,1,57.0,1.0,1,1,0,0,0,0,0,0.020833333333333332,48,2.3913550345848003,2.780083706602454,6.108059082180262,0,95
final_hybrid,2026086161,0,2,0.0,2.5,0,0,0,0,0,1,1,0.011764705882352941,85,2.383188404800261,2.692642528563738,2.8755073435604572,0,170
final_hybrid,2026086161,1,2,-18.0,4.0,0,0,1,10,0,0,0,0.03278688524590164,61,2.374645024843392,2.8392188251018524,2.874058671295643,0,122
final_hybrid,2026086161,2,2,0.0,2.5,0,0,0,0,0,1,1,0.011494252873563218,87,2.3277030358540602,2.738223224878311,2.7830880135297775,0,174
final_hybrid,2026086161,3,2,-8.0,2.5,0,0,0,0,0,0,0,0.0,53,2.3476740275070354,2.8570814058184624,2.9129707254469395,0,106
final_hybrid,2026086162,0,1,-23.0,3.0,0,0,0,0,0,0,0,0.012658227848101266,79,2.4112514632789392,2.8340735472738743,2.912190742790699,0,159
final_hybrid,2026086162,1,1,37.0,1.0,1,0,0,0,0,0,0,0.04411764705882353,68,2.3618358433904016,2.835143473930657,2.8994539752602577,0,136
final_hybrid,2026086162,2,1,-8.0,2.5,0,0,0,0,0,0,0,0.017241379310344827,58,2.3230113458402197,2.786853164434433,2.8378749266266823,0,116
final_hybrid,2026086162,3,1,-8.0,2.5,0,0,0,0,0,0,0,0.0392156862745098,51,2.3286800977646136,2.7165666688233614,2.7913739904761314,0,102
final_hybrid,2026086163,0,3,32.0,1.0,1,0,0,0,0,0,0,0.022222222222222223,45,2.375755531506406,2.7604833245277405,2.862909808754921,0,90
final_hybrid,2026086163,1,3,32.0,1.0,1,0,0,0,0,0,0,0.020833333333333332,48,2.364799613133073,2.8294045478105545,2.846206072717905,0,96
final_hybrid,2026086163,2,3,-16.0,4.0,0,0,1,8,0,0,0,0.0625,48,2.2978455623767027,2.6647380320355296,2.819486428052187,0,96
final_hybrid,2026086163,3,3,32.0,1.0,1,0,0,0,0,0,0,0.021739130434782608,46,2.3512783986718757,2.92967283166945,2.9725050553679466,0,92
final_hybrid,2026086164,0,0,-19.0,3.0,0,0,0,0,0,0,0,0.046875,64,2.37372332776431,2.817517123185098,2.8593381866812706,0,129
final_hybrid,2026086164,1,0,-33.0,3.0,0,0,0,0,0,0,0,0.03529411764705882,85,2.3272177587975476,2.641112543642521,2.7531972154974937,0,170
final_hybrid,2026086164,2,0,60.0,1.0,1,1,0,0,0,0,0,0.0136986301369863,73,2.379287991111409,2.8247064910829067,5.37915900349617,0,146
final_hybrid,2026086164,3,0,-33.0,3.0,0,0,0,0,0,0,0,0.0,84,2.3732333765586926,2.948395488783717,2.9599126428365707,0,170
final_hybrid,2026086165,0,3,-29.0,4.0,0,0,1,21,0,0,0,0.03076923076923077,65,2.3864495353056836,2.7687743306159973,2.825874835252762,0,130
final_hybrid,2026086165,1,3,-19.0,4.0,0,0,1,11,0,0,0,0.03125,64,2.4179011525120586,2.920614811591804,4.738697782158852,0,128
final_hybrid,2026086165,2,3,-8.0,2.5,0,0,0,0,0,0,0,0.015625,64,2.3720358512946405,2.757254848256707,4.215599037706852,0,128
final_hybrid,2026086165,3,3,-17.0,4.0,0,0,1,9,0,0,0,0.0,78,2.5183173815886946,3.2232824480161066,5.538274068385363,0,156
final_hybrid,2026086166,0,1,-8.0,2.5,0,0,0,0,0,0,0,0.06896551724137931,29,2.3594220522148857,2.6807616464793678,2.825269941240549,0,58
final_hybrid,2026086166,1,1,-8.0,2.5,0,0,0,0,0,0,0,0.034482758620689655,29,2.5363178955840655,2.8910298831760883,6.751670967787504,0,58
final_hybrid,2026086166,2,1,-18.0,4.0,0,0,1,10,0,0,0,0.0,29,2.327081827639506,2.815068047493696,2.832828089594841,0,58
final_hybrid,2026086166,3,1,34.0,1.0,1,0,0,0,0,0,0,0.0,29,2.375030199643867,2.9197390191257,4.231543745845556,0,58
final_hybrid,2026086167,0,3,-19.0,3.0,0,0,0,0,0,0,0,0.0,32,2.51131720142439,2.85137293394655,6.555056199431419,0,65
final_hybrid,2026086167,1,3,32.0,1.0,1,0,0,0,0,0,0,0.034482758620689655,29,2.3533081603718213,2.764210570603609,2.833329141139984,0,58
final_hybrid,2026086167,2,3,57.0,1.0,1,1,0,0,0,0,0,0.030303030303030304,33,2.316098011127024,2.7881907299160957,2.8540310449898243,0,65
final_hybrid,2026086167,3,3,-19.0,3.0,0,0,0,0,0,0,0,0.0625,32,2.3399791098199785,2.6916097616776824,4.356862045824528,0,65
final_hybrid,2026086168,0,1,-8.0,2.5,0,0,0,0,0,0,0,0.0,47,2.4102170594987715,2.873113937675953,2.9858597554266453,0,94
final_hybrid,2026086168,1,1,34.0,1.0,1,0,0,0,0,0,0,0.047619047619047616,42,2.421331447770908,2.787198009900748,6.090785376727581,0,84
final_hybrid,2026086168,2,1,-18.0,4.0,0,0,1,10,0,0,0,0.0,17,2.3776314166538857,2.85820160061121,2.908063121140003,0,34
final_hybrid,2026086168,3,1,-8.0,2.5,0,0,0,0,0,0,0,0.0,39,2.3388960040532627,2.8187400195747614,2.8408830985426903,0,78
final_hybrid,2026086169,0,2,-8.0,2.5,0,0,0,0,0,0,0,0.020833333333333332,48,2.4744838980647423,2.921617077663541,5.003693979233503,0,96
final_hybrid,2026086169,1,2,-8.0,2.5,0,0,0,0,0,0,0,0.020833333333333332,48,2.3896288766991347,2.910125767812133,3.4527666866779327,0,96
final_hybrid,2026086169,2,2,33.0,1.0,1,0,0,0,0,0,0,0.041666666666666664,48,2.3658657640529177,2.773007145151496,4.984501283615828,0,96
final_hybrid,2026086169,3,2,-17.0,4.0,0,0,1,9,0,0,0,0.04,50,2.3703293781727552,2.967744506895542,3.0364212580025196,0,100
final_hybrid,2026086170,0,3,33.0,1.0,1,0,0,0,0,0,0,0.061224489795918366,49,2.3466870568844738,2.641392592340708,2.8600539080798626,0,98
final_hybrid,2026086170,1,3,-17.0,4.0,0,0,1,9,0,0,0,0.02040816326530612,49,2.4523900308627256,2.9481069184839725,5.715589039027691,0,98
final_hybrid,2026086170,2,3,-8.0,2.5,0,0,0,0,0,0,0,0.0,49,2.3759170245303185,2.9188215732574463,3.0085216276347637,0,98
final_hybrid,2026086170,3,3,-8.0,2.5,0,0,0,0,0,0,0,0.02040816326530612,49,2.501685980099196,3.123653121292591,6.544454023241997,0,98
final_hybrid,2026086171,0,2,41.0,1.0,1,0,0,0,0,0,0,0.03636363636363636,55,2.481514858928594,3.163999645039439,3.948966972529888,0,109
final_hybrid,2026086171,1,2,32.0,1.0,1,0,0,0,0,0,0,0.029850746268656716,67,2.372433174290319,2.921386528760195,3.328337799757719,0,135
final_hybrid,2026086171,2,2,-23.0,4.0,0,0,1,15,0,0,0,0.0,53,2.3392806321663677,2.879465650767088,3.0446676537394524,0,107
final_hybrid,2026086171,3,2,-32.0,4.0,0,0,1,24,0,0,0,0.04,50,2.5582696311175823,3.6358724115416408,5.461965221911669,0,100
final_hybrid,2026086172,0,1,0.0,2.5,0,0,0,0,0,1,0,0.0,84,2.4578923614518273,3.0572847928851843,4.030974116176367,0,168
final_hybrid,2026086172,1,1,0.0,2.5,0,0,0,0,0,1,0,0.03571428571428571,84,2.347462522309451,2.764580165967345,5.249891895800829,0,168
final_hybrid,2026086172,2,1,35.0,1.0,1,0,0,0,0,0,0,0.017543859649122806,57,2.4085756342269873,2.8600312769412994,4.921745043247938,0,114
final_hybrid,2026086172,3,1,49.0,1.0,1,0,0,0,0,0,0,0.0,75,2.3954376640419164,2.8952147345989943,5.910903215408325,0,150
final_hybrid,2026086173,0,2,-16.0,4.0,0,0,1,8,0,0,0,0.06451612903225806,31,2.348035844343324,2.6379497721791267,2.8256606310606003,0,62
final_hybrid,2026086173,1,2,32.0,1.0,1,0,0,0,0,0,0,0.06451612903225806,31,2.3708072821459463,2.7105952613055706,5.05259120836854,0,62
final_hybrid,2026086173,2,2,-8.0,2.5,0,0,0,0,0,0,0,0.03225806451612903,31,2.2749859058568553,2.6759705506265163,2.7733840979635715,0,62
final_hybrid,2026086173,3,2,111.0,1.0,1,1,0,0,0,0,0,0.044444444444444446,45,2.3861039015981884,2.758928295224905,5.920937284827232,0,88
final_hybrid,2026086174,0,2,35.0,1.0,1,0,0,0,0,0,0,0.0196078431372549,51,2.369017157630593,2.723082434386015,2.8079641051590443,0,103
final_hybrid,2026086174,1,2,-8.0,2.5,0,0,0,0,0,0,0,0.0,61,2.4066407416687636,2.8462782502174377,6.447521038353443,0,123
final_hybrid,2026086174,2,2,35.0,1.0,1,0,0,0,0,0,0,0.0,56,2.334256490160312,2.926606801338494,3.024253062903881,0,112
final_hybrid,2026086174,3,2,-8.0,2.5,0,0,0,0,0,0,0,0.04918032786885246,61,2.2636786805557425,2.705491613596678,2.833070233464241,0,123
final_hybrid,2026086175,0,0,-8.0,2.5,0,0,0,0,0,0,0,0.05454545454545454,55,2.3188302124088462,2.65574911609292,3.4746690653264523,0,110
final_hybrid,2026086175,1,0,-8.0,2.5,0,0,0,0,0,0,0,0.01818181818181818,55,2.3679922419515522,2.7776751201599836,5.622861906886101,0,110
final_hybrid,2026086175,2,0,33.0,1.0,1,0,0,0,0,0,0,0.03333333333333333,60,2.2934995281199613,2.7668771101161838,3.0744229443371296,0,120
final_hybrid,2026086175,3,0,-8.0,2.5,0,0,0,0,0,0,0,0.0,36,2.343342755921185,2.92788352817297,2.9933000914752483,0,72
final_hybrid,2026086176,0,0,10.0,2.0,0,0,0,0,0,0,0,0.023255813953488372,86,2.352640996578821,2.740686642937362,3.5176551900804043,1,174
final_hybrid,2026086176,1,0,-8.0,2.5,0,0,0,0,0,0,0,0.016129032258064516,62,2.3280699406900713,2.787672425620258,2.821521833539009,0,125
final_hybrid,2026086176,2,0,35.0,1.0,1,0,0,0,0,0,0,0.015151515151515152,66,2.3367246260132752,2.7923586312681437,5.24782994762063,0,133
final_hybrid,2026086176,3,0,-8.0,2.5,0,0,0,0,0,0,0,0.017543859649122806,57,2.4600340903066753,2.835803013294935,6.205972749739885,0,113
final_hybrid,2026086177,0,1,-17.0,3.0,0,0,0,0,0,0,0,0.1111111111111111,9,2.391382224029965,2.7676431462168694,2.8851591050624847,0,19
final_hybrid,2026086177,1,1,-17.0,3.0,0,0,0,0,0,0,0,0.0,9,2.727909737990962,4.6504721976816645,5.909316707402468,0,19
final_hybrid,2026086177,2,1,-17.0,3.0,0,0,0,0,0,0,0,0.1111111111111111,9,2.252423463182317,2.607496455311775,2.620736137032509,0,19
final_hybrid,2026086177,3,1,51.0,1.0,1,1,0,0,0,0,0,0.1,10,2.2776793222874403,2.773656020872295,2.82752001658082,0,19
final_hybrid,2026086178,0,2,34.0,1.0,1,0,0,0,0,0,0,0.0,57,2.4166355530420938,2.952203806489706,3.0236938036978245,0,114
final_hybrid,2026086178,1,2,-8.0,2.5,0,0,0,0,0,0,0,0.0,60,2.446773353343209,2.7844190131872892,5.687903147190809,0,120
final_hybrid,2026086178,2,2,-20.0,3.0,0,0,0,0,0,0,0,0.025974025974025976,77,2.38246110860597,2.869672793895006,5.327597726136446,0,155
final_hybrid,2026086178,3,2,-8.0,2.5,0,0,0,0,0,0,0,0.017543859649122806,57,2.3203874742122075,2.738200966268778,4.26253629848361,0,114
final_hybrid,2026086179,0,1,-18.0,3.0,0,0,0,0,0,0,0,0.014084507042253521,71,2.4407245612270394,2.8162074740976095,7.437740918248892,0,143
final_hybrid,2026086179,1,1,-8.0,2.5,0,0,0,0,0,0,0,0.0,29,2.410620483088082,2.8771894052624702,3.7694168277084827,0,58
final_hybrid,2026086179,2,1,-18.0,3.0,0,0,0,0,0,0,0,0.014084507042253521,71,2.300047623911794,2.7501469012349844,3.2183201983571053,0,143
final_hybrid,2026086179,3,1,-8.0,2.5,0,0,0,0,0,0,0,0.0,25,2.2989489138126373,2.766783256083727,2.803698182106018,0,50
final_hybrid,2026086180,0,3,-8.0,2.5,0,0,0,0,0,0,0,0.05084745762711865,59,2.411832369990268,2.7586983516812325,6.613551639020443,0,118
final_hybrid,2026086180,1,3,68.0,1.0,1,0,0,0,0,0,0,0.0,75,2.421320707847675,2.9831176623702045,6.123342085629702,0,150
final_hybrid,2026086180,2,3,38.0,1.0,1,0,0,0,0,0,0,0.047619047619047616,42,2.324194148448961,2.7173963841050863,4.485500045120716,0,84
final_hybrid,2026086180,3,3,-8.0,2.5,0,0,0,0,0,0,0,0.03389830508474576,59,2.3226186443688506,2.7621748857200146,4.336192738264799,0,118
final_hybrid,2026086181,0,0,-8.0,2.5,0,0,0,0,0,0,0,0.0,52,2.4345282626409945,2.8222212800756097,5.179001949727535,0,104
final_hybrid,2026086181,1,0,-8.0,2.5,0,0,0,0,0,0,0,0.019230769230769232,52,2.341754537505599,2.806026325561106,3.625716082751751,0,104
final_hybrid,2026086181,2,0,34.0,1.0,1,0,0,0,0,0,0,0.038461538461538464,52,2.279965833832438,2.648991160094738,2.705961000174284,0,104
final_hybrid,2026086181,3,0,-18.0,4.0,0,0,1,10,0,0,0,0.019230769230769232,52,2.2936605114059954,2.7469888562336564,2.7937176637351513,0,104
final_hybrid,2026086182,0,2,34.0,1.0,1,0,0,0,0,0,0,0.06,50,2.3065498005598783,2.6346919592469926,2.786634024232626,0,100
final_hybrid,2026086182,1,2,32.0,1.0,1,0,0,0,0,0,0,0.046511627906976744,43,2.3757642308293385,2.6842765510082245,4.9990578554570675,0,86
final_hybrid,2026086182,2,2,-18.0,4.0,0,0,1,10,0,0,0,0.0,50,2.3936486057937145,3.0013520503416657,4.11173002794385,0,100
final_hybrid,2026086182,3,2,-8.0,2.5,0,0,0,0,0,0,0,0.0,50,2.2969925217330456,2.840787870809436,2.8471071273088455,0,100
final_hybrid,2026086183,0,0,45.0,1.0,1,0,0,0,0,0,0,0.017857142857142856,56,2.3652513877355625,2.770124119706452,2.843884751200676,0,112
final_hybrid,2026086183,1,0,-8.0,2.5,0,0,0,0,0,0,0,0.0,56,2.3702112209450985,2.8852801769971848,3.1129862181842327,0,112
final_hybrid,2026086183,2,0,-29.0,4.0,0,0,1,21,0,0,0,0.046153846153846156,65,2.288117080640334,2.738863881677389,2.7926028706133366,0,130
final_hybrid,2026086183,3,0,-29.0,4.0,0,0,1,21,0,0,0,0.02040816326530612,49,2.3264524773979676,2.805620338767767,2.8383638709783554,0,98
final_hybrid,2026086184,0,0,-8.0,2.5,0,0,0,0,0,0,0,0.030303030303030304,66,2.344340735086889,2.6878081262111664,2.792953047901392,0,132
final_hybrid,2026086184,1,0,-17.0,3.0,0,0,0,0,0,0,0,0.038461538461538464,52,2.3327001567500143,2.8155820444226265,2.862335182726383,0,105
final_hybrid,2026086184,2,0,-20.0,4.0,0,0,1,12,0,0,0,0.09090909090909091,55,2.297939470207149,2.6504599023610353,2.722186967730522,0,110
final_hybrid,2026086184,3,0,-8.0,2.5,0,0,0,0,0,0,0,0.015873015873015872,63,2.2973672058137637,2.7566164266318083,2.8051738627254963,0,126
final_hybrid,2026086185,0,1,-16.0,4.0,0,0,1,8,0,0,0,0.05660377358490566,53,2.3269770174937427,2.7268524281680584,2.788621000945568,0,106
final_hybrid,2026086185,1,1,-8.0,2.5,0,0,0,0,0,0,0,0.018518518518518517,54,2.355442442758768,2.854735846631229,2.8929649852216244,0,108
final_hybrid,2026086185,2,1,32.0,1.0,1,0,0,0,0,0,0,0.0,53,2.3768243977343135,3.066050261259079,3.7247631698846817,0,106
final_hybrid,2026086185,3,1,-8.0,2.5,0,0,0,0,0,0,0,0.0,53,2.328684913732533,2.941068634390831,3.0456040985882282,0,106
final_hybrid,2026086186,0,0,-8.0,2.5,0,0,0,0,0,0,0,0.023809523809523808,42,2.3579474738133803,2.8299066703766584,2.918269019573927,0,84
final_hybrid,2026086186,1,0,-8.0,2.5,0,0,0,0,0,0,0,0.07142857142857142,42,2.2612502244079398,2.5836426066234703,2.7587851509451866,0,84
final_hybrid,2026086186,2,0,-8.0,2.5,0,0,0,0,0,0,0,0.06382978723404255,47,2.2713461534139956,2.6775971520692106,2.7194051072001457,0,94
final_hybrid,2026086186,3,0,32.0,1.0,1,0,0,0,0,0,0,0.047619047619047616,42,2.322035220762094,2.933259983547032,2.9458757489919662,0,84
final_hybrid,2026086187,0,1,57.0,1.0,1,1,0,0,0,0,0,0.045454545454545456,44,2.3498026315461504,2.7620436623692513,2.79204361140728,0,86
final_hybrid,2026086187,1,1,0.0,2.5,0,0,0,0,0,1,1,0.03614457831325301,83,2.3054410647376473,2.709081256762147,2.7778102084994316,0,167
final_hybrid,2026086187,2,1,-8.0,2.5,0,0,0,0,0,0,0,0.02040816326530612,49,2.3314871692231725,2.925059385597706,2.99282418563962,0,99
final_hybrid,2026086187,3,1,-22.0,4.0,0,0,1,14,0,0,0,0.024390243902439025,41,2.3636945364315336,2.7991030365228653,4.309035371989012,0,83
final_hybrid,2026086188,0,2,-32.0,3.0,0,0,0,0,0,0,0,0.0,58,2.4170522931320915,2.9068067902699113,2.9772319830954075,0,117
final_hybrid,2026086188,1,2,-8.0,2.5,0,0,0,0,0,0,0,0.0,32,2.3404089151881635,2.800534781999886,2.822534181177616,0,64
final_hybrid,2026086188,2,2,-28.0,3.0,0,0,0,0,0,0,0,0.0,55,2.364634299142794,2.9603120405226946,3.053865861147642,0,111
final_hybrid,2026086188,3,2,84.0,1.0,1,1,0,0,0,0,0,0.017857142857142856,56,2.3080424455526685,2.846345421858132,2.8996653854846954,0,111
final_hybrid,2026086189,0,3,-8.0,2.5,0,0,0,0,0,0,0,0.0,70,2.4928904404597625,2.8226803289726377,5.383098032325506,0,140
final_hybrid,2026086189,1,3,-8.0,2.5,0,0,0,0,0,0,0,0.030303030303030304,33,2.3871775236770962,2.7927995659410954,4.2227040976285934,0,67
final_hybrid,2026086189,2,3,51.0,1.0,1,1,0,0,0,0,0,0.02127659574468085,47,2.387323634738618,2.846565516665578,5.018384661525488,0,93
final_hybrid,2026086189,3,3,-17.0,3.0,0,0,0,0,0,0,0,0.0,45,2.372151054441929,2.808512095361948,6.1272201128304005,0,91
final_hybrid,2026086190,0,0,-22.0,3.0,0,0,0,0,0,0,0,0.037037037037037035,54,2.3786268386713885,2.8553610667586327,2.910587005317211,0,109
final_hybrid,2026086190,1,0,54.0,1.0,1,1,0,0,0,0,0,0.05405405405405406,37,2.36981496768626,2.7954603545367713,4.110583104193211,0,73
final_hybrid,2026086190,2,0,0.0,2.5,0,0,0,0,0,1,1,0.04597701149425287,87,2.2717764515472556,2.6807119138538837,2.764793112874031,0,173
final_hybrid,2026086190,3,0,-19.0,4.0,0,0,1,11,0,0,0,0.029850746268656716,67,2.31587849279393,2.803825121372938,3.038591705262661,0,134
final_hybrid,2026086191,0,3,-18.0,4.0,0,0,1,10,0,0,0,0.04,75,2.327498085796833,2.65623084269464,2.8737876564264297,0,150
final_hybrid,2026086191,1,3,72.0,1.0,1,1,0,0,0,0,0,0.02702702702702703,74,2.2732554053938068,2.6020056335255504,2.71025113761425,0,147
final_hybrid,2026086191,2,3,-21.0,3.0,0,0,0,0,0,0,0,0.0,77,2.297624068745932,2.7628463692963123,2.8042830526828766,0,155
final_hybrid,2026086191,3,3,0.0,2.5,0,0,0,0,0,1,0,0.011627906976744186,86,2.321645942365014,2.783991163596511,5.459345877170563,0,172
final_hybrid,2026086192,0,1,0.0,2.5,0,0,0,0,0,1,1,0.0,83,2.3790805948426925,2.788010658696294,2.8540617786347866,0,166
final_hybrid,2026086192,1,1,33.0,1.0,1,0,0,0,0,0,0,0.0,77,2.3666884713842498,2.9479854740202427,3.0177468433976173,0,154
final_hybrid,2026086192,2,1,-8.0,2.5,0,0,0,0,0,0,0,0.03125,64,2.2512154464493506,2.6359081733971834,2.7699340134859085,0,128
final_hybrid,2026086192,3,1,-8.0,2.5,0,0,0,0,0,0,0,0.028169014084507043,71,2.27568797688459,2.7255432214587927,2.7491101063787937,0,142
final_hybrid,2026086193,0,1,-8.0,2.5,0,0,0,0,0,0,0,0.02040816326530612,49,2.3324394370524253,2.701384015381336,2.7979169972240925,0,98
final_hybrid,2026086193,1,1,87.0,1.0,1,1,0,0,0,0,0,0.0,54,2.3184278634963214,2.7468474581837654,2.7794968336820602,0,107
final_hybrid,2026086193,2,1,-8.0,2.5,0,0,0,0,0,0,0,0.017543859649122806,57,2.2925067072113356,2.743738889694214,2.85501591861248,0,114
final_hybrid,2026086193,3,1,-8.0,2.5,0,0,0,0,0,0,0,0.0,69,2.32026765824876,2.7953755110502243,2.911282703280449,0,139
final_hybrid,2026086194,0,2,46.0,1.0,1,0,0,0,0,0,0,0.0,51,2.4147804863020483,2.9253687243908644,3.040711861103773,0,102
final_hybrid,2026086194,1,2,-29.0,3.0,0,0,0,0,0,0,0,0.0,48,2.3760836629662663,2.912692492827773,3.1048543751239777,0,97
final_hybrid,2026086194,2,2,-29.0,3.0,0,0,0,0,0,0,0,0.0,48,2.3202495843482516,2.7907764073461294,2.8286497108638287,0,97
final_hybrid,2026086194,3,2,-8.0,2.5,0,0,0,0,0,0,0,0.0,58,2.3910465393343876,2.9020486399531364,5.504533648490906,0,116
final_hybrid,2026086195,0,1,66.0,1.0,1,1,0,0,0,0,0,0.0,40,2.369386760983616,2.8425319818779826,2.986873034387827,0,79
final_hybrid,2026086195,1,1,-22.0,3.0,0,0,0,0,0,0,0,0.07692307692307693,39,2.265821067759624,2.5974349584430456,2.6780227199196815,0,79
final_hybrid,2026086195,2,1,-22.0,3.0,0,0,0,0,0,0,0,0.02564102564102564,39,2.302173596735184,2.744867978617549,2.7622291818261147,0,79
final_hybrid,2026086195,3,1,-19.0,3.0,0,0,0,0,0,0,0,0.0,44,2.389522216452116,2.8868951136246324,3.9788619615137577,0,89
final_hybrid,2026086196,0,0,38.0,1.0,1,0,0,0,0,0,0,0.05405405405405406,37,2.349021164952098,2.7803721837699413,2.912570722401142,0,74
final_hybrid,2026086196,1,0,-8.0,2.5,0,0,0,0,0,0,0,0.0,39,2.447192760136647,3.1764755956828603,4.071481991559267,0,78
final_hybrid,2026086196,2,0,-8.0,2.5,0,0,0,0,0,0,0,0.02,50,2.360614715144038,2.7866542106494308,5.054770037531853,0,100
final_hybrid,2026086196,3,0,-23.0,4.0,0,0,1,15,0,0,0,0.03773584905660377,53,2.248890320155418,2.576941903680563,2.6339050382375717,0,106
final_hybrid,2026086197,0,1,-30.0,4.0,0,0,1,22,0,0,0,0.12903225806451613,31,2.3396260615798736,2.7184588834643364,3.4075891599059105,0,62
final_hybrid,2026086197,1,1,46.0,1.0,1,0,0,0,0,0,0,0.0,31,2.464981794717812,3.486691741272807,3.9397510699927807,0,62
final_hybrid,2026086197,2,1,-30.0,3.0,0,0,0,0,0,0,0,0.0,29,2.3407683675659112,2.8640874661505222,2.9932339675724506,0,59
final_hybrid,2026086197,3,1,-30.0,3.0,0,0,0,0,0,0,0,0.03225806451612903,31,2.339880658133376,2.9284944757819176,3.6875070072710514,0,63
final_hybrid,2026086198,0,1,-16.0,3.0,0,0,0,0,0,0,0,0.0,31,2.3546871548939134,2.7255769819021225,2.7920659631490707,0,63
final_hybrid,2026086198,1,1,33.0,1.0,1,0,0,0,0,0,0,0.043478260869565216,23,2.421838474338469,2.8663998935371637,3.9616338908672333,0,46
final_hybrid,2026086198,2,1,-16.0,3.0,0,0,0,0,0,0,0,0.03225806451612903,31,2.3245196188649824,2.8246575966477394,2.84370593726635,0,63
final_hybrid,2026086198,3,1,-16.0,3.0,0,0,0,0,0,0,0,0.03225806451612903,31,2.306718319173782,2.8149751015007496,2.8814757242798805,0,63
final_hybrid,2026086199,0,0,-8.0,2.5,0,0,0,0,0,0,0,0.02702702702702703,37,2.3575761682681136,2.820609137415886,2.840164117515087,0,74
final_hybrid,2026086199,1,0,33.0,1.0,1,0,0,0,0,0,0,0.08108108108108109,37,2.2828020029575438,2.6238609105348583,2.7090669609606266,0,74
final_hybrid,2026086199,2,0,-8.0,2.5,0,0,0,0,0,0,0,0.06060606060606061,33,2.288856063828324,2.652843575924635,2.8084926307201385,0,66
final_hybrid,2026086199,3,0,-8.0,2.5,0,0,0,0,0,0,0,0.0,37,2.3096097205337642,2.8574622236192226,2.9402999207377434,0,74
final_hybrid,2026086200,0,0,-18.0,4.0,0,0,1,10,0,0,0,0.0,39,2.385641400439617,2.7611824218183756,2.814515959471464,0,78
final_hybrid,2026086200,1,0,-20.0,3.0,0,0,0,0,0,0,0,0.01282051282051282,78,2.3423751207211843,2.8306330321356654,3.0275126919150352,0,157
final_hybrid,2026086200,2,0,-8.0,2.5,0,0,0,0,0,0,0,0.02040816326530612,49,2.3119662774308605,2.80568590387702,2.8506568633019924,0,98
final_hybrid,2026086200,3,0,35.0,1.0,1,0,0,0,0,0,0,0.04225352112676056,71,2.2794275321591067,2.6311082765460014,2.7262773364782333,0,142
final_hybrid,2026086201,0,1,-8.0,2.5,0,0,0,0,0,0,0,0.0,68,2.439907560234561,3.0729922698810697,3.140615299344063,0,136
final_hybrid,2026086201,1,1,-8.0,2.5,0,0,0,0,0,0,0,0.029411764705882353,68,2.314795897451832,2.684159972704947,2.7851159684360027,0,136
final_hybrid,2026086201,2,1,33.0,1.0,1,0,0,0,0,0,0,0.02702702702702703,74,2.262403949390392,2.5815224507823586,2.6211529038846493,0,148
final_hybrid,2026086201,3,1,0.0,2.5,0,0,0,0,0,1,1,0.023809523809523808,84,2.348625151041363,2.786867367103696,5.6464639492332935,0,168
final_hybrid,2026086202,0,0,-16.0,4.0,0,0,1,8,0,0,0,0.04878048780487805,41,2.352990153268343,2.684628590941429,2.7931146323680878,0,82
final_hybrid,2026086202,1,0,-20.0,4.0,0,0,1,12,0,0,0,0.02702702702702703,74,2.3332272933141605,2.7845630887895823,2.816807944327593,0,148
final_hybrid,2026086202,2,0,36.0,1.0,1,0,0,0,0,0,0,0.017857142857142856,56,2.3243657778948545,2.7911310316994786,2.880014944821596,0,112
final_hybrid,2026086202,3,0,-8.0,2.5,0,0,0,0,0,0,0,0.0,69,2.333290449789037,2.8864895924925804,3.0452748760581017,0,138
final_hybrid,2026086203,0,2,-8.0,2.5,0,0,0,0,0,0,0,0.041666666666666664,48,2.36082169188497,2.726072259247303,2.8828918002545834,0,96
final_hybrid,2026086203,1,2,36.0,1.0,1,0,0,0,0,0,0,0.0,48,2.3486556795736155,2.8693972853943706,2.907379064708948,0,96
final_hybrid,2026086203,2,2,32.0,1.0,1,0,0,0,0,0,0,0.03508771929824561,57,2.3688457072957565,2.7285531163215637,5.944668781012297,0,114
final_hybrid,2026086203,3,2,-20.0,4.0,0,0,1,12,0,0,0,0.0,40,2.3120276513509452,2.8190976474434137,2.8681643307209015,0,80
final_hybrid,2026086204,0,3,51.0,1.0,1,1,0,0,0,0,0,0.0392156862745098,51,2.3337267704454123,2.6841589715331793,2.816322259604931,0,101
final_hybrid,2026086204,1,3,-8.0,2.5,0,0,0,0,0,0,0,0.03571428571428571,28,2.3238932148420384,2.6954125612974167,2.7065379545092583,0,56
final_hybrid,2026086204,2,3,-17.0,3.0,0,0,0,0,0,0,0,0.06,50,2.2694523632526398,2.587319747544825,2.7315840125083923,0,101
final_hybrid,2026086204,3,3,-18.0,3.0,0,0,0,0,0,0,0,0.058823529411764705,34,2.2483955767443953,2.6307132560759783,2.7544479817152023,0,69
final_hybrid,2026086205,0,2,-33.0,4.0,0,0,1,25,0,0,0,0.0,31,2.4137991150060008,2.7679945342242718,3.857491072267294,0,62
final_hybrid,2026086205,1,2,33.0,1.0,1,0,0,0,0,0,0,0.0392156862745098,51,2.3220748658858095,2.68403347581625,4.389238078147173,0,102
final_hybrid,2026086205,2,2,-8.0,2.5,0,0,0,0,0,0,0,0.0,27,2.4137681833019964,2.9001588467508554,5.1193139515817165,0,54
final_hybrid,2026086205,3,2,43.0,1.0,1,0,0,0,0,0,0,0.02631578947368421,38,2.3090412570653776,2.822669083252549,3.137966152280569,0,76
final_hybrid,2026086206,0,0,-20.0,3.0,0,0,0,0,0,0,0,0.0,54,2.430257732393565,3.0877163168042894,3.155199810862541,0,109
final_hybrid,2026086206,1,0,-8.0,2.5,0,0,0,0,0,0,0,0.04,25,2.390551194548607,2.8015416115522385,4.679079167544842,0,50
final_hybrid,2026086206,2,0,34.0,1.0,1,0,0,0,0,0,0,0.023809523809523808,42,2.3644417746081237,2.914477721787989,4.427336622029543,0,84
final_hybrid,2026086206,3,0,-20.0,3.0,0,0,0,0,0,0,0,0.018518518518518517,54,2.3019114095303745,2.8087306767702103,2.8898813761770725,0,109
final_hybrid,2026086207,0,3,-8.0,2.5,0,0,0,0,0,0,0,0.0,32,2.3566127492813393,2.7701101498678327,2.7888398617506027,0,64
final_hybrid,2026086207,1,3,-8.0,2.5,0,0,0,0,0,0,0,0.03278688524590164,61,2.2953103418599388,2.6819691993296146,2.738021779805422,0,122
final_hybrid,2026086207,2,3,-17.0,3.0,0,0,0,0,0,0,0,0.04081632653061224,49,2.363607201877297,2.7513867244124413,5.71364676579833,0,99
final_hybrid,2026086207,3,3,57.0,1.0,1,1,0,0,0,0,0,0.05263157894736842,57,2.262667123751159,2.6475010439753532,2.819764893501997,0,113
final_hybrid,2026086208,0,0,36.0,1.0,1,0,0,0,0,0,0,0.06976744186046512,43,2.295956838616105,2.6064500212669373,2.8058220632374287,0,86
final_hybrid,2026086208,1,0,-8.0,2.5,0,0,0,0,0,0,0,0.023255813953488372,43,2.3289848292289776,2.8103395365178585,2.8662625700235367,0,86
final_hybrid,2026086208,2,0,-20.0,4.0,0,0,1,12,0,0,0,0.0,39,2.347281334014275,2.9371824581176043,2.9521179385483265,0,78
final_hybrid,2026086208,3,0,0.0,2.5,0,0,0,0,0,1,0,0.0,87,2.3242541021485437,2.895301766693592,2.980081830173731,0,174
final_hybrid,2026086209,0,3,-8.0,2.5,0,0,0,0,0,0,0,0.020833333333333332,48,2.3424011014867574,2.709312899969518,2.775926608592272,0,96
final_hybrid,2026086209,1,3,-22.0,3.0,0,0,0,0,0,0,0,0.0,46,2.331826582793956,2.744987956248224,2.772953361272812,0,93
final_hybrid,2026086209,2,3,-8.0,2.5,0,0,0,0,0,0,0,0.0,48,2.33374234327736,2.9431676026433706,2.964482642710209,0,96
final_hybrid,2026086209,3,3,-18.0,4.0,0,0,1,10,0,0,0,0.020833333333333332,48,2.2838596196379513,2.717897668480873,2.7451692149043083,0,96
final_hybrid,2026086210,0,2,-8.0,2.5,0,0,0,0,0,0,0,0.0,53,2.4344351775241346,2.995078172534704,3.0291560105979443,0,106
final_hybrid,2026086210,1,2,-30.0,4.0,0,0,0,0,0,0,0,0.012987012987012988,77,2.333427144383842,2.7958055958151817,2.8819600120186806,1,153
final_hybrid,2026086210,2,2,-18.0,4.0,0,0,1,10,0,0,0,0.03773584905660377,53,2.3060967302266158,2.8454682789742947,2.87475623190403,0,106
final_hybrid,2026086210,3,2,34.0,1.0,1,0,0,0,0,0,0,0.03773584905660377,53,2.3130347846813923,2.7671821415424347,2.9881070367991924,0,106
final_hybrid,2026086211,0,2,37.0,1.0,1,0,0,0,0,0,0,0.0,42,2.4900914036801884,3.2594284042716013,3.450713586062193,0,84
final_hybrid,2026086211,1,2,-21.0,4.0,0,0,1,13,0,0,0,0.0,50,2.41616552695632,3.1438961857929826,4.053397104144096,0,100
final_hybrid,2026086211,2,2,-8.0,2.5,0,0,0,0,0,0,0,0.0,42,2.307291974180511,2.7715750504285097,2.780611626803875,0,84
final_hybrid,2026086211,3,2,-8.0,2.5,0,0,0,0,0,0,0,0.02,50,2.3887066449970007,2.9911798890680075,3.9758640341460705,0,100
final_hybrid,2026086212,0,1,-34.0,3.0,0,0,0,0,0,0,0,0.0,33,2.3938010898277615,2.876264415681362,2.898756880313158,0,67
final_hybrid,2026086212,1,1,102.0,1.0,1,1,0,0,0,0,0,0.0,30,2.348034828901291,2.7064274065196514,3.5304208286106586,0,59
final_hybrid,2026086212,2,1,-34.0,3.0,0,0,0,0,0,0,0,0.0,33,2.314906129895738,2.8057928197085857,2.8155148029327393,0,67
final_hybrid,2026086212,3,1,-34.0,3.0,0,0,0,0,0,0,0,0.0,29,2.2923046530320725,2.7690929360687733,2.7767750434577465,0,59
final_hybrid,2026086213,0,2,36.0,1.0,1,0,0,0,0,0,0,0.02631578947368421,38,2.3679710360930155,2.834909944795072,2.893469762057066,0,76
final_hybrid,2026086213,1,2,-30.0,4.0,0,0,1,22,0,0,0,0.02631578947368421,38,2.4408834104083086,2.879188279621303,5.702869035303593,0,76
final_hybrid,2026086213,2,2,-8.0,2.5,0,0,0,0,0,0,0,0.0,50,2.377453073859215,3.0118677066639066,3.168081399053335,0,100
final_hybrid,2026086213,3,2,-8.0,2.5,0,0,0,0,0,0,0,0.02,50,2.359679387882352,2.81913538929075,4.8294272273778915,0,100
final_hybrid,2026086214,0,2,-19.0,4.0,0,0,1,11,0,0,0,0.05172413793103448,58,2.379367673962281,2.8046505292877555,3.0925478786230087,0,116
final_hybrid,2026086214,1,2,57.0,1.0,1,1,0,0,0,0,0,0.037037037037037035,54,2.4165818381502673,2.770339883863926,6.293997634202242,0,107
final_hybrid,2026086214,2,2,-8.0,2.5,0,0,0,0,0,0,0,0.0425531914893617,47,2.3799177477175886,2.8558894991874695,4.58912318572402,0,94
final_hybrid,2026086214,3,2,-8.0,2.5,0,0,0,0,0,0,0,0.0,47,2.3231468698445785,2.932688081637025,3.05889081209898,0,94
final_hybrid,2026086215,0,2,-17.0,4.0,0,0,1,9,0,0,0,0.015625,64,2.374287818383891,2.790492936037481,2.861043903976679,0,129
final_hybrid,2026086215,1,2,-18.0,3.0,0,0,0,0,0,0,0,0.038461538461538464,78,2.3094387605595283,2.6435812935233116,2.762021031230688,0,158
final_hybrid,2026086215,2,2,-18.0,3.0,0,0,0,0,0,0,0,0.02564102564102564,78,2.2919324095337053,2.7835118118673563,2.8452184051275253,0,158
final_hybrid,2026086215,3,2,36.0,1.0,1,0,0,0,0,0,0,0.0,75,2.328446041792631,2.913771290332079,3.055723849684,0,150
final_hybrid,2026086216,0,3,-8.0,2.5,0,0,0,0,0,0,0,0.03125,32,2.350167211261578,2.6738387532532215,2.870407421141863,0,64
final_hybrid,2026086216,1,3,-8.0,2.5,0,0,0,0,0,0,0,0.03125,32,2.34462961088866,2.882775175385177,2.9131677001714706,0,64
final_hybrid,2026086216,2,3,49.0,1.0,1,0,0,0,0,0,0,0.0,32,2.2980192734394222,2.722333767451346,2.7398611418902874,0,64
final_hybrid,2026086216,3,3,-33.0,4.0,0,0,1,25,0,0,0,0.0,32,2.3231321101775393,2.831199439242482,2.860838081687689,0,64
final_hybrid,2026086217,0,0,-18.0,3.0,0,0,0,0,0,0,0,0.02564102564102564,78,2.372788981749461,2.671696990728378,4.458023700863123,0,157
final_hybrid,2026086217,1,0,-18.0,3.0,0,0,0,0,0,0,0,0.039473684210526314,76,2.312889328765634,2.6620870921760798,2.7611269615590572,0,153
final_hybrid,2026086217,2,0,0.0,2.5,0,0,0,0,0,1,0,0.0,86,2.362245417654861,3.018499235622585,4.495271015912294,0,172
final_hybrid,2026086217,3,0,-8.0,2.5,0,0,0,0,0,0,0,0.037037037037037035,54,2.2635850710449397,2.6643598219379783,2.7407780289649963,0,108
final_hybrid,2026086218,0,2,32.0,1.0,1,0,0,0,0,0,0,0.0,46,2.41680465557653,2.981051569804549,3.0131451785564423,0,92
final_hybrid,2026086218,1,2,-16.0,3.0,0,0,0,0,0,0,0,0.022222222222222223,45,2.309362559268872,2.7194847352802753,3.21333110332489,0,91
final_hybrid,2026086218,2,2,32.0,1.0,1,0,0,0,0,0,0,0.03225806451612903,31,2.2787335328757763,2.771245315670967,2.8210016898810863,0,62
final_hybrid,2026086218,3,2,-8.0,2.5,0,0,0,0,0,0,0,0.06521739130434782,46,2.313525395710831,2.727116923779249,3.627857193350792,0,92
final_hybrid,2026086219,0,1,-17.0,4.0,0,0,1,9,0,0,0,0.024390243902439025,41,2.3708285354986423,2.77473172172904,2.808802295476198,0,82
final_hybrid,2026086219,1,1,33.0,1.0,1,0,0,0,0,0,0,0.07317073170731707,41,2.2972075881936203,2.7313889004290104,2.812290098518133,0,82
final_hybrid,2026086219,2,1,-17.0,4.0,0,0,1,9,0,0,0,0.05128205128205128,39,2.3284209295152087,2.8573176357895136,2.899628132581711,0,78
final_hybrid,2026086219,3,1,-8.0,2.5,0,0,0,0,0,0,0,0.0,41,2.323357252086081,2.8832638636231422,2.9929112643003464,0,82
final_hybrid,2026086220,0,0,-19.0,4.0,0,0,1,11,0,0,0,0.025,40,2.431021665688604,2.788464887998998,5.491327028721571,0,80
final_hybrid,2026086220,1,0,0.0,2.5,0,0,0,0,0,1,1,0.0,86,2.423446333079144,3.069060039706528,4.209927283227444,0,172
final_hybrid,2026086220,2,0,35.0,1.0,1,0,0,0,0,0,0,0.025,40,2.305710513610393,2.7534032007679343,2.7549280785024166,0,80
final_hybrid,2026086220,3,0,-8.0,2.5,0,0,0,0,0,0,0,0.025,40,2.3280739318579435,2.899384149350226,2.9372298158705235,0,80
final_hybrid,2026086221,0,2,-21.0,3.0,0,0,0,0,0,0,0,0.047619047619047616,63,2.334088922315647,2.6516817044466734,2.7960571460425854,0,127
final_hybrid,2026086221,1,2,-8.0,2.5,0,0,0,0,0,0,0,0.047619047619047616,42,2.3030562525881186,2.7084338711574674,2.7706599794328213,0,84
final_hybrid,2026086221,2,2,-17.0,4.0,0,0,1,9,0,0,0,0.045454545454545456,44,2.288566267287189,2.6997210225090384,2.7334289625287056,0,88
final_hybrid,2026086221,3,2,-8.0,2.5,0,0,0,0,0,0,0,0.023809523809523808,42,2.3368127377969876,2.68734497949481,5.3771380335092545,0,84
final_hybrid,2026086222,0,1,32.0,1.0,1,0,0,0,0,0,0,0.0,45,2.401116138531102,2.845965698361397,3.9781518280506134,0,90
final_hybrid,2026086222,1,1,-8.0,2.5,0,0,0,0,0,0,0,0.021739130434782608,46,2.3168513612092836,2.7399653336033225,2.9306309297680855,0,92
final_hybrid,2026086222,2,1,-8.0,2.5,0,0,0,0,0,0,0,0.043478260869565216,46,2.267584113566124,2.6443395763635635,2.714748028665781,0,92
final_hybrid,2026086222,3,1,34.0,1.0,1,0,0,0,0,0,0,0.025,40,2.3004536982625723,2.7382658096030354,2.8019435703754425,0,80
final_hybrid,2026086223,0,2,0.0,2.5,0,0,0,0,0,1,1,0.022988505747126436,87,2.3562603351799236,2.639909880235791,4.38850000500679,0,174
final_hybrid,2026086223,1,2,0.0,2.5,0,0,0,0,0,1,0,0.022727272727272728,88,2.325333845378323,2.6829605223610997,4.404613748192787,0,176
final_hybrid,2026086223,2,2,0.0,2.5,0,0,0,0,0,1,0,0.0,88,2.3514717520976607,2.9953190591186285,3.0404897406697273,0,176
final_hybrid,2026086223,3,2,0.0,2.5,0,0,0,0,0,1,0,0.022222222222222223,90,2.3484424480961428,2.7923178859055042,5.377919878810644,0,180
final_hybrid,2026086224,0,1,-32.0,4.0,0,0,1,24,0,0,0,0.029411764705882353,34,2.3976455524782923,2.7222930686548352,4.2477319948375225,0,68
final_hybrid,2026086224,1,1,-8.0,2.5,0,0,0,0,0,0,0,0.029411764705882353,34,2.3415806182824515,2.861736947670579,2.959772013127804,0,68
final_hybrid,2026086224,2,1,48.0,1.0,1,0,0,0,0,0,0,0.0,34,2.328571945647983,2.732153283432126,3.7354882806539536,0,68
final_hybrid,2026086224,3,1,-8.0,2.5,0,0,0,0,0,0,0,0.0,36,2.511334075178537,3.4476277651265264,5.115887150168419,0,72
final_hybrid,2026086225,0,0,-30.0,3.0,0,0,0,0,0,0,0,0.041666666666666664,48,2.3671053252959005,2.725407248362899,2.772185020148754,0,96
final_hybrid,2026086225,1,0,-19.0,3.0,0,0,0,0,0,0,0,0.06818181818181818,44,2.3285211487249895,2.747060777619481,3.6782221868634224,0,89
final_hybrid,2026086225,2,0,-19.0,3.0,0,0,0,0,0,0,0,0.047619047619047616,42,2.3492029646322843,2.6686729630455375,5.458232015371323,0,85
final_hybrid,2026086225,3,0,90.0,1.0,1,1,0,0,0,0,0,0.0,60,2.3782637358332672,2.9299565125256777,4.5181699097156525,0,120
final_hybrid,2026086226,0,2,-8.0,2.5,0,0,0,0,0,0,0,0.06896551724137931,29,2.435025486067451,2.7817235328257084,4.797535948455334,0,58
final_hybrid,2026086226,1,2,-24.0,4.0,0,0,1,16,0,0,0,0.03773584905660377,53,2.365669920899958,2.753604017198086,4.3556420132517815,0,106
final_hybrid,2026086226,2,2,32.0,1.0,1,0,0,0,0,0,0,0.034482758620689655,29,2.391078750249641,2.880082931369543,4.420045763254166,0,58
final_hybrid,2026086226,3,2,-8.0,2.5,0,0,0,0,0,0,0,0.034482758620689655,29,2.268246085993175,2.7152283117175102,2.8339880518615246,0,58
final_hybrid,2026086227,0,1,-8.0,2.5,0,0,0,0,0,0,0,0.02631578947368421,38,2.4150626145695386,2.8315750882029533,4.196002148091793,0,76
final_hybrid,2026086227,1,1,-17.0,4.0,0,0,1,9,0,0,0,0.02631578947368421,38,2.402368981979395,2.81691022682935,5.275838077068329,0,76
final_hybrid,2026086227,2,1,-8.0,2.5,0,0,0,0,0,0,0,0.0,38,2.3137635036714768,2.8018081560730934,2.8309738263487816,0,76
final_hybrid,2026086227,3,1,32.0,1.0,1,0,0,0,0,0,0,0.03333333333333333,30,2.306282209853331,2.883358160033822,2.9158531688153744,0,60
final_hybrid,2026086228,0,2,-8.0,2.5,0,0,0,0,0,0,0,0.03389830508474576,59,2.4622476470293635,2.851761970669031,6.17851922288537,0,118
final_hybrid,2026086228,1,2,-17.0,3.0,0,0,0,0,0,0,0,0.031746031746031744,63,2.2836263912419477,2.629348263144493,2.692523878067732,0,127
final_hybrid,2026086228,2,2,81.0,1.0,1,1,0,0,0,0,0,0.03389830508474576,59,2.352176076274807,2.8079877141863103,5.330574233084917,0,117
final_hybrid,2026086228,3,2,-8.0,2.5,0,0,0,0,0,0,0,0.023809523809523808,84,2.306341581667463,2.761404193006456,2.794253174215555,0,168
final_hybrid,2026086229,0,2,-23.0,3.0,0,0,0,0,0,0,0,0.0,38,2.3927425009835708,2.87307514809072,2.981624100357294,0,77
final_hybrid,2026086229,1,2,-23.0,3.0,0,0,0,0,0,0,0,0.05263157894736842,38,2.311700513880504,2.7087257942184806,2.730241045355797,0,77
final_hybrid,2026086229,2,2,-23.0,3.0,0,0,0,0,0,0,0,0.02631578947368421,38,2.365163135293283,2.897053607739508,2.9309019446372986,0,77
final_hybrid,2026086229,3,2,69.0,1.0,1,1,0,0,0,0,0,0.0,39,2.3461664811922955,2.957777539268136,3.501384984701872,0,77
final_hybrid,2026086230,0,0,-33.0,3.0,0,0,0,0,0,0,0,0.047058823529411764,85,2.408494668848374,2.580578625202179,6.776950787752867,0,171
final_hybrid,2026086230,1,0,-8.0,2.5,0,0,0,0,0,0,0,0.06060606060606061,33,2.3097093499293835,2.6744991540908813,2.7132141403853893,0,66
final_hybrid,2026086230,2,0,-8.0,2.5,0,0,0,0,0,0,0,0.0,54,2.3413109075691967,2.943387720733881,3.0023599974811077,0,108
final_hybrid,2026086230,3,0,-16.0,4.0,0,0,1,8,0,0,0,0.0,33,2.2819384678520938,2.7507884427905083,2.7773380279541016,0,66
final_hybrid,2026086231,0,1,-16.0,3.0,0,0,0,0,0,0,0,0.0,52,2.456873574723991,3.052471810951829,3.886715043336153,0,105
final_hybrid,2026086231,1,1,48.0,1.0,1,1,0,0,0,0,0,0.018867924528301886,53,2.4677001133139402,3.028639405965805,6.145140156149864,0,105
final_hybrid,2026086231,2,1,-16.0,3.0,0,0,0,0,0,0,0,0.02040816326530612,49,2.327472551212627,2.799452748149633,3.4287357702851295,0,99
final_hybrid,2026086231,3,1,-16.0,3.0,0,0,0,0,0,0,0,0.0,52,2.356998586597351,2.8764645336195827,4.642747342586517,0,105
final_hybrid,2026086232,0,2,-8.0,2.5,0,0,0,0,0,0,0,0.0,84,2.5013067837183676,3.026430611498654,5.146804265677929,0,168
final_hybrid,2026086232,1,2,-19.0,4.0,0,0,1,11,0,0,0,0.03225806451612903,62,2.3703164901704556,2.806361741386354,5.595624912530184,0,124
final_hybrid,2026086232,2,2,-8.0,2.5,0,0,0,0,0,0,0,0.037037037037037035,54,2.297586709674862,2.753737987950444,2.843210007995367,0,108
final_hybrid,2026086232,3,2,0.0,2.5,0,0,0,0,0,1,1,0.023255813953488372,86,2.3283855069082144,2.7324442053213716,4.384034313261509,0,172
final_hybrid,2026086233,0,2,33.0,1.0,1,0,0,0,0,0,0,0.0,44,2.464769894934513,2.9387677554041147,4.60813706740737,0,88
final_hybrid,2026086233,1,2,32.0,1.0,1,0,0,0,0,0,0,0.044444444444444446,45,2.3531263487206564,2.845119033008814,2.868801821023226,0,90
final_hybrid,2026086233,2,2,-18.0,3.0,0,0,0,0,0,0,0,0.03225806451612903,62,2.274773744565825,2.6058374904096127,2.7322410605847836,0,125
final_hybrid,2026086233,3,2,-18.0,3.0,0,0,0,0,0,0,0,0.031746031746031744,63,2.3464844931685733,2.738274959847331,4.655230324715376,0,127
final_hybrid,2026086234,0,3,-16.0,4.0,0,0,1,8,0,0,0,0.0,34,2.3978234076982035,2.8983225347474217,2.9672388918697834,0,68
final_hybrid,2026086234,1,3,51.0,1.0,1,1,0,0,0,0,0,0.06382978723404255,47,2.3613208607631795,2.739586494863033,5.412111058831215,0,93
final_hybrid,2026086234,2,3,-8.0,2.5,0,0,0,0,0,0,0,0.029411764705882353,34,2.318000585279044,2.875525178387761,2.927742898464203,0,68
final_hybrid,2026086234,3,3,-17.0,3.0,0,0,0,0,0,0,0,0.06666666666666667,45,2.291898512177997,2.6995195075869556,2.781239803880453,0,91
final_hybrid,2026086235,0,3,-19.0,4.0,0,0,1,11,0,0,0,0.04081632653061224,49,2.3525781948499533,2.7116664685308933,2.8481348417699337,0,98
final_hybrid,2026086235,1,3,-19.0,3.0,0,0,0,0,0,0,0,0.0,50,2.479598270729184,3.000411950051784,5.793134216219187,0,101
final_hybrid,2026086235,2,3,35.0,1.0,1,0,0,0,0,0,0,0.061224489795918366,49,2.2442795488299154,2.704737987369298,2.797880209982395,0,98
final_hybrid,2026086235,3,3,-8.0,2.5,0,0,0,0,0,0,0,0.061224489795918366,49,2.3317276595198377,2.6391728781163692,5.2748676389455795,0,98
final_hybrid,2026086236,0,2,69.0,1.0,1,1,0,0,0,0,0,0.0,33,2.4201310465507433,2.957861591130495,4.031682852655649,0,65
final_hybrid,2026086236,1,2,54.0,1.0,1,1,0,0,0,0,0,0.0,26,2.3294559751565638,2.8168063145130873,2.8589251451194286,0,51
final_hybrid,2026086236,2,2,-17.0,3.0,0,0,0,0,0,0,0,0.0,32,2.3305328359128907,2.8647134779021144,2.895408309996128,0,65
final_hybrid,2026086236,3,2,-23.0,3.0,0,0,0,0,0,0,0,0.0,32,2.388651351793669,2.817929000593722,5.07065374404192,0,65
final_hybrid,2026086237,0,2,33.0,1.0,1,0,0,0,0,0,0,0.028169014084507043,71,2.3650112299537156,2.6003150269389153,5.995254963636398,0,142
final_hybrid,2026086237,1,2,0.0,2.5,0,0,0,0,0,1,1,0.011363636363636364,88,2.405946264678443,2.8684508521109815,5.548650398850441,0,176
final_hybrid,2026086237,2,2,-8.0,2.5,0,0,0,0,0,0,0,0.025974025974025976,77,2.3081612700669023,2.762197330594063,3.1573879532516003,0,154
final_hybrid,2026086237,3,2,40.0,1.0,1,0,0,0,0,0,0,0.0,81,2.322742071600608,2.888697199523449,2.938436344265938,0,162
final_hybrid,2026086238,0,2,-33.0,4.0,0,0,1,25,0,0,0,0.018867924528301886,53,2.3829525178474076,2.830648794770241,3.548343200236559,0,106
final_hybrid,2026086238,1,2,-8.0,2.5,0,0,0,0,0,0,0,0.03278688524590164,61,2.3883277183917704,2.7737952768802643,5.598960909992456,0,122
final_hybrid,2026086238,2,2,-8.0,2.5,0,0,0,0,0,0,0,0.0,61,2.3465650003464495,2.727435901761055,5.55657222867012,0,122
final_hybrid,2026086238,3,2,34.0,1.0,1,0,0,0,0,0,0,0.017543859649122806,57,2.281134294574721,2.6847382076084614,2.7621788904070854,0,114
final_hybrid,2026086239,0,0,-29.0,4.0,0,0,1,21,0,0,0,0.031746031746031744,63,2.3209342644328164,2.5703994557261467,2.7749473229050636,0,126
final_hybrid,2026086239,1,0,-18.0,3.0,0,0,0,0,0,0,0,0.034482758620689655,58,2.277097391799606,2.597266319207847,2.7553262189030647,0,117
final_hybrid,2026086239,2,0,46.0,1.0,1,0,0,0,0,0,0,0.041666666666666664,72,2.2563146517819,2.604142529889941,2.7310606092214584,0,144
final_hybrid,2026086239,3,0,66.0,1.0,1,1,0,0,0,0,0,0.0,86,2.331923747565164,2.971889334730804,3.015057183802128,0,171
final_hybrid,2026086240,0,0,-8.0,2.5,0,0,0,0,0,0,0,0.06976744186046512,43,2.3265917200681776,2.740349294617772,2.7893991209566593,0,86
final_hybrid,2026086240,1,0,-24.0,4.0,0,0,1,16,0,0,0,0.0,43,2.473315202392811,3.102664789184928,4.990722984075546,0,86
final_hybrid,2026086240,2,0,40.0,1.0,1,0,0,0,0,0,0,0.0,42,2.2918874885709513,2.8385634534060955,2.8838696889579296,0,84
final_hybrid,2026086240,3,0,-8.0,2.5,0,0,0,0,0,0,0,0.023255813953488372,43,2.287666898134143,2.73856557905674,2.8380812145769596,0,86
final_hybrid,2026086241,0,1,-8.0,2.5,0,0,0,0,0,0,0,0.06060606060606061,33,2.352461289388664,2.768060192465782,2.8395047411322594,0,66
final_hybrid,2026086241,1,1,-16.0,4.0,0,0,1,8,0,0,0,0.034482758620689655,29,2.3040992272054326,2.6930980384349823,2.703262958675623,0,58
final_hybrid,2026086241,2,1,-8.0,2.5,0,0,0,0,0,0,0,0.030303030303030304,33,2.2706253538754853,2.681100182235241,2.753389999270439,0,66
final_hybrid,2026086241,3,1,32.0,1.0,1,0,0,0,0,0,0,0.03333333333333333,30,2.2920948142806687,2.8295889496803284,2.867660950869322,0,60
final_hybrid,2026086242,0,2,-28.0,4.0,0,0,1,20,0,0,0,0.045454545454545456,22,2.3550639267672193,2.7345460606738925,2.759207971394062,0,44
final_hybrid,2026086242,1,2,-29.0,3.0,0,0,0,0,0,0,0,0.05555555555555555,54,2.2689726945288755,2.599521353840828,2.7156411670148373,0,109
final_hybrid,2026086242,2,2,36.0,1.0,1,0,0,0,0,0,0,0.0,57,2.339315118692946,2.9114337638020515,3.024354111403227,0,114
final_hybrid,2026086242,3,2,-8.0,2.5,0,0,0,0,0,0,0,0.0,22,2.2571972909976137,2.8002626495435834,2.8370083309710026,0,44
final_hybrid,2026086243,0,2,48.0,1.0,1,0,0,0,0,0,0,0.0,56,2.3661742535685852,2.835733233951032,2.888335846364498,0,113
final_hybrid,2026086243,1,2,-20.0,4.0,0,0,1,12,0,0,0,0.043478260869565216,46,2.2984437806450804,2.7161833131685853,2.7491478249430656,0,92
final_hybrid,2026086243,2,2,-8.0,2.5,0,0,0,0,0,0,0,0.05405405405405406,37,2.2905990858939855,2.750354260206222,2.8628362342715263,0,74
final_hybrid,2026086243,3,2,-8.0,2.5,0,0,0,0,0,0,0,0.0,37,2.3260783102061295,2.9223165474832054,2.9972009360790253,0,74
final_hybrid,2026086244,0,1,84.0,1.0,1,1,0,0,0,0,0,0.043478260869565216,69,2.2916575164898583,2.533144224435091,2.817744854837656,0,137
final_hybrid,2026086244,1,1,-8.0,2.5,0,0,0,0,0,0,0,0.0,67,2.3335594989692985,2.8415207285434008,2.9008937999606133,0,134
final_hybrid,2026086244,2,1,32.0,1.0,1,0,0,0,0,0,0,0.014925373134328358,67,2.3034308383713906,2.789743058383465,2.8593139722943306,0,134
final_hybrid,2026086244,3,1,-8.0,2.5,0,0,0,0,0,0,0,0.0,84,2.3218737194491994,2.874721447005868,2.971318084746599,0,168
final_hybrid,2026086245,0,3,-16.0,4.0,0,0,1,8,0,0,0,0.02040816326530612,49,2.428601733503901,2.740398980677128,5.236335098743439,0,98
final_hybrid,2026086245,1,3,-8.0,2.5,0,0,0,0,0,0,0,0.0,49,2.3714604369383685,2.9732574708759785,3.0249329283833504,0,98
final_hybrid,2026086245,2,3,-16.0,4.0,0,0,1,8,0,0,0,0.02040816326530612,49,2.3782146258317693,2.865226101130247,4.802088253200054,0,98
final_hybrid,2026086245,3,3,32.0,1.0,1,0,0,0,0,0,0,0.04081632653061224,49,2.382374302084957,2.805358450859785,5.829436704516411,0,98
final_hybrid,2026086246,0,3,-27.0,4.0,0,0,1,19,0,0,0,0.046153846153846156,65,2.3550250567495823,2.746716793626547,2.817627042531967,0,130
final_hybrid,2026086246,1,3,32.0,1.0,1,0,0,0,0,0,0,0.04918032786885246,61,2.2764569148421288,2.6044840924441814,2.757744863629341,0,122
final_hybrid,2026086246,2,3,-8.0,2.5,0,0,0,0,0,0,0,0.03333333333333333,60,2.281116733017067,2.6621219934895635,2.843121998012066,0,120
final_hybrid,2026086246,3,3,-8.0,2.5,0,0,0,0,0,0,0,0.024390243902439025,82,2.3051754730503733,2.683626115322113,4.845556803047657,0,164
final_hybrid,2026086247,0,2,-8.0,2.5,0,0,0,0,0,0,0,0.022727272727272728,44,2.3788409519263287,2.8004010673612356,2.805132884532213,0,88
final_hybrid,2026086247,1,2,0.0,2.5,0,0,0,0,0,1,1,0.011494252873563218,87,2.340568502529942,2.809680253267288,2.845706883817911,0,174
final_hybrid,2026086247,2,2,-18.0,4.0,0,0,1,10,0,0,0,0.028985507246376812,69,2.2914326425803746,2.7419215999543662,2.8103599324822426,0,138
final_hybrid,2026086247,3,2,36.0,1.0,1,0,0,0,0,0,0,0.0,56,2.3111038192707514,2.8899863827973604,2.9916311614215374,0,112
final_hybrid,2026086248,0,0,32.0,1.0,1,0,0,0,0,0,0,0.03773584905660377,53,2.3404983891490496,2.683237288147211,2.750738989561796,0,105
final_hybrid,2026086248,1,0,-8.0,2.5,0,0,0,0,0,0,0,0.06451612903225806,31,2.307921227428221,2.7408890891820192,2.7511585503816605,0,62
final_hybrid,2026086248,2,0,-8.0,2.5,0,0,0,0,0,0,0,0.0,54,2.33609300037777,2.9040124965831637,2.945275977253914,0,108
final_hybrid,2026086248,3,0,0.0,2.5,0,0,0,0,0,1,0,0.023255813953488372,86,2.2779419249313517,2.653686096891761,2.7798758819699287,0,172
final_hybrid,2026086249,0,2,-21.0,3.0,0,0,0,0,0,0,0,0.012658227848101266,79,2.3508845368706726,2.7080063708126545,2.831046935170889,0,159
final_hybrid,2026086249,1,2,-8.0,2.5,0,0,0,0,0,0,0,0.04081632653061224,49,2.3794617142756374,2.81193908303976,4.637783393263817,0,98
final_hybrid,2026086249,2,2,54.0,1.0,1,1,0,0,0,0,0,0.04081632653061224,49,2.2867670263714936,2.6839809492230415,2.812746912240982,0,97
final_hybrid,2026086249,3,2,66.0,1.0,1,1,0,0,0,0,0,0.0,60,2.3351508115107813,2.9507050523534417,3.0097407288849354,0,119
final_hybrid,2026086250,0,2,10.0,2.0,0,0,0,0,0,0,0,0.020833333333333332,48,2.365071307091663,2.757724584080279,2.8033507987856865,1,97
final_hybrid,2026086250,1,2,48.0,1.0,1,0,0,0,0,0,0,0.0,72,2.3544898140244186,2.7851171791553497,3.4291082993149757,0,144
final_hybrid,2026086250,2,2,-8.0,2.5,0,0,0,0,0,0,0,0.039473684210526314,76,2.255234622249478,2.532399957999587,2.7545099146664143,0,152
final_hybrid,2026086250,3,2,90.0,1.0,1,1,0,0,0,0,0,0.037037037037037035,81,2.277003227514617,2.6743318885564804,2.7287318371236324,0,161
final_hybrid,2026086251,0,3,0.0,2.5,0,0,0,0,0,1,1,0.021739130434782608,92,2.3517102893927824,2.702465862967074,2.8678830713033676,0,184
final_hybrid,2026086251,1,3,-19.0,3.0,0,0,0,0,0,0,0,0.02702702702702703,37,2.3693326306906908,2.8623140417039394,2.9204441234469414,0,75
final_hybrid,2026086251,2,3,-8.0,2.5,0,0,0,0,0,0,0,0.08333333333333333,48,2.2919962842327855,2.678603632375598,3.1206640414893627,0,96
final_hybrid,2026086251,3,3,-25.0,4.0,0,0,1,17,0,0,0,0.06,50,2.287131128832698,2.639422402717173,3.345587756484747,0,100
final_hybrid,2026086252,0,2,-8.0,2.5,0,0,0,0,0,0,0,0.0,50,2.4166759848594666,2.9123081360012293,2.9335031285881996,0,100
final_hybrid,2026086252,1,2,-18.0,3.0,0,0,0,0,0,0,0,0.0,51,2.3396989038469744,2.773113315925002,2.810487989336252,0,103
final_hybrid,2026086252,2,2,-16.0,4.0,0,0,1,8,0,0,0,0.04,50,2.4383982829749584,2.6708763325586915,7.006647996604443,0,100
final_hybrid,2026086252,3,2,-18.0,3.0,0,0,0,0,0,0,0,0.02127659574468085,47,2.2847858416114715,2.7202061843127012,2.741413190960884,0,95
final_hybrid,2026086253,0,2,-8.0,2.5,0,0,0,0,0,0,0,0.024691358024691357,81,2.350035117778145,2.6942938566207886,2.787488978356123,0,162
final_hybrid,2026086253,1,2,0.0,2.5,0,0,0,0,0,1,0,0.03409090909090909,88,2.327841272662309,2.563434769399464,6.408269051462412,0,176
final_hybrid,2026086253,2,2,-17.0,4.0,0,0,1,9,0,0,0,0.0,69,2.322031684435796,2.7797834016382694,2.8061000630259514,0,138
final_hybrid,2026086253,3,2,-37.0,4.0,0,0,1,29,0,0,0,0.05263157894736842,76,2.2754748658228077,2.684584935195744,2.7709282003343105,0,152
final_hybrid,2026086254,0,0,34.0,1.0,1,0,0,0,0,0,0,0.01282051282051282,78,2.5307556124738393,3.2597057754173875,4.071308299899101,0,157
final_hybrid,2026086254,1,0,-17.0,4.0,0,0,1,9,0,0,0,0.017857142857142856,56,2.360664657317102,2.8725252486765385,2.928303088992834,0,112
final_hybrid,2026086254,2,0,52.0,1.0,1,0,0,0,0,0,0,0.0,35,2.3112762852438857,2.794932620599866,2.8063510544598103,0,70
final_hybrid,2026086254,3,0,-8.0,2.5,0,0,0,0,0,0,0,0.02857142857142857,35,2.2877116687595844,2.6895363815128803,2.696284092962742,0,70
final_hybrid,2026086255,0,1,-19.0,4.0,0,0,1,11,0,0,0,0.018518518518518517,54,2.413953283663701,3.001566557213664,3.0413991771638393,0,108
final_hybrid,2026086255,1,1,-8.0,2.5,0,0,0,0,0,0,0,0.037037037037037035,54,2.3292221163434013,2.8016524389386177,2.8354800306260586,0,108
final_hybrid,2026086255,2,1,33.0,1.0,1,0,0,0,0,0,0,0.038461538461538464,78,2.2733405662270694,2.6069761952385306,2.7699372731149197,0,156
final_hybrid,2026086255,3,1,0.0,2.5,0,0,0,0,0,1,0,0.0,86,2.364429163335021,2.9814933659508824,3.1458958983421326,0,172
final_hybrid,2026086256,0,3,51.0,1.0,1,1,0,0,0,0,0,0.05172413793103448,58,2.3682677379712977,2.8336571529507637,2.8933058492839336,0,115
final_hybrid,2026086256,1,3,-22.0,4.0,0,0,1,14,0,0,0,0.03773584905660377,53,2.3693407903302393,2.786707505583763,2.877483144402504,0,106
final_hybrid,2026086256,2,3,-8.0,2.5,0,0,0,0,0,0,0,0.0,36,2.3377510951831937,2.902906038798392,2.9341382905840874,0,72
final_hybrid,2026086256,3,3,-17.0,3.0,0,0,0,0,0,0,0,0.0,57,2.3071660758241226,2.7830842882394786,3.0765170231461525,0,115
final_hybrid,2026086257,0,2,34.0,1.0,1,0,0,0,0,0,0,0.03508771929824561,57,2.3517036124279627,2.6887075975537296,3.170361742377281,0,114
final_hybrid,2026086257,1,2,-8.0,2.5,0,0,0,0,0,0,0,0.017857142857142856,56,2.3110744077712297,2.7177337324246764,2.732474822551012,0,112
final_hybrid,2026086257,2,2,-8.0,2.5,0,0,0,0,0,0,0,0.0,46,2.3060175185294254,2.8035168070346117,2.8400560840964317,0,92
final_hybrid,2026086257,3,2,-23.0,3.0,0,0,0,0,0,0,0,0.0,75,2.337172795087099,2.889336459338665,2.9350868426263332,0,151
final_hybrid,2026086258,0,1,-19.0,4.0,0,0,1,11,0,0,0,0.0,53,2.4245894988471606,2.872852049767971,3.1905658543109894,0,106
final_hybrid,2026086258,1,1,-24.0,4.0,0,0,1,16,0,0,0,0.018518518518518517,54,2.376736805739778,2.8548697242513295,3.042615018785,0,108
final_hybrid,2026086258,2,1,-8.0,2.5,0,0,0,0,0,0,0,0.05263157894736842,57,2.2635244878760554,2.604383695870638,2.7273199521005154,0,114
final_hybrid,2026086258,3,1,-8.0,2.5,0,0,0,0,0,0,0,0.0,57,2.316304866485951,2.790472749620676,2.962151076644659,0,114
final_hybrid,2026086259,0,1,34.0,1.0,1,0,0,0,0,0,0,0.09523809523809523,21,2.386600688277256,2.777982037514448,3.3550187945365906,0,42
final_hybrid,2026086259,1,1,-8.0,2.5,0,0,0,0,0,0,0,0.047619047619047616,21,2.304889195199524,2.6575960218906403,2.6619797572493553,0,42
final_hybrid,2026086259,2,1,-8.0,2.5,0,0,0,0,0,0,0,0.0,21,2.3607262410223484,2.8951321728527546,3.0121468007564545,0,42
final_hybrid,2026086259,3,1,-18.0,4.0,0,0,1,10,0,0,0,0.0,21,2.284827974757978,2.8147799894213676,2.8418018482625484,0,42
final_hybrid,2026086260,0,2,39.0,1.0,1,0,0,0,0,0,0,0.07407407407407407,27,2.3107152018282147,2.5887743569910526,2.7680648490786552,0,54
final_hybrid,2026086260,1,2,-8.0,2.5,0,0,0,0,0,0,0,0.0,35,2.3328421637415886,2.8106036130338907,2.8198091313242912,0,70
final_hybrid,2026086260,2,2,-23.0,4.0,0,0,1,15,0,0,0,0.03225806451612903,31,2.3179566788096584,2.839925466105342,2.9789023101329803,0,62
final_hybrid,2026086260,3,2,-8.0,2.5,0,0,0,0,0,0,0,0.0,27,2.2935062060477556,2.8407868463546038,2.8565647080540657,0,54
final_hybrid,2026086261,0,1,-8.0,2.5,0,0,0,0,0,0,0,0.02564102564102564,39,2.3552972990541887,2.781512448564172,2.8522098436951637,0,78
final_hybrid,2026086261,1,1,40.0,1.0,1,0,0,0,0,0,0,0.0,39,2.348893142950076,2.8172554913908243,2.903928980231285,0,78
final_hybrid,2026086261,2,1,-28.0,3.0,0,0,0,0,0,0,0,0.02531645569620253,79,2.298170747824862,2.7398906648159027,2.8137690387666225,0,159
final_hybrid,2026086261,3,1,0.0,2.5,0,0,0,0,0,1,0,0.0,84,2.3444860209045664,2.9062004759907722,3.3501307480037212,0,168
final_hybrid,2026086262,0,1,-8.0,2.5,0,0,0,0,0,0,0,0.06666666666666667,15,2.3491231724619865,2.699658740311861,2.7747899293899536,0,30
final_hybrid,2026086262,1,1,35.0,1.0,1,0,0,0,0,0,0,0.0,15,2.3396736942231655,2.8376429341733456,2.8715222142636776,0,30
final_hybrid,2026086262,2,1,-19.0,4.0,0,0,1,11,0,0,0,0.0,15,2.325687650591135,2.832562569528818,2.9360088519752026,0,30
final_hybrid,2026086262,3,1,-8.0,2.5,0,0,0,0,0,0,0,0.06666666666666667,15,2.2328063224752746,2.640553144738078,2.644950058311224,0,30
final_hybrid,2026086263,0,3,33.0,1.0,1,0,0,0,0,0,0,0.14285714285714285,21,2.3234784159631956,2.678170334547758,2.7124970220029354,0,42
final_hybrid,2026086263,1,3,-21.0,4.0,0,0,1,13,0,0,0,0.023809523809523808,42,2.315337614466747,2.7325951727107167,2.7439710684120655,0,84
final_hybrid,2026086263,2,3,-8.0,2.5,0,0,0,0,0,0,0,0.022222222222222223,45,2.299607928014464,2.8148092329502106,2.837948966771364,0,90
final_hybrid,2026086263,3,3,-8.0,2.5,0,0,0,0,0,0,0,0.02127659574468085,47,2.254972006491524,2.6677525602281094,2.713494934141636,0,94
final_hybrid,2026086264,0,1,-17.0,4.0,0,0,1,9,0,0,0,0.0,78,2.3879654502543883,2.8326375875622034,2.994862850755453,0,156
final_hybrid,2026086264,1,1,-8.0,2.5,0,0,0,0,0,0,0,0.015151515151515152,66,2.335414473870487,2.8220320818945765,2.896286081522703,0,132
final_hybrid,2026086264,2,1,-8.0,2.5,0,0,0,0,0,0,0,0.0,47,2.289194207479979,2.8165144845843315,2.899601124227047,0,94
final_hybrid,2026086264,3,1,-8.0,2.5,0,0,0,0,0,0,0,0.01282051282051282,78,2.2649724896137533,2.591466112062335,2.6570376940071583,0,156
final_hybrid,2026086265,0,1,-17.0,3.0,0,0,0,0,0,0,0,0.018518518518518517,54,2.3836176928684667,2.7224117424339056,3.635810222476721,0,109
final_hybrid,2026086265,1,1,-17.0,4.0,0,0,1,9,0,0,0,0.02,50,2.3197752702981234,2.754187793470919,2.7741650119423866,0,100
final_hybrid,2026086265,2,1,-8.0,2.5,0,0,0,0,0,0,0,0.014285714285714285,70,2.2970864615802253,2.766925748437643,2.83476198092103,0,140
final_hybrid,2026086265,3,1,33.0,1.0,1,0,0,0,0,0,0,0.04,50,2.27718741632998,2.675114758312702,2.8810487128794193,0,100
final_hybrid,2026086266,0,3,-8.0,2.5,0,0,0,0,0,0,0,0.022727272727272728,44,2.370642667466944,2.7683154912665486,3.3061360009014606,0,88
final_hybrid,2026086266,1,3,-29.0,4.0,0,0,1,21,0,0,0,0.0,42,2.3476878358494666,2.783912676386535,2.8157238848507404,0,84
final_hybrid,2026086266,2,3,-8.0,2.5,0,0,0,0,0,0,0,0.045454545454545456,44,2.2703066298907455,2.690950781106949,2.7529308572411537,0,88
final_hybrid,2026086266,3,3,45.0,1.0,1,0,0,0,0,0,0,0.0,44,2.3256497118960726,2.9119901824742556,3.183688037097454,0,88
final_hybrid,2026086267,0,3,-8.0,2.5,0,0,0,0,0,0,0,0.0392156862745098,51,2.3482199575678977,2.729550004005432,2.76845321059227,0,102
final_hybrid,2026086267,1,3,51.0,1.0,1,1,0,0,0,0,0,0.0,45,2.3614864692919784,3.020623885095119,3.439036663621664,0,89
final_hybrid,2026086267,2,3,-17.0,3.0,0,0,0,0,0,0,0,0.0,42,2.3504072534186498,2.8950318926945324,3.443795256316662,0,85
final_hybrid,2026086267,3,3,-16.0,3.0,0,0,0,0,0,0,0,0.0,45,2.3110809115072093,2.7361410669982433,2.859479747712612,0,91
final_hybrid,2026086268,0,0,-8.0,2.5,0,0,0,0,0,0,0,0.015873015873015872,63,2.3893768056517555,2.7642030268907547,4.651677794754505,0,126
final_hybrid,2026086268,1,0,-8.0,2.5,0,0,0,0,0,0,0,0.09523809523809523,21,2.289189513595331,2.6135877706110477,2.921156119555235,0,42
final_hybrid,2026086268,2,0,-8.0,2.5,0,0,0,0,0,0,0,0.0,21,2.2980937335108007,2.7743889950215816,2.8161839582026005,0,42
final_hybrid,2026086268,3,0,37.0,1.0,1,0,0,0,0,0,0,0.0,21,2.3310338590471518,2.9314528219401836,2.9318081215023994,0,42
final_hybrid,2026086269,0,3,33.0,1.0,1,0,0,0,0,0,0,0.047619047619047616,42,2.330773598736241,2.6285664876922965,2.7494681999087334,0,84
final_hybrid,2026086269,1,3,-18.0,4.0,0,0,1,10,0,0,0,0.05714285714285714,35,2.3122992499598434,2.724332083016634,2.7914666570723057,0,70
final_hybrid,2026086269,2,3,-18.0,3.0,0,0,0,0,0,0,0,0.03571428571428571,28,2.291131847804146,2.645553066395223,2.716689370572567,0,57
final_hybrid,2026086269,3,3,-8.0,2.5,0,0,0,0,0,0,0,0.03333333333333333,60,2.2558257604638734,2.6292863534763455,2.8015542775392532,0,120
final_hybrid,2026086270,0,0,-8.0,2.5,0,0,0,0,0,0,0,0.0,39,2.3794013123290663,2.8395570814609528,2.884763292968273,0,78
final_hybrid,2026086270,1,0,-8.0,2.5,0,0,0,0,0,0,0,0.05128205128205128,39,2.3154442509015403,2.754068560898304,2.7990490198135376,0,78
final_hybrid,2026086270,2,0,35.0,1.0,1,0,0,0,0,0,0,0.02564102564102564,39,2.3136563264788728,2.7845945674926043,2.8070202097296715,0,78
final_hybrid,2026086270,3,0,-8.0,2.5,0,0,0,0,0,0,0,0.017241379310344827,58,2.3383570770765174,2.908694068901241,3.0127069912850857,0,116
final_hybrid,2026086271,0,0,-8.0,2.5,0,0,0,0,0,0,0,0.07142857142857142,42,2.3666386426027333,2.7550813276320696,2.7834363281726837,0,84
final_hybrid,2026086271,1,0,0.0,2.5,0,0,0,0,0,1,0,0.024390243902439025,82,2.359771232188838,2.84989548381418,2.9901466332376003,0,164
final_hybrid,2026086271,2,0,-17.0,4.0,0,0,1,9,0,0,0,0.023809523809523808,42,2.317203020322181,2.8643547324463725,2.9056272469460964,0,84
final_hybrid,2026086271,3,0,-8.0,2.5,0,0,0,0,0,0,0,0.02631578947368421,38,2.2887906892911385,2.730410499498248,2.7530882507562637,0,76
final_hybrid,2026086272,0,0,-8.0,2.5,0,0,0,0,0,0,0,0.029411764705882353,34,2.381458070457858,2.8227744856849313,2.8597889468073845,0,68
final_hybrid,2026086272,1,0,34.0,1.0,1,0,0,0,0,0,0,0.0,29,2.353973766981528,2.9120569117367268,2.943261992186308,0,58
final_hybrid,2026086272,2,0,-8.0,2.5,0,0,0,0,0,0,0,0.014492753623188406,69,2.31234363509693,2.8052165172994137,2.8683808632194996,0,138
final_hybrid,2026086272,3,0,-8.0,2.5,0,0,0,0,0,0,0,0.0,69,2.357120855131011,3.0082643032073975,3.1270612962543964,0,138
final_hybrid,2026086273,0,1,-16.0,3.0,0,0,0,0,0,0,0,0.022222222222222223,45,2.3659359249803753,2.7498727664351463,2.824160736054182,0,91
final_hybrid,2026086273,1,1,-16.0,3.0,0,0,0,0,0,0,0,0.0,45,2.3609520143104925,2.8554245829582214,2.8932481072843075,0,91
final_hybrid,2026086273,2,1,93.0,1.0,1,1,0,0,0,0,0,0.0,46,2.3309964808109016,2.8166637057438493,2.858849707990885,0,91
final_hybrid,2026086273,3,1,-16.0,3.0,0,0,0,0,0,0,0,0.044444444444444446,45,2.259484543982479,2.6138964109122753,2.705547958612442,0,91
final_hybrid,2026086274,0,1,-18.0,4.0,0,0,1,10,0,0,0,0.03278688524590164,61,2.3726266732469936,2.843779046088457,2.865827176719904,0,122
final_hybrid,2026086274,1,1,-22.0,4.0,0,0,1,14,0,0,0,0.037037037037037035,54,2.3106009595923953,2.704266202636063,2.7768881991505623,0,108
final_hybrid,2026086274,2,1,102.0,1.0,1,1,0,0,0,0,0,0.0,52,2.2973586769344716,2.7567117009311914,2.770742867141962,0,103
final_hybrid,2026086274,3,1,-8.0,2.5,0,0,0,0,0,0,0,0.05263157894736842,38,2.267210817846813,2.679104427807033,2.802640199661255,0,76
final_hybrid,2026086275,0,3,-8.0,2.5,0,0,0,0,0,0,0,0.02702702702702703,37,2.3774496858587137,2.824122179299593,3.2700677402317524,0,74
final_hybrid,2026086275,1,3,32.0,1.0,1,0,0,0,0,0,0,0.05405405405405406,37,2.2825003173705696,2.6212235912680626,2.7341097593307495,0,74
final_hybrid,2026086275,2,3,35.0,1.0,1,0,0,0,0,0,0,0.046153846153846156,65,2.302889246493578,2.6719972491264343,3.667081706225872,0,130
final_hybrid,2026086275,3,3,-16.0,4.0,0,0,1,8,0,0,0,0.0,37,2.3697648398779534,2.99050509929657,3.3484818413853645,0,74
final_hybrid,2026086276,0,2,36.0,1.0,1,0,0,0,0,0,0,0.0,53,2.454411677735032,2.991181518882513,3.5363640636205673,0,106
final_hybrid,2026086276,1,2,33.0,1.0,1,0,0,0,0,0,0,0.0,32,2.3512116604251787,2.886550733819604,2.9481416568160057,0,64
final_hybrid,2026086276,2,2,-18.0,3.0,0,0,0,0,0,0,0,0.0,40,2.441055071540177,3.0080132652074063,4.574235063046217,0,81
final_hybrid,2026086276,3,2,-18.0,3.0,0,0,0,0,0,0,0,0.025,40,2.278760983608663,2.6380553375929594,2.703211735934019,0,81
final_hybrid,2026086277,0,3,-32.0,4.0,0,0,1,24,0,0,0,0.0,52,2.4088446606093874,2.7952422155067325,3.25767882168293,0,104
final_hybrid,2026086277,1,3,-33.0,4.0,0,0,1,25,0,0,0,0.014705882352941176,68,2.358192194472341,2.8174154460430145,3.3601480536162853,0,136
final_hybrid,2026086277,2,3,-8.0,2.5,0,0,0,0,0,0,0,0.03333333333333333,60,2.2851172291363278,2.693105302751064,2.807868178933859,0,120
final_hybrid,2026086277,3,3,-18.0,3.0,0,0,0,0,0,0,0,0.0,63,2.3379260821947976,2.788233244791627,3.5932697355747223,0,127
final_hybrid,2026086278,0,0,54.0,1.0,1,1,0,0,0,0,0,0.04918032786885246,61,2.3845967409185698,2.713315188884735,6.208409089595079,0,121
final_hybrid,2026086278,1,0,-22.0,3.0,0,0,0,0,0,0,0,0.0,37,2.470444283775381,2.8236661106348038,6.495033390820026,0,75
final_hybrid,2026086278,2,0,87.0,1.0,1,1,0,0,0,0,0,0.0,71,2.4148903288681742,2.9722689650952816,6.288584787398577,0,141
final_hybrid,2026086278,3,0,-8.0,2.5,0,0,0,0,0,0,0,0.034482758620689655,58,2.302352820747885,2.695195167325437,3.420194610953331,0,116
final_hybrid,2026086279,0,0,-8.0,2.5,0,0,0,0,0,0,0,0.0,32,2.3808023979654536,2.890649950131774,2.9384386725723743,0,64
final_hybrid,2026086279,1,0,-24.0,4.0,0,0,1,16,0,0,0,0.041666666666666664,24,2.3480813251808286,2.8543427353724837,2.8675179928541183,0,48
final_hybrid,2026086279,2,0,33.0,1.0,1,0,0,0,0,0,0,0.06060606060606061,33,2.3394590102587687,2.7460385113954544,4.465589765459299,0,66
final_hybrid,2026086279,3,0,-8.0,2.5,0,0,0,0,0,0,0,0.0,33,2.3629130569822863,2.9799464158713818,3.0029378831386566,0,66
final_hybrid,2026086280,0,0,32.0,1.0,1,0,0,0,0,0,0,0.02,50,2.3632847145199776,2.7486083330586553,2.7732481248676777,0,100
final_hybrid,2026086280,1,0,-8.0,2.5,0,0,0,0,0,0,0,0.0,59,2.3912917585822484,2.7974847238510843,5.517513956874609,0,118
final_hybrid,2026086280,2,0,-16.0,4.0,0,0,1,8,0,0,0,0.017241379310344827,58,2.32067529979194,2.755383588373661,2.8895759023725986,0,116
final_hybrid,2026086280,3,0,33.0,1.0,1,0,0,0,0,0,0,0.01694915254237288,59,2.389558930328842,2.9530097730457783,4.089654888957739,0,118
final_hybrid,2026086281,0,3,-8.0,2.5,0,0,0,0,0,0,0,0.02040816326530612,49,2.394907794208551,2.815810590982437,3.3037769608199596,0,98
final_hybrid,2026086281,1,3,69.0,1.0,1,1,0,0,0,0,0,0.0410958904109589,73,2.3551342932328785,2.8900809586048126,3.69012588635087,0,145
final_hybrid,2026086281,2,3,32.0,1.0,1,0,0,0,0,0,0,0.03278688524590164,61,2.3640825062013064,2.8408528305590153,5.2103609777987,0,122
final_hybrid,2026086281,3,3,33.0,1.0,1,0,0,0,0,0,0,0.04918032786885246,61,2.2656851310710437,2.5716102682054043,2.6779789477586746,0,122
final_hybrid,2026086282,0,3,0.0,2.5,0,0,0,0,0,1,1,0.0,84,2.4400565751074326,3.0191985191777344,3.206145018339157,0,168
final_hybrid,2026086282,1,3,0.0,2.5,0,0,0,0,0,1,1,0.011111111111111112,90,2.3464644017318883,2.721307030878961,4.814805928617716,0,180
final_hybrid,2026086282,2,3,-24.0,3.0,0,0,0,0,0,0,0,0.0196078431372549,51,2.527803794353032,3.4276011865586042,4.723296966403723,0,103
final_hybrid,2026086282,3,3,-8.0,2.5,0,0,0,0,0,0,0,0.017857142857142856,56,2.3999351625596836,2.983182203024626,4.022793378680944,0,112
final_hybrid,2026086283,0,1,-8.0,2.5,0,0,0,0,0,0,0,0.01694915254237288,59,2.3861563196247917,2.755494462326169,3.556538838893175,0,118
final_hybrid,2026086283,1,1,-30.0,4.0,0,0,0,0,0,0,0,0.0136986301369863,73,2.3649284705417615,2.7630573138594627,5.300494842231274,1,145
final_hybrid,2026086283,2,1,-8.0,2.5,0,0,0,0,0,0,0,0.028985507246376812,69,2.3546287506494834,2.712222933769226,5.814955569803715,0,138
final_hybrid,2026086283,3,1,-27.0,3.0,0,0,0,0,0,0,0,0.04285714285714286,70,2.3179168879453624,2.8084283461794257,5.046647973358631,0,141
final_hybrid,2026086284,0,3,-8.0,2.5,0,0,0,0,0,0,0,0.043478260869565216,46,2.375467012271933,2.7997582219541073,3.425033763051033,0,92
final_hybrid,2026086284,1,3,-21.0,3.0,0,0,0,0,0,0,0,0.022727272727272728,44,2.387638129717247,2.900782390497625,4.037993960082531,0,89
final_hybrid,2026086284,2,3,-16.0,3.0,0,0,0,0,0,0,0,0.046511627906976744,43,2.3455509027942667,2.7757131960242987,3.619049210101366,0,87
final_hybrid,2026086284,3,3,36.0,1.0,1,0,0,0,0,0,0,0.021739130434782608,46,2.3292475886157025,2.750007784925401,5.103662144392729,0,92
final_hybrid,2026086285,0,0,34.0,1.0,1,0,0,0,0,0,0,0.01639344262295082,61,2.374500998097365,2.7307048439979553,3.527292050421238,0,122
final_hybrid,2026086285,1,0,-8.0,2.5,0,0,0,0,0,0,0,0.0,62,2.3521454178638037,2.8217509854584932,2.8583770617842674,0,124
final_hybrid,2026086285,2,0,60.0,1.0,1,1,0,0,0,0,0,0.0,66,2.3323936938223513,2.895256271585822,3.030556719750166,0,131
final_hybrid,2026086285,3,0,0.0,2.5,0,0,0,0,0,1,0,0.023809523809523808,84,2.2828443574586084,2.7731907786801453,2.8151990845799446,0,168
final_hybrid,2026086286,0,0,-8.0,2.5,0,0,0,0,0,0,0,0.0,55,2.433884499425238,2.76129893027246,5.364181939512491,0,110
final_hybrid,2026086286,1,0,-8.0,2.5,0,0,0,0,0,0,0,0.01818181818181818,55,2.3135299371047453,2.7498912066221237,2.776632085442543,0,110
final_hybrid,2026086286,2,0,-20.0,4.0,0,0,1,12,0,0,0,0.01818181818181818,55,2.309996744787151,2.780973771587014,3.5162530839443207,0,110
final_hybrid,2026086286,3,0,36.0,1.0,1,0,0,0,0,0,0,0.0,55,2.3842103863981636,3.028913913294672,4.762130789458752,0,110
final_hybrid,2026086287,0,0,-8.0,2.5,0,0,0,0,0,0,0,0.0,44,2.375630259683186,2.8958732495084405,2.9874369502067566,0,88
final_hybrid,2026086287,1,0,-8.0,2.5,0,0,0,0,0,0,0,0.045454545454545456,44,2.323212154971605,2.7304773218929768,3.7789326161146164,0,88
final_hybrid,2026086287,2,0,52.0,1.0,1,0,0,0,0,0,0,0.023809523809523808,42,2.440840837412647,2.7744086924940348,5.794738885015249,0,84
final_hybrid,2026086287,3,0,-20.0,4.0,0,0,1,12,0,0,0,0.047619047619047616,42,2.4326686703023457,2.7912139892578125,5.322332959622145,0,84
final_hybrid,2026086288,0,2,-34.0,3.0,0,0,0,0,0,0,0,0.046511627906976744,43,2.3942688739923543,2.8373523615300655,4.433678928762674,0,87
final_hybrid,2026086288,1,2,-19.0,3.0,0,0,0,0,0,0,0,0.0,32,2.4057307455223054,2.7991407783702016,4.657953977584839,0,65
final_hybrid,2026086288,2,2,-19.0,3.0,0,0,0,0,0,0,0,0.0,37,2.3258354741375187,2.7771105989813805,2.8080898337066174,0,75
final_hybrid,2026086288,3,2,-19.0,3.0,0,0,0,0,0,0,0,0.0,32,2.3120974365156144,2.80339524615556,2.9235552065074444,0,65
final_hybrid,2026086289,0,3,-17.0,3.0,0,0,0,0,0,0,0,0.041666666666666664,24,2.407375335072478,2.8491153614595532,2.8564361855387688,0,49
final_hybrid,2026086289,1,3,-17.0,3.0,0,0,0,0,0,0,0,0.0,24,2.5569278319987157,3.0208977637812495,6.608955096453428,0,49
final_hybrid,2026086289,2,3,51.0,1.0,1,1,0,0,0,0,0,0.04,25,2.3597830533981323,2.7828284539282317,4.482645075768232,0,49
final_hybrid,2026086289,3,3,-17.0,3.0,0,0,0,0,0,0,0,0.041666666666666664,24,2.2730817242215076,2.639386896044016,2.6465230621397495,0,49
final_hybrid,2026086290,0,3,-8.0,2.5,0,0,0,0,0,0,0,0.03225806451612903,31,2.439559902995825,2.747681923210621,4.898278042674065,0,62
final_hybrid,2026086290,1,3,-16.0,4.0,0,0,1,8,0,0,0,0.06060606060606061,33,2.4134408061703048,2.7726112864911556,5.987109616398811,0,66
final_hybrid,2026086290,2,3,37.0,1.0,1,0,0,0,0,0,0,0.03225806451612903,31,2.2859040858043778,2.756038447842002,2.7602268382906914,0,62
final_hybrid,2026086290,3,3,-8.0,2.5,0,0,0,0,0,0,0,0.058823529411764705,34,2.347303800942267,2.5890125893056393,4.711386281996965,0,68
final_hybrid,2026086291,0,1,33.0,1.0,1,0,0,0,0,0,0,0.046875,64,2.386686952377204,2.726569375954568,5.939951632171869,0,128
final_hybrid,2026086291,1,1,-8.0,2.5,0,0,0,0,0,0,0,0.0,81,2.4229516907606596,3.108846955001354,4.3302797712385654,0,162
final_hybrid,2026086291,2,1,-18.0,4.0,0,0,1,10,0,0,0,0.05128205128205128,39,2.294736556135691,2.7933447621762753,2.8457422740757465,0,78
final_hybrid,2026086291,3,1,-16.0,4.0,0,0,1,8,0,0,0,0.028985507246376812,69,2.334354114651248,2.7720486745238304,3.853041213005781,0,138
final_hybrid,2026086292,0,3,35.0,1.0,1,0,0,0,0,0,0,0.029850746268656716,67,2.4275514227685644,2.756495727226138,5.025193095207214,0,134
final_hybrid,2026086292,1,3,-8.0,2.5,0,0,0,0,0,0,0,0.029850746268656716,67,2.3142695843951024,2.667788462713361,2.7456399984657764,0,134
final_hybrid,2026086292,2,3,33.0,1.0,1,0,0,0,0,0,0,0.0,53,2.370733416305398,2.932041697204113,3.1487951055169106,0,106
final_hybrid,2026086292,3,3,-19.0,3.0,0,0,0,0,0,0,0,0.014492753623188406,69,2.3171628514925637,2.7753226459026337,4.175294190645218,0,139
final_hybrid,2026086293,0,2,-8.0,2.5,0,0,0,0,0,0,0,0.03389830508474576,59,2.3571087710433085,2.672788081690669,2.887534908950329,0,118
final_hybrid,2026086293,1,2,-8.0,2.5,0,0,0,0,0,0,0,0.0,24,2.348864160012454,2.7346035931259394,2.736810129135847,0,48
final_hybrid,2026086293,2,2,-8.0,2.5,0,0,0,0,0,0,0,0.0,38,2.301958316054783,2.8288864996284246,2.861741930246353,0,76
final_hybrid,2026086293,3,2,-17.0,4.0,0,0,1,9,0,0,0,0.02127659574468085,47,2.3467427694258536,2.7377756778150797,5.44320372864604,0,94
final_hybrid,2026086294,0,2,-8.0,2.5,0,0,0,0,0,0,0,0.015151515151515152,66,2.432382291634426,2.8294811490923166,5.2649336867034435,0,132
final_hybrid,2026086294,1,2,-8.0,2.5,0,0,0,0,0,0,0,0.019230769230769232,52,2.377846287205242,2.7846061158925295,4.857247695326805,0,104
final_hybrid,2026086294,2,2,-17.0,4.0,0,0,1,9,0,0,0,0.018518518518518517,54,2.3313670470896692,2.690126048400998,4.272438120096922,0,108
final_hybrid,2026086294,3,2,-8.0,2.5,0,0,0,0,0,0,0,0.0392156862745098,51,2.2898746252644298,2.734558656811714,2.82709626480937,0,102
final_hybrid,2026086295,0,2,-8.0,2.5,0,0,0,0,0,0,0,0.02631578947368421,38,2.3544859141111374,2.705369354225695,2.8112074360251427,0,76
final_hybrid,2026086295,1,2,43.0,1.0,1,0,0,0,0,0,0,0.02127659574468085,47,2.350696976831619,2.8514047618955374,2.924717962741852,0,94
final_hybrid,2026086295,2,2,-8.0,2.5,0,0,0,0,0,0,0,0.0,38,2.3346679456728068,2.883892343379557,2.9753311537206173,0,76
final_hybrid,2026086295,3,2,33.0,1.0,1,0,0,0,0,0,0,0.02631578947368421,38,2.301625662336224,2.755889855325222,2.794227097183466,0,76
final_hybrid,2026086296,0,0,-8.0,2.5,0,0,0,0,0,0,0,0.022727272727272728,44,2.362383391962133,2.7877093525603414,2.8246911242604256,0,88
final_hybrid,2026086296,1,0,-20.0,4.0,0,0,1,12,0,0,0,0.0,38,2.366329935428343,2.8285727836191654,2.865302376449108,0,76
final_hybrid,2026086296,2,0,36.0,1.0,1,0,0,0,0,0,0,0.0,40,2.410595037508756,2.9325006762519474,4.749576095491648,0,80
final_hybrid,2026086296,3,0,-20.0,4.0,0,0,1,12,0,0,0,0.0,36,2.301214689699312,2.7657801983878016,2.8007072396576405,0,72
final_hybrid,2026086297,0,1,33.0,1.0,1,0,0,0,0,0,0,0.02702702702702703,37,2.40473761349111,2.8656465001404285,3.634846769273281,0,74
final_hybrid,2026086297,1,1,38.0,1.0,1,0,0,0,0,0,0,0.02631578947368421,38,2.3308082753302237,2.775109908543527,2.814200706779957,0,76
final_hybrid,2026086297,2,1,-8.0,2.5,0,0,0,0,0,0,0,0.02702702702702703,37,2.2603414348653845,2.68686693161726,2.7649537660181522,0,74
final_hybrid,2026086297,3,1,-23.0,3.0,0,0,0,0,0,0,0,0.025,40,2.2725716000422835,2.6177625404670835,2.6440806686878204,0,81
final_hybrid,2026086298,0,3,-8.0,2.5,0,0,0,0,0,0,0,0.04,75,2.3404182804127536,2.6814857963472605,2.8564101085066795,0,150
final_hybrid,2026086298,1,3,-8.0,2.5,0,0,0,0,0,0,0,0.014492753623188406,69,2.37524237456745,2.8252409771084785,5.893519148230553,0,138
final_hybrid,2026086298,2,3,-8.0,2.5,0,0,0,0,0,0,0,0.0,69,2.367624236891667,3.0076404102146626,3.0673351138830185,0,138
final_hybrid,2026086298,3,3,40.0,1.0,1,0,0,0,0,0,0,0.0,69,2.3648662600612296,2.898378297686577,4.667086992412806,0,138
final_hybrid,2026086299,0,0,33.0,1.0,1,0,0,0,0,0,0,0.04878048780487805,41,2.319275469678204,2.545551862567663,2.7753356844186783,0,82
final_hybrid,2026086299,1,0,-8.0,2.5,0,0,0,0,0,0,0,0.024390243902439025,41,2.30014135652199,2.720610238611698,2.8113164007663727,0,82
final_hybrid,2026086299,2,0,-8.0,2.5,0,0,0,0,0,0,0,0.0,37,2.299434178181597,2.742825075984001,2.774000633507967,0,74
final_hybrid,2026086299,3,0,-17.0,4.0,0,0,1,9,0,0,0,0.05405405405405406,37,2.283431262381979,2.7513389475643635,2.871184144169092,0,74
final_hybrid,2026086300,0,3,0.0,2.5,0,0,0,0,0,1,1,0.023809523809523808,84,2.442401429150431,2.7691331459209323,6.560067180544138,0,168
final_hybrid,2026086300,1,3,33.0,1.0,1,0,0,0,0,0,0,0.01639344262295082,61,2.4051533355453953,2.902776002883911,5.086430348455906,0,122
final_hybrid,2026086300,2,3,34.0,1.0,1,0,0,0,0,0,0,0.02666666666666667,75,2.3951542687912784,2.872650418430567,6.228654645383358,0,150
final_hybrid,2026086300,3,3,0.0,2.5,0,0,0,0,0,1,0,0.012048192771084338,83,2.3733415046190642,2.7546192053705454,6.594378966838121,0,166
final_hybrid,2026086301,0,1,32.0,1.0,1,0,0,0,0,0,0,0.05128205128205128,39,2.3891523910256534,2.7380483224987984,3.3381879329681396,0,78
final_hybrid,2026086301,1,1,-8.0,2.5,0,0,0,0,0,0,0,0.0,33,2.3574617296231515,2.8267191722989082,2.908863127231598,0,66
final_hybrid,2026086301,2,1,-8.0,2.5,0,0,0,0,0,0,0,0.02564102564102564,39,2.29010882620246,2.768590906634927,2.8243381530046463,0,78
final_hybrid,2026086301,3,1,-16.0,4.0,0,0,1,8,0,0,0,0.034482758620689655,29,2.256396595902484,2.6153319515287876,2.6173489168286324,0,58
final_hybrid,2026086302,0,1,-16.0,4.0,0,0,1,8,0,0,0,0.046511627906976744,43,2.338214192626088,2.712078858166933,2.767696976661682,0,86
final_hybrid,2026086302,1,1,-8.0,2.5,0,0,0,0,0,0,0,0.0,38,2.333254847479494,2.816426334902644,2.857811748981476,0,76
final_hybrid,2026086302,2,1,0.0,2.5,0,0,0,0,0,1,1,0.03333333333333333,90,2.2820111001945205,2.7635679813101888,2.916347235441208,0,180
final_hybrid,2026086302,3,1,35.0,1.0,1,0,0,0,0,0,0,0.06896551724137931,29,2.2419246780718196,2.6333398185670376,2.6901201345026493,0,58
final_hybrid,2026086303,0,2,-20.0,4.0,0,0,1,12,0,0,0,0.06976744186046512,43,2.330278360479793,2.5950008537620306,2.7746916748583317,0,87
final_hybrid,2026086303,1,2,-22.0,3.0,0,0,0,0,0,0,0,0.0,56,2.322259159492595,2.686891006305814,2.724776975810528,0,113
final_hybrid,2026086303,2,2,-8.0,2.5,0,0,0,0,0,0,0,0.0,43,2.353866790356331,2.9688624665141106,2.9854769818484783,0,87
final_hybrid,2026086303,3,2,-8.0,2.5,0,0,0,0,0,0,0,0.023255813953488372,43,2.276774929013363,2.7114587370306253,2.802478615194559,0,87
final_hybrid,2026086304,0,1,-8.0,2.5,0,0,0,0,0,0,0,0.0,25,2.369664553552866,2.8470462188124657,2.863572910428047,0,50
final_hybrid,2026086304,1,1,34.0,1.0,1,0,0,0,0,0,0,0.08,25,2.2928237915039062,2.6854279451072216,2.6873601600527763,0,50
final_hybrid,2026086304,2,1,-16.0,4.0,0,0,1,8,0,0,0,0.0,33,2.3286933446246567,2.8719963505864143,2.9099229723215103,0,66
final_hybrid,2026086304,3,1,-8.0,2.5,0,0,0,0,0,0,0,0.0,25,2.264880985021591,2.774202637374401,2.781578339636326,0,50
final_hybrid,2026086305,0,2,-8.0,2.5,0,0,0,0,0,0,0,0.016129032258064516,62,2.365588488417768,2.800310356542468,2.8682509437203407,0,124
final_hybrid,2026086305,1,2,0.0,2.5,0,0,0,0,0,1,0,0.0,84,2.3648613465151618,2.902754512615502,2.9897158965468407,0,168
final_hybrid,2026086305,2,2,-17.0,4.0,0,0,1,9,0,0,0,0.0,55,2.3635200478813867,3.031958919018507,3.1150812283158302,0,110
final_hybrid,2026086305,3,2,0.0,2.5,0,0,0,0,0,1,1,0.023809523809523808,84,2.283212041393632,2.705980115570128,2.799220848828554,0,168
final_hybrid,2026086306,0,0,69.0,1.0,1,1,0,0,0,0,0,0.0,49,2.4118023658437386,2.993665263056755,3.0020959675312042,0,97
final_hybrid,2026086306,1,0,-16.0,4.0,0,0,1,8,0,0,0,0.021739130434782608,46,2.363014247511392,2.823210204951465,3.613716922700405,0,92
final_hybrid,2026086306,2,0,-8.0,2.5,0,0,0,0,0,0,0,0.0,46,2.3028933362144492,2.7914888923987746,2.8318390250205994,0,92
final_hybrid,2026086306,3,0,-8.0,2.5,0,0,0,0,0,0,0,0.0,46,2.3095976743523194,2.7982989558950067,2.8628353029489517,0,92
final_hybrid,2026086307,0,2,35.0,1.0,1,0,0,0,0,0,0,0.0,58,2.40299495033406,2.897198754362762,3.0208732932806015,0,116
final_hybrid,2026086307,1,2,-19.0,3.0,0,0,0,0,0,0,0,0.03508771929824561,57,2.3264838219211814,2.7797481976449485,2.8531751595437527,0,115
final_hybrid,2026086307,2,2,46.0,1.0,1,0,0,0,0,0,0,0.0,60,2.3831380686412253,2.8290021931752563,5.019404925405979,0,120
final_hybrid,2026086307,3,2,-8.0,2.5,0,0,0,0,0,0,0,0.0,56,2.385559383713241,2.835475606843829,7.1316370740532875,0,112
final_hybrid,2026086308,0,0,-8.0,2.5,0,0,0,0,0,0,0,0.0,53,2.3692274413440586,2.790589537471533,2.8058267198503017,0,106
final_hybrid,2026086308,1,0,-8.0,2.5,0,0,0,0,0,0,0,0.05263157894736842,38,2.3037483793144165,2.6784538757056,2.711222041398287,0,76
final_hybrid,2026086308,2,0,-16.0,4.0,0,0,1,8,0,0,0,0.0,36,2.4336980293608375,3.055823384784162,6.116661708801985,0,72
final_hybrid,2026086308,3,0,45.0,1.0,1,0,0,0,0,0,0,0.0,44,2.4000601525503127,2.9854448279365897,5.16643188893795,0,88
final_hybrid,2026086309,0,1,33.0,1.0,1,0,0,0,0,0,0,0.046875,64,2.39018072898034,2.661230880767107,4.855866078287363,0,128
final_hybrid,2026086309,1,1,-8.0,2.5,0,0,0,0,0,0,0,0.0625,64,2.3080378232407384,2.674664417281747,2.7195089496672153,0,128
final_hybrid,2026086309,2,1,-17.0,3.0,0,0,0,0,0,0,0,0.0,57,2.320548568509127,2.8716505505144596,2.9102698899805546,0,115
final_hybrid,2026086309,3,1,37.0,1.0,1,0,0,0,0,0,0,0.015625,64,2.2788298811065033,2.7624921640381217,2.8164531104266644,0,128
final_hybrid,2026086310,0,3,51.0,1.0,1,1,0,0,0,0,0,0.03225806451612903,31,2.357535965500339,2.7519050054252148,2.8509190306067467,0,61
final_hybrid,2026086310,1,3,-17.0,3.0,0,0,0,0,0,0,0,0.0,30,2.325123641639948,2.74926892016083,2.7666152454912663,0,61
final_hybrid,2026086310,2,3,-17.0,3.0,0,0,0,0,0,0,0,0.0,30,2.3136095299075046,2.8456193394958973,2.8885798528790474,0,61
final_hybrid,2026086310,3,3,-17.0,3.0,0,0,0,0,0,0,0,0.0625,32,2.304794848896563,2.808757498860359,2.8644902631640434,0,65
final_hybrid,2026086311,0,2,-19.0,4.0,0,0,1,11,0,0,0,0.05,40,2.365849632769823,2.780182217247784,2.8575528413057327,0,80
final_hybrid,2026086311,1,2,-8.0,2.5,0,0,0,0,0,0,0,0.05,40,2.307689154986292,2.745473338291049,3.0272393487393856,0,80
final_hybrid,2026086311,2,2,35.0,1.0,1,0,0,0,0,0,0,0.0,40,2.3652650183066726,3.0048592248931527,3.095583990216255,0,80
final_hybrid,2026086311,3,2,-8.0,2.5,0,0,0,0,0,0,0,0.0,36,2.3251797538250685,2.9176665702834725,2.952677197754383,0,72
final_hybrid,2026086312,0,2,-8.0,2.5,0,0,0,0,0,0,0,0.041666666666666664,48,2.334657338603089,2.7001602109521627,2.766069956123829,0,96
final_hybrid,2026086312,1,2,-8.0,2.5,0,0,0,0,0,0,0,0.018867924528301886,53,2.3171373748413795,2.768171951174736,2.8174659237265587,0,106
final_hybrid,2026086312,2,2,-24.0,4.0,0,0,1,16,0,0,0,0.0,53,2.3514243844404534,2.986567560583353,3.0697709880769253,0,106
final_hybrid,2026086312,3,2,51.0,1.0,1,1,0,0,0,0,0,0.04918032786885246,61,2.2638938542394365,2.7248221449553967,2.79218889772892,0,121
final_hybrid,2026086313,0,3,-36.0,3.0,0,0,0,0,0,0,0,0.02631578947368421,38,2.366232097541031,2.783945156261325,2.830801997333765,0,77
final_hybrid,2026086313,1,3,-36.0,3.0,0,0,0,0,0,0,0,0.02631578947368421,38,2.379616232294785,2.9286029981449246,3.4390841610729694,0,77
final_hybrid,2026086313,2,3,-8.0,2.5,0,0,0,0,0,0,0,0.05263157894736842,38,2.2910620992709148,2.672726451419294,2.787548117339611,0,76
final_hybrid,2026086313,3,3,108.0,1.0,1,1,0,0,0,0,0,0.0,39,2.330114205296223,2.956913225352764,3.0266870744526386,0,77
final_hybrid,2026086314,0,3,-17.0,3.0,0,0,0,0,0,0,0,0.022727272727272728,44,2.3808658694509757,2.8429689817130566,2.864919137209654,0,89
final_hybrid,2026086314,1,3,-8.0,2.5,0,0,0,0,0,0,0,0.0,57,2.377890434377549,2.951972745358944,3.07463388890028,0,114
final_hybrid,2026086314,2,3,51.0,1.0,1,1,0,0,0,0,0,0.022222222222222223,45,2.3288603354659347,2.8899651020765305,2.9598651453852654,0,89
final_hybrid,2026086314,3,3,-8.0,2.5,0,0,0,0,0,0,0,0.018867924528301886,53,2.3343138537316954,2.919158060103655,2.978889737278223,0,106
final_hybrid,2026086315,0,3,63.0,1.0,1,1,0,0,0,0,0,0.0,67,2.388008863234253,2.8814112301915884,2.9467931017279625,0,133
final_hybrid,2026086315,1,3,-21.0,3.0,0,0,0,0,0,0,0,0.0,66,2.367178076934634,2.941626124083996,2.9792641289532185,0,133
final_hybrid,2026086315,2,3,-36.0,4.0,0,0,1,28,0,0,0,0.0,40,2.304534474387765,2.781843370757997,2.812233753502369,0,80
final_hybrid,2026086315,3,3,-8.0,2.5,0,0,0,0,0,0,0,0.09090909090909091,44,2.268134531649676,2.6222454151138663,2.6613357476890087,0,88
final_hybrid,2026086316,0,2,-19.0,4.0,0,0,1,11,0,0,0,0.0425531914893617,47,2.3679639450571637,2.7242598589509726,2.7938196435570717,0,94
final_hybrid,2026086316,1,2,34.0,1.0,1,0,0,0,0,0,0,0.043478260869565216,46,2.2819467374812,2.5768026243895292,2.6536122895777225,0,92
final_hybrid,2026086316,2,2,-8.0,2.5,0,0,0,0,0,0,0,0.0,48,2.3510728303032615,2.9467364074662328,3.0509312637150288,0,96
final_hybrid,2026086316,3,2,-8.0,2.5,0,0,0,0,0,0,0,0.02127659574468085,47,2.322586263193095,2.8615567833185196,2.892289310693741,0,94
final_hybrid,2026086317,0,0,-8.0,2.5,0,0,0,0,0,0,0,0.07692307692307693,13,2.6608855606844792,4.212152492254967,6.466273684054613,0,26
final_hybrid,2026086317,1,0,42.0,1.0,1,0,0,0,0,0,0,0.0196078431372549,51,2.369747551925042,2.8026942163705826,4.2347959242761135,0,102
final_hybrid,2026086317,2,0,-16.0,4.0,0,0,1,8,0,0,0,0.03333333333333333,30,2.308859365681807,2.7222142089158297,2.774795051664114,0,60
final_hybrid,2026086317,3,0,-8.0,2.5,0,0,0,0,0,0,0,0.03389830508474576,59,2.323268691740804,2.6814631652086973,5.198900122195482,0,118
final_hybrid,2026086318,0,2,0.0,2.5,0,0,0,0,0,1,1,0.024096385542168676,83,2.373318967734834,2.777130156755447,2.8241160325706005,0,165
final_hybrid,2026086318,1,2,54.0,1.0,1,1,0,0,0,0,0,0.0,51,2.3542260842434333,2.838969463482499,2.894285134971142,0,101
final_hybrid,2026086318,2,2,-35.0,3.0,0,0,0,0,0,0,0,0.0,75,2.3669391560057798,2.904362976551056,4.304435104131699,0,152
final_hybrid,2026086318,3,2,-8.0,2.5,0,0,0,0,0,0,0,0.015873015873015872,63,2.3267302322127517,2.8672899585217237,2.9590101912617683,0,126
final_hybrid,2026086319,0,2,34.0,1.0,1,0,0,0,0,0,0,0.019230769230769232,52,2.3775319658363094,2.7836073422804475,2.8237919323146343,0,104
final_hybrid,2026086319,1,2,-18.0,4.0,0,0,1,10,0,0,0,0.02631578947368421,38,2.3480213345273544,2.803316223435104,2.862523775547743,0,76
final_hybrid,2026086319,2,2,-17.0,4.0,0,0,1,9,0,0,0,0.0,47,2.3493410900552223,2.9275822453200817,2.98664765432477,0,94
final_hybrid,2026086319,3,2,32.0,1.0,1,0,0,0,0,0,0,0.044444444444444446,45,2.268698677006695,2.636832185089588,2.663691993802786,0,90
final_hybrid,2026086320,0,2,34.0,1.0,1,0,0,0,0,0,0,0.029411764705882353,68,2.361649996601045,2.7852019295096397,2.8397110290825367,0,136
final_hybrid,2026086320,1,2,34.0,1.0,1,0,0,0,0,0,0,0.1111111111111111,36,2.2863580767686167,2.6214709505438805,2.710069064050913,0,72
final_hybrid,2026086320,2,2,-8.0,2.5,0,0,0,0,0,0,0,0.014705882352941176,68,2.31851836639073,2.790680667385459,2.826535142958164,0,136
final_hybrid,2026086320,3,2,-23.0,4.0,0,0,1,15,0,0,0,0.0,27,2.5105147312084832,3.147833701223135,6.072281859815121,0,54
final_hybrid,2026086321,0,2,-8.0,2.5,0,0,0,0,0,0,0,0.0,44,2.380536117760295,2.7971697505563498,2.857340034097433,0,88
final_hybrid,2026086321,1,2,-26.0,3.0,0,0,0,0,0,0,0,0.019230769230769232,52,2.3685460910201073,2.9526994563639164,3.0121351592242718,0,105
final_hybrid,2026086321,2,2,-8.0,2.5,0,0,0,0,0,0,0,0.02127659574468085,47,2.2859827892735916,2.7140474412590265,2.7461787685751915,0,94
final_hybrid,2026086321,3,2,-20.0,4.0,0,0,1,12,0,0,0,0.03125,32,2.2712035570293665,2.6375030633062124,2.698672004044056,0,64
final_hybrid,2026086322,0,0,-20.0,3.0,0,0,0,0,0,0,0,0.0,36,2.4251128003622093,2.9478614451363683,2.997942268848419,0,73
final_hybrid,2026086322,1,0,-20.0,3.0,0,0,0,0,0,0,0,0.027777777777777776,36,2.3998739973952374,2.842969843186438,3.1690639443695545,0,73
final_hybrid,2026086322,2,0,60.0,1.0,1,1,0,0,0,0,0,0.02702702702702703,37,2.290772915993993,2.7943026274442673,2.9428480193018913,0,73
final_hybrid,2026086322,3,0,-20.0,3.0,0,0,0,0,0,0,0,0.027777777777777776,36,2.328401767752237,2.7884473092854023,2.8354539535939693,0,73
final_hybrid,2026086323,0,2,35.0,1.0,1,0,0,0,0,0,0,0.1111111111111111,27,2.3162654187116356,2.592157293111086,2.737221773713827,0,54
final_hybrid,2026086323,1,2,-8.0,2.5,0,0,0,0,0,0,0,0.037037037037037035,27,2.3701615045192064,2.796613797545433,2.871979959309101,0,54
final_hybrid,2026086323,2,2,-8.0,2.5,0,0,0,0,0,0,0,0.037037037037037035,27,2.2952468306929976,2.8788895811885595,2.934976015239954,0,54
final_hybrid,2026086323,3,2,-19.0,4.0,0,0,1,11,0,0,0,0.030303030303030304,33,2.2770805481934184,2.7077854610979557,2.805867698043585,0,66
final_hybrid,2026086324,0,2,-8.0,2.5,0,0,0,0,0,0,0,0.044444444444444446,45,2.4154072834385767,2.9025736264884467,3.1733661890029907,0,90
final_hybrid,2026086324,1,2,-8.0,2.5,0,0,0,0,0,0,0,0.044444444444444446,45,2.3016889890034995,2.663570176810026,2.7640718035399914,0,90
final_hybrid,2026086324,2,2,-8.0,2.5,0,0,0,0,0,0,0,0.0,46,2.356673196039122,2.929621725343168,3.0071460641920567,0,92
final_hybrid,2026086324,3,2,35.0,1.0,1,0,0,0,0,0,0,0.0,45,2.319284249097109,2.9007619246840477,2.9347180388867855,0,90
final_hybrid,2026086325,0,1,32.0,1.0,1,0,0,0,0,0,0,0.02857142857142857,70,2.4067394634974852,2.770410175435245,5.075362976640463,0,140
final_hybrid,2026086325,1,1,-18.0,4.0,0,0,1,10,0,0,0,0.0,18,2.3482669041388564,2.819873346015811,2.9086722061038017,0,36
final_hybrid,2026086325,2,1,-8.0,2.5,0,0,0,0,0,0,0,0.0,18,2.287119161337614,2.779460255987942,2.807025797665119,0,36
final_hybrid,2026086325,3,1,-8.0,2.5,0,0,0,0,0,0,0,0.0,22,2.2820184769278224,2.717730519361794,2.7230577543377876,0,44
final_hybrid,2026086326,0,2,-8.0,2.5,0,0,0,0,0,0,0,0.027777777777777776,36,2.494230814692047,2.985312952660024,5.462008994072676,0,72
final_hybrid,2026086326,1,2,-19.0,3.0,0,0,0,0,0,0,0,0.0,54,2.373406896367669,2.953876834362745,2.998264040797949,0,109
final_hybrid,2026086326,2,2,-17.0,3.0,0,0,0,0,0,0,0,0.0,41,2.324731509405665,2.838475164026022,2.895873971283436,0,83
final_hybrid,2026086326,3,2,-17.0,3.0,0,0,0,0,0,0,0,0.045454545454545456,44,2.3495553230697457,2.8970149112865333,3.597097937017679,0,89
final_hybrid,2026086327,0,3,-8.0,2.5,0,0,0,0,0,0,0,0.01639344262295082,61,2.4217425876098577,2.8248908929526806,4.921049810945988,0,122
final_hybrid,2026086327,1,3,-20.0,4.0,0,0,1,12,0,0,0,0.022727272727272728,44,2.32821827839044,2.7280884329229593,2.7412441559135914,0,88
final_hybrid,2026086327,2,3,40.0,1.0,1,0,0,0,0,0,0,0.022727272727272728,44,2.3046692050146786,2.7674840297549963,2.8179981745779514,0,88
final_hybrid,2026086327,3,3,-8.0,2.5,0,0,0,0,0,0,0,0.0,44,2.2981019521301445,2.748566190712154,2.782254945486784,0,88
final_hybrid,2026086328,0,2,-17.0,4.0,0,0,1,9,0,0,0,0.0,57,2.4059196492951167,2.909608744084835,3.0429461039602757,0,114
final_hybrid,2026086328,1,2,33.0,1.0,1,0,0,0,0,0,0,0.0,43,2.4003167636692524,3.053753077983856,3.2433918677270412,0,86
final_hybrid,2026086328,2,2,-17.0,4.0,0,0,1,9,0,0,0,0.0425531914893617,47,2.313655206656202,2.6785196270793676,3.6053359508514404,0,94
final_hybrid,2026086328,3,2,-8.0,2.5,0,0,0,0,0,0,0,0.0,43,2.3237367073983646,2.8406076598912477,3.075128886848688,0,86
final_hybrid,2026086329,0,3,174.0,1.0,1,1,0,0,0,0,0,0.06779661016949153,59,2.350615818937451,2.7563351206481457,3.451214637607336,0,117
final_hybrid,2026086329,1,3,-8.0,2.5,0,0,0,0,0,0,0,0.015625,64,2.3497679794672877,2.8855472104623914,2.9950696043670177,0,128
final_hybrid,2026086329,2,3,-66.0,3.0,0,0,0,0,0,0,0,0.0,87,2.329682877779692,2.850137883797288,2.911314833909273,0,175
final_hybrid,2026086329,3,3,-38.0,3.0,0,0,0,0,0,0,0,0.03389830508474576,59,2.282175448549501,2.7123233769088984,2.7492111548781395,0,119
final_hybrid,2026086330,0,0,60.0,1.0,1,1,0,0,0,0,0,0.041666666666666664,48,2.33762573528414,2.6868535205721855,2.781934104859829,0,95
final_hybrid,2026086330,1,0,-20.0,3.0,0,0,0,0,0,0,0,0.0425531914893617,47,2.307483203154295,2.6427919510751963,2.744007855653763,0,95
final_hybrid,2026086330,2,0,-20.0,3.0,0,0,0,0,0,0,0,0.0,47,2.3328403625240983,2.8098757378757,2.883149776607752,0,95
final_hybrid,2026086330,3,0,-20.0,3.0,0,0,0,0,0,0,0,0.0,47,2.3189964605138655,2.8592496644705534,2.978250849992037,0,95
final_hybrid,2026086331,0,0,34.0,1.0,1,0,0,0,0,0,0,0.03636363636363636,55,2.354501314799894,2.747487649321556,2.8455210849642754,0,110
final_hybrid,2026086331,1,0,45.0,1.0,1,0,0,0,0,0,0,0.0,69,2.444287120918001,3.0536149628460407,4.604302812367678,0,138
final_hybrid,2026086331,2,0,-8.0,2.5,0,0,0,0,0,0,0,0.01818181818181818,55,2.2959300232204525,2.741955267265439,2.8078677132725716,0,110
final_hybrid,2026086331,3,0,10.0,2.0,0,0,0,0,0,0,0,0.06666666666666667,45,2.2457474428746433,2.566346526145935,2.691078931093216,1,91
final_hybrid,2026086332,0,3,-8.0,2.5,0,0,0,0,0,0,0,0.023255813953488372,43,2.3993192088985165,2.8755445033311844,3.416856285184622,0,86
final_hybrid,2026086332,1,3,34.0,1.0,1,0,0,0,0,0,0,0.07692307692307693,39,2.279396192767681,2.6491706259548664,2.694861963391304,0,78
final_hybrid,2026086332,2,3,-18.0,4.0,0,0,1,10,0,0,0,0.02857142857142857,35,2.319655048527888,2.789412159472704,2.792141865938902,0,70
final_hybrid,2026086332,3,3,-8.0,2.5,0,0,0,0,0,0,0,0.046511627906976744,43,2.276490041769521,2.6651421561837196,2.8024371713399887,0,86
final_hybrid,2026086333,0,2,32.0,1.0,1,0,0,0,0,0,0,0.018867924528301886,53,2.381989170076712,2.830076590180397,2.889205701649189,0,106
final_hybrid,2026086333,1,2,-8.0,2.5,0,0,0,0,0,0,0,0.0,59,2.383759371557478,2.8511084150522943,5.152592435479164,0,118
final_hybrid,2026086333,2,2,34.0,1.0,1,0,0,0,0,0,0,0.03389830508474576,59,2.363674966144865,2.8005542699247576,4.5636422000825405,0,118
final_hybrid,2026086333,3,2,-18.0,3.0,0,0,0,0,0,0,0,0.017241379310344827,58,2.3224060744817914,2.7910991571843624,2.9038279317319393,0,117
final_hybrid,2026086334,0,0,-8.0,2.5,0,0,0,0,0,0,0,0.0,20,2.3942853789776564,2.874433994293213,2.907700836658478,0,40
final_hybrid,2026086334,1,0,34.0,1.0,1,0,0,0,0,0,0,0.03773584905660377,53,2.3051498738943406,2.672666497528553,2.908842172473669,0,106
final_hybrid,2026086334,2,0,-18.0,4.0,0,0,1,10,0,0,0,0.1,20,2.262972993776202,2.561650308780372,2.578302752226591,0,40
final_hybrid,2026086334,3,0,-8.0,2.5,0,0,0,0,0,0,0,0.0,20,2.2925834404304624,2.8218725230544806,2.8526452369987965,0,40
final_hybrid,2026086335,0,0,-20.0,4.0,0,0,1,12,0,0,0,0.07142857142857142,28,2.3806038246090924,2.832814329303801,2.8604501858353615,0,56
final_hybrid,2026086335,1,0,-8.0,2.5,0,0,0,0,0,0,0,0.0,31,2.327165986982084,2.8229285962879658,2.842316869646311,0,62
final_hybrid,2026086335,2,0,-8.0,2.5,0,0,0,0,0,0,0,0.0967741935483871,31,2.2519126594547303,2.5535994209349155,2.714193891733885,0,62
final_hybrid,2026086335,3,0,-17.0,4.0,0,0,1,9,0,0,0,0.0,31,2.3749538156534395,2.9784953221678734,3.08359507471323,0,62
final_hybrid,2026086336,0,1,-20.0,3.0,0,0,0,0,0,0,0,0.02702702702702703,74,2.4306422753913983,2.8529781382530928,5.218460690230131,0,149
final_hybrid,2026086336,1,1,38.0,1.0,1,0,0,0,0,0,0,0.07142857142857142,28,2.3891265570585216,2.802016958594322,4.256924148648977,0,56
final_hybrid,2026086336,2,1,60.0,1.0,1,1,0,0,0,0,0,0.04,75,2.3220250383019447,2.602229593321681,5.938459653407335,0,149
final_hybrid,2026086336,3,1,-19.0,4.0,0,0,1,11,0,0,0,0.0,52,2.3854139547508497,2.921626018360257,4.786734003573656,0,104
final_hybrid,2026086337,0,3,99.0,1.0,1,1,0,0,0,0,0,0.0,49,2.3665784535055256,2.828539162874222,2.9099667444825172,0,97
final_hybrid,2026086337,1,3,-33.0,3.0,0,0,0,0,0,0,0,0.041666666666666664,48,2.359712806840738,2.732921880669892,5.953950807452202,0,97
final_hybrid,2026086337,2,3,-33.0,3.0,0,0,0,0,0,0,0,0.0,48,2.3257834157751254,2.861260320059955,2.8858729638159275,0,97
final_hybrid,2026086337,3,3,-33.0,3.0,0,0,0,0,0,0,0,0.0,48,2.4015243106987327,2.9131939401850104,5.396523978561163,0,97
final_hybrid,2026086338,0,1,57.0,1.0,1,1,0,0,0,0,0,0.07407407407407407,27,2.38086288380954,2.7314179576933384,4.351445008069277,0,53
final_hybrid,2026086338,1,1,-8.0,2.5,0,0,0,0,0,0,0,0.0,48,2.389268367551267,2.786464523524046,4.948299843817949,0,96
final_hybrid,2026086338,2,1,-19.0,3.0,0,0,0,0,0,0,0,0.0,26,2.3267468294272056,2.869768883101642,2.915788907557726,0,53
final_hybrid,2026086338,3,1,-19.0,3.0,0,0,0,0,0,0,0,0.0,26,2.3052927930481157,2.8003931511193514,2.836732193827629,0,53
final_hybrid,2026086339,0,2,0.0,2.5,0,0,0,0,0,1,0,0.022222222222222223,90,2.3657747803048954,2.686086413450539,4.108686000108719,0,180
final_hybrid,2026086339,1,2,84.0,1.0,1,1,0,0,0,0,0,0.025,80,2.3159184958785772,2.745561092160642,2.881932072341442,0,159
final_hybrid,2026086339,2,2,34.0,1.0,1,0,0,0,0,0,0,0.029850746268656716,67,2.2797713320313107,2.7238897979259487,2.8196671046316624,0,134
final_hybrid,2026086339,3,2,0.0,2.5,0,0,0,0,0,1,0,0.011363636363636364,88,2.3328337172808293,2.832659636624157,3.0554579570889473,0,176
final_hybrid,2026086340,0,0,0.0,2.5,0,0,0,0,0,1,1,0.023529411764705882,85,2.3484848275342407,2.6917302049696445,2.7893856167793274,0,170
final_hybrid,2026086340,1,0,43.0,1.0,1,0,0,0,0,0,0,0.015873015873015872,63,2.3159566631038038,2.7696778532117605,2.8212149627506733,0,126
final_hybrid,2026086340,2,0,0.0,2.5,0,0,0,0,0,1,1,0.0,86,2.3852052481108625,2.993328613229096,4.060366190969944,0,172
final_hybrid,2026086340,3,0,0.0,2.5,0,0,0,0,0,1,0,0.0,85,2.3650782456731094,2.894267626106739,4.658766090869904,0,170
final_hybrid,2026086341,0,3,-8.0,2.5,0,0,0,0,0,0,0,0.058823529411764705,51,2.3432263976656924,2.7212786953896284,3.2126428559422493,0,102
final_hybrid,2026086341,1,3,36.0,1.0,1,0,0,0,0,0,0,0.024390243902439025,41,2.3311732064296558,2.7878168039023876,2.843111753463745,0,82
final_hybrid,2026086341,2,3,-8.0,2.5,0,0,0,0,0,0,0,0.05,40,2.3346900125034153,2.8085809433832765,3.709313925355673,0,80
final_hybrid,2026086341,3,3,-8.0,2.5,0,0,0,0,0,0,0,0.0,42,2.283504443420541,2.772517711855471,2.7888668701052666,0,84
final_hybrid,2026086342,0,1,-23.0,3.0,0,0,0,0,0,0,0,0.0,39,2.3722643725191936,2.8533903881907463,2.884922083467245,0,79
final_hybrid,2026086342,1,1,45.0,1.0,1,0,0,0,0,0,0,0.017241379310344827,58,2.330622908755623,2.7882251422852278,3.76326497644186,0,116
final_hybrid,2026086342,2,1,-8.0,2.5,0,0,0,0,0,0,0,0.014925373134328358,67,2.3232857321402918,2.7771851047873497,3.43680614605546,0,134
final_hybrid,2026086342,3,1,-29.0,4.0,0,0,1,21,0,0,0,0.016129032258064516,62,2.3070031236256323,2.7411994291469455,4.76998183876276,0,124
final_hybrid,2026086343,0,2,-18.0,4.0,0,0,1,10,0,0,0,0.0,56,2.4092098797804544,2.978258882649243,3.171944059431553,0,112
final_hybrid,2026086343,1,2,-8.0,2.5,0,0,0,0,0,0,0,0.016666666666666666,60,2.37027236726135,2.8248028131201863,4.019319079816341,0,119
final_hybrid,2026086343,2,2,-17.0,4.0,0,0,1,9,0,0,0,0.018518518518518517,54,2.3007713758421167,2.74481859523803,2.7884719893336296,0,108
final_hybrid,2026086343,3,2,57.0,1.0,1,1,0,0,0,0,0,0.031746031746031744,63,2.282975995469661,2.687240531668067,2.7295779436826706,0,125
final_hybrid,2026086344,0,1,-8.0,2.5,0,0,0,0,0,0,0,0.0967741935483871,31,2.3559026510244414,2.812091028317809,3.2848077826201916,0,62
final_hybrid,2026086344,1,1,84.0,1.0,1,1,0,0,0,0,0,0.03389830508474576,59,2.3168045396016814,2.6443070266395807,4.952074959874153,0,117
final_hybrid,2026086344,2,1,-22.0,3.0,0,0,0,0,0,0,0,0.0,39,2.322894473297474,2.856665477156639,2.9048421420156956,0,79
final_hybrid,2026086344,3,1,39.0,1.0,1,0,0,0,0,0,0,0.06060606060606061,33,2.296651459553025,2.672477811574936,4.282637964934111,0,66
final_hybrid,2026086345,0,1,-18.0,3.0,0,0,0,0,0,0,0,0.0,43,2.3957857710504253,2.8031726833432913,2.817666158080101,0,87
final_hybrid,2026086345,1,1,54.0,1.0,1,1,0,0,0,0,0,0.022222222222222223,45,2.3184967330760426,2.832744363695383,2.861316315829754,0,89
final_hybrid,2026086345,2,1,-18.0,3.0,0,0,0,0,0,0,0,0.022727272727272728,44,2.279657045040618,2.737548970617354,2.8484570793807507,0,89
final_hybrid,2026086345,3,1,51.0,1.0,1,1,0,0,0,0,0,0.06382978723404255,47,2.2920927211166697,2.6825884822756048,3.2629650086164474,0,93
final_hybrid,2026086346,0,0,-8.0,2.5,0,0,0,0,0,0,0,0.0,60,2.416746582215031,2.8923324774950743,2.9296623542904854,0,120
final_hybrid,2026086346,1,0,-8.0,2.5,0,0,0,0,0,0,0,0.0,54,2.3606297542789467,2.8713313629850745,3.8279229775071144,0,108
final_hybrid,2026086346,2,0,-16.0,4.0,0,0,1,8,0,0,0,0.02040816326530612,49,2.2974981432210426,2.722238097339868,2.8117960318922997,0,98
final_hybrid,2026086346,3,0,-8.0,2.5,0,0,0,0,0,0,0,0.02040816326530612,49,2.317131563488926,2.8080757707357407,2.888788003474474,0,98
final_hybrid,2026086347,0,0,33.0,1.0,1,0,0,0,0,0,0,0.017241379310344827,58,2.4982595029447614,3.06889652274549,3.8923039101064205,0,116
final_hybrid,2026086347,1,0,-8.0,2.5,0,0,0,0,0,0,0,0.0,67,2.398472272360058,3.0692643020302057,3.2411660067737103,0,134
final_hybrid,2026086347,2,0,46.0,1.0,1,0,0,0,0,0,0,0.029411764705882353,68,2.2861671921632745,2.6256033685058355,3.036371897906065,0,136
final_hybrid,2026086347,3,0,-8.0,2.5,0,0,0,0,0,0,0,0.046153846153846156,65,2.2957121666807394,2.699428517371416,3.2013687305152416,0,130
final_hybrid,2026086348,0,3,-21.0,3.0,0,0,0,0,0,0,0,0.08823529411764706,34,2.3319541394491408,2.74179894477129,2.783117350190878,0,69
final_hybrid,2026086348,1,3,-21.0,3.0,0,0,0,0,0,0,0,0.0,31,2.3348052655496905,2.8657247312366962,2.8711939230561256,0,63
final_hybrid,2026086348,2,3,-21.0,3.0,0,0,0,0,0,0,0,0.030303030303030304,33,2.3239475364486375,2.761310711503029,2.816400956362486,0,67
final_hybrid,2026086348,3,3,63.0,1.0,1,1,0,0,0,0,0,0.0,32,2.2918040194781497,2.825456880964339,2.8571789152920246,0,63
final_hybrid,2026086349,0,0,-22.0,3.0,0,0,0,0,0,0,0,0.0,59,2.4429276601364047,2.92033264413476,3.730506170541048,0,119
final_hybrid,2026086349,1,0,-20.0,3.0,0,0,0,0,0,0,0,0.017241379310344827,58,2.369713841070389,2.80137627851218,3.7297788076102734,0,117
final_hybrid,2026086349,2,0,66.0,1.0,1,1,0,0,0,0,0,0.05,60,2.321241439009706,2.746675070375203,3.999542910605669,0,119
final_hybrid,2026086349,3,0,-22.0,3.0,0,0,0,0,0,0,0,0.0,59,2.4059656533901976,2.9698599595576507,4.493923392146826,0,119
final_hybrid,2026086350,0,3,34.0,1.0,1,0,0,0,0,0,0,0.075,40,2.3269316414371133,2.629667147994041,2.73119006305933,0,80
final_hybrid,2026086350,1,3,-18.0,4.0,0,0,1,10,0,0,0,0.022222222222222223,45,2.342970927970277,2.7783624827861786,2.820191904902458,0,90
final_hybrid,2026086350,2,3,-8.0,2.5,0,0,0,0,0,0,0,0.01639344262295082,61,2.3432311250782405,2.7763457037508488,4.010526929050684,0,122
final_hybrid,2026086350,3,3,-8.0,2.5,0,0,0,0,0,0,0,0.034482758620689655,58,2.3015685909395587,2.8262463165447116,2.8735538944602013,0,116
final_hybrid,2026086351,0,3,-8.0,2.5,0,0,0,0,0,0,0,0.0136986301369863,73,2.382815981360331,2.785570453852415,4.206385929137468,0,146
final_hybrid,2026086351,1,3,-8.0,2.5,0,0,0,0,0,0,0,0.012195121951219513,82,2.3407050544714054,2.765099937096238,2.9855873435735703,0,164
final_hybrid,2026086351,2,3,-8.0,2.5,0,0,0,0,0,0,0,0.0,57,2.3491290201874158,2.879674267023802,3.2327137887477875,0,114
final_hybrid,2026086351,3,3,-8.0,2.5,0,0,0,0,0,0,0,0.0,65,2.314360497089533,2.7723207138478756,2.7959849685430527,0,130
final_hybrid,2026086352,0,0,-34.0,3.0,0,0,0,0,0,0,0,0.0,45,2.445580851700571,3.0605915933847427,3.102801274508238,0,91
final_hybrid,2026086352,1,0,-17.0,3.0,0,0,0,0,0,0,0,0.0,48,2.3292457529654107,2.723754243925214,2.771873027086258,0,97
final_hybrid,2026086352,2,0,-17.0,3.0,0,0,0,0,0,0,0,0.0,48,2.3213447517870613,2.779478160664439,2.79546482488513,0,97
final_hybrid,2026086352,3,0,-17.0,3.0,0,0,0,0,0,0,0,0.020833333333333332,48,2.321656075461457,2.797525515779853,2.815981861203909,0,97
final_hybrid,2026086353,0,0,32.0,1.0,1,0,0,0,0,0,0,0.04,25,2.368786558508873,2.7361804619431496,2.857381943613291,0,50
final_hybrid,2026086353,1,0,-16.0,4.0,0,0,1,8,0,0,0,0.0,21,2.37718712361086,2.8343568556010723,2.8382642194628716,0,42
final_hybrid,2026086353,2,0,-8.0,2.5,0,0,0,0,0,0,0,0.0,21,2.3337342288522493,2.8859348967671394,2.9103728011250496,0,42
final_hybrid,2026086353,3,0,-8.0,2.5,0,0,0,0,0,0,0,0.0,21,2.2875769063830376,2.796775661408901,2.816559746861458,0,42
final_hybrid,2026086354,0,3,57.0,1.0,1,1,0,0,0,0,0,0.012987012987012988,77,2.368890353805059,2.766413986682892,2.8272648341953754,0,153
final_hybrid,2026086354,1,3,0.0,2.5,0,0,0,0,0,1,0,0.0,85,2.3858434191959748,2.838070783764124,3.7412531673908234,0,170
final_hybrid,2026086354,2,3,0.0,2.5,0,0,0,0,0,1,0,0.011764705882352941,85,2.3170883219469998,2.859140560030937,2.9249461367726326,0,170
final_hybrid,2026086354,3,3,-8.0,2.5,0,0,0,0,0,0,0,0.0,74,2.3106772490349172,2.818634267896414,2.9176310636103153,0,148
final_hybrid,2026086355,0,3,48.0,1.0,1,1,0,0,0,0,0,0.02564102564102564,39,2.3299800470853462,2.7847617864608765,2.85537401214242,0,77
final_hybrid,2026086355,1,3,-19.0,3.0,0,0,0,0,0,0,0,0.08695652173913043,23,2.3117127180423425,2.7963164262473583,2.8404686599969864,0,47
final_hybrid,2026086355,2,3,-16.0,3.0,0,0,0,0,0,0,0,0.07894736842105263,38,2.2479685905732607,2.6140872854739428,2.790805883705616,0,77
final_hybrid,2026086355,3,3,-16.0,3.0,0,0,0,0,0,0,0,0.0,38,2.297771543166355,2.8092012275010347,2.8558140620589256,0,77
final_hybrid,2026086356,0,0,0.0,2.5,0,0,0,0,0,1,0,0.023529411764705882,85,2.32573117074721,2.6379848830401897,2.7725528925657272,0,169
final_hybrid,2026086356,1,0,34.0,1.0,1,0,0,0,0,0,0,0.0,74,2.398731029667967,3.0555640580132604,3.215423785150051,0,149
final_hybrid,2026086356,2,0,0.0,2.5,0,0,0,0,0,1,1,0.0,85,2.369941655984696,3.058294113725424,3.1519820913672447,0,171
final_hybrid,2026086356,3,0,-21.0,4.0,0,0,1,13,0,0,0,0.015151515151515152,66,2.293065585421793,2.739979769103229,2.7675284072756767,0,133
final_hybrid,2026086357,0,1,-20.0,3.0,0,0,0,0,0,0,0,0.07317073170731707,41,2.3297950420982954,2.7024000883102417,2.8303726576268673,0,83
final_hybrid,2026086357,1,1,60.0,1.0,1,1,0,0,0,0,0,0.045454545454545456,44,2.2881867745044557,2.6502625085413456,2.668430097401142,0,87
final_hybrid,2026086357,2,1,-20.0,3.0,0,0,0,0,0,0,0,0.0,43,2.3323788177655187,2.893824176862836,3.324367105960846,0,87
final_hybrid,2026086357,3,1,-20.0,3.0,0,0,0,0,0,0,0,0.0,43,2.3499390781792098,3.0109547078609467,3.063563257455826,0,87
final_hybrid,2026086358,0,3,-17.0,3.0,0,0,0,0,0,0,0,0.0,67,2.4344249030769762,2.94523942284286,3.628395963460207,0,135
final_hybrid,2026086358,1,3,-18.0,3.0,0,0,0,0,0,0,0,0.0,63,2.406285794836188,2.8564057778567076,5.722822155803442,0,127
final_hybrid,2026086358,2,3,-17.0,3.0,0,0,0,0,0,0,0,0.014925373134328358,67,2.337083046727661,2.882640529423952,3.514407202601433,0,135
final_hybrid,2026086358,3,3,54.0,1.0,1,1,0,0,0,0,0,0.015625,64,2.30077078595059,2.832984714768827,2.869341056793928,0,127
final_hybrid,2026086359,0,2,-8.0,2.5,0,0,0,0,0,0,0,0.0,28,2.368534748841609,2.733520115725696,2.7849641628563404,0,56
final_hybrid,2026086359,1,2,-8.0,2.5,0,0,0,0,0,0,0,0.021739130434782608,46,2.3028357561839665,2.75984441395849,2.7961842715740204,0,92
final_hybrid,2026086359,2,2,-8.0,2.5,0,0,0,0,0,0,0,0.07317073170731707,41,2.288565516653584,2.7086352929472923,2.941385842859745,0,82
final_hybrid,2026086359,3,2,0.0,2.5,0,0,0,0,0,1,0,0.011494252873563218,87,2.3264021227328944,2.7229796163737774,5.970795173197985,0,174
final_hybrid,2026086360,0,1,-21.0,3.0,0,0,0,0,0,0,0,0.0,71,2.450257179025613,2.8754041995853186,6.519061978906393,0,143
final_hybrid,2026086360,1,1,-8.0,2.5,0,0,0,0,0,0,0,0.02564102564102564,39,2.33183464465233,2.861378062516451,2.91230995208025,0,78
final_hybrid,2026086360,2,1,-8.0,2.5,0,0,0,0,0,0,0,0.02564102564102564,39,2.28970682917115,2.715546451508999,2.7338829822838306,0,78
final_hybrid,2026086360,3,1,-32.0,4.0,0,0,1,24,0,0,0,0.0,39,2.3239255787279363,2.8956372756510973,2.901459112763405,0,78
final_hybrid,2026086361,0,3,-8.0,2.5,0,0,0,0,0,0,0,0.0,70,2.387385622465185,2.8318898053839803,2.8944252990186214,0,140
final_hybrid,2026086361,1,3,0.0,2.5,0,0,0,0,0,1,1,0.0,83,2.3529053811567375,2.8878801036626096,2.918276935815811,0,166
final_hybrid,2026086361,2,3,54.0,1.0,1,0,0,0,0,0,0,0.0,69,2.2815322516944962,2.712882962077856,2.764413133263588,0,138
final_hybrid,2026086361,3,3,-34.0,3.0,0,0,0,0,0,0,0,0.05263157894736842,57,2.252111350300542,2.612047828733921,2.672706265002489,0,115
final_hybrid,2026086362,0,1,-8.0,2.5,0,0,0,0,0,0,0,0.05,40,2.310576313175261,2.5934582576155663,2.7324091643095016,0,80
final_hybrid,2026086362,1,1,-18.0,3.0,0,0,0,0,0,0,0,0.0,35,2.333513061915125,2.81844399869442,2.833274658769369,0,71
final_hybrid,2026086362,2,1,-8.0,2.5,0,0,0,0,0,0,0,0.0,40,2.311365830246359,2.7860475936904545,2.90880398824811,0,80
final_hybrid,2026086362,3,1,-23.0,4.0,0,0,1,15,0,0,0,0.025,40,2.281293272972107,2.7303608832880855,2.750872168689966,0,80
final_hybrid,2026086363,0,0,-8.0,2.5,0,0,0,0,0,0,0,0.0,78,2.3766409737081866,2.8609294909983873,2.9325708746910095,0,156
final_hybrid,2026086363,1,0,-8.0,2.5,0,0,0,0,0,0,0,0.0,55,2.3238077759742737,2.7520676143467426,2.7611427940428257,0,110
final_hybrid,2026086363,2,0,-16.0,3.0,0,0,0,0,0,0,0,0.034482758620689655,58,2.2733361974101642,2.6261714287102222,2.7157217264175415,0,117
final_hybrid,2026086363,3,0,35.0,1.0,1,0,0,0,0,0,0,0.041666666666666664,48,2.285231613010789,2.769901091232896,2.7939029969274998,0,96
final_hybrid,2026086364,0,2,-8.0,2.5,0,0,0,0,0,0,0,0.037037037037037035,27,2.3558028904652155,2.758449874818325,2.793499268591404,0,54
final_hybrid,2026086364,1,2,63.0,1.0,1,1,0,0,0,0,0,0.01639344262295082,61,2.354608596775864,2.9073492623865604,2.9904693365097046,0,121
final_hybrid,2026086364,2,2,32.0,1.0,1,0,0,0,0,0,0,0.13043478260869565,23,2.252024497188952,2.593807689845562,2.6325969956815243,0,46
final_hybrid,2026086364,3,2,-18.0,3.0,0,0,0,0,0,0,0,0.012987012987012988,77,2.3165999960105914,2.826134767383337,3.842998296022415,0,155
final_hybrid,2026086365,0,3,-20.0,3.0,0,0,0,0,0,0,0,0.0,42,2.8573836842995313,4.042964824475348,5.225645378232002,0,85
final_hybrid,2026086365,1,3,-19.0,3.0,0,0,0,0,0,0,0,0.015151515151515152,66,2.3562521532629477,2.8076214948669076,3.450330812484026,0,133
final_hybrid,2026086365,2,3,34.0,1.0,1,0,0,0,0,0,0,0.0,40,2.3066792055033147,2.804447733797133,2.8594257310032845,0,80
final_hybrid,2026086365,3,3,36.0,1.0,1,0,0,0,0,0,0,0.0,49,2.3599184042184937,2.9357285238802433,3.5384069196879864,0,98
final_hybrid,2026086366,0,2,-8.0,2.5,0,0,0,0,0,0,0,0.011363636363636364,88,2.3917637088082055,2.7520008152350783,5.123829003423452,0,176
final_hybrid,2026086366,1,2,48.0,1.0,1,1,0,0,0,0,0,0.013513513513513514,74,2.350215523226841,2.949560363776982,2.9892181046307087,0,147
final_hybrid,2026086366,2,2,-16.0,3.0,0,0,0,0,0,0,0,0.0273972602739726,73,2.2769594207814294,2.6918170042335987,2.7381530962884426,0,147
final_hybrid,2026086366,3,2,-20.0,3.0,0,0,0,0,0,0,0,0.017241379310344827,58,2.2966543148303855,2.817036723718047,2.8262389823794365,0,117
final_hybrid,2026086367,0,3,-8.0,2.5,0,0,0,0,0,0,0,0.019230769230769232,52,2.3601571133790107,2.7922350680455565,2.8423238545656204,0,105
final_hybrid,2026086367,1,3,-8.0,2.5,0,0,0,0,0,0,0,0.0,60,2.3632740369066596,2.967811725102365,3.0096727423369884,0,120
final_hybrid,2026086367,2,3,39.0,1.0,1,0,0,0,0,0,0,0.038461538461538464,52,2.2497576070376315,2.579233469441533,2.6735621504485607,0,105
final_hybrid,2026086367,3,3,-8.0,2.5,0,0,0,0,0,0,0,0.014925373134328358,67,2.299122192632796,2.7782537043094635,2.82934308052063,0,133
final_hybrid,2026086368,0,1,-8.0,2.5,0,0,0,0,0,0,0,0.022727272727272728,44,2.341434232551943,2.7197098825126886,2.8056111186742783,0,88
final_hybrid,2026086368,1,1,38.0,1.0,1,0,0,0,0,0,0,0.0,67,2.370192898687587,2.93868575245142,2.9997117817401886,0,134
final_hybrid,2026086368,2,1,-8.0,2.5,0,0,0,0,0,0,0,0.0196078431372549,51,2.298038644606576,2.7878095861524343,2.813386730849743,0,102
final_hybrid,2026086368,3,1,-17.0,4.0,0,0,1,9,0,0,0,0.022727272727272728,44,2.321166071024808,2.6668123668059707,3.208108711987734,0,88
final_hybrid,2026086369,0,0,0.0,2.5,0,0,0,0,0,1,0,0.022727272727272728,88,2.3547977166758343,2.735272841528058,2.8631011955440044,0,176
final_hybrid,2026086369,1,0,34.0,1.0,1,0,0,0,0,0,0,0.0,39,2.3535156550888834,2.9064339119940996,2.98647815361619,0,78
final_hybrid,2026086369,2,0,-8.0,2.5,0,0,0,0,0,0,0,0.0,64,2.328911141376011,2.873855852521956,2.9627946205437183,0,128
final_hybrid,2026086369,3,0,57.0,1.0,1,1,0,0,0,0,0,0.07142857142857142,28,2.3827707128865376,2.9860043432563543,3.1793522648513317,0,55
final_hybrid,2026086370,0,0,-19.0,3.0,0,0,0,0,0,0,0,0.05128205128205128,39,2.3534837752007522,2.758006891235709,2.792692743241787,0,79
final_hybrid,2026086370,1,0,57.0,1.0,1,1,0,0,0,0,0,0.05,40,2.316454378888011,2.775055542588234,2.8029419481754303,0,79
final_hybrid,2026086370,2,0,-19.0,3.0,0,0,0,0,0,0,0,0.02564102564102564,39,2.3257038197838344,2.836449071764946,2.91572418063879,0,79
final_hybrid,2026086370,3,0,-19.0,3.0,0,0,0,0,0,0,0,0.0,39,2.3291118514652434,2.9001491609960794,3.049295861274004,0,79
final_hybrid,2026086371,0,3,-8.0,2.5,0,0,0,0,0,0,0,0.0196078431372549,51,2.3945035942483184,2.850653138011694,2.8872117400169373,0,102
final_hybrid,2026086371,1,3,35.0,1.0,1,0,0,0,0,0,0,0.0,51,2.3700481317206923,2.9195540118962526,2.9437830671668053,0,102
final_hybrid,2026086371,2,3,-19.0,4.0,0,0,1,11,0,0,0,0.0392156862745098,51,2.2915573608057174,2.7148080989718437,2.7836356312036514,0,102
final_hybrid,2026086371,3,3,-16.0,4.0,0,0,1,8,0,0,0,0.017857142857142856,56,2.306427507262145,2.7710594004020095,2.801320981234312,0,112
final_hybrid,2026086372,0,3,-17.0,4.0,0,0,1,9,0,0,0,0.05263157894736842,57,2.3888007884747102,2.812695410102606,2.865870948880911,0,114
final_hybrid,2026086372,1,3,0.0,2.5,0,0,0,0,0,1,1,0.03488372093023256,86,2.359620647418291,2.7168786618858576,5.4591926746070385,0,172
final_hybrid,2026086372,2,3,-16.0,3.0,0,0,0,0,0,0,0,0.014084507042253521,71,2.3452495815048757,2.762609627097845,5.137613974511623,0,143
final_hybrid,2026086372,3,3,32.0,1.0,1,0,0,0,0,0,0,0.02857142857142857,70,2.2881854259009873,2.746867830865085,2.8193630278110504,0,140
final_hybrid,2026086373,0,3,-23.0,3.0,0,0,0,0,0,0,0,0.05263157894736842,38,2.4811565557396724,3.03810038603842,5.514094140380621,0,77
final_hybrid,2026086373,1,3,-8.0,2.5,0,0,0,0,0,0,0,0.0,53,2.461923312676965,2.9158481396734715,4.850874189287424,0,106
final_hybrid,2026086373,2,3,75.0,1.0,1,1,0,0,0,0,0,0.0,59,2.3510796886126872,2.92368377558887,2.957430202513933,0,117
final_hybrid,2026086373,3,3,-23.0,3.0,0,0,0,0,0,0,0,0.0,38,2.318079411787422,2.7883771806955338,2.7996227145195007,0,77
final_hybrid,2026086374,0,2,-16.0,4.0,0,0,1,8,0,0,0,0.0,70,2.4373207108250687,3.027304634451866,3.1497259624302387,0,140
final_hybrid,2026086374,1,2,0.0,2.5,0,0,0,0,0,1,1,0.023529411764705882,85,2.2979754023253918,2.6623872108757496,2.7378168888390064,0,170
final_hybrid,2026086374,2,2,-8.0,2.5,0,0,0,0,0,0,0,0.0,62,2.348064505044491,2.9916900442913175,3.0548269860446453,0,124
final_hybrid,2026086374,3,2,-8.0,2.5,0,0,0,0,0,0,0,0.0,70,2.3533765027033433,2.936182520352304,3.0170553363859653,0,140
final_hybrid,2026086375,0,2,0.0,2.5,0,0,0,0,0,1,0,0.0,84,2.426612019051044,2.8584646061062813,5.925646051764488,0,168
final_hybrid,2026086375,1,2,-8.0,2.5,0,0,0,0,0,0,0,0.025,80,2.302712167147547,2.7062007691711187,2.7883988805115223,0,161
final_hybrid,2026086375,2,2,-8.0,2.5,0,0,0,0,0,0,0,0.031746031746031744,63,2.2957509989658047,2.754300180822611,2.791485283523798,0,126
final_hybrid,2026086375,3,2,-16.0,4.0,0,0,1,8,0,0,0,0.05555555555555555,54,2.2868961526977793,2.7399139245972037,2.7974420227110386,0,108
final_hybrid,2026086376,0,3,-39.0,3.0,0,0,0,0,0,0,0,0.0,54,2.358420312197672,2.772808028385043,2.7945619076490402,0,110
final_hybrid,2026086376,1,3,-8.0,2.5,0,0,0,0,0,0,0,0.016129032258064516,62,2.2983826141083434,2.7382652973756194,2.7489643543958664,0,124
final_hybrid,2026086376,2,3,-43.0,3.0,0,0,0,0,0,0,0,0.0,57,2.3148521993374613,2.8397854417562485,2.8870366513729095,0,116
final_hybrid,2026086376,3,3,42.0,1.0,1,0,0,0,0,0,0,0.075,40,2.341930172406137,2.682004007510841,4.95449174195528,0,79
final_hybrid,2026086377,0,3,-16.0,4.0,0,0,1,8,0,0,0,0.08108108108108109,37,2.3048938428227967,2.5579274632036686,2.726406790316105,0,74
final_hybrid,2026086377,1,3,-22.0,3.0,0,0,0,0,0,0,0,0.023255813953488372,86,2.331015621420256,2.817777916789055,2.9070586897432804,0,173
final_hybrid,2026086377,2,3,-8.0,2.5,0,0,0,0,0,0,0,0.037037037037037035,54,2.3125453110508345,2.7941883308812976,2.879482228308916,0,108
final_hybrid,2026086377,3,3,34.0,1.0,1,0,0,0,0,0,0,0.018518518518518517,54,2.273269609927579,2.713917871005833,2.759844996035099,0,108
final_hybrid,2026086378,0,2,-36.0,4.0,0,0,1,28,0,0,0,0.04081632653061224,49,2.3482328052727546,2.718020789325237,2.863324712961912,0,98
final_hybrid,2026086378,1,2,52.0,1.0,1,0,0,0,0,0,0,0.02040816326530612,49,2.3266470192798545,2.8333300724625587,2.909379079937935,0,98
final_hybrid,2026086378,2,2,-35.0,3.0,0,0,0,0,0,0,0,0.0425531914893617,47,2.2732817686777165,2.690604096278548,2.7377731166779995,0,95
final_hybrid,2026086378,3,2,-8.0,2.5,0,0,0,0,0,0,0,0.02040816326530612,49,2.2850553124990998,2.706991694867611,2.7363859117031097,0,98
final_hybrid,2026086379,0,0,-17.0,3.0,0,0,0,0,0,0,0,0.02702702702702703,37,2.3828905981940194,2.7695076540112495,2.880463842302561,0,75
final_hybrid,2026086379,1,0,32.0,1.0,1,0,0,0,0,0,0,0.030303030303030304,33,2.361814519672683,2.835308760404587,3.5049831494688988,0,66
final_hybrid,2026086379,2,0,-8.0,2.5,0,0,0,0,0,0,0,0.030303030303030304,33,2.3005776333086416,2.7999076060950756,2.8299628756940365,0,66
final_hybrid,2026086379,3,0,-8.0,2.5,0,0,0,0,0,0,0,0.0,33,2.318077480815577,2.8446368873119354,2.9046391136944294,0,66
final_hybrid,2026086380,0,1,-18.0,3.0,0,0,0,0,0,0,0,0.01818181818181818,55,2.4066538380628284,2.7642663102597,6.155705079436302,0,111
final_hybrid,2026086380,1,1,-18.0,3.0,0,0,0,0,0,0,0,0.0,53,2.3339204841627263,2.8364726342260838,2.8503993526101112,0,107
final_hybrid,2026086380,2,1,54.0,1.0,1,1,0,0,0,0,0,0.05357142857142857,56,2.295154271580811,2.7104427572339773,3.22660431265831,0,111
final_hybrid,2026086380,3,1,32.0,1.0,1,0,0,0,0,0,0,0.05405405405405406,37,2.299011747881367,2.8359570540487766,2.865009941160679,0,74
final_hybrid,2026086381,0,3,-8.0,2.5,0,0,0,0,0,0,0,0.0,56,2.3819197418301234,2.7787996223196387,2.8763501904904842,0,112
final_hybrid,2026086381,1,3,-17.0,4.0,0,0,1,9,0,0,0,0.023255813953488372,43,2.331047297217125,2.8070970438420773,2.8168107382953167,0,86
final_hybrid,2026086381,2,3,35.0,1.0,1,0,0,0,0,0,0,0.05454545454545454,55,2.288844157010317,2.650268655270338,2.7656592428684235,0,110
final_hybrid,2026086381,3,3,-8.0,2.5,0,0,0,0,0,0,0,0.01818181818181818,55,2.296795729886402,2.73044197820127,2.7649858966469765,0,110
final_hybrid,2026086382,0,0,-19.0,4.0,0,0,1,11,0,0,0,0.0,41,2.4287189107115674,3.054399974644184,3.115598112344742,0,82
final_hybrid,2026086382,1,0,34.0,1.0,1,0,0,0,0,0,0,0.0,41,2.3590683505484242,2.895818091928959,2.941650804132223,0,82
final_hybrid,2026086382,2,0,-8.0,2.5,0,0,0,0,0,0,0,0.0,41,2.323517962018164,2.820274792611599,2.824078779667616,0,82
final_hybrid,2026086382,3,0,-8.0,2.5,0,0,0,0,0,0,0,0.024390243902439025,41,2.302072658317118,2.766834106296301,2.7973297983407974,0,82
final_hybrid,2026086383,0,1,-8.0,2.5,0,0,0,0,0,0,0,0.05555555555555555,54,2.359313096989084,2.750632795505225,2.9128710739314556,0,108
final_hybrid,2026086383,1,1,-8.0,2.5,0,0,0,0,0,0,0,0.0,45,2.332966588437557,2.8585905209183693,2.865504939109087,0,90
final_hybrid,2026086383,2,1,34.0,1.0,1,0,0,0,0,0,0,0.019230769230769232,52,2.3116275775604525,2.794122928753495,2.8478247113525867,0,104
final_hybrid,2026086383,3,1,44.0,1.0,1,0,0,0,0,0,0,0.037037037037037035,54,2.2949985383699336,2.7678990503773093,2.808873075991869,0,108
final_hybrid,2026086384,0,1,-8.0,2.5,0,0,0,0,0,0,0,0.030303030303030304,33,2.3419880025991886,2.7343250811100006,2.7576200664043427,0,66
final_hybrid,2026086384,1,1,-8.0,2.5,0,0,0,0,0,0,0,0.06060606060606061,33,2.3191528620593473,2.7613772079348564,2.8178892098367214,0,66
final_hybrid,2026086384,2,1,-18.0,4.0,0,0,1,10,0,0,0,0.030303030303030304,33,2.318225617548733,2.799036167562008,2.827045973390341,0,66
final_hybrid,2026086384,3,1,32.0,1.0,1,0,0,0,0,0,0,0.05405405405405406,37,2.2684364906839423,2.7441374957561493,2.8534322045743465,0,74
final_hybrid,2026086385,0,3,-19.0,4.0,0,0,1,11,0,0,0,0.03636363636363636,55,2.37332745031877,2.760622790083289,2.7934270910918713,0,110
final_hybrid,2026086385,1,3,33.0,1.0,1,0,0,0,0,0,0,0.06060606060606061,33,2.3024588343546246,2.7014996856451035,2.777290064841509,0,66
final_hybrid,2026086385,2,3,-24.0,3.0,0,0,0,0,0,0,0,0.0,73,2.3398691571432435,2.9117769561707973,2.9997280798852444,0,147
final_hybrid,2026086385,3,3,72.0,1.0,1,1,0,0,0,0,0,0.018518518518518517,54,2.2861015275810606,2.688444568775594,2.756113186478615,0,107
final_hybrid,2026086386,0,2,-8.0,2.5,0,0,0,0,0,0,0,0.0,44,2.372135069559921,2.7977606747299433,2.8158631175756454,0,89
final_hybrid,2026086386,1,2,34.0,1.0,1,0,0,0,0,0,0,0.029850746268656716,67,2.294587103455369,2.663011336699128,2.6755393482744694,0,135
final_hybrid,2026086386,2,2,-8.0,2.5,0,0,0,0,0,0,0,0.017543859649122806,57,2.289489426306988,2.7235765010118484,2.7353609912097454,0,113
final_hybrid,2026086386,3,2,-18.0,4.0,0,0,1,10,0,0,0,0.025,40,2.330503170378506,2.852462837472558,2.9462063685059547,0,81
final_hybrid,2026086387,0,1,54.0,1.0,1,1,0,0,0,0,0,0.041666666666666664,24,2.3504745913669467,2.7929161209613085,2.823042217642069,0,47
final_hybrid,2026086387,1,1,-18.0,3.0,0,0,0,0,0,0,0,0.08695652173913043,23,2.3117482095308928,2.7726173400878906,2.801306080073118,0,47
final_hybrid,2026086387,2,1,-18.0,3.0,0,0,0,0,0,0,0,0.0,23,2.337235775168823,2.8817325364798307,2.8946809470653534,0,47
final_hybrid,2026086387,3,1,-18.0,3.0,0,0,0,0,0,0,0,0.0,23,2.286437271243852,2.728180820122361,2.741983626037836,0,47
final_hybrid,2026086388,0,0,-8.0,2.5,0,0,0,0,0,0,0,0.0,41,2.4210935026952405,2.8862198814749718,3.260292112827301,0,82
final_hybrid,2026086388,1,0,46.0,1.0,1,0,0,0,0,0,0,0.024390243902439025,41,2.3734300942500917,2.8447690419852734,2.8813621029257774,0,82
final_hybrid,2026086388,2,0,-30.0,4.0,0,0,1,22,0,0,0,0.0,41,2.387773756664701,2.922161016613245,3.173429984599352,0,82
final_hybrid,2026086388,3,0,-8.0,2.5,0,0,0,0,0,0,0,0.024390243902439025,41,2.2818611185179978,2.758726943284273,2.7922680601477623,0,82
final_hybrid,2026086389,0,0,-8.0,2.5,0,0,0,0,0,0,0,0.05,20,2.3672632640227675,2.8371204854920506,2.851859200745821,0,40
final_hybrid,2026086389,1,0,48.0,1.0,1,0,0,0,0,0,0,0.0,20,2.334572095423937,2.8033317998051643,2.8262841515243053,0,40
final_hybrid,2026086389,2,0,-8.0,2.5,0,0,0,0,0,0,0,0.05,20,2.4807288544252515,2.929083583876493,5.7436628267169,0,40
final_hybrid,2026086389,3,0,-8.0,2.5,0,0,0,0,0,0,0,0.0,33,2.3586951252637487,2.9692724347114563,3.1856270506978035,0,66
final_hybrid,2026086390,0,2,-8.0,2.5,0,0,0,0,0,0,0,0.05263157894736842,38,2.383807514745154,2.8193833539262414,3.5456311888992786,0,76
final_hybrid,2026086390,1,2,-20.0,4.0,0,0,1,12,0,0,0,0.047619047619047616,42,2.415186780992718,2.8761194553226233,4.842984955757856,0,84
final_hybrid,2026086390,2,2,36.0,1.0,1,0,0,0,0,0,0,0.0,42,2.3009482039404765,2.7817295864224434,2.8351470828056335,0,84
final_hybrid,2026086390,3,2,-18.0,3.0,0,0,0,0,0,0,0,0.0,31,2.4125438423887378,3.056492656469345,4.073997959494591,0,63
final_hybrid,2026086391,0,1,-30.0,4.0,0,0,1,22,0,0,0,0.034482758620689655,29,2.6841002259531925,3.8832996040582652,3.9730160497128963,0,58
final_hybrid,2026086391,1,1,-8.0,2.5,0,0,0,0,0,0,0,0.08,25,2.391162607818842,2.763547096401453,4.738829098641872,0,50
final_hybrid,2026086391,2,1,-8.0,2.5,0,0,0,0,0,0,0,0.04,25,2.225343808531761,2.6183176785707474,2.6673171669244766,0,50
final_hybrid,2026086391,3,1,-8.0,2.5,0,0,0,0,0,0,0,0.04838709677419355,62,2.2440749340720716,2.602070057764649,2.750653773546219,0,124
final_hybrid,2026086392,0,2,-18.0,4.0,0,0,1,10,0,0,0,0.018518518518518517,54,2.4618613188741385,2.8026817366480814,6.512382999062538,0,108
final_hybrid,2026086392,1,2,-8.0,2.5,0,0,0,0,0,0,0,0.037037037037037035,54,2.417605991164843,3.265288169495754,4.341721069067717,0,108
final_hybrid,2026086392,2,2,-20.0,4.0,0,0,1,12,0,0,0,0.13043478260869565,23,2.4533377069494,2.733509661629796,5.4612779058516026,0,46
final_hybrid,2026086392,3,2,34.0,1.0,1,0,0,0,0,0,0,0.018518518518518517,54,2.442648815405038,3.4291845746338336,5.337651818990707,0,108
final_hybrid,2026086393,0,2,51.0,1.0,1,1,0,0,0,0,0,0.02040816326530612,49,2.3936017378404433,2.9380195774137974,3.247192595154047,0,97
final_hybrid,2026086393,1,2,-19.0,3.0,0,0,0,0,0,0,0,0.05357142857142857,56,2.295387551254992,2.7445097221061587,2.859890926629305,0,113
final_hybrid,2026086393,2,2,-23.0,3.0,0,0,0,0,0,0,0,0.0,48,2.3221989492109665,2.825746056623757,2.8986427932977676,0,97
final_hybrid,2026086393,3,2,-8.0,2.5,0,0,0,0,0,0,0,0.0,47,2.393639844624286,2.9210795648396015,5.329546052962542,0,94
final_hybrid,2026086394,0,0,-8.0,2.5,0,0,0,0,0,0,0,0.0,58,2.4460508761092505,2.8712056344375014,5.521839018911123,0,116
final_hybrid,2026086394,1,0,-8.0,2.5,0,0,0,0,0,0,0,0.014492753623188406,69,2.319527378278798,2.767547871917486,3.356343135237694,0,138
final_hybrid,2026086394,2,0,-8.0,2.5,0,0,0,0,0,0,0,0.012658227848101266,79,2.3700230271567273,2.7316434774547815,5.354562774300575,0,158
final_hybrid,2026086394,3,0,-8.0,2.5,0,0,0,0,0,0,0,0.012658227848101266,79,2.391226660413078,2.8505099937319756,5.481190979480743,0,158
final_hybrid,2026086395,0,2,-25.0,4.0,0,0,1,17,0,0,0,0.07894736842105263,38,2.3966554160180844,2.6453755097463723,5.16026234254241,0,76
final_hybrid,2026086395,1,2,-8.0,2.5,0,0,0,0,0,0,0,0.05263157894736842,38,2.2909036028738083,2.701366785913706,2.7531213127076626,0,76
final_hybrid,2026086395,2,2,-8.0,2.5,0,0,0,0,0,0,0,0.05555555555555555,36,2.42986683992462,2.7433595387265086,7.221457082778215,0,72
final_hybrid,2026086395,3,2,41.0,1.0,1,0,0,0,0,0,0,0.07894736842105263,38,2.253966026106163,2.617425052449107,2.737022005021572,0,76
final_hybrid,2026086396,0,0,-8.0,2.5,0,0,0,0,0,0,0,0.0,42,2.386771541621004,2.8431628132238984,2.875722013413906,0,84
final_hybrid,2026086396,1,0,-8.0,2.5,0,0,0,0,0,0,0,0.047619047619047616,42,2.347520696708844,2.6485604932531714,5.247646942734718,0,84
final_hybrid,2026086396,2,0,48.0,1.0,1,0,0,0,0,0,0,0.06451612903225806,31,2.40964496568326,2.8183176182210445,6.212650798261166,0,62
final_hybrid,2026086396,3,0,-19.0,3.0,0,0,0,0,0,0,0,0.05555555555555555,54,2.2900401079958237,2.7580456808209415,2.8307107277214527,0,109
final_hybrid,2026086397,0,1,-27.0,3.0,0,0,0,0,0,0,0,0.022222222222222223,45,2.3599414051406913,2.761104516685009,2.8063193894922733,0,91
final_hybrid,2026086397,1,1,-24.0,4.0,0,0,1,16,0,0,0,0.0,61,2.4469838034911233,3.025827929377556,5.500373896211386,0,122
final_hybrid,2026086397,2,1,-8.0,2.5,0,0,0,0,0,0,0,0.02631578947368421,38,2.2954307986717475,2.7782802702859044,2.82831396907568,0,76
final_hybrid,2026086397,3,1,36.0,1.0,1,0,0,0,0,0,0,0.02631578947368421,38,2.2815285912273744,2.732274914160371,2.745728939771652,0,76
final_hybrid,2026086398,0,1,-17.0,3.0,0,0,0,0,0,0,0,0.03571428571428571,28,2.359630606536354,2.757623395882547,2.796536311507225,0,57
final_hybrid,2026086398,1,1,-8.0,2.5,0,0,0,0,0,0,0,0.0,31,2.493523211488801,3.2484668772667646,6.598586216568947,0,62
final_hybrid,2026086398,2,1,32.0,1.0,1,0,0,0,0,0,0,0.06976744186046512,43,2.2424083679567937,2.593939984217286,2.739716786891222,0,86
final_hybrid,2026086398,3,1,-17.0,3.0,0,0,0,0,0,0,0,0.07142857142857142,28,2.2935047413089444,2.644506562501192,2.6815789751708508,0,57
final_hybrid,2026086399,0,0,-8.0,2.5,0,0,0,0,0,0,0,0.046875,64,2.3369888949673623,2.641428029164672,2.8078402392566204,0,129
final_hybrid,2026086399,1,0,-8.0,2.5,0,0,0,0,0,0,0,0.0,60,2.4790475610643625,3.0287805013358593,5.6275418028235435,0,120
final_hybrid,2026086399,2,0,-8.0,2.5,0,0,0,0,0,0,0,0.016666666666666666,60,2.332436564999322,2.8509097639471292,2.905311994254589,0,120
final_hybrid,2026086399,3,0,-25.0,3.0,0,0,0,0,0,0,0,0.030303030303030304,66,2.3304014113929234,2.6941628893837333,5.334951914846897,0,132
final_hybrid,2026086400,0,1,48.0,1.0,1,1,0,0,0,0,0,0.041666666666666664,48,2.4923973833210766,2.82150621060282,6.662831176072359,0,95
final_hybrid,2026086400,1,1,-8.0,2.5,0,0,0,0,0,0,0,0.03636363636363636,55,2.3169752549041402,2.736029587686062,2.962677739560604,0,110
final_hybrid,2026086400,2,1,-8.0,2.5,0,0,0,0,0,0,0,0.015151515151515152,66,2.3975645008525164,2.807990647852421,5.414327140897512,0,132
final_hybrid,2026086400,3,1,-16.0,4.0,0,0,1,8,0,0,0,0.07017543859649122,57,2.339879810614021,2.7816896326839924,5.965624004602432,0,114
final_hybrid,2026086401,0,1,51.0,1.0,1,1,0,0,0,0,0,0.030303030303030304,33,2.3747328245504336,2.866694889962673,2.91422288864851,0,65
final_hybrid,2026086401,1,1,-17.0,3.0,0,0,0,0,0,0,0,0.0,32,2.3470488231396303,2.8115699300542474,2.8820750303566456,0,65
final_hybrid,2026086401,2,1,-17.0,3.0,0,0,0,0,0,0,0,0.0,32,2.435501097352244,2.796410000883043,5.663029849529266,0,65
final_hybrid,2026086401,3,1,-17.0,3.0,0,0,0,0,0,0,0,0.0,32,2.315801553777419,2.8223009314388037,2.8331750072538853,0,65
final_hybrid,2026086402,0,2,-8.0,2.5,0,0,0,0,0,0,0,0.0,49,2.4607279908140094,2.8222924098372455,5.273144226521254,0,98
final_hybrid,2026086402,1,2,-8.0,2.5,0,0,0,0,0,0,0,0.0,25,2.341126147657633,2.833373937755823,2.852139063179493,0,50
final_hybrid,2026086402,2,2,-8.0,2.5,0,0,0,0,0,0,0,0.02040816326530612,49,2.3565987714243177,2.7992820367217064,4.818781744688749,0,98
final_hybrid,2026086402,3,2,-22.0,4.0,0,0,1,14,0,0,0,0.08,25,2.2810686007142067,2.6476784609258175,2.6495172642171383,0,50
final_hybrid,2026086403,0,3,34.0,1.0,1,0,0,0,0,0,0,0.03125,32,2.3860126093495637,2.767568756826222,2.81765079125762,0,64
final_hybrid,2026086403,1,3,-8.0,2.5,0,0,0,0,0,0,0,0.0,32,2.360320373554714,2.863337774761021,2.9145879670977592,0,64
final_hybrid,2026086403,2,3,-19.0,3.0,0,0,0,0,0,0,0,0.0,66,2.4820382170604938,2.7799863601103425,6.869974080473185,0,133
final_hybrid,2026086403,3,3,-8.0,2.5,0,0,0,0,0,0,0,0.03125,32,2.3029122094158083,2.7423616964370012,2.7598286978900433,0,64
final_hybrid,2026086404,0,2,-20.0,3.0,0,0,0,0,0,0,0,0.0,50,2.4646425619721413,2.8406953904777765,5.1462696865201,0,101
final_hybrid,2026086404,1,2,-8.0,2.5,0,0,0,0,0,0,0,0.038461538461538464,26,2.330578720340362,2.746708458289504,2.805071882903576,0,52
final_hybrid,2026086404,2,2,-19.0,4.0,0,0,1,11,0,0,0,0.046511627906976744,43,2.2662129621346327,2.665989613160491,2.709317021071911,0,86
final_hybrid,2026086404,3,2,60.0,1.0,1,1,0,0,0,0,0,0.0392156862745098,51,2.3338956594028892,2.860449953004718,4.386859945952892,0,101
final_hybrid,2026086405,0,1,-30.0,3.0,0,0,0,0,0,0,0,0.0,61,2.4813901419278053,2.896375022828579,5.577860400080681,0,123
final_hybrid,2026086405,1,1,-8.0,2.5,0,0,0,0,0,0,0,0.0,47,2.340498756855092,2.7423884253948927,3.1607812270522118,0,94
final_hybrid,2026086405,2,1,-33.0,3.0,0,0,0,0,0,0,0,0.03389830508474576,59,2.295515231661877,2.7717411052435637,2.7880086563527584,0,119
final_hybrid,2026086405,3,1,-33.0,3.0,0,0,0,0,0,0,0,0.07142857142857142,56,2.3843907318743214,2.644937951117754,5.456247832626104,0,113
final_hybrid,2026086406,0,1,-8.0,2.5,0,0,0,0,0,0,0,0.027777777777777776,72,2.433939668763843,2.7516943402588367,5.811573006212711,0,144
final_hybrid,2026086406,1,1,0.0,2.5,0,0,0,0,0,1,1,0.03409090909090909,88,2.3446179323152383,2.7992219664156437,4.5905448496341705,0,176
final_hybrid,2026086406,2,1,-19.0,4.0,0,0,1,11,0,0,0,0.013888888888888888,72,2.3579331593484514,2.950633363798261,3.521400038152933,0,144
final_hybrid,2026086406,3,1,37.0,1.0,1,0,0,0,0,0,0,0.0,57,2.3925342809474257,2.916029468178749,5.781822372227907,0,114
final_hybrid,2026086407,0,0,-18.0,4.0,0,0,1,10,0,0,0,0.047619047619047616,63,2.4044767524751407,2.808955777436495,6.097565405070782,0,126
final_hybrid,2026086407,1,0,-8.0,2.5,0,0,0,0,0,0,0,0.0,46,2.337198744973411,2.8089135885238647,2.893140073865652,0,92
final_hybrid,2026086407,2,0,-8.0,2.5,0,0,0,0,0,0,0,0.023809523809523808,42,2.3127816661837555,2.791421231813729,2.816377207636833,0,84
final_hybrid,2026086407,3,0,-8.0,2.5,0,0,0,0,0,0,0,0.0,56,2.3374297390026704,2.785568591207266,4.204013850539923,0,112
final_hybrid,2026086408,0,3,-21.0,3.0,0,0,0,0,0,0,0,0.0,24,2.3867740916709104,2.835285826586187,2.880726009607315,0,49
final_hybrid,2026086408,1,3,-21.0,3.0,0,0,0,0,0,0,0,0.08333333333333333,24,2.3023484585185847,2.6440702844411135,2.719283103942871,0,49
final_hybrid,2026086408,2,3,63.0,1.0,1,1,0,0,0,0,0,0.0,25,2.3342985659837723,2.94490996748209,3.0058720149099827,0,49
final_hybrid,2026086408,3,3,-21.0,3.0,0,0,0,0,0,0,0,0.041666666666666664,24,2.2965277118297913,2.816617372445762,2.8743119910359383,0,49
final_hybrid,2026086409,0,0,33.0,1.0,1,0,0,0,0,0,0,0.022727272727272728,44,2.3857507621869445,2.8601551661267877,2.89669306948781,0,88
final_hybrid,2026086409,1,0,-8.0,2.5,0,0,0,0,0,0,0,0.024390243902439025,41,2.33378823528566,2.8069992549717426,2.834569662809372,0,82
final_hybrid,2026086409,2,0,-8.0,2.5,0,0,0,0,0,0,0,0.029411764705882353,68,2.2973468294367194,2.737437025643885,2.7965856716036797,0,136
final_hybrid,2026086409,3,0,-8.0,2.5,0,0,0,0,0,0,0,0.0,44,2.30705561328002,2.8076413087546825,2.8597069904208183,0,88
final_hybrid,2026086410,0,0,36.0,1.0,1,0,0,0,0,0,0,0.02631578947368421,38,2.3319919985768043,2.6222889544442296,2.808826044201851,0,76
final_hybrid,2026086410,1,0,34.0,1.0,1,0,0,0,0,0,0,0.024390243902439025,41,2.3376100651192955,2.77880160138011,2.824855037033558,0,82
final_hybrid,2026086410,2,0,-8.0,2.5,0,0,0,0,0,0,0,0.05555555555555555,36,2.298420023483535,2.72767199203372,2.8935307636857033,0,72
final_hybrid,2026086410,3,0,-20.0,4.0,0,0,1,12,0,0,0,0.0,32,2.335653203772381,2.839668723754585,2.939081285148859,0,64
final_hybrid,2026086411,0,0,-8.0,2.5,0,0,0,0,0,0,0,0.0,25,2.4147473834455013,2.9067949391901493,2.9366188682615757,0,50
final_hybrid,2026086411,1,0,-8.0,2.5,0,0,0,0,0,0,0,0.03571428571428571,28,2.3070053762889335,2.7590431505814195,2.7811997570097446,0,56
final_hybrid,2026086411,2,0,-8.0,2.5,0,0,0,0,0,0,0,0.034482758620689655,29,2.2742003202438354,2.6718581095337868,2.7051307260990143,0,58
final_hybrid,2026086411,3,0,44.0,1.0,1,0,0,0,0,0,0,0.09523809523809523,21,2.271973860583135,2.670838963240385,2.686107996851206,0,42
final_hybrid,2026086412,0,0,-8.0,2.5,0,0,0,0,0,0,0,0.0,69,2.3899956646820772,2.8342997655272484,2.9069767333567142,0,138
final_hybrid,2026086412,1,0,0.0,2.5,0,0,0,0,0,1,1,0.011627906976744186,86,2.3394785767291175,2.795164822600782,2.8754868544638157,0,172
final_hybrid,2026086412,2,0,54.0,1.0,1,1,0,0,0,0,0,0.04285714285714286,70,2.2729823232761452,2.740429388359189,2.806954085826874,0,139
final_hybrid,2026086412,3,0,-8.0,2.5,0,0,0,0,0,0,0,0.0,69,2.370113533908042,2.975056879222393,3.76563286408782,0,138
final_hybrid,2026086413,0,0,0.0,2.5,0,0,0,0,0,1,1,0.0,87,2.4294591583739753,3.07843629270792,3.1483490020036697,0,174
final_hybrid,2026086413,1,0,-25.0,4.0,0,0,1,17,0,0,0,0.02702702702702703,74,2.299858087271049,2.6262795086950064,2.7438830584287643,0,148
final_hybrid,2026086413,2,0,40.0,1.0,1,0,0,0,0,0,0,0.0,48,2.334451477508992,2.863863529637456,2.8954423032701015,0,96
final_hybrid,2026086413,3,0,-8.0,2.5,0,0,0,0,0,0,0,0.0,61,2.376760333226841,2.9470985755324364,3.868645057082176,0,122
final_hybrid,2026086414,0,0,60.0,1.0,1,1,0,0,0,0,0,0.043478260869565216,46,2.3380524742052606,2.723109326325357,2.8580310754477978,0,91
final_hybrid,2026086414,1,0,48.0,1.0,1,1,0,0,0,0,0,0.023255813953488372,43,2.3536477237939835,2.8874458745121956,2.930163871496916,0,85
final_hybrid,2026086414,2,0,-18.0,3.0,0,0,0,0,0,0,0,0.0,68,2.3809099597308565,2.9215061105787754,4.589803051203489,0,137
final_hybrid,2026086414,3,0,10.0,2.0,0,0,0,0,0,0,0,0.0,70,2.397065483299749,2.918856334872544,4.002871923148632,1,141
final_hybrid,2026086415,0,3,34.0,1.0,1,0,0,0,0,0,0,0.025,40,2.3834860185161233,2.8320878511294723,2.862113993614912,0,80
final_hybrid,2026086415,1,3,-19.0,4.0,0,0,1,11,0,0,0,0.023809523809523808,42,2.3845965707940713,2.820107596926391,3.3967490307986736,0,84
final_hybrid,2026086415,2,3,0.0,2.5,0,0,0,0,0,1,1,0.011363636363636364,88,2.3894039543599566,2.8689535101875663,5.336372181773186,0,176
final_hybrid,2026086415,3,3,-18.0,4.0,0,0,1,10,0,0,0,0.025,40,2.3463475983589888,2.7483517536893483,4.670789930969477,0,80
final_hybrid,2026086416,0,2,-8.0,2.5,0,0,0,0,0,0,0,0.03636363636363636,55,2.3396250791847706,2.634846093133092,2.8940769843757153,0,110
final_hybrid,2026086416,1,2,-20.0,3.0,0,0,0,0,0,0,0,0.05,60,2.293052268214524,2.6282300939783454,2.7570542879402637,0,121
final_hybrid,2026086416,2,2,-18.0,3.0,0,0,0,0,0,0,0,0.03125,64,2.281534587382339,2.652908000163734,2.6882928796112537,0,129
final_hybrid,2026086416,3,2,-8.0,2.5,0,0,0,0,0,0,0,0.03076923076923077,65,2.298756380780385,2.8132103383541107,2.9138908721506596,0,130
final_hybrid,2026086417,0,1,-30.0,3.0,0,0,0,0,0,0,0,0.0,67,2.4227095114539807,2.9405502602458,2.998196054250002,0,135
final_hybrid,2026086417,1,1,36.0,1.0,1,0,0,0,0,0,0,0.01639344262295082,61,2.3404119505745467,2.7843350544571877,2.92111374437809,0,122
final_hybrid,2026086417,2,1,-30.0,3.0,0,0,0,0,0,0,0,0.029850746268656716,67,2.3462724135215605,2.7628552634269,4.964057821780443,0,135
final_hybrid,2026086417,3,1,43.0,1.0,1,0,0,0,0,0,0,0.058823529411764705,34,2.2915560779545237,2.819092571735382,2.852523699402809,0,68
final_hybrid,2026086418,0,0,-8.0,2.5,0,0,0,0,0,0,0,0.0,52,2.3821472154500394,2.8070506174117327,2.865860238671303,0,104
final_hybrid,2026086418,1,0,-8.0,2.5,0,0,0,0,0,0,0,0.018518518518518517,54,2.3231123298130654,2.748094964772463,2.8202440589666367,0,108
final_hybrid,2026086418,2,0,36.0,1.0,1,0,0,0,0,0,0,0.02702702702702703,37,2.3647006349386395,2.7449068613350387,5.236885976046324,0,74
final_hybrid,2026086418,3,0,-20.0,4.0,0,0,1,12,0,0,0,0.02702702702702703,37,2.3773748150749787,2.7700656093657012,4.7066910192370415,0,74
final_hybrid,2026086419,0,2,-18.0,4.0,0,0,1,10,0,0,0,0.0,25,2.3997454531490803,2.8328603133559227,2.846609801054001,0,50
final_hybrid,2026086419,1,2,-18.0,4.0,0,0,1,10,0,0,0,0.0392156862745098,51,2.3062400720721365,2.622172934934497,2.690165303647518,0,102
final_hybrid,2026086419,2,2,-8.0,2.5,0,0,0,0,0,0,0,0.0,51,2.300995338123803,2.740011550486088,2.7986071072518826,0,102
final_hybrid,2026086419,3,2,34.0,1.0,1,0,0,0,0,0,0,0.0,51,2.339141406849319,2.946301596239209,3.0025197193026543,0,102
final_hybrid,2026086420,0,2,-32.0,4.0,0,0,1,24,0,0,0,0.0,41,2.3861550385268724,2.7639931067824364,2.790396101772785,0,82
final_hybrid,2026086420,1,2,48.0,1.0,1,0,0,0,0,0,0,0.0,41,2.323749759120912,2.787153236567974,2.825872041285038,0,82
final_hybrid,2026086420,2,2,-33.0,3.0,0,0,0,0,0,0,0,0.0,49,2.334563603282583,2.8120425529778004,2.82544968649745,0,99
final_hybrid,2026086420,3,2,-8.0,2.5,0,0,0,0,0,0,0,0.0,41,2.3065112394894043,2.7831727638840675,2.853494603186846,0,82
final_hybrid,2026086421,0,1,-8.0,2.5,0,0,0,0,0,0,0,0.05263157894736842,38,2.361986406245514,2.739213523454964,2.8425571508705616,0,76
final_hybrid,2026086421,1,1,-20.0,4.0,0,0,1,12,0,0,0,0.0,45,2.357046099172698,2.8634337708353996,2.883812878280878,0,90
final_hybrid,2026086421,2,1,-8.0,2.5,0,0,0,0,0,0,0,0.05263157894736842,38,2.2720599203909697,2.6626785518601537,2.7904859744012356,0,76
final_hybrid,2026086421,3,1,36.0,1.0,1,0,0,0,0,0,0,0.0,38,2.3393977776561914,2.9844389762729406,3.0604377388954163,0,76
final_hybrid,2026086422,0,0,-8.0,2.5,0,0,0,0,0,0,0,0.06818181818181818,44,2.3483952549709515,2.662592916749418,2.783793956041336,0,88
final_hybrid,2026086422,1,0,36.0,1.0,1,0,0,0,0,0,0,0.023255813953488372,43,2.3474078625440598,2.856852626428008,2.907270099967718,0,86
final_hybrid,2026086422,2,0,-8.0,2.5,0,0,0,0,0,0,0,0.0,48,2.315131336217746,2.8282241197302938,2.855882979929447,0,96
final_hybrid,2026086422,3,0,-19.0,4.0,0,0,1,11,0,0,0,0.025,40,2.366353780962527,2.8155099600553513,4.879950080066919,0,80
final_hybrid,2026086423,0,2,-8.0,2.5,0,0,0,0,0,0,0,0.05,40,2.4365439894609153,2.6611614273861046,5.851035006344318,0,80
final_hybrid,2026086423,1,2,-17.0,4.0,0,0,1,9,0,0,0,0.07142857142857142,42,2.2880457164276216,2.647848124615848,2.681648824363947,0,84
final_hybrid,2026086423,2,2,33.0,1.0,1,0,0,0,0,0,0,0.023809523809523808,42,2.331971401526105,2.7297900523990393,4.2985170148313046,0,84
final_hybrid,2026086423,3,2,-8.0,2.5,0,0,0,0,0,0,0,0.023809523809523808,42,2.333048243253004,2.8652666369453073,2.9731951653957367,0,84
final_hybrid,2026086424,0,0,48.0,1.0,1,1,0,0,0,0,0,0.0,27,2.5739892282419734,4.456875938922165,5.768836010247469,0,53
final_hybrid,2026086424,1,0,-16.0,3.0,0,0,0,0,0,0,0,0.07692307692307693,26,2.4899899458082824,2.807784709148109,6.39335997402668,0,53
final_hybrid,2026086424,2,0,-16.0,3.0,0,0,0,0,0,0,0,0.041666666666666664,24,2.381559170316905,2.8021500445902348,4.5193396508693695,0,49
final_hybrid,2026086424,3,0,-16.0,3.0,0,0,0,0,0,0,0,0.0,26,2.4269614189576645,2.82905378844589,4.6799806877970695,0,53
final_hybrid,2026086425,0,1,-8.0,2.5,0,0,0,0,0,0,0,0.0,66,2.400160880025589,2.9126486042514443,2.9643960297107697,0,132
final_hybrid,2026086425,1,1,-17.0,4.0,0,0,1,9,0,0,0,0.014925373134328358,67,2.3215493576517745,2.729722810909152,2.7388758026063442,0,134
final_hybrid,2026086425,2,1,-8.0,2.5,0,0,0,0,0,0,0,0.043478260869565216,46,2.313393897012524,2.8313553193584085,2.886096015572548,0,92
final_hybrid,2026086425,3,1,-8.0,2.5,0,0,0,0,0,0,0,0.0,42,2.3940640412980603,2.914228499867022,4.3033394031226635,0,84
final_hybrid,2026086426,0,3,36.0,1.0,1,0,0,0,0,0,0,0.0,23,2.4988042271655537,2.8251062612980604,5.127253010869026,0,46
final_hybrid,2026086426,1,3,-8.0,2.5,0,0,0,0,0,0,0,0.043478260869565216,23,2.3050497124052565,2.6380343828350306,2.704890910536051,0,46
final_hybrid,2026086426,2,3,-20.0,4.0,0,0,1,12,0,0,0,0.0,23,2.5348116076834826,2.806421648710966,7.1518938057124615,0,46
final_hybrid,2026086426,3,3,-20.0,4.0,0,0,1,12,0,0,0,0.0,24,2.327091332214574,2.84244641661644,2.8685079887509346,0,48
final_hybrid,2026086427,0,3,-25.0,3.0,0,0,0,0,0,0,0,0.016129032258064516,62,2.4748568032537737,2.87438181694597,4.822798073291779,0,125
final_hybrid,2026086427,1,3,-25.0,3.0,0,0,0,0,0,0,0,0.0,62,2.38996900377735,2.9657264705747366,3.0100177973508835,0,125
final_hybrid,2026086427,2,3,75.0,1.0,1,1,0,0,0,0,0,0.031746031746031744,63,2.263428791174813,2.621735353022814,2.749625127762556,0,125
final_hybrid,2026086427,3,3,-25.0,3.0,0,0,0,0,0,0,0,0.0,62,2.3288959111537664,2.8300814563408494,2.986093983054161,0,125
final_hybrid,2026086428,0,3,-17.0,4.0,0,0,1,9,0,0,0,0.0,38,2.3969988044547406,2.8781607281416655,2.8931191191077232,0,76
final_hybrid,2026086428,1,3,-18.0,3.0,0,0,0,0,0,0,0,0.0196078431372549,51,2.319462223014995,2.7151782996952534,2.744303084909916,0,103
final_hybrid,2026086428,2,3,-16.0,3.0,0,0,0,0,0,0,0,0.029850746268656716,67,2.2755872194113125,2.5968759786337614,2.731307875365019,0,136
final_hybrid,2026086428,3,3,-18.0,3.0,0,0,0,0,0,0,0,0.058823529411764705,51,2.284990669246398,2.7414383366703987,2.840576693415642,0,103
final_hybrid,2026086429,0,1,48.0,1.0,1,0,0,0,0,0,0,0.0,72,2.3770235711708665,2.772991079837084,2.8165061958134174,0,144
final_hybrid,2026086429,1,1,34.0,1.0,1,0,0,0,0,0,0,0.017543859649122806,57,2.3159920646433245,2.748467866331339,2.759540919214487,0,114
final_hybrid,2026086429,2,1,-8.0,2.5,0,0,0,0,0,0,0,0.017241379310344827,58,2.304628916919745,2.7736236341297626,2.8730439953505993,0,116
final_hybrid,2026086429,3,1,0.0,2.5,0,0,0,0,0,1,0,0.0,85,2.317735541831045,2.8286559507250786,2.902938984334469,0,170
final_hybrid,2026086430,0,1,-8.0,2.5,0,0,0,0,0,0,0,0.0,67,2.378162948776092,2.8211960569024086,2.9664430767297745,0,134
final_hybrid,2026086430,1,1,-8.0,2.5,0,0,0,0,0,0,0,0.07692307692307693,52,2.2814638124635587,2.5856357300654054,2.6971627958118916,0,104
final_hybrid,2026086430,2,1,-8.0,2.5,0,0,0,0,0,0,0,0.038461538461538464,52,2.2931272934119287,2.80960644595325,2.8734272345900536,0,104
final_hybrid,2026086430,3,1,40.0,1.0,1,0,0,0,0,0,0,0.0,57,2.3401410302572083,2.9380128718912597,4.599529784172773,0,114
final_hybrid,2026086431,0,2,-17.0,4.0,0,0,1,9,0,0,0,0.038461538461538464,26,2.389650702333221,2.8259074315428734,2.862991765141487,0,52
final_hybrid,2026086431,1,2,-8.0,2.5,0,0,0,0,0,0,0,0.0,26,2.3837994354275556,2.6692213723436,5.116689018905163,0,52
final_hybrid,2026086431,2,2,-8.0,2.5,0,0,0,0,0,0,0,0.03508771929824561,57,2.3003194088998593,2.6309963315725327,4.605534020811319,0,114
final_hybrid,2026086431,3,2,-8.0,2.5,0,0,0,0,0,0,0,0.07407407407407407,27,2.2795239497941955,2.690511289983988,2.735620830208063,0,54
final_hybrid,2026086432,0,0,66.0,1.0,1,1,0,0,0,0,0,0.0,53,2.454360454993428,2.9467280954122543,5.725493188947439,0,105
final_hybrid,2026086432,1,0,34.0,1.0,1,0,0,0,0,0,0,0.046511627906976744,43,2.3598376076755136,2.7086521964520216,4.347649868577719,0,86
final_hybrid,2026086432,2,0,-22.0,3.0,0,0,0,0,0,0,0,0.038461538461538464,52,2.338265122559208,2.7061547618359327,5.469230003654957,0,105
final_hybrid,2026086432,3,0,-22.0,3.0,0,0,0,0,0,0,0,0.038461538461538464,52,2.2764560372497025,2.7171853929758067,2.850194927304983,0,105
final_hybrid,2026086433,0,3,-33.0,3.0,0,0,0,0,0,0,0,0.0,37,2.3615789801083706,2.801213227212429,2.8540450148284435,0,75
final_hybrid,2026086433,1,3,-33.0,3.0,0,0,0,0,0,0,0,0.0,38,2.326063873050244,2.7513185050338507,2.7768807485699654,0,77
final_hybrid,2026086433,2,3,48.0,1.0,1,0,0,0,0,0,0,0.0,34,2.2950513178811356,2.8007607208564878,2.8694351203739643,0,68
final_hybrid,2026086433,3,3,-33.0,3.0,0,0,0,0,0,0,0,0.05405405405405406,37,2.2554785592129103,2.6441769674420357,2.7764439582824707,0,75
final_hybrid,2026086434,0,1,-32.0,3.0,0,0,0,0,0,0,0,0.0,69,2.3912066944699357,2.833534963428974,2.909888979047537,0,139
final_hybrid,2026086434,1,1,38.0,1.0,1,0,0,0,0,0,0,0.015625,64,2.3228204663610086,2.755404799245298,2.768050879240036,0,128
final_hybrid,2026086434,2,1,-32.0,3.0,0,0,0,0,0,0,0,0.0,69,2.3507755924610123,2.8778514824807644,3.57468007132411,0,139
final_hybrid,2026086434,3,1,-32.0,3.0,0,0,0,0,0,0,0,0.014492753623188406,69,2.3081201547081918,2.794008608907461,2.9028221033513546,0,139
final_hybrid,2026086435,0,2,34.0,1.0,1,0,0,0,0,0,0,0.07407407407407407,27,2.3388612187570996,2.60233455337584,2.7778316289186478,0,54
final_hybrid,2026086435,1,2,-8.0,2.5,0,0,0,0,0,0,0,0.0,22,2.34579652632502,2.760074660181999,2.7783308178186417,0,44
final_hybrid,2026086435,2,2,-18.0,4.0,0,0,1,10,0,0,0,0.043478260869565216,23,2.2862503386062123,2.763075614348054,2.7698082849383354,0,46
final_hybrid,2026086435,3,2,-8.0,2.5,0,0,0,0,0,0,0,0.0,27,2.28965823987016,2.8802829328924417,2.9077441431581974,0,54
final_hybrid,2026086436,0,3,36.0,1.0,1,0,0,0,0,0,0,0.07317073170731707,41,2.3192676102242817,2.707161009311676,2.794258762151003,0,82
final_hybrid,2026086436,1,3,-8.0,2.5,0,0,0,0,0,0,0,0.0,41,2.319110012272509,2.7733268216252327,2.795860171318054,0,82
final_hybrid,2026086436,2,3,-8.0,2.5,0,0,0,0,0,0,0,0.07317073170731707,41,2.2640526067556404,2.621418796479702,2.656834200024605,0,82
final_hybrid,2026086436,3,3,-8.0,2.5,0,0,0,0,0,0,0,0.0,68,2.3819754338439774,2.94477844145149,4.609059076756239,0,137
final_hybrid,2026086437,0,3,34.0,1.0,1,0,0,0,0,0,0,0.04,25,2.3716933839023113,2.7818717062473297,2.7974480763077736,0,50
final_hybrid,2026086437,1,3,-8.0,2.5,0,0,0,0,0,0,0,0.0,61,2.408306022770092,2.9391730204224586,4.040420986711979,0,122
final_hybrid,2026086437,2,3,-8.0,2.5,0,0,0,0,0,0,0,0.0,61,2.3271198094379706,2.829840872436762,3.0214074067771435,0,122
final_hybrid,2026086437,3,3,-8.0,2.5,0,0,0,0,0,0,0,0.0,28,2.283045506503965,2.888633660040796,2.9939343221485615,0,56
final_hybrid,2026086438,0,3,-8.0,2.5,0,0,0,0,0,0,0,0.012658227848101266,79,2.3876288846795317,2.8584550134837627,2.9396172612905502,0,158
final_hybrid,2026086438,1,3,-18.0,4.0,0,0,1,10,0,0,0,0.0,26,2.3539398367015214,2.809825004078448,2.8950837440788746,0,52
final_hybrid,2026086438,2,3,32.0,1.0,1,0,0,0,0,0,0,0.041666666666666664,24,2.3489036636116603,2.879886981099844,2.9222960583865643,0,48
final_hybrid,2026086438,3,3,-8.0,2.5,0,0,0,0,0,0,0,0.0,52,2.340342545022185,2.8767289593815804,2.9246569611132145,0,104
final_hybrid,2026086439,0,3,69.0,1.0,1,1,0,0,0,0,0,0.038461538461538464,52,2.3171646305574822,2.6537913596257563,2.8821900486946106,0,103
final_hybrid,2026086439,1,3,-17.0,4.0,0,0,1,9,0,0,0,0.0,56,2.5253974932378958,3.457395709119737,4.173850174993277,0,112
final_hybrid,2026086439,2,3,-23.0,3.0,0,0,0,0,0,0,0,0.0196078431372549,51,2.310790906788087,2.7686599642038345,2.783970907330513,0,103
final_hybrid,2026086439,3,3,-23.0,3.0,0,0,0,0,0,0,0,0.0,51,2.36332703235687,2.791028004139662,5.092979874461889,0,103
final_hybrid,2026086440,0,1,-8.0,2.5,0,0,0,0,0,0,0,0.0273972602739726,73,2.4620256106024736,2.8639975003898144,6.27368688583374,0,146
final_hybrid,2026086440,1,1,-8.0,2.5,0,0,0,0,0,0,0,0.0,38,2.3406949874601866,2.978654229082167,3.0628028325736523,0,76
final_hybrid,2026086440,2,1,-19.0,3.0,0,0,0,0,0,0,0,0.058823529411764705,51,2.278533946795791,2.7248638216406107,3.1168973073363304,0,103
final_hybrid,2026086440,3,1,-19.0,3.0,0,0,0,0,0,0,0,0.01639344262295082,61,2.307820385780002,2.747730817645788,2.7942992746829987,0,123
final_hybrid,2026086441,0,2,-22.0,3.0,0,0,0,0,0,0,0,0.03409090909090909,88,2.327177287291058,2.5827021803706884,2.834593877196312,0,177
final_hybrid,2026086441,1,2,-20.0,3.0,0,0,0,0,0,0,0,0.024691358024691357,81,2.305370278334544,2.6740492321550846,2.823161892592907,0,163
final_hybrid,2026086441,2,2,-8.0,2.5,0,0,0,0,0,0,0,0.0,73,2.3619198202066225,3.05541455745697,3.086413722485304,0,146
final_hybrid,2026086441,3,2,0.0,2.5,0,0,0,0,0,1,1,0.0,88,2.315090344795449,2.8367361985147,2.922352869063616,0,176
final_hybrid,2026086442,0,0,66.0,1.0,1,1,0,0,0,0,0,0.0,80,2.450368640711531,3.027727152220905,4.261136054992676,0,159
final_hybrid,2026086442,1,0,-8.0,2.5,0,0,0,0,0,0,0,0.045454545454545456,66,2.2908225514446245,2.680735429748893,2.781582996249199,0,132
final_hybrid,2026086442,2,0,35.0,1.0,1,0,0,0,0,0,0,0.041666666666666664,72,2.2559548378922045,2.6253414107486606,2.713144291192293,0,144
final_hybrid,2026086442,3,0,36.0,1.0,1,0,0,0,0,0,0,0.09090909090909091,55,2.2486246444962243,2.606024080887437,2.779316157102585,0,110
final_hybrid,2026086443,0,2,35.0,1.0,1,0,0,0,0,0,0,0.0,40,2.3692079354077578,2.7974745724350214,2.868643030524254,0,80
final_hybrid,2026086443,1,2,-16.0,3.0,0,0,0,0,0,0,0,0.0,56,2.352131688634732,2.880322397686541,2.943919040262699,0,113
final_hybrid,2026086443,2,2,34.0,1.0,1,0,0,0,0,0,0,0.021739130434782608,46,2.298687534082843,2.8136991895735264,2.831523772329092,0,92
final_hybrid,2026086443,3,2,-17.0,4.0,0,0,1,9,0,0,0,0.0,44,2.3318118923767046,2.8978527756407857,2.935743425041437,0,88
final_hybrid,2026086444,0,3,-8.0,2.5,0,0,0,0,0,0,0,0.016666666666666666,60,2.408799777428309,2.9784544836729765,3.07090999558568,0,120
final_hybrid,2026086444,1,3,-8.0,2.5,0,0,0,0,0,0,0,0.0136986301369863,73,2.324771499643995,2.796938829123974,2.8784689493477345,0,146
final_hybrid,2026086444,2,3,36.0,1.0,1,0,0,0,0,0,0,0.0625,32,2.2834966075606644,2.7590307407081127,2.8143301606178284,0,64
final_hybrid,2026086444,3,3,54.0,1.0,1,1,0,0,0,0,0,0.05263157894736842,38,2.2578825316342868,2.639746735803783,3.0058310367166996,0,75
final_hybrid,2026086445,0,0,-18.0,3.0,0,0,0,0,0,0,0,0.0967741935483871,31,2.394329831604996,2.715932670980692,3.1953942961990833,0,63
final_hybrid,2026086445,1,0,-20.0,4.0,0,0,1,12,0,0,0,0.0625,32,2.346556808333844,2.7011547470465302,2.7425959706306458,0,64
final_hybrid,2026086445,2,0,36.0,1.0,1,0,0,0,0,0,0,0.0,31,2.349168678084689,2.8870676178485155,2.9158839024603367,0,62
final_hybrid,2026086445,3,0,-18.0,3.0,0,0,0,0,0,0,0,0.0,31,2.3954453157080757,3.1895404681563377,3.4916079603135586,0,63
final_hybrid,2026086446,0,1,0.0,2.5,0,0,0,0,0,1,0,0.02247191011235955,89,2.4031453263642413,2.780219539999962,3.3126967027783394,0,178
final_hybrid,2026086446,1,1,-18.0,3.0,0,0,0,0,0,0,0,0.018518518518518517,54,2.4459175679280802,3.2606130000203843,3.462393768131733,0,109
final_hybrid,2026086446,2,1,33.0,1.0,1,0,0,0,0,0,0,0.03571428571428571,56,2.296029224193522,2.657373668625951,2.7187038213014603,0,112
final_hybrid,2026086446,3,1,-8.0,2.5,0,0,0,0,0,0,0,0.0,52,2.315095787008221,2.825773600488901,2.856058068573475,0,104
final_hybrid,2026086447,0,3,-17.0,3.0,0,0,0,0,0,0,0,0.05405405405405406,37,2.4666091603403157,2.996730618178841,4.014522302895784,0,75
final_hybrid,2026086447,1,3,-8.0,2.5,0,0,0,0,0,0,0,0.02531645569620253,79,2.3845326084690757,2.8148646466433997,4.628591705113649,0,158
final_hybrid,2026086447,2,3,35.0,1.0,1,0,0,0,0,0,0,0.03896103896103896,77,2.292961783271718,2.7890538796782494,2.9090167954564095,0,154
final_hybrid,2026086447,3,3,0.0,2.5,0,0,0,0,0,1,0,0.023809523809523808,84,2.385783807507583,2.8424986405298114,4.429764114320278,0,168
final_hybrid,2026086448,0,1,-8.0,2.5,0,0,0,0,0,0,0,0.031746031746031744,63,2.376626046108348,2.7852301485836506,3.5715890116989613,0,126
final_hybrid,2026086448,1,1,-27.0,4.0,0,0,1,19,0,0,0,0.0,67,2.345900252850643,2.885126881301403,2.9341038316488266,0,134
final_hybrid,2026086448,2,1,-37.0,3.0,0,0,0,0,0,0,0,0.014285714285714285,70,2.313483426613467,2.7250063372775912,4.544133320450783,0,141
final_hybrid,2026086448,3,1,81.0,1.0,1,1,0,0,0,0,0,0.023809523809523808,42,2.3953468272728577,2.8439025627449155,5.336332600563765,0,83
final_hybrid,2026086449,0,3,-26.0,4.0,0,0,1,18,0,0,0,0.0,60,2.4214670450116196,2.977150143124163,3.1057088635861874,0,120
final_hybrid,2026086449,1,3,-8.0,2.5,0,0,0,0,0,0,0,0.0,81,2.344275025627863,2.877029124647379,2.940758131444454,0,162
final_hybrid,2026086449,2,3,0.0,2.5,0,0,0,0,0,1,1,0.036585365853658534,82,2.2576149814285156,2.6870789937675,2.719386015087366,0,164
final_hybrid,2026086449,3,3,-8.0,2.5,0,0,0,0,0,0,0,0.0,80,2.4486817710567266,2.974849077872932,6.494138855487108,0,160
final_hybrid,2026086450,0,3,54.0,1.0,1,1,0,0,0,0,0,0.03333333333333333,30,2.410194448505839,2.8666441794484854,3.9547719061374664,0,59
final_hybrid,2026086450,1,3,-18.0,3.0,0,0,0,0,0,0,0,0.0,29,2.334156715921287,2.860567532479763,2.899602986872196,0,59
final_hybrid,2026086450,2,3,-18.0,3.0,0,0,0,0,0,0,0,0.034482758620689655,29,2.3632099659278474,2.715583425015211,4.564069211483002,0,59
final_hybrid,2026086450,3,3,-18.0,3.0,0,0,0,0,0,0,0,0.0,29,2.3210071316310046,2.874844055622816,2.878484781831503,0,59
final_hybrid,2026086451,0,3,-26.0,3.0,0,0,0,0,0,0,0,0.02631578947368421,38,2.3470503572178516,2.6791272219270468,2.837770152837038,0,77
final_hybrid,2026086451,1,3,-19.0,4.0,0,0,1,11,0,0,0,0.034482758620689655,29,2.322711917603838,2.7874963358044624,3.125052899122238,0,58
final_hybrid,2026086451,2,3,-8.0,2.5,0,0,0,0,0,0,0,0.06896551724137931,29,2.70000711918391,3.87338800355792,5.438218824565411,0,58
final_hybrid,2026086451,3,3,-8.0,2.5,0,0,0,0,0,0,0,0.0,29,2.283086823620673,2.7380545623600483,2.752771135419607,0,58
final_hybrid,2026086452,0,0,-17.0,4.0,0,0,1,9,0,0,0,0.10344827586206896,29,2.42654658083258,2.7105499990284443,4.7668167389929295,0,58
final_hybrid,2026086452,1,0,-8.0,2.5,0,0,0,0,0,0,0,0.0,29,2.5971236092777086,4.149629641324277,6.857213098555803,0,58
final_hybrid,2026086452,2,0,48.0,1.0,1,0,0,0,0,0,0,0.05263157894736842,19,2.305389553504555,2.7427776716649532,2.7828901074826717,0,38
final_hybrid,2026086452,3,0,-8.0,2.5,0,0,0,0,0,0,0,0.0,29,2.3057299730335843,2.869645319879055,2.897628117352724,0,58
final_hybrid,2026086453,0,0,35.0,1.0,1,0,0,0,0,0,0,0.01639344262295082,61,2.4403848792197276,2.8086197562515736,6.014155223965645,0,122
final_hybrid,2026086453,1,0,-16.0,4.0,0,0,1,8,0,0,0,0.04878048780487805,41,2.3337744358109265,2.831545192748308,3.0144969932734966,0,82
final_hybrid,2026086453,2,0,-8.0,2.5,0,0,0,0,0,0,0,0.0,61,2.4311206700494057,3.0681611970067024,5.7394541800022125,0,122
final_hybrid,2026086453,3,0,-19.0,4.0,0,0,1,11,0,0,0,0.03773584905660377,53,2.2726064319458774,2.637997455894947,2.678516786545515,0,106
final_hybrid,2026086454,0,2,32.0,1.0,1,0,0,0,0,0,0,0.05,60,2.3976241083194814,2.7074542827904224,5.058421287685633,0,119
final_hybrid,2026086454,1,2,-8.0,2.5,0,0,0,0,0,0,0,0.0,78,2.4408926136600666,2.90542037691921,5.9172916226089,0,157
final_hybrid,2026086454,2,2,-8.0,2.5,0,0,0,0,0,0,0,0.023255813953488372,43,2.400790362857109,2.943725325167179,4.974571987986565,0,87
final_hybrid,2026086454,3,2,-8.0,2.5,0,0,0,0,0,0,0,0.046511627906976744,43,2.2757259349143784,2.677751053124666,2.7291937731206417,0,87
final_hybrid,2026086455,0,2,43.0,1.0,1,0,0,0,0,0,0,0.07692307692307693,39,2.34257927737557,2.641768380999565,2.8808708302676678,0,78
final_hybrid,2026086455,1,2,-8.0,2.5,0,0,0,0,0,0,0,0.02564102564102564,39,2.43298584022201,2.8224516194313765,5.587036721408367,0,78
final_hybrid,2026086455,2,2,-8.0,2.5,0,0,0,0,0,0,0,0.0,39,2.367922248175511,2.880636230111122,3.363997209817171,0,78
final_hybrid,2026086455,3,2,-27.0,4.0,0,0,1,19,0,0,0,0.02564102564102564,39,2.2866336676554804,2.7072403579950333,2.726753242313862,0,78
final_hybrid,2026086456,0,3,-8.0,2.5,0,0,0,0,0,0,0,0.0,36,2.4723565956163736,2.930902875959873,4.6921782195568085,0,72
final_hybrid,2026086456,1,3,-8.0,2.5,0,0,0,0,0,0,0,0.027777777777777776,36,2.393720102392965,2.786758355796337,5.220218561589718,0,72
final_hybrid,2026086456,2,3,35.0,1.0,1,0,0,0,0,0,0,0.027777777777777776,36,2.385323647306197,2.8895913856104016,4.701359197497368,0,72
final_hybrid,2026086456,3,3,-19.0,4.0,0,0,1,11,0,0,0,0.0,36,2.3145616804766984,2.7861202834174037,2.873252145946026,0,72
final_hybrid,2026086457,0,0,0.0,2.5,0,0,0,0,0,1,0,0.011111111111111112,90,2.4643852478928037,2.8221216052770615,6.618380080908537,0,180
final_hybrid,2026086457,1,0,-24.0,4.0,0,0,1,16,0,0,0,0.014285714285714285,70,2.3415439229990755,2.777501125819981,2.8450232930481434,0,140
final_hybrid,2026086457,2,0,40.0,1.0,1,0,0,0,0,0,0,0.05714285714285714,70,2.3622270141329085,2.6962159434333444,6.092234048992395,0,140
final_hybrid,2026086457,3,0,-8.0,2.5,0,0,0,0,0,0,0,0.04285714285714286,70,2.328284856464182,2.620769548229873,4.876689985394478,0,140
final_hybrid,2026086458,0,0,-17.0,4.0,0,0,1,9,0,0,0,0.05357142857142857,56,2.351619502795594,2.770363469608128,3.355048131197691,0,112
final_hybrid,2026086458,1,0,48.0,1.0,1,1,0,0,0,0,0,0.05405405405405406,37,2.3384678706124022,2.7884136885404582,3.821101039648056,0,73
final_hybrid,2026086458,2,0,10.0,2.0,0,0,0,0,0,0,0,0.0,50,2.445562267675996,2.8611467452719808,5.1761819049716,1,101
final_hybrid,2026086458,3,0,35.0,1.0,1,0,0,0,0,0,0,0.02,50,2.3410064168274403,2.8652022359892726,3.345188219100237,0,100
final_hybrid,2026086459,0,1,32.0,1.0,1,0,0,0,0,0,0,0.031746031746031744,63,2.3611076545738983,2.7740287128835917,2.8312611393630505,0,126
final_hybrid,2026086459,1,1,-16.0,4.0,0,0,1,8,0,0,0,0.0,61,2.3753565858255645,2.9131444171071053,3.042193129658699,0,122
final_hybrid,2026086459,2,1,-8.0,2.5,0,0,0,0,0,0,0,0.014705882352941176,68,2.3377972846741186,2.9077366227284074,2.964557148516178,0,136
final_hybrid,2026086459,3,1,-16.0,4.0,0,0,1,8,0,0,0,0.02857142857142857,70,2.2721074920679842,2.572316024452448,2.74442695081234,0,140
final_hybrid,2026086460,0,1,40.0,1.0,1,0,0,0,0,0,0,0.057692307692307696,52,2.307612395200592,2.5761641561985016,2.8058672323822975,0,104
final_hybrid,2026086460,1,1,-30.0,4.0,0,0,0,0,0,0,0,0.061224489795918366,49,2.321377938271177,2.7076416648924346,2.8158617205917835,1,97
final_hybrid,2026086460,2,1,-26.0,3.0,0,0,0,0,0,0,0,0.028169014084507043,71,2.339716410448014,2.7683256193995476,3.249696921557188,0,142
final_hybrid,2026086460,3,1,-26.0,3.0,0,0,0,0,0,0,0,0.014285714285714285,70,2.321516309997865,2.8396955458447337,2.903532236814499,0,142
final_hybrid,2026086461,0,2,32.0,1.0,1,0,0,0,0,0,0,0.03636363636363636,55,2.3907225494357673,2.7342038694769144,4.096760880202055,0,110
final_hybrid,2026086461,1,2,-16.0,4.0,0,0,1,8,0,0,0,0.057692307692307696,52,2.293455136868243,2.613159012980759,2.649548929184675,0,104
final_hybrid,2026086461,2,2,-26.0,3.0,0,0,0,0,0,0,0,0.03773584905660377,53,2.30904235416707,2.597332466393709,3.7796269170939922,0,107
final_hybrid,2026086461,3,2,72.0,1.0,1,1,0,0,0,0,0,0.031746031746031744,63,2.272177857184221,2.7630763594061136,2.8063287027180195,0,125
final_hybrid,2026086462,0,1,-8.0,2.5,0,0,0,0,0,0,0,0.034482758620689655,58,2.3619514360124696,2.696254663169384,3.1170672737061977,0,116
final_hybrid,2026086462,1,1,36.0,1.0,1,0,0,0,0,0,0,0.024691358024691357,81,2.339411250970982,2.7870722115039825,3.1333467923104763,0,162
final_hybrid,2026086462,2,1,32.0,1.0,1,0,0,0,0,0,0,0.023529411764705882,85,2.337836490615326,2.8178777545690536,3.4704357385635376,0,170
final_hybrid,2026086462,3,1,-8.0,2.5,0,0,0,0,0,0,0,0.0,71,2.3513787727750524,2.8710179030895233,4.4842492789030075,0,142
final_hybrid,2026086463,0,1,0.0,2.5,0,0,0,0,0,1,1,0.012345679012345678,81,2.413350329906852,2.7727088890969753,4.177218768745661,0,163
final_hybrid,2026086463,1,1,99.0,1.0,1,1,0,0,0,0,0,0.0,81,2.3534943602611254,2.8149462305009365,2.843987662345171,0,162
final_hybrid,2026086463,2,1,0.0,2.5,0,0,0,0,0,1,1,0.037037037037037035,81,2.321718674567011,2.6635443791747093,4.434953909367323,0,163
final_hybrid,2026086463,3,1,0.0,2.5,0,0,0,0,0,1,0,0.012195121951219513,82,2.372196813045842,2.9816161142662168,3.408388700336218,0,163
final_hybrid,2026086464,0,1,44.0,1.0,1,0,0,0,0,0,0,0.013157894736842105,76,2.392321040755824,2.7569353114813566,3.954977262765169,0,152
final_hybrid,2026086464,1,1,34.0,1.0,1,0,0,0,0,0,0,0.0,43,2.36751570171395,2.9183704871684313,3.111670259386301,0,86
final_hybrid,2026086464,2,1,-8.0,2.5,0,0,0,0,0,0,0,0.036585365853658534,82,2.2945333465297773,2.6686193188652396,2.6864553801715374,0,164
final_hybrid,2026086464,3,1,0.0,2.5,0,0,0,0,0,1,1,0.023529411764705882,85,2.2831113570753265,2.6706919074058533,2.7416497468948364,0,170
final_hybrid,2026086465,0,0,-8.0,2.5,0,0,0,0,0,0,0,0.03125,32,2.3692573158768937,2.736763027496636,2.8363470919430256,0,64
final_hybrid,2026086465,1,0,10.0,2.0,0,0,0,0,0,0,0,0.0,69,2.389623371857232,2.937138080596924,3.471720963716507,1,139
final_hybrid,2026086465,2,0,-30.0,4.0,0,0,0,0,0,0,0,0.04285714285714286,70,2.2823164904756204,2.7484873309731483,2.8036870062351227,1,139
final_hybrid,2026086465,3,0,-24.0,3.0,0,0,0,0,0,0,0,0.0,81,2.3525690452920065,2.9045548290014267,3.2534529455006123,0,163
final_hybrid,2026086466,0,3,-30.0,3.0,0,0,0,0,0,0,0,0.0392156862745098,51,2.3669308215817986,2.780396956950426,3.1211297027766705,0,103
final_hybrid,2026086466,1,3,-8.0,2.5,0,0,0,0,0,0,0,0.06060606060606061,33,2.30577245185321,2.7081762440502644,2.780947834253311,0,66
final_hybrid,2026086466,2,3,90.0,1.0,1,1,0,0,0,0,0,0.019230769230769232,52,2.310528957213347,2.7688200352713466,2.7960902079939842,0,103
final_hybrid,2026086466,3,3,-30.0,3.0,0,0,0,0,0,0,0,0.0,51,2.441198893767946,2.860110253095627,7.378445938229561,0,103
final_hybrid,2026086467,0,3,-8.0,2.5,0,0,0,0,0,0,0,0.014925373134328358,67,2.3887106981962476,2.7969812508672476,3.220986109226942,0,134
final_hybrid,2026086467,1,3,-19.0,4.0,0,0,1,11,0,0,0,0.07692307692307693,65,2.3007289649775395,2.650752291083336,2.7701188810169697,0,130
final_hybrid,2026086467,2,3,-24.0,4.0,0,0,1,16,0,0,0,0.015151515151515152,66,2.3066747623185315,2.696581417694688,2.810274250805378,0,132
final_hybrid,2026086467,3,3,48.0,1.0,1,0,0,0,0,0,0,0.0,68,2.329665907275151,2.8911294881254435,3.0019842088222504,0,136
final_hybrid,2026086468,0,3,-8.0,2.5,0,0,0,0,0,0,0,0.015625,64,2.3640471845283173,2.7567770797759295,2.8681978583335876,0,128
final_hybrid,2026086468,1,3,-35.0,3.0,0,0,0,0,0,0,0,0.017241379310344827,58,2.3753081833751035,2.813726430758834,3.5615619271993637,0,117
final_hybrid,2026086468,2,3,105.0,1.0,1,1,0,0,0,0,0,0.01694915254237288,59,2.3628923947275697,2.851015282794833,3.8848398253321648,0,117
final_hybrid,2026086468,3,3,-8.0,2.5,0,0,0,0,0,0,0,0.044444444444444446,45,2.2889273034201727,2.6337354443967342,2.707315608859062,0,90
final_hybrid,2026086469,0,1,-8.0,2.5,0,0,0,0,0,0,0,0.0,48,2.4687922947729626,2.958193514496088,5.109158810228109,0,96
final_hybrid,2026086469,1,1,-8.0,2.5,0,0,0,0,0,0,0,0.0625,48,2.3415437899529934,2.5797755923122168,5.630495958030224,0,96
final_hybrid,2026086469,2,1,-8.0,2.5,0,0,0,0,0,0,0,0.03636363636363636,55,2.302854872224006,2.759307250380516,3.0237133614718914,0,110
final_hybrid,2026086469,3,1,34.0,1.0,1,0,0,0,0,0,0,0.0,48,2.4288859470592192,3.0139223439618945,5.581283941864967,0,96
final_hybrid,2026086470,0,3,-19.0,3.0,0,0,0,0,0,0,0,0.0,62,2.4614970259849103,2.9436734039336443,4.451991990208626,0,125
final_hybrid,2026086470,1,3,33.0,1.0,1,0,0,0,0,0,0,0.0,26,2.372007852850052,2.911940449848771,3.0364161357283592,0,52
final_hybrid,2026086470,2,3,-8.0,2.5,0,0,0,0,0,0,0,0.0,60,2.389883544916908,2.992621553130448,3.7299031391739845,0,120
final_hybrid,2026086470,3,3,-8.0,2.5,0,0,0,0,0,0,0,0.02702702702702703,37,2.298123064778141,2.8239864856004715,2.859613858163357,0,74
final_hybrid,2026086471,0,2,-8.0,2.5,0,0,0,0,0,0,0,0.0,34,2.4381921599235605,2.800298505462706,4.390179179608822,0,68
final_hybrid,2026086471,1,2,-8.0,2.5,0,0,0,0,0,0,0,0.0,40,2.3788965423591435,2.977917157113552,2.998985815793276,0,80
final_hybrid,2026086471,2,2,36.0,1.0,1,0,0,0,0,0,0,0.0,68,2.362487344619106,2.9619105625897646,3.01929609850049,0,136
final_hybrid,2026086471,3,2,37.0,1.0,1,0,0,0,0,0,0,0.029411764705882353,34,2.3388584445723715,2.887848881073296,2.907360903918743,0,68
final_hybrid,2026086472,0,1,38.0,1.0,1,0,0,0,0,0,0,0.10344827586206896,29,2.340835743936999,2.640185970813036,2.863509114831686,0,58
final_hybrid,2026086472,1,1,32.0,1.0,1,0,0,0,0,0,0,0.023255813953488372,43,2.382718124102021,2.958467463031411,2.994674723595381,0,86
final_hybrid,2026086472,2,1,-22.0,4.0,0,0,1,14,0,0,0,0.04081632653061224,49,2.3360906872062053,2.787146531045437,2.845838200300932,0,98
final_hybrid,2026086472,3,1,-8.0,2.5,0,0,0,0,0,0,0,0.0,33,2.3176175062403535,2.868773974478245,2.8878608718514442,0,66
final_hybrid,2026086473,0,3,-8.0,2.5,0,0,0,0,0,0,0,0.02564102564102564,39,2.3765785452456045,2.785547822713852,2.8950022533535957,0,78
final_hybrid,2026086473,1,3,-17.0,3.0,0,0,0,0,0,0,0,0.02702702702702703,37,2.3120861198451066,2.725854143500328,2.7820044197142124,0,75
final_hybrid,2026086473,2,3,-8.0,2.5,0,0,0,0,0,0,0,0.04,25,2.2884902730584145,2.769880648702383,2.780343871563673,0,50
final_hybrid,2026086473,3,3,-20.0,4.0,0,0,1,12,0,0,0,0.03125,32,2.2707690222887322,2.740911883302033,2.7975672855973244,0,64
final_hybrid,2026086474,0,0,-8.0,2.5,0,0,0,0,0,0,0,0.018867924528301886,53,2.3986087268534697,2.9289525002241135,2.985117956995964,0,106
final_hybrid,2026086474,1,0,-16.0,4.0,0,0,1,8,0,0,0,0.025,40,2.3045179899781942,2.750820736400783,2.777690067887306,0,80
final_hybrid,2026086474,2,0,-16.0,4.0,0,0,1,8,0,0,0,0.03508771929824561,57,2.302961546535555,2.7852319180965424,2.8614108450710773,0,114
final_hybrid,2026086474,3,0,32.0,1.0,1,0,0,0,0,0,0,0.029411764705882353,68,2.2855925592867767,2.6919402182102203,2.741157077252865,0,136
final_hybrid,2026086475,0,0,-20.0,3.0,0,0,0,0,0,0,0,0.03125,64,2.3198949711513706,2.605004026554525,2.8040381148457527,0,129
final_hybrid,2026086475,1,0,-19.0,3.0,0,0,0,0,0,0,0,0.0,67,2.356073019831483,2.834495948627591,2.8839269652962685,0,135
final_hybrid,2026086475,2,0,72.0,1.0,1,1,0,0,0,0,0,0.030303030303030304,66,2.2718213202262465,2.6837129844352603,2.831770107150078,0,131
final_hybrid,2026086475,3,0,-8.0,2.5,0,0,0,0,0,0,0,0.013333333333333334,75,2.2867288440465927,2.7739062905311584,2.8128698468208313,0,150
final_hybrid,2026086476,0,1,-23.0,4.0,0,0,1,15,0,0,0,0.0,37,2.3556749613301173,2.8165443800389762,2.9502040706574917,0,74
final_hybrid,2026086476,1,1,39.0,1.0,1,0,0,0,0,0,0,0.08108108108108109,37,2.2807313078964078,2.6946736499667168,2.7758986689150333,0,74
final_hybrid,2026086476,2,1,-17.0,3.0,0,0,0,0,0,0,0,0.0,50,2.3234626557677984,2.8372178319841623,2.8509902767837048,0,101
final_hybrid,2026086476,3,1,-17.0,3.0,0,0,0,0,0,0,0,0.02,50,2.295896327123046,2.6727566961199045,2.7979090809822083,0,101
final_hybrid,2026086477,0,3,33.0,1.0,1,0,0,0,0,0,0,0.0,74,2.3990658464262613,2.9182096011936665,2.9687918722629547,0,149
final_hybrid,2026086477,1,3,-8.0,2.5,0,0,0,0,0,0,0,0.0,57,2.3468967380100176,2.8654866851866245,2.8961137868463993,0,114
final_hybrid,2026086477,2,3,-22.0,4.0,0,0,1,14,0,0,0,0.013333333333333334,75,2.286350646366676,2.7073975186794996,2.8403853066265583,0,151
final_hybrid,2026086477,3,3,-18.0,4.0,0,0,1,10,0,0,0,0.04225352112676056,71,2.267475056291466,2.654310083016753,2.756001427769661,0,141
final_hybrid,2026086478,0,3,-17.0,3.0,0,0,0,0,0,0,0,0.022727272727272728,44,2.3602298249236564,2.683972171507776,2.7834507636725903,0,89
final_hybrid,2026086478,1,3,-8.0,2.5,0,0,0,0,0,0,0,0.0196078431372549,51,2.3120570306976638,2.751448191702366,2.7839639224112034,0,102
final_hybrid,2026086478,2,3,-8.0,2.5,0,0,0,0,0,0,0,0.0125,80,2.297980454750359,2.7502240147441626,2.8647156432271004,0,160
final_hybrid,2026086478,3,3,-18.0,3.0,0,0,0,0,0,0,0,0.025,80,2.31807897798717,2.810844616033137,3.32300690934062,0,161
final_hybrid,2026086479,0,3,-8.0,2.5,0,0,0,0,0,0,0,0.0,56,2.369971455274416,2.817697823047638,2.8405296616256237,0,112
final_hybrid,2026086479,1,3,-8.0,2.5,0,0,0,0,0,0,0,0.05357142857142857,56,2.3131838367719735,2.6749426033347845,2.751630265265703,0,112
final_hybrid,2026086479,2,3,0.0,2.5,0,0,0,0,0,1,1,0.022727272727272728,88,2.295405413447456,2.7212578104808927,2.82089039683342,0,176
final_hybrid,2026086479,3,3,0.0,2.5,0,0,0,0,0,1,1,0.023255813953488372,86,2.2951739482841518,2.767304773442447,2.816237974911928,0,172
final_hybrid,2026086480,0,0,-19.0,3.0,0,0,0,0,0,0,0,0.06896551724137931,29,2.3338020265359303,2.661736216396093,2.842429094016552,0,59
final_hybrid,2026086480,1,0,-19.0,3.0,0,0,0,0,0,0,0,0.0,31,2.377157580227621,2.8919773176312447,2.9496997594833374,0,63
final_hybrid,2026086480,2,0,57.0,1.0,1,1,0,0,0,0,0,0.03333333333333333,30,2.30698313874503,2.728789672255516,2.8105098754167557,0,59
final_hybrid,2026086480,3,0,-19.0,3.0,0,0,0,0,0,0,0,0.034482758620689655,29,2.338935797712926,2.876984514296055,2.913789823651314,0,59
final_hybrid,2026086481,0,0,-23.0,3.0,0,0,0,0,0,0,0,0.058823529411764705,51,2.3537820716406785,2.711005276069045,3.4023248590528965,0,103
final_hybrid,2026086481,1,0,-8.0,2.5,0,0,0,0,0,0,0,0.017241379310344827,58,2.32408852477012,2.704610605724156,2.7574640698730946,0,116
final_hybrid,2026086481,2,0,-8.0,2.5,0,0,0,0,0,0,0,0.030303030303030304,66,2.3085212292657658,2.823428250849247,2.889117691665888,0,132
final_hybrid,2026086481,3,0,-8.0,2.5,0,0,0,0,0,0,0,0.0,65,2.3469309394176188,2.9028015211224556,3.3129658550024033,0,130
final_hybrid,2026086482,0,2,34.0,1.0,1,0,0,0,0,0,0,0.025,40,2.3610807838849723,2.794689266011119,2.8117187321186066,0,80
final_hybrid,2026086482,1,2,46.0,1.0,1,0,0,0,0,0,0,0.011764705882352941,85,2.344801978153341,2.8166276402771473,2.906491979956627,0,170
final_hybrid,2026086482,2,2,-8.0,2.5,0,0,0,0,0,0,0,0.0,42,2.324318302617896,2.7916523860767484,3.2044840045273304,0,84
final_hybrid,2026086482,3,2,-18.0,3.0,0,0,0,0,0,0,0,0.0,32,2.3205719626275823,2.7883960399776697,2.802805043756962,0,65
final_hybrid,2026086483,0,2,63.0,1.0,1,1,0,0,0,0,0,0.04,50,2.3273353464901447,2.653238922357559,2.7688657864928246,0,99
final_hybrid,2026086483,1,2,-8.0,2.5,0,0,0,0,0,0,0,0.044444444444444446,45,2.327766435013877,2.7018741704523563,2.7170442044734955,0,90
final_hybrid,2026086483,2,2,-8.0,2.5,0,0,0,0,0,0,0,0.0,76,2.3477400689826986,2.8371107764542103,3.0178590677678585,0,153
final_hybrid,2026086483,3,2,32.0,1.0,1,0,0,0,0,0,0,0.041666666666666664,48,2.303435622404019,2.8006110806018114,2.913213334977627,0,96
final_hybrid,2026086484,0,3,-8.0,2.5,0,0,0,0,0,0,0,0.0,27,2.4406380123562283,2.8444099240005016,3.469523973762989,0,54
final_hybrid,2026086484,1,3,-16.0,4.0,0,0,1,8,0,0,0,0.02702702702702703,37,2.3356231583936795,2.8052184730768204,2.8648902662098408,0,74
final_hybrid,2026086484,2,3,-8.0,2.5,0,0,0,0,0,0,0,0.0,30,2.324083913117647,2.7465696446597576,3.2264962792396545,0,60
final_hybrid,2026086484,3,3,-8.0,2.5,0,0,0,0,0,0,0,0.0,22,2.372094959189946,2.8520400170236826,3.462193999439478,0,44
final_hybrid,2026086485,0,0,54.0,1.0,1,0,0,0,0,0,0,0.0,24,2.471414724520097,2.8268947498872876,3.878144081681967,0,48
final_hybrid,2026086485,1,0,-34.0,3.0,0,0,0,0,0,0,0,0.0,33,2.363132778555155,2.774268575012684,2.8209667652845383,0,67
final_hybrid,2026086485,2,0,-34.0,3.0,0,0,0,0,0,0,0,0.030303030303030304,33,2.308265291944598,2.8069034218788147,2.830718643963337,0,67
final_hybrid,2026086485,3,0,-8.0,2.5,0,0,0,0,0,0,0,0.041666666666666664,24,2.3268118772345283,2.7610934805125,2.7840002439916134,0,48
final_hybrid,2026086486,0,1,-8.0,2.5,0,0,0,0,0,0,0,0.0392156862745098,51,2.386094554893526,2.7989086229354143,2.8321659192442894,0,102
final_hybrid,2026086486,1,1,-39.0,3.0,0,0,0,0,0,0,0,0.025,40,2.350609516724944,2.8580528683960438,3.2619182020425797,0,81
final_hybrid,2026086486,2,1,-33.0,4.0,0,0,1,25,0,0,0,0.0392156862745098,51,2.2948885829571415,2.706980099901557,2.7404213324189186,0,102
final_hybrid,2026086486,3,1,49.0,1.0,1,0,0,0,0,0,0,0.0196078431372549,51,2.2857781116138485,2.695272909477353,2.7730418369174004,0,102
final_hybrid,2026086487,0,3,-16.0,4.0,0,0,1,8,0,0,0,0.0,64,2.4101698290905915,2.8739773435518146,3.0040000565350056,0,128
final_hybrid,2026086487,1,3,-8.0,2.5,0,0,0,0,0,0,0,0.031746031746031744,63,2.3233388875803302,2.70647881552577,2.731367014348507,0,126
final_hybrid,2026086487,2,3,-8.0,2.5,0,0,0,0,0,0,0,0.02564102564102564,78,2.293020534591797,2.6673481101170173,3.6779921501874924,0,156
final_hybrid,2026086487,3,3,84.0,1.0,1,1,0,0,0,0,0,0.05,40,2.306179061997682,2.795779029838741,3.554779104888439,0,79
final_hybrid,2026086488,0,1,48.0,1.0,1,0,0,0,0,0,0,0.0,43,2.388429015788228,2.828141301870346,2.8471597470343113,0,86
final_hybrid,2026086488,1,1,-21.0,3.0,0,0,0,0,0,0,0,0.0425531914893617,47,2.307399235507275,2.6971270330250263,2.7295551262795925,0,95
final_hybrid,2026086488,2,1,-8.0,2.5,0,0,0,0,0,0,0,0.06976744186046512,43,2.3160529496191544,2.751445770263672,3.1607109121978283,0,86
final_hybrid,2026086488,3,1,63.0,1.0,1,1,0,0,0,0,0,0.020833333333333332,48,2.334240542647118,2.8941957745701075,2.910396084189415,0,95
final_hybrid,2026086489,0,1,54.0,1.0,1,1,0,0,0,0,0,0.03278688524590164,61,2.363793750400426,2.7247611433267593,2.787903882563114,0,121
final_hybrid,2026086489,1,1,-8.0,2.5,0,0,0,0,0,0,0,0.016666666666666666,60,2.3250119760632515,2.749921288341284,2.8271940536797047,0,120
final_hybrid,2026086489,2,1,-32.0,4.0,0,0,1,24,0,0,0,0.01694915254237288,59,2.3225219052095536,2.738458849489689,2.8330981731414795,0,118
final_hybrid,2026086489,3,1,72.0,1.0,1,1,0,0,0,0,0,0.012048192771084338,83,2.3699441745159135,2.89378110319376,3.435686230659485,0,165
final_hybrid,2026086490,0,1,39.0,1.0,1,0,0,0,0,0,0,0.05714285714285714,70,2.340516567762409,2.6047993917018175,4.190443083643913,0,140
final_hybrid,2026086490,1,1,0.0,2.5,0,0,0,0,0,1,0,0.0,83,2.3793036746511977,2.8650236781686544,4.953211173415184,0,167
final_hybrid,2026086490,2,1,-8.0,2.5,0,0,0,0,0,0,0,0.02702702702702703,74,2.3372635069127017,2.782800584100187,4.272791091352701,0,148
final_hybrid,2026086490,3,1,-8.0,2.5,0,0,0,0,0,0,0,0.0,85,2.309398873544791,2.863060124218464,2.910866867750883,0,170
final_hybrid,2026086491,0,3,57.0,1.0,1,1,0,0,0,0,0,0.06896551724137931,29,2.3114683331343633,2.6790722273290153,2.7435747906565666,0,57
final_hybrid,2026086491,1,3,-21.0,4.0,0,0,1,13,0,0,0,0.0,44,2.344218812967566,2.7642804430797696,2.964859362691641,0,88
final_hybrid,2026086491,2,3,-20.0,3.0,0,0,0,0,0,0,0,0.0,28,2.360726806468197,2.8896389063447714,3.2692807726562023,0,57
final_hybrid,2026086491,3,3,-8.0,2.5,0,0,0,0,0,0,0,0.05128205128205128,39,2.285699861553999,2.7323706541210413,2.9929839074611664,0,78
final_hybrid,2026086492,0,1,-8.0,2.5,0,0,0,0,0,0,0,0.0,29,2.399674472238483,2.886789944022894,2.928654197603464,0,58
final_hybrid,2026086492,1,1,-8.0,2.5,0,0,0,0,0,0,0,0.0,29,2.3309439260127216,2.8001262806355953,2.8210957534611225,0,58
final_hybrid,2026086492,2,1,-20.0,4.0,0,0,1,12,0,0,0,0.034482758620689655,29,2.3329172058609027,2.7598698623478413,2.767080906778574,0,58
final_hybrid,2026086492,3,1,36.0,1.0,1,0,0,0,0,0,0,0.0,29,2.341527539979795,2.872850000858307,3.571809735149145,0,58
final_hybrid,2026086493,0,3,-8.0,2.5,0,0,0,0,0,0,0,0.0273972602739726,73,2.351588556823665,2.6973141357302666,2.8222701512277126,0,145
final_hybrid,2026086493,1,3,40.0,1.0,1,0,0,0,0,0,0,0.0,41,2.4036567022160784,3.497755154967308,3.5897037014365196,0,83
final_hybrid,2026086493,2,3,0.0,2.5,0,0,0,0,0,1,0,0.012345679012345678,81,2.3425480258869538,2.8583453968167305,3.488359972834587,0,163
final_hybrid,2026086493,3,3,99.0,1.0,1,1,0,0,0,0,0,0.015151515151515152,66,2.290731168944727,2.716328017413616,2.7771079912781715,0,132
final_hybrid,2026086494,0,1,36.0,1.0,1,0,0,0,0,0,0,0.03225806451612903,62,2.405134420241079,2.74067185819149,5.1107630133628845,0,125
final_hybrid,2026086494,1,1,-34.0,3.0,0,0,0,0,0,0,0,0.015151515151515152,66,2.348546644277645,2.8147767297923565,2.950287889689207,0,134
final_hybrid,2026086494,2,1,99.0,1.0,1,1,0,0,0,0,0,0.0,47,2.3003813632308168,2.6967744808644056,2.707327716052532,0,93
final_hybrid,2026086494,3,1,-31.0,4.0,0,0,1,23,0,0,0,0.05555555555555555,36,2.288128456307782,2.6628493797034025,2.7666306123137474,0,73
final_hybrid,2026086495,0,3,-21.0,3.0,0,0,0,0,0,0,0,0.05,20,2.4003144819289446,2.7965459041297436,2.8195371851325035,0,41
final_hybrid,2026086495,1,3,63.0,1.0,1,1,0,0,0,0,0,0.0,21,2.339262493132126,2.8457380831241608,2.8571998700499535,0,41
final_hybrid,2026086495,2,3,-21.0,3.0,0,0,0,0,0,0,0,0.0,20,2.369570010341704,2.906592632643879,3.286127932369709,0,41
final_hybrid,2026086495,3,3,-21.0,3.0,0,0,0,0,0,0,0,0.05,20,2.273609722033143,2.6598926866427064,2.749280072748661,0,41
final_hybrid,2026086496,0,2,60.0,1.0,1,1,0,0,0,0,0,0.0,51,2.4022924823357776,2.901303581893444,2.9486040584743023,0,101
final_hybrid,2026086496,1,2,32.0,1.0,1,0,0,0,0,0,0,0.018518518518518517,54,2.338798802897886,2.7706830762326717,3.3552716486155987,0,108
final_hybrid,2026086496,2,2,66.0,1.0,1,1,0,0,0,0,0,0.043478260869565216,69,2.2790495414232863,2.7108084410428996,2.806323114782572,0,137
final_hybrid,2026086496,3,2,-20.0,3.0,0,0,0,0,0,0,0,0.041666666666666664,48,2.329924958758056,2.7820815332233906,4.544678144156933,0,97
final_hybrid,2026086497,0,3,-20.0,4.0,0,0,1,12,0,0,0,0.045454545454545456,22,2.4173426526513966,2.795604686252773,3.1044958159327507,0,44
final_hybrid,2026086497,1,3,-8.0,2.5,0,0,0,0,0,0,0,0.045454545454545456,22,2.308149758557027,2.798982383683324,2.810620702803135,0,44
final_hybrid,2026086497,2,3,-8.0,2.5,0,0,0,0,0,0,0,0.0,22,2.2714431820945307,2.774002216756344,2.7870540507137775,0,44
final_hybrid,2026086497,3,3,36.0,1.0,1,0,0,0,0,0,0,0.18181818181818182,22,2.2686526856639166,2.5681889848783612,2.68456619232893,0,44
final_hybrid,2026086498,0,1,36.0,1.0,1,0,0,0,0,0,0,0.0,36,2.394473865731723,2.8898820746690035,2.984527964144945,0,72
final_hybrid,2026086498,1,1,36.0,1.0,1,0,0,0,0,0,0,0.04878048780487805,41,2.2993780695265387,2.7128420770168304,2.7407901361584663,0,82
final_hybrid,2026086498,2,1,-20.0,3.0,0,0,0,0,0,0,0,0.0,36,2.3743084683600397,2.9451389564201236,3.0430867336690426,0,73
final_hybrid,2026086498,3,1,-20.0,4.0,0,0,1,12,0,0,0,0.05555555555555555,36,2.278044612871276,2.7203881181776524,2.7878968976438046,0,72
final_hybrid,2026086499,0,2,-16.0,4.0,0,0,1,8,0,0,0,0.034482758620689655,29,2.3742538298769245,2.7809390798211098,2.829737961292267,0,59
final_hybrid,2026086499,1,2,32.0,1.0,1,0,0,0,0,0,0,0.03125,32,2.3553278006147593,2.8022527461871505,2.841788809746504,0,63
final_hybrid,2026086499,2,2,34.0,1.0,1,0,0,0,0,0,0,0.03773584905660377,53,2.271315891225383,2.614824380725622,2.6648216880857944,0,107
final_hybrid,2026086499,3,2,-8.0,2.5,0,0,0,0,0,0,0,0.0,31,2.3148865739424385,2.8054502326995134,2.8207111172378063,0,63
